tree
version=v4
num_class=1
num_tree_per_iteration=1
label_index=0
max_feature_idx=16
objective=quantile
feature_names=ret_1d ret_5d ret_20d overnight_gap atr_pct parkinson_20 dvol_z_20 dist_ma20 dist_ma50 dist_ma200 spy_ret_1d spy_ret_5d spy_ret_20d vix_level vix_chg_1d sector_ret_1d sector_ret_5d
feature_infos=[-0.5314018869722672:0.31114662817075689] [-0.55344655344655336:0.7406989853438557] [-0.58708431306684572:1.2426337943475647] [-0.43441388602678932:0.21517185275574535] [0.0084066071428571219:0.14726875426005373] [0.0054813407373672761:0.13389215147615091] [-2.8216614634256327:4.3534601122584604] [-0.55430669174465763:0.5710628203335566] [-0.58721049326541097:0.727100629285925] [-0.63561070239096851:1.4187670763216587] [-0.058542947643003718:0.10501933612632941] [-0.11496158439845272:0.082843216242346029] [-0.12265592443394913:0.15756596870864792] [11.859999656677246:52.330001831054688] [-0.35753873962348437:0.74039073966007019] [-0.073180960369049974:0.075364298724954315] [-0.12187673514714059:0.078003457216940353]
tree_sizes=2879 2976 2977 3022 2978 3029 2996 3024 3045 3015 3005 3029 3031 2984 3017 3025 3001 3005 3039 3008 3008 3014 3034 3020 3009 3036 3023 3006 3053 3010 2966 2991 3015 2970 3014 3037 3007 3027 2998 2989 3011 3033 3046 3022 3054 3075 3023 3025 2984 3071 3034 3026 3038 3017 3014 3035

Tree=0
num_leaves=31
num_cat=0
split_feature=4 12 10 4 10 4 16 13 13 10 3 13 12 12 10 10 4 16 6 13 13 13 3 13 16 16 12 1 4 6
split_gain=131.158 32.4459 26.8912 25.8296 20.6286 20.1112 9.75607 6.79924 7.14145 6.73247 6.58812 7.28827 13.2738 9.64053 6.37594 6.91311 5.4621 5.40755 5.26911 5.15104 5.03927 4.24933 3.71063 3.61171 3.51339 9.83118 8.32693 3.36756 3.3495 3.19945
threshold=0.03123982530763993 -0.080083523859072289 -0.010966438049946124 0.019662189343744921 -0.029463617054616639 0.043890724120045709 -0.034933523755742595 28.970000267028812 27.855000495910648 0.0038486575209699674 0.016522349312546484 26.85000038146973 -0.052281388412141021 -0.0077541062485576564 0.012727051103036626 0.0090796320143422555 0.059975737414961899 -0.014220733618935942 0.49492841846270902 33.719999313354499 21.954999923706058 17.994999885559086 -0.03433415381658194 30.345000267028812 -0.0024271822667776273 -0.004548480555311484 0.022394613632646724 -0.059892318818763106 0.047753545817047396 0.33217154732560278
decision_type=2 2 2 2 2 2 2 2 2 2 2 2 2 2 2 2 2 2 2 2 2 2 2 2 2 2 2 2 2 2
left_child=3 2 4 21 -2 29 9 8 14 10 11 12 -5 -14 15 16 20 -17 23 -9 -7 -1 -18 -8 25 -23 -27 -22 -4 -3
right_child=1 5 28 6 -6 7 18 19 -10 -11 -12 -13 13 -15 -16 17 22 -19 -20 -21 27 24 -24 -25 -26 26 -28 -29 -30 -31
leaf_value=0.018593366934748612 0.01891596939238608 0.019138801480560585 0.01895127917958761 0.019898756732330346 0.023614113464583131 0.020045148152323233 0.018800152124202295 0.018590086445420605 0.02027807961378101 0.018491988587806828 0.01993978067177642 0.018750250388338618 0.018917574600147924 0.019439357114737144 0.01901920836568536 0.021142684326354376 0.022506088919956646 0.021058837009146347 0.018965628276360412 0.019497779165301023 0.019845967483279936 0.018793694024480233 0.020536591318632079 0.019618892240495355 0.018629146212845983 0.021870174603819858 0.019010559889564949 0.018597385493223241 0.019446551313939332 0.019385425841190018
leaf_weight=16551 40 3662 103 80 140 1010 17738 243 56 243 40 272 342 205 233 43 61 154 5566 91 80 2195 589 80 1892 72 165 206 70 1440
leaf_count=16551 40 3662 103 80 140 1010 17738 243 56 243 40 272 342 205 233 43 61 154 5566 91 80 2195 589 80 1892 72 165 206 70 1440
internal_value=0.0188504 0.024662 0.0394917 0.017799 0.053021 0.0239967 0.0188979 0.0274299 0.0283486 0.0233298 0.0252494 0.024366 0.0273312 0.024549 0.0279326 0.0287867 0.0278831 0.0377122 0.0186738 0.0207405 0.0260071 0.0165058 0.0316235 0.0182544 0.0179015 0.0191586 0.0288332 0.020148 0.025415 0.0221354
internal_weight=53662 8221 353 45441 180 7868 24566 2766 2432 1182 939 899 627 547 2376 2143 1946 197 23384 334 1296 20875 650 17818 4324 2432 237 286 173 5102
internal_count=53662 8221 353 45441 180 7868 24566 2766 2432 1182 939 899 627 547 2376 2143 1946 197 23384 334 1296 20875 650 17818 4324 2432 237 286 173 5102
is_linear=0
shrinkage=1


Tree=1
num_leaves=31
num_cat=0
split_feature=4 12 10 4 4 5 11 11 10 3 13 13 3 11 10 13 16 16 13 10 13 9 13 10 16 13 12 13 16 10
split_gain=107.455 31.7746 33.3694 26.8327 16.4134 9.66178 9.09105 7.80233 8.4537 6.82559 6.76723 6.69638 5.6347 7.02437 5.07702 4.5296 4.48233 18.924 4.55813 12.1603 4.45857 5.15545 15.6807 7.30133 4.84448 5.59701 6.20703 4.64024 4.38697 5.75787
threshold=0.03123982530763993 -0.075828254732232245 -0.0018123893917819098 0.021715136469089461 0.051221105145548729 0.020927406402465983 -0.0078155489533487926 -0.023324980459216712 0.0033676747236286446 0.0039085967422074494 28.970000267028812 27.855000495910648 0.0091778049023574244 -0.025492128925019227 0.013109315021302749 20.980000495910648 -0.0027699273794946628 -0.004548480555311484 14.715000152587892 0.0017576081132453238 21.954999923706058 0.20827009755505702 23.965000152587894 -0.0014526684258500675 -0.023170361797710256 19.329999923706058 -0.0080596862952704278 21.724999427795414 -0.0027699273794946628 0.0094657139240660344
decision_type=2 2 2 2 2 2 2 2 2 2 2 2 2 2 2 2 2 2 2 2 2 8 2 2 2 2 2 2 2 2
left_child=3 2 5 6 20 9 16 8 12 -2 11 14 13 -5 28 -14 17 18 19 -1 24 -22 -23 -24 25 -3 -27 -26 29 -6
right_child=1 4 -4 7 10 -7 -8 -9 -10 -11 -12 -13 15 -15 -16 -17 -18 -19 -20 -21 21 22 23 -25 27 26 -28 -29 -30 -31
leaf_value=2.634047220766988e-05 0.00052840561503234571 0.00011515908099838882 0.00011496983151506975 0.00012973215343659866 0.0016970463450147852 0.0039473105878055177 -0.0002227570877386078 2.2539962566728732e-05 -0.00050994956562543233 0.0019407296461401028 8.6836885646164038e-05 0.0013997430498393481 7.9578920050673956e-05 0.00056147635329216081 -4.7942734362176405e-05 0.00093912649670764624 -0.00022645846535740053 0.0022103498171888746 -3.5296047383150987e-05 0.00084714349294457651 -3.4665594176551644e-05 -0.0006089721491034988 0.001012323241075078 0.0014174430350903234 0.00040847312352376746 0.0002943119461001481 0.001218996848268854 0.0014848459790951433 0.0012342545135668678 0.0027823489244680677
leaf_weight=223 75 152 175 844 545 145 22272 15993 252 46 243 48 51 271 131 95 1346 135 3725 59 1306 145 75 50 4050 142 92 81 746 41
leaf_count=223 75 152 175 844 545 145 22272 15993 252 46 243 48 51 271 131 95 1346 135 3725 59 1306 145 75 50 4050 142 92 81 746 41
internal_value=-5.0791e-05 0.0051834 0.0182426 -0.00100915 0.00444947 0.0293985 -0.00197587 0.000523819 0.00395572 0.0189669 0.00871152 0.00995698 0.00562649 0.00441704 0.00935407 0.014863 -0.000153062 0.000661515 4.11767e-05 0.00617021 0.00322255 0.00093274 0.00722222 0.0202 0.00402147 0.00937824 0.0142308 0.00352094 0.0102778 0.0135154
internal_weight=53554 8288 441 45266 7847 266 27760 17506 1513 121 1754 1511 1261 1115 1463 146 5488 4142 4007 282 6093 1576 270 125 4517 386 234 4131 1332 586
internal_count=53554 8288 441 45266 7847 266 27760 17506 1513 121 1754 1511 1261 1115 1463 146 5488 4142 4007 282 6093 1576 270 125 4517 386 234 4131 1332 586
is_linear=0
shrinkage=0.05


Tree=2
num_leaves=31
num_cat=0
split_feature=4 12 4 4 13 16 11 11 2 9 6 6 3 12 12 16 16 9 0 11 3 11 6 5 6 12 6 8 3 8
split_gain=105.644 31.5651 20.3543 18.5735 14.9592 16.2009 15.6894 9.88372 5.54425 5.45565 5.33528 5.25946 4.75641 7.04621 6.24594 11.161 4.53971 4.14423 3.69456 3.55873 3.42917 5.95358 3.25891 3.10345 3.07378 2.96609 2.89344 2.87718 2.83845 2.79787
threshold=0.028854880232296827 -0.080083523859072289 0.018245893756371232 0.043890724120045709 49.655000686645515 -0.044876723421484459 -0.022024013564940267 -0.022024013564940267 -0.22168309488138296 0.13980993646973597 -0.23724335189884091 1.4899927811737523 0.0084950335726901045 -0.019977139710358579 0.0011335469917099774 -0.01772468776728536 0.0078902681549852822 -0.086154992155715357 -0.010896425258547502 -0.0075284506861215674 0.0025821935154508595 -0.035697705395590577 0.54549947079870165 0.028400419109250379 -0.29743789405371296 -0.052281388412141021 2.7686866833382786 -0.021843138610764198 -0.0094151795378391561 -0.083809051741620275
decision_type=2 2 2 2 2 2 2 2 2 10 2 2 2 2 2 2 2 10 2 2 2 2 2 2 2 2 2 10 2 8
left_child=2 4 19 11 5 -2 -7 12 16 26 -9 17 14 27 20 18 28 -3 -16 -1 -4 24 -23 -8 -22 29 -10 -14 -5 -13
right_child=1 3 7 8 -6 6 23 10 9 -11 -12 25 13 -15 15 -17 -18 -19 -20 -21 21 22 -24 -25 -26 -27 -28 -29 -30 -31
leaf_value=-7.9748971127435665e-05 4.4523486146943347e-05 0.00035499098239633178 -2.4202824397355079e-05 0.0019723311325890516 0.0060907547363658471 0.00080556005513117424 9.9539320077970175e-05 -0.00012753736402191252 0.00062133288835139336 0.0015699593315292326 6.1223994799822418e-06 0.00037179763310697114 0.00096846078327709985 5.1147319996297421e-05 0.00036376567891102283 -0.00016604223950851006 0.00067780899652401892 0.00010981179731551097 0.00062101046712488778 -0.0002698467055069445 0.00069435706812535707 -1.7739277585074962e-05 0.0004694764961025498 0.00058210259390391577 0.00050616917414994511 0.00068228280181775508 0.0024211035937552164 0.00058638215631367228 0.0015806034406745995 0.0012466542928181233
leaf_weight=2999 132 3017 1356 107 50 103 58 12303 1689 651 12544 43 67 134 70 111 98 3592 76 12859 40 320 98 40 54 651 44 77 142 40
leaf_count=2999 132 3017 1356 107 50 103 58 12303 1689 651 12544 43 67 134 70 111 98 3592 76 12859 40 320 98 40 54 651 44 77 142 40
internal_value=-9.84797e-05 0.00440996 -0.00119212 0.00387433 0.0184987 0.0146697 0.023607 -0.000363304 0.00739473 0.00653523 -0.000659437 0.00256503 0.00269871 0.00884892 0.00189412 0.00920233 0.0132997 0.00211908 0.0182877 -0.00261635 0.00088865 0.004375 0.00181818 0.00928571 0.0157447 0.00658038 0.00506924 0.0165278 0.0168875 0.0154819
internal_weight=53565 10457 43108 10074 383 333 201 27250 2731 2384 24847 7343 2403 278 2125 257 347 6609 146 15858 1868 512 418 98 94 734 1733 144 249 83
internal_count=53565 10457 43108 10074 383 333 201 27250 2731 2384 24847 7343 2403 278 2125 257 347 6609 146 15858 1868 512 418 98 94 734 1733 144 249 83
is_linear=0
shrinkage=0.05


Tree=3
num_leaves=31
num_cat=0
split_feature=13 8 9 12 16 13 11 7 11 0 8 13 6 10 11 14 16 16 3 1 12 10 14 13 3 11 2 14 11 12
split_gain=46.8536 36.2341 17.45 13.7862 20.0637 13.0232 9.36866 8.44732 7.76724 7.75757 6.54237 6.01782 5.50369 5.34488 5.85799 11.7122 6.47979 7.62524 6.00155 5.78206 5.03997 5.68356 23.0567 5.79636 4.71982 5.95443 6.68897 4.65281 5.46185 23.1129
threshold=49.655000686645515 -0.072411182636050217 0.3717027152028976 -0.075828254732232245 -0.044876723421484459 17.914999961853031 -0.023324980459216712 -0.13661706501350626 -0.036898876616972491 0.016736948793668719 -0.072411182636050217 23.409999847412113 0.62217799364720672 0.001595000535659419 0.035212880845506785 0.065842641676127869 -0.00026628406280482236 -0.0042621193066445509 0.0056475416917411989 0.0018726163274295218 0.12832311621465078 0.0070711772695752914 -0.0043060965648996632 17.994999885559086 -0.011749835529021589 -0.022310337551763478 -0.038147089186619847 -0.12635401997537379 -0.0033089038449953807 0.0061046403867389696
decision_type=2 8 10 2 2 2 2 2 2 2 10 2 2 2 2 2 2 2 2 2 2 2 2 2 2 2 2 2 2 2
left_child=1 3 5 4 -1 9 -6 11 -7 12 -10 -5 -3 14 16 19 17 24 -19 -16 21 23 27 -15 25 26 -12 -23 29 -29
right_child=-2 2 -4 7 6 8 -8 -9 10 -11 13 -13 -14 20 15 -17 -18 18 -20 -21 -22 22 -24 -25 -26 -27 -28 28 -30 -31
leaf_value=7.437171594135966e-05 0.0056601836525074665 -0.0001702687873972152 0.0011867698125580571 0.0010936686010580179 0.00094924902109689245 0.00044754610643405921 0.00049520308919283925 0.00026634561077552133 -0.0002555890029289794 8.709457998256465e-05 0.00024375389170991693 0.0016839225128039666 -8.2522592001325555e-06 0.000498616294324469 0.00088215503241041336 0.0013095668720382696 -9.3618895829789659e-05 0.00042774485877761551 0.0013350834421451741 3.4440400835731545e-05 0.00042434581030126789 -0.00038023362548320961 0.00083189776523323079 -0.00031769562169310449 7.7153840791734844e-05 0.00012764263281084045 0.00094691612861923452 8.5546625577462916e-05 -2.6406552079394141e-05 0.0053443781504671703
leaf_weight=179 64 23740 654 215 107 550 83 4459 1682 3728 75 83 5213 64 40 56 2691 316 42 223 66 596 56 2139 3847 267 104 532 1660 63
leaf_count=179 64 23740 654 215 107 550 83 4459 1682 3728 75 83 5213 64 40 56 2691 316 42 223 66 596 56 2139 3847 267 104 532 1660 63
internal_value=-9.9266e-05 -0.000150384 -0.000573714 0.00384705 0.0131572 -0.000684818 0.0244737 0.00312487 0.000531222 -0.00124553 0.000310282 0.0112752 -0.00152195 0.000694476 0.00153309 0.00816614 0.00124489 0.00237476 0.00938547 0.00374525 -0.000546755 -0.000724072 0.000727553 -0.00263958 0.00179012 0.00665919 0.0137151 0.000103471 0.00114191 0.0052521
internal_weight=53594 53530 48404 5126 369 47750 190 4757 15069 32681 14519 298 28953 12837 7661 319 7342 4651 358 263 5176 5110 2907 2203 4293 446 179 2851 2255 595
internal_count=53594 53530 48404 5126 369 47750 190 4757 15069 32681 14519 298 28953 12837 7661 319 7342 4651 358 263 5176 5110 2907 2203 4293 446 179 2851 2255 595
is_linear=0
shrinkage=0.05


Tree=4
num_leaves=31
num_cat=0
split_feature=4 13 4 4 6 13 4 6 1 13 8 15 15 6 3 1 4 8 13 16 5 16 5 0 3 14 16 16 13 8
split_gain=86.4899 41.0507 18.6665 16.6533 4.70074 5.58742 4.67933 4.14179 3.92331 3.70767 3.58163 3.09436 4.10184 3.25338 3.06909 3.44308 2.98944 2.89237 3.15925 3.93026 2.77168 6.65672 5.49603 2.57781 4.25693 2.45216 2.43259 3.94488 2.40852 2.88031
threshold=0.027238801675260115 49.655000686645515 0.043890724120045709 0.017831649774801013 0.93532405443460698 12.230000019073488 0.059975737414961899 1.9167569572374301 0.035903445970049137 30.345000267028812 -0.046373072941258579 0.0070158226506684693 0.0060397452224838508 -0.43854740044256629 0.020412793066409866 -0.07434828463222086 0.022055152413019519 -0.11740278857907936 33.719999313354499 -0.037661783544991161 0.025000907195812536 0.021082496193039705 0.030212531487534021 0.0046323150323527304 0.017480373177662493 -0.10344834121785244 -0.011546932244346607 -0.044876723421484459 18.394999504089359 0.10661259777995126
decision_type=2 2 2 2 2 2 2 2 2 2 10 2 2 2 2 2 2 8 2 2 2 2 2 2 2 2 2 2 2 8
left_child=3 2 7 -1 9 -6 11 17 14 16 -11 12 13 -4 25 -16 28 26 20 -20 23 22 -22 24 -19 -8 27 -2 -5 -30
right_child=1 -3 6 4 5 -7 8 -9 -10 10 -12 -13 -14 -15 15 -17 -18 18 19 -21 21 -23 -24 -25 -26 -27 -28 -29 29 -31
leaf_value=-0.00022077549587588963 -7.2809233505266406e-05 0.0055658726008595534 0.00034527646382734474 -0.00014871627000786404 0.0025050728550898372 8.1724188374604224e-05 -0.00025331165581354387 0.00066028529596696538 0.0012089253354588048 0.00068772347632648715 -2.6564462853064075e-05 0.00020245632635138263 0.0017699741318962315 0.00095971757944393024 0.0012501032816424566 0.0019831787493185039 -1.1947240528961505e-05 0.00017847111414844686 -8.533852597005824e-05 0.00050474927652745596 0.00058907008349392111 -0.00029311789613722152 0.00080422094418425641 1.9522853719935783e-05 0.00071186706124270528 0.0014208439543341555 0.00026384546743930034 0.0006593855767212805 4.112846585886028e-05 -0.00034200029411476322
leaf_weight=14341 100 64 586 9202 41 4261 43 677 308 49 42 536 51 710 49 76 9974 4346 58 65 364 223 63 3088 48 567 383 256 2348 490
leaf_count=14341 100 64 586 9202 41 4261 43 677 308 49 42 536 51 710 49 76 9974 4346 58 65 364 223 63 3088 48 567 383 256 2348 490
internal_value=-0.000115057 0.00349459 0.00329166 -0.00123663 -0.000491727 0.00102045 0.00679084 0.00223296 0.00947747 -0.000786022 0.00928571 0.00530271 0.00658129 0.00603395 0.0114626 0.0186 -0.000827656 0.00194908 0.0016808 0.00963415 0.0015605 0.00469231 0.00834894 0.00128842 0.00206645 0.01 0.00494587 0.00792135 -0.00135797 -8.45678e-05
internal_weight=53409 12661 12597 40748 26407 4302 2926 9671 1043 22105 91 1883 1347 1296 735 125 22014 8994 8255 123 8132 650 427 7482 4394 610 739 356 12040 2838
internal_count=53409 12661 12597 40748 26407 4302 2926 9671 1043 22105 91 1883 1347 1296 735 125 22014 8994 8255 123 8132 650 427 7482 4394 610 739 356 12040 2838
is_linear=0
shrinkage=0.05


Tree=5
num_leaves=31
num_cat=0
split_feature=4 12 10 4 4 3 16 11 6 10 10 10 15 15 15 16 10 16 3 6 8 5 12 11 11 15 11 9 11 11
split_gain=83.2197 23.3265 22.7395 17.3393 11.2474 11.1709 9.12785 6.12694 4.90708 4.82773 9.47151 8.04132 13.3875 6.3571 6.87342 7.91202 6.32122 4.66296 4.48579 4.33075 4.24377 3.98435 3.88597 3.62708 5.46752 3.5869 3.58198 3.42694 4.95544 12.3325
threshold=0.028854880232296827 -0.075828254732232245 -0.0018123893917819098 0.018245893756371232 0.047753545817047396 0.017480373177662493 -0.044876723421484459 -0.0078155489533487926 0.37143329817181209 0.0025358686375718258 -0.0072745157566194698 0.011869718420407295 0.0098217978943738755 -0.0092865684684994548 0.0027654380575841135 0.0020364420469241033 -0.0067260257632843481 -0.029736992346292731 -0.0033844697191375279 1.1034600529517855 0.012807745101478975 0.030212531487534021 0.028818741117549677 0.025024628746897374 0.021459813769517781 -0.029472540924467269 -0.023324980459216712 -0.071416207825192188 0.021459813769517781 0.021985300450528603
decision_type=2 2 2 2 2 2 2 2 2 2 2 2 2 2 2 2 2 2 2 2 10 2 2 2 2 2 2 10 2 2
left_child=3 2 5 -1 19 6 -2 9 -9 10 26 -11 20 17 16 18 -15 -12 -16 27 -13 -4 23 24 -6 -21 -5 28 -3 -30
right_child=1 4 21 7 22 -7 -8 8 -10 11 13 12 -14 14 15 -17 -18 -19 -20 25 -22 -23 -24 -25 -26 -27 -28 -29 29 -31
leaf_value=-0.00020451328879353607 0.00028567885861858258 0.00021914043540576458 -0.00018162780817661473 0.00014198636265324186 0.00086489036029838802 0.0048502750106930396 0.00086908615906881198 -0.00010735779343301702 4.9287460530732558e-05 -0.00030529961470448244 0.00077469145005355929 0.00096640866312074731 -0.00014696976907030798 0.0004076590168285494 0.00011568818804017078 -0.0003186613494774533 2.2623803347544388e-05 0.00030046202423982156 0.00051603947094346775 0.0010229936666053935 0.005152592716742164 0.00074470893203315157 0.0018415081702292042 2.2332881610083472e-05 0.0030654849117194866 0.00045147963344796879 -0.00020791405117962745 0.00010908428276244227 0.0012756481717838926 0.00057016968844703292
leaf_weight=15830 104 2700 153 943 1306 70 150 15136 5610 1271 107 75 238 52 139 156 1435 247 428 87 40 41 485 327 43 1002 1297 3440 48 589
leaf_count=15830 104 2700 153 943 1306 70 150 15136 5610 1271 107 75 238 52 139 156 1435 247 428 87 40 41 485 327 43 1002 1297 3440 48 589
internal_value=-0.000118491 0.00386202 0.0142085 -0.00109455 0.00332751 0.0223148 0.0174409 -0.000328256 -0.000746169 0.00102053 0.00181723 -0.00133621 0.00533994 0.00389235 0.00289593 0.00689488 0.000951579 0.010113 0.00963845 0.00244978 0.0193478 0.000670102 0.00652244 0.00538186 0.00652706 0.00537649 -0.000558037 0.00197949 0.00312107 0.00708791
internal_weight=53549 10545 518 43004 10027 324 254 27174 20746 6428 4804 1624 353 2564 2210 723 1487 354 567 7866 115 194 2161 1676 1349 1089 2240 6777 3337 637
internal_count=53549 10545 518 43004 10027 324 254 27174 20746 6428 4804 1624 353 2564 2210 723 1487 354 567 7866 115 194 2161 1676 1349 1089 2240 6777 3337 637
is_linear=0
shrinkage=0.05


Tree=6
num_leaves=31
num_cat=0
split_feature=4 13 4 4 12 6 13 11 10 3 12 12 11 13 12 16 11 11 11 11 9 11 15 15 10 16 13 13 13 3
split_gain=69.509 35.0275 20.9171 10.2918 6.62097 5.43624 4.31018 4.2992 7.17618 6.28454 4.66829 4.59833 4.27728 3.9866 4.38711 3.96255 17.7925 6.55636 4.84058 3.87902 3.35711 3.23361 2.85178 7.29545 6.26802 2.97379 2.83526 3.78122 3.80974 3.34103
threshold=0.031488843317728533 49.655000686645515 0.019662189343744921 0.059975737414961899 -0.075828254732232245 0.64182073569350939 30.345000267028812 -0.023324980459216712 0.0033676747236286446 -0.013909413656140899 0.028818741117549677 -0.075828254732232245 -0.03145344780031472 28.970000267028812 -0.052281388412141021 -0.011546932244346607 0.01723808414084094 -0.0026525623299795682 0.00023772449314352076 -0.0070947588285928389 0.3717027152028976 -0.025492128925019227 0.0025039479183847084 0.0029439136451996366 0.0017576081132453238 0.0019110219009020881 30.750000000000004 21.82499980926514 19.880000114440922 -0.0031443092038556104
decision_type=2 2 2 2 2 2 2 2 2 2 2 2 2 2 2 2 2 2 2 2 10 2 2 2 2 2 2 2 2 2
left_child=2 3 19 7 -5 6 -4 8 9 21 15 -11 -13 14 -6 16 17 26 -19 22 -12 -2 -1 24 -24 -25 27 28 -9 -30
right_child=1 -3 5 4 13 -7 -8 10 -10 11 20 12 -14 -15 -16 -17 -18 18 -20 -21 -22 -23 23 25 -26 -27 -28 -29 29 -31
leaf_value=-0.00010618856182219412 1.1627827693774551e-05 0.0052517833381276625 -3.3031787026579591e-05 0.0018846455549936605 0.0020325067541452158 0.0001335088401357907 0.00055929006857456101 -3.2082350800427405e-05 -0.00052275369034290723 0.00049076128715251665 0.00050064256788505455 0.00017068117047419932 0.00064296588063178972 -3.1320230962969295e-05 0.0014209199727912131 0.00012919689763887454 0.0013684149563945296 0.0018795834408820253 0.00068243974738852538 -0.00021639795833734319 0.0014171454801187382 0.001120795051936951 3.0636568191578019e-05 8.5241008178467458e-05 0.00058804333750565483 -0.00035908261367596821 0.00051976983813313657 -0.00029627715304000478 0.0012696452272123486 0.00025351354674860242
leaf_weight=3006 206 52 19201 71 50 5320 121 301 155 131 1541 104 149 136 801 3004 41 55 333 16530 161 49 56 782 51 395 57 439 65 113
leaf_count=3006 206 52 19201 71 50 5320 121 301 155 131 1541 104 149 136 801 3004 41 55 333 16530 161 49 56 782 51 395 57 439 65 113
internal_value=-0.000196912 0.00409658 -0.000953765 0.00382944 0.00842155 3.20579e-05 -0.000357625 0.00312572 0.0065869 0.00892801 0.00267594 0.0129687 0.00903162 0.00736069 0.00863102 0.00181715 0.00400997 0.00303375 0.00853093 -0.00212056 0.00490012 0.00284314 -0.000780887 0.00119159 0.0136916 5.5224e-05 0.000846153 0.000174291 0.00324635 0.00904494
internal_weight=53476 8014 45462 7962 1058 24642 19322 6904 794 639 6110 384 253 987 851 4408 1404 1363 388 20820 1702 255 4290 1284 107 1177 975 918 479 178
internal_count=53476 8014 45462 7962 1058 24642 19322 6904 794 639 6110 384 253 987 851 4408 1404 1363 388 20820 1702 255 4290 1284 107 1177 975 918 479 178
is_linear=0
shrinkage=0.05


Tree=7
num_leaves=31
num_cat=0
split_feature=4 12 3 4 4 11 3 11 10 15 4 10 15 12 3 9 3 1 15 15 15 7 10 10 14 11 11 14 3 3
split_gain=60.5224 21.5179 24.0425 15.2909 13.3293 5.51063 6.78726 5.98512 4.13033 12.8914 4.0269 3.41225 3.82368 3.48228 3.40067 3.06467 4.19438 3.43116 2.85145 2.92017 7.13422 5.74299 2.93724 4.63533 3.46518 5.30776 7.66373 3.21474 2.83503 2.72587
threshold=0.02901328972720749 -0.087458765142185854 -0.013909413656140899 0.017831649774801013 0.053063661742144462 -0.022024013564940267 -0.016272804708131191 -0.025492128925019227 0.0033676747236286446 0.003509884961184984 0.022055152413019519 -0.008698781123315567 -0.0085551911257786255 -0.0033130275344189215 0.018803736298256272 -0.011733232108785295 -0.014599031058848464 -0.12563069460339119 -0.0054061645034700892 1.0000000180025095e-35 -0.00028890583246854446 0.043675032130659049 0.0030128499392588774 -0.0049441493240062187 0.012431899030548645 0.014774716524866062 0.010325592829658616 -0.033094273980848292 0.0084950335726901045 -0.029109791505182777
decision_type=2 2 2 2 2 2 2 2 2 2 2 2 2 2 2 10 2 2 2 2 2 2 2 2 2 2 2 2 2 2
left_child=3 2 -2 -1 -3 6 7 -5 9 -8 -7 -12 13 -13 -4 17 29 -6 -14 20 22 -22 23 -20 27 26 -26 -25 -11 -17
right_child=1 4 14 5 15 10 8 -9 -10 28 11 12 18 -15 -16 16 -18 -19 19 -21 21 -23 -24 24 25 -27 -28 -29 -30 -31
leaf_value=-0.0001945162585590101 1.7901894597094469e-05 0.00023019258882630187 0.00049893045515266227 4.208220676851768e-05 0.0017591516094273962 -0.00010520153784086172 3.0781645333478274e-05 0.0007525460343366327 -0.00030072201292452545 0.00048990606228915064 -0.00020976863299581504 0.0006967616136603111 -0.00021048578115654261 0.00024229572002154728 0.0046549890759556524 0.0015501144675961608 0.0014146996832291705 0.00064079304947022139 -0.00033716452788717477 -1.6116417214477741e-05 0.00053156121866224689 0.0015966472306758598 -0.00014248252537218386 0.00050380998706027903 0.00058369715265731462 -5.146919475190787e-05 0.0011255823890086629 3.9567123177856257e-05 0.00065818768166469243 0.0024159421745675383
leaf_weight=14411 101 8471 63 93 129 13423 1664 85 431 227 1137 77 1101 689 61 46 426 945 348 7004 238 67 627 65 348 175 63 940 68 57
leaf_count=14411 101 8471 63 93 129 13423 1664 85 431 227 1137 77 1101 689 61 46 426 945 348 7004 238 67 627 65 348 175 63 940 68 57
internal_value=-0.000181972 0.00326294 0.0185556 -0.00100171 0.00292138 -0.000337722 0.00187305 0.0112921 0.00117155 0.0021465 -0.000553571 7.80328e-05 0.000331288 0.00374674 0.0333065 0.00710231 0.0102174 0.00556797 9.29288e-05 0.000362024 0.00170498 0.00893443 0.000845673 0.00180763 0.00295097 0.00600682 0.00911192 0.00116915 0.0117797 0.0192718
internal_weight=53580 10299 225 43281 10074 28870 2568 178 2390 1959 26302 12879 11742 766 124 1603 529 1074 10976 9875 2871 305 2566 1939 1591 586 411 1005 295 103
internal_count=53580 10299 225 43281 10074 28870 2568 178 2390 1959 26302 12879 11742 766 124 1603 529 1074 10976 9875 2871 305 2566 1939 1591 586 411 1005 295 103
is_linear=0
shrinkage=0.05


Tree=8
num_leaves=31
num_cat=0
split_feature=4 13 4 4 12 13 6 12 10 6 10 12 12 14 14 13 15 15 13 12 9 11 13 11 10 10 10 14 11 15
split_gain=52.9796 35.962 16.5599 9.44243 5.90084 5.54585 5.4845 5.81381 7.00248 4.71559 4.31049 3.5566 8.34682 3.88344 7.49135 6.93717 3.80376 11.3483 23.3029 4.27041 3.74216 3.49038 4.66422 3.41086 7.98354 3.31986 4.00826 6.35436 5.60448 5.56431
threshold=0.024979670891644292 49.655000686645515 0.053063661742144462 0.017355235162205152 -0.075828254732232245 28.970000267028812 0.49492841846270902 -0.075828254732232245 -0.010966438049946124 0.93532405443460698 -0.0018123893917819098 -0.033690121396823418 -0.032606215925707109 -0.067583665573298909 -0.073050802278400592 17.289999961853031 0.00026123117090492981 -0.00025821512482815384 21.82499980926514 0.021751379698535137 0.092332851432013099 -0.0078155489533487926 25.319999694824222 -0.0087471822006088256 0.012020703086552011 0.0022948798930048091 -0.0072745157566194698 0.049298283120689408 -0.022310337551763478 0.0027654380575841135
decision_type=2 2 2 2 2 2 2 2 2 2 2 2 2 2 2 2 2 2 2 2 10 2 2 2 2 2 2 2 2 2
left_child=3 2 6 -1 10 -6 7 8 -2 21 -4 -9 -13 14 -14 -16 17 -15 -19 -18 -17 23 -23 25 -25 26 -5 29 -29 -28
right_child=1 -3 4 9 5 -7 -8 11 -10 -11 -12 12 13 16 15 20 19 18 -20 -21 -22 22 -24 24 -26 -27 27 28 -30 -31
leaf_value=-0.00019134053729114584 0.00042321124274352748 0.0041379828792911747 0.0017281330445740374 -8.5438080103266594e-05 0.0012702142970368972 -6.1811645911322076e-05 0.00032122882794238111 -0.00010164616992680794 0.00019928634609480534 8.3589001394925695e-05 0.0002521530222757776 0.00096327169085920071 0.00021974517207305679 9.5782076815859756e-05 0.001885620897119086 0.00020485865676162971 -0.0002259198703635681 -0.00023963039072356403 0.0015234255341799981 0.00012956632598025043 0.00068540856158144474 -0.00012047195010335965 0.00070372197443085201 6.475953629895267e-05 0.0048917981751446134 -0.00022298825941575908 -8.343279399543419e-05 0.00043896368808285513 0.00031032508109731026 0.00027695122539334705
leaf_weight=12697 69 66 64 1404 1342 217 3705 1536 217 3932 51 68 1027 4200 56 122 1825 126 100 2076 40 15699 55 224 48 1056 902 48 310 418
leaf_count=12697 69 66 64 1404 1342 217 3705 1536 217 3932 51 68 1027 4200 56 122 1825 126 100 2076 40 15699 55 224 48 1056 902 48 310 418
internal_value=-0.000213223 0.00210357 0.00195921 -0.00127783 0.00667861 0.00587235 0.00143832 0.000897748 0.00793706 -0.000696382 0.0176087 0.000717608 0.00107365 0.000949644 0.00355422 0.0119725 0.000560225 0.00156349 0.0124779 -0.000578058 0.00672839 -0.00100526 -0.00135331 0.000238094 0.00566176 -0.000118416 0.000710576 0.00235995 0.00826816 0.000757575
internal_weight=53700 16907 16841 36793 1674 1559 15167 11462 286 24096 115 11176 9640 9572 1245 218 8327 4426 226 3901 162 20164 15754 4410 272 4138 3082 1678 358 1320
internal_count=53700 16907 16841 36793 1674 1559 15167 11462 286 24096 115 11176 9640 9572 1245 218 8327 4426 226 3901 162 20164 15754 4410 272 4138 3082 1678 358 1320
is_linear=0
shrinkage=0.05


Tree=9
num_leaves=31
num_cat=0
split_feature=4 13 5 5 11 6 12 6 12 14 11 7 13 15 15 15 11 10 3 13 13 4 13 15 16 16 13 13 10 3
split_gain=47.3141 29.0875 12.0072 9.65132 5.88942 4.28564 5.1477 3.99038 5.58905 3.86848 3.36342 3.3557 3.13313 3.10855 7.06315 3.87393 2.94094 3.77393 3.9427 2.68348 7.66815 3.29703 2.60863 8.19038 3.75252 4.1831 4.43536 3.05195 3.11473 3.07129
threshold=0.02901328972720749 49.655000686645515 0.01190103215924026 0.035361565640042572 0.022655282977909755 0.51245959272113895 -0.087458765142185854 -0.18998856548260704 -0.075828254732232245 -0.096084571305829466 -0.0078155489533487926 -0.13661706501350626 19.329999923706058 0.0027654380575841135 0.0029439136451996366 0.0098217978943738755 -0.0087471822006088256 -0.0049441493240062187 0.0030853950619037511 24.695000648498539 24.385000228881839 0.037259157339318595 13.605000019073488 0.009599712714520427 0.0097040477320496938 0.040438395964923497 13.234999656677248 16.510000228881839 0.0033676747236286446 0.011167918210845952
decision_type=2 2 2 2 2 2 2 2 2 2 2 2 2 2 2 2 2 2 2 2 2 2 2 2 2 2 2 2 2 2
left_child=2 3 10 5 -5 6 -2 8 -4 -7 13 12 -11 -1 -15 16 17 18 -16 20 21 -8 23 -9 -25 26 -26 -24 29 -29
right_child=1 -3 7 4 -6 9 19 22 -10 11 -12 -13 -14 14 15 -17 -18 -19 -20 -21 -22 -23 27 24 25 -27 -28 28 -30 -31
leaf_value=-9.1921120477503492e-05 0.00033616927408450302 0.0042699777907521247 0.00053054448829871178 0.0014482299946296507 9.5626074192175416e-05 -0.00014223029546139539 9.2960104621266516e-05 6.6553955924815661e-05 -8.0628601607991317e-05 -4.6336667201488365e-05 -0.00018847599365514169 0.0004377204743662016 0.0012277029154172732 0.00050053656828116994 0.00016624827019450492 -0.00026013473157124274 0.0015224385309405657 -5.4412771804063795e-05 0.00035935686454695504 -6.1385696519179704e-05 0.00045491109411065585 0.00036162281522062443 -8.0253833019055447e-05 5.2943180133489465e-06 0.0019611314682795814 3.5747978324620244e-05 0.00068454362171175653 0.00010729089589504978 -4.7073707413520328e-05 0.00040935280139190182
leaf_weight=2790 59 58 86 798 232 259 3655 1241 12554 41 15228 1762 117 82 80 379 60 487 49 1045 82 2181 3844 61 69 43 48 3763 2017 206
leaf_count=2790 59 58 86 798 232 259 3655 1241 12554 41 15228 1762 117 82 80 379 60 487 49 1045 82 2181 3844 61 69 43 48 3763 2017 206
internal_value=-0.000251612 0.00279473 -0.000979067 0.00259456 0.00718446 0.00208075 0.00147963 -0.000232326 -0.000842564 0.0040179 -0.00191203 0.00479167 0.0117722 -0.000607335 0.0015963 0.000497629 0.00276627 0.00173701 0.00934108 0.00135502 0.00176749 0.00155415 0.00045076 0.00242134 0.0112896 0.0153125 0.0202137 0.000157679 0.000863681 0.00167674
internal_weight=53376 10289 43087 10231 1030 9201 7022 23932 12640 2179 19155 1920 158 3927 1137 1055 676 616 129 6963 5918 5836 11292 1462 221 160 117 9830 5986 3969
internal_count=53376 10289 43087 10231 1030 9201 7022 23932 12640 2179 19155 1920 158 3927 1137 1055 676 616 129 6963 5918 5836 11292 1462 221 160 117 9830 5986 3969
is_linear=0
shrinkage=0.05


Tree=10
num_leaves=31
num_cat=0
split_feature=4 4 12 10 3 5 11 6 16 11 6 9 16 16 14 6 0 12 12 14 11 10 11 16 14 3 9 7 12 12
split_gain=40.6447 15.1729 11.0172 12.7325 7.21851 5.22093 4.93234 4.49061 4.24495 3.96564 3.796 3.57326 3.69374 11.8902 3.77903 3.33024 2.92756 2.89795 4.62485 3.1955 4.72784 4.21868 3.13828 3.03212 2.88733 3.28909 2.80409 2.57111 2.49451 9.1057
threshold=0.031488843317728533 0.021919580845512512 -0.075828254732232245 -0.0018123893917819098 0.015577030717302433 0.035361565640042572 -0.0078155489533487926 0.094841021214381843 -0.044876723421484459 0.022655282977909755 1.1370216717145429 -0.18728743132566686 -0.0020834957516984716 -0.0059755909324578074 -0.0082882010072965456 0.16143050148678992 -0.023869429358054913 -0.036045900478668118 -0.032606215925707109 -0.068623004427642229 -0.004581313824033372 0.011768378262121406 -0.015644740533217568 -0.034933523755742595 0.049298283120689408 -0.0029936407911312908 0.10381237332238792 0.10523797987969254 -0.0011596324607267003 1.0000000180025095e-35
decision_type=2 2 2 2 2 2 2 2 2 2 2 10 2 2 2 2 2 2 2 2 2 2 2 2 2 2 10 2 2 2
left_child=1 6 3 4 8 15 11 -8 -2 -7 -3 -1 13 28 26 17 -10 -4 -19 20 -20 -22 23 -21 -16 -26 -15 -11 -13 -30
right_child=2 10 5 -5 -6 9 7 -9 16 27 -12 12 -14 14 24 -17 -18 18 19 22 21 -23 -24 -25 25 -27 -28 -29 29 -31
leaf_value=-0.00017207350976523305 0.00016876548479468831 4.514610404721357e-06 -8.5794377596599047e-05 -3.9772907336540451e-06 0.0033672509034179364 0.0011981889763886748 -0.00019214346535857991 -7.8826348121447163e-05 0.00085285184029271037 -0.00027759337750512712 0.00021042743340668913 -6.7523767305240881e-05 -0.0002074570205536747 0.0014826302712955739 -0.0012210371208779818 0.00045183220319813111 0.00047556720666718167 0.0011702428277158589 -7.4604286287661484e-05 0.00059028977189102432 0.0010716367480057389 -5.0454412996138023e-05 9.4777543031560274e-05 0.00033445432667109526 0.0010820370597970474 0.0001981819640088963 0.0038988952201083442 0.0016424425557229347 0.00076075480937488622 5.392259020085095e-05
leaf_weight=1565 79 14873 798 165 63 763 14614 8083 46 188 2316 1566 1136 45 42 2150 81 50 180 43 208 82 2825 258 68 175 40 48 56 1005
leaf_count=1565 79 14873 798 165 63 763 14614 8083 46 188 2316 1566 1136 45 42 2150 81 50 180 43 208 82 2825 258 68 175 40 48 56 1005
internal_value=-0.00024538 -0.000823097 0.00303538 0.0107834 0.0174907 0.00259252 -0.00153284 -0.00186302 0.0129612 0.00596096 0.00034935 -0.000217621 0.000552866 0.00147314 0.00986486 0.00208219 0.018622 0.00130063 0.00189797 0.00168799 0.00553191 0.00948276 0.00111004 0.00596345 0.00710526 0.00919753 0.0191176 0.000296609 0.000291206 0.00216305
internal_weight=53611 45584 8027 434 269 7593 28395 22697 206 999 17189 5698 4133 2997 370 6594 127 4444 3646 3596 470 290 3126 301 285 243 85 236 2627 1061
internal_count=53611 45584 8027 434 269 7593 28395 22697 206 999 17189 5698 4133 2997 370 6594 127 4444 3646 3596 470 290 3126 301 285 243 85 236 2627 1061
is_linear=0
shrinkage=0.05


Tree=11
num_leaves=31
num_cat=0
split_feature=4 12 10 10 4 4 1 6 11 11 12 8 15 10 12 7 12 6 5 15 15 15 10 16 11 11 11 9 2 0
split_gain=41.1087 12.9836 14.3169 12.1316 9.9016 7.46708 6.16131 4.27644 4.21513 5.30437 5.31904 4.07557 4.02888 6.89808 3.59105 3.35333 3.27374 3.27359 2.82444 2.58152 4.24356 4.92932 2.61299 2.86131 2.38751 2.36423 3.12694 2.33864 2.99601 2.31686
threshold=0.02624787489971343 -0.080083523859072289 -0.010966438049946124 -0.029463617054616639 0.018245893756371232 0.04186387468840299 -0.084604045149602833 1.0712786972816861 -0.023324980459216712 -0.025492128925019227 0.021751379698535137 0.10875546216783728 0.003509884961184984 0.0038486575209699674 -0.02797294646846021 -0.16442621275138672 0.12832311621465078 -0.18998856548260704 0.0093334323466873325 0.0089466886118758655 0.016142888628806976 0.016094339499768576 0.012727051103036626 -0.004548480555311484 -0.0070947588285928389 -0.010607926324274484 -0.010415571186439985 -0.011733232108785295 0.024585885215688056 0.0073663740594307478
decision_type=2 2 2 2 2 2 2 2 2 2 2 10 2 2 2 2 2 2 2 2 2 2 2 2 2 2 2 10 2 2
left_child=4 2 3 -2 18 7 -5 16 9 12 14 15 -6 29 -11 -7 -3 -10 -1 -19 21 22 23 -21 25 -20 -27 -16 -29 -14
right_child=1 5 -4 6 8 11 -8 -9 17 10 -12 -13 13 -15 27 -17 -18 19 24 20 -22 -23 -24 -25 -26 26 -28 28 -30 -31
leaf_value=-0.00022633777050515025 -0.00020901532024031815 7.6598224868718604e-05 3.7369077421658122e-05 0.0038699038855511039 -6.3241712578975128e-05 0.0018178338570682851 0.00035722436878522009 0.00036587851921956175 -0.00010089453251628713 0.00072383553615860301 0.00040194401836708991 0.0012071011343630948 0.00046460704404925439 -0.00038735755868471043 -0.00020621097315041021 0.0004198127103523042 0.00032231897744103879 -2.6999372896609401e-05 -6.2653551378323178e-05 -0.00033611733163323805 -0.00017658771346101688 0.002082302315292819 -0.00022422083551437881 0.00031805854390015221 -0.00015482814546691326 0.0004066310592014781 5.3152554525398895e-05 0.00049549623685730059 -6.0193124895271179e-05 0.00027877887038339392
leaf_weight=5051 52 9142 203 69 992 184 109 1526 11262 50 57 492 109 150 110 2500 52 8550 1532 162 525 42 138 1054 8560 64 563 85 69 92
leaf_count=5051 52 9142 203 69 992 184 109 1526 11262 50 57 492 109 150 110 2500 52 8550 1532 162 525 42 138 1054 8560 64 563 85 69 92
internal_value=-0.000229337 0.0020626 0.0105889 0.0191304 -0.00106676 0.00179692 0.0253371 0.00116604 -0.000415193 0.00197199 0.00726415 0.00392632 0.000510051 0.00511396 0.00471337 0.00315946 0.00075919 -0.000603461 -0.00203551 3.2947e-05 0.00168922 0.00313037 0.00260709 0.00334704 -0.00157617 -9.03208e-05 0.00249601 0.00238636 0.00636364 0.0111692
internal_weight=53546 14329 433 230 39217 13896 178 10720 23447 1714 371 3176 1343 351 314 2684 9194 21733 15770 10471 1921 1396 1354 1216 10719 2159 627 264 154 201
internal_count=53546 14329 433 230 39217 13896 178 10720 23447 1714 371 3176 1343 351 314 2684 9194 21733 15770 10471 1921 1396 1354 1216 10719 2159 627 264 154 201
is_linear=0
shrinkage=0.05


Tree=12
num_leaves=31
num_cat=0
split_feature=4 13 4 5 11 11 10 15 11 10 15 15 11 16 15 15 15 13 15 10 10 10 13 13 6 2 13 13 2 16
split_gain=32.6594 15.9325 10.5514 5.73702 4.55262 4.01034 5.99203 6.17962 5.1215 4.11927 5.81668 4.65954 8.14599 6.53153 4.14926 5.28047 8.54895 23.5448 5.16068 3.92237 7.06603 5.75483 4.67593 9.52676 4.14611 3.88295 3.773 7.22502 3.98388 3.57914
threshold=0.02268531630879024 49.655000686645515 0.043890724120045709 0.010416370844473567 -0.0078155489533487926 -0.023324980459216712 0.0033676747236286446 0.0054868891091929281 -0.025492128925019227 -0.008698781123315567 -0.0085551911257786255 -0.012947114369412092 0.035212880845506785 -0.020436547358860132 -0.0054061645034700892 0.00026123117090492981 -0.00028890583246854446 21.82499980926514 0.0020472759570243641 -0.0049441493240062187 -0.001746991736331027 -0.001991975985961902 18.214999198913578 18.675000190734867 0.43329984940651795 0.037860003305812968 18.335000038146976 17.945000648498539 -0.045812835643891818 -0.0027699273794946628
decision_type=2 2 2 2 2 2 2 2 2 2 2 2 2 2 2 2 2 2 2 2 2 2 2 2 2 2 2 2 2 2
left_child=3 2 5 -1 29 6 7 8 -2 -7 11 -11 13 -13 -12 16 19 -18 -17 -16 21 22 -21 -24 -25 -19 27 -15 -29 -5
right_child=1 -3 -4 4 -6 9 -8 -9 -10 10 14 12 -14 26 15 18 17 25 -20 20 -22 -23 23 24 -26 -27 -28 28 -30 -31
leaf_value=-0.00017558342676666415 0.00012763643835343255 0.0034199028466244579 0.00058268280515676413 9.1524868342483638e-05 -0.00010469220496738842 -0.00015555621892695548 -0.00040705828978433722 0.0006931624187867416 0.00039959342233129088 -0.00011134722661728959 -0.00023152682892641849 0.0009216484335564844 0.0012962944315399042 0.00023399613632344533 -0.00032533828171356886 -0.00028641749057221715 8.5657614628629455e-05 0.00083325914355045466 5.6664903433755972e-05 0.00014000837628977024 5.692366680701297e-05 0.00097772968285861177 0.0011754947472397484 0.00015449873721906337 0.00034494487378862422 0.0020738658187196297 -0.00039337900874583404 0.0013625988265913273 0.00033095407520972474 -0.00017514625207024309
leaf_weight=10180 1132 62 2911 3190 16312 1895 317 89 348 364 1443 54 43 371 447 1332 335 96 8140 462 2166 95 40 152 40 41 170 62 48 1039
leaf_count=10180 1132 62 2911 3190 16312 1895 317 89 348 364 1443 54 43 371 447 1332 335 96 8140 462 2166 95 40 152 40 41 170 62 48 1039
internal_value=-0.000300323 0.00113992 0.00107046 -0.00136242 -0.000881409 0.000654912 0.00284729 0.00411408 0.00334459 0.000422566 0.000685176 0.00417266 0.00643048 0.00514184 0.000422948 0.000698335 0.00225348 0.00855932 6.22877e-05 0.0013786 0.00203892 0.00608999 0.00451009 0.0103017 0.00567708 0.0260219 0.00375576 0.00601871 0.0172727 0.000580514
internal_weight=53376 22655 22593 30721 20541 19682 1886 1569 1480 17796 15901 1112 748 705 14789 13346 3874 472 9472 3402 2955 789 694 232 192 137 651 481 110 4229
internal_count=53376 22655 22593 30721 20541 19682 1886 1569 1480 17796 15901 1112 748 705 14789 13346 3874 472 9472 3402 2955 789 694 232 192 137 651 481 110 4229
is_linear=0
shrinkage=0.05


Tree=13
num_leaves=31
num_cat=0
split_feature=4 13 5 5 6 6 12 13 13 15 13 13 4 13 13 0 15 15 16 15 3 14 16 15 16 16 6 2 15 3
split_gain=30.1395 11.3865 9.16308 6.70254 5.0426 4.09668 4.45958 3.98367 5.33963 5.17688 3.16536 5.09608 3.13952 2.64014 4.84014 4.43735 2.65714 8.59214 5.74693 2.57589 2.74815 2.48814 2.3842 3.99817 3.47287 4.59605 3.04541 2.79212 2.7439 2.29863
threshold=0.024075475611144419 49.655000686645515 0.024076572217855471 0.010380736767284784 0.90977301529261634 -0.21472534322401315 -0.075828254732232245 24.695000648498539 24.385000228881839 -0.016757454133289326 23.604999542236332 23.409999847412113 0.036673664903870688 27.070000648498539 25.505000114440922 -0.041526130178603841 -0.013721283439969532 -0.0085551911257786255 -0.020436547358860132 -0.0095531148928049685 -0.0069210592130944928 0.21504170766917155 0.013600539479629139 -0.0035274255540788664 -0.010518498384392004 -0.016872896607119322 -0.42436779505590289 0.049154494122991783 -0.0066731816063446683 0.018803736298256272
decision_type=2 2 2 2 2 2 2 2 2 2 2 2 2 2 2 2 2 2 2 2 2 2 2 2 2 2 2 2 2 2
left_child=3 2 5 -1 -5 6 -2 8 10 -9 11 12 -4 14 16 -16 21 18 -18 20 -20 -7 24 28 25 -14 -27 -25 -24 -11
right_child=1 -3 7 4 -6 13 -8 9 -10 29 -12 -13 22 -15 15 -17 17 -19 19 -21 -22 -23 23 27 -26 26 -28 -29 -30 -31
leaf_value=-0.00016910721132611497 0.00032009478016765562 0.0033807997512359626 -0.00013680278121588701 -8.0874650775976238e-05 7.0188851718653382e-05 -0.0002059916241109423 -2.8538834935019763e-05 0.0006806729339950612 0.00056076673201838057 -0.00019203303315141278 -0.00030895648653952784 0.00066985688833005169 0.00054611717184309991 -0.00015051172791360587 0.0012341440738328348 0.00056706416944681285 0.00076763145262896801 0.00011517209435971365 0.00052098033939868254 0.00087127768522838949 3.9890383091093054e-05 0.00026151973705352795 0.0012581982925682299 0.00041230215175837895 0.00029179467027662284 0.0015271499697764295 0.0011084642508566098 0.0015266415551721546 0.0011189873591625251 0.00066545891770502488
leaf_weight=9878 188 58 255 20694 3901 612 7422 165 60 658 191 70 369 403 45 210 87 5573 125 80 232 123 41 372 986 85 94 252 41 94
leaf_count=9878 188 58 255 20694 3901 612 7422 165 60 658 191 70 369 403 45 210 87 5573 125 80 232 123 41 372 986 85 94 252 41 94
internal_value=-0.00027678 0.00132841 0.00126029 -0.00115641 -0.000714577 0.000711919 -0.000105126 0.00347843 0.00441051 0.000616138 0.00408926 0.00455166 0.00417836 0.00154205 0.00176591 0.00852941 0.00151346 0.00185583 0.0079771 0.00564073 0.00382353 -0.00132653 0.00477678 0.0071813 0.00367014 0.00686131 0.0134358 0.00581731 0.017561 -0.00114362
internal_weight=53364 18891 18833 34473 24595 15100 7610 3733 2816 917 2756 2565 2495 7490 7087 255 6832 6097 524 437 357 735 2240 706 1534 548 179 624 82 752
internal_count=53364 18891 18833 34473 24595 15100 7610 3733 2816 917 2756 2565 2495 7490 7087 255 6832 6097 524 437 357 735 2240 706 1534 548 179 624 82 752
is_linear=0
shrinkage=0.05


Tree=14
num_leaves=31
num_cat=0
split_feature=4 13 4 4 6 16 6 13 13 3 11 11 12 13 13 16 11 5 12 3 0 1 6 12 12 16 5 12 3 12
split_gain=29.8218 10.7416 8.32287 7.09924 3.68408 3.41035 2.99619 2.65148 5.90673 4.24663 2.67787 2.58581 2.74285 4.00244 2.33726 17.1165 2.27003 2.14368 2.89119 3.77523 2.83198 2.96085 2.22594 2.10532 2.18987 3.84669 2.05437 1.9432 1.87738 1.7598
threshold=0.026137264830219917 49.655000686645515 0.017072383946396919 0.043890724120045709 -0.24504521132298115 0.036245743593820608 1.5308072946042974 20.375000000000004 20.500000000000004 -0.016272804708131191 0.039322955344760387 -0.035697705395590577 0.030225182467667037 22.625000000000004 12.230000019073488 0.018333395427526548 -0.0075284506861215674 0.037600234829605811 -0.031709491768756808 0.015577030717302433 -0.0050126832142780011 0.053720064891925941 -0.14670528802450847 -0.0011596324607267003 1.0000000180025095e-35 -0.0060316221949632256 0.013467043731112325 1.0000000180025095e-35 0.011562659745979366 0.032816284988903439
decision_type=2 2 2 2 2 2 2 2 2 2 2 2 2 2 2 2 2 2 2 2 2 2 2 2 2 2 2 2 2 2
left_child=2 3 16 6 7 17 29 28 -9 -10 11 -11 -13 26 15 -6 23 20 19 -19 21 22 -5 -1 25 -25 -14 -22 -4 -2
right_child=1 -3 4 5 14 -7 -8 8 9 10 -12 12 13 -15 -16 -17 -18 18 -20 -21 27 -23 -24 24 -26 -27 -28 -29 -30 -31
leaf_value=-0.00020177483304249021 5.2684932934897168e-05 0.0031367190251402818 -0.00011800342050675974 0.00040324096888152966 -0.00029898012028777319 -0.00010003377167307365 0.00041864128434527772 0.0034519905338820656 0.0003913224630743814 0.00029628145863202246 0.00053556863142204317 -0.00017193103034851979 0.00022085550682734284 -0.00038231728165950238 -2.603651157696388e-06 0.0020436127766211088 -0.00017899063114187281 0.0009524033688918396 0.0010392185765302014 0.0017689366990153426 -4.4770246625273257e-05 0.0019483909607099217 0.00079158106316723042 0.00060389979172899495 7.6975369212762818e-06 -0.00032573928805323683 0.0010336809641514893 0.0005858400148312943 0.00018879124891272659 0.00020820054398600115
leaf_weight=947 7893 59 11259 478 129 289 1147 66 40 86 40 1126 75 88 14104 41 9493 111 553 55 527 49 388 48 1141 43 62 474 245 2516
leaf_count=947 7893 59 11259 478 129 289 1147 66 40 86 40 1126 75 88 14104 41 9493 111 553 55 527 49 388 48 1141 43 62 474 245 2516
internal_value=-0.000257785 0.00167515 -0.000977764 0.0015884 -0.000500897 0.00378933 0.0010315 -0.00110682 0.000811749 0.000174686 -0.000260665 -0.000615868 -0.001151 0.00388889 5.46436e-05 0.00588235 -0.00209561 0.00435484 0.00668289 0.0124699 0.00348121 0.0054918 0.00481524 -0.000640203 0.000722401 0.00818681 0.00923358 0.00164336 -0.00137083 0.000764241
internal_weight=53572 14539 39033 14480 27361 2924 11556 13087 1583 1517 1477 1437 1351 225 14274 170 11672 2635 719 166 1916 915 866 2179 1232 91 137 1001 11504 10409
internal_count=53572 14539 39033 14480 27361 2924 11556 13087 1583 1517 1477 1437 1351 225 14274 170 11672 2635 719 166 1916 915 866 2179 1232 91 137 1001 11504 10409
is_linear=0
shrinkage=0.05


Tree=15
num_leaves=31
num_cat=0
split_feature=4 4 16 5 11 15 14 15 2 16 16 10 15 12 14 5 13 11 11 10 14 13 11 9 13 13 12 9 14 2
split_gain=26.2927 9.64841 5.37681 4.60333 3.33617 3.34252 4.59462 7.44278 5.68814 3.28533 10.8157 4.05456 3.21448 4.43707 9.81647 3.84353 3.46324 3.30315 3.28268 3.11915 8.21908 6.61564 5.04165 3.6608 3.64122 6.48282 3.57507 3.06978 2.92359 2.98023
threshold=0.023339034639067568 0.043890724120045709 -0.10167659895920765 0.0090513015221452917 -0.0070947588285928389 -0.0039467570109373842 0.009860755526874045 0.014425208851226114 0.077878165818884196 -0.0027699273794946628 -0.0048666621119992084 0.012020703086552011 -0.0027486234333860544 0.018681832940772639 0.042851800685698833 0.011216522993098084 18.444999694824222 0.020527349767636042 0.023061662230793093 -0.0074311122071506466 0.042851800685698833 14.715000152587892 -0.011693730673341061 -0.001407259252616144 18.444999694824222 19.115000724792484 -0.013091193360924845 0.14263197476328329 0.070306169308441371 -0.04872483136564331
decision_type=2 2 2 2 2 2 2 2 2 2 2 2 2 2 2 2 2 2 2 2 2 2 2 10 2 2 2 10 2 2
left_child=3 -2 -3 -1 9 -6 -7 12 -9 10 19 -12 13 14 15 -8 -15 28 -19 -5 21 23 -22 -21 -23 26 -26 -4 -14 -30
right_child=1 2 27 4 5 6 7 8 -10 -11 11 -13 17 16 -16 -17 -18 18 -20 20 22 24 -24 -25 25 -27 -28 -29 29 -31
leaf_value=-0.00019251222646579066 6.4465142126518793e-05 0.0029230317272227095 0.00034536687573703242 -9.8770134374114732e-05 -0.00020303791263713789 -0.00011263130594691784 0.0004259373387865119 0.00033197281382914924 0.001761103415467623 -0.00014232642571355565 0.00057847696569267857 0.0041917160369939858 -0.00014501884385558696 -5.6086178493457622e-05 -0.00024822594937660969 0.00092323098917358997 0.00036004991594984959 0.000446825546124862 9.5735715422235021e-05 0.00010878057848439562 0.00046859054899849294 -0.00020325959521409512 0.00010870150133526214 0.00061258678918178072 4.4668294865197105e-05 -5.3102251689871216e-05 0.00039006941159345533 0.0010431451280712475 0.0004591599830549037 3.9633912703941604e-05
leaf_weight=4063 17853 72 2193 1736 4671 13227 50 83 57 1722 139 46 2487 390 105 81 47 114 577 50 242 914 213 72 118 1020 127 680 76 391
leaf_count=4063 17853 72 2193 1736 4671 13227 50 83 57 1722 139 46 2487 390 105 81 47 114 577 50 242 914 213 72 118 1020 127 680 76 391
internal_value=-0.000315765 0.0010751 0.00372665 -0.00119721 -0.000974614 -0.00126275 -0.000948545 0.000439658 0.0117857 3.20351e-05 0.000719477 0.0125676 7.17913e-05 0.00324666 0.00877119 0.0179008 0.000263157 -0.000514404 0.00259768 0.000231522 0.00127721 6.30149e-05 0.00741758 0.0113934 -0.000571364 0.00116601 0.00846939 0.00338844 -0.00124238 0.00238758
internal_weight=53616 20798 2945 32818 28755 22356 17685 4458 140 6399 4677 185 4318 673 236 131 437 3645 691 4492 2756 2301 455 122 2179 1265 245 2873 2954 467
internal_count=53616 20798 2945 32818 28755 22356 17685 4458 140 6399 4677 185 4318 673 236 131 437 3645 691 4492 2756 2301 455 122 2179 1265 245 2873 2954 467
is_linear=0
shrinkage=0.05


Tree=16
num_leaves=31
num_cat=0
split_feature=4 4 12 3 8 4 6 10 6 11 4 6 12 6 13 14 10 13 3 10 14 14 13 8 12 14 8 14 13 3
split_gain=24.6624 9.09231 4.97797 7.72569 4.47821 4.12514 2.58582 2.5475 2.44866 2.3926 2.37023 2.21217 2.14493 2.63244 2.62401 1.85437 3.26653 2.26761 1.73334 1.77297 1.70836 5.84043 5.79484 6.55674 3.11239 6.85699 2.90435 2.31347 2.31796 1.91628
threshold=0.022610406011156523 0.039586262657954639 -0.087458765142185854 -0.003062933723215366 0.10263651085682725 0.017072383946396919 2.6489100724902266 0.0207430020860534 -0.78709303220830729 0.044463643697869822 0.059975737414961899 1.4899927811737523 -0.075828254732232245 -0.27463877114882124 24.630000114440922 0.049298283120689408 -0.0080075865289204722 18.444999694824222 -0.03433415381658194 -0.016935557307996004 -0.067583665573298909 -0.073050802278400592 17.289999961853031 -0.024211877997974859 0.027544140346580596 -0.10816573528732347 0.032347722860651136 -0.054330610723124943 13.525000095367433 0.011562659745979366
decision_type=2 2 2 2 10 2 2 2 2 2 2 2 2 2 2 2 2 2 2 2 2 2 2 10 2 2 10 2 2 2
left_child=5 7 3 -3 6 -1 9 11 15 10 -4 12 13 14 -2 -7 -17 -18 -12 -20 21 24 23 -23 29 -26 -24 28 -22 -14
right_child=1 2 4 -5 -6 8 -8 -9 -10 -11 18 -13 20 -15 -16 16 17 -19 19 -21 27 22 26 -25 25 -27 -28 -29 -30 -31
leaf_value=-0.00014300207678111902 5.2423050632408208e-05 0.00012096834618727894 0.00018616846726914513 0.003106235818888851 0.00097122076341904636 -0.00017704353255103535 0.0015707066045713737 -0.00033792899823656685 -3.8002453159999698e-05 -0.00016048676218174621 0.0019455901315226884 0.00018308222480514417 -0.00010642410408016211 2.1938740330210437e-06 0.00041428635906702241 -0.00028633890382539199 0.00019302329883403148 0.00026352133538022599 -0.00047330146906608261 0.00070411063677173211 0.00034044208060063033 0.0012548087430797417 6.6147112725644671e-05 0.0004263757850862266 0.00090934357041890033 0.00015828325701021961 0.0028226021789789432 2.0159532531525968e-05 -0.00033134516229544052 0.0002784067994597577
leaf_weight=11558 68 85 2173 45 565 3003 105 264 15413 277 55 1916 1230 190 89 268 215 74 61 631 80 49 217 47 45 336 41 13474 772 243
leaf_count=11558 68 85 2173 45 565 3003 105 264 15413 277 55 1916 1230 190 89 268 215 74 61 631 80 49 217 47 45 336 41 13474 772 243
internal_value=-0.000333932 0.000900337 0.00306855 0.0126923 0.00274502 -0.00126609 0.00204119 0.000445673 -0.000812472 0.00178761 0.0022089 0.000514177 0.000331437 0.0042219 0.00901274 -0.00199438 0.000655295 0.00434256 0.00463855 0.00395954 0.000249787 0.00154438 0.00742938 0.0179167 0.000420711 0.00444882 0.00352713 5.02571e-05 -0.00247653 -0.000621182
internal_weight=53589 23058 3997 130 3867 30531 3302 19061 18973 3197 2920 18797 16881 347 157 3560 557 289 747 692 16534 2208 354 96 1854 381 258 14326 852 1473
internal_count=53589 23058 3997 130 3867 30531 3302 19061 18973 3197 2920 18797 16881 347 157 3560 557 289 747 692 16534 2208 354 96 1854 381 258 14326 852 1473
is_linear=0
shrinkage=0.05


Tree=17
num_leaves=31
num_cat=0
split_feature=5 5 16 3 5 6 6 16 3 10 10 14 9 11 14 10 12 11 11 3 15 11 15 12 12 2 8 10 10 16
split_gain=20.6072 6.73711 4.74254 5.39986 4.41456 4.02456 3.76365 3.0267 3.27812 2.99548 4.7238 5.7872 5.53489 6.56261 4.71643 4.1527 3.05719 3.10888 3.0816 2.76872 2.63111 3.72447 2.9923 4.4277 2.53802 2.73853 2.41052 2.55807 8.52183 12.6369
threshold=0.0142211063258965 0.021403607572290224 -0.10167659895920765 -0.01534933701127794 0.0099077880726477097 0.4796993926916534 -0.75266146776110376 -0.034933523755742595 -0.020397887288404356 0.012727051103036626 0.0070711772695752914 -0.0059106162699663059 -0.3063475698756582 0.021590263312926242 -0.0022749768251851816 0.011869718420407295 0.12832311621465078 -0.017068833431084392 -0.018660879963565243 0.011167918210845952 0.0027654380575841135 -0.03145344780031472 0.0029439136451996366 0.019260536210570115 -0.0062518627133230633 -0.02377356764363114 0.10263651085682725 -0.00064234175836136431 -0.0012922335739780075 0.0019110219009020881
decision_type=2 2 2 2 2 2 2 2 2 2 2 2 10 2 2 2 2 2 2 2 2 2 2 2 2 2 8 2 2 2
left_child=4 5 3 -3 -1 26 -6 8 -8 10 16 12 13 -12 -13 -14 17 18 19 -4 -9 -22 23 -23 -10 -26 27 28 -2 -30
right_child=1 2 9 -5 6 -7 7 20 24 -11 11 14 15 -15 -16 -17 -18 -19 -20 -21 21 22 -24 -25 25 -27 -28 -29 29 -31
leaf_value=-0.00015095080092553215 5.768788536426765e-05 0.00019605433258567865 0.00031810997311730051 0.0032406773389790106 -0.00015699068437691622 0.00015347795977274138 0.0010880972760877875 -7.62763206283215e-05 2.7936891874567073e-06 -8.4274001340817255e-05 0.00059783331574946995 0.00072916579147164879 0.00012462982556796793 0.002369933365741185 0.00075639946487620821 0.0013668502602208303 0.0003013282730391757 0.00021507306692632582 0.0013374444295275771 0.0013979110378173284 0.00026826782095559266 0.00039539369903139848 -1.6438982223933797e-05 1.3540205387963531e-05 -9.9997044480197586e-05 0.00036891989667603431 -0.00015181401802258032 -3.5341715374341307e-05 -0.00055890782073724269 0.0013391778763572882
leaf_weight=7625 3721 43 550 40 4968 3801 43 10910 589 670 114 74 519 42 56 40 53 3182 41 71 69 68 7650 163 70 133 1527 6470 103 168
leaf_count=7625 3721 43 550 40 4968 3801 43 10910 589 670 114 74 519 42 56 40 53 3182 41 71 69 68 7650 163 70 133 1527 6470 103 168
internal_value=-0.000299872 0.000907915 0.00241583 0.0142771 -0.00109607 0.000383153 -0.000770994 -0.000460778 0.00248503 0.00223392 0.00267608 0.00606509 0.0043007 0.0126282 0.0157692 0.00197674 0.00194124 0.00177679 0.00489426 0.00401771 -0.000591199 0.000100628 -6.35629e-07 0.00560606 0.00175505 0.00657635 -6.6312e-05 0.000204549 0.0011999 0.00976015
internal_weight=53573 21285 5495 83 32288 15790 24663 19695 835 5412 4742 845 715 156 130 559 3897 3844 662 621 18860 7950 7881 231 792 203 11989 10462 3992 271
internal_count=53573 21285 5495 83 32288 15790 24663 19695 835 5412 4742 845 715 156 130 559 3897 3844 662 621 18860 7950 7881 231 792 203 11989 10462 3992 271
is_linear=0
shrinkage=0.05


Tree=18
num_leaves=31
num_cat=0
split_feature=4 4 12 6 4 13 11 10 15 11 10 14 11 9 14 14 13 13 10 10 10 11 14 12 14 14 9 8 14 14
split_gain=20.5115 7.3432 4.01997 3.83489 3.58755 3.42556 3.02553 5.18933 6.23333 4.84377 4.39788 4.24206 10.7987 7.08761 5.42366 3.84869 3.7398 4.21571 5.53071 3.18174 3.85827 8.31805 4.30985 14.1857 5.1116 13.0884 4.28609 3.74138 3.50895 9.52757
threshold=0.021994028899631871 0.049420540507116438 -0.087458765142185854 1.4899927811737523 0.01712911457758164 28.970000267028812 -0.023324980459216712 0.0033676747236286446 0.0054868891091929281 -0.025492128925019227 -0.0080075865289204722 0.049298283120689408 0.041951569626952907 0.53943720879952273 0.059971774713864064 0.083812216488613714 24.695000648498539 24.385000228881839 0.0074825472221409237 -0.0043670108035313007 -0.00064234175836136431 0.035212880845506785 0.035115678917499234 0.012875876838212565 -0.022450840204273455 -0.026973540467474796 0.12187650381332561 -0.053360795267566312 -0.067583665573298909 -0.073050802278400592
decision_type=2 2 2 2 2 2 2 2 2 2 2 2 2 8 2 2 2 2 2 2 2 2 2 2 2 2 8 10 2 2
left_child=4 3 -3 6 -1 -4 7 8 9 -2 -8 16 13 -13 -15 -16 17 19 -19 -12 21 22 24 -24 25 26 -21 -28 29 -22
right_child=1 2 5 -5 -6 -7 10 -9 -10 -11 11 12 -14 14 15 -17 -18 18 -20 20 28 -23 23 -25 -26 -27 27 -29 -30 -31
leaf_value=-0.00013283660201036417 9.0970897001846937e-05 0.0025163857323362545 0.00078664794431918472 0.00023588832526964815 -5.3776764710521632e-05 -0.00011426005556969336 -0.00018014601981660304 -0.00040046730170502495 0.00064751469785176246 0.00035513362917015547 -0.00027578101531866491 2.9876901390618932e-05 0.001135901508742962 0.0015346260294974031 7.9264954861848653e-05 0.00049130688422084742 -0.00025177443588882538 0.00057802659731279659 -0.00015441811373030298 -0.00050418200561697525 3.1677152431354406e-05 0.0012143154777435707 0.0017064993860545941 -9.1381324198690298e-05 -6.6708304618772466e-06 0.0017494213174039431 0.00075427700639096667 0.00010892404138466085 -4.8716932398703709e-05 0.00081118200953470975
leaf_weight=11823 1075 79 1730 2348 16845 307 2073 330 100 330 999 1150 43 43 162 116 637 59 51 200 2170 46 79 135 1704 75 45 89 8437 371
leaf_count=11823 1075 79 1730 2348 16845 307 2073 330 100 330 999 1150 43 43 162 116 637 59 51 200 2170 46 79 135 1704 75 45 89 8437 371
internal_value=-0.000311365 0.000735899 0.00355387 0.000475138 -0.00122401 0.00312469 0.000256103 0.00219346 0.00343854 0.00258007 6.58305e-05 0.000336824 0.00285997 0.002138 0.00870716 0.00615108 8.37903e-05 0.000248961 0.01 0.000174215 0.000377873 0.00220607 0.00178986 0.0085514 0.00110506 0.00612469 0.00188623 0.00880597 -1.73085e-05 0.00161157
internal_weight=53651 24983 2116 22867 28668 2037 20519 1835 1505 1405 18684 16611 1514 1471 321 278 15097 14460 110 14350 13351 2373 2327 214 2113 409 334 134 10978 2541
internal_count=53651 24983 2116 22867 28668 2037 20519 1835 1505 1405 18684 16611 1514 1471 321 278 15097 14460 110 14350 13351 2373 2327 214 2113 409 334 134 10978 2541
is_linear=0
shrinkage=0.05


Tree=19
num_leaves=31
num_cat=0
split_feature=4 4 1 11 11 12 10 15 13 15 16 13 15 14 8 15 10 3 3 5 11 11 13 14 14 13 13 13 10 16
split_gain=15.9113 6.12935 4.58797 3.01452 2.73491 8.30788 3.54909 10.1187 2.80455 7.41377 6.06391 6.99219 8.378 2.89506 2.75642 2.54454 4.09851 2.97905 2.94866 2.52153 2.35801 2.31214 2.14743 2.57704 13.5606 3.40136 4.57287 2.40163 6.15347 2.59377
threshold=0.02901328972720749 0.01712911457758164 -0.1509673176125432 -0.017068833431084392 -0.022024013564940267 0.051085091732355654 0.0033676747236286446 0.003509884961184984 13.554999828338625 0.009599712714520427 0.0097040477320496938 13.174999713897707 0.011214827333544732 -0.075454415356713087 -0.061713055945964983 -0.0085551911257786255 -0.0063062560979271201 -0.0033844697191375279 0.0073268539016746468 0.035361565640042572 0.022655282977909755 0.025024628746897374 21.954999923706058 -0.053534792570075034 -0.048564324883399894 24.385000228881839 24.695000648498539 21.724999427795414 0.0065341735331239112 0.013600539479629139
decision_type=2 2 2 2 2 2 2 2 2 2 2 2 2 2 10 2 2 2 2 2 2 2 2 2 2 2 2 2 2 2
left_child=1 -1 3 -2 5 6 7 15 9 13 -11 12 -12 -6 -9 16 18 -18 -3 22 -21 -13 27 -24 -25 -26 -27 29 -29 -4
right_child=2 4 19 -5 8 -7 -8 14 -10 10 11 21 -14 -15 -16 -17 17 -19 -20 20 -22 -23 23 24 25 26 -28 28 -30 -31
leaf_value=-0.00011852633411434788 0.0017610970122269539 -7.2899841596293441e-06 6.9020173154165688e-05 0.00031743539924760728 0.00044044967931624311 0.00028759300258576493 -0.00028660130811210179 0.00059405210470922076 -5.8421406925246227e-05 -0.00012819929842085192 -0.00044102535320090347 -0.00014646011822175403 0.0015735409447408086 -2.4903756373892906e-05 0.00037827107300861468 -9.6663656946498753e-05 0.00072317336469765946 -4.2968061223857194e-06 0.00048901477992831536 0.00084366872716256291 -8.3580430685059918e-05 0.0006705629431991352 -0.00021744822365845062 0.0010392818437817992 -0.00035983481536406631 0.0003493964362140746 7.1858436309290525e-05 0.002041968791836032 8.2199494055415343e-05 0.00031330194227580571
leaf_weight=11871 130 813 4368 81 86 40 454 41 24539 169 40 98 127 3576 289 919 84 43 66 737 239 79 750 57 516 89 1076 41 92 2084
leaf_count=11871 130 813 4368 81 86 40 454 41 24539 169 40 98 127 3576 289 919 84 43 66 737 239 79 750 57 516 89 1076 41 92 2084
internal_value=-0.000323172 -0.000742374 0.00144737 0.00874407 -0.000377111 0.0011295 0.000795495 0.00160754 -0.00052135 0.000676646 0.00630604 0.0101163 0.0174551 -0.000111962 0.00969697 0.000220778 0.00195825 0.0103543 0.000745164 0.00129416 0.00370902 0.00319209 0.00103439 -0.000217043 0.000840045 2.67686e-05 0.0015236 0.00150721 0.00815789 0.00137012
internal_weight=53594 43334 10260 211 31463 2749 2709 2255 28714 4175 513 344 167 3662 330 1925 1006 127 879 10049 976 177 9073 2488 1738 1681 1165 6585 133 6452
internal_count=53594 43334 10260 211 31463 2749 2709 2255 28714 4175 513 344 167 3662 330 1925 1006 127 879 10049 976 177 9073 2488 1738 1681 1165 6585 133 6452
is_linear=0
shrinkage=0.05


Tree=20
num_leaves=31
num_cat=0
split_feature=4 4 11 12 12 11 16 11 16 11 12 11 16 1 4 0 13 16 13 13 9 13 1 9 12 14 11 14 9 9
split_gain=16.5166 5.95903 3.65122 3.11831 4.63399 5.9446 5.61895 3.37962 2.96355 5.83358 5.44822 5.52823 4.4896 3.00461 2.65791 2.3761 2.3603 2.63624 2.33419 2.74285 2.28348 2.92253 2.35449 2.11788 2.11448 4.40921 4.03814 3.25083 8.64 2.62824
threshold=0.021715136469089461 0.038365175612427527 -0.0075284506861215674 -0.0014831774620820968 0.0065049647434682898 -0.0087471822006088256 -0.027277088526395984 -0.010042466881963584 -0.011546932244346607 0.013034559844421813 0.019854414597249462 0.034061321951450181 -0.012541080061815089 -0.1509673176125432 0.014416786614146153 -0.0053087856204725439 21.134999275207523 -0.017258976968688108 17.994999885559086 21.295000076293949 -0.21387403455603646 14.920000076293947 -0.025654701480187499 0.0030651169521939141 0.032816284988903439 0.052213768787031663 -0.015644740533217568 -0.12096344977185801 0.097065907679834043 -0.082776999727831244
decision_type=2 2 2 2 2 2 2 2 2 2 2 2 2 2 2 2 2 2 2 2 10 2 2 8 2 2 2 2 8 8
left_child=2 24 3 18 5 20 7 -6 9 12 -10 -12 13 15 -4 -3 17 -15 -1 -20 -5 -22 -23 -16 29 27 -27 28 -26 -2
right_child=1 8 14 4 6 -7 -8 -9 10 -11 11 -13 -14 16 23 -17 -18 -19 19 -21 21 22 -24 -25 25 26 -28 -29 -30 -31
leaf_value=-0.00032715184299243727 0.00016557438496668899 0.0019209322786612115 -0.00017376225873878996 -0.00025730286669017085 0.00031531252548785196 0.0029889497028874109 -4.2888666413575134e-05 1.0694076381388869e-05 -3.3882603723766961e-05 0.0014707739883930754 0.00053617855499253891 0.0021570125186794339 0.0016719464037566697 0.00047298669547471845 5.367183383309436e-06 -7.1039066042748576e-05 7.0020118800427067e-05 0.00076995140533895657 7.8016204667522967e-05 -0.00020119895717203831 0.00062455705256948899 0.00031732205267900925 0.00012646988871643197 -0.00010598817589063429 -0.00035750248807921647 0.00047247472042513509 0.00023552606768161694 3.3154826899304422e-05 0.00088988385047108695 -2.5426714830387032e-05
leaf_weight=770 1810 99 3354 192 65 59 1901 51 1783 42 996 74 43 397 2674 41 779 166 1038 977 56 79 438 16122 60 42 576 5214 40 13525
leaf_count=770 1810 99 3354 192 65 59 1901 51 1783 42 996 74 43 397 2674 41 779 166 1038 977 56 79 438 16122 60 42 576 5214 40 13525
internal_value=-0.000333222 0.000580643 -0.00117836 -4.08828e-05 0.0011246 0.00428398 -0.000166089 0.0105172 0.00225113 0.00399808 0.00129162 0.00411215 0.0034918 0.00302969 -0.00146727 0.01 0.00230253 0.00476909 -0.0012298 -0.000334989 0.00310457 0.00468586 0.00351064 -0.0012359 0.000233459 0.00103506 0.00503236 0.000570191 0.0095 -7.66233e-05
internal_weight=53463 25687 27776 5626 2841 824 2017 116 4420 1567 2853 1070 1525 1482 22150 140 1342 563 2785 2015 765 573 517 18796 21267 5932 618 5314 100 15335
internal_count=53463 25687 27776 5626 2841 824 2017 116 4420 1567 2853 1070 1525 1482 22150 140 1342 563 2785 2015 765 573 517 18796 21267 5932 618 5314 100 15335
is_linear=0
shrinkage=0.05


Tree=21
num_leaves=31
num_cat=0
split_feature=4 4 6 13 12 10 13 6 0 13 3 14 15 15 16 16 13 0 16 16 15 3 15 8 13 13 13 12 8 3
split_gain=16.7191 4.8809 4.03453 3.40952 4.87554 6.45338 2.86505 2.53974 2.48378 2.11738 2.40071 2.01884 4.06215 5.1765 3.8509 6.89532 2.31998 2.00093 2.25702 4.58328 2.22356 2.42924 5.57143 5.549 2.08316 2.82752 6.14599 4.40381 2.33331 2.28008
threshold=0.023501020857061967 0.047753545817047396 0.094841021214381843 20.375000000000004 0.0037861814309102519 0.012020703086552011 46.145000457763679 0.49492841846270902 0.0046323150323527304 28.970000267028812 -0.016272804708131191 0.010891009150098998 -0.0038006899396101908 -0.0027486234333860544 -0.0047242786493826841 -0.0064219056421993539 20.255000114440922 0.048543107308664853 0.0315529283117797 0.031402520545209318 0.012481403126499037 0.011562659745979366 0.00952174830497521 -0.017571532963078059 30.345000267028812 24.695000648498539 24.385000228881839 -0.01116014011506866 -0.048559803405862349 -0.0026130541854056384
decision_type=2 2 2 2 2 2 2 2 2 2 2 2 2 2 2 2 2 2 2 2 2 2 2 10 2 2 2 2 10 2
left_child=2 7 3 11 -5 8 9 17 -6 10 -3 -1 16 14 15 -14 -13 18 19 20 21 24 -23 -24 25 26 -2 -28 29 -26
right_child=1 6 -4 4 5 -7 -8 -9 -10 -11 -12 12 13 -15 -16 -17 -18 -19 -20 -21 -22 22 23 -25 28 -27 27 -29 -30 -31
leaf_value=-0.00014582765307682606 2.3639932780731621e-05 0.0010393657025078665 -1.9632712124447265e-05 -9.8443300709772315e-05 0.00022318230416409356 0.0038430357012929138 0.002780454519507087 0.00013679108934674353 -0.00015760916200395047 -4.168992042245257e-05 0.00053659286664291164 -0.00018180894670945773 6.2206082158088676e-05 -4.8238488263468063e-05 0.00011201769745691005 0.0011392622013237741 0.00022820224188728084 0.00114969519326062 -0.00016459628883112011 0.0010003605284307066 -0.00015858670565938902 7.954741564030355e-05 0.00091465931148786107 0.00023653975409735148 0.00024217481052949191 -0.0003327654062080745 0.00018713895066704546 0.00047024870214139411 -2.9780874128789063e-05 0.00071041482566799191
leaf_weight=12728 9788 329 12005 1223 412 40 40 4483 147 372 1576 2642 94 3143 439 73 42 54 1207 77 897 576 61 65 58 661 70 50 74 40
leaf_count=12728 9788 329 12005 1223 412 40 40 4483 147 372 1576 2642 94 3143 439 73 42 54 1207 77 897 576 61 65 58 661 70 50 74 40
internal_value=-0.000298883 0.000823321 -0.000995515 -0.00141376 0.000653127 0.00434891 0.00298446 0.000547601 0.00296064 0.00275143 0.0034252 -0.0016103 -0.000888389 0.000174712 0.00440594 0.0108683 -0.00237332 0.000209094 0.000171021 0.000371667 0.000295785 0.000483701 0.00333333 0.0128571 0.000297457 0.000208628 0.000419862 0.0116667 0.00575581 0.0108163
internal_weight=53466 20478 32988 20983 1822 599 2317 18161 559 2277 1905 19161 6433 3749 606 167 2684 13678 13624 12417 12340 11443 702 126 10741 10569 9908 120 172 98
internal_count=53466 20478 32988 20983 1822 599 2317 18161 559 2277 1905 19161 6433 3749 606 167 2684 13678 13624 12417 12340 11443 702 126 10741 10569 9908 120 172 98
is_linear=0
shrinkage=0.05


Tree=22
num_leaves=31
num_cat=0
split_feature=4 13 4 4 14 15 11 11 16 15 15 9 16 15 13 13 11 10 16 16 13 11 9 11 13 12 12 10 7 12
split_gain=15.5707 4.08394 3.51586 3.01988 2.36754 7.24623 4.95706 4.85189 2.50472 3.6517 6.87642 4.362 2.60621 3.99983 4.81729 3.22176 3.59161 2.3046 2.24542 5.0329 3.93607 3.84366 3.99755 3.99409 3.96322 3.32243 3.31838 3.70496 3.64523 3.06454
threshold=0.024979670891644292 49.655000686645515 0.017474372204168673 0.063440083676757172 0.0080830591469587282 0.014425208851226114 0.011124085891359938 0.041951569626952907 0.0086657027679308846 -0.0038006899396101908 -0.0027486234333860544 0.17634401540930836 -0.0016034350658803984 -1.0000000180025095e-35 16.355000495910648 12.925000190734865 -0.0047498302938579475 0.0207430020860534 0.021082496193039705 0.01454856902740387 12.434999942779543 0.025734816417073651 -0.061480983728231069 0.0060643551052425035 14.675000190734865 0.05549660890243658 -0.0045413720184895303 -0.001746991736331027 0.027067024232849905 0.0062346335449628984
decision_type=2 2 2 2 2 2 2 2 2 2 2 8 2 2 2 2 2 2 2 2 2 2 10 2 2 2 2 2 2 2
left_child=2 3 -1 17 18 7 -7 8 9 -6 11 -11 -12 14 -14 -15 -17 -2 19 21 -21 23 -23 24 25 29 -22 28 -28 -4
right_child=1 -3 4 -5 5 6 -8 -9 -10 10 12 -13 13 15 -16 16 -18 -19 -20 20 26 22 -24 -25 -26 -27 27 -29 -30 -31
leaf_value=-0.00010665303056763022 8.6310729473490624e-05 0.0024107498818229192 0.00042241631282765593 0.00065134879129354853 -4.1811819745471993e-05 7.245138428562314e-05 0.0017137078836399746 0.00054814490999848247 -0.00011186984613224493 0.00041003184038680273 -7.2026832589219334e-05 -4.4684974629513632e-05 0.00079876460648219474 0.00057879789631460721 0.00018301103290033422 0.00021237814924974358 -0.00016773379996120683 -0.0003030091490191607 -0.00015692321350879311 0.00120410106725019 0.00069017178307978814 0.00062190831900886079 9.2624449557013766e-05 -0.00021168580385881705 -7.6227151687611582e-05 0.00050245049495037104 0.00068743587521672312 2.9209701542275316e-05 5.3307546047112742e-05 3.4485843192526298e-05
leaf_weight=13020 15718 65 103 838 3503 49 51 82 2927 374 1116 118 59 56 197 87 502 321 3081 40 78 64 147 3563 4810 106 64 1353 62 1075
leaf_count=13020 15718 65 103 838 3503 49 51 82 2927 374 1116 118 59 56 197 87 502 321 3081 40 78 64 147 3563 4810 106 64 1353 62 1075
internal_value=-0.000301051 0.000952661 -0.000880013 0.000904484 -0.000516966 0.00011457 0.0135 -3.38112e-05 -0.000144872 0.000439121 0.00189518 0.00719512 0.000602379 0.00260266 0.00789062 0.000503875 -0.00058574 0.000751604 -0.000912967 -0.00059093 0.00201315 -0.00101236 0.00566351 -0.00115823 -0.000380704 0.00208723 0.00161528 0.00108519 0.00928571 0.00132428
internal_weight=53629 16942 36687 16877 23667 9121 100 9021 8939 6012 2509 492 2017 901 256 645 589 16039 14546 11465 1597 9868 211 9657 6094 1284 1557 1479 126 1178
internal_count=53629 16942 36687 16877 23667 9121 100 9021 8939 6012 2509 492 2017 901 256 645 589 16039 14546 11465 1597 9868 211 9657 6094 1284 1557 1479 126 1178
is_linear=0
shrinkage=0.05


Tree=23
num_leaves=31
num_cat=0
split_feature=4 11 4 13 13 12 12 1 13 13 4 15 10 2 6 13 6 16 9 12 12 13 10 6 16 16 11 9 15 11
split_gain=12.656 4.70441 4.16341 5.32747 3.64526 3.40916 4.41518 4.33496 3.1195 3.51019 3.11738 2.93141 5.65186 2.83548 2.72304 2.54532 2.44587 2.42797 3.15613 2.98393 4.01343 3.38051 2.44271 2.40933 2.45336 2.7841 2.80999 2.66769 2.46772 2.28357
threshold=0.021782810237804061 -0.0070947588285928389 0.036673664903870688 49.655000686645515 21.954999923706058 0.053746463317020383 -0.0014831774620820968 -0.0057235752109967555 17.994999885559086 21.295000076293949 0.014315537381960616 0.0098217978943738755 0.012020703086552011 -0.15266753573674688 0.094841021214381843 16.510000228881839 1.0162194452485738 -0.033406504351682791 -0.21387403455603646 0.0061046403867389696 0.028818741117549677 16.775000572204593 -0.0040208164286187889 -0.31890134799607278 -0.019201760482925431 -1.0000000180025095e-35 -0.020756034341227022 0.083995163616904858 -0.013721283439969532 -0.017068833431084392
decision_type=2 2 2 2 2 2 2 2 2 2 2 2 2 2 2 2 2 2 10 2 2 2 2 2 2 2 2 10 2 2
left_child=1 5 16 4 29 6 8 11 -1 23 -3 12 17 -6 -12 -9 -2 -8 -19 21 -21 22 -20 -10 28 26 27 -26 -25 -4
right_child=2 10 3 -5 13 -7 7 15 9 -11 14 -13 -14 -15 -16 -17 -18 18 19 20 -22 -23 -24 24 25 -27 -28 -29 -30 -31
leaf_value=-0.00030533174166103564 -1.1922756637957327e-06 -0.00016439371386252008 0.0007185111093960787 0.0022876540455333268 0.00037903729535599117 -0.00044630492592460106 0.00059807682611391589 -0.00021997978518923267 -5.5698121920132377e-05 -0.00017126435285800393 -0.00010889731819187451 -0.00050881028119692127 0.0026021701888672318 -8.3014146480756305e-05 -2.2573931630567727e-05 8.3694053035998907e-05 0.00013419600139985877 -8.5982765293830522e-05 0.00022688581401188762 1.1118341188642974e-06 0.00025622562239097389 6.4251586844585627e-05 0.00097313447744642925 0.0004168966218088712 0.00032356369839520345 -1.3561968516702934e-05 0.00015868566613443634 0.0016115772383019243 -6.0837362217801882e-05 0.00036520263381250342
leaf_weight=848 17255 3145 285 40 343 330 40 675 380 1011 12216 92 41 1389 6658 727 3133 286 63 360 196 109 77 63 48 117 164 52 347 3035
leaf_count=848 17255 3145 285 40 343 330 40 675 380 1011 12216 92 41 1389 6658 727 3133 286 63 360 196 109 77 63 48 117 164 52 347 3035
internal_value=-0.000261094 -0.00099394 0.000545525 0.00182443 0.00168052 0.000243942 0.000530195 0.00201425 -0.000775579 0.000224563 -0.00133271 0.00413766 0.00481229 -0.000178985 -0.00108986 9.98562e-05 0.000226112 0.00415119 0.00370761 0.00531056 0.00327338 0.00985944 0.015 0.00208796 0.00365992 0.00654856 0.00939394 0.016 0.000975609 0.0026506
internal_weight=53525 28045 25480 5092 5052 6026 5696 2666 3030 2182 22019 1264 1172 1732 18874 1402 20388 1131 1091 805 556 249 140 1171 791 381 264 100 410 3320
internal_count=53525 28045 25480 5092 5052 6026 5696 2666 3030 2182 22019 1264 1172 1732 18874 1402 20388 1131 1091 805 556 249 140 1171 791 381 264 100 410 3320
is_linear=0
shrinkage=0.05


Tree=24
num_leaves=31
num_cat=0
split_feature=5 5 6 6 11 16 16 0 8 0 13 14 10 10 11 3 2 3 11 10 15 13 13 11 5 15 7 16 16 11
split_gain=11.2271 4.09059 3.56096 3.08888 2.80521 2.55395 2.85958 3.17959 2.68508 2.28597 2.26076 2.69908 4.05802 4.16917 2.30814 3.69433 2.99482 2.52743 2.17661 3.1819 3.96924 2.59524 4.74833 8.70135 2.27394 2.26148 2.08454 2.06494 4.78038 1.93494
threshold=0.013754034053789518 0.035361565640042572 0.060726974087733677 0.2426294089274888 0.022655282977909755 0.0315529283117797 0.031402520545209318 -0.0038393613750361539 inf 0.034242286796825734 20.255000114440922 0.003286853869637119 0.012020703086552011 0.016350157736673924 0.014627059991814352 0.0071719307452400302 0.013344778225137246 -0.013909413656140899 -0.023324980459216712 0.0038486575209699674 0.0054868891091929281 24.695000648498539 24.119999885559086 0.021459813769517781 0.021403607572290224 -0.016757454133289326 -0.13661706501350626 -0.039503255686329335 -0.034933523755742595 0.022371671990612522
decision_type=2 2 2 2 2 2 2 2 8 2 2 2 2 2 2 2 2 2 2 2 2 2 2 2 2 2 2 2 2 2
left_child=2 3 10 5 -3 6 8 -8 18 -7 -1 12 -12 -14 15 17 -16 -13 19 20 -2 22 24 -24 -20 -23 -5 -28 -29 -4
right_child=1 4 29 26 -6 9 7 -9 -10 -11 11 14 13 -15 16 -17 -18 -19 21 -21 -22 25 23 -25 -26 -27 27 28 -30 -31
leaf_value=-0.00010302410135381985 0.00016641307080387472 0.00094319353104545386 -2.7857144228308195e-05 0.00072050413509233994 -0.00015523802606287742 -0.00020461029635626826 7.1620897884943353e-05 0.00083886421685568698 -0.00026046668460159221 0.00070285137321382128 -0.00018521549481664715 0.00029617430106808877 0.003308902041343004 -8.1518035806866262e-05 4.4875308192630501e-05 0.00032339010194942108 0.00068141394325976269 -7.9020636849468152e-06 -7.6840467518915101e-06 -0.00051204694088476793 0.00057251788603472219 0.00034919292832350673 -0.00024716175819172449 0.00060238680775997469 0.00021586565548901125 -0.00025695922183337103 -0.00013966219068027314 0.00038052771631815157 0.00012229400651781085 0.00010619134467050721
leaf_weight=16597 767 820 10402 192 252 1358 52 41 723 41 671 43 43 55 48 40 43 725 9685 175 76 84 88 80 2048 697 625 137 5719 1293
leaf_count=16597 767 820 10402 192 252 1358 52 41 723 41 671 43 43 55 48 40 43 725 9685 175 76 84 88 80 2048 697 625 137 5719 1293
internal_value=-0.000249908 0.000564242 -0.000892858 0.000421019 0.00358209 4.24116e-05 0.000239045 0.00897849 0.000182693 -0.00199786 -0.00132905 0.000425658 -0.00174903 0.0077551 0.00228587 0.00143564 0.00983516 0.000664061 0.000339415 0.00256385 0.00383748 0.000160857 0.000344088 0.00869047 0.000224579 -0.00263124 0.00132399 0.00117189 0.00146346 -0.00021163
internal_weight=53620 23660 29960 22588 1072 15915 14516 93 14423 1399 18265 1668 769 98 899 808 91 768 13700 1018 843 12682 11901 168 11733 781 6673 6481 5856 11695
internal_count=53620 23660 29960 22588 1072 15915 14516 93 14423 1399 18265 1668 769 98 899 808 91 768 13700 1018 843 12682 11901 168 11733 781 6673 6481 5856 11695
is_linear=0
shrinkage=0.05


Tree=25
num_leaves=31
num_cat=0
split_feature=5 1 6 12 6 16 5 13 13 8 13 13 12 2 14 14 10 12 10 13 10 15 14 9 14 15 16 14 16 14
split_gain=9.20884 4.60587 3.70326 4.0111 3.09759 2.64567 3.19525 3.41124 3.68285 2.85434 2.94821 5.02223 9.26033 2.60271 2.31478 6.2452 9.62623 2.51855 3.86817 2.24674 2.3581 2.25024 4.54783 7.75959 2.21597 2.95681 2.1834 5.30524 5.08719 2.88714
threshold=0.012075989053438855 -0.1509673176125432 -0.21472534322401315 -0.075828254732232245 0.93532405443460698 0.025989771031771917 0.024076572217855471 24.695000648498539 24.385000228881839 0.10875546216783728 22.330000877380375 21.724999427795414 0.051085091732355654 0.083930616423263951 -0.067583665573298909 -0.071225645536492452 0.0084135321607602415 0.032816284988903439 0.0098863943320696163 15.085000038146974 0.0018732675411667901 -0.0052472842650770337 0.022797718540964799 -0.013528310161453281 0.052213768787031663 -1.0000000180025095e-35 0.01645404907047732 0.004407866869301503 0.019866316507908269 0.049298283120689408
decision_type=2 2 2 2 2 2 2 2 2 8 2 2 2 2 2 2 2 2 2 2 2 2 2 8 2 2 2 2 2 2
left_child=4 -2 3 -3 -1 6 9 8 -8 10 11 14 -13 -14 15 17 -17 -5 -19 21 26 -16 -23 -24 -7 -26 29 28 -28 -21
right_child=1 2 -4 5 -6 24 7 -9 -10 -11 -12 12 13 -15 19 16 -18 18 -20 20 -22 22 23 -25 25 -27 27 -29 -30 -31
leaf_value=-0.00010350304045571133 0.00090254177868291045 0.00026450700259226205 5.6463944368965418e-05 -2.4176802723778311e-05 1.1456034244744857e-05 -0.00018770442322183146 0.00040361606148453082 -0.00031263641978165652 0.00042842915970884026 -0.00020723647686245433 -0.00021321907951202485 9.6467050977605285e-06 0.00044444436862978523 0.001611529930878218 -0.00016107042286408265 0.00018054153542242026 0.0032556327908057642 0.00059817106376833554 9.0682329749153794e-06 -0.00013405554079979354 -0.0001573622692811026 3.7162427009998549e-05 0.001643962756080045 0.00016341706935858784 -0.00046491334242930834 0.00087649623275314601 0.00080099647574055155 -8.2980779241526077e-05 0.00031330585771504466 0.00010797371826195163
leaf_weight=16922 206 306 15680 955 3263 2291 1340 257 46 1463 1117 174 41 40 456 93 42 57 87 2355 2010 2073 50 269 50 46 46 273 114 1373
leaf_count=16922 206 306 15680 955 3263 2291 1340 257 46 1463 1117 174 41 40 456 93 42 57 87 2355 2010 2073 50 269 50 46 46 273 114 1373
internal_value=-0.000342557 0.000168116 0.000121736 -0.000379937 -0.00118529 -0.000481366 -0.000231146 0.00184723 0.00282828 -0.000492055 -0.000230109 2.95001e-05 0.00696078 0.0209259 -0.000142886 0.00188817 0.012037 0.000641491 0.00680555 -0.00042078 -0.000956896 0.00074087 0.00135451 0.00691222 -0.00202556 0.00541667 -0.000277579 0.00308314 0.0103125 -0.00066792
internal_weight=53495 33310 33104 17424 20185 17118 14731 1643 1386 13088 11625 10508 255 81 10253 1234 135 1099 144 9019 6171 2848 2392 319 2387 96 4161 433 160 3728
internal_count=53495 33310 33104 17424 20185 17118 14731 1643 1386 13088 11625 10508 255 81 10253 1234 135 1099 144 9019 6171 2848 2392 319 2387 96 4161 433 160 3728
is_linear=0
shrinkage=0.05


Tree=26
num_leaves=31
num_cat=0
split_feature=4 6 4 4 6 11 3 11 13 16 16 16 16 11 2 13 13 9 3 13 13 11 3 9 8 11 6 13 16 13
split_gain=10.1247 3.57909 3.43271 3.21678 2.76495 2.20096 2.19499 2.16027 3.39224 3.8633 6.63724 2.64266 2.15114 3.17114 2.28016 2.20327 2.25057 2.51561 2.14678 2.03101 3.04197 2.257 3.92111 4.43742 1.85946 1.81598 1.80401 1.77166 1.75117 1.73301
threshold=0.027238801675260115 0.060726974087733677 0.068539238209223183 0.018957721909301454 1.9167569572374301 0.00053834779161687784 -0.017469210820931721 0.024405039123864495 12.454999923706056 0.0086657027679308846 0.0049490203376132422 0.022142730712657602 0.015610851920665582 0.0063364666032048609 0.14209569945330405 18.214999198913578 13.824999809265138 0.056396091790148824 0.014008864048758564 24.695000648498539 24.385000228881839 -0.022310337551763478 0.0047590774765859942 -0.13303977845325574 0.040260093967106843 0.0051016705998240272 0.68155717890061329 30.345000267028812 0.011931810946502643 20.335000038146976
decision_type=2 2 2 2 2 2 2 2 2 2 2 2 2 2 2 2 2 10 2 2 2 2 2 8 8 2 2 2 2 2
left_child=1 3 4 29 19 18 -7 11 -9 10 -10 12 13 28 15 16 17 26 -4 20 -2 22 -21 -24 -15 -17 -14 -5 -3 -1
right_child=2 7 5 27 -6 6 -8 8 9 -11 -12 -13 14 24 -16 25 -18 -19 -20 21 -22 -23 23 -25 -26 -27 -28 -29 -30 -31
leaf_value=-0.00012155768287570917 7.4036352093683535e-05 3.4173706651756261e-05 0.0010914358451250621 -4.1983469001113561e-05 0.00049239879503908547 0.0018826632293916829 -9.7067294518075561e-05 0.0017955973175964529 9.1927720767705898e-05 2.7121092532287307e-05 0.00070924955691525036 -0.00016369920829504094 0.0007066626048891888 -5.4832781603619845e-05 0.00059953848200644403 2.8730279485532151e-05 -9.7436863151542435e-05 5.4546641331181327e-05 0.0017933751237156365 -8.4586618663353544e-05 0.00029661567340264009 -0.00021611332814962288 0.0014003622184827829 0.00013299076087701299 -0.00025135584506499653 0.00047904780505539607 0.00034357734990099888 0.00033106070150674136 -0.00014527624728765344 3.2863077094353213e-05
leaf_weight=10740 9361 7257 222 13898 860 64 247 52 130 1353 54 1778 72 1885 70 92 651 216 89 559 115 969 43 114 1233 91 68 62 482 728
leaf_count=10740 9361 7257 222 13898 860 64 247 52 130 1353 54 1778 72 1885 70 92 651 216 89 559 115 969 43 114 1233 91 68 62 482 728
internal_value=-0.000292691 -0.000674864 0.000943999 -0.0010398 0.000756591 0.00456592 0.00159164 -7.55631e-05 0.00167086 0.00124593 0.00804348 -0.00027528 -1.11426e-05 -0.000238096 0.00194444 0.00142857 0.000511419 0.00370786 0.00754019 0.000546097 0.000830518 -0.00105341 0.00107542 0.00805732 -0.00158435 0.00647541 0.00892857 -0.000530087 0.000304302 -0.00166027
internal_weight=53555 40912 12643 25428 12021 622 311 15484 1589 1537 184 13895 12117 10857 1260 1190 1007 356 311 11161 9476 1685 716 157 3118 183 140 13960 7739 11468
internal_count=53555 40912 12643 25428 12021 622 311 15484 1589 1537 184 13895 12117 10857 1260 1190 1007 356 311 11161 9476 1685 716 157 3118 183 140 13960 7739 11468
is_linear=0
shrinkage=0.05


Tree=27
num_leaves=31
num_cat=0
split_feature=4 5 13 6 6 1 13 12 14 12 13 3 15 15 14 10 11 11 12 14 3 4 11 10 10 13 15 15 10 1
split_gain=10.2392 4.62989 3.82526 3.40518 3.24889 3.99166 2.99306 2.33034 2.38803 2.62881 2.13218 2.27304 1.96421 2.37056 1.73334 6.14397 6.07269 4.5129 3.92943 4.60415 3.50465 2.95537 2.64948 4.61624 2.63675 2.59094 2.31818 4.29574 3.41559 2.54225
threshold=0.031488843317728533 0.0098618030453488503 49.655000686645515 2.7686866833382786 0.62217799364720672 -0.0077755586867178641 30.345000267028812 0.027544140346580596 -0.086337752297859935 0.04279380650356613 13.59500026702881 0.013436983926600534 0.009599712714520427 0.011627462698264869 0.040951993391927573 -0.0074311122071506466 -0.011693730673341061 -0.017686145420045315 0.017951110302837473 0.043372068741787458 0.001034880211952194 0.021127161848124479 0.023858934510878397 0.0014013952122059472 -0.0051366916161676426 18.444999694824222 0.0027654380575841135 0.0029439136451996366 -0.0024374516674448006 -0.018635527802951742
decision_type=2 2 2 2 2 2 2 2 2 2 2 2 2 2 2 2 2 2 2 2 2 2 2 2 2 2 2 2 2 2
left_child=1 -1 3 7 5 6 14 -2 9 -9 11 12 -7 -14 22 -16 17 24 19 -18 -21 -22 26 -24 -17 -20 -3 -28 29 -29
right_child=2 4 -4 -5 -6 10 -8 8 -10 -11 -12 -13 13 -15 15 16 18 -19 25 20 21 -23 23 -25 -26 -27 27 28 -30 -31
leaf_value=-0.00010472328074803877 6.1647541120903566e-05 -8.0516415717855444e-05 0.0021670340508680476 0.0007729539681360731 4.0208256547635165e-05 -3.359198810149346e-05 0.00037543687745710674 0.0010467452745388268 0.00035281369009034446 0.0001551667640724167 -8.6859627825824142e-05 0.00037477000597390824 0.00062048992175124413 4.3783009701088576e-05 -5.3927775664471828e-05 0.00026992297410486737 0.0015135788104336733 0.0010825620306595836 -0.00012839654571457522 6.5758804927012687e-05 0.00011710406492967073 0.00057994372866476977 0.00071203055882073599 1.5439829603641459e-05 5.4727346474738561e-05 0.00024432196456190765 0.00039176957608186476 0.00044192774073972905 2.636633189413108e-06 -2.1424729966656684e-05
leaf_weight=7386 5767 4367 57 271 8032 2808 76 46 1857 44 16704 66 85 236 1523 59 67 55 487 246 41 49 82 202 84 118 61 71 2512 50
leaf_count=7386 5767 4367 57 271 8032 2808 76 46 1857 44 16704 66 85 236 1523 59 67 55 487 246 41 49 82 202 84 118 61 71 2512 50
internal_value=-0.000253136 -0.000544022 0.00139144 0.00129931 -0.000321815 -0.000560586 0.000246304 0.00110578 0.00260144 0.0105556 -0.000972161 0.000211266 1.75763e-05 0.00372274 0.000171728 0.00124771 0.00391376 0.0119192 0.00234127 0.00616625 0.00377976 0.0122222 -0.000228047 0.00450704 0.00723776 -0.000206613 -0.000418497 0.000734965 0.000431066 0.00863636
internal_weight=53509 45467 8042 7985 38081 30049 10150 7714 1947 90 19899 3195 3129 321 10074 2729 1206 198 1008 403 336 90 7345 284 143 605 7061 2694 2633 121
internal_count=53509 45467 8042 7985 38081 30049 10150 7714 1947 90 19899 3195 3129 321 10074 2729 1206 198 1008 403 336 90 7345 284 143 605 7061 2694 2633 121
is_linear=0
shrinkage=0.05


Tree=28
num_leaves=31
num_cat=0
split_feature=4 4 11 12 12 1 15 0 16 4 13 13 6 12 16 11 10 0 13 10 15 16 16 16 10 10 10 12 16 15
split_gain=9.63235 3.71675 3.49596 2.58275 4.1246 3.10904 2.7229 3.19588 2.46101 2.38446 2.15797 3.06355 2.00727 1.95626 1.90835 2.33235 9.72445 5.64226 3.77205 6.95451 3.83504 5.23171 3.01287 4.93939 3.81822 11.0086 7.44572 3.15366 3.83534 5.83091
threshold=0.021919580845512512 0.053063661742144462 -0.0070947588285928389 0.053746463317020383 -0.0014831774620820968 -0.0057235752109967555 0.0098217978943738755 0.013780951764426399 -0.10167659895920765 0.015233205116169496 17.994999885559086 21.295000076293949 0.37143329817181209 -0.052281388412141021 0.062116121555580557 0.034590351886677258 0.00038115432096208496 0.048543107308664853 25.505000114440922 0.017102355769033965 0.0082599946207742043 0.040438395964923497 0.021082496193039705 0.013447939865725013 0.0087442348777118113 0.010824096152379449 0.010655373456526786 0.027083039342927776 0.018258639910813893 0.0029439136451996366
decision_type=2 2 2 2 2 2 2 2 2 2 2 2 2 2 2 2 2 2 2 2 2 2 2 2 2 2 2 2 2 2
left_child=2 14 3 4 10 6 7 -6 -3 -4 -1 -12 -11 -13 15 22 -17 18 20 -20 -18 -22 23 -2 27 26 -26 28 -25 -30
right_child=1 8 9 -5 5 -7 -8 -9 -10 12 11 13 -14 -15 -16 16 17 -19 19 -21 21 -23 -24 24 25 -27 -28 -29 29 -31
leaf_value=-0.00024607571918154212 1.1914788867281772e-05 0.0024949057973524258 -0.000132279652918722 -0.00039403765131754213 0.00018275953619504019 1.7165683331890864e-05 -0.00051901814172788745 0.00062602197136812725 0.00044722578969292226 -8.2366501043168195e-05 8.8591154584469946e-05 0.00013110896545349472 -1.2957573749863844e-07 -0.00032684321130509647 -0.00059831604513263471 0.0011424789560799369 -0.00015494329232765757 0.0020020145950915831 0.0009831360005205193 -3.7051670235776135e-05 6.7117590815978783e-05 0.00069423471215817115 -0.0001217646120470156 -0.0002060312846905917 0.00044180703623620762 -0.00019860149673727649 0.0014894971783201607 0.00028490982054313107 0.00048988794645077154 -0.00011943903907349972
leaf_weight=866 16382 40 4798 333 1123 1375 95 51 1625 12987 1191 209 4600 864 221 53 891 40 48 74 293 72 2894 671 168 178 49 1096 130 217
leaf_count=866 16382 40 4798 333 1123 1375 95 51 1625 12987 1191 209 4600 864 221 53 891 40 48 74 293 72 2894 671 168 178 49 1096 130 217
internal_value=-0.000248351 0.000464958 -0.000877791 0.000182576 0.00042951 0.00188351 0.00366824 0.00432709 0.00274775 -0.00116708 -0.000798723 1.32497e-05 -0.000897539 -0.00192451 0.000303061 0.000347006 0.00227396 0.00148801 0.000950652 0.00934426 0.000135349 0.00445205 0.000216891 0.000447037 0.00251295 0.00702532 0.0145853 0.00166982 -0.000333989 0.00393372
internal_weight=53634 25142 28492 6107 5774 2644 1269 1174 1665 22385 3130 2264 17587 1073 23477 23256 1471 1418 1378 122 1256 365 21785 18891 2509 395 217 2114 1018 347
internal_count=53634 25142 28492 6107 5774 2644 1269 1174 1665 22385 3130 2264 17587 1073 23477 23256 1471 1418 1378 122 1256 365 21785 18891 2509 395 217 2114 1018 347
is_linear=0
shrinkage=0.05


Tree=29
num_leaves=31
num_cat=0
split_feature=4 5 9 14 11 1 9 16 15 16 2 13 13 13 14 11 11 16 8 0 8 14 11 13 13 11 14 14 13 5
split_gain=8.80669 3.68723 2.35726 2.19768 11.9688 2.97835 3.04388 3.65004 4.17753 7.79155 4.18802 3.97346 2.73626 2.53817 2.56568 2.14369 2.14066 3.75573 2.12192 2.04824 2.80473 2.10268 2.88935 1.91423 1.90499 4.48222 2.06898 6.26199 6.49513 3.61268
threshold=0.021396269850156486 0.035361565640042572 0.063893192852772632 0.049298283120689408 0.041951569626952907 -0.0067016985475003002 -0.2309971263750856 -0.10167659895920765 -0.012947114369412092 -0.036179446976329126 -0.09494369741829288 25.19999980926514 24.695000648498539 24.385000228881839 -0.0043060965648996632 0.022655282977909755 -0.028186613773187038 -0.01847607363222897 -0.032105072962538721 -0.014018601109421767 0.052908097464463462 0.065842641676127869 -0.0075284506861215674 18.510000228881839 13.59500026702881 0.032599070140324489 -0.012410493039419599 -0.013693091090924312 17.154999732971195 0.015322774521286482
decision_type=2 2 8 2 2 2 10 2 2 2 2 2 2 2 2 2 2 2 10 2 10 2 2 2 2 2 2 2 2 2
left_child=2 3 -1 12 5 6 7 -5 11 -10 -11 -9 13 24 -15 -3 17 -14 -7 -8 21 22 -21 -17 25 -2 27 -26 -29 -30
right_child=1 15 -4 4 -6 18 19 8 9 10 -12 -13 16 14 -16 23 -18 -19 -20 20 -22 -23 -24 -25 26 -27 -28 28 29 -31
leaf_value=-1.7204431757187616e-05 8.7389347385943307e-05 0.00083554840410460197 -8.3892762380827687e-05 0.0012788928652843559 0.0010422952067061122 -0.00022174492869376776 -1.5186274273993592e-05 -0.00037177325225991266 0.0017483367971848505 0.00094444123076189296 0.00015603566155181271 0.00058590449951683224 -0.00011273350547661198 -0.00015534604181929575 0.00030746123651829906 0.0011797511215060575 -0.00020602999125618514 0.00077784377191739162 3.8102946062760096e-05 0.00085921751546720387 0.00038325187770867894 2.9054123327141963e-05 5.976436052359813e-05 -0.00041316131842897844 1.7248579996929924e-05 0.0018740418090280103 -6.8253340952222413e-05 -0.00032129635399432918 0.00025915940903303608 0.001115473295642344
leaf_weight=8490 2250 827 18167 55 46 639 1378 337 41 88 261 112 241 56 107 74 997 50 1437 54 117 665 90 170 9269 42 7249 78 64 50
leaf_count=8490 2250 827 18167 55 46 639 1378 337 41 88 261 112 241 56 107 74 997 50 1437 54 117 665 90 170 9269 42 7249 78 64 50
internal_value=-0.000297285 0.000341975 -0.00094103 0.000222518 0.00112782 0.000906332 0.00186366 0.00434004 0.00352205 0.00730769 0.00488539 0.000233852 -1.29577e-05 0.000136967 0.00634969 0.00321662 -0.00224379 0.00152921 -0.000568402 0.000902777 0.00272138 0.00167491 0.00715278 -0.000901641 8.36742e-05 0.00143543 -0.000101737 0.000385265 0.00932292 0.0169298
internal_weight=53501 26844 26657 25773 5320 5274 3198 894 839 390 349 449 20453 19165 163 1071 1288 291 2076 2304 926 809 144 244 19002 2292 16710 9461 192 114
internal_count=53501 26844 26657 25773 5320 5274 3198 894 839 390 349 449 20453 19165 163 1071 1288 291 2076 2304 926 809 144 244 19002 2292 16710 9461 192 114
is_linear=0
shrinkage=0.05


Tree=30
num_leaves=31
num_cat=0
split_feature=4 11 8 12 16 12 13 15 15 15 13 13 15 2 13 11 4 11 3 13 3 13 4 15 9 12 9 16 12 16
split_gain=6.90821 3.70605 3.87831 3.60278 7.70683 3.73177 5.34577 5.80279 12.9247 4.87903 3.93305 3.91184 6.90449 4.83266 3.36835 11.8091 3.13457 3.1214 4.35307 3.31304 3.29979 2.72667 2.6496 2.63736 2.33522 2.2706 2.24035 3.07977 3.83558 4.23652
threshold=0.019662189343744921 -0.023324980459216712 -0.24449305385420342 0.030225182467667037 0.050092773567672506 0.042234470374777462 17.050000190734867 0.010608314012744537 0.011214827333544732 0.011465316464633004 18.82499980926514 13.174999713897707 0.011214827333544732 0.11422704412047759 21.409999847412113 0.0079966133143608582 0.049420540507116438 -0.025492128925019227 0.0018762835480763409 24.630000114440922 -0.0035401541890602291 26.85000038146973 0.040324035680702953 0.0011971167453040945 0.035437178365147599 0.12832311621465078 0.15761121891401622 0.0059799400868896244 0.047608041860818802 0.002438037163635332
decision_type=2 2 8 2 2 2 2 2 2 2 2 2 2 2 2 2 2 2 2 2 2 2 2 2 8 2 8 2 2 2
left_child=24 2 -2 -3 5 6 7 -5 -9 10 -8 12 16 -14 -13 -16 26 18 -4 -20 -19 -21 23 -23 -1 -17 27 28 -7 -30
right_child=1 3 17 4 -6 11 9 8 -10 -11 -12 14 13 -15 15 25 -18 20 19 21 -22 22 -24 -25 -26 -27 -28 -29 29 -31
leaf_value=1.0848858712618982e-06 0.0019891021337110708 -3.1751212204907178e-05 -7.5008146065837157e-05 9.7609821724761091e-06 0.0014802095594619532 -8.0239812125535687e-05 0.00066464961862124463 0.00088229396141477215 0.00019281869180446802 -9.0751726127834048e-05 0.00031913623936321049 -0.00010199619595944584 0.00047740277393320515 0.0019720918871217563 0.0016025491735444258 -0.0002070663365310547 0.0020353211260218137 0.00050560686430110543 4.3462364848184662e-05 0.00055981093355541396 7.158668622573684e-05 -0.00063558800561506503 0.0012990158428257939 0.00023901914747595125 -8.2778514099703779e-05 0.00017612131068720836 -0.0002159408569448029 -5.0023712672783199e-05 0.00024912566297203892 0.00073480995792419375
leaf_weight=4197 59 19676 1479 2969 49 69 367 42 286 216 240 4524 55 40 60 218 40 260 580 88 275 80 57 130 16654 66 307 340 59 54
leaf_count=4197 59 19676 1479 2969 49 69 367 42 286 216 240 4524 55 40 60 218 40 260 580 88 275 80 57 130 16654 66 307 340 59 54
internal_value=-0.000327444 0.000126203 0.00179854 -4.33007e-05 0.000729426 0.000632033 0.00178398 0.000884136 0.00719512 0.00538882 0.00768534 -0.000181757 0.00272821 0.0155263 -0.000758013 0.00401163 0.00132911 0.00154459 0.000778789 0.0034492 0.005 0.00725352 0.00473783 0.00214286 -0.00103856 -0.00024648 0.00066948 0.00266283 0.00791209 0.0135841
internal_weight=53536 32685 3008 29677 10001 9952 4120 3297 328 823 607 5832 964 95 4868 344 869 2949 2414 935 535 355 267 210 20851 284 829 522 182 113
internal_count=53536 32685 3008 29677 10001 9952 4120 3297 328 823 607 5832 964 95 4868 344 869 2949 2414 935 535 355 267 210 20851 284 829 522 182 113
is_linear=0
shrinkage=0.05


Tree=31
num_leaves=31
num_cat=0
split_feature=4 6 15 15 14 14 7 14 12 13 3 14 14 12 9 13 12 13 13 3 14 15 12 9 1 2 15 10 0 12
split_gain=7.37572 3.16614 2.99391 3.38192 3.30947 3.07652 3.97142 3.05068 7.39707 3.24626 3.08484 2.95608 7.59737 4.26373 3.81387 7.14225 5.93808 2.78821 2.58889 2.78622 2.47548 2.46621 2.39552 2.72777 2.31909 2.27634 2.1886 2.16698 2.80872 2.44124
threshold=0.024075475611144419 -0.83189382010932789 0.0027654380575841135 0.0034254691901473015 -0.0091057157714133346 -0.035621573523768706 0.027507963977979725 0.009860755526874045 0.035088543452977745 13.894999980926515 0.0034815574179869473 -0.067583665573298909 -0.068623004427642229 0.044995713413884093 -0.015229892903985963 15.654999732971193 0.031500787286736449 49.655000686645515 14.465000152587892 0.0030853950619037511 0.03406338940495391 0.0077637249083741819 -0.032606215925707109 0.054254130113815087 -0.0016689659154281997 -0.021379863344781865 -0.003664416062244324 0.0021398765862171714 0.017052641694796037 0.048426853318079395
decision_type=2 2 2 2 2 2 2 2 2 2 2 2 2 2 10 2 2 2 2 2 2 2 2 10 2 2 2 2 2 2
left_child=1 20 -3 4 5 -4 -7 11 -9 10 27 12 14 24 15 16 -5 -2 -11 -20 -1 -17 23 -13 -14 -25 -22 -10 29 -29
right_child=17 2 3 7 -6 6 -8 8 9 18 -12 22 13 -15 -16 21 -18 -19 19 -21 26 -23 -24 25 -26 -27 -28 28 -30 -31
leaf_value=-0.00014994585109471609 4.6100867423419655e-05 -6.0280347960400611e-05 -0.00040224492492876195 0.00034450305023761302 1.9258479060852234e-05 0.00046423448598593276 0.00012418496617529353 -5.0806389050936081e-05 0.00051255364306689044 -0.00033084782902034223 0.00023680738302139868 1.4228657146251904e-05 0.0023181950518755298 -7.9658263056730819e-05 -5.5048658474625851e-05 0.00032255268750351271 0.00063854608534716915 0.0012983697467326498 0.00013632126819969892 0.00042513756274471207 -9.0242838191104775e-05 -0.00011242377866114194 -9.4371370977278825e-05 0.00074898470615673471 0.00077262993574839602 0.00020154951558524231 0.00015025630292271865 0.00049394951497846117 0.0014801343311837837 -4.124554095660851e-05
leaf_weight=4661 18853 16846 63 90 473 201 113 1478 76 140 127 321 42 44 1589 88 67 62 134 40 674 383 6107 52 52 40 517 99 41 73
leaf_count=4661 18853 16846 63 90 473 201 113 1478 76 140 127 321 42 44 1589 88 67 62 134 40 674 383 6107 52 52 40 517 99 41 73
internal_value=-0.000250814 -0.000684504 -0.00046892 0.000137014 0.00317647 0.00667109 0.00869427 -9.60943e-05 0.00156703 0.00568493 0.00858173 -0.00050986 0.00100849 0.0123913 0.000299954 0.00359872 0.0128344 0.000543218 0.00184713 0.00591954 -0.0017447 0.000520169 -0.00105828 0.00262712 0.0184043 0.0102174 0.000289671 0.011436 0.00884976 0.00604651
internal_weight=53546 34631 28779 11933 850 377 314 11083 2208 730 416 8875 2355 138 2217 628 157 18915 314 174 5852 471 6520 413 94 92 1191 289 213 172
internal_count=53546 34631 28779 11933 850 377 314 11083 2208 730 416 8875 2355 138 2217 628 157 18915 314 174 5852 471 6520 413 94 92 1191 289 213 172
is_linear=0
shrinkage=0.05


Tree=32
num_leaves=31
num_cat=0
split_feature=4 13 4 8 16 6 8 10 8 13 16 13 15 15 16 13 11 15 15 16 11 12 13 11 13 10 12 11 15 11
split_gain=7.52847 3.46553 3.37859 3.05822 3.44113 3.02948 3.0005 2.24351 2.14002 4.71624 2.50597 8.53751 3.25594 7.3293 6.95763 5.19207 4.03046 4.73687 8.13815 5.45458 6.16487 3.98785 3.48787 6.85967 6.0722 3.80511 3.652 2.65162 2.59102 2.49409
threshold=0.031488843317728533 49.655000686645515 0.013971991854854418 0.12325688477778975 0.011296037346416156 1.2053026729582885 0.16336548475981663 0.0038486575209699674 0.043966998038892487 12.119999885559084 0.020947928184240631 25.010000228881839 -0.0037053752716698636 -0.0030877586682592213 -0.0047242786493826841 18.214999198913578 0.021459813769517781 0.010608314012744537 0.01203278496359095 0.020805835257184716 0.022655282977909755 0.026646487764570907 13.554999828338625 0.0099206005901721923 13.234999656677248 0.0035916087266854029 0.046695407011373098 0.0038135025222709733 0.022521474553365509 0.0026615603308526308
decision_type=2 2 2 10 2 2 10 2 8 2 2 2 2 2 2 2 2 2 2 2 2 2 2 2 2 2 2 2 2 2
left_child=2 3 -1 -2 -5 8 -6 -8 10 -10 12 28 27 14 21 -16 22 19 -19 20 -18 -14 23 24 26 -26 -15 29 -12 -4
right_child=1 -3 5 4 6 -7 7 -9 9 -11 11 -13 13 16 15 -17 17 18 -20 -21 -22 -23 -24 -25 25 -27 -28 -29 -30 -31
leaf_value=-0.00011935176369671556 7.8112132612601849e-05 0.0018622259241128326 -3.5318170109068456e-05 0.00024191886963683342 0.0018481737328463609 6.3781899089829474e-05 0.00035251519524563202 0.0014270100839891169 0.0014127509379830861 -8.7850714777122182e-05 -0.00011890785883882722 0.00056287400397109254 0.0010158553504016191 4.4437547186992984e-05 -0.00021268142968899857 0.0006539693877863832 0.0004120674849798562 0.00069992699781370158 0.00014334954003683293 0.00071241422195943518 -8.4841819064146256e-05 0.00020426845846124877 -2.8956209205906676e-05 -6.2710316900478177e-05 0.00055249958105478135 0.00040626655494053245 0.00051713881433134606 -0.00016631412600847444 0.00025563295510903255 0.00024042781169474758
leaf_weight=3187 7306 49 4447 407 57 5220 130 100 77 12379 3932 69 85 480 257 97 160 43 101 44 556 128 10604 888 102 112 128 2179 111 149
leaf_count=3187 7306 49 4447 407 57 5220 130 100 77 12379 3932 69 85 480 257 97 160 43 101 44 556 128 10604 888 102 112 128 2179 111 149
internal_value=-0.000278443 0.0011312 -0.000527617 0.00105 0.0042219 -0.000409466 0.00841463 0.00586956 -0.000568036 -0.00110228 -0.000298315 -0.0014251 -7.29584e-05 0.000368153 0.00593474 0.00163842 0.000129368 0.00335177 0.0116667 0.00177631 0.000726256 0.0130751 -0.000107196 0.0019883 0.0052798 0.0125234 0.00273026 -0.000970481 -0.00172273 -0.000289383
internal_weight=53584 8049 45535 8000 694 42348 287 230 37128 12456 24672 4112 20560 13785 567 354 13218 904 144 760 716 213 12314 1710 822 214 608 6775 4043 4596
internal_count=53584 8049 45535 8000 694 42348 287 230 37128 12456 24672 4112 20560 13785 567 354 13218 904 144 760 716 213 12314 1710 822 214 608 6775 4043 4596
is_linear=0
shrinkage=0.05


Tree=33
num_leaves=31
num_cat=0
split_feature=4 12 12 9 13 11 12 14 16 9 12 12 10 2 13 13 10 9 16 12 14 11 8 5 2 16 11 16 9 16
split_gain=6.66901 3.24656 6.00158 13.8999 7.69247 4.0914 13.8057 8.19791 5.50261 4.16304 5.6752 5.12603 4.27348 3.38652 2.8429 7.26178 7.53622 10.7339 3.8875 2.74561 4.07928 3.98095 3.65612 2.72603 2.66784 2.66043 9.44198 8.65742 7.5747 3.76496
threshold=0.021194422414681061 0.032816284988903439 0.035394075274519328 -0.361479131568124 17.530000686645511 0.0032511788494672404 0.073733848686565309 0.022797718540964799 0.0059799400868896244 -0.2309971263750856 0.03864981957839065 0.038133525920499241 -0.0040208164286187889 0.12218448304161635 16.550000190734867 16.875000000000004 0.010655373456526786 0.081792865227122161 -0.0059755909324578074 0.061412556981192197 -0.042837654521053752 0.031976499172701407 0.11371853822715285 0.020502287418418769 0.18015551491761753 -0.011546932244346607 0.021590263312926242 -0.012541080061815089 0.13712847658908947 -0.0059755909324578074
decision_type=2 2 2 10 2 2 2 2 2 10 2 2 2 2 2 2 2 8 2 2 2 2 10 2 2 2 2 2 8 2
left_child=-1 14 3 -3 -5 6 8 13 9 -4 11 -11 -12 -8 -2 16 18 -18 -16 21 24 -7 23 -23 -21 26 27 -17 -29 -27
right_child=1 2 5 4 -6 19 7 -9 -10 10 12 -13 -14 -15 15 25 17 -19 -20 20 -22 22 -24 -25 -26 29 -28 28 -30 -31
leaf_value=-5.4552183470983132e-05 -7.8996989046075102e-05 0.00083562410298601846 -4.6811609759466778e-05 4.3027273477038751e-05 0.00074300411298870489 2.9969114482523166e-05 0.0012358136875128376 0.00035866835259233052 -0.00025149911874041336 0.00037943600322527338 0.00047652478760184342 0.0012151297875121292 -0.00011504429847270593 0.0014868140837230683 -8.4059550934097852e-05 3.6346669027548145e-05 0.0021301211335524204 0.00033023069020436446 0.00037151619539512739 6.1988802476877337e-05 -0.00024726226248119102 7.579157877747879e-05 0.0017843977264792067 0.00098449159733777938 0.00093249773701795406 -0.00039067509378333857 0.0010702304592236712 6.1430219846173465e-05 0.0013938323678730881 -5.5941142006820015e-06
leaf_weight=26224 6566 103 399 492 46 2647 54 95 541 69 250 41 244 44 230 5827 43 57 402 279 1570 238 42 40 53 932 64 49 45 5977
leaf_count=26224 6566 103 399 492 46 2647 54 95 541 69 250 41 244 44 230 5827 43 57 402 279 1570 238 42 40 53 932 64 49 45 5977
internal_value=-0.000229489 0.000315426 0.00122326 0.00584243 0.00262082 0.000775052 0.00285838 0.0154663 0.00128238 0.00347458 0.00609271 0.0163636 0.00380567 0.0256122 -1.04014e-05 0.000401437 0.0052459 0.018 0.00322785 3.18329e-05 -0.00145111 0.000982473 0.00625 0.00417266 0.00358434 0.000126414 0.000898077 0.000691605 0.0157447 -0.000542048
internal_weight=53663 27439 7247 641 538 6606 1737 193 1544 1003 604 110 494 98 20192 13626 732 100 632 4869 1902 2967 320 278 332 12894 5985 5921 94 6909
internal_count=53663 27439 7247 641 538 6606 1737 193 1544 1003 604 110 494 98 20192 13626 732 100 632 4869 1902 2967 320 278 332 12894 5985 5921 94 6909
is_linear=0
shrinkage=0.05


Tree=34
num_leaves=31
num_cat=0
split_feature=5 6 14 15 16 15 10 5 5 13 1 14 6 13 6 14 10 11 14 9 14 8 13 15 14 10 10 13 13 7
split_gain=6.25236 3.66398 3.12664 4.18666 3.29445 4.12725 4.47846 3.3987 2.98734 2.82603 2.85501 2.33719 2.2906 2.34233 2.24839 2.00718 4.71273 1.99527 6.63544 3.43003 2.20991 2.11246 2.56002 1.93986 3.24247 1.857 2.62687 2.44353 2.3501 2.05994
threshold=0.019928747835533795 -0.89104896326189087 0.039671535485110161 -0.0037053752716698636 0.0065756350997653321 0.0027654380575841135 -0.0069332481569183138 0.013391328887745335 0.0099077880726477097 17.090000152587894 -0.037965786965453489 -0.081825770158787711 0.62217799364720672 12.230000019073488 -0.057187814054920134 -0.086337752297859935 0.0098863943320696163 0.041951569626952907 0.020823614308890352 0.22267509715686432 -0.060408912479391223 0.10074644920903743 12.434999942779543 0.014749286997851276 -0.10816573528732347 -0.00083771679108757258 -0.0019500004630599863 15.194999694824221 16.550000190734867 0.097688573688708771
decision_type=2 2 2 2 2 2 2 2 2 2 2 2 2 2 2 2 2 2 2 10 2 8 2 2 2 2 2 2 2 2
left_child=1 2 -1 -4 5 6 -5 -8 -3 15 11 -11 17 -14 -12 16 -2 21 19 20 -19 -10 -23 24 -15 26 28 -28 -17 -27
right_child=9 8 3 4 -6 -7 7 -9 12 10 14 -13 13 23 -16 25 -18 18 -20 -21 -22 22 -24 -25 -26 29 27 -29 -30 -31
leaf_value=-0.00013978317087964321 0.0014471944299353084 -7.3731904174685755e-05 -0.00013164990931561346 -7.4747568974989581e-05 -4.2523118559731944e-05 -0.00021957076847413054 0.0003822764100117803 0.00087423473940022366 -1.7415331623181069e-05 -0.00036080310561564994 -8.6811825247082156e-05 0.00034629169703624804 0.0013779044272829849 0.00026668775413318276 0.0001918673004838309 0.00019705456379411892 1.5068429866703436e-05 0.00035019189124787023 0.00052534633253368873 0.00042830669604106136 -0.00023699737087261956 0.0010379720083592255 -0.00013890387152930183 -0.00012479496276693712 4.2728542972042966e-05 1.8313016972091063e-05 0.0014663873863606147 0.00036201257426884731 0.00079332379369694028 0.00088594898523333969
leaf_weight=5588 48 6622 692 63 235 53 117 60 21546 214 2542 1182 77 234 916 398 65 105 71 41 408 42 2557 630 7489 1056 61 98 72 259
leaf_count=5588 48 6622 692 63 235 53 117 60 21546 214 2542 1182 77 234 916 398 65 105 71 41 408 42 2557 630 7489 1056 61 98 72 259
internal_value=-0.000275584 -0.000483595 -0.00155552 0.000737704 0.00409091 0.00762799 0.0104167 0.0144915 -0.000300338 0.00112791 0.000469715 0.00237822 -0.000106929 0.000604981 -0.000300753 0.00268109 0.00915929 -0.000349214 0.00244 0.000595667 -0.00051657 -0.000421413 -0.00176799 0.00052496 0.000742586 0.00230453 0.00453895 0.0100943 0.00265957 0.00123574
internal_weight=53541 46630 6808 1220 528 293 240 177 39822 6911 4854 1396 33200 8430 3458 2057 113 24770 625 554 513 24145 2599 8353 7723 1944 629 159 470 1315
internal_count=53541 46630 6808 1220 528 293 240 177 39822 6911 4854 1396 33200 8430 3458 2057 113 24770 625 554 513 24145 2599 8353 7723 1944 629 159 470 1315
is_linear=0
shrinkage=0.05


Tree=35
num_leaves=31
num_cat=0
split_feature=4 6 13 8 13 10 4 13 10 12 10 11 3 12 3 9 10 13 14 10 1 13 11 13 10 10 11 13 10 10
split_gain=5.36708 3.63811 2.74763 4.60355 3.01541 7.79225 2.18584 2.06922 2.93669 3.32176 3.12369 2.44104 2.18484 3.3854 2.00447 2.26637 1.89605 3.25498 1.73027 2.30996 2.18897 2.76675 1.72567 3.92253 2.21192 3.66049 4.11923 5.07739 8.18943 2.05002
threshold=0.027238801675260115 -0.89104896326189087 21.954999923706058 -0.24449305385420342 21.724999427795414 0.0042053175774743332 0.017072383946396919 13.554999828338625 0.00048358737476139618 0.078665433833488688 0.00063381300570131149 0.031328767211223359 0.00034945688605303454 0.026209959433217581 -0.025394888746447849 0.027012145431082438 0.018838458170826636 16.260000228881839 0.020125848996620292 -0.0080075865289204722 -0.020804028773705959 14.734999656677248 -0.0070947588285928389 25.505000114440922 -0.0072745157566194698 0.0033676747236286446 -0.0093898392090148147 19.585000038146976 0.0077313618831305062 -0.00038722571471944128
decision_type=2 2 2 8 2 2 2 2 2 2 2 2 2 2 2 8 2 2 2 2 2 2 2 2 2 2 2 2 2 2
left_child=1 18 4 -4 14 -6 -3 8 12 10 -10 -12 -8 -14 15 -2 -16 -18 -1 -20 21 -21 24 -24 -9 29 -27 -28 -29 -26
right_child=2 6 3 -5 5 -7 7 22 9 -11 11 -13 13 -15 16 -17 17 -19 19 20 -22 -23 23 -25 25 26 27 28 -30 -31
leaf_value=-0.00014218083859369614 -0.00023336518527698204 -5.3528841457688792e-05 0.0014777173024128655 -7.5671598597750877e-05 0.0017373626296276101 1.9183322879975522e-06 -0.00018625761955326882 -4.8640323400901696e-05 0.00031427602460495999 0.00065801360900658587 6.5302758858690952e-05 0.001374147470459325 0.0004791999581717283 -2.0817831015729188e-06 7.703734013023439e-05 0.00091471787799906809 0.00058275740350640119 0.0002054638425767936 -0.00017806552726026424 -0.00011565241728727564 1.4972726595649965e-05 0.00050377253282884126 -4.2366925618798636e-05 0.00046966561955329536 7.7620885214187032e-05 -0.0001653726180909873 -2.2234883820087399e-05 -0.00063246140463993979 0.002843003208217653 0.00022866430416652127
leaf_weight=4420 98 9942 75 3181 64 132 563 2225 66 87 2117 53 43 426 8746 177 58 114 414 45 1014 107 15447 48 1804 1168 210 46 71 688
leaf_count=4420 98 9942 75 3181 64 132 563 2225 66 87 2117 53 43 426 8746 177 58 114 414 45 1014 107 15447 48 1804 1168 210 46 71 688
internal_value=-0.00022638 -0.000504098 0.000674178 -0.000577397 0.00110821 0.0072449 -0.000309109 -6.02518e-05 0.00109538 0.00208136 0.00170841 0.00138249 -0.00112403 0.00139659 0.000977373 0.00518182 0.000847723 0.00604651 -0.00164167 -0.00022152 0.000917666 0.00651316 -0.000238864 -0.000521137 0.000465227 0.00117005 -0.000785954 0.00417431 0.0125214 0.0023435
internal_weight=53649 41004 12645 3256 9389 196 35004 25062 3355 2323 2236 2170 1032 469 9193 275 8918 172 6000 1580 1166 152 21707 15495 6212 3987 1495 327 117 2492
internal_count=53649 41004 12645 3256 9389 196 35004 25062 3355 2323 2236 2170 1032 469 9193 275 8918 172 6000 1580 1166 152 21707 15495 6212 3987 1495 327 117 2492
is_linear=0
shrinkage=0.05


Tree=36
num_leaves=31
num_cat=0
split_feature=5 6 12 13 8 13 15 6 14 14 10 10 10 13 10 12 11 5 6 5 14 14 10 10 9 5 13 11 15 14
split_gain=5.18277 2.59135 3.30882 2.42724 2.42539 2.31503 5.29143 2.10094 2.01798 8.96145 7.86064 2.29849 4.42736 8.22887 4.31931 4.27921 2.72166 2.27321 2.2004 1.94427 1.94656 3.42541 1.94365 2.51804 4.44868 1.99549 1.90869 2.81975 3.52179 4.50914
threshold=0.012409155219877415 -0.18998856548260704 -0.075828254732232245 22.330000877380375 inf 12.230000019073488 0.0071175278622087621 -0.91289584914877187 -0.067583665573298909 -0.071225645536492452 0.010655373456526786 -0.0001525908648420948 -0.001991975985961902 18.719999313354496 -0.0018123893917819098 0.012875876838212565 0.0084762123288910658 0.017276983040435422 -0.72938122280086481 0.016556146304783043 0.03011365738187333 0.048234950984074383 0.0207430020860534 0.018838458170826636 -0.082776999727831244 0.025557973724569149 15.355000019073488 -0.0015936662875054017 0.0029048202535676419 -0.035621573523768706
decision_type=2 2 2 2 8 2 2 2 2 2 2 2 2 2 2 2 2 2 2 2 2 2 2 2 10 2 2 2 2 2
left_child=7 2 -2 4 8 6 -3 -1 9 -4 -11 12 16 14 18 -15 -10 -17 -14 -16 -21 -22 23 25 -25 -7 27 28 -13 -30
right_child=1 5 3 -5 -6 22 -8 -9 11 10 -12 26 13 15 19 17 -18 -19 -20 20 21 -23 -24 24 -26 -27 -28 -29 29 -31
leaf_value=-0.00013042575201857497 0.00022411778394499434 -0.00032551879456765918 2.8376428642125569e-05 -0.00016746093560876009 -0.00021008305261914148 2.7738827279355051e-05 0.0016688302007174666 -4.4716293891434501e-05 2.5261114393817922e-05 0.00031356232911195181 0.0029712007592011258 -0.00041299017964361792 0.00063522433680725525 -0.00022549427724998647 -0.00011433695334524489 0.000450487477428487 -0.00024710606877434421 0.0016683649723226214 0.00033024890837979424 3.6496136060027764e-05 0.0013873293718488691 -0.00052841531955292185 -0.00025280315957082266 0.0011112416228211384 0.00014009600855171623 0.00044874553642267441 -0.00010741171991080646 -3.4615684901189263e-05 -4.0064696216805705e-05 0.0010307702063802715
leaf_weight=2941 318 54 1491 2107 737 12779 44 19160 3062 99 56 96 41 49 626 123 828 42 91 215 49 40 294 46 114 1197 3964 2771 58 76
leaf_count=2941 318 54 1491 2107 737 12779 44 19160 3062 99 56 96 41 49 626 123 828 42 91 215 49 40 294 46 114 1197 3964 2771 58 76
internal_value=-0.0002957 0.00011647 -0.000303738 -0.000400398 -0.000170182 0.000606414 0.0082653 -0.00088254 -2.06878e-05 0.00162211 0.0130645 -0.000243592 0.000555554 0.00311128 0.00130885 0.0120561 -0.000282778 0.0159091 0.00977273 0.000107526 0.00338816 0.00960674 0.000554399 0.000638086 0.006875 0.000566685 -0.000836326 0.00011496 0.00543478 0.0106716
internal_weight=53568 31467 16939 16621 14514 14528 98 22101 13777 1646 155 12131 5166 1276 1062 214 3890 165 132 930 304 89 14430 14136 160 13976 6965 3001 230 134
internal_count=53568 31467 16939 16621 14514 14528 98 22101 13777 1646 155 12131 5166 1276 1062 214 3890 165 132 930 304 89 14430 14136 160 13976 6965 3001 230 134
is_linear=0
shrinkage=0.05


Tree=37
num_leaves=31
num_cat=0
split_feature=4 1 13 3 16 16 16 15 14 2 16 15 13 15 11 15 13 15 13 9 16 12 12 12 13 1 13 4 9 16
split_gain=4.11577 2.68738 2.65569 2.92378 2.57166 3.18989 2.89572 4.3853 4.73015 4.11123 2.85844 2.41082 2.37313 2.05163 2.48459 2.2814 9.24201 4.66274 3.90003 3.63974 2.91525 3.13301 3.90904 5.74444 7.70796 4.51064 4.79286 4.17986 2.33685 2.84841
threshold=0.031488843317728533 -0.0077755586867178641 21.954999923706058 0.037174236210763108 -0.012283321355345432 -0.017258976968688108 0.013277331824823825 -0.0035274255540788664 0.016378333086022993 -0.039809588106624987 0.014721828577338504 -1.0000000180025095e-35 21.724999427795414 -0.0054566192714822206 -0.036898876616972491 1.0000000180025095e-35 25.505000114440922 0.0021051432659990881 16.345000267028812 0.25039520960085132 -0.0047242786493826841 0.088558977923196683 -0.01116014011506866 0.0027925982816148225 18.214999198913578 0.017389936979429258 19.440000534057621 0.023501020857061967 0.049161249634292588 0.010887403669970099
decision_type=2 2 2 2 2 2 2 2 2 2 2 2 2 2 2 2 2 2 2 8 2 2 2 2 2 2 2 2 10 2
left_child=1 -1 4 -4 5 -2 12 8 -8 -9 11 -11 -6 -3 -15 16 18 -17 28 20 -20 22 -22 25 -25 -24 -27 -26 29 -16
right_child=2 13 3 -5 6 -7 7 9 -10 10 -12 -13 -14 14 15 17 -18 -19 19 -21 21 -23 23 24 27 26 -28 -29 -30 -31
leaf_value=6.4287653247442245e-06 0.00018657420849885447 -0.00011951475844578278 -7.512989705943813e-05 0.001451049878667841 -7.2398246884446555e-05 0.00066298611067949255 0.0012312073155650329 -0.00014513583419534777 0.00024600032106683503 9.624835870591445e-05 0.00033964741291131646 0.0023128782134187527 0.0010103888233084478 0.00012043869453366384 0.00013791526057078214 -0.00023588040965244581 0.00059841999015806512 -3.2282289112620163e-05 -4.8848567889294587e-05 -6.7062062825970557e-05 -9.6312476632042694e-05 -0.000160118162301589 0.00016745950920165037 3.1834874927421989e-05 0.00035467690209166174 0.00094694104357299241 0.00016909369063616898 0.0010466834941972555 -0.00012269930089152601 -0.00012377589968583949
leaf_weight=15343 813 4900 2422 79 2453 406 76 685 93 42 752 51 108 57 865 2931 48 15193 568 868 285 176 108 809 240 76 51 74 2239 752
leaf_count=15343 813 4900 2422 79 2453 406 76 685 93 42 752 51 108 57 865 2931 48 15193 568 868 285 176 108 809 240 76 51 74 2239 752
internal_value=-0.000239252 -0.000422637 0.000808269 -0.000541784 0.00142453 0.00344955 0.000845069 0.00244556 0.0100888 0.00160131 0.00393491 0.0122043 -0.000216713 -0.000696099 -0.000514997 -0.000538505 0.000217208 -0.000837013 6.96093e-05 0.00134408 0.00235232 0.00332875 0.00400791 0.00512518 0.00363758 0.012234 0.018622 0.0102866 -0.00100623 0.000442176
internal_weight=53563 45583 7980 2501 5479 1219 4260 1699 169 1530 845 93 2561 30240 25340 25283 7159 18124 7111 3255 2387 1819 1643 1358 1123 235 127 314 3856 1617
internal_count=53563 45583 7980 2501 5479 1219 4260 1699 169 1530 845 93 2561 30240 25340 25283 7159 18124 7111 3255 2387 1819 1643 1358 1123 235 127 314 3856 1617
is_linear=0
shrinkage=0.05


Tree=38
num_leaves=31
num_cat=0
split_feature=6 4 12 12 13 12 11 7 4 15 9 11 15 15 4 16 11 14 11 11 1 2 16 13 13 12 12 14 10 12
split_gain=3.9293 2.97614 2.36072 5.32541 8.25143 2.28629 2.28614 2.16505 2.13447 2.01395 2.58253 2.13999 3.86302 2.49917 1.92958 1.92186 1.92168 1.78312 1.68107 4.58577 2.42516 2.2443 2.12014 1.64127 11.0272 2.38346 2.38126 1.98751 3.83928 2.85
threshold=1.4899927811737523 0.022610406011156523 0.032816284988903439 0.033921054671782865 15.574999809265138 -0.075828254732232245 0.053184240737224282 0.069509522597029486 0.068539238209223183 -0.0085551911257786255 0.10164046934056249 -0.017068833431084392 -0.012947114369412092 -0.0183387022549471 0.049420540507116438 0.062116121555580557 0.032599070140324489 -0.0054293361358405115 0.040036365268930958 0.044463643697869822 0.048181658815283031 0.094103561443154696 0.034437881415261613 21.82499980926514 22.270000457763675 0.12832311621465078 0.062788606761277746 -0.001242221342315941 0.0087442348777118113 0.042234470374777462
decision_type=2 2 2 2 2 2 2 2 2 2 8 2 2 2 2 2 2 2 2 2 2 2 2 2 2 2 2 2 2 2
left_child=1 -1 5 4 7 8 14 -4 -3 10 -2 12 13 -12 23 18 -11 -18 22 20 -20 -21 -7 26 -25 -26 27 -5 29 -29
right_child=9 2 3 6 -6 15 -8 -9 -10 16 11 -13 -14 -15 -16 -17 17 -19 19 21 -22 -23 -24 24 25 -27 -28 28 -30 -31
leaf_value=-4.5174012738302903e-05 2.1768404106788789e-05 0.00011501979576065665 -5.0905026079836798e-05 -2.6883536615958015e-05 0.00063841470966021386 -2.2948866673824996e-05 0.00077488260694048459 0.00044071595811962893 0.0014432009900386478 2.2630798134041932e-05 0.00083344840020200617 0.00021399355998678123 0.00080368743516616924 -0.00059614539941982422 0.0011646485379351779 -0.00054899216740020458 0.00017228954852956872 0.0013162396478708827 0.00034462788080329501 -5.5483994753406733e-05 0.0006704566062661427 0.00053880614798733979 -0.0004104233010945823 0.0012131970693571464 -0.00020120828797198871 0.00012012243893895826 -0.00014836094155096292 0.00038772377159769017 0.0005327516681525573 -5.6637215107874099e-05
leaf_weight=27818 452 507 156 1856 80 13388 40 44 43 4023 110 300 49 72 291 262 158 52 93 427 44 40 468 41 208 51 1327 536 54 637
leaf_count=27818 452 507 156 1856 80 13388 40 44 43 4023 110 300 49 72 291 262 158 52 93 427 44 40 468 41 208 51 1327 536 54 637
internal_value=-0.00025519 -0.000395676 5.99706e-05 0.000966922 0.00767857 -0.000256025 0.000594127 0.00225 0.00290909 0.0010487 0.00308749 0.00545198 0.00906926 0.00571428 0.000498899 -0.000374271 0.000575241 0.00523809 -0.000297373 0.00228477 0.0103285 -7.49477e-05 -0.000409932 0.000254776 0.00383333 1.93038e-05 1.13367e-05 0.000773596 0.00233496 0.00173487
internal_weight=53627 48411 20593 5321 280 15272 5041 200 550 5216 983 531 231 182 5001 14722 4233 210 14460 604 137 467 13856 4710 300 259 4410 3083 1227 1173
internal_count=53627 48411 20593 5321 280 15272 5041 200 550 5216 983 531 231 182 5001 14722 4233 210 14460 604 137 467 13856 4710 300 259 4410 3083 1227 1173
is_linear=0
shrinkage=0.05


Tree=39
num_leaves=31
num_cat=0
split_feature=5 13 3 4 8 12 13 13 12 10 13 11 7 14 9 10 12 9 11 0 14 14 11 3 0 3 12 0 12 10
split_gain=3.88835 2.29103 2.83194 2.20647 2.08127 4.35216 2.11179 2.97388 5.10492 6.74689 6.78882 6.02735 5.20714 5.06711 3.09108 2.57707 3.66261 2.53107 5.64065 2.49601 2.33007 8.82244 4.4094 5.96502 2.30746 2.24171 2.10983 2.04589 2.03505 1.96815
threshold=0.012409155219877415 19.295000076293949 -0.020397887288404356 0.068539238209223183 inf -0.052281388412141021 22.330000877380375 20.060000419616703 0.0061046403867389696 0.0093708689462960199 21.82499980926514 -0.017068833431084392 0.035439239483292313 0.093015395411206861 0.045902608852532174 -0.0001525908648420948 0.054230136510325939 0.3717027152028976 0.011915728697621366 0.0005374177089912947 -0.014609583018452553 -0.003811601511204465 0.041951569626952907 -0.0017875105469157269 0.009181131428114277 -0.0021113641212848195 0.12384637745116912 -0.032007002288918555 0.12832311621465078 -0.017312021268647334
decision_type=2 2 2 2 8 2 2 2 2 2 2 2 2 2 8 2 2 8 2 2 2 2 2 2 2 2 2 2 2 2
left_child=1 -1 -3 4 6 -6 7 26 11 10 15 13 -12 -9 -15 16 19 20 27 -10 28 24 25 -24 -22 -23 -2 -19 -8 -4
right_child=3 2 29 -5 5 -7 17 8 9 -11 12 -13 -14 14 -16 -17 -18 18 -20 -21 21 22 23 -25 -26 -27 -28 -29 -30 -31
leaf_value=-5.9789259819008132e-05 8.2535132632168355e-06 0.00044947996198625999 -0.00028011295911010563 0.00073031075380912544 0.0010298034129617908 -0.00020860492525285289 -0.00023270928089654452 7.5111669272053352e-05 0.00043915968655709514 0.0035068937481287825 0.0003681535719310453 -7.8843876800337295e-05 0.0012679791028527045 0.0001214128852388889 0.00084383426395701522 -0.00039789118725175202 -0.00062328760155394916 0.00068639041666022568 0.00089592808451694275 4.153875100967053e-05 0.00051203562663224391 -0.00019976009992381325 0.00084569333965507491 -4.0522882110116853e-05 0.00015652485826164145 6.0500222041327003e-05 -0.00043891774517571279 -0.00034684691991965206 0.00011216278478227287 3.8459271389466217e-05
leaf_weight=19281 22511 40 298 623 47 1343 1693 448 115 59 48 1313 42 106 135 142 82 46 61 69 85 1229 42 72 43 685 256 161 62 2505
leaf_count=19281 22511 40 298 623 47 1343 1693 448 115 59 48 1313 42 106 135 142 82 46 61 69 85 1229 42 72 43 685 256 161 62 2505
internal_value=-0.000277023 -0.000785121 0.000539921 7.96358e-05 2.02286e-05 -0.0018705 0.000109302 0.000281133 0.00189722 0.00613106 0.00423695 0.00071928 0.0166667 0.00450653 0.0103527 0.0014951 0.0043985 -0.000932042 0.00376866 0.00831522 -0.00125416 -0.000153062 -0.000956609 0.00859649 0.0125781 -0.0015256 9.94849e-05 -0.000169083 -0.00260684 0.000351408
internal_weight=53642 22124 2843 31518 30895 1390 29505 25326 2559 557 498 2002 90 689 241 408 266 4179 268 184 3911 2156 2028 114 128 1914 22767 207 1755 2803
internal_count=53642 22124 2843 31518 30895 1390 29505 25326 2559 557 498 2002 90 689 241 408 266 4179 268 184 3911 2156 2028 114 128 1914 22767 207 1755 2803
is_linear=0
shrinkage=0.05


Tree=40
num_leaves=31
num_cat=0
split_feature=6 1 14 10 4 10 11 14 9 13 14 11 12 9 12 13 10 0 15 9 5 8 12 13 10 12 11 0 14 13
split_gain=2.99894 3.42624 3.3349 4.3552 3.08602 3.48381 2.90685 4.71883 14.223 3.38494 6.45211 7.11445 4.36658 2.75812 4.9358 2.71702 2.55866 3.36838 2.97589 2.43548 2.2498 2.10114 3.4757 2.12828 4.61604 2.91799 6.88875 3.85095 3.39691 3.60734
threshold=-0.69202701263232191 -0.010569263271360761 0.037142264963949019 -0.0074311122071506466 0.020998521378963519 -0.0066375286305050954 0.021459813769517781 -0.086337752297859935 0.3717027152028976 24.119999885559086 0.065842641676127869 0.035212880845506785 0.014344478951051955 -0.0740567753249151 0.028230717200652847 18.365000724792484 -0.0050236559316604859 0.0020122748971187492 -0.0032556425943403573 0.035437178365147599 0.035361565640042572 0.3139355368433811 -0.052281388412141021 17.914999961853031 -0.00018006943063253453 0.078665433833488688 0.0081473625045073179 0.014480378478805791 -0.034895651013681799 12.494999885559084
decision_type=2 2 2 2 2 2 2 2 8 2 2 2 2 8 2 2 2 2 2 10 2 8 2 2 2 2 2 2 2 2
left_child=1 2 -1 -4 -5 -6 20 8 15 12 11 -11 -9 14 -14 19 -7 18 -18 -8 21 23 -23 25 -25 28 27 -27 29 -2
right_child=6 -3 3 4 5 16 7 9 -10 10 -12 -13 13 -15 -16 -17 17 -19 -20 -21 -22 22 -24 24 -26 26 -28 -29 -30 -31
leaf_value=-4.7545945167466347e-05 0.00045551044332449599 -0.00010037167752461709 -5.2838389015160631e-05 6.3628791594146563e-05 0.0011888333766117338 -0.00050696386101620639 0.00044539497374971291 -0.00013876758861923696 0.00070076769277882067 0.0007736230566186222 0.00082991061408626003 -0.00010062284326063474 0.0010961903448141826 4.1153617800092731e-05 0.00015837102775954413 -9.707793085351362e-05 0.00010558096864287251 -3.8695231037770669e-05 0.00138787894811539 0.00017306394583287173 0.00061325405821908378 0.00078008621356879843 -0.00026744716256683042 7.3611761744226775e-05 -6.8426194068921657e-05 0.00061052165958977651 -0.0002007619759647433 -3.7816151944146643e-06 -6.1118691866516789e-05 9.6725109154734601e-06
leaf_weight=2813 246 9218 451 237 56 44 48 1194 59 99 42 252 44 3449 256 204 50 46 67 79 572 58 1201 6654 4306 128 269 58 15883 5488
leaf_count=2813 246 9218 451 237 56 44 48 1194 59 99 42 252 44 3449 256 204 50 46 67 79 572 58 1201 6654 4306 128 269 58 15883 5488
internal_value=-0.000282897 -0.000944386 0.000326779 0.00288643 0.0061 0.0098289 -7.13259e-05 0.000972755 0.00628205 0.000584706 0.00505089 0.00283476 0.000229616 0.00106828 0.00566667 0.00225075 0.00683575 0.00972393 0.0142308 0.00799212 -0.000242809 -0.000294685 -0.00229945 -0.000218274 0.000351276 -0.000501089 0.00346154 0.0108602 -0.000584495 0.000458666
internal_weight=53571 12982 3764 951 500 263 40589 5726 390 5336 393 351 4943 3749 300 331 207 163 117 127 34863 34291 1259 33032 10960 22072 455 186 21617 5734
internal_count=53571 12982 3764 951 500 263 40589 5726 390 5336 393 351 4943 3749 300 331 207 163 117 127 34863 34291 1259 33032 10960 22072 455 186 21617 5734
is_linear=0
shrinkage=0.05


Tree=41
num_leaves=31
num_cat=0
split_feature=5 4 16 11 14 12 9 12 13 7 16 16 13 15 4 11 14 13 11 13 11 12 12 13 7 15 15 15 15 1
split_gain=3.54273 2.20926 1.73568 2.50502 7.55642 6.62416 6.48575 4.73362 4.636 3.14676 3.07738 3.09362 11.9147 5.73028 4.9198 4.64087 12.8263 8.40377 4.44787 3.83927 3.5995 4.48751 7.79437 8.25581 3.74811 3.71286 6.61882 3.99825 3.52952 3.82652
threshold=0.0090513015221452917 0.053063661742144462 0.062116121555580557 0.034590351886677258 0.065842641676127869 0.014344478951051955 -0.086154992155715357 0.033795250994550281 17.224999427795414 0.078546671445995267 0.021082496193039705 0.016156412343460328 12.434999942779543 -0.0026657923353238795 0.025921094213292965 0.021459813769517781 -0.096084571305829466 19.329999923706058 0.0056453064529209404 12.84500026702881 0.0065559076404506653 -0.0021779989337359913 0.0072856362379064574 21.82499980926514 0.039285613555676509 0.0092429306921630889 0.0093177482846883448 0.005086943188476579 -0.0031812156834113976 0.018089484174852569
decision_type=2 2 2 2 2 2 8 2 2 2 2 2 2 2 2 2 2 2 2 2 2 2 2 2 2 2 2 2 2 2
left_child=-1 2 3 10 5 -5 7 -7 9 -8 11 15 -13 14 28 20 -17 -18 -15 -20 21 -2 25 -24 -25 27 -27 -23 -14 -30
right_child=1 -3 -4 4 -6 6 8 -9 -10 -11 -12 12 13 18 -16 16 17 -19 19 -21 -22 22 23 24 -26 26 -28 -29 29 -31
leaf_value=-9.3661507579373114e-05 -5.5760101214001666e-05 0.00029997121160074838 -0.00045943500776825572 -0.00012096256485467628 0.00067122920023615087 0.0013492206747632552 0.00021573526640189549 0.00058390585732577842 -5.2862099423116912e-05 0.001332844563899408 -9.8747009130913468e-05 0.001496741451602353 3.4416929405807866e-05 0.000284147932609634 0.00061507067263989789 0.00062453058132297574 1.3521950130279568e-05 0.00043123606970833306 0.00030642677151054056 -7.5114381761708806e-05 -9.0935270339706265e-05 0.00020056711833708001 -9.9741391467058438e-06 0.00019527117320133002 0.0011825919112025247 0.0032087675329412722 0.0003146344739870775 -0.00058683335737055604 0.00015655583280183794 0.00081520100742345507
leaf_weight=4052 9238 1646 314 972 64 40 389 76 537 63 6378 43 351 341 116 57 1399 179 113 2172 10088 1952 11945 175 54 66 478 184 45 46
leaf_count=4052 9238 1646 314 972 64 40 389 76 537 63 6378 43 351 341 116 57 1399 179 113 2172 10088 1952 11945 175 54 66 478 184 45 46
internal_value=-0.000234541 -0.000118234 -0.000180158 -0.000155696 0.00151565 0.000994221 0.00364253 0.0148276 0.00233064 0.00606195 -0.000234479 -6.81329e-05 0.00141463 0.00106156 0.00566308 -0.000201732 0.00240061 0.00155893 8.37764e-05 -0.000711161 -0.000326215 5.80987e-06 0.00054396 6.57019e-06 0.00941048 0.00298507 0.00667279 0.00204588 0.00325792 0.012033
internal_weight=53573 49521 47875 47561 2141 2077 1105 116 989 452 45420 39042 3227 3184 558 35815 1635 1578 2626 2285 34180 24092 14854 12174 229 2680 544 2136 442 91
internal_count=53573 49521 47875 47561 2141 2077 1105 116 989 452 45420 39042 3227 3184 558 35815 1635 1578 2626 2285 34180 24092 14854 12174 229 2680 544 2136 442 91
is_linear=0
shrinkage=0.05


Tree=42
num_leaves=31
num_cat=0
split_feature=4 6 5 10 16 8 6 9 10 14 2 15 3 9 5 15 10 10 15 16 16 16 16 2 11 15 16 3 5 7
split_gain=3.75731 2.46262 2.07354 2.05793 1.98961 1.93778 1.86143 1.78287 1.44448 2.3044 2.42596 1.36335 1.82634 2.36386 1.49549 1.35383 4.17808 2.50942 3.88942 3.48107 4.85914 2.13254 2.13006 3.20943 4.69211 3.69258 2.28705 2.82843 2.06312 1.91232
threshold=0.027238801675260115 -0.74546447275957184 0.0098618030453488503 -0.00020807375643927537 0.062116121555580557 0.19730010622319419 2.7686866833382786 -0.086154992155715357 -0.0080075865289204722 0.049298283120689408 -0.045812835643891818 0.025033772670397528 0.037174236210763108 -0.076842052980883355 0.035361565640042572 0.0089466886118758655 0.0067105018630921895 0.0090796320143422555 0.010840630085173776 0.021395994749761286 -0.004548480555311484 0.021082496193039705 0.015610851920665582 0.13075837880787647 0.01562981784988882 0.0033537553797794444 0.020178464993767745 -0.004242916782662364 0.011828951222938167 0.019624538453613675
decision_type=2 2 2 2 2 8 2 8 2 2 2 2 2 8 2 2 2 2 2 2 2 2 2 2 2 2 2 2 2 2
left_child=1 3 -3 7 6 15 11 -1 -9 -10 -11 12 -2 -14 -15 21 -17 -18 19 20 -19 22 -4 25 -25 26 -24 -28 -22 -29
right_child=4 2 5 -5 -6 -7 -8 8 9 10 -12 -13 13 14 -16 16 17 18 -20 -21 28 -23 23 24 -26 -27 27 29 -30 -31
leaf_value=0.00021859547281834229 3.7665175549467432e-05 -6.0680029199217698e-05 -9.51981850170583e-06 -0.00011758686322251328 -0.00048532601459432012 -0.000169563338718681 0.00048179587849033785 -0.00014522869812962381 -4.8335313237225048e-05 0.00042637579310144774 5.7848549017354479e-05 -0.00031759828442138108 0.0013104319885334562 -0.00050535497513417291 0.0012149771513390152 0.00020113200815775759 -0.00031759431954619813 8.3909528601810218e-05 -5.2952517949608479e-05 -0.00011785029008899821 0.0003009742681033882 -7.6433113283100299e-05 0.00014546511882502635 -0.00012266732919020705 0.0012708228531379973 -7.0864603455619802e-05 -8.9979448651215267e-06 0.00069050415590963805 0.0012614542179094461 0.00029160765633235076
leaf_weight=128 11603 6012 16369 5359 197 1042 439 601 1879 52 465 208 51 79 57 1528 499 147 1606 150 75 3148 577 49 66 849 53 45 106 58
leaf_count=128 11603 6012 16369 5359 197 1042 439 601 1879 52 465 208 51 79 57 1528 499 147 1606 150 75 3148 577 49 66 849 53 45 106 58
internal_value=-0.000260483 -0.000493479 -0.000294791 -0.00125177 0.000493113 -0.000103729 0.000572082 -0.000232001 -0.000478813 7.09504e-05 0.00302708 0.000455075 0.000525868 0.00542781 0.00198529 -1.6783e-05 0.000813669 -0.000412312 0.000350287 0.00430962 0.00719512 -0.000177714 3.15498e-05 0.00171774 0.00978261 0.00113148 0.00373124 0.00910256 0.0126796 0.013932
internal_weight=53497 40863 32379 8484 12634 26367 12437 3125 2997 2396 517 11998 11790 187 136 25325 4111 2583 2084 478 328 21214 18066 1697 115 1582 733 156 181 103
internal_count=53497 40863 32379 8484 12634 26367 12437 3125 2997 2396 517 11998 11790 187 136 25325 4111 2583 2084 478 328 21214 18066 1697 115 1582 733 156 181 103
is_linear=0
shrinkage=0.05


Tree=43
num_leaves=31
num_cat=0
split_feature=4 6 12 13 5 8 13 7 4 12 12 10 14 10 11 11 11 3 11 13 12 9 12 13 10 14 11 13 11 9
split_gain=2.854 2.23549 3.49411 2.02826 1.91241 1.74393 1.95402 6.33916 1.74984 1.8826 2.03104 3.55708 2.3011 3.74332 1.73271 2.14248 2.03203 2.3073 1.93869 4.79079 2.47047 2.21426 4.86403 6.42857 1.779 1.82888 1.72521 2.32612 1.97395 2.87506
threshold=0.018302684436351756 -0.21472534322401315 -0.075828254732232245 22.330000877380375 0.022887958944015682 inf 21.555000305175785 0.033356795361711662 0.037259157339318595 0.066100470646601531 0.032816284988903439 -0.0077272822899705487 -0.075454415356713087 0.010263940972428777 0.019179064165315788 0.0039566049461625683 -0.0075284506861215674 0.011562659745979366 0.0079258183849449954 13.605000019073488 -0.027486536479514653 -0.022573716913849681 0.010183685907573794 17.445000648498539 -0.0014526684258500675 0.058009640559056781 0.023858934510878397 12.454999923706056 0.026101750474282651 0.22581495126321574
decision_type=2 2 2 2 2 8 2 2 2 2 2 2 2 2 2 2 2 2 2 2 2 8 2 2 2 2 2 2 2 8
left_child=-1 2 -2 5 26 6 8 -8 9 10 14 -12 13 -13 15 16 17 -4 19 -17 -21 22 23 -20 25 -22 -3 -28 29 -29
right_child=1 4 3 -5 -6 -7 7 -9 -10 -11 11 12 -14 -15 -16 18 -18 -19 21 20 24 -23 -24 -25 -26 -27 27 28 -30 -31
leaf_value=-4.7285173760171066e-05 0.00019171461910510806 -8.7663927073946669e-07 -1.4566934116178608e-05 -0.00014689931130878212 0.00027434773891893096 -0.00019271604904924741 5.0195119359840909e-05 0.0010125428157597368 0.000168226689698568 -0.00017796897556676336 0.00039163844317917904 0.00039549250665117024 9.4472123940674634e-06 -1.2811192502943134e-05 -0.00013336013189226605 0.00066248209552422269 -0.00016601021018735037 0.0004386466042986652 0.0015445502791007829 0.00044469194244045878 -0.00017347366240117885 -5.7180227868754591e-05 -5.189055837619899e-05 -7.6532272602480945e-05 -5.4900621121065719e-05 0.00033542224304690843 0.0012811979946539707 -0.000337349016872001 3.1977681595247659e-05 0.00056676399241293262
leaf_weight=15959 338 14558 2175 2166 1781 725 357 44 1560 936 81 44 3356 68 1758 58 2466 67 70 44 97 1715 247 70 531 123 45 82 1815 124
leaf_count=15959 338 14558 2175 2166 1781 725 357 44 1560 936 81 44 3356 68 1758 58 2466 67 70 44 97 1715 247 70 531 123 45 82 1815 124
internal_value=-0.000282455 -4.41333e-05 -0.000423126 -0.000513915 0.000349089 -0.000326062 -0.000216488 0.00322943 -0.000305833 -0.000483965 -0.00032768 0.000691743 0.000449826 0.0075 -0.000711709 -0.000386925 -0.00104928 4.01415e-05 0.000668358 0.00267878 0.00166667 -0.00014748 0.00326873 0.0107143 0.000992009 0.00477273 0.000182265 0.00153436 0.00128402 0.00592233
internal_weight=53460 37501 19096 18758 18405 16592 15867 401 15466 13906 12970 3549 3468 112 9421 7663 4708 2242 2955 853 795 2102 387 140 751 220 16624 2066 2021 206
internal_count=53460 37501 19096 18758 18405 16592 15867 401 15466 13906 12970 3549 3468 112 9421 7663 4708 2242 2955 853 795 2102 387 140 751 220 16624 2066 2021 206
is_linear=0
shrinkage=0.05


Tree=44
num_leaves=31
num_cat=0
split_feature=6 1 11 12 15 15 13 15 6 11 8 16 16 14 2 15 11 14 11 11 16 11 12 13 11 13 11 15 15 13
split_gain=2.70706 2.42888 2.88629 3.18374 2.61728 3.32834 3.99921 3.81383 3.61124 2.97438 2.89014 2.36633 5.7381 9.86852 3.29608 2.86505 2.53604 5.45248 4.45025 2.56325 3.66341 9.01922 3.91388 3.6665 3.42386 3.40916 2.77116 2.53052 3.48322 2.35112
threshold=0.96393820418028375 -0.0067016985475003002 0.021459813769517781 -0.067575667738432196 -0.0052472842650770337 -0.0026117341786768829 17.914999961853031 -0.0051621575020376334 -0.7223789163632649 0.0019507680783907857 0.087674267786087792 0.018699504040458507 0.018258639910813893 -0.011513166785666882 0.077878165818884196 0.022521474553365509 0.021459813769517781 -0.086337752297859935 0.022655282977909755 0.01246418622804202 0.013782196603786325 0.012210524759260101 0.073733848686565309 15.085000038146974 0.00036207217257600016 14.960000038146974 -0.029337465505850421 0.0056186215946502091 0.0064667735486034781 18.595000267028812
decision_type=2 2 2 2 2 2 2 2 2 2 8 2 2 2 2 2 2 2 2 2 2 2 2 2 2 2 2 2 2 2
left_child=1 2 3 -1 -3 6 7 -6 -8 -10 -11 12 16 14 -14 -13 19 -18 -19 20 22 27 23 25 -24 -7 -25 -22 -29 -4
right_child=-2 4 29 -5 5 11 8 -9 9 10 -12 15 13 -15 -16 -17 17 18 -20 -21 21 -23 24 26 -26 -27 -28 28 -30 -31
leaf_value=0.00022092121926651814 4.6148794470838745e-05 -0.00012325007886912441 0.00014874231947070615 -1.5641747711260815e-05 0.00055928132685517142 1.9349439107389115e-05 -3.5041595234153747e-05 -5.9583490123073058e-06 4.4385699846962117e-05 0.00045971194486295412 -0.00012135091329450081 -0.00010249943217483515 0.00067359914497133017 -8.4921650218056124e-05 0.0012508209349532985 0.00026794258100577281 0.00032405018085817581 0.00029558575305055167 -9.0951510725890416e-05 -0.00015174542998912986 -6.1071459734190507e-05 0.0013883899312363277 0.0009704175735817484 0.00012547984047429865 8.0988624696494692e-05 0.00027230402596008528 -0.00012918833525750302 0.00038790662824147819 0.00016569563477813673 0.00044050288639961891
leaf_weight=569 8307 4908 645 15181 55 2514 214 2275 129 233 43 7565 68 135 40 147 90 176 559 2793 525 41 58 168 146 143 5143 153 420 191
leaf_count=569 8307 4908 645 15181 55 2514 214 2275 129 233 43 7565 68 135 40 147 90 176 559 2793 525 41 58 168 146 143 5143 153 420 191
internal_value=-0.000238096 -0.000390166 9.16424e-05 -6.03187e-05 -0.00066821 -0.000451686 0.00112072 0.000171673 0.00469305 0.00746913 0.0103985 -0.000673723 -0.000266476 0.00734568 0.0186111 -0.0013693 -0.000409546 0.00227273 0.000850339 -0.000592367 -0.000193858 0.00246269 -0.000564123 -0.000739208 0.00627451 0.000777191 -0.00149784 0.00160291 0.00390052 0.00295454
internal_weight=53634 45327 16586 15750 28741 23833 2949 2330 619 405 276 20884 13172 243 108 7712 12929 825 735 12104 9311 1139 8172 7968 204 2657 5311 1098 573 836
internal_count=53634 45327 16586 15750 28741 23833 2949 2330 619 405 276 20884 13172 243 108 7712 12929 825 735 12104 9311 1139 8172 7968 204 2657 5311 1098 573 836
is_linear=0
shrinkage=0.05


Tree=45
num_leaves=31
num_cat=0
split_feature=4 14 15 11 14 10 12 12 9 14 10 2 9 10 14 12 15 11 1 16 15 12 15 15 10 16 9 16 12 15
split_gain=3.31955 2.06373 3.79217 3.64758 2.94003 2.99364 3.3747 6.42005 3.74583 2.8289 8.07046 5.26901 3.15965 3.53337 2.7907 6.0457 6.00304 3.00402 2.66499 2.6388 4.15514 7.52001 3.34494 11.2598 5.16456 5.09151 6.26939 3.18023 3.07401 2.59357
threshold=0.027238801675260115 0.003286853869637119 0.014425208851226114 0.041951569626952907 -0.043478201036805324 0.0019017774860140559 0.042111122308508782 0.038282050085224013 0.045902608852532174 0.004407866869301503 -0.00038722571471944128 0.016868416654695188 0.15205447522290141 0.0098863943320696163 -0.048319541899194234 0.054230136510325939 0.0021051432659990881 0.010325592829658616 0.049214865670843551 0.0060903702732550977 0.0055068188619554767 0.033074838531269919 -0.0037053752716698636 -0.0026117341786768829 0.0028352827684376973 0.0052284965443053508 0.030571988699855782 -0.018342276129327869 0.044456932771925313 0.0029048202535676419
decision_type=2 2 2 2 2 2 2 2 8 2 2 2 8 2 2 2 2 2 2 2 2 2 2 2 2 2 10 2 2 2
left_child=1 4 3 9 14 6 7 8 -6 10 11 -3 13 19 -1 16 17 -16 -4 22 -21 -22 27 24 -24 28 -27 -11 -25 -10
right_child=-2 2 18 -5 5 -7 -8 -9 29 12 -12 -13 -14 -15 15 -17 -18 -19 -20 20 21 -23 23 25 -26 26 -28 -29 -30 -31
leaf_value=-2.057114876673472e-05 3.7996370937099653e-05 -4.8392534738458036e-06 0.0002007025125791831 0.00030890528415838459 0.00012834327823847049 -0.00012084595076063152 -0.00018092388200432945 0.00021764119708956526 -0.00010684964029709633 9.0279120497732798e-05 -0.00012160861730362179 0.00048501695609117325 -6.8387142476641848e-05 0.0005049758242874012 0.00029177503043859422 0.0011532877015253136 -0.00020753810686926358 -7.7493155079305393e-05 0.0011592979491160278 -0.0001150900256663643 -0.00024433520227315042 0.00027121909854387278 0.00028634335286474507 -3.5390876278323074e-05 0.00057944336849365455 0.00096955590680511145 8.9964806480890663e-05 -0.00010933800224614929 0.00018500881243395522 7.9653546545882016e-05
leaf_weight=7509 12671 70 180 101 1271 7813 1647 344 3016 1535 221 132 6500 52 274 61 351 106 55 3203 397 361 423 1770 59 42 105 2171 217 924
leaf_count=7509 12671 70 180 101 1271 7813 1647 344 3016 1535 221 132 6500 52 274 61 351 106 55 3203 397 361 423 1770 59 42 105 2171 217 924
internal_value=-0.000222188 -0.000441214 -3.23986e-05 -0.000117808 -0.000749701 -0.00116717 -0.000431826 0.000157515 -0.000279218 -0.000173254 0.00386525 0.0110891 -0.000274726 0.000268504 5.41984e-06 0.00282828 0.00156635 0.00592105 0.00627659 0.000202761 -0.00080914 0.00251979 0.000836759 0.00220566 0.00910788 0.000646672 0.00962585 -0.000129521 -1.76157e-05 -0.00104061
internal_weight=53581 40910 17594 17359 23316 15015 7202 5555 5211 17258 423 202 16835 10335 8301 792 731 380 235 10283 3961 758 6322 2616 482 2134 147 3706 1987 3940
internal_count=53581 40910 17594 17359 23316 15015 7202 5555 5211 17258 423 202 16835 10335 8301 792 731 380 235 10283 3961 758 6322 2616 482 2134 147 3706 1987 3940
is_linear=0
shrinkage=0.05


Tree=46
num_leaves=31
num_cat=0
split_feature=4 6 16 12 12 15 14 9 3 12 12 15 16 8 10 10 16 0 14 9 10 14 14 1 8 9 3 12 14 15
split_gain=2.89724 2.52687 1.85595 1.60082 2.60478 4.93806 2.96385 1.81278 2.43544 2.15813 2.62956 2.34028 3.00312 1.56072 2.19881 2.10343 6.97711 3.98438 2.32714 4.47491 1.47958 2.42869 3.87439 3.73573 3.49723 2.68488 2.41178 2.30056 2.47722 2.17245
threshold=0.027238801675260115 -1.0001817692862824 0.062116121555580557 0.032077176044670981 0.033921054671782865 0.0089466886118758655 0.078404529959544514 -0.14612110243782281 0.037174236210763108 -0.0052152181904612785 -0.0021779989337359913 -0.0011434979618453187 0.0031956229610483615 0.082376962578602289 0.0038763906562415689 0.004568837884475486 0.017842563249957036 0.0082702008798301047 0.009860755526874045 0.16961627261630888 0.0030128499392588774 -0.043478201036805324 -0.047825209867674183 0.009794266851473445 0.0085390108242815472 0.10824963612925011 0.006418956233143259 -0.036045900478668118 0.01016731697942619 0.0022413875481644978
decision_type=2 2 2 2 2 2 2 8 2 2 2 2 2 8 2 2 2 2 2 8 2 2 2 2 10 8 2 2 2 2
left_child=1 -1 3 7 5 6 -5 8 9 -2 -11 12 -12 20 -15 16 -16 -18 -17 -20 26 22 -22 24 -24 -26 -3 28 -28 -23
right_child=2 13 -4 4 -6 -7 -8 -9 -10 10 11 -13 -14 14 15 18 17 -19 19 -21 21 29 23 -25 25 -27 27 -29 -30 -31
leaf_value=-9.820576968711355e-05 2.4605162668102247e-05 -3.9393548488716397e-06 -0.0004824781899270983 -0.00029517373771580915 0.00011073915414542011 0.0011770149191843975 0.00057468165535521319 -1.1001208852536509e-05 0.001089768456532817 0.0012274377917896875 0.00021228612238288096 -0.0001977911855023809 0.0013609786271040322 -0.00011088401004504953 -0.00025291256288874261 -5.9079812845234116e-05 0.00098918886389067471 0.00058661320609622748 0.0008549046246430341 -0.00011799562000308193 -1.4452321925557985e-05 -0.00016263001684243108 0.00010697916164949507 -0.0001569340648082972 0.0010910220547289838 0.00037463240389731068 0.00034476936350125186 9.5922201823979588e-05 -0.00012824364697358397 -3.728036751305678e-05
leaf_weight=4351 830 17602 193 130 2715 61 43 8239 43 49 87 181 69 3571 148 1606 51 84 71 125 4921 2254 106 130 48 69 84 1538 59 4056
leaf_count=4351 830 17602 193 130 2715 61 43 8239 43 49 87 181 69 3571 148 1606 51 84 71 125 4921 2254 106 130 48 69 84 1538 59 4056
internal_value=-0.000277872 -0.000482459 0.000383701 0.000459146 0.00147677 0.00653846 0.00222543 0.000143187 0.00191025 0.00149671 0.00458549 0.00301187 0.0075 -0.000346769 -0.00111033 0.000179855 0.00418728 0.0124074 -0.000449502 0.00469388 -0.000206856 -0.000653489 0.000138414 0.0051983 0.00912556 0.0150855 6.14519e-05 0.00187091 0.00793706 -0.00131537
internal_weight=53514 40874 12640 12447 2949 234 173 9498 1259 1216 386 337 156 36523 5656 2085 283 135 1802 196 30867 11584 5274 353 223 117 19283 1681 143 6310
internal_count=53514 40874 12640 12447 2949 234 173 9498 1259 1216 386 337 156 36523 5656 2085 283 135 1802 196 30867 11584 5274 353 223 117 19283 1681 143 6310
is_linear=0
shrinkage=0.05


Tree=47
num_leaves=31
num_cat=0
split_feature=6 1 6 11 10 11 16 3 11 13 0 5 10 13 14 0 4 13 3 10 4 3 9 7 3 14 13 13 14 13
split_gain=2.63232 2.42822 2.2495 2.17349 2.81247 3.87891 3.32249 1.8227 2.00509 3.05956 6.69061 2.80072 1.98254 1.96814 1.85315 1.7568 1.48776 1.9961 2.28762 1.77814 2.38385 2.19572 1.93652 2.34107 1.95344 3.07377 1.60587 1.69367 3.28162 3.99006
threshold=1.4006380171413395 -0.0077755586867178641 -0.95380121665507611 0.023858934510878397 0.0014013952122059472 0.026101750474282651 0.019298451523292685 0.0087241792691091797 -0.0091308486085681078 19.085000038146976 0.0042405239457423702 0.031107802931859486 0.00048358737476139618 18.214999198913578 0.047142331582309634 0.072404378265588112 0.013477371582525268 13.59500026702881 0.014799163371502668 0.0038763906562415689 0.022964816549691233 -0.0027598974401736305 0.16961627261630888 0.0018139098904605968 0.0020448439127275235 -0.042370343814534299 14.715000152587892 17.164999961853031 -0.11544121967691799 16.550000190734867
decision_type=2 2 2 2 2 2 2 2 2 2 2 2 2 2 2 2 2 2 2 2 2 2 8 2 2 2 2 2 2 2
left_child=1 3 -3 7 6 -6 -5 -1 9 10 -9 12 -11 -12 -10 16 -4 18 19 -18 22 -22 23 -21 25 -25 -19 28 -28 -30
right_child=-2 2 15 4 5 -7 -8 8 14 11 13 -13 -14 -15 -16 -17 17 26 -20 20 21 -23 -24 24 -26 -27 27 -29 29 -31
leaf_value=-1.1464038558976395e-05 6.5074194631145667e-05 -0.00011048368546780245 -0.00010475515617294398 -1.191772017548453e-06 0.00054871326182851432 -0.00010709815399035711 0.00069260003507754398 -9.3733401073394757e-05 -0.00010968363393235618 0.00014990078439690741 0.00066643512551680783 0.0010810154344760333 -0.000246926172777012 0.0011469367520794015 0.00057522167417160645 0.00099244493922582286 -1.9792146195295825e-05 -0.00011319960614887514 0.00050386652329818392 -0.00020787636657826662 0.0011132665393336495 0.00044427046166152701 -0.00012171892597449344 0.00050724547395625654 0.00020327983667959169 -6.9890099725614306e-05 0.00027495500272269811 -5.7977458405264787e-05 -4.3295216802460931e-05 0.00010011833798106553
leaf_weight=14807 5645 4555 1493 69 60 327 101 85 706 286 48 54 270 43 55 40 2431 3260 121 120 71 262 398 61 248 305 131 9416 5842 2140
leaf_count=14807 5645 4555 1493 69 60 327 101 85 706 286 48 54 270 43 55 40 2431 3260 121 120 71 262 398 61 248 305 131 9416 5842 2140
internal_value=-0.000263799 -0.000384375 -0.000648023 9.72728e-05 0.00316876 0.000813952 0.00852941 -7.33885e-06 0.00162573 0.00339695 0.00920454 0.00172131 0.000665466 0.0186264 -0.000203681 -0.000470596 -0.000486522 -0.000394261 0.000626088 0.00041581 0.00179181 0.00551051 0.000697879 0.00222071 0.00346905 0.00114754 -0.00059142 -0.000401907 0.000127572 -1.25401e-06
internal_weight=53450 47805 30894 16911 557 387 170 16354 1547 786 176 610 556 91 761 26339 26299 24806 4017 3896 1465 333 1132 734 614 366 20789 17529 8113 7982
internal_count=53450 47805 30894 16911 557 387 170 16354 1547 786 176 610 556 91 761 26339 26299 24806 4017 3896 1465 333 1132 734 614 366 20789 17529 8113 7982
is_linear=0
shrinkage=0.05


Tree=48
num_leaves=31
num_cat=0
split_feature=3 10 9 13 13 10 10 16 16 8 14 12 16 16 13 10 0 14 13 16 1 2 13 13 3 9 0 12 2 10
split_gain=2.54701 2.9407 2.35971 3.27325 5.16215 2.28227 4.2138 2.65632 2.35511 2.19603 2.1456 2.44583 2.02382 3.16854 6.71625 5.09402 4.33962 4.3313 5.48082 3.5356 3.44914 3.11354 2.57086 2.41927 2.52256 2.1229 2.17441 2.56141 4.55872 2.05774
threshold=0.0071719307452400302 -0.00025977690608347531 -0.11747710812672273 15.684999942779543 15.050000190734865 0.0057884302310804445 0.013109315021302749 -0.013077501071851292 0.013080557067075562 -0.18278534411640676 -0.081825770158787711 0.0090148119717247139 0.021082496193039705 0.016156412343460328 12.84500026702881 -0.00032911889046416393 0.0022559599379319288 0.020125848996620292 14.715000152587892 0.020435408537912151 0.020879713365744127 0.16357816901885749 12.119999885559084 19.814999580383304 -0.00026849551318991466 0.20827009755505702 0.0073663740594307478 0.021751379698535137 0.0071122681478683622 -0.0027475813947746004
decision_type=2 2 10 2 2 2 2 2 2 8 2 2 2 2 2 2 2 2 2 2 2 2 2 2 2 10 2 2 2 2
left_child=12 9 3 4 10 -5 7 -7 -9 -2 -3 -12 13 22 16 17 -15 18 -16 -19 -21 23 -1 -17 -25 26 27 -20 -29 -14
right_child=1 2 -4 5 -6 6 -8 8 -10 -11 11 -13 29 14 15 21 -18 19 25 20 -22 -23 -24 24 -26 -27 -28 28 -30 -31
leaf_value=-0.00050601868578355636 0.001221068259408882 0.00085252307293491928 -4.3390549990079171e-05 -0.00028097261162618128 0.00062774579335636539 0.00074864996384895767 -0.00023136033354959594 -0.00035019100995787369 0.00028770903756066777 0.00014760395712980613 0.00035579294918550565 4.9338263707643078e-05 -0.00023689949965245241 0.0012214644067251347 3.414497294678716e-05 -0.00011582198267189469 0.00030242337892816441 -0.00016258943617645017 0.00022910716551498511 -2.6380296875961102e-06 0.00053244862067529288 0.00074584691955539948 -1.6315364548950636e-05 0.00063982359043035454 -2.8278286358781064e-05 -1.8828351975597136e-05 0.0002734240016188571 0.00039851652471748194 0.00063912807470763145 -3.9949412329272234e-05
leaf_weight=371 51 46 3782 396 55 83 440 95 177 1762 40 343 1282 57 292 1689 116 431 103 75 55 74 34731 41 69 47 57 61 90 6649
leaf_count=371 51 46 3782 396 55 83 440 95 177 1762 40 343 1282 57 292 1689 116 431 103 75 55 74 34731 41 69 47 57 61 90 6649
internal_value=-0.000196043 0.000674002 9.4373e-05 0.00165672 0.00512397 0.00024769 0.00179245 0.00584507 0.00345588 0.00241864 0.00327506 0.00204961 -0.000332686 -0.000182357 0.00130949 0.000771724 0.010896 0.00329893 0.00607692 8.02127e-05 0.00730769 -0.000862254 -0.000320781 -0.00127571 0.00590909 0.0102235 0.0117203 0.0137008 0.0178477 -0.00105977
internal_weight=53560 7270 5457 1675 484 1191 795 355 272 1813 429 383 46290 38359 3257 3084 173 1211 650 561 130 1873 35102 1799 110 358 311 254 151 7931
internal_count=53560 7270 5457 1675 484 1191 795 355 272 1813 429 383 46290 38359 3257 3084 173 1211 650 561 130 1873 35102 1799 110 358 311 254 151 7931
is_linear=0
shrinkage=0.05


Tree=49
num_leaves=31
num_cat=0
split_feature=6 5 16 15 10 15 12 5 14 14 16 9 10 10 16 2 10 16 7 15 14 2 4 12 12 16 10 12 10 16
split_gain=2.62591 2.16923 2.16326 3.4057 4.39662 2.42569 3.09237 2.10188 2.04018 2.00194 1.97921 3.57933 2.08522 2.80432 3.80062 3.70994 2.88752 3.73782 2.41784 2.32667 3.2762 3.95491 2.1107 1.99098 3.31025 4.19987 3.22647 2.92497 4.12697 3.08336
threshold=0.060726974087733677 0.021960207047737258 0.025989771031771917 0.0082599946207742043 0.006255058441205553 0.01260514270461577 0.048426853318079395 0.037600234829605811 0.047546513885702975 -0.091137781806863202 0.02472542916361942 -0.032199577516683946 -0.00020807375643927537 0.0053455325599094392 0.020435408537912151 -0.13892612055127326 0.0030128499392588774 0.022781484093080121 0.015659605085408649 0.0049728887593124558 -0.042370343814534299 0.056356611896016158 0.053063661742144462 -0.057938720016513449 1.0000000180025095e-35 -0.019566400408505654 -0.017312021268647334 0.0027925982816148225 -0.008698781123315567 0.013782196603786325
decision_type=2 2 2 2 2 2 2 2 2 2 2 8 2 2 2 2 2 2 2 2 2 2 2 2 2 2 2 2 2 2
left_child=2 -2 7 8 5 6 -5 10 -4 -3 12 -12 23 16 15 22 17 -14 -19 -18 21 -21 -15 26 -25 -26 -1 28 -27 -29
right_child=1 9 3 4 -6 -7 -8 -9 -10 -11 11 -13 13 14 -16 -17 19 18 -20 20 -22 -23 -24 24 25 27 -28 29 -30 -31
leaf_value=-9.3409946050122599e-05 4.2806357023126235e-07 -0.00044151094436008269 -0.00020824512010606113 0.00026917665799136131 -0.00011223487435761036 -0.00018945808097085059 -0.00031009460989438935 0.00062457592441154605 0.00015284678294498469 0.00038675802671372115 0.00064745438499016214 6.7205743921178515e-05 -6.8377698918405504e-05 0.00073415997831487124 -0.00030457068254346564 -1.8021665666257087e-06 -0.00027993779817126559 9.5170172828075471e-05 0.00039781665553905994 -0.00016067016068252525 -0.0001260989830398643 0.00054515028397579058 -7.6711613201425676e-05 -9.7078677963351848e-05 0.00018327726651584862 -0.00050613721862986089 0.00027955245132058114 -4.5428211256117037e-05 0.00074486409377419027 0.00011021534782173089
leaf_weight=243 18534 189 2505 316 769 112 69 420 235 1381 53 526 5938 132 709 6557 1900 51 41 123 718 139 47 3780 639 103 260 5585 221 1236
leaf_count=243 18534 189 2505 316 769 112 69 420 235 1381 53 526 5938 132 709 6557 1900 51 41 123 718 139 47 3780 639 103 260 5585 221 1236
internal_value=-0.000293383 0.000158176 -0.000564964 -0.00165502 0.00048973 0.00415493 0.00603896 -0.00041654 -0.00264599 0.00194267 -0.000467399 0.0024266 -0.000526354 -0.000894223 -0.000177973 0.000188538 -0.00149271 -0.000870648 0.00913043 -0.00279514 -0.000816328 0.00396946 0.0072905 -2.77629e-05 -0.00016171 0.000427799 0.00305169 8.04747e-05 0.00472222 -0.00014001
internal_weight=53531 20104 33427 4006 1266 497 385 29421 2740 1570 29001 579 28422 16355 7445 6736 8910 6030 92 2880 980 262 179 12067 11564 7784 503 7145 324 6821
internal_count=53531 20104 33427 4006 1266 497 385 29421 2740 1570 29001 579 28422 16355 7445 6736 8910 6030 92 2880 980 262 179 12067 11564 7784 503 7145 324 6821
is_linear=0
shrinkage=0.05


Tree=50
num_leaves=31
num_cat=0
split_feature=6 5 13 13 14 15 15 13 3 11 14 2 3 3 15 15 15 15 13 8 15 13 9 15 13 1 11 0 11 11
split_gain=2.43712 2.67345 2.9998 3.22057 1.80332 2.61009 2.12759 2.55407 3.8251 1.78327 2.82596 4.16966 1.73432 1.69023 1.68159 4.07141 2.38955 4.20818 3.65638 3.82186 2.83026 2.59721 3.43147 2.2794 4.88519 3.10449 2.24808 2.24817 2.38235 2.12881
threshold=-0.71520293026209181 0.021960207047737258 16.875000000000004 16.775000572204593 0.032336920174311119 -0.0028225731075642298 0.0024237805101907654 14.765000343322756 -0.0026130541854056384 -0.00075478711004894883 0.065842641676127869 -0.044790704782823203 -0.016272804708131191 0.04969857578763915 0.0027654380575841135 0.0038554617342103641 -0.0019967221361065208 -0.0042574009302753226 16.579999923706058 0.021311154764138366 -0.0085551911257786255 20.555000305175785 0.15904058393680212 -0.0095531148928049685 17.945000648498539 -0.0026341522083806464 0.0021655828678432969 -0.0028510768852952335 -0.014450250426354115 -0.036898876616972491
decision_type=2 2 2 2 2 2 2 2 2 2 2 2 2 2 2 2 2 2 2 10 2 2 8 2 2 2 2 2 2 2
left_child=4 14 3 -3 12 9 7 8 -7 10 11 -6 -1 -4 16 -16 17 20 -19 21 23 22 -20 -2 -25 -26 27 28 -21 -22
right_child=1 2 13 -5 5 6 -8 -9 -10 -11 -12 -13 -14 -15 15 -17 -18 18 19 26 29 -23 -24 24 25 -27 -28 -29 -30 -31
leaf_value=0.00080571890225974866 -1.1844092504092796e-05 0.00045450184175614521 1.2191256506790652e-05 0.0014599638296467542 0.0010272659333434968 0.0014591308212012939 -3.0227064604803732e-05 0.00016538323661500695 7.075508903676171e-05 -0.0001738062706850144 -5.9346527407048438e-05 0.00010556066436723394 -8.9927158050713286e-05 0.0014034248879206252 0.00013180606160548457 -5.1699134497980196e-06 -6.9029120141208335e-05 -1.3893048865003131e-05 0.00026972576676726997 0.00059785134649422095 0.00021628373494405207 -0.00028160013872121059 -9.9270449473618593e-05 -9.7261455470135636e-06 0.00060776840883912603 9.9632480060504042e-05 0.00035149987407362659 -3.7787348126876972e-06 0.00012919879739306688 -0.00014276325388318755
leaf_weight=102 4931 924 2586 40 47 40 311 431 46 758 716 239 9626 58 1779 13699 8395 1813 651 51 40 221 276 299 113 88 317 194 102 4727
leaf_count=102 4931 924 2586 40 47 40 311 431 46 758 716 239 9626 58 1779 13699 8395 1813 651 51 40 221 276 299 113 88 317 194 102 4727
internal_value=-0.00026203 -7.79597e-05 0.00122228 0.00360996 -0.000879345 0.000293662 0.00260869 0.00457447 0.0124419 -0.000795456 0.000588821 0.00479021 -0.00119141 0.000351739 -0.00020241 0.000197699 -0.000481143 -7.70467e-05 0.00138621 0.00297461 -0.000597177 0.00122822 0.00238943 0.000183206 0.0034 0.00942786 0.00599397 0.00321326 0.0077451 -0.00148626
internal_weight=53620 41304 3608 964 12316 2588 828 517 86 1760 1002 286 9728 2644 37696 15478 22218 13823 3625 1812 10198 1148 927 5431 500 201 664 347 153 4767
internal_count=53620 41304 3608 964 12316 2588 828 517 86 1760 1002 286 9728 2644 37696 15478 22218 13823 3625 1812 10198 1148 927 5431 500 201 664 347 153 4767
is_linear=0
shrinkage=0.05


Tree=51
num_leaves=31
num_cat=0
split_feature=5 5 16 15 14 10 15 11 4 16 13 3 11 14 13 16 13 13 11 2 5 11 12 15 2 16 15 14 12 14
split_gain=2.33707 2.11234 2.03838 2.75411 5.23763 3.26068 3.34289 3.18519 3.56437 3.94159 2.18529 6.30763 1.99253 7.71933 6.42407 3.02371 9.09268 6.24354 4.20975 4.05776 3.71941 3.17549 4.83807 4.79936 2.74502 2.72097 2.70986 3.66285 3.30878 4.55126
threshold=0.048996074810968487 0.0079271460396498367 0.021082496193039705 0.0082599946207742043 0.003286853869637119 0.0053455325599094392 0.01260514270461577 0.011124085891359938 0.019662189343744921 0.040438395964923497 25.505000114440922 -0.0012884977139118734 0.021459813769517781 -0.086337752297859935 24.119999885559086 0.016156412343460328 12.84500026702881 16.469999313354496 0.012589162192508276 0.094103561443154696 0.014640423943097192 0.0069117113136190076 0.073733848686565309 -0.00028890583246854446 0.015397465224227471 0.018258639910813893 0.0048229259170046177 -0.0043060965648996632 0.016092642436075003 -0.051474636784154308
decision_type=2 2 2 2 2 2 2 2 2 2 2 2 2 2 2 2 2 2 2 2 2 2 2 2 2 2 2 2 2 2
left_child=1 -1 12 10 5 6 -5 -6 -9 -10 -4 -12 15 -14 26 21 19 -18 25 -17 24 22 -3 -24 -20 -19 27 28 -15 -30
right_child=-2 2 3 4 7 -7 -8 8 9 -11 11 -13 13 14 -16 16 17 18 20 -21 -22 -23 23 -25 -26 -27 -28 -29 29 -31
leaf_value=-0.00012739733769448564 0.00092445742272550646 -4.2900073508333358e-06 -0.00010679388233820949 0.00019774483414127268 -0.00033808130102187361 -9.7219784665938974e-05 -0.00030731880708250684 0.00018498481545963936 0.00097876100792574608 -7.9337687591652248e-06 0.00066479154851170922 -0.00055326199218598169 0.0004728462171172342 -3.5550162310569543e-05 0.00043726251933607057 0.00053804233404018242 -5.2154436903956911e-05 0.0003335731417002488 -5.5890265305249349e-05 0.0011474969056349614 0.00074823278672179029 -8.145090766865309e-05 -6.0977045977458131e-05 0.00056754247693111925 0.00039086583349796672 -1.7156364427833219e-07 -0.00025371342928496844 -6.0141943301929317e-05 -0.00011236080984846382 0.0003385800407574173
leaf_weight=1056 203 26079 5890 443 128 2266 194 245 132 54 51 74 117 191 126 87 1822 132 61 42 61 10866 197 251 142 443 807 880 130 373
leaf_count=1056 203 26079 5890 443 128 2266 194 245 132 54 51 74 117 191 126 87 1822 132 61 42 61 10866 197 251 142 443 807 880 130 373
internal_value=-0.00025615 -0.000276529 -0.000231812 -0.000895327 0.000228191 -0.000625216 0.00253532 0.00466011 0.00671694 0.0119355 -0.00154198 0.005 -8.49172e-05 0.00125 0.000664139 -0.000172089 0.00141577 0.000787297 0.00435638 0.0143798 0.00958333 -0.000290564 4.33401e-06 0.00515625 0.00633005 0.00195652 8.18972e-05 0.00128971 0.00400576 0.0061332
internal_weight=53543 53340 52284 9477 3462 2903 637 559 431 186 6015 125 42807 2624 2507 40183 2790 2661 839 129 264 37393 26527 448 203 575 2381 1574 694 503
internal_count=53543 53340 52284 9477 3462 2903 637 559 431 186 6015 125 42807 2624 2507 40183 2790 2661 839 129 264 37393 26527 448 203 575 2381 1574 694 503
is_linear=0
shrinkage=0.05


Tree=52
num_leaves=31
num_cat=0
split_feature=1 15 15 10 14 2 15 12 9 14 14 12 12 9 15 15 14 12 12 10 15 16 9 15 15 14 14 8 12 12
split_gain=2.51621 2.25088 2.14086 2.83304 6.46942 3.2024 2.8801 3.57365 2.85092 2.54332 7.11836 3.45561 5.02354 2.47418 3.08568 3.25774 2.41199 3.38953 3.61056 2.4251 5.78661 5.31314 3.47269 3.45175 10.6585 2.64328 5.5254 2.45672 2.60502 2.36392
threshold=-0.0023321810317973308 0.012481403126499037 0.0027654380575841135 -0.0027475813947746004 0.015727597801877272 -0.17711461762380162 0.0029439136451996366 0.016092642436075003 -0.16852945347251116 -0.067583665573298909 -0.068623004427642229 0.032816284988903439 0.04279380650356613 0.093604074736812773 0.011864917221098505 0.005086943188476579 -0.001242221342315941 0.092854757865130991 0.095724782910464948 -0.0072745157566194698 -0.0092865684684994548 -0.029736992346292731 -0.19856301972122606 -0.0033831624636520559 -0.0031812156834113976 0.037142264963949019 0.042440575684467692 0.036019520998603956 0.027083039342927776 0.0053623810378563572
decision_type=2 2 2 2 2 2 2 2 8 2 2 2 2 8 2 2 2 2 2 2 2 2 8 2 2 2 2 8 2 2
left_child=1 2 16 4 -4 8 7 -7 -5 10 11 29 -13 -11 15 -15 -1 19 -19 22 21 -21 -18 -22 -25 -26 -27 28 -28 -8
right_child=-2 -3 3 5 -6 6 9 -9 -10 13 -12 12 -14 14 -16 -17 17 18 -20 20 23 -23 -24 24 25 26 27 -29 -30 -31
leaf_value=-5.5368420985556429e-05 -3.0671904090346917e-05 -0.00016514662610385479 0.00045505496062920664 -0.00016929513348980588 6.6659764797123025e-05 0.00073025944207981636 0.00011923337862779248 1.3879206816782095e-05 0.0015142133852145355 -0.00012989083441260335 0.0026764942731141114 0.00054166669697096879 0.00013090366897396881 0.00023695782406018564 0.00073541141473842388 -4.8641074366124821e-05 0.00062250271225155812 0.00061839826212602925 -0.00014738887365241946 0.00049532035185468205 -0.00010598506744973454 0.0001036742136419195 -6.0580969626636177e-05 0.00074314204563289332 -3.8809244718749423e-05 0.0013497025300490137 0.00032258054070723424 0.00033908030087045882 -0.00020585844560367476 -0.00022995644134218103
leaf_weight=5808 30864 1269 179 42 380 63 625 103 57 1876 67 40 102 688 49 1117 177 87 70 292 2017 990 4100 126 1325 56 191 143 296 460
leaf_count=5808 30864 1269 179 42 380 63 625 103 57 1876 67 40 102 688 49 1117 177 87 70 292 2017 990 4100 126 1325 56 191 143 296 460
internal_value=-0.000239383 0.000159025 0.000279661 0.0010961 0.00448122 0.000738324 0.0005684 0.00704819 0.00964646 0.000354298 0.0022643 0.00139772 0.00873239 -0.000308312 0.000987054 0.000650968 -2.48768e-05 0.00045086 0.00773885 0.000333058 0.00103385 0.00397036 -0.000557635 0.000127587 0.00152784 0.000643957 0.00316326 0.0018254 0.000133469 0.000437787
internal_weight=53659 22795 21526 5848 559 5289 5190 166 99 5024 1294 1227 142 3730 1854 1805 15678 9870 157 9713 5436 1282 4277 4154 2137 2011 686 630 487 1085
internal_count=53659 22795 21526 5848 559 5289 5190 166 99 5024 1294 1227 142 3730 1854 1805 15678 9870 157 9713 5436 1282 4277 4154 2137 2011 686 630 487 1085
is_linear=0
shrinkage=0.05


Tree=53
num_leaves=31
num_cat=0
split_feature=6 5 5 1 15 4 11 16 16 9 9 11 11 15 14 15 14 0 15 16 15 15 14 9 2 7 10 14 9 5
split_gain=2.6968 2.02407 1.90018 1.60235 1.32128 1.22902 1.21853 1.75791 1.80999 1.86314 1.69283 1.66895 1.49378 3.05393 1.20835 1.99795 2.75718 2.93658 2.2415 4.11547 1.95246 1.70274 1.55181 1.65784 1.85371 1.92744 1.51851 1.71683 1.62964 1.45038
threshold=0.1059282477638606 0.016394717581276124 0.01190103215924026 -0.0088064301504946468 0.025033772670397528 0.075447398883712227 0.024405039123864495 0.020613012569667969 0.015610851920665582 0.030571988699855782 0.012978784960552383 0.0063364666032048609 0.026101750474282651 0.009599712714520427 0.003286853869637119 -0.0038006899396101908 0.004407866869301503 0.0013834860597099488 -0.0027486234333860544 0.0065756350997653321 -0.0033831624636520559 0.0053601318357723313 0.025331387226238514 0.1536469192083563 0.0078174039930837286 0.02148149279475076 -0.0041029098949924561 0.023650626144740231 0.15617858572843693 0.010743931111736183
decision_type=2 2 2 2 2 2 2 2 2 10 10 2 2 2 2 2 2 2 2 2 2 2 2 8 2 2 2 2 8 2
left_child=2 6 14 -4 5 -3 7 8 11 10 -10 -2 13 -8 -1 -16 17 -17 19 20 -18 26 23 24 -23 -26 27 28 -20 -22
right_child=1 4 3 -5 -6 -7 12 -9 9 -11 -12 -13 -14 -15 15 16 18 -19 21 -21 29 22 -24 -25 25 -27 -28 -29 -30 -31
leaf_value=-8.7489573481654744e-05 1.6386091405233936e-05 0.00012450308550959245 1.7769426947739135e-05 -3.1700140705315093e-05 -0.00063556376535397617 0.0013224410952853314 0.00010149189250197545 -9.3861070558544103e-05 0.00017814344906793973 3.508721537073493e-05 0.00063052805539654509 -9.7079738851873722e-05 2.2458430317701473e-05 0.00068692064284109117 -0.00010674492464698022 0.00030542717847509369 2.4648092109998975e-05 -6.2790423923864044e-05 0.00034647912465860165 -0.00025894319056142203 0.00036447553185551591 6.8776522708673364e-06 -4.3706069695187919e-05 -2.8625962748180214e-05 0.0003708387645421805 0.00010124979917004146 -0.0001244122806270456 -2.7079976273198594e-05 -4.3629334437948897e-05 0.00025211243381650748
leaf_weight=6720 7550 4026 7811 14442 115 131 98 2034 211 631 50 2990 1372 46 2288 46 124 43 57 180 86 99 263 129 66 74 1328 350 43 59
leaf_count=6720 7550 4026 7811 14442 115 131 98 2034 211 631 50 2990 1372 46 2288 46 124 43 57 180 86 99 263 129 66 74 1328 350 43 59
internal_value=-0.00027702 0.000196322 -0.000543441 -0.000270302 0.00115637 0.00130262 -7.74274e-05 -0.000228725 1.22451e-05 0.00217489 0.00572797 -0.000170779 0.00126649 0.00611111 -0.00105186 -0.000482332 0.00037835 0.00904494 0.000108466 0.00335189 0.00726766 -0.000496058 0.00173534 0.00383152 0.00629707 0.01 -0.00128797 0.00122222 0.007 0.0112069
internal_weight=53462 19254 34208 22253 4272 4157 14982 13466 11432 892 261 10540 1516 144 11955 5235 2947 89 2858 449 269 2409 631 368 239 140 1778 450 100 145
internal_count=53462 19254 34208 22253 4272 4157 14982 13466 11432 892 261 10540 1516 144 11955 5235 2947 89 2858 449 269 2409 631 368 239 140 1778 450 100 145
is_linear=0
shrinkage=0.05


Tree=54
num_leaves=31
num_cat=0
split_feature=6 4 13 10 10 11 7 9 13 14 12 11 16 16 8 13 14 4 7 3 11 14 10 12 14 11 15 15 15 10
split_gain=2.02329 1.86903 1.86958 2.47559 2.68607 2.24765 1.75116 1.69053 2.66489 2.24017 2.10106 2.29941 1.99744 5.3033 1.88964 2.78652 2.96432 3.55563 1.96271 1.8 1.68817 2.75257 1.85236 3.40132 2.25593 1.44318 1.46806 2.30435 2.0006 3.50452
threshold=-1.1069617217759744 0.019662189343744921 13.605000019073488 -0.0018713980649029403 -0.0016894208297127398 0.032599070140324489 0.018550543481061669 -0.2309971263750856 13.414999961853029 -0.02817624153510306 0.033795250994550281 0.023061662230793093 0.017842563249957036 0.022142730712657602 0.050039133457740255 12.230000019073488 -0.024970108459849868 0.022610406011156523 0.00075451727821429515 0.00034945688605303454 0.019179064165315788 -0.086337752297859935 0.0022328849049373383 0.040743458485600355 0.0012326341754252958 0.0074730260687776448 0.0013835789961692548 -0.0014810145869317279 0.0057877700794991558 -0.0060493286934151782
decision_type=2 2 2 2 2 2 2 10 2 2 2 2 2 2 10 2 2 2 2 2 2 2 2 2 2 2 2 2 2 2
left_child=-1 6 3 -3 -5 7 20 8 -6 -10 -9 12 14 19 15 -12 -17 -18 -19 -14 25 -22 23 -23 -25 26 27 -2 29 -28
right_child=1 2 -4 4 5 -7 -8 10 9 -11 11 -13 13 -15 -16 16 17 18 -20 -21 21 22 -24 24 -26 -27 28 -29 -30 -31
leaf_value=-8.8003024195801359e-05 -1.7527912431816595e-07 -0.00017534375734335936 -6.272107615225807e-06 0.0007398870212208062 3.1508851297341834e-05 0.0010076460009335124 -5.7450214267083121e-05 -8.8967867315522912e-05 0.00061718007397520557 0.00031078165386137183 -0.00014717221413642045 -0.00030992474912541003 0.0011471505101185596 0.00012804863591877222 -0.0001066514313350815 -1.0549041059420444e-05 0.00026382116282795009 0.0003726892029388729 0.00072162891671608345 0.0014676963161702097 0.00031448222212549144 6.9915521731867287e-05 -1.1894196012145571e-05 7.3765467948373839e-05 0.00033598290392773276 -8.0921116028061338e-05 0.00024033895533770818 -0.00019283237732347448 -2.8254528754206531e-05 9.5591952742493202e-05
leaf_weight=4271 3531 506 26885 45 240 54 7526 923 53 202 127 160 40 141 306 137 123 51 59 40 63 376 784 40 59 3200 85 946 1303 1285
leaf_count=4271 3531 506 26885 45 240 54 7526 923 53 202 127 160 40 141 306 137 123 51 59 40 63 376 784 40 59 3200 85 946 1303 1285
internal_value=-0.000303487 -0.000213026 3.28979e-05 0.00117399 0.00177527 0.00157003 -0.000598501 0.00136049 0.0039899 0.00754902 0.000742761 0.00213682 0.00300781 0.00721719 0.00184931 0.00375251 0.00594594 0.00937768 0.0159091 0.0175 -0.000215046 0.00146747 0.000957108 0.00342105 0.0116667 -0.000429953 -3.49662e-05 -0.000588565 0.000892255 0.00222628
internal_weight=53561 49290 30092 3207 2701 2656 19198 2602 495 255 2107 1184 1024 221 803 497 370 233 110 80 11672 1322 1259 475 99 10350 7150 4477 2673 1370
internal_count=53561 49290 30092 3207 2701 2656 19198 2602 495 255 2107 1184 1024 221 803 497 370 233 110 80 11672 1322 1259 475 99 10350 7150 4477 2673 1370
is_linear=0
shrinkage=0.05


Tree=55
num_leaves=31
num_cat=0
split_feature=6 8 12 16 16 12 12 14 16 7 9 14 6 4 14 12 10 10 12 16 4 3 16 12 14 15 16 10 10 8
split_gain=1.7779 1.8691 3.09374 2.08572 1.58392 1.48562 4.90038 9.43515 3.99951 3.5819 2.9028 2.70403 2.52152 2.39733 2.23243 3.00741 3.45723 5.69605 2.72702 2.53815 3.58672 2.60639 2.32763 2.09923 2.07322 3.74368 2.89762 4.50799 4.44871 3.8376
threshold=-1.1218950062834303 inf -0.052281388412141021 0.013782196603786325 0.025500589270340938 0.032816284988903439 0.034436805865122662 -0.096084571305829466 0.013782196603786325 0.018888619838191682 0.090307351670015482 -0.056925165822572281 -0.1635091683250241 0.034897727023710981 -0.049735428455543622 0.042234470374777462 0.0055837889125804905 0.0054892389813711038 0.046695407011373098 -0.0070711391600186682 0.019498844853063968 0.0071719307452400302 -0.010518498384392004 0.032365057631658763 -1.0000000180025095e-35 -0.0029824253050558798 0.010667683507438854 -0.00018006943063253453 0.0047561203387664905 0.079112571047352934
decision_type=2 8 2 2 2 2 2 2 2 2 10 2 2 2 2 2 2 2 2 2 2 2 2 2 2 2 2 2 2 10
left_child=4 5 -3 -4 -1 23 7 -7 -9 10 12 -8 -10 14 18 16 17 19 -13 20 22 -21 -16 -2 -17 -26 27 -27 -28 -30
right_child=1 2 3 -5 -6 6 11 8 9 -11 -12 13 -14 -15 15 24 -18 -19 -20 21 -22 -23 -24 -25 25 26 28 -29 29 -31
leaf_value=-5.6467745800361938e-05 -1.11043330239912e-05 0.00058750963422055547 -0.0002169823700409258 0.00044898834530733263 -0.00027089348456158993 0.00046188925819726001 -0.00024147524729461754 8.0139502065121634e-06 0.0003915204400448207 0.00017661883722375467 0.00045628998573034909 3.1969154399196355e-05 -1.4545777843386494e-06 0.00042226990720088312 -0.00014734340355002369 -0.00011418111108864227 -0.00010907024035607324 0.00064347565755869479 0.00028192591101490938 1.2237429488670736e-05 0.00052279783043283976 0.00029572182262207233 0.00019653628120675461 -0.00023101961412164379 -0.00011443860692076384 0.0002583547059806783 -0.00012300808420782244 0.00013873503288346843 2.3626973316286563e-05 0.00079459134968245691
leaf_weight=3380 32634 70 1576 128 639 56 1155 646 62 216 42 479 55 868 175 3552 893 62 238 2325 271 236 123 528 1184 168 728 698 233 115
leaf_count=3380 32634 70 1576 128 639 56 1155 646 62 216 42 479 55 868 175 3552 893 62 238 2325 271 236 123 528 1184 168 728 698 233 115
internal_value=-0.000219017 -0.000136927 -0.00173055 -0.00215376 -0.00123041 -7.77105e-05 0.000342934 0.00358867 0.00249265 0.0066 0.0122956 8.40542e-05 0.00824786 0.000300452 0.000108884 -7.1078e-05 0.000997551 0.00176692 0.00281032 0.00146965 0.00449033 0.000798515 0.000704697 -0.000262651 -0.000724769 0.00021433 0.0015654 0.00371824 -0.000167287 0.00448276
internal_weight=53535 49516 1774 1704 4019 47742 14580 1077 1021 375 159 13503 117 12348 11480 10763 4085 3192 717 3130 569 2561 298 33162 6678 3126 1942 866 1076 348
internal_count=53535 49516 1774 1704 4019 47742 14580 1077 1021 375 159 13503 117 12348 11480 10763 4085 3192 717 3130 569 2561 298 33162 6678 3126 1942 866 1076 348
is_linear=0
shrinkage=0.05


end of trees

feature_importances:
vix_level=219
spy_ret_5d=170
spy_ret_20d=161
sector_ret_1d=154
spy_ret_1d=152
sector_ret_5d=150
vix_chg_1d=133
atr_pct=106
dvol_z_20=77
overnight_gap=75
dist_ma200=73
parkinson_20=53
dist_ma50=43
ret_20d=33
ret_5d=32
ret_1d=28
dist_ma20=21

parameters:
[boosting: gbdt]
[objective: quantile]
[metric: quantile]
[tree_learner: serial]
[device_type: cpu]
[data_sample_strategy: bagging]
[data: ]
[valid: ]
[num_iterations: 120]
[learning_rate: 0.05]
[num_leaves: 31]
[num_threads: -1]
[seed: 0]
[deterministic: 0]
[force_col_wise: 1]
[force_row_wise: 0]
[histogram_pool_size: -1]
[max_depth: -1]
[min_data_in_leaf: 40]
[min_sum_hessian_in_leaf: 0.001]
[bagging_fraction: 0.85]
[pos_bagging_fraction: 1]
[neg_bagging_fraction: 1]
[bagging_freq: 1]
[bagging_seed: 3]
[bagging_by_query: 0]
[feature_fraction: 0.85]
[feature_fraction_bynode: 1]
[feature_fraction_seed: 2]
[extra_trees: 0]
[extra_seed: 6]
[early_stopping_round: 0]
[early_stopping_min_delta: 0]
[first_metric_only: 0]
[max_delta_step: 0]
[lambda_l1: 0]
[lambda_l2: 0]
[linear_lambda: 0]
[min_gain_to_split: 0]
[drop_rate: 0.1]
[max_drop: 50]
[skip_drop: 0.5]
[xgboost_dart_mode: 0]
[uniform_drop: 0]
[drop_seed: 4]
[top_rate: 0.2]
[other_rate: 0.1]
[min_data_per_group: 100]
[max_cat_threshold: 32]
[cat_l2: 10]
[cat_smooth: 10]
[max_cat_to_onehot: 4]
[top_k: 20]
[monotone_constraints: ]
[monotone_constraints_method: basic]
[monotone_penalty: 0]
[feature_contri: ]
[forcedsplits_filename: ]
[refit_decay_rate: 0.9]
[cegb_tradeoff: 1]
[cegb_penalty_split: 0]
[cegb_penalty_feature_lazy: ]
[cegb_penalty_feature_coupled: ]
[path_smooth: 0]
[interaction_constraints: ]
[verbosity: -1]
[saved_feature_importance_type: 0]
[use_quantized_grad: 0]
[num_grad_quant_bins: 4]
[quant_train_renew_leaf: 0]
[stochastic_rounding: 1]
[linear_tree: 0]
[max_bin: 255]
[max_bin_by_feature: ]
[min_data_in_bin: 3]
[bin_construct_sample_cnt: 200000]
[data_random_seed: 1]
[is_enable_sparse: 1]
[enable_bundle: 1]
[use_missing: 1]
[zero_as_missing: 0]
[feature_pre_filter: 1]
[pre_partition: 0]
[two_round: 0]
[header: 0]
[label_column: ]
[weight_column: ]
[group_column: ]
[ignore_column: ]
[categorical_feature: ]
[forcedbins_filename: ]
[precise_float_parser: 0]
[parser_config_file: ]
[objective_seed: 5]
[num_class: 1]
[is_unbalance: 0]
[scale_pos_weight: 1]
[sigmoid: 1]
[boost_from_average: 1]
[reg_sqrt: 0]
[alpha: 0.9]
[fair_c: 1]
[poisson_max_delta_step: 0.7]
[tweedie_variance_power: 1.5]
[lambdarank_truncation_level: 30]
[lambdarank_norm: 1]
[label_gain: ]
[lambdarank_position_bias_regularization: 0]
[eval_at: ]
[multi_error_top_k: 1]
[auc_mu_weights: ]
[num_machines: 1]
[local_listen_port: 12400]
[time_out: 120]
[machine_list_filename: ]
[machines: ]
[gpu_platform_id: -1]
[gpu_device_id: -1]
[gpu_device_id_list: ]
[gpu_use_dp: 0]
[num_gpu: 1]

end of parameters

pandas_categorical:[]
