tree
version=v4
num_class=1
num_tree_per_iteration=1
label_index=0
max_feature_idx=16
objective=quantile
feature_names=ret_1d ret_5d ret_20d overnight_gap atr_pct parkinson_20 dvol_z_20 dist_ma20 dist_ma50 dist_ma200 spy_ret_1d spy_ret_5d spy_ret_20d vix_level vix_chg_1d sector_ret_1d sector_ret_5d
feature_infos=[-0.5314018869722672:0.31114662817075689] [-0.55344655344655336:0.7406989853438557] [-0.58708431306684572:1.2426337943475647] [-0.43441388602678932:0.21517185275574535] [0.0084066071428571219:0.14726875426005373] [0.0054813407373672761:0.13389215147615091] [-2.8216614634256327:4.3534601122584604] [-0.55430669174465763:0.5710628203335566] [-0.58721049326541097:0.727100629285925] [-0.63561070239096851:1.4187670763216587] [-0.058542947643003718:0.10501933612632941] [-0.11496158439845272:0.082843216242346029] [-0.12265592443394913:0.15756596870864792] [11.859999656677246:52.330001831054688] [-0.35753873962348437:0.74039073966007019] [-0.073180960369049974:0.075364298724954315] [-0.12187673514714059:0.078003457216940353]
tree_sizes=2964 3053 3030 3036 3047 3078 3080 3071 3079 3083 3037 3074 3103 3055 3063 3099 3067 3098 3064 3063 3033 3065 3085 3074 3095 3077 3083 3084 3083 3077 3048 3069 3081 3066 3100 3045 3053 3055 3114 3051 3066 3117 3070 3077 3073 3097 3088 3019 3090 3050 3054 3024 3075 3088 3084 3070 3037 3112 3063 3088 3098 3070

Tree=0
num_leaves=31
num_cat=0
split_feature=4 4 4 13 10 16 13 8 16 13 14 13 13 13 12 16 9 4 6 16 13 16 15 14 10 12 12 9 10 14
split_gain=277.24 68.5002 51.6939 45.8548 29.4778 26.0241 22.2601 25.3331 20.7699 19.5635 19.2686 23.7931 39.9435 18.7603 17.7554 17.7075 18.4203 17.4531 16.1621 14.9564 14.412 13.9218 19.3119 13.5196 32.7893 13.7378 13.6306 12.9552 12.6742 13.1549
threshold=0.021396269850156486 0.04186387468840299 0.018190026786937128 25.505000114440922 -0.0038582878398281113 -0.016872896607119322 16.469999313354496 inf 0.013782196603786325 27.365000724792484 -0.19490876951167976 30.345000267028812 28.970000267028812 16.675000190734867 -0.027198367137832798 -0.018342276129327869 0.25539782694255969 0.014702542071670576 -0.95380121665507611 0.034437881415261613 19.520000457763675 0.0060092982889667921 0.00080280830329937391 -0.077913276979976895 0.011081136457212983 -0.018676010215707358 -0.0036881752830155707 -0.071416207825192188 -0.020247537407416468 0.23397195059943568
decision_type=2 2 2 2 2 2 2 8 2 2 2 2 2 2 2 2 8 2 2 2 2 2 2 2 2 2 2 10 2 2
left_child=2 3 4 6 21 -5 14 13 -9 -7 -3 12 -12 -8 -2 16 -4 -6 -16 28 -19 22 27 24 -20 -25 -26 -1 -15 -30
right_child=1 10 15 5 17 9 7 8 -10 -11 11 -13 -14 19 18 -17 -18 20 23 -21 -22 -23 -24 25 26 -27 -28 -29 29 -31
leaf_value=0.0090222161961719394 0.0094030844047665596 0.0076835009735077616 0.0092947600176557892 0.0098054334986954934 0.0089783638133667416 0.0096332806628197428 0.0094934073742479093 0.0089686263585463163 0.0095743430778384205 0.0089247341733425852 0.0096406855620443828 0.010454376274719835 0.0085926383035257459 0.0098530602175742384 0.0090294183697551492 0.0090964768081903454 0.0090682100504636768 0.0090185332810506225 0.0095013222191482789 0.0090642807655967779 0.0091634001117199652 0.0090335286920890205 0.0093879748601466417 0.0088356246822513633 0.0095331901684403419 0.0091403189115226262 0.0087996010319329795 0.0091751537751406428 0.0092405948322266344 0.0079385617980733507
leaf_weight=639 210 49 1096 816 3666 211 444 881 88 213 2836 361 117 114 1102 9647 435 7947 361 622 677 1205 216 138 56 7101 128 1259 10981 46
leaf_count=639 210 49 1096 816 3666 211 444 881 88 213 2836 361 117 114 1102 9647 435 7947 361 622 677 1205 216 138 56 7101 128 1259 10981 46
internal_value=0.00907541 0.0126634 0.00547562 0.0117087 0.00361687 0.0210668 0.0111877 0.0125011 0.00471955 0.0110181 0.019338 0.0197982 0.0183169 0.0131188 0.00928523 0.0080712 0.0130667 0.0024877 0.00894563 0.012738 0.00371619 0.00779808 0.010243 0.00974796 0.0173423 0.00917621 0.000163924 0.00863079 0.0131592 0.0129878
internal_weight=53662 26875 26787 23512 15609 1240 22272 13176 969 424 3363 3314 2953 12207 9096 11178 1531 12290 8886 11763 8624 3319 2114 7784 545 7239 184 1898 11141 11027
internal_count=53662 26875 26787 23512 15609 1240 22272 13176 969 424 3363 3314 2953 12207 9096 11178 1531 12290 8886 11763 8624 3319 2114 7784 545 7239 184 1898 11141 11027
is_linear=0
shrinkage=1


Tree=1
num_leaves=31
num_cat=0
split_feature=4 11 11 10 5 4 12 9 10 12 11 14 13 13 11 1 10 16 16 12 11 14 12 13 13 11 8 16 14 14
split_gain=261.252 84.4853 70.194 53.9652 49.4838 29.8475 29.5055 26.2575 19.9793 22.1025 29.0111 18.8514 17.4751 28.1089 15.6042 15.5833 14.9959 13.9615 13.7258 15.495 15.7285 15.0328 27.161 15.4675 22.5098 14.995 15.2996 24.3966 14.2401 13.5647
threshold=0.021194422414681061 -0.022310337551763478 -0.0070947588285928389 0.0041080553382388816 0.021960207047737258 0.016053111835825532 -0.05023266322533259 -0.21387403455603646 -0.0069332481569183138 -0.067575667738432196 -0.043674056524097109 0.23397195059943568 30.345000267028812 28.970000267028812 -0.010779002929662549 -0.0060854596009650699 0.0044649128256998303 0.030018762992022444 0.036245743593820608 0.029468566644150655 0.034590351886677258 -0.077913276979976895 -0.042339714563459634 16.469999313354496 16.675000190734867 0.021459813769517781 0.3139355368433811 -0.036179446976329126 -0.067583665573298909 0.0250539094836888
decision_type=2 2 2 2 2 2 2 10 2 2 2 2 2 2 2 2 2 2 2 2 2 2 2 2 2 2 8 2 2 2
left_child=2 3 7 8 11 -4 -5 14 9 -2 -11 18 13 17 -1 -9 -7 -6 21 -20 -21 22 -3 -23 -25 26 27 -26 -29 -12
right_child=1 4 5 6 12 16 -8 15 -10 10 29 -13 -14 -15 -16 -17 -18 -19 19 20 -22 23 -24 24 25 -27 -28 28 -30 -31
leaf_value=-0.0001288192521315068 0.00096436636289581662 -0.00024552035145461562 -0.00012851069855969403 0.00047113811364397407 0.00035140592139214276 -9.0318784350529321e-05 -0.00038849819917231805 0.00014979659696109598 0.00062565542524680492 -0.0017298189754365015 -0.00026561313541606074 -0.00065063541289418943 0.00090335369808599349 -0.00046421486622421075 5.7024482812266785e-05 9.6347107319161469e-06 -2.0743957720696911e-05 -6.5169000299647801e-06 -0.0001602080269367434 -0.0002108085644431412 0.00027567147277295594 -8.4014935418963092e-06 0.00020457096165046092 0.00030714629450812937 0.00078837461536750196 0.00017657414311543105 -0.00014465582673437892 0.00031197931850329041 2.7456523384898886e-05 0.00036330662318505345
leaf_weight=1025 471 214 6647 169 3639 9246 329 1985 953 96 85 92 165 126 538 1942 4674 523 768 220 288 7532 1695 458 145 1223 525 343 6472 966
leaf_count=1025 471 214 6647 169 3639 9246 329 1985 953 96 85 92 165 126 538 1942 4674 523 768 220 288 7532 1695 458 145 1223 525 343 6472 966
internal_value=3.081e-05 0.00343037 -0.00355663 0.0112496 0.00244801 -0.00489741 -0.00381526 0.0014663 0.0141676 0.0107849 0.0070401 0.00138548 0.00721424 0.00659981 -0.00401472 0.00364782 -0.00358118 0.00730418 0.00148997 -0.00352665 0.00324803 0.00183399 0.00603719 0.00135346 0.00273293 0.00216468 0.00132599 0.00194684 0.00151504 0.00944339
internal_weight=53554 27497 26057 3069 24428 20567 498 5490 2571 1618 1147 19975 4453 4288 1563 3927 13920 4162 19883 1276 508 18607 1909 16698 9166 8708 7485 6960 6815 1051
internal_count=53554 27497 26057 3069 24428 20567 498 5490 2571 1618 1147 19975 4453 4288 1563 3927 13920 4162 19883 1276 508 18607 1909 16698 9166 8708 7485 6960 6815 1051
is_linear=0
shrinkage=0.05


Tree=2
num_leaves=31
num_cat=0
split_feature=4 11 4 11 12 13 13 16 9 6 11 6 4 13 11 13 11 4 13 13 4 12 11 16 16 16 16 13 13 8
split_gain=247.956 96.0835 57.1301 40.9221 28.6277 25.1407 27.755 21.9785 21.5312 20.5983 17.2683 17.1446 17.1054 15.6397 15.2139 14 14.4398 15.7617 13.6748 26.4454 13.6061 13.097 12.1047 22.6499 12.7164 11.704 11.1815 29.4733 15.6722 10.7866
threshold=0.019439015185144477 -0.022310337551763478 0.035320760764527545 -0.0070947588285928389 -0.067575667738432196 27.855000495910648 25.960000038146976 -0.049844975099244952 0.3180048962234297 -0.88066008244549432 -0.023324980459216712 0.029392371192073944 0.015641538459778132 17.615000724792484 -0.022672230022230119 27.365000724792484 -0.007196249019797262 0.024798539534673706 30.345000267028812 28.970000267028812 0.057438289370643894 0.054230136510325939 -0.030384462612199011 -0.039503255686329335 -0.0051526790069073005 -0.018342276129327869 0.0019110219009020881 16.510000228881839 20.610000610351566 inf
decision_type=2 2 2 2 2 2 2 2 8 2 2 2 2 2 2 2 2 2 2 2 2 2 2 2 2 2 2 2 2 8
left_child=3 4 11 8 -2 6 7 -6 21 -5 13 15 -11 -9 -7 16 26 -18 19 20 -4 25 24 -24 -15 -1 28 -28 -3 -13
right_child=1 2 18 9 5 14 -8 10 -10 12 -12 29 -14 22 -16 -17 17 -19 -20 -21 -22 -23 23 -25 -26 -27 27 -29 -30 -31
leaf_value=0.00015424137555237398 0.00076920229254756123 0.00017380675452295693 0.00020546899479813882 -0.00015911299563595093 -0.00099064038335927758 -0.0007629804949101527 0.00064423104294110086 -0.00026825626991922036 -8.4849692357238382e-05 -0.00011756066206726246 -9.6151437202934156e-05 7.3316536261700072e-05 -6.5023402916267534e-05 5.4735250480007426e-05 0.00044305124011589215 -0.00039983682241290805 -4.5373703731456776e-05 3.1988905488105963e-05 0.00080319742218125606 -0.00040690363639441787 0.00080184119124896824 -8.3107227706932454e-05 -0.00029697777546243745 0.00045766019151778897 0.00058245711651397868 1.8609614722663557e-05 -0.00028527513192966574 9.8094746121205414e-05 -7.5552140711806706e-05 -0.00021897629898739976
leaf_weight=986 793 1621 3579 2541 101 174 391 75 1236 4776 230 9171 8659 463 64 103 7580 5154 170 132 904 232 85 1050 81 1675 259 347 588 345
leaf_count=986 793 1621 3579 2541 101 174 391 75 1236 4776 230 9171 8659 463 64 103 7580 5154 170 132 904 232 85 1050 81 1675 259 347 588 345
internal_value=-6.67413e-05 0.00257023 0.00165342 -0.00445536 0.0104006 0.00795873 0.00945073 0.00715827 -1.81642e-05 -0.00560215 0.00831653 0.000701287 -0.00482136 0.0100057 -0.00756303 -0.000316254 -0.000194546 -0.000910947 0.00666144 0.00614843 0.0067979 0.00234186 0.0110036 0.0139427 0.00487132 0.00333521 0.00304618 -0.0029703 0.0046967 0.00237495
internal_weight=53565 33460 29953 20105 3507 2714 2476 2085 4129 15976 1984 25168 13435 1754 238 15652 15549 12734 4785 4615 4483 2893 1679 1135 544 2661 2815 606 2209 9516
internal_count=53565 33460 29953 20105 3507 2714 2476 2085 4129 15976 1984 25168 13435 1754 238 15652 15549 12734 4785 4615 4483 2893 1679 1135 544 2661 2815 606 2209 9516
is_linear=0
shrinkage=0.05


Tree=3
num_leaves=31
num_cat=0
split_feature=11 8 10 0 0 12 13 14 10 12 12 6 14 9 10 9 13 11 16 10 13 13 13 16 14 13 13 10 10 13
split_gain=148.558 60.9429 58.2007 40.4409 39.4049 34.5384 30.7138 34.6784 26.2881 33.4912 35.1781 25.4295 23.0575 20.9279 21.291 19.6396 19.7445 19.373 18.6099 19.7221 18.2657 31.1488 24.672 19.8758 18.0965 18.0822 19.6555 16.3161 18.8821 17.7922
threshold=-0.022024013564940267 -0.053360795267566312 0.0041080553382388816 0.023322593981090826 -0.015634156392021866 -0.05023266322533259 15.905000209808351 -0.077913276979976895 -0.0069332481569183138 -0.067575667738432196 -0.029032360146205412 -0.88066008244549432 -0.13532199000438486 inf -0.013327773622425541 -0.361479131568124 15.984999656677248 -0.03145344780031472 -0.014008926464075365 -0.0089994523450817026 17.164999961853031 16.550000190734867 16.675000190734867 -0.036179446976329126 1.0000000180025095e-35 18.94999980926514 19.98499965667725 0.0056625653487155656 0.0025358686375718258 28.970000267028812
decision_type=2 8 2 2 2 2 2 2 2 2 2 2 2 8 2 10 2 2 2 2 2 2 2 2 2 2 2 2 2 2
left_child=2 27 8 4 -3 -4 7 12 9 -1 17 -9 -6 14 -12 16 -8 -11 -19 -20 21 24 -23 -22 -17 -18 -27 28 29 -2
right_child=1 3 5 -5 6 -7 15 11 -10 10 13 -13 -14 -15 -16 20 25 18 19 -21 23 22 -24 -25 -26 26 -28 -29 -30 -31
leaf_value=0.00080425607296056114 0.00013659560541564136 7.1936263295356231e-05 0.00037473957193433314 0.00012096577409247407 -0.00026118150667607548 -0.00029337279540195597 0.00018837304335902447 -0.00015580178893760609 0.00041937098008493196 -0.00030701150967797728 0.00050785377365245965 -6.6769794602441825e-05 0.00017132247868630659 -5.3084925413713747e-05 9.3026615810958962e-05 6.2113295053131904e-05 -0.00013609680209046926 0.00023357287834514865 -0.00030258389302180151 0.00042526148106262557 0.00038632049073821699 0.00025205168068641792 6.3069135606929225e-05 -3.497697318161951e-05 -0.00011531460798796618 0.00014694216580101059 -0.0001876438589883037 0.00024901058543982805 -0.00010297044867766089 -0.00042418124853174958
leaf_weight=528 3278 3873 203 2750 91 517 145 2977 1664 322 585 14100 848 257 377 1376 2501 191 191 59 78 767 1645 9080 1330 562 577 1876 730 116
leaf_count=528 3278 3873 203 2750 91 517 145 2977 1664 322 585 14100 848 257 377 1376 2501 191 191 59 78 767 1645 9080 1330 562 577 1876 730 116
internal_value=3.26529e-05 -0.000801848 0.00833674 -0.00146487 -0.00186859 -0.00479167 -0.0023831 -0.00384381 0.0106013 0.00737052 0.00438951 -0.0043582 0.00551118 0.00965956 0.0130457 -0.000926028 -0.00412814 -0.00403014 0.00277778 -0.0062 -7.70524e-05 0.00231536 0.00644693 -0.00141406 -0.00136733 -0.0048489 0.000373134 0.00391667 0.0021581 0.00372717
internal_weight=53594 48700 4894 42700 39950 720 36077 18016 4174 2510 1982 17077 939 1219 962 18061 3785 763 441 250 14276 5118 2412 9158 2706 3640 1139 6000 4124 3394
internal_count=53594 48700 4894 42700 39950 720 36077 18016 4174 2510 1982 17077 939 1219 962 18061 3785 763 441 250 14276 5118 2412 9158 2706 3640 1139 6000 4124 3394
is_linear=0
shrinkage=0.05


Tree=4
num_leaves=31
num_cat=0
split_feature=4 13 4 4 13 13 13 14 16 13 14 15 6 13 14 16 6 6 6 13 13 13 16 16 15 15 13 16 16 13
split_gain=210.21 56.2993 38.4569 36.1393 24.867 21.5844 19.9536 16.6816 15.5698 15.5279 15.3375 29.3406 14.6303 12.4235 33.8473 29.9413 11.2568 11.1906 11.1305 10.7889 10.7781 25.7031 10.5756 10.4792 12.7931 13.5208 12.2142 10.3052 10.2576 10.192
threshold=0.021194422414681061 33.719999313354499 0.040324035680702953 0.018245893756371232 16.469999313354496 19.520000457763675 16.675000190734867 -0.19490876951167976 -0.014008926464075365 12.00999975204468 -0.077913276979976895 0.014425208851226114 -0.95380121665507611 25.505000114440922 0.18763840935801293 -0.049844975099244952 0.27920938433565146 0.58112861851063935 -0.72938122280086481 16.404999732971195 30.345000267028812 28.970000267028812 0.019725342584868803 0.07174467170598077 0.0084091074001023686 0.0040537363398764912 12.119999885559084 0.034437881415261613 -0.013077501071851292 26.494999885559086
decision_type=2 2 2 2 2 2 2 2 2 2 2 2 2 2 2 2 2 2 2 2 2 2 2 2 2 2 2 2 2 2
left_child=3 2 4 5 10 9 -6 -4 13 -1 11 -2 22 15 -15 -8 -5 27 -11 23 21 29 -12 24 25 26 -14 -10 -19 -9
right_child=1 -3 7 16 6 -7 8 20 17 18 12 -13 19 14 -16 -17 -18 28 -20 -21 -22 -23 -24 -25 -26 -27 -28 -29 -30 -31
leaf_value=-0.00032488392900826505 0.0003285386187816402 0.0010844747451427975 -0.0012410580588631274 -3.83389354011705e-05 0.00030162689375283665 1.3313469918175592e-05 -0.00057018247456762752 0.00035631093432810304 3.633499967299939e-05 -0.00012355223908356485 -4.1382997963519343e-05 -0.00022370809584564997 -0.00047113558783661572 0.00050854969962994801 -0.00030516207449036298 0.00014872765517837257 3.7442284916287474e-05 -0.00038759828025402383 -7.8768761719511497e-05 -0.00025381437005840785 0.00075155778588585241 -0.00045726962850124438 -0.00019682668990982167 -0.00020515097618326766 0.00017169743911679691 -8.6451601262633584e-05 3.6987611860276987e-05 -0.00010536723454142713 0.00019141730697054307 0.00081886668484579782
leaf_weight=163 517 435 53 7087 471 1534 198 3063 6824 3104 703 119 48 526 139 3591 3127 65 11006 164 165 122 334 92 1105 1541 4626 542 1773 172
leaf_count=163 517 435 53 7087 471 1534 198 3063 6824 3104 703 119 48 526 139 3591 3127 65 11006 164 165 122 334 92 1105 1541 4626 542 1773 172
internal_value=-3.97873e-05 0.00301774 0.00272975 -0.00325795 0.00199119 -0.0047558 0.00331057 0.00755944 0.00296163 -0.00536152 -2.4327e-05 0.00746855 -0.000577615 0.00538841 0.0116917 0.00428213 -0.000939886 0.00178727 -0.00518427 0.000184794 0.00797842 0.00736521 -0.00614754 0.000465461 0.00067623 -0.000205149 0.00113393 0.000916373 0.00527748 0.00821484
internal_weight=53409 27388 26953 26021 23378 15807 14129 3575 13658 14273 9249 636 8613 4454 665 3789 10214 9204 14110 7576 3522 3357 1037 7412 7320 6215 4674 7366 1838 3235
internal_count=53409 27388 26953 26021 23378 15807 14129 3575 13658 14273 9249 636 8613 4454 665 3789 10214 9204 14110 7576 3522 3357 1037 7412 7320 6215 4674 7366 1838 3235
is_linear=0
shrinkage=0.05


Tree=5
num_leaves=31
num_cat=0
split_feature=4 11 11 10 4 12 4 10 10 15 16 10 12 11 12 11 5 12 10 6 15 15 12 16 10 15 16 11 16 12
split_gain=200.138 59.9122 57.1 46.1985 36.8594 25.6856 25.5017 22.2687 18.6749 18.2107 26.2973 15.382 19.4029 25.1224 14.2084 18.2155 14.194 14.3525 14.1014 12.5791 12.2254 21.9895 12.1532 14.8692 11.6695 14.3951 11.6556 13.0197 11.704 11.4735
threshold=0.022055152413019519 -0.0070947588285928389 -0.022310337551763478 0.0041080553382388816 0.043890724120045709 -0.05023266322533259 0.017355235162205152 0.0040309236924269696 0.0043154223195999162 0.0019905149327598131 -0.00055863161518965299 -0.0069332481569183138 -0.067575667738432196 -0.043674056524097109 0.0077064293796303982 -0.01368273436962064 0.0095422356478708 0.066100470646601531 0.0092143368425633438 0.20692478441309856 -0.012550669794551215 -0.0051621575020376334 -0.0086076797691169143 -0.034933523755742595 0.0034738887417754554 0.0076379118172400515 0.030018762992022444 0.021459813769517781 -0.010518498384392004 0.10731206738905331
decision_type=2 2 2 2 2 2 2 2 2 2 2 2 2 2 2 2 2 2 2 2 2 2 2 2 2 2 2 2 2 2
left_child=1 7 3 11 19 18 20 9 24 16 -11 12 -2 -14 15 -9 -1 22 -5 26 -3 -22 -18 -24 -8 -26 27 28 -4 -29
right_child=2 6 4 5 -6 -7 8 14 -10 10 -12 -13 13 -15 -16 -17 17 -19 -20 -21 21 -23 23 -25 25 -27 -28 29 -30 -31
leaf_value=-6.1570880998691732e-05 0.0008211506300698821 6.0545997823179379e-05 0.00010967965640671175 -0.00014612103056905386 0.00040504453725944084 -0.00035969859588616966 -6.6113939645413679e-05 -0.00017049553514590383 1.6829450447716777e-06 0.00033844296344349105 -1.3303507530248571e-05 0.00056057315980598645 -0.001439200917367034 0.00026856320160602591 -0.00019808703498544082 0.0001285131959040664 -3.1974696939995886e-06 -0.00021463839500494394 0.00051673542725881269 0.0001082368136993746 -0.00018889264149299741 -9.0472244609894403e-05 0.00043356884568263927 8.5397894856870199e-05 -0.00025443387471766352 0.00010457654348109465 -5.8648640748229816e-05 0.00015716720183125282 -5.1923756986920795e-06 -0.00022589218013773012
leaf_weight=780 465 308 2465 56 2474 308 7527 453 4338 687 469 866 97 930 322 403 1280 120 111 6062 1356 8450 157 1586 513 131 1458 1485 7820 72
leaf_count=780 465 308 2465 56 2474 308 7527 453 4338 687 469 866 97 930 322 403 1280 120 111 6062 1356 8450 157 1586 513 131 1458 1485 7820 72
internal_value=-2.28762e-05 -0.00284799 0.00328449 0.00996294 0.00241803 -0.00426316 -0.00404566 0.00148234 -0.00253617 0.00291888 0.00843426 0.0128287 0.00975201 0.00591529 -0.00471138 -0.00134346 0.00129365 0.00279192 0.0115269 0.00168371 -0.0059126 -0.00622068 0.0034651 0.00618187 -0.00394383 -0.0104037 0.000823308 0.00134268 0.000697618 0.00560373
internal_weight=53549 28880 24669 2833 21836 475 22623 6257 12509 5079 1156 2358 1492 1027 1178 856 3923 3143 167 19362 10114 9806 3023 1743 8171 644 13300 11842 10285 1557
internal_count=53549 28880 24669 2833 21836 475 22623 6257 12509 5079 1156 2358 1492 1027 1178 856 3923 3143 167 19362 10114 9806 3023 1743 8171 644 13300 11842 10285 1557
is_linear=0
shrinkage=0.05


Tree=6
num_leaves=31
num_cat=0
split_feature=4 11 12 4 10 4 15 11 10 9 12 10 10 11 16 11 16 16 10 10 10 12 12 10 6 6 10 10 16 10
split_gain=177.219 72.2517 50.1743 39.6679 27.4861 22.6851 20.715 20.5705 19.46 17.8157 21.1835 20.195 17.2913 18.9822 16.6496 16.256 15.9335 15.1269 20.2361 16.7477 20.5691 17.3612 15.0997 14.5089 14.1377 13.9942 13.0013 12.0649 13.843 18.7372
threshold=0.024798539534673706 -0.0070947588285928389 -0.075828254732232245 0.018302684436351756 0.0040309236924269696 0.043890724120045709 0.025033772670397528 -0.023324980459216712 0.011869718420407295 -0.25184813759963826 0.054230136510325939 -0.013932246020769588 0.0041080553382388816 -0.033420149013226534 -0.019566400408505654 -0.03145344780031472 -0.034933523755742595 -0.0011183953762152197 -0.00038722571471944128 -0.013327773622425541 -0.0072745157566194698 1.0000000180025095e-35 0.018681832940772639 -0.017312021268647334 -1.1218950062834303 -0.841576851097949 -0.0016165810670417111 0.0047561203387664905 0.013277331824823825 0.0019017774860140559
decision_type=2 2 2 2 2 2 2 2 2 10 2 2 2 2 2 2 2 2 2 2 2 2 2 2 2 2 2 2 2 2
left_child=1 4 -2 25 9 7 -7 12 -6 11 17 -1 15 -14 -10 -4 -13 18 19 -11 21 -21 -18 -9 -5 -3 -22 28 29 -26
right_child=2 3 5 24 8 6 -8 23 14 10 -12 16 13 -15 -16 -17 22 -19 -20 20 26 -23 -24 -25 27 -27 -28 -29 -30 -31
leaf_value=-0.00019341929507948565 0.0009694614815346479 -0.00013266603222260006 0.00011313965497542749 -0.00010829049448584329 -0.00013897471096501615 0.00042011004986300653 -0.00076886001013339229 -0.00039118522334193983 -0.00010631627220420185 0.00026503196245805194 -0.00010046642796399949 0.0004855587664922382 0.00065318524668066019 -0.00040243377328199752 0.00036197240822886641 0.00048316109235177029 -4.1244675443214645e-05 1.9506770212793364e-05 0.00046479685411225408 -0.00018636387467525019 0.00016655874742000921 0.0001227820138118032 0.00018881708201736307 6.9550639450583884e-05 -4.387032846560929e-05 -7.8243706812676777e-05 -0.00015732695007280819 1.9398002757074631e-05 9.7662225606789429e-06 -0.00018469450253933464
leaf_weight=254 620 2265 385 1186 1252 2695 64 213 112 854 339 154 41 141 247 595 1142 990 480 410 1051 379 304 12555 4786 10481 103 4774 3287 1317
leaf_count=254 620 2265 385 1186 1252 2695 64 213 112 854 339 154 41 141 247 595 1142 990 480 410 1051 379 304 12555 4786 10481 103 4774 3287 1317
internal_value=1.7765e-05 -0.00197348 0.00417846 -0.00317127 0.00219613 0.0036596 0.00780174 0.0028392 -0.0036468 0.00365325 0.00531915 -0.000485437 0.00920826 -0.00494505 0.0066156 0.0118367 0.00159375 0.0062749 0.0079112 0.00628352 0.00371848 -0.00250317 -3.45781e-05 0.00225956 -0.00145928 -0.00523301 0.00797227 -0.00102019 -0.0020607 -0.00346961
internal_weight=53476 36167 17309 28096 8071 16689 2759 13930 1611 6460 4606 1854 1162 182 359 980 1600 4267 3277 2797 1943 789 1446 12768 15350 12746 1154 14164 9390 6103
internal_count=53476 36167 17309 28096 8071 16689 2759 13930 1611 6460 4606 1854 1162 182 359 980 1600 4267 3277 2797 1943 789 1446 12768 15350 12746 1154 14164 9390 6103
is_linear=0
shrinkage=0.05


Tree=7
num_leaves=31
num_cat=0
split_feature=4 11 10 11 4 12 4 9 14 10 9 10 15 14 15 12 10 8 10 15 10 15 10 11 10 11 10 10 4 12
split_gain=166.266 63.6446 38.398 37.8941 35.7681 23.1155 22.7575 20.0726 16.6783 16.5045 20.1492 14.5221 18.3484 13.8832 25.6905 21.1419 20.9943 12.9348 12.898 15.6522 21.8721 12.6041 19.7552 13.8985 27.3413 19.1537 14.9615 14.8549 13.7841 13.259
threshold=0.021194422414681061 -0.022310337551763478 0.0041080553382388816 -0.0075284506861215674 0.043890724120045709 -0.05023266322533259 0.016053111835825532 -0.18728743132566686 0.23397195059943568 -0.0069332481569183138 inf 0.0041080553382388816 0.00038791338183430396 -0.075454415356713087 0.010840630085173776 -0.042339714563459634 0.0085213267487913597 0.10458915420590743 0.0044649128256998303 0.0087431798419538315 0.0027897371119552932 -0.010750849824572859 -0.0019500004630599863 -0.007196249019797262 0.0025358686375718258 -0.0030472627630497291 -0.017312021268647334 0.011869718420407295 0.027692231954757736 0.073733848686565309
decision_type=2 2 2 2 2 2 2 10 2 2 8 2 2 2 2 2 2 8 2 2 2 2 2 2 2 2 2 2 2 2
left_child=3 2 9 7 8 -4 -5 11 13 10 -2 12 -1 14 15 -3 -16 -18 19 20 -8 22 -15 24 26 29 -23 -26 -27 -25
right_child=1 4 5 6 -6 -7 18 -9 -10 -11 -12 -13 -14 21 16 -17 17 -19 -20 -21 -22 23 -24 25 27 28 -28 -29 -30 -31
leaf_value=-6.9333539455435693e-05 0.00044122523920341175 -0.00015829502732960283 0.00034295702545171784 -9.9592110588758817e-05 0.0003757139932478406 -0.00028488199497326828 -6.1220039550799945e-05 5.7122718528909412e-05 -0.00059278230999507424 0.0004783650095804841 -0.00014046701553739249 -0.00030939504886479076 0.00017813698716759326 5.6590949550589313e-05 0.00040436444523073254 0.00031467948517042998 -1.6601329765507987e-05 -0.00054530418036774725 -7.7282937517975714e-06 9.6145276636013584e-05 -0.00018123036109705037 -0.00045316243789590444 0.00032257972427071228 -0.00018832430193157403 -0.00018054854727712614 -1.5987705260921787e-05 0.00017598513298984332 0.00034099830663485771 7.1155715941216392e-05 0.0016800012196144607
leaf_weight=1048 1391 92 172 6789 2458 337 7632 3852 104 929 217 198 205 1465 193 1022 933 116 4748 578 1213 49 418 1110 552 8912 2109 102 4589 47
leaf_count=1048 1391 92 172 6789 2458 337 7632 3852 104 929 217 198 205 1465 193 1022 933 116 4748 578 1213 49 418 1110 552 8912 2109 102 4589 47
internal_value=-6.53229e-06 0.00272449 0.0095371 -0.00284716 0.00186952 -0.00299607 -0.00380248 0.00092872 0.00122519 0.0120516 0.00898632 -0.00408339 -0.00209497 0.00132088 0.00494482 0.0104578 0 -0.00278837 -0.00266213 -0.00373289 -0.00425382 0.000879709 0.00476633 0.00046079 0.00368065 -0.000156911 0.00639481 -0.00527523 0.000372195 -0.00633103
internal_weight=53580 27317 3046 26263 24271 509 20960 5303 21813 2537 1608 1451 1253 21709 2356 1114 1242 1049 14171 9423 8845 19353 1883 17470 2812 14658 2158 654 13501 1157
internal_count=53580 27317 3046 26263 24271 509 20960 5303 21813 2537 1608 1451 1253 21709 2356 1114 1242 1049 14171 9423 8845 19353 1883 17470 2812 14658 2158 654 13501 1157
is_linear=0
shrinkage=0.05


Tree=8
num_leaves=31
num_cat=0
split_feature=4 11 12 4 10 15 11 10 4 15 15 4 6 13 11 10 11 9 12 6 11 6 14 12 13 10 15 15 10 11
split_gain=150.612 58.3363 50.5951 32.0756 21.0446 18.0805 18.5975 17.8677 17.7379 18.1731 16.1131 15.5004 15.1807 14.2117 13.6784 14.5909 13.4154 14.8264 13.068 12.9613 11.9711 11.2047 11.1917 11.1077 15.03 12.2408 10.8333 21.8722 10.7832 18.1666
threshold=0.024798539534673706 -0.0070947588285928389 -0.075828254732232245 0.018302684436351756 0.0040309236924269696 0.0019905149327598131 -0.022024013564940267 0.0055837889125804905 0.04186387468840299 0.025033772670397528 0.0046037674952088556 0.019143165202406876 0.66040098846716699 12.00999975204468 -0.023324980459216712 -0.017312021268647334 -0.01368273436962064 -0.046062313069599452 -0.0080596862952704278 -0.91289584914877187 -0.010607926324274484 -1.3233632608429211 -0.098691693357393515 0.053746463317020383 15.905000209808351 -0.0084264989475150136 -0.012550669794551215 -0.0053068227532935266 0.0041080553382388816 -0.033420149013226534
decision_type=2 2 2 2 2 2 2 2 2 2 2 2 2 2 2 2 2 10 2 2 2 2 2 2 2 2 2 2 2 2
left_child=1 4 22 13 5 11 -7 -6 14 -10 -8 18 21 -3 28 -16 17 -9 -1 -15 -12 -5 -2 24 25 -20 -21 -28 -4 -30
right_child=2 3 8 12 7 6 10 16 9 -11 20 -13 -14 19 15 -17 -18 -19 23 26 -22 -23 -24 -25 -26 -27 27 -29 29 -31
leaf_value=-8.7891496108990195e-05 9.0271254900103822e-05 -0.00029531846803430828 0.00029788799566513366 -0.00013478065128134982 -0.00029371946961737945 0.00038686748244436825 0.00023660097782467264 -0.00031190684128091725 0.00032434152806385948 -0.00075077169992290643 9.2676366314659302e-05 8.7230388305029234e-05 4.2686397371101116e-05 -0.00012607571494756544 -0.00042803069888261837 6.2884210852419417e-05 9.4107157976399634e-05 -3.6903655699642696e-05 -0.00042624083606868633 6.6343577257383521e-05 -0.00017874745041416683 -3.7143786524516686e-05 0.0010960789117157386 -9.7714638692340003e-05 0.00014256944652744452 -3.6107346488290817e-06 -0.00015942784640081127 -5.5611605085527588e-05 0.00060631738711952772 -0.00037030248206383647
leaf_weight=935 89 163 971 589 296 402 524 168 3078 62 314 2580 3192 1914 204 12213 690 469 77 366 225 11619 530 236 884 325 1429 8980 42 134
leaf_count=935 89 163 971 589 296 402 524 168 3078 62 314 2580 3192 1914 204 12213 690 469 77 366 225 11619 530 236 884 325 1429 8980 42 134
internal_value=-6.33147e-05 -0.00189062 0.00377388 -0.00296439 0.00184308 0.00311443 0.00800341 -0.00325015 0.00325371 0.00664013 0.00453904 0.00169248 -0.00142532 -0.00480859 0.00246977 0.00198719 -0.000772419 -0.00600471 -0.00114978 -0.00462014 -0.00153061 -0.00222805 0.017811 0.00170828 0.0035381 -0.00447761 -0.00394664 -0.00424392 0.00769398 -0.00369318
internal_weight=53700 36377 17323 28252 8125 6502 1465 1623 16704 3140 1063 5037 15400 12852 13564 12417 1327 637 2457 12689 539 12208 619 1522 1286 402 10775 10409 1147 176
internal_count=53700 36377 17323 28252 8125 6502 1465 1623 16704 3140 1063 5037 15400 12852 13564 12417 1327 637 2457 12689 539 12208 619 1522 1286 402 10775 10409 1147 176
is_linear=0
shrinkage=0.05


Tree=9
num_leaves=31
num_cat=0
split_feature=4 12 11 11 10 11 5 4 11 14 15 12 12 10 14 10 15 16 12 16 6 12 12 13 15 13 10 16 16 10
split_gain=135.466 51.0011 35.1069 24.0754 29.4761 26.2402 25.3584 22.5891 15.9333 15.7959 15.4554 24.6378 15.2692 13.2016 18.2032 12.9232 16.2492 19.1693 13.6307 16.8322 12.6983 12.0084 11.9177 17.1046 13.1974 12.4124 11.5339 11.357 11.194 10.9792
threshold=0.021396269850156486 -0.075828254732232245 -0.0075284506861215674 -0.023324980459216712 0.0041080553382388816 -0.033420149013226534 0.022599200739832608 0.017292171792510778 -0.03145344780031472 0.23397195059943568 -0.012249833361804184 -0.062212446145613214 -0.057938720016513449 -0.001746991736331027 0.45247854199056486 0.0025358686375718258 0.0025039479183847084 -0.00055863161518965299 -0.0080596862952704278 -0.034933523755742595 -0.91289584914877187 0.0077064293796303982 0.053746463317020383 15.905000209808351 -0.015208285148921917 15.105000019073488 0.0044649128256998303 -0.019201760482925431 0.00051398239522792999 -0.0042544588401209329
decision_type=2 2 2 2 2 2 2 2 2 2 2 2 2 2 2 2 2 2 2 2 2 2 2 2 2 2 2 2 2 2
left_child=2 -2 15 4 8 -6 9 20 13 10 28 -12 -13 14 27 16 18 -18 -1 -20 -4 -17 23 25 -25 -21 29 -3 -5 -9
right_child=1 3 7 6 5 -7 -8 26 -10 -11 11 12 -14 -15 -16 21 17 -19 19 22 -22 -23 -24 24 -26 -27 -28 -29 -30 -31
leaf_value=-5.9790987727228758e-05 0.00074946578416489192 -0.00022914887128441602 -0.00013038435303139141 0.00017657778500575921 0.00053049504785817486 -0.00038834831860664855 0.00020592141265861298 6.8355044576765875e-06 0.00037750092511330092 -0.00065093172607210922 -0.00026901997393303221 0.0007869957717178723 1.8722738036783131e-05 0.00050631097689022013 0.00052662132932275246 -5.3993739292002192e-06 0.00031319471316876984 -1.3803995370271703e-05 0.00034967792477275968 1.6359546859389014e-06 -7.3697142365745802e-05 -0.00017987804380726875 -0.00010248353994333381 -6.4901512176843804e-05 0.00017069627667470091 -0.00038277756431363738 2.339395698586211e-06 0.00032013583632554911 -0.00016821600201421391 -7.5297081908701658e-05
leaf_weight=1327 705 314 1495 1312 61 273 4065 1567 1060 90 210 95 18012 123 88 820 552 349 171 356 8568 313 316 102 945 121 3860 120 154 5832
leaf_count=1327 705 314 1495 1312 61 273 4065 1567 1060 90 210 95 18012 123 88 820 552 349 171 356 8568 313 316 102 945 121 3860 120 154 5832
internal_value=-7.96238e-05 0.00243985 -0.00259796 0.00207972 0.00729524 -0.00628743 0.00163547 -0.00350811 0.00995601 0.000899462 0.000994541 0.00059917 0.000796653 0.00375969 0.000287356 0.00101452 0.00228238 0.00824084 0.000674056 0.00326952 -0.00522955 -0.00372904 0.001875 0.00370735 0.00728271 -0.00414046 -0.00196954 -0.00391705 0.00593452 -0.00312542
internal_weight=53376 26682 26694 25977 2039 334 23938 21322 1705 19873 19783 18317 18107 645 522 5372 4239 901 3338 2011 10063 1133 1840 1524 1047 477 11259 434 1466 7399
internal_count=53376 26682 26694 25977 2039 334 23938 21322 1705 19873 19783 18317 18107 645 522 5372 4239 901 3338 2011 10063 1133 1840 1524 1047 477 11259 434 1466 7399
is_linear=0
shrinkage=0.05


Tree=10
num_leaves=31
num_cat=0
split_feature=4 11 10 4 11 4 6 9 6 16 11 4 10 16 9 14 14 8 3 10 16 9 16 12 12 10 12 12 12 10
split_gain=128.053 69.0138 41.3215 31.9387 24.5743 17.8896 16.8841 14.034 13.5825 13.9377 12.3457 11.477 11.3775 19.8902 17.8658 11.3777 11.3426 10.9071 10.175 9.59307 9.51793 9.04439 8.71856 9.51099 14.7404 16.1563 9.10308 10.4194 17.2875 16.1346
threshold=0.019439015185144477 -0.023324980459216712 0.0041080553382388816 0.03123982530763993 -0.0075284506861215674 0.032312304385524467 -0.91289584914877187 0.27196234994472374 -0.24504521132298115 0.036245743593820608 -0.033420149013226534 0.016053111835825532 -0.0069332481569183138 -0.044876723421484459 -0.022573716913849681 0.45247854199056486 -0.19490876951167976 inf 0.007639311331759214 0.0044649128256998303 -0.020750169840095808 0.21366189852944409 -0.013288673439882657 -0.018676010215707358 -0.024923453703148576 0.0099554586299021048 -0.075828254732232245 -0.062212446145613214 -0.05023266322533259 0.010824096152379449
decision_type=2 2 2 2 2 2 2 8 2 2 2 2 2 2 10 2 2 8 2 2 2 10 2 2 2 2 2 2 2 2
left_child=4 2 5 8 7 12 -6 20 9 -3 18 -8 13 15 -15 -2 -10 -18 -4 -13 -1 22 23 24 25 -5 -24 29 -29 -28
right_child=1 3 10 21 6 -7 11 -9 16 -11 -12 19 -14 14 -16 -17 17 -19 -20 -21 -22 -23 26 -25 -26 -27 27 28 -30 -31
leaf_value=0.00013649486397290084 -0.00034941008168126942 -1.2467954377201738e-05 0.00049709179978280483 0.00040647367704220471 -0.00012188798412004192 0.00081013258578180878 -8.2071200718562181e-05 -7.8184437387475179e-05 -0.00036106172615611053 -0.00017117519093921008 -0.00031924478879387472 -5.9958695821001225e-05 0.00028759958336412034 3.4354045465928229e-07 0.00041988387505638143 0.00028756382348721799 4.7354106651518753e-05 -0.00018551651543884942 -0.00023305916511568263 2.0117813730955932e-06 8.9510171901621096e-06 0.00042124072820140952 0.00079897398326738269 0.00031653050845996292 -0.0004215704829437738 -0.00074965029301735109 -0.00041890197689786903 0.0007202650632274621 6.3634638766101381e-05 0.00022336822034340985
leaf_weight=750 176 11094 74 365 2361 800 5740 1132 91 567 309 5319 855 321 425 71 11134 415 45 2678 2046 913 117 936 124 94 152 141 4279 87
leaf_count=750 176 11094 74 365 2361 800 5740 1132 91 567 309 5319 855 321 425 71 11134 415 45 2678 2046 913 117 936 124 94 152 141 4279 87
internal_value=-0.000101192 0.00178577 0.00892393 0.00106608 -0.00326575 0.0112538 -0.00413095 0.000280041 0.000166302 -0.00103979 -0.00549065 -0.00345963 0.00854978 0.00490937 0.00898123 -0.00738866 0.00137457 0.00151312 0.00819328 -0.00223521 0.00218169 0.00397475 0.00330024 0.00659974 0.00158662 0.00571895 0.00225084 0.00190492 0.00245475 -0.0082636
internal_weight=53611 33585 3076 30509 20026 2648 16098 3928 23301 11661 428 13737 1848 993 746 247 11640 11549 119 7997 2796 7208 6295 1519 583 459 4776 4659 4420 239
internal_count=53611 33585 3076 30509 20026 2648 16098 3928 23301 11661 428 13737 1848 993 746 247 11640 11549 119 7997 2796 7208 6295 1519 583 459 4776 4659 4420 239
is_linear=0
shrinkage=0.05


Tree=11
num_leaves=31
num_cat=0
split_feature=4 11 12 4 5 15 11 10 12 12 10 16 12 16 8 10 15 10 12 10 16 6 12 15 11 12 10 16 11 12
split_gain=124.449 50.9105 47.2346 27.9818 19.9177 19.5017 21.1374 16.9258 17.4459 19.1499 16.181 22.7302 20.533 15.7498 15.5469 15.1553 17.6715 14.7976 16.1337 14.2223 13.9605 13.6982 13.3872 12.4444 13.1148 12.1192 17.0716 15.7277 14.8385 12.0133
threshold=0.02528107623980758 -0.0070947588285928389 -0.080083523859072289 0.018190026786937128 0.0094951432602788238 0.025033772670397528 -0.022310337551763478 0.0040309236924269696 0.0077064293796303982 0.0027925982816148225 0.0052648731180522388 -0.027277088526395984 -0.062212446145613214 -0.036179446976329126 -0.081362332903551923 0.0041080553382388816 0.01217388314375434 -0.00038722571471944128 0.066100470646601531 -0.0069332481569183138 0.029426106893100438 -0.81298371872674158 -0.057938720016513449 0.016094339499768576 0.034590351886677258 -0.0026166681708668089 0.0027897371119552932 0.0049490203376132422 -0.0073194328445433934 0.025891227529327935
decision_type=2 2 2 2 2 2 2 2 2 2 2 2 2 2 8 2 2 2 2 2 2 2 2 2 2 2 2 2 2 2
left_child=1 4 -2 -3 -1 6 15 17 9 -9 12 -12 -8 -14 -13 19 -17 -6 -19 -4 -16 -5 -15 29 -25 -24 28 -28 -27 -22
right_child=2 3 5 21 7 -7 10 8 -10 -11 11 14 13 22 20 16 -18 18 -20 -21 23 -23 25 24 -26 26 27 -29 -30 -31
leaf_value=-5.7811730468064352e-05 0.0010840144910114985 -7.0284720345333004e-05 0.00021852436853160817 -7.3259074689924219e-05 5.5672451215002446e-05 -0.00036822470088361347 -0.0003869762898570807 -4.7970297238027638e-05 -0.00017422501325988973 0.00039053146959072487 -0.00097455678304929783 0.00040904730407819264 0.00065425749823560685 0.00086565550727549928 0.00016958539551693082 -0.00040704480888159269 0.00026427947890651738 0.00023714832300394999 -0.00036020724004247621 0.00044859731723127685 -0.00021192085034240201 -9.8785865382801992e-06 -4.5285483276062951e-05 -0.00010976714038733303 0.00077227389926211787 0.00025081838258092368 -0.00024265734846934465 9.9092595746314374e-05 6.9019755474198591e-05 0.00011016985752255434
leaf_weight=1150 443 12427 905 3027 4688 178 176 933 376 206 94 866 188 102 2932 124 162 978 48 566 366 13460 2358 74 102 881 545 660 4306 225
leaf_count=1150 443 12427 905 3027 4688 178 176 933 376 206 94 866 188 102 2932 124 162 978 48 566 366 13460 2358 74 102 881 545 660 4306 225
internal_value=5.4159e-05 -0.00153715 0.00370547 -0.00253165 0.00189462 0.00325427 0.00344166 0.00286692 -0.00183168 0.0012511 0.00278739 0.00518888 0.00157335 0.00190265 0.00569003 0.00860842 -0.00192308 0.00411271 0.00955166 0.010656 0.00427818 -0.00118123 0.00159851 -0.00172751 0.00994318 0.00138857 0.00251877 -0.00284232 0.00376422 -0.00520305
internal_weight=53546 37293 16253 28914 8379 15810 15632 7229 1515 1139 13875 4659 9216 9040 4565 1757 286 5714 1026 1471 3699 16487 8852 767 176 8750 6392 1205 5187 591
internal_count=53546 37293 16253 28914 8379 15810 15632 7229 1515 1139 13875 4659 9216 9040 4565 1757 286 5714 1026 1471 3699 16487 8852 767 176 8750 6392 1205 5187 591
is_linear=0
shrinkage=0.05


Tree=12
num_leaves=31
num_cat=0
split_feature=4 13 11 4 15 15 13 11 6 5 15 10 15 15 15 11 13 10 16 10 16 16 16 11 10 10 11 10 6 11
split_gain=105.291 49.9937 37.3685 22.1827 22.0827 39.5931 23.5735 16.7652 16.6514 16.5813 14.454 20.0724 18.6845 16.6857 16.4444 16.3123 15.1078 14.5038 14.3419 14.1929 14.0425 12.4999 16.0192 11.9721 24.5586 16.7861 12.9719 19.7353 12.462 13.6777
threshold=0.023188024669234992 33.719999313354499 -0.0070947588285928389 0.053063661742144462 -0.012249833361804184 -0.0053068227532935266 12.119999885559084 0.015296140057879161 -1.1218950062834303 0.0095885381778821194 -0.0022134531198421121 0.0043154223195999162 -0.0038568157725497039 0.0063153734995148323 0.014425208851226114 0.0051016705998240272 19.625000000000004 0.0083253127378262199 0.036245743593820608 -0.0072745157566194698 0.018333395427526548 0.0083456686243664775 -0.012737670860667126 -0.023324980459216712 0.0041080553382388816 -0.017312021268647334 -0.03145344780031472 -0.0067260257632843481 1.4899927811737523 0.021459813769517781
decision_type=2 2 2 2 2 2 2 2 2 2 2 2 2 2 2 2 2 2 2 2 2 2 2 2 2 2 2 2 2 2
left_child=2 3 9 18 -4 7 20 -6 -8 -1 12 14 -10 16 19 17 21 -15 23 -12 -7 22 -13 24 26 -25 27 -2 29 -27
right_child=1 -3 4 -5 5 6 8 -9 10 -11 11 13 -14 15 -16 -17 -18 -19 -20 -21 -22 -23 -24 25 -26 28 -28 -29 -30 -31
leaf_value=-4.8819314034363307e-05 -7.6491108169218696e-05 0.00090713644791945349 7.8517782149957385e-05 0.00052328962790083573 -0.00016235810162954303 -0.0002917056508215856 -0.00010139065477289015 6.9286160860227049e-06 -6.0589723702241931e-05 4.7974350316610029e-05 0.00010016584963787488 -0.00022087218919430573 9.4327573132441984e-05 2.3824528685447398e-06 0.00025179057320871481 -6.6009001715730547e-06 0.00032116884530485312 -0.00021200221505050852 -7.5978528870612746e-05 -7.8509650211516617e-05 0.00045065138675369465 -3.3057094814861398e-05 0.00010943442779117151 -0.00042222378916756479 -0.00020418490491387012 2.3875928178835814e-05 0.00032988865354727698 0.00041346969273564003 0.00019504575878073803 0.00012526931933065714
leaf_weight=1239 399 429 856 1540 2851 378 1656 464 1183 5780 391 74 1956 402 142 2937 192 743 1203 8180 50 1425 1295 244 303 12127 818 231 1494 2394
leaf_count=1239 399 429 856 1540 2851 378 1656 464 1183 5780 391 74 1956 402 142 2937 192 743 1203 8180 50 1425 1295 244 303 12127 818 231 1494 2394
internal_value=-0.000110537 0.00262723 -0.00191185 0.00227798 -0.00281132 -0.00308915 -0.00228766 -0.00816742 -0.00204607 0.00131429 -0.00162526 -0.00224162 0.0014734 -0.000261743 -0.0038477 -0.00233954 0.0025787 -0.00740175 0.00181518 -0.00412729 -0.0139019 0.00164639 0.00505844 0.00216824 0.00609652 0.00174519 0.00880525 0.0034127 0.00194349 0.00149611
internal_weight=53376 21182 32194 20753 25175 24319 21004 3315 20576 7019 18920 15781 3139 7068 8713 4082 2986 1145 19213 8571 428 2794 1369 18010 1751 16259 1448 630 16015 14521
internal_count=53376 21182 32194 20753 25175 24319 21004 3315 20576 7019 18920 15781 3139 7068 8713 4082 2986 1145 19213 8571 428 2794 1369 18010 1751 16259 1448 630 16015 14521
is_linear=0
shrinkage=0.05


Tree=13
num_leaves=31
num_cat=0
split_feature=4 13 4 6 16 12 13 13 13 14 15 15 16 15 12 14 13 13 14 16 15 16 13 12 12 15 6 13 4 14
split_gain=96.9167 53.9166 32.9938 20.384 16.0947 15.0438 17.6738 18.2203 13.3027 12.1972 12.0554 19.7838 14.3571 12.0547 11.8643 11.5702 12.8486 29.5546 11.4147 10.9947 10.6494 15.3752 12.1046 10.5212 22.9391 12.3405 10.2089 9.7912 9.48416 9.28381
threshold=0.018190026786937128 33.719999313354499 0.03123982530763993 1.0000000180025095e-35 -0.034933523755742595 -0.080083523859072289 28.970000267028812 26.494999885559086 12.119999885559084 0.12307845124318741 -0.0042574009302753226 -0.0027486234333860544 -0.0022607525091419829 -0.020422023113881357 -0.071455492513037885 -0.077913276979976895 16.550000190734867 16.675000190734867 -0.14356568835631797 -0.039503255686329335 -0.012249833361804184 -0.049844975099244952 25.960000038146976 -0.027198367137832798 -0.0045413720184895303 0.0024237805101907654 -1.1069617217759744 16.32499980926514 0.059975737414961899 -0.067583665573298909
decision_type=2 2 2 2 2 2 2 2 2 2 2 2 2 2 2 2 2 2 2 2 2 2 2 2 2 2 2 2 2 2
left_child=8 2 3 4 19 -4 7 20 -1 10 -10 12 -12 -11 -8 18 23 -18 -6 -2 -7 -22 28 -17 25 -25 -13 -20 29 -23
right_child=1 -3 5 -5 15 6 14 -9 9 13 11 26 -14 -15 -16 16 17 -19 27 -21 21 22 -24 24 -26 -27 -28 -29 -30 -31
leaf_value=-0.00022183302731974028 6.6404255586561663e-05 0.00077089721285166315 0.00082027067874045458 4.7402760606816453e-05 -8.0210748832328969e-05 0.00029600814084636512 0.00028729390422355133 0.00052301442444250732 -9.6608331798093497e-05 -0.00013576423423891198 0.00018145793243712081 -0.0001211708123146983 -9.7713454985379807e-06 9.433389064728076e-05 -0.0003759822830519937 0.00020217781281551108 0.00024262689514321055 -1.0898917866685246e-05 0.00023706909251054958 0.00038427275421855085 -0.00083688843832107349 0.00029299178674239019 -0.00040634530112504294 -0.00033667326389808953 -5.0811032926756548e-05 2.7100261332149061e-05 -4.7170924500464143e-05 2.3907460434421069e-05 0.00065377898018332138 6.29221036268402e-05
leaf_weight=287 276 446 154 11911 283 759 93 303 3218 103 362 882 712 515 295 152 327 7753 440 194 77 889 92 330 7093 94 9489 668 679 4488
leaf_count=287 276 446 154 11911 283 759 93 303 3218 103 362 882 712 515 295 152 327 7753 440 194 77 889 92 330 7093 94 9489 668 679 4488
internal_value=-3.93524e-05 0.00132818 0.00112182 0.000356526 -0.00072402 0.00400754 0.00369707 0.00425072 -0.00335946 -0.00315915 -0.00344916 -0.00268895 0.00377095 0.00372168 -0.00670103 -0.000974329 -0.0013604 3.09406e-05 0.00339684 0.00840426 0.00372995 0.00304819 0.00332628 -0.00282631 -0.00308966 -0.0143868 -0.00335792 0.00568592 0.00359974 0.0028966
internal_weight=53364 37796 37350 29521 17610 7829 7675 7287 15568 15281 14663 11445 1074 618 388 17140 15749 8080 1391 470 6984 6225 6148 7669 7517 424 10371 1108 6056 5377
internal_count=53364 37796 37350 29521 17610 7829 7675 7287 15568 15281 14663 11445 1074 618 388 17140 15749 8080 1391 470 6984 6225 6148 7669 7517 424 10371 1108 6056 5377
is_linear=0
shrinkage=0.05


Tree=14
num_leaves=31
num_cat=0
split_feature=4 13 11 4 6 11 14 13 16 8 13 16 11 8 11 13 11 16 6 6 5 14 11 13 13 13 12 11 14 14
split_gain=100.123 47.1607 23.3019 22.6508 20.7547 15.0735 13.3468 12.6771 10.9871 10.7768 13.7692 10.6299 11.2364 16.5364 11.3352 10.6245 10.2806 10.9337 9.71003 9.626 9.44422 9.44178 11.4538 10.2733 9.42093 13.2861 12.8611 24.4539 12.8746 17.3251
threshold=0.021396269850156486 33.719999313354499 -0.0070947588285928389 0.038966187204318735 -1.1069617217759744 -0.023324980459216712 0.23397195059943568 12.00999975204468 0.03585743602736758 -0.15408467570100795 20.375000000000004 0.034437881415261613 0.021459813769517781 inf 0.021985300450528603 17.615000724792484 0.021459813769517781 0.0086657027679308846 1.2053026729582885 -0.72938122280086481 0.0095422356478708 -0.19490876951167976 -0.021243764887310997 28.970000267028812 17.394999504089359 15.97499990463257 0.023412732121494976 0.0086495995411973742 0.083812216488613714 0.035115678917499234
decision_type=2 2 2 2 2 2 2 2 2 10 2 2 2 8 2 2 2 2 2 2 2 2 2 2 2 2 2 2 2 2
left_child=2 3 20 5 -4 15 11 -6 21 -9 16 12 13 18 -14 -2 24 -18 -7 -10 -1 -5 -23 -24 25 26 27 -11 29 -28
right_child=1 -3 4 8 7 6 -8 9 19 10 -12 -13 14 -15 -16 -17 17 -19 -20 -21 -22 22 23 -25 -26 -27 28 -29 -30 -31
leaf_value=-4.5223626050405233e-05 -0.00023657709362903215 0.00080256789256453022 -0.0001124360244495947 -0.00093786256939916283 -0.00024842657824654694 1.5733833798309283e-05 -0.00061669976331332917 -0.00018967017922281041 -0.00023443808967494058 -3.7559719019954047e-05 0.00014509469771840886 -6.0919151136624561e-05 0.00052992419115083342 -0.00016198250867658194 7.4202371518774382e-05 0.00015788385281942458 0.00018921944571748551 -1.145699286132845e-05 0.00012562225100993442 8.7197538724237501e-05 3.8323417132530867e-05 0.00055824613764309742 0.00025583766819759683 -0.00049321379225610224 -0.00010122968198505609 6.1237203428536184e-06 -2.7017837462346882e-05 -0.00016693924983397865 0.0001567083906850772 -0.00019655973746383754
leaf_weight=1173 53 456 1741 51 156 13550 87 378 128 1972 448 1521 186 599 2596 1814 309 2384 1945 212 4555 522 2985 63 2338 3224 5983 1180 168 795
leaf_count=1173 53 456 1741 51 156 13550 87 378 128 1972 448 1521 186 599 2596 1814 309 2384 1945 212 4555 522 2985 63 2338 3224 5983 1180 168 795
internal_value=-1.30665e-05 0.00214996 -0.00217318 0.00187367 -0.00294173 0.0012561 0.000864089 -0.00247091 0.0053585 -0.00235544 -0.00218738 0.000947443 0.00127146 0.00076426 0.00420561 0.00555704 -0.00239879 0.000454883 0.00107938 -0.00323529 0.000654679 0.00616542 0.00647059 0.00529856 -0.00288953 -0.00237577 -0.00326797 -0.00591688 -0.00206594 -0.00240484
internal_weight=53572 26768 26804 26312 21076 22351 20484 19335 3961 19179 18801 20397 18876 16094 2782 1867 18353 2693 15495 340 5728 3621 3570 3048 15660 13322 10098 3152 6946 6778
internal_count=53572 26768 26804 26312 21076 22351 20484 19335 3961 19179 18801 20397 18876 16094 2782 1867 18353 2693 15495 340 5728 3621 3570 3048 15660 13322 10098 3152 6946 6778
is_linear=0
shrinkage=0.05


Tree=15
num_leaves=31
num_cat=0
split_feature=4 12 11 15 15 13 15 15 10 12 15 10 10 12 15 14 15 14 12 15 14 4 12 11 15 13 12 16 13 13
split_gain=85.706 41.6513 34.1247 21.6204 31.0402 22.7826 19.4486 32.5752 18.0733 17.8368 16.8336 16.274 15.9078 22.9239 28.7824 22.2448 20.0847 17.5786 21.3458 18.2723 15.8536 15.194 15.1549 15.0732 14.7703 14.7328 20.5851 21.4096 14.5946 20.7197
threshold=0.025183331973619816 -0.080083523859072289 -0.0070947588285928389 -0.012947114369412092 -0.0053068227532935266 12.119999885559084 -0.002161528947243196 -0.001785549865782665 0.0025358686375718258 0.0077064293796303982 0.025033772670397528 0.00048358737476139618 0.0043154223195999162 0.05735486248043898 0.0063153734995148323 -0.06426442822534599 0.014425208851226114 0.065842641676127869 0.0020578799164406862 0.0027654380575841135 -0.01759756320211869 0.059975737414961899 0.016092642436075003 0.015296140057879161 0.0063841335999482727 13.659999847412111 0.019647548518162531 -0.015122399782441396 20.610000610351566 17.195000648498539
decision_type=2 2 2 2 2 2 2 2 2 2 2 2 2 2 2 2 2 2 2 2 2 2 2 2 2 2 2 2 2 2
left_child=2 -2 8 -4 23 -6 -7 -8 11 20 21 -1 15 14 -14 -9 17 18 -17 -19 -10 -3 -13 25 -16 -5 27 -27 29 -20
right_child=1 10 3 4 5 6 7 12 9 -11 -12 22 13 -15 24 16 -18 19 28 -21 -22 -23 -24 -25 -26 26 -28 -29 -30 -31
leaf_value=3.0509583845073466e-05 0.00091535630849351457 6.1775886197308188e-05 8.9683701820820861e-05 -0.00023981192393287426 -0.00022713471896523764 3.1808652511554606e-05 -0.00027614163874905819 0.00019740210122590847 3.7727435984710695e-05 -0.00015949422539135775 -0.0003086876334517021 0.00042653542083924824 7.7788325368776539e-05 -0.00012664468244101771 -0.00041086867126641479 -0.00017976395018999005 0.00024594090935340079 0.00028073651525533955 -4.486732375655221e-05 -7.7446557934908726e-05 -0.00029123334786778678 0.0005841223223445037 3.9303654343587729e-05 1.9036659389015708e-05 -2.8082208814550916e-05 8.3495031370629021e-05 -4.2935750148936913e-05 -0.00023260135940339184 0.00033533619979634959 -0.00019186831455408624
leaf_weight=5776 435 14792 895 574 465 3847 601 246 1262 478 175 331 3071 1109 103 971 169 282 6862 287 200 980 296 546 4505 181 1561 1039 107 1470
leaf_count=5776 435 14792 895 574 465 3847 601 246 1262 478 175 331 3071 1109 103 971 169 282 6862 287 200 980 296 546 4505 181 1561 1039 107 1470
internal_value=-0.000175321 0.00283848 -0.00150132 -0.00231473 -0.00255929 -0.0018894 -0.00167372 -0.00230627 0.00131547 -0.00291237 0.00242209 0.00259644 -0.00194714 -0.000381202 0.000589269 -0.00327112 -0.00363126 -0.00392073 -0.00443677 0.00461336 -0.000170999 0.0025932 0.0102472 -0.006697 -0.00190972 -0.00795082 -0.00644552 -0.0113115 -0.00362898 -0.00386462
internal_weight=53616 16382 37234 28891 27996 24095 23630 19783 8343 1940 15947 6403 19182 8788 7679 10394 10148 9979 9410 569 1462 15772 627 3901 4608 3355 2781 1220 8439 8332
internal_count=53616 16382 37234 28891 27996 24095 23630 19783 8343 1940 15947 6403 19182 8788 7679 10394 10148 9979 9410 569 1462 15772 627 3901 4608 3355 2781 1220 8439 8332
is_linear=0
shrinkage=0.05


Tree=16
num_leaves=31
num_cat=0
split_feature=4 13 11 4 10 12 10 13 13 14 15 10 14 10 10 11 14 10 10 13 14 10 4 15 10 14 15 14 14 15
split_gain=75.5206 43.988 24.0547 18.5529 17.4953 16.8385 15.9469 15.8123 18.5834 14.0937 19.2184 28.9416 17.8369 16.0582 13.6812 20.5786 14.1278 15.9933 14.097 14.1658 13.0514 12.9241 12.6058 12.4229 18.4802 12.283 12.9431 12.4083 11.7841 11.8952
threshold=0.018905527098722254 33.719999313354499 -0.022310337551763478 0.043890724120045709 0.0041080553382388816 -0.05023266322533259 -0.0038582878398281113 27.365000724792484 25.505000114440922 -0.067583665573298909 0.010840630085173776 0.0085213267487913597 -0.073050802278400592 0.0090796320143422555 -0.0069332481569183138 -0.043674056524097109 0.21504170766917155 -0.017312021268647334 -0.013327773622425541 20.154999732971195 0.0250539094836888 0.010363669081824291 0.042777327064585306 -0.0042574009302753226 -0.0048383307689184299 -0.054805799949304061 0.0089466886118758655 -0.049735428455543622 0.12307845124318741 -0.020422023113881357
decision_type=2 2 2 2 2 2 2 2 2 2 2 2 2 2 2 2 2 2 2 2 2 2 2 2 2 2 2 2 2 2
left_child=6 2 4 7 14 -6 23 8 9 10 13 -12 -13 -4 15 -2 17 22 19 -19 -20 -10 -17 28 -25 26 -11 -27 -1 -30
right_child=1 -3 3 -5 5 -7 -8 -9 21 25 11 12 -14 -15 -16 16 -18 18 20 -21 -22 -23 -24 24 -26 27 -28 -29 29 -31
leaf_value=-6.8499849220346207e-05 -0.0012889597611318389 0.00066633830888803347 4.3446170127192218e-05 0.00024100577904032363 0.00026549968282122571 -0.00022980276641790506 -5.8802775074392766e-05 -0.00026963595399445765 0.00062157859857249205 -0.00018116822367579099 0.00034942539336838409 -0.00010936089678967275 0.00027709768858784665 0.00028623627500393416 0.00026591783509689941 -0.00024338766497052639 0.00040189651864300517 -0.0001740233115326477 -0.00027495088062243217 0.00042059000434146922 0.00011747814146113602 -0.0001373803376677457 0.00023237589468477814 1.4174966831658355e-05 0.00024575698042538961 0.00014086806460953281 2.0640371514772487e-05 -2.6802130109635988e-06 -0.00015334260743624339 0.00010066805764591767
leaf_weight=1581 106 450 1043 2433 194 388 14229 208 210 846 248 1403 146 1037 1115 166 240 58 154 380 424 86 64 1307 303 656 549 22889 121 555
leaf_count=1581 106 450 1043 2433 194 388 14229 208 210 846 248 1403 146 1037 1115 166 240 58 154 380 424 86 64 1307 303 656 549 22889 121 555
internal_value=-9.56353e-05 0.00124461 0.00104514 0.000623543 0.00511554 -0.00274914 -0.00272436 0.0002754 0.000373544 0.000245515 0.00305004 -0.00073734 -0.00327631 0.00632212 0.00680643 0.00383166 0.00534993 0.00321027 0.00590551 0.0126712 0.000778547 0.0128378 -0.00869565 0.000122834 0.00347826 -0.000190457 -0.0047491 7.96347e-05 -0.00227071 0.00325444
internal_weight=53589 35493 35043 31754 3289 582 18096 29321 29113 28817 3877 1797 1549 2080 2707 1592 1486 1246 1016 438 578 296 230 3867 1610 24940 1395 23545 2257 676
internal_count=53589 35493 35043 31754 3289 582 18096 29321 29113 28817 3877 1797 1549 2080 2707 1592 1486 1246 1016 438 578 296 230 3867 1610 24940 1395 23545 2257 676
is_linear=0
shrinkage=0.05


Tree=17
num_leaves=31
num_cat=0
split_feature=5 12 16 6 10 12 15 8 16 10 6 5 15 15 11 16 15 11 15 16 14 11 16 16 14 15 15 6 11 12
split_gain=80.9946 33.8886 24.9931 20.2935 19.9495 18.8303 18.3619 18.0264 17.9952 17.8937 16.8876 15.8309 14.666 23.1219 13.846 12.7256 12.2568 10.8779 10.0422 9.25893 10.1279 9.22941 12.0059 9.10618 12.5439 10.9974 18.0387 10.9744 10.9292 17.7976
threshold=0.012687160188491009 -0.080083523859072289 -0.034933523755742595 -0.0094327660804136657 -0.0042544588401209329 -0.0080596862952704278 0.025033772670397528 -0.0059064709284925012 -0.010518498384392004 -0.0048383307689184299 -1.1069617217759744 0.025557973724569149 -0.0052472842650770337 -0.011101198772255292 0.014627059991814352 0.012949109354779444 0.0075263784750352345 -0.024572906939621272 0.0074413623510861679 -0.030444358411838009 0.0250539094836888 -0.016340293761251231 -0.024996552887159736 0.036245743593820608 -0.073802250117532039 -0.0054061645034700892 -0.0035274255540788664 -0.55514146716666757 0.003505922146060048 0.060736863464118891
decision_type=2 2 2 2 2 2 2 10 2 2 2 2 2 2 2 2 2 2 2 2 2 2 2 2 2 2 2 2 2 2
left_child=2 7 5 8 9 -1 11 -2 16 17 -6 -5 13 -12 -11 -15 18 19 -3 -4 -21 -19 -23 25 -25 -10 -27 -26 29 -28
right_child=1 3 4 6 10 -7 -8 -9 23 14 12 -13 -14 15 -16 -17 -18 21 -20 20 -22 22 -24 24 27 26 28 -29 -30 -31
leaf_value=3.5859018701817937e-06 0.00089202576334228723 7.0050195986363404e-05 -0.00011541239370721127 7.9518009637753398e-05 -0.00011677503486198856 0.00028090469710499532 -0.00033557290973078936 -0.00032225459977969776 -7.7953900970636954e-05 0.00023288178997872826 0.00011070476892205228 0.00053564711815947102 -3.6517665393623856e-05 -0.00015129008068629808 -0.00015685716529920563 0.00013628020305781225 0.00030607136896203865 -0.00014574731529309987 -0.00049621836076840493 -5.690702376852895e-06 0.00028850543520565975 0.00020588730501993474 -2.0526695316972195e-05 0.00012290175535982156 -0.00020880191198376359 0.00012213890823794374 -8.0280407546444099e-05 -7.6334910167275702e-06 2.5407392328317263e-05 0.00030974709474404559
leaf_weight=431 415 3485 110 10035 1498 312 196 56 2032 393 322 928 14803 1703 70 140 586 588 53 125 219 197 2929 164 550 886 3178 363 6602 204
leaf_count=431 415 3485 110 10035 1498 312 196 56 2032 393 322 928 14803 1703 70 140 586 588 53 125 219 197 2929 164 550 886 3178 363 6602 204
internal_value=-2.47326e-05 0.00171611 -0.00219589 0.00150195 -0.00248625 0.00683042 0.00317905 0.0150212 0.000468154 0.000448067 -0.00322214 0.00345024 -0.00277287 -0.00661663 0.00977322 -0.00877645 0.00337051 -0.000587812 0.00226116 0.00671806 0.0107558 -0.00148088 -0.000399872 -0.000388082 -0.00480501 -1.93768e-05 0.000611776 -0.007092 5.00801e-06 -0.00230633
internal_weight=53573 29733 23840 29262 23097 743 11159 471 18103 4631 18466 10963 16968 2165 463 1843 4124 4168 3538 454 344 3714 3126 13979 1077 12902 10870 913 9984 3382
internal_count=53573 29733 23840 29262 23097 743 11159 471 18103 4631 18466 10963 16968 2165 463 1843 4124 4168 3538 454 344 3714 3126 13979 1077 12902 10870 913 9984 3382
is_linear=0
shrinkage=0.05


Tree=18
num_leaves=31
num_cat=0
split_feature=4 12 11 13 8 4 10 10 12 14 12 15 4 8 10 14 9 10 15 9 10 15 12 11 14 13 13 10 0 11
split_gain=66.8342 37.1799 29.5205 21.5858 15.7712 16.1774 14.8013 16.4821 22.0935 14.2596 16.0489 14.0406 13.8412 11.5119 11.3666 11.2746 11.2385 11.1534 12.6579 14.5432 10.5336 22.7067 10.8862 10.379 12.0079 10.0967 18.1515 10.0147 9.74904 9.18429
threshold=0.02528107623980758 -0.080083523859072289 -0.0070947588285928389 12.119999885559084 -0.16614209449316961 0.017416120139627556 0.0025358686375718258 -0.00038722571471944128 0.028818741117549677 -0.01759756320211869 0.0077064293796303982 0.025033772670397528 0.059975737414961899 0.060529873921189033 -0.00045044795983173452 -0.12096344977185801 -0.15340144010300186 0.0047561203387664905 0.016142888628806976 0.085108721477618623 0.0027897371119552932 0.0089466886118758655 0.12832311621465078 0.00301412428072434 0.021982133330242685 19.295000076293949 17.164999961853031 0.0207430020860534 -0.0020924254498935753 0.01955675936649726
decision_type=2 2 2 2 10 2 2 2 2 2 2 2 2 10 2 2 10 2 2 8 2 2 2 2 2 2 2 2 2 2
left_child=2 -2 6 13 29 25 7 14 16 10 -8 12 15 -4 -1 -3 -9 20 19 28 22 -22 -7 -23 -25 26 -6 -17 -19 -5
right_child=1 11 3 4 5 17 9 8 -10 -11 -12 -13 -14 -15 -16 27 -18 18 -20 -21 21 23 -24 24 -26 -27 -28 -29 -30 -31
leaf_value=2.6876676755187377e-05 0.00081485889747710469 0.00023671130345478332 -0.00023996033504541448 -0.00021407359528166547 -4.2419212091668109e-05 -1.7837674817465229e-05 3.7700878850387838e-05 8.7778194979215403e-05 -0.00014818089938988733 -0.00021432161702076921 -0.00013498112218538711 -0.00027550791965574194 0.00054130298817336151 0.00017054564359989444 -0.00046448039275401553 4.99800962720556e-05 0.0004013667599659463 7.1304359978612613e-05 -0.00012283479975664638 7.984924255245337e-05 -0.00013224541280167684 -0.00014861490242452655 -0.00037629075947041564 0.00022927438114586987 -0.0002117126829064062 0.00010294417344858965 -0.00015405705220765604 -0.00046363585412152172 -5.0412180270824077e-05 1.0116069747504939e-05
leaf_weight=5417 436 660 390 510 8342 9780 1247 365 143 284 377 173 971 60 51 13996 457 713 611 2988 1650 40 51 320 60 359 1222 49 1750 179
leaf_count=5417 436 660 390 510 8342 9780 1247 365 143 284 377 173 971 60 51 13996 457 713 611 2988 1650 40 51 320 60 359 1222 49 1750 179
internal_value=-0.000104844 0.00256831 -0.00126987 -0.00202326 -0.00185214 -0.0016675 0.00135176 0.00249883 0.00852332 -0.00251572 -0.000708128 0.00217206 0.0023284 -0.0128889 0.00143563 0.00194662 0.0116788 -0.000772421 0.000973276 0.00173821 -0.00166163 -0.00490338 -0.000979046 0.00547619 0.00802632 -0.00328782 -0.00359682 0.00164649 -0.00110637 -0.00932511
internal_weight=53651 16285 37366 29025 28575 27886 8341 6433 965 1908 1624 15849 15676 450 5468 14705 822 17963 6062 5451 11901 2070 9831 420 380 9923 9564 14045 2463 689
internal_count=53651 16285 37366 29025 28575 27886 8341 6433 965 1908 1624 15849 15676 450 5468 14705 822 17963 6062 5451 11901 2070 9831 420 380 9923 9564 14045 2463 689
is_linear=0
shrinkage=0.05


Tree=19
num_leaves=31
num_cat=0
split_feature=5 13 11 10 10 13 15 14 16 13 16 10 15 11 11 7 13 12 12 15 13 15 11 16 10 16 16 13 8 14
split_gain=66.4295 39.379 21.3551 25.4747 24.5641 21.2892 19.7394 18.118 16.8751 15.8317 15.7411 16.7687 20.4608 21.3969 19.635 14.4906 14.17 13.1527 15.4048 28.2583 19.6112 21.8632 17.049 13.7823 22.7127 19.5543 16.2562 13.1939 16.1371 12.5482
threshold=0.012301603145049514 33.719999313354499 -0.013447724126553815 0.0040309236924269696 -0.0072745157566194698 19.295000076293949 -0.03732677966205155 -0.077913276979976895 -0.055746298787809394 12.119999885559084 -0.046378973938755001 0.0055837889125804905 0.0025039479183847084 0.048369816433799014 -0.011522991723745544 -0.01793683769405224 18.564999580383304 -0.0031637025986434027 0.0048491469985487709 0.0024237805101907654 20.375000000000004 -0.0056703996269574222 0.00053834779161687784 0.026292191143142411 -0.002481321509367584 0.040438395964923497 -0.0049758993210204374 19.23499965667725 0.0037097141268042093 0.06920052511090892
decision_type=2 2 2 2 2 2 2 2 2 2 2 2 2 2 2 2 2 2 2 2 2 2 2 2 2 2 2 2 8 2
left_child=5 2 3 4 6 9 -2 8 -5 -1 -4 14 -13 16 -12 -15 -14 23 19 -19 -20 -22 -21 24 26 -25 -16 -28 -29 -6
right_child=1 -3 10 7 29 -7 -8 -9 -10 -11 11 12 13 15 17 -17 -18 18 20 22 21 -23 -24 25 -26 -27 27 28 -30 -31
leaf_value=-0.0002060501210131698 -0.00096376063597814268 0.00063368478715620971 0.00051560610462023223 -0.00081966870204137085 0.00019482484044398433 4.0967317705073447e-05 8.5887838779046693e-05 -0.00028422249795616029 0.00017722096190653992 -4.2225511028729305e-05 -0.00032493644264014926 0.00016197265062920874 8.0322161614341655e-05 0.00025594098318482676 0.00015861735740160983 -0.00025943590805580917 -4.8106657674796069e-05 0.00021627791037662883 -7.4967426592112767e-06 0.00043600665055496018 -0.00011893698343773 0.00040324822890504025 -0.00029521150509811858 0.00025408109774690857 -0.00021700043542839415 -0.00016326327907862761 -0.00019748135190603684 0.00057041420107444853 -0.00021852613902259072 0.00071032356564607502
leaf_weight=367 99 451 123 112 1707 2746 2301 500 543 18477 324 1967 4085 56 527 301 1863 958 12538 58 158 329 190 431 1091 251 549 114 109 269
leaf_count=367 99 451 123 112 1707 2746 2301 500 543 18477 324 1967 4085 56 527 301 1863 958 12538 58 158 329 190 431 1091 251 549 114 109 269
internal_value=1.4927e-05 0.00146075 0.00125107 0.0040725 0.00581581 -0.0021283 0.00241667 -0.00253247 0.00293893 -0.00272766 0.000651372 0.000566624 0.00242384 0.00103489 -0.00030493 -0.0108543 0.00174849 -7.65763e-05 0.00056391 0.00597015 6.33397e-05 0.0099076 -0.00907258 -0.00304362 -0.00483264 0.00322581 -0.000365666 -0.00498705 0.00526906 0.00994433
internal_weight=53594 32004 31553 5531 4376 21590 2400 1155 655 18844 26022 25899 8272 6305 17627 357 5948 17303 14231 1206 13025 487 248 3072 2390 682 1299 772 223 1976
internal_count=53594 32004 31553 5531 4376 21590 2400 1155 655 18844 26022 25899 8272 6305 17627 357 5948 17303 14231 1206 13025 487 248 3072 2390 682 1299 772 223 1976
is_linear=0
shrinkage=0.05


Tree=20
num_leaves=31
num_cat=0
split_feature=5 13 0 16 12 13 14 11 16 14 3 16 4 14 14 15 13 12 15 12 15 12 12 16 12 12 15 4 1 11
split_gain=59.7344 35.8887 20.0519 17.4201 18.3399 14.7822 13.376 13.0552 14.0348 12.2962 11.6888 11.9678 10.9647 9.92592 19.4728 14.8075 12.2128 17.6794 11.6437 11.3384 10.5587 10.4264 10.1502 9.32017 9.1066 8.44742 8.27286 8.25647 8.21916 8.05359
threshold=0.012301603145049514 33.719999313354499 -0.018054477060602644 -0.034933523755742595 -0.0080596862952704278 12.119999885559084 0.18763840935801293 -0.007196249019797262 -0.055746298787809394 0.23397195059943568 0.0036960511293159253 0.07174467170598077 0.053063661742144462 -0.025685626403374347 -0.11544121967691799 -0.0044310575635876917 20.865000724792484 0.0065049647434682898 -0.007000754557618837 0.033074838531269919 0.0074413623510861679 -0.0016966632192755291 -0.0059221070934643008 0.018333395427526548 -0.052281388412141021 0.016494758368500898 0.012373045747821056 0.043890724120045709 -0.040683161420513252 0.040036365268930958
decision_type=2 2 2 2 2 2 2 2 2 2 2 2 2 2 2 2 2 2 2 2 2 2 2 2 2 2 2 2 2 2
left_child=3 2 27 4 -1 23 -3 8 24 12 -9 29 13 14 25 18 17 21 -15 -20 -19 22 -16 -5 -4 -10 28 -2 -17 -12
right_child=1 6 7 5 -6 -7 -8 10 9 -11 11 -13 -14 15 16 26 -18 20 19 -21 -22 -23 -24 -25 -26 -27 -28 -29 -30 -31
leaf_value=-4.9684186890236896e-05 9.2655957352577421e-05 0.00086792451561999359 0.00044313724838390537 -0.00022380588744256723 0.00025107341312591503 -3.5783392554244969e-05 0.00017553180812484391 -1.9908262424489423e-05 0.00026222310811063884 -0.00034561894594963054 3.1215034610923047e-05 -0.00018903360597011904 0.00078517621963198876 7.6891824264320365e-05 0.00017239645782610082 0.0002832605249424649 -0.00020993533276737303 -2.2061864167973292e-05 -0.00029728537666641594 0.00026279889818660307 -0.00043468260033921024 0.00044833692222055093 -0.00018702633887703065 0.00040216053767632397 -0.00077583186747345954 -0.00015326211866980972 0.00078033033478810097 0.0004247600956468027 9.4039710882054108e-05 0.00020467923800343343
leaf_weight=372 3369 267 44 308 289 20424 197 13647 449 97 6765 114 281 1055 294 486 564 280 318 56 132 185 77 42 170 54 70 753 1899 405
leaf_count=372 3369 267 44 308 289 20424 197 13647 449 97 6765 114 281 1055 294 486 564 280 318 56 132 185 77 42 170 54 70 753 1899 405
internal_value=-8.55732e-05 0.00128169 0.00107876 -0.00212853 0.00586233 -0.00238279 0.0150862 0.000590336 0.00254569 0.00297364 -1.7916e-05 0.0015994 0.00325 0.00279186 -3.6855e-05 0.00427394 -0.00283943 0.000568182 0.000227432 -0.00735294 -0.00728155 0.00638489 0.00154987 -0.0125714 -0.0100467 0.00849901 0.00662933 0.00433042 0.00613208 0.00185495
internal_weight=53463 32028 31564 21435 661 20774 464 27442 6511 6297 20931 7284 6200 5919 2035 3884 1532 968 1429 374 412 556 371 350 214 503 2455 4122 2385 7170
internal_count=53463 32028 31564 21435 661 20774 464 27442 6511 6297 20931 7284 6200 5919 2035 3884 1532 968 1429 374 412 556 371 350 214 503 2455 4122 2385 7170
is_linear=0
shrinkage=0.05


Tree=21
num_leaves=31
num_cat=0
split_feature=4 12 4 16 15 4 10 10 4 6 10 15 15 12 15 10 12 14 14 16 15 0 15 13 15 8 16 10 10 13
split_gain=62.1826 35.6161 20.5891 14.6634 12.966 11.8015 11.629 10.9253 10.5305 10.4038 10.0303 9.96707 11.0875 10.7541 18.1345 11.4677 9.70469 9.30403 9.12202 9.06919 12.1787 9.45162 8.99439 15.5176 13.7806 10.0952 10.3843 9.81574 9.05295 12.7365
threshold=0.024798539534673706 -0.080083523859072289 0.017767220167996006 -0.018342276129327869 0.025033772670397528 0.057438289370643894 -0.0038582878398281113 0.0041080553382388816 0.038365175612427527 -0.81298371872674158 -0.0032352848591708501 -0.0054061645034700892 -0.0025181297225463357 0.025891227529327935 -0.0079459217454014835 -0.01853412807423643 -0.0080596862952704278 -0.12096344977185801 -0.01909405816599757 -0.10167659895920765 -0.03732677966205155 -0.020013983629559248 -0.0049696799762901081 22.429999351501468 -0.0035274255540788664 inf 0.013782196603786325 -0.0058617370849656228 0.0207430020860534 24.385000228881839
decision_type=2 2 2 2 2 2 2 2 2 2 2 2 2 2 2 2 2 2 2 2 2 2 2 2 2 8 2 2 2 2
left_child=2 8 6 7 5 17 -1 16 -2 -5 -8 13 -13 15 -15 -11 -4 -3 -9 -19 -21 -22 23 -23 -24 28 -27 -25 29 -26
right_child=1 4 3 9 -6 -7 10 18 -10 11 -12 12 -14 14 -16 -17 -18 19 -20 20 21 22 24 27 25 26 -28 -29 -30 -31
leaf_value=2.3324772755592071e-07 0.00027295046785743952 0.00019636915030868667 2.9662396691557083e-05 -5.1114881670069613e-05 -0.0002608879425197612 0.00042180552608812519 -0.00014077538581468716 -3.0302839791941565e-06 0.0011433060319428752 0.00026964335433878826 -5.222697163557017e-05 8.3680116018732041e-05 -6.0096002219273747e-06 9.3595087179799066e-05 -9.0747670771712009e-05 -0.0001359103501270525 0.00016192467980313872 0.0015345010902594628 -0.00026881888388410045 -0.001336326096240451 0.00013133129635993848 1.4098697046973155e-05 0.00020741889640842729 -5.415607824287728e-05 2.9736752742968609e-05 -0.00023998559585107615 0.00039869829902463314 -0.00048601343662134377 -0.00043705331541048133 0.00021663214769164054
leaf_weight=2961 189 702 1346 3433 187 1142 321 494 249 56 10802 1770 11056 633 670 1346 1164 41 109 64 2308 1879 633 348 8214 352 54 229 49 665
leaf_count=2961 189 702 1346 3433 187 1142 321 494 249 56 10802 1770 11056 633 670 1346 1164 41 109 64 2308 1879 633 348 8214 352 54 229 49 665
internal_value=-0.000102869 0.00236203 -0.00128246 -0.000329528 0.0019965 0.00214329 -0.0027762 0.00285095 0.0164384 -0.000851614 -0.00351749 -0.000301011 0.00028068 -0.00305915 0.000211051 -0.00609843 0.00430279 0.00178273 -0.00319237 0.00151658 0.0014515 0.00154606 0.00100016 -0.0017101 0.001668 0.00118384 -0.00652709 -0.00888215 0.0015345 0.00165278
internal_weight=53466 17305 36161 22077 16867 16680 14084 3113 438 18964 11123 15531 12826 2705 1303 1402 2510 15538 603 14836 14795 14731 12423 2456 9967 9334 406 577 8928 8879
internal_count=53466 17305 36161 22077 16867 16680 14084 3113 438 18964 11123 15531 12826 2705 1303 1402 2510 15538 603 14836 14795 14731 12423 2456 9967 9334 406 577 8928 8879
is_linear=0
shrinkage=0.05


Tree=22
num_leaves=31
num_cat=0
split_feature=4 12 13 16 16 9 16 15 15 16 16 16 15 15 13 16 15 10 10 15 12 13 13 13 10 13 13 15 13 15
split_gain=57.4018 36.5487 18.5029 16.8586 25.0521 22.6477 14.079 12.4412 18.2669 15.7449 18.6591 15.3404 14.6361 13.5609 25.1502 20.0875 17.4071 22.7494 20.0298 17.7688 16.1618 15.6279 21.8354 13.9808 13.7836 13.289 19.477 13.2314 16.093 18.4048
threshold=0.024798539534673706 -0.080083523859072289 12.119999885559084 -0.018342276129327869 -0.01772468776728536 0.25539782694255969 0.018333395427526548 -0.0053068227532935266 -0.0026117341786768829 -0.0022607525091419829 0.00037852892535461541 -0.0084293185940079157 -0.0084579694741521699 -0.001785549865782665 16.355000495910648 -0.0055410044502123825 -1.0000000180025095e-35 -0.0066375286305050954 -0.0048383307689184299 0.0011971167453040945 -0.01116014011506866 17.82499980926514 21.82499980926514 16.875000000000004 0.0054892389813711038 18.335000038146976 21.555000305175785 -0.0074435167967478169 18.260000228881839 -0.0057145326396527132
decision_type=2 2 2 2 2 8 2 2 2 2 2 2 2 2 2 2 2 2 2 2 2 2 2 2 2 2 2 2 2 2
left_child=2 -2 6 5 -5 -4 -1 12 9 11 -11 -9 25 14 15 24 18 -18 -15 21 -20 -19 -23 -16 -10 -6 -27 -14 29 -29
right_child=1 -3 3 4 7 -7 -8 8 13 10 -12 -13 27 16 23 -17 17 19 20 -21 -22 22 -24 -25 -26 26 -28 28 -30 -31
leaf_value=-0.00022451910601976904 0.0006650712816916336 5.6080689201191064e-05 8.3403444543386383e-05 -0.00028923387916091704 2.7278998246084778e-05 -6.6091647053419337e-05 0.00065944772054082304 -5.7322428079130558e-05 6.7941939937423215e-05 -0.00030856310179725848 3.1348862739229068e-05 0.00025369061396604781 -0.00019475026840927423 -0.00012620249292336931 0.00028863739671813378 -0.00032047464953197672 0.00013636279889543947 -4.2580279211306252e-05 -0.00022763423048073885 -2.5037924962648986e-05 9.5018175464832785e-05 -0.00027383370842140961 0.00034963073268338756 -6.6318155587936561e-05 -0.00068054152966565834 -0.00016482680351798787 0.00015291161734571715 -7.052552144700681e-05 6.3645496000012741e-05 -0.00020972494948749698
leaf_weight=386 444 16920 3116 235 1704 1403 55 198 166 225 2373 648 599 389 145 394 604 972 164 16251 1935 636 105 418 48 536 202 1391 508 459
leaf_count=386 444 16920 3116 235 1704 1403 55 198 166 225 2373 648 599 389 145 394 604 972 164 16251 1935 636 105 418 48 536 202 1391 508 459
internal_value=-8.34437e-05 0.00228058 -0.00121536 -0.00109005 -0.00150216 0.00176477 -0.0113946 -0.00137914 -0.000920299 0.00246806 0.000538876 0.00839243 -0.00356084 -0.00144531 -0.00668232 -0.0137336 -0.00115407 -0.00168031 0.00277331 -0.00200122 0.00470462 -0.00684472 -0.0123144 0.000932504 -0.00140187 -0.000696151 -0.00630081 -0.00592661 -0.00424088 -0.00640541
internal_weight=53629 17364 36265 35824 31305 4519 441 31070 25671 3444 2598 846 5399 22227 1171 608 21056 18568 2488 17964 2099 1713 741 563 214 2442 738 2957 2358 1850
internal_count=53629 17364 36265 35824 31305 4519 441 31070 25671 3444 2598 846 5399 22227 1171 608 21056 18568 2488 17964 2099 1713 741 563 214 2442 738 2957 2358 1850
is_linear=0
shrinkage=0.05


Tree=23
num_leaves=31
num_cat=0
split_feature=4 12 5 11 2 6 11 5 12 10 10 12 12 11 13 13 15 10 13 9 14 14 16 14 12 14 10 15 12 10
split_gain=51.1981 30.6997 19.7096 20.9524 14.4453 12.0781 12.1855 11.9506 11.5213 10.4044 26.221 10.7116 15.863 10.0175 9.68269 13.1091 17.8598 16.0633 14.8897 15.8921 15.3578 14.5374 14.7359 12.1149 11.1257 13.0922 11.009 9.78021 11.5469 11.4003
threshold=0.024798539534673706 -0.080083523859072289 0.0095422356478708 -0.0070947588285928389 -0.03288497529785666 -0.81298371872674158 0.021459813769517781 0.035361565640042572 0.066100470646601531 0.0025358686375718258 -0.00038722571471944128 0.0077064293796303982 0.0027925982816148225 0.048369816433799014 20.375000000000004 17.445000648498539 0.0096756962150791343 0.0067105018630921895 16.285000801086429 -0.361479131568124 -0.075454415356713087 0.048234950984074383 0.011082166988858335 -0.054805799949304061 -0.0041728615781457248 -0.096084571305829466 -0.0015422325614574126 0.0080027719538189341 -0.0016966632192755291 0.0074825472221409237
decision_type=2 2 2 2 2 2 2 2 2 2 2 2 2 2 2 2 2 2 2 10 2 2 2 2 2 2 2 2 2 2
left_child=2 4 -1 8 -2 -5 14 -3 9 10 -4 12 -11 -8 15 16 18 -18 20 -20 -7 -21 -23 -22 -19 -26 -24 28 29 -16
right_child=1 7 3 5 -6 6 13 -9 -10 11 -12 -13 -14 -15 27 -17 17 24 19 21 23 22 26 -25 25 -27 -28 -29 -30 -31
leaf_value=-5.852482376094586e-05 0.00074094948944602708 4.3291390004571081e-05 3.2933859140947544e-05 -5.1723604547211519e-05 -0.00027131734628174279 0.00012886010347620721 5.9167044049875195e-05 0.00042785312670157779 -0.00018857449416250288 -3.3029207388771654e-05 0.00023828085638128365 -0.00012029331602562306 0.0002827425126960719 -0.00013667344598783929 -9.7970328933656529e-05 -9.3408269402253406e-05 0.00021996794758502339 0.00022167505569202896 -0.00013734380405135043 8.8153439396481637e-05 -0.00019609048145167573 -0.00018768106214333142 0.00025681842598550465 -4.7768739448932242e-05 -0.00029589890667104684 4.5193699193537719e-06 -0.00015347420117647296 -7.3734990581234873e-05 0.00036228759775368963 0.00031073928496392223
leaf_weight=5936 385 15841 4394 4466 57 315 3011 1015 147 1011 740 400 242 180 145 2942 735 113 305 1789 345 257 101 7499 139 488 48 201 216 62
leaf_count=5936 385 15841 4394 4466 57 315 3011 1015 147 1011 740 400 242 180 145 2942 735 113 305 1789 345 257 101 7499 139 488 48 201 216 62
internal_value=-8.73424e-05 0.00215054 -0.00115591 -0.000639629 0.0151584 -0.00135612 -0.000803293 0.00180944 0.00177387 0.00207382 0.00318465 -0.00137629 0.000897845 0.00201348 -0.0013758 -0.00162842 -0.000902423 0.00425424 -0.00161601 0.00176 -0.00265045 0.00324601 -0.00529557 -0.00308516 -0.000945946 -0.00354864 0.00721477 0.00472756 0.00904255 0.000603865
internal_weight=53525 17298 36227 30291 442 23357 18891 16856 6934 6787 5134 1653 1253 3191 15700 15076 12134 1475 10659 2500 8159 2195 406 7844 740 627 149 624 423 207
internal_count=53525 17298 36227 30291 442 23357 18891 16856 6934 6787 5134 1653 1253 3191 15700 15076 12134 1475 10659 2500 8159 2195 406 7844 740 627 149 624 423 207
is_linear=0
shrinkage=0.05


Tree=24
num_leaves=31
num_cat=0
split_feature=5 13 13 11 15 5 8 0 10 14 10 15 11 15 11 13 10 10 15 11 16 11 16 10 16 16 16 11 10 11
split_gain=50.9096 28.4927 23.8164 18.7295 15.6343 15.3959 14.7064 13.3154 12.4633 11.3182 20.092 15.1194 13.2972 17.4413 11.1977 13.831 12.7267 19.4557 39.4597 23.7563 17.082 32.6115 16.2256 14.416 22.3936 12.5914 12.3222 11.8369 14.3553 12.4798
threshold=0.016721937214460313 33.719999313354499 12.119999885559084 -0.022024013564940267 0.003509884961184984 0.010416370844473567 0.060529873921189033 -0.038297503538040227 0.0067105018630921895 -0.017044659763988276 -0.0069332481569183138 -0.00020312645171360885 -0.035697705395590577 -0.0084579694741521699 -0.01930721697732057 25.505000114440922 0.0053455325599094392 0.0025358686375718258 0.0089466886118758655 -0.0040062881878700765 0.030786328235414832 0.023061662230793093 0.018912979918239928 0.0044649128256998303 0.0049490203376132422 -0.027277088526395984 -0.0059755909324578074 -0.0030472627630497291 -0.0054954783327307846 0.0053660199298344322
decision_type=2 2 2 2 2 2 10 2 2 2 2 2 2 2 2 2 2 2 2 2 2 2 2 2 2 2 2 2 2 2
left_child=2 7 6 4 9 -5 -1 -2 -6 -4 12 -12 -11 -14 -7 16 17 19 23 -16 21 27 25 26 -25 -18 -19 28 -21 -29
right_child=1 -3 3 5 8 14 -8 -9 -10 10 11 -13 13 -15 15 -17 22 18 -20 20 -22 -23 -24 24 -26 -27 -28 29 -30 -31
leaf_value=-0.0002137544008153988 0.00037428825094985499 0.00058404363670751735 -8.2700887586876275e-05 -4.1888801083718345e-05 0.00033650481165401462 -0.00010293680952742444 0.00031859892073479121 5.557956813548428e-05 9.459237331514498e-06 -0.00017573174446806515 0.00035312390631457244 -1.5440200151445098e-05 0.00015915007245914781 -0.00013410121525511814 5.3837446429248698e-05 0.00055326575243068942 -0.00073298196720504236 -2.7272006557197055e-05 0.00017741455522342228 3.1215585892563698e-05 -0.00011425909870435019 0.00020300054073327437 -3.6788750233334415e-05 -0.00024675145353693015 0.0001045804632748934 6.0519750053849177e-05 -0.00017534822289341499 1.5036570475537425e-05 -0.0003433912827859294 -5.3185573621659503e-05
leaf_weight=409 751 371 603 9280 426 767 66 11341 239 346 395 184 724 408 4070 95 57 436 578 179 892 813 2698 225 522 5477 1844 3805 323 5296
leaf_count=409 751 371 603 9280 426 767 66 11341 239 346 395 184 724 408 4070 95 57 436 578 179 892 813 2698 225 522 5477 1844 3805 323 5296
internal_value=-7.36665e-05 0.00272607 -0.000921471 -0.000791505 0.00280451 -0.00111157 -0.0120526 0.00230731 0.00966165 0.00109023 0.0028561 0.0107513 -0.000236806 0.00238516 -0.000528012 -0.000360674 -0.000427154 -0.00113918 -0.00444521 -0.000364157 -0.00154316 -0.000974462 0.00121477 -0.00673109 -0.000702811 0.00276473 -0.00870614 -0.0017885 -0.00926295 -0.00137622
internal_weight=53620 12463 41157 40682 3325 37357 475 12092 665 2660 2057 579 1478 1132 28077 27310 27215 18983 3605 15378 11308 10416 8232 3027 747 5534 2280 9603 502 9101
internal_count=53620 12463 41157 40682 3325 37357 475 12092 665 2660 2057 579 1478 1132 28077 27310 27215 18983 3605 15378 11308 10416 8232 3027 747 5534 2280 9603 502 9101
is_linear=0
shrinkage=0.05


Tree=25
num_leaves=31
num_cat=0
split_feature=5 12 6 0 16 13 12 13 12 9 1 12 16 16 16 10 15 15 13 15 8 14 15 13 13 14 16 16 15 6
split_gain=42.5257 32.8374 20.0135 12.5634 12.0979 14.1471 11.516 11.12 11.1739 11.0425 10.5415 10.2185 9.0234 8.68239 12.6034 13.2724 8.01566 20.9715 16.4286 15.8296 12.2564 9.1984 9.14492 8.55746 8.4098 13.663 8.18262 11.1499 7.58671 7.56739
threshold=0.015581014986273694 -0.087458765142185854 -0.41059043491965769 -0.017621357472973383 -0.0039277574381671445 13.414999961853029 0.038546138655022773 18.94999980926514 0.066100470646601531 -0.16852945347251116 -0.10999245931774863 0.095724782910464948 -0.006704906899365203 0.036245743593820608 0.037213880695319064 0.0095885339556018873 -0.0042574009302753226 -0.0025181297225463357 23.965000152587894 -0.0084579694741521699 -0.14498668311332832 -0.19490876951167976 -0.0074435167967478169 26.85000038146973 16.579999923706058 -0.003811601511204465 0.062116121555580557 0.050092773567672506 -0.0037053752716698636 -0.55514146716666757
decision_type=2 2 2 2 2 2 2 2 2 10 2 2 2 2 2 2 2 2 2 2 10 2 2 2 2 2 2 2 2 2
left_child=2 -2 4 -4 5 -1 9 -8 -9 12 -3 -6 -7 -12 -15 29 19 20 21 23 -18 -19 -21 -5 25 28 27 -23 -22 -16
right_child=1 10 3 16 11 6 7 8 -10 -11 13 -13 -14 14 15 -17 17 18 -20 22 24 26 -24 -25 -26 -27 -28 -29 -30 -31
leaf_value=-0.00012090774825086444 0.0010099303665128711 0.00046887794949633922 6.9574368830648513e-05 2.0716369739242572e-05 -5.1561231032243998e-05 -0.00010531197728678335 0.00020400996363283366 0.00010771238094920907 -0.00026977810696396506 2.2818396465592707e-05 5.093875746505479e-05 -0.00027604765409040859 8.062164987240433e-05 -0.00041669507827960217 -0.00021869841604392742 0.00015117628064434415 -0.00040809065409715112 -0.00031058006669957341 0.00022717753928315333 -0.00018363429119106945 0.0003951843617363513 -1.4266957645425304e-05 -5.6989004330521923e-05 -0.00030944550887952461 0.00024600535084250483 -5.0557882836022376e-05 -0.00020712192495203933 0.00029622538603810009 8.429715924459323e-05 -7.5644625653772429e-06
leaf_weight=451 235 491 2349 2120 9549 1032 479 87 72 2393 13994 197 241 112 294 315 60 100 299 466 136 14068 1993 90 640 451 106 76 253 346
leaf_count=451 235 491 2349 2120 9549 1032 479 87 72 2393 13994 197 241 112 294 315 60 100 299 466 136 14068 1993 90 640 451 106 76 253 346
internal_value=-0.000197682 0.00198106 -0.00110984 -0.000199293 -0.00256706 -0.000499474 0.000383364 0.00658307 -0.00487421 -0.000695581 0.00170075 -0.00357583 -0.00445797 0.00146571 -0.00288191 -0.00102094 -0.000589702 -6.33146e-05 -0.000646802 -0.00241486 0.00548701 -0.000888502 -0.00517487 0.000656109 0.00638514 0.00309524 -0.000782456 -0.000678733 0.00996144 -0.00515625
internal_weight=53495 15787 37708 23207 14501 4755 4304 638 159 3666 15552 9746 1273 15061 1067 955 20858 16189 14649 4669 1540 14350 2459 2210 1480 840 14250 14144 389 640
internal_count=53495 15787 37708 23207 14501 4755 4304 638 159 3666 15552 9746 1273 15061 1067 955 20858 16189 14649 4669 1540 14350 2459 2210 1480 840 14250 14144 389 640
is_linear=0
shrinkage=0.05


Tree=26
num_leaves=31
num_cat=0
split_feature=16 5 10 8 5 10 16 6 14 14 16 11 10 8 14 6 16 16 10 5 11 11 10 10 16 13 13 14 14 11
split_gain=38.4763 31.6699 18.1345 17.2007 14.3832 13.8463 13.1886 13.0099 10.6778 10.5402 15.6179 10.4815 15.1534 13.4132 11.8788 11.0011 12.1454 9.82292 11.6183 9.69191 9.53966 9.28395 8.74196 11.9732 14.2279 10.3087 10.1098 10.0634 8.55471 12.8943
threshold=-0.10167659895920765 0.012687160188491009 -0.0038582878398281113 inf 0.03230890550082198 -0.0032352848591708501 0.013782196603786325 -1.1069617217759744 -0.021447279396770266 0.013406221047230662 0.0060903702732550977 -0.023324980459216712 0.0041080553382388816 -0.043143138008474129 0.23397195059943568 -0.23724335189884091 0.036245743593820608 -0.044876723421484459 -0.0067260257632843481 0.009171090019690081 -0.029337465505850421 0.053184240737224282 0.0044649128256998303 0.0039694794622050509 0.037213880695319064 17.195000648498539 18.154999732971195 -0.14356568835631797 -0.066405515647089006 0.0038135025222709733
decision_type=2 2 2 8 2 2 2 2 2 2 2 2 2 10 2 2 2 2 2 2 2 2 2 2 2 2 2 2 2 2
left_child=-1 2 8 4 11 -4 -5 -7 -2 -10 -11 12 17 -14 15 16 28 18 -3 -9 -21 -18 23 25 -25 -22 -27 -24 29 -13
right_child=1 3 5 6 -6 7 -8 19 9 10 -12 14 13 -15 -16 -17 21 -19 -20 20 22 -23 27 24 -26 26 -28 -29 -30 -31
leaf_value=0.0011073012321765514 -0.00031265781235166346 -0.00018302282700132069 -0.00013314080702547383 -0.00013735350438858068 0.00032619486564167621 -8.6380647988075303e-05 0.00034029370072883203 -6.3967186865566836e-05 0.00014004229408023434 3.7816061483901458e-05 -5.9466512688075624e-05 -2.8856839582979419e-05 -0.00031897245713647401 0.0001788871534903003 -0.00047802753904367017 5.2371533272323846e-05 -0.00017702381638151998 0.00022087213947476715 0.00019079962011557072 0.00014106563701202121 -1.4017221534776375e-05 5.6236641688964295e-05 -0.00016189359270169713 -0.00020491567675539631 0.00021041018419716581 -0.0002149941927266603 -4.4592472187993983e-05 1.4397967962549589e-05 -9.1207649265519216e-06 0.00016393790996615317
leaf_weight=255 72 230 557 1187 1393 1452 108 3151 513 3323 1403 836 186 143 123 11580 633 1280 170 253 5686 157 179 425 61 547 1051 5203 10529 869
leaf_count=255 72 230 557 1187 1393 1452 108 3151 513 3323 1403 836 186 143 123 11580 633 1280 170 253 5686 157 179 425 61 547 1051 5203 10529 869
internal_value=-6.20857e-05 -0.000154784 -0.00150779 0.000943108 0.0012025 -0.00224482 -0.00469112 -0.00200466 0.00106854 0.00133136 0.000592467 0.00094442 0.00441762 -0.00539514 0.000662232 0.000739717 -0.000257217 0.00633929 -0.0005 -0.00160667 -0.00102014 -0.00626582 -0.00120514 -0.00227799 -0.00987654 -0.001771 -0.00531915 0.000343738 0.000130783 0.00341642
internal_weight=53555 53300 23876 29424 28129 18565 1295 18008 5311 5239 4726 26736 2009 329 24727 24604 13024 1680 400 16556 13405 790 13152 7770 486 7284 1598 5382 12234 1705
internal_count=53555 53300 23876 29424 28129 18565 1295 18008 5311 5239 4726 26736 2009 329 24727 24604 13024 1680 400 16556 13405 790 13152 7770 486 7284 1598 5382 12234 1705
is_linear=0
shrinkage=0.05


Tree=27
num_leaves=31
num_cat=0
split_feature=4 13 6 13 5 11 15 15 12 15 10 10 10 14 14 14 15 15 9 11 13 13 12 13 15 14 4 10 12 15
split_gain=37.4709 24.2562 17.0928 12.7841 11.3052 11.256 13.2134 17.1923 11.5378 9.96205 9.67221 17.845 13.0657 9.39461 14.031 11.3121 14.9117 21.7635 16.988 19.9096 16.1453 14.6653 14.0476 13.3472 11.8748 9.34675 9.28009 8.82321 24.8523 9.54104
threshold=0.025921094213292965 33.719999313354499 0.74626003012904329 12.00999975204468 0.0096872539311481567 -0.007196249019797262 -0.012947114369412092 -0.0053068227532935266 0.0086975765073127338 -0.0055724079314788391 0.0025358686375718258 0.00048358737476139618 0.011869718420407295 0.065842641676127869 0.063421642021299643 -0.012410493039419599 0.0082599946207742043 -1.0000000180025095e-35 -0.361479131568124 0.016655619165508066 13.894999980926515 16.035000801086429 -0.018676010215707358 16.819999694824222 -0.0031812156834113976 -0.19490876951167976 0.057438289370643894 -0.017312021268647334 -0.0072815226745224218 -0.016757454133289326
decision_type=2 2 2 2 2 2 2 2 2 2 2 2 2 2 2 2 2 2 10 2 2 2 2 2 2 2 2 2 2 2
left_child=2 26 3 -1 -5 10 8 9 -7 -8 11 -6 -12 14 15 -9 17 18 19 -17 -18 -20 -23 -19 -24 -4 27 28 -2 -29
right_child=1 -3 25 4 5 6 7 13 -10 -11 12 -13 -14 -15 -16 16 20 23 21 -21 -22 22 24 -25 -26 -27 -28 29 -30 -31
leaf_value=-0.00017381412638762994 -0.00046170969670193305 0.00048417482467058641 -0.00028906214895675994 -4.8316006952806023e-05 2.0728048984988963e-05 -5.4764291804820141e-05 -6.9250634376959345e-05 -7.1965709529026906e-07 0.00019740071571652451 -0.00022762650935154746 -8.3447851786125143e-05 0.00022536044708488232 0.00015026485571126695 6.5777330721591027e-05 -0.00055504900981528883 -0.00030392456826961681 0.00020458200095803682 -6.052081338867536e-05 -3.2189078130359827e-05 0.00012535181137975394 -3.817957519389745e-05 -0.00011901210669617536 -1.469309822028156e-05 -0.00019744047840088925 0.0002593174664552998 2.8436718886890815e-05 0.00037552359561002192 0.00020463797320126217 0.00047418406279450674 3.1918015139809337e-05
leaf_weight=195 264 409 89 5131 3932 234 2579 8138 419 277 1067 474 294 904 75 322 317 2776 1390 120 434 86 225 1205 628 7225 1176 696 88 12340
leaf_count=195 264 409 89 5131 3932 234 2579 8138 419 277 1067 474 294 904 75 322 317 2776 1390 120 434 86 225 1205 628 7225 1176 696 88 12340
internal_value=-0.00013409 0.00198858 -0.000958844 -0.00146852 -0.00138831 -0.000963469 -0.00152144 -0.00175601 0.00547473 -0.00533964 0.000984047 0.00212211 -0.00270022 -0.00114019 -0.0014253 -0.00132185 -0.00272224 -0.00346564 -6.31541e-05 -0.00904977 0.00396138 0.00164234 0.00646965 -0.00583396 0.00841149 0.00121684 0.00165133 0.00127726 -0.00653409 0.00148819
internal_weight=53509 14973 38536 31222 31027 25896 20129 19476 653 2856 5767 4406 1361 16620 15716 15641 7503 6752 2771 442 751 2329 939 3981 853 7314 14564 13388 352 13036
internal_count=53509 14973 38536 31222 31027 25896 20129 19476 653 2856 5767 4406 1361 16620 15716 15641 7503 6752 2771 442 751 2329 939 3981 853 7314 14564 13388 352 13036
is_linear=0
shrinkage=0.05


Tree=28
num_leaves=31
num_cat=0
split_feature=5 13 4 10 15 15 10 12 10 10 13 11 13 11 15 13 10 15 6 10 12 15 12 12 10 15 11 12 10 12
split_gain=34.9114 25.441 15.2457 14.9538 16.8654 17.3627 19.3083 14.3988 15.233 14.3239 14.8418 14.0779 13.3121 13.6111 10.7447 10.2168 10.0109 19.3673 9.77658 9.67802 19.2909 18.3926 15.1047 14.7878 18.5007 12.6747 12.5015 11.7215 11.2901 11.0388
threshold=0.012722612540773575 46.145000457763679 0.04186387468840299 -0.0038582878398281113 -0.011101198772255292 -0.0074102049811580186 -0.0032352848591708501 -0.080083523859072289 0.0207430020860534 -0.0024374516674448006 20.255000114440922 -0.028186613773187038 12.119999885559084 -0.01368273436962064 0.0063841335999482727 15.194999694824221 -0.0050236559316604859 -0.0040520791376654755 -0.1635091683250241 0.0057642081998183778 0.0082902198416674473 0.0040537363398764912 0.027544140346580596 0.022913154082998658 -0.0013775123490141203 0.014425208851226114 -0.0058457898138861699 0.043286843097797296 0.010824096152379449 0.026209959433217581
decision_type=2 2 2 2 2 2 2 2 2 2 2 2 2 2 2 2 2 2 2 2 2 2 2 2 2 2 2 2 2 2
left_child=3 2 18 16 15 9 -7 -4 -9 -6 -11 -8 14 -14 -13 -5 -1 -18 -2 23 -21 -22 -23 24 -15 29 -26 28 -24 -25
right_child=1 -3 7 4 5 6 11 8 -10 10 -12 12 13 19 -16 -17 17 -19 -20 20 21 22 27 25 26 -27 -28 -29 -30 -31
leaf_value=-1.5490336819024878e-06 -7.1725782475543908e-06 0.001377223452001663 0.00055398786105257444 -1.9452296956501675e-05 0.00013822634212492312 -0.0001510767324413128 0.00012971203052746294 0.00018722619008417656 -0.0004390885701514809 -0.00017647899794674535 0.00011405300946996703 -0.00025703807201857601 -0.00011125211214036793 2.2764918536589875e-05 -3.9344266947229351e-05 0.00031851561657932542 -4.7776637276888322e-05 0.00020715627851144124 4.6635633250368893e-05 8.6412003904054772e-05 5.7566146522210141e-05 -0.00013334120758323978 8.560673851067329e-05 6.4103430278805634e-05 1.1981687608236901e-05 0.00031436604481693912 -0.00011038210495415392 -8.9926739051141973e-05 -0.00024872878661071144 -3.0631892865624377e-05
leaf_weight=4481 14298 127 135 177 90 505 392 3080 101 766 86 188 746 733 192 212 358 562 11813 1438 1152 634 802 739 495 87 2452 1025 138 5630
leaf_count=4481 14298 127 135 177 90 505 392 3080 101 766 86 188 746 733 192 212 358 562 11813 1438 1152 634 802 739 495 87 2452 1025 138 5630
internal_value=-5.68669e-05 0.00109461 0.000998233 -0.0014701 -0.0021401 -0.00235921 -0.00200023 0.0041918 0.00351305 -0.00897028 -0.0109742 -0.00171139 -0.00193453 -0.00171582 -0.0111842 0.00816195 0.000847065 0.00559783 0.000592662 -0.00139478 0.000361341 -0.00152626 -0.00385725 -0.0022938 -0.00482337 -0.000851921 -0.00659145 -0.00169211 0.00234043 -0.00111085
internal_weight=53634 29554 29427 24080 18679 18290 17348 3316 3181 942 852 16843 16451 16071 380 389 5401 920 26111 15325 5189 3751 2599 10136 3680 6456 2947 1965 940 6369
internal_count=53634 29554 29427 24080 18679 18290 17348 3316 3181 942 852 16843 16451 16071 380 389 5401 920 26111 15325 5189 3751 2599 10136 3680 6456 2947 1965 940 6369
is_linear=0
shrinkage=0.05


Tree=29
num_leaves=31
num_cat=0
split_feature=5 16 13 0 16 11 15 15 15 16 13 8 14 8 16 11 16 16 15 14 14 9 14 14 13 13 13 16 14 11
split_gain=33.3251 22.3365 17.9068 14.8072 12.2799 10.7291 14.0213 19.7479 19.372 18.3431 12.4838 14.87 12.423 11.8634 10.2472 10.0644 9.4946 11.0477 16.3689 14.1729 13.6237 12.3409 10.6059 21.9969 15.9554 15.7497 25.8878 13.757 13.6939 14.9761
threshold=0.016556146304783043 -0.10167659895920765 12.119999885559084 -0.018054477060602644 0.018333395427526548 -0.0070947588285928389 -0.0042574009302753226 -0.0026117341786768829 -0.011101198772255292 0.0097883397530621492 17.914999961853031 -0.086327184989229963 0.016378333086022993 0.22817828556084266 0.00051398239522792999 0.01955675936649726 -0.017128061063544028 -0.011546932244346607 -0.0025181297225463357 -0.096084571305829466 -0.0080681674930397889 -0.068909121366250645 0.065842641676127869 0.06028471113356227 18.365000724792484 17.615000724792484 19.520000457763675 0.018912979918239928 0.052213768787031663 0.003505922146060048
decision_type=2 2 2 2 2 2 2 2 2 2 2 10 2 8 2 2 2 2 2 2 2 10 2 2 2 2 2 2 2 2
left_child=2 -2 4 -4 -1 -5 8 10 14 -10 -8 -12 -11 16 -7 -15 -9 19 -19 -18 -21 -22 23 25 -24 27 -27 -20 29 -29
right_child=1 -3 3 5 -6 6 7 13 9 12 11 -13 -14 15 -16 -17 17 18 22 20 21 -23 24 -25 -26 26 -28 28 -30 -31
leaf_value=-0.0001868456325038933 0.0012975684474065461 5.3713274475017136e-05 5.9195489264846517e-05 1.0602986896338357e-05 0.00062242909060221505 9.354558108739119e-05 3.1476917123332473e-05 -0.00017682280839497632 -0.000116454264592968 0.00011871899951002943 -0.00025278006351690124 0.00035186309393809808 -8.3012976060057306e-05 -0.00027038151148599065 -5.634274138489309e-05 -1.8543840915535503e-05 -0.00022347995621014552 -0.00026551791622538538 7.8994662483306697e-06 0.00018638893641121729 -0.00047172376698373169 3.3317441063092888e-05 5.0727132330485525e-06 -0.00039129442031740375 0.00043674096870240049 -0.00014502795223650961 2.2017023926892154e-05 -0.00020401302717479075 0.00024743986404435794 -3.7948480045138904e-05
leaf_weight=395 192 12705 3098 8288 57 686 1949 435 2946 512 54 406 640 243 429 192 56 73 9467 490 70 421 526 170 184 1919 1160 221 117 5400
leaf_count=395 192 12705 3098 8288 57 686 1949 435 2946 512 54 406 640 243 429 192 56 73 9467 490 70 421 526 170 184 1919 1160 221 117 5400
internal_value=-0.000130371 0.00208382 -0.000833662 -0.000722255 -0.0107301 -0.000999892 -0.00145658 -0.000937248 -0.00380299 -0.00539287 0.00335201 0.0107609 -4.34028e-05 -0.00142594 0.00204036 -0.0095977 -0.00125429 -0.00109746 -0.00136846 0.0039296 0.0053262 -0.000560081 -0.00127844 -0.00150916 0.00471831 -0.0013427 -0.00460377 -0.000682341 -0.00261415 -0.00296655
internal_weight=53501 12897 40604 40152 452 37054 28766 23553 5213 4098 2409 460 1152 21144 1115 435 20709 20274 19237 1037 981 491 19164 18454 710 18284 3079 15205 5738 5621
internal_count=53501 12897 40604 40152 452 37054 28766 23553 5213 4098 2409 460 1152 21144 1115 435 20709 20274 19237 1037 981 491 19164 18454 710 18284 3079 15205 5738 5621
is_linear=0
shrinkage=0.05


Tree=30
num_leaves=31
num_cat=0
split_feature=16 5 8 11 15 16 16 6 16 13 16 11 13 13 3 16 1 13 5 11 16 13 5 1 9 13 13 16 13 12
split_gain=30.9728 24.995 18.7284 15.0607 14.4428 14.0261 13.9403 12.186 12.5504 11.2596 12.6182 10.492 9.79245 9.52381 9.40521 9.13605 8.96428 8.94524 8.93864 9.58663 11.4043 8.8445 8.68891 8.53891 9.53012 9.10802 10.6252 10.4674 10.4366 10.0403
threshold=-0.10167659895920765 0.01211620063636012 inf -0.013447724126553815 -0.03732677966205155 0.013782196603786325 -0.046378973938755001 -0.25995395315778241 0.030018762992022444 19.295000076293949 0.01645404907047732 -0.011129796687205316 28.970000267028812 12.119999885559084 -0.0013514274495241561 0.015070067762048002 0.009794266851473445 25.505000114440922 0.022599200739832608 0.024405039123864495 0.07174467170598077 19.105000495910648 0.020274694898374527 -0.10999245931774863 0.060516338843511382 18.444999694824222 14.715000152587892 -0.044876723421484459 16.125000000000004 -0.067575667738432196
decision_type=2 2 8 2 2 2 2 2 2 2 2 2 2 2 2 2 2 2 2 2 2 2 2 2 10 2 2 2 2 2
left_child=-1 9 3 4 -3 -4 -5 8 11 13 16 -8 22 -2 17 23 -11 -10 19 -9 -21 -15 -13 -6 25 26 -25 -27 -28 -29
right_child=1 2 5 6 15 -7 7 18 14 10 -12 12 -14 21 -16 -17 -18 -19 -20 20 -22 -23 -24 24 -26 27 28 29 -30 -31
leaf_value=0.00090372759350277232 -0.00013519962673818993 -0.0014626778396972303 -0.00013934191312851043 0.00040993537579737829 0.00053786319782600327 0.00032908135260103556 -0.00019622032822888869 6.2577233292910461e-06 -0.00021899010462616788 2.9257749536222566e-05 0.0002011331643954363 -9.961068863515669e-06 -0.0005803789964032327 -2.7224408865202524e-05 -2.9158867812551123e-05 -0.00025924494106306081 -7.624503657363072e-05 0.00029509002550239389 0.00021798397910728656 0.00011333292128217501 -0.00018574497165761039 -0.00016161171926797158 9.7073541157402781e-05 0.00023941222370077705 0.00015232065310373245 -7.4857165650726743e-05 -0.00046540902933365233 0.00031887283159394452 -3.1910695988020008e-05 8.9133459802248592e-05
leaf_weight=256 370 58 1307 119 236 107 379 9331 487 1707 353 9095 50 17148 1071 116 476 74 1411 1698 64 369 2265 127 1563 392 123 376 534 1874
leaf_count=256 370 58 1307 119 236 107 379 9331 487 1707 353 9095 50 17148 1071 116 476 74 1411 1698 64 369 2265 127 1563 392 123 376 534 1874
internal_value=-0.000162507 -0.000245871 0.000607937 0.000861082 0.00326449 -0.00502122 0.000362847 0.000284474 -0.000761866 -0.0016195 0.00149842 -0.000192977 7.88782e-05 -0.00206155 -0.00487132 0.00353398 8.01649e-05 -0.0101159 0.00140755 0.000930767 0.00431328 -0.00189387 0.000176056 0.00384211 0.00340249 0.00192644 -0.00280612 0.00333081 -0.0053653 0.00464444
internal_weight=53536 53280 32857 31443 5399 1414 26044 25925 13421 20423 2536 11789 11410 17887 1632 5341 2183 561 12504 11093 1762 17517 11360 5225 4989 3426 784 2642 657 2250
internal_count=53536 53280 32857 31443 5399 1414 26044 25925 13421 20423 2536 11789 11410 17887 1632 5341 2183 561 12504 11093 1762 17517 11360 5225 4989 3426 784 2642 657 2250
is_linear=0
shrinkage=0.05


Tree=31
num_leaves=31
num_cat=0
split_feature=1 4 13 12 6 14 13 13 14 15 10 10 14 8 10 10 10 14 6 1 6 7 13 12 15 10 14 15 10 10
split_gain=28.1731 23.9013 12.5944 16.9624 12.2135 12.1678 12.1555 19.9489 13.2315 13.9856 27.8861 12.6665 10.6377 9.7814 9.67353 9.12477 9.01221 8.83533 8.60497 8.42259 11.5012 9.12606 8.15515 8.03474 7.55021 10.1056 7.85102 9.65783 7.76928 7.64872
threshold=-0.1000366240918361 0.017831649774801013 25.505000114440922 -0.036853049265853803 0.66040098846716699 -0.19490876951167976 30.345000267028812 28.970000267028812 -0.077913276979976895 0.010840630085173776 0.0095076274836749537 0.0080340487242571718 -0.073050802278400592 -0.018161723646545998 -0.0038582878398281113 0.017875641087257036 0.0066242939925211805 -0.069744182185856193 -1.20711886652962 -0.020352165019596465 -0.82273921912889802 -0.02495282283040012 17.180000305175785 -0.049048441539310476 -0.0042574009302753226 -0.0048383307689184299 0.12307845124318741 -0.020422023113881357 -0.008698781123315567 -0.011231004293396683
decision_type=2 2 2 2 2 2 2 2 2 2 2 2 2 10 2 2 2 2 2 2 2 2 2 2 2 2 2 2 2 2
left_child=2 14 3 -1 6 -6 7 8 9 11 -11 -3 16 23 24 -12 -10 -14 -16 21 -21 -19 -18 -8 26 -26 28 -28 29 -2
right_child=1 4 -4 -5 5 -7 13 -9 12 10 15 -13 17 -15 18 -17 22 19 -20 20 -22 -23 -24 -25 25 -27 27 -29 -30 -31
leaf_value=-0.0011989459665146494 -6.1194765930320087e-05 9.0048426448517686e-06 0.00085313323611954585 0.0003266259666128646 -0.00030020046396177349 6.7028439178537947e-05 0.00031771702781042396 -0.0004417731139531675 -0.0004030841369128173 0.00027837541255174724 -0.00014475773821931369 0.00026397138647871031 0.00019488192582741895 -7.6299046902340772e-05 -9.5718066674389907e-05 2.0715241516339839e-05 -0.00018544445177288627 -1.0099213431003949e-05 -3.5909370657455972e-05 -5.5311422732781065e-05 -4.4946395736586863e-06 6.8674275214773578e-05 4.5822879467797209e-05 -0.00034683702103403862 2.1800266578784903e-05 0.0001965444747408329 -0.00016867804219284765 9.8874675705021723e-05 -1.0038586053477163e-05 -0.00033433183442070034
leaf_weight=93 308 517 334 432 152 7650 349 202 104 334 622 762 299 118 686 442 255 3672 10647 4677 15232 2706 156 49 1064 220 79 421 845 119
leaf_count=93 308 517 334 432 152 7650 349 202 104 334 622 762 299 118 686 442 255 3672 10647 4677 15232 2706 156 49 1064 220 79 421 845 119
internal_value=-0.000105517 -0.00025196 0.0088766 0.00404762 0.000400804 0.00216611 -5.08263e-05 -0.000181788 -7.55591e-05 0.00327792 -0.000178827 0.00705629 -0.000406812 0.00755814 -0.00198937 -0.00413534 -0.00752427 -0.000268939 -0.00266258 -0.000366151 -0.000872721 0.00121511 -0.00419708 0.0113065 0.000507199 0.00342679 -0.00160835 0.0037 -0.00369497 -0.00919204
internal_weight=53546 52687 859 525 38298 7802 30496 29980 29778 2677 1398 1279 27101 516 14389 1064 515 26586 11333 26287 19909 6378 411 398 3056 1284 1772 500 1272 427
internal_count=53546 52687 859 525 38298 7802 30496 29980 29778 2677 1398 1279 27101 516 14389 1064 515 26586 11333 26287 19909 6378 411 398 3056 1284 1772 500 1272 427
is_linear=0
shrinkage=0.05


Tree=32
num_leaves=31
num_cat=0
split_feature=4 12 13 8 16 16 6 16 15 15 8 11 11 10 11 10 13 15 15 15 12 13 16 16 16 16 10 12 13 11
split_gain=31.2551 22.1251 18.7225 13.1115 17.9147 19.9855 14.0673 13.6597 13.023 12.1762 12.0455 9.73088 12.5498 10.8751 10.0215 12.2542 9.96498 9.13329 21.9699 20.9702 18.89 26.8419 22.3244 18.5482 19.8399 20.3232 18.3591 16.239 15.2436 18.111
threshold=0.031488843317728533 -0.080083523859072289 12.119999885559084 0.22817828556084266 -0.034933523755742595 -0.037661783544991161 -0.82273921912889802 0.019725342584868803 0.025033772670397528 -0.03732677966205155 0.07243828073631299 0.021459813769517781 0.021985300450528603 -0.0032012772633666082 0.048369816433799014 0.01216187619022502 12.84500026702881 -0.0046642283824978028 -0.0030299304705272419 -0.0084579694741521699 -0.0045413720184895303 19.329999923706058 0.016156412343460328 -0.029736992346292731 -0.018342276129327869 -0.01805581248207094 0.0043154223195999162 0.026461493971658315 12.555000305175783 0.017946069561085468
decision_type=2 2 2 8 2 2 2 2 2 2 10 2 2 2 2 2 2 2 2 2 2 2 2 2 2 2 2 2 2 2
left_child=2 -2 10 4 5 9 7 -6 -3 -4 -1 17 -13 -14 16 -16 -15 19 -19 23 -21 22 -22 -8 26 -26 -25 -27 -20 -30
right_child=1 8 3 -5 6 -7 11 -9 -10 -11 -12 12 13 14 15 -17 -18 18 28 20 21 -23 -24 24 25 27 -28 -29 29 -31
leaf_value=-0.00015967036233982261 0.00056079751991690708 8.733771477872012e-05 -0.00095709348928509812 -9.4094327744417066e-05 -2.0756595294777783e-05 0.00033545584122360306 -0.00026016627943406534 -8.2553783232607847e-05 -0.00045627138193839336 7.7556166889562825e-05 0.00053659794230695196 0.00021452030276651469 -0.00019832387391035395 -9.19898599597937e-05 -0.00018040718373895653 0.00027649422452737018 6.9041356121798221e-05 9.1226061865500987e-05 9.5182388469039025e-05 -0.00031558002288608656 -0.0001093447168880581 0.00017398407206178527 0.00022263699422265536 0.00015231780441072511 -0.00035038410928741942 -6.2813796305091768e-05 -0.00034783489963201585 7.137332976471759e-05 -5.9204030568493252e-06 -0.0001192125478724531
leaf_weight=441 352 7580 66 1601 5734 343 232 1660 117 1075 54 268 159 348 282 53 3818 2085 658 405 2576 360 220 1160 116 1439 61 967 18245 1109
leaf_count=441 352 7580 66 1601 5734 343 232 1660 117 1075 54 268 159 348 282 53 3818 2085 658 405 2576 360 220 1160 116 1439 61 967 18245 1109
internal_value=-7.3716e-05 0.00279848 -0.000581421 -0.000475133 -0.000311356 0.0050876 -0.000502324 -0.00248174 0.00223788 0.00190622 -0.0102525 -7.88461e-05 0.00197849 0.00137339 0.00182737 -0.00649254 0.0024964 -0.000420983 9.16414e-05 -0.0019241 -0.00471076 -0.00340621 -0.0050608 0.000572327 0.00142266 -0.00111023 0.00665438 -0.000124688 -0.00041725 -0.000671696
internal_weight=53584 8049 45535 45040 43439 1484 41955 7394 7697 1141 495 34561 4928 4660 4501 335 4166 29633 22097 7536 3561 3156 2796 3975 3743 2522 1221 2406 20012 19354
internal_count=53584 8049 45535 45040 43439 1484 41955 7394 7697 1141 495 34561 4928 4660 4501 335 4166 29633 22097 7536 3561 3156 2796 3975 3743 2522 1221 2406 20012 19354
is_linear=0
shrinkage=0.05


Tree=33
num_leaves=31
num_cat=0
split_feature=16 4 4 10 8 13 13 16 12 12 14 14 11 16 15 12 14 14 10 15 15 12 14 16 13 16 10 13 14 11
split_gain=26.856 22.581 15.6239 14.9922 14.5634 14.6164 36.4561 14.5635 12.8553 14.5202 24.6442 18.2386 17.105 17.4809 15.954 14.1825 12.7112 15.6829 13.5968 14.3156 12.4861 12.0673 13.8783 12.021 12.0719 12.8116 19.565 16.8873 11.8584 11.6756
threshold=-0.10167659895920765 0.017831649774801013 0.057438289370643894 -0.015857529403489442 inf 16.550000190734867 16.675000190734867 0.013782196603786325 -0.028469952569234454 0.030225182467667037 0.083142255535003332 0.063421642021299643 0.034590351886677258 0.020435408537912151 0.0096756962150791343 0.037528562351318968 0.016378333086022993 0.020125848996620292 -0.0016165810670417111 -0.00048205293903291752 0.005086943188476579 -0.0081213337469206431 -0.098691693357393515 0.017842563249957036 12.119999885559084 -0.012088020741247317 -0.0041029098949924561 15.425000190734865 -0.001242221342315941 0.048369816433799014
decision_type=2 2 2 2 8 2 2 2 2 2 2 2 2 2 2 2 2 2 2 2 2 2 2 2 2 2 2 2 2 2
left_child=3 -2 4 -1 5 8 -7 -6 -3 16 11 12 13 14 23 -15 18 -18 20 -20 -10 -21 -23 24 -11 -26 -27 28 -28 -24
right_child=1 2 -4 -5 7 6 -8 -9 9 10 -12 -13 -14 15 -16 -17 17 -19 19 21 -22 22 29 -25 25 26 27 -29 -30 -31
leaf_value=-0.00015214689759680727 -2.6354208158696665e-05 0.00019866764070405036 0.00034420312839009479 0.0011621814124110508 -0.00011617198034183383 0.00025151988742837321 2.5597994374080248e-05 0.00031962194544475343 0.0001041056187127733 -0.0002212399648893644 0.00030466055523121701 -0.00060939478897826898 0.00030427820233963659 8.663217363529697e-05 0.00021320159910318527 -0.00015482747191460818 -0.00033566969495870796 -8.103802608067811e-05 -0.00013997226056671562 0.00014061744223347705 -0.00042279601059033099 -0.00021191787613760967 3.9761131697280822e-07 0.00026329013586362391 0.00023412258950872395 -0.00029808619295884571 8.4106545799045307e-06 -9.1840433217145129e-05 0.00014202057557920295 -0.00018647883720368625
leaf_weight=58 14430 231 1229 194 1393 637 19417 114 875 132 247 118 280 418 465 1047 213 2469 1150 474 43 236 3393 242 239 226 1776 839 901 177
leaf_count=58 14430 231 1229 194 1393 637 19417 114 875 132 247 118 280 418 465 1047 213 2469 1150 474 43 236 3393 242 239 226 1776 839 901 177
internal_value=-1.4442e-05 -9.12733e-05 0.000534235 0.0162698 0.000353624 0.000553869 0.00145607 -0.00446251 -0.000563585 -0.000733083 0.000988456 0.000415233 0.000765423 0.00022673 0.0016805 -0.00455631 -0.00205426 -0.00494034 -0.000834909 -0.00178637 0.00479303 -0.000455607 -0.00139254 0.000740528 0.000103331 0.000596584 -0.000120257 0.000796359 0.00273627 -0.000616246
internal_weight=53663 53411 38981 252 37752 36245 20054 1507 16191 15960 6930 6683 6565 6285 4820 1465 9030 2682 6348 5430 918 4280 3806 4355 4113 3981 3742 3516 2677 3570
internal_count=53663 53411 38981 252 37752 36245 20054 1507 16191 15960 6930 6683 6565 6285 4820 1465 9030 2682 6348 5430 918 4280 3806 4355 4113 3981 3742 3516 2677 3570
is_linear=0
shrinkage=0.05


Tree=34
num_leaves=31
num_cat=0
split_feature=16 5 13 12 6 15 10 12 10 6 1 5 2 15 16 16 10 15 10 14 12 12 12 15 15 12 11 13 11 12
split_gain=27.984 21.4017 16.3672 13.1936 12.2665 11.8808 11.2602 9.89722 11.1666 9.5483 12.1366 9.53768 7.93503 7.93414 12.0317 15.8012 9.04073 19.6732 17.1587 16.1282 18.9533 16.2739 15.3041 13.8124 14.7903 12.7926 25.4937 18.5917 18.0363 18.3098
threshold=-0.10167659895920765 0.018073252924165711 12.119999885559084 0.12832311621465078 0.98747814490783148 0.0063841335999482727 -0.015857529403489442 -0.080083523859072289 0.0207430020860534 -0.0094327660804136657 -0.050820760079974318 0.0087332476064286724 -0.07269973420601171 -0.03732677966205155 -0.034933523755742595 -0.039503255686329335 0.006255058441205553 0.011052406969641161 0.0025358686375718258 0.042440575684467692 0.014776412045584443 0.018681832940772639 0.05735486248043898 0.0098217978943738755 0.00952174830497521 -0.0031637025986434027 -0.0040062881878700765 20.610000610351566 1.0000000180025095e-35 0.023412732121494976
decision_type=2 2 2 2 2 2 2 2 2 2 2 2 2 2 2 2 2 2 2 2 2 2 2 2 2 2 2 2 2 2
left_child=6 2 5 4 11 -2 -1 12 9 10 -9 -4 -3 -13 15 -15 17 18 25 20 -20 -22 23 24 -18 -16 -27 28 -28 -30
right_child=1 7 3 -5 -6 -7 -8 8 -10 -11 -12 13 -14 14 16 -17 22 -19 19 -21 21 -23 -24 -25 -26 26 27 -29 29 -31
leaf_value=-6.6278394033870546e-05 -0.00023095348028018132 0.00052823261898748823 -5.2652751422848291e-05 -0.00024629995071330789 2.8524744745935884e-05 -2.0808835559026335e-05 0.00098010115334957949 0.00023666785059492043 -0.00026182609924474729 0.00016337554011581495 -1.4038326745400774e-07 -0.00062238669925844493 -1.8731242656020583e-05 -9.2849047688120269e-06 -5.8809235520976195e-05 0.00026161076278520545 4.9438018875097059e-05 0.00011376887076618428 -0.00013245051233632017 -0.00025266304067095524 0.00018810128626176644 -4.5514635183019e-05 -9.389143759767519e-05 -2.2271366728358023e-05 0.00024275497881212665 5.734833300594005e-05 -0.00010708873759910824 0.0003806762571782509 -6.2613404552282724e-05 1.525245409051228e-05
leaf_weight=66 246 118 2463 120 6698 237 193 783 204 3094 5250 65 59 610 4048 447 3839 1029 1510 307 371 3413 883 2525 199 3684 1690 146 3142 6102
leaf_count=66 246 118 2463 120 6698 237 193 783 204 3094 5250 65 59 610 4048 447 3839 1029 1510 307 371 3413 883 2525 199 3684 1690 146 3142 6102
internal_value=-8.26469e-05 -0.000162344 -0.000629369 -0.000527246 -0.000481226 -0.00978261 0.0163127 0.0019878 0.00176562 0.00202421 0.00086607 -0.000842404 0.0137006 -0.000624816 -0.000591398 0.00465941 -0.000760156 -0.00120863 -0.00149408 -0.00392341 -0.0032773 -0.00138742 0.000772227 0.00160369 0.00341753 -0.000770785 -8.8052e-05 -0.0012861 -0.00152277 -0.000654479
internal_weight=53541 53282 43774 43291 43171 483 259 9508 9331 9127 6033 36473 177 34010 33945 1057 32888 25442 24413 5601 5294 3784 7446 6563 4038 18812 14764 11080 10934 9244
internal_count=53541 53282 43774 43291 43171 483 259 9508 9331 9127 6033 36473 177 34010 33945 1057 32888 25442 24413 5601 5294 3784 7446 6563 4038 18812 14764 11080 10934 9244
is_linear=0
shrinkage=0.05


Tree=35
num_leaves=31
num_cat=0
split_feature=11 10 4 4 12 10 8 10 0 9 14 12 10 13 3 10 6 0 12 6 11 11 14 12 14 14 14 13 12 13
split_gain=28.0673 23.4273 17.8962 17.0325 15.6339 14.5969 13.7952 13.4834 11.3301 10.2903 10.2147 9.66439 9.92131 9.67031 8.59267 12.5228 8.03863 7.97117 7.25222 7.22229 7.4952 9.48481 8.83174 7.1005 9.03532 7.45784 11.2517 7.1236 6.99859 9.40121
threshold=-0.023324980459216712 0.0041080553382388816 0.034101148740593556 0.021396269850156486 -0.0077541062485576564 -0.016459345362290764 -0.044193724272159167 -0.01521359351313417 0.03083047569893849 -0.036034471595273058 0.23397195059943568 0.10123019596275297 0.001595000535659419 12.119999885559084 -0.0060374590932928953 -0.012508695811735191 1.791191490527938 -0.018054477060602644 -0.042339714563459634 -0.65467512765083458 0.021459813769517781 0.021985300450528603 -0.073802250117532039 0.078665433833488688 -0.040011250304013861 -0.011513166785666882 0.003286853869637119 14.494999885559084 -0.039191737143437648 26.85000038146973
decision_type=2 2 2 2 2 2 10 2 2 10 2 2 2 2 2 2 2 2 2 2 2 2 2 2 2 2 2 2 2 2
left_child=1 2 4 11 5 -1 -3 -7 10 -6 17 13 -13 -2 15 -9 -15 -5 -8 -19 -21 -22 -23 24 -24 -26 -27 -28 29 -16
right_child=3 6 -4 8 9 7 18 14 -10 -11 -12 12 -14 16 28 -17 -18 19 -20 20 21 22 23 -25 25 26 27 -29 -30 -31
leaf_value=-0.00020446205836138157 -0.00011370778176480544 -0.00032629445257666742 0.00042696221570089261 7.1343419737380023e-05 5.4021510876930708e-05 0.00038497409608875371 0.00027592717970590134 -0.0001515062497182111 0.00017712424275528557 0.00030336989384934713 -0.00050532291168594028 -0.00027040002482875625 6.7076575975673724e-05 -1.95048431475265e-05 0.00020902410969199448 0.00024769003994257508 4.3383660096890479e-05 -2.7327019849319102e-05 -4.5537407077769288e-05 3.3943158778298489e-06 0.0005054379634909234 0.00027595858200867739 -0.00012930688347651724 -0.00013840427637351439 0.00019807293169980274 -9.3319809715173687e-05 0.00033926183064350416 4.6016978917278341e-05 -4.8891157312578976e-05 -7.3530405098883294e-05
leaf_weight=231 394 289 675 3261 270 131 99 97 1492 474 109 194 90 23022 276 311 1680 6152 183 10625 128 323 323 281 603 370 135 392 872 167
leaf_count=231 394 289 675 3261 270 131 99 97 1492 474 109 194 90 23022 276 311 1680 6152 183 10625 128 323 323 281 603 370 135 392 872 167
internal_value=1.72417e-05 0.00400613 0.00553653 -0.000310647 0.00379109 0.00157074 -0.00538529 0.00304746 0.000638588 0.0100134 0.000361202 -0.00121552 -0.0103873 -0.00111173 0.00187174 0.00821078 -0.000987774 0.000434869 0.00248227 4.91413e-05 0.000709408 0.0031409 0.00244129 0.00125951 0.00239989 0.00403333 0.0011427 0.00583491 -9.5057e-05 0.00502257
internal_weight=53649 4075 3504 49574 2829 2085 571 1854 24194 744 22702 25380 284 25096 1723 408 24702 22593 282 19332 13180 2555 2427 2104 1823 1500 897 527 1315 443
internal_count=53649 4075 3504 49574 2829 2085 571 1854 24194 744 22702 25380 284 25096 1723 408 24702 22593 282 19332 13180 2555 2427 2104 1823 1500 897 527 1315 443
is_linear=0
shrinkage=0.05


Tree=36
num_leaves=31
num_cat=0
split_feature=11 1 5 13 10 15 12 11 8 14 13 10 14 6 6 3 10 5 14 15 11 14 11 11 11 15 15 8 12 10
split_gain=25.8767 22.3961 19.5987 18.0762 12.1637 14.7341 15.5666 13.2449 13.0819 11.4604 10.6983 11.3023 14.8239 10.2516 9.53596 9.05308 8.54949 8.45322 7.38931 7.14681 7.00956 6.96321 9.79921 9.13687 10.6219 9.46636 13.9669 13.4284 9.02903 8.81187
threshold=-0.023324980459216712 -0.12563069460339119 0.012687160188491009 17.615000724792484 0.0052648731180522388 0.003509884961184984 0.017951110302837473 -0.030384462612199011 -0.033692829064467404 0.23397195059943568 33.719999313354499 -0.0067260257632843481 0.45247854199056486 -1.20711886652962 -0.0094327660804136657 -0.0009228116778878247 -0.029463617054616639 0.016556146304783043 -0.14356568835631797 0.022521474553365509 -0.028186613773187038 -0.075454415356713087 0.048369816433799014 0.0038135025222709733 0.0028224343190543792 0.0098217978943738755 0.0078780989339619651 -0.060248311290925664 -0.0014831774620820968 0.0207430020860534
decision_type=2 2 2 2 2 2 2 2 10 2 2 2 2 2 2 2 2 2 2 2 2 2 2 2 2 2 2 8 2 2
left_child=1 -1 13 -3 5 6 7 10 -6 14 11 12 -5 -2 21 -9 -12 -16 -15 -20 -17 23 29 24 25 26 28 -27 -4 -23
right_child=2 3 9 4 8 -7 -8 15 -10 -11 16 -13 -14 18 17 20 -18 -19 19 -21 -22 22 -24 -25 -26 27 -28 -29 -30 -31
leaf_value=0.0011027233173653891 -7.737985743620871e-05 -0.0001942389554433125 -0.00020203565684925125 -0.0001841172480655988 -0.0002800738489127824 0.00028745834556196699 0.00037957969958877586 0.00020377648452459939 0.00013759614092789942 -0.00038989633151018148 -0.00030685816911397393 7.5523096353479708e-05 0.00028228182910924573 -0.00015112846826600279 1.6211027127567558e-05 0.0001313094258072072 0.00029324932823787783 0.00012722105917883212 -1.9871489640193273e-05 0.00030840124101126545 -2.2060105787964203e-05 -5.1782796073489465e-06 -0.00018660711980761737 0.00011281407018022003 -0.00042737608520864958 0.00032201573607051762 0.00056372210777279688 -0.00016521081868340151 0.00011286644106271674 -0.00038139229802814143
leaf_weight=236 1206 189 136 622 273 449 187 595 231 128 40 288 64 193 6023 290 180 3900 20845 55 492 14850 344 918 71 107 130 302 173 51
leaf_count=236 1206 189 136 622 273 449 187 595 231 128 40 288 64 193 6023 290 180 3900 20845 55 492 14850 344 918 71 107 130 302 173 51
internal_value=-0.000112007 0.00368714 -0.000429883 0.00278205 0.00355026 0.00468506 0.00331762 0.00230455 -0.00367063 0.000472672 -0.00154941 -0.00379877 -0.00728863 -0.0015281 0.000543418 0.00564633 0.00840909 0.00177618 -0.00127175 -0.00118182 0.00210997 -0.000172696 -0.000523122 0.00273544 -0.000788901 0.000766509 0.0058656 -0.0047066 8.09061e-05 -0.000330515
internal_weight=53568 4136 49432 3900 3711 3207 2758 2571 504 27133 1194 974 686 22299 27005 1377 220 9923 21093 20900 782 17082 15245 1837 919 848 439 409 309 14901
internal_count=53568 4136 49432 3900 3711 3207 2758 2571 504 27133 1194 974 686 22299 27005 1377 220 9923 21093 20900 782 17082 15245 1837 919 848 439 409 309 14901
is_linear=0
shrinkage=0.05


Tree=37
num_leaves=31
num_cat=0
split_feature=16 0 4 15 16 14 0 16 9 12 15 12 14 16 14 13 14 12 14 16 9 4 13 15 13 8 14 16 15 15
split_gain=29.7835 18.673 12.0712 11.7971 11.7394 11.8325 11.6993 14.046 9.7725 10.489 10.212 8.74416 8.30111 8.23877 9.13154 8.19205 21.2931 16.7653 15.0436 11.0937 9.44071 8.52938 8.21812 8.04575 8.02291 7.68548 7.42864 7.38436 7.32728 24.0497
threshold=-0.10167659895920765 -0.020013983629559248 0.021194422414681061 -0.03732677966205155 -0.055746298787809394 -0.081825770158787711 0.034242286796825734 0.034437881415261613 0.12419011894251232 0.029468566644150655 0.014425208851226114 0.10123019596275297 0.45247854199056486 -0.031311126558406059 -0.015515001009757 18.94999980926514 -0.12096344977185801 -0.071455492513037885 -0.16769008837329388 -0.018914146947906937 -0.21387403455603646 0.029202874312165391 20.500000000000004 -0.023641314377556451 12.00999975204468 0.12325688477778975 -0.030906714022271572 -0.030444358411838009 -0.0042574009302753226 -0.0031812156834113976
decision_type=2 2 2 2 2 2 2 2 10 2 2 2 2 2 2 2 2 2 2 2 10 2 2 2 2 8 2 2 2 2
left_child=12 3 11 -2 23 15 7 13 10 -10 -9 24 -1 14 -7 18 19 -18 -6 -17 -20 -22 -21 -4 -3 28 -13 -15 -26 -30
right_child=1 2 4 -5 5 6 -8 8 9 -11 -12 26 -14 27 -16 16 17 -19 20 22 21 -23 -24 -25 25 -27 -28 -29 29 -31
leaf_value=0.0009364513497349884 -0.00076977813666951429 -0.00012256129135754731 0.00018317633023429009 8.9999805634433463e-05 -0.00029499542165985389 -7.10691337449514e-05 0.00021943963756347265 -0.00017851857763672213 -0.00013171690694623465 0.00028166635008177436 7.8182406569966446e-05 3.54956310559191e-05 2.2520804630640075e-05 -0.00029083119600767084 0.00016703761027091028 0.00032449136139925302 9.4802952290496802e-05 -0.00034779122383566866 0.00044989266532649607 -0.00016471807364409178 6.08256762771757e-05 0.00027012957132265306 0.00013845731158729555 -0.00060192058773352703 -3.8900787276363767e-05 -8.1243346665246024e-05 -0.00023596742898053535 -5.4122890639799954e-07 0.00011126380738766526 -1.4734210060802708e-05
leaf_weight=191 93 183 54 4433 77 247 870 929 200 161 156 80 63 109 643 236 215 313 229 108 769 312 308 192 5409 1130 188 17415 1231 17019
leaf_count=191 93 183 54 4433 77 247 870 929 200 161 156 80 63 109 643 236 215 313 229 108 769 312 308 192 5409 1130 188 17415 1231 17019
internal_value=-0.000151691 -0.000233075 -0.000518111 0.00283915 0.000296266 0.000410997 1.44718e-05 -0.000234139 -0.00497925 0.00214681 -0.00735023 -0.00127773 0.0169291 0.000138482 0.00483146 0.00361317 0.000550847 -0.00691288 0.00621846 0.00659509 0.00748092 0.00552729 0.00168269 -0.0105691 -0.00118132 -0.00110432 -0.0102612 -9.9863e-05 -0.000911915 -0.000432877
internal_weight=53563 53309 48783 4526 23543 23297 20730 19860 1446 361 1085 25240 254 18414 890 2567 1180 528 1387 652 1310 1081 416 246 24972 24789 268 17524 23659 18250
internal_count=53563 53309 48783 4526 23543 23297 20730 19860 1446 361 1085 25240 254 18414 890 2567 1180 528 1387 652 1310 1081 416 246 24972 24789 268 17524 23659 18250
is_linear=0
shrinkage=0.05


Tree=38
num_leaves=31
num_cat=0
split_feature=16 15 14 14 12 12 12 4 12 14 12 11 16 11 10 15 13 13 16 11 12 16 16 12 15 13 10 16 13 10
split_gain=30.4199 14.7633 16.1588 21.3314 16.4414 20.1521 20.8559 15.1225 14.3828 15.5243 15.0607 14.2081 13.848 12.0785 21.9421 19.7966 30.6901 23.2266 21.2871 20.5416 17.7674 16.821 27.5973 23.8984 24.9589 21.574 18.385 18.3902 20.3525 16.6035
threshold=-0.10167659895920765 -0.03732677966205155 0.083812216488613714 0.082777995482000835 -0.052281388412141021 -0.029032360146205412 -0.026522918814270154 0.014980351540401534 -0.0066426429034430181 0.16071726291299396 -0.0059221070934643008 0.010571722118832951 -0.055746298787809394 -0.007196249019797262 0.0047561203387664905 0.0063153734995148323 19.520000457763675 18.625000000000004 0.00037852892535461541 0.011695347183510176 1.0000000180025095e-35 0.016156412343460328 0.019725342584868803 1.0000000180025095e-35 -0.0029824253050558798 21.82499980926514 0.0027897371119552932 -0.0059755909324578074 17.394999504089359 0.0025358686375718258
decision_type=2 2 2 2 2 2 2 2 2 2 2 2 2 2 2 2 2 2 2 2 2 2 2 2 2 2 2 2 2 2
left_child=-1 -2 3 7 -4 11 -7 -3 9 -8 -10 -6 -9 29 21 16 19 20 -19 -16 -17 23 -23 24 -15 26 -25 28 -28 -14
right_child=1 2 4 -5 5 6 8 12 10 -11 -12 -13 13 14 15 17 -18 18 -20 -21 -22 22 -24 25 -26 -27 27 -29 -30 -31
leaf_value=0.00074058692976748132 -0.00059131609465201251 -4.185553196758411e-05 0.00026516814618480106 -0.00029467177976448501 -0.00016702183749249357 0.00043890247884427106 -0.00014518629765798027 -0.00064798965161779311 0.00065018839001060888 0.00011672901628053713 5.3134860428362169e-05 0.00048562729672493469 7.3460451220604139e-05 -2.5186116445991696e-05 0.00012366164484306076 0.00012413295149722256 0.00037125716077420872 -0.00032986732590766047 -5.793247840585802e-05 -1.6338986156476129e-05 -6.9234498624390531e-06 0.0001432959948270034 -1.9190059266141156e-05 -1.8507304735094025e-05 -0.00024548900905490238 0.00031833932679016562 0.00019876604437705852 -0.00015948036341722357 -0.00030981584811583593 -2.6499451420612318e-05
leaf_weight=257 131 4822 507 394 652 188 712 194 133 459 2622 66 5403 837 1952 1063 700 312 1463 2766 4206 1434 5022 10976 1118 192 339 1686 114 2907
leaf_count=257 131 4822 507 394 652 188 712 194 133 459 2622 66 5403 837 1952 1063 700 312 1463 2766 4206 1434 5022 10976 1118 192 339 1686 114 2907
internal_value=-0.000137524 -0.000220161 -0.00017891 -0.000469729 0.00243023 0.00153146 0.00288041 -0.000373637 0.00210138 -0.00254056 0.00407441 -0.00619777 -7.37981e-05 -1.29442e-05 -0.000428613 0.00124378 0.00351606 -0.000503975 -0.0054507 0.00206655 0.00116246 -0.00138825 0.000751239 -0.00229328 -0.00745524 -0.00153491 -0.0017785 -0.00601917 0.00292494 0.00169675
internal_weight=53627 53370 53239 47900 5339 4832 4114 47506 3926 1171 2755 718 42684 42490 34180 12462 5418 7044 1775 4718 5269 21718 6456 15262 1955 13307 13115 2139 453 8310
internal_count=53627 53370 53239 47900 5339 4832 4114 47506 3926 1171 2755 718 42684 42490 34180 12462 5418 7044 1775 4718 5269 21718 6456 15262 1955 13307 13115 2139 453 8310
is_linear=0
shrinkage=0.05


Tree=39
num_leaves=31
num_cat=0
split_feature=13 4 6 12 11 11 13 12 12 10 12 11 13 12 12 14 13 11 11 12 5 13 11 10 13 13 13 7 12 12
split_gain=23.0447 15.5889 13.966 11.9629 11.5246 9.17864 16.3478 12.0706 12.6924 17.7402 10.9704 10.4886 9.3505 7.44716 8.13364 10.2339 11.6505 10.3782 8.62178 7.74042 7.02737 7.02685 18.8214 16.4149 15.3508 10.2222 7.0148 6.67728 6.5048 10.1524
threshold=46.145000457763679 0.063440083676757172 -0.2523150666115434 -0.075828254732232245 0.024405039123864495 0.0056453064529209404 23.770000457763675 0.02953543879256915 0.037528562351318968 9.4862369999448873e-05 0.028448833312794911 0.0074730260687776448 12.230000019073488 0.025521140781716415 0.018300585025284647 -0.058539441914538297 21.295000076293949 0.0069843130840521192 0.0070762605113673391 0.016981710951886612 0.0088095027975424022 13.414999961853029 0.0029094818078184708 -0.004697388100089738 12.804999828338625 14.175000190734865 17.494999885559086 0.058885586223260906 0.014344478951051955 0.043286843097797296
decision_type=2 2 2 2 2 2 2 2 2 2 2 2 2 2 2 2 2 2 2 2 2 2 2 2 2 2 2 2 2 2
left_child=1 2 3 -1 5 21 7 10 12 -10 13 -11 -9 14 15 16 -7 -17 -16 -19 -5 22 24 -24 -4 -23 -15 -26 -6 -30
right_child=-2 -3 4 20 28 6 -8 8 9 11 -12 -13 -14 26 18 17 -18 19 -20 -21 -22 25 23 -25 27 -27 -28 -29 29 -31
leaf_value=0.00021606330253100695 0.00077075990505366297 0.00040066144850497802 5.6607280759381966e-05 -6.6186536872183408e-05 -4.9489269000869106e-07 0.00015568092253577016 0.00053280535860199523 -0.0002969275471559906 -0.00014450352155588334 -0.00012773181852829578 -0.00021644259517270004 4.3417178086460964e-05 9.7998566286909569e-05 5.9139409950493586e-05 4.8082740396011155e-05 -0.00029346026448458988 -0.00025511204778998919 -6.4414708575633156e-05 -0.00017008838556027621 0.00014394275795444838 -1.7159577253334556e-05 0.00012259983879244911 -0.00034958619051724221 0.00028925386149875661 -0.00020732794682953401 1.9495347700308407e-05 -0.00029364457495000419 0.00015573626466356804 0.00018128105071204507 3.2137474002488268e-05
leaf_weight=298 135 811 272 1381 909 521 153 48 986 272 238 2121 1571 587 162 252 91 1463 800 144 24066 875 55 323 526 12427 49 41 1056 1009
leaf_count=298 135 811 272 1381 909 521 153 48 986 272 238 2121 1571 587 162 252 91 1463 800 144 24066 875 55 323 526 12427 49 41 1056 1009
internal_value=-7.64326e-05 -0.000128488 -0.000234363 -0.0010672 0.000561204 0.000197064 -0.00101501 -0.00128157 0.000390156 -0.00135395 -0.0032215 0.000971584 0.00403027 -0.00261121 -0.0035319 -0.00201335 0.00359477 -0.0038596 -0.00743243 -0.00238021 -0.00118383 0.000986638 -0.00264996 0.00661376 -0.0068236 0.00131935 0.00235849 -0.0115079 0.00349697 0.00504843
internal_weight=53642 53507 52696 25745 26951 23977 9458 9305 4998 3379 4307 2393 1619 4069 3433 2471 612 1859 962 1607 25447 14519 1217 378 839 13302 636 567 2974 2065
internal_count=53642 53507 52696 25745 26951 23977 9458 9305 4998 3379 4307 2393 1619 4069 3433 2471 612 1859 962 1607 25447 14519 1217 378 839 13302 636 567 2974 2065
is_linear=0
shrinkage=0.05


Tree=40
num_leaves=31
num_cat=0
split_feature=13 0 15 15 15 14 13 10 13 11 6 10 10 14 15 13 13 10 10 13 14 13 12 9 10 10 1 10 8 13
split_gain=21.8581 15.1373 15.0929 23.8805 20.4148 18.859 16.559 15.4453 15.1177 13.9911 12.385 12.1026 24.6347 16.7232 11.5165 11.888 25.2151 12.0789 11.4386 14.3611 16.5765 12.2237 10.8614 10.8459 10.7513 12.8444 10.5649 9.99635 9.85567 12.8853
threshold=46.145000457763679 -0.020013983629559248 -0.0047563680774917452 -0.0084579694741521699 -0.0031812156834113976 0.055948056460050417 18.335000038146976 -0.01425655493307104 17.860000610351566 1.0000000180025095e-35 -1.1218950062834303 -0.00018006943063253453 -0.0048383307689184299 0.093015395411206861 -0.0083782708515516818 19.329999923706058 22.429999351501468 -0.0089994523450817026 0.00044089291237869871 16.675000190734867 0.035942894407802857 17.32499980926514 -0.038043890036369758 0.058513964785935631 -0.0058617370849656228 -0.013788046856732237 -0.017771957356910281 -0.0072745157566194698 inf 23.409999847412113
decision_type=2 2 2 2 2 2 2 2 2 2 2 2 2 2 2 2 2 2 2 2 2 2 2 10 2 2 2 2 8 2
left_child=1 -1 3 6 5 9 8 -6 22 26 -9 12 13 -8 -5 17 -17 -16 19 20 23 -20 -3 -19 25 -18 -4 -15 29 -12
right_child=-2 2 4 14 7 -7 11 10 -10 -11 28 -13 -14 27 15 16 24 18 21 -21 -22 -23 -24 -25 -26 -27 -28 -29 -30 -31
leaf_value=6.6015769815017461e-05 0.00087931311133313374 -0.00028916953038678525 7.0450665763965975e-05 -0.00045642304036589988 0.0004011123558989567 0.00020591149457221567 -0.00023045384912391586 -5.2941902498600192e-05 0.00035442029628570055 8.402542319792177e-05 -3.4061352319248375e-06 -0.00029545725722046346 0.00022052081289136109 -4.2139763037865468e-05 -0.0002834525388243513 0.00014022176384666311 -0.00031267322038989315 0.00019830566263535692 -0.00017015494798660301 -0.00011494844779979517 -8.4374648215426907e-05 0.00015662919936409414 3.4799672159107917e-05 3.0007123872741355e-06 -0.00025654741198819316 0.00019344044340983762 -0.00014307022978977567 0.00050053234272057039 -9.1018559881488571e-05 0.00010597470576929048
leaf_weight=4571 130 63 266 154 124 695 492 2978 308 1556 29700 118 319 1265 305 657 60 353 1199 1004 697 100 2145 431 349 120 409 79 982 1942
leaf_count=4571 130 63 266 154 124 695 492 2978 308 1556 29700 118 319 1265 305 657 60 353 1199 1004 697 100 2145 431 349 120 409 79 982 1942
internal_value=-9.28674e-05 -0.000142681 -0.000400041 -0.00210902 5.17438e-05 0.00406699 0.000464606 -0.000277109 0.00325914 0.00182654 -0.000338464 -0.00262868 -0.00177494 -0.00400327 -0.00437926 -0.00398578 0.000421585 -0.00526412 -0.0044926 -0.00250503 0.000624578 -0.00829484 0.00181159 0.00561224 -0.00770321 0.00222222 -0.00418519 -0.00111607 -5.67067e-05 9.63909e-05
internal_weight=53571 53441 48870 10218 38652 2926 4789 35726 2516 2231 35602 2273 2155 1836 5429 5275 1186 4089 3784 2485 1481 1299 2208 784 529 180 675 1344 32624 31642
internal_count=53571 53441 48870 10218 38652 2926 4789 35726 2516 2231 35602 2273 2155 1836 5429 5275 1186 4089 3784 2485 1481 1299 2208 784 529 180 675 1344 32624 31642
is_linear=0
shrinkage=0.05


Tree=41
num_leaves=31
num_cat=0
split_feature=16 4 15 0 15 15 14 15 16 13 13 12 15 16 13 16 12 12 13 14 14 15 14 15 14 11 14 13 15 12
split_gain=20.6114 14.495 14.009 13.0502 13.0134 23.0539 20.0207 19.6425 14.3424 12.1924 14.2034 14.9225 10.9718 10.8091 14.3503 21.748 17.4169 13.2116 11.8969 11.9385 24.0505 22.8637 20.7072 22.3095 25.7504 19.8891 15.0396 19.1237 14.5466 14.1016
threshold=-0.10167659895920765 0.063440083676757172 -0.03732677966205155 -0.018054477060602644 -0.0047563680774917452 -0.0031812156834113976 0.055948056460050417 -0.0084579694741521699 0.016156412343460328 18.335000038146976 16.345000267028812 -0.038043890036369758 -0.0083782708515516818 -0.055746298787809394 23.409999847412113 0.031971954040296853 -0.01116014011506866 0.12832311621465078 22.330000877380375 -0.067583665573298909 -0.054805799949304061 0.0073973735643465552 -0.073050802278400592 0.011052406969641161 -0.075454415356713087 0.0069843130840521192 -0.036818887874406285 15.905000209808351 0.011214827333544732 -0.0045413720184895303
decision_type=2 2 2 2 2 2 2 2 2 2 2 2 2 2 2 2 2 2 2 2 2 2 2 2 2 2 2 2 2 2
left_child=-1 2 -2 -4 7 6 8 9 -6 10 -5 -12 -9 -7 17 16 -16 18 19 22 21 -21 23 24 -15 29 27 -22 -28 -25
right_child=1 -3 3 4 5 13 -8 12 -10 -11 11 -13 -14 14 15 -17 -18 -19 -20 20 26 -23 -24 25 -26 -27 28 -29 -30 -31
leaf_value=0.00059016799924257427 -0.00056381998794908465 0.00036010139153951222 4.9295549720650017e-05 -1.1963266761634128e-05 1.0356821308755592e-06 -0.00070571608675384164 0.00020994179446360761 -0.00041432412824189457 0.00024448315112296357 -5.1348974764081711e-05 -0.00027164171212472457 0.00013177298232723347 -6.6047067636229936e-05 0.00012396859349856032 0.00010151774320668432 -0.0001490429170617664 0.00052300476677153351 -0.0002504738439336618 -0.00021521220078067201 -0.00019724357827787992 -7.8937786440784731e-06 -2.5970186297100454e-05 0.00028634063121281661 0.00012727239545247136 -0.00017625878065660662 2.4930159671866966e-05 -2.6067773178276499e-05 0.00011946814225222945 6.5092653375147232e-05 -0.00018272567985633698
leaf_weight=264 125 800 5012 1292 1792 120 687 149 355 1936 61 966 4983 1908 1423 374 248 127 261 793 2321 1202 729 124 352 988 19808 1788 1841 744
leaf_count=264 125 800 5012 1292 1792 120 687 149 355 1936 61 966 4983 1908 1423 374 248 127 261 793 2321 1202 729 124 352 988 19808 1788 1841 744
internal_value=-0.000110597 -0.000179613 -0.00028138 -0.000241486 -0.000498185 -8.62182e-05 0.00425194 -0.00216523 0.00187471 0.000346651 0.00279215 0.00718111 -0.00424786 -0.000435976 -0.000384659 0.00367971 0.00611909 -0.000636634 -0.000574424 -0.000489294 -0.000889093 -0.00617794 0.00180083 0.00042517 0.00376106 -0.00363685 -0.000479463 0.00229375 -0.00100582 -0.00915899
internal_weight=53573 53309 52509 52384 47372 37985 2834 9387 2147 4255 2319 1027 5132 35151 35031 2045 1671 32986 32859 32598 27753 1995 4845 4116 2260 1856 25758 4109 21649 868
internal_count=53573 53309 52509 52384 47372 37985 2834 9387 2147 4255 2319 1027 5132 35151 35031 2045 1671 32986 32859 32598 27753 1995 4845 4116 2260 1856 25758 4109 21649 868
is_linear=0
shrinkage=0.05


Tree=42
num_leaves=31
num_cat=0
split_feature=16 5 15 10 15 15 10 15 6 8 6 11 16 10 15 11 10 15 14 10 10 8 1 5 10 7 15 10 8 15
split_gain=22.2621 15.5572 13.8864 12.1328 11.9857 14.3774 13.219 12.9244 9.98426 9.52428 9.73783 11.9434 9.18093 8.99117 8.47486 8.19693 17.1028 8.56021 8.49322 7.94762 7.65876 8.81369 7.81621 6.93747 7.06103 6.86258 8.83593 6.95706 8.64743 6.77057
threshold=-0.10167659895920765 0.01299809519417181 -0.03732677966205155 -0.0038582878398281113 -0.011101198772255292 -0.0074102049811580186 -0.0032352848591708501 -0.017516926095408777 -1.20711886652962 inf 1.170039002037339 -0.023324980459216712 0.013782196603786325 -0.0024374516674448006 0.029770639018858795 0.0091428951508856233 -0.0049441493240062187 -0.0062976505933079454 0.037142264963949019 -0.015857529403489442 0.0041080553382388816 -0.047437636946177524 -0.062279591383522064 0.0091146454039046816 0.0207430020860534 0.023423251655591341 1.0000000180025095e-35 -0.0054954783327307846 0.025261023072377767 -0.0040520791376654755
decision_type=2 2 2 2 2 2 2 2 2 8 2 2 2 2 2 2 2 2 2 2 2 10 2 2 2 2 2 2 10 2
left_child=19 3 -3 15 7 13 -7 -5 -8 10 11 20 -11 -6 -12 16 25 -17 -19 -1 22 -22 -4 -10 -25 26 27 28 -2 -18
right_child=1 2 9 4 5 6 8 -9 23 12 14 -13 -14 -15 -16 17 29 18 -20 -21 21 -23 -24 24 -26 -27 -28 -29 -30 -31
leaf_value=-6.8364018490848716e-05 -7.4108243545357309e-06 -0.00076170884622577808 0.0003373344005137243 -0.00017726689963090144 0.00013050874559192532 -0.00011699003661125556 -6.2451976864980117e-05 0.00019765818092783673 -4.5039108170963113e-05 -0.00010357326994421103 0.00011244867549663604 4.2163270685936347e-06 0.00027933784977458853 -0.00011545777808856842 -0.00051855964116591792 -0.00017629117215476871 3.9015061368835332e-05 -8.0323783504474783e-05 0.00024065856750702869 0.00069410013086560537 -0.00027595557606613347 0.00014336564348734412 9.6480281963352323e-05 -7.8525208618465027e-06 -0.00014823788992509736 -4.4241258735282059e-05 0.00013665827236073372 -9.3524291540990305e-05 9.8920888977844552e-05 0.00021062754934980164
leaf_weight=59 1861 100 350 83 87 540 1092 308 2818 1062 3084 21554 101 943 63 267 271 166 104 190 135 111 1012 13906 110 1083 559 287 728 463
leaf_count=59 1861 100 350 83 87 540 1092 308 2818 1062 3084 21554 101 943 63 267 271 166 104 190 135 111 1012 13906 110 1083 559 287 728 463
internal_value=-0.000156551 -0.0002263 0.000598433 -0.00111193 -0.00169835 -0.00187218 -0.0015515 0.00696931 -0.00131931 0.000666133 0.000861872 0.000507296 -0.00376182 -0.00762136 0.00347156 0.000902574 0.00150419 -0.00498138 0.0012963 0.014759 0.00466418 -0.00345528 0.00613069 -0.00101877 -0.000563642 0.000354139 0.00144833 0.00033032 0.00114909 0.00858311
internal_weight=53497 53248 27572 25676 19887 19496 18466 391 17926 27472 26309 23162 1163 1030 3147 5789 5252 537 270 249 1608 246 1362 16834 14016 4518 3435 2876 2589 734
internal_count=53497 53248 27572 25676 19887 19496 18466 391 17926 27472 26309 23162 1163 1030 3147 5789 5252 537 270 249 1608 246 1362 16834 14016 4518 3435 2876 2589 734
is_linear=0
shrinkage=0.05


Tree=43
num_leaves=31
num_cat=0
split_feature=13 5 13 12 14 8 13 13 12 12 14 14 0 13 10 10 11 14 12 10 10 11 6 11 13 5 13 14 14 14
split_gain=19.5675 14.426 13.036 10.0743 20.7673 8.56 11.5275 44.0379 10.9684 14.1693 27.1736 13.4156 15.849 14.3762 13.8199 16.3838 12.3312 11.9622 12.6208 25.3227 23.1116 12.0654 11.4346 10.7854 10.7495 10.6422 9.11362 12.3681 11.6574 16.0734
threshold=46.145000457763679 0.018073252924165711 12.119999885559084 0.12384637745116912 -0.033094273980848292 0.22817828556084266 16.550000190734867 16.675000190734867 -0.027198367137832798 0.023412732121494976 0.083812216488613714 -0.077913276979976895 0.034242286796825734 13.525000095367433 -0.0077272822899705487 -0.004697388100089738 -0.010198884987834665 -0.075454415356713087 0.026209959433217581 -0.0018713980649029403 0.0054292570056242448 0.050492682028646547 -0.66842897666237422 0.047360899032742883 13.050000190734865 0.0098618030453488503 14.920000076293947 0.063421642021299643 0.052213768787031663 0.035942894407802857
decision_type=2 2 2 2 2 8 2 2 2 2 2 2 2 2 2 2 2 2 2 2 2 2 2 2 2 2 2 2 2 2
left_child=1 2 -1 5 -5 6 8 -8 -4 22 11 12 13 -11 -13 16 -16 -17 19 -19 21 -21 -10 26 -18 -9 27 28 29 -20
right_child=-2 -3 3 4 -6 -7 7 25 9 10 -12 14 -14 -15 15 17 24 18 23 20 -22 -23 -24 -25 -26 -27 -28 -29 -30 -31
leaf_value=-0.00011546084556049435 0.00077113404926106791 4.5658330500834412e-05 0.00010975579932749323 0.00030226184883659765 -0.00024385615848961846 -7.3732949833736977e-05 0.00019608286003873826 -4.5200239177253972e-05 -8.2850699461071563e-05 -0.00015080931834187796 0.0002095747344618941 0.00023485316101060284 -0.00031909136348423465 0.000206186846785283 0.00016218287273093201 -0.00054721834925088291 6.1979897059538059e-05 -0.00015309311124590017 2.8392594299442039e-06 0.00024026549593058005 -0.00011128151516272172 -0.00013101474761599875 -2.7510953077328551e-05 0.00045073994097219472 -0.0002335926328726738 1.1292584289917347e-05 -6.1406065950474209e-05 -0.00024523292571492167 0.00023722738856261257 -0.00018470549309178744
leaf_weight=478 130 9523 428 56 213 1410 810 2025 2390 65 328 173 46 528 109 54 115 171 7479 607 182 59 6383 113 646 15656 2521 287 181 294
leaf_count=478 130 9523 428 56 213 1410 810 2025 2390 65 328 173 46 528 109 54 115 171 7479 607 182 59 6383 113 646 15656 2521 287 181 294
internal_value=-0.000144033 -0.000191262 -0.00057468 -0.000484087 -0.0101301 -0.000423827 -0.000294118 0.000636796 -0.00103739 -0.00118671 -0.00019702 -0.000539252 0.00653365 0.00872681 -0.000887153 -0.00107661 -0.00770115 -0.000594242 -0.000487641 0.00483317 0.00837264 0.0126877 -0.00276131 -0.000986207 -0.00995401 0.00011453 -0.00114756 -0.000342798 2.51446e-05 -0.00026695
internal_weight=53460 53330 43807 43329 269 43060 41650 18491 23159 22731 13958 13630 639 593 12991 12818 870 11948 11894 1019 848 666 8773 10875 761 17681 10762 8241 7954 7773
internal_count=53460 53330 43807 43329 269 43060 41650 18491 23159 22731 13958 13630 639 593 12991 12818 870 11948 11894 1019 848 666 8773 10875 761 17681 10762 8241 7954 7773
is_linear=0
shrinkage=0.05


Tree=44
num_leaves=31
num_cat=0
split_feature=1 6 13 13 14 11 13 11 16 16 14 15 16 14 14 12 15 13 13 13 12 16 13 14 15 15 15 12 12 13
split_gain=18.1064 10.3847 11.3427 19.7264 11.1372 10.2652 16.3461 9.61988 10.9113 9.10603 8.7402 15.2514 17.9452 13.3342 13.8748 25.4318 13.1138 15.751 13.0937 16.0264 22.8047 16.3078 13.1806 13.0093 12.773 11.9943 13.386 14.6104 12.0985 11.8293
threshold=-0.10999245931774863 1.2425040163713079 30.345000267028812 28.970000267028812 -0.19490876951167976 -0.023324980459216712 17.615000724792484 -0.030384462612199011 -0.0051526790069073005 -0.10167659895920765 -0.067583665573298909 0.010840630085173776 0.03800778555159124 -0.054805799949304061 -0.036818887874406285 0.12384637745116912 0.0089466886118758655 19.159999847412113 14.715000152587892 15.75500011444092 0.013959702571110679 -0.013490608486596277 19.880000114440922 -0.035621573523768706 0.0080027719538189341 -0.0049696799762901081 0.0090476361945057721 0.029126747512220778 0.050860113583604989 15.944999694824221
decision_type=2 2 2 2 2 2 2 2 2 2 2 2 2 2 2 2 2 2 2 2 2 2 2 2 2 2 2 2 2 2
left_child=9 2 3 5 -3 6 -2 8 -8 -1 11 12 24 16 25 23 -12 -18 -13 -20 22 -22 -21 -16 -7 -15 29 -28 -29 -27
right_child=1 4 -4 -5 -6 10 7 -9 -10 -11 13 18 -14 14 15 -17 17 -19 19 20 21 -23 -24 -25 -26 26 27 28 -30 -31
leaf_value=0.00097099648367621162 -0.00019440040976230675 -0.00026931096590145564 0.00013728942976191233 -0.00038994362308082561 4.4765452076316509e-05 4.3371200992747784e-05 -3.3324147241705659e-05 0.0001085921956221629 0.00024415911411011706 0.00022739141800611867 -0.00011041318963666277 -0.00019407408858696198 -0.00027892110286345783 -0.00021861742805771023 -0.00019673610459708282 -0.00024046834734219231 6.1755086066628536e-05 -0.00022619532151859861 0.00027416866819512508 0.00011780243996686372 0.00031546381227268671 -0.00020399342563232579 -8.1892995001165046e-05 -1.4796851395496763e-05 0.00023300418075449265 1.6086471613925743e-05 -0.00013666388559361683 0.00016511036528174853 -0.00013905255432786507 0.00014740348854205352
leaf_weight=151 194 143 590 229 6060 1764 1029 1568 101 479 1381 199 120 179 390 249 617 176 168 718 50 513 603 30904 774 1667 534 390 152 1542
leaf_count=151 194 143 590 229 6060 1764 1029 1568 101 479 1381 199 120 179 390 249 617 176 168 718 50 513 603 30904 774 1667 534 390 152 1542
internal_value=-9.32244e-05 -0.000193382 -0.000448174 -0.000536128 0.001729 -0.000463225 0.00242047 0.00342847 -8.84956e-05 0.00833333 -0.000656765 0.00132919 0.00389391 -0.000912103 -0.000682506 -0.00105174 -0.00471481 0.000409836 -0.00169924 -0.000511696 -0.00183121 -0.0102575 0.00176003 -0.000925097 0.00478723 0.00192652 0.00245624 -0.00236989 0.00341328 0.00407448
internal_weight=53634 53004 46801 46211 6203 45982 2892 2698 1130 630 43090 4909 2658 38181 36007 31543 2174 793 2251 2052 1884 563 1321 31294 2538 4464 4285 1076 542 3209
internal_count=53634 53004 46801 46211 6203 45982 2892 2698 1130 630 43090 4909 2658 38181 36007 31543 2174 793 2251 2052 1884 563 1321 31294 2538 4464 4285 1076 542 3209
is_linear=0
shrinkage=0.05


Tree=45
num_leaves=31
num_cat=0
split_feature=1 5 15 0 15 15 15 14 10 12 11 12 16 14 10 16 11 16 16 6 12 12 11 16 14 10 14 11 12 14
split_gain=16.414 12.0488 8.53232 9.34213 8.98019 17.4448 17.0705 15.2837 13.6741 12.8838 18.4656 13.8782 13.2156 11.6839 24.1437 11.0845 10.7861 13.1576 10.6389 9.91154 9.48771 9.09984 8.96314 8.38373 8.51117 8.17062 9.96927 8.58118 9.32051 9.00301
threshold=-0.10999245931774863 0.0095885381778821194 -0.03732677966205155 -0.020013983629559248 -0.0048107365349669409 -0.0031812156834113976 -0.0084579694741521699 0.055948056460050417 -0.01425655493307104 0.031890065816476361 0.0095883374490337587 0.041818066300965857 -0.004548480555311484 0.043372068741787458 -0.0016894208297127398 -0.0099623902085337872 -0.033420149013226534 -0.034933523755742595 0.020947928184240631 -1.2479330039865768 0.026646487764570907 -0.0031637025986434027 0.024405039123864495 0.011412257182252363 0.23397195059943568 -0.011231004293396683 0.10773003329269316 -0.028866681392767265 0.00075809453830288931 -0.19490876951167976
decision_type=2 2 2 2 2 2 2 2 2 2 2 2 2 2 2 2 2 2 2 2 2 2 2 2 2 2 2 2 2 2
left_child=-1 -2 -3 -4 6 7 16 -6 -7 13 12 -12 15 14 20 -11 -5 -18 23 -10 -8 -15 -16 24 -19 -21 27 28 -27 -29
right_child=1 2 3 4 5 8 9 -9 19 10 11 -13 -14 21 22 -17 17 18 -20 25 -22 -23 -24 -25 -26 26 -28 29 -30 -31
leaf_value=0.00036641163548962135 -3.3354832330215431e-05 -0.00037780708133559291 5.698646384271339e-05 -0.00016173027134593759 4.1198106646155944e-05 0.00036325869136402661 9.9442365699573516e-05 0.00019663035625069048 -5.635516741831011e-05 8.3075537676543642e-05 0.00010582842811116527 -0.00014284760084755352 0.00015173056906756478 -0.00034234503257755678 -0.00021639872781706725 -0.00017104025006722852 0.00026486658871124929 1.543546079856217e-05 0.00033181599975405695 -0.00014955344581992145 -0.00049147192799658761 -0.00010271458416266454 6.5007140613002141e-05 -0.00015031720039178286 -0.00035757982321681716 0.00013970705347410235 0.00034501506203552662 -0.0002481863499937393 -0.00015119869674130306 -5.1819133865633681e-07
leaf_weight=641 6052 183 4077 223 2018 129 759 635 1752 142 158 590 516 323 820 179 373 2887 185 367 61 740 153 256 94 698 102 184 109 28175
leaf_count=641 6052 183 4077 223 2018 129 759 635 1752 142 158 590 516 323 820 179 373 2887 185 367 61 740 153 256 94 698 102 184 109 28175
internal_value=-0.000191766 -0.000288062 -1.70619e-05 2.51579e-05 -0.000193535 0.00016755 -0.00165209 0.00406144 -0.000160236 -0.00378856 -0.000173502 -0.00588235 0.00492832 -0.00579482 -0.0033324 -0.00303738 0.000709308 0.00133729 0.000365283 -0.000227005 0.0029878 -0.00994826 -0.00865879 -0.000301205 0.000444482 -1.09668e-05 8.20008e-05 2.74292e-05 0.00511152 -0.000117247
internal_weight=53581 52940 46888 46705 42628 34169 8459 2653 31516 4441 1585 748 837 2856 1793 321 4018 3795 3422 31387 820 1063 973 3237 2981 29635 29268 29166 807 28359
internal_count=53581 52940 46888 46705 42628 34169 8459 2653 31516 4441 1585 748 837 2856 1793 321 4018 3795 3422 31387 820 1063 973 3237 2981 29635 29268 29166 807 28359
is_linear=0
shrinkage=0.05


Tree=46
num_leaves=31
num_cat=0
split_feature=16 15 0 16 0 16 14 15 15 10 15 12 16 16 12 10 10 14 16 14 14 2 10 16 16 16 16 10 10 6
split_gain=16.1412 13.6692 13.3162 11.6834 10.6481 11.8203 10.9225 10.1973 16.6635 12.2785 11.7052 12.9349 11.5657 13.1296 12.9979 11.5766 11.1652 10.8776 11.5882 9.76586 12.2691 9.74467 10.1223 9.48812 15.192 9.95318 9.2677 10.3225 11.6134 9.15318
threshold=-0.10167659895920765 -0.03732677966205155 -0.020013983629559248 -0.055746298787809394 0.028337786599819562 -0.034933523755742595 -0.12096344977185801 -0.0048107365349669409 -0.0030299304705272419 -0.01425655493307104 -0.0084579694741521699 -0.0045413720184895303 -0.015497422852297436 0.0097883397530621492 1.0000000180025095e-35 -0.0027475813947746004 0.0007464509492582928 0.082777995482000835 0.011412257182252363 0.042440575684467692 0.010891009150098998 -0.037231788658055535 0.0052648731180522388 -0.028867475949451379 -0.020436547358860132 0.02487711005281024 0.043915596429294775 0.018838458170826636 0.013844787315234976 -1.20711886652962
decision_type=2 2 2 2 2 2 2 2 2 2 2 2 2 2 2 2 2 2 2 2 2 2 2 2 2 2 2 2 2 2
left_child=-1 -2 -3 -4 5 6 -5 10 16 -10 23 17 -13 14 -14 -15 -9 18 -12 20 -18 22 -8 -7 -25 -26 27 28 -6 -11
right_child=1 2 3 4 26 7 21 8 9 29 11 12 13 15 -16 -17 19 -19 -20 -21 -22 -23 -24 24 25 -27 -28 -29 -30 -31
leaf_value=0.00045666250271526702 -0.00052535455128407645 6.0314299092266476e-05 -0.00033550915258107435 0.00029588579339325243 0.00010878326636014758 -0.00015498060567933417 2.1648094682191063e-05 0.00010114799054669931 0.00036149040176832679 -5.3954500816283808e-05 -0.00018626346166482319 0.00010616712111433383 0.00010055411300695346 -3.3114513887410898e-05 -9.7402045012103921e-05 0.0001505569471203711 -4.1474371378100869e-05 -0.00043896375995278425 5.3548323768694631e-05 -0.00044299674762640309 0.00027561855659171764 0.00013579218966073975 -0.00034225517579680585 0.00016716563179674092 -2.1903205981102126e-05 0.00041266173817256885 -0.00021245979255523004 0.000456964112948828 -0.00017238723519647696 -8.087903935641207e-06
leaf_weight=254 141 4452 299 122 1552 253 403 2291 125 2180 269 291 193 669 2550 400 875 234 162 56 177 643 107 515 3178 90 118 281 239 30395
leaf_count=254 141 4452 299 122 1552 253 403 2291 125 2180 269 291 193 669 2550 400 875 234 162 56 177 643 107 515 3178 90 118 281 239 30395
internal_value=-0.000172852 -0.00023282 -0.000191551 -0.00043099 -0.000370079 -0.000531638 0.00421569 -0.000666437 -0.000294329 -0.000640673 -0.00219219 -0.00386955 -0.00282111 -0.00355456 -0.00538644 0.00114593 0.00303766 -0.0103383 -0.00562645 -0.00108303 0 0.00271032 -0.00245098 -0.000210605 0.000416336 -0.000841493 0.00303653 0.00381274 0.00241485 -0.000700691
internal_weight=53514 53260 53119 48667 48368 46178 1275 44903 36099 32700 8804 4768 4103 3812 2743 1069 3399 665 431 1108 1052 1153 510 4036 3783 3268 2190 2072 1791 32575
internal_count=53514 53260 53119 48667 48368 46178 1275 44903 36099 32700 8804 4768 4103 3812 2743 1069 3399 665 431 1108 1052 1153 510 4036 3783 3268 2190 2072 1791 32575
is_linear=0
shrinkage=0.05


Tree=47
num_leaves=31
num_cat=0
split_feature=5 16 13 8 16 6 8 5 10 5 14 10 14 1 11 6 14 13 13 8 16 10 10 16 16 16 10 10 16 14
split_gain=15.1374 13.7571 10.3199 8.73139 8.61207 8.81491 7.5564 8.97513 8.18974 6.88223 6.32166 9.48452 8.05233 7.49423 12.1371 6.26355 6.06409 7.09828 9.63073 5.75009 5.98126 5.73162 5.89482 5.48498 12.1018 6.59696 7.22858 6.34306 15.9911 12.4121
threshold=0.018073252924165711 -0.10167659895920765 12.119999885559084 0.07243828073631299 0.031971954040296853 -0.79561595786168182 0.10875546216783728 0.0099077880726477097 0.016350157736673924 0.037600234829605811 0.049298283120689408 -0.013932246020769588 -0.043478201036805324 0.030154825732363614 -0.010198884987834665 1.2053026729582885 0.12307845124318741 16.765000343322757 16.510000228881839 inf 0.013782196603786325 0.0207430020860534 0.017102355769033965 -0.034933523755742595 -0.044876723421484459 -0.046378973938755001 -0.029463617054616639 -0.0089994523450817026 0.0067849518169680332 0.063421642021299643
decision_type=2 2 2 10 2 2 8 2 2 2 2 2 2 2 2 2 2 2 2 8 2 2 2 2 2 2 2 2 2 2
left_child=2 -2 3 -1 9 -6 7 16 10 19 12 -12 -8 14 -14 23 17 18 -4 -3 -21 22 -7 24 25 26 -9 28 29 -25
right_child=1 4 6 -5 5 21 8 15 -10 -11 11 -13 13 -15 -16 -17 -18 -19 -20 20 -22 -23 -24 27 -26 -27 -28 -29 -30 -31
leaf_value=-0.00012660498707387546 0.00091096976433574929 5.6624854659464164e-05 -2.2010531486913702e-05 0.00052453005046310466 -0.00018477466053736218 -5.5147422960004447e-06 3.2276699161421907e-05 -0.0007329100400641494 -0.00033091266179988442 0.00037921169710343722 -0.00010175927801807827 9.9783960625197962e-05 4.3269772395861065e-05 -2.6222044504667971e-05 -0.0001603741774455184 4.3318818553231538e-05 6.4050135446328183e-05 -6.0872736904051461e-05 0.00015356243313631654 -0.0001531781998613386 0.000261349785474895 -0.00033570539160196304 0.00030390815237318555 -0.00017251836642690808 0.00018625270541181108 -0.00020297658339401409 7.2864294916028839e-05 -1.3688630665727522e-06 -0.00017569521558521894 2.6942164973504937e-05
leaf_weight=431 150 7344 5008 52 295 552 596 49 92 708 249 491 260 902 992 3965 314 1730 193 388 41 59 79 247 556 130 336 25078 600 1563
leaf_count=431 150 7344 5008 52 295 552 596 49 92 708 249 491 260 902 992 3965 314 1730 193 388 41 59 79 247 556 130 336 25078 600 1563
internal_value=-0.000153414 0.00164309 -0.00054752 -0.00781573 0.00140503 -0.0030203 -0.000466541 -0.000268425 -0.00266611 0.001919 -0.00227794 0.00182432 -0.00338182 -0.00480501 -0.00730831 8.60903e-05 -0.0018599 -0.0021678 -0.00124495 0.00148913 -0.00413753 7.24638e-05 0.00146593 -0.00017245 0.003338 -0.00218447 0.0011039 -0.000309226 -0.00275934 -0.000414365
internal_weight=53450 9616 43834 483 9466 985 43351 39769 3582 8481 3490 740 2750 2154 1252 32524 7245 6931 5201 7773 429 690 631 28559 1071 515 385 27488 2410 1810
internal_count=53450 9616 43834 483 9466 985 43351 39769 3582 8481 3490 740 2750 2154 1252 32524 7245 6931 5201 7773 429 690 631 28559 1071 515 385 27488 2410 1810
is_linear=0
shrinkage=0.05


Tree=48
num_leaves=31
num_cat=0
split_feature=5 12 10 13 8 16 12 14 16 16 12 16 16 13 12 14 5 13 13 12 14 12 14 13 10 12 16 16 16 12
split_gain=15.2536 15.0309 12.5417 12.1165 8.93342 9.0266 14.0724 13.4447 8.43282 9.24972 8.42014 8.05755 8.0469 7.83521 7.80209 20.7846 7.9694 7.81743 36.4025 12.6757 11.126 19.092 13.3167 11.4314 10.8853 13.6653 9.99198 9.38095 17.555 14.4736
threshold=0.021403607572290224 -0.075828254732232245 0.0207430020860534 12.119999885559084 0.19730010622319419 -0.034933523755742595 -0.0080596862952704278 -0.12096344977185801 -0.033406504351682791 -0.031311126558406059 -0.052281388412141021 0.018333395427526548 -0.030444358411838009 22.730000495910648 0.12384637745116912 -0.033094273980848292 0.0099077880726477097 16.550000190734867 16.675000190734867 -0.027198367137832798 0.013234785210327617 0.0017110127161689139 0.025331387226238514 16.404999732971195 0.0024545687123636033 0.041226484541621485 0.019866316507908269 -0.014868755084128436 -0.0079271840467307047 0.053746463317020383
decision_type=2 2 2 2 8 2 2 2 2 2 2 2 2 2 2 2 2 2 2 2 2 2 2 2 2 2 2 2 2 2
left_child=3 -2 -3 11 5 6 7 -5 -7 -10 -6 -1 -11 -12 16 -16 -14 19 -19 -18 27 26 24 -24 25 -23 -22 -21 29 -29
right_child=1 2 -4 4 10 8 -8 -9 9 12 13 -13 14 -15 15 -17 17 18 -20 20 21 22 23 -25 -26 -27 -28 28 -30 -31
leaf_value=-0.00014259323206670556 0.00053802000222631251 7.875877184585819e-05 -0.00032912491869606961 0.00033781683428620556 0.00051001111917314129 -0.00020992891199799366 0.00022326411904297628 -2.1492274048636083e-05 0.00016819607684228732 -0.00022257590662648079 -5.9060880406525868e-05 0.00056155149941871805 -2.5793805896497883e-05 -0.00027486338912803971 0.00025122546181580895 -0.00020632153355191693 0.00013424263062722835 0.00019825613119278603 5.6822546042396839e-06 -0.00013615561575981263 -0.00010214326166633846 -0.00016841971306294485 7.3097399910931029e-06 -0.00014116430319036877 4.844316992045385e-05 3.6076940607428133e-05 -0.00028966921669400534 0.00018787340015839318 -6.9986403906993108e-06 -0.00019053726934176223
leaf_weight=417 246 5095 156 74 54 170 595 1223 224 173 1667 63 7075 168 78 232 358 739 16167 444 329 865 3121 277 327 265 159 989 11715 95
leaf_count=417 246 5095 156 74 54 170 595 1223 224 173 1667 63 7075 168 78 232 358 739 16167 444 329 865 3121 277 327 265 159 989 11715 95
internal_value=-0.000143764 0.00235128 0.00178537 -0.000429124 -0.000349389 -0.000210093 0.00317125 0.000250578 -0.000356148 -0.000312844 -0.0037189 -0.00833333 -0.00036514 -0.00429155 -0.000322077 -0.00822581 -0.000264997 3.76569e-05 0.000819236 -0.00065984 -0.000839341 -0.0027653 -0.00181771 -0.000103002 -0.00581675 -0.00814159 -0.0121926 -6.22971e-05 0.000185561 0.00627306
internal_weight=53560 5497 5251 48063 47583 45694 1892 1297 43802 43632 1889 480 43408 1835 43235 310 42925 35850 16906 18944 18586 5343 4855 3398 1457 1130 488 13243 12799 1084
internal_count=53560 5497 5251 48063 47583 45694 1892 1297 43802 43632 1889 480 43408 1835 43235 310 42925 35850 16906 18944 18586 5343 4855 3398 1457 1130 488 13243 12799 1084
is_linear=0
shrinkage=0.05


Tree=49
num_leaves=31
num_cat=0
split_feature=4 12 6 16 16 10 10 10 14 10 14 9 16 16 16 14 14 15 15 14 12 12 14 16 15 16 15 10 12 14
split_gain=13.7401 10.2176 9.63826 8.88594 15.5267 9.64528 14.557 12.9692 10.6026 11.4926 9.72029 8.0479 8.04048 7.59541 10.9538 7.88266 11.7995 6.9652 14.8449 11.4865 10.2971 12.2151 10.2173 9.00062 8.499 10.1971 9.28777 7.54876 6.92523 15.1794
threshold=0.05528246588503561 -0.080083523859072289 -0.1635091683250241 -0.0027118505831498214 -0.0024271822667776273 -0.010966438049946124 -0.0060493286934151782 -0.0050236559316604859 0.082777995482000835 -0.0089994523450817026 0.10773003329269316 -0.2766570656625123 -0.0032547957703556447 -0.018342276129327869 -0.01772468776728536 -0.018674174310541299 -0.028276541619188519 -0.0038006899396101908 -0.0025181297225463357 0.020125848996620292 0.012058038657318472 0.028151177986243673 -0.05212825080923577 -0.004548480555311484 0.0051876963822941055 -0.0056698089704334534 0.0172435740228194 -0.001991975985961902 0.10123019596275297 -0.033094273980848292
decision_type=2 2 2 2 2 2 2 2 2 2 2 10 2 2 2 2 2 2 2 2 2 2 2 2 2 2 2 2 2 2
left_child=2 -2 3 11 -5 -6 8 10 -7 -10 -8 -1 13 15 -15 16 -13 -16 19 -19 23 -22 -23 24 25 -20 27 -26 -9 -30
right_child=1 -3 -4 4 5 6 7 28 9 -11 -12 12 -14 14 17 -17 -18 18 20 -21 21 22 -24 -25 26 -27 -28 -29 29 -31
leaf_value=-3.52754482766845e-05 0.00094485525241534598 0.00018562619062044967 9.4910276929201068e-06 -0.000230270633480541 -0.00023270087544337992 0.00012602427575195734 -0.00020296160368218821 -1.7739073791828067e-05 -0.00036698702154226541 1.9646512021401048e-05 0.00014554316323317804 4.3425981760066105e-05 0.00021627115975224599 -0.00020144453732886432 -3.8053022453618679e-05 9.9157881054467474e-05 -0.0002809422259099237 3.5403857310816345e-06 0.000198483905735254 0.00038301258082309672 -8.8773977458368652e-05 -0.00017810709442605413 6.7172970369206578e-05 0.0019438835239276146 0.00028147789276536378 -0.00012276180841703249 0.000292676027788414 -0.00021046176758516825 0.00015173433150522317 -0.00021644717459410112
leaf_weight=2939 108 1375 24499 249 386 692 529 15193 59 187 44 635 217 176 1460 1529 143 136 411 199 775 48 658 63 40 70 76 313 81 241
leaf_count=2939 108 1375 24499 249 386 692 529 15193 59 187 44 635 217 176 1460 1529 143 136 411 199 775 48 658 63 40 70 76 313 81 241
internal_value=-0.000109749 0.00463587 -0.000244966 -0.000886602 -0.00155852 -0.00138123 -0.00120404 -0.00155706 0.00485075 -0.00406504 -0.00894415 0.000313511 0.00124119 0.000935829 -0.000276836 0.00326181 -0.000835476 0.000229466 0.00169416 0.0115672 0.000346373 -0.00227887 0.00247875 0.00434224 0.00307692 0.00764033 -0.00203963 -0.00545326 -0.00128424 -0.00854037
internal_weight=53531 1483 52048 27549 17661 17412 17026 16088 938 246 573 9888 6949 6732 4425 2307 778 4249 2789 335 2454 1481 706 973 910 481 429 353 15515 322
internal_count=53531 1483 52048 27549 17661 17412 17026 16088 938 246 573 9888 6949 6732 4425 2307 778 4249 2789 335 2454 1481 706 973 910 481 429 353 15515 322
is_linear=0
shrinkage=0.05


Tree=50
num_leaves=31
num_cat=0
split_feature=1 13 15 13 6 14 11 14 14 14 13 14 5 1 11 11 13 13 11 9 14 15 13 9 13 13 11 8 15 15
split_gain=15.0352 9.1695 11.1202 8.49237 7.93614 8.45212 8.9602 8.71016 7.94115 7.59957 7.1539 7.12553 9.31273 6.83483 6.56561 5.93088 8.26985 9.38982 6.07146 5.83987 5.76007 5.7274 5.66821 10.3817 10.2207 9.00076 6.82952 5.62412 15.235 13.3646
threshold=-0.10999245931774863 12.119999885559084 0.0063841335999482727 25.505000114440922 0.16143050148678992 -0.075454415356713087 0.048369816433799014 -0.073050802278400592 -0.067583665573298909 -0.03897851358283843 22.625000000000004 -0.19490876951167976 0.025000907195812536 -0.020352165019596465 0.024405039123864495 0.0056453064529209404 23.529999732971195 13.525000095367433 -0.035697705395590577 0.53943720879952273 -0.068623004427642229 0.014425208851226114 17.914999961853031 -0.3063475698756582 14.795000076293947 13.234999656677248 -0.0025546673887277822 -0.020299754928500165 0.003509884961184984 0.011364241671810717
decision_type=2 2 2 2 2 2 2 2 2 2 2 2 2 2 2 2 2 2 2 8 2 2 2 10 2 2 2 8 2 2
left_child=3 2 -2 10 5 27 7 -7 20 -8 -1 -6 14 22 15 18 17 21 -13 -20 -9 -17 23 24 25 -10 -26 28 -3 -29
right_child=1 4 -4 -5 11 6 9 8 13 -11 -12 12 -14 -15 -16 16 -18 -19 19 -21 -22 -23 -24 -25 26 -27 -28 29 -30 -31
leaf_value=0.00028623223928690749 -0.00017908243734133245 -0.00020010876478609042 9.4926079079230105e-06 0.00057299319612907418 -0.00020546839188507592 -0.00013812829598211116 0.00011518474408569212 6.5017938173261196e-05 -0.00041496232869111963 -0.0001866281429055968 -0.00078825465742011407 -8.6104436579456534e-05 0.00028393203288227305 -1.8241874585730687e-05 7.5836896699426134e-05 2.908836826706876e-05 0.0004522982061239937 -4.254522596368899e-05 3.5373115250983583e-05 -2.4277262053444464e-05 0.00042463990096021299 0.00032890781470928834 5.2505379837597274e-05 2.4640659910324903e-05 -0.00017705533481287154 0.00021381492977204836 7.0272900431787858e-06 6.9055624657260103e-05 0.00015959146826956586 -6.5938788561741165e-05
leaf_weight=286 264 140 258 252 192 345 64 478 44 358 88 432 718 24234 1815 1102 96 4485 7102 1556 128 80 2894 2291 558 220 199 1103 992 846
leaf_count=286 264 140 258 252 192 345 64 478 44 358 88 432 718 24234 1815 1102 96 4485 7102 1556 128 80 2894 2291 558 220 199 1103 992 846
internal_value=-0.000115628 -0.000206627 -0.00680077 0.00758786 -0.000141028 -0.000577463 -0.000819633 -0.000722341 -0.000634542 -0.00805687 0.00280749 0.000725338 0.000831128 -0.000747372 0.000590953 0.000244058 -0.00101076 -0.00125728 0.0010396 0.00132825 0.005033 0.00270728 0.000733161 -0.000679348 -0.00487267 0.00359848 -0.00782695 0.00192308 0.00472615 0.000295023
internal_weight=53620 52994 522 626 52472 34894 31813 31391 31046 422 374 17578 17386 30440 16668 14853 5763 5667 9090 8658 606 1182 6206 3312 1021 264 757 3081 1132 1949
internal_count=53620 52994 522 626 52472 34894 31813 31391 31046 422 374 17578 17386 30440 16668 14853 5763 5667 9090 8658 606 1182 6206 3312 1021 264 757 3081 1132 1949
is_linear=0
shrinkage=0.05


Tree=51
num_leaves=31
num_cat=0
split_feature=16 5 16 7 7 16 12 14 13 10 13 15 16 13 3 9 5 15 13 12 13 16 16 7 10 13 16 9 12 14
split_gain=12.7491 9.6552 9.01922 8.28796 8.28778 8.99699 8.1282 20.7485 8.06464 7.93955 7.8468 8.64009 6.5368 10.7691 6.5187 6.5133 6.43019 6.3758 9.30496 15.1927 11.2305 9.72447 11.0043 10.0336 9.99813 8.80925 8.28738 8.02743 7.58776 20.5984
threshold=-0.10167659895920765 0.021153766527260302 0.025989771031771917 -0.041164265966868722 0.025052165429613752 0.0069410458462448874 0.12384637745116912 -0.033094273980848292 20.980000495910648 -0.015857529403489442 12.119999885559084 0.0060397452224838508 0.010375511026230357 24.695000648498539 0.012449122784280566 0.012978784960552383 0.030212531487534021 -0.03732677966205155 25.505000114440922 -0.062212446145613214 28.970000267028812 -0.049844975099244952 -0.034933523755742595 -0.015101009407770925 0.017102355769033965 20.060000419616703 -0.037661783544991161 0.072273290732363341 0.030225182467667037 0.049298283120689408
decision_type=2 2 2 2 2 2 2 2 2 2 2 2 2 2 2 8 2 2 2 2 2 2 2 2 2 2 2 8 2 2
left_child=9 6 4 -4 12 -6 10 -8 -5 -1 11 -2 16 14 -14 -7 -3 -12 21 20 -20 23 24 -19 25 26 -23 -27 -24 -30
right_child=1 2 3 8 5 15 7 -9 -10 -11 17 -13 13 -15 -16 -17 -18 18 19 -21 -22 22 28 -25 -26 27 -28 -29 29 -31
leaf_value=-0.00017482245661219406 -0.00018785687348746777 2.8522416899852011e-05 0.00017220081844050952 3.0830602962516336e-05 7.7428328816447382e-05 0.00046343893072724342 0.00026433367614261846 -0.00019739096529894945 -0.00015285833141215531 0.00066434786560515139 -0.00043655645219419956 -2.9473127385632228e-05 -0.00011174777660211402 -0.00053182420626417574 0.00035072415674548314 0.0002821426268763929 0.00027942276684138849 -0.00044075150779219682 -0.00017041006629698918 0.00021207314257768833 9.6677952465765258e-05 -7.5139576921669834e-05 -1.3999026867003977e-05 0.00022168447284189207 -0.00055761129437796369 0.00010549320232816125 0.00016509338193176071 0.00039182742465621712 -2.1943966506607785e-06 0.00011866493179623051
leaf_weight=65 189 1896 182 364 604 211 73 230 438 198 123 309 477 74 116 474 777 163 222 673 196 313 28287 53 50 306 185 194 14437 1664
leaf_count=65 189 1896 182 364 604 211 73 230 438 198 123 309 477 74 116 474 777 163 222 673 196 313 28287 53 50 306 185 194 14437 1664
internal_value=-4.99598e-05 -0.000104167 0.0018573 -0.00248984 0.00278138 0.00618697 -0.000335138 -0.00849835 -0.00467581 0.0109316 -0.000282915 -0.0065261 0.00146707 -0.00296102 -0.000716695 0.0101095 0.00257202 -0.000216575 -0.000186659 0.00437672 -0.00311005 -0.000295715 -0.0002454 -0.0108796 0.0048187 0.00591182 0.00120482 0.0106 -0.000364964 0.000501522
internal_weight=53543 53280 5613 984 4629 1289 47667 303 802 263 47364 498 3340 667 593 685 2673 46866 46743 1091 418 45652 45436 216 1048 998 498 500 44388 16101
internal_count=53543 53280 5613 984 4629 1289 47667 303 802 263 47364 498 3340 667 593 685 2673 46866 46743 1091 418 45652 45436 216 1048 998 498 500 44388 16101
is_linear=0
shrinkage=0.05


Tree=52
num_leaves=31
num_cat=0
split_feature=4 13 5 8 12 16 15 16 10 9 0 16 10 14 9 15 10 10 13 13 15 16 15 14 13 10 14 13 13 14
split_gain=14.1041 9.15441 8.10032 6.21472 10.4763 8.24377 6.96865 7.1797 11.8474 10.4439 7.72514 10.1599 8.78052 9.50667 14.6687 10.9897 19.2721 15.0177 9.34852 15.7202 20.4351 16.1347 13.8383 29.9579 21.3029 15.4973 13.1184 12.7978 12.3316 12.3027
threshold=0.063440083676757172 49.655000686645515 0.0095422356478708 inf -0.052281388412141021 0.013782196603786325 -0.03732677966205155 -0.034933523755742595 0.017102355769033965 0.067922761600923268 0.028337786599819562 0.043915596429294775 0.0207430020860534 -0.077913276979976895 0.22966220257522676 0.0098217978943738755 0.0090796320143422555 0.0085213267487913597 16.285000801086429 16.875000000000004 -0.0033831624636520559 0.026995564231093176 0.0084091074001023686 -0.039477048520880569 15.574999809265138 -0.013327773622425541 0.083142255535003332 15.694999694824221 16.914999961853031 0.072802606011034846
decision_type=2 2 2 8 2 2 2 2 2 8 2 2 2 2 8 2 2 2 2 2 2 2 2 2 2 2 2 2 2 2
left_child=1 2 -1 6 -5 -6 -4 8 9 -8 12 -12 13 14 15 16 -9 -17 22 20 -20 -22 24 -24 26 -26 29 -27 -21 -15
right_child=-2 -3 3 4 5 -7 7 10 -10 -11 11 -13 -14 18 -16 17 -18 -19 19 28 21 -23 23 -25 25 27 -28 -29 -30 -31
leaf_value=-2.681603330611116e-05 0.00035170858980974027 0.0017911013076595747 -0.00062683401550000769 0.00064768438196910016 -8.1499553725429563e-05 0.00023519260927735189 1.067141315260721e-05 -3.0255018601370702e-05 -0.00048353524288888094 0.00017155902355798911 0.00011498255525629097 -0.0002153112523211189 -0.00013179897921177376 -1.515480589886634e-05 0.0002266848585411788 0.00018873907103406068 0.000218236150413488 -8.3548651679513e-05 -2.3853503035180009e-05 -0.00023565752125770053 0.00016726611582850378 -1.4246196692785981e-05 -5.8523730975771227e-05 0.00013012005659235527 0.00016243946037991305 -0.00027121027426452187 0.00016790250799680168 -8.8598404285074732e-05 -8.0805020959860353e-07 -0.00028084307075793935
leaf_weight=5935 836 54 119 66 1619 117 988 662 108 831 1777 116 278 12223 493 253 627 1053 1184 211 1705 576 1039 1257 164 340 480 2144 16094 310
leaf_count=5935 836 54 119 66 1619 117 988 662 108 831 1777 116 278 12223 493 253 627 1053 1184 211 1705 576 1039 1257 164 340 480 2144 16094 310
internal_value=-0.000103897 -0.000205876 -0.000226932 -6.4056e-06 -0.00288568 -0.00362903 0.000108812 0.000140828 0.00312662 0.00408191 6.97902e-06 0.00312995 -0.000136885 -7.6565e-05 0.00259067 0.00108863 0.00436385 -0.00214395 -0.000294882 0.000455235 0.00351371 0.00628014 -0.00112073 0.00250436 -0.00165219 -0.00574018 -0.000820334 -0.00672303 -0.000194726 -0.00113101
internal_weight=53659 52823 52769 46834 1802 1736 45032 44913 1927 1819 42986 1893 41093 40815 3088 2595 1289 1306 37727 19770 3465 2281 17957 2296 15661 2648 13013 2484 16305 12533
internal_count=53659 52823 52769 46834 1802 1736 45032 44913 1927 1819 42986 1893 41093 40815 3088 2595 1289 1306 37727 19770 3465 2281 17957 2296 15661 2648 13013 2484 16305 12533
is_linear=0
shrinkage=0.05


Tree=53
num_leaves=31
num_cat=0
split_feature=5 16 11 11 10 10 15 11 15 11 16 14 11 16 14 15 11 11 14 11 10 14 10 16 10 11 14 15 16 16
split_gain=12.5212 11.0147 6.80005 12.5394 12.5326 18.9085 13.3652 14.6338 12.5599 10.7274 17.8953 21.4006 16.0059 14.1598 13.9947 11.8111 10.7039 10.5677 9.87707 9.79097 9.76932 13.6935 9.85943 16.3847 9.58131 9.3768 11.6548 15.9203 13.3864 11.8148
threshold=0.018073252924165711 -0.10167659895920765 0.021459813769517781 0.0065559076404506653 0.0057642081998183778 0.0065983934065093628 0.0075263784750352345 0.0079258183849449954 0.0072766688717691439 0.011124085891359938 -0.0059755909324578074 0.043372068741787458 0.014627059991814352 -0.0091840468778040512 0.040951993391927573 -0.0046642283824978028 0.021985300450528603 0.0095883374490337587 -0.0067330833557224237 0.0074730260687776448 1.0000000180025095e-35 0.035115678917499234 0.00040263484850655567 0.017363924042336224 0.0078861998307097076 0.022371671990612522 -0.010446241084373918 -0.0014721795062035967 0.0315529283117797 0.0086657027679308846
decision_type=2 2 2 2 2 2 2 2 2 2 2 2 2 2 2 2 2 2 2 2 2 2 2 2 2 2 2 2 2 2
left_child=2 -2 3 -1 6 -6 8 -8 9 14 13 20 -13 18 -5 -16 -4 19 -11 -7 21 -12 -22 -24 -19 -18 27 -27 -28 -29
right_child=1 -3 16 4 5 17 7 -9 -10 10 11 12 -14 -15 15 -17 25 24 -20 -21 22 -23 23 -25 -26 26 28 29 -30 -31
leaf_value=2.9892000866309742e-07 0.00077735852117976907 3.7504348890893618e-05 0.0001667521519881165 -0.00012015439518068337 0.00012778781268488431 -7.0546586163888503e-05 -0.00012626012657305643 8.6665049789373075e-05 -0.00020064552202151917 -0.00014742991442597084 -2.4804712767669771e-06 0.00024826478028493773 -0.00025798500254519633 0.00027460871596894052 -9.7850949371046194e-05 0.00017188865509166815 -0.0001627682640030422 -0.00016997747431709201 8.0560094559920848e-05 0.00017419544661940599 -0.00015856351837370604 0.00051021796128672707 -7.9904923978095694e-05 5.7393377824667241e-05 -1.9909381777110693e-05 0.00026011587759656573 2.0146689907756629e-05 0.00028515217926291993 -0.00011953346860247331 1.9423106815026452e-05
leaf_weight=23895 150 9520 277 2324 884 241 206 983 172 150 1539 60 452 335 458 373 180 365 171 428 118 126 1939 601 2049 390 1694 159 782 2441
leaf_count=23895 150 9520 277 2324 884 241 206 983 172 150 1539 60 452 335 458 373 180 365 171 428 118 126 1939 601 2049 390 1694 159 782 2441
internal_value=-7.20138e-05 0.00155636 -0.000431586 -0.000677995 -0.00186775 0.000510461 -0.00281053 0.00216569 -0.00348152 -0.00321536 -0.00188035 -0.00293175 -0.0125977 0.0058689 -0.00553883 3.00842e-05 0.00114385 -0.00133798 -0.00163551 0.00422272 -0.00178695 0.00121622 -0.00366817 -0.00301181 -0.00287904 0.000673043 0.00104281 0.00314381 -0.00149435 0.00173077
internal_weight=53462 9670 43792 37869 13974 3967 10007 1189 8818 8646 5491 4835 512 656 3155 831 5923 3083 321 669 4323 1665 2658 2540 2414 5646 5466 2990 2476 2600
internal_count=53462 9670 43792 37869 13974 3967 10007 1189 8818 8646 5491 4835 512 656 3155 831 5923 3083 321 669 4323 1665 2658 2540 2414 5646 5466 2990 2476 2600
is_linear=0
shrinkage=0.05


Tree=54
num_leaves=31
num_cat=0
split_feature=1 13 6 14 10 12 15 15 11 15 13 10 10 14 10 10 15 15 13 13 11 10 12 11 11 15 16 15 12 9
split_gain=9.56707 8.93788 7.99754 9.3844 8.76394 20.3706 13.9636 24.2864 12.1773 11.6705 12.1706 16.8148 14.4936 12.8028 11.4595 17.4529 22.2007 19.6992 15.7156 15.4463 12.6294 22.1708 16.0935 14.6196 15.4076 12.4973 12.2899 14.7709 13.2851 11.9452
threshold=-0.12563069460339119 25.505000114440922 0.74626003012904329 -0.19490876951167976 0.0084135321607602415 0.055910575939094771 0.010840630085173776 0.011522014057666287 0.014319949991421945 0.011052406969641161 19.72500038146973 0.0012830359695055196 0.0067105018630921895 -0.022573745611405568 0.0025358686375718258 0.0044649128256998303 0.0063841335999482727 0.0089466886118758655 23.529999732971195 12.694999694824221 -0.0040062881878700765 0.0014914838547043232 -0.0016966632192755291 0.025734816417073651 0.02550883970860263 0.00080280830329937391 -0.006704906899365203 -0.0072803692149629442 0.05735486248043898 0.42289880641048544
decision_type=2 2 2 2 2 2 2 2 2 2 2 2 2 2 2 2 2 2 2 2 2 2 2 2 2 2 2 2 2 8
left_child=1 -1 4 -4 9 6 -6 -8 -7 14 11 -11 -13 -12 20 17 26 18 19 -16 21 22 25 24 -22 -2 27 -17 -28 -25
right_child=2 -3 3 -5 5 8 7 -9 -10 10 13 12 -14 -15 15 16 -18 -19 -20 -21 23 -23 -24 29 -26 -27 28 -29 -30 -31
leaf_value=2.742529401293173e-05 -4.927972822339104e-05 0.00073585380767848786 -0.00021395069527724211 2.7596789302289026e-05 9.4738107455397567e-05 -0.00026699308502142288 -0.00017875810911916992 3.0209544912667558e-05 -5.1395138594945374e-05 -9.1851195856662511e-05 -0.0001545814012358039 0.00022397484385856971 -1.1553041681293311e-05 0.00012658324569462983 7.4666961684411785e-05 0.00019020100774383311 -7.0818811672308628e-05 0.00029640690081557191 0.00024851420242076111 -0.00013129773939759591 -2.7863087562967467e-05 0.00020735917817093745 4.5019220961428113e-05 0.00010005191435679016 -0.00020769106633438772 7.4374068668086127e-05 6.9706967043433923e-05 -9.4284068206652817e-05 -0.0001069684450785939 -0.00024590218495939626
leaf_weight=247 3699 191 175 9797 3171 195 471 2172 656 318 180 815 263 152 278 111 2099 165 107 3094 14070 452 4086 1385 124 765 2922 832 405 164
leaf_count=247 3699 191 175 9797 3171 195 471 2172 656 318 180 815 263 152 278 111 2099 165 107 3094 14070 452 4086 1385 124 765 2922 832 405 164
internal_value=-0.000167566 0.00719178 -0.000228244 0.00104793 -0.000523163 0.00114404 0.00220158 -0.000482406 -0.00608108 -0.000827715 0.00318287 0.00522923 0.00820965 -0.00542169 -0.0010271 -0.00245431 -0.000875334 -0.00521405 -0.00601466 -0.00661329 -0.000449586 0.00104421 0.000473684 -0.00130375 -0.0018071 -0.0016017 0.00119438 -0.00384411 0.00262248 0.00330859
internal_weight=53561 438 53123 9972 43151 6665 5814 2643 851 36486 1728 1396 1078 332 34758 10013 6369 3644 3479 3372 24745 9002 8550 15743 14194 4464 4270 943 3327 1549
internal_count=53561 438 53123 9972 43151 6665 5814 2643 851 36486 1728 1396 1078 332 34758 10013 6369 3644 3479 3372 24745 9002 8550 15743 14194 4464 4270 943 3327 1549
is_linear=0
shrinkage=0.05


Tree=55
num_leaves=31
num_cat=0
split_feature=4 12 10 8 15 16 16 14 8 14 3 1 10 16 14 15 15 10 15 12 14 6 15 15 15 16 10 16 16 9
split_gain=8.86063 10.6539 13.2273 7.1196 11.2258 10.9809 9.56214 7.03224 6.86793 6.46439 6.07202 6.02449 7.72262 7.73301 6.90897 6.97335 7.58176 6.00435 8.1542 5.52881 5.80429 5.28746 5.84421 19.8062 15.2574 15.6276 12.5227 12.3209 11.4265 11.3632
threshold=0.035762884035130157 -0.080083523859072289 0.0207430020860534 0.19730010622319419 -0.03732677966205155 -0.034933523755742595 -0.037661783544991161 -0.098691693357393515 0.036019520998603956 -0.12096344977185801 0.0094353752213987025 -0.049321578536486436 0.0077874097766411641 0.031971954040296853 -0.051474636784154308 -0.0012050614517202793 0.00026123117090492981 -0.017312021268647334 -0.023641314377556451 -0.057938720016513449 -0.056925165822572281 -1.20711886652962 -0.0042574009302753226 -0.0030299304705272419 -0.0084579694741521699 -0.029736992346292731 -0.0089994523450817026 -0.022291467176862586 0.0097883397530621492 -0.361479131568124
decision_type=2 2 2 8 2 2 2 2 10 2 2 2 2 2 2 2 2 2 2 2 2 2 2 2 2 2 2 2 2 10
left_child=3 -2 8 4 -1 6 9 -5 11 -6 -4 17 13 14 19 -16 -17 -3 -19 -13 -21 -7 24 -24 25 -23 -26 29 -28 -27
right_child=1 2 10 7 5 21 -8 -9 -10 -11 -12 12 -14 -15 15 16 -18 18 -20 20 -22 22 23 -25 26 27 28 -29 -30 -31
leaf_value=-0.00070662053190120074 0.00035109801181779489 -0.00013415908917842247 -0.00037308098970922633 -0.00084056324575559774 0.00022363763622329849 -3.5579150452446873e-05 0.00023673567622010751 -4.7358766224553291e-05 0.00022983399563824612 1.7570450287192386e-05 0.00010728969835097965 -0.0004404401679459389 0.0001376932632465599 -0.00025901990522600075 -6.8699691303081851e-05 0.00044438286570453204 5.1128359649459196e-05 0.00079082621581082451 0.00014688539066553023 3.3414700747829306e-05 -0.00031590451388231641 -0.00021924221197010529 9.6722312500292177e-05 -2.7560672250585319e-06 -0.00020513060643365295 -5.2071135881681839e-05 -6.091609373218795e-05 4.1366619315482071e-06 2.3909493832668854e-05 0.000195940708791663
leaf_weight=87 284 127 112 53 64 2524 400 1868 1040 1158 43 71 703 206 934 166 487 86 989 163 72 262 2415 29469 402 174 3553 3880 1183 560
leaf_count=87 284 127 112 53 64 2524 400 1868 1040 1158 43 71 703 206 934 166 487 86 989 163 72 262 2415 29469 402 174 3553 3880 1183 560
internal_value=-6.67787e-05 0.0018375 0.00132237 -0.000284067 -0.000159871 -0.000125966 0.00391492 -0.00326653 0.00176447 0.00171849 -0.0130645 0.000824176 -0.00044611 -0.00196522 -0.000964078 0.000362319 0.00432619 0.00378536 0.005 -0.00784314 -0.00414894 -0.000273513 -0.000139625 0.000191319 -0.00119333 0.00081009 -0.00309459 0.00148461 -0.00237542 0.00742507
internal_weight=53535 5483 5199 48052 46131 46044 1622 1921 5044 1222 155 4004 2802 2099 1893 1587 653 1202 1075 306 235 44422 41898 31884 10014 4876 5138 4614 4736 734
internal_count=53535 5483 5199 48052 46131 46044 1622 1921 5044 1222 155 4004 2802 2099 1893 1587 653 1202 1075 306 235 44422 41898 31884 10014 4876 5138 4614 4736 734
is_linear=0
shrinkage=0.05


Tree=56
num_leaves=31
num_cat=0
split_feature=5 13 5 6 11 10 10 14 10 11 13 14 10 10 13 15 15 13 15 14 13 10 15 13 10 13 13 15 15 11
split_gain=9.45847 8.40505 5.67962 5.67414 6.57431 7.40951 6.69638 5.77819 5.74151 5.63963 6.86108 6.66752 8.46382 8.71031 7.4174 7.90898 6.49021 17.6381 9.90815 7.45575 7.07281 15.2627 13.3616 9.43718 9.86075 8.9328 8.06223 16.8695 12.3302 6.90959
threshold=0.015581014986273694 49.655000686645515 0.0076220980842950457 0.16143050148678992 -0.013447724126553815 -0.017312021268647334 0.0207430020860534 0.21504170766917155 -0.01853412807423643 -0.011129796687205316 20.610000610351566 -0.066405515647089006 0.0030128499392588774 0.010824096152379449 17.530000686645511 0.018193740709000376 0.0063153734995148323 19.520000457763675 0.0065333029165990384 0.038811658900465458 19.010000228881839 -0.0023625284956628185 -0.0022134531198421121 19.72500038146973 -0.0080075865289204722 21.409999847412113 18.015000343322757 0.0021757044897573467 -0.0083782708515516818 0.044463643697869822
decision_type=2 2 2 2 2 2 2 2 2 2 2 2 2 2 2 2 2 2 2 2 2 2 2 2 2 2 2 2 2 2
left_child=2 3 -1 4 5 8 9 -7 -2 10 -6 12 -11 -14 -15 -16 20 18 -18 -20 26 23 25 -22 -25 -23 28 -28 -13 -30
right_child=1 -3 -4 -5 6 7 -8 -9 -10 11 -12 16 13 14 15 -17 17 -19 19 -21 21 22 -24 24 -26 -27 27 -29 29 -31
leaf_value=-6.1868953213806062e-05 -6.8293029615947374e-06 0.0018914958242503518 -7.1553507478464878e-06 7.1986931899204774e-05 3.0239338772440879e-05 0.00014131770122362015 -0.00018234254024440853 -0.00031330112140921492 -0.00038970325442035103 -0.00025591929200611619 -0.00042197701089710833 0.00020785239399681577 0.00024706161095231779 -0.00012070782038847788 0.00019660765573421051 -0.00016981731650290573 -0.00041542539034721188 -0.00025789837294479321 2.9055876691995271e-05 -0.00039472388486515802 0.00013158566523327684 0.00027999084623996502 0.00032741432865021142 4.3268904736401289e-05 -0.0002028318133785458 -0.00014318208169062063 -0.00028369672759362056 0.00021643312366357637 -1.4557218780315765e-05 -0.00025165893398081178
leaf_weight=651 257 65 37082 4815 170 1519 104 51 71 93 171 332 574 198 242 103 74 350 1045 76 235 120 635 295 357 181 501 148 2902 88
leaf_count=651 257 65 37082 4815 170 1519 104 51 71 93 171 332 574 198 242 103 74 350 1045 76 235 120 635 295 357 181 501 148 2902 88
internal_value=-0.000124755 0.0009035 -0.000554554 0.000829248 0.000197393 0.00287144 -0.000366911 0.00429936 -0.00396341 -0.000219348 -0.00652493 3.21675e-05 0.00347107 0.00467771 0.000138122 0.00456522 -0.000534814 -0.00341424 -0.000523013 0.000646744 0.000233 0.0028113 0.00726496 -0.00188839 -0.00498466 -0.00141196 -0.000950642 -0.00604777 4.51535e-05 -0.0009699
internal_weight=53505 15772 37733 15707 10892 1898 8994 1570 328 8890 341 8549 1210 1117 543 345 7339 1545 1195 1121 5794 1823 936 887 652 301 3971 649 3322 2990
internal_count=53505 15772 37733 15707 10892 1898 8994 1570 328 8890 341 8549 1210 1117 543 345 7339 1545 1195 1121 5794 1823 936 887 652 301 3971 649 3322 2990
is_linear=0
shrinkage=0.05


Tree=57
num_leaves=31
num_cat=0
split_feature=5 13 15 16 16 15 15 15 11 16 13 16 16 13 13 10 10 11 16 13 3 3 16 10 10 10 11 10 15 15
split_gain=8.4188 6.99911 9.19247 6.68887 6.63847 12.9612 15.5695 9.99991 9.8191 19.0796 13.4382 20.9447 19.7844 17.2867 17.1479 15.8338 16.934 13.9171 12.1553 11.1954 15.2238 11.954 9.7234 13.5572 11.4087 12.589 23.9594 13.0338 14.1871 32.6624
threshold=0.035361565640042572 12.119999885559084 0.0060397452224838508 0.013080557067075562 -0.0027118505831498214 0.017556227503046532 0.016142888628806976 0.022521474553365509 0.011525540902406652 -0.0047242786493826841 17.914999961853031 -0.0056698089704334534 -0.014008926464075365 19.105000495910648 17.394999504089359 0.0087442348777118113 -0.0028966146153551193 0.0095883374490337587 -0.0032547957703556447 22.429999351501468 -0.0053244392466504911 0.0019341023785036662 -0.0024271822667776273 -0.0012214211173433573 -0.010966438049946124 -0.0077272822899705487 0.015047033906525955 -0.0050236559316604859 1.0000000180025095e-35 -0.0014810145869317279
decision_type=2 2 2 2 2 2 2 2 2 2 2 2 2 2 2 2 2 2 2 2 2 2 2 2 2 2 2 2 2 2
left_child=1 2 -1 -2 5 6 8 -7 10 -10 14 12 19 -14 15 16 -3 -13 -18 20 -12 -21 23 -6 -24 26 -26 -27 29 -29
right_child=3 4 -4 -5 22 7 -8 -9 9 -11 11 17 13 -15 -16 -17 18 -19 -20 21 -22 -23 24 -25 25 27 -28 28 -30 -31
leaf_value=-0.00018348938949137069 0.00043280729790479491 2.8824562763322244e-05 -8.315442704428796e-06 -2.2682944948401557e-05 0.00014573904317418543 -0.00030443276890180886 0.00029864397232684092 -2.4922387556377147e-05 0.00012638938520195898 -0.00015531793438663347 0.00019547165352428732 0.00023752633932191716 7.988333090817538e-05 -0.00015626833377286776 -0.00012234721284204206 0.0001175547173396351 -6.1708590775833797e-05 -0.00028973061719652743 0.00014698882004279937 -6.2276204826658331e-05 3.850241712096119e-05 9.9057727181520874e-05 -0.00012825645495383438 -0.00021510947853180988 0.00012393343297699725 -7.3542327378393554e-05 -0.00035727037659311875 -4.7744848378860826e-06 -1.6145968717192188e-05 0.00013535221958035196
leaf_weight=198 647 2464 314 414 58 174 130 238 1419 258 1022 1227 441 1086 828 677 3720 65 194 1828 2992 817 1022 323 1129 1776 122 6111 19515 2072
leaf_count=198 647 2464 314 414 58 174 130 238 1419 258 1022 1227 441 1086 828 677 3720 65 194 1828 2992 817 1022 323 1129 1776 122 6111 19515 2072
internal_value=-5.02055e-05 -0.000139793 -0.00595703 0.0043591 -8.21923e-05 0.000643514 0.000832116 -0.00813107 0.000714361 0.00436792 0.000361442 0.00163009 0.000696311 -0.0044368 -0.0011639 -0.000364989 -0.00113672 0.00754644 -0.00318089 0.0018734 0.00353762 -0.000652174 -0.000524465 -0.00846457 -0.000429174 -0.000256306 0.00465627 -0.000464816 -0.00019857 0.00154894
internal_weight=53281 52220 512 1061 51708 19580 19168 412 19038 1677 17361 9478 8186 1527 7883 7055 6378 1292 3914 6659 4014 2645 32128 381 31747 30725 1251 29474 27698 8183
internal_count=53281 52220 512 1061 51708 19580 19168 412 19038 1677 17361 9478 8186 1527 7883 7055 6378 1292 3914 6659 4014 2645 32128 381 31747 30725 1251 29474 27698 8183
is_linear=0
shrinkage=0.05


Tree=58
num_leaves=31
num_cat=0
split_feature=13 0 15 15 13 13 15 13 10 10 10 12 12 11 13 10 15 10 10 11 0 15 15 6 7 10 13 14 14 13
split_gain=9.55047 7.9236 8.88677 12.7515 13.6585 12.5574 12.1988 11.3433 10.9982 9.44679 14.2844 9.41187 10.2623 11.9343 9.67173 9.06943 13.2975 11.4175 12.0888 8.5387 8.23935 8.199 9.91368 8.0997 7.41642 7.41054 10.776 10.4924 8.68682 10.8611
threshold=49.655000686645515 -0.020013983629559248 -0.0048107365349669409 -0.0084579694741521699 18.335000038146976 18.564999580383304 -0.0030299304705272419 17.860000610351566 -0.01425655493307104 -0.00018006943063253453 -0.0014526684258500675 0.032816284988903439 0.03728924944291568 0.0095883374490337587 12.84500026702881 -0.0089994523450817026 -0.0054566192714822206 -0.0055859659212495463 -0.0067260257632843481 -0.035697705395590577 0.006789113377142165 -0.0058666600348988287 -0.0062529278700417792 -1.2479330039865768 0.042314708598706126 0.0007464509492582928 13.13000011444092 0.020125848996620292 -0.0059106162699663059 20.865000724792484
decision_type=2 2 2 2 2 2 2 2 2 2 2 2 2 2 2 2 2 2 2 2 2 2 2 2 2 2 2 2 2 2
left_child=1 -1 3 4 7 -6 25 -3 -8 10 19 15 -13 14 -14 16 20 18 -17 -7 -5 22 -19 -10 -16 28 -27 -28 -4 -30
right_child=-2 2 6 11 5 9 8 -9 23 -11 -12 12 13 -15 24 17 -18 21 -20 -21 -22 -23 -24 -25 -26 26 27 -29 29 -31
leaf_value=4.3586153080173509e-05 0.0018771830105789537 1.9166041834593145e-05 0.00021198275092764566 -0.00029709444319064729 -0.0005215762509665783 -0.00017471333982092163 0.00028726185568368843 0.00029899146620244874 -4.4281781750028391e-05 -0.0002611658236795202 0.00033576804837763188 0.00019866234126107008 -0.00018309196723159075 -0.00010382084610137098 9.0957760284364135e-06 -3.0876738203198778e-05 -5.53001386305969e-06 -8.991018549676599e-05 0.00015961728962141976 -1.1193425371325631e-05 2.2237159070676635e-05 -0.00015687072516009623 0.00011695661897745463 -2.6088769566715323e-06 0.00018703482608604696 -0.00022031078084891974 -1.1620618397355318e-05 0.00039724500328108678 3.7879861409407259e-05 0.00037735887628747856
leaf_weight=4697 69 2153 421 256 103 243 119 328 1860 123 125 236 61 698 541 294 172 1361 166 1661 41 864 285 33454 185 123 876 118 1752 124
leaf_count=4697 69 2153 421 256 103 243 119 328 1860 123 125 236 61 698 541 294 172 1361 166 1661 41 864 285 33454 185 123 876 118 1752 124
internal_value=-0.000111663 -0.000135666 -0.000324662 -0.00166229 0.000211149 -0.00260532 1.60888e-05 0.00277106 -0.000258939 -0.00178903 -0.000973386 -0.00338178 -0.000363161 -0.00190236 0.00231893 -0.00489241 -0.0113539 -0.00387205 0.00336957 -0.00204832 -0.0177609 -0.0051992 -0.0031288 -0.000310075 0.00392562 0.00287053 -0.000470009 0.00125755 0.00449499 0.00303838
internal_weight=53509 53440 48743 9896 4736 2255 38847 2481 35433 2152 2029 5160 1721 1485 787 3439 469 2970 460 1904 297 2510 1646 35314 726 3414 1117 994 2297 1876
internal_count=53509 53440 48743 9896 4736 2255 38847 2481 35433 2152 2029 5160 1721 1485 787 3439 469 2970 460 1904 297 2510 1646 35314 726 3414 1117 994 2297 1876
is_linear=0
shrinkage=0.05


Tree=59
num_leaves=31
num_cat=0
split_feature=4 5 6 3 12 15 12 9 15 15 12 15 16 14 16 16 16 13 13 16 14 12 12 16 13 13 15 13 13 13
split_gain=8.89609 7.29825 7.39781 6.68669 6.25537 11.6772 11.4917 13.9478 11.3604 9.08906 8.13233 11.8652 7.17987 9.99557 7.03165 6.79248 6.20402 14.0242 12.2064 14.7746 12.0494 11.5891 11.621 12.5737 11.2003 11.0553 15.6142 17.3091 15.281 14.8696
threshold=0.063440083676757172 0.0080379652226652502 0.68155717890061329 0.0032091042167200494 -0.010634803244441824 0.0061110558189823036 0.027464825873152136 -0.18728743132566686 0.0054868891091929281 0.0172435740228194 0.040854121966551922 0.0084091074001023686 0.0067849518169680332 -0.091137781806863202 -0.0025873299774054055 0.014285193829816746 -0.0039277574381671445 22.429999351501468 15.944999694824221 -0.0061697457240013067 -0.04578454363779693 0.095724782910464948 0.019854414597249462 -0.0032547957703556447 18.94999980926514 16.164999961853031 0.0073571209147491609 15.574999809265138 17.164999961853031 15.375000000000002
decision_type=2 2 2 2 2 2 2 10 2 2 2 2 2 2 2 2 2 2 2 2 2 2 2 2 2 2 2 2 2 2
left_child=1 -1 3 16 8 -6 9 -8 15 12 11 14 13 -7 -9 -5 17 18 20 -20 -3 22 25 -24 -25 26 27 29 -27 -18
right_child=-2 2 -4 4 5 6 7 10 -10 -11 -12 -13 -14 -15 -16 -17 21 -19 19 -21 -22 -23 23 24 -26 28 -28 -29 -30 -31
leaf_value=-5.5324819974973189e-05 0.00028594704678040972 -0.00017018219452897941 2.1885813290137626e-05 2.085394148083667e-05 2.3917567655499725e-05 1.9684970027675741e-05 0.00018279310843005237 0.00024568775434241733 0.00012793430700640965 5.3273585972368321e-05 -8.1790398087177278e-05 0.00011639420172146016 -4.8778066314142999e-05 -0.00023727501834876352 -0.00011918932960793281 -0.00022440677714009188 -8.1008349298333782e-05 -7.4562415815815708e-05 1.8321942035486039e-05 0.00015970927184284111 -1.4691246096765198e-05 -0.00013402177273802828 -0.00026770579452862732 -9.8266058461945206e-06 8.032785016792867e-05 5.9392616142724382e-05 2.6350163349822889e-05 -0.00021028834413215527 -5.5623081182561303e-05 0.00022571537025154283
leaf_weight=1276 835 320 10379 1389 5553 172 413 72 1237 295 757 453 887 578 250 165 1653 1450 5164 968 2283 531 132 9538 1272 1065 607 628 3034 148
leaf_count=1276 835 320 10379 1389 5553 172 413 72 1237 295 757 453 887 578 250 165 1653 1450 5164 968 2283 531 132 9538 1272 1065 607 628 3034 148
internal_value=-0.00018036 -0.000261539 -0.000168797 -0.000470571 0.000509369 -0.000106045 -0.00221176 0.000501285 0.00258868 -0.00494306 -0.00169713 0.00190323 -0.0063989 -0.01 -0.00543478 -0.0002574 -0.0008865 0.000105547 0.000861477 0.00207926 -0.0020073 -0.00142949 -0.00121563 -0.000191921 -4.62535e-06 -0.00278556 -0.00507246 -0.00686497 -0.00109173 -0.00437257
internal_weight=53504 52669 51393 41014 12221 9430 3877 1945 2791 1932 1532 775 1637 750 322 1554 28793 10185 8735 6132 2603 18608 18077 10942 10810 7135 3036 2429 4099 1801
internal_count=53504 52669 51393 41014 12221 9430 3877 1945 2791 1932 1532 775 1637 750 322 1554 28793 10185 8735 6132 2603 18608 18077 10942 10810 7135 3036 2429 4099 1801
is_linear=0
shrinkage=0.05


Tree=60
num_leaves=31
num_cat=0
split_feature=4 1 13 10 10 15 11 11 12 12 12 9 12 11 11 14 14 12 10 12 11 7 11 12 15 11 10 15 12 15
split_gain=9.42919 8.30418 6.80829 6.74056 18.0527 30.0816 26.6631 12.7778 18.3443 13.7379 15.8428 13.5421 12.6888 12.2318 12.464 12.4958 11.979 11.1222 10.7437 10.5792 10.5362 10.52 9.95451 15.8159 24.2571 15.5575 19.3245 17.0988 18.7832 27.3062
threshold=0.014315537381960616 -0.12563069460339119 25.505000114440922 0.0053455325599094392 0.0030128499392588774 0.0027654380575841135 0.0021655828678432969 -0.01368273436962064 -0.051373886546093366 -0.0093119060190361962 -0.01116014011506866 -0.028232310998371032 0.035394075274519328 0.040036365268930958 0.0038135025222709733 -0.042370343814534299 0.0066946732173895915 0.12832311621465078 0.0047561203387664905 -0.037333173257957868 -0.018044507294420583 0.011522497056717264 -0.0040062881878700765 -0.0016966632192755291 0.00080280830329937391 -0.0030472627630497291 -0.0054954783327307846 0.00026123117090492981 0.025891227529327935 -0.00019243654239819993
decision_type=2 2 2 2 2 2 2 2 2 2 2 10 2 2 2 2 2 2 2 2 2 2 2 2 2 2 2 2 2 2
left_child=-1 2 -2 4 17 -6 12 8 -5 10 19 -10 20 14 -8 -16 -11 22 -17 -9 -7 -21 23 24 -3 26 -24 28 29 -27
right_child=1 3 -4 7 5 6 13 9 11 16 -12 -13 -14 -15 15 18 -18 -19 -20 21 -22 -23 25 -25 -26 27 -28 -29 -30 -31
leaf_value=-2.9614743364900178e-05 0.00010612347095908682 -4.0062198195208336e-05 0.00066069101518496844 0.00025802087547516168 -0.0001204670436217692 0.00018219141340128245 0.00021658282690039505 -6.6075777217585943e-06 -0.00028311168699758692 2.0103252711783406e-06 0.00048771233314812894 -5.7883707892741544e-05 0.00037915452989642951 0.00025395788936588066 0.00019964636966567553 -7.3765512353797486e-05 0.00014234785216708036 -0.00019015848791797605 0.00014996650876061506 0.00016665171757400158 -0.00021056003880203105 -7.1378413050849149e-06 6.0413565022878968e-05 6.1718488338880639e-05 0.00011728562361130813 -3.0201749399263338e-05 -0.00028693897110520855 -3.6707021438920557e-05 5.868328885877969e-05 0.00055143952319597843
leaf_weight=3801 239 4789 180 189 2118 66 218 935 380 9763 139 597 62 261 366 1111 794 69 227 1125 623 440 283 4964 1382 5434 469 7474 4895 173
leaf_count=3801 239 4789 180 189 2118 66 218 935 380 9763 139 597 62 261 366 1111 794 69 227 1125 623 440 283 4964 1382 5434 469 7474 4895 173
internal_value=-9.24094e-05 9.09274e-05 0.00710024 3.14109e-05 -0.000343014 -0.00310768 0.000170416 0.000943462 -0.00407376 0.00138678 0.00461349 -0.00683214 -0.00795606 0.0029661 0.00158689 0.000146714 0.000580184 0.000123614 -0.00209268 0.0037 -0.00990566 0.00621406 0.000169943 0.00135384 -0.00033625 -0.00053396 -0.00757979 -0.000239208 0.0010617 -0.000914036
internal_weight=53566 49765 419 49346 34984 5052 2934 14362 1166 13196 2639 977 751 2183 1922 1704 10557 29932 1338 2500 689 1565 29863 11135 6171 18728 752 17976 10502 5607
internal_count=53566 49765 419 49346 34984 5052 2934 14362 1166 13196 2639 977 751 2183 1922 1704 10557 29932 1338 2500 689 1565 29863 11135 6171 18728 752 17976 10502 5607
is_linear=0
shrinkage=0.05


Tree=61
num_leaves=31
num_cat=0
split_feature=1 6 11 11 5 14 14 11 14 15 14 5 12 14 16 15 16 15 9 8 16 8 15 14 14 15 14 16 16 14
split_gain=10.0272 7.40195 8.37195 23.9054 11.0165 10.6229 10.0956 23.3028 13.4025 15.2211 13.6311 11.2252 11.9415 9.69491 13.1194 9.6098 9.6089 8.65812 8.55235 7.51063 7.38162 7.38102 11.03 9.03728 19.7325 10.0115 9.49746 17.1618 14.457 14.1375
threshold=-0.12563069460339119 -1.1218950062834303 0.021459813769517781 0.021985300450528603 0.030212531487534021 -0.086337752297859935 -0.051474636784154308 0.041951569626952907 -0.01013918808565367 -0.0014721795062035967 0.009860755526874045 0.02686204606851814 0.043286843097797296 -0.041810588725082691 0.037540324480393135 -0.0027486234333860544 0.040438395964923497 -0.0095531148928049685 0.28517935243205744 0.19730010622319419 -0.010941388816054885 0.3139355368433811 -0.03732677966205155 0.083812216488613714 0.076607678117126224 -0.0041190253935542423 0.11068884178819839 0.0060903702732550977 -0.0051526790069073005 0.12307845124318741
decision_type=2 2 2 2 2 2 2 2 2 2 2 2 2 2 2 2 2 2 8 8 2 8 2 2 2 2 2 2 2 2
left_child=-1 20 4 -4 21 18 7 19 9 -8 -10 12 13 -11 -15 17 -17 -12 -5 -7 -2 22 -3 24 -24 -26 -25 28 29 -28
right_child=1 2 3 5 -6 6 8 -9 10 11 15 -13 -14 14 -16 16 -18 -19 -20 -21 -22 -23 23 26 25 -27 27 -29 -30 -31
leaf_value=0.0003686040448565439 2.8527488273030928e-05 -0.00071102211575805522 0.00027151990362209492 9.7851956735367819e-05 0.00020999689433038386 -0.00016424874804098308 0.00031665878309492228 0.00013803223703240565 -0.00010354788266153082 -8.6421635890907792e-05 0.00012675675457843324 -0.00027962248274869035 -5.9567279440663575e-05 6.4494467291874693e-05 0.00032091456893529639 0.00011085262274385371 -0.00012146141745788911 -0.00013055475823151239 0.00098381455646509358 0.00028368951688528815 -4.1585348619679127e-05 -6.8439494213903999e-05 -4.9378322644066077e-06 9.3028372162431207e-05 -0.00025047727813251299 -3.7830623330284336e-05 -0.00015780451923527532 -0.00015945204688546223 0.00021444597913818409 3.860520460788556e-05
leaf_weight=434 744 105 380 402 1116 589 374 298 1085 103 121 135 559 994 268 1129 150 366 70 63 3262 1499 33692 1581 496 452 488 436 547 1651
leaf_count=434 744 105 380 402 1116 589 374 298 1085 103 121 135 559 994 268 1129 150 366 70 63 3262 1499 33692 1581 496 452 488 436 547 1651
internal_value=-8.07069e-05 -0.000142508 2.59415e-05 0.00161586 -0.000241899 0.000924545 0.000376965 -0.00436842 0.00123013 0.00395602 -0.00109611 0.00227052 0.00324844 0.00576923 0.00697306 0.00161382 0.00388976 -0.00436345 0.00815678 -0.00966258 -0.00220919 -0.000375485 -0.000244626 -0.000201434 -0.000480658 -0.00759494 0.0018552 0.000256246 0.00174981 -0.000105189
internal_weight=53589 53155 49149 7086 42063 6706 6234 950 5284 2433 2851 2059 1924 1365 1262 1766 1279 487 472 652 4006 40947 39448 39343 34640 948 4703 3122 2686 2139
internal_count=53589 53155 49149 7086 42063 6706 6234 950 5284 2433 2851 2059 1924 1365 1262 1766 1279 487 472 652 4006 40947 39448 39343 34640 948 4703 3122 2686 2139
is_linear=0
shrinkage=0.05


end of trees

feature_importances:
spy_ret_1d=249
vix_level=247
sector_ret_1d=235
sector_ret_5d=227
spy_ret_20d=199
vix_chg_1d=191
spy_ret_5d=175
atr_pct=78
dvol_z_20=65
parkinson_20=50
dist_ma50=44
dist_ma200=37
ret_1d=21
ret_5d=20
overnight_gap=10
dist_ma20=9
ret_20d=3

parameters:
[boosting: gbdt]
[objective: quantile]
[metric: quantile]
[tree_learner: serial]
[device_type: cpu]
[data_sample_strategy: bagging]
[data: ]
[valid: ]
[num_iterations: 120]
[learning_rate: 0.05]
[num_leaves: 31]
[num_threads: -1]
[seed: 0]
[deterministic: 0]
[force_col_wise: 1]
[force_row_wise: 0]
[histogram_pool_size: -1]
[max_depth: -1]
[min_data_in_leaf: 40]
[min_sum_hessian_in_leaf: 0.001]
[bagging_fraction: 0.85]
[pos_bagging_fraction: 1]
[neg_bagging_fraction: 1]
[bagging_freq: 1]
[bagging_seed: 3]
[bagging_by_query: 0]
[feature_fraction: 0.85]
[feature_fraction_bynode: 1]
[feature_fraction_seed: 2]
[extra_trees: 0]
[extra_seed: 6]
[early_stopping_round: 0]
[early_stopping_min_delta: 0]
[first_metric_only: 0]
[max_delta_step: 0]
[lambda_l1: 0]
[lambda_l2: 0]
[linear_lambda: 0]
[min_gain_to_split: 0]
[drop_rate: 0.1]
[max_drop: 50]
[skip_drop: 0.5]
[xgboost_dart_mode: 0]
[uniform_drop: 0]
[drop_seed: 4]
[top_rate: 0.2]
[other_rate: 0.1]
[min_data_per_group: 100]
[max_cat_threshold: 32]
[cat_l2: 10]
[cat_smooth: 10]
[max_cat_to_onehot: 4]
[top_k: 20]
[monotone_constraints: ]
[monotone_constraints_method: basic]
[monotone_penalty: 0]
[feature_contri: ]
[forcedsplits_filename: ]
[refit_decay_rate: 0.9]
[cegb_tradeoff: 1]
[cegb_penalty_split: 0]
[cegb_penalty_feature_lazy: ]
[cegb_penalty_feature_coupled: ]
[path_smooth: 0]
[interaction_constraints: ]
[verbosity: -1]
[saved_feature_importance_type: 0]
[use_quantized_grad: 0]
[num_grad_quant_bins: 4]
[quant_train_renew_leaf: 0]
[stochastic_rounding: 1]
[linear_tree: 0]
[max_bin: 255]
[max_bin_by_feature: ]
[min_data_in_bin: 3]
[bin_construct_sample_cnt: 200000]
[data_random_seed: 1]
[is_enable_sparse: 1]
[enable_bundle: 1]
[use_missing: 1]
[zero_as_missing: 0]
[feature_pre_filter: 1]
[pre_partition: 0]
[two_round: 0]
[header: 0]
[label_column: ]
[weight_column: ]
[group_column: ]
[ignore_column: ]
[categorical_feature: ]
[forcedbins_filename: ]
[precise_float_parser: 0]
[parser_config_file: ]
[objective_seed: 5]
[num_class: 1]
[is_unbalance: 0]
[scale_pos_weight: 1]
[sigmoid: 1]
[boost_from_average: 1]
[reg_sqrt: 0]
[alpha: 0.5]
[fair_c: 1]
[poisson_max_delta_step: 0.7]
[tweedie_variance_power: 1.5]
[lambdarank_truncation_level: 30]
[lambdarank_norm: 1]
[label_gain: ]
[lambdarank_position_bias_regularization: 0]
[eval_at: ]
[multi_error_top_k: 1]
[auc_mu_weights: ]
[num_machines: 1]
[local_listen_port: 12400]
[time_out: 120]
[machine_list_filename: ]
[machines: ]
[gpu_platform_id: -1]
[gpu_device_id: -1]
[gpu_device_id_list: ]
[gpu_use_dp: 0]
[num_gpu: 1]

end of parameters

pandas_categorical:[]
