tree
version=v4
num_class=1
num_tree_per_iteration=1
label_index=0
max_feature_idx=16
objective=quantile
feature_names=ret_1d ret_5d ret_20d overnight_gap atr_pct parkinson_20 dvol_z_20 dist_ma20 dist_ma50 dist_ma200 spy_ret_1d spy_ret_5d spy_ret_20d vix_level vix_chg_1d sector_ret_1d sector_ret_5d
feature_infos=[-0.5314018869722672:0.31114662817075689] [-0.55344655344655336:0.7406989853438557] [-0.58708431306684572:1.2426337943475647] [-0.43441388602678932:0.21517185275574535] [0.0084066071428571219:0.14726875426005373] [0.0054813407373672761:0.13389215147615091] [-2.8216614634256327:4.3534601122584604] [-0.55430669174465763:0.5710628203335566] [-0.58721049326541097:0.727100629285925] [-0.63561070239096851:1.4187670763216587] [-0.058542947643003718:0.10501933612632941] [-0.11496158439845272:0.082843216242346029] [-0.12265592443394913:0.15756596870864792] [11.859999656677246:52.330001831054688] [-0.35753873962348437:0.74039073966007019] [-0.073180960369049974:0.075364298724954315] [-0.12187673514714059:0.078003457216940353]
tree_sizes=2883 2961 2959 2976 2975 2996 2968 3004 2961 2969 2993 3014 3020 2973 2985 2999 2998 3002 3003 3038 3006 3004 2997 3037 3009 3021 3034 3010 2980 3042 3022 3018 3034 3027 3035 3020 3015 3005 3025 3012 3055 3050 3047 3032 3022 3032 3061 2996 2973 3015 2996

Tree=0
num_leaves=31
num_cat=0
split_feature=4 12 4 16 4 4 6 13 15 13 8 3 16 8 6 1 4 16 1 10 10 14 10 15 13 15 6 1 13 6
split_gain=336.277 90.674 67.8122 45.9265 41.3623 14.8966 12.4211 10.4435 9.11406 8.97399 8.48114 7.87624 7.53207 7.0244 6.80114 6.79555 6.1126 4.85055 4.34485 3.99452 7.04146 7.25392 5.14316 3.97886 3.77011 3.90438 3.63796 6.97348 3.62624 3.53111
threshold=0.036673664903870688 -0.080083523859072289 0.024979670891644292 -0.10167659895920765 0.053063661742144462 0.019662189343744921 1.0162194452485738 25.505000114440922 -0.023641314377556451 26.85000038146973 0.22817828556084266 -0.0018470541702914065 -0.055746298787809394 0.12325688477778975 0.34559152213077621 -0.1000366240918361 0.031488843317728533 0.0315529283117797 -0.1000366240918361 0.013109315021302749 0.0090796320143422555 -0.049735428455543622 0.0097369654771942721 0.011522014057666287 13.13000011444092 0.011214827333544732 -0.61933723420398001 -0.026204530219011975 30.345000267028812 0.34559152213077621
decision_type=2 2 2 2 2 2 2 2 2 2 8 2 2 10 2 2 2 2 2 2 2 2 2 2 2 2 2 2 2 2
left_child=2 -2 5 18 8 29 16 14 12 11 15 -9 -3 17 -7 -6 -5 19 -4 20 -10 22 -22 -19 25 -16 27 -17 -11 -1
right_child=1 4 3 6 10 7 -8 9 13 28 -12 -13 -14 -15 24 26 -18 23 -20 -21 21 -23 -24 -25 -26 -27 -28 -29 -30 -31
leaf_value=0.026135525901869804 0.030467032408927609 0.028102919696700535 0.028879321839241089 0.026571517180648409 0.029037679054456689 0.026355042504197391 0.027048612686748651 0.027697887513825757 0.027152042456838221 0.02629900070316904 0.030225628255255897 0.026997772824025955 0.027161505653271422 0.028176151751778854 0.026761155844420636 0.028375402506515802 0.026853150923907877 0.026264363517627475 0.027779553017703584 0.026589975894370531 0.028197338912730286 0.026945138668235426 0.028217911544670883 0.027485503840628846 0.026530443189858487 0.028673901183452654 0.028379456607977849 0.027953647200151411 0.026976811677739954 0.026303624994630969
leaf_weight=15092 269 58 60 7551 211 11060 1740 53 2018 178 217 67 77 303 302 128 2457 262 41 242 42 67 88 63 4097 56 710 290 80 5783
leaf_count=15092 269 58 60 7551 211 11060 1740 53 2018 178 217 67 77 303 302 128 2457 262 41 242 42 67 88 63 4097 56 710 290 80 5783
internal_value=0.02655 0.0388371 0.025275 0.0285644 0.0372462 0.0242149 0.0282758 0.0253683 0.0340117 0.0335798 0.0439399 0.0448761 0.0467279 0.0334552 0.0251682 0.0424538 0.0275979 0.0326678 0.0621368 0.0334271 0.0340935 0.0431163 0.0500043 0.0269273 0.0268177 0.0317383 0.0409133 0.0372126 0.0283257 0.0233367
internal_weight=53662 5045 48617 11849 4776 36768 11748 15893 3220 378 1556 120 135 3085 15515 1339 10008 2782 101 2457 2215 197 130 325 4455 358 1128 418 258 20875
internal_count=53662 5045 48617 11849 4776 36768 11748 15893 3220 378 1556 120 135 3085 15515 1339 10008 2782 101 2457 2215 197 130 325 4455 358 1128 418 258 20875
is_linear=0
shrinkage=1


Tree=1
num_leaves=31
num_cat=0
split_feature=4 12 4 4 16 13 16 10 4 11 11 13 11 4 11 5 13 9 1 0 13 1 7 11 12 8 10 10 4 13
split_gain=274.02 101.7 50.3423 41.0209 20.6842 9.05084 9.50881 9.46026 8.83126 14.7505 8.32086 8.25785 9.0967 7.22719 6.39405 6.21648 6.1219 5.64506 5.32721 5.25161 4.79376 5.51262 4.28338 4.2136 10.9195 4.15066 4.05966 4.64637 4.05383 3.49018
threshold=0.031488843317728533 -0.080083523859072289 0.053063661742144462 0.021715136469089461 -0.10167659895920765 25.505000114440922 0.0037444116572151746 -0.020247537407416468 0.04107859283887777 -0.036898876616972491 -0.023324980459216712 28.970000267028812 0.023488197271316905 0.04186387468840299 -0.0078155489533487926 0.035361565640042572 25.505000114440922 0.23303598297919229 -0.12563069460339119 -0.04571280322974252 30.345000267028812 -0.0032766800168126382 0.092961256900860004 -0.0087471822006088256 0.0082902198416674473 -0.0018486925632889559 0.0041080553382388816 -0.016935557307996004 0.024979670891644292 18.510000228881839
decision_type=2 2 2 2 2 2 2 2 2 2 2 2 2 2 2 2 2 10 2 2 2 2 2 2 2 10 2 2 2 2
left_child=3 8 10 14 -5 7 -7 25 9 -2 18 12 15 29 23 19 -17 -15 -3 -4 -13 -22 -14 -1 -25 -6 27 -20 -9 -12
right_child=1 2 11 4 5 6 -8 28 -10 -11 13 20 22 17 -16 16 -18 -19 26 -21 21 -23 -24 24 -26 -27 -28 -29 -30 -31
leaf_value=-0.00015180290769346996 0.0021021592983506928 0.0017646666398308643 0.0030927929345443222 0.0011624204670861976 0.00020131954377234168 0.00027298227507027549 0.00099732828066765775 -8.0621845623062892e-05 0.0038510425936145601 0.00017169545326601852 0.00048784018277903677 -0.00089457728897031493 0.00067567407189984461 0.00067332707331084908 -0.0003518433495735973 0.0024900802939299186 0.0031268823887045196 0.0015836910923797123 0.00034582302242421644 0.0012890839998583199 0.00029848725113849114 0.00063620582588403752 0.0032540716385401494 0.0029931446401897498 -8.535776158126206e-05 0.0012304537186906151 0.00010443550970677485 0.00078486677973148376 6.6412477406697576e-05 0.00018478941803753
leaf_weight=5155 85 67 71 80 43 548 76 8535 210 47 2170 72 166 1245 22272 606 45 198 109 407 84 69 47 82 251 51 122 286 8391 1964
leaf_count=5155 85 67 71 80 43 548 76 8535 210 47 2170 72 166 1245 22272 606 45 198 109 407 84 69 47 82 251 51 122 286 8391 1964
internal_value=-0.000114278 0.0083767 0.00719591 -0.00162079 0.000258405 0.00014339 0.00605769 -7.34442e-05 0.0350585 0.0249242 0.00516069 0.0151978 0.0166841 0.00456607 -0.00282061 0.0184721 0.0216513 0.00761261 0.010839 0.0141423 0.00633333 0.0113399 0.00720657 -0.00129191 0.00415916 0.0157447 0.00911992 0.0115823 -0.000161292 0.00350266
internal_weight=53554 8070 7728 45484 17724 17644 624 17020 342 132 6161 1567 1342 5577 27760 1129 651 1443 584 478 225 153 213 5488 333 94 517 395 16926 4134
internal_count=53554 8070 7728 45484 17724 17644 624 17020 342 132 6161 1567 1342 5577 27760 1129 651 1443 584 478 225 153 213 5488 333 94 517 395 16926 4134
is_linear=0
shrinkage=0.05


Tree=2
num_leaves=31
num_cat=0
split_feature=4 12 4 4 13 6 6 8 11 9 4 13 12 4 6 11 13 2 13 9 13 11 16 11 12 5 13 3 13 1
split_gain=253.291 67.7154 54.118 34.0293 29.4587 15.0549 13.5703 8.23858 8.23703 7.99479 7.37759 7.14147 7.65728 5.65818 5.41423 5.73626 5.18182 4.71468 4.67263 4.53149 6.33238 4.24972 4.19915 8.69526 4.1486 3.98066 3.84296 3.43727 3.12233 3.68232
threshold=0.035762884035130157 -0.080083523859072289 0.021994028899631871 0.059975737414961899 46.145000457763679 1.2053026729582885 0.74626003012904329 -0.057317544963370652 -0.023324980459216712 0.1536469192083563 0.017474372204168673 25.319999694824222 -0.062212446145613214 0.02901328972720749 0.060726974087733677 -0.022024013564940267 30.345000267028812 -0.10300166719154412 28.970000267028812 -0.18728743132566686 25.505000114440922 0.022655282977909755 -0.010518498384392004 0.017946069561085468 -0.0016966632192755291 0.02686204606851814 25.505000114440922 -0.001483557250661349 30.345000267028812 -0.0067016985475003002
decision_type=2 2 2 2 2 2 2 10 2 10 2 2 2 2 2 2 2 2 2 10 2 2 2 2 2 2 2 2 2 2
left_child=2 7 10 6 5 8 9 16 -4 22 -1 -7 -13 -10 -12 -16 -2 -14 21 20 25 26 23 -3 -24 -8 -5 -21 -20 -30
right_child=1 3 4 18 -6 11 19 -9 13 -11 14 12 17 -15 15 -17 -18 -19 28 27 -22 -23 24 -25 -26 -27 -28 -29 29 -31
leaf_value=-0.00039393371792274378 0.0010833902534463074 0.00050608337393618752 0.00023438055374594113 0.002481724746905434 0.0017863707428191914 0.00037256073164660259 0.0011500061046828688 0.0005402537151037982 -7.4882245760619773e-05 0.0012840294938744616 -0.00026267470961296324 1.7328239049274944e-05 0.0012648149602264545 0.00014147236672022514 0.00028200608677706151 -0.00011698138250187665 0.0041740369221191995 0.00048330365486680578 -0.00065976084468529188 0.00062135992637523123 0.0026203648674889392 0.0013294777461988398 3.6804902543207118e-05 0.0012997275115573144 0.00056905892119501664 0.0021601151301981454 0.0022625289364353479 0.0012792635966825943 0.00062587091122096592 0.00060051819369095214
leaf_weight=13116 54 925 1374 649 44 2273 187 43 11683 470 9721 69 56 3748 558 5396 188 70 47 225 61 131 839 40 1153 64 59 227 51 44
leaf_count=13116 54 925 1374 649 44 2273 187 43 11683 470 9721 69 56 3748 558 5396 188 70 47 225 61 131 839 40 1153 64 59 227 51 44
internal_value=-0.000163821 0.0100449 -0.00132182 0.00873743 0.000725526 0.00063223 0.00677523 0.0337719 9.66962e-05 0.00543186 -0.00269546 0.00427877 0.0134615 -0.000233622 -0.00196332 -0.00077595 0.0373554 0.0207936 0.0171203 0.012801 0.0174359 0.0185399 0.00446906 0.00717616 0.00315763 0.0139243 0.0200706 0.00960177 0.00873239 0.0139474
internal_weight=53565 5457 48108 5172 19317 19273 4191 285 16805 3427 28791 2468 195 15431 15675 5954 242 126 981 764 312 839 2957 965 1992 251 708 452 142 95
internal_count=53565 5457 48108 5172 19317 19273 4191 285 16805 3427 28791 2468 195 15431 15675 5954 242 126 981 764 312 839 2957 965 1992 251 708 452 142 95
is_linear=0
shrinkage=0.05


Tree=3
num_leaves=31
num_cat=0
split_feature=16 8 9 9 1 0 1 7 12 6 13 13 12 3 0 9 13 13 10 2 10 12 11 14 14 13 12 0 13 12
split_gain=120.652 70.5585 36.2843 23.753 18.2366 14.6269 14.117 13.5628 11.2638 10.3884 8.9178 7.96631 7.84303 6.40676 6.35133 6.0024 5.32323 15.0652 17.6731 4.93038 4.51684 4.44134 5.31414 6.19774 5.69237 4.16736 4.09758 4.06291 3.94069 3.9104
threshold=-0.10167659895920765 -0.11276203877221329 0.3717027152028976 -0.071416207825192188 -0.062279591383522064 0.028337786599819562 -0.084604045149602833 -0.13661706501350626 -0.080083523859072289 0.58112861851063935 23.409999847412113 33.719999313354499 -0.080083523859072289 -0.014599031058848464 0.039482838739597355 0.13980993646973597 20.375000000000004 20.500000000000004 0.012020703086552011 0.075566061330309645 -0.015857529403489442 0.0065049647434682898 0.012210524759260101 -0.024970108459849868 -0.071225645536492452 21.82499980926514 0.014344478951051955 0.0150011611704598 25.505000114440922 0.033074838531269919
decision_type=2 8 10 8 2 2 2 2 2 2 2 2 2 2 2 10 2 2 2 2 2 2 2 2 2 2 2 2 2 2
left_child=6 7 3 8 15 9 20 10 -3 11 -2 16 -9 -4 19 -5 27 18 29 -10 -1 22 25 24 -24 -14 -16 -6 -11 -18
right_child=1 2 13 4 5 -7 -8 12 14 28 -12 -13 21 -15 26 -17 17 -19 -20 -21 -22 -23 23 -25 -26 -27 -28 -29 -30 -31
leaf_value=0.001317174712553543 0.0015502607450071917 0.0013115821563603317 0.0024791429850579204 0.00026105657509616049 -0.00024996298365351764 0.00032533019609305795 0.00090708399594540074 0.0010548770972690611 0.0001818492999434613 -1.580857351070254e-05 0.0021848690599635991 0.00046235479414830452 0.00081091710091664004 0.0015050534495526392 0.00042252275064271952 0.0010016344502933852 -0.00031822018221704714 -8.8821750764366727e-05 0.0048623948717301281 0.00074300898661944649 0.0047495614347785667 0.00030038697291993421 0.0006206502738599635 0.00072249294902076988 0.0016200275447342612 0.00029623631807077855 0.0020303567504495238 -4.4253618118613156e-05 0.00040610970068372283 0.00061715059223855975
leaf_weight=47 207 44 88 1105 27600 1601 52 84 3496 8550 104 75 485 578 48 120 76 4127 48 326 162 586 91 74 56 462 75 2956 214 57
leaf_count=47 207 44 88 1105 27600 1601 52 84 3496 8550 104 75 485 578 48 120 76 4127 48 326 162 586 91 74 56 462 75 2956 214 57
internal_value=-0.000214951 -0.00038091 -0.000753557 -0.000906411 -0.00122386 -0.00138663 0.0336973 0.00849465 0.00279644 -0.00155859 0.0181511 -0.00194468 0.00686072 0.0108408 0.00251584 0.00479592 -0.00197969 -0.000334263 0.0137845 0.00215594 0.0394976 0.00614595 0.00792808 0.0149095 0.0208503 0.00629884 0.0136992 -0.00221168 -1.93987e-05 0.0043985
internal_weight=53594 53333 51184 50518 46529 45304 261 2149 3989 43703 311 34939 1838 666 3945 1225 34864 4308 181 3822 209 1754 1168 221 147 947 123 30556 8764 133
internal_count=53594 53333 51184 50518 46529 45304 261 2149 3989 43703 311 34939 1838 666 3945 1225 34864 4308 181 3822 209 1754 1168 221 147 947 123 30556 8764 133
is_linear=0
shrinkage=0.05


Tree=4
num_leaves=31
num_cat=0
split_feature=4 16 4 4 16 4 6 4 13 3 6 13 6 13 6 16 14 4 9 3 5 16 16 13 16 16 16 5 13 8
split_gain=187.195 72.3841 37.8704 31.7618 14.1249 9.82173 7.56428 6.98757 5.50238 4.93957 4.62097 4.53406 4.45774 4.42114 4.4455 3.87071 3.80723 3.44988 3.3844 3.26088 3.20286 4.97615 5.42752 3.08729 2.96818 2.80891 3.5829 4.12886 3.227 2.7946
threshold=0.031488843317728533 -0.10167659895920765 0.057438289370643894 0.021919580845512512 -0.10167659895920765 0.043890724120045709 1.0162194452485738 0.017831649774801013 13.869999885559084 -0.03433415381658194 0.51245959272113895 30.345000267028812 0.060726974087733677 33.719999313354499 -0.073562649684535297 -0.011546932244346607 -0.053534792570075034 0.075447398883712227 0.1536469192083563 0.0039085967422074494 0.025000907195812536 0.021395994749761286 0.010311075175632125 13.234999656677248 -0.034933523755742595 -0.034933523755742595 -0.044876723421484459 0.01306799911828801 24.630000114440922 -0.10814692342614533
decision_type=2 2 2 2 2 2 2 2 2 2 2 2 2 2 2 2 2 2 10 2 2 2 2 2 2 2 2 2 2 8
left_child=3 -2 5 7 -5 13 11 -1 23 -10 18 20 -9 14 15 29 -12 -11 -7 -13 25 22 -22 -4 -14 26 -6 -28 -29 -3
right_child=1 2 8 4 6 10 -8 12 9 17 16 19 24 -15 -16 -17 -18 -19 -20 -21 21 -23 -24 -25 -26 -27 27 28 -30 -31
leaf_value=-0.00035885934775934834 0.0045945899256853292 0.00060440651157032195 0.0021723384432423237 0.001110014644915891 -8.7369049917956497e-05 0.00050938908105656745 0.00025307995950568733 -0.00022908765526342235 0.0028881700778385141 0.0011744825439752781 0.00053082686988639184 0.00011166547800396914 0.00024114828403505356 0.00040380164658410632 0.000465628965359382 0.00011253125934185985 0.0019558880460994474 0.0023730927136581224 0.0013362159939326055 0.00063826212695574616 0.00027428677660675302 -0.00056240609729024508 0.00043049823828622444 0.0028540483988151941 -8.5923585747758467e-05 -5.7717458907512105e-05 -0.00016176948643999687 0.00024760850010362823 0.00055890966190055738 0.00022517120731883777
leaf_weight=14341 163 172 75 74 308 1074 2470 8661 78 696 91 67 281 79 1984 2119 254 326 231 40 45 66 41 59 5059 13648 63 161 54 629
leaf_count=14341 163 172 75 74 308 1074 2470 8661 78 696 91 67 281 79 1984 2119 254 326 231 40 45 66 41 59 5059 13648 63 161 54 629
internal_value=-0.000231142 0.00680573 0.00612241 -0.00147634 0.000229793 0.00462611 0.000134704 -0.00250194 0.0141653 0.013 0.0079697 -0.000301181 -0.00170738 0.00351896 0.00332993 0.00208904 0.0131159 0.0120744 0.00660919 0.00995327 -0.000377451 0.0068421 0.0147674 0.0237313 -0.000571162 -0.000454547 0.00293515 0.00705036 0.0103488 0.00504994
internal_weight=53409 8030 7867 45379 17037 6633 16963 28342 1234 1100 1650 14493 14001 4983 4904 2920 345 1022 1305 107 14386 152 86 134 5340 14234 586 278 215 801
internal_count=53409 8030 7867 45379 17037 6633 16963 28342 1234 1100 1650 14493 14001 4983 4904 2920 345 1022 1305 107 14386 152 86 134 5340 14234 586 278 215 801
is_linear=0
shrinkage=0.05


Tree=5
num_leaves=31
num_cat=0
split_feature=4 16 4 4 6 12 6 10 11 5 9 16 16 16 15 11 3 6 4 11 11 11 10 12 12 9 16 10 8 5
split_gain=167.596 59.4818 37.7254 23.6236 10.4793 9.57021 7.75292 6.71906 6.63221 5.59824 5.30602 4.48677 4.38597 5.88891 4.04623 4.04536 3.98033 3.87671 3.85169 3.78751 3.95443 3.60732 4.6727 5.1951 7.00309 3.52743 3.28542 3.14181 3.14054 3.12062
threshold=0.029404896640578024 -0.10167659895920765 0.053063661742144462 0.01938076601861723 0.30613722413834182 -0.075828254732232245 0.62217799364720672 -0.015857529403489442 -0.036898876616972491 0.024076572217855471 0.081792865227122161 0.031971954040296853 -0.034933523755742595 -0.037661783544991161 0.00026123117090492981 -0.007196249019797262 -0.014599031058848464 0.70270836136051384 0.023501020857061967 -0.035697705395590577 -0.040606280288626444 0.0095883374490337587 -0.0028568001746795964 -0.01116014011506866 -0.0033130275344189215 -0.10865252686459835 -0.10167659895920765 0.0067105018630921895 -0.13591638756027566 0.0095885381778821194
decision_type=2 2 2 2 2 2 2 2 2 2 10 2 2 2 2 2 2 2 2 2 2 2 2 2 2 8 2 2 8 2
left_child=3 7 6 15 18 8 9 -2 -4 19 14 21 13 26 17 29 -12 -7 -5 20 -3 -11 -23 -24 -25 -21 -6 -26 -27 -1
right_child=1 2 5 4 12 10 -8 -9 -10 11 16 -13 -14 -15 -16 -17 -18 -19 -20 25 -22 22 23 24 27 28 -28 -29 -30 -31
leaf_value=-0.00032228386363630378 0.00092042573606002619 4.2237992040991986e-05 0.0011347358092030047 -0.00017365575168554203 0.00054865640287275004 0.0012680117045380471 0.00064943087164017138 0.0043009377203749744 0.0024549398871806772 0.00058049709955953187 0.0030884435961081266 -0.00026157455263176206 7.0912825303911869e-05 0.0004529609503697771 0.00096537476247458083 -0.00035198359799252219 0.0021262486350418198 0.0022144230515109557 -3.7686774037134374e-05 0.00051381073198045527 0.00048651909445057847 -0.00032085970911540734 0.00019496878565249749 0.0010890865326253173 0.0010591383244572994 0.00058233455136062957 9.4899520837578457e-05 0.00047678590038704132 7.3167800331944434e-05 -5.7746991725178642e-05
leaf_weight=1220 44 109 45 9323 56 397 1683 141 47 884 99 212 6543 75 576 15799 385 92 7408 646 117 57 114 44 234 158 422 115 3713 2791
leaf_count=1220 44 109 45 9323 56 397 1683 141 47 884 99 212 6543 75 576 15799 385 92 7408 646 117 57 114 44 234 158 422 115 3713 2791
internal_value=-0.000306169 0.00556295 0.00502878 -0.00163932 -0.000578547 0.0119409 0.00362602 0.0336486 0.0276087 0.00283226 0.0110103 0.00533132 0.00103157 0.00530741 0.00903756 -0.0029152 0.0153512 0.0123824 -0.00126143 0.00195762 0.00827434 0.00632597 0.00945035 0.0109763 0.0137023 0.00164158 0.0032636 0.0113324 0.00107078 -0.00149713
internal_weight=53549 9912 9727 43637 23827 1641 8086 185 92 6403 1549 1660 7096 553 1065 19810 484 489 16731 4743 226 1448 564 507 393 4517 478 349 3871 4011
internal_count=53549 9912 9727 43637 23827 1641 8086 185 92 6403 1549 1660 7096 553 1065 19810 484 489 16731 4743 226 1448 564 507 393 4517 478 349 3871 4011
is_linear=0
shrinkage=0.05


Tree=6
num_leaves=31
num_cat=0
split_feature=4 16 4 4 16 4 2 12 12 6 6 6 16 13 3 3 8 9 11 16 16 4 13 2 10 6 9 3 10 13
split_gain=150.494 41.9072 36.588 21.7401 11.3608 9.73797 8.40377 6.79633 6.02532 5.88352 5.09387 4.94906 4.71623 4.33211 4.48258 3.69615 3.57302 3.52835 3.50719 3.45876 5.72982 3.27338 3.23481 3.19068 3.11363 3.11296 3.08303 3.04214 2.93979 2.88172
threshold=0.034101148740593556 -0.10167659895920765 0.023501020857061967 0.059975737414961899 -0.10167659895920765 0.018245893756371232 0.097205204036464279 -0.075828254732232245 -0.075828254732232245 0.64182073569350939 0.34559152213077621 2.068978277242524 0.036245743593820608 17.090000152587894 -0.010947427653871076 0.018803736298256272 -0.20484993810925459 -0.076842052980883355 -0.022024013564940267 0.013080557067075562 0.018912979918239928 0.043890724120045709 24.630000114440922 -0.17711461762380162 -0.020247537407416468 -0.66171895127117442 0.20033707375279178 -0.0038713048828634129 0.0097369654771942721 12.230000019073488
decision_type=2 2 2 2 2 2 2 2 2 2 2 2 2 2 2 2 10 8 2 2 2 2 2 2 2 2 10 2 2 2
left_child=2 15 5 6 -4 -1 8 -5 22 17 -7 12 21 -9 23 16 -2 -6 -12 26 -21 -10 -3 -15 -11 -24 -8 -28 -22 -20
right_child=1 3 4 7 9 10 19 13 11 24 18 -13 -14 14 -16 -17 -18 -19 29 20 28 -23 25 -25 -26 -27 27 -29 -30 -31
leaf_value=-0.00032236001283251288 0.0025585459892971101 0.00027710525616466564 0.00098500367289079075 0.0025192839018047426 0.00025249059425133446 -0.00017944440481827622 0.00052264317921380562 0.0022572881149055778 0.00029111494066576276 0.00048053865251772716 0.00027549532278666985 0.0011838775334087491 -0.00017318315447008433 0.0019626478767627831 0.0012446101256534789 0.0058935333504781147 0.00050733690461541626 -1.2537605476895244e-05 0.001911234350458533 0.0017491772918074282 0.0010071740387096728 0.00068144251949220174 0.00041440665440416142 0.0015340242843931663 0.00023016576456057571 0.00057001186645187448 0.0015205946231382718 0.00089001899443253297 0.0019087139434643596 -5.4342964971750803e-05
leaf_weight=15767 47 59 89 58 1427 12251 257 324 2417 65 493 219 341 86 442 49 44 9647 48 99 153 1183 54 132 2940 90 62 164 43 4426
leaf_count=15767 47 59 89 58 1427 12251 257 324 2417 65 493 219 341 86 442 49 44 9647 48 99 153 1183 54 132 2940 90 62 164 43 4426
internal_value=-0.000366147 0.00687727 -0.00133746 0.00626476 0.000787689 -0.00225027 0.00492997 0.0128503 0.00407632 0.000675118 -0.00142816 0.00366586 0.00325932 0.0118699 0.00954545 0.0339286 0.027967 0.000142675 -7.75128e-05 0.00971722 0.013983 0.00379167 0.0124877 0.0154128 0.00263727 0.0165278 0.0071118 0.0113717 0.00903061 -0.000518553
internal_weight=53476 6323 47153 6183 14168 32985 5141 1042 4363 14079 17218 4160 3941 984 660 140 91 11074 4967 778 295 3600 203 218 3005 144 483 226 196 4474
internal_count=53476 6323 47153 6183 14168 32985 5141 1042 4363 14079 17218 4160 3941 984 660 140 91 11074 4967 778 295 3600 203 218 3005 144 483 226 196 4474
is_linear=0
shrinkage=0.05


Tree=7
num_leaves=31
num_cat=0
split_feature=4 12 4 5 3 11 5 11 4 4 0 14 11 12 14 10 11 10 11 5 9 11 15 10 3 3 8 9 14 11
split_gain=126.468 38.0888 27.3419 20.9487 16.0951 6.67659 6.6285 6.32308 6.12603 5.62939 5.51637 5.11551 4.80699 4.59331 4.47695 9.0479 4.30195 4.12861 9.01673 3.77919 3.6469 3.56795 3.19488 4.93308 2.88289 2.87196 2.61397 2.57382 3.28042 3.83079
threshold=0.031488843317728533 -0.080083523859072289 0.021396269850156486 0.035361565640042572 0.017480373177662493 -0.023324980459216712 0.010416370844473567 0.022655282977909755 0.043890724120045709 0.049420540507116438 -0.0059492317676612663 0.047142331582309634 -0.0073194328445433934 0.019854414597249462 0.035942894407802857 -0.0069332481569183138 -0.03145344780031472 0.012020703086552011 -0.0087471822006088256 0.01545316004283701 0.058513964785935631 0.018680357320368105 0.003509884961184984 0.0067105018630921895 -0.020397887288404356 0.0024070829537061749 -0.074518784335012619 -0.093024378143085382 0.050179471356022971 0.021459813769517781
decision_type=2 2 2 2 2 2 2 2 2 2 2 2 2 2 2 2 2 2 2 2 8 2 2 2 2 2 8 10 2 2
left_child=2 4 6 8 9 14 -1 21 27 -2 -11 13 17 -10 22 16 25 -8 -19 -7 -13 24 -4 -24 -5 -16 -22 28 29 -3
right_child=1 3 5 7 -6 19 12 -9 11 10 -12 20 -14 -15 15 -17 -18 18 -20 -21 26 -23 23 -25 -26 -27 -28 -29 -30 -31
leaf_value=-0.00033674251215021743 0.00032449660884674122 0.00019213416040779292 -8.6460024134586523e-05 0.0027750700469743404 0.0050470571551121295 -8.4045399479748298e-05 -3.6495856201830296e-05 0.00042716835470765703 0.00034529623122471877 0.0014607080084657617 0.0020905472611765269 0.00084879597615894237 -0.00022937231123736258 0.0016504980010813783 -0.00013265068720103997 0.00083734361060235735 0.00038887617571840404 3.5748436159122915e-05 0.0042181800667046394 6.0171786579438929e-05 0.0016715190346315624 0.0022906650569181394 0.00049848987080558342 -0.00012678719739955851 0.0017757347808745564 0.00073957498296249049 0.00098622603070054474 0.00013182611624160538 0.00060747717080568029 0.00077134928040544339
leaf_weight=10212 170 1464 644 114 77 9990 3329 238 1000 59 42 227 13200 392 258 82 275 110 41 7126 58 47 152 128 612 50 119 2506 495 363
leaf_count=10212 170 1464 644 114 77 9990 3329 238 1000 59 42 227 13200 392 258 82 275 110 41 7126 58 47 152 128 612 50 119 2506 495 363
internal_value=-0.000402204 0.00540336 -0.00141863 0.00466601 0.0215805 4.94508e-05 -0.00243976 0.0113699 0.00364281 0.0158487 0.025198 0.00613586 -0.00182554 0.00469827 0.00314978 0.00627819 0.00409091 -0.000172415 0.00791391 -0.000238375 0.0110891 0.013564 0.000898267 0.00535714 0.0126997 3.24663e-05 0.0164689 0.00271541 0.00391473 0.00293651
internal_weight=53580 7983 45597 7635 348 18705 26892 1011 6624 271 101 1796 16680 1392 1589 665 583 3480 151 17116 404 773 924 280 726 308 177 4828 2322 1827
internal_count=53580 7983 45597 7635 348 18705 26892 1011 6624 271 101 1796 16680 1392 1589 665 583 3480 151 17116 404 773 924 280 726 308 177 4828 2322 1827
is_linear=0
shrinkage=0.05


Tree=8
num_leaves=31
num_cat=0
split_feature=4 11 4 4 13 13 13 6 13 11 6 12 0 10 13 15 13 15 10 4 11 10 4 9 15 11 15 15 6 4
split_gain=110.548 32.2445 26.6023 22.0226 12.8058 11.0835 8.34568 8.27952 6.77724 6.59602 5.40345 5.32851 7.69558 5.28004 4.97836 5.32472 4.19583 7.78149 4.3188 4.17117 3.72814 3.5519 3.48426 3.32718 3.66972 3.30181 3.05862 12.2278 7.64138 2.9045
threshold=0.031488843317728533 -0.055970636302615777 0.01938076601861723 0.049420540507116438 25.505000114440922 26.85000038146973 49.655000686645515 0.30613722413834182 30.345000267028812 0.032599070140324489 0.66040098846716699 -0.080083523859072289 -0.010002337183431296 0.010363669081824291 28.970000267028812 -0.026234564449354788 13.13000011444092 0.011214827333544732 -0.020247537407416468 0.024979670891644292 -0.0070947588285928389 -0.015449561797136633 0.027113784671713187 inf -0.029472540924467269 -0.023324980459216712 0.0027654380575841135 0.0029439136451996366 0.30613722413834182 0.063440083676757172
decision_type=2 2 2 2 2 2 2 2 2 2 2 2 2 2 2 2 2 2 2 2 2 2 2 8 2 2 2 2 2 2
left_child=2 6 20 10 7 13 -2 19 -7 11 25 12 -5 21 15 -13 17 -9 -18 -4 26 -6 -20 -12 -25 -3 -1 28 -28 -17
right_child=1 3 4 9 5 8 -8 16 -10 -11 23 14 -14 -15 -16 29 18 -19 22 -21 -22 -23 -24 24 -26 -27 27 -29 -30 -31
leaf_value=-0.00018477401882282661 0.00093831473703463893 0.00033492380894510946 -0.0001419539232294471 0.001155566890452637 0.00019350014099216907 -0.00014977419339588427 0.0050967608035744748 0.00021766554186484889 0.00045910184627086752 9.134675881588292e-05 0.00042892661411679257 0.0028880696642980749 0.0020527765200173873 -9.19037101998774e-05 6.3162828122059929e-05 0.0011892466385790017 0.0011189969553800081 0.0021013893325520028 -5.3785404843066701e-06 3.3337499793468549e-08 -0.00030521394248816535 0.0009387677624529342 0.00029288281548464846 0.0016289990571754483 0.00087999446507999301 0.00020187892401587619 0.00092896176246040857 -4.8654485240897504e-05 0.00079586021168996418 0.0018364203906346454
leaf_weight=2872 108 392 11578 45 64 395 54 474 203 287 882 47 46 42 148 898 57 73 5509 5998 15843 140 1192 48 267 4236 42 1127 40 593
leaf_count=2872 108 392 11578 45 64 395 54 474 203 287 882 47 46 42 148 898 57 73 5509 5998 15843 140 1192 48 267 4236 42 1127 40 593
internal_value=-0.000384545 0.00501739 -0.00133727 0.00456395 -0.000275025 0.00578199 0.0270988 -0.000480488 0.00210702 0.00900194 0.00299142 0.0101379 0.0219231 0.0147154 0.00950178 0.0103446 0.00093429 0.00514625 0.00059337 -0.0010685 -0.00270879 0.0180392 0.000476793 0.0059858 0.0103968 0.00221694 -0.00136119 0.000748551 0.0193902 0.00982227
internal_weight=53700 8051 45649 7889 25725 844 162 24881 598 2064 5825 1777 91 246 1686 1538 7305 547 6758 17576 19924 204 6701 1197 315 4628 4081 1209 82 1491
internal_count=53700 8051 45649 7889 25725 844 162 24881 598 2064 5825 1777 91 246 1686 1538 7305 547 6758 17576 19924 204 6701 1197 315 4628 4081 1209 82 1491
is_linear=0
shrinkage=0.05


Tree=9
num_leaves=31
num_cat=0
split_feature=4 16 5 4 13 3 11 6 12 6 11 11 13 8 13 13 5 4 11 8 13 15 15 6 13 11 16 16 13 14
split_gain=102.066 38.9352 21.5901 20.3483 8.87169 7.65437 7.49484 6.98429 6.70101 6.63479 4.89229 5.23655 4.7567 4.32917 4.32067 4.21029 4.10289 4.1028 3.80675 3.59932 3.3438 3.31891 11.6162 4.81829 3.12906 8.72007 2.99557 2.96666 2.86545 2.80923
threshold=0.029622691380503899 -0.10167659895920765 0.03388595718735124 0.019439015185144477 25.505000114440922 0.018803736298256272 0.041951569626952907 1.170039002037339 -0.075828254732232245 0.51245959272113895 0.022655282977909755 0.018473539539137333 30.345000267028812 -0.16614209449316961 26.85000038146973 19.329999923706058 0.021403607572290224 0.024798539534673706 -0.0070947588285928389 -0.20484993810925459 28.970000267028812 0.0027654380575841135 0.0029439136451996366 0.2426294089274888 17.994999885559086 -0.0087471822006088256 -0.044876723421484459 0.031971954040296853 19.055000305175785 0.21504170766917155
decision_type=2 2 2 2 2 2 2 2 2 2 2 2 2 8 2 2 2 2 2 10 2 2 2 2 2 2 2 2 2 2
left_child=3 5 9 18 7 19 12 17 -4 16 11 20 14 15 -6 -11 -3 -5 21 -2 -10 -1 23 -23 -24 28 -15 -18 -26 -19
right_child=1 2 8 4 6 -7 -8 -9 10 13 -12 -13 -14 26 -16 -17 27 29 -20 -21 -22 22 24 -25 25 -27 -28 -29 -30 -31
leaf_value=-0.00017671774472797157 0.002434322720491473 7.6693137636405032e-05 0.002306661482916372 -0.00013161011808081788 0.00035221115227325846 0.0049385542108784158 0.0011234546679675488 0.00014276228737045938 0.0016046093308284878 0.00026436410020874528 0.00033407924485644381 0.002182544781721146 0.00043352679841860147 -2.7895900354668577e-05 -0.00018119397689443675 0.0014415146898680098 0.00039445094953702927 -4.4174415622079178e-06 -0.00029401171607963569 0.00041882946894676571 -5.7042683459990067e-05 0.00076803888015298573 -0.00024887887629441129 0.00080359246686945184 0.00016128840212781663 0.0030226109312447916 0.00056129375080155193 -0.00012555531004785372 -0.00032291126499736709 0.0004359663617055032
leaf_weight=2866 49 3302 44 13785 174 57 43 2976 773 53 287 57 165 261 328 91 2682 6225 15849 74 68 44 526 40 274 47 1501 363 297 75
leaf_count=2866 49 3302 44 13785 174 57 43 2976 773 53 287 57 165 261 328 91 2682 6225 15849 74 68 44 526 40 274 47 1501 363 297 75
internal_value=-0.000465192 0.00418547 0.00374815 -0.00149312 -0.000505028 0.0272222 0.005 -0.000674517 0.00993084 0.00282746 0.00921941 0.0110356 0.00369565 0.00541448 0.0012749 0.01375 0.00205057 -0.00100946 -0.00267086 0.0202033 0.0100416 -0.00131168 0.000863191 0.0188095 -0.000454547 0.00195793 0.00473326 0.00337438 0.000253939 4.76179e-05
internal_weight=53376 9662 9482 43714 23771 180 710 23061 1229 8253 1185 898 667 1906 502 144 6347 20085 19943 123 841 4094 1228 84 1144 618 1762 3045 571 6300
internal_count=53376 9662 9482 43714 23771 180 710 23061 1229 8253 1185 898 667 1906 502 144 6347 20085 19943 123 841 4094 1228 84 1144 618 1762 3045 571 6300
is_linear=0
shrinkage=0.05


Tree=10
num_leaves=31
num_cat=0
split_feature=4 16 4 4 6 5 12 11 3 7 9 8 16 16 11 6 3 10 5 0 6 11 8 16 10 3 6 0 6 6
split_gain=85.5398 27.5075 23.1695 14.6031 8.02503 6.2749 5.53797 5.44501 4.94456 4.88871 4.19624 4.08375 3.9431 20.8028 3.86786 3.79422 3.62263 4.08363 3.58178 3.49773 3.27699 3.47307 2.96596 2.90321 2.58935 2.53002 2.45353 3.10842 2.42222 2.38006
threshold=0.031488843317728533 -0.10167659895920765 0.021919580845512512 0.059975737414961899 1.170039002037339 0.010416370844473567 -0.075828254732232245 -0.0073194328445433934 0.018803736298256272 0.092961256900860004 -0.18728743132566686 -0.20484993810925459 -0.0020834957516984716 -0.004548480555311484 -0.028186613773187038 0.58112861851063935 0.0018762835480763409 0.00048358737476139618 0.013247113649657475 0.0048920178268263568 2.7686866833382786 -0.023324980459216712 0.3139355368433811 -0.013490608486596277 0.014365364117936543 -0.011749835529021589 0.58112861851063935 0.048543107308664853 -0.26736795345199632 -0.073562649684535297
decision_type=2 2 2 2 2 2 2 2 2 2 10 10 2 2 2 2 2 2 2 2 2 2 8 2 2 2 2 2 2 2
left_child=2 8 5 9 14 -1 -5 10 11 20 -7 -2 13 -12 16 -9 -4 18 -18 -15 21 23 26 25 -6 -3 -8 -28 -16 -23
right_child=1 3 4 6 24 7 22 15 -10 -11 12 -13 -14 19 28 -17 17 -19 -20 -21 -22 29 -24 -25 -26 -27 27 -29 -30 -31
leaf_value=-0.00029520063256708424 0.0024240927148249367 -1.4588342845077742e-05 2.4996048124777376e-05 0.0022290904316603654 0.00030306409819902793 -0.00025854417810895552 0.00095534541973285462 -0.00022917954919263216 0.0042144874164565969 0.00087384173083594145 5.7338278029018569e-05 0.00043275412581852344 -0.00015711102526673904 0.0014221771673039885 -9.2540463190001509e-05 -4.5245908651507035e-05 -0.0001236601684549788 -0.00017589243278664927 0.00053320276766172562 0.00260278271290598 0.0010520930463969959 0.00015119132892904092 0.0029639453133320443 0.00096635940597027353 -0.00025700800807145917 0.00033455370739931704 0.0023212306957893641 0.00034420972431458557 1.7385595152747872e-05 0.00040128489573154375
leaf_weight=10083 50 191 450 60 2091 937 718 11512 46 490 1999 68 842 40 7905 2927 48 88 199 55 182 3599 99 71 172 415 116 40 6236 1882
leaf_count=10083 50 191 450 60 2091 937 718 11512 46 490 1999 68 842 40 7905 2927 48 88 199 55 182 3599 99 71 172 415 116 40 6236 1882
internal_value=-0.00045336 0.00430609 -0.00129146 0.00388338 0.000157367 -0.00216852 0.00942401 -0.00161697 0.0245732 0.00304539 4.77654e-05 0.0191525 0.000977519 0.00213944 -0.0002633 -0.00206351 0.00315287 0.00708955 0.0103846 0.025 0.0026735 0.00247808 0.0085149 0.00585672 0.00293195 0.00473597 0.00758581 0.0132692 -0.000452939 0.00206075
internal_weight=53611 8027 45584 7863 17189 28395 1033 18312 164 6830 3873 118 2936 2094 14926 14439 785 335 247 95 6340 6158 973 677 2263 606 874 156 14141 5481
internal_count=53611 8027 45584 7863 17189 28395 1033 18312 164 6830 3873 118 2936 2094 14926 14439 785 335 247 95 6340 6158 973 677 2263 606 874 156 14141 5481
is_linear=0
shrinkage=0.05


Tree=11
num_leaves=31
num_cat=0
split_feature=4 16 4 4 11 11 0 10 11 5 6 10 16 6 16 9 5 6 12 6 10 16 10 12 11 16 16 9 12 12
split_gain=80.8811 37.8639 20.6945 14.4132 6.76831 10.2608 12.4121 6.76006 6.17176 5.9662 5.91019 4.38366 4.175 4.17081 4.0583 3.96619 3.65276 3.24225 3.03194 2.92468 2.91813 4.00634 3.36386 6.09927 2.85133 2.67503 7.93403 3.39899 2.58709 9.32073
threshold=0.026982910866474835 -0.10167659895920765 0.049420540507116438 0.018245893756371232 -0.0084964938619227475 -0.0087471822006088256 0.0027719100678246238 -0.015857529403489442 0.032599070140324489 0.037600234829605811 -0.29743789405371296 -0.0018123893917819098 -0.034933523755742595 0.40417682954866335 -0.037661783544991161 0.3717027152028976 0.024488037394164438 1.3181122988102372 -0.0080596862952704278 1.0712786972816861 0.0090796320143422555 -0.0075594645481575342 0.012396471332785432 -0.024923453703148576 -0.023324980459216712 -0.0020834957516984716 -0.0047242786493826841 0.21600979642411558 -0.0011596324607267003 0.0033715078329863428
decision_type=2 2 2 2 2 2 2 2 2 2 2 2 2 2 2 8 2 2 2 2 2 2 2 2 2 2 2 10 2 2
left_child=3 7 10 17 5 12 -7 -2 9 -4 24 -9 14 -6 -5 25 19 -1 -16 -12 21 -11 -22 -24 -3 26 27 28 -14 -30
right_child=1 2 8 4 13 6 -8 11 -10 20 16 -13 15 -15 18 -17 -18 -19 -20 -21 22 -23 23 -25 -26 -27 -28 -29 29 -31
leaf_value=-0.0002656375425715382 0.00047972772929128356 0.00018522025862891133 0.00079390909005475768 0.00011485093709996669 -0.00015348885518711981 0.00015859072404291103 0.0043938187452031647 0.004491089882547694 4.6157779999254542e-05 0.0019221094437570389 0.00016268011487360415 0.0012907712236518917 -5.0984859916192423e-05 5.4300477173646177e-07 0.00019844222245849532 -0.00024681036131400934 0.00076606554417267244 -6.3436823948016742e-05 0.00030025099322736321 0.00043425374110107098 0.0041574006459830807 0.0010591565305408817 0.0018067825197913868 0.00055334649543684316 3.0729131919565641e-05 -0.00011921180224257048 0.00096760700841363513 0.00043686977842090596 0.00089966516597005249 5.2618152869382649e-05
leaf_weight=14144 50 399 1117 706 14154 54 45 66 291 201 3541 94 1502 5063 77 1020 583 1626 121 1354 52 305 41 47 4929 1045 72 85 116 646
leaf_count=14144 50 399 1117 706 14154 54 45 66 291 201 3541 94 1502 5063 77 1020 583 1626 121 1354 52 305 41 47 4929 1045 72 85 116 646
internal_value=-0.000431966 0.00298776 0.00264386 -0.00153622 -0.000782402 0.000766076 0.0167172 0.0240476 0.0072444 0.00835791 0.00176939 0.0290625 0.000473097 -0.0012247 0.00357301 -0.000151584 0.0029226 -0.00271719 0.00989899 0.00247702 0.0121827 0.010415 0.0185714 0.0126136 0.000583708 0.000654932 0.00156753 0.00106641 0.000697879 0.00307086
internal_weight=53546 13070 12860 40476 24706 5489 99 210 2054 1763 10806 160 5390 19217 904 4486 5478 15770 198 4895 646 506 140 88 5328 3466 2421 2349 2264 762
internal_count=53546 13070 12860 40476 24706 5489 99 210 2054 1763 10806 160 5390 19217 904 4486 5478 15770 198 4895 646 506 140 88 5328 3466 2421 2349 2264 762
is_linear=0
shrinkage=0.05


Tree=12
num_leaves=31
num_cat=0
split_feature=4 16 4 5 13 11 11 6 5 5 2 10 6 13 15 2 3 6 5 11 10 9 13 10 1 11 11 16 8 5
split_gain=72.3531 26.2562 17.1306 16.1076 8.34299 6.11692 5.95944 5.7206 5.69627 4.39065 4.10788 3.76719 3.49777 3.4044 5.80552 3.52088 3.15403 3.05399 2.94509 2.92326 2.87579 2.80591 3.9707 12.6277 2.71787 2.71244 3.45137 2.64366 2.66981 3.11289
threshold=0.029202874312165391 -0.10167659895920765 0.019439015185144477 0.035361565640042572 25.505000114440922 0.041951569626952907 0.032599070140324489 0.30613722413834182 0.021153766527260302 0.024488037394164438 -0.069793345160782824 -0.020247537407416468 0.2542457379774789 13.525000095367433 0.011214827333544732 0.081479080110750016 -0.01534933701127794 1.2811840666209648 0.0096872539311481567 -0.0073194328445433934 -0.017312021268647334 0.25039520960085132 14.715000152587892 0.0017576081132453238 -0.042855336348547872 -0.0087471822006088256 -0.0084964938619227475 0.021082496193039705 0.10263651085682725 0.014938499309477533
decision_type=2 2 2 2 2 2 2 2 2 2 2 2 2 2 2 2 2 2 2 2 2 8 2 2 2 2 2 2 8 2
left_child=2 8 17 9 7 10 -5 27 -2 12 20 -9 -3 14 -13 -16 -10 18 -1 21 -6 22 23 -20 -12 -24 -27 28 29 -4
right_child=1 3 4 6 5 -7 -8 11 16 -11 24 13 -14 -15 15 -17 -18 -19 19 -21 -22 -23 25 -25 -26 26 -28 -29 -30 -31
leaf_value=-0.00032967813341305244 0.00058393325174780643 8.6617822019150489e-05 -8.3138908363179857e-05 0.0014656970524848179 -0.0002115059701477433 0.0008999862125041784 -1.4644898113471512e-05 0.00082854821974698886 0.0021180378204570032 0.00048704607634550971 0.00033287311168800972 0.0001018102546691637 0.00032160415452126787 7.6893928309070809e-06 0.00023190058673487385 0.0019952378625498657 0.0047314078890798722 -6.7349410698252813e-05 -7.9038335514820324e-05 -0.00023293810718965805 0.00040801033146884265 -0.00027701894636498624 -7.1805371825194448e-05 0.00070475587508378381 -8.201348629521261e-05 0.0022556307947065824 0.00014912857024417973 -0.00025223431824299353 -0.00025938837483346775 5.5310558003822399e-05
leaf_weight=5800 91 4482 7767 879 50 45 155 53 44 2360 111 706 2027 5825 66 67 42 2170 110 9676 128 635 1429 43 354 51 105 2853 1530 3722
leaf_count=5800 91 4482 7767 879 50 45 155 53 44 2360 111 706 2027 5825 66 67 42 2170 110 9676 128 635 1429 43 354 51 105 2853 1530 3722
internal_value=-0.000501725 0.00331349 -0.00138997 0.00297233 -0.00046763 0.00495639 0.00887814 -0.000632831 0.0224011 0.0022838 0.00370917 0.000590292 0.00161392 0.000484693 0.00346245 0.0130451 0.0316279 -0.00246241 -0.00267774 -0.00223214 0.0101685 -0.000659504 0.000379746 0.00807189 0.00123656 -0.000362777 0.00589743 -0.00115045 -0.000848377 -0.000587084
internal_weight=53376 10080 43296 9903 23277 688 1034 22589 177 8869 643 6717 6509 6664 839 133 86 20019 17849 12049 178 2373 1738 153 465 1585 156 15872 13019 11489
internal_count=53376 10080 43296 9903 23277 688 1034 22589 177 8869 643 6717 6509 6664 839 133 86 20019 17849 12049 178 2373 1738 153 465 1585 156 15872 13019 11489
is_linear=0
shrinkage=0.05


Tree=13
num_leaves=31
num_cat=0
split_feature=4 4 16 5 5 13 13 6 15 13 16 6 2 4 6 3 12 7 14 14 2 15 15 15 1 15 5 13 2 16
split_gain=62.7131 19.3613 15.6142 10.341 9.36672 8.75283 7.36795 6.15874 5.08956 4.6174 4.1733 3.51315 3.29515 3.2629 3.18008 2.81032 4.14208 2.77889 2.77038 2.92993 4.47729 2.99224 3.28452 3.13375 4.78301 2.76702 2.71758 2.71719 2.71004 3.5751
threshold=0.031488843317728533 0.01938076601861723 -0.10167659895920765 0.025557973724569149 0.035361565640042572 25.505000114440922 26.85000038146973 1.2053026729582885 0.00166658145669929 30.345000267028812 0.018912979918239928 0.98747814490783148 -0.030450477367255365 0.024798539534673706 2.8948801663501569 0.011990268509171955 -0.024923453703148576 -0.046685560185270918 0.047142331582309634 0.068214198873392098 -0.065341597343267263 -0.00048205293903291752 -0.012249833361804184 -0.012947114369412092 -0.043987343591932564 0.0024237805101907654 0.0095422356478708 22.429999351501468 0.0078174039930837286 -0.013288673439882657
decision_type=2 2 2 2 2 2 2 2 2 2 2 2 2 2 2 2 2 2 2 2 2 2 2 2 2 2 2 2 2 2
left_child=1 11 3 -2 14 7 8 13 12 -8 15 26 17 -3 18 -6 -17 -7 28 20 -20 22 23 -21 -25 -23 -1 -12 29 -4
right_child=2 5 4 -5 10 6 9 -9 -10 -11 27 -13 -14 -15 -16 16 -18 -19 19 21 -22 25 -24 24 -26 -27 -28 -29 -30 -31
leaf_value=-0.00031511527880955984 0.0011103774522713029 -0.0001050636501787025 0.00022275477310062879 0.0049429471463796042 0.0014083624753365824 0.00065512404596769437 -0.00012145186299195054 0.00016337708427610037 7.3024269596546623e-05 0.00032782613435955335 0.001236907147287844 -7.5812947928568118e-05 0.00092248023459472477 4.7502480486369828e-06 0.0010735868708522576 0.0019364980406750242 0.0010951341342245585 0.00040264338076562758 0.0011485953286348566 0.00030153962667046837 0.00051255634512935798 0.0006192259671593249 -0.00018879092278469299 0.0015171396694183088 0.00043964445132817155 0.00022288805078040359 -0.00019136790649231067 -0.00018118937871780948 0.00047712334897651921 1.5744388387075644e-05
leaf_weight=4942 124 13986 1113 42 508 54 390 3090 90 204 174 2809 65 7716 189 69 145 47 127 610 198 45 344 46 54 64 12008 122 1431 2558
leaf_count=4942 124 13986 1113 42 508 54 390 3090 90 204 174 2809 65 7716 189 69 145 47 127 610 198 45 344 46 54 64 12008 122 1431 2558
internal_value=-0.000471667 -0.00118951 0.00362112 0.0187952 0.00329806 -0.00028313 0.00470588 -0.00045418 0.0117969 0.00164983 0.00777014 -0.00236576 0.016988 -0.000751545 0.00262649 0.00981994 0.0146262 0.0113366 0.00244309 0.0043414 0.00853846 0.00316853 0.00235294 0.00429577 0.0125 0.011055 -0.00263717 0.00277027 0.00188945 0.00116998
internal_weight=53364 45401 7963 166 7797 25642 850 24792 256 594 1018 19759 166 21702 6779 722 214 101 6590 1488 325 1163 1054 710 100 109 16950 296 5102 3671
internal_count=53364 45401 7963 166 7797 25642 850 24792 256 594 1018 19759 166 21702 6779 722 214 101 6590 1488 325 1163 1054 710 100 109 16950 296 5102 3671
is_linear=0
shrinkage=0.05


Tree=14
num_leaves=31
num_cat=0
split_feature=4 13 5 5 11 6 11 13 6 6 8 13 13 13 11 13 13 0 11 13 6 11 13 11 5 0 13 13 13 8
split_gain=60.2435 17.594 14.2024 12.4047 7.08532 4.6001 4.51243 5.62251 4.02543 3.80856 5.32065 3.76571 3.72894 3.62461 3.54061 5.53654 10.7062 4.63622 3.84758 3.50089 3.48195 3.33725 7.86942 3.23594 3.16337 4.32071 3.01962 2.98597 2.76951 2.6305
threshold=0.027113784671713187 49.655000686645515 0.025557973724569149 0.01190103215924026 0.027231937128701426 0.21868903614365234 -0.0075284506861215674 25.505000114440922 0.96393820418028375 0.49492841846270902 -0.24449305385420342 14.715000152587892 20.980000495910648 14.465000152587892 -0.0095143176561332515 20.255000114440922 20.865000724792484 -0.0051521099310600218 -0.022024013564940267 13.744999885559084 0.19556747218645928 0.021459813769517781 24.119999885559086 -0.023324980459216712 0.037600234829605811 0.0088806929289132492 12.230000019073488 19.010000228881839 19.520000457763675 0.029319474809686556
decision_type=2 2 2 2 2 2 2 2 2 2 10 2 2 2 2 2 2 2 2 2 2 2 2 2 2 2 2 2 2 8
left_child=3 2 5 8 9 23 11 20 28 21 -11 13 -6 -5 18 -16 17 -17 29 -12 -8 24 27 -2 -4 -26 -22 -23 -1 -13
right_child=1 -3 4 6 12 -7 7 -9 -10 10 19 14 -14 -15 15 16 -18 -19 -20 -21 26 22 -24 -25 25 -27 -28 -29 -30 -31
leaf_value=-0.00024694906534619948 0.00023745313596789893 0.0035828646663461591 0.00037383690855746874 0.00019764676231887924 0.0010892449798508323 0.00029934961827400515 -0.00013847405038968003 0.00068622513111292081 -7.1811412074076922e-05 0.0026727853150568547 0.001585022163916751 0.00020692074409274109 -0.00020413192948302492 0.00096487824527129748 1.6587023401636615e-05 0.00049530388231155574 -4.7796643498552378e-05 0.00448286901979425 -0.00013055135349574037 0.00098708256633530246 0.0018478232471727746 0.0017096785497186164 0.0012369388930303356 3.4243506460084053e-05 0.0010391363586169443 0.001905283246178826 -9.6764102874789691e-06 -0.00030292213612364535 -6.9445603063597103e-05 -6.5077693651749457e-05
leaf_weight=14505 586 59 1353 206 194 3185 11352 51 3039 84 71 1147 399 64 382 43 84 49 2308 373 58 58 55 5912 259 208 5126 63 1706 593
leaf_count=14505 586 59 1353 206 194 3185 11352 51 3039 84 71 1147 399 64 382 43 84 49 2308 373 58 58 55 5912 259 208 5126 63 1706 593
internal_value=-0.000478983 0.00250447 0.00237891 -0.00142129 0.0053144 0.00143396 -0.000594746 -0.000987823 -0.00234286 0.00646989 0.0102462 0.000742411 0.000396289 0.00648148 0.000405991 0.00413978 0.0114773 0.0232609 -0.000108697 0.00806306 -0.00103895 0.00547094 0.0120455 0.000670974 0.00483516 0.0083833 3.4721e-05 0.00491735 -0.00265591 0.00166667
internal_weight=53572 12859 12800 40713 3117 9683 21463 16587 19250 2524 528 4876 593 270 4606 558 176 92 4048 444 16536 1996 176 6498 1820 467 5184 121 16211 1740
internal_count=53572 12859 12800 40713 3117 9683 21463 16587 19250 2524 528 4876 593 270 4606 558 176 92 4048 444 16536 1996 176 6498 1820 467 5184 121 16211 1740
is_linear=0
shrinkage=0.05


Tree=15
num_leaves=31
num_cat=0
split_feature=4 4 16 4 11 12 16 5 3 13 10 12 9 7 12 10 16 14 9 10 12 10 13 14 14 11 12 11 5 15
split_gain=51.8109 15.7732 10.8019 9.57999 4.93675 4.08756 3.37183 3.56485 2.99734 2.98582 6.48963 12.1385 5.07629 3.97343 2.87302 2.72852 2.60339 2.58579 3.71242 4.91046 5.45838 4.69922 2.52334 6.23631 13.324 8.44869 7.44284 3.12804 3.0897 2.85095
threshold=0.02624787489971343 0.044963563847301317 -0.10167659895920765 0.018190026786937128 -0.023324980459216712 -0.087458765142185854 0.036245743593820608 0.037600234829605811 -0.014599031058848464 13.554999828338625 0.0092143368425633438 0.046695407011373098 0.1680599091066767 0.020680390428482579 0.12832311621465078 -0.0069332481569183138 -0.020852659245516322 0.049298283120689408 -0.11747710812672273 -0.0072745157566194698 0.013329903509770149 -0.0063062560979271201 17.945000648498539 -0.068623004427642229 -0.073050802278400592 0.025734816417073651 0.020704081019033652 -0.035697705395590577 0.022887958944015682 0.010115608101725295
decision_type=2 2 2 2 2 2 2 2 2 2 2 2 10 2 2 2 2 2 10 2 2 2 2 2 2 2 2 2 2 2
left_child=3 5 -3 -1 8 -2 7 16 15 10 -6 -12 13 -13 17 -5 -4 22 19 -19 21 -21 23 24 25 -7 -26 -24 -25 -29
right_child=1 2 6 4 9 14 -8 -9 -10 -11 11 12 -14 -15 -16 -17 -18 18 -20 20 -22 -23 27 28 26 -27 -28 29 -30 -31
leaf_value=-0.00020527163383439733 0.00038949931216455285 0.0042445468838901114 4.6627722609580313e-05 0.0001491189197013919 -3.3374352966246206e-05 0.00014166959481452668 -3.6719625899011315e-05 0.001394537434464037 6.8671163704181674e-05 -0.00011047510693422354 -8.7647765168762969e-05 0.001055942528371539 0.00061253957440657889 0.0017271759859907546 0.000445433132567371 0.00037422256996970398 0.00074432392811847202 0.00027896859474825828 0.00011662119256455224 0.0013026959309077411 0.00023430695198526811 0.0010769378199025302 0.00026019225033102356 2.3655858974669472e-05 0.0016216421726346687 0.001089118391451555 0.000278927597650088 2.6408069322994589e-05 0.00048628424472788452 -0.00027543316455010694
leaf_weight=15663 134 68 380 86 2853 625 262 714 1539 18849 172 42 41 43 58 56 1308 589 1444 64 151 99 210 3647 53 75 41 2821 516 1013
leaf_count=15663 134 68 380 86 2853 625 262 714 1539 18849 172 42 41 43 58 56 1308 589 1444 64 151 99 210 3647 53 75 41 2821 516 1013
internal_value=-0.000528388 0.00205227 0.00546852 -0.00146452 -0.000829991 0.0012435 0.00496622 0.0055537 0.00178168 -0.00102955 0.000395111 0.00741611 0.0192063 0.0261765 0.0011415 0.00873239 0.00430095 0.00108477 0.00256284 0.00507752 0.0101274 0.0164724 0.000699366 0.00145552 0.00551637 0.00314286 0.0231915 -0.000227499 0.000680998 -0.000552949
internal_weight=53616 14272 2732 39344 23681 11540 2664 2402 1681 22000 3151 298 126 85 11406 142 1688 11348 2347 903 314 163 9001 4957 794 700 94 4044 4163 3834
internal_count=53616 14272 2732 39344 23681 11540 2664 2402 1681 22000 3151 298 126 85 11406 142 1688 11348 2347 903 314 163 9001 4957 794 700 94 4044 4163 3834
is_linear=0
shrinkage=0.05


Tree=16
num_leaves=31
num_cat=0
split_feature=4 4 11 4 3 2 6 4 6 6 11 6 12 13 15 15 13 1 10 10 10 10 10 11 12 12 10 6 14 13
split_gain=44.7599 14.7495 8.96182 8.89487 5.59729 4.58248 4.19668 3.53249 3.17625 3.07583 2.90469 2.70111 2.58922 2.63611 2.58194 7.23604 8.75173 4.16667 3.98555 3.39242 3.35472 2.73925 5.02142 4.29525 2.48225 2.47538 2.9482 2.41145 2.21564 2.21479
threshold=0.025588888459826861 0.039586262657954639 -0.043674056524097109 0.018605991963268981 0.013436983926600534 0.10613260649227586 1.2053026729582885 0.059975737414961899 0.27920938433565146 2.7686866833382786 -0.023775986944761848 -0.78709303220830729 -0.080083523859072289 26.284999847412113 0.0089466886118758655 0.0096756962150791343 19.010000228881839 -0.0039843944825049262 0.0095076274836749537 0.0092143368425633438 0.0044649128256998303 0.0067105018630921895 0.0063549494884102007 -0.022024013564940267 -0.075828254732232245 -0.0077541062485576564 -0.0063062560979271201 0.07238057621241091 0.040951993391927573 46.145000457763679
decision_type=2 2 2 2 2 2 2 2 2 2 2 2 2 2 2 2 2 2 2 2 2 2 2 2 2 2 2 2 2 2
left_child=3 8 4 27 -3 7 11 9 24 -4 25 28 -9 -14 -13 16 20 -18 19 21 -16 22 23 -17 -2 26 -8 -1 -5 -10
right_child=1 2 5 6 -6 -7 10 12 29 -11 -12 14 13 -15 15 18 17 -19 -20 -21 -22 -23 -24 -25 -26 -27 -28 -29 -30 -31
leaf_value=-0.00023064442592828907 0.00022132657231895914 0.00081461721674845286 0.00021355035545745504 -0.00023963202767692045 0.0039023121311446245 0.0012274721755789722 -0.00027483348673989306 0.0014051935382966554 0.000204118233863103 0.0016257598706592711 5.6801932544099681e-05 -8.1880199213915704e-05 0.0010505600803691825 8.2178340300586184e-08 0.00061495503888795875 0.00048087024702008391 0.0032143332223510258 0.0012809365523895799 -0.0002529514573290897 0.0005632487430249581 -0.00010865344091635844 -0.00032497302428948058 0.00047624549549769635 -4.8442953508213041e-06 7.3231278622014167e-06 0.00090283162950157065 0.00042893634396362948 -0.00012322163929034917 2.1279731204941756e-05 0.00037377063657877759
leaf_weight=10789 194 77 2344 3175 41 648 102 47 3496 60 2467 12050 593 187 71 61 42 56 874 87 200 268 51 572 7873 56 75 6266 723 44
leaf_count=10789 194 77 2344 3175 41 648 102 47 3496 60 2467 12050 593 187 71 61 42 56 874 87 200 268 51 572 7873 56 75 6266 723 44
internal_value=-0.000567188 0.00168739 0.00430698 -0.00149335 0.0178814 0.00389404 -0.000802677 0.00312442 0.000785301 0.00215474 0.00103704 -0.00107515 0.00594317 0.00525641 -0.000757746 0.000784398 0.00719512 0.02 -0.000452171 0.001641 0.00256457 0.00077731 0.00245614 0.00124013 0.000237386 0.00637339 0.00347458 -0.00234096 -0.00224218 0.0020339
internal_weight=53589 15604 3997 37985 118 3879 20930 3231 11607 2404 2700 18230 827 780 14332 2282 369 98 1913 1039 271 952 684 633 8067 233 177 17055 3898 3540
internal_count=53589 15604 3997 37985 118 3879 20930 3231 11607 2404 2700 18230 827 780 14332 2282 369 98 1913 1039 271 952 684 633 8067 233 177 17055 3898 3540
is_linear=0
shrinkage=0.05


Tree=17
num_leaves=31
num_cat=0
split_feature=5 5 1 6 14 5 6 12 6 16 11 10 15 8 11 11 11 14 12 5 10 10 9 12 8 5 14 5 16 11
split_gain=38.0661 15.6891 8.72554 7.09122 6.08376 4.47248 3.4211 3.53664 3.3483 3.23 3.21219 3.22308 2.92641 2.78508 2.80548 2.68818 4.77996 2.1349 3.5901 2.09796 2.087 2.54164 2.19743 5.10728 2.0021 1.98796 1.98395 1.94922 1.94876 4.33825
threshold=0.01978543560525186 0.01190103215924026 -0.12563069460339119 0.11663936244040039 0.058009640559056781 0.035361565640042572 0.96393820418028375 0.12832311621465078 0.93532405443460698 -0.036179446976329126 0.032599070140324489 0.0060647119333787644 -0.012947114369412092 0.10263651085682725 -0.023324980459216712 -0.022024013564940267 -0.022310337551763478 -0.041031725575055404 -0.031709491768756808 0.016239275210462575 0.00038115432096208496 -0.0018123893917819098 0.12187650381332561 -0.0072815226745224218 -0.1045258411689433 0.0090513015221452917 -0.091137781806863202 0.014449733133426278 0.020613012569667969 0.021459813769517781
decision_type=2 2 2 2 2 2 2 2 2 2 2 2 2 8 2 2 2 2 2 2 2 2 10 2 10 2 2 2 2 2
left_child=1 8 4 13 24 6 7 28 25 12 11 -7 -6 14 -3 16 20 18 -13 -17 21 22 -5 -24 -2 -1 -8 -16 29 -4
right_child=2 3 5 15 9 10 26 -9 -10 -11 -12 17 -14 -15 27 19 -18 -19 -20 -21 -22 -23 23 -25 -26 -27 -28 -29 -30 -31
leaf_value=-0.00029262331953279209 0.00020307263000538 0.00010014451281339689 0.00014796964284335032 9.47479695465592e-05 0.0015721196031589922 0.00090834989066036472 -0.00022328986575624273 0.0004180788611827428 -5.6238567406801732e-05 0.00079791787171366521 -3.4196438323945007e-05 0.0017933746925647672 0.0036612039532378533 -0.00024145999260137262 -0.0001106114323804043 4.6284357930158947e-06 0.0015857830995616485 0.001946516824494202 0.00060337923445721593 0.00018443492318213114 -0.00016718654576323945 0.00041549883449034709 0.00017449101590115326 0.0012387451297225136 0.00079068141164999415 -0.00017060149833978447 0.00077781106124534104 -2.5621138186679829e-05 -3.9214250394015656e-05 0.00072991171658641951
leaf_weight=3350 137 936 3611 745 66 579 84 51 3099 46 158 47 42 2039 7500 6687 40 65 115 1816 181 101 104 41 42 12772 632 7008 1211 268
leaf_count=3350 137 936 3611 745 66 579 84 51 3099 46 158 47 42 2039 7500 6687 40 65 115 1816 181 101 104 41 42 12772 632 7008 1211 268
internal_value=-0.000532266 -0.0010555 0.00286273 -0.000282743 0.0107658 0.00247691 0.00195749 0.00150652 -0.00214895 0.0180519 0.00563278 0.00691067 0.0227778 -0.000884575 -0.000655272 0.000800308 0.0030033 0.0119604 0.00888889 0.000486298 0.00242321 0.00332492 0.00247191 0.00810345 0.00449721 -0.00243828 0.00519553 -0.000826442 0.00137524 0.00192189
internal_weight=53573 46419 7154 27198 333 6821 5857 5141 19221 154 964 806 108 17483 15444 9715 1212 227 162 8503 1172 991 890 145 179 16122 716 14508 5090 3879
internal_count=53573 46419 7154 27198 333 6821 5857 5141 19221 154 964 806 108 17483 15444 9715 1212 227 162 8503 1172 991 890 145 179 16122 716 14508 5090 3879
is_linear=0
shrinkage=0.05


Tree=18
num_leaves=31
num_cat=0
split_feature=4 4 11 3 11 6 10 10 4 6 9 13 13 10 10 10 9 13 12 9 12 11 13 6 3 3 10 15 10 13
split_gain=38.0699 14.4999 7.46268 5.57108 5.46453 4.73019 4.63551 19.4326 4.4559 3.68678 3.47051 5.28904 3.34825 6.56628 3.17635 10.2546 11.1968 3.06428 2.79355 2.7246 2.4894 2.53504 3.12575 2.50203 2.56094 2.43983 4.82348 2.33104 2.32544 6
threshold=0.023501020857061967 0.044963563847301317 -0.043674056524097109 -0.01534933701127794 -0.0075284506861215674 0.2542457379774789 0.012020703086552011 0.012396471332785432 0.015490185206235874 0.41926147215537823 -0.093024378143085382 30.345000267028812 20.814999580383304 0.00054085357346300722 0.0025358686375718258 0.0017576081132453238 -0.21387403455603646 46.145000457763679 0.053746463317020383 -0.10865252686459835 0.02953543879256915 -0.013447724126553815 31.844999313354496 -0.7223789163632649 0.0046715080486704483 0.0081442279227851317 -0.00032911889046416393 0.018193740709000376 0.010591418284257028 17.369999885559086
decision_type=2 2 2 2 2 2 2 2 2 2 8 2 2 2 2 2 10 2 2 10 2 2 2 2 2 2 2 2 2 2
left_child=4 5 3 -3 6 10 14 -8 -6 12 11 28 -10 -14 15 18 -17 19 25 27 21 22 23 24 -4 -1 -27 -7 -2 -30
right_child=1 2 20 -5 8 17 7 -9 9 -11 -12 -13 13 -15 -16 16 -18 -19 -20 -21 -22 -23 -24 -25 -26 26 -28 -29 29 -31
leaf_value=-1.3364292722703101e-05 9.4696145598916037e-05 0.0017679639023468392 0.0009236232261119557 0.0036763198218011692 -0.00028180493916685396 0.00033390653170355924 0.0040374845955077916 -3.3872326914518727e-05 -0.00016811014324699008 -3.3761239572337945e-05 -1.9371654056375003e-05 0.00067098407830400934 0.00044775556553669016 -0.00015898955943970933 -0.00026784630747027599 3.6825517273077203e-05 0.0010055575153438384 0.00047421993632810436 -0.00047742842814398978 0.00010051818118866447 0.0014023047733461717 0.00032463306002858926 -9.0026680169733316e-05 0.00069548804969440611 0.0014876973704894924 0.0001503074046285151 0.0007915743684759575 -0.00063333293092689971 0.0013825907877772496 -2.606447992297863e-05
leaf_weight=4575 1409 57 41 40 5415 1686 54 228 15020 5325 10680 49 163 278 1244 74 56 65 365 3613 546 1529 158 350 42 266 42 121 60 100
leaf_count=4575 1409 57 41 40 5415 1686 54 228 15020 5325 10680 49 163 278 1244 74 56 65 365 3613 546 1529 158 350 42 266 42 121 60 100
internal_value=-0.000487504 0.00120315 0.00457293 0.0181959 -0.00153678 0.00067958 -0.000285343 0.00599291 -0.00186653 -0.00153373 0.00013498 0.00229295 -0.00192452 0.00236961 -0.000552704 -2.60332e-05 0.0138462 0.00190064 -0.000369666 0.00177122 0.00407727 0.00330189 0.00608291 0.00827944 0.0160843 -5.42711e-05 0.00425325 0.00335639 0.00178776 0.0075
internal_weight=53651 20546 2763 97 33105 17783 6904 282 26201 20786 12298 1618 15461 441 6622 5378 130 5485 5248 5420 2666 2120 591 433 83 4883 308 1807 1569 160
internal_count=53651 20546 2763 97 33105 17783 6904 282 26201 20786 12298 1618 15461 441 6622 5378 130 5485 5248 5420 2666 2120 591 433 83 4883 308 1807 1569 160
is_linear=0
shrinkage=0.05


Tree=19
num_leaves=31
num_cat=0
split_feature=4 4 16 5 11 11 13 10 10 10 1 10 10 10 10 16 13 8 12 15 12 13 15 11 5 12 13 16 15 15
split_gain=32.6711 12.6123 5.48843 5.08075 4.26197 3.68287 3.65951 5.72377 3.53072 3.5123 4.24519 3.29777 18.3797 4.09378 7.24896 7.59539 7.70776 2.97527 2.75129 2.72067 2.82359 2.6 6.38489 2.64681 2.37578 3.09129 3.52149 2.73459 2.47419 2.63721
threshold=0.023501020857061967 0.047753545817047396 -0.10167659895920765 0.009333432346687329 -0.0075284506861215674 -0.023324980459216712 20.814999580383304 0.00054085357346300722 0.0041080553382388816 -0.0018123893917819098 0.012952291465110457 0.012020703086552011 0.012396471332785432 0.0025358686375718258 0.0012830359695055196 -0.0027699273794946628 19.159999847412113 0.0012591339226453171 0.053746463317020383 0.011465316464633004 0.017951110302837473 13.484999656677248 0.015315461895203943 0.00053834779161687784 0.019928747835533795 0.12832311621465078 18.365000724792484 0.0039198128882216307 -1.0000000180025095e-35 -0.022074787833766204
decision_type=2 2 2 2 2 2 2 2 2 2 2 2 2 2 2 2 2 10 2 2 2 2 2 2 2 2 2 2 2 2
left_child=3 5 -3 -1 11 8 21 9 19 -8 -11 13 -13 14 18 16 17 -16 -5 20 -2 22 23 -6 -7 26 -26 28 29 -28
right_child=1 2 -4 4 6 24 7 -9 -10 10 -12 12 -14 -15 15 -17 -18 -19 -20 -21 -22 -23 -24 -25 25 -27 27 -29 -30 -31
leaf_value=-0.00024637192366833301 0.00015890042573495861 0.0034269919823679083 0.00067506278384186125 5.5911373926366891e-06 -0.00039077531565941066 3.107494674235346e-07 0.00010964634864602229 -0.00011428846225894777 -0.00016428589541547876 0.00013555395814935018 0.00070363607237984571 0.0038351332373401368 -3.514648068910225e-05 -0.00024409402738717449 0.00092133209577686384 -4.6932811138685468e-06 5.8671236681950644e-05 0.00092614130241275685 -0.00046140523809739598 0.00062943488934640772 0.00053023189254214028 -0.00015868977031727164 0.0017481565332476163 -2.0200344272008558e-05 0.00028457249710518576 0.0004211222966872181 0.00032275149175101645 -0.00016048019706559676 0.00052056984132193803 -0.00018162657267241508
leaf_weight=5089 1430 59 2246 3985 625 12166 101 340 277 51 66 46 225 1130 56 156 56 48 297 64 54 17176 57 3665 1948 51 86 1128 405 511
leaf_count=5089 1430 59 2246 3985 625 12166 101 340 277 51 66 46 225 1130 56 156 56 48 297 64 54 17176 57 3665 1948 51 86 1128 405 511
internal_value=-0.000534016 0.00103917 0.00452278 -0.00150276 -0.00123932 0.000596025 -0.00156039 0.00243727 0.00272603 0.00876147 0.0146581 -5.75108e-05 0.0053321 -0.000312501 0.000350151 0.00765823 0.0153125 0.0233654 -0.000189165 0.00365633 0.00322102 -0.00166404 -0.00057166 -0.000792542 0.00035747 0.0013938 0.0012408 -0.00016432 0.00173653 -0.000309884
internal_weight=53594 20425 2305 33169 28080 18120 22081 558 1825 218 117 5999 271 5728 4598 316 160 104 4282 1548 1484 21523 4347 4290 16295 4129 4078 2130 1002 597
internal_count=53594 20425 2305 33169 28080 18120 22081 558 1825 218 117 5999 271 5728 4598 316 160 104 4282 1548 1484 21523 4347 4290 16295 4129 4078 2130 1002 597
is_linear=0
shrinkage=0.05


Tree=20
num_leaves=31
num_cat=0
split_feature=4 4 11 11 13 13 12 1 9 16 16 13 12 5 4 9 16 16 11 16 12 15 11 14 11 2 14 13 13 16
split_gain=30.7743 10.5343 4.51986 4.30587 3.97218 8.22173 7.02705 3.69597 3.63842 3.83588 9.6599 5.20532 7.52145 3.78386 3.45686 3.17903 2.91324 3.7439 4.5534 7.80454 7.39758 6.99572 9.71102 6.71385 3.98943 3.56663 3.55032 3.43594 3.41252 2.87065
threshold=0.022055152413019519 0.038365175612427527 -0.043674056524097109 -0.0075284506861215674 25.505000114440922 26.85000038146973 -0.029032360146205412 -0.1509673176125432 0.25539782694255969 -0.0020834957516984716 -0.004548480555311484 14.715000152587892 0.044456932771925313 0.012004254767287529 0.015490185206235874 0.22581495126321574 0.025500589270340938 0.013600539479629139 0.0029094818078184708 0.014721828577338504 0.0090148119717247139 -0.0022134531198421121 0.015047033906525955 0.01016731697942619 0.0065559076404506653 0.14687347346681526 0.0080830591469587282 12.454999923706056 18.015000343322757 0.024133715917547208
decision_type=2 2 2 2 2 2 2 2 8 2 2 2 2 2 2 10 2 2 2 2 2 2 2 2 2 2 2 2 2 2
left_child=3 4 7 8 16 6 -6 -3 9 10 11 12 -1 -12 -5 -4 17 -2 -19 20 -20 22 -21 -24 26 -22 -23 -18 29 -26
right_child=1 2 15 14 5 -7 -8 -9 -10 -11 13 -13 -14 -15 -16 -17 27 18 19 21 25 24 23 -25 28 -27 -28 -29 -30 -31
leaf_value=0.00071655891576775065 -2.7601136614212925e-06 0.0032899121295862028 0.00030144084677694049 -0.00025743442150099699 0.00031344117530437873 5.5978153668796721e-05 0.001197146977799633 0.00065292209778370605 -0.00018146921248435649 -0.000150072215426668 0.00088397709084588592 6.3347812808612247e-06 4.7698064422941817e-05 0.0022857255248093164 -0.00012962714129229118 0.0011026496224043013 0.0018689557551444344 -0.00012366289287610069 0.0010085159833812527 0.00090447735551831454 0.00032791290925173096 0.00077172632959369492 0.00044219295914782014 -0.00038641452190236694 7.1357570416470692e-05 0.00074412245326800478 -0.00010363529486047243 -0.00015657684990410446 -0.00032783619478578648 0.00062681329393739302
leaf_weight=54 13128 51 3597 5391 197 792 72 97 1631 1230 80 2733 105 54 17562 675 47 576 40 70 256 88 124 132 1217 49 66 2760 498 91
leaf_count=54 13128 51 3597 5391 197 792 72 97 1631 1230 80 2733 105 54 17562 675 47 576 40 70 256 88 124 132 1217 49 66 2760 498 91
internal_value=-0.000545519 0.00075275 0.0029638 -0.00165395 0.000269018 0.00324694 0.0107993 0.0115541 -0.000447598 0.000321897 0.00127891 0.000670815 0.00946541 0.014403 -0.00196336 0.0026662 0.000103959 0.000359656 0.00189117 0.00277271 0.00978261 0.00171478 0.00849693 0.00398437 0.000586734 0.00713115 0.00831169 -0.00138404 -7.19835e-05 0.00126911
internal_weight=53463 24623 4420 28840 20203 1061 269 148 5887 4256 3026 2892 159 134 22953 4272 19142 16335 3207 2631 345 2286 326 256 1960 305 154 2807 1806 1308
internal_count=53463 24623 4420 28840 20203 1061 269 148 5887 4256 3026 2892 159 134 22953 4272 19142 16335 3207 2631 345 2286 326 256 1960 305 154 2807 1806 1308
is_linear=0
shrinkage=0.05


Tree=21
num_leaves=31
num_cat=0
split_feature=4 4 13 6 6 2 6 4 8 16 4 15 10 13 8 8 16 13 16 13 13 12 10 15 10 14 12 12 15 15
split_gain=28.9667 7.8463 6.33125 4.74625 4.0952 3.41068 3.37913 3.15674 2.85756 2.84094 2.74182 2.33371 2.31676 2.03154 2.17144 1.9056 2.19816 6.34749 3.09878 4.80583 3.66737 5.1082 3.69833 4.56007 3.67657 3.35158 2.20764 3.49977 2.28084 2.05844
threshold=0.023339034639067568 0.036673664903870688 49.655000686645515 0.34559152213077621 2.7686866833382786 0.090916704191914235 1.2053026729582885 0.017416120139627556 -0.20484993810925459 0.036245743593820608 0.086294166234993822 -0.012249833361804184 0.0022948798930048091 30.345000267028812 -0.042050685289536142 0.19730010622319419 0.021082496193039705 25.505000114440922 0.013600539479629139 14.715000152587892 18.260000228881839 0.029255274233742638 0.010655373456526786 -0.0016269360804007647 -0.0029742102449409331 -0.03286597934359297 0.013329903509770149 0.014776412045584443 -0.0065046051834283239 0.0086357761346952406
decision_type=2 2 2 2 2 2 2 2 10 2 2 2 2 2 10 8 2 2 2 2 2 2 2 2 2 2 2 2 2 2
left_child=3 6 4 7 5 9 13 -1 -6 10 -3 -5 -7 15 -15 16 18 26 -2 -20 22 -22 23 24 -21 -23 -18 -28 -29 -30
right_child=1 2 -4 11 8 12 -8 -9 -10 -11 -12 -13 -14 14 -16 -17 17 -19 19 20 21 25 -24 -25 -26 -27 27 28 29 -31
leaf_value=-0.00019612765556228646 1.2628561091054786e-05 0.00022808053910504302 0.0028499684383389984 0.000119517481452896 0.002342633985194768 0.0004354453661978687 0.00023074057722125409 -9.9403783169707536e-05 0.0011852292115062601 -0.00016051292859656821 0.0014160197965826212 -6.2350499451894675e-05 0.0011729184083270642 0.0003945522643423888 -3.0392259062960892e-05 -0.00024521056371765848 -0.00026144783207149763 0.0014012683180292041 -0.00023343373519571899 0.0001355533710124491 -0.0005177506248513718 0.0003497766473785879 0.0010032525251350635 0.00021580355819462277 0.00088102465892073297 -1.773342595498628e-05 0.00085873886942368013 0.00037972478331792074 -0.00020502071389407015 0.0001408126659312389
leaf_weight=9328 8786 3582 46 878 41 432 2029 14113 110 369 155 8239 356 107 104 719 1142 48 410 46 212 56 57 522 81 58 42 56 910 432
leaf_count=9328 8786 3582 46 878 41 432 2029 14113 110 369 155 8239 356 107 104 719 1142 48 410 46 212 56 57 522 81 58 42 56 910 432
internal_value=-0.000538287 0.000914003 0.00262129 -0.00147091 0.00245292 0.0022027 0.00036448 -0.00184741 0.0105629 0.00162445 0.00203773 -0.000502908 0.00521573 8.41299e-05 0.00495261 8.46901e-06 0.000148544 -0.00114069 0.000480054 0.00262829 0.00444767 6.13485e-05 0.00647309 0.00540062 0.0138976 0.00859649 -0.0014756 -0.000173612 -0.00060086 -0.00101341
internal_weight=53466 20908 5091 32558 5045 4894 15817 23441 151 4106 3737 9117 788 13788 211 13577 12858 2630 10228 1442 1032 326 706 649 127 114 2582 1440 1398 1342
internal_count=53466 20908 5091 32558 5045 4894 15817 23441 151 4106 3737 9117 788 13788 211 13577 12858 2630 10228 1442 1032 326 706 649 127 114 2582 1440 1398 1342
is_linear=0
shrinkage=0.05


Tree=22
num_leaves=31
num_cat=0
split_feature=4 4 1 13 13 12 12 16 9 13 12 2 13 11 14 15 0 14 14 10 9 16 16 14 13 10 12 13 4 12
split_gain=26.6695 9.74696 5.40924 3.92979 8.36023 3.68121 3.40537 4.36314 4.46051 4.02541 3.5392 3.99978 3.37703 3.37546 3.81752 2.99306 4.59853 2.78256 9.23633 15.2742 3.3798 8.7386 4.05119 2.959 2.90284 7.51788 5.65476 2.7439 2.52753 2.49047
threshold=0.022055152413019519 0.034897727023710981 -0.1509673176125432 25.505000114440922 26.85000038146973 -0.029032360146205412 -0.01116014011506866 -0.034933523755742595 0.07965714788110613 20.060000419616703 -0.0093119060190361962 -0.02377356764363114 26.494999885559086 -0.0075284506861215674 0.15436855290822041 0.011465316464633004 0.010194545991510819 -0.067583665573298909 -0.071225645536492452 0.010655373456526786 -0.12724311962808418 0.0060903702732550977 0.013782196603786325 0.15436855290822041 13.59500026702881 0.0092143368425633438 0.046695407011373098 18.904999732971195 0.014702542071670576 0.053746463317020383
decision_type=2 2 2 2 2 2 2 2 8 2 2 2 2 2 2 2 2 2 2 2 10 2 2 2 2 2 2 2 2 2
left_child=13 3 12 6 5 -5 -2 8 -8 -10 11 -9 -3 29 28 -6 -17 18 20 27 21 -12 -23 24 25 -19 -27 -20 -15 -1
right_child=1 2 -4 4 15 -7 7 10 9 -11 17 -13 -14 14 -16 16 -18 23 19 -21 -22 22 -24 -25 -26 26 -28 -29 -30 -31
leaf_value=-1.384522236265555e-05 -9.5744056869451311e-05 0.0010209748226827915 0.0002645905674174322 0.00036022578289347877 -5.0902061722475819e-05 0.00092495581043193606 -3.1591506382552077e-07 0.00053805347383008729 0.0001372569066627833 0.00060056945529426444 -0.00012508885386505611 -7.2766326287835808e-05 0.0026343970046292259 -0.00025063403323236474 0.00025714829333572942 0.00060111323496812559 -7.9003368056186076e-05 6.6921083217438737e-05 0.0003431408313508983 0.0028085849535027193 -7.0441060266161973e-05 0.00098469947192459371 0.00060078254278572252 0.00036051381427754938 -5.7133729695133754e-05 9.7534629896531939e-06 0.0011507439086772988 -0.00025246922248825803 -0.0001262162393058484 -0.0004432942470384155
leaf_weight=5553 3803 141 5734 173 500 69 135 89 60 76 220 69 67 3832 120 50 59 1685 66 56 1177 42 81 190 9992 57 76 76 19052 329
leaf_count=5553 3803 141 5734 173 500 69 135 89 60 76 220 69 67 3832 120 50 59 1685 66 56 1177 42 81 190 9992 57 76 76 19052 329
internal_value=-0.000506164 0.00069858 0.00246382 0.000140683 0.00346063 0.0113223 -1.67143e-05 0.000340354 0.00662362 0.0130147 0.000217641 0.00765823 0.0103846 -0.00153812 -0.00181143 0.000336616 0.00784404 0.000131942 0.00201397 0.0121717 0.000690788 0.00505831 0.0157317 -0.000137501 -0.000237088 0.00160066 0.0130451 0.0034507 -0.00185807 -0.000469229
internal_weight=53629 24743 5942 18801 851 242 17950 14147 271 136 13876 158 208 28886 23004 609 109 13718 1718 198 1520 343 123 12000 11810 1818 133 142 22884 5882
internal_count=53629 24743 5942 18801 851 242 17950 14147 271 136 13876 158 208 28886 23004 609 109 13718 1718 198 1520 343 123 12000 11810 1818 133 142 22884 5882
is_linear=0
shrinkage=0.05


Tree=23
num_leaves=31
num_cat=0
split_feature=4 4 4 6 6 6 14 15 1 6 11 16 14 14 13 12 10 9 15 14 12 11 10 15 13 15 11 9 5 12
split_gain=23.482 6.80956 6.16291 4.11285 3.55528 3.43296 2.78317 3.29211 2.82731 2.76472 2.20504 2.1971 2.61373 2.15006 2.10146 3.46728 4.2755 2.53943 2.23659 2.16936 2.66477 2.15949 2.42468 7.61791 2.43608 3.17528 2.08601 2.06926 1.99992 2.18898
threshold=0.024252800951294614 0.044963563847301317 0.017710880212020819 -0.76102958256206876 2.7686866833382786 0.019047823395013846 0.040951993391927573 -0.0037053752716698636 -0.0077755586867178641 1.2053026729582885 0.036250351573326463 0.025989771031771917 0.065842641676127869 -0.0066427814256201914 13.59500026702881 0.046695407011373098 0.0092143368425633438 0.1680599091066767 0.014425208851226114 -0.043478201036805324 0.078665433833488688 -0.0075284506861215674 0.012020703086552011 0.0098217978943738755 14.715000152587892 0.0029048202535676419 0.031328767211223359 0.054254130113815087 0.021403607572290224 0.12384637745116912
decision_type=2 2 2 2 2 2 2 2 2 2 2 2 2 2 2 2 2 8 2 2 2 2 2 2 2 2 2 8 2 2
left_child=2 5 27 6 10 11 -4 -8 -9 14 -3 28 -13 -11 15 18 19 -18 -5 -17 -21 22 24 -24 25 -16 -15 -1 -2 -30
right_child=1 4 3 9 -6 -7 7 8 -10 13 -12 12 -14 26 21 16 17 -19 -20 20 -22 -23 23 -25 -26 -27 -28 -29 29 -31
leaf_value=-8.2947132009134571e-05 -1.3289330218398547e-05 0.00063424566483855679 -0.00021481161304214886 -5.4346674092771183e-05 0.0037885220834281172 0.00012577577579720895 -0.00019531745099461803 0.00048179230724706252 2.9569393236693057e-05 -3.360900677332439e-05 -0.00010500357805588853 -0.00022221674133360639 0.0015208003481875986 0.00016969495937734972 1.5135076140805442e-06 0.0010972034184106587 0.00096723021285190659 0.00027582746628772618 0.00047151142263710926 -8.4351071429256911e-05 0.00048842509743678012 -0.00010550501319226472 0.0025519118206058945 -0.00031742451267977468 -3.1250401356598097e-05 0.00058779972308673119 0.0018634819153356562 -0.00017899508705104033 0.00015665361203352863 0.00035074328941744269
leaf_weight=3329 6754 2369 3395 1431 77 6132 437 116 241 1337 297 1347 48 1313 92 42 57 50 40 318 72 8876 74 87 2972 56 40 10596 1489 41
leaf_count=3329 6754 2369 3395 1431 77 6132 437 116 241 1337 297 1347 48 1313 92 42 57 50 40 318 72 8876 74 87 2972 56 40 10596 1489 41
internal_value=-0.000498366 0.000939419 -0.00126119 -0.000721278 0.00323915 0.000540445 -0.00212342 0.000541561 0.00410364 -0.000372843 0.00293323 -4.5977e-05 -0.00188172 0.00109665 -0.000651868 0.00084577 0.00427644 0.0132243 -0.000411286 0.00206018 0.000897435 -0.000899483 0.000196585 0.00618012 -0.000112181 0.00614865 0.00250185 -0.0020772 0.000263157 0.00189542
internal_weight=53525 18554 34971 21046 2743 15811 4189 794 357 16857 2666 9679 1395 2690 14167 2010 539 107 1471 432 390 12157 3281 161 3120 148 1353 13925 8284 1530
internal_count=53525 18554 34971 21046 2743 15811 4189 794 357 16857 2666 9679 1395 2690 14167 2010 539 107 1471 432 390 12157 3281 161 3120 148 1353 13925 8284 1530
is_linear=0
shrinkage=0.05


Tree=24
num_leaves=31
num_cat=0
split_feature=5 5 6 6 11 5 5 8 16 3 16 13 11 13 6 16 14 16 15 15 10 16 15 10 15 11 10 15 10 16
split_gain=20.6799 7.5613 4.26945 4.01577 3.23691 3.28611 3.01515 3.01502 2.6616 2.46188 2.5431 2.45718 2.06046 5.82166 2.56619 2.23351 2.88139 3.06122 2.20871 2.03153 3.4194 3.52925 2.87355 2.5026 2.43768 3.51806 2.6236 2.02433 1.99668 1.91467
threshold=0.013754034053789518 0.021403607572290224 0.2426294089274888 -0.52815897732993544 0.027231937128701426 0.037600234829605811 0.009333432346687329 0.10661259777995126 -0.034933523755742595 -0.0097015500334678966 -0.044876723421484459 20.980000495910648 0.0099206005901721923 24.119999885559086 2.7686866833382786 0.020613012569667969 -0.047825209867674183 0.015464388226064109 0.0020472759570243641 0.0089466886118758655 0.013844787315234976 0.037213880695319064 0.014425208851226114 0.0043154223195999162 0.012481403126499037 0.025734816417073651 0.012020703086552011 0.011052406969641161 -0.013932246020769588 0.0054408011801468934
decision_type=2 2 2 2 2 2 2 8 2 2 2 2 2 2 2 2 2 2 2 2 2 2 2 2 2 2 2 2 2 2
left_child=3 2 7 -1 5 12 -5 -2 9 28 -11 -6 14 15 -3 16 27 29 -19 -10 21 24 23 -23 25 26 -21 -14 -8 -18
right_child=1 4 -4 6 11 -7 8 -9 19 10 -12 -13 13 -15 -16 -17 17 18 -20 20 -22 22 -24 -25 -26 -27 -28 -29 -30 -31
leaf_value=-0.00016369997053891877 -8.0609626567716585e-06 0.0001717914497350338 0.00011048040553728791 -0.00017480864318851778 0.00046424331386231378 0.0010526982830509127 0.00027217229326334633 -0.00023341008617667059 -8.1569643831099536e-05 -0.00017313741599975251 0.0001136387114391402 -0.00022401192453779027 0.00067607856945411547 0.00087915729269778743 0.00188816873877548 -9.5732651541439247e-05 0.00059193611917327156 0.0010988024994191858 0.00062078206351960739 6.2137946466413874e-05 -0.00020614383311241005 -0.0002775186566416384 0.0014227289085486008 0.00044850923820994291 -0.00016246383409932022 0.00051303256589186317 0.0024264799583643207 0.00019836096358031107 0.00063924225200663414 -0.00037918983801528135
leaf_weight=9384 11136 2687 5590 3570 403 693 81 1457 13577 296 331 554 143 79 73 288 225 41 47 1076 525 64 61 128 708 58 52 68 49 176
leaf_count=9384 11136 2687 5590 3570 403 693 81 1457 13577 296 331 554 143 79 73 288 225 41 47 1076 525 64 61 128 708 58 52 68 49 176
internal_value=-0.00049422 0.000610734 0.000120166 -0.00136682 0.00223936 0.00279867 -0.000975895 -0.000390297 -0.000698578 0.00219947 0.000901115 -0.0004023 0.00222498 0.00409091 0.00150362 0.00304656 0.00457143 0.00246421 0.0109091 -0.000833591 0.000426646 0.00131113 0.00685771 0.00385417 0.000570221 0.00195615 0.00133865 0.00945498 0.00846154 0.000610971
internal_weight=53620 23660 18183 29960 5477 4520 20576 12593 17006 757 627 957 3827 1067 2760 988 700 489 88 16249 2672 2147 253 192 1894 1186 1128 211 130 401
internal_count=53620 23660 18183 29960 5477 4520 20576 12593 17006 757 627 957 3827 1067 2760 988 700 489 88 16249 2672 2147 253 192 1894 1186 1128 211 130 401
is_linear=0
shrinkage=0.05


Tree=25
num_leaves=31
num_cat=0
split_feature=5 1 6 5 13 9 10 13 14 6 13 13 13 12 13 10 10 3 0 5 8 13 16 16 16 12 8 5 15 15
split_gain=17.5742 6.48885 4.28572 4.04595 4.45603 3.83331 3.98399 4.7752 5.03532 3.47464 3.37047 3.20791 2.81667 2.77677 2.74203 3.97212 6.35587 2.95301 2.64436 2.53835 2.37744 2.30079 2.82222 2.09526 4.46168 2.30521 2.09179 2.06245 2.05913 6.78737
threshold=0.013754034053789518 -0.10999245931774863 1.0000000180025095e-35 0.025000907195812536 24.695000648498539 -0.079932606726859853 0.010591418284257028 19.440000534057621 -0.073050802278400592 0.21868903614365234 49.655000686645515 30.345000267028812 24.385000228881839 -0.071455492513037885 19.295000076293949 0.012020703086552011 0.015605167538648159 -0.013909413656140899 -0.06006249756249759 0.011184660094376743 0.17718596937131895 12.325000286102297 0.021082496193039705 0.01645404907047732 0.016961649191924114 0.037030604996718515 -0.24449305385420342 0.0083120054977481057 1.0000000180025095e-35 -0.00028890583246854446
decision_type=2 2 2 2 2 8 2 2 2 2 2 2 2 2 2 2 2 2 2 2 8 2 2 2 2 2 10 2 2 2
left_child=2 10 14 5 12 6 11 8 -8 20 18 28 -5 -6 19 17 -17 -16 26 -1 -7 -11 -23 -19 -25 -26 -2 -4 29 -3
right_child=1 3 27 4 13 9 7 -9 -10 21 -12 -13 -14 -15 15 16 -18 23 -20 -21 -22 22 -24 24 25 -27 -28 -29 -30 -31
leaf_value=-0.00020316575277562018 0.0024266105751232048 0.00011464147118217829 -0.0002258345068595233 0.00041045968975430853 0.00030196236237070497 -3.8161899033823478e-05 0.0002534242505572429 -0.00010485358576452659 0.0012619222909208987 0.0016704972425831519 0.0028626562553286444 0.00040905716375857625 0.00040557765132957297 -0.00022120933213520453 0.00032693949728042777 0.0031759119595397914 -0.00010924192069767434 -0.0001089653793678227 0.00023124859913748223 -9.8434106675282865e-05 -0.00028473826193028409 0.00013724416686441466 -0.00013687164851640209 0.00063127444306032045 -0.00018313145599662106 0.00039569419922922864 0.00030479821322795114 -2.8601950309021636e-05 -7.1252340495366374e-05 0.0017011483431388329
leaf_weight=7806 54 1137 845 2250 145 11227 70 90 82 61 47 72 54 625 53 40 54 1721 437 7545 880 4060 1107 48 196 68 89 11507 1060 65
leaf_count=7806 54 1137 845 2250 145 11227 70 90 82 61 47 72 54 625 53 40 54 1721 437 7545 880 4060 1107 48 196 68 89 11507 1060 65
internal_value=-0.000511731 0.000507791 -0.00131731 0.000370893 0.00205921 0.000110239 0.00190994 0.00801653 0.0134211 -0.000157198 0.00552631 0.00127678 0.00315972 -0.00123377 -0.00181992 -0.000160552 0.00989362 -0.000613616 0.00448276 -0.00205557 -0.000622368 0.000920045 0.000806076 -0.000917365 0.00285256 0.000303029 0.0103846 -0.000603952 0.000946064 0.00236273
internal_weight=53495 23612 29883 22985 3074 19911 2576 242 152 17335 627 2334 2304 770 17531 2180 94 2086 580 15351 12107 5228 5167 2033 312 264 143 12352 2262 1202
internal_count=53495 23612 29883 22985 3074 19911 2576 242 152 17335 627 2334 2304 770 17531 2180 94 2086 580 15351 12107 5228 5167 2033 312 264 143 12352 2262 1202
is_linear=0
shrinkage=0.05


Tree=26
num_leaves=31
num_cat=0
split_feature=4 5 16 6 11 10 6 5 11 16 11 13 13 10 14 13 14 6 10 2 10 16 16 13 10 7 5 8 11 9
split_gain=17.2658 7.26424 4.18428 3.94175 3.63274 3.48405 3.05363 3.02306 3.26717 3.00508 3.33838 4.3245 2.54628 2.47524 4.63097 9.45894 10.0373 2.9421 2.78946 4.93802 3.58101 2.44733 9.42337 3.75233 9.53271 2.35421 2.3338 2.2989 2.24292 2.22953
threshold=0.021715136469089461 0.025000907195812536 0.021082496193039705 1.2053026729582885 -0.023324980459216712 0.0041080553382388816 1.4899927811737523 0.0099533592454552205 -0.0073194328445433934 -0.10167659895920765 0.0093718166333225401 23.529999732971195 19.440000534057621 -0.008698781123315567 0.040951993391927573 25.19999980926514 0.041854253665611248 -0.29005247388119249 -0.0066375286305050954 -0.061344700839214054 -0.0072745157566194698 -0.0027699273794946628 -0.0048666621119992084 14.715000152587892 0.0017576081132453238 0.049949164629620853 0.040454504502857348 0.086254984203632437 -0.017068833431084392 0.11420092678091422
decision_type=2 2 2 2 2 2 2 2 2 2 2 2 2 2 2 2 2 2 2 2 2 2 2 2 2 2 2 10 2 10
left_child=3 4 9 7 5 29 13 -1 21 -3 26 -12 -4 -6 17 16 -16 -15 19 20 -18 22 23 24 -9 -13 27 -11 -28 -2
right_child=1 2 12 -5 6 -7 -8 8 -10 10 11 25 -14 14 15 -17 18 -19 -20 -21 -22 -23 -24 -25 -26 -27 28 -29 -30 -31
leaf_value=-0.00017010554690691267 0.00014029509479079996 0.003149208704637313 0.00058145291266322417 2.839482339889798e-05 -0.00019972758888231443 -0.00018797012166024604 0.00020922026201139487 -2.7042017482650171e-05 -0.00011799109692109457 8.8681130043194976e-05 0.00074893321977917134 0.00091063606791495864 -0.00026735766657568779 -9.9907847108361732e-05 0.0021144053526171692 0.0013910842581038208 0.0003307430651791997 3.3103767744109658e-05 -5.1370183360887832e-06 0.0001557367184509326 0.0013201989687708828 -0.00013650670255358765 0.0011761519362220459 -1.5068632482619743e-05 0.00074714893432746999 0.00027415082358247524 0.0012411608821945828 0.00083601370139094959 0.00058135597486098629 0.00032035370518872447
leaf_weight=6767 1592 44 352 3338 1826 317 1996 107 14096 1243 576 68 491 7722 57 63 43 6551 1539 317 40 980 145 2396 40 42 109 220 204 274
leaf_count=6767 1592 44 352 3338 1826 317 1996 107 14096 1243 576 68 491 7722 57 63 43 6551 1539 317 40 980 145 2396 40 42 109 220 204 274
internal_value=-0.000492486 0.000442652 0.00261421 -0.00135437 0.000117069 0.00205451 -9.27867e-05 -0.00157372 -0.00123114 0.00363926 0.0034078 0.00637026 -0.000432979 -0.00029684 -0.000101642 0.0021151 0.00151302 -0.000421426 0.000905105 0.004625 0.0154819 9.81449e-05 0.000877975 0.000171057 0.00792517 0.0154545 0.00226351 0.00142515 0.00618211 0.00287781
internal_weight=53555 25686 3349 27869 22337 2183 20154 24531 17764 2506 2462 686 843 18158 16332 2059 1996 14273 1939 400 83 3668 2688 2543 147 110 1776 1463 313 1866
internal_count=53555 25686 3349 27869 22337 2183 20154 24531 17764 2506 2462 686 843 18158 16332 2059 1996 14273 1939 400 83 3668 2688 2543 147 110 1776 1463 313 1866
is_linear=0
shrinkage=0.05


Tree=27
num_leaves=31
num_cat=0
split_feature=4 1 5 6 14 15 5 13 14 11 11 11 12 9 9 6 10 15 13 15 11 13 14 11 11 10 2 10 5 14
split_gain=16.4469 4.71468 4.51882 4.07794 2.71186 3.1569 2.54429 2.83864 3.88765 4.76427 2.62735 9.80999 3.21667 2.51528 2.39749 2.38505 2.22537 2.97959 3.15264 3.84271 3.97824 3.79016 3.60853 2.87621 2.20668 3.84332 3.39617 2.18857 3.21441 2.18586
threshold=0.024252800951294614 -0.10999245931774863 0.009637598118722555 -0.77821795178446729 0.040951993391927573 -0.0035913979855831109 0.01978543560525186 17.090000152587894 -0.068623004427642229 0.023858934510878397 0.022655282977909755 0.021459813769517781 0.12832311621465078 0.035437178365147599 -0.25184813759963826 0.11663936244040039 0.013844787315234976 0.0089466886118758655 15.825000286102297 0.00952174830497521 0.0051016705998240272 15.574999809265138 -0.017376391061688031 0.0053660199298344322 0.034590351886677258 0.0067105018630921895 0.061609716170693669 0.0066242939925211805 0.013426368332186196 0.03406338940495391
decision_type=2 2 2 2 2 2 2 2 2 2 2 2 2 8 8 2 2 2 2 2 2 2 2 2 2 2 2 2 2 2
left_child=2 -2 -1 4 -4 -6 29 8 9 -8 11 12 -9 -13 -12 -10 17 -5 21 20 -20 22 -19 -23 25 -24 -26 -25 -29 -3
right_child=1 6 3 16 5 -7 7 10 15 -11 14 13 -14 -15 -16 -17 -18 18 19 -21 -22 23 24 27 26 -27 -28 28 -30 -31
leaf_value=-0.00016753505210979181 0.00052714342091644514 -2.28470520426779e-05 -0.00021267138075142054 -4.8426372975023167e-05 -0.00014938279572349533 0.00019280938081956092 0.00088182437580300158 8.3134301209379725e-05 0.00012421358982441988 0.0013622343649381627 0.0017316512965840658 0.00011073950252945826 0.00025874865688774038 0.0016067142721283498 -0.00019061280273564667 0.00079552829927976231 -0.00020052458527470299 -8.8601172263502969e-05 0.0031831627267778309 -0.00013522936157119868 8.1453539798696079e-05 -7.9819548248910967e-05 0.00036150176872285677 7.4726136084818858e-05 9.7789962560669227e-05 -0.00021676379538004958 0.0014292432431308308 0.00066332996431707144 0.00040071266822932729 9.5404924845478233e-05
leaf_weight=6337 670 8417 4590 19183 613 435 155 3293 1266 40 49 50 44 41 1013 603 956 541 59 1356 121 51 340 43 42 153 40 65 42 2901
leaf_count=6337 670 8417 4590 19183 613 435 155 3293 1266 40 49 50 44 41 1013 603 956 541 59 1356 121 51 340 43 42 153 40 65 42 2901
internal_value=-0.000470857 0.000732929 -0.00110919 -0.000841776 -0.00204683 0.00024809 0.000578557 0.00136253 0.00289729 0.00961538 0.000657014 0.00133022 0.000888521 0.0175275 -0.00151601 0.00219636 -0.000546278 -0.00044382 0.00106379 -0.000475262 0.00638889 0.00285877 0.00172043 0.0091791 0.00447826 0.00321501 0.0120732 0.0126667 0.0164953 0.000124579
internal_weight=53509 18542 34967 28630 5638 1048 17872 6554 2064 195 4490 3428 3337 91 1062 1869 22992 22036 2853 1536 180 1317 1116 201 575 493 82 150 107 11318
internal_count=53509 18542 34967 28630 5638 1048 17872 6554 2064 195 4490 3428 3337 91 1062 1869 22992 22036 2853 1536 180 1317 1116 201 575 493 82 150 107 11318
is_linear=0
shrinkage=0.05


Tree=28
num_leaves=31
num_cat=0
split_feature=4 1 11 12 16 0 13 13 13 4 12 12 6 1 7 12 13 11 11 16 0 2 13 10 12 13 5 10 13 12
split_gain=15.2844 5.60649 4.55977 3.22258 6.53514 5.6586 4.76899 11.1355 9.04083 3.19103 3.16319 3.44753 3.14245 2.93712 3.34344 2.92564 3.98741 6.404 3.26772 8.26367 3.81856 2.83157 2.732 3.616 2.69372 4.85468 5.45776 4.30145 3.33957 2.64687
threshold=0.021782810237804061 -0.10999245931774863 -0.0075284506861215674 0.030225182467667037 0.045463607722885054 -0.0085666359465581526 20.375000000000004 22.625000000000004 21.82499980926514 0.049420540507116438 0.053746463317020383 -0.017558025574422261 1.0000000180025095e-35 -0.0057235752109967555 -0.015101009407770925 0.062788606761277746 13.34500026702881 0.0081473625045073179 0.023858934510878397 0.017363924042336224 0.043338034917424502 0.0239546639908822 20.814999580383304 -0.0016165810670417111 0.0065049647434682898 20.555000305175785 0.010560296523747554 -0.0052693175336530054 22.270000457763675 0.12832311621465078
decision_type=2 2 2 2 2 2 2 2 2 2 2 2 2 2 2 2 2 2 2 2 2 2 2 2 2 2 2 2 2 2
left_child=2 -2 10 -3 6 -6 9 8 -8 15 11 -1 22 14 -13 18 17 -17 -5 21 -21 -20 -4 -24 25 26 -16 -28 -26 -9
right_child=1 3 12 4 5 -7 7 29 -10 -11 -12 13 -14 -15 24 16 -18 -19 19 20 -22 -23 23 -25 28 -27 27 -29 -30 -31
leaf_value=-8.6355677012667074e-05 0.00054791420816674256 -2.5371550213654544e-08 -0.00015687450617158467 5.6132200861630033e-05 0.00017213666919956266 0.001100902400892202 0.00047931147402591732 -0.00053137583554719822 0.0020761865449041256 0.0011880897518433558 -0.00039706676634588373 5.9993247117373717e-06 -6.0133788902512674e-05 -1.3699602698464365e-05 0.00034706556464923657 0.00093137366917241419 -0.0001880980766554743 -0.00038697443229259652 0.00067221948598804456 4.0518902472644088e-05 0.0015052627655264908 0.00061349653067274744 0.0004334859988412835 -9.1840921003622327e-05 2.1126603950849873e-05 -9.7329381057387314e-06 0.00013614888630547562 0.0010843081717366871 0.00024542428803314736 0.00020753782558336219
leaf_weight=1905 644 17560 13331 4220 41 40 118 192 76 357 329 832 8767 1629 132 53 1525 74 43 452 46 59 90 207 427 157 86 108 74 60
leaf_count=1905 644 17560 13331 4220 41 40 118 192 76 357 329 832 8767 1629 132 53 1525 74 43 452 46 59 90 207 427 157 86 108 74 60
internal_value=-0.00039751 0.000487088 -0.00120289 0.000368035 0.0012466 0.0153704 0.00108935 0.00609865 0.0151031 0.000762189 6.25098e-05 0.000355139 -0.00152378 0.00129898 0.00268172 0.000508342 -0.00130751 0.00720472 0.0011307 0.00458333 0.00192771 0.017549 -0.00199883 0.00274411 0.00465447 0.00731884 0.0107975 0.016134 0.00208583 -0.000833335
internal_weight=53634 25560 28074 24916 7356 81 7275 446 194 6829 5679 5350 22395 3445 1816 6472 1652 127 4820 600 498 102 13628 297 984 483 326 194 501 252
internal_count=53634 25560 28074 24916 7356 81 7275 446 194 6829 5679 5350 22395 3445 1816 6472 1652 127 4820 600 498 102 13628 297 984 483 326 194 501 252
is_linear=0
shrinkage=0.05


Tree=29
num_leaves=31
num_cat=0
split_feature=4 4 4 14 15 14 11 15 15 9 15 9 11 13 15 16 16 14 13 16 16 11 11 15 14 13 11 14 4 11
split_gain=14.5887 5.54329 2.77017 2.4934 4.26304 2.79472 2.56732 2.45617 3.64894 3.12286 2.53655 2.44742 2.27747 2.26465 4.14638 3.16999 2.79372 4.16947 4.31661 3.44651 5.13699 4.19688 5.44685 8.46263 7.2487 4.48845 3.81238 14.0047 3.79018 3.38509
threshold=0.021715136469089461 0.05528246588503561 0.015326294543063097 0.0080830591469587282 0.014425208851226114 0.0091478412114857095 0.011124085891359938 -0.0038006899396101908 -0.0026657923353238795 0.21097755215946959 -0.012249833361804184 -0.12198372362384562 -0.043674056524097109 13.59500026702881 0.009599712714520427 0.0097040477320496938 0.021082496193039705 0.065842641676127869 17.090000152587894 0.013600539479629139 0.013889199123149345 0.019179064165315788 0.0051016705998240272 -0.0016269360804007647 0.082777995482000835 14.994999885559084 0.021459813769517781 -0.051474636784154308 0.03123982530763993 0.0051016705998240272
decision_type=2 2 2 2 2 2 2 2 2 8 2 8 2 2 2 2 2 2 2 2 2 2 2 2 2 2 2 2 2 2
left_child=2 11 -1 -4 5 -5 -6 10 9 -9 -7 -2 -3 14 -13 -16 19 -18 -19 26 -21 22 -22 24 -24 -25 29 28 -28 -15
right_child=1 12 3 4 6 7 -8 8 -10 -11 -12 13 -14 16 15 -17 17 18 -20 20 21 -23 23 25 -26 -27 27 -29 -30 -31
leaf_value=-0.00016086047714383876 0.00014332668710630503 0.0032394908746968989 -0.00010149630406355399 0.0002749775869782249 0.0001306997008448075 7.0018617342330435e-06 0.0013456143108072896 0.0002433873821800822 -4.3567104689911747e-05 -0.00022711259831277418 -0.00019471143039915693 6.5033097994456854e-05 0.00056564244463153156 1.5825228904721077e-05 -6.0601903114514946e-05 0.0010070074517302509 -0.00015798528780759785 -0.00017375706211666606 0.0012565959588379081 0.00060718102552047922 -0.00011962751965884601 -0.00022592021654581999 0.00091063042460472773 -0.00043435305921524356 0.00030883926065933205 0.00020305452949110904 0.00056007116726981485 -1.5260128959813317e-05 0.0010504058165723583 -0.00016123669460413532
leaf_weight=6130 2141 47 13237 85 71 1456 62 573 3570 130 2412 1887 1450 9826 84 193 3692 78 69 173 427 440 84 212 70 614 72 492 49 3675
leaf_count=6130 2141 47 13237 85 71 1456 62 573 3570 130 2412 1887 1450 9826 84 193 3692 78 69 173 427 440 84 212 70 614 72 492 49 3675
internal_value=-0.000492609 0.000363723 -0.00128868 -0.00102241 -0.000346334 -0.000489911 0.00853383 -0.000584082 0.000242217 0.00353485 -0.0014969 0.000181645 0.00331663 2.55217e-05 0.00156192 0.00727437 -0.000140941 -0.00135322 0.00690476 0.000147513 0.00207921 0.00130752 0.00264037 0.00469388 0.0154545 0.00268765 -0.000128951 0.00372757 0.0189669 -0.000304053
internal_weight=53501 25775 27726 21596 8359 8226 133 8141 4273 703 3868 24278 1497 22137 2164 277 19973 3839 147 16134 2020 1847 1407 980 154 826 14114 613 121 13501
internal_count=53501 25775 27726 21596 8359 8226 133 8141 4273 703 3868 24278 1497 22137 2164 277 19973 3839 147 16134 2020 1847 1407 980 154 826 14114 613 121 13501
is_linear=0
shrinkage=0.05


Tree=30
num_leaves=31
num_cat=0
split_feature=5 4 6 8 16 15 0 2 12 6 5 13 11 13 1 13 12 8 13 12 16 16 13 16 5 4 15 15 13 13
split_gain=11.8981 6.21826 4.89886 3.83115 4.02466 4.43496 3.9159 3.80208 3.32182 2.62966 2.35975 3.24907 2.66922 4.90936 3.96184 3.45687 2.57542 2.53279 2.28114 11.7796 2.22614 2.3365 4.63327 2.21489 2.18405 1.92768 1.70611 3.71777 6.57007 2.17751
threshold=0.01190103215924026 0.068539238209223183 1.2053026729582885 inf 0.021082496193039705 -0.0083782708515516818 0.048543107308664853 0.049154494122991783 -0.075828254732232245 1.3603260997430462 0.018073252924165711 30.345000267028812 0.0095883374490337587 23.529999732971195 -0.0043162039892772333 17.945000648498539 -0.0041728615781457248 0.046510989816867084 25.505000114440922 -0.028469952569234454 -0.0024271822667776273 -0.0048666621119992084 18.394999504089359 0.013782196603786325 0.0086601475737821607 0.027534943309389243 0.0084091074001023686 0.0090476361945057721 15.574999809265138 13.894999980926515
decision_type=2 2 2 8 2 2 2 2 2 2 2 2 2 2 2 2 2 10 2 2 2 2 2 2 2 2 2 2 2 2
left_child=9 2 3 4 10 7 18 -6 -3 24 11 -2 17 15 -15 16 -14 20 26 -20 21 -12 -23 -5 -1 -4 -7 28 -28 -29
right_child=1 8 25 23 5 6 -8 -9 -10 -11 12 -13 13 14 -16 -17 -18 -19 19 -21 -22 22 -24 -25 -26 -27 27 29 -30 -31
leaf_value=-0.00019266649932837211 -1.7662301087621796e-05 0.0021783728425463032 7.063175198174404e-05 -0.00031492283145200911 0.0011254024400951575 -0.00023176513019286901 0.0011178245659114433 4.4677710286636371e-05 0.00064850906472620348 1.9193909186145157e-05 3.6736480456726584e-05 0.00026674538106321905 0.0016892786338613592 0.00092421360604488844 0.0001716267068367572 -0.00018941054810317034 0.00040310951178923726 0.00039406419401650768 -9.7162627308756456e-05 0.0018229169962735291 -0.00017313019150801649 -0.00028057096952580551 0.0010454900118300214 0.00029733823766471296 -0.00010338161402447808 0.00040228245475830248 0.00077643478589475888 0.00033790866548786646 -6.7844054211539469e-05 -0.00017059374757995391
leaf_weight=2459 16610 52 2678 1137 51 3589 63 71 572 2091 2158 135 41 48 110 433 970 724 214 54 1302 64 72 97 14609 1474 72 135 119 1332
leaf_count=2459 16610 52 2678 1137 51 3589 63 71 572 2091 2158 135 41 48 110 433 970 724 214 54 1302 64 72 97 14609 1474 72 135 119 1332
internal_value=-0.000486216 7.02493e-05 -2.11845e-05 -0.000246783 -0.000128143 -0.00131579 -0.00152205 0.00811475 0.00501602 -0.00148468 0.000170511 -0.000132877 0.00102837 0.00277153 0.0111392 0.00185595 0.00345697 0.000381943 -0.00166365 0.00283582 -0.000161292 0.000775936 0.00713235 -0.00297407 -0.00168971 0.00158719 -0.00189346 -0.000566949 0.00599476 -0.00142127
internal_weight=53536 34377 33753 29601 28367 5700 5578 122 624 19159 22667 16745 5922 1602 158 1444 1011 4320 5515 268 3596 2294 136 1234 17068 4152 5247 1658 191 1467
internal_count=53536 34377 33753 29601 28367 5700 5578 122 624 19159 22667 16745 5922 1602 158 1444 1011 4320 5515 268 3596 2294 136 1234 17068 4152 5247 1658 191 1467
is_linear=0
shrinkage=0.05


Tree=31
num_leaves=31
num_cat=0
split_feature=4 7 6 6 12 4 13 12 13 6 12 12 9 13 13 13 13 10 13 3 13 10 4 6 8 14 15 15 10 1
split_gain=11.0841 3.9791 3.8444 3.15417 3.45547 2.82373 2.67831 3.23671 2.04363 2.03089 1.87446 4.59352 6.79489 4.712 2.01247 4.80043 2.14125 1.81687 2.4476 3.57705 2.10643 2.3887 1.78308 1.77928 1.69856 1.67734 1.97673 2.27599 2.43609 2.18017
threshold=0.02219830802779706 -0.13661706501350626 -0.91289584914877187 -0.21472534322401315 -0.075828254732232245 0.013971991854854418 13.605000019073488 0.066825608086901869 16.510000228881839 1.2053026729582885 -0.0080596862952704278 -0.0045413720184895303 0.26593025760003003 18.105000495910648 24.119999885559086 24.19999980926514 21.82499980926514 -0.0016894208297127398 12.84500026702881 -0.0078065457816438579 13.444999694824221 0.0042053175774743332 0.040324035680702953 3.0338752095283419 0.17718596937131895 0.040951993391927573 -0.0037053752716698636 -1.0000000180025095e-35 -0.0048383307689184299 0.0033649209270616436
decision_type=2 2 2 2 2 2 2 2 2 2 2 2 8 2 2 2 2 2 2 2 2 2 2 2 8 2 2 2 2 2
left_child=2 23 25 4 -3 -4 7 17 22 24 14 12 13 -12 16 -16 -10 -5 -19 -20 21 -21 -8 -2 -7 -1 -27 28 -28 -30
right_child=1 3 5 6 -6 9 8 -9 10 -11 11 -13 -14 -15 15 -17 -18 18 19 20 -22 -23 -24 -25 -26 26 27 -29 29 -31
leaf_value=-0.00020765500568171731 0.00060952210259409331 0.00021555163867467296 -0.00015599907890414446 -0.00031553373873826094 -4.1660326467777085e-05 -5.4281251659273652e-05 -6.8380749183133234e-05 0.00086990699254872435 3.5571722144936781e-06 4.3093061445926678e-05 0.00075360900867220849 0.00010078098925995249 0.0012865220678806922 2.3311759678456674e-05 0.00087713199204123417 7.0180101565118643e-05 -0.00041495663902380736 3.9775723955189904e-06 0.0011426971935052592 -0.00017961066304239421 0.00048350085529775774 0.00059161312230619702 0.0010585563304056776 0.0011284869892563014 -0.00023841367605225428 -0.00018586829766169548 -9.9258591212758892e-06 -7.6635751185763956e-05 0.00096774498428159057 0.00024093594596983497
leaf_weight=3383 374 307 2798 211 11956 18659 2923 70 1393 3194 70 3675 49 216 47 1269 453 331 40 212 159 111 258 50 635 379 80 149 53 42
leaf_count=3383 374 307 2798 211 11956 18659 2923 70 1393 3194 70 3675 49 216 47 1269 453 331 40 212 159 111 258 50 635 379 80 149 53 42
internal_value=-0.000452509 0.000340447 -0.00110514 0.000254736 -0.000302945 -0.000875189 0.00085009 0.00315697 0.00059741 -0.000688813 0.00106525 0.00178304 0.00738806 0.00444056 0.000154964 0.00164893 -0.000910077 0.0024718 0.00349941 0.00563218 0.00443983 0.00212074 -0.000457405 0.00514151 -0.000882141 -0.00252815 -0.000305833 0.00256173 0.00642857 0.0118421
internal_weight=53546 24174 29372 23750 12263 25286 11487 1134 10353 22488 7172 4010 335 286 3162 1316 1846 1064 853 522 482 323 3181 424 19294 4086 703 324 175 95
internal_count=53546 24174 29372 23750 12263 25286 11487 1134 10353 22488 7172 4010 335 286 3162 1316 1846 1064 853 522 482 323 3181 424 19294 4086 703 324 175 95
is_linear=0
shrinkage=0.05


Tree=32
num_leaves=31
num_cat=0
split_feature=4 4 6 7 8 11 13 10 10 10 10 10 9 9 10 13 12 13 0 2 13 16 16 12 11 7 9 7 16 11
split_gain=10.4401 4.80749 3.7768 3.69648 2.51945 2.53716 2.80442 11.282 2.65598 8.95247 4.40551 4.26685 2.42056 2.41525 2.91831 4.77273 2.32319 6.3417 3.19372 3.11562 2.55091 4.27374 7.82087 4.17988 3.7065 3.4079 2.3888 3.7734 3.12693 2.9583
threshold=0.024798539534673706 0.013971991854854418 1.2053026729582885 -0.16442621275138672 0.17718596937131895 -0.0075284506861215674 14.715000152587892 0.0017576081132453238 0.012020703086552011 0.012396471332785432 0.0025358686375718258 0.00048358737476139618 0.42289880641048544 -0.11747710812672273 0.0092143368425633438 16.875000000000004 0.029126747512220778 19.520000457763675 0.0053999416228839312 0.027205779421107471 13.194999694824221 0.017842563249957036 0.019725342584868803 0.048519167358985434 0.019179064165315788 0.009714818697879159 -0.3063475698756582 -0.0095666344193500712 0.02728676925034346 0.020527349767636042
decision_type=2 2 2 2 8 2 2 2 2 2 2 2 10 8 2 2 2 2 2 2 2 2 2 2 2 2 10 2 2 2
left_child=1 -1 4 -2 5 6 7 -3 10 -10 11 -8 13 14 -5 -16 -7 20 19 -19 21 24 -23 25 -18 -24 27 28 29 -22
right_child=3 2 -4 12 -6 16 8 -9 9 -11 -12 -13 -14 -15 15 -17 17 18 -20 -21 26 22 23 -25 -26 -27 -28 -29 -30 -31
leaf_value=-0.00016263966428219247 0.00092793566558331195 3.8307747766907636e-05 6.1708196311623207e-05 0.00010404740631315257 -0.00024691175117643268 -0.00010945501744130133 -1.2281441116338371e-05 0.00085920419664300019 0.0031845124448112924 1.7659181549195953e-05 -0.00025503949434695192 0.00022660422513788274 0.0007928691712573556 1.8123170218021857e-05 0.0016783526645345694 0.00026458438833969661 -8.4036274423789743e-05 1.4034215661922316e-05 8.030518811964223e-05 0.00096200479280447075 0.0002288766440437531 0.0013014891080679197 -0.00026520593084443709 -0.00028810585704108218 0.0001800292157526848 0.00027100238988992314 -0.00012334133544119569 -3.3762138128579172e-05 -0.00033005887820647942 0.0005810804286263873
leaf_weight=3187 220 405 4024 1876 1059 11527 3729 44 45 218 1096 292 455 14404 55 330 1868 72 270 139 97 43 57 154 317 204 5887 1416 54 40
leaf_count=3187 220 405 4024 1876 1059 11527 3729 44 45 218 1096 292 455 14404 55 330 1868 72 270 139 97 43 57 154 317 204 5887 1416 54 40
internal_value=-0.00040348 -0.000886217 -0.000707416 0.000605535 -0.000906384 -0.000815759 0.000112368 0.00390868 -0.000204462 0.00469582 -0.000456323 0.000309623 0.000522779 0.000424541 0.00194383 0.00590909 -0.00106006 -0.000526466 0.00508316 0.00969194 -0.000792642 0.000542942 0.0049345 0.00283132 -0.000377576 0.00668582 -0.00126368 0.000444927 0.00704188 0.0110584
internal_weight=53584 36244 33057 17340 29033 27974 5829 449 5380 263 5117 4021 17120 16665 2261 385 22145 10618 481 211 10137 2643 458 415 2185 261 7494 1607 191 137
internal_count=53584 36244 33057 17340 29033 27974 5829 449 5380 263 5117 4021 17120 16665 2261 385 22145 10618 481 211 10137 2643 458 415 2185 261 7494 1607 191 137
is_linear=0
shrinkage=0.05


Tree=33
num_leaves=31
num_cat=0
split_feature=4 4 16 16 1 12 12 15 4 12 13 8 16 15 15 13 12 9 14 12 5 13 2 12 11 2 11 15 15 13
split_gain=9.60047 4.72865 3.6681 5.10154 2.82917 2.83637 2.94613 7.50705 2.74678 2.70794 2.64086 2.44925 2.83636 3.90383 5.69238 9.4027 6.57119 6.18482 5.04662 4.80343 6.97181 4.21791 4.32956 3.64846 15.0501 3.68382 4.05 3.62058 4.26689 5.65109
threshold=0.026982910866474835 0.013971991854854418 -0.034933523755742595 -0.037661783544991161 -0.1509673176125432 0.032077176044670981 0.035088543452977745 0.0089466886118758655 0.044963563847301317 -0.0077541062485576564 30.345000267028812 0.17718596937131895 0.021082496193039705 -0.0039467570109373842 -0.0026117341786768829 16.579999923706058 0.0017110127161689139 -0.14612110243782281 0.15436855290822041 0.018681832940772639 0.011216522993098084 17.914999961853031 0.023218556977300801 0.073733848686565309 0.00909053299113405 0.11199953337663816 0.0029094818078184708 0.0027654380575841135 0.0040117750264375704 15.574999809265138
decision_type=2 2 2 2 2 2 2 2 2 2 2 8 2 2 2 2 2 10 2 2 2 2 2 2 2 2 2 2 2 2
left_child=1 -1 3 -3 -2 -6 7 -7 -8 -5 11 12 13 -4 15 -15 -17 -18 23 20 -19 -21 -23 27 25 -25 -27 -16 29 -29
right_child=4 2 10 9 5 6 8 -9 -10 -11 -12 -13 -14 14 18 16 17 19 -20 21 -22 22 -24 24 -26 26 -28 28 -30 -31
leaf_value=-0.00015610135055122302 0.00076270120906841293 9.0535989835213295e-06 -9.4302646048983603e-05 8.4559634851643479e-05 3.1738883826703359e-05 0.00029340259376737615 8.4787457892639454e-05 0.0013780456266313189 0.0010444014894895267 0.00027787967229891042 0.00021182347446364742 -0.00021414747167604982 -0.00013141850007327617 -2.541474052312341e-05 -9.7017302189264493e-05 -7.0294122349942435e-05 -0.00032575105649413559 0.00048967290638820724 0.00027668283797139355 2.7619339683667094e-05 0.001088569859415622 9.9506738627189311e-05 0.0004443300976040114 0.00046766127385013237 -9.5230237393668276e-05 0.0015562998551026997 0.00039465358035152331 0.00025198602181174056 -3.0946157400658776e-05 -6.8876283721407651e-05
leaf_weight=3168 202 971 7972 161 9903 255 2293 60 416 121 78 1375 6450 1194 7317 205 83 58 52 159 99 93 150 142 511 40 40 751 8617 727
leaf_count=3168 202 971 7972 161 9903 255 2293 60 416 121 78 1375 6450 1194 7317 205 83 58 52 159 99 93 150 142 511 40 40 751 8617 727
internal_value=-0.000413042 -0.000793656 -0.000636409 0.00202314 0.000762052 0.000670301 0.00201058 0.0065873 0.0014784 0.00794326 -0.000728686 -0.000748579 -0.000666476 -0.000450196 -8.10369e-05 0.00242283 0.00645218 0.00894081 -0.000361874 0.0108318 0.0182484 0.00793532 0.0120782 -0.000406449 0.00304911 0.0139189 0.0225 -0.000551919 6.19106e-05 0.00254398
internal_weight=53663 40534 37366 1253 13129 12927 3024 315 2709 282 36113 36035 34660 28210 20238 2041 847 642 18197 559 157 402 243 18145 733 222 80 17412 10095 1478
internal_count=53663 40534 37366 1253 13129 12927 3024 315 2709 282 36113 36035 34660 28210 20238 2041 847 642 18197 559 157 402 243 18145 733 222 80 17412 10095 1478
is_linear=0
shrinkage=0.05


Tree=34
num_leaves=31
num_cat=0
split_feature=5 5 6 13 6 8 6 16 15 16 11 12 16 9 14 10 8 12 13 12 10 16 7 9 13 12 16 12 13 8
split_gain=8.60178 4.47706 3.24852 3.3863 2.86655 2.83092 2.77596 2.46621 3.06094 2.40935 2.0572 3.13326 4.64128 3.46379 2.74761 2.74201 3.76586 2.35209 3.37235 2.33274 2.11772 3.05637 4.41835 2.01604 1.90831 1.83203 2.08161 1.8133 5.29395 5.92356
threshold=0.01190103215924026 0.021403607572290224 0.43329984940651795 12.230000019073488 -0.67608287201580797 0.10263651085682725 3.0338752095283419 0.021082496193039705 -0.0083782708515516818 0.020613012569667969 0.019998315354098021 0.033795250994550281 0.0089434529831335947 0.092332851432013099 0.0250539094836888 -0.0028966146153551193 0.0024628104570775249 0.011595821830406862 22.330000877380375 -0.016904021540445843 0.0077313618831305062 0.037540324480393135 0.031020497204524603 0.17295295782901002 25.505000114440922 -0.071455492513037885 -0.044876723421484459 -0.0031637025986434027 20.375000000000004 0.0061372253788170026
decision_type=2 2 2 2 2 8 2 2 2 2 2 2 2 8 2 2 10 2 2 2 2 2 2 8 2 2 2 2 2 10
left_child=4 2 5 -4 -1 7 23 25 -9 -5 17 15 13 -13 20 16 -12 19 -19 -6 -14 -22 -23 -3 -10 26 -2 -27 -29 -30
right_child=1 6 3 9 10 -7 -8 8 24 -11 11 12 14 -15 -16 -17 -18 18 -20 -21 21 22 -24 -25 -26 27 -28 28 29 -31
leaf_value=-0.00015911915010963302 -0.00013050434377655411 4.4515733239567441e-05 0.0015220737076549692 7.8788086636642988e-05 -7.763543035533367e-05 -0.00016696859552869892 0.0020878690648133569 0.00038819745584296516 -0.00015376052561316401 -0.00012571376860302184 0.00060750971605850188 2.5733256597752709e-05 -0.00014021359795493289 0.00048344409898968361 0.00041748016402775451 -0.00015042084103363224 -0.00014508565854993673 -0.00013052115230708421 0.00038326154408234507 4.7947262474800765e-05 -2.4881057868778479e-05 6.39197328101125e-05 0.0013048369237176111 0.00036248005551448991 0.00035880472821176655 -5.8436302517694449e-05 0.00025307193775823299 -5.370216381554881e-06 -1.3397982151863877e-05 0.00096988639090875956
leaf_weight=4507 127 3206 60 5886 1720 2542 104 68 3331 1515 41 51 377 71 105 922 45 8621 59 2460 184 55 41 2154 77 4227 174 10206 297 308
leaf_count=4507 127 3206 60 5886 1720 2542 104 68 3331 1515 41 51 377 71 105 922 45 8621 59 2460 184 55 41 2154 77 4227 174 10206 297 308
internal_value=-0.000454886 2.0126e-05 -0.000228678 0.00066948 -0.00130043 -0.000542446 0.00133236 -0.000330854 -0.00153337 0.00057357 -0.00096326 0.000576109 0.00274887 0.0118033 0.00129921 -0.00132937 0.0072093 -0.00118974 -0.00165899 -0.000215312 9.89334e-05 0.00339286 0.010625 0.00117537 -0.00174296 -5.83492e-05 0.00380399 -0.000135658 0.000207658 0.00475206
internal_weight=53541 34282 28818 7461 19259 21357 5464 18815 3476 7401 14752 1892 884 122 762 1008 86 12860 8680 4180 657 280 96 5360 3408 15339 301 15038 10811 605
internal_count=53541 34282 28818 7461 19259 21357 5464 18815 3476 7401 14752 1892 884 122 762 1008 86 12860 8680 4180 657 280 96 5360 3408 15339 301 15038 10811 605
is_linear=0
shrinkage=0.05


Tree=35
num_leaves=31
num_cat=0
split_feature=4 6 6 1 11 4 12 11 13 13 8 10 13 11 13 11 12 13 12 8 6 11 3 12 10 12 10 13 8 14
split_gain=8.5378 3.58719 2.93511 2.32784 2.28083 2.0352 4.19874 1.96204 3.44216 4.68922 2.42943 2.17908 2.85408 1.82782 4.56099 2.75133 2.04122 3.11292 2.00977 1.87058 1.70963 1.74736 1.66137 1.7542 2.11846 3.306 4.26307 2.42892 1.97694 1.90579
threshold=0.023417818972976245 0.060726974087733677 1.2425040163713079 -0.0077755586867178641 0.023858934510878397 0.068539238209223183 -0.075828254732232245 -0.007196249019797262 14.715000152587892 14.465000152587892 0.033612541272854186 0.012020703086552011 19.010000228881839 0.024405039123864495 12.454999923706056 0.026101750474282651 0.011595821830406862 22.330000877380375 0.018300585025284647 0.10263651085682725 -0.89104896326189087 -0.029337465505850421 0.0035546823245408148 -0.0016966632192755291 0.0066242939925211805 0.0061046403867389696 0.010363669081824291 16.345000267028812 0.012807745101478975 0.0080830591469587282
decision_type=2 2 2 2 2 2 2 2 2 2 10 2 2 2 2 2 2 2 2 8 2 2 2 2 2 2 2 2 10 2
left_child=1 3 5 4 7 -2 -7 8 9 10 -1 -10 -13 16 -15 18 19 -18 -16 22 -5 -22 23 -3 27 -26 -27 -25 -29 -30
right_child=2 13 -4 20 -6 6 -8 -9 11 -11 -12 12 -14 14 15 -17 17 -19 -20 -21 21 -23 -24 24 25 26 -28 28 29 -31
leaf_value=-0.00021974196604008429 2.2810290004266471e-06 -4.6993424701422361e-05 0.00023808560429726584 -0.00019870029246604889 0.00040403691956985297 0.0020800400537654621 0.00034781547727777396 -8.2896342749393497e-05 -1.9856924503478188e-05 0.00050139771548431817 0.00024566238018870502 -0.00026616195043225406 0.0019089927129421495 0.0011316712904116311 -0.00012944882554560624 2.0006925047420882e-06 -7.4159745497933167e-05 0.00041350307070700076 0.00061787062121303237 -0.00017972939371842855 0.00024177777252243652 -0.00010008836698001912 0.00014223275431301014 -0.0001551245090799859 2.4468015109235164e-06 0.00074755014974732168 0.0002193295055110426 -1.7166111225114921e-05 -6.5762256583021551e-05 0.00039628055307987497
leaf_weight=96 17575 1510 2555 3496 113 40 499 3784 2012 63 47 47 52 45 43 1010 7401 68 74 401 90 10704 950 422 105 44 53 173 44 133
leaf_count=96 17575 1510 2555 3496 113 40 499 3784 2012 63 47 47 52 45 43 1010 7401 68 74 401 90 10704 950 422 105 44 53 173 44 133
internal_value=-0.000436076 -0.000935417 0.000360684 -0.00134218 -0.000534279 0.000136909 0.00316326 -0.000664646 0.000481225 0.00665048 0.00164336 -0.000120797 0.00712121 -0.000266914 0.00161263 0.000989351 -0.000461785 -0.000943233 0.00824786 0.000475879 -0.00169349 -0.00138225 0.000853231 0.000173107 0.00182751 0.00638614 0.0130412 0.000634714 0.00371428 0.00742938
internal_weight=53649 32980 20669 20504 6214 18114 539 6101 2317 206 143 2111 99 12476 1172 1127 11304 7469 117 3835 14290 10794 3434 2484 974 202 97 772 350 177
internal_count=53649 32980 20669 20504 6214 18114 539 6101 2317 206 143 2111 99 12476 1172 1127 11304 7469 117 3835 14290 10794 3434 2484 974 202 97 772 350 177
is_linear=0
shrinkage=0.05


Tree=36
num_leaves=31
num_cat=0
split_feature=4 11 4 10 12 15 5 6 3 4 6 12 13 15 12 15 12 14 12 13 13 14 13 12 11 11 9 6 4 14
split_gain=8.96727 3.64439 3.33242 3.2758 4.37188 4.61278 4.0767 3.07327 2.94401 2.23826 2.19592 2.03083 1.92519 4.31307 5.73388 2.8309 1.92947 2.38531 3.22227 1.86744 3.63149 2.77952 4.02724 3.7493 3.70101 2.84123 3.4054 2.42916 1.95569 2.19185
threshold=0.019662189343744921 -0.023324980459216712 0.013971991854854418 0.0041080553382388816 0.017951110302837473 0.003509884961184984 0.03230890550082198 -0.18998856548260704 -0.0015971606536709369 0.033333840517209279 -0.76936314041188814 0.034736812074913422 13.13000011444092 0.011214827333544732 0.048426853318079395 -0.0076707797105340916 0.047608041860818802 0.018287022450050875 0.057873596393828615 21.954999923706058 21.82499980926514 -0.086337752297859935 16.375000000000004 0.033795250994550281 -0.01262108781240978 0.01723808414084094 -0.2309971263750856 -1.2261071054754999 0.051221105145548729 0.040951993391927573
decision_type=2 2 2 2 2 2 2 2 2 2 2 2 2 2 2 2 2 2 2 2 2 2 2 2 2 2 8 2 2 2
left_child=2 3 -1 4 5 6 -2 19 -8 12 -4 -11 13 15 -15 -9 -17 18 -18 20 21 22 23 27 -24 28 -27 -3 29 -23
right_child=1 7 10 -5 -6 -7 8 9 -10 11 -12 -13 -14 14 -16 16 17 -19 -20 -21 -22 25 24 -25 -26 26 -28 -29 -30 -31
leaf_value=-0.00014359997186803254 4.1455564171266923e-05 -0.00025513872902888584 -0.00015642571208184303 -0.00017007362849221261 0.00036929454592058678 0.00027259657079833173 0.0007976235873376411 0.00084707826759301157 0.0035042226603897333 0.00013002029336403375 -4.498655667393198e-05 0.00058737851019339583 -4.4865361894406283e-06 -4.0813184027931542e-05 0.0015908371208370273 -0.00011199135136728637 0.00072551633462271479 -0.00019359984190892506 -1.1208393645044911e-06 -0.00016819890144226214 0.001535067222612142 -6.6590167688248593e-05 0.00055182795530366003 0.00060326071060798575 -0.00011670102005903411 0.0011203768898615679 -0.00016773327721208701 0.0003191174921987774 0.00054701697109237068 9.2254724338230077e-05
leaf_weight=3168 2034 55 3575 440 107 323 76 47 43 1912 14116 607 10351 46 44 475 73 97 66 2004 78 7145 60 52 568 50 3058 212 481 2205
leaf_count=3168 2034 55 3575 440 107 323 76 47 43 1912 14116 607 10351 46 44 475 73 97 66 2004 78 7145 60 52 568 50 3058 212 481 2205
internal_value=-0.00045531 6.12969e-05 -0.0012654 0.00171518 0.0023945 0.00196688 0.00113098 -0.000107122 0.010126 0.000441754 -0.000997966 0.00178841 0.00013885 0.00242924 0.0127778 0.00120053 0.000414907 0.00411017 0.00830935 -0.000578659 -0.00037382 -0.000434252 0.00218057 0.00675548 -0.000143313 -0.000625629 -0.00194337 0.00436329 -0.000209034 -0.000368985
internal_weight=53568 32709 20859 3023 2583 2476 2153 29686 119 13718 17691 2519 11199 848 90 758 711 236 139 15968 13964 13886 947 319 628 12939 3108 267 9831 9350
internal_count=53568 32709 20859 3023 2583 2476 2153 29686 119 13718 17691 2519 11199 848 90 758 711 236 139 15968 13964 13886 947 319 628 12939 3108 267 9831 9350
is_linear=0
shrinkage=0.05


Tree=37
num_leaves=31
num_cat=0
split_feature=4 4 16 4 12 16 16 16 8 14 8 13 9 12 16 13 16 14 14 14 14 11 12 7 11 16 15 15 13 9
split_gain=7.43666 3.57956 3.48976 3.09671 2.80312 3.15113 2.78483 2.78009 2.628 2.23696 1.93933 1.91264 1.86303 2.33873 4.17533 2.48546 7.3828 7.30804 2.4368 4.21816 6.3822 3.79723 5.6852 4.07556 2.7302 2.59814 3.87118 3.93994 4.24222 4.80541
threshold=0.02212562760431758 0.013971991854854418 -0.034933523755742595 0.049420540507116438 0.028951929172189476 -0.012088020741247317 -0.014636266337488988 -0.037661783544991161 -0.24449305385420342 0.06920052511090892 -0.11276203877221329 18.335000038146976 -0.13303977845325574 0.030225182467667037 0.045463607722885054 20.375000000000004 0.0099684924866699793 0.097330549043375028 0.03406338940495391 0.052213768787031663 0.050179471356022971 0.010325592829658616 0.01493884956091618 0.0032952462747115612 -0.011129796687205316 0.019725342584868803 0.003509884961184984 0.010608314012744537 23.604999542236332 0.11420092678091422
decision_type=2 2 2 2 2 2 2 2 10 2 10 2 8 2 2 2 2 2 2 2 2 2 2 2 2 2 2 2 2 8
left_child=1 -1 7 12 5 6 8 -3 9 -5 -4 -6 -2 18 15 -15 17 -17 25 20 21 24 23 -23 -20 26 -14 28 -28 -30
right_child=3 2 10 4 11 -7 -8 -9 -10 -11 -12 -13 13 14 -16 16 -18 -19 19 -21 -22 22 -24 -25 -26 -27 27 -29 29 -31
leaf_value=-0.00012579666232329445 0.00014293826357867557 5.8161845305571702e-05 -0.00021597303544595547 0.00017896493373725512 0.00091525865015857494 -4.2917563413821656e-05 0.0011351244007417808 0.00024328578546962081 0.00016480744082175697 0.0024429103933876245 -5.3833668996378542e-05 0.001570967871892869 -9.8350284505854685e-05 2.4440321619562826e-05 0.00040000664134593562 0.001604070499350516 -1.5910759942965949e-05 -9.6819043173461695e-05 0.00019296734839729842 -1.0853055718392949e-05 0.0013077986068651209 0.00059784017107316386 0.00010197214717874135 0.0018780219640938706 -0.00028987746050522479 -0.00018155937910653574 0.00012886865879978691 -9.4797204510099198e-05 0.00010364169885305833 0.00068511407788223149
leaf_weight=3171 1661 535 821 65 325 1010 64 196 477 62 24453 94 4691 5657 74 72 259 46 172 3435 41 42 168 54 345 2515 1562 1359 77 60
leaf_count=3171 1661 535 821 65 325 1010 64 196 477 62 24453 94 4691 5657 74 72 259 46 172 3435 41 42 168 54 345 2515 1562 1359 77 60
internal_value=-0.000399811 -0.000938444 -0.00074505 0.000244596 0.00208154 0.00116806 0.00383233 0.00266074 0.00278146 0.00917323 -0.000843556 0.00573986 7.17799e-05 -5.79294e-05 0.000762933 0.000618163 0.00454907 0.0149153 -0.00040321 0.000602536 0.00381995 0.0028105 0.00768939 0.0173958 0.000319148 -0.000820344 -0.000367145 0.001017 0.00262213 0.0110584
internal_weight=53563 29176 26005 24387 2097 1678 668 731 604 127 25274 419 22290 20629 6108 6034 377 118 14521 4257 822 781 264 96 517 10264 7749 3058 1699 137
internal_count=53563 29176 26005 24387 2097 1678 668 731 604 127 25274 419 22290 20629 6108 6034 377 118 14521 4257 822 781 264 96 517 10264 7749 3058 1699 137
is_linear=0
shrinkage=0.05


Tree=38
num_leaves=31
num_cat=0
split_feature=4 6 2 16 16 13 15 16 7 14 16 15 4 16 4 16 11 12 12 7 9 3 16 10 11 12 11 14 14 10
split_gain=6.06212 4.04715 2.6712 2.41966 4.4754 5.68263 4.43039 4.18935 3.69385 3.32469 8.3952 8.07024 4.93025 4.09212 4.04395 3.1771 8.99502 7.48416 19.9667 5.06292 4.6871 4.04601 3.97013 3.66886 10.787 3.6171 3.07715 2.47978 4.62838 7.54611
threshold=0.01701221415843962 1.2053026729582885 -0.22168309488138296 0.021082496193039705 0.013600539479629139 12.434999942779543 -0.0083782708515516818 0.0083456686243664775 0.031020497204524603 0.0091478412114857095 0.020435408537912151 -0.0016269360804007647 0.02901328972720749 0.015115471290716888 0.028482183914655446 0.0049490203376132422 0.019998315354098021 0.013329903509770149 0.00075809453830288931 0.014609299321603599 0.11795412989101929 -0.00086639445681757621 0.0054408011801468934 0.0046724002397113837 0.0023966928807116488 -0.067575667738432196 0.01562981784988882 0.042440575684467692 0.072802606011034846 0.0014914838547043232
decision_type=2 2 2 2 2 2 2 2 2 2 2 2 2 2 2 2 2 2 2 2 10 2 2 2 2 2 2 2 2 2
left_child=-1 3 -3 4 7 -6 8 15 -5 11 -11 12 26 14 -13 25 17 18 22 -18 21 -20 -17 -19 -25 -2 -7 -27 29 -29
right_child=1 2 -4 6 5 9 -8 -9 -10 10 -12 13 -14 -15 -16 16 19 23 20 -21 -22 -23 -24 24 -26 27 -28 28 -30 -31
leaf_value=-9.1623738357685594e-05 0.00018165485384574829 0.0016426609790704549 8.4439241702626659e-05 0.0010262300288917425 0.0012811335111513836 0.00047236151207956552 -0.00011434552663748878 -0.00015676294887116725 -7.3271152734904067e-05 -0.00011203685296031629 0.00058336347972458042 0.0001110349147156951 0.0010342189205316302 1.4781259488777328e-05 0.0010632798972176453 0.00034334100627348959 0.00032627955531367022 -0.00022651446405315412 0.0018203135725992779 0.00050077081406402311 0.00041624938781526714 0.00064671339461586162 -0.00021011176814855794 0.00079403627412829257 -4.0687906593339414e-05 -6.1418403281585698e-05 0.00015913833577009082 0.00025998981034960395 -2.9151210696572239e-05 -0.00040738214641091635
leaf_weight=11431 718 83 5274 78 53 63 6628 3643 72 1502 92 337 57 1918 108 81 140 1337 75 61 67 70 435 76 395 13621 195 1295 3404 318
leaf_count=11431 718 83 5274 78 53 63 6628 3643 72 1502 92 337 57 1918 108 81 140 1337 75 61 67 70 435 76 395 13621 195 1295 3404 318
internal_value=-0.000400639 -0.000123947 0.00116016 -0.000310677 -0.000118261 0.00136994 -0.00116406 -0.000368357 0.00733333 0.00116807 -0.000639901 0.00224421 0.0097619 0.00124206 0.0055618 -0.000109312 0.0014852 0.000678232 0.00495879 0.0116667 0.0178774 0.022931 -0.000348838 -0.00104536 0.00274947 -0.000334781 0.0068217 -0.000468936 0.000481362 0.00268754
internal_weight=53627 42196 5357 36839 30061 4325 6778 25736 150 4272 1594 2678 315 2363 445 22093 2737 2536 728 201 212 145 516 1808 471 19356 258 18638 5017 1613
internal_count=53627 42196 5357 36839 30061 4325 6778 25736 150 4272 1594 2678 315 2363 445 22093 2737 2536 728 201 212 145 516 1808 471 19356 258 18638 5017 1613
is_linear=0
shrinkage=0.05


Tree=39
num_leaves=31
num_cat=0
split_feature=5 6 5 12 13 2 4 8 6 12 12 13 10 10 10 10 10 14 2 4 2 11 11 4 13 9 12 11 12 12
split_gain=6.35062 2.6799 3.00116 2.68528 2.5767 7.5011 2.48953 1.98284 1.85057 1.72831 2.45698 4.37867 4.48347 5.98237 2.78926 2.59291 4.28343 4.21672 2.55527 2.50307 2.22308 2.10204 2.65718 4.11157 1.90738 1.87145 1.79819 2.16409 1.83319 1.71868
threshold=0.01190103215924026 -0.21472534322401315 0.025557973724569149 -0.075828254732232245 12.230000019073488 0.051603275406085787 0.013971991854854418 inf 1.3603260997430462 0.10123019596275297 0.030225182467667037 20.375000000000004 0.0059451726660438861 -0.0018713980649029403 -0.0077272822899705487 0.0043154223195999162 0.0059228912076465532 -0.034475777702634207 0.0021930654711683766 0.026982910866474835 0.077878165818884196 0.022371671990612522 0.021151799211171721 0.028854880232296827 21.82499980926514 -0.21387403455603646 0.031500787286736449 0.014774716524866062 0.092854757865130991 0.0098181049461038023
decision_type=2 2 2 2 2 2 2 8 2 2 2 2 2 2 2 2 2 2 2 2 2 2 2 2 2 8 2 2 2 2
left_child=6 3 4 -2 5 -3 -1 9 -8 10 21 14 13 -13 18 26 17 -17 -12 -19 -15 22 24 -24 29 -23 27 -16 -28 -5
right_child=1 2 -4 7 -6 -7 8 -9 -10 -11 11 12 -14 20 15 16 -18 19 -20 -21 -22 25 23 -25 -26 -27 28 -29 -30 -31
leaf_value=-0.00011728361181702224 0.00017787471750645473 -0.00047662699023583724 0.00056612771997512231 4.5514308090649169e-05 1.5483198189622747e-05 0.0016202109572857209 -7.1519665099317327e-05 -0.00023623023720053542 5.0068459503667452e-05 -0.00032371880619052137 0.00079885385792279615 5.7647390461472886e-05 -0.00031580118234504753 0.00051708396933410387 0.00032993462335401179 0.0011773234676746528 3.8015904944467683e-05 8.810160618747614e-05 -8.3094420979476479e-06 0.00070704988255095545 0.0021467297492806349 0.0010380990573803834 -8.5828359551861217e-05 0.00074482239196520857 -0.00016975137700683287 -0.0001609580584522167 -0.00010645807784746783 7.4694063752925296e-06 0.00028454907899516999 -8.1711296361559307e-05
leaf_weight=3127 324 57 1305 4139 15067 40 14268 796 1788 448 48 85 96 49 50 56 1368 245 41 60 41 54 61 54 1450 1997 2721 110 106 3591
leaf_count=3127 324 57 1305 4139 15067 40 14268 796 1788 448 48 85 96 49 50 56 1368 245 41 60 41 54 61 54 1450 1997 2721 110 106 3591
internal_value=-0.000389808 1.61049e-05 0.000476956 -0.000405782 0.000278949 0.00840206 -0.00111896 -0.00048851 -0.00086759 -0.000373445 -0.000289856 0.000624506 0.00680812 0.0115714 0.000275753 0.000110262 0.00165124 0.00649584 0.00904494 0.00418033 0.0205556 -0.000698926 -0.000379237 0.00717391 -0.000473857 -0.00214773 -0.000781722 0.004375 -0.00107358 -0.000161709
internal_weight=53642 34459 16469 17990 15164 97 19183 17666 16056 16870 16422 5076 271 175 4805 4716 1729 361 89 305 90 11346 9295 115 9180 2051 2987 160 2827 7730
internal_count=53642 34459 16469 17990 15164 97 19183 17666 16056 16870 16422 5076 271 175 4805 4716 1729 361 89 305 90 11346 9295 115 9180 2051 2987 160 2827 7730
is_linear=0
shrinkage=0.05


Tree=40
num_leaves=31
num_cat=0
split_feature=4 11 10 15 12 5 9 6 14 9 15 15 10 10 12 14 13 11 10 10 13 15 15 4 14 10 14 10 8 14
split_gain=5.41895 3.56132 2.83938 4.5628 3.06146 2.91155 2.94986 2.64958 2.27456 2.12606 2.05187 3.49829 3.22935 6.77118 7.49966 3.1482 9.48639 2.44477 3.71072 9.16469 4.72296 3.75148 2.28144 3.13506 2.24058 2.18757 2.81161 4.42379 3.33436 2.84361
threshold=0.018245893756371232 -0.023324980459216712 0.0041080553382388816 0.003509884961184984 0.017951110302837473 0.031107802931859486 -0.21387403455603646 1.2053026729582885 0.12307845124318741 0.037900569815819803 -0.0046642283824978028 -0.0084579694741521699 -0.0080075865289204722 -0.0055512367619247596 -0.0026166681708668089 0.0250539094836888 25.505000114440922 0.003505922146060048 -0.00045044795983173452 -0.001095493805140457 16.164999961853031 0.010503141999228973 0.0056186215946502091 0.02268531630879024 0.031250907350716124 0.00090086264031330476 0.009860755526874045 0.0057642081998183778 0.016587746890778913 -0.012410493039419599
decision_type=2 2 2 2 2 2 10 2 2 8 2 2 2 2 2 2 2 2 2 2 2 2 2 2 2 2 2 2 10 2
left_child=8 2 3 4 5 -2 -7 10 9 -1 11 12 -3 14 -14 25 17 -17 19 20 -19 22 -22 -24 -20 -12 29 -28 -29 -27
right_child=1 7 -4 -5 -6 6 -8 -9 -10 -11 15 -13 13 -15 -16 16 -18 18 24 -21 21 -23 23 -25 -26 26 27 28 -30 -31
leaf_value=-9.6200804267214615e-06 3.557052633616973e-05 -0.0001180765828932082 -0.00016483321501219034 0.0002614783185778807 0.00031170543324381887 0.0027080512221242304 0.00057680020424722702 8.7770516078896504e-05 5.3061750525454745e-05 -0.00010017340912793294 -0.00010923939908824066 -0.00020829080141685814 0.00092479511982949578 -1.6639693773347891e-05 0.00018210042867826794 -5.2754315787195706e-05 0.0013200628942154327 -0.00023372813449430436 0.00037450873929937775 0.0016094669413173239 0.00028907737508687752 -0.00057154537626638699 0.00017735082048477639 0.00077938053353722859 -9.7839919035385564e-05 7.9502539468562008e-06 7.6496038729954256e-05 0.0005234672120179297 0.00010778767100221208 -0.00015983201703467583
leaf_weight=2914 2265 1844 472 362 121 58 76 4203 621 12279 5218 3617 83 1276 379 1704 73 236 130 73 605 109 43 40 835 10497 659 60 56 2663
leaf_count=2914 2265 1844 472 362 121 58 76 4203 621 12279 5218 3617 83 1276 379 1704 73 236 130 73 605 109 43 40 835 10497 659 60 56 2663
internal_value=-0.000425698 -0.000100248 0.00145498 0.00204372 0.00128968 0.00089829 0.0080597 -0.000251869 -0.00120273 -0.00132397 -0.000415564 -0.00115224 -4.4669e-05 0.00150172 0.00668831 -0.000184993 0.00112006 0.000774833 0.00192902 0.00390597 0.00269603 0.00453576 0.00590116 0.0136747 -0.000336789 -0.00044719 -0.000120202 0.00280645 0.0118103 -0.000292554
internal_weight=53571 37757 3354 2882 2520 2399 134 34403 15814 15193 30200 7199 3582 1738 462 23001 3848 3775 2071 1106 1033 797 688 83 965 19153 13935 775 116 13160
internal_count=53571 37757 3354 2882 2520 2399 134 34403 15814 15193 30200 7199 3582 1738 462 23001 3848 3775 2071 1106 1033 797 688 83 965 19153 13935 775 116 13160
is_linear=0
shrinkage=0.05


Tree=41
num_leaves=31
num_cat=0
split_feature=4 16 5 9 13 15 16 13 16 14 16 9 16 11 14 14 16 11 11 11 14 16 16 11 12 15 13 14 16 16
split_gain=5.65489 3.16655 4.48773 3.931 3.65266 3.32455 3.24155 4.00005 11.1024 4.68734 3.95824 6.2435 3.2641 3.97698 17.6404 3.47986 4.17215 3.76686 3.63883 13.9599 3.65637 3.26222 6.16217 3.19604 14.7488 5.37507 6.09127 12.5984 6.47089 18.9559
threshold=0.01701221415843962 0.021082496193039705 0.03230890550082198 -0.19856301972122606 12.454999923706056 0.0024237805101907654 0.013600539479629139 13.050000190734865 0.017842563249957036 -0.066405515647089006 0.014721828577338504 -0.022573716913849681 0.0083456686243664775 0.021590263312926242 -0.051474636784154308 -1.0000000180025095e-35 0.0078902681549852822 0.0021655828678432969 0.010325592829658616 0.010571722118832951 0.0012326341754252958 -0.034933523755742595 -0.037661783544991161 0.0013310073142193126 0.073733848686565309 0.0029048202535676419 14.904999732971193 -0.035621573523768706 -0.0036836679793289524 -0.004548480555311484
decision_type=2 2 2 8 2 2 2 2 2 2 2 8 2 2 2 2 2 2 2 2 2 2 2 2 2 2 2 2 2 2
left_child=-1 2 6 5 -5 -3 12 8 -8 10 11 -9 13 15 -15 23 18 -18 20 -20 -17 22 -22 24 25 -2 27 -27 29 -28
right_child=1 3 -4 4 -6 -7 7 9 -10 -11 -12 -13 -14 14 -16 16 17 -19 19 -21 21 -23 -24 -25 -26 26 28 -29 -30 -31
leaf_value=-8.5926476433737382e-05 -0.00010495557403506812 0.0016174799521599045 0.00054525670110356858 0.0011175654308142617 -9.6143458156348882e-05 0.00015335271508166529 -0.00017000184708609227 0.0015288262493673805 0.0009577113479277994 8.0772229809587052e-06 0.00010128222557148153 0.00038894083797421926 -0.00011999954755162299 0.00077069081278106899 4.5297234286270611e-05 0.00069114474953642846 9.4606971366813084e-05 0.00084697979682824573 0.0016842693094234551 0.00010447992289519012 4.7509813321802371e-05 -1.9784583417112593e-05 0.00030167699694206559 -0.00014125147922888922 0.0019471561032402098 -2.8142461344687688e-05 4.89497816337602e-05 0.0008063388859119937 -0.0001807748076430737 0.0028116789478339452
leaf_weight=11444 3727 44 1064 79 7587 81 176 47 159 3840 438 120 4007 108 640 65 90 84 48 1247 1094 8822 260 5028 64 202 1925 128 848 107
leaf_count=11444 3727 44 1064 79 7587 81 176 47 159 3840 438 120 4007 108 640 65 90 84 48 1247 1094 8822 260 5028 64 202 1925 128 848 107
internal_value=-0.000353071 -8.53343e-05 0.000121147 -0.00099538 -0.0011388 0.0078 1.89325e-05 0.00122385 0.00649254 0.00082677 0.00491735 0.0114671 -0.000183198 3.32818e-05 0.00362299 -7.98276e-05 0.000533731 0.00821839 0.000417821 0.00291506 0.00010204 2.65318e-05 0.00231167 -0.000677115 1.35683e-05 -0.000206863 0.00129283 0.00772727 0.000555554 0.00208661
internal_weight=53573 42129 34338 7791 7666 125 33274 4780 335 4445 605 167 28494 24487 748 23739 11710 174 11536 1295 10241 10176 1354 12029 7001 6937 3210 330 2880 2032
internal_count=53573 42129 34338 7791 7666 125 33274 4780 335 4445 605 167 28494 24487 748 23739 11710 174 11536 1295 10241 10176 1354 12029 7001 6937 3210 330 2880 2032
is_linear=0
shrinkage=0.05


Tree=42
num_leaves=31
num_cat=0
split_feature=5 5 8 11 14 16 16 5 3 11 1 16 16 6 16 15 9 15 14 15 11 11 16 1 15 15 14 14 15 9
split_gain=5.87541 2.8553 2.72765 2.75291 2.66104 2.22981 3.34417 2.14666 2.03748 1.89152 1.81198 1.80717 1.73745 1.71316 1.6413 3.58826 4.56395 2.43437 4.76854 3.67318 2.85494 2.81737 6.47446 2.29046 2.1251 4.39923 3.97689 4.26682 3.60473 2.26836
threshold=0.011719896228461471 0.021403607572290224 0.17718596937131895 0.023061662230793093 0.12307845124318741 -0.034933523755742595 -0.037661783544991161 0.0086601475737821607 -0.0086529407279787845 -0.014686681817186851 -0.027997823367414184 0.0086657027679308846 -0.028867475949451379 3.0338752095283419 0.020613012569667969 -0.0083782708515516818 -0.028232310998371032 0.0075263784750352345 0.003286853869637119 0.014425208851226114 0.041951569626952907 0.050492682028646547 0.03585743602736758 -0.0080719394301171348 -0.0039467570109373842 -0.0029824253050558798 0.015727597801877272 0.016378333086022993 -0.0033831624636520559 -0.058973759873065794
decision_type=2 2 8 2 2 2 2 2 2 2 2 2 2 2 2 2 10 2 2 2 2 2 2 2 2 2 2 2 2 8
left_child=4 2 5 -4 7 6 -2 -1 -8 10 -10 12 -6 -3 24 16 -16 23 20 -20 -19 22 -22 -17 -7 26 -26 -28 29 -29
right_child=1 13 3 -5 11 14 8 -9 9 -11 -12 -13 -14 -15 15 17 -18 18 19 -21 21 -23 -24 -25 25 -27 27 28 -30 -31
leaf_value=-0.00014719590888398636 2.6754230104155699e-05 0.00011043735628299769 -0.00021863629037534519 0.00028463941571499189 -2.0570262153822577e-05 -5.7350107697215036e-05 0.00032197535095759844 -6.9557587598764159e-05 0.00016224156434518 -0.00023231302851690617 0.00031945783662238372 -0.00027556618731897087 0.00015628439058661025 0.0013243206707081899 0.00055608591377668702 0.00015876185541077053 -4.9924702938823081e-05 -0.00013401130305972037 0.00028812252459319807 0.00088183508707192874 -0.00031815172901585465 -0.0003180818751679726 0.00039927376840965764 -0.00018910572989928865 5.9973718638665465e-06 4.3018608490294691e-06 0.0010890705510572484 0.00029175671685035089 0.00056694289796725944 2.2813659627156669e-07
leaf_weight=2620 1129 5369 1455 217 255 6217 40 14600 109 45 48 141 454 100 57 291 93 1583 220 42 101 114 148 3050 539 13898 41 77 159 285
leaf_count=2620 1129 5369 1455 217 255 6217 40 14600 109 45 48 141 454 100 57 291 93 1583 220 42 101 114 148 3050 539 13898 41 77 159 285
internal_value=-0.00040909 -3.48616e-05 -0.000226652 -0.002189 -0.00114278 -0.000110657 0.00185631 -0.00127759 0.00719008 0.00514851 0.00773885 0.00158823 0.00261636 0.00101572 -0.00021085 -0.000964205 0.00666667 -0.00117048 0.000117752 0.00645038 -0.000734842 0.00326446 0.00624498 -0.00202185 -8.48535e-06 0.000313686 0.00335604 0.00629893 0.00507677 0.00232044
internal_weight=53497 35427 29958 1672 18070 28286 1371 17220 242 202 157 850 709 5469 26915 5699 150 5549 2208 262 1946 363 249 3341 21216 14999 1101 562 521 362
internal_count=53497 35427 29958 1672 18070 28286 1371 17220 242 202 157 850 709 5469 26915 5699 150 5549 2208 262 1946 363 249 3341 21216 14999 1101 562 521 362
is_linear=0
shrinkage=0.05


Tree=43
num_leaves=31
num_cat=0
split_feature=5 4 6 14 14 1 11 6 11 6 5 13 13 0 13 13 14 11 14 14 14 11 13 12 3 8 14 12 11 12
split_gain=4.89408 3.11307 2.56189 2.43516 7.86153 3.32093 3.09745 2.63061 2.67907 2.08307 1.9142 1.87546 4.26906 2.30631 1.88833 1.74599 3.41846 5.36011 4.21097 3.19992 7.17192 2.51353 2.02568 1.673 1.66083 1.65693 2.33661 2.98412 2.7826 2.11322
threshold=0.015697224694072035 0.013971991854854418 0.16143050148678992 0.0080830591469587282 0.0091478412114857095 0.0033649209270616436 0.034590351886677258 0.46400957400343035 0.041951569626952907 -1.1218950062834303 0.043617830781858581 16.355000495910648 16.375000000000004 0.0093642198560001128 15.654999732971193 17.994999885559086 -0.068623004427642229 0.025734816417073651 -0.073050802278400592 0.040951993391927573 0.042851800685698833 -0.023324980459216712 17.795000076293949 -0.034828232656023965 0.0087241792691091797 -0.024880718796945474 0.016378333086022993 0.00075809453830288931 0.0028224343190543792 -0.052281388412141021
decision_type=2 2 2 2 2 2 2 2 2 2 2 2 2 2 2 2 2 2 2 2 2 2 2 2 2 10 2 2 2 2
left_child=1 -1 15 9 5 -5 11 8 -8 24 -4 13 -13 -6 -15 16 17 18 -2 23 -21 -17 -22 -18 -3 29 27 -27 -29 -14
right_child=2 3 10 4 6 -7 7 -9 -10 -11 -12 12 25 14 -16 21 19 -19 -20 20 22 -23 -24 -25 -26 26 -28 28 -30 -31
leaf_value=-9.9072420306948116e-05 0.00010911228588257481 -0.00021046185046338256 0.00011543469063794352 0.00069556848079670944 -0.00010087849478396573 0.00015065191397813974 -0.00031297019889712802 0.0009738687605180097 0.00027531462560995379 -5.1313056392708301e-05 0.0015246456344881294 0.00046895769966677449 0.00014722026365707224 0.00011979076352669146 -0.00030659249418190553 0.00013815776413488444 0.00035414432730522072 0.00061824984859327732 0.0011587795238780069 0.0018607638928566047 0.00011019392306532111 -8.4622396531652176e-05 0.0011333759898932651 -5.7302845282958382e-05 0.00012111750717386881 -0.00028450681725808463 1.8899504026461169e-05 0.00053550807740523313 0.00013612076984455339 -9.432208943216001e-05
leaf_weight=3164 490 1582 4658 79 4788 120 71 46 52 19721 114 59 220 806 118 767 70 70 42 52 679 4828 48 3528 97 68 4920 120 109 1974
leaf_count=3164 490 1582 4658 79 4788 120 71 46 52 19721 114 59 220 806 118 767 70 70 42 52 679 4828 48 3528 97 68 4920 120 109 1974
internal_value=-0.000397495 -0.000701056 0.000356443 -0.000565094 -4.05916e-05 0.00982412 -0.000187628 0.00653846 0.00272358 -0.000897197 0.0013181 -0.000273859 0.000247656 -0.000955884 0.00133117 -7.75499e-05 0.000603534 0.00413621 0.00242481 0.000117659 0.00302311 -0.000683647 0.00174003 -0.000511396 -0.00258785 0.000141005 0.000625837 0.00493266 0.00766375 -0.00101185
internal_weight=53460 38114 15346 34950 13550 199 13351 169 123 21400 4772 13182 7470 5712 924 10574 4979 602 532 4377 779 5595 727 3598 1679 7411 5217 297 229 2194
internal_count=53460 38114 15346 34950 13550 199 13351 169 123 21400 4772 13182 7470 5712 924 10574 4979 602 532 4377 779 5595 727 3598 1679 7411 5217 297 229 2194
is_linear=0
shrinkage=0.05


Tree=44
num_leaves=31
num_cat=0
split_feature=4 6 13 13 8 15 11 13 11 13 11 16 14 16 11 13 12 11 3 11 4 3 12 3 13 11 12 12 14 16
split_gain=4.12547 3.34696 3.18338 2.80912 2.58174 2.49175 2.16224 2.72584 3.11169 2.66013 3.04597 6.7444 7.15064 2.81052 3.10034 2.84741 9.09365 3.05362 4.5375 2.31681 2.31429 2.21077 2.06222 1.96098 1.92484 1.92167 1.71965 2.46794 13.6534 2.84128
threshold=0.013971991854854418 1.2053026729582885 30.345000267028812 12.230000019073488 inf 0.013342905844736632 -0.023324980459216712 17.994999885559086 -0.023775986944761848 22.330000877380375 0.011915728697621366 0.0097040477320496938 0.065842641676127869 -0.033406504351682791 -0.014686681817186851 21.555000305175785 0.073733848686565309 -0.022024013564940267 0.0040521890633928867 0.022655282977909755 0.037259157339318595 -0.0061705533773275803 -0.01116014011506866 -0.0033844697191375279 18.154999732971195 0.023061662230793093 0.066100470646601531 0.032816284988903439 -0.12096344977185801 0.025848293986452501
decision_type=2 2 2 2 8 2 2 2 2 2 2 2 2 2 2 2 2 2 2 2 2 2 2 2 2 2 2 2 2 2
left_child=-1 2 4 -3 6 -5 7 -2 24 13 -11 -12 19 14 -8 17 21 18 -15 22 26 -17 -13 -10 -9 -6 27 29 -29 -19
right_child=1 3 -4 5 25 -7 9 8 23 10 11 12 -14 15 -16 16 -18 20 -20 -21 -22 -23 -24 -25 -26 -27 -28 28 -30 -31
leaf_value=-9.3098194565822826e-05 -0.00025782088730854578 0.0010394349209765471 0.00015483838072948228 8.2019696760266225e-05 -0.000230582124960277 -0.00023513739662603893 0.00051113255027906762 0.00023341961065975259 0.00110328994085352 -0.00028237016297227348 0.00083355892319341394 -0.00030537934173050971 0.0010456809726462582 2.130018234984291e-05 4.2753880942011059e-05 0.00036826021569806691 0.0019357907742761781 -4.3817691229851953e-05 0.0012378013401954102 -0.00039688358384968258 0.00018780443609717326 -7.5058002482520454e-05 0.00017292016577795697 0.00014458295352878876 4.4696382456870217e-05 0.0001940005019551246 -0.00015940116601534767 0.0005304613225106256 2.6647332077818426e-07 -0.00018038640959907294
leaf_weight=3177 285 56 660 5644 1392 602 42 111 46 1898 64 65 60 80 157 118 67 19139 40 566 2453 414 113 52 2067 153 1984 55 9539 2535
leaf_count=3177 285 56 660 5644 1392 602 42 111 46 1898 64 65 60 80 157 118 67 19139 40 566 2453 414 113 52 2067 153 1984 55 9539 2535
internal_value=-0.00037234 -0.000262304 -0.000416149 0.000815613 -0.000468446 0.000715657 -0.000394518 0.00101327 0.00159051 -0.000486051 -0.0019812 0.000472349 -0.000771145 -0.000373127 0.00555276 -0.000405503 0.00301335 -0.000462667 0.0075 -0.00211022 -0.000489428 0.000827066 0.00286517 0.0103061 0.00119835 -0.00247573 -0.000598762 -0.000508188 0.000159473 -0.000803729
internal_weight=53634 50457 44155 6302 43495 6246 41950 2561 2276 39389 2766 868 804 36623 199 36424 599 35825 120 744 35705 532 178 98 2178 1545 33252 31268 9594 21674
internal_count=53634 50457 44155 6302 43495 6246 41950 2561 2276 39389 2766 868 804 36623 199 36424 599 35825 120 744 35705 532 178 98 2178 1545 33252 31268 9594 21674
is_linear=0
shrinkage=0.05


Tree=45
num_leaves=31
num_cat=0
split_feature=4 4 14 15 2 11 16 16 14 11 14 2 15 12 12 12 12 10 11 11 9 16 14 3 5 15 10 12 12 14
split_gain=4.27209 2.52404 2.04536 3.61534 2.46051 2.69467 2.01174 4.58977 2.18098 4.0452 3.57602 2.92214 2.11089 2.88942 3.47103 2.94036 5.14448 2.66224 2.64122 3.197 3.32788 1.84725 2.90592 4.02001 2.65247 2.04566 5.04444 4.18299 11.2246 6.61292
threshold=0.023501020857061967 0.013971991854854418 0.003286853869637119 0.014425208851226114 0.057199628894246686 0.011124085891359938 0.020947928184240631 0.020805835257184716 -0.043478201036805324 0.025734816417073651 -0.044386160859696593 0.097205204036464279 0.012373045747821056 0.044320359090521573 0.013329903509770149 0.0061046403867389696 0.0062346335449628984 0.0011530203210341485 -0.00023800871931395348 0.012360960719592808 0.11795412989101929 0.025989771031771917 0.065842641676127869 -0.004242916782662364 0.04899607481096848 0.011522014057666287 0.0087442348777118113 0.0098181049461038023 -0.0052152181904612785 -0.12635401997537379
decision_type=2 2 2 2 2 2 2 2 2 2 2 2 2 2 2 2 2 2 2 2 8 2 2 2 2 2 2 2 2 2
left_child=1 -1 6 -4 -5 -6 7 8 9 10 12 -12 13 14 15 -3 -17 -15 -18 20 -20 24 -23 -24 25 26 -2 28 -28 -30
right_child=21 2 3 4 5 -7 -8 -9 -10 -11 11 -13 -14 17 -16 16 18 -19 19 -21 -22 22 23 -25 -26 -27 27 -29 29 -31
leaf_value=-9.074165482918704e-05 2.075417493812403e-05 2.3473244799758941e-06 -1.1644152306853721e-05 2.0776415065142574e-05 0.00017267834242505782 0.0010992862925398494 -0.00012915144066999915 0.00040459277638345737 -7.7943708016528444e-05 0.00044819286272830533 0.00052180722101643237 0.0010956209221743662 -0.00023160924788281109 -0.00031899409887245473 -0.0001140230905072106 0.0028974086881142051 -0.00016072434741723983 0.00025093257955169606 0.00085959423977072019 -0.00011558457495316944 9.7035698131135389e-05 -0.00010041474264718522 0.0016528644995236774 -0.00023521266334132555 0.0011405748338759029 -9.3447648375565804e-05 0.00014108368562741844 9.860562745011729e-05 0.00011987171513679691 0.0015174595309288535
leaf_weight=3171 14066 1204 12692 83 48 55 3686 48 8692 57 46 40 697 113 1685 53 156 305 55 85 95 2793 41 42 173 1889 492 872 43 104
leaf_count=3171 14066 1204 12692 83 48 55 3686 48 8692 57 46 40 697 113 1685 53 156 305 55 85 95 2793 41 42 173 1889 492 872 43 104
internal_value=-0.00035843 -0.000710096 -0.000567822 -9.24068e-05 0.00682796 0.0119903 -0.000927603 -0.000641738 -0.000697509 0.000184055 1.76433e-05 0.0101163 -0.000177609 0.000291921 -0.000199521 0.00143204 0.00490991 0.00421053 0.00292839 0.00627659 0.0106667 0.000208383 -0.000966621 0.00825301 0.000399965 0.000338943 0.000527379 0.00327267 0.00634585 0.0184694
internal_weight=53581 33066 29895 12878 186 103 17017 13331 13283 4591 4534 86 4448 3751 3333 1648 444 418 391 235 150 20515 2876 83 17639 17466 15577 1511 639 147
internal_count=53581 33066 29895 12878 186 103 17017 13331 13283 4591 4534 86 4448 3751 3333 1648 444 418 391 235 150 20515 2876 83 17639 17466 15577 1511 639 147
is_linear=0
shrinkage=0.05


Tree=46
num_leaves=31
num_cat=0
split_feature=4 6 6 4 14 16 10 12 3 8 16 16 3 8 16 15 15 12 10 10 10 15 15 15 7 10 16 14 10 16
split_gain=3.81021 2.99321 2.00559 1.95237 1.79067 2.65263 4.34783 3.02352 2.16019 1.6676 1.89864 2.38103 2.22734 1.6002 1.57466 1.49718 5.36691 8.60433 2.25976 3.29973 2.49075 3.86586 4.90938 3.45501 2.94587 3.36111 2.56379 2.525 4.83086 2.50298
threshold=0.027238801675260115 -0.841576851097949 1.8495581819304132 0.013332951558981752 0.040951993391927573 0.0060092982889667921 -0.0074311122071506466 0.011595821830406862 -0.0033020637066130672 -0.11740278857907936 -0.034933523755742595 -0.037661783544991161 -0.020397887288404356 0.043966998038892487 0.012668496717576529 0.0029048202535676419 0.0029439136451996366 0.016092642436075003 0.0030128499392588774 0.0046724002397113837 0.00048358737476139618 0.00026123117090492981 -0.0039467570109373842 -0.011101198772255292 0.012868679565681941 0.0028352827684376973 0.011412257182252363 0.03406338940495391 -0.0013775123490141203 0.030018762992022444
decision_type=2 2 2 2 2 2 2 2 2 10 2 2 2 10 2 2 2 2 2 2 2 2 2 2 2 2 2 2 2 2
left_child=1 4 -2 -3 -1 6 -6 8 -8 14 11 12 -11 -9 -5 18 17 -17 20 -20 27 22 23 -22 25 -24 -25 -12 -29 -26
right_child=2 3 -4 9 5 -7 7 13 -10 10 15 -13 -14 -15 -16 16 -18 -19 19 -21 21 -23 24 26 29 -27 -28 28 -30 -31
leaf_value=-0.00013937344913932928 2.5635589055600925e-05 -8.8608501154725116e-05 0.00037097333946413278 -0.00019275290427896041 -0.00014553931515258437 -0.0001984534148460429 0.00106829376701569 -4.6453353618991874e-06 0.00026840121778208683 0.00047971077097961961 -0.00010510112558801602 0.00017198375010035486 -2.1234488336079883e-05 0.00023022656895554046 0.00021102452689936393 0.00076701384578166409 -2.0243306450227385e-06 1.4376299282795668e-05 -0.00036026952219560661 -3.7884267333698688e-05 0.00058675151740673285 -0.00014214110981834204 2.9984166824940583e-05 -0.00024273065290516085 0.00033576337782075173 0.0005408406456509728 0.00020750302442612339 -1.0600439569660068e-05 0.000215587142763194 -0.00013076109777064105
leaf_weight=5546 11710 1842 930 1089 363 433 45 189 94 42 5660 265 745 68 77 49 12523 114 1087 2536 77 800 580 647 417 44 56 5151 265 70
leaf_count=5546 11710 1842 930 1089 363 433 45 189 94 42 5660 265 745 68 77 49 12523 114 1087 2536 77 800 580 647 417 44 56 5151 265 70
internal_value=-0.00035916 -0.000593777 0.000399524 -0.000403681 -0.00155684 0.000201341 0.00198287 0.00560606 0.0115468 -0.000313372 -0.000243833 0.00184411 0.000463785 0.00239299 -0.00216981 -0.000316865 9.61678e-05 0.00911043 -0.000618173 -0.00172923 -0.00032578 0.00103865 0.00227128 -0.000769232 0.00440594 0.00213141 -0.00187056 -0.000657278 0.000114474 0.00732033
internal_weight=53514 40874 12640 34136 6738 1192 759 396 139 32294 31128 1052 787 257 1166 30076 12686 163 17390 3623 13767 2691 1891 780 1111 624 703 11076 5416 487
internal_count=53514 40874 12640 34136 6738 1192 759 396 139 32294 31128 1052 787 257 1166 30076 12686 163 17390 3623 13767 2691 1891 780 1111 624 703 11076 5416 487
is_linear=0
shrinkage=0.05


Tree=47
num_leaves=31
num_cat=0
split_feature=4 6 13 8 5 14 11 13 11 13 16 13 16 9 3 11 16 6 13 13 9 11 5 13 14 10 14 16 16 13
split_gain=3.68498 3.12289 2.50494 2.46095 2.1517 2.01874 1.98233 1.85641 1.75839 2.32583 2.47015 1.84351 2.55643 1.97405 3.64451 1.85461 1.84248 1.47643 1.81401 1.64537 3.22087 2.00458 2.21257 1.67506 1.57691 1.87728 1.85046 1.54015 2.62467 1.40591
threshold=0.015326294543063097 1.2053026729582885 49.655000686645515 inf 0.016239275210462575 0.12307845124318741 0.023061662230793093 12.230000019073488 -0.023324980459216712 17.994999885559086 -0.036179446976329126 19.329999923706058 -0.034933523755742595 0.10381237332238792 0.00092700086289421179 -0.028866681392767265 -0.0051526790069073005 -0.78709303220830729 12.994999885559084 12.84500026702881 0.12064091495566177 0.00301412428072434 0.011184660094376743 12.694999694824221 0.020125848996620292 0.0056232321882017109 0.021982133330242685 0.0060092982889667921 0.0051423895922887439 21.954999923706058
decision_type=2 2 2 8 2 2 2 2 2 2 2 2 2 8 2 2 2 2 2 2 8 2 2 2 2 2 2 2 2 2
left_child=5 2 3 4 8 -1 -5 -3 9 -2 -11 13 -13 14 -12 -16 -14 24 19 23 21 -21 -23 -19 -10 26 -26 28 -28 -6
right_child=1 7 -4 6 29 -7 -8 -9 17 10 11 12 16 -15 15 -17 -18 18 -20 20 -22 22 -24 -25 25 -27 27 -29 -30 -31
leaf_value=-9.5747776704557011e-05 -0.00026809599623807905 0.0010757710464487872 0.00099428852336272129 -0.00019039743202279227 5.7486662274374757e-05 0.00014024976446444561 0.00019387574213844649 6.196123978921874e-05 -0.00013867752386571052 -2.955868235483545e-05 0.00029847857398671154 0.00026556677116066675 -1.5835369119602302e-05 0.00018718443977076729 -4.0128084006437209e-05 0.00068329410470854422 0.00024973129745405845 7.9667101531707759e-05 -3.8851907498430553e-05 -3.3219670371304076e-05 -0.00020390476463620958 0.00025650663210132721 0.00070827869253047753 -0.00025006660786671 0.00034305598497659897 0.00032567162984089865 8.9745712267750276e-06 -0.00017993413078473222 0.00042806184954369026 -4.7397792968795059e-05
leaf_weight=5899 208 48 56 1320 8624 212 149 5954 4228 678 43 79 499 147 56 44 73 1131 19203 55 134 55 79 311 49 42 738 537 46 2753
leaf_count=5899 208 48 56 1320 8624 212 149 5954 4228 678 43 79 499 147 56 44 73 1131 19203 55 134 55 79 311 49 42 738 537 46 2753
internal_value=-0.000383537 -0.000234375 -0.00038912 -0.000403456 -0.000329299 -0.00153903 -0.00241321 0.000831388 -0.000561809 0.000938696 0.00157813 0.00323592 0.00175883 0.00655172 0.0107343 0.0055 0.000594404 -0.000664839 -0.000471672 0.00106232 0.00428792 0.00849206 0.011791 0.000339805 -0.00138298 6.37382e-05 -0.000255476 -0.000609388 0.00080357 0.000251823
internal_weight=53450 47339 41337 41281 39812 6111 1469 6002 28435 1827 1619 941 651 290 143 100 572 26608 20968 1765 323 189 134 1442 5640 1412 1370 1321 784 11377
internal_count=53450 47339 41337 41281 39812 6111 1469 6002 28435 1827 1619 941 651 290 143 100 572 26608 20968 1765 323 189 134 1442 5640 1412 1370 1321 784 11377
is_linear=0
shrinkage=0.05


Tree=48
num_leaves=31
num_cat=0
split_feature=5 5 16 9 16 16 16 14 12 12 12 16 9 0 5 9 16 4 14 13 13 10 12 4 9 9 16 16 3 5
split_gain=2.95315 1.99656 1.55957 3.35077 2.16379 2.88347 2.4192 2.26898 2.24765 6.35769 3.15457 2.10257 9.32025 1.98169 3.21082 2.65663 1.81314 1.69408 1.6487 3.07378 1.88562 2.08879 1.95929 1.46914 1.45088 1.42446 1.41685 2.56097 1.56709 2.01856
threshold=0.015581014986273694 0.0086601475737821607 0.021082496193039705 -0.25184813759963826 0.013277331824823825 0.013889199123149345 0.007796495259592918 0.0091478412114857095 -0.0045413720184895303 -0.062212446145613214 0.028151177986243673 0.0069410458462448874 inf 0.0017588467287812384 0.02686204606851814 0.0482338192897468 0.020178464993767745 0.034897727023710981 0.065842641676127869 17.090000152587894 17.125000000000004 0.018838458170826636 -0.022997205585478738 0.068539238209223183 0.13712847658908947 0.012978784960552383 -0.034933523755742595 -0.039503255686329335 -0.016272804708131191 0.014130127800460966
decision_type=2 2 2 8 2 2 2 2 2 2 2 2 8 2 2 8 2 2 2 2 2 2 2 2 8 10 2 2 2 2
left_child=1 -1 4 -4 6 17 11 8 9 -7 -10 23 -13 15 -15 -12 -9 -6 20 -20 21 22 24 -2 -5 -23 27 28 29 -3
right_child=2 26 3 18 5 7 -8 16 10 -11 13 12 -14 14 -16 -17 -18 -19 19 -21 -22 25 -24 -25 -26 -27 -28 -29 -30 -31
leaf_value=-8.6179829891463265e-05 2.8043691884334709e-05 0.00039318134755498267 0.0014640576741553109 0.0006013904071282257 0.00027567567374594745 -0.0012179286043793032 -0.00011707401459553273 -0.00019336638825653759 -0.00010230639920869223 0.00074057683774706579 0.00030325864691739865 3.325363775254665e-05 0.00090032606329902033 9.2548277252006939e-06 0.00094428453735873876 0.0011293960915201033 0.00069408651128937369 0.0011103388808284757 -0.00014334080102734793 0.001468073903008412 -0.00016314164005200313 0.0004292383410901923 -7.2002704428349561e-05 0.00075137880449064091 3.3749800716672008e-05 0.00016422192957354421 -3.0604746180948112e-05 0.00013967871697521172 -5.9798841675029761e-05 -0.00022378222963554493
leaf_weight=2748 8546 48 64 44 118 60 1709 498 411 77 83 175 46 263 54 83 50 40 40 41 1585 41 1316 375 63 40 33707 471 724 40
leaf_count=2748 8546 48 64 44 118 60 1709 498 411 77 83 175 46 263 54 83 50 40 40 41 1585 41 1316 375 63 40 33707 471 724 40
internal_value=-0.000295931 -0.000536331 0.000277461 -0.000701918 0.000529074 0.00216753 0.000266794 0.00152311 0.00290495 0.00886861 0.00199105 0.000589585 0.00540724 0.00473085 0.00241325 0.00915663 -0.00107664 0.00860759 -0.000930601 0.00611111 -0.00111525 0.000152924 -0.000291639 0.000470238 0.00621495 0.00796296 -0.000434411 0.00119641 -0.000504927 0.00579545
internal_weight=53560 37738 15822 3234 12588 1737 10851 1579 1031 137 894 9142 221 483 317 166 548 158 3170 81 3089 1504 1423 8921 107 81 34990 1283 812 88
internal_count=53560 37738 15822 3234 12588 1737 10851 1579 1031 137 894 9142 221 483 317 166 548 158 3170 81 3089 1504 1423 8921 107 81 34990 1283 812 88
is_linear=0
shrinkage=0.05


Tree=49
num_leaves=31
num_cat=0
split_feature=6 1 5 15 14 10 12 14 15 15 5 15 15 12 4 10 9 14 14 9 0 2 4 10 12 12 10 1 9 8
split_gain=3.02334 2.67531 2.25198 2.19356 5.75452 4.50642 6.82159 5.08175 6.83522 2.94194 2.61661 3.04267 2.47428 2.42411 2.34082 2.27026 2.32855 2.3788 2.17782 1.99963 1.94153 1.84589 1.73109 1.84534 1.71628 3.11785 1.63039 1.57288 1.6128 1.54351
threshold=0.0093990276718180863 -0.0077755586867178641 0.03230890550082198 0.0027654380575841135 0.040951993391927573 -0.0074311122071506466 0.017951110302837473 0.065842641676127869 -0.0032556425943403573 0.0029439136451996366 0.010991220710207394 -0.0066731816063446683 -0.0092865684684994548 -0.067575667738432196 0.044963563847301317 -0.0027475813947746004 0.070078597519353872 -0.067583665573298909 0.030785511680663128 0.085108721477618623 -0.0028510768852952335 -0.12377790224194128 0.014416786614146153 -0.009254911904007011 0.092854757865130991 0.10123019596275297 0.012727051103036626 -0.050820760079974318 0.13188712816068962 -0.078901987363606804
decision_type=2 2 2 2 2 2 2 2 2 2 2 2 2 2 2 2 8 2 2 8 2 2 2 2 2 2 2 2 10 10
left_child=1 3 -2 4 12 13 7 8 10 -5 -7 -12 20 14 -6 18 17 29 19 -11 -1 -18 23 -3 -14 -26 27 28 -23 -17
right_child=2 22 -4 9 5 6 -8 -9 -10 15 11 -13 24 -15 -16 16 21 -19 -20 -21 -22 26 -24 -25 25 -27 -28 -29 -30 -31
leaf_value=2.3444160593584005e-05 1.429665917743963e-06 0.0002266101578722497 0.00073070234713067637 0.00046910564716658767 0.00036984864118207964 -2.6135697032477282e-05 1.7290915216207821e-05 0.00019319312110135489 0.001888414288849093 0.00061117668316266148 0.00079139400505117427 -2.7861547007493892e-06 -0.00014554476247521684 -5.3940024655522058e-05 -0.000455535435317583 0.00043890770365884277 0.00091266155886852345 -0.00022452346319869182 1.7919996539224607e-05 0.00012566510624918123 0.00015370575216179752 7.6667362267602678e-05 -6.0902214711903504e-05 -0.00013231498186472906 0.00072219218654334043 -0.00011250920226239325 -0.00028324119133305643 6.5266193428918033e-05 0.00066972181903498357 -7.3368077896257134e-06
leaf_weight=407 20647 43 514 81 73 55 644 223 51 74 117 43 4309 1503 63 161 87 846 124 53 73 57 19406 1838 43 89 173 1259 49 426
leaf_count=407 20647 43 514 81 73 55 644 223 51 74 117 43 4309 1503 63 161 87 846 124 53 73 57 19406 1838 43 89 173 1259 49 426
internal_value=-0.000368106 -0.00067192 9.66389e-05 -4.19573e-05 -0.000508905 0.00131313 0.00373786 0.00819018 0.0128571 0.0010177 0.00895349 0.0121875 -0.00153526 -0.000363027 0.00602941 0.000787246 0.000412033 -0.00105722 0.00535856 0.00996063 0.001875 0.00170769 -0.000999907 -0.00244817 -0.00190385 0.00371212 0.00130689 0.00188645 0.00773585 0.00138841
internal_weight=53531 32370 21161 11083 7693 2772 1133 489 266 3390 215 160 4921 1639 136 3309 3058 1433 251 127 480 1625 21287 1881 4441 132 1538 1365 106 587
internal_count=53531 32370 21161 11083 7693 2772 1133 489 266 3390 215 160 4921 1639 136 3309 3058 1433 251 127 480 1625 21287 1881 4441 132 1538 1365 106 587
is_linear=0
shrinkage=0.05


Tree=50
num_leaves=31
num_cat=0
split_feature=5 6 13 11 15 15 15 15 11 9 13 13 14 8 9 13 13 0 14 11 15 15 11 4 11 15 11 1 14 14
split_gain=3.36821 2.51609 2.16921 1.88205 2.86515 3.29335 2.867 2.12647 1.55779 3.15548 1.4381 4.12584 4.33174 2.36402 1.76576 4.39224 3.58808 2.98587 1.59925 3.71429 3.20631 4.90621 2.33377 2.01899 1.93694 5.07999 2.19268 3.01296 1.74075 2.25939
threshold=0.016239275210462575 -0.91289584914877187 49.655000686645515 -0.023324980459216712 0.0025039479183847084 -0.0015567555843142287 0.01217388314375434 -0.002161528947243196 -0.025492128925019227 0.33959166513948708 21.954999923706058 21.724999427795414 -0.026106823606350468 -0.011366908561224796 0.13712847658908947 24.119999885559086 24.385000228881839 -0.038297503538040227 -0.067583665573298909 0.041951569626952907 0.010840630085173776 0.0092429306921630889 0.0040071134155756924 0.04107859283887777 -0.017068833431084392 0.0071808521252844102 -0.018660879963565243 -0.037965786965453489 -0.041810588725082691 -0.036818887874406285
decision_type=2 2 2 2 2 2 2 2 2 8 2 2 2 10 8 2 2 2 2 2 2 2 2 2 2 2 2 2 2 2
left_child=1 -1 10 4 5 7 -6 8 -3 -10 11 18 -13 -14 -12 -16 -17 -18 19 20 21 22 -2 -24 25 26 -20 -28 -26 -30
right_child=2 3 -4 -5 6 -7 -8 -9 9 -11 14 12 13 -15 15 16 17 -19 24 -21 -22 -23 23 -25 28 -27 27 -29 29 -31
leaf_value=-0.00010644289588682638 -0.0001303970737452512 -8.1666684182339154e-06 0.0011541103922627007 -3.1768441947502477e-05 0.00020069785635305998 -0.00019472354272031153 -0.0001327722152577305 0.00034096040146651939 7.6835281180972595e-05 0.00079989362315800922 -7.7423147930192436e-05 6.4495898769417409e-05 0.00049137450457687251 0.001838592935504566 -0.00033077485603296417 0.0012786820359132073 0.00063161998039372458 -2.4227904256186511e-05 1.2548059206695393e-05 0.00067765301812801662 -8.87459185217716e-05 0.001019850180740648 0.00015158208236872495 0.0013312510792022566 -0.00016489659247850486 0.0010098381186868805 0.0010571867952768224 -2.508283368189557e-05 0.00031277106479149562 1.2366217928401787e-05
leaf_weight=5389 305 1043 61 32028 364 497 178 44 304 72 2794 102 48 40 280 44 64 127 507 56 581 89 295 76 1098 43 57 60 292 6682
leaf_count=5389 305 1043 61 32028 364 497 178 44 304 72 2794 102 48 40 280 44 64 127 507 56 581 89 295 76 1098 43 57 60 292 6682
internal_value=-0.000330102 -0.000562265 0.000346324 -0.000405446 0.000915267 2.5509e-05 0.00413284 0.00122009 0.000884424 0.00364362 0.000304251 0.000594811 0.00789474 0.0160227 -0.000602902 0.00208738 0.00712766 0.0041623 0.00045804 0.00202568 0.00150074 0.00362745 0.00217456 0.00483827 0.000206544 0.0027961 0.00165064 0.00782051 -7.43429e-06 0.00028391
internal_weight=53620 39919 13701 34530 2502 1960 542 1463 1419 376 13640 10331 190 88 3309 515 235 191 10141 1402 1346 765 676 371 8739 667 624 117 8072 6974
internal_count=53620 39919 13701 34530 2502 1960 542 1463 1419 376 13640 10331 190 88 3309 515 235 191 10141 1402 1346 765 676 371 8739 667 624 117 8072 6974
is_linear=0
shrinkage=0.05


end of trees

feature_importances:
vix_level=195
spy_ret_5d=158
sector_ret_5d=153
spy_ret_20d=134
atr_pct=130
spy_ret_1d=122
dvol_z_20=105
sector_ret_1d=105
vix_chg_1d=100
parkinson_20=79
dist_ma200=67
dist_ma50=49
overnight_gap=39
ret_5d=30
ret_20d=27
ret_1d=21
dist_ma20=16

parameters:
[boosting: gbdt]
[objective: quantile]
[metric: quantile]
[tree_learner: serial]
[device_type: cpu]
[data_sample_strategy: bagging]
[data: ]
[valid: ]
[num_iterations: 120]
[learning_rate: 0.05]
[num_leaves: 31]
[num_threads: -1]
[seed: 0]
[deterministic: 0]
[force_col_wise: 1]
[force_row_wise: 0]
[histogram_pool_size: -1]
[max_depth: -1]
[min_data_in_leaf: 40]
[min_sum_hessian_in_leaf: 0.001]
[bagging_fraction: 0.85]
[pos_bagging_fraction: 1]
[neg_bagging_fraction: 1]
[bagging_freq: 1]
[bagging_seed: 3]
[bagging_by_query: 0]
[feature_fraction: 0.85]
[feature_fraction_bynode: 1]
[feature_fraction_seed: 2]
[extra_trees: 0]
[extra_seed: 6]
[early_stopping_round: 0]
[early_stopping_min_delta: 0]
[first_metric_only: 0]
[max_delta_step: 0]
[lambda_l1: 0]
[lambda_l2: 0]
[linear_lambda: 0]
[min_gain_to_split: 0]
[drop_rate: 0.1]
[max_drop: 50]
[skip_drop: 0.5]
[xgboost_dart_mode: 0]
[uniform_drop: 0]
[drop_seed: 4]
[top_rate: 0.2]
[other_rate: 0.1]
[min_data_per_group: 100]
[max_cat_threshold: 32]
[cat_l2: 10]
[cat_smooth: 10]
[max_cat_to_onehot: 4]
[top_k: 20]
[monotone_constraints: ]
[monotone_constraints_method: basic]
[monotone_penalty: 0]
[feature_contri: ]
[forcedsplits_filename: ]
[refit_decay_rate: 0.9]
[cegb_tradeoff: 1]
[cegb_penalty_split: 0]
[cegb_penalty_feature_lazy: ]
[cegb_penalty_feature_coupled: ]
[path_smooth: 0]
[interaction_constraints: ]
[verbosity: -1]
[saved_feature_importance_type: 0]
[use_quantized_grad: 0]
[num_grad_quant_bins: 4]
[quant_train_renew_leaf: 0]
[stochastic_rounding: 1]
[linear_tree: 0]
[max_bin: 255]
[max_bin_by_feature: ]
[min_data_in_bin: 3]
[bin_construct_sample_cnt: 200000]
[data_random_seed: 1]
[is_enable_sparse: 1]
[enable_bundle: 1]
[use_missing: 1]
[zero_as_missing: 0]
[feature_pre_filter: 1]
[pre_partition: 0]
[two_round: 0]
[header: 0]
[label_column: ]
[weight_column: ]
[group_column: ]
[ignore_column: ]
[categorical_feature: ]
[forcedbins_filename: ]
[precise_float_parser: 0]
[parser_config_file: ]
[objective_seed: 5]
[num_class: 1]
[is_unbalance: 0]
[scale_pos_weight: 1]
[sigmoid: 1]
[boost_from_average: 1]
[reg_sqrt: 0]
[alpha: 0.9]
[fair_c: 1]
[poisson_max_delta_step: 0.7]
[tweedie_variance_power: 1.5]
[lambdarank_truncation_level: 30]
[lambdarank_norm: 1]
[label_gain: ]
[lambdarank_position_bias_regularization: 0]
[eval_at: ]
[multi_error_top_k: 1]
[auc_mu_weights: ]
[num_machines: 1]
[local_listen_port: 12400]
[time_out: 120]
[machine_list_filename: ]
[machines: ]
[gpu_platform_id: -1]
[gpu_device_id: -1]
[gpu_device_id_list: ]
[gpu_use_dp: 0]
[num_gpu: 1]

end of parameters

pandas_categorical:[]
