tree
version=v4
num_class=1
num_tree_per_iteration=1
label_index=0
max_feature_idx=16
objective=quantile
feature_names=ret_1d ret_5d ret_20d overnight_gap atr_pct parkinson_20 dvol_z_20 dist_ma20 dist_ma50 dist_ma200 spy_ret_1d spy_ret_5d spy_ret_20d vix_level vix_chg_1d sector_ret_1d sector_ret_5d
feature_infos=[-0.5314018869722672:0.31114662817075689] [-0.55344655344655336:0.7406989853438557] [-0.58708431306684572:1.2426337943475647] [-0.43441388602678932:0.21517185275574535] [0.0084066071428571219:0.14726875426005373] [0.0054813407373672761:0.13389215147615091] [-2.8216614634256327:4.3534601122584604] [-0.55430669174465763:0.5710628203335566] [-0.58721049326541097:0.727100629285925] [-0.63561070239096851:1.4187670763216587] [-0.058542947643003718:0.10501933612632941] [-0.11496158439845272:0.082843216242346029] [-0.12265592443394913:0.15756596870864792] [11.859999656677246:52.330001831054688] [-0.35753873962348437:0.74039073966007019] [-0.073180960369049974:0.075364298724954315] [-0.12187673514714059:0.078003457216940353]
tree_sizes=2952 3003 3011 3062 3001 3037 3020 3021 3018 3025 3031 3022 3032 3016 3036 3046 3046 3048 3034 3019 3034 3044 3019 3067 3027 3015 3049 3030 3035 3040 3041 3044 3064 3032 3037 3028 3026 3058 3037

Tree=0
num_leaves=31
num_cat=0
split_feature=4 15 4 4 14 10 16 16 10 8 10 10 16 13 12 12 15 12 6 12 14 15 16 13 13 15 10 12 13 13
split_gain=277.645 56.0145 34.4747 28.5946 27.1156 21.6062 17.1429 15.3181 15.2552 13.0818 11.4132 17.6719 11.2228 25.9585 9.12924 13.5029 8.62909 8.90741 7.6695 6.75597 6.5603 6.47492 6.08203 6.02705 6.29592 5.98925 7.17305 15.101 8.00192 7.47879
threshold=0.032645774110604452 -0.03732677966205155 0.051221105145548729 0.02233644945555293 0.23397195059943568 -0.0014526684258500675 -0.06555723559280667 -0.055746298787809394 0.0055837889125804905 -0.14498668311332832 -0.017312021268647334 -0.020247537407416468 -0.034933523755742595 30.345000267028812 -0.0041728615781457248 -0.040334955259991249 0.010503141999228973 -0.0093119060190361962 0.37143329817181209 -0.071455492513037885 -0.041810588725082691 -0.03732677966205155 -0.06555723559280667 27.365000724792484 18.94999980926514 0.025033772670397528 0.0076785995621447842 -0.062212446145613214 24.630000114440922 23.694999694824222
decision_type=2 2 2 2 2 2 2 2 2 10 2 2 2 2 2 2 2 2 2 2 2 2 2 2 2 2 2 2 2 2
left_child=1 5 4 22 7 -1 9 8 -2 -5 11 -8 20 16 15 -13 23 -18 -12 -9 -4 -6 -3 24 -14 26 27 -21 29 -29
right_child=2 3 12 6 21 -7 10 19 -10 -11 18 14 13 -15 -16 -17 17 -19 -20 25 -22 -23 -24 -25 -26 -27 -28 28 -30 -31
leaf_value=-0.030227234307564195 -0.028010948862988189 -0.028084792131953022 -0.030962087968850156 -0.029888671947622847 -0.031195505351748865 -0.026105149206671032 -0.026467218388067894 -0.026838330362844279 -0.02986318187384009 -0.027295913114544917 -0.027073709371356336 -0.027620647622309476 -0.029513407702924269 -0.026337976582035131 -0.026869626536087817 -0.029497176156699646 -0.026862342641976254 -0.028742040911012422 -0.027360368310454873 -0.028131390301272173 -0.029568368245213569 -0.028843287729915103 -0.026850731046953971 -0.028213841746932665 -0.028693527564913973 -0.028177949491389888 -0.027584151475394621 -0.027877178972986666 -0.027158987064070016 -0.028224219286043996
leaf_weight=131 158 69 55 53 48 40 155 237 63 72 11808 92 688 179 43 62 120 158 4355 47 170 69 29612 83 438 46 1039 3046 367 159
leaf_count=131 158 69 55 53 48 40 155 237 63 72 11808 92 688 179 43 62 120 158 4355 47 170 69 29612 83 438 46 1039 3046 367 159
internal_value=-0.0271853 -0.0257729 -0.0363436 -0.0256675 -0.0342685 -0.0543371 -0.0273266 -0.033729 -0.0466078 -0.0457734 -0.027187 -0.0360939 -0.0421364 -0.0407208 -0.0460313 -0.0517189 -0.0428862 -0.0349432 -0.026993 -0.033153 -0.0526178 -0.0580708 -0.0247373 -0.0447127 -0.0437542 -0.033568 -0.0333907 -0.034442 -0.0340715 -0.0348723
internal_weight=53662 46492 7170 46321 5279 171 16640 5162 221 125 16515 352 1891 1666 197 154 1487 278 16163 4941 225 117 29681 1209 1126 4704 4658 3619 3572 3205
internal_count=53662 46492 7170 46321 5279 171 16640 5162 221 125 16515 352 1891 1666 197 154 1487 278 16163 4941 225 117 29681 1209 1126 4704 4658 3619 3572 3205
is_linear=0
shrinkage=1


Tree=1
num_leaves=31
num_cat=0
split_feature=4 16 10 4 14 5 8 16 13 12 14 10 13 11 13 13 5 11 16 10 11 13 16 13 1 10 14 13 12 9
split_gain=236.473 40.1418 38.4527 32.2467 24.2551 23.534 21.4477 14.6805 17.332 14.0537 12.9971 13.7602 12.7064 10.4382 9.73742 8.30456 7.75509 7.2065 7.04992 18.2801 9.01618 8.76636 15.5642 15.0149 6.79886 6.72059 6.38631 5.30156 6.857 7.3824
threshold=0.032645774110604452 -0.046378973938755001 -0.029463617054616639 0.047753545817047396 0.23397195059943568 0.014179249906104347 -0.15408467570100795 -0.049844975099244952 30.345000267028812 -0.052281388412141021 0.23397195059943568 -0.020247537407416468 28.970000267028812 0.021459813769517781 25.010000228881839 14.920000076293947 0.040454504502857348 0.019998315354098021 -0.055746298787809394 0.0055837889125804905 -0.021243764887310997 21.295000076293949 -0.033406504351682791 21.664999961853031 -0.057661481845995892 0.0052648731180522388 -0.056925165822572281 20.060000419616703 -0.0021779989337359913 0.7476935599292166
decision_type=2 2 2 2 2 2 10 2 2 2 2 2 2 2 2 2 2 2 2 2 2 2 2 2 2 2 2 2 2 8
left_child=1 2 -1 4 13 15 9 25 12 -4 17 -12 14 18 16 -3 -9 -7 19 -2 -20 26 -23 -24 -11 -5 -22 28 29 -28
right_child=3 5 6 7 -6 10 -8 8 -10 24 11 -13 -14 -15 -16 -17 -18 -19 20 -21 21 22 23 -25 -26 -27 27 -29 -30 -31
leaf_value=-0.0030556409376279263 -0.00035891833923554082 0.00041400190133340857 0.00090224305825039512 -0.0017966135549851306 -0.0030987625765935638 -7.843755954886622e-05 -4.8733057437270505e-05 -0.0015308044632994901 5.2061745628575195e-05 -0.0025722724337572168 0.00031143078803332866 -0.0012233401778240437 -0.0031098544770929593 -6.7440268213689341e-05 -0.00017541941566717864 0.00022267798237240663 -0.0021129264589726973 0.00025759250347491688 -3.7769771203365407e-05 -0.0023947496979949377 -9.6967711432915666e-05 -0.0015373255742060052 -0.001784202920634737 -0.00066014873336012105 -0.0014432780359111999 -0.0037948321082989563 -0.0015423726739908856 3.5438157286622754e-05 -0.00063485149729965162 -0.00048203434762175148
leaf_weight=74 137 12020 43 104 107 11073 474 1230 234 74 50 53 87 924 159 19595 448 2819 556 50 454 69 85 489 79 54 176 215 1508 114
leaf_count=74 137 12020 43 104 107 11073 474 1230 234 74 50 53 87 924 159 19595 448 2819 556 50 454 69 85 489 79 54 176 215 1508 114
internal_value=9.00028e-05 0.00139945 -0.010121 -0.00834028 -0.00603604 0.00158737 -0.00634328 -0.0131995 -0.0121223 -0.0202551 -0.000119685 -0.0178155 -0.013685 -0.00550869 -0.0128008 0.00234303 -0.0139213 1.15176e-05 -0.00665326 -0.016123 -0.00617021 -0.00721865 -0.0124184 -0.00972125 -0.0273529 -0.0279114 -0.0058634 -0.00707153 -0.00795884 -0.015
internal_weight=53554 46354 744 7200 4884 45610 670 2316 2158 196 13995 103 1924 4777 1837 31615 1678 13892 3853 187 3666 3110 643 574 153 158 2467 2013 1798 290
internal_count=53554 46354 744 7200 4884 45610 670 2316 2158 196 13995 103 1924 4777 1837 31615 1678 13892 3853 187 3666 3110 643 574 153 158 2467 2013 1798 290
is_linear=0
shrinkage=0.05


Tree=2
num_leaves=31
num_cat=0
split_feature=4 16 16 4 4 0 13 13 0 11 8 3 13 11 3 11 11 13 16 13 12 13 13 12 11 11 13 3 16 11
split_gain=201.448 30.9754 30.1076 24.4955 23.0862 20.4237 15.6786 12.7943 13.9507 11.0071 10.0814 9.93573 9.57426 8.90273 8.41536 7.61005 8.86186 11.4843 11.5835 8.66028 7.52623 7.1306 7.36628 17.7369 7.06664 6.62616 8.97554 15.5504 11.885 6.85336
threshold=0.032312304385524467 -0.046378973938755001 -0.055746298787809394 0.051221105145548729 0.020494688361824331 -0.04571280322974252 30.345000267028812 25.505000114440922 0.048543107308664853 -0.055970636302615777 -0.15408467570100795 -0.022501936596559354 24.855000495910648 0.019179064165315788 -0.022501936596559354 0.021459813769517781 -0.021243764887310997 21.295000076293949 -0.033406504351682791 21.664999961853031 0.030501708894694394 19.115000724792484 18.510000228881839 0.0090148119717247139 -0.01930721697732057 -0.022672230022230119 21.295000076293949 -0.0076264895002950963 1.0000000180025095e-35 -0.020756034341227022
decision_type=2 2 2 2 2 2 2 2 2 2 10 2 2 2 2 2 2 2 2 2 2 2 2 2 2 2 2 2 2 2
left_child=1 5 7 11 -3 -1 -5 -2 9 14 -7 12 -4 20 -9 16 -13 21 -19 -20 25 22 -18 -24 -21 -6 -27 28 -28 -29
right_child=2 4 3 6 13 10 -8 8 -10 -11 -12 15 -14 -15 -16 -17 17 18 19 24 -22 -23 23 -25 -26 26 27 29 -30 -31
leaf_value=-0.0027032696046231882 -0.0076985291081863487 0.0003315656969829989 -0.0013987181338683064 -0.0016057790401929216 0.000234838827545838 -0.0019186129836264141 0.0001191930210983171 -0.0017737219943760847 -0.0033028859428584703 -0.00016936532293198859 -0.00048152288846480906 7.2474573315113851e-06 -0.0034994111338640236 0.00026156383280553382 -0.00032522584255695878 -8.5229471788899702e-05 -0.00060200391243141432 -0.0014510564998105441 -0.0012050208920701109 -0.0013422294052171083 0.00014952582298225918 -3.1698942834585409e-05 -0.0020749912826340546 -0.00032186024531199352 -0.00059786672525243792 -0.00010360427160982838 -0.0026854995213674115 -0.0014861475680725189 -2.9180432545163778e-05 -4.6423790449949513e-05
leaf_weight=71 60 23774 192 1576 1554 158 210 69 57 137 486 606 51 4328 55 999 1853 69 78 46 5126 586 94 143 452 9453 189 139 89 865
leaf_count=71 60 23774 192 1576 1554 158 210 69 57 137 486 606 51 4328 55 999 1853 69 78 46 5126 586 94 143 452 9453 189 139 89 865
internal_value=0.000119014 0.0013402 -0.00758012 -0.00683321 0.00150241 -0.00898601 -0.0118813 -0.0213228 -0.017327 -0.0124329 -0.00618012 -0.00508899 -0.0149588 0.000324932 -0.0232258 -0.00460211 -0.00559333 -0.00660795 -0.0125969 -0.0102778 -0.000179443 -0.00516442 -0.0065311 -0.0148312 -0.00785141 -0.000850761 -0.0012925 -0.00521841 -0.0156835 -0.00232072
internal_weight=53565 46232 7333 6955 45517 715 1786 378 318 261 644 5169 243 21743 124 4926 3927 3321 645 576 17415 2676 2090 237 498 12289 10735 1282 278 1004
internal_count=53565 46232 7333 6955 45517 715 1786 378 318 261 644 5169 243 21743 124 4926 3927 3321 645 576 17415 2676 2090 237 498 12289 10735 1282 278 1004
is_linear=0
shrinkage=0.05


Tree=3
num_leaves=31
num_cat=0
split_feature=16 10 10 9 8 8 13 11 14 10 13 14 14 1 8 0 10 10 11 12 1 9 14 16 16 11 14 11 13 12
split_gain=85.1733 62.7406 39.9559 39.3269 35.0948 21.8081 16.013 13.1107 18.6092 13.2377 11.3175 9.97591 10.4213 9.424 7.67799 7.62976 7.49223 19.5179 18.4466 11.2311 6.83855 6.48781 6.43502 5.96955 13.4929 7.84945 6.27971 9.53802 9.22082 20.7825
threshold=-0.044876723421484459 -0.029463617054616639 0.016350157736673924 0.42289880641048544 -0.063438257403640605 -0.16614209449316961 15.75500011444092 -0.022672230022230119 0.23397195059943568 -0.017312021268647334 25.505000114440922 -0.02817624153510306 -0.024483541073895273 -0.062279591383522064 -0.20484993810925459 0.048543107308664853 -0.017312021268647334 -0.020247537407416468 -0.018660879963565243 -0.040334955259991249 -0.042855336348547872 -0.16176990054470983 0.042440575684467692 0.012668496717576529 0.011603912324751222 -0.017068833431084392 -0.030119880421319408 -0.014450250426354115 17.445000648498539 0.012058038657318472
decision_type=2 2 2 10 10 10 2 2 2 2 2 2 2 2 8 2 2 2 2 2 2 8 2 2 2 2 2 2 2 2
left_child=1 -1 5 4 7 10 22 -2 9 -9 13 -11 -13 -3 -14 16 17 -8 19 -19 -4 -12 -6 24 25 -18 27 -27 -28 -30
right_child=3 2 20 -5 6 -7 15 8 -10 11 21 12 14 -15 -16 -17 23 18 -20 -21 -22 -23 -24 -25 -26 26 28 -29 29 -31
leaf_value=-0.0034697377008468012 0.00022107011081775614 -0.0038238086983574623 -0.0024642080813070569 -0.0017440800897797514 0.00030243820064138776 -5.4824075484468017e-05 0.00038495383698197591 -0.00095956736698414851 -0.0011714030166562774 -3.0704889599060746e-05 -0.0010522583089434699 -0.0011737546053922872 -0.0024475397827575553 -0.0017646466744742273 -0.0003384971436693782 -0.00086773630271570713 0.0003633282117244585 -0.00060925522622163036 0.00043395899284437417 -0.0016239489192717033 -0.0014849314207787258 -0.0002273155567833002 -2.9264780563179166e-05 0.00021602755576300301 -0.0011100640017441437 -0.00051934020799646638 6.0322523460345405e-05 0.00023750650313279049 -0.00067933589048606172 3.6606680892046875e-05
leaf_weight=136 1138 79 129 496 17220 884 359 131 48 2154 42 215 154 68 3333 244 2950 75 103 105 64 137 2509 7282 167 189 4807 3435 2236 2705
leaf_count=136 1138 79 129 496 17220 884 359 131 48 2154 42 215 154 68 3333 244 2950 75 103 105 64 137 2509 7282 167 189 4807 3435 2236 2705
internal_value=0.000120723 -0.0114717 -0.00832858 0.000463452 0.000598247 -0.00495868 0.00112265 -0.00264673 -0.00357498 -0.00332637 -0.0160123 -0.00297473 -0.00454889 -0.0262925 -0.00389016 0.000273148 0.000361078 -0.00496885 -0.014788 -0.0244444 -0.029456 -0.00756983 0.00218435 0.000505027 -2.15293e-05 0.000123147 -0.000391863 0.00138521 -0.00105252 -0.00256932
internal_weight=53594 1539 1403 52055 51559 1210 44386 7173 6035 5987 326 5856 3702 147 3487 24657 24413 642 283 180 193 179 19729 23771 16489 16322 13372 3624 9748 4941
internal_count=53594 1539 1403 52055 51559 1210 44386 7173 6035 5987 326 5856 3702 147 3487 24657 24413 642 283 180 193 179 19729 23771 16489 16322 13372 3624 9748 4941
is_linear=0
shrinkage=0.05


Tree=4
num_leaves=31
num_cat=0
split_feature=4 15 4 14 4 14 8 16 13 14 13 14 13 16 6 3 15 6 5 15 13 13 14 13 16 5 14 16 14 16
split_gain=173.704 41.6722 27.852 21.4209 18.8015 16.9003 16.7764 10.8192 18.9067 9.58322 9.9947 8.52275 10.7857 8.45767 8.39054 7.88961 7.83272 5.93474 5.65283 5.38433 6.6021 5.244 4.80302 5.20866 4.48336 3.79943 3.61908 5.42117 8.80096 9.77276
threshold=0.03123982530763993 -0.03732677966205155 0.044963563847301317 0.23397195059943568 0.020672069801098054 -0.19490876951167976 -0.16614209449316961 -0.055746298787809394 25.505000114440922 0.23397195059943568 23.265000343322757 0.21504170766917155 25.010000228881839 -0.044876723421484459 0.64182073569350939 -0.0051931761196759565 0.010115608101725295 0.2542457379774789 0.03388595718735124 0.018193740709000376 22.930000305175785 14.715000152587892 -0.003811601511204465 39.645000457763679 -0.06555723559280667 0.020729983197059283 -0.014609583018452553 0.013600539479629139 -0.0067330833557224237 -0.0050501877008752851
decision_type=2 2 2 2 2 2 10 2 2 2 2 2 2 2 2 2 2 2 2 2 2 2 2 2 2 2 2 2 2 2
left_child=1 6 3 14 21 -4 -1 8 -6 17 -11 12 13 -7 -2 -12 22 26 -15 25 -21 -3 -14 -24 -23 -16 -9 28 29 -28
right_child=2 4 5 -5 7 11 -8 9 -10 10 15 -13 16 18 19 -17 -18 -19 -20 20 -22 24 23 -25 -26 -27 27 -29 -30 -31
leaf_value=-0.0010416937265557693 -0.00033224483347582393 0.00040826310835177169 -0.003156288216100383 -0.0020730627482541059 -0.0019152020386888455 -0.0031294308201479481 -0.0025830701901353083 0.00023312432072540129 1.2747782705137789e-05 0.00035847404915321043 -0.0010560227309086409 -0.0049469453222035342 -0.00071217072063813774 -0.00097637958171831348 -0.00054145450016884874 -0.00035179914541937676 0.0005731085982549302 -8.056829064560889e-05 -0.0017355947331157756 -0.00050014301780909977 -0.0016348812698628243 -0.00074911343222693267 -8.8138239267556169e-05 -0.00070120885007232897 0.00023831387137128367 -0.00095992694297485385 -5.664445749269902e-05 0.00026873639900600076 3.7921015522698393e-05 -0.0014697425989481658
leaf_weight=95 4229 9064 46 118 85 62 68 6153 156 79 44 45 116 1088 602 40 205 6152 881 43 55 45 215 92 15162 443 368 2197 5150 311
leaf_count=95 4229 9064 46 118 85 62 68 6153 156 79 44 45 116 1088 602 40 205 6152 881 43 55 45 215 92 15162 443 368 2197 5150 311
internal_value=0.000183396 0.00140129 -0.00649272 -0.00443534 0.00149269 -0.0106 -0.0238344 0.000387027 -0.0101452 0.000510881 -0.0115644 -0.0100888 -0.00972358 -0.0114943 -0.00397245 -0.0235714 -0.00399682 0.000607693 -0.0109218 -0.0077734 -0.0189796 0.00243727 -0.00788416 -0.00460912 0.00186986 -0.00672249 0.00117039 0.00047097 -0.000326814 -0.00567747
internal_weight=53409 45169 8240 5490 45006 2750 163 20735 241 20494 163 2704 2659 2031 5372 84 628 20331 1969 1143 98 24271 423 307 15207 1045 14179 8026 5829 679
internal_count=53409 45169 8240 5490 45006 2750 163 20735 241 20494 163 2704 2659 2031 5372 84 628 20331 1969 1143 98 24271 423 307 15207 1045 14179 8026 5829 679
is_linear=0
shrinkage=0.05


Tree=5
num_leaves=31
num_cat=0
split_feature=4 15 16 10 4 5 3 12 8 10 8 16 15 11 11 11 16 10 6 15 10 15 4 10 10 10 11 16 8 12
split_gain=151.36 38.2114 22.0685 21.6079 17.4695 17.1452 12.8928 13.2122 12.8402 12.2089 10.6145 9.91701 10.7728 6.87882 7.70138 6.58762 5.51981 5.37077 5.3238 5.28928 5.21897 8.6341 4.67318 4.66374 4.45572 5.74775 4.10048 4.10119 4.08302 4.0242
threshold=0.03123982530763993 -0.03732677966205155 -0.055746298787809394 0.0055837889125804905 0.020177777013139431 0.028400419109250379 -0.022501936596559354 -0.038043890036369758 -0.16614209449316961 -0.029463617054616639 -0.010682486154334035 -0.055746298787809394 -0.0183387022549471 0.021459813769517781 -0.021243764887310997 0.019998315354098021 -0.033406504351682791 -0.01521359351313417 0.23090014859102539 0.025033772670397528 0.0014914838547043232 0.0075263784750352345 0.03777367282030971 0.015426136544852588 -0.0012572661502254776 -0.00020807375643927537 -0.018660879963565243 -0.027277088526395984 -0.18278534411640676 -0.0033130275344189215
decision_type=2 2 2 2 2 2 2 2 10 2 8 2 2 2 2 2 2 2 2 2 2 2 2 2 2 2 2 2 10 2
left_child=1 8 3 9 -3 6 7 -4 -1 -2 16 12 -6 14 -8 18 -7 -11 -13 20 21 24 -12 -18 28 -26 -22 -28 -16 -23
right_child=2 4 5 -5 11 10 13 -9 -10 17 22 15 -14 -15 19 -17 23 -19 -20 -21 26 29 -24 -25 25 -27 27 -29 -30 -31
leaf_value=-0.0010959304309963575 -0.0017465034405910404 0.00030163531598545711 -0.0032259668310827719 -0.0028368009173938974 6.3654234559998483e-05 -0.0024263808930171564 3.2086746983194915e-05 -0.00075355212234071861 -0.0025065404036200959 3.2492599268185361e-05 0.00032744146041157175 8.5074023923959567e-05 -0.0015312460719605501 3.0034684920658127e-05 -0.0010993965155290774 0.00025360420246244654 -0.0009364170006170118 -0.0015749684087507537 -0.00013599127730269873 -0.00068964965566940817 -0.0013242202859861394 -0.0025337622001742259 -0.0016835935754428806 0.00039171841011084941 -0.0015419946813080992 -0.00055559225352034061 -0.00079014189300522474 -0.0002790763172668956 -0.00037144227489396565 -0.00054977078025877609
leaf_weight=91 40 22744 45 109 119 81 725 215 67 142 42 12298 125 1005 92 4173 1113 132 5676 41 40 47 782 150 149 350 93 1537 1254 72
leaf_count=91 40 22744 45 109 119 81 725 215 67 142 42 12298 125 1005 92 4173 1113 132 5676 41 40 47 782 150 149 350 93 1537 1254 72
internal_value=0.00024641 0.00138134 -0.00597989 -0.017104 0.00146727 -0.00537916 -0.00393204 -0.0148077 -0.0231646 -0.0104459 -0.00916052 0.000475861 -0.00954918 -0.00340888 -0.00426136 0.00058631 -0.00642113 -0.00667883 0.000170802 -0.00519048 -0.00498899 -0.00673625 -0.0136286 -0.00560966 -0.00589431 -0.00992986 -0.00293413 -0.00254601 -0.00439822 -0.0197899
internal_weight=53549 45293 8256 423 45135 7833 5665 260 158 314 2168 22391 244 5405 4400 22147 1344 274 17974 3675 3634 1964 824 1263 1845 499 1670 1630 1346 119
internal_count=53549 45293 8256 423 45135 7833 5665 260 158 314 2168 22391 244 5405 4400 22147 1344 274 17974 3675 3634 1964 824 1263 1845 499 1670 1630 1346 119
is_linear=0
shrinkage=0.05


Tree=6
num_leaves=31
num_cat=0
split_feature=4 4 15 14 6 9 4 15 16 11 11 12 15 4 10 10 6 14 14 16 12 16 15 16 8 10 15 6 16 16
split_gain=136.368 29.9318 23.7665 18.6536 17.6843 13.0031 12.4994 8.47329 7.09049 7.00957 6.64721 8.69658 9.56869 7.06344 6.64647 13.8286 6.49884 5.94751 6.78156 8.42559 24.2488 8.88917 8.86586 5.28225 5.43396 4.98576 5.38878 4.39208 4.1257 3.94561
threshold=0.028854880232296827 0.038966187204318735 -0.03732677966205155 0.23397195059943568 1.1034600529517855 -0.11747710812672273 0.018482273531910575 0.0172435740228194 0.015610851920665582 0.021151799211171721 0.021459813769517781 -0.071455492513037885 0.022521474553365509 0.063440083676757172 -0.020247537407416468 -0.029463617054616639 0.19556747218645928 -0.014609583018452553 -0.0067330833557224237 -0.0062878533032652553 -0.01116014011506866 -0.0024271822667776273 0.00085532521866105171 -0.06555723559280667 -0.12872669833996073 0.0063179142328150259 0.0055068188619554767 -0.33992348031284764 -0.046378973938755001 -0.0050501877008752851
decision_type=2 2 2 2 2 10 2 2 2 2 2 2 2 2 2 2 2 2 2 2 2 2 2 2 10 2 2 2 2 2
left_child=2 3 5 9 10 -1 -4 -6 16 27 11 28 13 -13 15 -5 17 -8 19 -19 -21 22 29 24 -18 26 -12 -2 -3 -22
right_child=1 4 6 14 7 -7 8 -9 -10 -11 25 12 -14 -15 -16 -17 23 18 -20 20 21 -23 -24 -25 -26 -27 -28 -29 -30 -31
leaf_value=-0.00097550241679464171 -0.00018241711535651529 -0.00062832580970927164 0.00032593518618646237 -0.0024177015214746672 -0.0016514962299308935 -0.0024702869764175995 0.00023934964421883575 -0.0025260854853669402 0.00026071956180709468 6.9357902025243893e-05 -0.00028515798923402263 -0.00079771635708839907 -0.0019971200414231473 -0.0019588569494869259 -0.0013495607931762058 0.00099291453007287547 -0.0017489252545173899 0.00018394865750098914 7.6382776658091926e-05 -0.0038706880629962304 -0.0006695884148143653 0.00035442749281091332 0.00013140224490054629 -8.31409531696265e-05 -1.5642132305548197e-05 0.00014211445666456122 -0.00077768327401705334 -0.00052548037396682142 0.00071169548048793507 -0.001059876708733016
leaf_weight=93 2232 68 16570 42 502 53 5227 78 6842 1267 287 2036 47 512 44 48 53 353 6982 63 57 234 95 6167 53 391 76 2703 221 80
leaf_count=93 2232 68 16570 42 502 53 5227 78 6842 1267 287 2036 47 512 44 48 53 353 6982 63 57 234 95 6167 53 391 76 2703 221 80
internal_value=0.000256751 -0.00483513 0.00150878 -0.00266256 -0.00809862 -0.0186301 0.00157752 -0.0162069 0.000897886 -0.00226379 -0.00680594 -0.00789875 -0.00881503 -0.00840267 -0.0211194 -0.0133333 0.000409007 0.00104308 0.000174212 -0.00395692 -0.00794896 -0.00401288 -0.0109483 -0.000914235 -0.0119811 -0.00262599 -0.00684573 -0.0031155 0.00032872 -0.0190876
internal_weight=53476 10554 42922 6336 4218 146 42776 580 26206 6202 3638 2884 2595 2548 134 90 19364 13091 7864 882 529 466 232 6273 106 754 363 4935 289 137
internal_count=53476 10554 42922 6336 4218 146 42776 580 26206 6202 3638 2884 2595 2548 134 90 19364 13091 7864 882 529 466 232 6273 106 754 363 4935 289 137
is_linear=0
shrinkage=0.05


Tree=7
num_leaves=31
num_cat=0
split_feature=4 15 4 14 0 14 9 5 15 10 9 15 11 14 11 15 8 12 14 11 14 8 5 12 15 10 12 11 10 11
split_gain=122.069 30.4726 19.721 16.2221 15.4466 13.3956 12.0312 10.2183 6.76 10.3339 6.33364 7.65444 6.28043 5.18375 19.4703 5.05613 6.48555 10.362 6.75727 4.70528 4.58076 4.57809 4.52409 4.40128 5.00694 9.34987 5.16688 4.47091 6.58894 13.3546
threshold=0.032312304385524467 -0.03732677966205155 0.023263083467724665 0.23397195059943568 0.057208129156954952 -0.19490876951167976 -0.11747710812672273 0.024488037394164438 -0.03732677966205155 -0.020247537407416468 0.12299321528156494 0.010608314012744537 0.020333032872676963 0.23397195059943568 -0.021243764887310997 -0.0054061645034700892 0.19730010622319419 -0.031709491768756808 -0.0078563959177023728 0.021590263312926242 0.009860755526874045 -0.057317544963370652 0.040454504502857348 0.030501708894694394 -0.0019073015969802707 0.0043154223195999162 0.0090148119717247139 0.00081107941047609 -0.001095493805140457 0.011995424510659937
decision_type=2 2 2 2 2 2 10 2 2 2 8 2 2 2 2 2 8 2 2 2 2 8 2 2 2 2 2 2 2 2
left_child=1 6 15 4 7 -6 -1 19 -5 -10 11 -9 13 23 -15 -3 -17 -18 -19 -2 -20 -12 -23 24 25 27 -27 -4 -29 -30
right_child=3 2 12 8 5 -7 -8 10 9 -11 21 -13 -14 14 -16 16 17 18 20 -21 -22 22 -24 -25 -26 26 -28 28 29 -31
leaf_value=-0.0010354459350113601 -0.00044667282003925434 9.1095711092074039e-05 -7.2752591715980776e-05 -0.0030930072170625772 -0.0026726133808178056 -0.00094626654828926845 -0.0022518029112454448 -0.00061172551665725021 0.00043008567381096452 -0.0021892946747388785 -0.00072144705147671683 0.00024347594334454977 0.00019837788487164602 0.00079163898007162704 -0.00094778681727205022 0.00028636160142929103 -0.0015104552909359298 0.00037629059243595949 -0.00054981490763008852 5.8856855491540211e-05 0.00010392536825371273 -0.0011131503167304024 -0.0018553647769789857 9.1829155231337053e-05 -2.5745423768466097e-05 -0.0010533374447024315 -0.00026130347216668932 -0.00030095787240907329 -0.001387846494579324 0.0002351498531662606
leaf_weight=103 3171 6714 2007 60 51 227 68 1333 47 43 490 333 2690 93 56 24989 55 465 148 620 87 779 188 2894 4708 153 90 714 118 86
leaf_count=103 3171 6714 2007 60 51 227 68 1333 47 43 490 333 2690 93 56 24989 55 465 148 620 87 779 188 2894 4708 153 90 714 118 86
internal_value=0.000263158 0.00121415 0.00129236 -0.00572596 -0.00538654 -0.0169424 -0.0198538 -0.0049219 -0.022 -0.0133333 -0.00703971 -0.00493397 -0.000305312 -0.000838447 -0.0101007 0.00196223 0.00228092 -0.00228477 -0.000642857 -0.00317726 -0.00755319 -0.00944749 -0.0114426 -0.000710306 -0.00132301 -0.00285985 -0.012284 -0.00207692 -0.00496732 -0.0128922
internal_weight=53580 46238 46067 7342 7192 278 171 6914 150 90 3123 1666 13609 10919 149 32458 25744 755 700 3791 235 1457 967 10770 7876 3168 243 2925 918 204
internal_count=53580 46238 46067 7342 7192 278 171 6914 150 90 3123 1666 13609 10919 149 32458 25744 755 700 3791 235 1457 967 10770 7876 3168 243 2925 918 204
is_linear=0
shrinkage=0.05


Tree=8
num_leaves=31
num_cat=0
split_feature=4 14 4 15 14 9 4 13 0 10 13 12 6 4 8 12 12 15 14 11 14 12 14 12 10 11 13 10 15 11
split_gain=111.178 26.1857 23.3819 17.5398 13.7502 12.3366 12.1939 9.4874 9.09821 10.8098 8.08962 11.3076 7.67796 6.71884 6.13852 7.53857 5.72754 5.45846 5.42439 5.14531 5.33983 5.31287 5.36241 11.0203 19.913 9.56381 8.31931 9.30835 4.7034 4.69327
threshold=0.028854880232296827 0.23397195059943568 0.037259157339318595 -0.03732677966205155 -0.19490876951167976 -0.13303977845325574 0.017831649774801013 24.630000114440922 -0.06006249756249759 -0.020247537407416468 22.730000495910648 -0.038043890036369758 0.41926147215537823 0.051221105145548729 -0.12221965311904724 -0.032606215925707109 -0.0093119060190361962 0.010115608101725295 -0.061929277885563232 0.018972552338111019 -0.014609583018452553 0.12384637745116912 -0.0067330833557224237 0.018300585025284647 0.0011530203210341485 0.0013310073142193126 20.610000610351566 0.0021398765862171714 -0.001785549865782665 0.016536757711404618
decision_type=2 2 2 2 2 10 2 2 2 2 2 2 2 2 10 2 2 2 2 2 2 2 2 2 2 2 2 2 2 2
left_child=3 2 29 5 -4 -1 -5 10 -3 -10 13 -12 19 -6 15 -14 28 18 -9 20 -8 22 23 24 25 -22 27 -26 -13 -2
right_child=1 8 4 6 7 -7 12 17 9 -11 11 16 14 -15 -16 -17 -18 -19 -20 -21 21 -23 -24 -25 26 -27 -28 -29 -30 -31
leaf_value=-0.00063045722953271224 -0.00035421490201453299 -0.0030188874971751483 -0.002409966263416382 0.0003206986745471658 -0.00050454579724855874 -0.0022408357396348417 0.00021901880921859108 -0.00064597426035443301 -4.2518661278279071e-05 -0.001039973571559445 -0.0020020829041439221 -0.0017290320695245124 -0.001653884590112278 -0.0012626033780234181 -1.6812824660994065e-05 -0.00025888769270616485 -0.0011465736538670836 0.00042971591517970112 -0.00028557889198802558 0.00029538232157941854 0.00067519859187127769 -0.00073131170279897928 8.5871626665187358e-05 0.00023138690288251754 -0.001029137763022783 -0.00073268599567395405 -0.0036413129480194423 -0.00041625636380203558 0.00041084803804975107 5.294399098982755e-05
leaf_weight=88 4138 82 55 14382 2050 58 6863 78 73 62 90 40 74 1227 7295 226 87 285 761 3971 260 75 8886 612 67 57 67 131 124 1436
leaf_count=88 4138 82 55 14382 2050 58 6863 78 73 62 90 40 74 1227 7295 226 87 285 761 3971 260 75 8886 612 67 57 67 131 124 1436
internal_value=0.000283054 -0.00430771 -0.00394803 0.00141051 -0.00650719 -0.0158904 0.0014693 -0.00621889 -0.0214977 -0.0135185 -0.00746545 -0.0147947 0.000871817 -0.00670278 -0.000490454 -0.0075 -0.00934263 -0.00220641 -0.00423719 0.00136476 0.000986603 0.000258494 0.000357143 -0.00278894 -0.00771478 0.000741325 -0.0178302 -0.0126768 -0.00384146 -0.0017456
internal_weight=53700 10588 10371 43112 4797 146 42966 4742 217 135 3618 341 28584 3277 7595 300 251 1124 839 20989 17018 10155 10080 1194 582 317 265 198 164 5574
internal_count=53700 10588 10371 43112 4797 146 42966 4742 217 135 3618 341 28584 3277 7595 300 251 1124 839 20989 17018 10155 10080 1194 582 317 265 198 164 5574
is_linear=0
shrinkage=0.05


Tree=9
num_leaves=31
num_cat=0
split_feature=4 4 15 14 14 4 8 11 6 13 6 0 10 6 15 16 8 12 13 13 16 5 10 10 11 10 5 16 14 16
split_gain=92.8649 24.2463 17.0441 14.3402 14.0375 12.5954 9.15238 8.49367 6.70659 6.66451 6.20566 6.04247 9.65858 5.96506 7.54983 6.58669 5.28138 10.9967 5.11813 5.11178 12.3001 4.5479 3.69326 9.4561 3.49456 4.94051 3.42545 3.37016 3.3321 4.21717
threshold=0.028854880232296827 0.044963563847301317 -0.03732677966205155 0.23397195059943568 -0.19490876951167976 0.020494688361824331 -0.13591638756027566 0.021459813769517781 0.96393820418028375 30.345000267028812 0.30613722413834182 -0.06006249756249759 -0.020247537407416468 0.019047823395013846 0.018193740709000376 -0.025741801949305695 -0.12221965311904724 -0.032606215925707109 14.715000152587892 25.010000228881839 -0.049844975099244952 0.03388595718735124 -0.017312021268647334 -0.020247537407416468 -0.022672230022230119 -0.017312021268647334 0.022265218873843421 0.0078902681549852822 -0.014609583018452553 0.013600539479629139
decision_type=2 2 2 2 2 2 10 2 2 2 2 2 2 2 2 2 10 2 2 2 2 2 2 2 2 2 2 2 2 2
left_child=2 3 6 7 -3 18 -1 13 9 21 28 -5 -13 24 19 -16 17 -12 -4 20 -15 27 23 -18 -2 -26 -22 -6 -7 -30
right_child=1 4 5 11 8 10 -8 -9 -10 -11 16 12 -14 14 15 -17 22 -19 -20 -21 26 -23 -24 -25 25 -27 -28 -29 29 -31
leaf_value=-0.00070101750038329726 0.00022537860886784366 -0.0025223733907205111 0.00033657810749409644 -0.0022941729210710395 -0.00073901603738441837 0.00020276985875797472 -0.002127112133069895 6.6002776795173794e-05 -0.0019801552558878035 8.1083704040482837e-05 -0.0015833786222304734 0.00021974389897369795 -0.00087407347521292538 -0.0048374258821554626 -0.0010329291788727559 -0.00027072631826258398 6.253917559434262e-05 -0.00020636374199197274 0.00018391425962239935 0.0001066163562084666 -0.00046183390163525808 -0.0013980748989787864 -3.3078539042896776e-05 -0.0013392310322701121 -0.001128294984593057 -0.00027043950144421826 -0.00091535302945948925 -0.00018819533154425792 -4.1006729374241729e-05 0.00023942748182212426
leaf_weight=80 463 42 8928 51 676 5818 60 1501 400 269 65 69 49 53 80 75 92 173 14741 315 1460 873 5257 47 57 3269 351 439 5628 1995
leaf_count=80 463 42 8928 51 676 5818 60 1501 400 269 65 69 49 53 80 75 92 173 14741 315 1460 873 5257 47 57 3269 351 439 5628 1995
internal_value=0.000314374 -0.00390202 0.00134596 -0.00248749 -0.00798629 0.001403 -0.0160714 -0.00216815 -0.00753293 -0.00647541 0.00044692 -0.0168935 -0.010678 -0.00299445 -0.00498286 -0.0156452 -0.000946042 -0.00823529 0.00217352 -0.00422441 -0.00521996 -0.00747485 -0.000624536 -0.00866906 -0.0017696 -0.00233614 -0.00452512 -0.00535874 0.0010308 0.000343041
internal_weight=53376 10492 42884 7793 2699 42744 140 7624 2657 2257 19075 169 118 6123 2334 155 5634 238 23669 2179 1864 1988 5396 139 3789 3326 1811 1115 13441 7623
internal_count=53376 10492 42884 7793 2699 42744 140 7624 2657 2257 19075 169 118 6123 2334 155 5634 238 23669 2179 1864 1988 5396 139 3789 3326 1811 1115 13441 7623
is_linear=0
shrinkage=0.05


Tree=10
num_leaves=31
num_cat=0
split_feature=4 4 5 14 10 12 6 12 10 0 10 14 11 16 8 11 12 16 12 12 11 10 8 12 11 11 10 16 12 14
split_gain=85.9257 18.3365 13.054 12.7325 12.234 10.3097 9.77244 8.28775 8.45935 7.36972 6.77249 6.14473 5.60616 5.17781 4.78487 4.71503 4.49788 4.36148 10.1875 9.41322 7.06151 8.62727 4.18564 4.73317 4.13185 8.06712 7.19164 4.14704 6.13986 5.48221
threshold=0.028854880232296827 0.044963563847301317 0.012864052241980605 0.23397195059943568 -0.017312021268647334 -0.0072815226745224218 1.0712786972816861 -0.049048441539310476 -0.029463617054616639 -0.051463406155528572 -0.020247537407416468 -0.11544121967691799 0.020333032872676963 0.013889199123149345 -0.010682486154334035 0.018473539539137333 -0.071455492513037885 -0.055746298787809394 -0.052281388412141021 -0.046452019388258541 -0.022672230022230119 -0.017312021268647334 0.16336548475981663 -0.031709491768756808 0.0025776305361616685 0.003505922146060048 0.0018732675411667901 0.013447939865725013 -0.037333173257957868 -0.030119880421319408
decision_type=2 2 2 2 2 2 2 2 2 2 2 2 2 2 8 2 2 2 2 2 2 2 8 2 2 2 2 2 2 2
left_child=2 3 22 12 5 7 14 8 -4 -5 -11 -8 17 -6 15 16 -3 18 -2 -20 -19 -22 -1 -24 -23 26 -26 28 -27 -30
right_child=1 6 4 9 13 -7 11 -9 -10 10 -12 -13 -14 -15 -16 -17 -18 20 19 -21 21 24 23 -25 25 27 -28 -29 29 -31
leaf_value=0.00023863834064262934 3.1998103749357468e-05 0.00010369111614594203 -0.0019683323626778441 -0.0021326995011912869 -8.2654372500070362e-06 0.00033598254983219358 -0.0024077979431282098 -0.0015365270111936252 -0.00011962681291403186 0.00024727931032643072 -0.00076319325337335323 -0.0019203492912583837 2.7349745221289106e-05 0.00019836102405351708 -0.0010929096734982626 1.7414170949803561e-05 -0.00098947416689021558 0.00021067952888038943 -0.0031912370196781818 -0.00026926400902618184 -0.0018752795524312527 -0.00021112289582003014 -0.00089229121242074888 7.060275772670816e-06 -0.00099182432960362443 -0.0013141619381788028 0.00023943392116637701 -8.5199893838878749e-05 -3.9949296501729873e-05 -0.00073324959463660683
leaf_weight=24248 135 195 45 64 12139 152 41 77 133 63 45 357 1597 5659 723 411 1021 688 67 54 95 2534 119 494 115 49 49 757 535 950
leaf_count=24248 135 195 45 64 12139 152 41 77 133 63 45 357 1597 5659 723 411 1021 688 67 54 95 2534 119 494 115 49 49 757 535 950
internal_value=0.00033025 -0.00371503 0.00132076 -0.00247723 0.000303488 -0.00826781 -0.00722707 -0.0144118 -0.00848315 -0.0159302 -0.00796296 -0.0144724 -0.00217377 0.000499495 -0.006 -0.004496 -0.00606085 -0.0028716 -0.00925781 -0.0197934 -0.00258836 -0.00323171 0.00206569 -0.00201468 -0.00294748 -0.00440937 -0.015122 -0.00364251 -0.0051369 -0.00456229
internal_weight=53611 10545 43066 7797 18205 407 2748 255 178 172 108 398 7625 17798 2350 1627 1216 6028 256 121 5772 5084 24861 613 4989 2455 164 2291 1534 1485
internal_count=53611 10545 43066 7797 18205 407 2748 255 178 172 108 398 7625 17798 2350 1627 1216 6028 256 121 5772 5084 24861 613 4989 2455 164 2291 1534 1485
is_linear=0
shrinkage=0.05


Tree=11
num_leaves=31
num_cat=0
split_feature=4 15 10 16 5 15 5 6 16 11 11 1 16 16 8 9 8 16 12 15 8 16 15 5 10 4 12 16 12 10
split_gain=78.7788 17.1718 16.6773 15.4117 13.4413 11.8635 9.71279 9.30249 5.58604 6.07454 6.26179 5.53353 5.31021 4.82769 5.75008 4.21667 4.19331 3.94871 6.75087 3.85181 3.44496 3.79011 3.43804 3.3627 3.34544 3.51823 3.10203 4.83544 4.3415 2.92595
threshold=0.032312304385524467 -0.03732677966205155 0.02754279141626426 -0.049844975099244952 0.011655065779310152 -0.03732677966205155 0.035361565640042572 0.41926147215537823 0.018912979918239928 -0.021243764887310997 -0.01930721697732057 -0.12563069460339119 0.015610851920665582 -0.06555723559280667 0.073448597659905981 0.057514927114482146 -0.14498668311332832 -0.055746298787809394 -0.057938720016513449 -0.0016269360804007647 -0.019554697827587116 -0.033406504351682791 0.018193740709000376 0.016805582333347519 -0.0014526684258500675 0.023820455337537329 0.026873376718857592 0.0051423895922887439 0.0082902198416674473 0.0014914838547043232
decision_type=2 2 2 2 2 2 2 2 2 2 2 2 2 2 8 10 10 2 2 2 8 2 2 2 2 2 2 2 2 2
left_child=1 3 5 24 -3 11 8 12 9 17 -11 -2 23 14 -9 16 22 18 -7 29 21 -8 -12 -6 25 -1 27 -17 -29 -15
right_child=2 4 -4 -5 7 6 20 13 -10 10 15 -13 -14 19 -16 26 -18 -19 -20 -21 -22 -23 -24 -25 -26 -27 -28 28 -30 -31
leaf_value=-2.9950489139139724e-05 -0.0022060948307119255 0.00025031193460764141 -0.0018814448588893072 -0.001979734970308521 0.00010026403641396736 -6.4408403261516354e-05 -0.0019320807767569349 -1.3831017306465709e-05 -1.6022593156974598e-05 -0.00096948749375740974 -0.00067691019726809441 -0.0025588519876265322 0.00023977252966597592 -0.00018392293618687411 -0.0015257506161033239 -0.00077140959178387052 -0.0003081367198869146 0.00017868973104020089 -0.0042981788127563602 9.2522747314120513e-07 -0.001466399847315329 -0.00073521798397847501 -0.00090923117885384746 -0.00011272595206476393 0.0013707566726245156 -0.0012437477900560804 -0.00038450581248739599 -0.0014391912813830254 -0.0010536956231850352 -0.00056445538132325179
leaf_weight=41 48 17648 79 41 12699 137 65 67 1246 148 605 42 5635 2132 56 358 2247 795 57 4481 444 516 51 2842 44 48 373 83 77 441
leaf_count=41 48 17648 79 41 12699 137 65 67 1246 148 605 42 5635 2132 56 358 2247 795 57 4481 444 516 51 2842 44 48 373 83 77 441
internal_value=0.00037127 0.00113752 -0.00442884 -0.0145402 0.00119682 -0.00418129 -0.00395585 0.00052252 -0.00320787 -0.0039637 -0.00484272 -0.0222222 0.00104977 -0.00103316 -0.0108537 -0.00444913 -0.00352566 -0.00046006 -0.00685567 -0.000861922 -0.00846341 -0.00592943 -0.00704268 0.000573001 -0.0062782 -0.0118539 -0.00745791 -0.00996139 -0.0171875 -0.00240381
internal_weight=53546 46175 7371 174 46001 7292 7202 28353 6177 4931 3942 90 21176 7177 123 3794 2903 989 194 7054 1025 581 656 15541 133 89 891 518 160 2573
internal_count=53546 46175 7371 174 46001 7292 7202 28353 6177 4931 3942 90 21176 7177 123 3794 2903 989 194 7054 1025 581 656 15541 133 89 891 518 160 2573
is_linear=0
shrinkage=0.05


Tree=12
num_leaves=31
num_cat=0
split_feature=4 4 16 10 5 15 16 11 0 13 6 6 15 16 5 16 13 11 5 16 10 13 16 10 13 15 6 11 10 13
split_gain=67.919 15.7206 13.6608 13.3298 12.4379 13.6573 10.2149 7.85734 6.99057 6.55504 6.39851 4.60126 5.35643 6.10881 4.57545 4.18458 3.97994 3.96564 3.88035 3.55127 9.50174 3.52792 10.0339 4.44272 3.44985 3.23713 2.91631 2.90978 3.32975 5.30964
threshold=0.028656107175174899 0.046134337039668051 -0.044876723421484459 0.0052648731180522388 0.011655065779310152 -0.03732677966205155 -0.055746298787809394 0.021151799211171721 -0.0755246768182367 30.345000267028812 0.41926147215537823 0.029392371192073944 0.018193740709000376 -0.025741801949305695 0.03388595718735124 0.013600539479629139 14.675000190734865 -0.022024013564940267 0.017702544378673277 0.013150560831029392 0.00063381300570131149 25.010000228881839 -0.049844975099244952 -0.017312021268647334 15.784999847412111 -0.015977792224885653 -0.45143409793710609 -0.022310337551763478 0.0075491306904977859 27.365000724792484
decision_type=2 2 2 2 2 2 2 2 2 2 2 2 2 2 2 2 2 2 2 2 2 2 2 2 2 2 2 2 2 2
left_child=4 7 3 -3 16 6 -6 8 -2 14 15 18 21 -14 -4 19 -1 -17 -10 -7 -21 22 -13 -24 -12 -25 -16 -20 29 -29
right_child=1 2 9 -5 5 10 -8 -9 11 -11 24 12 13 -15 26 17 -18 -19 27 20 -22 -23 23 25 -26 -27 -28 28 -30 -31
leaf_value=0.00031629815507105697 -0.0018507570092452211 -0.0016837345758571641 -0.00055457489641952049 -0.0022030994363237155 0.0001543647103786041 7.4168903686725303e-05 -0.0018324580740224318 5.7334222712020148e-05 0.00014684254735485521 0.00034658077324808002 8.9499895766750819e-05 -0.0029462907782234708 -0.0010824411263839612 -0.00020063934844508142 -0.00082106775830851752 -0.0012928314696391795 0.00017388044356252567 0.00026086448125008771 0.00013082796865552561 -0.00084270264573488057 0.0003793011970170642 4.3973048469492302e-05 -0.001746362782559646 0.0002547530702872145 -0.00020041709415737714 -0.00044519553057309637 -0.0014771769898643296 -0.0004111479744283214 8.561397498975398e-05 -0.00051917359827623611
leaf_weight=6956 73 154 1064 79 42 12513 70 1638 872 242 2380 58 75 76 472 41 10753 5786 390 77 103 383 57 152 3953 1684 510 2141 523 59
leaf_count=6956 73 154 1064 79 42 12513 70 1638 872 242 2380 58 75 76 472 41 10753 5786 390 77 103 383 57 152 3953 1684 510 2141 523 59
internal_value=0.000371515 -0.00319006 -0.00664221 -0.018176 0.0012647 0.000545764 -0.016875 -0.00212627 -0.00290157 -0.00546766 0.000624271 -0.00272798 -0.0044165 -0.013543 -0.00638807 0.00109341 0.00227822 0.00220268 -0.00167503 0.00058418 -0.00638889 -0.00382605 -0.00468734 -0.00405969 -0.000747671 -0.0036329 -0.00884929 -0.0025008 -0.00307932 -0.00393182
internal_weight=53376 10702 2521 233 42674 24965 112 8181 6543 2288 24853 6470 2485 151 2046 18520 17709 5827 3985 12693 180 2334 1951 1893 6333 1836 982 3113 2723 2200
internal_count=53376 10702 2521 233 42674 24965 112 8181 6543 2288 24853 6470 2485 151 2046 18520 17709 5827 3985 12693 180 2334 1951 1893 6333 1836 982 3113 2723 2200
is_linear=0
shrinkage=0.05


Tree=13
num_leaves=31
num_cat=0
split_feature=4 5 6 14 13 12 5 13 14 12 16 16 16 14 13 16 16 13 12 14 15 16 13 12 6 14 13 14 16 16
split_gain=58.3444 15.6935 12.4471 10.0717 9.82034 8.22136 8.10514 7.884 7.25928 9.83061 4.9826 4.75738 4.55609 12.534 10.342 4.47692 4.24455 6.93565 3.99272 4.74153 4.11845 3.98184 4.79529 3.95787 3.85705 3.84632 4.78443 3.80919 4.12785 3.25268
threshold=0.033333840517209279 0.014179249906104347 1.4462365361559284 0.23397195059943568 29.835000038146976 -0.067575667738432196 0.03230890550082198 14.715000152587892 0.45247854199056486 -0.0077541062485576564 0.015610851920665582 0.013600539479629139 0.010756663941092428 0.018846539562811352 16.510000228881839 0.016156412343460328 0.015464388226064109 19.085000038146976 -0.067575667738432196 0.23397195059943568 0.025033772670397528 -0.055746298787809394 25.505000114440922 -0.0081213337469206431 -0.12789056960916295 0.035115678917499234 12.644999980926515 -0.030119880421319408 -0.025741801949305695 0.015070067762048002
decision_type=2 2 2 2 2 2 2 2 2 2 2 2 2 2 2 2 2 2 2 2 2 2 2 2 2 2 2 2 2 2
left_child=1 7 6 11 -4 -6 15 25 9 -5 29 12 21 -14 -15 16 18 -18 -2 20 -20 22 -3 -16 -8 -1 -27 -23 -29 -9
right_child=2 3 4 8 5 -7 24 10 -10 -11 -12 -13 13 14 23 -17 17 -19 19 -21 -22 27 -24 -25 -26 26 -28 28 -30 -31
leaf_value=0.00030452139343870846 0.00023327654948654126 -0.001374487130860011 -0.00094407306299443055 -0.0015549833151054827 -0.00059415952139043422 -0.0024000650884828216 -0.0006706968537508913 9.4705222111644176e-05 9.7655809768952467e-05 -0.0002513189311258992 0.00028872670663783413 0.00012296562991547574 7.2615204677355666e-05 -0.0015280823937286318 -0.00067530670090931244 2.4008206121422842e-05 0.00046296965610197953 -0.00094626414779983362 -0.00034200357320721044 -0.0018028628575981556 -0.0011341816446800638 0.0001181414687419477 -0.00012303883244097887 -0.00013160668473463977 -0.0014843816989712089 -0.00025118531334234194 8.3266542250370079e-05 0.00024958779395014907 -0.0001535567183207056 -0.0008584538170759025
leaf_weight=9243 379 59 592 56 54 40 858 16292 65 71 4633 4719 498 81 69 1029 47 63 3114 45 59 2494 104 151 426 47 1531 692 5629 224
leaf_count=9243 379 59 592 56 54 40 858 16292 65 71 4633 4719 498 81 69 1029 47 63 3114 45 59 2494 104 151 426 47 1531 692 5629 224
internal_value=0.000436062 0.00106284 -0.00392484 -0.000290032 -0.0103061 -0.0253191 -0.00319767 0.00168439 -0.0116667 -0.018622 0.00112275 -0.000139349 -0.00076864 -0.00438673 -0.0124419 -0.0022424 -0.00305233 -0.0127273 -0.00275646 -0.00332815 -0.00309959 -0.000446647 -0.00819018 -0.00681818 -0.00672118 0.00278209 0.000500634 -0.00030346 -0.000956336 0.000716275
internal_weight=53364 46658 6706 14688 686 94 6020 31970 192 127 21149 14496 9777 799 301 4736 3707 110 3597 3218 3173 8978 163 220 1284 10821 1578 8815 6321 16516
internal_count=53364 46658 6706 14688 686 94 6020 31970 192 127 21149 14496 9777 799 301 4736 3707 110 3597 3218 3173 8978 163 220 1284 10821 1578 8815 6321 16516
is_linear=0
shrinkage=0.05


Tree=14
num_leaves=31
num_cat=0
split_feature=4 4 5 16 14 14 12 12 13 14 14 12 16 11 0 6 14 14 16 12 8 11 11 13 14 11 12 14 11 14
split_gain=52.0508 10.7452 9.84301 7.69302 8.75299 7.28603 9.36585 10.4234 6.98794 6.70789 7.52958 14.3033 5.88164 5.33241 5.5028 5.26616 3.94532 6.36896 6.94341 19.0066 4.94669 3.8956 3.88642 4.28489 5.84773 6.14038 13.7406 7.00192 6.48497 6.35198
threshold=0.028854880232296827 0.051221105145548729 0.011655065779310152 -0.044876723421484459 -0.033937801347731548 0.23397195059943568 -0.0072815226745224218 -0.067575667738432196 24.630000114440922 0.23397195059943568 0.45247854199056486 -0.0077541062485576564 0.015610851920665582 0.020793273633493151 0.072404378265588112 0.35836061563959459 -0.014609583018452553 -0.0067330833557224237 -0.0050501877008752851 0.020704081019033652 0.040260093967106843 0.0013310073142193126 -0.022672230022230119 21.295000076293949 -0.030119880421319408 0.0023966928807116488 -0.00052819005217041848 0.15436855290822041 0.011634039633228179 -0.021011062487688355
decision_type=2 2 2 2 2 2 2 2 2 2 2 2 2 2 2 2 2 2 2 2 8 2 2 2 2 2 2 2 2 2
left_child=2 9 -1 4 -3 12 7 -7 -5 13 11 -11 15 14 22 16 -4 18 21 20 -20 -18 -2 24 -24 -26 27 28 -27 -28
right_child=1 3 5 8 -6 6 -8 -9 -10 10 -12 -13 -14 -15 -16 -17 17 -19 19 -21 -22 -23 23 -25 25 26 29 -29 -30 -31
leaf_value=0.00022168476431385964 4.24668903090914e-05 -0.0019800767258617937 0.00017717574281604078 -0.001008714904139129 -0.001439064896655998 9.22520844948642e-05 0.00030364505606889531 -0.0014159476291269761 1.9368697139391267e-05 -0.002041768871494942 2.0873133118180621e-05 -9.4148870554932457e-05 0.00019901589733799493 2.9331100318674355e-05 -0.00093420060802054661 -0.00013105841827372859 0.00032638710226172012 5.4972799774200074e-05 -0.0029123516052322858 -5.7010919919043865e-05 -0.0007142652259503595 -0.00060091245586331411 4.2250816724110885e-05 -0.00052210757423084783 -0.00015031435577001368 -0.0014155930969194054 -0.00091922641515667736 0.00046379928473895213 -0.00025047542934311315 -0.00025416950700976165
leaf_weight=17769 963 48 5352 1311 105 47 123 76 429 47 80 55 6820 1730 47 4780 352 7186 111 293 55 91 1575 1184 1434 191 163 41 60 1054
leaf_count=17769 963 48 5352 1311 105 47 123 76 429 47 80 55 6820 1730 47 4780 352 7186 111 293 55 91 1575 1184 1434 191 163 41 60 1054
internal_value=0.000418316 -0.0027351 0.0011886 -0.00614633 -0.0168954 0.000554853 -0.00800813 -0.0177642 -0.00520115 -0.00198632 -0.0114835 -0.0204902 0.000638978 -0.00178157 -0.00241955 0.000170143 0.000677084 -1.97822e-05 -0.00398004 -0.00828976 -0.0218072 0.000485327 -0.00229932 -0.00279551 -0.00209385 -0.00340979 -0.00563618 -0.0153767 -0.018506 -0.0032991
internal_weight=53572 10517 43055 1893 153 25286 246 123 1740 8624 182 102 25040 8442 6712 18220 13440 8088 902 459 166 443 6665 5702 4518 2943 1509 292 251 1217
internal_count=53572 10517 43055 1893 153 25286 246 123 1740 8624 182 102 25040 8442 6712 18220 13440 8088 902 459 166 443 6665 5702 4518 2943 1509 292 251 1217
is_linear=0
shrinkage=0.05


Tree=15
num_leaves=31
num_cat=0
split_feature=4 15 15 16 5 14 4 9 16 13 4 12 12 16 15 14 16 15 11 14 11 9 16 12 12 12 14 15 10 15
split_gain=47.129 13.0291 12.9708 12.9144 10.1681 16.5542 9.65394 9.53607 6.7764 5.73321 6.16116 4.20781 6.25928 13.6984 7.04633 8.74447 8.01372 5.20525 10.824 8.67038 15.6292 14.2477 6.97983 7.01892 7.12214 6.46605 7.5102 5.46465 5.18432 5.00543
threshold=0.028482183914655446 -0.03732677966205155 -0.03732677966205155 -0.055746298787809394 0.022599200739832608 -0.19490876951167976 0.016825443064476725 -0.13303977845325574 0.015366784535937207 30.345000267028812 0.068539238209223183 0.031890065816476361 0.024994038771031683 -0.020026848032489438 0.013913055448668167 0.021982133330242685 0.0067849518169680332 -0.0019073015969802707 0.00081107941047609 0.020125848996620292 0.011742981145945632 0.3717027152028976 0.011412257182252363 -0.039191737143437648 -0.057938720016513449 0.022797262083818274 0.0091478412114857095 -0.0062976505933079454 -0.004502832663512756 -0.0022134531198421121
decision_type=2 2 2 2 2 2 2 10 2 2 2 2 2 2 2 2 2 2 2 2 2 8 2 2 2 2 2 2 2 2
left_child=1 7 3 -2 -4 -6 -3 -1 11 10 -7 12 17 -14 15 -15 -17 18 22 20 21 25 23 24 -8 26 -20 -21 -24 -25
right_child=2 6 4 -5 5 9 8 -9 -10 -11 -12 -13 13 14 -16 16 -18 -19 19 27 -22 -23 28 29 -26 -27 -28 -29 -30 -31
leaf_value=-0.00042841124820426233 -0.00037320341425158444 0.00025689762061825868 -0.00013572400312322557 -0.0035575167456547334 -0.0016944626619213286 -0.00043767645815743697 4.9004889293175144e-05 -0.0016416575176855298 0.00019468670330894639 0.00025874432703235469 -0.0012692563396614961 0.00013624660266635226 -0.00072571018400613971 0.000201465259804098 -0.00082385102411310996 -0.00043750145288659419 -0.00060788515609654949 0.00012664461232985287 -0.00088186124828171859 -0.00035486407516595466 0.00017264220623559715 -0.0014437228534964445 -0.0012410864551870104 0.00023298735737540014 -0.00051961983028156824 0.00016707378512243642 -0.00025802211115569733 0.00033727111364993093 0.00047932614300513787 -0.00022508785810872162
leaf_weight=89 75 10800 6351 44 57 3449 306 58 8558 375 535 7290 93 1344 114 574 174 7537 196 597 277 83 73 3490 281 85 126 418 41 126
leaf_count=89 75 10800 6351 44 57 3449 306 58 8558 375 535 7290 93 1344 114 574 174 7537 196 597 277 83 73 3490 281 85 126 418 41 126
internal_value=0.000404357 0.00115259 -0.00253261 -0.0189496 -0.00235117 -0.00419384 0.00120388 -0.0137075 0.000765032 -0.00384377 -0.0044001 0.000321852 -0.000133354 -0.00254676 -0.00175431 -0.00109465 -0.00542781 0.000273541 -0.000812428 -0.00409091 -0.008103 -0.0134694 0.000540885 0.000871996 -0.00419932 -0.00961916 -0.0128571 -0.00105911 -0.0116667 0.00169524
internal_weight=53616 42730 10886 119 10767 4416 42583 147 31783 4359 3984 23225 15935 2299 2206 2092 748 13636 6099 1782 767 490 4317 4203 587 407 322 1015 114 3616
internal_count=53616 42730 10886 119 10767 4416 42583 147 31783 4359 3984 23225 15935 2299 2206 2092 748 13636 6099 1782 767 490 4317 4203 587 407 322 1015 114 3616
is_linear=0
shrinkage=0.05


Tree=16
num_leaves=31
num_cat=0
split_feature=4 15 10 12 12 10 4 4 8 6 6 15 0 11 8 6 14 10 14 12 11 10 15 10 11 15 12 12 15 14
split_gain=41.1146 10.7045 9.88791 16.2458 10.7348 9.47085 9.20493 8.33494 6.36101 6.09052 5.72252 5.09214 5.01607 4.23847 4.18174 3.47274 3.43134 3.38516 7.74293 8.362 9.2237 8.38546 7.17302 5.20157 4.40011 3.47315 8.69907 6.87032 5.10427 4.14923
threshold=0.028656107175174899 -0.03732677966205155 -0.017312021268647334 -0.0072815226745224218 -0.040334955259991249 -0.029463617054616639 0.059975737414961899 0.016890019216963401 -0.060248311290925664 0.17296912074227158 0.51245959272113895 0.029770639018858795 -0.0042619564594477124 0.020333032872676963 0.19730010622319419 1.1034600529517855 -0.071225645536492452 -0.0063062560979271201 0.043372068741787458 0.027224900336564887 0.015830592814055747 -0.0055512367619247596 -0.0066731816063446683 0.0019017774860140559 0.011124085891359938 -0.0019073015969802707 -0.038043890036369758 0.12384637745116912 -0.0020725672483092312 -0.05546753287916955
decision_type=2 2 2 2 2 2 2 2 8 2 2 2 2 2 8 2 2 2 2 2 2 2 2 2 2 2 2 2 2 2
left_child=2 8 3 4 5 -1 9 -4 -2 -3 13 -11 -6 17 -12 -8 -16 -9 25 -20 21 -21 -23 -24 -25 26 -19 28 29 -28
right_child=1 6 7 -5 12 -7 15 10 -10 11 14 -13 -14 -15 16 -17 -18 18 19 20 -22 22 23 24 -26 -27 27 -29 -30 -31
leaf_value=-0.0015274822499842377 -0.0023832266634797386 -9.9416891975037477e-05 0.00024231574816348819 0.00029293466432067997 -0.0012498974955548288 -0.00025313990898117775 -0.00089127184235703689 0.00022140076577917145 -0.00077274752374178622 -0.00037140902729572802 -2.1006480235821414e-05 -0.00092298418801158022 -0.00085285236193523815 0.00024330734230647473 -0.0010358700646589379 -0.0019284782858258985 -0.00038350577260277659 -0.00079246911261864896 7.4729356516833656e-05 -0.0004925375391173851 -0.00069486452307021074 -0.0011536521526376118 0.00031482390085973803 -0.00041465068158779117 0.00081110850596386114 0.00014366821072117823 -0.00053610526758134807 -0.00077610334931032653 -0.00034473054833402181 0.00011903807096772423
leaf_weight=60 68 6569 10803 392 48 258 914 3069 44 2964 7125 58 42 4090 41 119 306 148 866 62 122 77 341 102 46 10873 300 42 117 3523
leaf_count=60 68 6569 10803 392 48 258 914 3069 44 2964 7125 58 42 4090 41 119 306 148 866 62 122 77 341 102 46 10873 300 42 117 3523
internal_value=0.000375917 -0.00239102 0.00106912 -0.0044375 -0.0114216 -0.00710692 -0.00222892 0.00117388 -0.0177679 -0.00174591 0.00076 -0.00360357 -0.0266667 0.00113929 -0.000447002 -0.00671346 -0.00580692 0.000835027 0.000553283 -0.00273515 -0.0066 -0.00415605 -0.00224382 -1.02248e-05 -0.00783784 0.000907485 -0.000326876 0.00011552 0.000329949 0.000644782
internal_weight=53589 10736 42853 800 408 318 10624 42053 112 9591 31250 3022 90 23778 7472 1033 347 19688 16619 1616 750 628 566 489 148 15003 4130 3982 3940 3823
internal_count=53589 10736 42853 800 408 318 10624 42053 112 9591 31250 3022 90 23778 7472 1033 347 19688 16619 1616 750 628 566 489 148 15003 4130 3982 3940 3823
is_linear=0
shrinkage=0.05


Tree=17
num_leaves=31
num_cat=0
split_feature=5 5 14 14 6 8 14 12 11 12 14 6 6 5 11 10 15 5 5 15 15 15 12 11 12 16 10 10 11 16
split_gain=40.7502 12.3472 16.4834 7.25045 6.97232 5.61284 5.52037 7.86278 5.44375 5.18004 6.95242 3.9128 3.79996 3.37683 3.0535 3.03969 3.88129 2.88518 2.88188 2.86728 4.87669 8.8149 5.35866 2.85867 2.70638 2.57895 2.49323 3.75953 2.27855 3.76844
threshold=0.015830449872852637 0.022887958944015682 -0.19490876951167976 0.23397195059943568 0.30613722413834182 -0.12221965311904724 0.45247854199056486 -0.0077541062485576564 0.020793273633493151 -0.037333173257957868 0.005094684764536229 -0.44502165465309979 -0.41059043491965769 0.011216522993098084 0.020333032872676963 0.0063179142328150259 0.0070158226506684693 0.0092235735519913663 0.043617830781858581 -0.0183387022549471 -0.014090880347118915 -0.015208285148921917 -0.040334955259991249 0.023858934510878397 -0.071455492513037885 0.010375511026230357 -0.017312021268647334 -0.020247537407416468 -0.017068833431084392 -0.036179446976329126
decision_type=2 2 2 2 2 10 2 2 2 2 2 2 2 2 2 2 2 2 2 2 2 2 2 2 2 2 2 2 2 2
left_child=4 3 -3 11 14 9 7 -5 12 10 -6 -2 24 -7 17 16 -10 -1 -14 -13 21 22 -21 26 -4 -11 27 -15 -22 -30
right_child=1 2 8 6 5 13 -8 -9 15 25 -12 19 18 23 -16 -17 -18 -19 -20 20 28 -23 -24 -25 -26 -27 -28 -29 29 -31
leaf_value=0.00028983332969761955 6.4804759023581195e-05 -0.0015059530855742196 0.00083166241639882031 -0.001333219982419353 -0.0013442634166896034 0.00015970496379985063 -7.8898126224129472e-05 -0.00011431640609975564 -8.4499251169906127e-05 0.00020422157713056606 -0.00064712854605016793 0.00027844857766120879 -0.00069058270191372411 -0.00052120591359595329 0.00030554061739255709 0.00024720066130882193 -0.0004529789905620466 0.00013611623731869915 -0.0013509777951530399 -0.0055149224872016699 0.00011033464652712851 -0.0021353043069855314 0.00034158117099903154 0.00026816789504726404 -0.00054677660978560787 -0.00079303494328240073 -3.8324382780156843e-05 -0.00087058057828032014 -0.00059450698578605312 -0.00018362914069435703
leaf_weight=2795 4176 51 135 51 48 4482 84 55 447 205 113 366 1607 147 4047 568 94 20149 144 47 810 44 125 805 1402 85 5727 57 67 4640
leaf_count=2795 4176 51 135 51 48 4482 84 55 447 205 113 366 1607 147 4047 568 94 20149 144 47 810 44 125 805 1402 85 5727 57 67 4640
internal_value=0.000434267 -0.00178603 -0.00399281 -0.000848065 0.00129074 0.000269518 -0.0105263 -0.0181132 -0.003665 -0.00519956 -0.0123913 -0.0006691 -0.00468674 0.000489392 0.00173224 -0.000635708 -0.00331793 0.00150889 -0.00627927 -0.00147647 -0.00175039 -0.00912037 -0.00401163 -0.00021823 -0.00287248 -0.0012069 -0.000597707 -0.00602941 -0.00146184 -0.00188336
internal_weight=53573 14913 4448 10465 38660 11669 190 106 4397 451 161 10275 3288 11218 26991 1109 541 22944 1751 6099 5733 216 172 6736 1537 290 5931 204 5517 4707
internal_count=53573 14913 4448 10465 38660 11669 190 106 4397 451 161 10275 3288 11218 26991 1109 541 22944 1751 6099 5733 216 172 6736 1537 290 5931 204 5517 4707
is_linear=0
shrinkage=0.05


Tree=18
num_leaves=31
num_cat=0
split_feature=4 10 4 15 15 13 13 13 13 6 8 1 13 11 14 13 11 11 14 14 12 9 8 9 2 12 11 10 10 11
split_gain=37.7526 13.266 12.358 9.71598 6.61777 6.23653 5.85822 5.29961 6.96557 4.55672 4.65427 7.66 4.45811 4.23526 4.03642 5.14255 3.75723 3.6933 3.81066 4.0798 4.86151 5.28854 3.57087 3.30549 3.27361 3.25954 4.78656 11.3157 7.63558 7.87738
threshold=0.037259157339318595 0.02754279141626426 0.023263083467724665 -0.03732677966205155 -0.03732677966205155 24.630000114440922 14.715000152587892 22.730000495910648 23.409999847412113 1.0162194452485738 0.17718596937131895 -0.062279591383522064 23.604999542236332 0.016536757711404618 0.035115678917499234 12.644999980926515 0.023858934510878397 0.020333032872676963 -0.077913276979976895 -0.073802250117532039 0.027728982804785422 0.1384749924759178 -0.068531647589147468 0.12187650381332561 0.25895638890916955 0.020704081019033652 0.0025776305361616685 0.0043826949132023127 0.0072501689697913605 0.011995424510659937
decision_type=2 2 2 2 2 2 2 2 2 2 8 2 2 2 2 2 2 2 2 2 2 8 10 10 2 2 2 2 2 2
left_child=2 4 6 -4 -2 7 14 23 -9 17 -11 -12 -10 -14 -1 -16 -8 18 -5 20 21 -20 -18 24 -6 26 27 -21 29 -28
right_child=1 -3 3 9 5 -7 16 8 12 10 11 -13 13 -15 15 -17 22 -19 19 25 -22 -23 -24 -25 -26 -27 28 -29 -30 -31
leaf_value=0.00025257071037408256 -0.0032011084793781559 -0.0014306554298089483 -0.0010190648903452408 0.00023896244675475418 -0.00027218274052411831 -7.025415672769586e-06 7.5266016311067643e-05 -0.0020754370084438991 0.0010103897482010473 -0.00020316079584301998 -0.0025254346897966443 -0.00023246973170127882 -0.0010216090193184005 -0.00016932547033435513 -0.00029601460883309531 4.6602941284322546e-05 -0.00065021449026803459 0.00014129746271230291 -0.00034138700041322443 8.8610178810128061e-05 0.00066231330437766574 -0.0012161916360579677 0.00036903824146269053 -0.00091048351057194119 -0.0017961582368600936 6.796549986902618e-05 -0.00069978596819883737 -0.00065206496132320664 0.00040612690371828459 0.00010979934832710578
leaf_weight=9499 57 61 121 1131 2321 1142 19388 58 67 2204 59 136 106 110 59 1550 61 2849 47 3276 40 41 1914 884 71 4085 1026 569 291 428
leaf_count=9499 57 61 121 1131 2321 1142 19388 58 67 2204 59 136 106 110 59 1550 61 2849 47 3276 40 41 1914 884 71 4085 1026 569 291 428
internal_value=0.000398036 -0.00379639 0.000817444 -0.000305772 -0.00350291 -0.00330006 0.00138139 -0.00431711 -0.0102493 -0.000200222 -0.00221134 -0.00961538 -0.00701413 -0.0105093 0.00231275 -3.10733e-06 0.000897112 0.000149822 -0.000267971 -0.000585025 -0.00945312 -0.0160227 0.00297468 -0.00369963 -0.00273411 -0.0004677 -0.00125224 -0.00026658 -0.00342407 -0.00490371
internal_weight=53651 4877 48774 16303 4816 4759 32471 3617 341 16182 2399 195 283 216 11108 1609 21363 13783 10934 9803 128 88 1975 3276 2392 9675 5590 3845 1745 1454
internal_count=53651 4877 48774 16303 4816 4759 32471 3617 341 16182 2399 195 283 216 11108 1609 21363 13783 10934 9803 128 88 1975 3276 2392 9675 5590 3845 1745 1454
is_linear=0
shrinkage=0.05


Tree=19
num_leaves=31
num_cat=0
split_feature=5 15 16 5 14 4 11 8 12 4 15 14 15 16 8 15 10 15 14 16 16 3 12 14 14 13 13 16 2 8
split_gain=29.9322 13.0621 18.9648 7.19805 5.62112 6.40599 4.85711 4.6233 4.96172 4.58677 3.78719 4.33213 3.76228 3.48693 6.48603 3.35323 10.0895 8.15381 4.9778 7.58082 10.1676 9.67196 3.96976 3.21349 6.01715 3.20417 2.88638 2.8665 2.86302 2.81544
threshold=0.019154552491814639 -0.03732677966205155 -0.049844975099244952 0.012864052241980605 -0.19490876951167976 0.043890724120045709 0.023858934510878397 0.16336548475981663 -0.031709491768756808 0.068539238209223183 -0.0054061645034700892 -0.066405515647089006 -0.03732677966205155 -0.06555723559280667 -0.16614209449316961 -0.0084579694741521699 0.0043154223195999162 -0.0083782708515516818 0.024414321868059811 -0.004548480555311484 -0.015122399782441396 -0.0022486358099791932 0.018681832940772639 -0.0078563959177023728 0.020125848996620292 30.345000267028812 26.284999847412113 0.045463607722885054 -0.022167454509546099 1.0000000180025095e-35
decision_type=2 2 2 2 2 2 2 8 2 2 2 2 2 2 10 2 2 2 2 2 2 2 2 2 2 2 2 2 2 10
left_child=1 2 -1 7 5 -2 13 10 -9 12 11 -3 -6 14 -5 16 -13 28 -19 20 -20 22 -22 -10 -25 -14 -11 -15 -17 -24
right_child=4 3 -4 6 9 -7 -8 8 23 26 -12 15 25 27 -16 17 -18 18 19 -21 21 -23 29 24 -26 -27 -28 -29 -30 -31
leaf_value=-0.00018685896007093601 -3.6625796930631237e-05 -0.00057585843625893929 -0.0015362156255007719 -0.0015231554997816163 -0.001856484681538568 -0.0013738477122116803 0.00023027751231494004 -0.0014616985891804841 0.00031782173382375516 -0.0012383016599947505 0.00020254060721453744 0.00021660987770737917 -0.00024089523959144865 1.2338587604676394e-05 4.7050477575067361e-05 -0.00090906586557916468 -0.00043694155741051286 0.00016825355292914576 0.00028581998772325207 0.00010242686018954191 -0.00047104732832439788 -0.00018218592572713047 -0.0007017505915722968 -0.00060641550115390593 6.8947896772890798e-05 0.00024486962513736022 -3.5179632233207576e-05 -0.00064078765954936464 -0.00062687549562161649 -0.0011772285075057141
leaf_weight=146 41 58 53 62 48 43 2746 72 278 470 19092 2867 6792 17581 101 41 79 1195 154 474 41 153 41 82 140 426 156 60 45 57
leaf_count=146 41 58 53 62 48 43 2746 72 278 470 19092 2867 6792 17581 101 41 79 1195 154 474 41 153 41 82 140 426 156 60 45 57
internal_value=0.000453782 0.000947872 -0.0118342 0.00100388 -0.00237212 -0.0152381 0.000311436 0.00157606 -0.00286713 -0.00223517 0.00168066 0.000485111 -0.00188137 9.5486e-06 -0.00726994 0.000638236 0.00174134 -0.000838255 -0.000224586 -0.00298913 -0.00766816 -0.0131507 -0.0226978 -0.0011 -0.00558559 -0.00178858 -0.00634185 7.68099e-05 -0.0159302 -0.0281633
internal_weight=53594 45618 199 45419 7976 84 20550 24869 572 7892 24297 5205 7266 17804 163 5147 2946 2201 2115 920 446 292 139 500 222 7218 626 17641 86 98
internal_count=53594 45618 199 45419 7976 84 20550 24869 572 7892 24297 5205 7266 17804 163 5147 2946 2201 2115 920 446 292 139 500 222 7218 626 17641 86 98
is_linear=0
shrinkage=0.05


Tree=20
num_leaves=31
num_cat=0
split_feature=5 4 14 14 12 16 14 13 15 9 13 16 14 11 16 4 11 14 13 15 16 15 14 11 14 9 15 4 2 16
split_gain=28.5325 8.48229 7.26462 8.22661 9.01663 6.55444 7.6512 6.53777 5.78394 7.1543 5.55909 5.0716 4.745 3.90732 3.88275 3.84932 3.66122 6.16463 4.03359 3.94621 9.80826 9.70926 13.3852 13.8346 6.29344 5.51256 3.42908 5.56806 3.64136 3.31255
threshold=0.015830449872852637 0.051221105145548729 0.23397195059943568 0.45247854199056486 -0.0077541062485576564 -0.044876723421484459 -0.043478201036805324 14.715000152587892 -0.03732677966205155 -0.089368227379497553 26.284999847412113 0.015610851920665582 0.030785511680663128 0.021151799211171721 0.015464388226064109 0.015710924844558872 -0.022672230022230119 0.23397195059943568 17.195000648498539 -0.0057145326396527132 0.015070067762048002 -0.0072803692149629442 0.079615825148664734 -0.0036909172011733156 -0.05546753287916955 0.070078597519353872 -0.0059232038606075723 0.019548501119309451 0.041434250995590956 -0.01772468776728536
decision_type=2 2 2 2 2 2 2 2 2 10 2 2 2 2 2 2 2 2 2 2 2 2 2 2 2 10 2 2 2 2
left_child=7 2 13 4 -4 6 -3 12 9 -9 -7 14 29 -2 16 -14 18 19 -10 20 21 24 26 -24 -18 -25 -23 -28 -29 -1
right_child=1 5 3 -5 -6 10 -8 8 11 -11 -12 -13 15 -15 -16 -17 17 -19 -20 -21 -22 22 23 25 -26 -27 27 28 -30 -31
leaf_value=-0.00030335678351559535 -0.00015304565069151785 -0.0017187536000957038 -0.0013984581517162689 7.333703133948139e-05 -0.00019189253108758367 -0.00076663775220819528 -0.0014545882764475757 -0.00017262954507695207 -0.00028878650377817973 -0.001416239697433843 0.00012949212818041131 0.0002097530798455782 0.00030665831871955836 7.6490947066652553e-05 -0.0012494926928457942 -0.00010543811635319152 -0.00061159418068787875 -0.00038326017583589442 0.00029052599117164679 6.5183392223829603e-05 -0.0011852346428012654 -5.8966114075158395e-05 -0.00018447451754756677 -0.0006754057516574751 7.3004785990025392e-05 -0.0014306679996173683 -0.00020004163627890858 -0.00069124928027167285 -0.001265533043783956 0.00024545068137766179
leaf_weight=179 10299 49 52 86 68 1349 109 82 61 40 393 5801 628 2513 52 1354 57 45 2610 12889 44 660 85 56 3497 67 112 43 40 10143
leaf_count=179 10299 49 52 86 68 1349 109 82 61 40 393 5801 628 2513 52 1354 57 45 2610 12889 44 660 85 56 3497 67 112 43 40 10143
internal_value=0.000424873 -0.00143183 -0.00097634 -0.0102913 -0.01875 -0.00455263 -0.0143038 0.00114347 0.000697573 -0.0101639 -0.0036682 0.000748306 0.00209444 -0.000826569 0.000376021 -0.000146317 0.000411033 0.00014919 0.0021359 0.000196581 -0.0010502 -0.000826294 -0.00501881 -0.0163942 0.000427687 -0.0271138 -0.00225146 -0.00807692 -0.0178916 0.0025247
internal_weight=53463 14918 13018 206 120 1900 158 38545 26241 122 1742 26119 12304 12812 20318 1982 20266 17595 2671 17550 4661 4617 1063 208 3554 123 855 195 83 10322
internal_count=53463 14918 13018 206 120 1900 158 38545 26241 122 1742 26119 12304 12812 20318 1982 20266 17595 2671 17550 4661 4617 1063 208 3554 123 855 195 83 10322
is_linear=0
shrinkage=0.05


Tree=21
num_leaves=31
num_cat=0
split_feature=4 4 4 10 12 12 15 16 6 16 15 16 10 14 16 10 14 14 8 13 7 12 16 14 13 15 15 12 14 15
split_gain=24.222 6.93918 6.64039 6.23179 11.3127 8.33794 6.21239 10.7514 4.84743 4.82527 3.99505 3.9768 8.13879 3.85539 4.31635 4.29148 8.96519 24.6032 5.15399 12.7725 5.06326 3.48069 6.46415 7.8434 3.43785 3.33165 14.3579 5.25145 3.28497 6.10265
threshold=0.028854880232296827 0.059975737414961899 0.017474372204168673 -0.017312021268647334 -0.0072815226745224218 -0.040334955259991249 -0.03732677966205155 -0.055746298787809394 0.19556747218645928 0.013600539479629139 -0.029472540924467269 -0.033406504351682791 -0.0012572661502254776 -0.030119880421319408 -0.055746298787809394 -0.0065884728107576387 0.076607678117126224 0.080638292039736062 0.19730010622319419 20.335000038146976 0.0090464247427752848 -0.052281388412141021 -0.044876723421484459 0.10773003329269316 30.345000267028812 0.008309102446099394 0.0081568677627790204 -0.05023266322533259 0.018846539562811352 0.0027654380575841135
decision_type=2 2 2 2 2 2 2 2 2 2 2 2 2 2 2 2 2 2 8 2 2 2 2 2 2 2 2 2 2 2
left_child=2 6 -1 4 5 10 7 -2 -8 13 -4 12 -3 14 -5 -15 18 -18 25 20 -20 -10 23 -23 -13 26 27 -17 -24 -30
right_child=1 11 3 9 -6 -7 8 -9 21 -11 -12 24 -14 15 -16 16 17 -19 19 -21 -22 22 28 -25 -26 -27 -28 -29 29 -31
leaf_value=0.00018737287316936558 -0.00016607082763088463 -0.00055047558124999966 -0.001292911632832909 -0.00066756641383154398 0.00027702327661352451 -0.0011141613632837694 -4.7847155264486134e-05 -0.0028481082491918445 0.00012953475642222783 0.00014830670190979156 -9.3515132130177095e-05 -0.00084122894278169816 -0.0018446201356565599 0.00016111572520046259 0.00012820841702620848 -0.00060137114058088489 -0.0011982045729990037 -1.8268630474888607e-05 -0.0011523195533588992 0.00019602818053408616 -0.00022022093452694219 -0.00096337621908822852 -0.00011076008359728132 0.00073406926214512414 0.00082241126334328348 0.0003605402615264129 -0.003355933777645806 -1.1641965028244191e-05 -0.00046158818636858872 -0.0012562387261403499
leaf_weight=13040 71 91 83 68 288 74 6462 40 316 9035 180 796 40 3317 5721 81 143 363 115 244 77 173 1449 55 115 672 42 9374 793 148
leaf_count=13040 71 91 83 68 288 74 6462 40 316 9035 180 796 40 3317 5721 81 143 363 115 244 77 173 1449 55 115 672 42 9374 793 148
internal_value=0.000463472 -0.0016831 0.000991099 0.000580212 -0.00436 -0.0105786 -0.00125855 -0.013018 -0.00111963 0.000685765 -0.00640684 -0.00555662 -0.0137023 0.000256468 0.00134652 -0.000180898 -0.000652056 -0.00715415 -0.00034182 -0.00566514 -0.0153125 -0.00280504 -0.00340336 -0.0114474 -0.00438529 -0.00011358 -0.000354322 -0.000224749 -0.00263598 -0.00493624
internal_weight=53466 10549 42917 29877 625 337 9507 111 9396 29252 263 1042 131 20217 5789 14428 11111 506 10605 436 192 2934 2618 228 911 10169 9497 9455 2390 941
internal_count=53466 10549 42917 29877 625 337 9507 111 9396 29252 263 1042 131 20217 5789 14428 11111 506 10605 436 192 2934 2618 228 911 10169 9497 9455 2390 941
is_linear=0
shrinkage=0.05


Tree=22
num_leaves=31
num_cat=0
split_feature=4 15 16 4 4 11 0 16 13 11 10 15 16 15 14 10 16 11 16 14 16 14 12 11 16 7 9 9 15 15
split_gain=22.3296 8.00366 6.94046 6.41278 6.37672 5.8341 4.46408 3.94477 3.44216 3.32848 4.08209 3.50067 4.11858 6.80634 4.28414 10.539 5.25004 4.75601 5.20614 3.9776 5.2694 5.4871 5.51212 6.65129 3.83132 3.76358 3.49364 2.92828 2.92691 6.17941
threshold=0.028854880232296827 -0.03732677966205155 -0.055746298787809394 0.063440083676757172 0.016391764493035182 0.023858934510878397 -0.0755246768182367 -0.044876723421484459 29.835000038146976 0.020793273633493151 0.02754279141626426 -0.0183387022549471 -0.055746298787809394 -0.0038568157725497039 0.11927434384443127 -0.0055859659212495463 0.0086657027679308846 -0.0078155489533487926 0.018258639910813893 -0.030119880421319408 0.013277331824823825 -0.026106823606350468 1.0000000180025095e-35 0.0033857375272920991 -0.026586471031585009 0.018888619838191682 0.039000417133965411 0.088244709844370731 -0.0035913979855831109 -0.0023059285847992768
decision_type=2 2 2 2 2 2 2 2 2 2 2 2 2 2 2 2 2 2 2 2 2 2 2 2 2 2 8 8 2 2
left_child=1 2 -1 6 -3 -6 8 -5 -2 10 11 -8 13 -13 17 16 -16 18 -14 24 21 25 23 26 -19 -21 -23 -25 -24 -30
right_child=3 4 -4 7 5 -7 9 -9 -10 -11 -12 12 14 -15 15 -17 -18 19 -20 20 -22 22 28 27 -26 -27 -28 -29 29 -31
leaf_value=0.00053579368723546364 -0.00045220165846651423 0.00020407214632739033 -0.0012518103229706072 -0.0016970463486281001 4.7649294388223736e-05 0.00023780096866711067 0.00019872521151262812 -0.0008074489929666669 -0.001363703195069379 5.8059870414663706e-05 -0.00062930368470408857 -0.0057926866883628702 0.00012664078409690068 -0.00014031642832365893 1.4218931290734537e-05 -0.00095035653921651136 -0.0020852259288230627 -0.00098421410473313836 -0.0014900811373145598 -0.00057313948781472542 5.6373894202408642e-05 -0.0035645325601223335 1.0133024717263615e-06 -0.0011844903755268922 1.2195787385535598e-05 -0.0011639663617972419 -6.4279083179812714e-05 -0.0014980859315964306 -0.0018854679478709927 -0.00034390649161936311
leaf_weight=52 74 9216 95 83 29641 4016 659 765 42 1976 70 45 2023 129 228 47 60 42 41 40 667 49 619 114 1648 43 214 110 102 719
leaf_count=52 74 9216 95 83 29641 4016 659 765 42 1976 70 45 2023 129 228 47 60 42 41 40 667 49 619 114 1648 43 214 110 102 719
internal_value=0.000494043 0.0010007 -0.0106463 -0.00156047 0.00104063 0.000721544 -0.00119814 -0.00573113 -0.0109483 -0.00108087 -0.00155235 -0.00144164 -0.00177233 -0.00936782 -0.001577 -0.00708955 -0.00350694 -0.00128985 0.000687985 -0.00222464 -0.00342361 -0.00470149 -0.00415931 -0.0087577 -0.000325444 -0.0172892 -0.00336502 -0.0150893 -0.00260417 -0.00456151
internal_weight=53629 43020 147 10609 42873 33657 9761 848 116 9645 7669 7599 6940 174 6766 335 288 6431 2064 4367 2677 2010 1927 487 1690 83 263 224 1440 821
internal_count=53629 43020 147 10609 42873 33657 9761 848 116 9645 7669 7599 6940 174 6766 335 288 6431 2064 4367 2677 2010 1927 487 1690 83 263 224 1440 821
is_linear=0
shrinkage=0.05


Tree=23
num_leaves=31
num_cat=0
split_feature=5 5 14 13 10 11 13 15 15 13 10 15 10 10 14 14 10 13 12 11 15 10 12 10 12 15 16 12 12 14
split_gain=22.7855 7.80988 9.50891 5.88519 5.28059 4.32192 4.31099 8.56124 5.29169 4.08466 7.41451 3.52825 4.13939 8.51224 20.9571 5.66701 7.09678 7.79548 8.62093 8.02524 7.86585 11.5311 7.73371 7.49751 7.05161 6.50702 5.59289 4.84981 9.11918 5.10044
threshold=0.015264243693614123 0.022887958944015682 -0.19490876951167976 14.675000190734865 -0.017312021268647334 0.023858934510878397 33.719999313354499 -0.023641314377556451 -0.0084579694741521699 30.345000267028812 -0.017312021268647334 -0.03732677966205155 -0.0042544588401209329 -0.0037293651666452927 0.079615825148664734 -0.01909405816599757 -0.0012572661502254776 17.195000648498539 0.060339670934961183 -0.011940064700992346 0.00038791338183430396 0.0039694794622050509 0.012875876838212565 -0.00090813194402433728 0.12384637745116912 -0.0092865684684994548 -0.022291467176862586 -0.032606215925707109 -0.015496668614707719 0.048234950984074383
decision_type=2 2 2 2 2 2 2 2 2 2 2 2 2 2 2 2 2 2 2 2 2 2 2 2 2 2 2 2 2 2
left_child=3 4 -3 -1 6 11 7 -2 -9 10 -4 -5 -13 14 -14 25 24 23 19 -19 21 22 -21 -18 -17 -15 -25 -22 -29 -30
right_child=1 2 9 5 -6 -7 -8 8 -10 -11 -12 12 13 15 -16 16 17 18 -20 20 27 -23 -24 26 -26 -27 -28 28 29 -31
leaf_value=0.00016706830204913482 -0.0011460499572698627 -0.0010807964079981882 -0.002156572911945548 -0.0007565703124574677 -3.2385035896754078e-05 0.0002646015849708826 0.00015417914674491654 4.989114595240265e-05 -0.0014214653056944578 0.00027170386687488089 -0.00034676761377652808 0.00015414937088981841 4.5589210864836212e-07 -0.00048314240966276567 -0.0011000148159085173 0.000218229136015535 -0.00081914736122486024 0.00054294060966917474 0.00032266322607205598 -0.00069693619067602716 0.00056537767579287722 -0.0010166801113116542 0.00051162296440526831 -0.0005348309471100149 -0.00066195004970023006 0.00013013245419787696 2.056076795494642e-05 -0.00084985494437841015 -8.6481736864303177e-05 -0.00046623259852324818
leaf_weight=11757 86 51 70 106 11999 2480 101 180 56 363 3952 6316 293 63 111 2292 76 146 283 143 110 172 104 204 46 7835 3497 126 407 100
leaf_count=11757 86 51 70 106 11999 2480 101 180 56 363 3952 6316 293 63 111 2292 76 146 283 143 110 172 104 204 46 7835 3497 126 407 100
internal_value=0.000375993 -0.00114545 -0.00294635 0.00107549 -0.000502334 0.000640305 -0.00599291 -0.00881988 -0.0038983 -0.00269669 -0.00315515 0.000421311 0.000464523 3.68568e-05 -0.00712871 0.000222379 -0.000742279 -0.00174367 -0.00467945 -0.00639144 -0.00777969 -0.0132578 -0.00633603 -0.000507016 0.00155689 0.00116359 -0.000187787 -0.00469044 -0.00637441 -0.00338264
internal_weight=53525 16858 4436 36667 12422 24910 423 322 236 4385 4022 22430 22324 16008 404 15604 7706 5368 1591 1308 1162 419 247 3777 2338 7898 3701 743 633 507
internal_count=53525 16858 4436 36667 12422 24910 423 322 236 4385 4022 22430 22324 16008 404 15604 7706 5368 1591 1308 1162 419 247 3777 2338 7898 3701 743 633 507
is_linear=0
shrinkage=0.05


Tree=24
num_leaves=31
num_cat=0
split_feature=5 10 13 16 15 16 6 14 5 15 5 11 14 13 5 8 2 11 11 10 14 15 14 13 2 10 2 11 1 14
split_gain=16.6155 8.73428 7.84212 10.5147 6.34861 8.85077 5.59737 5.49066 5.75063 5.19122 4.87225 4.29625 5.91622 3.62677 4.02952 3.47725 3.11344 3.01438 3.58606 5.0143 3.68486 7.67694 4.94481 11.6241 5.934 4.63808 4.24168 3.61547 3.45906 3.12293
threshold=0.018856522993590665 -0.017312021268647334 22.429999351501468 0.015070067762048002 -0.03732677966205155 -0.049844975099244952 -0.3905522437921623 -0.19490876951167976 0.026183778299693181 -0.03732677966205155 0.0099077880726477097 -0.022310337551763478 0.23397195059943568 30.345000267028812 0.03388595718735124 0.22817828556084266 -0.12377790224194128 0.023858934510878397 -0.015644740533217568 0.010655373456526786 -0.01013918808565367 -0.0099687749219372606 -0.0067330833557224237 17.615000724792484 0.0036725671706768774 0.015605167538648159 0.11422704412047759 0.017027249014991756 -0.029198960398031545 0.0012326341754252958
decision_type=2 2 2 2 2 2 2 2 2 2 2 2 2 2 2 8 2 2 2 2 2 2 2 2 2 2 2 2 2 2
left_child=1 2 -1 4 5 -4 -3 8 -2 -9 -8 -6 -13 14 -11 17 -17 18 19 -12 21 -20 23 -22 -25 -23 -27 29 -21 -24
right_child=7 6 3 -5 11 -7 10 9 -10 13 15 12 -14 -15 -16 16 -18 -19 20 28 22 25 27 24 -26 26 -28 -29 -30 -31
leaf_value=0.00021388422640751843 -7.0232630476577089e-05 0.0001447871434486195 -0.00034629246767696887 -0.0014693648696331143 0.00034184780620080815 -0.00118129235286518 0.00018716362460366245 -0.0023284435149253909 -0.0011158133912767126 -0.00013619113326674096 0.00023513375235031023 -0.00016411911710631681 -0.00082023132859625138 0.00024881916664961647 -0.00062349344707925136 -0.0013403706664181312 -0.00029298862221252531 0.00017134884229519525 -0.00041146976047497664 -0.0009984399502379563 -2.2910297628498991e-05 0.00011510766858223437 0.00019319839832860177 -0.0012840977123744592 -0.00057078773504972585 -0.00018377187757618726 -0.00094141401868324886 -0.00028469197826646052 -9.7710782700492782e-05 -7.354037542037185e-05
leaf_weight=302 42 17991 99 59 212 52 4677 66 44 6612 2682 163 56 517 1152 53 756 2434 77 42 408 6514 1122 91 106 436 41 638 72 6104
leaf_count=302 42 17991 99 59 212 52 4677 66 44 6612 2682 163 56 517 1152 53 756 2434 77 42 408 6514 1122 91 106 436 41 638 72 6104
internal_value=0.000420552 0.000800784 -0.00396076 -0.00709048 -0.00505155 -0.0138742 0.000902269 -0.00161686 -0.014186 -0.00148736 0.000436712 -0.00196056 -0.00687215 -0.00137604 -0.00164606 0.000119577 -0.00309642 0.00024486 2.53643e-05 0.00167382 -0.000271288 0.00057159 -0.000974731 -0.00533058 -0.0153046 0.000744529 -0.00401467 -0.000639623 -0.00859649 -0.000321063
internal_weight=53620 45187 943 641 582 151 44244 8433 86 8347 26253 431 219 8281 7764 21576 809 20767 18333 2796 15537 7068 8469 605 197 6991 477 7864 114 7226
internal_count=53620 45187 943 641 582 151 44244 8433 86 8347 26253 431 219 8281 7764 21576 809 20767 18333 2796 15537 7068 8469 605 197 6991 477 7864 114 7226
is_linear=0
shrinkage=0.05


Tree=25
num_leaves=31
num_cat=0
split_feature=5 6 3 5 16 16 10 9 16 5 13 13 14 16 13 10 13 13 10 12 5 10 13 14 12 14 10 5 16 16
split_gain=19.0729 5.80021 4.87751 4.73268 3.98923 3.69569 3.62186 3.31548 3.09973 3.2709 4.59433 2.94631 3.22432 4.69862 3.96976 2.90107 5.84737 2.808 2.91247 4.55022 3.1847 2.651 2.64847 2.4214 3.809 6.03367 2.35294 2.35119 2.32839 4.16961
threshold=0.015830449872852637 0.44800339251738153 -0.029109791505182777 0.035361565640042572 -0.044876723421484459 -0.044876723421484459 -0.029463617054616639 0.080814979038918558 -0.055746298787809394 0.026183778299693181 25.505000114440922 14.675000190734865 0.035115678917499234 -0.01772468776728536 12.644999980926515 -0.013788046856732237 30.750000000000004 14.194999694824221 -0.0057060977224409606 0.037528562351318968 0.012075989053438855 0.0018732675411667901 24.19999980926514 0.11927434384443127 -0.0066426429034430181 0.16071726291299396 0.0055837889125804905 0.022887958944015682 0.015610851920665582 0.015464388226064109
decision_type=2 2 2 2 2 2 2 10 2 2 2 2 2 2 2 2 2 2 2 2 2 2 2 2 2 2 2 2 2 2
left_child=1 6 15 7 -5 26 -1 8 9 10 -4 12 13 21 -14 16 -2 18 -16 -20 -21 -8 -6 27 25 -25 -3 -9 29 -13
right_child=2 5 3 4 22 -7 11 23 -10 -11 -12 28 14 -15 17 -17 -18 -19 19 20 -22 -23 -24 24 -26 -27 -28 -29 -30 -31
leaf_value=-0.0011153067957337288 -0.0028951393555936952 -0.00036246992820539468 -0.0012448071708765901 -0.0014948054714087554 -0.00071152189074192554 1.9209148259011251e-05 0.00062121430478855998 -0.00010678551221165851 -8.6327139460390981e-06 -0.00075240147723848331 4.1924326542902636e-05 7.6742029486872557e-05 -0.00021276236888647504 0.00023540312328099207 0.00073288391059198824 -0.00062487092979207517 -0.00012422370302851636 0.00036403331337332684 -2.6913591389504026e-05 -0.00024315349610485061 -0.00064301118901241485 -0.00042517369004488564 0.00016557820766122713 -0.0018852126870419353 0.00017793197322998707 -6.1781885484746247e-05 -0.0007906437777782235 -0.00066228773005926707 0.00019160613252395159 -0.0012680006850262432
leaf_weight=45 78 332 64 53 709 9595 44 2625 9776 47 187 15112 50 7693 162 319 66 392 484 106 57 101 194 42 64 66 77 649 4263 43
leaf_count=45 78 332 64 53 709 9595 44 2625 9776 47 187 15112 50 7693 162 319 66 392 484 106 57 101 194 42 64 66 77 649 4263 43
internal_value=0.000445369 0.00103304 -0.00107136 -0.000909782 -0.00430962 -2.99861e-06 0.00139605 -0.000669378 -0.000211435 -0.0052349 -0.00296813 0.00141842 0.0021614 0.00253764 -0.000195843 -0.00612311 -0.0120139 0.000378851 -0.00130408 -0.00280525 -0.0100307 -0.00637931 -0.00352713 -0.00200813 -0.0077907 -0.0135185 -0.0046577 -0.00170434 0.00107066 0.000780271
internal_weight=53495 38556 14939 14476 956 10004 28552 13520 10074 298 251 28507 9089 7838 1251 463 144 1201 809 647 163 145 903 3446 172 108 409 3274 19418 15155
internal_count=53495 38556 14939 14476 956 10004 28552 13520 10074 298 251 28507 9089 7838 1251 463 144 1201 809 647 163 145 903 3446 172 108 409 3274 19418 15155
is_linear=0
shrinkage=0.05


Tree=26
num_leaves=31
num_cat=0
split_feature=5 6 3 6 8 10 10 5 5 11 11 13 9 11 2 3 16 16 13 14 11 11 13 14 9 10 14 10 13 13
split_gain=19.2756 6.73861 5.57859 5.323 4.20442 3.61066 3.18247 3.00266 2.78974 2.99575 2.74866 2.71957 2.4736 2.3401 3.55752 2.15675 2.08773 2.1473 6.64544 1.98984 3.0834 2.59851 2.55741 2.23624 3.46397 2.22737 1.89193 4.19748 5.41885 4.79974
threshold=0.015264243693614123 -0.40419039578173038 -0.013313138592561112 -0.15565824697160194 0.19730010622319419 0.0207430020860534 -0.029463617054616639 0.022265218873843421 0.0095885381778821194 0.023858934510878397 0.034061321951450181 14.715000152587892 0.30416792529986142 0.010571722118832951 -0.038961600457788674 0.037174236210763108 0.016156412343460328 0.015464388226064109 19.085000038146976 -0.030119880421319408 -0.022310337551763478 -0.023775986944761848 27.365000724792484 -0.022227674526148929 -0.3063475698756582 0.0074825472221409237 -0.01013918808565367 -0.0016165810670417111 17.195000648498539 17.860000610351566
decision_type=2 2 2 2 8 2 2 2 2 2 2 2 10 2 2 2 2 2 2 2 2 2 2 2 10 2 2 2 2 2
left_child=3 12 5 11 6 -3 -5 -4 -8 15 -9 -1 16 -6 -15 26 17 19 -19 21 -21 -2 23 24 -22 -26 -10 -28 -29 -30
right_child=1 2 7 4 13 -7 8 10 9 -11 -12 -13 -14 14 -16 -17 -18 18 -20 20 22 -23 -24 -25 25 -27 27 28 29 -31
leaf_value=0.00020405792324130857 -0.00039094549244916924 -0.0005273263776607287 -8.6440695816059616e-05 -0.00082635346077580124 -0.00018101109832778999 -0.00090201465027849037 0.000192056443231716 -0.00050680940506101803 9.0446230841417902e-05 0.00021464883016496201 0.00017238730226557469 0.00011871740959847402 -0.00046834012239552907 -0.0013338745413814621 -0.00039028152269836926 -0.00048347710814212363 0.00013804138845257508 0.00021952457594134807 -0.0012827138145551952 0.00037844224365773602 -0.0010409395588722445 0.00022092100914240643 -0.00065209371871334965 -6.1265222920997597e-05 7.8926100410943264e-07 -0.0010801821499540857 5.3606929164283588e-05 -7.3765308676165435e-05 -0.00056017311610284974 -0.00034189686236298328
leaf_weight=6427 82 1266 6167 75 381 53 3018 1682 5238 1555 216 12602 281 51 147 86 1952 129 71 485 56 1536 61 2593 178 42 4488 2240 128 269
leaf_count=6427 82 1266 6167 75 381 53 3018 1682 5238 1555 216 12602 281 51 147 86 1952 129 71 485 56 1536 61 2593 178 42 4488 2240 128 269
internal_value=0.000450472 -0.000949555 -0.00184143 0.00109318 0.000468432 -0.00485595 0.000610341 -0.00134842 0.000655622 0.000358469 -0.00308746 0.0016735 0.000171444 -0.00372193 -0.00813131 0.000100008 0.000351427 -0.000169119 -0.00525 3.27838e-05 -0.000651537 0.00147713 -0.0012628 -0.0010474 -0.00532609 -0.0025 0.000154898 -0.000375438 -0.00195866 -0.00734257
internal_weight=53555 16850 9384 36705 17676 1319 17097 8065 17022 14004 1898 19029 7466 579 198 12449 7185 5233 200 5033 3415 1618 2930 2869 276 220 12363 7125 2637 397
internal_count=53555 16850 9384 36705 17676 1319 17097 8065 17022 14004 1898 19029 7466 579 198 12449 7185 5233 200 5033 3415 1618 2930 2869 276 220 12363 7125 2637 397
is_linear=0
shrinkage=0.05


Tree=27
num_leaves=31
num_cat=0
split_feature=4 15 4 11 6 6 3 10 15 15 9 5 13 14 2 15 15 14 3 12 10 14 9 15 14 14 3 13 11 0
split_gain=14.9427 5.84934 5.45771 5.57007 4.77055 4.22904 4.12403 3.76983 5.02003 3.21619 3.86701 2.93997 2.83364 2.77668 2.63069 2.61475 3.16982 3.38578 2.92023 2.81273 4.84478 3.23842 2.28062 2.9168 2.8182 2.57169 2.55373 2.32041 2.68842 2.24443
threshold=0.027238801675260115 -0.03732677966205155 0.015233205116169496 0.023858934510878397 -0.037998285616276072 0.2542457379774789 -0.045999116102856945 0.0092143368425633438 -0.0014218654770011827 0.025033772670397528 -0.030180009431973239 0.022887958944015682 24.630000114440922 0.11927434384443127 -0.062687407562717387 -0.001785549865782665 -0.0018664539358728136 -0.05546753287916955 -0.0019053635062060701 -0.036853049265853803 -0.00045044795983173452 0.18763840935801293 0.1479501573450456 0.018193740709000376 0.012431899030548645 0.039162482689633411 0.0096758869320974234 18.335000038146976 0.0070762605113673391 -0.020570674341306047
decision_type=2 2 2 2 2 2 2 2 2 2 10 2 2 2 2 2 2 2 2 2 2 2 8 2 2 2 2 2 2 2
left_child=2 6 -1 4 -4 7 -2 11 -9 22 -11 -3 13 -13 -15 16 17 18 -6 20 21 -19 -7 24 -24 27 -25 28 -26 -23
right_child=1 5 3 -5 15 9 -8 8 -10 10 -12 12 -14 14 -16 -17 -18 19 -20 -21 -22 29 23 26 25 -27 -28 -29 -30 -31
leaf_value=0.0002081522460379659 -0.0015083290978853284 -1.0158126470390482e-05 8.3480688837992703e-05 0.00020149349928527051 0.00011776826776131844 -0.00013998474689572656 -0.00041219690972414371 -0.0014895509650603375 0.00028218602193335972 -0.001018778609487581 -2.6516944436728647e-05 -0.00035363908612808079 8.4227110731287033e-05 -0.0014686136599979824 -0.00026798198087339659 1.8691825725544324e-05 -0.00034719029740073635 -0.00010899781589313852 -0.00062985466969242673 -3.1923866981979961e-05 -0.00098710189565144927 -0.00027767617793323496 -6.8197991389002587e-05 -0.00081043741013843342 -0.0010540632908098632 -0.00057668241808985757 -0.00037663211301435624 -0.0014947278240379828 7.7040101276839201e-06 -0.00078515638436468793
leaf_weight=5926 53 4640 18051 3928 88 2109 80 42 1528 56 46 2010 539 40 42 7853 47 447 157 4201 44 49 723 45 74 452 76 43 68 52
leaf_count=5926 53 4640 18051 3928 88 2109 80 42 1528 56 46 2010 539 40 42 7853 47 447 157 4201 44 49 723 45 74 452 76 43 68 52
internal_value=0.000389561 -0.00111085 0.000854859 0.000616748 0.000391913 -0.00100016 -0.0115414 -0.000406628 0.00181529 -0.00242145 -0.0111765 -0.000886398 -0.00222159 -0.00305449 -0.0120732 -0.000340856 -0.00122419 -0.00110361 -0.00683673 -0.000810557 -0.00403716 -0.00275547 -0.0021727 -0.00367657 -0.00301471 -0.00543956 -0.0111157 -0.0104054 -0.00732394 -0.0108416
internal_weight=53509 12666 40843 34917 30989 12533 133 8841 1570 3692 102 7271 2631 2092 82 12938 5085 5038 245 4793 592 548 3590 1481 1360 637 121 185 142 101
internal_count=53509 12666 40843 34917 30989 12533 133 8841 1570 3692 102 7271 2631 2092 82 12938 5085 5038 245 4793 592 548 3590 1481 1360 637 121 185 142 101
is_linear=0
shrinkage=0.05


Tree=28
num_leaves=31
num_cat=0
split_feature=5 10 12 12 15 6 2 13 10 16 11 10 11 10 12 12 16 10 3 4 13 10 12 5 10 10 11 12 13 13
split_gain=15.6372 6.30142 9.76856 9.13533 5.71351 5.15124 4.43624 4.31391 10.1647 4.08004 6.07345 6.07568 7.05808 11.0753 6.37018 7.13496 30.6591 6.46358 7.01555 5.37705 4.83304 4.65585 9.74851 5.04296 4.96276 5.4676 4.56085 5.39233 13.022 9.02811
threshold=0.020927406402465983 -0.017312021268647334 -0.0072815226745224218 -0.040334955259991249 -0.03732677966205155 1.0712786972816861 -0.0014756698928681253 33.719999313354499 -0.029463617054616639 0.013782196603786325 -0.007196249019797262 0.0053455325599094392 -0.0070947588285928389 0.0077313618831305062 0.030501708894694394 0.027224900336564887 -0.006704906899365203 0.0027897371119552932 -0.0059141584674621264 0.019439015185144477 19.98499965667725 0.0041080553382388816 0.024994038771031683 0.013102363599299189 0.0049263668881139875 0.0043826949132023127 0.00081107941047609 -0.00052819005217041848 19.295000076293949 17.615000724792484
decision_type=2 2 2 2 2 2 2 2 2 2 2 2 2 2 2 2 2 2 2 2 2 2 2 2 2 2 2 2 2 2
left_child=1 2 3 7 -2 9 -5 8 -1 10 21 14 13 -13 15 19 -17 20 -19 -12 -18 -3 24 -24 25 -23 -21 28 29 -28
right_child=4 5 -4 6 -6 -7 -8 -9 -10 -11 11 12 -14 -15 -16 16 17 18 -20 26 -22 22 23 -25 -26 -27 27 -29 -30 -31
leaf_value=-0.0009163359575884971 -0.0021609956512791116 0.00024698365231592891 0.00025824854398584664 -0.001484667869851653 -0.00023598700444728938 -5.3428122406863072e-05 -0.0005608329361914947 0.00046186200623860875 -0.0002274951844387226 0.00015474589715047703 7.8783499780464621e-05 -0.0034963563699455706 0.00016616704288285005 0.00070638184935856694 8.068162803225059e-05 -0.001185991199138874 0.000136030831526299 -0.00093165807740578418 -0.00031360045634005481 4.2204887461610206e-05 -0.00045163124492605575 -4.830026480379034e-05 -0.00023511988659511283 -0.0013860981834435096 0.00014064947917295938 -0.0011904951396572415 6.8923228738030528e-06 -0.00015014445003055292 0.00022528654964638014 -0.0010212097632993666
leaf_weight=55 41 6743 426 52 5858 6519 68 133 297 11922 3148 58 5454 57 5741 156 745 47 237 1373 48 112 52 43 1531 45 117 1952 278 326
leaf_count=55 41 6743 426 52 5858 6519 68 133 297 11922 3148 58 5454 57 5741 156 745 47 237 1373 48 112 52 43 1531 45 117 1952 278 326
internal_value=0.000418951 0.000719074 -0.00314743 -0.0072314 -0.00200966 0.000804428 -0.0195833 -0.00417526 -0.00707386 0.00101593 0.00068871 0.000206972 0.00160621 -0.0106522 -0.000343026 -0.00121811 -0.00473236 -0.00173166 -0.00820422 -0.000615791 0.000586381 0.00180389 -0.000468312 -0.0160526 0.000408768 -0.00805732 -0.00182155 -0.00302469 -0.00671983 -0.0120429
internal_weight=53634 47735 1031 605 5899 46704 120 485 352 40185 28263 19737 5569 115 14168 8427 1233 1077 284 7194 793 8526 1783 95 1688 157 4046 2673 721 443
internal_count=53634 47735 1031 605 5899 46704 120 485 352 40185 28263 19737 5569 115 14168 8427 1233 1077 284 7194 793 8526 1783 95 1688 157 4046 2673 721 443
is_linear=0
shrinkage=0.05


Tree=29
num_leaves=31
num_cat=0
split_feature=5 4 13 16 11 11 14 13 16 11 11 13 3 15 2 15 16 15 16 11 14 14 16 11 15 14 16 15 0 7
split_gain=12.9906 6.4987 4.07561 3.96773 3.88813 3.84687 3.66009 4.78393 4.09797 3.29861 4.12861 3.16468 3.12786 3.14768 3.58546 3.1192 8.58571 4.2264 4.40931 3.85501 4.9818 3.99952 6.46863 4.81658 3.69687 3.37878 4.04703 7.04599 5.1543 4.84951
threshold=0.014736425249571149 0.059975737414961899 14.675000190734865 -0.046378973938755001 0.020333032872676963 0.023858934510878397 0.035942894407802857 12.644999980926515 -0.01772468776728536 0.014880689278647387 0.016276968490692715 25.505000114440922 0.017480373177662493 -0.03732677966205155 -0.054045411166893702 -0.03732677966205155 -0.055746298787809394 -0.0183387022549471 -0.055746298787809394 -0.022672230022230119 -0.030119880421319408 -0.026973540467474796 0.0097040477320496938 0.0032511788494672404 -0.0038568157725497039 0.11365091649526195 0.0086657027679308846 -0.0052472842650770337 -0.012889970102028912 -0.021507350483397632
decision_type=2 2 2 2 2 2 2 2 2 2 2 2 2 2 2 2 2 2 2 2 2 2 2 2 2 2 2 2 2 2
left_child=2 4 6 -3 15 12 8 -8 -1 -9 -11 -5 13 14 -4 16 -2 -17 24 -20 -21 22 23 -22 -19 -23 27 -27 -28 -29
right_child=1 3 5 11 -6 -7 7 9 -10 10 -12 -13 -14 -15 -16 17 -18 18 19 20 21 25 -24 -25 -26 26 28 29 -30 -31
leaf_value=-0.00027721876367935221 7.7387359791777544e-05 -0.0015346046458709626 -0.00019904597445113268 -0.00077167989411292123 7.4111927185625635e-05 0.00022335100412643639 -0.00026424269248635356 9.7203876222791722e-05 0.00017999716148327198 -0.00066319505479297798 -3.2592653331731464e-05 0.00014320415023794664 -0.00041046856535824437 4.8614263987874413e-05 -0.00097760118430698551 0.0002289982353306565 -0.0014195187206578561 -0.0033654937774080227 0.00018709701643420152 3.7290006415731109e-05 -0.00032930777662962577 -0.00013716853317389315 0.00067505011352328383 -0.00099719079885465366 -0.0002428881638156605 1.2132201652312004e-05 -0.0018633580142673554 -0.0009003491811447131 -0.0002320981579191744 -0.00043399719473578131
leaf_weight=170 82 86 61 751 3495 2287 55 1185 9453 109 191 224 264 20673 40 846 63 60 1201 4155 120 7059 72 77 192 330 61 45 46 48
leaf_count=170 82 86 61 751 3495 2287 55 1185 9453 109 191 224 264 20673 40 846 63 60 1201 4155 120 7059 72 77 192 330 61 45 46 48
internal_value=0.000379526 -0.000669805 0.000958015 -0.0044722 -0.000445076 0.000581994 0.00174371 -0.00051948 0.00210589 1.68352e-05 -0.00466667 -0.0035641 0.000370283 0.00043901 -0.00836634 -0.000806875 -0.00810345 -0.000732951 -0.000948314 -0.000823369 -0.0010934 -0.0018338 -0.00782528 -0.0125127 -0.0075 -0.00162143 -0.0054717 -0.00327423 -0.0141589 -0.0154301
internal_weight=53501 19013 34488 1061 17952 23325 11163 1540 9623 1485 300 975 21038 20774 101 14457 145 14312 13466 13214 12013 7858 269 197 252 7589 530 423 107 93
internal_count=53501 19013 34488 1061 17952 23325 11163 1540 9623 1485 300 975 21038 20774 101 14457 145 14312 13466 13214 12013 7858 269 197 252 7589 530 423 107 93
is_linear=0
shrinkage=0.05


Tree=30
num_leaves=31
num_cat=0
split_feature=5 15 16 4 6 6 13 13 11 16 15 16 11 12 15 11 0 11 13 15 8 13 5 11 13 12 12 1 11 13
split_gain=11.8933 5.25874 9.30792 4.52359 3.9878 3.63745 2.79737 3.61438 2.96242 2.76336 2.30078 2.47623 2.76447 3.10806 5.99032 4.38668 3.20145 2.55889 2.70614 3.30625 2.39106 2.28833 2.27457 2.19569 3.15646 3.9197 4.20094 5.81644 4.8312 3.02984
threshold=0.015097485045930789 -0.03732677966205155 -0.055746298787809394 0.063440083676757172 0.33217154732560278 -0.42436779505590289 14.715000152587892 12.325000286102297 0.0047087702577918175 0.015366784535937207 -0.0183387022549471 -0.055746298787809394 -0.015853203269672541 0.027464825873152136 -0.011406589525120357 0.0083592252538529106 -0.0074786861755861125 0.011995424510659937 16.550000190734867 0.0033537553797794444 -0.20484993810925459 16.085000038146976 0.018995920210653213 0.023858934510878397 15.375000000000002 0.017951110302837473 0.015576171273286367 0.00069707189605805475 -0.0038175653933905647 15.295000076293947
decision_type=2 2 2 2 2 2 2 2 2 2 2 2 2 2 2 2 2 2 2 2 10 2 2 2 2 2 2 2 2 2
left_child=4 2 -2 5 6 -3 7 8 -1 -6 -7 20 -13 14 15 -14 -17 22 19 21 -12 -19 -16 24 25 26 28 -28 -8 -27
right_child=1 3 -4 -5 9 10 23 -9 -10 -11 11 12 13 -15 17 16 -18 18 -20 -21 -22 -23 -24 -25 -26 29 27 -29 -30 -31
leaf_value=-0.00014951862869513703 4.6410752734240978e-05 3.7729626725614897e-05 -0.001480114277188878 -0.00062007263556438676 -3.4456924275996366e-05 0.0001666059240722444 -0.00041952676478088503 0.00018143972660891755 1.9303554392220067e-05 0.0001265240463276135 -0.0023625568930481992 0.00012750414946563872 -0.0002064290655675573 -2.8438628759787211e-05 -0.00023289818866993524 -0.0018764381410145703 -0.0010650793152747022 -0.00032891512769178655 0.00015300213608670512 8.3279740138449268e-05 -0.00019379248700102051 -0.00071414881063955186 -0.00053714158365462039 0.00021418683153926873 9.3240362603394557e-05 0.00020348786793834085 -1.3506161613454785e-05 -0.00088188535029095163 4.3931287319478576e-05 -0.00030983177102091009
leaf_weight=149 88 7111 62 832 7639 602 199 7758 516 2989 64 1261 114 3243 1532 69 46 169 713 314 181 57 1003 1744 13255 1018 46 54 479 229
leaf_count=149 88 7111 62 832 7639 602 199 7758 516 2989 64 1261 114 3243 1532 69 46 169 713 314 181 57 1003 1744 13255 1018 46 54 479 229
internal_value=0.00039282 -0.000678369 -0.01 -0.000597597 0.000911296 -0.000415984 0.00125103 0.00199632 -0.00154135 9.78549e-05 -0.00106319 -0.00126854 -0.00112604 -0.00150138 -0.00243092 -0.0102838 -0.0171739 -0.00195618 -0.000107741 -0.00277778 -0.00622449 -0.00738938 -0.00286982 0.000882284 0.000690445 -0.00114815 -0.00393316 -0.0135 -0.00252212 0.000589415
internal_weight=53536 17461 150 17311 36075 16479 25447 8423 665 10628 9368 8766 8521 7260 4017 229 115 3788 1253 540 245 226 2535 17024 15280 2025 778 100 678 1247
internal_count=53536 17461 150 17311 36075 16479 25447 8423 665 10628 9368 8766 8521 7260 4017 229 115 3788 1253 540 245 226 2535 17024 15280 2025 778 100 678 1247
is_linear=0
shrinkage=0.05


Tree=31
num_leaves=31
num_cat=0
split_feature=4 15 10 12 6 15 14 12 4 14 14 12 12 13 8 13 12 13 1 8 9 10 15 14 12 15 13 1 1 15
split_gain=10.1969 6.22672 5.54505 6.08084 4.83474 4.2494 3.76092 3.58415 3.54508 3.30483 3.97379 3.48866 6.52848 27.801 7.5673 4.78423 4.7972 14.4159 4.4315 3.29381 2.82952 2.77908 5.5481 4.57202 5.99671 4.51135 3.76955 3.73464 3.27472 2.77268
threshold=0.020494688361824331 -0.03732677966205155 -0.0014526684258500675 -0.067575667738432196 0.90977301529261634 0.025033772670397528 -0.077913276979976895 -0.067575667738432196 0.05528246588503561 -0.054805799949304061 -0.030119880421319408 -0.029032360146205412 -0.033690121396823418 21.409999847412113 -0.20484993810925459 18.94999980926514 -0.0011596324607267003 18.564999580383304 -0.00069094912778333562 -0.20484993810925459 0.02585340300576711 0.0090796320143422555 0.013913055448668167 -0.056925165822572281 0.028818741117549677 0.0019905149327598131 19.159999847412113 0.0036694839993358657 -0.02458281986434396 -0.0047563680774917452
decision_type=2 2 2 2 2 2 2 2 2 2 2 2 2 2 10 2 2 2 2 10 10 2 2 2 2 2 2 2 2 2
left_child=-1 2 3 -2 6 19 29 -8 9 21 -11 12 14 20 -12 16 17 -13 -19 -6 -14 22 23 -9 27 -23 -27 -25 -28 -3
right_child=1 4 -4 -5 5 -7 7 8 -10 10 11 15 13 -15 -16 -17 -18 18 -20 -21 -22 25 -24 24 -26 26 28 -29 -30 -31
leaf_value=0.00010739279693998497 -5.7467416143954695e-05 -0.0019221072715047097 0.0012424677040052813 -0.0013777974496535944 -0.0008792948607346696 -0.00077703404726367628 0.00037372938988317566 -7.360505875049668e-05 -0.00048792980885449137 0.00015060281129581477 -0.0015161667483360218 -0.0001057973804104306 -0.00040289341166765621 -0.0034583516599134799 -1.4213313462502473e-06 0.00014639668401601722 -7.4978416593423725e-06 -0.0015534923041800536 -0.00093517089598307108 -0.00012704591442833468 0.00024308979098563728 -0.00093653552014261177 -0.0010352924274100686 -0.00056118324254779352 0.00043294427047669404 0.0002730174874756663 -0.00067414191902745858 -0.0012114750931706624 -0.00027924015065024081 0.0002378509665578025
leaf_weight=23892 59 46 54 97 290 106 685 805 945 3251 44 1043 106 78 1278 3556 8838 50 77 4477 166 61 50 65 54 553 41 96 208 2475
leaf_count=23892 59 46 54 97 290 106 685 805 945 3251 44 1043 106 78 1278 3556 8838 50 77 4477 166 61 50 65 54 553 41 96 208 2475
internal_value=0.000389011 -0.000230323 -0.00880952 -0.0135897 -0.000169134 -0.00160784 0.000116194 -9.29703e-05 -0.000207114 -6.856e-05 0.000137124 -0.000201496 -0.00235646 -0.00842857 -0.000748865 6.41406e-05 -0.000495603 -0.00350427 -0.0194094 -0.00138766 -0.000882353 -0.0020357 -0.00373832 -0.00294118 -0.0094186 7.53188e-05 0.00107232 -0.0142547 -0.00403614 0.00194566
internal_weight=53546 29654 210 156 29444 4873 24571 22050 21365 20420 18487 15236 1672 350 1322 13564 10008 1170 127 4767 272 1933 1070 1020 215 863 802 161 249 2521
internal_count=53546 29654 210 156 29444 4873 24571 22050 21365 20420 18487 15236 1672 350 1322 13564 10008 1170 127 4767 272 1933 1070 1020 215 863 802 161 249 2521
is_linear=0
shrinkage=0.05


Tree=32
num_leaves=31
num_cat=0
split_feature=4 15 16 0 3 9 3 11 11 12 16 16 10 16 16 13 3 11 11 10 11 3 13 13 12 10 16 11 12 13
split_gain=8.25914 5.41797 9.27573 4.4208 3.8736 3.39578 3.336 3.19491 3.11456 3.01152 3.51359 15.491 10.3232 3.93137 3.64157 16.5975 7.32401 3.18153 3.4795 4.093 5.53359 4.16191 3.87072 10.1008 13.4991 7.58385 5.43395 5.41563 6.6567 6.54248
threshold=0.020494688361824331 -0.03732677966205155 -0.055746298787809394 0.048543107308664853 -0.0011673934973714382 0.30416792529986142 -0.0099747999524314439 0.021151799211171721 -0.043674056524097109 -0.057938720016513449 0.026995564231093176 0.028206097026281188 -0.0014989927374994825 0.015610851920665582 0.015070067762048002 19.085000038146976 0.0074701671409488366 -0.043674056524097109 -0.021243764887310997 0.0038486575209699674 -0.028186613773187038 0.006292478875539965 21.295000076293949 21.555000305175785 -0.011548235899129232 0.0055837889125804905 -0.0061697457240013067 -0.0060505847997984188 0.030501708894694394 19.23499965667725
decision_type=2 2 2 2 2 10 2 2 2 2 2 2 2 2 2 2 2 2 2 2 2 2 2 2 2 2 2 2 2 2
left_child=8 2 -2 5 -5 7 -4 9 -1 -3 13 12 -12 14 17 -16 -17 -11 19 -19 21 -21 25 24 -24 27 -25 -20 29 -29
right_child=1 3 6 4 -6 -7 -8 -9 -10 10 11 -13 -14 -15 15 16 -18 18 22 20 -22 -23 23 26 -26 -27 -28 28 -30 -31
leaf_value=-0.00091912189584883789 6.7059970027956095e-05 0.00021180502926308357 -0.0017436683308839419 -0.00079228406908785987 -0.00023087414297823673 -0.00035604205808913581 -0.00060285169193809976 8.6018693591902772e-05 0.00010272726490854186 -0.0063080596497696664 0.00012080397116800099 1.2766433489270693e-05 -0.00098881871333216724 0.00017813180830674933 0.00026910212606753896 -0.0016189842648202052 -0.0010179003872520362 0.00028238781186924983 0.00010946694843188808 -0.00032235554500082298 0.00019715033234430984 -0.001200330817539011 -0.0040653527960371636 -0.00031676287175711013 -0.00052805634517514709 0.00017618868156664237 0.0001772727480861608 -0.00034863119446157891 2.0539101621877781e-05 0.00015341015870673136
leaf_weight=53 113 1456 55 97 486 938 40 5076 23761 46 60 640 126 2208 238 102 45 1847 2746 136 182 60 47 1042 173 3311 768 4056 3032 644
leaf_count=53 113 1456 55 97 486 938 40 5076 23761 46 60 640 126 2208 238 102 45 1847 2746 136 182 60 47 1042 173 3311 768 4056 3032 644
internal_value=0.000375485 -0.000179711 -0.00822115 -0.000123131 -0.00443396 -3.64055e-05 -0.0197368 6.25871e-05 0.00106954 -0.00018833 -0.0003373 -0.00353511 -0.0162366 -0.000209592 -0.000447902 -0.00525974 -0.0184694 -0.000345495 -0.000312015 0.00153933 -0.00320106 -0.00903061 -0.000572413 -0.00261084 -0.0127273 -0.000272318 -0.00138122 -0.000931475 -0.0016089 -0.00278723
internal_weight=53584 29770 208 29562 583 28979 95 28041 23814 22965 21509 826 186 20683 18475 385 147 18090 18044 2225 378 196 15819 2030 220 13789 1810 10478 7732 4700
internal_count=53584 29770 208 29562 583 28979 95 28041 23814 22965 21509 826 186 20683 18475 385 147 18090 18044 2225 378 196 15819 2030 220 13789 1810 10478 7732 4700
is_linear=0
shrinkage=0.05


Tree=33
num_leaves=31
num_cat=0
split_feature=5 15 8 12 14 10 12 9 11 10 16 12 12 13 11 12 10 14 4 15 11 13 11 4 8 14 8 3 11 3
split_gain=8.55413 4.30405 4.68593 7.49914 6.15828 6.91743 4.2292 3.31405 3.06086 6.48914 6.05106 5.44056 12.527 6.18901 5.38667 5.05291 6.11177 5.2004 3.98785 3.9749 8.88355 5.44971 4.1599 4.03481 3.83786 3.60527 7.71911 3.1663 2.76297 2.58272
threshold=0.015830449872852637 -0.0054061645034700892 -0.11276203877221329 -0.036045900478668118 -0.0078563959177023728 -0.0038582878398281113 0.12384637745116912 0.12934746183873039 0.010968315958417631 0.0038486575209699674 -0.015122399782441396 0.029126747512220778 0.027224900336564887 12.494999885559084 -0.0041956054139185564 -0.039191737143437648 -0.029463617054616639 0.017639326626862298 0.017355235162205152 -0.0062976505933079454 -0.0027153549187989841 18.335000038146976 0.0084762123288910658 0.022269959970457331 -0.0066190201024926556 -0.05546753287916955 0.06557110383926669 0.0033514092228453811 0.021151799211171721 -0.0039673894321385341
decision_type=2 2 10 2 2 2 2 10 2 2 2 2 2 2 2 2 2 2 2 2 2 2 2 2 10 2 8 2 2 2
left_child=1 6 3 -3 -5 -6 8 28 9 10 15 12 18 -13 -11 16 -1 -18 -12 21 24 -20 27 -24 -21 26 -15 -23 -2 -4
right_child=7 2 29 4 5 -7 -8 -9 -10 14 11 13 -14 25 -16 -17 17 -19 19 20 -22 22 23 -25 -26 -27 -28 -29 -30 -31
leaf_value=-0.0007831607187730815 -7.0103901758174889e-05 -0.00091961538654889504 4.9625998473290301e-07 0.00024836873315610414 0.0005222922863435275 -0.00049661468598115798 -0.00066486461986809027 -0.00025537180978495551 0.00013938013559106589 -0.00045311325419671695 6.121949217679785e-05 -0.00019761775209329926 -0.0011693193678651017 -0.00068202415959301202 -0.00016630199466010257 0.00021814304263751631 -0.00051907671509093074 4.6434192756898336e-05 3.362641896840424e-05 -0.00037662837172927193 -0.00028426320144675791 -0.0001951527262975671 -0.00027954156903874409 -0.0016804350103027861 -0.00075020193147573686 0.00016259173901729421 0.00041318874529468544 -0.0010806763548509661 8.8259111332627507e-05 0.00012608989345430695
leaf_weight=45 9682 104 4356 492 90 183 47 2897 1468 57 699 60 60 41 174 2497 84 471 625 49 210 318 51 43 60 1235 50 46 2428 25041
leaf_count=45 9682 104 4356 492 90 183 47 2897 1468 57 699 60 60 41 174 2497 84 471 625 49 210 318 51 43 60 1235 50 46 2428 25041
internal_value=0.000352478 0.000745809 0.00102359 -0.00259494 -0.000882353 -0.00690476 -0.000256257 -0.000660691 -0.000172 -0.000614545 -0.000328115 -0.00173809 -0.00330634 0.000707071 -0.00885281 0.00128673 -0.00283333 -0.0013964 -0.00266302 -0.00420114 -0.00910658 -0.00275623 -0.00689956 -0.0162766 -0.0206881 0.0014178 -0.00818681 -0.00447802 -0.000297275 0.00113056
internal_weight=53663 38656 30266 869 765 273 8390 15007 8343 6875 6644 3547 2161 1386 231 3097 600 555 2101 1402 319 1083 458 94 109 1326 91 364 12110 29397
internal_count=53663 38656 30266 869 765 273 8390 15007 8343 6875 6644 3547 2161 1386 231 3097 600 555 2101 1402 319 1083 458 94 109 1326 91 364 12110 29397
is_linear=0
shrinkage=0.05


Tree=34
num_leaves=31
num_cat=0
split_feature=5 6 15 15 14 11 15 13 14 14 9 15 16 5 11 11 8 12 14 14 6 12 13 6 12 16 16 5 14 16
split_gain=8.26524 4.0101 3.15254 3.55558 6.45222 6.60309 5.75746 4.49569 5.2576 10.8116 5.88 3.84189 4.21861 3.09153 2.70648 2.53409 2.47205 3.49479 3.94307 3.53647 2.27232 2.17533 1.96837 1.96725 1.85338 3.01232 6.56523 2.45897 1.82304 1.81096
threshold=0.013391328887745335 -0.34723508733703529 -0.0054061645034700892 -0.0084579694741521699 -0.013693091090924312 0.0040071134155756924 -0.0083782708515516818 16.935000419616703 0.072802606011034846 0.082777995482000835 0.071214088217342 -0.0058666600348988287 0.0067849518169680332 0.022265218873843421 0.018473539539137333 -0.0017669803293580697 0.15303225756081865 -0.031709491768756808 -0.0078563959177023728 0.0066946732173895915 0.26677162187263409 0.10123019596275297 12.00999975204468 -0.29743789405371296 -0.071455492513037885 0.026995564231093176 0.028206097026281188 0.024488037394164438 -0.031629138048926246 -0.044876723421484459
decision_type=2 2 2 2 2 2 2 2 2 2 10 2 2 2 2 2 8 2 2 2 2 2 2 2 2 2 2 2 2 2
left_child=2 14 3 4 5 -1 -5 8 11 10 20 28 -13 -3 24 -14 22 -18 -19 -20 -10 -9 -4 -24 -2 27 -27 -26 -8 -15
right_child=1 13 16 6 -6 -7 7 21 9 -11 -12 12 15 29 -16 -17 17 18 19 -21 -22 -23 23 -25 25 26 -28 -29 -30 -31
leaf_value=-0.00044343245727958454 0.00061218210205898709 -4.9514027149348932e-05 -0.00011582329343421745 -0.00061683453401521792 0.0001368524309858696 0.00041780186140362831 -0.00016429957657828069 0.00022922256690745637 -0.00062052456632090327 3.3474806656538534e-05 -0.0011961286345135785 -0.00028278609665594907 -0.00048846400226977137 -0.00065711584967804255 0.000135022997309318 4.5429445931415656e-05 -0.0009986494338150723 0.00020793684422283095 -0.00048210397496508268 6.5341398966150871e-05 -0.00041817068019229435 -0.00043079315863861468 0.00016869393861731758 9.0560586515765426e-05 2.2376644743227744e-05 -0.00089126474611960502 -3.2656070737492954e-06 -0.0003278827950363248 0.0001057555735914681 -0.00029292412924416562
leaf_weight=114 379 11461 205 94 3363 80 135 789 58 144 50 93 40 241 2663 193 60 352 115 92 42 49 9639 11518 7308 70 162 1121 830 2081
leaf_count=114 379 11461 205 94 3363 80 135 789 58 144 50 93 40 241 2663 193 60 352 115 92 42 49 9639 11518 7308 70 162 1121 830 2081
internal_value=0.000378308 -0.000273483 0.000970415 -3.78661e-05 0.000979758 -0.0078866 -0.00147596 -0.00100495 -0.00257098 -0.00860544 -0.018 -0.00119675 -0.00588957 -0.000851411 0.000407161 -0.00229614 0.00124903 -0.00186591 -0.000635062 -0.00611111 -0.011 0.00195704 0.00133929 0.00138654 -5.53079e-06 -0.000155294 -0.00577586 -5.93004e-07 0.000388601 -0.00251507
internal_weight=53541 25486 28055 6074 3557 194 2517 2423 1585 294 150 1291 326 13783 11703 233 21981 619 559 207 100 838 21362 21157 9040 8661 232 8429 965 2322
internal_count=53541 25486 28055 6074 3557 194 2517 2423 1585 294 150 1291 326 13783 11703 233 21981 619 559 207 100 838 21362 21157 9040 8661 232 8429 965 2322
is_linear=0
shrinkage=0.05


Tree=35
num_leaves=31
num_cat=0
split_feature=4 4 6 10 11 11 6 14 14 11 10 14 12 10 11 1 14 10 13 7 13 14 7 4 8 13 3 11 9 14
split_gain=7.4497 4.87832 4.68549 2.72689 2.66371 4.63734 2.29303 2.28332 3.62111 5.64958 5.38321 5.74711 5.36056 6.14717 4.70641 4.40835 3.37295 3.13613 2.57058 2.20823 3.00263 2.96418 2.17715 2.58243 2.29595 2.14932 2.77114 2.11558 2.05671 2.03332
threshold=0.039586262657954639 0.014792686582755718 -0.037998285616276072 0.02754279141626426 0.037714615631601174 0.036250351573326463 1.9167569572374301 -0.077913276979976895 -0.056340529311790281 -0.011693730673341061 0.015605167538648159 -0.067583665573298909 1.0000000180025095e-35 0.0092143368425633438 -0.019621602504463761 -0.0088064301504946468 -0.030119880421319408 -0.0038582878398281113 25.19999980926514 -0.089284872125385148 24.855000495910648 0.035115678917499234 0.028334218868143139 0.025809049068043145 0.05975297700369598 24.630000114440922 -0.045999116102856945 0.023858934510878397 0.090307351670015482 0.23397195059943568
decision_type=2 2 2 2 2 2 2 2 2 2 2 2 2 2 2 2 2 2 2 2 2 2 2 2 10 2 2 2 8 2
left_child=1 -1 4 25 5 7 27 18 9 14 11 -11 -13 22 -9 -16 17 -10 -3 20 21 -8 23 24 -14 -2 -27 -4 -7 -18
right_child=3 2 6 -5 -6 28 19 8 16 10 -12 12 13 -15 15 -17 29 -19 -20 -21 -22 -23 -24 -25 -26 26 -28 -29 -30 -31
leaf_value=0.00016965783117400035 -0.00032571005132240395 0.00028068793866892411 -1.403546771971805e-05 -0.00059883623475175032 0.00025127879589256552 -0.00068729883667680101 -0.0001473159920476832 -0.00011584038724963384 -0.00022263881593412253 0.00046994052890157181 -0.0013542757079813229 0.00028774147967521832 -0.00056114657663015161 0.00015671779518405522 -0.00079427472863940508 -0.00059845905369670883 4.5644969674705079e-05 0.00019519095849572935 -0.00038707982308292584 -0.0001267725922960802 0.00028910060061834887 -0.0021745114504575875 -0.00016232117733198885 -0.0019184317648711945 -0.00075065356133957985 -0.0017652138696682012 0.00010815739658354782 0.00014672991708761235 -0.00026811494984122067 -0.00029986316394067791
leaf_weight=4911 2932 1852 13736 53 1061 43 47 83 54 612 67 212 172 178 40 62 17399 3842 110 2836 47 50 64 58 46 55 970 1882 57 118
leaf_count=4911 2932 1852 13736 53 1061 43 47 83 54 612 67 212 172 178 40 62 17399 3842 110 2836 47 50 64 58 46 55 970 1882 57 118
internal_value=0.00041464 0.000582103 0.000417859 -0.00165835 0.000849598 0.000745742 -0.00018873 0.000788778 0.00064915 -0.00164994 -0.000571327 0.000119225 -0.00287671 -0.00561776 -0.00986486 -0.0170588 0.000820296 0.00215092 0.0024261 -0.00145973 -0.0075 -0.0125258 -0.00955882 -0.0114855 -0.00899083 -0.00150745 0.000463415 5.37843e-05 -0.01 0.000524348
internal_weight=53649 49639 44728 4010 26130 25069 18598 24969 23007 1594 1409 1342 730 518 185 102 21413 3896 1962 2980 144 97 340 276 218 3957 1025 15618 100 17517
internal_count=53649 49639 44728 4010 26130 25069 18598 24969 23007 1594 1409 1342 730 518 185 102 21413 3896 1962 2980 144 97 340 276 218 3957 1025 15618 100 17517
is_linear=0
shrinkage=0.05


Tree=36
num_leaves=31
num_cat=0
split_feature=5 15 15 14 14 9 12 14 4 6 1 15 12 12 14 10 4 10 13 11 8 12 13 6 10 11 4 3 5 13
split_gain=7.42018 3.29951 5.19633 11.6856 7.43694 9.12898 4.94014 2.92307 2.89902 2.85037 2.56662 2.51699 5.91606 2.45232 3.26251 3.05059 2.78241 2.4441 14.5402 2.82083 2.41867 2.67741 2.2021 3.81302 2.12411 2.48573 4.0572 4.37819 2.06872 2.24087
threshold=0.015097485045930789 -0.0054061645034700892 -0.0072803692149629442 0.072802606011034846 0.08570124221832566 0.11420092678091422 0.12384637745116912 -0.066405515647089006 0.046134337039668051 -0.019378978530548981 -0.022603304198367365 0.020245336959293873 -0.018676010215707358 -0.039191737143437648 0.23397195059943568 -0.00045044795983173452 0.021266767696279724 -0.00025977690608347531 19.055000305175785 0.010968315958417631 -0.11740278857907936 -0.034828232656023965 12.494999885559084 -0.11036574481908171 -0.0036396197641281876 0.0084762123288910658 0.019773002481922698 0.0007735810451349191 0.010300433914611331 12.230000019073488
decision_type=2 2 2 2 2 10 2 2 2 2 2 2 2 2 2 2 2 2 2 2 10 2 2 2 2 2 2 2 2 2
left_child=1 2 7 6 5 10 22 -1 -2 -3 -5 -10 -13 14 15 -9 -16 24 19 -19 21 -11 23 -4 25 -15 -27 -28 29 -22
right_child=8 9 3 4 -6 -7 -8 13 11 20 -12 12 -14 17 16 -17 -18 18 -20 -21 28 -23 -24 -25 -26 26 27 -29 -30 -31
leaf_value=-0.00039422998013932285 -2.0041034024383724e-05 0.00012319833563953625 -0.00027698552047956493 -0.00060897614273501381 -3.8120241275508163e-06 -0.0011963890809741336 -0.00052342101195837791 4.8491748915708739e-05 -0.00022359734519608677 -0.00090272579048080055 -0.0003318002364871468 0.00099702254626881748 -0.00077244750320472431 0.00014271604670418916 -0.00078627454056399515 -0.0003944682207490315 -0.00020473501663921222 -0.00016040058391037485 -0.00059972188771256416 0.00023390821692748066 -0.00091240527850910383 -0.00015182575149355986 3.7439088913324686e-05 0.00014684214388829586 0.00033447462554892285 7.0073931430407268e-05 -6.0147633933522875e-05 -0.001003880321083332 1.5429789481740115e-05 0.00016455011496256243
leaf_weight=58 15021 16614 42 41 120 47 46 433 2438 56 146 49 67 2882 41 53 54 362 95 489 97 274 1593 60 843 246 162 65 8077 2997
leaf_count=58 15021 16614 42 41 120 47 46 433 2438 56 146 49 67 2882 41 53 54 362 95 489 97 274 1593 60 843 246 162 65 8077 2997
internal_value=0.000371304 0.000782513 -0.000121858 -0.00225537 -0.0105367 -0.0157265 -0.00057151 0.000651046 -0.000470839 0.00103592 -0.0107754 -0.00202819 -0.00922414 0.000764192 -0.00231497 -0.000658436 -0.0107895 0.00111198 -0.00118393 0.000887192 0.000430832 -0.00378788 -0.000132743 -0.0072549 0.00162935 0.00106557 -0.00229387 -0.00711454 0.000555456 0.00165482
internal_weight=53568 35993 7878 2095 354 234 1741 5783 17575 28115 187 2554 116 5725 581 486 95 5144 946 851 11501 330 1695 102 4198 3355 473 227 11171 3094
internal_count=53568 35993 7878 2095 354 234 1741 5783 17575 28115 187 2554 116 5725 581 486 95 5144 946 851 11501 330 1695 102 4198 3355 473 227 11171 3094
is_linear=0
shrinkage=0.05


Tree=37
num_leaves=31
num_cat=0
split_feature=4 4 11 11 14 14 12 9 3 16 1 16 16 14 12 9 11 2 11 12 12 12 11 14 15 12 12 16 11 15
split_gain=5.93376 4.50792 4.4011 3.60262 3.77605 6.73007 15.0201 15.9054 4.28511 3.53442 3.87621 3.62053 7.53446 8.76777 7.21301 5.82986 5.61494 8.62121 4.36962 5.34393 7.45619 4.71732 3.42417 3.26062 10.7847 8.65541 7.79533 5.53524 7.41888 5.23004
threshold=0.039586262657954639 0.015233205116169496 0.037714615631601174 0.036250351573326463 -0.01013918808565367 -0.0067330833557224237 0.012058038657318472 -0.12198372362384562 -0.0025307758426990064 0.03585743602736758 0.010764542991683836 0.013600539479629139 0.011931810946502643 0.037142264963949019 0.12384637745116912 0.070078597519353872 -0.022024013564940267 0.0099185526104303996 -0.0068475574788619533 0.044320359090521573 0.042234470374777462 0.0061046403867389696 0.0044457206101340416 0.043372068741787458 0.0025620251156679434 0.028818741117549677 -0.0041728615781457248 -0.019566400408505654 -0.0036909172011733156 0.00080280830329937391
decision_type=2 2 2 2 2 2 2 10 2 2 2 2 2 2 2 10 2 2 2 2 2 2 2 2 2 2 2 2 2 2
left_child=1 -1 3 4 -3 6 7 -6 -9 11 -11 12 14 -14 18 -15 17 -13 21 20 23 -7 -22 26 -25 -26 29 28 -28 -20
right_child=-2 2 -4 -5 5 9 -8 8 -10 10 -12 16 13 15 -16 -17 -18 -19 19 -21 22 -23 -24 24 25 -27 27 -29 -30 -31
leaf_value=0.00014430028202224601 -0.00019708570165053669 7.3578526559432429e-05 0.00021525225778258237 -0.00029081802110126508 0.00013732520199392613 2.4048766443375493e-05 3.4577072523870953e-05 -0.00096388594061570614 -0.0010003869675808763 -0.00064047551022047508 -9.6452196395567904e-05 -0.0013639058965955501 -0.00015348178789521079 -0.00041404737150971271 -0.0007025187886129285 -0.0010527797572960254 0.00014412204129426529 0.00018924120841393028 -0.00019699908154177838 0.00014662605648971713 -0.00078666892852186543 0.00037663506599059933 -0.00061496917869908237 -0.0001148537858498294 8.3529997779021887e-05 -0.00048461256134438443 0.00047255388434286187 8.5784175817913983e-05 -0.0010947919402495858 -0.0010653948094240852
leaf_weight=5933 4002 18708 1712 165 181 4548 851 88 175 59 420 41 437 138 61 75 4472 61 508 2015 56 1711 58 2476 113 206 63 4069 57 104
leaf_count=5933 4002 18708 1712 165 181 4548 851 88 175 59 420 41 437 138 61 75 4472 61 508 2015 56 1711 58 2476 113 206 63 4069 57 104
internal_value=0.000380207 0.000529751 0.000353901 0.00025241 0.00028155 -0.000146899 -0.00364865 -0.0111036 -0.0189544 6.1615e-05 -0.0041858 0.000157271 -0.000184187 -0.00546154 2.96044e-05 -0.0137793 0.00140359 -0.0101961 9.50953e-05 -0.000568123 -0.00116731 0.00112558 -0.0138596 -0.00097683 -0.00233453 -0.0109875 -0.000186419 0.000583672 -0.01 -0.00545752
internal_weight=53563 49561 43628 41916 41751 23043 1295 444 263 21748 479 21269 16695 650 16045 213 4574 102 15984 9725 7710 6259 114 7596 2795 319 4801 4189 120 612
internal_count=53563 49561 43628 41916 41751 23043 1295 444 263 21748 479 21269 16695 650 16045 213 4574 102 15984 9725 7710 6259 114 7596 2795 319 4801 4189 120 612
is_linear=0
shrinkage=0.05


Tree=38
num_leaves=31
num_cat=0
split_feature=4 3 4 14 6 14 11 14 9 16 16 10 14 12 12 14 13 3 9 13 1 15 16 10 13 15 14 9 14 13
split_gain=5.61846 3.2616 3.15429 2.54369 2.4949 2.48109 7.88592 4.56378 3.31975 2.58632 6.75019 2.42434 4.12651 4.70994 10.1312 5.6587 6.54676 3.82893 3.62761 2.81068 2.23476 2.13106 2.11808 3.61221 2.12132 1.93677 3.29673 4.99799 8.2968 7.6878
threshold=0.023417818972976245 -0.0039673894321385341 0.046134337039668051 -0.077913276979976895 -0.037998285616276072 -0.062752290881895975 -0.011693730673341061 -0.06426442822534599 0.0089268469686778502 0.026995564231093176 0.038499702483502658 -0.0043670108035313007 -0.012410493039419599 0.030225182467667037 0.027224900336564887 -0.0049345356588886271 19.814999580383304 -0.0063077771160667253 0.073299366829967086 28.970000267028812 0.024126210297710563 -0.0047563680774917452 -0.046378973938755001 0.0052648731180522388 26.284999847412113 -0.0183387022549471 0.072802606011034846 0.027012145431082438 0.080638292039736062 17.530000686645511
decision_type=2 2 2 2 2 2 2 2 8 2 2 2 2 2 2 2 2 2 8 2 2 2 2 2 2 2 2 10 2 2
left_child=1 11 3 21 -3 6 8 9 -5 -8 20 19 -13 14 15 16 -14 -16 -18 -1 -11 -2 23 -4 -24 -7 -27 -28 29 -29
right_child=2 4 22 5 -6 25 7 -9 -10 10 -12 12 13 -15 17 -17 18 -19 -20 -21 -22 -23 24 -25 -26 26 27 28 -30 -31
leaf_value=9.4135525838721869e-05 -0.0022147623812900836 0.00011974320015160352 -0.00034543841311937329 -0.00080770763610399474 4.2676385294611235e-05 0.00014763445571898276 0.00017209368278569792 -0.0024167339409661634 -0.00096081807161416837 -0.0013216398826183594 0.00041829349214726123 9.3781192827235044e-05 -0.00024211064839034751 3.0180728766588294e-05 -0.00081851090464619242 -2.7403787266465972e-05 -0.0017837307907566824 -0.00027261902990411384 -0.0006042021030881195 -0.0006540730701483881 -0.0004285285650362918 0.00014904914619504983 -0.00033943752026859768 -0.00089471662979688331 0.00016399798003198626 6.4296852500754487e-06 -1.498768407349298e-06 -0.0014606480489273588 -0.00035656764910015906 -0.0003972696217676112
leaf_weight=2015 41 15882 159 46 11138 988 579 79 47 75 125 1629 178 958 113 902 40 89 45 42 65 1973 1844 55 425 12213 1113 51 664 54
leaf_count=2015 41 15882 159 46 11138 988 579 79 47 75 125 1629 178 958 113 902 40 89 45 42 65 1973 1844 55 425 12213 1113 51 664 54
internal_value=0.000392247 0.000796373 -0.000255875 -2.67762e-05 0.00103072 -0.00023635 -0.00262795 -0.00122969 -0.0165054 -0.000154028 -0.00424528 -0.000257029 -0.000981285 -0.00233333 -0.00421726 -0.00242489 -0.00887833 -0.0145545 -0.0202941 0.00113515 -0.0117857 0.00164846 -0.0019271 -0.00668224 -0.00147862 -7.52501e-05 -0.000225257 -0.00217322 -0.00527308 -0.0183333
internal_weight=53627 33031 20596 18113 27020 16099 1016 923 93 844 265 6011 3954 2325 1367 1165 263 202 85 2057 140 2014 2483 214 2269 15083 14095 1882 769 105
internal_count=53627 33031 20596 18113 27020 16099 1016 923 93 844 265 6011 3954 2325 1367 1165 263 202 85 2057 140 2014 2483 214 2269 15083 14095 1882 769 105
is_linear=0
shrinkage=0.05


end of trees

feature_importances:
vix_chg_1d=143
sector_ret_5d=130
spy_ret_5d=123
vix_level=118
spy_ret_20d=115
sector_ret_1d=113
spy_ret_1d=110
atr_pct=75
parkinson_20=54
dvol_z_20=45
dist_ma50=42
dist_ma200=32
overnight_gap=25
ret_1d=15
ret_5d=14
ret_20d=11
dist_ma20=5

parameters:
[boosting: gbdt]
[objective: quantile]
[metric: quantile]
[tree_learner: serial]
[device_type: cpu]
[data_sample_strategy: bagging]
[data: ]
[valid: ]
[num_iterations: 120]
[learning_rate: 0.05]
[num_leaves: 31]
[num_threads: -1]
[seed: 0]
[deterministic: 0]
[force_col_wise: 1]
[force_row_wise: 0]
[histogram_pool_size: -1]
[max_depth: -1]
[min_data_in_leaf: 40]
[min_sum_hessian_in_leaf: 0.001]
[bagging_fraction: 0.85]
[pos_bagging_fraction: 1]
[neg_bagging_fraction: 1]
[bagging_freq: 1]
[bagging_seed: 3]
[bagging_by_query: 0]
[feature_fraction: 0.85]
[feature_fraction_bynode: 1]
[feature_fraction_seed: 2]
[extra_trees: 0]
[extra_seed: 6]
[early_stopping_round: 0]
[early_stopping_min_delta: 0]
[first_metric_only: 0]
[max_delta_step: 0]
[lambda_l1: 0]
[lambda_l2: 0]
[linear_lambda: 0]
[min_gain_to_split: 0]
[drop_rate: 0.1]
[max_drop: 50]
[skip_drop: 0.5]
[xgboost_dart_mode: 0]
[uniform_drop: 0]
[drop_seed: 4]
[top_rate: 0.2]
[other_rate: 0.1]
[min_data_per_group: 100]
[max_cat_threshold: 32]
[cat_l2: 10]
[cat_smooth: 10]
[max_cat_to_onehot: 4]
[top_k: 20]
[monotone_constraints: ]
[monotone_constraints_method: basic]
[monotone_penalty: 0]
[feature_contri: ]
[forcedsplits_filename: ]
[refit_decay_rate: 0.9]
[cegb_tradeoff: 1]
[cegb_penalty_split: 0]
[cegb_penalty_feature_lazy: ]
[cegb_penalty_feature_coupled: ]
[path_smooth: 0]
[interaction_constraints: ]
[verbosity: -1]
[saved_feature_importance_type: 0]
[use_quantized_grad: 0]
[num_grad_quant_bins: 4]
[quant_train_renew_leaf: 0]
[stochastic_rounding: 1]
[linear_tree: 0]
[max_bin: 255]
[max_bin_by_feature: ]
[min_data_in_bin: 3]
[bin_construct_sample_cnt: 200000]
[data_random_seed: 1]
[is_enable_sparse: 1]
[enable_bundle: 1]
[use_missing: 1]
[zero_as_missing: 0]
[feature_pre_filter: 1]
[pre_partition: 0]
[two_round: 0]
[header: 0]
[label_column: ]
[weight_column: ]
[group_column: ]
[ignore_column: ]
[categorical_feature: ]
[forcedbins_filename: ]
[precise_float_parser: 0]
[parser_config_file: ]
[objective_seed: 5]
[num_class: 1]
[is_unbalance: 0]
[scale_pos_weight: 1]
[sigmoid: 1]
[boost_from_average: 1]
[reg_sqrt: 0]
[alpha: 0.1]
[fair_c: 1]
[poisson_max_delta_step: 0.7]
[tweedie_variance_power: 1.5]
[lambdarank_truncation_level: 30]
[lambdarank_norm: 1]
[label_gain: ]
[lambdarank_position_bias_regularization: 0]
[eval_at: ]
[multi_error_top_k: 1]
[auc_mu_weights: ]
[num_machines: 1]
[local_listen_port: 12400]
[time_out: 120]
[machine_list_filename: ]
[machines: ]
[gpu_platform_id: -1]
[gpu_device_id: -1]
[gpu_device_id_list: ]
[gpu_use_dp: 0]
[num_gpu: 1]

end of parameters

pandas_categorical:[]
