tree
version=v4
num_class=1
num_tree_per_iteration=1
label_index=0
max_feature_idx=16
objective=quantile
feature_names=ret_1d ret_5d ret_20d overnight_gap atr_pct parkinson_20 dvol_z_20 dist_ma20 dist_ma50 dist_ma200 spy_ret_1d spy_ret_5d spy_ret_20d vix_level vix_chg_1d sector_ret_1d sector_ret_5d
feature_infos=[-0.57513778322106557:0.5918674698795181] [-0.5737281887441632:0.82352941176470607] [-0.57077456075228916:1.859375] [-0.58738518064911205:0.57756024096385539] [0.0085858545193475515:0.17755591891162512] [0.0055614813932552323:0.082832536564663217] [-2.948513111248098:4.3491274710307675] [-0.5511970450678898:0.88193556371436821] [-0.5516871502604066:1.1305109790041579] [-0.52769724154222031:2.5977049689872622] [-0.058542947643003718:0.10501933612632941] [-0.11496158439845272:0.082843216242346029] [-0.12265592443394913:0.15756596870864792] [11.859999656677246:52.330001831054688] [-0.35753873962348437:0.74039073966007019] [-0.06285260230433054:0.088816354578251211] [-0.11675897124649115:0.08529462291702461]
tree_sizes=2902 3001 2987 3025 2983 2999 3015 2998 3036 3021 3018 3017 3014 3039 3000 3031 3040 3039 3042 3032 3018 3011 3032 3040 3031 3028 3035 3001 3050 3027 3053 3039 3038 3028 3029 3039 3018 3069 3048 3035 3037 3021 3048 3054 3040 3057 3090 3010 3053 3094

Tree=0
num_leaves=31
num_cat=0
split_feature=4 12 4 10 4 3 4 6 14 6 3 4 6 14 6 13 16 5 16 10 12 13 15 15 10 14 9 5 8 15
split_gain=129.048 38.8857 30.2885 29.228 22.8599 13.2268 10.8529 8.91572 7.34548 6.8629 6.273 6.0524 5.43483 5.04339 4.81767 4.44304 3.8929 3.83815 3.79709 10.5177 15.8287 3.78636 3.5232 9.32489 3.88748 5.57778 6.73471 2.96565 3.25197 2.72736
threshold=0.031076087501250075 -0.075828254732232245 0.020945000464271595 -0.0018123893917819098 0.053412035385435104 0.0040943183844270878 0.047133498475308476 1.5474502408597737 0.032336920174311119 -0.092210433431141575 0.026820058528867045 0.039987601095102687 -0.18541728861881371 0.090336443973437111 0.84688377326423481 30.345000267028812 0.051970945763323624 0.01553374297397518 0.027781697646025564 -0.0029742102449409331 0.053884817517752877 22.285000801086429 -0.018730419806015638 -0.021715650796061577 -0.01521359351313417 0.13518549268873961 0.23140038054844117 0.01553374297397518 -0.20851299467751225 0.012468622952242161
decision_type=2 2 2 2 2 2 2 2 2 2 2 2 2 2 2 2 2 2 2 2 2 2 2 2 2 2 8 2 10 2
left_child=2 3 9 5 7 6 -2 11 14 -1 12 -3 21 -9 15 17 -13 -4 27 -20 -21 -6 23 -11 25 26 -24 -10 -29 -12
right_child=1 4 8 -5 10 -7 -8 13 18 22 29 16 -14 -15 -16 -17 -18 -19 19 20 -22 -23 24 -25 -26 -27 -28 28 -30 -31
leaf_value=0.019473039924848938 0.020261349565054078 0.020033680366558483 0.019628662424876885 0.020031564099522781 0.021120039718995898 0.024587151967688216 0.0216727417694055 0.020470786763428041 0.019820268188113131 0.019419377176868091 0.022606985584054051 0.020432116727189188 0.021437342534960192 0.020877715654433016 0.019915933815546273 0.020650495074337451 0.019498453344065202 0.019816840273959468 0.019428330478860702 0.021371996553849915 0.019797812819410864 0.019902526128743492 0.020310800119980221 0.020937298577570186 0.019604334704899549 0.019223517526218436 0.019471387869878454 0.019445402354628393 0.020078050560933071 0.021963609037338627
leaf_weight=14182 122 5275 7593 181 439 129 75 603 3180 163 112 2210 589 140 2758 41 103 5360 173 87 85 242 156 114 10247 138 92 156 1980 44
leaf_count=14182 122 5275 7593 181 439 129 75 603 3180 163 112 2210 589 140 2758 41 103 5360 173 87 85 242 156 114 10247 138 92 156 1980 44
internal_value=0.019777 0.0248514 0.0186571 0.0383523 0.0241499 0.0472976 0.0391477 0.0231486 0.0200384 0.0174783 0.0299996 0.0226367 0.0288374 0.0283758 0.0194832 0.0190804 0.0247693 0.0190284 0.0215832 0.0266663 0.0354218 0.0257955 0.0184211 0.023988 0.0182761 0.0232019 0.0276855 0.0212533 0.0226942 0.0394617
internal_weight=56769 10264 46505 507 9757 326 197 8331 21413 25092 1426 7588 1270 743 15752 12994 2313 12953 5661 345 172 681 10910 277 10633 386 248 5316 2136 156
internal_count=56769 10264 46505 507 9757 326 197 8331 21413 25092 1426 7588 1270 743 15752 12994 2313 12953 5661 345 172 681 10910 277 10633 386 248 5316 2136 156
is_linear=0
shrinkage=1


Tree=1
num_leaves=31
num_cat=0
split_feature=4 13 4 4 12 10 3 14 11 4 5 11 16 10 12 16 10 11 11 7 11 4 10 10 12 16 10 12 16 12
split_gain=121.69 42.3956 33.6749 20.5239 14.3389 11.9635 8.08179 6.0016 5.63007 4.70339 4.6201 5.59108 7.91449 4.30888 4.22486 4.20107 14.2883 4.82057 7.87508 5.48571 4.36508 3.87594 3.79415 4.24298 4.27832 3.44866 3.03983 8.65185 7.65919 7.12344
threshold=0.028353279289948363 49.655000686645515 0.043908847641844655 0.020382115810423648 -0.075828254732232245 -0.0018123893917819098 0.026820058528867045 0.032336920174311119 0.050492682028646547 0.065853665128995154 0.016600202842899269 -0.016802988211636779 0.0054824665461561404 0.0041080553382388816 -0.05023266322533259 0.028781819707504822 0.00040263484850655567 -0.023324980459216712 -0.029337465505850421 -0.0046284554381601497 -0.024572906939621272 0.0172495979740778 -0.0077272822899705487 -0.0021138824674655772 -0.05023266322533259 -0.035810410456525492 -0.008698781123315567 0.010183685907573794 0.023481214261224962 0.0094949171636059555
decision_type=2 2 2 2 2 2 2 2 2 2 2 2 2 2 2 2 2 2 2 2 2 2 2 2 2 2 2 2 2 2
left_child=3 2 10 21 5 -4 8 -5 9 -6 -2 12 13 22 -8 17 -17 18 -9 -20 -21 25 -12 24 -24 -1 -19 28 29 -28
right_child=1 -3 4 7 6 -7 14 15 -10 -11 11 -13 -14 -15 -16 16 -18 26 19 20 -22 -23 23 -25 -26 -27 27 -29 -30 -31
leaf_value=0.0004892079305060294 -6.2992491985678786e-06 0.0056804528017770656 0.0017017009745372747 -6.6615028144915365e-05 0.00090750494618294987 0.0006170209458365661 0.0017900419112892698 3.154662307114224e-05 -0.00015953277255795857 0.0017391412448308011 0.00040032893719683764 0.00029634798843690863 0.0021643730738439165 -1.9925711269845952e-05 0.0019020689805368325 -0.00018202031986723662 0.0012071806494243361 -0.00014669922849572354 0.0003663170296146804 0.00095860928595817947 0.00054864923756345698 -0.00016346491877156549 0.0014439870316831983 0.00033766158604017988 0.0010400981594655609 -0.00029860159856507886 0.00029575630524753921 -7.599074302399694e-05 0.0011915050480283719 0.0009060614867654745
leaf_weight=74 1495 63 115 14534 2002 83 40 418 162 474 742 7640 42 302 198 147 80 1515 175 74 51 10691 66 190 190 12451 715 1789 59 66
leaf_count=74 1495 63 115 14534 2002 83 40 418 162 474 742 7640 42 302 198 147 80 1515 175 74 51 10691 66 190 190 12451 715 1789 59 66
internal_value=-5.56234e-06 0.00407708 0.00388945 -0.00132111 0.00850032 0.0215152 0.00760431 -0.000130715 0.00680819 0.00739903 0.0025607 0.00298081 0.0057376 0.00513423 0.0164286 0.00134702 0.00799559 0.00103661 0.00481894 0.011 0.019 -0.00232728 0.0064899 0.0101345 0.0143359 -0.00292415 0.000381273 0.00140928 0.00559524 0.00428297
internal_weight=56643 13804 13741 42839 3074 198 2876 19623 2638 2476 10667 9172 1532 1490 238 5089 227 4862 718 300 125 23216 1188 446 256 12525 4144 2629 840 781
internal_count=56643 13804 13741 42839 3074 198 2876 19623 2638 2476 10667 9172 1532 1490 238 5089 227 4862 718 300 125 23216 1188 446 256 12525 4144 2629 840 781
is_linear=0
shrinkage=0.05


Tree=2
num_leaves=31
num_cat=0
split_feature=4 13 4 4 6 4 12 9 5 11 6 11 16 6 11 6 12 11 16 1 3 12 12 11 11 9 6 12 16 6
split_gain=111.872 40.1517 34.6207 19.136 10.0825 10.0109 7.7421 5.75944 5.01791 4.9483 4.92004 4.32374 8.09046 4.04909 4.0296 3.65076 2.95864 6.70132 5.65795 2.84949 2.84632 2.63664 4.9743 2.60981 3.15237 2.56748 2.37455 2.29507 3.47388 2.96077
threshold=0.028353279289948363 49.655000686645515 0.053412035385435104 0.018395387540757601 0.94493904124746253 0.039987601095102687 -0.080083523859072289 0.33901877402127517 0.014055900104957638 0.045591132552592513 -0.11068953624086024 -0.023324980459216712 -0.011090913172594473 0.65361952481111396 0.057592518437268987 -0.020125861263443259 -0.075828254732232245 -0.040606280288626444 -0.025601212369674161 -0.049292152188262543 0.026820058528867045 -0.043864369041982591 -0.049048441539310476 -0.029337465505850421 -0.028866681392767265 0.2746414414860166 -0.60776449169009583 -0.075828254732232245 -0.024234057275211714 1.6510211679565272
decision_type=2 2 2 2 2 2 2 10 2 2 2 2 2 2 2 2 2 2 2 2 2 2 2 2 2 10 2 2 2 2
left_child=3 2 5 13 8 11 10 14 -5 27 -4 12 16 -1 20 -13 17 -2 -19 -9 26 22 -17 -18 -25 -23 -8 -7 -29 -30
right_child=1 -3 6 4 -6 9 7 19 -10 -11 -12 15 -14 -15 -16 21 23 18 -20 -21 -22 25 -24 24 -26 -27 -28 28 29 -31
leaf_value=-0.000299726163588227 1.7060911504113564e-05 0.0056921960296592335 0.0014637501113909527 -0.00015537182008628405 0.00013651429011069969 0.00077624685224395203 0.00051198442679667173 0.0029836414071174808 -9.0895890907511795e-06 -0.0002521514027570908 0.0018325381486694195 9.7340320709943167e-05 0.0014466693077586246 -0.00014005365061757214 -0.00039321526651043653 0.00035485230169565068 -3.5491628089636896e-05 0.0010165770794931563 0.00039528971720188301 0.0021488568933400731 0.0016077356244181091 0.00024310156994743109 0.00070222425713285797 0.0013079761073532768 0.00024247252631256464 0.00045681660995711165 0.0013878377798844208 4.6103475068862737e-05 0.00071576372576855724 0.0013604845100293949
leaf_weight=13251 98 59 64 12057 4336 128 243 109 9882 173 42 5272 61 3337 66 142 342 58 42 319 97 2681 67 43 281 484 598 282 1915 162
leaf_count=13251 98 59 64 12057 4336 128 243 109 9882 173 42 5272 61 3337 66 142 342 58 42 319 97 2681 67 43 281 484 598 282 1915 162
internal_value=-6.97654e-05 0.00384076 0.00366439 -0.00133134 -0.000491914 0.00277532 0.0107347 0.00976955 -0.000927345 0.00548872 0.0237736 0.00202121 0.00527027 -0.00266096 0.0076992 0.00167361 0.00402778 0.00939394 0.0185 0.0146262 0.00853944 0.00295791 0.00839713 0.00243243 0.00564815 0.00259873 0.00760404 0.0060575 0.00570369 0.00641069
internal_weight=56691 13828 13769 42863 26275 12231 1538 1432 21939 2660 106 9571 925 16588 1004 8646 864 198 100 428 938 3374 209 666 324 3165 841 2487 2359 2077
internal_count=56691 13828 13769 42863 26275 12231 1538 1432 21939 2660 106 9571 925 16588 1004 8646 864 198 100 428 938 3374 209 666 324 3165 841 2487 2359 2077
is_linear=0
shrinkage=0.05


Tree=3
num_leaves=31
num_cat=0
split_feature=13 9 13 13 3 7 6 14 9 0 13 0 13 16 16 10 12 12 11 16 11 6 12 10 9 3 11 12 11 11
split_gain=59.4687 25.1537 24.3009 21.6561 15.2128 14.2122 12.1665 9.02065 5.79285 5.6541 5.65394 5.17179 5.48248 4.60353 11.195 4.82771 4.20224 3.84118 3.73714 3.7295 14.6752 4.57386 3.66277 3.57548 6.20856 3.35217 4.03274 3.29304 4.24321 4.74267
threshold=49.655000686645515 0.45989064624733295 25.505000114440922 25.960000038146976 0.0093359845163492067 -0.075101755450935823 -0.029147984420140469 -0.069744182185856193 -0.16454996082373083 -0.0079613511484742366 17.860000610351566 0.016911883302172751 14.675000190734865 -0.017484650425826916 -0.02788603991289795 -0.0067260257632843481 -0.080083523859072289 -0.067575667738432196 -0.016025837962929442 -0.014050727292984342 -0.023324980459216712 1.8180203462281834 -0.057938720016513449 -0.015857529403489442 0.0068028228592513793 -0.018130902170742754 -0.012158378238136978 -0.0075921300584320664 -0.023324980459216712 -0.023775986944761848
decision_type=2 10 2 2 2 2 2 2 10 2 2 2 2 2 2 2 2 2 2 2 2 2 2 2 10 2 2 2 2 2
left_child=1 2 5 8 9 22 11 -6 -4 13 23 12 -7 14 15 -5 -14 -9 -3 27 -21 -22 -1 24 -8 26 -18 -12 29 -29
right_child=-2 18 3 4 7 6 10 17 -10 -11 19 -13 16 -15 -16 -17 25 -19 -20 20 21 -23 -24 -25 -26 -27 -28 28 -30 -31
leaf_value=0.0011410832267862235 0.0045548056129541331 0.0017867817607754605 0.00041637562642205314 -0.0001514903614245531 5.1114508323244979e-05 -0.00026754399494678752 -0.00062967835693720565 0.0015033882426082868 0.0020394851742633973 -0.00012485090145197155 -0.00019175995483818647 7.8527367826725257e-05 0.00050477083818614872 -0.00013947319026846351 0.00070163033953127242 0.00051992370425160467 0.0010122321997143172 0.00068976413368076529 0.0008078744684219722 0.0013312785752300482 0.00012426258375228778 0.0004616068612749854 0.00045300474833666966 -4.0711006107112161e-05 0.0007112242821715885 -0.00010817334818326672 8.0348323511720705e-05 0.00030294640005392365 -6.8350151405332276e-05 0.0029191864766771884
leaf_weight=48 73 81 73 330 115 8284 41 145 60 767 1278 2448 109 299 193 174 52 133 965 136 3366 759 1420 14005 42 19989 188 334 753 40
leaf_count=48 73 81 73 330 115 8284 41 145 60 767 1278 2448 109 299 193 174 52 133 965 136 3366 759 1420 14005 42 19989 188 334 753 40
internal_value=-9.96485e-05 -0.000157788 -0.000302353 0.00474224 0.00353432 -0.000519028 -0.000656454 0.01243 0.0243233 0.00155133 0.000280909 -0.00128259 -0.00147125 0.00403614 0.00626255 0.00234127 -0.0010296 0.0173022 0.0075239 0.00148065 0.00236916 0.00183636 0.00433242 -0.00028677 0.0100602 -0.00108236 0.00479167 -9.35563e-05 0.00187666 0.00622995
internal_weight=56700 56627 55581 2289 2156 53292 51824 393 133 1763 20754 31070 28622 996 697 504 20338 278 1046 6666 4261 4125 1468 14088 83 20229 240 2405 1127 374
internal_count=56700 56627 55581 2289 2156 53292 51824 393 133 1763 20754 31070 28622 996 697 504 20338 278 1046 6666 4261 4125 1468 14088 83 20229 240 2405 1127 374
is_linear=0
shrinkage=0.05


Tree=4
num_leaves=31
num_cat=0
split_feature=5 13 4 4 4 6 16 6 15 14 16 14 16 14 15 7 3 2 8 3 13 15 13 6 13 3 9 1 13 5
split_gain=95.4285 45.4349 29.6366 14.6832 10.7408 7.47649 5.19057 4.41741 3.85121 3.47058 4.19805 3.34543 17.3014 3.21081 3.14009 4.36364 2.9587 3.70388 2.91296 3.34853 2.86959 4.38506 3.88886 2.90141 2.72536 2.90175 2.5364 2.52213 2.48833 2.46969
threshold=0.016743263827957686 49.655000686645515 0.039987601095102687 0.018780107163439173 0.065853665128995154 0.0094638520462670492 0.055781048220837522 0.0094638520462670492 -0.0048236107122426866 0.03406338940495391 0.030338515801458969 0.049298283120689408 0.028781819707504822 -0.0052640766517011986 -0.0051566582563934418 0.042271577490401231 0.01115964492925159 -0.027112769399496913 -0.12822476066184788 0.020773322683603105 30.345000267028812 -0.014149653220087153 38.065000534057624 1.504098609434841 20.555000305175785 -0.00301870441313784 -0.032293347699949786 -0.00718966772354973 18.105000495910648 0.014179446486901809
decision_type=2 2 2 2 2 2 2 2 2 2 2 2 2 2 2 2 2 2 10 2 2 2 2 2 2 2 8 2 2 2
left_child=3 2 8 7 6 9 13 -1 14 -5 -11 -10 28 18 20 27 -15 -18 24 -20 23 22 -22 -2 25 -4 -21 -16 -13 -7
right_child=1 -3 4 5 -6 29 -8 -9 11 10 -12 12 -14 16 15 -17 17 -19 19 26 21 -23 -24 -25 -26 -27 -28 -29 -30 -31
leaf_value=-0.00028670869745248514 0.0002386495140470609 0.0045579000504813588 0.001421154184437479 -0.00017067570658373061 0.0020050803990610522 -7.6926105388372232e-06 -0.00020954823171587925 -0.0001566266800084551 9.5534210685018162e-05 -1.8353166942478977e-05 0.00090380934835960179 0.00050185003176408114 0.0019737843756134649 0.00085211950482913805 0.00066344107759222721 0.0011425909130661051 0.0018183879039068989 0.00094117451621084525 0.00038984370762615295 0.00079147122306239849 0.0011651826040754766 -0.00014284347912482364 0.00049304245478667724 0.00062595214302502416 0.00042172003329350461 0.0005940105154117652 0.0004281977551180221 -9.7383089179435672e-05 -9.0473717607150012e-05 0.00012542308187459556
leaf_weight=10957 2272 65 74 10547 662 5974 170 6865 7340 3233 88 361 46 1358 63 44 73 109 1358 54 49 54 57 271 97 96 145 69 276 3720
leaf_count=10957 2272 65 74 10547 662 5974 170 6865 7340 3233 88 361 46 1358 63 44 73 109 1358 54 49 54 57 271 97 96 145 69 276 3720
internal_value=-0.000106727 0.00328662 0.00310703 -0.00135004 0.00667779 -0.000530941 0.00558291 -0.00243295 0.00173271 -0.0012756 0.000133995 0.00116976 0.00451684 0.00601367 0.00330149 0.00977273 0.0076948 0.0136813 0.0045943 0.00376686 0.00288013 0.009375 0.015283 0.00247149 0.00941947 0.0132353 0.00982412 0.00522727 0.00237833 0.00053435
internal_weight=56547 15163 15098 41384 4196 23562 3534 17822 10902 13868 3321 8023 683 3364 2879 176 1540 182 1824 1557 2703 160 106 2543 267 170 199 132 637 9694
internal_count=56547 15163 15098 41384 4196 23562 3534 17822 10902 13868 3321 8023 683 3364 2879 176 1540 182 1824 1557 2703 160 106 2543 267 170 199 132 637 9694
is_linear=0
shrinkage=0.05


Tree=5
num_leaves=31
num_cat=0
split_feature=4 12 4 10 3 4 5 11 5 6 6 6 10 16 15 15 6 15 5 12 5 12 12 3 9 5 3 15 15 4
split_gain=84.7088 29.5643 17.6094 17.0509 16.3541 13.8092 10.286 7.14647 7.64168 6.27089 4.61591 3.81549 3.74918 3.58066 3.54962 6.14522 2.87644 3.30316 2.70325 2.61701 3.16778 2.93359 3.7837 5.34405 3.18972 2.60561 2.59477 2.52389 3.05625 2.27221
threshold=0.027063557955685606 -0.075828254732232245 0.039987601095102687 -0.0018123893917819098 0.016751533547493151 0.018395387540757601 0.028910178635249018 0.050492682028646547 0.036312053764169828 0.91938141323550904 0.21794355672668886 2.0283569077119439 -0.0033501025601940788 0.046738073164561141 -0.018730419806015638 -0.021715650796061577 -0.10136063567506405 0.012801652039235891 0.01377648834828323 -0.036045900478668118 0.016743263827957686 -0.02731436709478002 -0.028754202463148134 -0.0014421797550945301 -0.17998005820477811 0.031337618424153342 0.031646366991630044 0.009228690588452328 0.0070853510662165506 0.034199631256481559
decision_type=2 2 2 2 2 2 2 2 2 2 2 2 2 2 2 2 2 2 2 2 2 2 2 2 10 2 2 2 2 2
left_child=5 3 10 4 6 11 12 8 13 18 19 14 29 16 15 -1 -4 -18 -7 -3 -21 22 24 -24 -22 -5 -10 28 -12 -2
right_child=1 2 7 25 -6 9 -8 -9 26 -11 27 -13 -14 -15 -16 -17 17 -19 -20 20 21 -23 23 -25 -26 -27 -28 -29 -30 -31
leaf_value=-0.00049069144788981207 0.00012846589064015819 -0.00015566794241819336 0.00037926580322257439 -2.9547530152758082e-05 0.0039496688288731601 -0.00013655620437835555 0.0019667950205426374 -0.00024339672074241708 0.0014901361821843036 0.0001083569525278086 0.00033045974177122741 6.6370285221070981e-05 0.00089257776488771466 0.0017651742767207477 -0.00025492412286245005 0.00056812502524165637 0.00084479228945766858 -0.00010602396700476287 -2.9469344641899246e-05 -6.4300072822195056e-05 0.00039487713727549552 0.00018198380661948703 0.0018388217800824663 0.00065636843839091499 -0.00046143977361303053 0.0010698641433118817 0.0025157490101889563 6.184055365763038e-05 0.00078541053434727113 0.00065795899185916971
leaf_weight=113 102 929 1614 174 68 10919 66 226 657 4060 2599 929 40 56 15388 97 1156 144 9097 1572 69 4947 40 56 111 40 79 831 311 129
leaf_count=113 102 929 1614 174 68 10919 66 226 657 4060 2599 929 40 56 15388 97 1156 144 9097 1572 69 4947 40 56 111 40 79 831 311 129
internal_value=-0.000134143 0.00294518 0.00251445 0.0136591 0.0196914 -0.00134879 0.015178 0.00540183 0.00592822 -0.000584816 0.0015242 -0.00246173 0.0108672 0.00479798 -0.00264714 0.00380952 0.00455731 0.00630769 -0.000948243 0.000825996 0.0011663 0.00175857 0.00677536 0.0147917 0.0025 0.00224299 0.0104891 0.00296578 0.00365979 0.00841991
internal_weight=56619 16016 15397 619 405 40603 337 3932 3706 24076 11465 16527 271 2970 15598 210 2914 1300 20016 7724 6795 5223 276 96 180 214 736 3741 2910 231
internal_count=56619 16016 15397 619 405 40603 337 3932 3706 24076 11465 16527 271 2970 15598 210 2914 1300 20016 7724 6795 5223 276 96 180 214 736 3741 2910 231
is_linear=0
shrinkage=0.05


Tree=6
num_leaves=31
num_cat=0
split_feature=4 13 4 4 4 14 15 15 10 11 14 11 14 10 12 11 12 16 11 11 9 14 11 6 6 16 12 9 6 14
split_gain=76.9416 43.8975 22.3099 14.1909 6.47967 5.25176 7.13174 8.97814 7.47796 6.18912 6.04502 6.26287 5.94233 4.63362 5.92693 4.40237 9.6796 5.0917 4.36961 4.22783 3.58101 3.56985 3.64804 3.55601 3.53681 3.3945 3.30204 4.32372 3.86589 3.2043
threshold=0.027063557955685606 49.655000686645515 0.053412035385435104 0.017950539487318128 0.038401122350272258 0.003286853869637119 0.0070853510662165506 0.0071752468115410259 -0.0040208164286187889 0.041951569626952907 0.005094684764536229 0.0015109645581827815 0.028971532531295811 0.0097813689892826145 0.025773560897990992 -0.023324980459216712 0.051247552608074794 0.0021907572533382829 0.057592518437268987 0.045591132552592513 0.14158594066801691 0.031770832380203846 0.032599070140324489 1.6510211679565272 0.0094638520462670492 0.0080645022747810619 -0.080083523859072289 0.33901877402127517 -0.18541728861881371 -0.12096344977185801
decision_type=2 2 2 2 2 2 2 2 2 2 2 2 2 2 2 2 2 2 2 2 8 2 2 2 2 2 2 8 2 2
left_child=3 2 4 24 21 29 9 -8 -9 10 11 -7 13 14 -10 16 17 -12 26 23 -15 -2 -23 -6 -1 -13 28 -28 -4 -5
right_child=1 -3 18 5 19 6 7 8 12 -11 15 25 -14 20 -16 -17 -18 -19 -20 -21 -22 22 -24 -25 -26 -27 27 -29 -30 -31
leaf_value=-0.00028126463594528047 9.1242274279393704e-05 0.0042174363910199289 0.0011963807287403306 0.00016165322977076599 0.00047727948977063935 0.00082565755317705368 0.0010888743775793156 0.00077142473587695349 0.00056183075186110986 0.00083862303290192374 6.1739193679260007e-05 -0.00041243162527776326 -0.00026903446531730528 0.0017313816231022999 -0.00027538842640741502 -8.3299936283533996e-05 0.00034829546250175525 0.00052057505716186347 -0.00052978149006066479 -0.00024053399550486821 0.00010726550180854358 0.00023269438196475193 0.0015705176694606187 0.0010706979510448035 -0.00016104374202907375 0.00051336273560075084 0.00091942776312481812 0.0019515749558014482 0.0011826068769191073 -0.00014376502336247958
leaf_weight=9236 8059 66 58 829 2848 119 76 132 191 68 1051 143 370 40 238 8335 42 57 66 221 43 2985 56 268 5749 49 835 540 41 13777
leaf_count=9236 8059 66 58 829 2848 119 76 132 191 68 1051 143 370 40 238 8335 42 57 66 221 43 2985 56 268 5749 49 835 540 41 13777
internal_value=-0.00013943 0.00279156 0.00262346 -0.00129917 0.00201323 -0.000582943 0.000244658 0.00408257 0.00284024 -0.000179442 -0.00028379 0.00657556 0.00117914 0.00466797 0.00257576 -0.000508699 0.0023913 0.00149819 0.00834415 0.00394516 0.0154819 0.00143243 0.00289214 0.00441913 -0.00252086 0.000989582 0.00890773 0.00827273 0.0177273 -0.00120362
internal_weight=56588 16043 15977 40545 14437 25560 10954 1090 1014 9864 9796 311 882 512 429 9485 1150 1108 1540 3337 83 11100 3041 3116 14985 192 1474 1375 99 14606
internal_count=56588 16043 15977 40545 14437 25560 10954 1090 1014 9864 9796 311 882 512 429 9485 1150 1108 1540 3337 83 11100 3041 3116 14985 192 1474 1375 99 14606
is_linear=0
shrinkage=0.05


Tree=7
num_leaves=31
num_cat=0
split_feature=5 12 5 10 3 4 3 2 10 4 14 11 11 11 11 14 15 11 11 12 15 10 3 9 12 11 12 14 1 0
split_gain=68.5568 25.224 18.6231 14.8934 13.7405 11.3494 6.79175 5.96982 5.77547 5.0807 4.99718 5.17335 5.12236 7.48148 4.28395 3.75744 4.20083 8.21552 4.83745 9.04333 4.82315 5.20148 4.17219 4.06368 3.65861 5.10563 5.03921 4.87898 3.66696 3.62595
threshold=0.016125472939987829 -0.075828254732232245 0.025399709343166058 -0.0018123893917819098 0.016751533547493151 0.018780107163439173 0.026820058528867045 -0.060892543723874697 -0.029463617054616639 0.072920696456693065 0.031770832380203846 0.032599070140324489 -0.023324980459216712 -0.029337465505850421 0.032599070140324489 0.0012326341754252958 0.0070853510662165506 0.041951569626952907 -0.023324980459216712 0.0011335469917099774 0.0074072805227121128 -0.0040208164286187889 -0.0074641923554142888 0.15424740529783335 -0.0075921300584320664 0.013766768537239795 0.010183685907573794 0.058009640559056781 -0.015765100037965493 -0.013095642551632423
decision_type=2 2 2 2 2 2 2 2 2 2 2 2 2 2 2 2 2 2 2 2 2 2 2 8 2 2 2 2 2 2
left_child=5 3 10 4 7 -1 9 8 -2 14 -3 12 13 -12 -4 -7 17 18 19 -17 23 -22 -21 -18 -14 26 27 28 -26 -10
right_child=1 2 6 -5 -6 15 -8 -9 29 -11 11 -13 24 -15 -16 16 20 -19 -20 22 21 -23 -24 -25 25 -27 -28 -29 -30 -31
leaf_value=-0.00020381152377293681 0.00016607761391755071 7.9029529856589246e-05 0.00065331383960758797 0.00018150096952456008 0.0038536799121109671 -0.00011113768725818389 0.0014977697896841966 0.00025264576806473439 0.0016458813735733822 0.0017393931570758967 0.0001533531417571561 0.0015425550019731564 -6.1009691456302315e-05 0.0011257783722888406 -3.2619850620438006e-05 8.943322053220061e-05 0.0012217425407736683 0.00084919792754311859 -5.5627501771817362e-05 0.00089725085779703169 0.00065273102605551943 3.8174063568458844e-05 0.00041693801051341387 0.00026037656460793922 0.0015052765699408311 -0.00022759524416569234 0.00025782973902343425 0.00053339064628330683 0.0008433697059034575 0.00066296170699345922
leaf_weight=17862 45 9452 2566 206 67 12191 263 100 115 330 247 67 924 238 449 996 45 53 7396 82 110 668 69 56 40 426 1116 290 128 59
leaf_count=17862 45 9452 2566 206 67 12191 263 100 115 330 247 67 924 238 449 996 45 53 7396 82 110 668 69 56 40 426 1116 290 128 59
internal_value=-0.000131144 0.00251109 0.00214804 0.012652 0.0184456 -0.00127606 0.00532428 0.0141223 0.0187443 0.00471599 0.0012616 0.00288262 0.0026122 0.00737113 0.00407131 -0.000506786 0.000240104 -9.65577e-05 -0.000218309 0.00280296 0.00353242 0.00219794 0.0142053 0.0138119 0.00182284 0.003025 0.00433926 0.00875546 0.0155357 0.0228736
internal_weight=56656 17128 16536 592 386 39528 3608 319 219 3345 12928 3476 3409 485 3015 21666 9475 8596 8543 1147 879 778 151 101 2924 2000 1574 458 168 174
internal_count=56656 17128 16536 592 386 39528 3608 319 219 3345 12928 3476 3409 485 3015 21666 9475 8596 8543 1147 879 778 151 101 2924 2000 1574 458 168 174
is_linear=0
shrinkage=0.05


Tree=8
num_leaves=31
num_cat=0
split_feature=4 13 4 4 6 6 4 14 15 15 13 9 14 10 11 15 11 11 11 3 10 10 13 11 8 14 15 11 10 12
split_gain=66.7194 40.1845 18.1961 13.6546 5.14556 4.89252 4.76273 4.34937 4.12936 9.46783 4.51987 3.26317 3.08903 2.96819 5.26336 8.00616 2.89185 5.31914 3.4268 3.85141 2.91783 7.73246 4.20775 2.86228 2.83529 2.60871 2.49872 3.81151 4.04302 3.73263
threshold=0.028353279289948363 49.655000686645515 0.058112355217808269 0.020529766244333069 0.84688377326423481 -0.24698781990854804 0.041275350009349863 -0.016062326519559963 -0.018730419806015638 -0.021715650796061577 25.505000114440922 -0.26431113884813651 0.032336920174311119 0.0092344567550487495 0.025734816417073651 0.013053359281890222 -0.023324980459216712 -0.029337465505850421 -0.024572906939621272 -0.0016832352743708088 -0.001095493805140457 -0.00045044795983173452 18.719999313354496 0.057592518437268987 0.027363437745029476 -0.022343626602261631 -0.0048236107122426866 -0.023324980459216712 -0.0033501025601940788 0.029587850258833818
decision_type=2 2 2 2 2 2 2 2 2 2 2 10 2 2 2 2 2 2 2 2 2 2 2 2 8 2 2 2 2 2
left_child=3 2 6 5 12 -1 26 11 9 -7 13 -8 -5 -10 -15 25 17 -14 19 -19 -18 -22 -23 -4 -24 -16 27 28 -2 -29
right_child=1 -3 23 4 -6 8 7 -9 10 -11 -12 -13 16 14 15 -17 20 18 -20 -21 21 22 24 -25 -26 -27 -28 29 -30 -31
leaf_value=-0.00023831767795175039 0.00038141298071177202 0.0041027058679548719 0.0014052797426809217 -9.0525785856629016e-05 0.00014665217187059617 -0.00029924205512486818 0.00054996631706655502 0.00082515681746320613 -0.0001652364653025388 0.00074150999927083384 0.00039622693906694591 7.3632698712058822e-05 -4.4675230205852328e-05 -7.8377507949057041e-05 0.00093625438385684092 -0.00028762320559321989 -4.0408841073704732e-05 0.00063111014724061883 0.00023802236916400105 0.0006065639740781819 0.00094064836989224139 -3.2690305485947946e-05 0.00095011689801113505 -0.00060528895676234659 0.00011619249242003057 0.0008818297011783543 0.00013937389083890149 0.00011095684999470459 0.0010089185657830961 0.00047853051682905434
leaf_weight=11790 517 61 1072 11672 3510 160 206 1414 10168 129 61 1038 281 1234 57 92 2882 61 103 60 44 519 58 43 41 69 7090 1666 44 664
leaf_count=11790 517 61 1072 11672 3510 160 206 1414 10168 129 61 1038 281 1234 57 92 2882 61 103 60 44 519 58 43 41 69 7090 1666 44 664
internal_value=-0.000154562 0.00286826 0.00268867 -0.00112593 -0.00013546 -0.00192761 0.00214851 0.00402934 -0.00121554 0.00468858 -0.00136161 0.00187299 -0.000521915 -0.00143288 0.000681817 0.00784404 0.000668065 0.00420792 0.00995536 0.0156612 0.000163656 0.0031571 0.00171521 0.00881166 0.0111616 0.0160317 0.00164763 0.00288654 0.00658645 0.00199571
internal_weight=56806 13815 13754 42991 19231 23760 12639 2658 11970 289 11681 1244 15721 11620 1452 218 4049 505 224 121 3544 662 618 1115 99 126 9981 2891 561 2330
internal_count=56806 13815 13754 42991 19231 23760 12639 2658 11970 289 11681 1244 15721 11620 1452 218 4049 505 224 121 3544 662 618 1115 99 126 9981 2891 561 2330
is_linear=0
shrinkage=0.05


Tree=9
num_leaves=31
num_cat=0
split_feature=5 13 5 6 4 4 5 11 14 16 12 10 6 12 16 16 12 16 11 11 14 11 12 3 15 10 13 11 3 11
split_gain=54.2603 37.9257 15.4917 8.33635 5.80473 4.58317 4.47951 3.68151 3.59718 3.55216 3.16498 5.57257 3.9521 2.96814 7.69133 3.513 3.31747 4.46273 4.17392 6.4955 2.8941 2.88981 5.6985 4.31901 2.87866 5.68174 2.86257 2.77214 2.62146 2.60977
threshold=0.015410649773337603 49.655000686645515 0.036312053764169828 0.0094638520462670492 0.038401122350272258 0.0172495979740778 0.011807133730316615 0.050492682028646547 0.031770832380203846 0.048929825341288209 -0.075828254732232245 -0.0018123893917819098 0.099427422959183345 0.048271173307768651 0.03785040487446268 -0.0051233360302229683 -0.0067439083526363843 0.023481214261224962 -0.023324980459216712 -0.029337465505850421 0.0012326341754252958 -0.017686145420045315 0.0033715078329863428 -0.0065835575588925601 -0.016247725666837017 -0.0042544588401209329 22.330000877380375 0.045591132552592513 0.0031147581656746364 -0.004952198143755914
decision_type=2 2 2 2 2 2 2 2 2 2 2 2 2 2 2 2 2 2 2 2 2 2 2 2 2 2 2 2 2 2
left_child=3 2 4 5 8 -1 -5 9 24 10 11 -6 26 14 16 -15 18 29 19 -10 -7 22 -22 -24 25 -2 -12 -4 -14 -18
right_child=1 -3 27 6 7 20 -8 -9 13 -11 12 -13 28 15 -16 -17 17 -19 -20 -21 21 -23 23 -25 -26 -27 -28 -29 -30 -31
leaf_value=-0.00025204594398877674 -0.00098607077155280225 0.0036063508959139888 0.0013508510707030434 -0.0001314635329172242 0.0010672795983917376 -0.00018840057435343493 3.8243034067941386e-05 -0.00024932110075367672 8.0379499745784127e-05 0.0019412757486657673 0.00036143442593837403 2.5691406169622714e-05 0.00054880606239718257 0.00049834653064072373 0.0015363154593896714 -0.00051648311022289221 0.00043518842176562929 0.0010631674555065624 -6.7713786025498684e-05 0.001103988792677601 -3.8352135336957815e-05 -9.3157949194776668e-05 0.00075876362578637419 0.00025060376706082308 4.7031054769941502e-05 0.0010116910630127084 -0.00013589927144377063 -0.00028783071213006936 0.00082085669794649337 0.0002080227027602904
leaf_weight=7700 46 62 782 7663 122 8261 7215 197 270 41 1733 96 765 121 49 454 625 91 1050 129 699 5182 43 201 10554 54 542 79 492 1172
leaf_count=7700 46 62 782 7663 122 8261 7215 197 270 41 1733 96 765 121 49 454 625 91 1050 129 699 5182 43 201 10554 54 542 79 492 1172
internal_value=-0.000208003 0.0019241 0.00179973 -0.00133427 0.00149626 -0.00195056 -0.000419412 0.00318706 0.00103489 0.00353337 0.00337333 0.00922018 0.00301246 0.00232138 0.00288541 -0.001 0.00259664 0.00397775 0.0007971 0.00515037 -0.00142361 -0.000600001 0.00194592 0.00852459 0.000556597 0.009 0.00176923 0.00835656 0.00526253 0.00343072
internal_weight=56490 19526 19464 36964 18603 22086 14878 3988 14615 3791 3750 218 3532 3961 3386 575 3337 1888 1449 399 14386 6125 943 244 10654 100 2275 861 1257 1797
internal_count=56490 19526 19464 36964 18603 22086 14878 3988 14615 3791 3750 218 3532 3961 3386 575 3337 1888 1449 399 14386 6125 943 244 10654 100 2275 861 1257 1797
is_linear=0
shrinkage=0.05


Tree=10
num_leaves=31
num_cat=0
split_feature=4 12 10 3 5 4 5 4 6 6 3 16 3 6 3 14 14 6 14 14 12 6 12 11 8 9 16 6 10 14
split_gain=53.5788 16.4341 12.9162 13.6746 10.6759 9.43117 5.55499 4.9328 4.61975 4.183 3.80555 3.56078 3.38017 3.33929 3.20684 2.92676 2.92289 2.76676 2.58867 2.65034 2.57554 2.92885 2.33602 3.63471 5.17454 2.26359 2.73587 2.52016 2.18904 3.68609
threshold=0.027063557955685606 -0.075828254732232245 -0.0018123893917819098 0.016751533547493151 0.026351588610161097 0.018395387540757601 0.028331889830723187 0.086987946903920768 -0.020125861263443259 0.94493904124746253 0.031646366991630044 0.033739286979208701 0.0049871900633562402 -0.092210433431141575 0.0028630987649350685 0.0012326341754252958 0.031770832380203846 0.36663008520432655 -0.035510202905524417 -0.035714459440522088 0.068159517790255988 0.088125431023651404 0.0020578799164406862 -0.017686145420045315 0.028732952182623953 -0.047472118762769792 0.012890216024060932 -0.38106075972724596 0.015549884952093642 -0.12096344977185801
decision_type=2 2 2 2 2 2 2 2 2 2 2 2 2 2 2 2 2 2 2 2 2 2 2 2 10 8 2 2 2 2
left_child=5 2 3 6 8 13 12 10 22 15 11 14 -2 -1 -6 18 -10 -12 19 28 21 -16 -3 24 -24 26 -17 -28 29 -7
right_child=1 4 -4 -5 7 9 -8 -9 16 -11 17 -13 -14 -15 20 25 -18 -19 -20 -21 -22 -23 23 -25 -26 -27 27 -29 -30 -31
leaf_value=-0.00023113238398841799 0.00020672683000460304 -6.034457718343938e-05 2.7807969059846229e-05 0.0034454676844147647 0.0004552105086838303 0.00036970494230765811 0.0020194293127430269 0.0021815236843695687 0.00018019274345260365 8.9222018000154245e-05 0.00076753834971084699 -6.1078748773178159e-05 0.00079250761872114671 -0.0001263555736833945 0.00064998932017719629 4.815918664700735e-05 0.00042818729888779127 0.0012278062379980502 -0.00019837637687404532 0.00033483297694067205 0.0013806288309151193 0.0012942659668979993 0.00010518590185487479 0.00010672116545788148 0.0015527627774808426 -3.8113375604031973e-05 0.00025371176033412351 0.00060790280653816656 -0.00030598856949677188 -7.7898997588300072e-05
leaf_weight=9406 188 3049 215 72 1453 402 72 191 3536 3946 60 440 67 7149 567 1004 1544 97 5833 83 63 269 74 4098 44 7555 124 124 652 4323
leaf_count=9406 188 3049 215 72 1453 402 72 191 3536 3946 60 440 67 7149 567 1004 1544 97 5833 83 63 269 74 4098 44 7555 124 124 652 4323
internal_value=-0.000235451 0.00220542 0.010228 0.0155514 0.00188731 -0.0012033 0.0112079 0.00449044 0.00122519 -0.00057099 0.0039861 0.00356017 0.0077451 -0.00212172 0.00433248 -0.000863185 0.00238189 0.0115605 -0.001396 -0.000613554 0.00667964 0.00594497 0.000416379 0.00117884 0.00983051 -0.000179972 0.00178914 0.00649193 -0.00075042 -0.000375663
internal_weight=56700 16099 614 399 15485 40601 327 3140 12345 24046 2949 2792 255 16555 2352 20100 5080 157 11293 5460 899 836 7265 4216 118 8807 1252 248 5377 4725
internal_count=56700 16099 614 399 15485 40601 327 3140 12345 24046 2949 2792 255 16555 2352 20100 5080 157 11293 5460 899 836 7265 4216 118 8807 1252 248 5377 4725
is_linear=0
shrinkage=0.05


Tree=11
num_leaves=31
num_cat=0
split_feature=5 12 10 5 4 8 10 11 16 6 5 10 6 6 12 9 10 15 15 9 9 8 11 10 16 10 10 15 15 16
split_gain=46.0502 13.7545 11.0858 10.6566 8.42147 6.87639 8.89679 4.75311 5.67636 4.3047 3.89592 3.52015 3.32589 3.25453 2.91341 2.84569 2.78184 2.39334 5.22971 2.26844 2.18978 2.13092 2.833 2.12587 5.37281 6.35437 5.89033 2.07515 2.05679 2.6826
threshold=0.01748960386802478 -0.075828254732232245 -0.0018123893917819098 0.011846398591363124 0.038401122350272258 -0.095035402960240586 -0.015857529403489442 0.045591132552592513 0.047257899490740669 0.94493904124746253 0.042841664819657656 -0.010966438049946124 -0.083680564651139086 -0.03823096891922164 -0.017626690580154977 0.05670809547798273 -0.0066340831111581502 -0.018730419806015638 -0.021715650796061577 0.38692684712662989 -0.047472118762769792 -0.010022826370204295 0.0019507680783907857 0.00044089291237869871 0.011310475089925888 -0.0012922335739780075 -0.00045044795983173452 -0.0122735069916704 0.010818930281963681 0.030836000626610741
decision_type=2 2 2 2 2 10 2 2 2 2 2 2 2 2 2 8 2 2 2 8 8 10 2 2 2 2 2 2 2 2
left_child=3 2 5 12 13 6 -2 8 10 20 14 -8 -1 -3 19 -7 21 18 -14 -6 23 -16 -23 24 -5 -26 -27 -21 -19 -30
right_child=1 4 -4 9 7 15 11 -9 -10 -11 -12 -13 17 -15 16 -17 -18 28 -20 27 -22 22 -24 -25 25 26 -28 -29 29 -31
leaf_value=-0.00020842003803098137 0.00099618728133047687 3.6328465512589944e-05 5.5841265682740127e-05 5.2415167400766147e-05 6.2376128653117768e-05 0.00021090296339992994 0.0038972165320575788 -0.00021949083505894444 0.0020019511622971719 0.00010416277801979972 0.0017839766614319416 0.0009938807523833435 -0.00037339636500426386 0.00027776325519514712 0.00079472530854573587 0.0010272862148850914 0.00054861553787595343 -0.00014478443410836285 0.00059527115789782955 -0.00033512325672780221 -7.7313700116527032e-05 0.0014192664662812185 0.00053503347819046842 -5.6470039392076562e-05 9.6062862228226591e-05 0.0021582344740823092 0.00038471230650864046 0.00061641901472891947 0.00014052674907986474 -0.0004549656989865313
leaf_weight=10228 59 4834 181 1192 960 116 56 364 50 4012 378 48 111 3062 221 48 2191 7258 82 41 17872 116 51 1663 141 43 64 163 817 222
leaf_count=10228 59 4834 181 1192 960 116 56 364 50 4012 378 48 111 3062 221 48 2191 7258 82 41 17872 116 51 1663 141 43 64 163 817 222
internal_value=-0.000231623 0.00238851 0.0104528 -0.00100732 0.00205896 0.015948 0.0232209 0.00377618 0.00425437 -0.000331574 0.0040512 0.0320192 -0.00190939 0.00107269 0.00356265 0.00871951 0.0044998 -0.00117786 0.00432642 0.00148625 -0.000618595 0.00840206 0.0126647 0.000607475 0.00201389 0.00870968 0.0178972 0.00627451 -0.00130589 0.000774782
internal_weight=56644 12939 508 43705 12431 327 163 4535 4171 24987 4121 104 18718 7896 3743 164 2579 8490 193 1164 20975 388 167 3103 1440 248 107 204 8297 1039
internal_count=56644 12939 508 43705 12431 327 163 4535 4171 24987 4121 104 18718 7896 3743 164 2579 8490 193 1164 20975 388 167 3103 1440 248 107 204 8297 1039
is_linear=0
shrinkage=0.05


Tree=12
num_leaves=31
num_cat=0
split_feature=5 13 5 4 6 6 15 4 10 10 11 13 13 15 1 6 15 9 16 13 10 6 16 16 5 11 11 13 13 10
split_gain=39.271 30.5817 11.4109 8.97204 4.41228 4.18553 3.57205 3.21751 2.87314 3.48763 3.50662 3.86657 3.43215 3.29636 3.42886 3.27682 2.6719 2.66634 2.63053 2.61399 3.86075 2.47105 3.25914 2.69657 2.12762 2.23303 3.83522 2.1022 9.61819 2.63725
threshold=0.018046382581093125 49.655000686645515 0.012751041814767836 0.058112355217808269 1.7640450128487062 0.088125431023651404 -0.0046719615408746243 0.015444348045290253 -0.0080075865289204722 -0.0066340831111581502 -0.024572906939621272 23.694999694824222 17.914999961853031 -0.011539962974196181 0.048175978210731392 -0.066921205064334494 -0.0070211550317207374 0.35270639099422957 -0.031384067536779851 28.970000267028812 0.025743620792394565 0.26736477260569941 0.032506948615486982 0.026905203679166049 0.025399709343166058 0.022655282977909755 0.021151799211171721 25.505000114440922 26.85000038146973 -0.020247537407416468
decision_type=2 2 2 2 2 2 2 2 2 2 2 2 2 2 2 2 2 10 2 2 2 2 2 2 2 2 2 2 2 2
left_child=2 3 4 6 7 27 8 18 15 -10 -11 12 -12 -14 -15 -2 -6 -17 -1 20 24 23 -23 -5 -8 26 -26 29 -29 -4
right_child=1 -3 5 21 16 -7 19 -9 9 10 11 -13 13 14 -16 17 -18 -19 -20 -21 -22 22 -24 -25 25 -27 -28 28 -30 -31
leaf_value=0.00026139358915683541 -5.8118589754203597e-05 0.0034932004832070301 0.00034939896041192908 0.00081192413181190829 0.00027831012125795321 8.1879488415318247e-05 9.7177964897349786e-05 -0.0001222392866215588 0.00083097677352844592 0.0010609495449900033 0.00036063727716855018 -0.00065632530416824325 0.00022658550946722152 0.00081535393620052032 5.4121603748797375e-05 0.00038100572387629508 -1.4594894909812219e-05 0.0015376384731982818 -0.00026768950219899207 -0.0003364577924960766 0.00071133581424020261 0.0014501795076716693 0.0021794604363694031 -0.00031674400227982356 0.00044615025732437234 -3.641365155116385e-05 0.00073618485954052933 0.001007518876087754 -0.00018018087581877728 -6.8799918824646118e-05
leaf_weight=73 751 53 51 646 374 7492 5321 16115 169 57 672 164 120 218 57 607 1490 42 6084 279 53 296 43 125 1237 523 76 89 270 12937
leaf_count=73 751 53 51 646 374 7492 5321 16115 169 57 672 164 120 218 57 607 1490 42 6084 279 53 296 43 125 1237 523 76 89 270 12937
internal_value=-0.000216346 0.00238987 -0.00088327 0.00221456 -0.0016233 -2.61541e-05 0.00175623 -0.00181888 0.00326041 0.00481469 0.00392857 0.00336718 0.00446579 0.00816456 0.0111818 0.00164286 0.000713518 0.00424499 -0.00279113 0.0011824 0.00136616 0.00648649 0.0100442 0.00492218 0.00126659 0.0027342 0.00383473 -0.000557055 0.00321727 -0.000661381
internal_weight=56484 11509 44975 11456 24136 20839 10346 22272 2857 1457 1288 1231 1067 395 275 1400 1864 649 6157 7489 7210 1110 339 771 7157 1836 1313 13347 359 12988
internal_count=56484 11509 44975 11456 24136 20839 10346 22272 2857 1457 1288 1231 1067 395 275 1400 1864 649 6157 7489 7210 1110 339 771 7157 1836 1313 13347 359 12988
is_linear=0
shrinkage=0.05


Tree=13
num_leaves=31
num_cat=0
split_feature=5 13 5 6 4 12 6 14 15 15 16 14 15 14 16 14 14 13 12 14 14 15 15 16 15 16 13 13 12 14
split_gain=37.5121 28.8609 8.47849 7.52599 6.15355 3.6382 3.86664 3.28814 3.69578 9.1515 4.82703 3.30815 3.28579 3.26169 7.51752 6.3558 3.31606 4.83602 2.93533 2.89719 2.73518 4.71681 7.30337 3.47475 2.611 3.87772 2.80404 3.48038 11.596 2.48213
threshold=0.016056886182640038 49.655000686645515 0.025399709343166058 1.8846115898938092 0.017501440415563691 -0.075828254732232245 0.11034765292028323 -1.0000000180025095e-35 0.0070853510662165506 0.0074072805227121128 0.047257899490740669 -0.037511825146214865 -0.0046719615408746243 0.038811658900465458 0.028781819707504822 0.052213768787031663 0.041854253665611248 14.765000343322756 -0.040334955259991249 -0.039689213075018263 0.020125848996620292 0.0070853510662165506 0.0076346777924891649 -0.031384067536779851 -0.016247725666837017 -0.0051233360302229683 22.330000877380375 21.724999427795414 0.0033715078329863428 0.005094684764536229
decision_type=2 2 2 2 2 2 2 2 2 2 2 2 2 2 2 2 2 2 2 2 2 2 2 2 2 2 2 2 2 2
left_child=3 2 13 4 20 12 -7 11 10 -10 29 19 -4 24 16 -16 17 -15 -13 -6 23 -22 -23 -1 25 -2 27 -26 -29 -9
right_child=1 -3 5 -5 7 6 -8 8 9 -11 -12 18 -14 14 15 -17 -18 -19 -20 -21 21 22 -24 -25 26 -27 -28 28 -30 -31
leaf_value=0.00051886864828735394 0.0010455919970962623 0.0031278987472558605 0.0011947299935598705 0.00012425459442835153 -8.627736295085191e-05 0.00026273545393174533 0.00098369292998422221 0.00017009897972867886 0.00080921970016365006 7.3331887956301633e-05 0.00078738914568083718 0.00037776954009720824 0.00037496540473089506 0.0016613735009772268 0.00013537123689809623 0.0014117046840668188 0.00014260547431857475 0.00028554637675146446 -0.00021762116823506152 0.00027616334543114593 -0.00013460473645622082 0.00072348019841869584 4.3051105485688142e-05 -0.00022268194360557008 7.752182786230565e-05 -0.00096290327718589845 -0.00015127045940619712 3.7982481756618149e-05 0.0023463828780215142 -5.4089551318920743e-05
leaf_weight=42 72 63 99 2775 5740 2397 1186 670 103 900 54 187 76 40 45 67 3006 152 6804 464 3510 55 255 8600 8545 43 1412 157 47 8896
leaf_count=42 72 63 99 2775 5740 2397 1186 670 103 900 54 187 76 40 45 67 3006 152 6804 464 3510 55 255 8600 8545 43 1412 157 47 8896
internal_value=-0.000234849 0.00169558 0.00157288 -0.00109525 -0.00128721 0.00367483 0.00333101 -0.000816191 -0.000161443 0.00272682 -0.000462579 -0.00134331 0.0107143 0.000991461 0.00235649 0.0150893 0.00191057 0.00828125 -0.00208912 -0.000502903 -0.00218745 -0.0010733 0.00483871 -0.00267994 0.00055177 0.00804348 0.00046698 0.000800662 0.0072549 -0.000546729
internal_weight=56462 17407 17344 39055 36280 3758 3583 23818 10623 1003 9620 13195 175 13586 3310 112 3198 192 6991 6204 12462 3820 310 8642 10276 115 10161 8749 204 9566
internal_count=56462 17407 17344 39055 36280 3758 3583 23818 10623 1003 9620 13195 175 13586 3310 112 3198 192 6991 6204 12462 3820 310 8642 10276 115 10161 8749 204 9566
is_linear=0
shrinkage=0.05


Tree=14
num_leaves=31
num_cat=0
split_feature=4 13 5 4 6 14 11 11 12 12 14 13 12 14 0 11 5 6 11 11 11 8 14 12 14 3 3 11 11 14
split_gain=30.9535 21.0923 9.9003 6.21136 3.5297 3.51812 17.1708 3.33797 5.77261 5.04795 6.58589 2.8367 2.44363 2.3857 2.36569 2.492 2.36377 2.26777 2.25529 2.22126 2.17232 2.06864 2.07533 3.40855 2.28337 2.39457 2.24449 2.03921 5.0695 3.27319
threshold=0.025391394075392402 49.655000686645515 0.032182212129585559 0.0172495979740778 0.028565608125939286 0.031770832380203846 0.041951569626952907 0.014627059991814352 -0.0067439083526363843 0.010183685907573794 0.042851800685698833 20.375000000000004 -0.075828254732232245 0.003286853869637119 -0.020368135534014727 -0.014137437602101231 0.023185717567163595 0.14530332860223491 0.035212880845506785 0.010325592829658616 0.034590351886677258 0.26283326683314817 0.049298283120689408 0.032942556438581912 0.075303566395644742 -0.0018120290115427593 -0.00046636353671131164 -0.023324980459216712 -0.029337465505850421 0.11365091649526195
decision_type=2 2 2 2 2 2 2 2 2 2 2 2 2 2 2 2 2 2 2 2 2 8 2 2 2 2 2 2 2 2
left_child=3 2 5 13 -5 16 7 8 27 10 19 14 -4 -1 15 -12 -2 -14 -18 -10 -15 22 -11 24 25 -24 -25 28 -7 -30
right_child=1 -3 12 4 -6 6 -8 -9 9 21 11 -13 17 20 -16 -17 18 -19 -20 -21 -22 -23 23 26 -26 -27 -28 -29 29 -31
leaf_value=-0.00021628124094384604 1.5619926243400952e-05 0.0025773539059652135 0.0010445524023156879 -9.9464816350583427e-05 5.5431130681120547e-06 2.0870203064870202e-05 0.0015388618225237302 -0.0002154245220858219 0.00076201365493094668 -7.497387384966704e-05 0.0016384463009872078 -4.3360630761765544e-05 0.00051742529940842184 -0.00011815181168250333 0.00064571470430285034 0.00037429625566069122 0.00029246291039912632 0.0015242305380505697 -0.00010665852242638141 0.0019767146711626147 0.00092497070713770831 -0.00033689094372012555 -0.00018099123904327498 0.00031340888026436297 -9.4468058532994604e-05 0.00047756904931495718 0.00098223268862718499 -6.7374160962632189e-05 0.00053637126777097055 0.0016539458607236401
leaf_weight=7025 10345 67 81 15080 9710 518 45 551 71 398 69 153 1009 5446 307 43 2098 455 436 41 61 124 100 226 350 192 124 1402 95 74
leaf_count=7025 10345 67 81 15080 9710 518 45 551 71 398 69 153 1009 5446 307 43 2098 455 436 41 61 124 100 226 350 192 124 1402 95 74
internal_value=-0.000298611 0.00132291 0.00122572 -0.00114035 -0.000681728 0.00089179 0.00203461 0.00174866 0.0022195 0.00400819 0.0075731 0.0054021 0.00506472 -0.00204756 0.00752983 0.01375 0.000458497 0.00459699 0.00182715 0.0186607 -0.00126839 0.00239762 0.00294964 0.00417339 0.00200934 0.00527397 0.00814286 0.000337481 0.00256914 0.0100888
internal_weight=56696 19374 19307 37322 24790 17762 4883 4838 4287 2198 684 572 1545 12532 419 112 12879 1464 2534 112 5507 1514 1390 992 642 292 350 2089 687 169
internal_count=56696 19374 19307 37322 24790 17762 4883 4838 4287 2198 684 572 1545 12532 419 112 12879 1464 2534 112 5507 1514 1390 992 642 292 350 2089 687 169
is_linear=0
shrinkage=0.05


Tree=15
num_leaves=31
num_cat=0
split_feature=5 13 4 5 14 16 10 9 15 11 14 16 13 13 16 12 12 14 11 12 15 10 10 15 13 14 14 10 14 16
split_gain=29.9609 21.6504 8.38014 6.59777 3.24372 5.79948 13.8875 5.10614 2.97114 7.74386 2.87263 4.44506 2.72583 4.42811 6.96104 3.41655 2.70545 2.63331 2.49794 5.2485 2.44371 3.39437 4.15221 3.54594 3.06834 3.10637 3.37928 2.40746 8.73461 6.24405
threshold=0.01748960386802478 49.655000686645515 0.018013319338106352 0.032182212129585559 0.03406338940495391 0.028781819707504822 0.00040263484850655567 0.123982939082268 -0.016247725666837017 -0.0038431021214298529 0.037142264963949019 0.027781697646025564 22.330000877380375 21.724999427795414 0.011310475089925888 0.12951747904648439 -0.075828254732232245 0.020125848996620292 -0.023324980459216712 0.0011335469917099774 -0.0043255499166648939 -0.0074311122071506466 -0.0066340831111581502 -0.008866631515659416 16.644999504089359 -0.01262073301810107 -0.041361708055104078 0.0091384979590398725 0.009860755526874045 0.0099479756338380926
decision_type=2 2 2 2 2 2 2 8 2 2 2 2 2 2 2 2 2 2 2 2 2 2 2 2 2 2 2 2 2 2
left_child=2 3 17 12 8 10 -7 -8 9 -4 11 -6 13 20 -15 -14 -5 -1 19 -12 21 -2 -23 -24 -25 26 -26 -10 29 -29
right_child=1 -3 4 16 5 6 7 -9 27 -11 18 -13 15 14 -16 -17 -18 -19 -20 -21 -22 22 23 24 25 -27 -28 28 -30 -31
leaf_value=-0.00019024860649170507 3.4665637372746962e-05 0.0029975074313998568 0.00086983910963257252 0.001082356487961541 0.00016350757546025084 -0.00032345243308460735 0.0013201494652914569 0.00049628790686656544 -9.7850554611540741e-05 -0.00087666064689223262 7.140269180451468e-05 0.00058357045009167405 -5.5796660595234675e-05 0.00018855751604873782 0.0022134309443724103 0.00050714050584457608 0.00073893254527034827 -7.0103841439115124e-05 -2.0271810094229571e-05 0.00042561069569785852 0.00011713836889352497 0.00078308541540768025 -2.4731784280538527e-05 0.00044493476397035477 0.00030852507399191766 0.00051851837058909526 0.0007660406931772689 0.00015342064861279144 0.0012468132640898019 -0.00020936839081625217
leaf_weight=10592 741 55 103 80 186 166 52 64 17295 93 827 47 2472 143 60 60 1477 4695 5656 159 6334 120 423 467 62 306 59 1971 56 1884
leaf_count=10592 741 55 103 80 186 166 52 64 17295 93 827 47 2472 143 60 60 1477 4695 5656 159 6334 120 423 467 62 306 59 1971 56 1884
internal_value=-0.000243807 0.00187845 -0.000866215 0.00174399 -0.000360483 0.000560988 0.00758865 0.0208621 -0.00066863 0.00545918 0.000272726 0.00572961 0.00132168 0.00174125 0.00903941 -0.000122434 0.00479448 -0.00181102 8.12996e-05 0.00240365 0.0015672 0.00301194 0.00442937 0.00361807 0.00540268 0.00846604 0.0152479 -0.000725268 0.000395038 0.000110245
internal_weight=56705 12859 43846 12804 28559 7157 282 116 21402 196 6875 233 11247 8715 203 2532 1557 15287 6642 986 8512 2178 1437 1317 894 427 121 21206 3911 3855
internal_count=56705 12859 43846 12804 28559 7157 282 116 21402 196 6875 233 11247 8715 203 2532 1557 15287 6642 986 8512 2178 1437 1317 894 427 121 21206 3911 3855
is_linear=0
shrinkage=0.05


Tree=16
num_leaves=31
num_cat=0
split_feature=4 13 4 6 4 15 13 11 4 11 6 14 14 13 15 15 14 15 13 15 15 15 15 10 10 1 0 15 10 15
split_gain=26.8985 17.0771 7.68045 5.82998 3.06463 2.95647 2.69209 2.66361 3.07296 2.57305 2.40335 3.46464 8.76498 11.5693 2.36775 5.24686 4.57218 4.86523 3.90221 2.86687 2.36754 2.32296 2.32188 6.50504 5.1358 2.29479 2.10461 2.07955 2.26771 1.97717
threshold=0.025391394075392402 49.655000686645515 0.055424716249609401 -0.15295282747649799 0.015673351858239207 -0.0031917434085209635 30.750000000000004 0.050492682028646547 0.038401122350272258 0.027231937128701426 1.9586860830964967 -0.12096344977185801 -0.13532199000438486 19.440000534057621 0.0062516417598227356 0.0063535618914184475 0.0080830591469587282 0.0089769684743008522 13.59500026702881 0.010308036294939928 0.0078825715821585502 -0.0062405035425379665 -0.0035893843008726329 -0.0036396197641281876 -0.0069332481569183138 0.0050962514863351913 -0.0053679087804135986 0.010496202905107334 0.0097813689892826145 -0.0075063818566955534
decision_type=2 2 2 2 2 2 2 2 2 2 2 2 2 2 2 2 2 2 2 2 2 2 2 2 2 2 2 2 2 2
left_child=3 2 7 5 -5 9 -4 8 -2 22 11 12 -6 -14 -7 -16 19 18 -18 -17 -20 -11 -1 24 -24 -23 -26 28 -21 -12
right_child=1 -3 6 4 10 14 -8 -9 -10 21 29 -13 13 -15 15 16 17 -19 20 27 -22 25 23 -25 26 -27 -28 -29 -30 -31
leaf_value=-9.2854017412227275e-05 6.9928140123916985e-05 0.0026689807192640143 0.00095362985068339449 -0.00014873065357047351 -0.00012613440000414712 -0.00021799411755834815 -4.8282630782324427e-05 -0.00031437651814275082 0.00031875203267161807 -0.00010761125054491858 0.0003540202215171761 -4.3727426137795667e-05 0.0016630793277292275 0.00019203568471863144 0.00051806965891938348 -0.00028257814176928735 0.00074347701745111367 -0.00012274507240432034 8.0856274520688435e-05 -0.00031997869318829204 0.00036053800309636587 0.00045479015721740473 -0.00010225007663989658 -0.00019109891116070614 0.0010141934851006723 0.00022505646193041174 0.00047790724976972131 -8.5975795901260997e-05 0.00050201498012947016 6.9166115687233822e-05
leaf_weight=5168 14274 64 1143 3279 234 9142 159 376 3380 90 396 11629 51 93 68 2336 69 342 191 45 63 40 63 316 49 95 58 1787 95 1577
leaf_count=5168 14274 64 1143 3279 234 9142 159 376 3380 90 396 11629 51 93 68 2336 69 342 191 45 63 40 63 316 49 95 58 1787 95 1577
internal_value=-0.000263976 0.00124613 0.00116077 -0.00104974 -0.000376327 -0.00163037 0.00486943 0.000892955 0.000981646 -0.000688043 -5.36493e-05 -0.000319398 0.00439153 0.0140972 -0.00202221 -0.00114692 -0.00133726 0.0025188 0.0069195 -0.00193878 0.00405512 0.00455555 -0.000896711 0.00240741 0.0102941 0.0087037 0.0169626 -0.000511158 0.00535714 0.00156361
internal_weight=56672 19396 19332 37276 17259 20017 1302 18030 17654 5879 13980 12007 378 144 14138 4996 4928 665 323 4263 254 225 5654 486 170 135 107 1927 140 1973
internal_count=56672 19396 19332 37276 17259 20017 1302 18030 17654 5879 13980 12007 378 144 14138 4996 4928 665 323 4263 254 225 5654 486 170 135 107 1927 140 1973
is_linear=0
shrinkage=0.05


Tree=17
num_leaves=31
num_cat=0
split_feature=5 5 11 11 6 6 5 14 14 10 15 15 11 14 16 3 15 14 16 11 12 12 14 14 9 14 10 15 15 14
split_gain=24.6545 7.82787 6.95615 4.89295 4.31428 3.83352 3.21991 2.97512 2.84861 2.84375 2.68094 5.62699 9.3077 5.3766 5.16608 3.71167 2.69054 2.4162 2.40818 2.35182 2.28442 2.33038 2.37211 3.29293 2.69033 2.2168 2.21584 2.95022 4.03904 2.15503
threshold=0.014179446486901809 0.023185717567163595 -0.055970636302615777 0.022655282977909755 -0.11068953624086024 0.8250789964284716 0.0094349452786057757 -0.091137781806863202 -0.060408912479391223 0.0071561281563717891 0.0012232002847275549 0.00080252735093122596 -0.0013567724610701324 0.035942894407802857 0.048929825341288209 0.013759046740960292 1.0000000180025095e-35 0.003286853869637119 -0.04616112170744429 0.034590351886677258 -0.075828254732232245 0.12951747904648439 -0.0051066036826416519 -0.0035273854570452286 0.50098098291834448 0.00619378828642947 -0.0080075865289204722 -0.0031917434085209635 -0.003275593759081485 0.039671535485110161
decision_type=2 2 2 2 2 2 2 2 2 2 2 2 2 2 2 2 2 2 2 2 2 2 2 2 10 2 2 2 2 2
left_child=5 4 -3 7 10 6 -1 -4 9 -9 11 14 -13 -14 15 16 26 -6 -8 -19 -10 22 -22 -24 -25 -17 -2 28 29 -28
right_child=1 2 3 -5 17 -7 18 8 20 -11 -12 12 13 -15 -16 25 -18 19 -20 -21 21 -23 23 24 -26 -27 27 -29 -30 -31
leaf_value=-0.00022302200107025003 -0.00016571366210509217 0.0026068711307025332 -5.0136240860257245e-05 -4.2432022903537061e-05 5.5355152541961282e-05 3.9604932336478769e-07 0.0003813603005981131 0.00079810353801713224 0.0010322903432010686 0.00061165578046553325 -8.7454386842504488e-05 0.0018273903621514422 -5.8414188436777202e-05 0.0013739556310501154 0.0012563091875449394 0.00013918222693406774 -0.00043347286203937723 0.0002236528207709886 -0.00010451154486417719 0.0010526481084910614 0.00019987236707892029 0.00049302562203058591 0.00054370430747542554 0.00039993841269426989 0.0014053235441390034 0.0011930932320297983 8.8334413715904198e-05 -6.7616920151861604e-05 0.00067741182318065618 0.0004306085303872373
leaf_weight=4544 1307 71 471 1095 4747 5866 51 82 106 233 5240 75 235 45 61 51 473 3814 21239 62 1188 47 86 1504 255 43 1680 1475 61 493
leaf_count=4544 1307 71 471 1095 4747 5866 51 82 106 233 5240 75 235 45 61 51 473 3814 21239 62 1188 47 86 1504 255 43 1680 1475 61 493
internal_value=-0.000216051 0.000957999 0.00269755 0.00247977 0.000508004 -0.00114196 -0.00140396 0.00329557 0.00379749 0.00833333 -0.000137469 0.000584263 0.00669014 0.0025 0.000200211 4.20909e-05 -0.000126618 0.0013493 -0.00114608 0.00227554 0.00334903 0.00310065 0.00292944 0.00405149 0.00358442 0.00989362 0.000213316 0.000837152 0.00198299 0.00162678
internal_weight=56700 25000 5138 5067 19862 31700 25834 3972 3501 315 11239 5999 355 280 5644 5583 5489 8623 21290 3876 3186 3080 3033 1845 1759 94 5016 3709 2234 2173
internal_count=56700 25000 5138 5067 19862 31700 25834 3972 3501 315 11239 5999 355 280 5644 5583 5489 8623 21290 3876 3186 3080 3033 1845 1759 94 5016 3709 2234 2173
is_linear=0
shrinkage=0.05


Tree=18
num_leaves=31
num_cat=0
split_feature=4 13 4 9 6 14 14 15 15 11 11 11 13 10 13 11 10 15 9 12 12 14 4 11 13 9 2 15 15 13
split_gain=21.5097 16.8791 5.56178 4.89387 3.94463 2.61261 3.87412 3.75558 7.98066 4.22908 4.12501 3.3826 3.89272 4.12152 3.71804 3.23738 7.10841 10.6914 3.18239 3.46206 2.88447 2.72655 2.5775 3.10708 2.44525 2.41627 2.36273 2.33423 2.33365 2.23755
threshold=0.026939699338513885 49.655000686645515 0.015444348045290253 0.55412784873189203 0.8250789964284716 0.0012326341754252958 -0.035510202905524417 0.0070853510662165506 0.0074072805227121128 0.041951569626952907 0.01314891866926249 0.00036207217257600016 13.174999713897707 0.0097813689892826145 20.154999732971195 -0.014526452350843598 -0.0042544588401209329 -0.0035444548437953967 0.1836263440899453 -0.0067439083526363843 -0.040334955259991249 -0.035714459440522088 0.038401122350272258 0.045591132552592513 21.954999923706058 0.55412784873189203 -0.02556029566207951 0.00094699974993617275 0.018353473018947967 16.875000000000004
decision_type=2 2 2 10 2 2 2 2 2 2 2 2 2 2 2 2 2 2 10 2 2 2 2 2 2 8 2 2 2 2
left_child=2 3 24 22 5 6 21 9 10 15 -9 14 13 -13 -10 16 18 -18 -7 -20 -8 29 -2 -24 -1 -17 -5 -19 -22 -4
right_child=1 -3 4 26 -6 7 20 8 11 -11 -12 12 -14 -15 -16 25 17 27 19 -21 28 -23 23 -25 -26 -27 -28 -29 -30 -31
leaf_value=-0.00019761238834078588 5.8517780381553766e-05 0.0024944134372254937 1.328572435480779e-05 0.0016459975553869415 5.1884602208744521e-05 -4.3808493296636041e-05 0.00029123956566116341 0.0010980698999992833 0.00047280570182020598 0.0005451110680660241 0.00046930251522436155 7.2353767384362155e-06 -0.00020810214148516543 0.0011597851034163011 -0.00031604722647767713 -6.2392261314724045e-05 0.00085187672191999568 0.00027520255943937411 -0.00037712717816576068 0.00044000136038057925 -0.00020828158765213943 0.00037653139333016276 0.00035370305823719428 -0.00022378117310713089 0.00036445522348552839 -0.00025128783105574586 0.00051889472727393139 -0.00028706114225687649 0.00058866493232751676 -0.000153045187011474
leaf_weight=6643 11226 70 4107 51 6174 1768 189 41 166 69 104 121 639 61 63 6548 92 126 53 71 7905 122 3953 338 85 2039 638 118 73 3104
leaf_count=6643 11226 70 4107 51 6174 1768 189 41 166 69 104 121 639 61 63 6548 92 126 53 71 7905 122 3953 338 85 2039 638 118 73 3104
internal_value=-0.000320402 0.00121467 -0.000937602 0.00110885 -0.000675941 -0.000931688 -0.00136129 -0.000380413 0.00228033 -0.000672548 0.0132759 0.000761904 -0.000736907 0.00571428 0.00613537 -0.000751273 0.000947037 0.00764881 -0.00024313 0.0075 -0.00211032 -0.000527071 0.000925758 0.00196807 -0.0022503 -0.00119192 0.00523222 0.00217213 -0.00225495 -0.000652477
internal_weight=56757 16276 40481 16206 33753 27579 15500 12079 1195 10884 145 1050 821 182 229 10815 2228 336 1892 124 8167 7333 15517 4291 6728 8587 689 244 7978 7211
internal_count=56757 16276 40481 16206 33753 27579 15500 12079 1195 10884 145 1050 821 182 229 10815 2228 336 1892 124 8167 7333 15517 4291 6728 8587 689 244 7978 7211
is_linear=0
shrinkage=0.05


Tree=19
num_leaves=31
num_cat=0
split_feature=5 13 5 5 14 15 15 8 1 13 14 10 13 13 10 15 10 10 11 11 16 11 16 11 14 10 15 14 11 14
split_gain=21.1633 16.016 5.12602 4.57605 2.92145 5.11538 9.89169 3.45177 3.55174 3.17898 3.2127 4.3369 3.13077 2.95296 5.44762 2.95217 2.66915 6.25051 8.31806 3.10728 2.61604 2.41118 3.16891 8.78777 2.80775 2.28978 2.25178 2.19024 2.50942 2.42296
threshold=0.016600202842899269 49.655000686645515 0.012790186119024419 0.038056263394235477 0.0012326341754252958 0.0067316293412662551 0.0074072805227121128 0.026735875284096603 0.0069530205325140102 14.340000152587892 0.005094684764536229 -0.00038722571471944128 12.454999923706056 14.404999732971193 -0.001991975985961902 0.012013145016865569 0.014457964096994848 0.012088687699085778 0.0023966928807116488 0.025734816417073651 0.016866697682335733 0.012763464240655777 -0.0083909486611480327 0.021590263312926242 -0.12635401997537379 0.0097813689892826145 0.017935334934607087 -1.0000000180025095e-35 0.041951569626952907 0.005094684764536229
decision_type=2 2 2 2 2 2 2 10 2 2 2 2 2 2 2 2 2 2 2 2 2 2 2 2 2 2 2 2 2 2
left_child=2 3 4 21 15 9 7 8 -7 -6 11 -11 -8 14 -12 -1 17 19 -19 26 25 24 23 -23 -2 -14 -17 -4 29 -29
right_child=1 -3 27 -5 5 6 12 -9 -10 10 13 -13 20 -15 -16 16 -18 18 -20 -21 -22 22 -24 -25 -26 -27 -28 28 -30 -31
leaf_value=-0.00017329250195021045 -0.00024230388789100684 0.0024770039503215231 -6.3176035508876065e-05 0.0010520879629885847 -0.00020708895200068257 0.00022814488757442769 0.0013178448708009982 0.00030871744276731735 0.00083363432337427211 0.00062138927322965794 0.00093642168276777927 -7.3174476853082087e-05 5.085594379941228e-05 -6.4235677337681356e-05 -0.00034599383814606959 -0.00010436335721998222 -0.00026966918935148886 0.0034069658980715751 7.1158957935902123e-05 0.00068621740709816771 -0.00023391713153386951 -6.2540745228805228e-05 -3.4420637225818965e-05 0.00077826370554234109 0.00018874851418721589 0.00030994113670182493 0.0004963450400064589 0.00039477996438966084 0.00051048392052270174 6.3133800290364002e-06
leaf_weight=11858 502 64 9245 682 2999 71 48 76 52 177 45 194 388 6318 46 865 436 41 91 73 433 146 4474 61 9654 40 107 536 71 6893
leaf_count=11858 502 64 9245 682 2999 71 48 76 52 177 45 194 388 6318 46 865 436 41 91 73 433 146 4474 61 9654 40 107 536 71 6893
internal_value=-0.000280141 0.0012889 -0.000874998 0.00118596 -0.00133796 -0.000728852 0.00249097 0.0125879 0.0177642 -0.00109367 -0.000494101 0.00402965 0.000280527 -0.000755969 0.00818681 -0.00183023 0.000176688 0.00141461 0.0116667 0.000119616 -0.000412312 0.00100189 6.30195e-05 0.00611111 0.00143462 0.00235981 -0.000627573 -0.000201554 0.000433332 0.000343921
internal_weight=56686 15583 41103 15519 24358 10887 1108 199 123 9779 6780 371 909 6409 91 13471 1613 1177 132 1045 861 14837 4681 207 10156 428 972 16745 7500 7429
internal_count=56686 15583 41103 15519 24358 10887 1108 199 123 9779 6780 371 909 6409 91 13471 1613 1177 132 1045 861 14837 4681 207 10156 428 972 16745 7500 7429
is_linear=0
shrinkage=0.05


Tree=20
num_leaves=31
num_cat=0
split_feature=5 13 5 4 11 12 9 14 14 16 1 14 15 15 15 11 13 9 15 16 11 14 14 11 9 14 1 14 11 3
split_gain=19.9347 16.57 5.96938 3.82706 2.9424 2.38641 2.31649 2.17882 2.41797 2.30919 3.26896 2.09919 5.15002 4.86757 5.57591 3.67971 3.74702 3.55567 3.14844 2.99584 6.52069 5.98139 3.84542 2.8722 2.49447 2.37754 2.15163 2.02985 10.8281 4.03176
threshold=0.014055900104957638 49.655000686645515 0.023185717567163595 0.014392525015768093 0.022655282977909755 0.12951747904648439 0.35270639099422957 -0.091137781806863202 -0.060408912479391223 -0.0012788230090231554 0.0054233290952557809 0.0080830591469587282 -0.016247725666837017 0.0067316293412662551 0.0074072805227121128 0.00036207217257600016 13.444999694824221 0.040236531421460005 0.011722320309923486 0.026905203679166049 0.025734816417073651 -0.068623004427642229 -0.052212744330840215 0.011695347183510176 0.21054895551449362 -0.067583665573298909 0.0098200170887133859 0.031770832380203846 0.041951569626952907 0.00085474757492975961
decision_type=2 2 2 2 2 2 10 2 2 2 2 2 2 2 2 2 2 8 2 2 2 2 2 2 8 2 2 2 2 2
left_child=3 2 27 -1 5 7 -6 -4 9 -9 -11 12 -5 -13 24 26 17 -17 -14 20 21 -20 23 25 -15 -23 -16 -2 29 -29
right_child=1 -3 4 11 6 -7 -8 8 -10 10 -12 13 18 14 15 16 -18 -19 19 -21 -22 22 -24 -25 -26 -27 -28 28 -30 -31
leaf_value=-0.00019846121898835526 2.6164714929088407e-06 0.0022994981603267949 -6.1431713090040672e-05 0.00079605018955680165 -8.3658323945803007e-05 0.00047877444445106727 0.0011203915631843836 8.7052402748365317e-06 0.00041419329429538969 0.00077622729294957084 0.00053168081397384024 -6.0344479281511312e-05 -0.00013793910371019677 0.00057903212008250389 0.00025752936482132234 0.00064962235398317945 -0.00022428978914908735 3.8927276050643277e-05 -0.00019549545337057417 -0.00030393521949593583 0.0010350458643882492 0.0021052591854106278 5.9575305484766862e-05 -0.00031712879918447453 0.0001489434051882633 0.00027990343636921124 0.00052649294848755785 1.8443997475848783e-06 0.0011913590776295683 0.00026662688921106676
leaf_weight=3987 14950 67 464 51 994 51 122 84 3112 95 127 9426 14284 115 159 47 426 104 770 487 78 75 619 56 54 182 68 3789 52 1699
leaf_count=3987 14950 67 464 51 994 51 122 84 3112 95 127 9426 14284 115 159 47 426 104 770 487 78 75 619 56 54 182 68 3789 52 1699
internal_value=-0.000268051 0.000764273 0.000699126 -0.00112108 0.00223906 0.00288202 -2.68829e-05 0.00274085 0.0031773 0.0074183 0.0100901 -0.00090756 -0.00125648 -0.000350516 0.00301644 0.00128109 -0.000840556 0.00592715 -0.00130536 0.000425672 0.0013764 0.000728553 0.00342275 0.0079393 0.0112722 0.0101751 0.00667401 0.000319667 0.00113718 0.00092201
internal_weight=56594 25606 25539 30988 5049 3933 1116 3882 3418 306 222 27001 16602 10399 973 804 577 151 16551 2267 1780 1702 932 313 169 257 227 20490 5540 5488
internal_count=56594 25606 25539 30988 5049 3933 1116 3882 3418 306 222 27001 16602 10399 973 804 577 151 16551 2267 1780 1702 932 313 169 257 227 20490 5540 5488
is_linear=0
shrinkage=0.05


Tree=21
num_leaves=31
num_cat=0
split_feature=4 13 6 4 4 15 15 12 1 15 13 13 8 16 14 16 10 10 15 15 16 13 3 15 15 10 12 1 14 16
split_gain=16.8347 13.8766 4.51896 4.38035 3.5085 2.71276 10.6727 2.64779 2.32578 4.07216 2.43951 2.86181 2.23897 2.14935 2.1461 8.97019 3.22255 6.19713 4.54053 7.03663 5.73786 4.00901 2.63388 2.6086 4.40645 2.35549 2.28564 2.13974 2.63114 2.13333
threshold=0.021958304665494584 49.655000686645515 0.94493904124746253 0.045969144307288649 0.014392525015768093 -0.018730419806015638 -0.021715650796061577 0.0011335469917099774 -0.011301403830234034 -0.018730419806015638 17.615000724792484 18.015000343322757 0.089910376579696374 -0.026171291841094454 0.032336920174311119 0.048929825341288209 -0.0041029098949924561 -0.0038582878398281113 0.0011481138845331753 0.00086534579273467316 0.028781819707504822 17.224999427795414 1.0000000180025095e-35 -0.0031071271591424639 -0.003275593759081485 -0.012508695811735191 0.12951747904648439 0.0015902398183480495 -0.031180558164108082 -0.0065520571195252222
decision_type=2 2 2 2 2 2 2 2 2 2 2 2 8 2 2 2 2 2 2 2 2 2 2 2 2 2 2 2 2 2
left_child=4 2 3 14 13 6 -6 -8 -4 -10 -11 12 -12 -1 25 16 -16 -18 19 21 -20 23 -23 24 -19 -2 -27 28 -13 -24
right_child=1 -3 8 -5 5 -7 7 -9 9 10 11 27 -14 -15 15 -17 17 18 20 -21 -22 22 29 -25 -26 26 -28 -29 -30 -31
leaf_value=0.0001173283591910793 0.00033347576905966167 0.0019974518744004465 8.7281974678357101e-05 0.00040541577502930192 -0.00029422452151661933 -8.1490393748529516e-05 0.00024669520146104138 0.00075914582076695974 0.0014197617806622803 0.00015240534503250207 0.00077339768417248613 -6.1421660549505942e-05 0.0010972029431363434 -0.00020547318679712035 -3.9267135158604661e-06 0.001140101039686726 0.0017316314822483228 2.0076893785452403e-05 -0.00037162063231700038 0.00054188181568746681 0.0011017483423678338 0.00020378495381104096 0.00050269571348058792 -0.00031003911749512996 0.00075876118201095974 -2.6645795672466055e-05 0.00043154450342647744 0.0002784518658777325 0.0010414087835658992 0.0013843251905756803
leaf_weight=139 47 73 2031 2197 254 23642 85 113 43 1497 69 52 65 3841 3985 50 44 223 597 81 45 182 60 247 46 15887 58 754 102 60
leaf_count=139 47 73 2031 2197 254 23642 85 113 43 1497 69 52 65 3841 3985 50 44 223 597 81 45 182 60 247 46 15887 58 754 102 60
internal_value=-0.000230605 0.000625547 0.000569628 0.000292115 -0.0010996 -0.000872418 0.0029646 0.0116667 0.00200195 0.00299768 0.00273927 0.00459693 0.0114179 -0.00247488 7.58826e-05 0.000916369 0.000727108 0.00263407 0.00210577 0.00439933 -0.00110592 0.00300733 0.00758278 0.000329456 0.00373606 -0.000219486 -0.000252431 0.00359031 0.00896104 0.0133333
internal_weight=56569 28495 28422 23809 28074 24094 452 198 4613 2582 2539 1042 134 3980 21612 5620 5570 1585 1541 899 642 818 302 516 269 15992 15945 908 154 120
internal_count=56569 28495 28422 23809 28074 24094 452 198 4613 2582 2539 1042 134 3980 21612 5620 5570 1585 1541 899 642 818 302 516 269 15992 15945 908 154 120
is_linear=0
shrinkage=0.05


Tree=22
num_leaves=31
num_cat=0
split_feature=4 13 4 15 15 13 16 11 16 13 10 13 15 10 13 14 11 10 12 12 11 16 12 15 9 11 11 0 13 2
split_gain=15.7081 7.26773 5.29289 2.97579 4.26025 3.1565 3.70385 8.33833 3.97555 5.06804 4.04444 2.76319 3.21239 2.42223 2.3653 2.38603 2.45979 2.99255 2.33041 4.89915 4.5822 2.79532 3.34685 4.17621 3.47617 3.25878 3.01079 3.82648 2.68548 2.30577
threshold=0.020529766244333069 49.655000686645515 0.037006032401747553 -0.0031917434085209635 0.010308036294939928 12.454999923706056 0.017448309684489186 0.023193320881576888 0.0009736977014873639 20.375000000000004 0.0083489150088474923 22.330000877380375 -0.0043255499166648939 0.014637781803213958 14.244999885559084 -0.039055332959848192 0.016276968490692715 0.00057746953586101945 1.0000000180025095e-35 0.00075809453830288931 -0.023775986944761848 -0.02132567527222928 0.011595821830406862 -0.0035893843008726329 0.21335401814768654 0.014627059991814352 -0.0037226818138522129 -0.011774571206120408 14.84500026702881 0.016289395283624723
decision_type=2 2 2 2 2 2 2 2 2 2 2 2 2 2 2 2 2 2 2 2 2 2 2 2 10 2 2 2 2 2
left_child=3 2 -2 14 13 -6 7 8 -7 10 -10 12 -4 -5 15 -1 -17 -18 -16 -20 -21 -22 23 24 26 -24 -23 -28 -27 -19
right_child=1 -3 11 4 5 6 -8 -9 9 -11 -12 -13 -14 -15 18 16 17 29 19 20 21 22 25 -25 -26 28 27 -29 -30 -31
leaf_value=0.00012164879353287579 7.2399906223595242e-06 0.0014349645526188983 0.00059624631386189376 -0.00016494334450465529 0.0011866255635372509 -0.00020970999940165487 -0.00018208344706017646 0.00062717549671119192 0.00022907633530508308 0.0026812586325484886 -0.00010320326145279707 9.4560046577322626e-06 0.00028668635809390465 0.00019849983131646406 -8.8224946445560325e-05 -0.0002081501519473643 -0.00031994392251005841 0.00022889076612097388 0.00029514559544884856 0.00033263728562431803 0.00040767840988050201 -0.00024716194356798766 -0.00014370554140408044 0.00066484532821151738 0.0003840616379801817 -0.00015038636479745881 0.00060881678646292384 4.0816349044312866e-05 0.0002769313891143382 -2.0481082411381724e-05
leaf_weight=45 27406 66 1017 13626 52 755 933 62 462 40 538 1772 2783 104 1904 1541 172 93 52 80 167 277 1928 53 40 108 87 172 308 73
leaf_count=45 27406 66 1017 13626 52 755 933 62 462 40 538 1772 2783 104 1904 1541 172 93 52 80 167 277 1928 53 40 108 87 172 308 73
internal_value=-0.000309967 0.000394322 0.000361149 -0.00129309 -0.00166003 0.00010204 -0.000125449 0.00116586 0.000543174 0.00254808 0.00185 0.00176597 0.00252631 -0.00202476 -0.000436621 -0.00193347 -0.00220596 0.0016568 0.000119782 0.000929094 0.000683229 0.000382164 2.85895e-05 0.00326709 0.00203125 -0.000840445 0.000970148 0.00484556 0.00317308 0.00644578
internal_weight=56716 33044 32978 23672 16572 2842 2790 1857 1795 1040 1000 5572 3800 13730 7100 1924 1879 338 5176 3272 3220 3140 2973 629 576 2344 536 259 416 166
internal_count=56716 33044 32978 23672 16572 2842 2790 1857 1795 1040 1000 5572 3800 13730 7100 1924 1879 338 5176 3272 3220 3140 2973 629 576 2344 536 259 416 166
is_linear=0
shrinkage=0.05


Tree=23
num_leaves=31
num_cat=0
split_feature=4 13 5 6 11 15 14 10 14 9 5 11 14 10 13 11 12 11 12 14 6 7 6 11 16 15 14 10 12 12
split_gain=15.1758 7.7312 6.08525 3.33935 3.30121 5.96439 4.13149 3.98185 3.24679 10.534 3.17588 2.70007 2.67243 2.27761 2.84083 2.72584 2.72566 4.00818 5.09799 2.58973 2.84809 2.35601 2.18609 1.92315 4.6148 1.73556 1.71119 3.27249 3.85467 5.27191
threshold=0.020945000464271595 49.655000686645515 0.020227090025020444 0.94493904124746253 -0.0069171623544285734 0.016193132226402177 -0.068623004427642229 -0.015857529403489442 -0.12096344977185801 -0.14332715964761802 0.038056263394235477 0.028003241711031971 -0.010052360297814309 -0.0074311122071506466 14.244999885559084 -0.0071058242235014215 1.0000000180025095e-35 -0.020171836765592806 0.0033715078329863428 0.013406221047230662 0.5589682347019953 -0.015970923020631408 -0.82556487407051826 -0.018660879963565243 -0.015804021982882496 0.0077707769691323101 0.03406338940495391 -0.008698781123315567 0.010183685907573794 0.0094949171636059555
decision_type=2 2 2 2 2 2 2 2 2 10 2 2 2 2 2 2 2 2 2 2 2 2 2 2 2 2 2 2 2 2
left_child=4 2 3 26 5 12 -7 -6 9 -9 11 -4 -1 15 -15 23 -16 21 -19 20 -20 -18 -10 24 -14 -11 -2 -28 29 -29
right_child=1 -3 10 -5 7 6 -8 8 22 25 -12 -13 13 14 16 -17 17 18 19 -21 -22 -23 -24 -25 -26 -27 27 28 -30 -31
leaf_value=-0.00017845812481758418 -4.8794320509445055e-05 0.0014996516478539758 0.00023155969754036932 0.00012245632648386263 0.00039133155638166451 -0.00014102750465469147 0.0017986756642735403 0.00081669271947567039 -0.00020919644680273647 0.0001688715258337778 0.00096086899383266409 -0.00011596354997139358 -7.2602317447840659e-05 -0.0004296139271431683 -1.5923071694106181e-05 0.00042869486590500712 0.00025322706295566815 0.00040846549607850689 0.00013336190211535377 -5.3444086377997032e-06 0.0010845730963252418 0.00070192393403452802 -0.0001100956345492132 -0.00028253359075254992 0.00030906197825882113 -0.0003930010179949454 -8.2982986144844101e-05 0.00020924995866657034 3.0371869291580729e-05 0.00071923688389233589
leaf_weight=1637 14714 67 6101 3965 62 40 84 40 3621 91 668 1194 750 186 629 42 40 104 141 580 44 64 15805 756 127 164 2190 932 1728 47
leaf_count=1637 14714 67 6101 3965 62 40 84 40 3621 91 668 1194 750 186 629 42 40 104 141 580 44 64 15805 756 127 164 2190 932 1728 47
internal_value=-0.000306733 0.000421438 0.000385395 -1.82401e-05 -0.00122706 -0.000109113 0.0107258 -0.00152227 -0.00156204 0.00364407 0.00158043 0.00127827 -0.00037255 0.000414379 0.00165548 -0.000910449 0.00233458 0.0039928 0.00288262 0.00147059 0.00662162 0.0132692 -0.0016411 -0.00123393 0.000359178 -9.80404e-05 -0.00028581 0.000523789 0.00168637 0.00419305
internal_weight=56613 31606 31539 23576 25007 5224 124 19783 19721 295 7963 7295 5100 3463 1788 1675 1602 973 869 765 185 104 19426 1633 877 255 19611 4897 2707 979
internal_count=56613 31606 31539 23576 25007 5224 124 19783 19721 295 7963 7295 5100 3463 1788 1675 1602 973 869 765 185 104 19426 1633 877 255 19611 4897 2707 979
is_linear=0
shrinkage=0.05


Tree=24
num_leaves=31
num_cat=0
split_feature=5 13 5 6 6 14 15 15 14 10 11 11 14 14 13 13 1 14 11 0 3 1 11 10 13 16 11 11 14 14
split_gain=13.8774 7.37298 4.25454 3.79869 3.30748 2.69206 5.01853 5.96859 4.54632 3.66713 2.93653 3.34336 2.67064 2.79822 3.64462 6.50187 3.07758 2.71377 2.54717 3.69678 2.47886 2.29464 2.24409 5.70386 2.24791 2.13547 2.75535 5.64328 2.95839 6.5784
threshold=0.014095128424016659 49.655000686645515 0.036312053764169828 -0.13617378362408838 1.7640450128487062 0.003286853869637119 0.0067316293412662551 0.0074072805227121128 0.004407866869301503 0.0066461218839984912 0.00036207217257600016 0.034590351886677258 -0.037511825146214865 -0.039689213075018263 14.824999809265138 15.050000190734865 0.041827431399202426 -0.044237182658373335 0.015296140057879161 -0.012530565639043699 0.039747174627872923 0.0069530205325140102 0.027231937128701426 0.0047561203387664905 19.295000076293949 -0.04397929890220275 0.0047087702577918175 0.0036681658206255689 -0.027300254032733503 -0.025765440759432264
decision_type=2 2 2 2 2 2 2 2 2 2 2 2 2 2 2 2 2 2 2 2 2 2 2 2 2 2 2 2 2 2
left_child=4 2 3 -2 5 12 8 9 18 21 -9 -12 13 17 -15 -16 -17 -1 19 -7 -4 -8 24 -24 -10 -5 27 28 -27 -30
right_child=1 -3 20 25 -6 6 7 10 22 -11 11 -13 -14 14 15 16 -18 -19 -20 -21 -22 -23 23 -25 -26 26 -28 -29 29 -31
leaf_value=-6.1245902224766374e-05 -1.4467831360487921e-05 0.00184259893645395 0.00051882069998545699 -0.00029205111542521679 5.4436006317910644e-05 0.00060491895232551616 0.00021078548231882015 0.00029843562700477226 -0.00013240410530968025 1.0499530974268789e-05 -8.9658280820989348e-05 0.0014049063402668534 -0.00017249835941514875 -0.00041328398995056778 0.00050112880732810919 3.838433606095866e-05 0.00057526976841360379 -0.00030296202549401807 -0.00037193146980844929 0.00022290225933069903 0.0018737078663211015 0.00067198640799380352 2.9769402622709911e-05 0.00089195571299218812 1.1274254877811001e-05 -3.518744630946155e-05 5.4800287322129587e-05 0.00053067896844608768 0.00072153239334241744 0.00020589358384795516
leaf_weight=5606 13651 72 825 377 2520 48 67 230 8541 64 766 50 9379 138 54 345 46 745 66 181 62 68 309 52 2066 1421 5046 360 82 3472
leaf_count=5606 13651 72 825 377 2520 48 67 230 8541 64 766 50 9379 138 54 345 46 745 66 181 62 68 309 52 2066 1421 5046 360 82 3472
internal_value=-0.000319086 0.000550298 0.000504822 0.000381211 -0.00102278 -0.00117467 -0.000622803 0.00238956 -0.000955786 0.0103266 0.00087954 -0.000526962 -0.00159781 -0.000853765 0.00246141 0.00466292 0.00241688 -0.00115809 0.00516949 0.00766375 0.00390642 0.015 -0.00112053 0.00275623 -0.00125248 0.00108384 0.00121809 0.00201031 0.00157286 0.00234384
internal_weight=56709 25368 25296 24409 31341 28821 12508 1245 11263 199 1046 816 16313 6934 583 445 391 6351 295 229 887 135 10968 361 10607 10758 10381 5335 4975 3554
internal_count=56709 25368 25296 24409 31341 28821 12508 1245 11263 199 1046 816 16313 6934 583 445 391 6351 295 229 887 135 10968 361 10607 10758 10381 5335 4975 3554
is_linear=0
shrinkage=0.05


Tree=25
num_leaves=31
num_cat=0
split_feature=5 13 6 5 6 12 14 15 15 9 15 10 14 9 12 10 13 16 15 15 6 10 15 14 16 3 10 12 12 15
split_gain=13.7569 6.14722 4.36667 3.07232 2.73927 2.51747 2.266 5.19714 9.13542 4.48287 2.50619 2.68395 2.93765 3.17546 6.48027 5.64017 2.85596 2.14219 2.10122 1.98457 1.88457 1.72442 1.60764 2.13784 7.92455 2.89433 2.43116 5.20602 7.96656 5.94617
threshold=0.012790186119024419 49.655000686645515 -0.13617378362408838 0.017570782285632889 1.7640450128487062 -0.075828254732232245 0.020125848996620292 0.0070853510662165506 0.0074072805227121128 -0.022045656251147568 0.012013145016865569 0.014457964096994848 -0.047332268196042963 0.23890996031820247 0.033816842391456554 0.011878976050790248 17.445000648498539 0.016866697682335733 0.012801652039235891 0.011722320309923486 2.5576604752552581 0.0066461218839984912 -0.021715650796061577 0.03328086000020148 0.048929825341288209 0.0085847116363829707 -0.0080075865289204722 0.010183685907573794 0.0094949171636059555 -0.0027459908006480789
decision_type=2 2 2 2 2 2 2 2 2 10 2 2 2 8 2 2 2 2 2 2 2 2 2 2 2 2 2 2 2 2
left_child=4 2 5 -4 6 -2 10 -8 9 -9 -1 12 13 15 16 -12 -15 21 19 20 -5 -10 -7 -24 25 26 -25 28 29 -28
right_child=1 -3 3 18 -6 22 7 8 17 -11 11 -13 -14 14 -16 -17 -18 -19 -20 -21 -22 -23 23 24 -26 -27 27 -29 -30 -31
leaf_value=-0.00013809149561227606 0.00022741285564703215 0.0018815602967298603 4.4423911972490145e-05 0.00025556827966540457 7.2329145490251064e-05 -0.00038523799381156009 -6.7255271762521469e-05 0.0001838390973549546 4.3924935640290947e-05 0.00097373865997415457 -6.626248240356307e-05 -0.00021415819615661267 -0.00010263288533971364 -0.00023219142722677132 0.0006681408786459518 0.0024660108041797382 0.001056441012399281 -0.00027459738957891011 -7.8902273539073565e-05 0.00069219728923179224 0.00084304217530293884 0.00029250367901341917 -4.4063286846694809e-05 -0.00016935586985665247 0.0013929191112744454 0.00042965217199278149 0.00061337149991072233 -2.3660595292793667e-05 0.0012243174862339062 -7.2734327067858052e-05
leaf_weight=13925 391 65 8832 4192 1954 286 6379 53 173 59 401 382 578 71 59 56 42 170 669 201 405 72 13219 1529 48 195 335 1448 58 336
leaf_count=13925 391 65 8832 4192 1954 286 6379 53 173 59 401 382 578 71 59 56 42 170 669 201 405 72 13219 1529 48 195 335 1448 58 336
internal_value=-0.000269782 0.000408425 0.000377363 0.00102839 -0.001166 -0.000144299 -0.00132248 -0.000569072 0.00420303 0.016875 -0.00165786 0.00022341 0.00137945 0.00374404 0.00953488 0.00156455 0.00252212 0.000783131 0.00195994 0.00232597 0.00211333 0.00377551 -0.000233186 -0.00017125 0.000849581 0.000601127 0.00028872 0.00136196 0.00480795 0.00327124
internal_weight=56583 32209 32144 14299 24374 17845 22420 6906 527 112 15514 1589 1207 629 172 457 113 415 5467 4798 4597 245 17454 17168 3949 3901 3706 2177 729 671
internal_count=56583 32209 32144 14299 24374 17845 22420 6906 527 112 15514 1589 1207 629 172 457 113 415 5467 4798 4597 245 17454 17168 3949 3901 3706 2177 729 671
is_linear=0
shrinkage=0.05


Tree=26
num_leaves=31
num_cat=0
split_feature=5 4 6 6 14 14 14 16 13 10 16 13 13 11 11 11 16 11 16 11 10 6 13 14 11 14 16 16 14 1
split_gain=11.4809 4.21474 3.0576 2.95012 2.76686 4.11497 5.46349 5.56445 3.94009 8.3555 6.6598 4.82116 4.23125 4.73905 4.97842 4.1213 3.95703 3.80599 9.28215 15.9105 8.18483 4.15348 3.47651 3.45041 3.34593 3.3081 3.29048 5.37483 7.98804 4.49208
threshold=0.017402506288650435 0.014392525015768093 1.8846115898938092 0.099427422959183345 1.0000000180025095e-35 -0.037511825146214865 -0.039689213075018263 0.047257899490740669 13.174999713897707 0.0097813689892826145 0.030338515801458969 14.244999885559084 15.464999675750734 0.041951569626952907 -0.023324980459216712 0.019998315354098021 0.0021907572533382829 0.016424334506672137 0.01022514270308972 0.025734816417073651 0.0028970492937452357 0.11034765292028323 15.114999771118166 0.004407866869301503 0.017027249014991756 -0.054107623009077337 0.0078790074387253845 0.019113893761118942 0.020125848996620292 0.026324748542433721
decision_type=2 2 2 2 2 2 2 2 2 2 2 2 2 2 2 2 2 2 2 2 2 2 2 2 2 2 2 2 2 2
left_child=1 -1 4 -2 5 6 17 -8 9 10 -6 -10 15 14 16 26 23 -3 19 22 21 -20 -19 -14 -22 -24 -13 28 -28 -30
right_child=3 2 -4 -5 8 -7 7 -9 11 -11 -12 12 13 -15 -16 -17 -18 18 20 -21 24 -23 25 -25 -26 -27 27 -29 29 -31
leaf_value=-0.00015737664671057537 5.6803676026212343e-05 -0.00010789254291786635 8.5123703619203962e-05 0.00028865843199805713 3.7593366231834468e-05 -0.00014075895311516052 0.000153195154109379 0.00084074499044908477 -0.00021389610225749849 0.001113138584770563 0.00071103354149264621 6.9715905781148226e-05 0.00099926848340989088 0.00069234775978891262 -7.7193556437874717e-05 -0.00034380417817951825 0.00053879254785178397 0.00049546485210410585 0.00054107738429973423 0.0015702731504321299 0.00035731617488535413 8.6132787911252987e-05 -0.00071651047105619574 7.4910791695892139e-05 -0.00019248300366837238 0.00030026663385753009 0.00019629164392693285 2.5190425537284806e-05 0.00073938614461775958 0.00026522370420059967
leaf_weight=4006 8647 6511 2887 4463 1281 11132 657 53 2071 91 78 1210 41 77 8791 323 74 52 79 58 181 56 110 1549 1372 78 190 314 143 44
leaf_count=4006 8647 6511 2887 4463 1281 11132 657 53 2071 91 78 1210 41 77 8791 323 74 52 79 58 181 56 110 1549 1372 78 190 314 143 44
internal_value=-0.000305464 -0.000696294 -0.00053958 0.000991608 -0.000663099 -0.00105192 -0.000269905 0.00394366 -0.000177245 0.00231034 0.00132818 -0.000420518 -5.72292e-05 -0.000475694 -0.000566716 0.00192446 0.0019411 -0.000621985 0.00129406 0.00942953 -0.000142181 0.0116667 0.00375 0.00141509 -0.00116871 0.000585105 0.00281168 0.0055644 0.00958886 0.0169251
internal_weight=56619 43509 39503 13110 36616 20339 9207 710 16277 1450 1359 14827 12756 10532 10455 2224 1664 8497 1986 298 1688 135 240 1590 1553 188 1901 691 377 187
internal_count=56619 43509 39503 13110 36616 20339 9207 710 16277 1450 1359 14827 12756 10532 10455 2224 1664 8497 1986 298 1688 135 240 1590 1553 188 1901 691 377 187
is_linear=0
shrinkage=0.05


Tree=27
num_leaves=31
num_cat=0
split_feature=5 4 13 13 13 12 13 6 6 3 6 6 14 2 15 15 13 15 13 14 13 14 11 15 13 13 10 10 10 14
split_gain=11.4532 5.03379 4.55252 3.06173 5.9279 6.73715 2.93027 2.81959 2.76084 2.49848 2.35278 2.27026 2.28116 2.19679 2.10249 4.59866 2.45212 2.01659 1.79259 1.76075 11.66 2.71419 1.76062 1.77448 1.75883 3.14516 1.61616 3.8076 3.72083 2.24291
threshold=0.018444068992157971 0.017573237570125692 49.655000686645515 22.330000877380375 21.724999427795414 0.0033715078329863428 21.82499980926514 -0.42733795975569527 -0.13617378362408838 -0.015836899365329279 2.0283569077119439 1.8180203462281834 0.083812216488613714 -0.17683394494852281 -0.021715650796061577 -0.018730419806015638 21.954999923706058 -0.0070211550317207374 15.855000019073488 -0.12096344977185801 16.095000267028812 -0.12635401997537379 0.0072949699106841246 0.017935334934607087 21.295000076293949 18.904999732971195 0.013997033957303675 0.010000558479015599 0.010212906219511321 0.0080830591469587282
decision_type=2 2 2 2 2 2 2 2 2 2 2 2 2 2 2 2 2 2 2 2 2 2 2 2 2 2 2 2 2 2
left_child=1 10 3 4 9 6 -6 -5 -3 24 22 -11 -13 -9 -10 16 -16 18 -12 20 -17 -22 23 -1 25 -2 27 29 -29 -21
right_child=2 8 -4 7 5 -7 -8 13 14 11 17 12 -14 -15 15 19 -18 -19 -20 26 21 -23 -24 -25 -26 -27 -28 28 -30 -31
leaf_value=-7.9717057864049052e-05 0.00052727658499315876 -5.7961681638886485e-05 0.001513586773027734 -0.00018851859169837984 0.0013246195897884262 0.0020232176114495458 -0.000200623213829391 0.0004299456589224762 -0.00024715766196785745 0.00014130074415404491 0.0016053338638187715 0.0006465935906458907 0.00099083425545324006 7.1995394347943668e-05 0.000734075210749081 0.0015308427643900768 -3.1614470942170758e-06 8.6171318572342519e-06 0.00021244668970548015 -5.3593388795324216e-05 -3.8135388741172438e-05 0.00027631362836196796 -0.00014946526095114559 0.00025997507514230104 -0.00083437794268659867 0.0010061760958349575 -0.00021313788185953146 0.00091332237721629048 0.00025133287847780027 5.9095709612082835e-05
leaf_weight=7092 331 17188 49 1247 86 45 66 146 396 6598 45 429 55 1450 130 50 62 617 90 6986 488 65 5680 66 42 142 536 62 856 5531
leaf_count=7092 331 17188 49 1247 86 45 66 146 396 6598 45 429 55 1450 130 50 62 617 90 6986 488 65 5680 66 42 142 536 62 856 5531
internal_value=-0.000251299 -0.000594255 0.00122309 0.00115305 0.00166538 0.0102284 0.00519737 -0.000251496 -0.000255024 0.00144333 -0.00140177 0.00119881 0.00450413 0.00114035 0.000236775 0.000333197 0.00802083 0.00131649 0.00685185 0.000231919 0.00287728 0.000786617 -0.00156099 -0.0010394 0.00480582 0.00567653 0.000117743 0.000225157 0.00333333 -2.79739e-06
internal_weight=56626 45940 10686 10637 7794 197 152 2843 32350 7597 13590 7082 484 1596 15162 14766 192 752 135 14574 603 553 12838 7158 515 473 13971 13435 918 12517
internal_count=56626 45940 10686 10637 7794 197 152 2843 32350 7597 13590 7082 484 1596 15162 14766 192 752 135 14574 603 553 12838 7158 515 473 13971 13435 918 12517
is_linear=0
shrinkage=0.05


Tree=28
num_leaves=31
num_cat=0
split_feature=5 4 3 6 12 15 4 12 11 11 13 15 12 15 15 10 12 12 12 10 10 15 15 10 11 10 0 10 15 10
split_gain=10.3234 4.63112 3.3744 2.89739 3.19833 3.55084 2.82997 2.14643 4.23707 7.88655 2.70387 3.63992 2.41101 3.61283 3.23059 4.16122 2.82469 3.96321 2.67889 2.28472 7.92548 2.51483 3.88457 4.98172 2.11701 2.10233 3.92676 2.02989 2.01815 4.3719
threshold=0.012790186119024419 0.053412035385435104 0.039747174627872923 0.018286455723467817 -0.075828254732232245 -0.0082312322085942285 0.013706297330974634 -0.0067439083526363843 -0.0042559728619938056 -0.0044146840191625061 15.375000000000002 0.0069208731104983831 0.05309775738126888 0.016193132226402177 -0.0079682349026972115 -0.0074311122071506466 0.0017110127161689139 0.0037861814309102519 0.021636027658746174 0.010706297735196714 0.010626560659037223 0.011806666140188217 0.013425172041236057 0.0066461218839984912 -0.016802988211636779 -0.0040208164286187889 -1.0000000180025095e-35 -0.020247537407416468 1.0000000180025095e-35 -0.001991975985961902
decision_type=2 2 2 2 2 2 2 2 2 2 2 2 2 2 2 2 2 2 2 2 2 2 2 2 2 2 2 2 2 2
left_child=6 3 -3 4 5 -2 -1 10 9 12 11 -6 13 14 15 27 -16 25 -19 20 21 28 23 -23 -20 -18 -27 -9 29 -10
right_child=1 2 -4 -5 7 -7 -8 8 19 -11 -12 -13 -14 -15 16 -17 17 18 24 -21 -22 22 -24 -25 -26 26 -28 -29 -30 -31
leaf_value=-0.0001706805145440714 0.00047689451122455369 0.00039008322208806197 0.0016312531674703972 8.168290802771676e-05 -0.00011808927492548902 8.2661239676254006e-06 -5.9932651544120869e-05 0.00037043980762130162 -0.00013986845544347812 0.0022610846746335738 -0.00011662779720566603 0.00038515538594400146 -0.00048427085333295895 0.0020595966293555728 -0.00020045475645901029 0.00064334627061299527 4.3860254373547688e-05 -0.00014389856331287125 0.00059823128999664439 -0.00036533836209049657 0.00081944204787588932 0.00022371730364870838 -5.3549606875956591e-05 0.0012278260768125405 8.94234980609772e-05 0.0015312576415453909 0.00058653401342774513 -5.4367693472391547e-05 -0.00012150443172241478 0.00014772570624260159
leaf_weight=2645 145 1463 93 11703 85 207 21666 56 1859 78 4815 56 158 74 518 163 64 808 105 899 77 88 240 53 431 42 75 239 5207 2624
leaf_count=2645 145 1463 93 11703 85 207 21666 56 1859 78 4815 56 158 74 518 163 64 808 105 899 77 88 240 53 431 42 75 239 5207 2624
internal_value=-0.000276369 0.000307632 0.00296915 0.000173474 -0.000205052 0.00451704 -0.00105528 -0.0002934 2.59766e-05 0.00175916 -0.00118644 0.0056383 0.00131174 0.00167961 0.00135746 0.00515284 0.000506607 0.00159016 0.000654761 -0.000415046 -0.000201026 -0.000323206 0.00366142 0.0102482 0.00339552 0.00853591 0.0125214 0.00161017 -0.000479877 0.00029779
internal_weight=56736 32425 1556 30869 19166 352 24311 18814 13858 2811 4956 141 2733 2575 2501 458 2043 1525 1344 11047 10148 10071 381 141 536 181 117 295 9690 4483
internal_count=56736 32425 1556 30869 19166 352 24311 18814 13858 2811 4956 141 2733 2575 2501 458 2043 1525 1344 11047 10148 10071 381 141 536 181 117 295 9690 4483
is_linear=0
shrinkage=0.05


Tree=29
num_leaves=31
num_cat=0
split_feature=5 4 4 1 14 3 13 13 13 13 11 8 11 14 15 14 14 9 16 11 11 14 9 15 13 15 15 15 13 13
split_gain=8.69186 3.90234 3.41478 2.45907 2.04679 3.82011 4.03329 5.32842 2.19857 2.65074 4.79281 2.14341 2.54581 2.14425 2.15863 2.06906 7.49491 11.9443 1.97614 1.92648 7.43229 2.13266 1.84983 1.8436 2.37078 1.80847 5.14707 2.61544 2.98471 6.13144
threshold=0.016743263827957686 0.058112355217808269 0.015444348045290253 -0.063817481330181655 0.03406338940495391 0.00039725328245709962 13.194999694824221 13.085000038146974 14.244999885559084 15.114999771118166 -0.0018136375803269875 0.14157153138949444 -0.035697705395590577 0.037142264963949019 0.0025380400875809621 -0.12096344977185801 -0.13532199000438486 -0.13461903154025065 -0.035810410456525492 -0.024572906939621272 -0.028866681392767265 0.14228104891203866 0.036442640287600921 -0.017588249087878035 18.974999427795414 0.0091041420845381377 0.0070853510662165506 -0.00023408966585319876 23.604999542236332 21.724999427795414
decision_type=2 2 2 2 2 2 2 2 2 2 2 8 2 2 2 2 2 10 2 2 2 2 10 2 2 2 2 2 2 2
left_child=2 25 -1 18 15 19 7 -7 -8 10 -10 12 -11 14 -14 16 -4 -18 -3 20 21 -6 -22 24 -17 26 27 -2 29 -29
right_child=1 3 4 -5 5 6 8 -9 9 11 -12 -13 13 -15 -16 23 17 -19 -20 -21 22 -23 -24 -25 -26 -27 -28 28 -30 -31
leaf_value=-0.00012054131971226256 0.00013555097345983121 0.0022977307707959535 -0.0001716522324753583 0.00048504550532522858 0.00013149059649032591 -4.727003575278421e-05 -0.00031529024551596078 0.00072749424545811225 0.00099797071556325637 0.00040364994038007964 6.2916785791876479e-05 -0.00029529644903726588 0.00029390655326329762 5.3397639748780573e-05 -6.9414112845653933e-05 0.0010726374308558499 0.0012921758555491589 0.00011062741745146709 0.00097944338189904969 -6.4273352364982135e-05 0.00019115888307499947 -0.00053669359762215888 0.00062228673388865135 -6.3903226231430454e-05 8.0817271401365526e-06 -6.6651386998051968e-05 0.00039940064288290279 -5.5782975422022541e-05 -0.00045430577520027524 0.00075263018012635384
leaf_weight=6685 6201 58 714 833 264 55 149 72 71 43 143 205 96 2143 69 47 69 273 249 4965 71 234 73 24889 80 2712 1046 3354 509 223
leaf_count=6685 6201 58 714 833 264 55 149 72 71 43 143 205 96 2143 69 47 69 273 249 4965 71 234 73 24889 80 2712 1046 3354 509 223
internal_value=-0.000284037 0.000739215 -0.000659262 0.00355263 -0.000460044 0.000206286 0.00163165 0.0103543 0.00125214 0.0015704 0.00691589 0.00112285 0.0015504 0.00132582 0.00681818 -0.000681192 0.00148674 0.0075731 0.00737785 -0.000568041 0.00200934 -0.000883535 0.0120139 -0.000772707 0.00523622 0.000510857 0.000788404 0.000448623 -0.00053353 -2.37641e-05
internal_weight=56595 15185 41410 1140 34725 8653 3046 127 2919 2770 214 2556 2351 2308 165 26072 1056 342 307 5607 642 498 144 25016 127 14045 11333 10287 4086 3577
internal_count=56595 15185 41410 1140 34725 8653 3046 127 2919 2770 214 2556 2351 2308 165 26072 1056 342 307 5607 642 498 144 25016 127 14045 11333 10287 4086 3577
is_linear=0
shrinkage=0.05


Tree=30
num_leaves=31
num_cat=0
split_feature=5 4 13 6 11 15 3 12 15 15 13 15 11 12 11 13 11 12 11 13 9 13 15 13 12 12 15 0 16 16
split_gain=8.74012 4.54722 4.07794 3.0713 2.65914 2.08956 2.30964 1.98094 1.87505 3.30049 8.53323 6.175 6.84412 8.12505 6.98659 3.3692 6.58751 4.12981 7.57154 3.97208 3.88501 3.14647 4.55508 3.71301 3.03387 12.3095 2.71326 2.70256 2.59623 10.2399
threshold=0.020227090025020444 0.015286585252861697 49.655000686645515 1.9586860830964967 0.057592518437268987 -0.0048236107122426866 0.0098095787651472106 0.12951747904648439 -0.0023126284439906604 0.00080252735093122596 25.505000114440922 0.00094699974993617275 -0.00034713630505139864 0.023295857250901001 0.017370539138914069 20.714999198913578 -0.0081164362823131202 -0.0013043729558080417 -0.0088251429249220897 14.904999732971193 0.18588364277543737 17.180000305175785 0.0022588527948164132 17.154999732971195 -0.0042212897871045643 -0.011339314302442725 1.0000000180025095e-35 0.011040330938443367 0.030550362791639144 0.030338515801458969
decision_type=2 2 2 2 2 2 2 2 2 2 2 2 2 2 2 2 2 2 2 2 8 2 2 2 2 2 2 2 2 2
left_child=1 -1 4 8 5 6 -2 -7 -3 10 26 12 -11 14 -14 16 17 -13 19 27 -20 22 -18 24 25 -24 -10 -19 29 -26
right_child=2 3 -4 -5 -6 7 -8 -9 9 11 -12 15 13 -15 -16 -17 21 18 20 -21 -22 -23 23 -25 28 -27 -28 -29 -30 -31
leaf_value=-0.00012758863588825737 0.00026687769819795865 -5.2035700763780383e-06 0.0013936097114788958 0.00010817849032971357 -0.00052026968980788439 0.00011996640591353168 0.00072978376459821364 0.00044249235181077583 -0.00011053887774157994 0.0017288749593980691 0.0010910908137223639 1.097306958570984e-06 0.0010293574723215825 -0.00027367834657077606 0.00014001572004991477 -0.00024905945330689749 -0.0002387943523482566 0.00020108000052907672 0.0026977560912919579 4.5050923769150323e-05 0.00032465468612311466 -0.00018361744674092953 2.8072338911574245e-05 0.0010999815285541634 -1.5833194644256957e-06 0.00085050489299400435 -0.00039212448639042201 0.00091815087045420043 -0.00020977019774072586 0.00092936728506431152
leaf_weight=6303 1923 14949 41 2923 203 5563 231 66 3351 50 44 1066 57 236 54 1779 1629 140 70 701 71 4040 685 60 7296 111 1491 85 1364 51
leaf_count=6303 1923 14949 41 2923 203 5563 231 66 3351 50 44 1066 57 236 54 1779 1629 140 70 701 71 4040 685 60 7296 111 1491 85 1364 51
internal_value=-0.000305742 -0.000558163 0.00122275 -0.000371488 0.001142 0.00128935 0.00261374 0.000782553 -0.000487558 -0.000757441 -0.00191977 -0.000466873 0.00570529 0.00321326 0.0143694 -0.000594841 -0.000382579 0.00221988 0.00441893 0.00277538 0.0152128 -0.000746916 -0.000315292 0.000100866 2.26137e-05 0.00297739 -0.00211896 0.00855555 -0.00024739 0.000124539
internal_weight=56633 48606 8027 42303 7986 7783 2154 5629 39380 24431 4886 19545 397 347 111 19148 17369 2133 1067 926 141 15236 11196 9567 9507 796 4842 225 8711 7347
internal_count=56633 48606 8027 42303 7986 7783 2154 5629 39380 24431 4886 19545 397 347 111 19148 17369 2133 1067 926 141 15236 11196 9567 9507 796 4842 225 8711 7347
is_linear=0
shrinkage=0.05


Tree=31
num_leaves=31
num_cat=0
split_feature=4 4 6 3 6 15 15 1 12 10 7 12 12 1 3 14 14 14 15 12 14 15 13 12 15 10 15 13 7 4
split_gain=8.94332 3.63279 3.30237 2.18677 2.11456 1.94773 1.93891 1.85475 1.75736 2.9893 3.11022 2.0643 3.38205 4.29378 4.46188 2.65108 2.19616 4.38576 2.81912 2.09862 2.19717 1.92247 4.65334 1.8899 1.74769 3.16394 2.36146 1.81391 2.23781 1.99206
threshold=0.025391394075392402 0.058112355217808269 -0.33813973335073305 0.039747174627872923 2.1040454797605155 -0.0023126284439906604 -0.010083995290270929 -0.081346913065631563 -0.015132588219615826 -0.020247537407416468 -0.0015680571185335277 -0.023427977904983906 -0.028754202463148134 0.010772316764282254 -0.00301870441313784 0.16071726291299396 -0.054107623009077337 -0.048319541899194234 0.028811492110827234 -0.043864369041982591 0.03011365738187333 0.0081129102034918094 21.409999847412113 -0.024129877186116751 0.010693782912721274 0.014457964096994848 0.0089769684743008522 12.454999923706056 0.044354935298200455 0.023234133595468373
decision_type=2 2 2 2 2 2 2 2 2 2 2 2 2 2 2 2 2 2 2 2 2 2 2 2 2 2 2 2 2 2
left_child=2 8 5 7 24 -1 -6 -3 11 10 -10 12 16 -14 -15 -13 18 -18 -2 20 -19 -21 -23 -16 26 27 -4 -26 29 -29
right_child=1 3 4 -5 6 -7 -8 -9 9 -11 -12 15 13 14 23 -17 17 19 -20 21 -22 22 -24 -25 25 -27 -28 28 -30 -31
leaf_value=-4.4438093482788117e-05 -0.0003520465477050603 0.00099593973223954606 -4.0509918749503919e-05 0.0016654954077368637 0.00031674894427310388 -0.0001324622396920455 4.5514805107271905e-05 0.00032825742492102749 0.00017354323329017398 7.0167852777208286e-05 0.0010060695867927115 -0.00034435332740348723 5.2147537851329169e-05 0.0013221636428772687 4.231569376414191e-05 0.0014455116288206622 0.00035144801113320696 0.00030506714234381269 0.00030019107928059375 -0.00025148103517263516 8.4405868525320988e-06 0.00074632431613570911 -0.00012190938689869994 0.00098421532008034448 0.001307849064095891 -0.00022530452422777071 -0.00022790519896840716 8.8526697120797529e-05 -0.00010895846067705061 0.00045442028721472632
leaf_weight=5778 996 227 15286 88 305 10497 1818 787 64 13132 43 990 406 48 89 71 46 373 55 856 895 54 134 42 50 531 1035 1344 447 191
leaf_count=5778 996 227 15286 88 305 10497 1818 787 64 13132 43 990 406 48 89 71 46 373 55 856 895 54 134 42 50 531 1035 1344 447 191
internal_value=-0.000310351 0.000560424 -0.000763372 0.00334846 -0.000349171 -0.001298 0.00114696 0.00269231 0.000392477 0.000695293 0.00901869 -0.000400595 0.000120179 0.00363248 0.0100838 -0.00236098 -0.000482547 0.000364715 -0.00238345 6.05524e-05 0.00142744 -0.00159962 0.00297872 0.00530534 -0.00051737 0.000696448 -0.000707985 0.00159449 0.00135721 0.00226384
internal_weight=56678 19396 37282 1102 21007 16275 2123 1014 18294 13239 107 5055 3994 585 179 1061 3409 2358 1051 2312 1268 1044 188 131 18884 2563 16321 2032 1982 1535
internal_count=56678 19396 37282 1102 21007 16275 2123 1014 18294 13239 107 5055 3994 585 179 1061 3409 2358 1051 2312 1268 1044 188 131 18884 2563 16321 2032 1982 1535
is_linear=0
shrinkage=0.05


Tree=32
num_leaves=31
num_cat=0
split_feature=4 3 15 11 15 10 10 6 9 16 12 3 16 12 12 11 10 11 16 12 3 11 6 13 13 11 10 10 12 8
split_gain=8.46498 3.79887 3.1155 3.0547 6.5358 4.0157 3.74821 2.98143 2.355 2.28887 3.23867 3.8379 2.42392 3.86333 3.16416 2.35528 2.58205 2.26269 2.41446 7.4304 2.16446 2.52572 2.03642 1.94357 3.02852 1.85422 1.80712 1.76835 2.245 2.10356
threshold=0.020945000464271595 0.039747174627872923 -0.0041994875895175468 -0.0069171623544285734 0.016193132226402177 -0.015857529403489442 0.012088687699085778 0.088125431023651404 -0.30558107431845472 -0.0030257205338030664 0.0066896649330910893 -0.00094231350265344671 -0.0099089722135382568 1.0000000180025095e-35 0.00075809453830288931 -0.010713711714103289 -0.0027475813947746004 0.050492682028646547 0.047257899490740669 -0.0018734111574215115 7.9907430104331225e-05 -0.022310337551763478 -0.81735484046145257 24.855000495910648 26.85000038146973 -0.0038431021214298529 -0.0069332481569183138 -0.0032352848591708501 0.0065049647434682898 -0.02420188059999628
decision_type=2 2 2 2 2 2 2 2 8 2 2 2 2 2 2 2 2 2 2 2 2 2 2 2 2 2 2 2 2 10
left_child=3 7 -3 4 9 -5 -6 17 -9 12 11 -11 13 15 -15 23 -17 18 -2 -20 21 -16 -7 -1 26 -24 -25 -22 29 -29
right_child=1 2 -4 5 6 22 -8 8 -10 10 -12 -13 -14 14 20 16 -18 -19 19 -21 27 -23 25 24 -26 -27 -28 28 -30 -31
leaf_value=-0.00018245443917506597 -1.2404443659424999e-05 0.0013493078925713488 0.00033822555335366437 0.00042708844273129336 0.00043740592046724456 -0.00015080918716684085 0.0018668272900271923 0.0011225806461290296 7.8192865836823177e-05 0.00043311001373738618 -0.00011157075309889121 3.2013650139879832e-05 -0.00031196894977757444 0.00027834962796085188 0.00053556500858670773 -6.3132204785595604e-05 0.00034516865545662368 -0.0003274778516893298 0.0011633115013408731 5.2682505727178974e-05 0.00023218108708225732 -6.828011635310989e-05 -0.00019036274573474725 0.00049333360828659155 -0.00041549174283719381 -6.2811060598740712e-05 0.00013193222778797376 -1.005865736702311e-05 -0.00010180594064758808 0.00050990671194572023
leaf_weight=1754 19291 75 313 65 83 3715 42 47 11239 219 323 219 735 53 112 111 90 418 63 264 310 672 1061 45 80 14857 58 40 262 43
leaf_count=1754 19291 75 313 65 83 3715 42 47 11239 219 323 219 735 53 112 111 90 418 63 264 310 672 1061 45 80 14857 58 40 262 43
internal_value=-0.000278774 0.000263323 0.00518041 -0.000967775 0.000103789 -0.00125343 0.0114 0.000202412 0.000852382 -0.000171675 0.00235874 0.00515982 -0.000612831 -8.26458e-05 0.00186997 -0.00144528 0.00370647 -0.000163707 -8.61466e-05 0.00417431 0.00142807 -0.000344389 -0.00129451 -0.00197987 0.0029235 -0.0010485 0.00859223 0.00354962 0.00108696 0.00825301
internal_weight=56659 31710 388 24949 5251 19698 125 31322 11286 5126 761 438 4365 3630 1492 2138 201 20036 19618 327 1439 784 19633 1937 183 15918 103 655 345 83
internal_count=56659 31710 388 24949 5251 19698 125 31322 11286 5126 761 438 4365 3630 1492 2138 201 20036 19618 327 1439 784 19633 1937 183 15918 103 655 345 83
is_linear=0
shrinkage=0.05


Tree=33
num_leaves=31
num_cat=0
split_feature=5 5 4 3 13 13 16 13 11 11 12 15 10 15 13 16 11 14 10 4 14 11 13 9 13 14 11 12 15 3
split_gain=7.65127 3.48346 2.78039 2.6176 2.36656 6.43363 13.1159 2.66799 3.21096 5.46216 7.96767 2.9816 4.61797 7.76184 4.21948 3.84465 3.12085 5.0235 3.41093 2.85875 2.69054 3.44764 7.40687 5.04445 3.41856 3.1291 2.49289 2.90035 3.58329 3.07647
threshold=0.013693065105127142 0.036312053764169828 0.013706297330974634 0.039747174627872923 22.330000877380375 21.724999427795414 0.011310475089925888 21.134999275207523 -0.0083605028884894388 -0.0095678810617049175 0.0066896649330910893 -0.0043255499166648939 -0.0022250967273709783 -0.0082312322085942285 16.345000267028812 0.015921395303230116 0.01723808414084094 -0.00064785032559577782 -0.00018006943063253453 0.027287958073209405 -0.069744182185856193 0.025734816417073651 18.105000495910648 0.039046977169092674 20.500000000000004 -0.071225645536492452 0.0049014258376020034 -0.051373886546093366 -0.010083995290270929 0.0082261650025833317
decision_type=2 2 2 2 2 2 2 2 2 2 2 2 2 2 2 2 2 2 2 2 2 2 2 10 2 2 2 2 2 2
left_child=2 4 -1 -3 5 7 -7 8 9 -2 -11 12 26 -14 15 -15 18 -18 -16 -20 21 24 23 -23 25 -13 27 -10 29 -29
right_child=1 3 -4 -5 -6 6 -8 -9 11 10 -12 20 13 14 16 -17 17 -19 19 -21 -22 22 -24 -25 -26 -27 -28 28 -30 -31
leaf_value=-0.00014900664065999749 8.0884747820826687e-05 0.00048145144461795246 -4.5813608517135068e-05 0.0017693901239931135 -7.991954742415774e-05 6.6099268101090731e-05 0.001693341397923829 -0.0002441809346417707 0.00050924843505170756 0.0014315459131718292 4.705674092779151e-06 -6.08511273195685e-05 -0.00016490663043783023 3.6062305531212717e-05 0.0010417027018096139 0.00069287361874300463 0.00054941685430855787 0.00023178111460002808 0.00067594482456702777 0.00036225112631485225 -5.8961837882904789e-05 0.0012928074509742738 -8.0693530579962041e-05 2.8234602897729151e-05 0.0004345824066310217 0.00048719416531634794 -0.00026082017689253999 0.00023711329074226612 -0.00022818826501367186 0.00082682385316543237
leaf_weight=2668 3063 819 26688 67 4303 387 123 571 50 179 198 1397 389 479 76 131 51 240 128 146 11506 114 229 52 81 136 933 694 808 42
leaf_count=2668 3063 819 26688 67 4303 387 123 571 50 179 198 1397 389 479 76 131 51 240 128 146 11506 114 229 52 81 136 933 694 808 42
internal_value=-0.000276487 0.000324546 -0.000837309 0.00340858 0.000221458 0.000429445 0.00598039 0.000298943 0.000390113 0.00178779 0.00746684 0.000118198 0.0012875 0.00335366 0.00527178 0.00229508 0.00810452 0.00427835 0.0112857 0.00868613 -0.000242325 0.00144599 0.00563291 0.0136747 0.000421312 -0.000107633 -5.34242e-05 0.00114805 0.000764248 0.00328804
internal_weight=56748 27392 29356 886 26506 22203 510 21693 21122 3440 377 17682 4167 1640 1251 610 641 291 350 274 13515 2009 395 166 1614 1533 2527 1594 1544 736
internal_count=56748 27392 29356 886 26506 22203 510 21693 21122 3440 377 17682 4167 1640 1251 610 641 291 350 274 13515 2009 395 166 1614 1533 2527 1594 1544 736
is_linear=0
shrinkage=0.05


Tree=34
num_leaves=31
num_cat=0
split_feature=5 5 6 11 14 15 15 9 16 11 6 10 7 9 16 13 16 13 13 16 15 15 11 10 10 12 12 11 13 13
split_gain=7.02553 3.63352 2.57767 2.11293 2.04482 2.25154 5.98477 2.89486 2.00467 1.9369 1.65492 1.60705 1.54749 1.52581 1.7588 2.39694 2.61383 2.28054 1.95857 1.91661 2.84539 2.81934 1.8391 3.42127 4.39129 1.50064 8.40731 3.23825 2.91924 4.90123
threshold=0.012790186119024419 0.028910178635249018 0.94493904124746253 0.022655282977909755 0.020125848996620292 0.0070853510662165506 0.0074072805227121128 -0.022045656251147568 0.016866697682335733 0.021151799211171721 -0.85380652340656782 0.0066461218839984912 -0.075101755450935823 0.098835040204956828 -0.002407356741471633 19.814999580383304 0.010557289746003009 17.180000305175785 16.644999504089359 0.011821772639259655 0.0031700647259681474 -0.0044791130751633537 0.027231937128701426 0.010000558479015599 0.00069580976977412512 0.021751379698535137 0.021636027658746174 0.027231937128701426 14.570000171661379 15.464999675750734
decision_type=2 2 2 2 2 2 2 10 2 2 2 2 2 8 2 2 2 2 2 2 2 2 2 2 2 2 2 2 2 2
left_child=4 2 -2 9 10 25 7 -7 11 -3 -1 -8 -5 14 -12 17 -17 18 22 20 21 -20 -16 24 -24 26 28 -27 -6 -30
right_child=1 3 -4 12 5 6 8 -9 -10 -11 13 -13 -14 -15 15 16 -18 -19 19 -21 -22 -23 23 -25 -26 27 -28 -29 29 -31
leaf_value=-0.0001399596661210778 -1.9602797196880974e-05 0.00040494512126572173 0.00011618405146458773 0.00054446765653149299 -0.00040777719610923075 0.00019051120825682027 3.4827882495914741e-05 0.00072654090871397594 -0.00026457339395336834 0.0010501359900571313 -0.00013223638050213369 0.00032001980901845059 -0.00018103053029960709 -0.00010420703191919866 -3.2508174096881003e-05 0.00043964964435972423 -7.4562105874521466e-05 -0.00020175624105129493 0.00028604003126711687 -0.00012079035925814868 0.0010540599467350723 -0.00025071778030904336 0.00033289696357293092 0.00074486189249191672 -8.9034033755744607e-05 -0.00011929132218067964 0.00052118085580901772 0.0003352895538286552 0.00027689982238498476 -1.7002058434173455e-05
leaf_weight=2932 25108 1834 4660 40 535 52 199 58 224 56 2082 77 509 7372 2837 104 72 561 75 132 66 70 63 65 346 2699 77 156 368 3200
leaf_count=2932 25108 1834 4660 40 535 52 199 58 224 56 2082 77 509 7372 2837 104 72 561 75 132 66 70 63 65 346 2699 77 156 368 3200
internal_value=-0.000329249 0.00015571 3.69405e-06 0.00201107 -0.0009688 -0.000291041 0.00262295 0.0131818 0.000299999 0.00280423 -0.00127764 0.00315217 -0.000719491 -0.00104912 -0.000488955 7.85686e-05 0.00579545 -0.000160144 0.000295565 0.00389213 0.00684834 0.00293103 -7.70172e-05 0.00280591 0.00111247 -0.000543711 5.98074e-05 -0.00142732 -0.000247381 0.000269057
internal_weight=56629 32207 29768 2439 24422 7645 610 110 500 1890 16777 276 549 13845 6473 4391 176 4215 3654 343 211 145 3311 474 409 7035 4180 2855 4103 3568
internal_count=56629 32207 29768 2439 24422 7645 610 110 500 1890 16777 276 549 13845 6473 4391 176 4215 3654 343 211 145 3311 474 409 7035 4180 2855 4103 3568
is_linear=0
shrinkage=0.05


Tree=35
num_leaves=31
num_cat=0
split_feature=4 4 6 6 6 4 3 10 11 8 9 10 14 14 11 11 13 13 13 12 9 12 12 12 13 13 10 13 10 13
split_gain=6.90873 3.14718 2.73711 2.51533 2.20531 2.00849 1.89866 2.47957 1.48163 1.37137 1.67832 1.63784 1.38482 1.46867 1.37002 1.88131 3.07823 1.33616 4.42391 15.6791 4.35533 2.16012 2.35037 3.02106 2.69439 2.42235 1.86244 1.79392 1.73417 1.67098
threshold=0.021009156142598805 0.041275350009349863 -0.0097807460894871589 -0.083680564651139086 1.8180203462281834 0.014173857932152331 0.026820058528867045 -0.001095493805140457 0.057592518437268987 0.10564502585528369 0.29201520273870435 -0.009254911904007011 0.035115678917499234 0.055948056460050417 0.044463643697869822 0.041951569626952907 15.654999732971193 22.330000877380375 21.724999427795414 0.075051001770625306 0.044086106158293677 0.12951747904648439 -0.02814648891975435 -0.036045900478668118 24.119999885559086 30.345000267028812 -0.020247537407416468 30.750000000000004 0.025743620792394565 19.055000305175785
decision_type=2 2 2 2 2 2 2 2 2 8 10 2 2 2 2 2 2 2 2 2 10 2 2 2 2 2 2 2 2 2
left_child=3 4 8 5 9 -1 -4 -8 -3 10 14 -11 -12 -14 15 17 -17 18 26 20 -20 22 23 25 -25 28 -2 -27 -19 -28
right_child=1 2 6 -5 -6 -7 7 -9 -10 11 12 -13 13 -15 -16 16 -18 21 19 -21 -22 -23 -24 24 -26 27 29 -29 -30 -31
leaf_value=-0.00016886435650584632 0.00044824919818490459 0.00010795521246457015 0.00038156677029362225 -2.4266150736026303e-05 0.00013524237478636299 -7.3326900315250461e-05 0.0017003987029057034 0.00046665983497129812 -0.00057597337674482145 -0.00035413829713534231 0.00010450393048699933 -5.6644502390171079e-05 0.00080894961589956951 0.0002096345205668824 -0.00014794314509449674 -0.00040137562451990274 0.0007418449570758157 -0.00017602527193178824 -3.8576005852443541e-05 0.0021648224060046538 0.00074400775312151186 0.0003715791098522984 -0.00027818892393468658 -9.5672177696419337e-07 0.00054406021684567376 0.00063247480492019934 1.8748836301899101e-05 7.9110999763680107e-05 0.00031516332108769493 -9.5398847387669457e-05
leaf_weight=2097 108 2155 1280 10768 2121 12415 52 153 118 507 488 3636 51 103 713 43 89 1134 334 49 77 43 1136 69 85 78 13698 255 54 2856
leaf_count=2097 108 2155 1280 10768 2121 12415 52 153 118 507 488 3636 51 103 713 43 89 1134 334 49 77 43 1136 69 85 78 13698 255 54 2856
internal_value=-0.000306088 0.000188184 0.00154603 -0.000921678 4.14639e-06 -0.0013513 0.00321549 0.00768293 0.000455344 -0.000124191 3.65734e-05 -0.000957037 0.00255452 0.00668831 -4.10655e-05 3.53081e-05 0.00598485 -4.006e-06 0.000162947 0.005 0.00181265 -0.00100561 -0.00117574 1.49242e-05 0.00668831 -0.000660751 2.9407e-05 0.00310811 -0.00171717 -1.3291e-05
internal_weight=56765 31485 3758 25280 27727 14512 1485 205 2273 25606 21463 4143 642 154 20821 20108 132 19976 17122 460 411 2854 2811 1675 154 1521 16662 333 1188 16554
internal_count=56765 31485 3758 25280 27727 14512 1485 205 2273 25606 21463 4143 642 154 20821 20108 132 19976 17122 460 411 2854 2811 1675 154 1521 16662 333 1188 16554
is_linear=0
shrinkage=0.05


Tree=36
num_leaves=31
num_cat=0
split_feature=5 6 4 12 13 13 12 9 3 11 14 15 15 14 13 10 12 14 14 12 13 10 11 9 3 13 13 3 11 10
split_gain=5.8892 3.23336 3.8807 2.43048 2.89213 5.94945 9.7194 2.49026 2.35073 2.25638 2.13636 3.63302 5.86174 4.62961 3.45711 3.30522 2.94099 2.46309 4.14932 2.31761 2.57674 2.31585 2.5357 2.12229 2.09667 2.08118 2.97088 4.2703 2.07427 4.88752
threshold=0.014179446486901809 0.088125431023651404 0.041275350009349863 -0.075828254732232245 22.330000877380375 21.724999427795414 0.0033715078329863428 0.047884709411541 -0.0051126073145955067 -0.033420149013226534 0.003286853869637119 0.0067316293412662551 0.0074072805227121128 0.005094684764536229 14.465000152587892 -0.00038722571471944128 0.048546370435733628 -0.035510202905524417 -0.035714459440522088 -0.036853049265853803 17.994999885559086 0.0097813689892826145 0.003505922146060048 0.10771320816941478 0.0010172900859443115 19.085000038146976 19.010000228881839 0.0013596393222334859 0.027231937128701426 0.0047561203387664905
decision_type=2 2 2 2 2 2 2 10 2 2 2 2 2 2 2 2 2 2 2 2 2 2 2 8 2 2 2 2 2 2
left_child=10 3 -3 23 5 25 7 -7 -4 -10 17 13 14 15 -13 -12 21 18 -1 20 -19 22 -14 -2 -8 26 -5 -28 -15 -30
right_child=1 2 8 4 -6 6 24 -9 9 -11 11 12 16 28 -16 -17 -18 19 -20 -21 -22 -23 -24 -25 -26 -27 27 -29 29 -31
leaf_value=-4.1215301996958092e-05 0.00015083398459621468 5.9776399320750137e-05 0.0002795520856061846 1.0022946383462428e-05 -0.000195646979139957 -7.7833673269771977e-05 0.0015618644759720103 0.0014574831487812099 0.001151335443828391 0.00068524529885356116 0.00039593705135272428 0.00055201327312354956 0.00025773038508055952 -5.874562476970561e-05 0.00024855142993446592 -2.3793491716600814e-05 -0.00033794946119531548 0.0003139891923072562 0.0002648881961256928 -0.00012526305056256525 3.456339389957086e-05 0.00041153792649423806 -4.2666700679774775e-05 0.0008240180362882719 0.0016115598730848401 -0.00011303011181371692 -0.00032123302699918401 0.00075241801549027977 5.6238943524889843e-05 0.00083269523818881573
leaf_weight=8168 372 7340 544 10269 2545 184 48 44 55 757 248 44 252 11512 169 181 227 55 131 9382 300 103 580 45 41 2545 56 68 344 52
leaf_count=8168 372 7340 544 10269 2545 184 48 44 55 757 248 44 252 11512 169 181 227 55 131 9382 300 103 580 45 41 2545 56 68 344 52
internal_value=-0.00029306 0.000282381 0.00106026 -0.000134736 -0.000234178 6.22395e-05 0.00682965 0.00135965 0.0035177 0.00522167 -0.000744615 -0.000274214 0.00216364 -0.00054592 0.00978873 0.00455711 0.00076592 -0.00110224 -0.000469335 -0.00164168 0.00232394 0.00200535 0.00112981 0.00363309 0.0208427 -0.000103572 0.000210236 0.00790322 -0.000729763 0.00282828
internal_weight=56661 24913 8696 16217 15800 13255 317 228 1356 812 31748 13712 1375 12337 213 429 1162 18036 8299 9737 355 935 832 417 89 12938 10393 124 11908 396
internal_count=56661 24913 8696 16217 15800 13255 317 228 1356 812 31748 13712 1375 12337 213 429 1162 18036 8299 9737 355 935 832 417 89 12938 10393 124 11908 396
is_linear=0
shrinkage=0.05


Tree=37
num_leaves=31
num_cat=0
split_feature=4 13 11 16 12 16 15 15 15 14 13 13 14 13 4 15 13 14 16 11 16 14 15 12 12 15 12 13 13 14
split_gain=6.16117 2.70797 2.64839 3.72362 12.2372 2.96291 2.3881 2.30789 2.86466 2.61757 6.65347 2.39038 2.10055 5.55036 2.03117 2.4954 5.93768 4.97198 2.33857 3.5317 3.09731 2.95281 2.85285 2.22824 2.52636 2.52975 4.84567 4.8584 6.5523 4.6569
threshold=0.020945000464271595 49.655000686645515 0.050492682028646547 0.047257899490740669 -0.0018734111574215115 0.035503922391882388 -0.021715650796061577 -0.0031917434085209635 0.0022019283354985934 0.052213768787031663 14.244999885559084 21.954999923706058 -0.039055332959848192 16.404999732971195 0.039987601095102687 -0.016247725666837017 25.505000114440922 0.21504170766917155 -0.023739338101520454 -0.036898876616972491 -0.023148470521609118 -0.16769008837329388 -0.0049578530655397515 -0.062212446145613214 -0.057938720016513449 0.0062516417598227356 0.097353857643908484 15.684999942779543 15.425000190734865 0.10157519013318318
decision_type=2 2 2 2 2 2 2 2 2 2 2 2 2 2 2 2 2 2 2 2 2 2 2 2 2 2 2 2 2 2
left_child=7 2 3 5 -5 6 -2 12 11 -10 -11 -9 13 -1 15 16 17 -8 19 22 -20 -22 -17 -23 -25 -26 27 28 -27 -29
right_child=1 -3 -4 4 -6 -7 14 8 9 10 -12 -13 -14 -15 -16 18 -18 -19 20 -21 21 23 -24 24 25 26 -28 29 -30 -31
leaf_value=0.0003041560899778246 -0.00022042806614849423 0.0010033942720771882 -0.00030841256373606118 0.0011211478617198796 0.00011701395469372873 -0.00024072259143425963 -0.00014394370950546894 -0.00014807832674331356 -4.930243615632013e-05 0.00071357619224729106 5.8513109822053504e-05 0.00027308578655026015 -2.2605653095800684e-05 -0.00012552077039315287 0.0002099082265478216 0.00031334741938964867 0.0005111852718404507 0.00074699947375568077 0.00017942624875726037 -0.00020904133339670153 0.0003324489560630562 -0.00047308135628388394 -6.2356707614304605e-05 0.00027349168503888955 -1.3874336821273465e-05 0.00020246374640653654 0.00078049852925318893 -2.3280365555616662e-05 0.0010192354508154161 0.0011537183621114588
leaf_weight=167 875 65 564 93 503 1309 537 6555 10390 42 261 152 7276 194 3538 114 188 92 166 1987 92 420 163 132 14856 1950 48 3769 135 54
leaf_count=167 875 65 564 93 503 1309 537 6555 10390 42 261 152 7276 194 3538 114 188 92 166 1987 92 420 163 132 14856 1950 48 3769 135 54
internal_value=-0.00027405 0.000189572 0.000168591 0.000230327 0.00414429 0.000153655 0.000258276 -0.000860128 -0.00117816 -0.000670066 0.00391089 -0.00198822 -0.000135526 0.00358726 0.000337983 0.000177508 0.00289474 0.000564387 8.45672e-05 -0.00144435 0.000244657 0.00019202 0.00384476 0.000153528 0.000225839 0.000182105 0.00105272 0.000924169 0.00286571 -0.000134712
internal_weight=56687 31650 31585 31021 596 30425 29116 25037 17400 10693 303 6707 7637 361 28241 24703 817 629 23886 2264 21622 21456 277 21364 20944 20812 5956 5908 2085 3823
internal_count=56687 31650 31585 31021 596 30425 29116 25037 17400 10693 303 6707 7637 361 28241 24703 817 629 23886 2264 21622 21456 277 21364 20944 20812 5956 5908 2085 3823
is_linear=0
shrinkage=0.05


Tree=38
num_leaves=31
num_cat=0
split_feature=4 4 14 3 10 10 15 11 6 11 15 10 14 11 14 9 15 14 12 11 15 13 10 12 10 2 10 10 13 12
split_gain=5.81669 3.62026 2.69888 3.36358 2.61476 1.87823 2.18686 2.16544 1.85803 1.83269 4.92648 3.43258 2.90198 1.96774 3.55271 5.75236 2.34696 4.76712 2.59194 2.33859 5.6822 3.8197 2.22896 2.1044 4.64938 2.50331 1.827 1.69634 2.3278 1.8863
threshold=0.042059790562699366 0.020610197965743243 -0.016062326519559963 0.039747174627872923 -0.013932246020769588 0.0065693158084053635 -0.010589994637849485 -0.014879345686955035 0.94493904124746253 -0.0069171623544285734 0.016193132226402177 -0.015857529403489442 -0.010052360297814309 -0.0038431021214298529 -0.12096344977185801 -0.0015401360189746247 -0.0040951606582260705 -0.031180558164108082 0.0077064293796303982 0.01613839302739695 -0.0044791130751633537 14.404999732971193 0.00057746953586101945 0.01743897700487718 -0.0067260257632843481 -0.043358875441961535 0.012088687699085778 -0.0074311122071506466 14.244999885559084 -0.02683756902577766
decision_type=2 2 2 2 2 2 2 2 2 2 2 2 2 2 2 10 2 2 2 2 2 2 2 2 2 2 2 2 2 2
left_child=1 9 -2 4 -4 6 7 -6 -3 10 12 -11 -1 -13 15 -15 17 18 -16 21 22 -19 -21 24 -23 -26 -12 29 -29 -14
right_child=2 8 3 -5 5 -7 -8 -9 -10 11 26 13 27 14 16 -17 -18 19 -20 20 -22 23 -24 -25 25 -27 -28 28 -30 -31
leaf_value=-0.00013082035470382507 2.621301227472811e-05 -1.9815606737181333e-05 -6.5358605728650011e-05 0.0012897584928477925 0.0018584788511206594 0.0015214591400837755 0.00050609730415964469 0.00056537910595328669 9.8058824125320601e-05 0.00055142692487514212 0.00032742491343209303 -0.0001737580805348949 0.00013888062205457183 0.00043346215080991264 -0.00039182384045728322 -6.256890988368462e-05 -9.9206617245820182e-05 -0.00026301990986762886 0.00032640969139952015 -0.00017776407385414284 0.00049387488267718519 -0.00018539623466131842 0.000170970728727886 -6.9190096181836089e-05 0.00042614807597280991 0.00024242501268490588 0.0022746871734359328 -0.00028545533632718767 0.00010424713278004636 -0.00013806731167804063
leaf_weight=1553 1660 24413 430 58 40 77 1168 121 4789 65 77 1251 447 94 46 123 13873 1042 200 287 81 294 207 986 56 390 43 184 1532 1142
leaf_count=1553 1660 24413 430 58 40 77 1168 121 4789 65 77 1251 447 94 46 123 13873 1042 200 287 81 294 207 986 56 390 43 184 1532 1142
internal_value=-0.000275786 -0.000406677 0.00168261 0.00297254 0.00259804 0.00364154 0.00320165 0.0086646 -3.28757e-05 -0.000862013 -8.03655e-06 -0.00108581 -0.00025525 -0.0011252 -0.000989593 0.00536866 -0.00106861 7.10492e-05 0.00678862 -0.000423274 0.00247826 -0.00102601 0.000465586 0.000417148 0.00243243 0.00565022 0.01 0.00058245 0.00167249 -0.000594715
internal_weight=56729 53175 3554 1894 1836 1406 1329 161 29202 23973 4978 18995 4858 18930 17679 217 17462 3589 246 3343 575 2768 494 1726 740 446 120 3305 1716 1589
internal_count=56729 53175 3554 1894 1836 1406 1329 161 29202 23973 4978 18995 4858 18930 17679 217 17462 3589 246 3343 575 2768 494 1726 740 446 120 3305 1716 1589
is_linear=0
shrinkage=0.05


Tree=39
num_leaves=31
num_cat=0
split_feature=4 6 4 11 5 3 9 14 3 13 10 13 13 13 12 13 12 9 11 11 14 10 14 13 14 11 12 10 9 2
split_gain=5.17892 2.66582 2.37506 2.24119 2.41762 1.76973 1.70121 1.65044 3.70667 3.5862 2.90285 2.71282 1.94052 2.56858 3.53597 1.56268 4.39365 2.96232 3.81902 2.92819 2.92586 11.1079 4.91197 3.23227 2.63051 2.44128 5.27215 7.57893 6.99742 4.17294
threshold=0.028353279289948363 2.1040454797605155 0.015207516251163825 0.057592518437268987 0.038056263394235477 0.039747174627872923 -0.055245202220391802 0.032336920174311119 0.00039725328245709962 13.194999694824221 -0.004697388100089738 13.085000038146974 14.244999885559084 15.114999771118166 0.029587850258833818 17.164999961853031 -0.031853242392431029 0.14504587946596173 -0.010713711714103289 0.0079258183849449954 -0.035510202905524417 -0.002481321509367584 -0.035714459440522088 17.154999732971195 -1.0000000180025095e-35 0.015980526956462796 0.032942556438581912 0.011878976050790248 -0.043860599339513855 0.010649042238201846
decision_type=2 2 2 2 2 2 8 2 2 2 2 2 2 2 2 2 2 8 2 2 2 2 2 2 2 2 2 2 10 2
left_child=1 2 -1 4 -2 -6 -4 10 -9 11 -8 -10 -11 14 -14 16 17 -12 -19 -20 21 -18 25 24 -22 -23 -27 28 29 -28
right_child=3 -3 6 -5 5 -7 7 8 9 12 15 -13 13 -15 -16 -17 20 18 19 -21 23 22 -24 -25 -26 26 27 -29 -30 -31
leaf_value=-9.8787149096971614e-05 6.0017713655209057e-05 0.00011096984204566835 5.843220872473533e-05 -0.00044741308463528437 0.00070045590891490547 0.0016283407635470249 -0.00021489275420294538 -4.8795781291541306e-05 1.2659479584829283e-05 -0.00030179153073848 -0.00013806178152387703 0.00065130094456955154 0.0007408645258384452 5.1784302584429874e-05 0.00017414408699892674 -9.2713195432071572e-05 0.00066093375583550307 -0.00041156472654606773 0.00046355240357348788 0.00015412223148698708 -0.00012679093716343119 -5.6760265448622581e-05 0.00050716026889094054 0.00061748543265573912 -3.626716090376978e-06 -7.4121093310319897e-05 0.0011066195247362756 -0.00033728368600335706 0.00035936065463585673 0.00052610274941137494
leaf_weight=5726 13008 2451 3858 241 583 55 1283 4924 52 139 71 78 62 2365 141 6978 56 45 111 48 5729 3140 84 83 3901 954 61 176 222 99
leaf_count=5726 13008 2451 3858 241 583 55 1283 4924 52 139 71 78 62 2365 141 6978 56 45 111 48 5729 3140 84 83 3901 954 61 176 222 99
internal_value=-0.000229534 -0.000501554 -0.000598724 0.000609562 0.000693975 0.00369906 -0.000442875 -0.000566848 6.37792e-05 0.00150335 -0.000779264 0.00961538 0.00111378 0.00142523 0.00682266 -0.000642983 -0.000351828 0.00590909 0.00897059 0.0126101 -0.000470529 0.000540483 0.000278715 -0.000969321 -0.001054 6.23376e-05 0.00171296 0.00557348 0.00952879 0.0175
internal_weight=56724 42837 40386 13887 13646 638 34660 30802 7761 2837 23041 130 2707 2568 203 21758 14780 275 204 159 14505 4792 4736 9713 9630 4652 1512 558 382 160
internal_count=56724 42837 40386 13887 13646 638 34660 30802 7761 2837 23041 130 2707 2568 203 21758 14780 275 204 159 14505 4792 4736 9713 9630 4652 1512 558 382 160
is_linear=0
shrinkage=0.05


Tree=40
num_leaves=31
num_cat=0
split_feature=5 6 14 15 15 15 14 13 13 8 10 10 15 6 12 12 11 11 15 12 9 9 15 15 15 13 10 10 8 2
split_gain=4.66845 2.48969 2.47647 5.15091 3.24989 4.35153 3.15751 3.14946 4.38751 2.82779 2.57872 2.65155 2.63843 2.45594 2.3533 6.64983 4.09478 6.4942 3.89219 3.25765 4.03231 2.83458 2.59718 2.35077 5.51705 5.46255 5.83038 3.95006 2.89492 2.31445
threshold=0.018444068992157971 0.099427422959183345 0.022797718540964799 -0.017588249087878035 -0.021715650796061577 -0.019417955907925995 0.023372981459681922 25.505000114440922 26.85000038146973 0.020229544276710424 -0.012508695811735191 -0.0049441493240062187 0.0067316293412662551 1.9586860830964967 1.0000000180025095e-35 0.00075809453830288931 -0.014526452350843598 -0.014879345686955035 -0.017588249087878035 0.0033715078329863428 0.19509889838692165 0.07425068874435882 -0.010286893464813983 0.004822880014358045 0.0051302458510330559 13.444999694824221 0.0031820502402425403 -0.0020521313117868862 0.016784836900406001 0.031682392753731754
decision_type=2 2 2 2 2 2 2 2 2 10 2 2 2 2 2 2 2 2 2 2 10 10 2 2 2 2 2 2 10 2
left_child=2 -2 3 -1 -4 29 9 14 13 -7 -5 12 -12 -9 -8 -16 17 19 21 -17 22 -18 -21 -20 -25 26 -26 -27 -28 -6
right_child=1 -3 4 10 5 6 7 8 -10 -11 11 -13 -14 -15 15 16 18 -19 23 20 -22 -23 -24 24 25 27 28 -29 -30 -31
leaf_value=0.00095934644775675965 1.9230418754392219e-05 0.00021576104913573432 -0.00028026265621963097 0.00022450266041993631 0.00014689935073231369 0.00035445427130270066 -9.7952592808304642e-05 0.00055771242735468119 -0.00017827032165952433 7.8216068413603448e-05 -0.00029510659269495166 -4.8962586452916743e-05 0.00015706828417750565 1.2070943499459677e-05 0.00027746440698904115 -0.00054333177872461775 0.00078492582641472041 0.00094932428388244661 -5.3608663625038459e-05 -0.00047692716607638998 0.00036955014187596146 -7.4608033075862837e-05 0.00012745254329193988 0.00081021987247443411 0.00081193705931500298 0.00084939236528016628 0.00049819077841138637 -9.9220193543092918e-05 -0.00034049693434985695 0.00074555391610693395
leaf_weight=57 7071 3665 691 47 147 78 3373 166 245 175 1135 30604 123 73 121 190 65 54 6420 148 59 45 564 65 67 41 62 968 74 57
leaf_count=57 7071 3665 691 47 147 78 3373 166 245 175 1135 30604 123 73 121 190 65 54 6420 148 59 45 564 65 67 41 62 968 74 57
internal_value=-0.000256841 0.000681817 -0.000476326 -0.00071889 7.95801e-05 0.000253827 0.00014058 3.12488e-05 0.0039876 0.00567194 -0.000745716 -0.000762979 -0.00301272 0.00880753 -0.00012423 0.000300234 0.000140557 0.00312808 -0.000247856 0.00218002 0.00362516 0.00909091 0.00258427 -0.000381319 0.00157792 0.00081683 0.00830049 -0.000688802 0.00235294 0.0075
internal_weight=56650 10736 45914 31966 13948 13257 13053 12800 484 253 31909 31862 1258 239 12316 8943 8822 1015 7807 961 771 110 712 7697 1277 1212 203 1009 136 204
internal_count=56650 10736 45914 31966 13948 13257 13053 12800 484 253 31909 31862 1258 239 12316 8943 8822 1015 7807 961 771 110 712 7697 1277 1212 203 1009 136 204
is_linear=0
shrinkage=0.05


Tree=41
num_leaves=31
num_cat=0
split_feature=5 11 4 3 5 16 15 3 16 15 11 12 12 13 12 15 3 14 15 15 7 4 15 15 13 1 1 14 13 14
split_gain=3.9976 2.2503 2.22524 2.09901 2.23129 2.06821 1.52285 2.35759 2.33174 2.29583 2.23334 9.46811 2.77839 7.16506 3.32244 2.22525 1.95235 2.39491 1.7093 1.65307 1.61719 1.59924 1.50856 7.65322 4.29373 2.29967 2.18855 2.1052 3.82903 3.31337
threshold=0.016600202842899269 0.057592518437268987 0.013563702053866601 0.056718129864431817 0.024896105625650294 -0.026171291841094454 -0.0048236107122426866 0.010021137913154511 -0.023739338101520454 -0.016790372097458813 -0.0037226818138522129 0.075051001770625306 -0.037333173257957868 25.505000114440922 -0.031853242392431029 -0.016247725666837017 -0.016850667286267215 0.13518549268873961 -0.016247725666837017 -0.0050031542008179821 0.020095510872417014 0.051738940144178597 -0.021715650796061577 -0.018730419806015638 21.954999923706058 -0.010887891876782128 0.0085854531053372058 0.15797637088179853 24.855000495910648 0.065842641676127869
decision_type=2 2 2 2 2 2 2 2 2 2 2 2 2 2 2 2 2 2 2 2 2 2 2 2 2 2 2 2 2 2
left_child=2 3 5 6 -5 -1 7 9 -8 -2 11 -10 -12 14 -14 -11 17 -17 -9 -18 -21 -20 -4 24 25 -24 -27 28 -25 -30
right_child=1 -3 22 4 -6 -7 8 18 10 15 12 -13 13 -15 -16 16 19 -19 21 20 -22 -23 23 27 -26 26 -28 -29 29 -31
leaf_value=0.0002210146685797513 -0.00017023761364215971 -0.00044449433240808048 -0.00019512080783093839 -0.00018547870133985575 0.00096688307251486876 -0.00014314641799335719 -0.00031411706874784757 0.00072459124612886719 0.00013425330854972389 0.00097108755284231569 -0.00037311986447410638 0.0020463023000013283 0.00036636440787672186 0.0013192888326248873 -5.4995567825067874e-06 0.00025796748630275886 6.065097760177477e-05 0.001226179758419676 0.00021156724428497025 8.0279594899708954e-06 0.00074786059521930173 0.00098640505620994586 0.00030760683616276401 -3.6190537519036291e-05 -0.00025622552328648842 0.0010194909811574663 0.0004978958860925195 -0.0002939333248950215 -2.9924477432839401e-05 0.00036179304595994186
leaf_weight=77 848 227 546 59 79 2360 853 63 2243 59 501 41 55 40 7221 243 2478 97 256 42 40 69 126 36630 104 61 62 571 320 310
leaf_count=77 848 227 546 59 79 2360 853 63 2243 59 501 41 55 40 7221 243 2478 97 256 42 40 69 126 36630 104 61 62 571 320 310
internal_value=-0.000301778 0.000382234 -0.000559551 0.000455615 0.0065942 -0.00202503 0.000399695 0.00120977 8.94638e-05 0.000831362 0.000301454 0.00167688 -0.000100423 0.000146254 3.02352e-05 0.00148868 0.0012931 0.00485294 0.00492268 0.000820311 0.00780488 0.00346154 -0.000467339 -0.000430024 0.00689802 0.0104618 0.0153252 -0.000498402 -0.000452229 0.0034127
internal_weight=56681 15514 41167 15287 138 2437 15149 4195 10954 3807 10101 2284 7817 7316 7276 2959 2900 340 388 2560 82 325 38730 38184 353 249 123 37831 37260 630
internal_count=56681 15514 41167 15287 138 2437 15149 4195 10954 3807 10101 2284 7817 7316 7276 2959 2900 340 388 2560 82 325 38730 38184 353 249 123 37831 37260 630
is_linear=0
shrinkage=0.05


Tree=42
num_leaves=31
num_cat=0
split_feature=5 6 6 5 3 11 16 7 3 14 8 14 16 10 11 10 4 15 3 11 8 15 14 16 10 15 10 3 16 6
split_gain=3.88308 2.38311 2.13178 1.94585 2.26969 1.71288 2.30959 2.61672 1.831 1.68393 2.61971 2.8459 2.10698 2.32722 2.00818 1.83218 1.65182 1.47381 2.22079 1.92281 1.82445 1.81942 1.81675 2.24009 2.8175 1.80649 1.68285 1.58073 1.5633 1.5395
threshold=0.014179446486901809 -0.0097807460894871589 1.7640450128487062 0.036312053764169828 0.039747174627872923 0.050492682028646547 0.047257899490740669 0.041626097131873381 -0.0029380970924657297 0.003286853869637119 -0.064105756063338945 0.005094684764536229 -0.024234057275211714 0.025743620792394565 0.011124085891359938 0.0079479447870289838 0.012258404303521509 0.010308036294939928 0.00034236432640277764 0.0056453064529209404 0.032724767230592151 0.010415532319814515 0.032336920174311119 0.030338515801458969 -0.0049441493240062187 -0.017588249087878035 0.018049187231064859 -0.0020722379446997947 0.0009736977014873639 -1.233034136044165
decision_type=2 2 2 2 2 2 2 2 2 2 10 2 2 2 2 2 2 2 2 2 8 2 2 2 2 2 2 2 2 2
left_child=2 5 16 9 -5 6 -2 8 -8 12 -11 14 -3 -14 -12 -13 -1 22 19 28 21 -20 25 -24 -25 -18 29 -21 -19 -27
right_child=1 3 -4 4 -6 -7 7 -9 -10 10 11 15 13 -15 -16 -17 17 18 20 27 -22 -23 23 24 -26 26 -28 -29 -30 -31
leaf_value=-0.00018818481152399756 -1.9075813860899432e-05 -0.00035423674329269341 7.138875429378191e-05 0.00063586218847851541 0.0016674420907583486 -0.00028676231957497464 0.0010448879583399725 -5.7692432397502897e-05 0.00031618332339215425 -4.4968297963301107e-05 0.001108847365885664 0.00016192223206854634 1.6172006835136464e-05 0.00033447477737755216 0.00033926403866276199 0.00099796962813767688 0.0003391976502083113 4.6585979373619802e-05 0.00044521969846516619 -0.00020565026266029983 -0.00012919750869118838 1.5529123210681509e-05 -1.564639359214727e-05 -0.00036649981874382898 0.00048216883609977909 -0.00020140594288691477 0.0002094767776280352 0.00012500562888099735 0.00038733952073586968 -7.4667090981219596e-05
leaf_weight=832 14683 419 2480 290 45 406 44 112 92 1176 45 2846 4640 90 55 44 85 208 45 240 1081 1304 6685 93 105 1154 44 275 310 16696
leaf_count=832 14683 419 2480 290 45 406 44 112 92 1176 45 2846 4640 90 55 44 85 208 45 240 1081 1304 6685 93 105 1154 44 275 310 16696
internal_value=-0.000273207 0.000192699 -0.000641181 0.000808289 0.00455224 -0.000194629 -0.000107496 0.00467742 0.00933823 0.000673643 0.00142103 0.00220736 6.89442e-05 0.000369978 0.0105 0.00192041 -0.000760882 -0.000696382 0.000269996 0.002212 -0.000555557 0.000670866 -0.000830988 -0.000140202 0.00510101 -0.00109545 -0.00112999 4.85425e-05 0.00436293 -0.00115406
internal_weight=56624 24987 31637 9650 335 15337 14931 248 136 9315 4166 2990 5149 4730 100 2890 29157 28325 3463 1033 2430 1349 24862 6883 198 17979 17894 515 518 17850
internal_count=56624 24987 31637 9650 335 15337 14931 248 136 9315 4166 2990 5149 4730 100 2890 29157 28325 3463 1033 2430 1349 24862 6883 198 17979 17894 515 518 17850
is_linear=0
shrinkage=0.05


Tree=43
num_leaves=31
num_cat=0
split_feature=5 11 4 4 12 11 12 11 11 10 6 12 11 14 14 3 13 10 13 8 13 12 14 13 10 11 9 12 14 12
split_gain=4.00535 2.07836 1.88536 1.83633 1.91572 1.85152 2.89708 1.88926 1.7862 3.77778 1.76076 1.75999 5.93112 1.65687 1.64101 4.38414 3.4441 3.52412 3.39422 2.19433 2.3335 2.09731 3.15828 7.49652 5.6482 11.7345 7.01588 7.06302 6.84711 4.41726
threshold=0.018444068992157971 0.057592518437268987 0.013563702053866601 0.058112355217808269 -0.017626690580154977 0.0047087702577918175 0.075051001770625306 0.003505922146060048 0.041951569626952907 0.0071561281563717891 1.8846115898938092 0.076917782234408386 0.0051016705998240272 -0.12096344977185801 0.032336920174311119 0.00039725328245709962 13.194999694824221 0.002679663391510712 30.345000267028812 -0.11774947084785274 14.244999885559084 0.021751379698535137 -0.038140088306099655 21.82499980926514 0.010706297735196714 0.015980526956462796 0.50098098291834448 0.047987271387941018 -0.039689213075018263 0.023466497162968562
decision_type=2 2 2 2 2 2 2 2 2 2 2 2 2 2 2 2 2 2 2 10 2 2 2 2 2 2 8 2 2 2
left_child=2 3 -1 4 8 6 7 -6 -2 -10 14 -12 -13 -7 18 -16 17 -17 21 -18 -21 -4 24 29 25 28 -27 -28 -23 -24
right_child=1 -3 10 -5 5 13 -8 -9 9 -11 11 12 -14 -15 15 16 19 -19 -20 20 -22 22 23 -25 -26 26 27 -29 -30 -31
leaf_value=-0.00011113569316393348 -0.00010123294016921601 -0.00039523672612367815 -8.9112738263769193e-05 0.00045542190002884536 0.00016677388483777702 0.00046557445041958787 0.001018374244482129 0.00059310019229549653 0.0011131753424709621 -0.00013246602699318557 2.7631182744835442e-05 0.0011448569949133811 2.1736819994777872e-05 7.4123154811960694e-06 -4.451914347351221e-05 0.0001548444091320449 -0.00039329469169673768 0.00074029834974089534 0.00039630151423411747 -0.00020191575255713813 8.8942952040826006e-05 -6.1934279062722454e-05 0.00015160217614245623 0.0016870825111034383 -0.00023226130313351055 0.00029469900934025225 0.00094992752052852885 0.0002101990710842384 0.00038144449730685286 -7.153187144032469e-05
leaf_weight=2483 2284 214 13856 1089 2589 76 89 183 51 102 2973 40 116 3953 6553 107 211 45 44 176 3026 2253 612 41 793 616 119 119 197 11549
leaf_count=2483 2284 214 13856 1089 2589 76 89 183 51 102 2973 40 116 3953 6553 107 211 45 44 176 3026 2253 612 41 793 616 119 119 197 11549
internal_value=-0.000296064 0.00057855 -0.000498488 0.000678762 0.000451913 0.000878083 0.00185075 0.00156566 -0.000752976 0.00447712 -0.000421904 0.000720676 0.00589743 0.00018739 -0.00051058 4.05207e-05 0.00145161 0.00881579 -0.000695223 0.00112364 0.00144909 -0.000715471 -0.000331003 -0.000734307 0.000870148 0.00177966 0.0068267 0.0141176 2.0407e-05 -0.000806267
internal_weight=56559 10630 45929 10416 9327 6890 2861 2772 2437 153 43446 3129 156 4029 40317 10118 3565 152 30199 3413 3202 30155 16299 12202 4097 3304 854 238 2450 12161
internal_count=56559 10630 45929 10416 9327 6890 2861 2772 2437 153 43446 3129 156 4029 40317 10118 3565 152 30199 3413 3202 30155 16299 12202 4097 3304 854 238 2450 12161
is_linear=0
shrinkage=0.05


Tree=44
num_leaves=31
num_cat=0
split_feature=4 6 1 8 14 14 12 11 13 16 15 16 16 16 3 16 16 15 12 14 11 15 12 16 12 12 11 8 12 4
split_gain=3.24857 2.12068 1.76112 1.71337 1.89898 3.6282 4.43059 1.86891 2.65186 3.20894 2.01005 1.95915 2.91061 5.17366 3.22662 2.27154 2.40771 2.24446 2.23988 1.98735 1.73827 1.71668 1.6989 2.028 1.9894 3.08267 6.28025 1.95634 1.67724 1.66618
threshold=0.029273105297138672 0.8250789964284716 -0.14432359691568067 0.037683212577556587 -0.12096344977185801 -0.13532199000438486 0.033816842391456554 0.011634039633228179 12.230000019073488 0.022731188351109325 -0.0046190361895618861 -0.002407356741471633 0.0037267523155403164 0.0031233829708902099 -0.00034560222217394626 0.014463694413870855 0.016866697682335733 0.017140790234212892 0.0086975765073127338 -0.041747258744347641 0.0070762605113673391 0.0077707769691323101 -0.017626690580154977 -0.029034123485220716 -0.023427977904983906 -0.028754202463148134 0.041951569626952907 -0.060055342568423813 -0.017226371227650025 0.020456936773423574
decision_type=2 2 2 8 2 2 2 2 2 2 2 2 2 2 2 2 2 2 2 2 2 2 2 2 2 2 2 10 2 2
left_child=1 3 -2 4 5 21 29 11 9 -9 -10 -5 13 17 -15 -14 18 20 -17 -20 -13 -1 24 27 25 -4 -27 -24 -25 -7
right_child=2 -3 22 7 -6 6 -8 8 10 -11 -12 12 15 14 -16 16 -18 -19 19 -21 -22 -23 23 28 -26 26 -28 -29 -30 -31
leaf_value=0.0001874866598647239 0.00096256167979521124 2.0061591759298149e-05 -4.9811055327236798e-05 -0.00010734609352746472 -3.0413021659777116e-05 0.00029012163589026444 0.0010872936017693184 -0.0001301479700178303 3.824585739708614e-05 0.0010305546780372619 -0.00019342919005495011 9.5232403599629383e-05 -7.8608009109230775e-05 0.0010232075139502209 0.00041238826959910538 0.0003760960275452737 -2.7373901187064436e-05 0.00043697304669893861 0.00024565299559394606 -6.2541591532752424e-05 -0.00012678454262686996 -0.00032211928667110623 -0.00010716128076649049 0.0012056489526093251 -0.00048108729809607717 0.0001355704722612411 0.001111561651262295 0.00084225219706435478 7.0403817224297494e-05 3.9463689092909166e-06
leaf_weight=115 216 7997 2737 3362 21398 78 43 84 619 72 4243 833 3096 42 116 102 1047 40 108 188 287 281 74 56 505 365 61 138 8334 121
leaf_count=115 216 7997 2737 3362 21398 78 43 84 619 72 4243 833 3096 42 116 102 1047 40 108 188 287 281 74 56 505 365 61 138 8334 121
internal_value=-0.000234153 -0.000435039 0.000478134 -0.00059752 -0.000321294 0.00236677 0.00719008 -0.001025 -0.00180152 0.00461538 -0.00200741 -0.00060243 -5.03511e-05 0.00201821 0.0105063 -0.000650739 0.000986158 0.000862068 0.00429648 0.00209459 0.000446427 -0.000580809 0.000399347 0.000783538 -0.000501637 -3.63591e-05 0.00392019 0.00561321 0.000661501 0.00404522
internal_weight=56758 44272 12486 36275 22036 638 242 14239 5018 156 4862 9221 5859 1318 158 4541 1445 1160 398 296 1120 396 12270 8602 3668 3163 426 212 8390 199
internal_count=56758 44272 12486 36275 22036 638 242 14239 5018 156 4862 9221 5859 1318 158 4541 1445 1160 398 296 1120 396 12270 8602 3668 3163 426 212 8390 199
is_linear=0
shrinkage=0.05


Tree=45
num_leaves=31
num_cat=0
split_feature=5 6 4 15 11 10 12 4 15 14 14 15 12 15 16 11 12 14 9 10 15 16 12 11 12 12 9 9 2 6
split_gain=2.96192 2.13934 2.33426 1.88425 2.59493 4.46143 3.08899 3.45627 3.03766 2.36501 2.68862 2.31284 2.25694 2.79967 2.14449 3.39529 7.20779 3.45559 5.44748 3.01516 2.85426 4.36974 3.71882 2.92669 2.61558 4.33338 3.22749 2.11021 2.08333 2.07882
threshold=0.014179446486901809 0.099427422959183345 0.041275350009349863 -0.0023126284439906604 0.015980526956462796 0.00054085357346300722 0.063084504116989418 0.019775662685978464 -0.0040951606582260705 -0.0051066036826416519 -0.011729089558044635 0.0021043087290713029 -0.036853049265853803 -0.0023923240606175673 -0.0062461586646953551 0.0065559076404506653 0.060450461334446877 -0.12096344977185801 0.0079947301494990314 -0.0012572661502254776 0.016193132226402177 0.0094081741660261304 0.0061046403867389696 0.0060643551052425035 0.056027044437369396 0.046183641975251051 -0.028954964710604044 0.16594900195685172 1.0000000180025095e-35 -0.86323996339496889
decision_type=2 2 2 2 2 2 2 2 2 2 2 2 2 2 2 2 2 2 10 2 2 2 2 2 2 2 8 10 2 2
left_child=3 -2 -3 4 12 9 8 -8 29 10 -6 -5 13 -1 19 16 20 18 -17 -13 23 22 28 -16 25 -19 -27 -14 -22 -7
right_child=1 2 -4 11 5 6 7 -9 -10 -11 -12 14 27 -15 15 17 -18 24 -20 -21 21 -23 -24 -25 -26 26 -28 -29 -30 -31
leaf_value=9.3149340963605601e-05 -1.1786700705417175e-05 4.5998413634369814e-05 0.00038509004137477442 -0.00011711709620718192 1.9610737949119546e-05 0.0002441288852612581 0.0013109800320780453 0.00010433547082941183 -0.00018189369892381401 -0.00021627313204191129 0.00038646540854682577 0.00018273934642104209 -5.6527943624472962e-05 0.00030065288742888813 -9.3477434465001922e-06 0.00078586804361917598 0.00031036036612977448 -8.3638016709570333e-05 -0.00011099806131358997 -0.00020715445187171968 -8.6421282437191464e-05 5.1105934268367689e-06 0.0024764195424427002 0.0005143610252651311 -0.00023196411543859139 0.00076244811768091535 0.00013522748676971736 6.9129522879167273e-05 0.00061289444147889002 0.0002455072066377423
leaf_weight=907 16302 7292 1329 6433 276 45 41 44 176 482 57 171 8153 52 2957 100 171 5823 115 1805 54 238 52 95 949 78 839 1195 54 370
leaf_count=907 16302 7292 1329 6433 276 45 41 44 176 482 57 171 8153 52 2957 100 171 5823 115 1805 54 238 52 95 949 78 839 1195 54 370
internal_value=-0.000221959 0.000185972 0.000822989 -0.000542356 -4.15337e-05 0.00190811 0.00491124 0.0138235 0.00362944 -0.000582823 0.00265766 -0.000838769 -0.000323568 0.00198644 -0.000467004 -0.000206075 0.00106186 -0.000786945 0.00546512 -0.00198887 0.000565216 0.00454774 0.0109375 4.58704e-05 -0.000961765 -0.000615728 0.00257906 -0.000560549 0.00564815 0.00596385
internal_weight=56655 24923 8621 31732 11798 1491 676 85 591 815 333 19934 10307 959 13501 11525 3621 7904 215 1976 3450 398 160 3052 7689 6740 917 9348 108 415
internal_count=56655 24923 8621 31732 11798 1491 676 85 591 815 333 19934 10307 959 13501 11525 3621 7904 215 1976 3450 398 160 3052 7689 6740 917 9348 108 415
is_linear=0
shrinkage=0.05


Tree=46
num_leaves=31
num_cat=0
split_feature=4 14 3 4 15 15 14 10 0 10 10 15 15 15 14 16 16 16 12 15 10 15 16 12 3 16 16 12 14 1
split_gain=3.6767 2.51086 2.88266 2.16211 2.10432 3.19022 6.83895 5.46835 3.50293 3.45751 5.26294 6.64182 3.97371 4.83555 6.21476 2.89361 4.3508 3.61103 2.82761 2.68571 5.58268 6.11042 5.16583 5.56451 4.80644 3.19961 9.25187 6.48116 2.90837 2.77453
threshold=0.039987601095102687 -0.01645331830647578 0.039747174627872923 0.012541305743129533 -0.0031917434085209635 -0.0035893843008726329 0.055948056460050417 -0.0040208164286187889 -0.005196579351988472 -0.0014526684258500675 -0.00071796458931633323 -0.0056885840994040362 -0.0067504422191148042 -0.0048236107122426866 -0.066405515647089006 -0.024234057275211714 -0.023148470521609118 -0.023739338101520454 0.05798381035079659 0.0062516417598227356 -0.0040208164286187889 0.0063535618914184475 0.047257899490740669 -0.0087284048739240654 0.00085474757492975961 0.030550362791639144 0.030338515801458969 0.097353857643908484 -0.10344834121785244 0.048175978210731392
decision_type=2 2 2 2 2 2 2 2 2 2 2 2 2 2 2 2 2 2 2 2 2 2 2 2 2 2 2 2 2 2
left_child=3 -2 -3 -1 5 9 -7 -8 -9 18 11 -11 -12 14 -14 -6 17 -17 -5 22 -21 24 28 29 -22 26 27 -23 -18 -24
right_child=1 2 -4 4 15 6 7 8 -10 10 12 -13 13 -15 -16 16 19 -19 -20 20 21 25 23 -25 -26 -27 -28 -29 -30 -31
leaf_value=-0.00016640094054444569 -2.9422108262781421e-05 0.00028010352941131391 0.0014445288446593941 -1.8582473205518369e-05 -0.00022469378009522752 -6.7428486249353847e-06 0.0001105863889885705 0.00093636607774611434 0.00065884246957542355 0.00078666209321469295 -9.9246546319442896e-05 0.0002951287512741653 -0.00029564404236252057 -4.2112995198578595e-05 0.0003076151217859553 -7.241746726350664e-06 0.00020032050901399811 0.00034113002968093971 -0.00036308661721273598 0.00031362169356002542 0.00071422643313225748 -1.9264492597603759e-06 0.00047719952177439293 -0.00018406125523010198 0.00017424968451505967 -0.00014336678517568602 0.00071632605760366054 0.00093259701850347595 -7.8387086734955921e-05 0.00094464474725832576
leaf_weight=1124 1967 2225 57 11003 1570 618 185 54 80 66 1318 267 192 929 1066 187 303 226 856 319 45 10411 73 102 86 2447 61 61 18665 53
leaf_count=1124 1967 2225 57 11003 1570 618 185 54 80 66 1318 267 192 929 1066 187 303 226 856 319 45 10411 73 102 86 2447 61 61 18665 53
internal_value=-0.000224849 0.00118969 0.00231814 -0.000339623 -0.000292041 0.000170132 0.00300427 0.00894984 0.0166418 9.54405e-07 0.00130537 0.00731231 0.000734664 0.00204161 0.004062 -0.000514174 -0.000414511 0.00468523 -0.0004212 -0.000479067 6.32899e-05 -9.57223e-05 -0.000858513 0.00662281 0.0106489 -0.000204161 0.000174213 6.11142e-05 -0.000948441 0.0136508
internal_weight=56616 4249 2282 52367 51243 16634 937 319 134 15697 3838 333 3505 2187 1258 34609 33039 413 11859 32626 13430 13111 19196 228 131 12980 10533 10472 18968 126
internal_count=56616 4249 2282 52367 51243 16634 937 319 134 15697 3838 333 3505 2187 1258 34609 33039 413 11859 32626 13430 13111 19196 228 131 12980 10533 10472 18968 126
is_linear=0
shrinkage=0.05


Tree=47
num_leaves=31
num_cat=0
split_feature=5 6 4 13 13 13 14 14 11 10 13 16 14 11 9 11 16 14 14 10 13 9 0 14 9 16 10 3 11 13
split_gain=3.03593 2.26743 1.99913 1.84232 3.58366 2.30954 4.01571 5.92458 7.58711 6.04256 2.54545 3.99365 3.01099 5.80205 4.92601 3.99252 4.88084 5.09512 4.70013 4.33103 4.3113 2.92535 2.71544 2.69137 5.58931 2.76259 4.01185 2.501 2.40057 2.40013
threshold=0.020227090025020444 0.91938141323550904 0.014591091021573955 17.164999961853031 17.154999732971195 16.469999313354496 0.0080830591469587282 0.018846539562811352 -0.013761603129987752 0.0047561203387664905 15.684999942779543 0.047257899490740669 -0.091137781806863202 0.016655619165508066 0.051781834931681654 0.01160523990497442 0.012185213191674317 0.040951993391927573 0.042440575684467692 0.002679663391510712 14.870000362396242 0.20544952241132589 -0.012273593360444921 0.13518549268873961 0.078359650170738218 -0.02132567527222928 0.0053455325599094392 -0.00013052136099572784 -0.0076795989548182333 15.295000076293947
decision_type=2 2 2 2 2 2 2 2 2 2 2 2 2 2 10 2 2 2 2 2 2 8 2 2 10 2 2 2 2 2
left_child=1 2 -1 4 5 10 -7 28 27 -10 12 23 13 -4 -15 16 -14 20 -19 22 -18 -22 -20 25 -25 26 -12 -9 -8 -17
right_child=-2 -3 3 -5 -6 6 7 8 9 -11 11 -13 15 14 -16 29 17 18 19 -21 21 -23 -24 24 -26 -27 -28 -29 -30 -31
leaf_value=-0.00010326008724911608 9.7377538910011559e-05 2.310483658315651e-05 -8.2183034739993877e-05 -5.9774207951916328e-05 0.00033553261461729004 -1.3511560738325801e-05 6.8589222865604691e-05 0.00082629857014278785 -0.00012054407256648482 0.00076455335299089493 -0.00031841497552445727 0.00045198131434515034 -7.2721801840916876e-06 0.0010505958444896116 3.1478683879021127e-05 -0.00011005258016778873 7.1298448773458317e-06 0.00099488652096451887 0.00044117367525181361 0.00074487853432265354 0.0003474902171924036 0.00056427342710429205 -0.00019296075060326574 -0.00019242331756495713 0.00034462859420098137 -0.00017570504975393379 0.00032025231507260449 0.00021601654900096575 0.00058414944168823379 0.00024659962089247379
leaf_weight=3828 8004 8087 221 14971 158 2208 52 52 799 51 58 43 5781 91 65 6177 927 54 40 48 217 93 98 82 56 3724 53 97 154 289
leaf_count=3828 8004 8087 221 14971 158 2208 52 52 799 51 58 43 5781 91 65 6177 927 54 40 48 217 93 98 82 56 3724 53 97 154 289
internal_value=-0.000267596 -0.000416273 -0.000568949 -0.000455415 -0.00016092 -0.000215979 0.000977145 0.00329875 0.00170671 -0.000117648 -0.000440747 -0.0015513 -0.00012446 0.00428382 0.0116667 -0.000245556 0.000559382 0.00312458 0.00979167 0.0060215 0.00183104 0.00693548 0.00152174 -0.00171533 0.00514493 -0.00196219 0.00581081 0.0121141 0.0110194 -0.00114909
internal_weight=56578 48574 40487 36659 21688 21530 3413 1205 999 850 18117 4016 14101 377 156 13724 7258 1477 240 186 1237 310 138 3973 138 3835 111 149 206 6466
internal_count=56578 48574 40487 36659 21688 21530 3413 1205 999 850 18117 4016 14101 377 156 13724 7258 1477 240 186 1237 310 138 3973 138 3835 111 149 206 6466
is_linear=0
shrinkage=0.05


Tree=48
num_leaves=31
num_cat=0
split_feature=5 12 16 14 12 16 8 1 14 14 4 12 12 10 10 16 3 10 4 10 16 16 16 7 12 10 12 14 12 14
split_gain=2.73712 1.55068 2.07991 3.54313 4.12405 3.30361 3.03023 3.46165 2.88998 2.54624 2.34763 1.91732 2.5891 1.88088 1.74843 5.41926 2.32753 1.73459 2.52926 2.06833 2.53055 2.35013 6.48758 3.88295 3.05317 2.56435 5.66326 3.28598 4.64499 3.63464
threshold=0.010382453670655952 -0.075828254732232245 -0.023739338101520454 -0.0051066036826416519 0.012875876838212565 -0.023148470521609118 -0.11774947084785274 -0.040179805674286743 0.00619378828642947 -0.0040037207838661817 0.025701822200191536 -0.062212446145613214 -0.057938720016513449 0.015271930990194861 -0.01521359351313417 -0.02788603991289795 0.0074277273818726961 0.025743620792394565 0.031470119020755083 0.013997033957303675 -0.016305306103522984 0.051970945763323624 0.047257899490740669 -0.02175948269799349 0.020115019751772992 0.0079479447870289838 0.097353857643908484 0.009860755526874045 0.065716798092613452 -0.049735428455543622
decision_type=2 2 2 2 2 2 10 2 2 2 2 2 2 2 2 2 2 2 2 2 2 2 2 2 2 2 2 2 2 2
left_child=-1 -2 3 -3 9 6 -4 -8 -6 -5 -10 13 -13 -7 15 -11 -17 19 -19 21 -21 22 25 -24 -25 -14 27 29 -29 -27
right_child=1 2 5 4 8 11 7 -9 10 14 -12 12 17 -15 -16 16 -18 18 -20 20 -22 -23 23 24 -26 26 -28 28 -30 -31
leaf_value=-6.2515049253514252e-05 0.00016129511597140717 -0.00029344311860601027 -0.00019836212010783893 0.00040934556232847196 0.0020465147499512432 -0.00047903613947294178 0.00054601327814401859 0.00011340046433844617 2.6269295511582134e-06 -0.00012536115505676411 0.00042530058483482666 0.00027977605017020732 -1.2127576471018993e-05 0.00031262167881430827 -0.00018431879408165833 0.00019158743886154751 0.00084681309426143283 3.3941759226424174e-05 0.00058390922797229639 0.00021804264584022179 -0.00015796806940762104 -0.00024050310103492976 0.00074912157682065716 0.00088177068040595243 0.00013765990588656779 0.00015404023374206017 0.0014135788220833046 0.00098301328140700558 -0.00048704998389105243 -0.000112854139037945
leaf_weight=10495 823 1668 91 49 51 623 85 204 254 433 131 190 31842 69 1382 114 61 92 52 113 1886 771 40 107 240 2732 69 141 56 1797
leaf_count=10495 823 1668 91 49 51 623 85 204 254 433 131 190 31842 69 1382 114 61 92 52 113 1886 771 40 107 240 2732 69 141 56 1797
internal_value=-0.000269234 -0.000103541 -0.000142581 -0.00121048 -1.01022e-05 -3.51954e-05 0.00460526 0.00711073 0.00440367 -0.0009539 0.00292208 -7.83941e-05 -3.33943e-05 -0.00268786 -0.00123116 0.00100329 0.00842857 -6.10959e-05 0.00541667 -8.09179e-05 -0.00164833 1.9832e-06 5.88795e-05 0.00649871 0.00479827 -9.14495e-06 0.00106882 0.000861192 0.00718274 0.000586221
internal_weight=56661 46166 45343 4143 2475 41200 380 289 436 2039 385 40820 40128 692 1990 608 175 39938 144 39794 1999 37795 37024 387 347 36637 4795 4726 197 4529
internal_count=56661 46166 45343 4143 2475 41200 380 289 436 2039 385 40820 40128 692 1990 608 175 39938 144 39794 1999 37795 37024 387 347 36637 4795 4726 197 4529
is_linear=0
shrinkage=0.05


Tree=49
num_leaves=31
num_cat=0
split_feature=6 4 16 16 16 12 10 9 10 14 12 15 15 15 15 15 12 12 10 10 0 10 15 16 14 10 12 1 16 16
split_gain=2.83246 2.40192 2.00082 3.58019 2.66356 2.64594 2.68471 3.42783 2.27774 2.84782 2.15038 2.14152 4.20425 4.52981 2.73146 2.11237 2.10038 2.48422 2.02971 1.94311 3.13742 1.90168 4.29717 1.88432 1.86532 3.59101 6.17177 3.1212 1.84531 6.56769
threshold=-0.82556487407051826 0.029593212564635842 -0.0030257205338030664 -0.0096145339656227274 -0.0026393486414131302 0.0027925982816148225 -0.012001982718326086 -0.19772477523505053 0.00044089291237869871 0.13518549268873961 -0.022249506002163962 -0.0068284267576069193 -0.0049578530655397515 -0.0056388622433700677 -0.0066138687609232907 -0.016247725666837017 0.0062346335449628984 0.044338330776630748 0.0091384979590398725 -0.01521359351313417 1.0000000180025095e-35 -0.0074311122071506466 -0.0056388622433700677 -0.018109681079661318 0.040951993391927573 -0.0080075865289204722 0.0027925982816148225 -0.013751897149478607 0.0038767446704857105 0.0031233829708902099
decision_type=2 2 2 2 2 2 2 10 2 2 2 2 2 2 2 2 2 2 2 2 2 2 2 2 2 2 2 2 2 2
left_child=24 2 3 5 -4 8 7 -7 9 19 18 15 13 14 -13 -8 -14 -18 -5 20 23 -21 -23 -2 -1 -26 27 -27 29 -6
right_child=1 -3 4 10 28 6 11 -9 -10 -11 -12 12 16 -15 -16 -17 17 -19 -20 21 -22 22 -24 -25 25 26 -28 -29 -30 -31
leaf_value=-9.1346670534527035e-05 0.00022334845440404635 6.4294375088373926e-05 0.00043363124542012099 -0.0001651154256940672 1.0108367160119093e-05 -0.00088193157897435747 0.00068162944920987752 0.00037377463396641897 -0.00023592831332567231 -0.00019906528387504427 -0.00021783088348615497 0.0002819941082042788 0.0003926796235878786 0.00048229011098832575 -0.00014022143412934001 -0.00011104870175021661 -4.7223519373725137e-05 0.00015499464653611315 0.0002073394181985723 -0.00017225996054119033 0.00054149245677261775 0.00025734124188093186 -6.3295644630053692e-05 -0.00015476605272005326 -0.00016405823521672399 0.00084626546466488699 3.5240918688670779e-05 0.00045218929902620156 -1.7774292686132457e-05 0.00041655894235826041
leaf_weight=7878 98 10053 121 232 4165 58 63 148 1142 803 3503 174 195 132 209 1393 2204 272 274 948 63 433 1010 134 781 44 754 145 18722 484
leaf_count=7878 98 10053 121 232 4165 58 63 148 1142 803 3503 174 195 132 209 1393 2204 272 274 948 63 433 1010 134 781 44 754 145 18722 484
internal_value=-0.000254702 -9.49345e-05 -0.000281234 -0.000766609 -2.55525e-06 -0.000236841 0.000579619 0.00616505 -0.00109156 -0.000457152 -0.00201921 0.000331752 0.00105775 0.00519417 0.00244125 -0.00125687 0.000260201 -0.000133281 0.00102767 0.000323901 0.00415254 -0.000148475 0.000994455 0.00146552 -0.00103729 0.000452435 0.00252916 0.0106085 -4.08638e-05 0.000850719
internal_weight=56635 47033 36980 13488 23492 9479 4848 206 4631 3489 4009 4642 3186 515 383 1456 2671 2476 506 2686 295 2391 1443 232 9602 1724 943 189 23371 4649
internal_count=56635 47033 36980 13488 23492 9479 4848 206 4631 3489 4009 4642 3186 515 383 1456 2671 2476 506 2686 295 2391 1443 232 9602 1724 943 189 23371 4649
is_linear=0
shrinkage=0.05


end of trees

feature_importances:
sector_ret_1d=174
spy_ret_5d=167
vix_chg_1d=167
vix_level=156
spy_ret_20d=148
spy_ret_1d=140
sector_ret_5d=113
atr_pct=95
dvol_z_20=89
parkinson_20=64
overnight_gap=60
dist_ma200=54
ret_5d=22
dist_ma50=20
ret_1d=12
dist_ma20=10
ret_20d=9

parameters:
[boosting: gbdt]
[objective: quantile]
[metric: quantile]
[tree_learner: serial]
[device_type: cpu]
[data_sample_strategy: bagging]
[data: ]
[valid: ]
[num_iterations: 120]
[learning_rate: 0.05]
[num_leaves: 31]
[num_threads: -1]
[seed: 0]
[deterministic: 0]
[force_col_wise: 1]
[force_row_wise: 0]
[histogram_pool_size: -1]
[max_depth: -1]
[min_data_in_leaf: 40]
[min_sum_hessian_in_leaf: 0.001]
[bagging_fraction: 0.85]
[pos_bagging_fraction: 1]
[neg_bagging_fraction: 1]
[bagging_freq: 1]
[bagging_seed: 3]
[bagging_by_query: 0]
[feature_fraction: 0.85]
[feature_fraction_bynode: 1]
[feature_fraction_seed: 2]
[extra_trees: 0]
[extra_seed: 6]
[early_stopping_round: 0]
[early_stopping_min_delta: 0]
[first_metric_only: 0]
[max_delta_step: 0]
[lambda_l1: 0]
[lambda_l2: 0]
[linear_lambda: 0]
[min_gain_to_split: 0]
[drop_rate: 0.1]
[max_drop: 50]
[skip_drop: 0.5]
[xgboost_dart_mode: 0]
[uniform_drop: 0]
[drop_seed: 4]
[top_rate: 0.2]
[other_rate: 0.1]
[min_data_per_group: 100]
[max_cat_threshold: 32]
[cat_l2: 10]
[cat_smooth: 10]
[max_cat_to_onehot: 4]
[top_k: 20]
[monotone_constraints: ]
[monotone_constraints_method: basic]
[monotone_penalty: 0]
[feature_contri: ]
[forcedsplits_filename: ]
[refit_decay_rate: 0.9]
[cegb_tradeoff: 1]
[cegb_penalty_split: 0]
[cegb_penalty_feature_lazy: ]
[cegb_penalty_feature_coupled: ]
[path_smooth: 0]
[interaction_constraints: ]
[verbosity: -1]
[saved_feature_importance_type: 0]
[use_quantized_grad: 0]
[num_grad_quant_bins: 4]
[quant_train_renew_leaf: 0]
[stochastic_rounding: 1]
[linear_tree: 0]
[max_bin: 255]
[max_bin_by_feature: ]
[min_data_in_bin: 3]
[bin_construct_sample_cnt: 200000]
[data_random_seed: 1]
[is_enable_sparse: 1]
[enable_bundle: 1]
[use_missing: 1]
[zero_as_missing: 0]
[feature_pre_filter: 1]
[pre_partition: 0]
[two_round: 0]
[header: 0]
[label_column: ]
[weight_column: ]
[group_column: ]
[ignore_column: ]
[categorical_feature: ]
[forcedbins_filename: ]
[precise_float_parser: 0]
[parser_config_file: ]
[objective_seed: 5]
[num_class: 1]
[is_unbalance: 0]
[scale_pos_weight: 1]
[sigmoid: 1]
[boost_from_average: 1]
[reg_sqrt: 0]
[alpha: 0.9]
[fair_c: 1]
[poisson_max_delta_step: 0.7]
[tweedie_variance_power: 1.5]
[lambdarank_truncation_level: 30]
[lambdarank_norm: 1]
[label_gain: ]
[lambdarank_position_bias_regularization: 0]
[eval_at: ]
[multi_error_top_k: 1]
[auc_mu_weights: ]
[num_machines: 1]
[local_listen_port: 12400]
[time_out: 120]
[machine_list_filename: ]
[machines: ]
[gpu_platform_id: -1]
[gpu_device_id: -1]
[gpu_device_id_list: ]
[gpu_use_dp: 0]
[num_gpu: 1]

end of parameters

pandas_categorical:[]
