tree
version=v4
num_class=1
num_tree_per_iteration=1
label_index=0
max_feature_idx=16
objective=quantile
feature_names=ret_1d ret_5d ret_20d overnight_gap atr_pct parkinson_20 dvol_z_20 dist_ma20 dist_ma50 dist_ma200 spy_ret_1d spy_ret_5d spy_ret_20d vix_level vix_chg_1d sector_ret_1d sector_ret_5d
feature_infos=[-0.57513778322106557:0.5918674698795181] [-0.5737281887441632:0.82352941176470607] [-0.57077456075228916:1.859375] [-0.58738518064911205:0.57756024096385539] [0.0085858545193475515:0.17755591891162512] [0.0055614813932552323:0.082832536564663217] [-2.948513111248098:4.3491274710307675] [-0.5511970450678898:0.88193556371436821] [-0.5516871502604066:1.1305109790041579] [-0.52769724154222031:2.5977049689872622] [-0.058542947643003718:0.10501933612632941] [-0.11496158439845272:0.082843216242346029] [-0.12265592443394913:0.15756596870864792] [11.859999656677246:52.330001831054688] [-0.35753873962348437:0.74039073966007019] [-0.06285260230433054:0.088816354578251211] [-0.11675897124649115:0.08529462291702461]
tree_sizes=2993 3049 3052 3092 3067 3059 3082 3121 3060 3097 3086 3114 3097 3082 3048 3096 3096 3088 3096 3086 3074 3067 3091 3074 3089 3092 3098 3085 3085 3085 3073 3081 3026 3116 3097 3062 3108 3044 3083 3062 3103 3118 3085 3045 3089 3096 3117 3057 3061 3130 3072 3087 3103 3103 3079 3091 3034 3078 3045 3081 3084 3084 3093 3080 3057 3075 3049 3099 3091 3089 3078 3069 3081 3063 3059 3100 3069 3039 3062 3048

Tree=0
num_leaves=31
num_cat=0
split_feature=4 4 10 4 13 13 12 13 12 4 16 16 14 12 6 12 13 16 6 6 16 4 15 14 12 6 14 12 12 10
split_gain=329.301 80.9615 66.2346 53.6695 49.2791 29.5901 19.8661 25.7849 27.6994 22.0371 18.9996 27.2946 23.4764 18.7789 18.7632 16.7541 17.3925 16.3146 15.9468 14.3836 16.4697 12.7067 12.7 12.9604 12.6949 11.8852 11.8198 14.679 11.6479 11.4464
threshold=0.021880146027042417 0.02910747542610374 -0.0038582878398281113 0.017371076336262465 33.719999313354499 25.505000114440922 -0.075828254732232245 28.970000267028812 -0.071455492513037885 0.039987601095102687 -0.0090845045164689702 -0.0060852537307440327 0.035942894407802857 0.0098181049461038023 -0.45567200287114989 -0.062212446145613214 25.505000114440922 0.038600919229047854 -0.68837469153689701 0.32153128628869421 -0.0099089722135382568 0.013275214387794719 0.0069208731104983831 0.03011365738187333 0.044558675458788229 -0.0097807460894871589 0.0091478412114857095 0.038417806133020378 -0.043864369041982591 -0.017312021268647334
decision_type=2 2 2 2 2 2 2 2 2 2 2 2 2 2 2 2 2 2 2 2 2 2 2 2 2 2 2 2 2 2
left_child=2 5 10 14 6 17 -3 9 -9 15 -1 -12 26 18 -4 -8 25 19 -5 20 24 -16 23 -22 -2 -17 27 -13 -24 -7
right_child=1 4 3 13 -6 29 7 8 -10 -11 11 12 -14 -15 21 16 -18 -19 -20 -21 22 -23 28 -25 -26 -27 -28 -29 -30 -31
leaf_value=0.0092788521666079763 0.009269630303606391 0.010119102243334056 0.0090306924190372232 0.009110955893993378 0.010402316413819789 0.0092334721237421029 0.0088805151754058897 0.0096188223920762542 0.0087874244287377227 0.0096786550246179097 0.0089500168105587363 0.00933145817834884 0.0092650801641866558 0.009125816146843135 0.009024669986683876 0.0092891645384952422 0.0098175464197993272 0.009072586428374052 0.0092469243798404925 0.0093104530125856406 0.0091287628747522831 0.0091157420072704547 0.0088418125931639217 0.0092450901167467243 0.009543172828853131 0.0094411974772810933 0.0090087501448579133 0.0090302123688161366 0.00927788510452956 0.0096483905799686909
leaf_weight=2863 2439 325 4127 951 406 143 141 105 337 3569 322 226 2048 8103 948 4560 285 796 2508 4263 4087 5189 74 1648 202 2986 518 191 1994 415
leaf_count=2863 2439 325 4127 951 406 143 141 105 337 3569 322 226 2048 8103 948 4560 285 796 2508 4263 4087 5189 74 1648 202 2986 518 191 1994 415
internal_value=0.00922251 0.0129786 0.00536163 0.00406873 0.0159595 0.0106189 0.0153941 0.0150633 0.00321163 0.0155172 0.00993667 0.00735385 0.00884673 0.00640482 0.00143723 0.0140553 0.0143629 0.0102117 0.00948897 0.0105891 0.0095901 0.00319032 0.00843496 0.00722367 0.013003 0.013905 0.00228197 0.00854763 0.0117941 0.0219311
internal_weight=56769 28775 27994 21826 12714 16061 12308 11983 442 11541 6168 3305 2983 11562 10264 7972 7831 15503 3459 14707 10444 6137 7803 5735 2641 7546 935 417 2068 558
internal_count=56769 28775 27994 21826 12714 16061 12308 11983 442 11541 6168 3305 2983 11562 10264 7972 7831 15503 3459 14707 10444 6137 7803 5735 2641 7546 935 417 2068 558
is_linear=0
shrinkage=1


Tree=1
num_leaves=31
num_cat=0
split_feature=4 11 11 4 10 5 12 10 13 12 12 16 16 10 11 13 13 4 8 12 11 14 12 10 10 12 16 16 16 11
split_gain=293.33 88.1209 83.1492 49.7112 43.088 41.3379 26.5895 26.3808 22.1178 23.4481 22.9601 20.975 22.7368 20.1912 26.0272 16.4342 25.1036 14.631 14.0483 13.3124 13.3961 14.4014 12.5484 12.519 13.1919 13.6256 12.3581 12.0363 12.6777 11.9857
threshold=0.023633480775719477 -0.022310337551763478 -0.0069171623544285734 0.015366676057289322 0.0041080553382388816 0.023185717567163595 -0.05023266322533259 -0.0077272822899705487 16.510000228881839 0.040394517240107571 0.054737009016222478 0.006722895177683764 0.013497498636627971 0.0025358686375718258 -0.014137437602101231 30.345000267028812 27.855000495910648 0.018585512105725576 inf -0.062212446145613214 0.048369816433799014 -0.048319541899194234 -0.057938720016513449 -0.0072745157566194698 -0.010112214023305697 0.023999932623669954 0.0029616544180746112 -0.0094616607239155198 -0.012647474718325223 -0.023324980459216712
decision_type=2 2 2 2 2 2 2 2 2 2 2 2 2 2 2 2 2 2 8 2 2 2 2 2 2 2 2 2 2 2
left_child=2 4 8 -4 15 18 -6 11 9 26 13 -5 -13 23 -15 16 29 -9 19 -3 22 -22 -21 24 25 -10 27 28 -1 -2
right_child=1 5 3 7 6 -7 -8 17 10 -11 -12 12 -14 14 -16 -17 -18 -19 -20 20 21 -23 -24 -25 -26 -27 -28 -29 -30 -31
leaf_value=-0.00011160437250509861 0.00051181932212784886 -0.00025502231728751211 -0.00014265513280406597 0.00018125073635019367 0.00037696155719459064 0.00034303532564081254 -0.00031713311953353697 -9.9482467048801456e-05 0.00013553976779803634 0.0002498306962661445 -0.0001708598475670442 -0.0002646558720152825 0.00016403692716266961 -0.00015994061483070253 0.00011800742126069965 0.0009999681566841901 -0.00047279616992454979 -5.3101008525118218e-05 -0.00011973277374636381 0.00091522353002801535 0.00026749054901301864 -0.00024636045563966038 7.3362577822990715e-05 0.00017421099357306958 -5.2165522938594187e-05 -0.00042545494623482229 8.6769830668345139e-05 -0.00021097125427331777 0.00017475894652307033 5.4814784089103358e-05
leaf_weight=715 1543 279 5404 705 171 4371 301 8022 1299 215 280 267 182 672 610 566 92 11219 606 110 80 235 15060 1961 461 53 281 494 198 191
leaf_count=715 1543 279 5404 705 171 4371 301 8022 1299 215 280 267 182 672 610 566 92 11219 606 110 80 235 15060 1961 461 53 281 494 198 191
internal_value=5.69355e-05 0.0043137 -0.00298444 -0.00431315 0.0125349 0.00317849 -0.00127119 -0.00318338 0.00175093 -0.00287704 0.00340142 0.00415945 -0.00428731 0.00417326 -0.00124805 0.0152592 0.0129518 -0.00362377 0.00202505 0.00231223 0.00250727 -0.00769841 0.00271918 0.00601484 0.00301986 0.00551036 -0.00485782 -0.00676972 -0.00336802 0.0143022
internal_weight=56643 23605 33038 25799 2864 20741 472 20395 7239 1903 5336 1154 449 5056 1282 2392 1826 19241 16370 15764 15485 315 15170 3774 1813 1352 1688 1407 913 1734
internal_count=56643 23605 33038 25799 2864 20741 472 20395 7239 1903 5336 1154 449 5056 1282 2392 1826 19241 16370 15764 15485 315 15170 3774 1813 1352 1688 1407 913 1734
is_linear=0
shrinkage=0.05


Tree=2
num_leaves=31
num_cat=0
split_feature=4 11 11 4 6 5 12 13 12 13 16 0 16 11 13 6 12 12 16 16 13 13 3 8 6 6 13 13 16 4
split_gain=289.902 95.3266 67.527 58.429 33.4742 30.3737 21.9795 26.4765 22.9729 21.5181 18.6375 19.7356 16.5482 16.4737 16.4043 16.2624 15.4911 13.9409 13.4035 12.6613 12.3725 17.6225 11.4959 13.7987 11.4686 10.7061 10.3467 10.2967 10.1403 9.93662
threshold=0.025595623506303341 -0.0069171623544285734 -0.022310337551763478 0.016260700954243947 -0.3173581479989202 0.023185717567163595 0.054737009016222478 16.510000228881839 0.040394517240107571 33.719999313354499 -0.052662503938987075 0.06365669785323215 0.0033791205056932232 -0.010447904768034031 15.400000095367433 1.2158896476662655 0.0098181049461038023 -0.036045900478668118 -0.0094616607239155198 -0.025601212369674161 16.775000572204593 16.935000419616703 -0.0065835575588925601 0.1822030399980348 0.037932592717727413 -0.61452735077108067 25.960000038146976 14.494999885559084 -0.016944135339505725 0.017822084493612365
decision_type=2 2 2 2 2 2 2 2 2 2 2 2 2 2 2 2 2 2 2 2 2 2 2 8 2 2 2 2 2 2
left_child=1 6 9 25 27 15 7 8 13 10 -2 26 20 18 -15 17 -6 19 -1 -4 -9 -22 -23 29 -7 -3 -12 -5 -29 -24
right_child=2 3 5 4 16 24 -8 12 -10 -11 11 -13 -14 14 -16 -17 -18 -19 -20 -21 21 22 23 -25 -26 -27 -28 28 -30 -31
leaf_value=-7.1027102763764494e-05 -0.0016069055587286129 -0.00016560794867109506 -0.00070556811490678239 -0.00014730773669725751 5.3347964945714942e-05 0.00024121347983600572 -0.00016068267510854634 0.00048194785517989655 0.00026056010660249735 0.0012108798216795549 0.00035375597479287541 -0.0008350924141777797 0.00029093460974399934 0.00015761793106503321 -6.5150521259056343e-05 0.00025560728888376612 -3.7113947997568109e-05 7.4822743044933264e-05 -0.00033604057578486392 -6.051766421296635e-05 -0.00016580694915319327 0.00020010732702212408 -3.9145295741036678e-06 -0.00013910511415451767 0.00053359493258176374 -0.00011194743530359118 0.00047731595626100898 0.00015815729346650186 -7.8957008925499442e-05 0.00011439919480471873
leaf_weight=690 41 2298 78 3236 2648 2902 320 156 230 378 1285 77 540 404 433 1509 9123 9684 324 919 198 856 1208 439 1489 5249 601 206 6458 2712
leaf_count=690 41 2298 78 3236 2648 2902 320 156 230 378 1285 77 540 404 433 1509 9123 9684 324 919 198 856 1208 439 1489 5249 601 206 6458 2712
internal_value=-4.80676e-05 -0.00258296 0.00499525 -0.00393935 -0.00261986 0.00386436 0.00207403 0.00257631 -0.00229457 0.0128673 0.0108034 0.0115003 0.00423555 -0.00414641 0.0010454 0.00257998 -0.000817688 0.00189355 -0.00843195 -0.00373621 0.00342521 0.00302512 0.00358102 0.00254072 0.00742997 -0.00772824 0.0125133 -0.00476263 -0.00363896 0.00348214
internal_weight=56691 37728 18963 29218 21671 16581 8510 8190 2081 2382 2004 1963 6109 1851 837 12190 11771 10681 1014 997 5569 5413 5215 4359 4391 7547 1886 9900 6664 3920
internal_count=56691 37728 18963 29218 21671 16581 8510 8190 2081 2382 2004 1963 6109 1851 837 12190 11771 10681 1014 997 5569 5413 5215 4359 4391 7547 1886 9900 6664 3920
is_linear=0
shrinkage=0.05


Tree=3
num_leaves=31
num_cat=0
split_feature=11 13 10 12 9 10 6 13 13 12 11 14 16 13 14 11 11 11 14 13 6 16 12 13 13 12 10 11 10 3
split_gain=165.658 77.2167 54.1106 48.1427 42.9671 40.2011 37.091 28.1392 32.8095 22.5635 36.9201 24.9086 28.0218 25.9323 24.8214 19.7912 45.6269 20.311 21.037 24.4478 19.4594 19.3409 23.1872 23.1288 18.0556 17.8971 21.4005 19.5694 27.0279 17.7795
threshold=-0.021243764887310997 14.315000057220461 0.0041080553382388816 -0.05023266322533259 0.26381792639619445 -0.0072745157566194698 1.4596562547684735 30.345000267028812 27.855000495910648 0.0072856362379064574 0.048369816433799014 -0.12096344977185801 -0.024733432953207121 16.125000000000004 0.072802606011034846 0.023193320881576888 0.017946069561085468 0.014562716875039962 0.039671535485110161 21.409999847412113 0.11034765292028323 -0.016944135339505725 0.044338330776630748 17.164999961853031 18.365000724792484 -0.013469697209426477 0.0034432921805731547 0.041951569626952907 0.00040263484850655567 -0.0096717028806739252
decision_type=2 2 2 2 10 2 2 2 2 2 2 2 2 2 2 2 2 2 2 2 2 2 2 2 2 2 2 2 2 2
left_child=2 5 7 -4 6 -2 9 8 29 11 15 -3 -13 14 -14 16 17 18 19 21 -7 22 -11 -23 -17 27 -27 -15 -29 -1
right_child=1 4 3 -5 -6 20 -8 -9 -10 10 -12 12 13 25 -16 24 -18 -19 -20 -21 -22 23 -24 -25 -26 26 -28 28 -30 -31
leaf_value=0.00051076107549160958 0.00019068514122482159 0.00020607062131894054 0.00043200102190021428 -0.00027540087721863527 0.00019949010681739304 -0.00012328459721829864 0.00012332415949349527 0.00084285120528948022 -0.00044428300718282114 -4.0425428650633055e-05 -0.0002914598376053619 -0.00020992024002480314 -5.438701352031782e-05 -9.5033090619835864e-06 -0.00060571310774466846 0.0001201815028645796 -0.0002395556628063787 8.2137346536910593e-05 2.3081459192326278e-05 0.00036605572197440773 -3.7975877235294295e-05 -4.4592266104154929e-05 0.00024997069467935936 -0.00015214934474133769 -6.6037452011369176e-05 0.00017841319964936707 -2.0384440067573555e-06 -0.00028009062574419668 0.00047519573604513427 0.0001936467061692383
leaf_weight=612 393 785 268 609 2773 8558 3488 622 137 733 371 679 2212 4396 138 1921 1093 1646 3610 245 4112 5602 372 3344 833 2262 1367 72 263 3184
leaf_count=612 393 785 268 609 2773 8558 3488 622 137 733 371 679 2212 4396 138 1921 1093 1646 3610 245 4112 5602 372 3344 833 2262 1367 72 263 3184
internal_value=-3.7037e-05 -0.000916751 0.00826583 -0.00310718 0.000217903 -0.00423524 -0.000251185 0.0104555 0.0088927 -0.00078575 -0.00182853 0.000907672 0.000313899 0.000938375 -0.00370213 -0.00152972 -0.00217933 -0.00148534 -0.002107 -0.00325855 -0.00472376 -0.00363894 0.00260181 -0.00440979 0.00239651 0.00224282 0.00488427 0.000216656 0.0118657 0.00976027
internal_weight=56700 51268 5432 877 38205 13063 35432 4555 3933 31944 19770 12174 11389 10710 2350 19399 16645 15552 13906 10296 12670 10051 1105 8946 2754 8360 3629 4731 335 3796
internal_count=56700 51268 5432 877 38205 13063 35432 4555 3933 31944 19770 12174 11389 10710 2350 19399 16645 15552 13906 10296 12670 10051 1105 8946 2754 8360 3629 4731 335 3796
is_linear=0
shrinkage=0.05


Tree=4
num_leaves=31
num_cat=0
split_feature=4 4 15 15 13 13 14 14 6 4 13 15 13 16 14 13 6 16 15 16 16 16 16 13 5 15 16 5 5 14
split_gain=234.428 68.304 46.7652 44.6936 30.6081 30.5814 29.3072 22.8387 19.317 19.2332 19.0314 18.7666 18.3619 17.2329 20.4611 17.2478 15.5804 14.3717 20.6038 14.3505 13.5722 14.6415 13.2959 25.0611 12.8118 12.6904 12.499 12.1681 11.5948 10.5257
threshold=0.020945000464271595 0.034804150334047552 -0.0044791130751633537 0.0069858211800583056 25.505000114440922 33.719999313354499 0.004407866869301503 -0.10344834121785244 0.15756458379836427 0.015042471944420715 21.409999847412113 0.063989367590374782 12.88000011444092 0.022731188351109325 -0.13532199000438486 20.814999580383304 -0.82556487407051826 -0.017484650425826916 -0.014149653220087153 0.038600919229047854 -0.02132567527222928 -0.018343732766227579 -0.0099089722135382568 28.970000267028812 0.0096355664681677111 -0.0048236107122426866 0.038600919229047854 0.0093148195498722903 0.016528435641615134 0.049298283120689408
decision_type=2 2 2 2 2 2 2 2 2 2 2 2 2 2 2 2 2 2 2 2 2 2 2 2 2 2 2 2 2 2
left_child=2 4 9 7 8 11 12 -4 19 -1 16 22 -5 14 -14 27 29 -6 -19 28 -11 -22 -3 -24 -18 -21 -8 -16 -2 -9
right_child=1 5 3 6 17 -7 26 10 -10 20 -12 -13 13 -15 15 -17 24 18 -20 25 21 -23 23 -25 -26 -27 -28 -29 -30 -31
leaf_value=-7.7315668299161129e-05 -1.0329786249240001e-05 0.00046044942775857643 0.00028931077321205523 -0.00022743477932348464 0.00040733640149730492 0.0011138463983590191 0.00016270892888602248 -0.00018903207305524122 8.9535946854593824e-05 0.00011899568023785828 9.2839836314960897e-05 -0.0010667288185987854 -0.00021085083221671086 -0.00014588719768495137 -7.4569162704319754e-05 -0.00029501625050415897 -0.00016106921706252254 -0.00025145515664895356 0.00021252478540438464 0.00040787946481417748 -0.00018748746246637898 1.6031915796484077e-05 0.00024941854658911327 -0.0003487234770750366 -9.5929955431911398e-05 -0.0001481356648210204 -0.00020545228942995891 4.3397566683106573e-05 7.0883373987271631e-05 -1.2362242103117727e-05
leaf_weight=1328 9421 1992 135 293 708 325 993 2367 8067 1005 325 53 179 908 665 220 2642 129 189 50 338 3700 4361 182 6950 731 88 2652 5330 221
leaf_count=1328 9421 1992 135 293 708 325 993 2367 8067 1005 325 53 179 908 665 220 2642 129 189 50 338 3700 4361 182 6950 731 88 2652 5330 221
internal_value=-4.4211e-07 0.00286638 -0.0036157 -0.00487982 0.0016335 0.00725806 -0.00132544 -0.00656646 0.00126594 8.24046e-05 -0.00678729 0.00651943 -0.00296421 -0.00219507 -0.000686222 0.000148431 -0.00710591 0.0100877 0.00125786 0.000234999 0.00149217 0.000198118 0.00675976 0.00526634 -0.00617702 -0.00637004 0.00612858 0.00104763 0.000584706 -0.0105487
internal_weight=56547 31538 25009 18638 24625 6913 5998 12640 23599 6371 12505 6588 4917 4624 3716 3537 12180 1026 318 15532 5043 4038 6535 4543 9592 781 1081 3317 14751 2588
internal_count=56547 31538 25009 18638 24625 6913 5998 12640 23599 6371 12505 6588 4917 4624 3716 3537 12180 1026 318 15532 5043 4038 6535 4543 9592 781 1081 3317 14751 2588
is_linear=0
shrinkage=0.05


Tree=5
num_leaves=31
num_cat=0
split_feature=4 11 4 4 10 15 15 10 6 10 6 11 11 12 8 11 0 11 16 8 16 12 16 15 10 11 5 10 6 16
split_gain=219.789 73.9053 49.788 45.8496 44.3585 39.3355 29.0591 27.5967 19.7628 14.6317 14.4348 13.8791 13.3915 15.1387 12.9881 12.923 12.4391 12.2859 26.7471 11.7366 11.6155 11.3526 10.8218 10.3902 11.3593 11.451 10.3417 10.051 9.71747 9.20186
threshold=0.021880146027042417 -0.023324980459216712 0.015366676057289322 0.034495543960132068 0.0041080553382388816 -0.0044791130751633537 0.0069858211800583056 0.0031820502402425403 0.71364897095061164 -0.0043670108035313007 -0.82556487407051826 0.00036207217257600016 0.048369816433799014 0.0086975765073127338 inf -0.023324980459216712 0.03013695179006937 -0.055970636302615777 -0.052662503938987075 -0.026656594010258491 -0.025601212369674161 0.017951110302837473 0.015921395303230116 0.0069858211800583056 0.0041080553382388816 0.013973401641150464 0.015916941830201859 -0.00032911889046416393 -0.3311772979437772 0.022549381096207969
decision_type=2 2 2 2 2 2 2 2 2 2 2 2 2 2 8 2 2 2 2 10 2 2 2 2 2 2 2 2 2 2
left_child=2 4 9 8 17 15 10 11 12 -1 27 -8 14 -14 -3 -4 28 -2 -19 -6 -10 -22 -17 -11 25 -25 -20 -7 -5 -9
right_child=1 3 5 16 19 6 7 29 20 23 -12 -13 13 -15 -16 22 -18 18 26 -21 21 -23 -24 24 -26 -27 -28 -29 -30 -31
leaf_value=-4.1809531010940154e-05 0.001304781362697715 1.87945389505085e-05 0.00014953056296525938 0.00010194464600302486 -0.00036156278806035342 -6.8277215672798722e-05 0.00034095433819338679 -9.0139214336581407e-06 -0.00027475969378953604 -0.00015258353637750545 -7.3696694342842263e-05 6.144511994186901e-05 0.00019664242808255223 -0.00030151797491108297 -0.00013312766989850028 -7.8632589765028839e-07 0.00059960869029789497 -0.0014667685464216558 0.00022447776818550571 0.0001676370796144911 0.00022732792707290343 6.3989671470910192e-05 0.00013016859914630362 9.4980195860136597e-05 -0.00010014102640843147 -0.00017572322132758104 0.00056686736633714647 -0.0001736030114947225 0.00028335486049324018 -0.00010084933939605665
leaf_weight=1200 265 14742 649 2669 278 660 332 3218 155 3892 8411 706 93 195 679 4311 872 60 890 140 1691 2103 555 281 1039 74 1210 1506 2671 1072
leaf_count=1200 265 14742 649 2669 278 660 332 3218 155 3892 8411 706 93 195 679 4311 872 60 890 140 1691 2103 555 281 1039 74 1210 1506 2671 1072
internal_value=1.3688e-05 0.00308484 -0.00314628 0.00224391 0.0107369 -0.00198413 -0.00324583 -0.00023461 0.00106064 -0.00698427 -0.00476269 0.00708092 0.000265771 -0.0104167 0.000465275 0.00165458 0.00598841 0.0133299 0.0120833 -0.00430622 0.00422259 0.00477069 0.000770654 -0.00811578 -0.00441176 0.00330986 0.0130238 -0.00840259 0.00508427 -0.00200466
internal_weight=56619 28713 27906 25870 2843 21420 15905 5328 19658 6486 10577 1038 15709 288 15421 5515 6212 2425 2160 418 3949 3794 4866 5286 1394 355 2100 2166 5340 4290
internal_count=56619 28713 27906 25870 2843 21420 15905 5328 19658 6486 10577 1038 15709 288 15421 5515 6212 2425 2160 418 3949 3794 4866 5286 1394 355 2100 2166 5340 4290
is_linear=0
shrinkage=0.05


Tree=6
num_leaves=31
num_cat=0
split_feature=4 11 4 10 10 4 12 6 16 12 15 15 14 14 4 15 13 10 13 12 11 10 4 10 13 14 6 11 15 16
split_gain=204.758 72.328 49.3689 48.3467 37.6236 28.1692 19.6482 18.7147 20.5002 21.6383 16.3994 21.0113 20.5769 17.6461 15.0102 13.6102 13.953 15.3795 13.2545 13.0055 12.7602 12.7501 12.584 12.1599 18.5539 12.0507 12.0123 11.4614 11.2759 11.1625
threshold=0.020745482265434198 -0.023324980459216712 0.034804150334047552 0.0041080553382388816 -0.0038582878398281113 0.015823354037026633 -0.02731436709478002 -0.30405301683297642 -0.025601212369674161 0.010183685907573794 -0.0041994875895175468 0.0069858211800583056 -0.10816573528732347 0.004407866869301503 0.027933825984327577 0.0062516417598227356 16.345000267028812 -0.0049441493240062187 21.409999847412113 -0.018483579206587993 0.077393041140555022 0.0091384979590398725 0.058112355217808269 -0.0072745157566194698 15.905000209808351 -0.13532199000438486 -0.48885059252991897 0.048369816433799014 0.010308036294939928 0.015921395303230116
decision_type=2 2 2 2 2 2 2 2 2 2 2 2 2 2 2 2 2 2 2 2 2 2 2 2 2 2 2 2 2 2
left_child=4 3 7 14 15 28 -7 -3 -9 -10 29 12 -12 25 -2 16 23 -18 26 21 22 -5 -4 24 -1 -13 -14 -11 -6 -8
right_child=1 2 20 19 5 6 10 8 9 27 11 13 18 -15 -16 -17 17 -19 -20 -21 -22 -23 -24 -25 -26 -27 -28 -29 -30 -31
leaf_value=7.8878108510974063e-05 0.00022071605226018666 -1.770268990598546e-05 0.00018408116816837151 -0.00010049690980445682 -0.00013158985027279143 5.9502895921496361e-05 -1.6588666333751042e-05 -0.00020028536505672007 0.00013659092179689141 2.8003260391463657e-05 0.00031022563965197561 -0.00020968751858891268 -0.00016870200173300785 0.00014250630416859939 0.00063929135455872944 0.00027775571848421242 7.8478457904133766e-06 0.00022094989703400783 0.0001626924133631059 -0.00041332852858738407 -0.00029015695865485007 0.00051256250530567278 0.00085107010341066512 -0.0001234918781622678 -0.0002301946631839233 -4.0132321604326952e-05 -9.8869361535124448e-05 -0.00029672540490419537 -2.7795696995980758e-05 0.00022059187952116053
leaf_weight=688 1254 10583 5091 174 5408 995 1405 453 4075 7863 111 177 2581 570 1366 167 2611 421 136 232 59 69 894 1263 129 2788 3766 130 820 309
leaf_count=688 1254 10583 5091 174 5408 995 1405 453 4075 7863 111 177 2581 570 1366 167 2611 421 136 232 59 69 894 1263 129 2788 3766 130 820 309
internal_value=-9.89609e-05 0.0025145 0.00174283 0.00978191 -0.00356028 -0.00459457 -0.00325596 0.000690357 0.00199864 0.00239062 -0.00382293 -0.00458831 -0.00625569 -0.00147808 0.0124427 0.000175223 -0.000283646 0.00187995 -0.00662116 -0.00489474 0.00576605 0.0031893 0.00599415 -0.0034375 0.00131579 -0.00302698 -0.0069521 0.000878894 -0.00735389 0.000700117
internal_weight=56588 32243 29148 3095 24345 19066 12838 23104 12521 12068 11843 10129 6594 3535 2620 5279 5112 3032 6483 475 6044 243 5985 2080 817 2965 6347 7993 6228 1714
internal_count=56588 32243 29148 3095 24345 19066 12838 23104 12521 12068 11843 10129 6594 3535 2620 5279 5112 3032 6483 475 6044 243 5985 2080 817 2965 6347 7993 6228 1714
is_linear=0
shrinkage=0.05


Tree=7
num_leaves=31
num_cat=0
split_feature=4 4 12 11 10 11 12 10 4 10 15 11 15 15 11 11 10 11 11 12 10 15 8 10 11 12 11 15 14 15
split_gain=186.332 74.0053 47.989 39.4329 31.4527 19.0024 19.6726 26.0345 20.1663 18.8515 18.3992 15.6724 13.3997 14.5938 12.9975 12.3791 12.3118 17.1189 14.5185 13.7561 12.1443 21.4664 13.9463 14.1601 12.3548 12.098 19.5309 13.0785 14.0148 15.4987
threshold=0.027668482606736326 0.018395387540757601 -0.075828254732232245 -0.007246212580143351 -0.0037293651666452927 -0.023324980459216712 -0.062212446145613214 0.015271930990194861 0.053412035385435104 0.031057644580603009 0.010308036294939928 0.048369816433799014 -0.0023126284439906604 0.0022019283354985934 -0.030384462612199011 0.011634039633228179 -0.0077272822899705487 0.015047033906525955 -0.0031311612165533238 -0.062212446145613214 0.0025358686375718258 0.0058255204695826244 0.1923889824707076 0.0091384979590398725 -0.023324980459216712 0.0098181049461038023 0.037714615631601174 -0.0023126284439906604 -0.047332268196042963 0.014074897073730887
decision_type=2 2 2 2 2 2 2 2 2 2 2 2 2 2 2 2 2 2 2 2 2 2 8 2 2 2 2 2 2 2
left_child=1 4 -2 20 -1 9 7 -7 -8 14 12 16 -6 -14 -4 -15 17 -5 -18 -20 21 24 23 -22 -3 -21 27 -27 29 -29
right_child=2 3 5 11 10 6 8 -9 -10 -11 -12 -13 13 15 -16 -17 18 -19 19 25 22 -23 -24 -25 -26 26 -28 28 -30 -31
leaf_value=-1.7696529431697474e-06 0.00097790041339161182 0.00017787580863686252 0.00023673588336090576 0.00012272668227725363 -5.3634656745445761e-05 -0.00040505875587035223 0.00010221901483537691 0.00090351129505363567 0.00062480183324362625 -0.00079537773335034388 -1.4044572826437188e-05 -0.00022765127108400433 -0.00016042322685958272 -6.8800154523937122e-05 0.00054892259485974032 -0.00013907882661515835 -0.00011951130906800432 -0.00055117498833323077 -0.00043195108620459378 3.830877254104911e-05 -7.4227592433387916e-05 0.00040412879720577819 -0.00039266210215801485 0.00010543666232190434 3.6497396505908015e-05 2.0353103983745784e-05 0.00017403688426803987 6.6501855103690607e-05 -8.1043089225945036e-05 -0.00013799045814886761
leaf_weight=3519 597 1483 514 1104 3211 306 11568 67 1147 68 1869 256 3118 2712 636 2162 1562 73 89 3649 803 413 124 605 2768 3277 373 1601 6567 415
leaf_count=3519 597 1483 514 1104 3211 306 11568 67 1147 68 1869 256 3118 2712 636 2162 1562 73 89 3649 803 413 124 605 2768 3277 373 1601 6567 415
internal_value=-5.38337e-05 -0.00176694 0.00474569 -5.76266e-05 -0.00435929 0.00416608 0.00361018 -0.00770777 0.00394219 0.0101396 -0.00548883 -0.00118897 -0.00625502 -0.0073511 0.0116522 -0.00564218 -0.00102084 0.00392948 -0.00135316 -0.0009032 0.00340542 0.0046741 -0.000456919 0.000958807 0.0036168 -0.000793351 -0.00154704 -0.00190135 -0.0029273 0.000719246
internal_weight=56656 41753 14903 25162 16591 14306 13088 373 12715 1218 13072 18966 11203 7992 1150 4874 18710 1177 17533 15971 6196 4664 1532 1408 4251 15882 12233 11860 8583 2016
internal_count=56656 41753 14903 25162 16591 14306 13088 373 12715 1218 13072 18966 11203 7992 1150 4874 18710 1177 17533 15971 6196 4664 1532 1408 4251 15882 12233 11860 8583 2016
is_linear=0
shrinkage=0.05


Tree=8
num_leaves=31
num_cat=0
split_feature=4 11 12 4 6 4 6 4 10 15 11 12 11 15 10 11 12 11 13 12 12 9 13 13 12 15 12 14 11 11
split_gain=174.592 65.0087 47.3964 42.6124 21.0066 20.5024 20.1032 19.3228 17.7118 25.5095 17.9317 17.6047 16.5934 15.9057 14.6692 14.6682 18.7549 14.308 14.2045 12.6025 12.4005 11.8667 11.0571 11.444 19.2572 17.8697 14.8988 11.9477 12.8403 11.0443
threshold=0.026477370347976228 -0.007246212580143351 -0.075828254732232245 0.018395387540757601 -0.3173581479989202 0.039987601095102687 -0.50305266905408741 0.015124985758018074 0.0040309236924269696 0.0055995197189491206 -0.014137437602101231 -0.062212446145613214 -0.023324980459216712 0.063989367590374782 -0.0077272822899705487 -0.023324980459216712 -0.0078641558377195424 0.057592518437268987 30.750000000000004 0.0082902198416674473 0.079276307211688116 -0.1586057291292399 22.330000877380375 16.510000228881839 0.023999932623669954 -0.007205062992064303 -0.0080789894590868033 -0.012869754487188577 -0.00993475231595836 -0.010713711714103289
decision_type=2 2 2 2 2 2 2 2 2 2 2 2 2 2 2 2 2 2 2 2 2 10 2 2 2 2 2 2 2 2
left_child=1 7 -2 6 -5 11 -3 -1 9 15 21 18 -13 17 -8 16 -9 -7 -4 -12 -16 -10 23 25 26 -17 29 -27 -29 -25
right_child=2 3 5 4 -6 13 14 8 10 -11 19 12 -14 -15 20 22 -18 -19 -20 -21 -22 -23 -24 24 -26 27 -28 28 -30 -31
leaf_value=-8.019742077139359e-05 0.00085239430370293761 -0.00012307822673190153 -0.00036890978349981077 -6.5701701643231146e-05 5.7082589534161038e-06 0.00036732559724754769 7.4970941300408925e-05 5.4188205852342879e-05 -0.00037527163230833134 0.00028456011179475927 0.00014698464401336159 0.00031060719030928576 7.4479586569163429e-05 -0.0011554615593795288 -7.6259436324518579e-05 0.00012317855788917802 0.00034850062167122672 -9.0780176973851096e-05 0.00011189326569984518 -8.2252035254196804e-05 0.00013054232655190429 -6.3881427681819654e-05 -0.00012245312440829748 -3.2395719525173293e-05 -6.6153678743964816e-05 8.4409628813949096e-05 0.00024770444458644542 -0.00023997090594482645 5.0348812847769318e-05 0.00022681877142027461
leaf_weight=965 634 4896 233 7848 9488 3776 476 1295 257 627 516 882 11412 42 7955 435 580 140 87 243 160 551 544 472 431 128 877 464 188 204
leaf_count=965 634 4896 233 7848 9488 3776 476 1295 257 627 516 882 11412 42 7955 435 580 140 87 243 160 551 544 472 431 128 877 464 188 204
internal_value=-3.52075e-05 -0.00186237 0.00417006 -0.00294342 -0.00130365 0.00365677 -0.00505116 0.00193403 0.00275858 0.00395116 -0.00199426 0.00267163 0.00297299 0.00679636 -0.00359388 0.00288359 0.00649333 0.00712462 -0.00890625 0.00352437 -0.00409427 -0.00717822 0.00107534 0.002196 0.00453629 -0.00162551 0.00713136 -0.00615385 -0.00889571 0.00155325
internal_weight=56806 39600 17206 30823 17336 16572 13487 8777 7812 6245 1567 12614 12294 3958 8591 5618 1875 3916 320 759 8115 808 3743 3199 1984 1215 1553 780 652 676
internal_count=56806 39600 17206 30823 17336 16572 13487 8777 7812 6245 1567 12614 12294 3958 8591 5618 1875 3916 320 759 8115 808 3743 3199 1984 1215 1553 780 652 676
is_linear=0
shrinkage=0.05


Tree=9
num_leaves=31
num_cat=0
split_feature=4 12 11 4 6 10 6 11 16 15 16 16 10 6 14 15 13 13 11 12 14 10 11 10 12 15 16 14 13 14
split_gain=143.301 55.8019 35.2494 34.1757 21.8446 17.2887 17.2584 16.1844 15.9672 16.3603 15.5577 22.0592 18.6753 15.4731 15.2319 18.1495 19.5459 14.6187 14.4567 14.2913 13.1119 20.6048 17.5491 12.1851 11.4058 11.1278 18.941 15.8769 12.6125 12.0545
threshold=0.020945000464271595 -0.075828254732232245 -0.0069171623544285734 0.02821518869591411 -0.82556487407051826 -0.0077272822899705487 -0.49574981683639568 0.048369816433799014 0.0028053021421496909 -0.0044791130751633537 -0.0005125726391469464 -0.0094616607239155198 0.00044089291237869871 0.77760557212450021 0.02426411528649575 0.004822880014358045 14.734999656677248 20.659999847412113 -0.007246212580143351 0.060450461334446877 -0.037012086292969142 0.0018426326691356467 0.0095883374490337587 -0.00038722571471944128 0.0066896649330910893 0.0031700647259681474 0.0099479756338380926 0.005094684764536229 17.615000724792484 0.0037598780805861991
decision_type=2 2 2 2 2 2 2 2 2 2 2 2 2 2 2 2 2 2 2 2 2 2 2 2 2 2 2 2 2 2
left_child=2 -2 10 7 -4 -6 -5 13 19 -10 11 12 23 18 25 16 -16 24 -3 20 21 -7 -23 -1 -12 27 28 29 -27 -11
right_child=1 3 4 6 5 8 -8 -9 9 14 17 -13 -14 -15 15 -17 -18 -19 -20 -21 -22 22 -24 -25 -26 26 -28 -29 -30 -31
leaf_value=4.266498627496303e-05 0.00065771565950037783 5.5449676576384927e-05 -0.00011802339057328327 3.3835134820415151e-05 6.5622505277686434e-05 0.00019515935416357074 0.00017269027695871744 -0.00021105568259768706 5.1595961527900774e-05 -7.591253973810168e-05 0.00031192377582211052 -0.0001283702157843054 -9.8153152540322516e-05 9.6389203426047127e-05 -0.00026379683134981202 0.00015983779653168037 5.8140226189582793e-05 -0.00020040489378803374 -2.7980257884460595e-05 8.1723011490499649e-05 -0.00014383766180370617 -2.8876125487830491e-05 -0.0003313230142135275 0.00026479464309816332 -9.2895839352722269e-06 9.1816867593713577e-05 -7.6656161021363295e-05 -0.0002143346649482945 -0.00013350786057303608 0.00026746309730292197
leaf_weight=2620 793 3396 3659 4460 846 164 8919 215 1090 2098 450 859 863 3348 295 505 600 93 10313 325 3395 862 184 186 176 935 3882 731 187 41
leaf_count=2620 793 3396 3659 4460 846 164 8919 215 1090 2098 450 859 863 3348 295 505 600 93 10313 325 3395 862 184 186 176 935 3882 731 187 41
internal_value=-0.000178793 0.00206876 -0.00300048 0.00172996 -0.00396611 -0.00317534 0.00362695 0.000260537 -0.00356022 -0.00244597 0.000643225 -0.000441696 0.00124693 0.000432374 -0.00312702 0.00167857 -0.00259777 0.00747566 -0.000311839 -0.00590264 -0.00661781 -0.00214876 -0.00473231 0.00322523 0.0102236 -0.00398146 -0.00255795 -0.00646341 0.00316399 -0.00428939
internal_weight=56490 31444 25046 30651 19799 16140 13379 17272 15294 10364 5247 4528 3669 17057 9274 1400 895 719 13709 4930 4605 1210 1046 2806 626 7874 5004 2870 1122 2139
internal_count=56490 31444 25046 30651 19799 16140 13379 17272 15294 10364 5247 4528 3669 17057 9274 1400 895 719 13709 4930 4605 1210 1046 2806 626 7874 5004 2870 1122 2139
is_linear=0
shrinkage=0.05


Tree=10
num_leaves=31
num_cat=0
split_feature=4 11 4 11 6 10 10 12 10 5 6 4 10 10 16 9 10 16 16 11 11 16 16 4 11 12 11 12 12 11
split_gain=137.826 46.0961 34.9762 26.5965 23.5968 23.2312 21.3655 21.2303 21.8239 19.9083 18.6998 18.5539 14.1737 13.3674 17.0022 11.8195 11.6488 11.6333 21.3929 10.9773 14.1773 10.2943 14.0482 10.2578 10.1187 13.8815 10.0192 9.62108 12.4227 11.8826
threshold=0.021880146027042417 -0.016802988211636779 0.015366676057289322 -0.007246212580143351 0.69315524174127685 0.0040309236924269696 -0.0077272822899705487 -0.05023266322533259 0.0091384979590398725 0.018560894013199505 -0.81735484046145257 0.034199631256481559 0.0033239704024875531 -0.0077272822899705487 0.006722895177683764 0.05670809547798273 0.0012830359695055196 -0.0094616607239155198 -0.0030257205338030664 1.0000000180025095e-35 0.0015109645581827815 -0.016305306103522984 -0.019630894673623164 0.065853665128995154 -0.014137437602101231 0.0066896649330910893 0.057592518437268987 0.0094949171636059555 0.014344478951051955 0.0056453064529209404
decision_type=2 2 2 2 2 2 2 2 2 2 2 2 2 2 2 10 2 2 2 2 2 2 2 2 2 2 2 2 2 2
left_child=2 5 -1 12 9 6 11 8 -7 -3 -5 -2 16 14 -12 -9 17 21 -19 -15 -21 22 -4 26 -14 -26 -11 29 -29 -22
right_child=1 4 3 10 -6 7 -8 15 -10 23 13 -13 24 19 -16 -17 -18 18 -20 20 27 -23 -24 -25 25 -27 -28 28 -30 -31
leaf_value=-9.1472978687008166e-05 6.7836701462004048e-05 -1.1998087436439209e-05 7.0361426400787725e-05 -0.0001054352359788258 0.00014206257469047092 -0.00028059304926972219 0.00040226943095228126 -0.00019986026547537806 0.00055758454133202095 9.0141845193293841e-05 0.00016950350956134385 0.00048052675797000707 -0.0001672536890730784 -9.223480634000144e-05 -6.5030384383159802e-05 0.00014108098055475639 0.00022407139090350843 -0.00015882540291264633 8.7570569280775925e-05 9.5822128327756507e-05 0.00024047941971689106 0.00013411666277376628 -0.00016974350956296526 0.00078987718760643768 0.00015949038745014644 -0.00010355917310400807 -0.00014309668312040933 -0.0002280929632475854 -4.4287854721103503e-05 -1.5070377982539814e-05
leaf_weight=6512 1463 12312 1584 3055 4689 66 1502 494 195 6442 545 864 535 2146 311 200 287 402 375 661 367 742 280 401 274 211 186 429 7733 1437
leaf_count=6512 1463 12312 1584 3055 4689 66 1502 494 195 6442 545 864 535 2146 311 200 287 402 375 661 367 742 280 401 274 211 186 429 7733 1437
internal_value=-0.000113757 0.00231138 -0.00261959 -0.00164218 0.00141906 0.00679348 0.00853356 -0.000183246 0.0119732 0.000647588 -0.00257732 0.00553287 0.00168443 -0.0017848 0.00426402 -0.00475504 0.00313351 0.00231304 -0.00305663 -0.00219017 -0.00153148 0.00391404 0.00193133 0.00277066 -0.00352941 0.00170103 0.00230084 -0.00200181 -0.00273217 0.00130266
internal_weight=56700 28814 27886 21374 24030 4784 3829 955 261 19341 16684 2327 4690 13629 856 694 3670 3383 777 12773 10627 2606 1864 7029 1020 485 6628 9966 8162 1804
internal_count=56700 28814 27886 21374 24030 4784 3829 955 261 19341 16684 2327 4690 13629 856 694 3670 3383 777 12773 10627 2606 1864 7029 1020 485 6628 9966 8162 1804
is_linear=0
shrinkage=0.05


Tree=11
num_leaves=31
num_cat=0
split_feature=4 11 12 5 6 4 16 12 16 16 12 10 10 16 11 12 12 11 15 12 15 12 16 11 15 12 15 12 10 15
split_gain=134.329 51.2591 40.6598 30.8642 21.4312 17.3966 15.2642 16.0173 15.8253 21.0902 17.6081 17.0014 17.2023 15.5722 17.4987 15.4486 14.4024 15.5263 13.719 13.6749 13.6637 15.0263 13.5273 11.8357 11.6525 11.0375 10.3866 11.5278 10.0287 11.3826
threshold=0.026477370347976228 -0.007246212580143351 -0.075828254732232245 0.010426124976833566 -0.2615864722501145 0.039987601095102687 0.0021907572533382829 0.0066896649330910893 -0.0094616607239155198 -0.006914460852319281 0.054737009016222478 0.00044089291237869871 -0.00038722571471944128 -0.016305306103522984 -0.023324980459216712 0.044338330776630748 -0.062212446145613214 -0.023324980459216712 -0.0044791130751633537 0.017951110302837473 0.0034950671655108461 0.075051001770625306 -0.04616112170744429 0.057592518437268987 -0.00023408966585319876 0.0098181049461038023 -0.0023126284439906604 0.013329903509770149 -0.005759841654093655 0.0069858211800583056
decision_type=2 2 2 2 2 2 2 2 2 2 2 2 2 2 2 2 2 2 2 2 2 2 2 2 2 2 2 2 2 2
left_child=1 6 -2 18 28 16 8 -8 11 -10 -11 12 13 14 19 -16 -4 -18 -3 -1 24 -22 -7 -24 -20 -6 -27 -28 -5 -30
right_child=2 3 5 4 25 22 7 -9 9 10 -12 -13 -14 -15 15 -17 17 -19 20 -21 21 -23 23 -25 -26 26 27 -29 29 -31
leaf_value=6.2199602439721094e-05 0.00079385827481885825 -1.7890897558973248e-05 -0.00018718122269027038 2.9645826535785406e-05 6.5774599550761072e-05 -0.0011701426511278 0.00032570364607381505 -6.4641519616041001e-06 -0.00019817820156204266 5.8718368175712976e-05 -0.00028225167327439757 -5.4320727489876996e-05 0.00028774020882628616 0.00012797628025165483 -8.9960970051364796e-05 0.00019656001468602109 0.00028054588902581585 5.9881188439759366e-05 -8.0561135532554109e-05 0.00052948278013449938 -7.4883125771255113e-05 0.00022001280411244374 0.00033190412060983039 -9.9513790635125031e-05 -0.00017586753010629771 4.5361916121155257e-05 -0.00018380756871699927 -3.1402698627062704e-05 -9.3692465954828239e-05 -1.1671055065074107e-05
leaf_weight=1556 629 1845 317 883 2642 60 601 327 509 783 163 1612 268 1315 1285 176 895 11410 1698 165 3361 60 3708 144 1711 2556 303 5573 7500 2589
leaf_count=1556 629 1845 317 883 2642 60 601 327 509 783 163 1612 268 1315 1285 176 895 11410 1698 165 3361 60 3708 144 1711 2556 303 5573 7500 2589
internal_value=-7.32646e-05 -0.00167866 0.00361971 -0.0026407 -0.00164656 0.00314503 0.00169521 0.00775862 0.000976762 -0.00372852 0.000687104 0.00205034 0.00355194 0.00281855 0.00092709 -0.00309719 0.00224212 0.00251321 -0.00516715 0.0043434 -0.00620059 -0.00396814 0.00605828 0.00642523 -0.00844089 -9.48167e-05 -0.000978416 -0.00213581 -0.00321272 -0.00365993
internal_weight=56644 39481 17163 30721 22046 16534 8760 928 7832 1455 946 6377 4765 4497 3182 1461 12622 12305 8675 1721 6830 3421 3912 3852 3409 11074 8432 5876 10972 10089
internal_count=56644 39481 17163 30721 22046 16534 8760 928 7832 1455 946 6377 4765 4497 3182 1461 12622 12305 8675 1721 6830 3421 3912 3852 3409 11074 8432 5876 10972 10089
is_linear=0
shrinkage=0.05


Tree=12
num_leaves=31
num_cat=0
split_feature=4 13 4 11 9 11 10 6 10 16 11 10 16 16 13 13 13 13 11 13 13 15 13 16 10 11 6 15 15 10
split_gain=123.395 44.8127 36.6879 23.7191 22.005 21.2716 29.0791 18.1343 17.2395 16.7916 16.0341 14.8232 13.1436 16.0724 13.1373 12.8445 23.7073 16.6756 13.2938 14.6957 12.8541 20.0388 24.2206 28.4287 19.7536 16.8365 12.5498 12.0243 13.1531 21.318
threshold=0.023709850036892157 33.719999313354499 0.017309208035991518 -0.0069171623544285734 0.45989064624733295 -0.023324980459216712 0.0041080553382388816 1.6510211679565272 -0.0038582878398281113 -0.052662503938987075 0.050492682028646547 0.0239914392111974 -0.0030257205338030664 -0.0094616607239155198 20.659999847412113 22.330000877380375 21.724999427795414 24.385000228881839 -0.007246212580143351 20.865000724792484 18.015000343322757 0.0026819688006447522 20.500000000000004 0.0087863254502850169 0.0056232321882017109 -0.0027616274394268721 -0.46260138547708679 -0.0043255499166648939 0.0069858211800583056 0.010706297735196714
decision_type=2 2 2 2 10 2 2 2 2 2 2 2 2 2 2 2 2 2 2 2 2 2 2 2 2 2 2 2 2 2
left_child=2 4 8 12 5 6 9 10 -1 -2 11 15 13 -4 -14 16 18 -17 19 -7 25 22 23 -22 -25 -20 -10 -5 -29 -30
right_child=1 -3 3 27 -6 7 -8 -9 26 -11 -12 -13 14 -15 -16 17 -18 -19 20 -21 21 -23 -24 24 -26 -27 -28 28 29 -31
leaf_value=-7.9213244454859863e-06 -0.0014793976836943376 0.00068023151606549188 5.3413615078796826e-05 1.9673288017925091e-05 0.00048192845440758368 0.0001475310315939251 -0.00020160802318090667 0.00022159511340828211 -0.00010985786682530585 0.00034050426841806728 -0.00014514081410686155 0.00061526665719704846 0.00023479151911832562 -0.00011587281270157568 -8.8754743213607327e-05 -0.00016603575307874461 0.00037204344992129159 5.8564515982318169e-05 -0.00011386708040897605 -0.00025190911161725274 0.00010889805715585148 -0.00014996227937420035 0.00039826841446941757 -0.0002866272631280137 0.00050579381837748366 7.3637547111121788e-05 -6.0049131810409417e-05 -6.6047903760073966e-05 4.1403902160915603e-05 -0.00010048916941290016
leaf_weight=2642 47 456 3554 3392 1007 2232 349 1676 4048 1622 411 217 672 631 144 1082 279 1203 841 186 1008 1349 340 647 61 8226 6025 8016 3029 1092
leaf_count=2642 47 456 3554 3392 1007 2232 349 1676 4048 1622 411 217 672 631 144 1082 279 1203 841 186 1008 1349 340 647 61 8226 6025 8016 3029 1092
internal_value=-3.54083e-06 0.00279164 -0.00195744 -0.000650268 0.00248102 0.00214686 0.00703667 0.00164743 -0.00406803 0.00978131 0.00118626 0.00141333 0.00234453 0.00121266 0.00814951 0.00125186 0.0017783 -0.00224289 0.00150772 0.00490074 0.000849904 -0.00176946 0.00133755 -0.00107809 -0.00875706 0.00183357 -0.00501092 -0.00161472 -0.00235025 -5.45984e-05
internal_weight=56484 23239 33245 20530 22783 21776 2018 19758 12715 1669 18082 17671 5001 4185 816 17454 15169 2285 14890 2418 12472 3405 2056 1716 708 9067 10073 15529 12137 4121
internal_count=56484 23239 33245 20530 22783 21776 2018 19758 12715 1669 18082 17671 5001 4185 816 17454 15169 2285 14890 2418 12472 3405 2056 1716 708 9067 10073 15529 12137 4121
is_linear=0
shrinkage=0.05


Tree=13
num_leaves=31
num_cat=0
split_feature=4 13 4 14 3 16 5 14 4 6 15 12 14 15 14 16 6 13 15 15 12 12 15 12 14 16 16 13 16 12
split_gain=105.666 42.7068 38.7876 24.0316 16.756 17.1891 15.6448 15.2841 14.9388 13.9071 13.4377 12.1176 10.6706 11.3177 11.7547 11.2232 9.60613 9.039 23.0688 14.1736 14.9685 11.5731 10.9376 10.3533 11.8172 9.87438 13.5521 9.11398 9.00799 8.73038
threshold=0.025701822200191536 33.719999313354499 0.017882369519601898 0.024903216094988693 0.016751533547493151 0.035035767174663619 0.024497041828688226 0.065842641676127869 0.013425373489532549 -0.86323996339496889 0.063989367590374782 0.0086975765073127338 0.013234785210327617 -0.0041994875895175468 -0.037012086292969142 0.046738073164561141 0.97033727338616782 16.510000228881839 0.0070853510662165506 -0.0079682349026972115 0.0086975765073127338 0.011595821830406862 -0.00050721492243083189 0.11156893737835662 0.076607678117126224 -0.0005125726391469464 0.0043551251454210247 18.595000267028812 -0.031384067536779851 0.041255331111385136
decision_type=2 2 2 2 2 2 2 2 2 2 2 2 2 2 2 2 2 2 2 2 2 2 2 2 2 2 2 2 2 2
left_child=2 4 8 11 5 6 16 -7 -1 -10 -8 -4 13 14 -13 -15 -2 18 19 -5 -21 -22 -23 24 25 -19 27 -27 -11 -14
right_child=1 -3 3 17 -6 7 10 -9 9 28 -12 12 29 15 -16 -17 -18 23 -20 20 21 22 -24 -25 -26 26 -28 -29 -30 -31
leaf_value=-0.0001098059249011896 3.6741177989786314e-05 0.0006920603700665773 1.0658836990170206e-05 7.9783904035881425e-05 0.00033274142452858422 -7.8026451892505757e-05 0.00030267674471432562 0.0021710007580481631 -0.00010337932221749184 0.00010303649021101724 -0.00093165851722929816 0.00040511993024809747 -0.00019844286787830184 -4.0769012202002852e-05 1.8081521358282675e-05 -0.00020685138396891155 0.00017269743375910126 0.00019846378411925018 0.00036554409313853913 -0.00023528914105936543 0.00066891051867564691 3.432960760309436e-05 -0.00016282121601932705 -0.00037888038946193759 3.0707718929040001e-05 -0.00031922568945473215 0.00012203102817522895 0.00013991017016218464 -4.2349455719251219e-05 -6.7463513317609152e-06
leaf_weight=2229 10765 441 5142 723 1355 1303 2938 56 2006 200 41 146 807 8166 1282 393 1848 1030 269 378 61 581 391 56 2172 180 817 71 10246 369
leaf_count=2229 10765 441 5142 723 1355 1303 2938 56 2006 200 41 146 807 8166 1282 393 1848 1030 269 378 61 581 391 56 2172 180 817 71 10246 369
internal_value=-0.000132833 0.00293514 -0.00165783 -0.000377703 0.00256473 0.00213704 0.00260711 -0.00325607 -0.0036663 -0.00299149 0.00586606 -0.00141521 -0.00234032 -0.00180985 0.00231092 -0.00249737 0.00183739 0.00213628 -0.000322514 -0.00206186 -0.00497874 -0.0018635 -0.0031893 0.00350208 0.0037822 0.00645853 0.00308989 -0.00707171 -0.00225924 -0.00684524
internal_weight=56462 18747 37715 23034 18306 16951 15592 1359 14681 12452 2979 16305 11163 9987 1428 8559 12613 6729 2403 2134 1411 1033 972 4326 4270 2098 1068 251 10446 1176
internal_count=56462 18747 37715 23034 18306 16951 15592 1359 14681 12452 2979 16305 11163 9987 1428 8559 12613 6729 2403 2134 1411 1033 972 4326 4270 2098 1068 251 10446 1176
is_linear=0
shrinkage=0.05


Tree=14
num_leaves=31
num_cat=0
split_feature=5 13 4 11 11 14 11 5 16 6 6 14 6 11 13 11 13 12 13 4 12 11 11 13 8 8 11 13 3 16
split_gain=96.4734 42.0134 34.647 20.3696 17.9046 17.7829 16.9826 16.8955 16.2242 15.23 14.5286 14.275 12.6466 14.8265 10.6875 13.7449 15.0476 11.4449 10.312 10.2848 9.98034 9.37732 10.0342 9.32572 9.09232 8.90618 8.6979 8.39632 10.5386 7.9055
threshold=0.014893384947727352 33.719999313354499 0.017309208035991518 -0.023324980459216712 -0.0069171623544285734 -0.041747258744347641 0.048369816433799014 0.031337618424153342 -0.052662503938987075 0.11034765292028323 -0.3173581479989202 -0.048319541899194234 -0.70309829751057462 0.010571722118832951 22.330000877380375 -0.007246212580143351 21.724999427795414 0.12384637745116912 25.19999980926514 0.012258404303521509 -0.030461553479759148 1.0000000180025095e-35 0.0015109645581827815 20.555000305175785 -0.056372573068658276 inf 0.048369816433799014 23.409999847412113 0.0033835995016724412 0.0043551251454210247
decision_type=2 2 2 2 2 2 2 2 2 2 2 2 2 2 2 2 2 2 2 2 2 2 2 2 10 8 2 2 2 2
left_child=2 3 12 5 -4 24 7 9 -7 14 23 -8 13 -1 15 -5 17 20 21 -14 -17 -12 -23 -6 -2 -22 -24 -16 -29 -27
right_child=1 -3 4 6 10 8 11 -9 -10 -11 18 -13 19 -15 27 16 -18 -19 -20 -21 25 22 26 -25 -26 29 -28 28 -30 -31
leaf_value=-6.1221085802691492e-05 -0.0004832281793432142 0.00069343455403932 3.8284560381131277e-05 0.00014474127273579902 -6.7321927993236821e-05 -0.0013075306437285144 0.00016052940578305814 0.00041724454482345848 0.00033960206164290361 0.00011862042805982349 -6.3021374328478498e-05 -0.00019316128229357761 -0.00011652252020774393 -0.00013723699503064162 -0.00020590909458815339 -0.00013322324160530189 0.00053128692389224294 -0.00027890160043725685 0.00057273471422129006 -4.3350520691738563e-05 2.9318264630332936e-05 0.00014252493466209915 5.5359464680885406e-06 9.6898703815542786e-05 0.00013726479346622689 0.00012031516292588772 -0.00024368758724538313 -0.00012199512232320227 0.00014339800880634057 -0.00024807068069225086
leaf_weight=1785 175 462 5816 1653 6944 46 118 1412 1414 5754 1624 433 679 1254 242 574 97 122 52 8972 7334 525 7035 307 157 97 95 826 420 272
leaf_count=1785 175 462 5816 1653 6944 46 118 1412 1414 5754 1624 433 679 1254 242 574 97 122 52 8972 7334 525 7035 307 157 97 95 826 420 272
internal_value=-0.000119938 0.00250833 -0.00173849 0.00218245 -0.000555853 0.00728237 0.00171024 0.00196378 0.00965753 0.00153671 -0.00139308 -0.00694192 -0.00382585 -0.0066387 0.000496262 0.00107646 0.000264831 3.86951e-05 -8.8415e-05 -0.00294011 0.000262776 -0.000212846 0.000519268 -0.00307199 -0.00316265 0.000736726 2.80505e-05 -0.00346102 -0.00180578 -0.00684282
internal_weight=56696 21608 35088 21146 22398 1792 19354 18803 1460 17391 16582 551 12690 3039 11637 10149 8496 8399 9331 9651 8277 9279 7655 7251 332 7703 7130 1488 1246 369
internal_count=56696 21608 35088 21146 22398 1792 19354 18803 1460 17391 16582 551 12690 3039 11637 10149 8496 8399 9331 9651 8277 9279 7655 7251 332 7703 7130 1488 1246 369
is_linear=0
shrinkage=0.05


Tree=15
num_leaves=31
num_cat=0
split_feature=4 4 12 11 11 13 13 10 12 16 14 10 10 13 14 15 15 12 10 13 12 16 16 4 15 10 11 15 10 15
split_gain=98.5157 37.4105 30.9857 25.1981 14.9872 15.3269 15.3245 14.3039 13.9278 12.9141 13.2202 25.1955 20.4094 16.7327 15.524 15.5226 15.4789 17.4119 15.4326 14.398 22.1128 13.4367 13.2723 12.581 12.3674 14.3328 13.4854 13.2249 13.3596 14.3378
threshold=0.02821518869591411 0.017309208035991518 -0.080083523859072289 -0.007246212580143351 0.048369816433799014 14.315000057220461 14.194999694824221 -0.0043670108035313007 0.0094949171636059555 0.047257899490740669 0.024903216094988693 0.0047561203387664905 0.010706297735196714 17.164999961853031 -0.10344834121785244 -0.0038058890305552868 0.0072581709670196401 0.023026608295052656 0.0037112028272787705 20.060000419616703 -0.0032252880989698247 -0.015973060752981601 0.01022514270308972 0.055424716249609401 0.0069858211800583056 0.0041080553382388816 0.013973401641150464 0.0065483618287495169 0.0086411657132533532 -0.0023126284439906604
decision_type=2 2 2 2 2 2 2 2 2 2 2 2 2 2 2 2 2 2 2 2 2 2 2 2 2 2 2 2 2 2
left_child=1 7 -2 -3 5 6 8 -1 -5 10 11 13 14 15 -13 -7 17 -17 -18 -15 -21 -12 -19 -4 27 26 -26 28 29 -9
right_child=2 3 23 4 -6 9 -8 24 -10 -11 21 12 -14 19 -16 16 18 22 -20 20 -22 -23 -24 -25 25 -27 -28 -29 -30 -31
leaf_value=-3.8906280796558326e-06 0.00082463401159845069 4.8245718562053497e-05 7.9547816872630521e-05 9.2324726607551056e-05 -0.0001937862684209435 8.1515827212632792e-05 -0.00024094281982647909 -4.5087626049273183e-05 -6.8087509039795478e-05 0.00030656073217402019 0.00031217966885704705 0.00035053541488735165 -7.8514502092557744e-05 -0.0001708697938721247 4.3735488782163094e-05 -0.00014450806480243908 0.00023095363111757725 8.6174611775732401e-05 -0.0001370625480528737 -0.00019473517835478678 0.00033946308867154859 2.4721866406659385e-05 -0.0001009524342293539 0.00047909413083748571 0.00011868056335658803 -5.5167605341693203e-05 -0.00013797513874448238 -0.00029796562755504094 8.6971561421538698e-05 -0.00011601584515570423
leaf_weight=2442 425 7302 12314 401 308 902 249 2660 5416 366 215 254 1434 1951 3430 1269 346 593 163 198 169 4077 880 1242 567 2190 147 203 300 4292
leaf_count=2442 425 7302 12314 401 308 902 249 2660 5416 366 215 254 1434 1951 3430 1269 346 593 163 198 169 4077 880 1242 567 2190 147 203 300 4292
internal_value=-0.000172383 -0.00136457 0.00347078 -0.000396852 -0.00122121 -0.00107 -0.00321464 -0.00362667 -0.00269469 -0.00026928 -0.000483282 -0.0013612 0.00126026 -0.00343455 0.00323018 -0.00153503 -0.00314519 -0.00463166 0.00486248 -0.00683779 0.00224796 0.00188723 -0.000933469 0.003054 -0.00443817 -0.00167011 0.00448179 -0.00551643 -0.00516409 -0.0056099
internal_weight=56705 42724 13981 29923 22621 22313 6066 12801 5817 16247 15881 11589 5118 6471 3684 4153 3251 2742 509 2318 367 4292 1473 13556 10359 2904 714 7455 7252 6952
internal_count=56705 42724 13981 29923 22621 22313 6066 12801 5817 16247 15881 11589 5118 6471 3684 4153 3251 2742 509 2318 367 4292 1473 13556 10359 2904 714 7455 7252 6952
is_linear=0
shrinkage=0.05


Tree=16
num_leaves=31
num_cat=0
split_feature=4 13 13 10 15 15 6 10 15 14 13 12 11 14 15 10 10 11 11 12 4 10 11 14 14 15 15 10 8 14
split_gain=84.2325 32.3371 31.4128 24.2803 22.3706 28.3301 21.2514 20.0362 32.5108 27.9709 19.9824 19.5675 19.875 22.0666 18.316 19.8844 19.6874 17.9086 17.1053 15.9961 15.1664 15.16 14.8598 14.7366 25.4589 22.9722 19.886 14.6013 14.1306 14.0149
threshold=0.02821518869591411 14.315000057220461 33.719999313354499 -0.0072745157566194698 -0.0044791130751633537 -0.0035893843008726329 -1.1684824617997014 -0.0021138824674655772 0.0069858211800583056 -0.10344834121785244 21.409999847412113 0.015760978706321874 -0.010447904768034031 -0.0078859681506743256 0.0066621108172757468 0.0044649128256998303 0.0022948798930048091 0.025734816417073651 0.050492682028646547 0.035935389713108064 0.053412035385435104 -0.0061038780912164295 0.045591132552592513 0.040951993391927573 0.0071322940265206034 0.0013534288084278148 0.0051302458510330559 0.00054085357346300722 0.33581227686700083 -0.060408912479391223
decision_type=2 2 2 2 2 2 2 2 2 2 2 2 2 2 2 2 2 2 2 2 2 2 2 2 2 2 2 2 8 2
left_child=1 3 18 -1 -3 -6 -5 11 9 -9 14 -7 -13 -14 15 16 17 23 20 -10 -2 -15 28 24 26 -25 -11 -26 -17 -8
right_child=2 4 -4 6 5 7 29 8 19 10 -12 12 13 21 -16 22 -18 -19 -20 -21 -22 -23 -24 25 27 -27 -28 -29 -30 -31
leaf_value=0.00014700607383957463 8.2217096016842713e-05 3.335247406867272e-05 0.00060510737927507859 -0.00015584404159991869 -0.00019851689466745937 0.00011806024377073186 -0.0001603816221709258 0.00023378313741478316 3.8134893415489421e-05 -7.5577896245233002e-05 0.00010512545975198459 0.00032451227140889243 0.00022762932356241557 5.5717052502401219e-05 -0.00032583041266570222 3.0463397797995386e-05 -0.00018486096842670137 9.2783091499146173e-05 -0.00011485899215890948 -5.251533674548977e-05 0.00055684117800960736 -0.00017437669977824244 -0.00022013558660071128 0.00024636509172180243 -0.00034681381678620352 -0.00013567895196950889 0.00019875986867159729 -0.00011341263120760179 -0.0003405456177507499 -5.055581845850562e-05
leaf_weight=365 11950 8981 409 821 923 1863 619 334 5915 2419 575 180 122 369 269 1960 1948 392 344 2072 1329 888 129 333 428 283 230 361 96 9765
leaf_count=365 11950 8981 409 821 923 1863 619 334 5915 2419 575 180 122 369 269 1960 1948 392 344 2072 1329 888 129 333 428 283 230 361 96 9765
internal_value=-8.20511e-05 -0.00118785 0.00327822 -0.00344425 -0.000347602 -0.00120309 -0.00385765 -0.00082916 -0.00150473 -0.00344112 -0.00394513 0.00267387 -0.00145927 -0.00349891 -0.0045321 -0.00412927 -0.00553644 -0.00369996 0.00286831 0.000860774 0.00315348 -0.00546937 -1.14416e-05 -0.00468673 -0.00596277 0.00243506 -0.00361457 -0.0138466 0.0010214 -0.00324538
internal_weight=56672 42640 14032 11570 31070 22089 11205 21166 17744 9757 9423 3422 1559 1379 8848 8579 6394 4446 13623 7987 13279 1257 2185 4054 3438 616 2649 789 2056 10384
internal_count=56672 42640 14032 11570 31070 22089 11205 21166 17744 9757 9423 3422 1559 1379 8848 8579 6394 4446 13623 7987 13279 1257 2185 4054 3438 616 2649 789 2056 10384
is_linear=0
shrinkage=0.05


Tree=17
num_leaves=31
num_cat=0
split_feature=5 11 10 15 15 6 6 14 14 11 11 14 16 12 10 14 5 15 12 16 16 5 11 16 10 11 16 16 10 14
split_gain=82.8695 33.2239 28.4246 27.6754 26.9551 21.3063 19.3164 19.2974 17.9575 14.6979 20.9334 20.2195 18.3673 13.9408 13.7273 21.1783 13.0592 11.8474 12.2661 11.8418 14.2312 11.4385 11.3401 11.2556 11.2414 11.1841 11.2267 10.3402 10.1176 10.3347
threshold=0.013693065105127142 -0.023324980459216712 0.0041080553382388816 -0.0041994875895175468 0.0069858211800583056 0.11034765292028323 -0.82556487407051826 0.0053913947730825926 -0.10344834121785244 0.01160523990497442 0.016536757711404618 -0.096084571305829466 0.022731188351109325 -0.033014556845483704 0.0054292570056242448 -0.01645331830647578 0.020595271280660968 0.016193132226402177 0.079276307211688116 0.013497498636627971 -0.029034123485220716 0.024497041828688226 0.008702149125525362 0.033739286979208701 -0.0022250967273709783 0.0026615603308526308 -0.006914460852319281 0.012890216024060932 0.0025358686375718258 -0.039055332959848192
decision_type=2 2 2 2 2 2 2 2 2 2 2 2 2 2 2 2 2 2 2 2 2 2 2 2 2 2 2 2 2 2
left_child=3 2 -2 19 6 21 -5 9 -8 11 -11 -6 -12 -13 15 -14 -7 18 22 20 -1 -3 25 -23 -21 26 -15 28 29 -22
right_child=1 5 -4 4 7 16 8 -9 -10 10 12 13 14 17 -16 -17 -18 -19 -20 24 27 23 -24 -25 -26 -27 -28 -29 -30 -31
leaf_value=0.000118708725458488 0.00030938514528918787 -7.0794226063358896e-06 -0.00015698287113144246 -0.00011376706671108579 -0.00012209197464156237 6.3605088863804551e-05 0.00023040715879192616 0.00012020660308832347 -6.0502853312669091e-05 -0.00016885444497734029 0.00011261010938577098 0.00022956852790585828 0.00029213430810663482 -0.00015180938705949503 -0.00011978600264388193 -0.0001537374588177781 0.00027466893660122918 0.00023747770712388464 0.00037096297849801055 2.108293324598193e-05 0.00020641529481265093 0.00021871758799096657 0.00017476503921925362 -8.2773407076571116e-05 0.00019691402626942288 -9.0879096066222341e-05 7.2327363516247554e-05 -0.00049879551630288858 -0.00019773627573485276 -8.6045680270581928e-06
leaf_weight=702 2233 13998 382 2920 719 6094 137 1054 11137 887 480 304 145 183 779 126 2152 357 55 537 197 2176 255 426 363 992 613 52 337 5908
leaf_count=702 2233 13998 382 2920 719 6094 137 1054 11137 887 480 304 145 183 779 126 2152 357 55 537 197 2176 255 426 363 992 613 52 337 5908
internal_value=-9.61199e-05 0.0018763 0.00723709 -0.0019486 -0.00290049 0.00131208 -0.00414964 -0.000348971 -0.00321093 -0.0014631 -0.00445801 0.000618171 -0.000915033 0.00256433 -0.00461905 0.0050738 0.00338952 0.00131365 -0.000119161 0.000537302 -0.000138966 0.00028012 -0.000746451 0.00332437 0.00594444 -0.00215324 0.00226131 -0.000870034 -0.000690779 -0.000225225
internal_weight=56700 27461 2615 29239 21143 24846 14194 6949 11274 5895 2417 3478 1530 2759 1050 271 8246 2455 2098 8096 7196 16600 2043 2602 900 1788 796 6494 6442 6105
internal_count=56700 27461 2615 29239 21143 24846 14194 6949 11274 5895 2417 3478 1530 2759 1050 271 8246 2455 2098 8096 7196 16600 2043 2602 900 1788 796 6494 6442 6105
is_linear=0
shrinkage=0.05


Tree=18
num_leaves=31
num_cat=0
split_feature=4 4 12 11 6 9 6 6 10 11 4 10 15 8 10 15 14 10 13 13 13 15 12 10 15 10 14 10 10 10
split_gain=74.5011 33.36 30.9918 20 17.4551 14.4221 14.2369 10.6227 10.5442 10.2933 10.2025 10.1855 20.6381 11.9372 12.1591 10.1738 10.0904 10.0686 9.79502 16.5927 12.7146 12.6351 14.1631 28.7201 21.3542 12.1193 11.413 25.3161 18.631 11.6797
threshold=0.02821518869591411 0.017309208035991518 -0.080083523859072289 -0.007246212580143351 1.6510211679565272 0.45989064624733295 -1.2107737288905664 -0.29725119547967144 -0.0043670108035313007 0.048369816433799014 0.012258404303521509 0.0025358686375718258 0.0070853510662165506 0.079473693565401252 0.011370358017654071 -0.017588249087878035 -0.043319952397522503 -0.0049441493240062187 14.315000057220461 14.194999694824221 17.164999961853031 0.0069858211800583056 0.0086975765073127338 0.0092344567550487495 0.0053964047936085899 -0.0061038780912164295 0.02426411528649575 -0.0018123893917819098 0.0010681409799049304 -0.0052693175336530054
decision_type=2 2 2 2 2 10 2 2 2 2 2 2 2 8 2 2 2 2 2 2 2 2 2 2 2 2 2 2 2 2
left_child=1 6 -2 11 9 7 -1 -4 17 18 -10 12 16 14 -13 -12 -3 -8 19 -5 21 22 23 -20 25 -24 27 -22 29 -28
right_child=2 3 5 4 -6 -7 8 -9 10 -11 15 13 -14 -15 -16 -17 -18 -19 20 -21 26 -23 24 -25 -26 -27 28 -29 -30 -31
leaf_value=-0.00012398295416375278 0.00078942662364882396 0.00021618859315161335 1.8480866927990782e-05 -4.5995323568400571e-05 8.0215908236766153e-05 0.00044833747162934743 -8.1952865810155935e-06 0.00011706014476002437 -0.00011932280455670254 -0.00015741277133959756 0.00062650976524207026 -5.0410465776446709e-05 0.00031160304626071659 -0.0002487648095931512 0.00011288106513151304 -5.3058513189078268e-05 4.2446425854244642e-05 0.00024862675930496374 -0.00012834532780721681 -0.0002350605975221015 -0.00027714600636824125 7.5238472428160611e-05 0.00020515995481662887 0.0003983150765640968 -0.00029625126838819994 2.1761434480167559e-05 -6.847106806706508e-06 -4.3699749903231698e-05 -0.00025602390622864283 0.00018870884051143006
leaf_weight=710 424 144 5908 5282 1985 959 2185 6755 712 301 42 1160 443 272 366 8965 4907 137 1340 244 588 2412 264 177 208 3792 1198 4003 196 678
leaf_count=710 424 144 5908 5282 1985 959 2185 6755 712 301 42 1160 443 272 366 8965 4907 137 1340 244 588 2412 264 177 208 3792 1198 4003 196 678
internal_value=-7.97258e-05 -0.00111856 0.00307917 -0.000206943 -0.000939651 0.00266481 -0.00326053 0.00221709 -0.00285483 -0.00136948 -0.00357804 0.00207076 0.00313979 -0.00119577 0.000524246 -0.00312257 0.00223223 0.000172265 -0.00123393 -0.00303113 -0.000565428 0.000753692 -0.000514617 -0.00466381 0.000961538 0.00176282 -0.00218745 -0.00357765 0.000892857 0.00242537
internal_weight=56757 42711 14046 29960 22668 13622 12751 12663 12041 20683 9719 7292 5494 1798 1526 9007 5051 2322 20382 5526 14856 8193 5781 1517 4264 4056 6663 4591 2072 1876
internal_count=56757 42711 14046 29960 22668 13622 12751 12663 12041 20683 9719 7292 5494 1798 1526 9007 5051 2322 20382 5526 14856 8193 5781 1517 4264 4056 6663 4591 2072 1876
is_linear=0
shrinkage=0.05


Tree=19
num_leaves=31
num_cat=0
split_feature=5 13 12 10 13 15 14 12 15 16 13 16 14 11 12 10 11 11 11 16 15 12 16 16 14 16 16 13 12 5
split_gain=70.0027 29.8124 27.5431 23.999 20.1664 17.1658 35.9197 24.5796 18.9991 21.5889 23.0863 22.2116 17.9566 17.2226 19.6987 16.9402 16.8798 16.5012 15.9716 24.8394 19.8977 15.9008 15.0751 14.8768 14.6312 14.2632 14.2248 18.7882 13.6255 14.3681
threshold=0.016600202842899269 15.164999961853029 -0.075828254732232245 -0.0072745157566194698 15.114999771118166 0.0067316293412662551 0.0066946732173895915 0.0037861814309102519 -0.0023126284439906604 0.0021907572533382829 14.059999942779543 0.025895784143216031 -0.0055188195568775513 0.0026615603308526308 0.079276307211688116 0.010289395182288665 0.018972552338111019 0.023858934510878397 0.00081107941047609 0.0054824665461561404 0.0030274315270543144 0.08698427805602639 0.033739286979208701 0.0068941244850198044 0.065842641676127869 0.0096290978861125493 -0.0040772997110365963 14.570000171661379 0.065716798092613452 0.0092581942324292538
decision_type=2 2 2 2 2 2 2 2 2 2 2 2 2 2 2 2 2 2 2 2 2 2 2 2 2 2 2 2 2 2
left_child=1 3 -2 4 -1 8 7 -7 9 26 11 -11 16 15 -15 -9 18 -8 -10 -20 -21 23 -4 -14 -24 -25 -5 -28 29 -3
right_child=2 28 22 5 -6 6 17 13 12 10 -12 -13 21 14 -16 -17 -18 -19 19 20 -22 -23 24 25 -26 -27 27 -29 -30 -31
leaf_value=0.00015501028043528781 0.00070725625043894385 -6.8364470367516215e-05 9.5732358422525069e-05 -3.6753567433004926e-05 -0.00048917515161533975 0.00018024027223979535 0.0002544546534979015 0.00014046969695034577 -0.00016887929717286068 0.00014420269938572917 -6.2819631638216539e-05 -0.00025753385557640947 -0.00023040190583849355 -0.00010670025624054487 0.00035506775523256391 -0.00013714607012719286 -0.00013045416176530122 -4.1984536636311895e-05 0.00015477590721602166 -0.00012395660718587473 4.9663396661133764e-05 0.00022034594345368003 -5.5605009789840102e-05 8.2459576410721458e-05 0.002147117327539205 -0.00013402702047281059 -0.00025624327313687457 2.9551479690287202e-05 -0.00010739336916823191 9.6931233796083812e-06
leaf_weight=659 546 1754 13358 1767 60 276 650 418 456 949 696 61 1070 2115 63 220 1205 248 796 782 697 62 1627 241 52 1506 630 208 1279 22235
leaf_count=659 546 1754 13358 1767 60 276 650 418 456 949 696 61 1070 2115 63 220 1205 248 796 782 697 62 1627 241 52 1506 630 208 1279 22235
internal_value=-5.73334e-05 -0.00113921 0.00279632 -0.00284023 0.00608484 -0.00326475 -0.000451128 -0.00300776 -0.00427377 -0.00167595 0.00269637 0.00752475 -0.00591709 -0.00440341 -0.00651974 0.00282132 -0.00372205 0.00835189 -0.00154705 0.000164835 -0.00366802 -0.00891803 0.00239576 -0.00946929 -0.00206968 -0.00662564 -0.00453935 -0.00990453 -7.32151e-05 0.000194881
internal_weight=56686 41103 15583 15835 719 15116 3990 3092 11126 4311 1706 1010 6815 2816 2178 638 3936 898 2731 2275 1479 2879 15037 2817 1679 1747 2605 838 25268 23989
internal_count=56686 41103 15583 15835 719 15116 3990 3092 11126 4311 1706 1010 6815 2816 2178 638 3936 898 2731 2275 1479 2879 15037 2817 1679 1747 2605 838 25268 23989
is_linear=0
shrinkage=0.05


Tree=20
num_leaves=31
num_cat=0
split_feature=4 4 12 14 12 16 11 14 15 12 12 12 13 11 12 11 11 16 12 13 13 11 11 12 16 11 13 16 16 16
split_gain=63.6193 34.1426 27.8226 16.6756 19.5869 14.3367 18.0921 14.1692 13.9547 13.1258 14.5972 14.0329 13.3826 13.0787 12.4294 12.2766 13.5116 12.236 12.0166 11.7664 14.6527 14.0692 12.7878 11.44 11.0747 15.6294 14.1683 13.0091 16.2288 9.94167
threshold=0.031284159410794939 0.018395387540757601 -0.075828254732232245 0.024903216094988693 0.11156893737835662 0.025179044445945212 -0.023324980459216712 0.018287022450050875 0.063989367590374782 0.048546370435733628 0.047809127478452236 0.060450461334446877 13.13000011444092 -0.023324980459216712 0.0011335469917099774 0.0080419016501751556 -0.0031311612165533238 0.025500857831464944 -0.030461553479759148 19.440000534057621 13.934999942779543 0.032599070140324489 0.048369816433799014 0.050572989883403315 0.018916097086855158 0.014107159275651539 16.355000495910648 0.016672753010892997 0.015103483958726851 -0.00055397230088943805
decision_type=2 2 2 2 2 2 2 2 2 2 2 2 2 2 2 2 2 2 2 2 2 2 2 2 2 2 2 2 2 2
left_child=1 9 -2 7 5 6 14 17 13 10 12 -11 -1 -4 -5 16 -13 24 29 20 21 -19 -22 -7 27 -26 -27 28 -3 -15
right_child=2 3 8 4 -6 23 -8 -9 -10 11 -12 15 -14 18 -16 -17 -18 19 -20 -21 22 -23 -24 -25 25 26 -28 -29 -30 -31
leaf_value=-9.3951706690900726e-05 0.00071226573006229839 -3.1705898161541165e-06 0.00033330809311897752 0.00011975842244566909 -0.00036970796755556273 0.00039334080556264111 1.4859670531994825e-05 -0.00013202154630995793 -0.00081616518490701439 -0.00013754012428609442 0.00010362373929083679 -0.00015771633565198358 -3.0534664474446199e-05 8.9956987179857896e-05 0.00056335049254910491 -7.6696276376315902e-05 0.00019584583442692777 -0.00021774053876101769 0.00011921454302751561 -0.00018478018216798225 1.9571464336800001e-05 0.00038804991424619542 -0.00017566497374883836 -5.428734774860578e-05 0.0002390440582263209 -7.3503390112240977e-05 0.000140671276522292 -0.00013294488685435072 0.00019992361600185764 -0.0001498782030944678
leaf_weight=1796 498 13792 772 1100 94 490 6895 1192 61 1283 529 77 11974 731 162 539 206 476 7194 410 2172 58 300 169 579 661 455 690 495 744
leaf_count=1796 498 13792 772 1100 94 490 6895 1192 61 1283 529 77 11974 731 162 539 206 476 7194 410 2172 58 300 169 579 661 455 690 495 744
internal_value=-7.86302e-05 -0.00085526 0.00354 0.000142431 0.00195847 0.00220054 0.00162744 -0.000617951 0.00293622 -0.00269142 -0.00214875 -0.00637767 -0.00246187 0.00309024 0.00713154 -0.00127737 0.00715548 -0.000303664 0.00253489 -0.00302986 -0.00194611 -0.00945693 -0.000323625 0.00929439 0.000254918 0.00408555 0.00062724 -0.000178607 0.000145237 -0.00157627
internal_weight=56594 46594 10000 30190 8910 8816 8157 21280 9502 16404 14299 2105 13770 9441 1262 822 283 20088 8669 3416 3006 534 2472 659 16672 1695 1116 14977 14287 1475
internal_count=56594 46594 10000 30190 8910 8816 8157 21280 9502 16404 14299 2105 13770 9441 1262 822 283 20088 8669 3416 3006 534 2472 659 16672 1695 1116 14977 14287 1475
is_linear=0
shrinkage=0.05


Tree=21
num_leaves=31
num_cat=0
split_feature=4 13 16 6 10 14 12 4 15 16 16 13 8 12 12 13 16 16 16 10 10 10 15 15 16 15 14 16 12 12
split_gain=57.2845 31.3717 28.7636 21.5064 20.3983 20.4709 14.97 13.9636 13.6521 14.4402 22.707 12.4475 12.1735 12.1662 11.9733 12.1001 11.8668 11.1609 11.4337 10.845 10.0091 9.96876 10.5632 10.6257 10.1346 13.1019 17.815 17.1772 12.8158 10.3103
threshold=0.018395387540757601 25.505000114440922 -0.017484650425826916 -0.29725119547967144 0.031057644580603009 0.12307845124318741 0.048546370435733628 0.042864401716513165 -0.014149653220087153 0.014463694413870855 0.048929825341288209 12.119999885559084 inf 0.051247552608074794 0.047809127478452236 15.210000038146974 0.067620743577537126 0.035503922391882388 0.03424707656551252 -0.0064885643523325811 -0.00020807375643927537 -0.020247537407416468 -0.021715650796061577 -0.0044791130751633537 0.037255331995338044 0.0069208731104983831 -0.10344834121785244 -0.025601212369674161 0.056027044437369396 0.0011335469917099774
decision_type=2 2 2 2 2 2 2 2 2 2 2 2 8 2 2 2 2 2 2 2 2 2 2 2 2 2 2 2 2 2
left_child=6 3 4 17 5 -3 11 12 -4 -10 -11 -1 21 -8 15 19 -12 18 -2 -13 -16 -5 -23 -24 25 26 -25 -27 -29 -26
right_child=1 2 8 7 -6 -7 13 -9 9 10 16 14 -14 -15 20 -17 -18 -19 -20 -21 -22 22 23 24 29 27 -28 28 -30 -31
leaf_value=-0.00031289348862619686 -1.1071543406959966e-05 0.00062305501166307292 -0.00031625369574880537 0.00061768533627173548 -0.00067550002119475254 0.00011125607986849545 -0.00018754052686661095 0.00033451932609798165 0.00017908683340872703 -0.00057641721805075114 0.00060038265432679522 4.7109957812935389e-05 -0.00010485085808020845 -6.7556002512366619e-05 -0.00015865020558869896 -9.8220328462026239e-06 -8.921556242471492e-05 -0.00010333094926215726 0.00035912142901293944 -6.524311175606012e-05 0.00016002234986946321 -0.00023682091930454698 0.00010012126170137167 0.00033572299594719705 0.00032793334646702595 -0.00029323534685704372 -6.7348349543805853e-06 0.00012245161761286258 -7.3622018896343441e-05 -0.00011346825738619759
leaf_weight=137 16312 847 200 154 69 525 373 1390 282 136 137 518 787 1731 93 7113 129 964 120 6050 443 175 4841 258 153 177 7262 3651 485 1057
leaf_count=137 16312 847 200 154 69 525 373 1390 282 136 137 518 787 1731 93 7113 129 964 120 6050 443 175 4841 258 153 177 7262 3651 485 1057
internal_value=-6.49649e-05 0.000954227 0.0065914 0.000607368 0.0109473 0.0122813 -0.00254891 0.00170917 -0.00050905 0.00285088 -0.00323383 -0.00197158 0.00135526 -0.00648764 -0.00182704 -0.00211425 0.00526316 -0.000684065 -0.000377313 -0.00366169 0.00550373 0.00161835 0.00151033 0.00162995 0.000887449 0.00133314 7.31383e-05 0.00353003 0.00418279 -0.00347107
internal_weight=56569 40111 2325 37786 1441 1372 16458 20390 884 684 402 14354 19000 2104 14217 13681 266 17396 16432 6568 536 18213 18059 17884 13043 11833 7520 4313 4136 1210
internal_count=56569 40111 2325 37786 1441 1372 16458 20390 884 684 402 14354 19000 2104 14217 13681 266 17396 16432 6568 536 18213 18059 17884 13043 11833 7520 4313 4136 1210
is_linear=0
shrinkage=0.05


Tree=22
num_leaves=31
num_cat=0
split_feature=4 13 13 13 11 15 15 14 16 12 16 11 4 16 13 11 16 16 15 14 16 14 10 12 15 13 12 13 13 11
split_gain=56.4993 27.7924 20.2625 26.9489 20.4782 15.6536 28.6853 27.3402 21.7566 17.9434 16.843 15.4121 15.8107 15.1057 17.9139 15.2772 14.6955 13.7012 15.1071 13.528 12.8122 12.7833 15.2603 19.8106 19.4708 18.2939 14.686 14.6458 14.4194 12.698
threshold=0.025701822200191536 33.719999313354499 16.469999313354496 16.765000343322757 -0.0081164362823131202 0.0069208731104983831 -0.0023126284439906604 0.004407866869301503 0.0021907572533382829 0.0086975765073127338 0.047257899490740669 0.050492682028646547 0.043908847641844655 0.016672753010892997 12.765000343322756 0.023193320881576888 0.0021907572533382829 0.015199413483664716 0.017935334934607087 0.079615825148664734 0.040055418399531202 0.02426411528649575 0.0047561203387664905 0.030284693061106042 0.0030933514814167622 17.945000648498539 0.04087278768897052 17.860000610351566 20.865000724792484 0.010411796556971999
decision_type=2 2 2 2 2 2 2 2 2 2 2 2 2 2 2 2 2 2 2 2 2 2 2 2 2 2 2 2 2 2
left_child=2 11 5 19 16 6 8 13 -1 -10 29 12 -2 14 -7 17 -5 18 -16 -4 -9 22 23 -6 27 -26 -27 -24 -25 -8
right_child=1 -3 3 4 21 7 10 20 9 -11 -12 -13 -14 -15 15 -17 -18 -19 -20 -21 -22 -23 24 28 25 26 -28 -29 -30 -31
leaf_value=-5.5882879611444905e-05 3.6097104869656053e-05 0.00050910924088038323 0.00015739259536271249 1.6136690479905819e-05 -0.00015695517369407826 -0.00026443920389835723 -6.1019295036548584e-05 0.00019516354198936727 -0.00010233781402215806 8.0310067103102434e-05 0.00063051491325743158 -0.00012983264710987821 0.00027211381530537621 -8.4955205694687414e-05 -2.1813061545263805e-05 0.00086723075691711522 0.00024524944238234995 0.00015422877496260915 0.00043294539755580458 -0.00023098688884360216 -0.00016463092719336758 1.2879125890496829e-05 -4.3434007873588511e-05 -3.6738044186838053e-05 2.2874719645246201e-05 -8.1279083148486826e-05 -0.00020886619244765426 0.00024335382804567234 0.00045737734300848806 -0.00011020640826440114
leaf_weight=4178 15083 442 1295 5361 1877 108 4354 1018 370 2337 56 403 2811 1796 2221 100 481 282 102 87 115 2913 207 1408 1162 1092 288 350 114 4305
leaf_count=4178 15083 442 1295 5361 1877 108 4354 1018 370 2337 56 403 2811 1796 2221 100 481 282 102 87 115 2913 207 1408 1162 1092 288 350 114 4305
internal_value=-0.000156041 0.00209056 -0.00126458 4.35828e-05 -0.000562184 -0.00228423 -0.00310577 -5.22466e-05 -0.000693537 0.0027983 -0.00501147 0.00179128 0.00200905 -0.00176286 0.000524351 0.00132163 0.00176309 0.000585413 -0.000678003 0.00672938 0.00690644 -0.00200563 -0.00323946 -0.0055531 -0.000701839 -0.00255704 -0.00644928 0.00776481 -0.00131406 -0.00518824
internal_weight=56716 18739 37977 16635 15253 21342 15600 5742 6885 2707 8715 18297 17894 4609 2813 2705 5842 2605 2323 1382 1133 9411 6498 3399 3099 2542 1380 557 1522 8659
internal_count=56716 18739 37977 16635 15253 21342 15600 5742 6885 2707 8715 18297 17894 4609 2813 2705 5842 2605 2323 1382 1133 9411 6498 3399 3099 2542 1380 557 1522 8659
is_linear=0
shrinkage=0.05


Tree=23
num_leaves=31
num_cat=0
split_feature=5 12 6 6 15 5 12 11 11 15 16 13 10 13 13 12 13 16 13 11 13 13 16 12 14 14 13 10 16 11
split_gain=56.0559 27.9726 21.1555 18.9752 16.41 16.1781 14.9724 17.3771 14.9053 15.7081 13.7778 13.4683 12.3914 12.1309 24.912 19.8176 16.4193 15.6702 15.4888 20.6404 21.972 20.258 30.2859 28.7354 15.5102 13.5695 17.8278 13.157 13.1211 12.2929
threshold=0.012981645426027413 -0.075828254732232245 1.6510211679565272 -0.27556068643328852 0.010308036294939928 0.031337618424153342 -0.062212446145613214 -0.023324980459216712 0.0033857375272920991 -0.021715650796061577 -0.0096145339656227274 27.664999961853031 0.0030905766742578282 22.330000877380375 24.119999885559086 0.12951747904648439 21.724999427795414 -0.02847883470476897 21.134999275207523 -0.0071058242235014215 20.375000000000004 18.015000343322757 0.0086511277362235645 0.04087278768897052 -0.035714459440522088 -0.060408912479391223 14.340000152587892 0.010706297735196714 0.012766134763876004 0.048369816433799014
decision_type=2 2 2 2 2 2 2 2 2 2 2 2 2 2 2 2 2 2 2 2 2 2 2 2 2 2 2 2 2 2
left_child=3 11 5 4 10 6 8 -8 9 -3 12 -2 -1 16 15 17 18 -15 19 -9 21 25 23 -23 -25 26 -21 -18 -24 -27
right_child=1 2 -4 -5 -6 -7 7 13 -10 -11 -12 -13 -14 14 -16 -17 27 -19 -20 20 -22 22 28 24 -26 29 -28 -29 -30 -31
leaf_value=1.6674721213233001e-05 5.1315168933211691e-05 -0.0004819248102551979 0.00018361487643809278 -1.007010859984921e-05 2.6943078126676762e-05 0.00027376957364786558 0.00013521438616686098 0.00010816059386362879 -0.00043034759257776087 6.9406500535145699e-05 -7.4620079746164046e-05 0.0007026169489848938 -0.00011420269394223742 0.00018010358832815413 2.8293103213652277e-05 0.00070909795326862517 0.00044196441484343964 -0.00024620944749068584 -0.00035685342742297187 -0.00016164202231948034 0.0002381014722283309 -0.00013938026902275553 -0.00029944534074907985 -0.00015965885859262952 0.00021233851244397729 2.5285659838879609e-06 0.00015555092223328319 -0.00028809306982467063 -0.00010309096623316427 -0.00018072543680304647
leaf_weight=1977 290 105 2503 13739 1119 1548 1769 3189 201 287 8136 478 481 63 1403 56 198 868 315 305 462 832 620 122 719 11571 1617 40 1404 196
leaf_count=1977 290 105 2503 13739 1119 1548 1769 3189 201 287 8136 478 481 63 1403 56 198 868 315 305 462 832 620 122 719 11571 1617 40 1404 196
internal_value=-0.000103775 0.00131815 0.00108002 -0.00184465 -0.00332323 0.000684833 0.000392909 0.000573809 -0.00746206 -0.00178571 -0.00393147 0.0107422 -0.000650936 0.000221018 -0.003159 -0.00924519 0.000595183 -0.0109828 0.000449607 0.000614394 -4.76244e-05 -0.000333602 -0.0036178 0.00135983 0.00787753 0.000553364 0.00444849 0.0136555 -0.00773221 -8.28588e-05
internal_weight=56613 31161 30393 25452 11713 27890 26342 25749 593 392 10594 768 2458 23980 2390 987 21590 931 21352 21037 17848 17386 3697 1673 841 13689 1922 238 2024 11767
internal_count=56613 31161 30393 25452 11713 27890 26342 25749 593 392 10594 768 2458 23980 2390 987 21590 931 21352 21037 17848 17386 3697 1673 841 13689 1922 238 2024 11767
is_linear=0
shrinkage=0.05


Tree=24
num_leaves=31
num_cat=0
split_feature=5 5 13 6 16 15 5 15 16 13 16 16 14 11 16 14 14 16 11 15 15 14 14 15 10 10 14 11 10 10
split_gain=56.9555 23.7892 21.4157 19.7254 14.9531 15.2721 14.4801 12.3023 13.065 11.9627 11.7231 11.5812 11.0728 11.7766 17.8625 11.0318 10.319 11.979 11.5367 9.79719 28.1346 15.334 9.79177 9.42024 10.072 12.4748 13.968 9.96092 9.2378 9.21183
threshold=0.016743263827957686 0.0093148195498722903 38.065000534057624 -0.29725119547967144 -0.0089337691794307266 0.0069858211800583056 0.038056263394235477 -0.0044791130751633537 -0.024234057275211714 20.714999198913578 -0.029897974084020614 0.035035767174663619 0.049298283120689408 0.008351369239960273 -0.0065520571195252222 0.0080830591469587282 -0.067583665573298909 0.037255331995338044 -0.014526452350843598 0.010693782912721274 0.012801652039235891 -0.017113211502094435 0.065842641676127869 0.0091041420845381377 0.0079479447870289838 0.010524414254028504 -0.040830821857172121 0.031328767211223359 -0.00071796458931633323 0.0041080553382388816
decision_type=2 2 2 2 2 2 2 2 2 2 2 2 2 2 2 2 2 2 2 2 2 2 2 2 2 2 2 2 2 2
left_child=1 -1 6 4 -3 12 11 -5 10 15 -9 -2 -6 14 -14 29 17 -10 -18 23 21 -21 28 24 -20 27 -27 -26 -13 -7
right_child=2 3 -4 7 5 9 -8 8 16 -11 -12 22 13 -15 -16 -17 18 -19 19 20 -22 -23 -24 -25 25 26 -28 -29 -30 -31
leaf_value=-6.4145227871488961e-05 7.4537862000111394e-05 1.0908075561902755e-05 0.00074023540205579589 4.8675652575877386e-05 -7.2127170135772897e-05 0.00010227758090747665 0.00071412824215833426 0.00014105050295772239 0.00010090526232740907 -0.00025875041385267113 -0.00017060482494765124 -0.00028533215678635133 -0.0002592595364716184 -0.00015304369575120053 0.00011396277862638534 0.00020448131879013243 0.00012876744212360903 -0.00013258634823844876 -3.3340814089245603e-05 4.589424082074396e-05 -6.6550998625479609e-05 0.00029285672220464432 0.001997366107542733 -0.00012551504903852008 0.00024689763450958533 0.00013668565606131711 -0.0002716080124247933 -9.6265079116898255e-05 -3.5058481523045879e-05 -2.2181481549828465e-05
leaf_weight=5164 12770 4134 263 5934 7822 436 650 145 1716 173 617 152 162 400 901 328 699 217 7430 377 774 375 48 748 427 125 196 83 1205 2238
leaf_count=5164 12770 4134 263 5934 7822 436 650 145 1716 173 617 152 162 400 901 328 699 217 7430 377 774 375 48 748 427 125 196 83 1205 2238
internal_value=-0.000139749 -0.0010938 0.00249205 -0.000643909 -0.00191636 -0.0027809 0.00224115 0.000419121 -0.000393065 0.000212598 -0.00675853 0.00190653 -0.00380452 0.00018797 0.00293979 0.000949367 -2.46829e-05 0.00334972 -0.000605305 -0.00101804 0.00268676 0.00957447 -0.00240214 -0.00164558 -0.00115906 0.00406137 -0.00366044 0.00892157 -0.00318718 -0.000112191
internal_weight=56709 41621 15088 36457 16594 12460 14825 19863 13929 3175 762 14175 9285 1463 1063 3002 13167 1933 11234 10535 1526 752 1405 9009 8261 831 321 510 1357 2674
internal_count=56709 41621 15088 36457 16594 12460 14825 19863 13929 3175 762 14175 9285 1463 1063 3002 13167 1933 11234 10535 1526 752 1405 9009 8261 831 321 510 1357 2674
is_linear=0
shrinkage=0.05


Tree=25
num_leaves=31
num_cat=0
split_feature=5 12 15 15 10 6 14 9 10 15 13 12 12 10 13 16 13 10 13 16 16 15 15 12 16 16 16 15 14 5
split_gain=49.0281 20.7438 20.007 20.2855 16.5316 16.1322 15.8861 12.9137 18.6112 17.5254 17.3629 17.3775 20.2158 16.4346 12.7715 28.4598 14.5904 12.3452 12.3108 12.0581 12.0164 12.928 13.2673 15.9444 14.3861 12.8927 11.2595 12.8937 10.5857 10.2515
threshold=0.014008106094003702 -0.075828254732232245 -0.0044791130751633537 0.0069858211800583056 0.0041080553382388816 -0.29725119547967144 -0.10344834121785244 -0.19772477523505053 -0.0038582878398281113 0.0065483618287495169 18.675000190734867 0.018300585025284647 0.028151177986243673 0.0078926496087117232 13.414999961853029 0.0024025840172502426 12.804999828338625 -0.0049441493240062187 27.664999961853031 0.027781697646025564 0.018916097086855158 -0.00023408966585319876 0.0030274315270543144 0.060450461334446877 -0.0062461586646953551 0.0074942775953367189 0.019503736518379004 1.0000000180025095e-35 0.020823614308890352 0.017402506288650435
decision_type=2 2 2 2 2 2 2 10 2 2 2 2 2 2 2 2 2 2 2 2 2 2 2 2 2 2 2 2 2 2
left_child=2 18 14 6 -5 -3 -4 10 17 13 11 -8 -13 20 15 16 -1 -9 -2 26 21 -10 24 -24 -23 -26 27 -14 -22 -7
right_child=1 5 3 4 -6 29 7 8 9 -11 -12 12 19 -15 -16 -17 -18 -19 -20 -21 28 22 23 -25 25 -27 -28 -29 -30 -31
leaf_value=-5.2622374336390876e-05 4.1724286591083001e-05 -1.8215367203697382e-06 0.00018832754697392011 7.003080647982447e-05 -2.2955180568393638e-05 2.391924328389505e-05 -0.0001711043976910966 1.708609739300114e-06 -3.02905837513791e-05 -0.00024056204744065825 4.0609976812001555e-05 0.00023839444843356072 1.4091011879727297e-05 9.1378543887669485e-05 2.1844394537307152e-05 0.00013260881958596476 -0.00032419014038256096 0.00021653929861475724 0.00070322363195300598 -0.00026948881191109003 -2.4575687903899219e-05 -2.1102063117917331e-05 -6.6661118141094202e-05 0.00022526709900453167 -0.00021050060577821502 -0.00010032752659341043 0.00012597915802981479 -0.00017789582999106466 0.00016249982512730598 0.00013778994232252267
leaf_weight=332 251 11863 183 1692 5708 6643 1719 1109 2972 437 439 190 451 689 7187 272 343 334 447 192 1330 603 1487 114 921 1061 129 516 399 6570
leaf_count=332 251 11863 183 1692 5708 6643 1719 1109 2972 437 439 190 451 689 7187 272 343 334 447 192 1330 603 1487 114 921 1061 129 516 399 6570
internal_value=-0.000154198 0.00145495 -0.00150037 -0.00226351 -0.000114865 0.0012183 -0.00330442 -0.00348198 -0.002658 -0.00342305 -0.00607811 -0.00735846 -0.00338295 -0.00297619 0.000626998 -0.00483105 -0.0103333 0.00265073 0.00995702 -0.00562888 -0.00355294 -0.00445655 -0.00624701 -0.00267021 -0.00846228 -0.0105197 -0.00360401 -0.00545502 0.00018797 0.00241997
internal_weight=56583 25774 30809 22675 7400 25076 15275 15092 11456 10013 3636 3197 1478 9576 8134 947 675 1443 698 1288 8887 7158 4186 1601 2585 1982 1096 967 1729 13213
internal_count=56583 25774 30809 22675 7400 25076 15275 15092 11456 10013 3636 3197 1478 9576 8134 947 675 1443 698 1288 8887 7158 4186 1601 2585 1982 1096 967 1729 13213
is_linear=0
shrinkage=0.05


Tree=26
num_leaves=31
num_cat=0
split_feature=5 11 6 11 10 5 13 13 13 11 6 14 10 10 13 14 3 14 10 10 10 13 10 10 16 11 13 10 10 9
split_gain=45.993 19.9512 18.6677 16.4393 15.6572 13.4218 12.409 19.0114 15.132 12.2409 11.4124 11.2807 16.4254 17.1397 13.7286 12.1108 16.0244 11.8954 21.6739 11.2381 13.5317 12.9507 19.5419 12.0229 11.0281 10.9908 10.7935 13.6315 10.7626 10.3289
threshold=0.017570782285632889 -0.023324980459216712 1.6510211679565272 -0.055970636302615777 0.0041080553382388816 0.0091978423979446385 22.330000877380375 21.555000305175785 24.119999885559086 -0.0044146840191625061 -1.0409975647321479 -0.037511825146214865 0.0033239704024875531 -0.0038582878398281113 21.295000076293949 0.02426411528649575 0.0017052436509532589 0.016378333086022993 0.00090086264031330476 0.0046724002397113837 0.0028970492937452357 14.244999885559084 -0.0056282491919848457 9.4862369999448873e-05 -0.024234057275211714 0.015047033906525955 15.164999961853029 0.0047561203387664905 0.0055837889125804905 0.45989064624733295
decision_type=2 2 2 2 2 2 2 2 2 2 2 2 2 2 2 2 2 2 2 2 2 2 2 2 2 2 2 2 2 10
left_child=1 4 5 -2 -1 -3 7 10 -8 -10 -7 12 13 -12 15 17 19 -13 -19 20 21 22 -17 -24 -4 -23 -14 -28 -6 -5
right_child=3 2 24 29 28 6 8 -9 9 -11 11 14 26 -15 -16 16 -18 18 -20 -21 -22 25 23 -25 -26 -27 27 -29 -30 -31
leaf_value=8.8457257419813625e-05 0.0011079604877437389 -6.3304231378216516e-05 -0.00024297537436069024 5.9615837703799615e-05 -0.00032504808698309383 -6.0859080186690453e-05 -0.00021150834211653365 0.00016831494238168446 -9.5280700520845266e-05 0.00028885287913235229 -0.00028293123586485872 -3.0311630200888058e-05 -7.3219471024455854e-05 0.00010757648368182195 -0.00034668970665511519 0.00015517174151699205 8.3597007906212936e-05 -0.00018594445120268368 7.5180796881085297e-05 0.00016688811913984026 -0.00028000166082597493 2.0754390702631792e-05 -0.00025437981516590775 6.9337208397617011e-05 6.5702696510187405e-05 -0.00015001417942570825 -0.00014888716253356844 2.8443061249627205e-05 8.2506681023945989e-06 0.00037549467407071448
leaf_weight=2631 170 4117 157 11534 151 3249 679 447 436 194 72 12317 1562 1346 142 174 2102 1018 383 322 214 3517 592 160 3338 351 265 3763 257 959
leaf_count=2631 170 4117 157 11534 151 3249 679 447 436 194 72 12317 1562 1346 142 174 2102 1018 383 322 214 3517 592 160 3338 351 265 3763 257 959
internal_value=-0.000157633 -0.000922513 -0.00121282 0.00249743 0.00298618 -0.0015392 -0.00120628 -0.00101106 -0.00597785 -0.000396825 -0.00115614 -0.000833922 0.000906107 0.00571227 -0.00140663 -0.0013026 0.000322928 -0.00218326 -0.00654889 -0.00113508 -0.00171725 -0.00116813 -0.00647948 -0.0099734 0.00228183 0.000103413 -0.000313059 0.00105511 -0.00612745 0.00228728
internal_weight=56619 43956 40917 12663 3039 37422 33305 31996 1309 630 31549 28300 7008 1418 21292 21150 7432 13718 1401 5330 5008 4794 926 752 3495 3868 5590 4028 408 12493
internal_count=56619 43956 40917 12663 3039 37422 33305 31996 1309 630 31549 28300 7008 1418 21292 21150 7432 13718 1401 5330 5008 4794 926 752 3495 3868 5590 4028 408 12493
is_linear=0
shrinkage=0.05


Tree=27
num_leaves=31
num_cat=0
split_feature=5 6 13 12 10 6 13 13 12 13 14 15 12 15 15 14 11 11 11 15 14 15 10 10 11 14 15 15 12 10
split_gain=36.7944 20.9417 19.2019 18.8391 14.4218 12.5086 11.7007 13.8714 12.2639 11.6897 10.7377 29.08 10.2681 10.2482 16.9828 12.3639 10.1797 10.125 16.1512 9.67994 9.4879 16.4859 17.0078 13.2181 15.013 13.0508 12.2372 12.0775 16.5513 11.4925
threshold=0.018560894013199505 0.11034765292028323 14.315000057220461 -0.075828254732232245 -0.0072745157566194698 -1.3775235556815295 28.970000267028812 26.494999885559086 -0.030461553479759148 30.750000000000004 0.03406338940495391 0.0070853510662165506 0.12384637745116912 -0.0023126284439906604 -0.0059467778309714161 0.022797718540964799 0.016276968490692715 0.00053834779161687784 0.010672251689981873 -0.0044791130751633537 0.032336920174311119 0.0069858211800583056 0.0033239704024875531 -0.0080075865289204722 0.015047033906525955 0.031250907350716124 0.0065186161564483322 0.0030933514814167622 0.011595821830406862 0.0055837889125804905
decision_type=2 2 2 2 2 2 2 2 2 2 2 2 2 2 2 2 2 2 2 2 2 2 2 2 2 2 2 2 2 2
left_child=1 2 4 -2 -1 -6 7 8 -5 -8 13 16 20 14 17 -15 -12 -7 -19 -3 21 25 -23 24 -22 26 29 28 -25 -4
right_child=3 19 12 6 5 10 9 -9 -10 -11 11 -13 -14 15 -16 -17 -18 18 -20 -21 23 22 -24 27 -26 -27 -28 -29 -30 -31
leaf_value=0.00015666563846718836 0.00068110364809594525 5.4679392151146553e-05 -4.991708211690019e-05 -0.00010468567441499857 -0.00014259985231397797 -0.000281519700740187 -0.0004305190945977273 0.00046041666101000574 9.7247874034031307e-05 5.2274774480348502e-06 -0.0002817397077745366 0.00050634023663003152 -0.00019726245113183468 -7.2499966269169345e-05 6.3864925921586037e-05 0.00011691349976319117 -2.8295415245803663e-05 0.00019489413507271542 -0.00012715054519856438 -2.1499439496494232e-06 -1.4875253741853789e-05 0.00013145054159529186 -4.8491738901858873e-06 0.00022006079966287412 -0.00052412711960580247 -0.00023856355668148684 -0.00026687441574869486 -7.2357121471679312e-05 2.928091201129064e-05 2.426048019317853e-05
leaf_weight=183 433 5131 8131 1018 457 239 190 296 8162 368 553 97 195 4416 1221 235 152 159 273 11506 2525 871 4236 1024 67 151 278 513 1819 1727
leaf_count=183 433 5131 8131 1018 457 239 190 296 8162 368 553 97 195 4416 1221 235 152 159 273 11506 2525 871 4236 1024 67 151 278 513 1819 1727
internal_value=-0.000128033 -0.00073496 -0.00153445 0.00254849 -0.00362868 -0.00395411 0.00210783 0.00252216 0.00217865 -0.00492832 -0.00345473 -0.00891521 -0.000757998 -0.00278542 0.000317125 -0.00404752 -0.0124468 -0.00607303 -0.00150463 0.000683717 -0.000653641 -0.00130895 0.00101332 0.00104237 -0.00163966 -0.00246185 -0.00224448 0.00311383 0.00438797 -0.00195273
internal_weight=56626 46159 29522 10467 7985 7802 10034 9476 9180 558 7345 802 21537 6543 1892 4651 705 671 432 16637 21342 15394 5107 5948 2592 10287 10136 3356 2843 9858
internal_count=56626 46159 29522 10467 7985 7802 10034 9476 9180 558 7345 802 21537 6543 1892 4651 705 671 432 16637 21342 15394 5107 5948 2592 10287 10136 3356 2843 9858
is_linear=0
shrinkage=0.05


Tree=28
num_leaves=31
num_cat=0
split_feature=4 11 10 6 4 15 11 12 16 4 11 16 15 15 15 10 7 11 10 13 15 16 11 10 10 11 13 12 11 11
split_gain=36.9888 25.0481 28.4691 19.1199 16.7553 13.4377 13.6785 13.1774 11.7682 11.4415 13.5292 23.2821 14.9728 11.3585 12.9823 12.1273 11.3135 11.1576 10.1512 9.90229 9.28973 9.48775 16.755 11.1755 9.40359 8.62326 8.38762 8.27553 23.6866 12.3894
threshold=0.018395387540757601 -0.023324980459216712 0.0041080553382388816 1.5474502408597737 0.053412035385435104 -0.021715650796061577 0.050492682028646547 0.0011335469917099774 -0.024234057275211714 0.038871246631003546 -0.030384462612199011 -0.029034123485220716 -0.017588249087878035 0.010693782912721274 -0.0023126284439906604 -0.0037293651666452927 -0.0042529569912084777 -0.022310337551763478 0.0057884302310804445 21.724999427795414 0.0022588527948164132 -0.006914460852319281 0.0025776305361616685 0.012431899101191137 0.0012069749261046649 -0.035697705395590577 24.385000228881839 -0.046452019388258541 -0.016802988211636779 -0.022310337551763478
decision_type=2 2 2 2 2 2 2 2 2 2 2 2 2 2 2 2 2 2 2 2 2 2 2 2 2 2 2 2 2 2
left_child=13 2 7 4 5 17 27 9 -5 10 11 12 25 14 -1 16 -16 -3 -15 -12 24 -22 -23 -24 -17 -2 -10 28 -7 -29
right_child=1 3 -4 8 -6 6 -8 -9 26 -11 19 -13 -14 18 15 20 -18 -19 -20 -21 21 22 23 -25 -26 -27 -28 29 -30 -31
leaf_value=-9.8341069204366253e-06 -0.00039150513808941864 0.0001095032081543157 -0.0001529842739655927 -0.00025445898907567151 0.0003436239477932763 0.00021236464393228221 -0.00012285889347256603 0.00055895568572618425 0.0001094347827782445 0.00056351168323608234 8.9964922304610825e-05 -0.00013176100037775714 0.00027649149474597039 0.00013127548510847876 0.00015839247166034255 -0.00012378993655765463 -1.5555786713691323e-05 -0.00029902275491718348 -5.2890158436396696e-06 0.00030827326547554234 -0.00014059043698586165 9.5716477241519215e-05 -6.0027167505883553e-05 0.00013891262274589347 -4.3760436647529116e-05 0.00022274576690138007 0.00056044223681687262 -0.0002463379109036585 -0.00018718993198576966 5.5113116979110293e-06
leaf_weight=5834 141 92 521 155 1166 248 469 249 3056 525 761 498 457 374 199 1755 643 344 1311 415 515 583 3759 150 1422 42 158 218 883 29793
leaf_count=5834 141 92 521 155 1166 248 469 249 3056 525 761 498 457 374 199 1755 643 344 1311 415 515 583 3759 150 1422 42 158 218 883 29793
internal_value=-7.57896e-05 0.000743326 0.00471737 0.000351266 -1.27962e-05 -0.00022701 -0.000106767 0.00654145 0.00394034 0.00557415 0.00406223 0.000175747 0.00648438 -0.00206558 -0.00250673 -0.00369488 0.002019 -0.00894495 0.00182493 0.00782313 -0.00428275 -0.00294088 -0.00220392 -0.00338322 -0.00639754 -0.00560109 0.0045893 2.08721e-05 -0.00417772 0.000179101
internal_weight=56736 40191 3609 36582 33213 32047 31611 3088 3369 2839 2314 1138 640 16545 14860 9026 842 436 1685 1176 8184 5007 4492 3909 3177 183 3214 31142 1131 30011
internal_count=56736 40191 3609 36582 33213 32047 31611 3088 3369 2839 2314 1138 640 16545 14860 9026 842 436 1685 1176 8184 5007 4492 3909 3177 183 3214 31142 1131 30011
is_linear=0
shrinkage=0.05


Tree=29
num_leaves=31
num_cat=0
split_feature=5 11 14 4 15 15 9 13 13 16 14 15 13 16 14 11 14 15 13 14 15 14 11 11 11 16 13 13 16 14
split_gain=31.692 20.0226 14.9718 13.7868 13.2705 16.606 14.8137 13.8332 18.1487 17.9729 13.6487 14.1188 13.3345 13.2267 12.7009 12.2397 14.5025 11.6872 11.4927 11.3318 11.3051 11.0837 10.949 14.066 14.9954 13.3896 10.9082 13.3684 12.5001 12.2906
threshold=0.013649424386092257 -0.023324980459216712 -0.041747258744347641 0.065853665128995154 -0.0041994875895175468 0.0069858211800583056 -0.19772477523505053 15.875000000000002 17.180000305175785 -0.0096145339656227274 0.004407866869301503 0.0033723272119896568 18.675000190734867 0.011310475089925888 0.0053913947730825926 0.0056453064529209404 -0.096084571305829466 0.0065483618287495169 12.994999885559084 -0.035510202905524417 -0.021715650796061577 -0.054107623009077337 0.0077476291069551459 0.01160523990497442 0.015980526956462796 0.037255331995338044 13.444999694824221 12.994999885559084 0.0086511277362235645 -0.0066644727723151323
decision_type=2 2 2 2 2 2 10 2 2 2 2 2 2 2 2 2 2 2 2 2 2 2 2 2 2 2 2 2 2 2
left_child=4 2 -2 20 -1 6 12 10 -9 -10 17 -12 19 -11 15 16 -7 26 -17 21 -3 -6 -20 -24 -25 -26 27 -8 -29 -28
right_child=1 3 -4 -5 5 14 7 8 9 13 11 -13 -14 -15 -16 18 -18 -19 22 -21 -22 -23 23 24 25 -27 29 28 -30 -31
leaf_value=6.8606492465620937e-06 -0.00012145467394295905 -0.00019340389603306554 0.00020563766355825646 0.0006444671628586026 -0.00012483802906630611 -7.3374790890770551e-05 -2.4857034592389831e-05 6.8403212986304932e-05 4.5304768353974682e-05 -0.00013495396038155959 -0.00014675095561048773 7.0675651195253181e-06 3.2247816938808666e-05 1.2051646069414883e-05 9.0767111153832863e-05 -0.0001338920956961005 6.4760872010252712e-05 -0.00021631674649517886 -0.00010821015196714954 -0.0001421753488824967 1.5893147090892446e-05 4.2797967027406953e-05 9.4884000833520571e-05 -0.00012259434595709407 5.90671765189575e-05 -0.00010666385084497259 -0.00010116948478774815 0.00020863799282276721 4.3485772350667588e-06 1.9045936425876858e-05
leaf_weight=8045 404 448 2226 549 310 617 1242 1857 1014 1289 1247 427 388 553 1083 404 1759 286 455 2091 23982 464 542 614 944 556 1341 333 400 725
leaf_count=8045 404 448 2226 549 310 617 1242 1857 1014 1289 1247 427 388 553 1083 404 1759 286 455 2091 23982 464 542 614 944 556 1341 333 400 725
internal_value=-9.58565e-05 0.00111648 0.00526616 0.000679571 -0.0012506 -0.00191371 -0.00290864 -0.00201139 1.59134e-05 -0.00248599 -0.00360357 -0.00743728 -0.00586382 -0.00542888 7.88644e-05 -0.000836021 0.00193603 -0.00212041 -0.00270982 -0.00704188 0.000503479 -0.00187339 -0.00167952 -0.000451807 -0.00229423 0.0004 -0.0014291 0.00122785 0.00658254 -0.00396902
internal_weight=56595 27609 2630 24979 28986 20941 13967 10714 4713 2856 6001 1674 3253 1842 6974 5891 2376 4327 3515 2865 24430 774 3111 2656 2114 1500 4041 1975 733 2066
internal_count=56595 27609 2630 24979 28986 20941 13967 10714 4713 2856 6001 1674 3253 1842 6974 5891 2376 4327 3515 2865 24430 774 3111 2656 2114 1500 4041 1975 733 2066
is_linear=0
shrinkage=0.05


Tree=30
num_leaves=31
num_cat=0
split_feature=5 11 6 13 4 13 13 12 13 11 15 12 16 13 12 12 6 13 15 13 16 12 15 11 16 3 13 16 11 15
split_gain=33.829 23.1485 17.5989 12.4365 11.7682 15.1802 16.2931 23.3233 15.9637 14.1346 13.4485 15.4707 11.9019 11.8608 11.6143 11.2761 12.1669 11.0137 20.7944 29.9493 21.3003 24.5158 15.4827 14.986 13.2661 13.8291 13.0438 16.565 10.4314 9.69001
threshold=0.012790186119024419 -0.023324980459216712 1.6510211679565272 46.145000457763679 0.053412035385435104 22.330000877380375 24.119999885559086 0.12951747904648439 21.724999427795414 -0.007246212580143351 0.0074726137965663861 -0.034828232656023965 -0.02847883470476897 20.610000610351566 0.0011335469917099774 -0.027697499770916897 -0.9137385729787505 18.015000343322757 0.0029713993863098591 20.500000000000004 0.0087863254502850169 0.042021230253156745 0.0021043087290713029 -0.0027616274394268721 -0.015134080909751267 0.0054357285263686448 15.164999961853029 0.018916097086855158 0.014562716875039962 0.063989367590374782
decision_type=2 2 2 2 2 2 2 2 2 2 2 2 2 2 2 2 2 2 2 2 2 2 2 2 2 2 2 2 2 2
left_child=15 3 4 14 5 8 7 12 9 13 -8 -12 -7 -3 29 -1 -17 23 19 20 21 -19 -22 -11 -20 -26 -25 -28 -29 -2
right_child=1 2 -4 -5 -6 6 10 -9 -10 17 11 -13 -14 -15 -16 16 -18 18 24 -21 22 -23 -24 26 25 -27 27 28 -30 -31
leaf_value=2.9168873030300951e-05 0.00010170992641646845 9.9082315677087671e-05 0.00014358232486448192 0.0017748512870742793 0.000250007345598933 0.00013688784561588629 -7.4393582972599831e-05 0.00074591605471648113 0.00025150530704952042 -9.0799185928659969e-05 4.2314359268076208e-05 0.00066884302259700946 -0.00022451312549775669 -0.00011019115051852484 0.00051700094361449729 -6.3638166533589913e-05 -2.4600077098827466e-05 -9.5664923422738188e-05 0.00021223075012283285 0.00028268388879777712 -0.00021262429148114173 0.00020642139524092466 0.00032812911254672961 -1.7623694721650379e-05 -0.00021877700906153646 -2.1646408458108996e-05 1.8277700610413876e-05 0.00030792036520978954 9.6186729607193133e-05 -0.0006690109833576536
leaf_weight=2016 2581 3099 2341 136 1166 61 1249 63 291 1311 381 100 938 423 213 2992 19393 738 93 418 921 583 91 6045 1256 653 5190 610 1214 67
leaf_count=2016 2581 3099 2341 136 1166 61 1249 63 291 1311 381 100 938 423 213 2992 19393 738 93 418 921 583 91 6045 1256 653 5190 610 1214 67
internal_value=-0.000168188 0.000895073 0.000466051 0.00508008 0.000104112 -0.000118548 -0.00359957 -0.00847458 0.000305197 0.000155664 -0.000606936 0.00649688 -0.0103353 0.00306644 0.00437784 -0.00157268 -0.00189524 -0.000380432 -0.00246686 0.000354417 -0.00185384 0.00232778 -0.00731225 0.000309673 -0.00634366 -0.00724201 0.000821273 0.00228828 0.00638706 0.00347432
internal_weight=56633 32232 29235 2997 26894 25728 2792 1062 22936 22645 1730 481 999 3522 2861 24401 22385 19123 4753 2751 2333 1321 1012 14370 2002 1909 13059 7014 1824 2648
internal_count=56633 32232 29235 2997 26894 25728 2792 1062 22936 22645 1730 481 999 3522 2861 24401 22385 19123 4753 2751 2333 1321 1012 14370 2002 1909 13059 7014 1824 2648
is_linear=0
shrinkage=0.05


Tree=31
num_leaves=31
num_cat=0
split_feature=4 4 12 6 13 13 13 15 14 12 13 10 10 10 10 13 10 10 15 10 9 10 12 15 12 10 15 14 14 15
split_gain=30.03 19.5075 17.7777 15.8138 12.2729 14.3259 12.3091 8.89962 10.5642 18.029 14.1125 18.6542 19.5081 15.5136 15.4195 12.1704 11.585 11.1708 10.6405 22.7198 19.1319 12.9866 10.3148 9.97577 15.4899 12.4648 15.5927 11.4446 13.6186 14.5506
threshold=0.039987601095102687 0.016188162551792815 -0.075828254732232245 0.30859146398382525 28.970000267028812 26.494999885559086 33.719999313354499 -0.022177853746542516 0.039671535485110161 0.11156893737835662 14.244999885559084 -0.0080075865289204722 0.00054085357346300722 -0.0056282491919848457 9.4862369999448873e-05 16.345000267028812 -0.001095493805140457 -0.010705867226747377 0.0069858211800583056 0.010706297735196714 -0.24046965883149471 0.011799200328596939 0.12951747904648439 -0.00023408966585319876 0.030009465649934234 0.00090086264031330476 -0.0060158236225908426 0.031770832380203846 0.0091478412114857095 -0.0053512286138640555
decision_type=2 2 2 2 2 2 2 2 2 2 2 2 2 2 2 2 2 2 2 2 10 2 2 2 2 2 2 2 2 2
left_child=1 -1 -2 7 5 -4 -6 -3 18 10 13 17 16 -10 -15 -14 -13 -12 22 20 -20 -21 23 24 27 -26 -27 28 -9 -30
right_child=2 3 4 -5 6 -7 -8 8 9 -11 11 12 15 14 -16 -17 -18 -19 19 21 -22 -23 -24 -25 25 26 -28 -29 29 -31
leaf_value=-3.7280191798205745e-05 0.00093799184131594703 -0.00015510491021156352 0.0001388195021737461 3.5467973092037861e-05 -0.00028611553900705295 0.00069063051962776694 0.00017872850816750137 -1.7990973752276314e-05 0.0001982309623968814 -0.0003001502644156941 2.3135659148573611e-05 0.00014346553939449785 7.7593207260118208e-05 -0.00035773689182167157 3.3916015729986851e-05 -0.00021304146905901829 0.00067442896690216633 -9.7887181776611185e-05 0.00015960904969299224 -0.00016150873620404023 1.4236500145748148e-05 -3.2482724217099049e-05 0.00070182121100611204 -6.1806249049828216e-05 -7.8101212543276944e-06 -0.00010070878677345746 0.00020934171256472889 0.0001474716625442194 -1.10723952834472e-05 -0.00019308293683695365
leaf_weight=8962 288 349 3373 12932 278 166 115 3655 95 114 2186 2200 263 289 218 277 225 653 1005 369 3994 1707 50 8392 1568 269 1009 349 542 786
leaf_count=8962 288 349 3373 12932 278 166 115 3655 95 114 2186 2200 263 289 218 277 225 653 1005 369 3994 1707 50 8392 1568 269 1009 349 542 786
internal_value=-7.67494e-05 -0.00040318 0.00398104 3.44859e-05 0.00310275 0.00403363 -0.0052799 -0.000585656 -0.00049396 0.00128834 0.00163909 0.0023949 0.00516863 -0.00564784 -0.00912229 -0.00342593 0.00708247 -0.000501937 -0.000984385 0.000639576 0.00246549 -0.00375723 -0.00167569 -0.00174412 -0.000501345 0.00247716 0.00614241 -0.00209115 -0.00270419 -0.00704066
internal_weight=56678 52458 4220 43496 3932 3539 393 30564 30215 6520 6406 5804 2965 602 507 540 2425 2839 23695 7075 4999 2076 16620 16570 8178 2846 1278 5332 4983 1328
internal_count=56678 52458 4220 43496 3932 3539 393 30564 30215 6520 6406 5804 2965 602 507 540 2425 2839 23695 7075 4999 2076 16620 16570 8178 2846 1278 5332 4983 1328
is_linear=0
shrinkage=0.05


Tree=32
num_leaves=31
num_cat=0
split_feature=4 4 12 11 8 12 12 11 12 10 15 10 10 12 15 15 12 6 6 11 12 16 16 13 11 13 13 13 0 13
split_gain=24.9014 17.6321 15.8393 14.1679 14.7779 14.6325 11.4227 11.1843 20.2928 14.4213 12.3806 11.1409 14.7153 10.6961 10.3425 11.3041 9.77619 9.73592 9.6546 9.46894 9.0725 9.2788 12.7954 10.3132 8.93679 8.83636 11.9515 8.76672 8.80957 8.70946
threshold=0.018585512105725576 0.043908847641844655 -0.080083523859072289 0.048369816433799014 inf -0.052281388412141021 -0.039191737143437648 -0.023324980459216712 -0.0078641558377195424 0.0075369410281178615 -0.021715650796061577 -0.016459345362290764 -0.013327773622425541 -0.036045900478668118 -0.015757736986787282 0.0055995197189491206 0.0086975765073127338 -1.1887902691738177 2.1040454797605155 0.050492682028646547 -0.020341500579073798 0.0043551251454210247 -0.0070576982113918487 18.214999198913578 -0.022310337551763478 28.970000267028812 26.494999885559086 30.345000267028812 0.027943254944187038 38.065000534057624
decision_type=2 2 2 2 8 2 2 2 2 2 2 2 2 2 2 2 2 2 2 2 2 2 2 2 2 2 2 2 2 2
left_child=13 3 -3 4 7 -6 -7 8 11 -10 24 29 -13 -1 -14 -16 19 -15 -12 -5 -8 22 -22 -23 -9 26 -4 -27 -29 -2
right_child=1 2 25 16 5 6 20 10 9 -11 18 12 14 17 15 -17 -18 -19 -20 -21 21 23 -24 -25 -26 27 -28 28 -30 -31
leaf_value=5.7811189116956273e-05 -0.00034896821603995834 0.0011898631742536837 0.00015032949831004602 0.0004082508462537456 0.00054342817612954269 -0.00049777262989081144 7.5675857595985257e-05 0.00013789630548227761 0.00039325231539636887 -0.00011039878894067895 4.7831953761585251e-06 0.00033063916798179273 0.00038803802185184824 -7.7797051505160191e-05 -6.4583324319013622e-05 0.00013552544636235409 -0.00020504531954533957 -2.6364945305049157e-05 0.00011454771617154768 -7.3374072557377742e-05 -0.00012074638250430831 0.00034129917108736209 0.0001233629231842576 -0.00027626507781441364 -0.00024032930731282846 -0.00056202390236908216 0.00084161774509722254 8.900116412991918e-05 -0.0006892992842594016 0.00014355958183193929
leaf_weight=708 201 204 2454 63 48 156 277 83 524 94 29109 288 166 947 970 387 356 15485 1891 177 281 80 246 531 367 96 135 188 47 100
leaf_count=708 201 204 2454 63 48 156 277 83 524 94 29109 288 166 947 970 387 356 15485 1891 177 281 80 246 531 367 96 135 188 47 100
internal_value=-0.00011781 0.000572509 0.00417734 0.000263086 0.000390374 -0.00427733 -0.00510821 0.000611469 0.00368132 0.0116505 0.000344992 0.00134943 0.00282993 -0.00170945 0.000869993 -0.000571113 -0.00738255 -0.00196872 0.000464516 0.000416667 -0.00369258 -0.00566784 -0.000806452 -0.00986088 -0.00788889 0.0032363 0.00421978 -0.00445619 0.000744681 -0.00755814
internal_weight=56659 39519 3124 36395 35799 1619 1571 34180 2730 618 31450 2112 1811 17140 1523 1357 596 16432 31000 240 1415 1138 527 611 450 2920 2589 331 235 301
internal_count=56659 39519 3124 36395 35799 1619 1571 34180 2730 618 31450 2112 1811 17140 1523 1357 596 16432 31000 240 1415 1138 527 611 450 2920 2589 331 235 301
is_linear=0
shrinkage=0.05


Tree=33
num_leaves=31
num_cat=0
split_feature=5 3 5 16 16 8 11 12 13 13 9 15 14 15 11 10 10 15 12 12 12 12 15 3 15 15 15 12 13 12
split_gain=27.9851 15.4631 15.1014 14.2632 12.026 11.7059 9.95631 9.64461 9.73651 21.0213 21.0478 14.5845 23.3392 17.0452 17.5598 19.0811 14.3712 30.6268 23.6328 14.3243 32.3658 17.0508 14.1122 13.9791 13.7818 22.0036 13.7461 13.6259 16.4893 13.5801
threshold=0.018046382581093121 0.020773322683603105 0.0093148195498722903 0.033739286979208701 -0.031384067536779851 -0.17360181277044071 0.048369816433799014 0.12384637745116912 16.469999313354496 17.164999961853031 0.3698545995570432 0.0069208731104983831 0.0053913947730825926 -0.0023126284439906604 0.0036681658206255689 -0.0080075865289204722 -0.0064885643523325811 -0.0068284267576069193 0.021636027658746174 0.0082902198416674473 -0.0015899546436395349 0.088722809372456704 -0.0066138687609232907 0.0080648856880153347 0.0060325085053518643 0.0015901336384527289 -0.0024664599881693001 1.0000000180025095e-35 15.684999942779543 0.0066896649330910893
decision_type=2 2 2 2 2 10 2 2 2 2 8 2 2 2 2 2 2 2 2 2 2 2 2 2 2 2 2 2 2 2
left_child=2 3 -1 -2 -4 -6 7 8 11 10 29 13 27 14 16 -16 18 -18 -7 20 -11 -21 -19 -15 25 -12 -24 28 -13 -10
right_child=1 -3 4 -5 5 6 -8 -9 9 19 24 12 -14 23 15 -17 17 22 -20 21 -22 -23 26 -25 -26 -27 -28 -29 -30 -31
leaf_value=-4.7111843733566158e-05 7.0540897197923389e-05 0.00047264280202622804 9.4457751004916425e-05 -7.0847785013693733e-05 -8.6890901740469516e-05 -6.5513522723137637e-05 -0.00012771899954944411 -0.00018754606686519076 0.00029514960058067479 -6.5361160639256134e-06 -8.5527975103947419e-07 0.0002450016913357346 0.00020416022378175313 -7.2858017569857325e-05 -0.00048890755030165723 6.3653106851264228e-05 -0.00025779002309908188 0.00030102481688933558 0.00020794003055104576 -5.4033305625060974e-05 0.00017376741393271904 0.00020058771531974415 -6.005383940111062e-05 7.3307300454759225e-05 0.00014388720153016272 -0.00036757985494444189 0.00019431292890279158 -2.2313507433592129e-05 -4.8593976547141404e-05 9.6737242647141142e-05
leaf_weight=5151 9642 759 1182 1178 1463 655 351 200 470 6052 691 299 913 7305 60 2912 732 88 383 5589 1194 413 1463 665 235 225 152 3908 208 2210
leaf_count=5151 9642 759 1182 1178 1463 655 351 200 470 6052 691 299 913 7305 60 2912 732 88 383 5589 1194 413 1463 665 235 225 152 3908 208 2210
internal_value=-0.000165645 0.00202738 -0.000727822 0.00154344 -0.00039982 -0.000551035 -0.000379285 -0.000299822 -0.000240345 0.000633819 0.00389585 -0.000996556 0.00123874 -0.00182275 8.92164e-05 0.0029105 -0.00232508 -0.00442505 0.00260116 -0.000309481 0.00118686 -0.00211596 -0.000748679 -0.00336888 -0.00175934 -0.00453057 -0.00181115 -0.000266138 0.00744576 0.00632463
internal_weight=56748 11579 45169 10820 40018 38836 37373 37022 36822 17079 3831 19743 5328 14415 6445 2972 3473 2435 1038 13248 7246 6002 1703 7970 1151 916 1615 4415 507 2680
internal_count=56748 11579 45169 10820 40018 38836 37373 37022 36822 17079 3831 19743 5328 14415 6445 2972 3473 2435 1038 13248 7246 6002 1703 7970 1151 916 1615 4415 507 2680
is_linear=0
shrinkage=0.05


Tree=34
num_leaves=31
num_cat=0
split_feature=5 13 15 11 15 9 12 10 12 16 16 13 15 10 10 10 15 12 16 11 13 10 13 14 10 11 16 12 16 11
split_gain=25.3716 16.1058 11.5648 13.0852 12.0333 12.9483 18.6775 13.1227 12.645 17.6973 13.0065 12.5236 12.2141 14.6626 21.0182 13.9584 14.9114 15.0902 16.3473 14.1554 14.1954 13.3408 12.6721 12.5603 12.0789 11.855 11.4498 16.124 14.7219 17.1046
threshold=0.013562797071710965 49.655000686645515 -0.0041994875895175468 0.027231937128701426 0.0069858211800583056 -0.26431113884813651 0.0037861814309102519 0.010000558479015599 0.01743897700487718 0.027781697646025564 -0.0012788230090231554 19.010000228881839 0.0065483618287495169 0.0044649128256998303 0.0052131672495069345 0.0021398765862171714 0.0036252836126546843 0.0061046403867389696 -0.0096145339656227274 0.0036681658206255689 13.194999694824221 -0.00090813194402433728 13.305000305175783 -0.0017400209240098772 -0.0038582878398281113 -0.0016854647487856698 -0.0099089722135382568 0.044338330776630748 -0.0070576982113918487 0.021590263312926242
decision_type=2 2 2 2 2 10 2 2 2 2 2 2 2 2 2 2 2 2 2 2 2 2 2 2 2 2 2 2 2 2
left_child=2 26 3 -1 5 8 7 -7 11 10 -10 -4 13 15 -15 16 17 -8 -19 24 23 -14 -22 -21 -20 -12 27 -2 29 -28
right_child=1 -3 4 -5 -6 6 12 -9 9 -11 25 -13 21 14 -16 -17 -18 18 19 20 22 -23 -24 -25 -26 -27 28 -29 -30 -31
leaf_value=-2.6145764982568598e-07 4.589174140545321e-05 0.0030167756524108816 -0.00015765368357774519 0.00017884343708080252 -2.3918980138745283e-06 2.6480814121082913e-05 0.00040538436677553345 0.00033838358482585727 0.00028682400854489979 -0.00023925421740256562 -0.00022231757328464695 1.4978101732030306e-05 0.00024904400406880331 0.00018677819449023446 -1.0052175909833249e-05 -0.00010280178119505017 8.0396841546522688e-05 5.0153455927633089e-05 -1.4406351041977053e-05 -2.9947286853246932e-05 0.00019917066718842078 -0.00022420476042546352 -2.280778620725127e-05 -0.00021189684331249668 -0.00018036024624607219 2.9333594983866739e-06 -0.00013953237846816863 0.00027238133102481323 1.255397060335652e-05 0.00064047477009901205
leaf_weight=7655 7058 69 1476 332 6833 1348 73 150 121 182 160 253 53 329 1418 1597 561 866 381 367 194 328 1772 298 892 1046 1115 496 19158 48
leaf_count=7655 7058 69 1476 332 6833 1348 73 150 121 182 160 253 53 329 1418 1597 561 866 381 367 194 328 1772 298 892 1046 1115 496 19158 48
internal_value=-0.000199103 0.000873175 -0.00124368 0.00037248 -0.00186733 -0.00271367 -0.00187024 0.00330441 -0.00548178 -0.00213718 -0.000131876 -0.00840081 -0.00271936 -0.00233768 0.00176016 -0.00336023 -0.00214656 -0.00304047 -0.00338574 -0.00476434 -0.00267009 -0.0114829 -0.000534079 -0.00898496 -0.00909269 -0.00169983 0.000813453 0.00247551 0.00019561 -0.00526655
internal_weight=56629 27944 28685 7987 20698 13865 10627 1498 3238 1509 1327 1729 9129 8748 1747 7001 5404 4843 4770 3904 2631 381 1966 665 1273 1206 27875 7554 20321 1163
internal_count=56629 27944 28685 7987 20698 13865 10627 1498 3238 1509 1327 1729 9129 8748 1747 7001 5404 4843 4770 3904 2631 381 1966 665 1273 1206 27875 7554 20321 1163
is_linear=0
shrinkage=0.05


Tree=35
num_leaves=31
num_cat=0
split_feature=11 6 10 10 10 8 13 4 10 12 11 14 12 11 13 10 11 12 11 12 12 10 14 14 12 10 13 14 12 14
split_gain=24.7716 19.1469 16.4793 15.9362 15.1689 15.0777 14.107 12.668 11.47 15.3139 10.5691 10.3761 10.7342 10.3067 10.1822 12.7215 10.6141 10.5963 9.99855 10.4263 9.81715 10.3777 10.5776 10.2221 9.7912 11.947 17.0206 20.6647 18.1507 17.5197
threshold=-0.007246212580143351 -0.32406609905665701 0.0025358686375718258 0.0012830359695055196 0.0091384979590398725 inf 49.655000686645515 0.021009156142598805 -0.0061038780912164295 -0.051373886546093366 0.011995424510659937 -0.038140088306099655 0.11156893737835662 0.0033857375272920991 12.88000011444092 0.0033239704024875531 0.015980526956462796 0.093566574594688881 0.027231937128701426 -0.039191737143437648 0.046892666870975715 0.0047561203387664905 -0.054107623009077337 -0.056340529311790281 0.054737009016222478 -0.0074311122071506466 16.510000228881839 -0.017113211502094435 -0.0075921300584320664 0.11927434384443127
decision_type=2 2 2 2 2 8 2 2 2 2 2 2 2 2 2 2 2 2 2 2 2 2 2 2 2 2 2 2 2 2
left_child=2 8 3 6 -4 -6 24 -3 10 13 -2 14 -13 -10 -11 16 -16 18 20 -20 21 -17 23 -23 25 -1 -27 28 -28 -29
right_child=1 7 4 -5 5 -7 -8 -9 9 11 -12 12 -14 -15 15 17 -18 -19 19 -21 -22 22 -24 -25 -26 26 27 29 -30 -31
leaf_value=1.0545365816631586e-05 6.0344895801380628e-05 -1.5628173516246679e-05 -0.0001032771992906756 0.00021985881493239296 7.1664739914855619e-05 -0.0010186091466511886 0.0028290581678727944 3.1235983897692474e-05 1.9893718240850818e-05 -0.00013250645083732527 -0.00028405969336012959 -4.5513510245672018e-05 -0.00027197180918291287 -0.00038976126235509091 4.593209991144093e-05 -0.00010868282163958199 0.00045047263704644776 0.00051777801364759454 5.3756147834841277e-05 -0.00016261795594570109 -0.00012112512491548369 1.6225698461813914e-05 0.00010876955901407672 -0.00020383122347013714 -9.9035686499996704e-05 -2.6228611841035403e-05 -0.00010677133836326878 0.0001876601282480515 0.00017777760147632537 -0.00030029812743613505
leaf_weight=4718 1268 10817 1849 617 1543 66 67 12352 79 337 158 12634 219 206 680 241 181 107 132 472 307 1570 734 179 416 1109 491 2818 266 132
leaf_count=4718 1268 10817 1849 617 1543 66 67 12352 79 337 158 12634 219 206 680 241 181 107 132 472 307 1570 734 179 416 1109 491 2818 266 132
internal_value=-0.000178367 -0.000778595 0.00163923 0.00261426 -0.00135917 0.0021908 0.00213387 0.000193146 -0.00193294 -0.00227348 0.00238429 -0.0020893 -0.00283786 -0.0137719 -0.0001417 0.000472518 0.00595238 -0.000788348 -0.00124484 -0.00711921 -7.42329e-05 0.000881057 0.00184253 -0.000271584 0.0019799 0.00230753 0.00405939 0.00568519 -0.00168428 0.00757627
internal_weight=56765 42673 14092 10634 3458 1609 10017 23169 19504 18078 1426 17793 12853 285 4940 4603 861 3742 3635 604 3031 2724 2483 1749 9950 9534 4816 3707 757 2950
internal_count=56765 42673 14092 10634 3458 1609 10017 23169 19504 18078 1426 17793 12853 285 4940 4603 861 3742 3635 604 3031 2724 2483 1749 9950 9534 4816 3707 757 2950
is_linear=0
shrinkage=0.05


Tree=36
num_leaves=31
num_cat=0
split_feature=4 6 12 11 12 12 13 15 13 15 15 15 11 11 10 13 11 12 11 14 10 12 13 11 13 14 14 14 12 10
split_gain=22.9435 15.0338 14.2502 13.248 16.0429 23.8557 13.9687 42.1886 20.7767 13.304 19.9735 14.5374 21.0195 31.4367 33.477 17.736 18.1699 19.1519 20.193 19.3361 25.1999 18.937 16.9434 20.6139 23.6883 15.7232 15.0135 18.484 13.7214 15.1277
threshold=0.039987601095102687 1.1833486800344903 -0.080083523859072289 -0.007246212580143351 -0.037333173257957868 -0.031853242392431029 20.375000000000004 0.0088480180504761936 23.604999542236332 0.010308036294939928 0.013053359281890222 -0.00023408966585319876 0.0036681658206255689 0.0080419016501751556 -0.0032012772633666082 17.875000000000004 -0.0029128349712003172 -0.0023464357994545377 0.0033857375272920991 0.003286853869637119 0.0060647119333787644 -0.019407610004685213 15.295000076293947 0.0089565578309193112 15.75500011444092 0.022797718540964799 -0.0062634959442488527 0.038811658900465458 0.093566574594688881 -0.0061038780912164295
decision_type=2 2 2 2 2 2 2 2 2 2 2 2 2 2 2 2 2 2 2 2 2 2 2 2 2 2 2 2 2 2
left_child=1 3 -2 -1 -5 -6 9 8 -8 11 -11 12 28 -14 -15 16 -13 21 19 20 -19 -18 -20 24 -24 -21 -17 -28 29 -7
right_child=2 -3 -4 4 5 6 7 -9 -10 10 -12 15 13 14 -16 26 17 18 22 25 -22 -23 23 -25 -26 -27 27 -29 -30 -31
leaf_value=1.434498405176103e-05 0.0010018066923070234 4.5437933958020987e-05 9.7349928785520762e-05 -0.00012584419982192955 0.00020316268958837805 1.7098819458699622e-05 0.00024841706184196088 -0.00016783333593574021 -2.981776486206834e-06 7.6495932670496165e-05 -4.6841146419958217e-05 -0.00019729027465210385 0.00014863551549708235 -0.00017057281582135353 2.0518798404483229e-05 -0.00018785259795463572 -5.9060729575210331e-05 0.00020383341242187367 -7.4150292188450518e-05 -0.00019646115322610486 -0.0001035013678533876 0.00017328948735176946 0.00016953877520421644 3.1473219920046239e-05 -0.00014510564196592007 7.5095703779248622e-05 0.00015772670715418109 -0.00018926707400438085 0.00027735553391550444 -8.5144758279120155e-05
leaf_weight=10706 240 6730 3989 1196 495 1271 757 461 482 2089 1699 671 1621 1045 4742 1183 481 740 6017 430 254 721 183 2497 1017 308 307 377 107 3845
leaf_count=10706 240 6730 3989 1196 495 1271 757 461 482 2089 1699 671 1621 1045 4742 1183 481 740 6017 430 254 721 183 2497 1017 308 307 377 107 3845
internal_value=-0.000167223 -0.000452968 0.0033755 -0.000777865 -0.00124871 -0.00104734 -0.00120928 0.00320588 0.00801049 -0.00144676 0.00133316 -0.00182532 -0.000572005 0.00114066 -0.000583204 -0.00286777 -0.00222802 -0.00180266 -0.00243316 0.00254042 0.00709256 0.00420133 -0.00331995 -0.000655937 -0.00604167 -0.00359079 -0.00743171 -0.00153509 -0.00300115 -0.00337177
internal_weight=56661 52432 4229 45702 34996 33800 33305 1700 1239 31605 3788 27817 12631 7408 5787 15186 13319 12648 11446 1732 994 1202 9714 3697 1200 738 1867 684 5223 5116
internal_count=56661 52432 4229 45702 34996 33800 33305 1700 1239 31605 3788 27817 12631 7408 5787 15186 13319 12648 11446 1732 994 1202 9714 3697 1200 738 1867 684 5223 5116
is_linear=0
shrinkage=0.05


Tree=37
num_leaves=31
num_cat=0
split_feature=4 13 4 12 9 12 12 13 12 14 15 15 15 15 11 15 12 8 15 16 16 11 12 12 16 16 12 14 12 13
split_gain=23.9644 15.3008 14.2775 9.75773 10.3437 9.33057 16.5476 13.631 13.5108 13.8196 11.4635 9.2246 18.7564 10.9881 10.7092 10.6558 21.1187 9.90498 9.49894 14.426 11.3403 12.0807 10.9379 12.1699 15.5162 10.1309 10.4541 9.42688 9.10812 8.84823
threshold=0.021009156142598805 49.655000686645515 0.053412035385435104 -0.080083523859072289 0.30008759529312473 0.048546370435733628 0.047809127478452236 12.119999885559084 0.060450461334446877 0.040951993391927573 0.0023548446952610384 -0.0054270805615688747 -0.0062405035425379665 -0.021715650796061577 -0.022310337551763478 -0.0051566582563934418 -0.051373886546093366 inf -0.010083995290270929 0.0031233829708902099 -0.02132567527222928 -0.025492128925019227 0.015760978706321874 -0.013469697209426477 0.0011731508892504074 -0.00023551427476448114 1.0000000180025095e-35 0.022797718540964799 0.051247552608074794 18.510000228881839
decision_type=2 2 2 2 10 2 2 2 2 2 2 2 2 2 2 2 2 8 2 2 2 2 2 2 2 2 2 2 2 2
left_child=5 2 11 -4 -5 6 7 -1 9 -7 -8 12 13 14 -2 16 -13 18 20 25 -15 -22 23 24 -23 26 -20 -14 -11 -24
right_child=1 -3 3 4 -6 8 10 -9 -10 28 -12 15 27 17 -16 -17 -18 -19 19 -21 21 22 29 -25 -26 -27 -28 -29 -30 -31
leaf_value=-0.00021225641668764575 2.3907806319220515e-05 0.0026868880102765666 0.0013464863104615745 7.3556428419735084e-05 0.00077312219792619182 -0.00011163529144711672 9.5329541648178046e-06 -1.7342908170755664e-05 -3.7309232944121151e-06 -0.00012754393727098577 0.00027832329646693729 0.00062863303196919516 0.00011727360536052724 0.00027102296145857242 -0.00027658605866208555 3.5552652118166217e-06 -0.00022055957242075744 -0.00019919555816468122 -0.0001277527695612941 0.00016115764941299722 -0.00024015899817676181 9.4320570503265294e-05 8.0578653090211888e-05 0.00035570443820971925 -0.00083382436764331688 -0.00025551436099895564 6.8571312060939065e-05 0.00039449658267142379 0.0001794037738123611 -0.00012774610959207294
leaf_weight=202 432 65 104 1001 441 1540 337 21227 1372 83 340 57 426 800 334 22053 451 212 532 716 148 401 766 546 94 278 863 394 167 305
leaf_count=202 432 65 104 1001 441 1540 337 21227 1372 83 340 57 426 800 334 22053 451 212 532 716 148 401 766 546 94 278 863 394 167 305
internal_value=-0.000155679 0.000766256 0.000716017 0.00540103 0.00433426 -0.00130204 -0.000938659 -0.00118181 -0.0038425 -0.00670391 0.00675775 0.000473027 0.00202498 0.00111638 -0.00450392 -2.54865e-05 -0.00718504 0.00187688 0.00228941 -7.32524e-05 0.00413399 0.00232301 0.00329072 0.00694044 0.00126263 -0.00261506 -0.000878136 0.00914634 0.0042 -0.000256769
internal_weight=56687 31419 31354 1546 1442 25268 22106 21429 3162 1790 677 29808 7247 6427 766 22561 508 5661 5449 2389 3060 2260 2112 1041 495 1673 1395 820 250 1071
internal_count=56687 31419 31354 1546 1442 25268 22106 21429 3162 1790 677 29808 7247 6427 766 22561 508 5661 5449 2389 3060 2260 2112 1041 495 1673 1395 820 250 1071
is_linear=0
shrinkage=0.05


Tree=38
num_leaves=31
num_cat=0
split_feature=4 4 12 6 6 11 14 15 15 10 15 10 15 13 11 13 15 12 14 13 11 16 13 13 11 15 11 12 13 15
split_gain=21.4958 14.5889 14.1715 12.3656 10.6423 9.45109 10.4087 9.44339 9.50902 24.7044 21.0843 19.4944 30.0408 19.3794 16.3332 15.6248 14.6917 13.3949 13.2567 13.5946 15.4363 14.1276 14.5707 17.5435 13.4751 15.6792 14.8511 14.5601 18.2332 13.1525
threshold=0.039987601095102687 0.013425373489532549 -0.080083523859072289 -1.0559952375638342 2.1838523813981636 0.048369816433799014 -0.16769008837329388 0.021499022054267129 0.0069208731104983831 0.010706297735196714 -0.00023408966585319876 0.0081092433422627081 0.0065483618287495169 21.82499980926514 -0.0083605028884894388 12.494999885559084 0.019919752793147286 0.022559173972236727 -0.05546753287916955 21.724999427795414 0.022655282977909755 0.018916097086855158 13.824999809265138 13.050000190734865 0.0033857375272920991 0.0010123623476090418 0.0032511788494672404 0.01743897700487718 17.32499980926514 -0.0009109659485683207
decision_type=2 2 2 2 2 2 2 2 2 2 2 2 2 2 2 2 2 2 2 2 2 2 2 2 2 2 2 2 2 2
left_child=1 -1 -2 -3 5 6 -5 8 10 15 29 18 17 14 -11 -10 -16 -13 -12 21 -21 24 23 -23 25 26 -20 28 -27 -8
right_child=2 3 -4 4 -6 -7 7 -9 9 13 11 12 -14 -15 16 -17 -18 -19 19 20 -22 22 -24 -25 -26 27 -28 -29 -30 -31
leaf_value=-5.4749101003357622e-05 0.00094033401733117829 -4.496485851910805e-05 9.3891429081631106e-05 0.0001911351789183453 8.9316158919302898e-05 -0.00010260970294940281 3.7075018730952683e-06 -0.00014204433393490815 -0.00023517785438685476 0.00011793528864718585 -0.00014533504294717074 0.00033059005509487155 -0.00019822170999842211 -0.00032683530440606354 -7.6862991947122908e-05 5.322040112981843e-05 0.00032595706722714891 3.7774048313607815e-05 -0.00017396285612559929 0.00017303767700624177 -0.00033922497317065317 6.9854559595689677e-05 6.4155594702190174e-05 -0.00020324983559541891 -0.00010173432246409313 -0.00022144329760205334 0.00028189540544072656 8.5130224068787592e-05 1.0112913348305962e-05 9.7577095694931408e-05
leaf_weight=2235 232 4422 3987 300 2758 503 18897 380 94 515 823 491 268 264 1849 7396 118 657 747 416 78 305 1432 455 4020 272 62 1376 584 793
leaf_count=2235 232 4422 3987 300 2758 503 18897 380 94 515 823 491 268 264 1849 7396 118 657 747 416 78 305 1432 455 4020 272 62 1376 584 793
internal_value=-0.000144988 -0.000420872 0.00328869 -0.000245152 -1.63566e-06 -0.000194338 -0.000113871 -0.000179703 -0.000108561 0.0012163 -0.000536684 -0.00219006 0.00331921 -0.0028405 -0.00147059 0.0027036 -0.00354601 0.00683798 -0.0029281 -0.00241356 0.00566802 -0.00284502 0.000661496 -0.00493421 -0.00393358 -0.00142223 -0.00738566 0.000739247 -0.00438084 0.000469782
internal_weight=56729 52510 4219 50275 45853 43095 42592 42292 41912 10236 31676 11986 1416 2746 2482 7490 1967 1148 10570 9747 494 9253 2192 760 7061 3041 809 2232 856 19690
internal_count=56729 52510 4219 50275 45853 43095 42592 42292 41912 10236 31676 11986 1416 2746 2482 7490 1967 1148 10570 9747 494 9253 2192 760 7061 3041 809 2232 856 19690
is_linear=0
shrinkage=0.05


Tree=39
num_leaves=31
num_cat=0
split_feature=5 13 12 13 12 11 12 10 14 10 14 10 6 14 13 6 13 10 12 10 4 9 11 10 8 14 11 14 12 13
split_gain=22.9734 12.1438 11.5722 20.0789 18.6119 17.5532 20.6455 14.4313 13.6196 13.2258 12.212 11.7343 9.85325 10.7784 9.39984 9.30477 8.90068 10.5155 13.609 9.0369 8.73 7.92299 7.87119 7.69176 13.9156 9.62046 9.12875 9.4064 16.642 13.5874
threshold=0.017570782285632889 49.655000686645515 0.048546370435733628 12.119999885559084 0.044338330776630748 0.0072949699106841246 0.075051001770625306 0.0011530203210341485 0.049298283120689408 0.0012069749261046649 -0.056925165822572281 -0.0036672927234202564 1.6510211679565272 -0.16769008837329388 12.765000343322756 0.28222110619026214 20.255000114440922 0.0095301107789625989 0.050926187872229474 0.002679663391510712 0.012258404303521509 0.042756355519116725 0.010813393583964605 -0.013327773622425541 -0.11354813417222186 0.13518549268873961 -0.043674056524097109 -0.037012086292969142 -0.042339714563459634 18.564999580383304
decision_type=2 2 2 2 2 2 2 2 2 2 2 2 2 2 2 2 2 2 2 2 2 10 2 2 10 2 2 2 2 2
left_child=2 15 3 22 12 6 8 -7 16 -9 -6 -8 13 -5 -12 -2 17 18 -4 -20 -15 -21 -1 24 -22 -26 -25 28 29 -28
right_child=1 -3 5 4 10 7 11 9 -10 -11 14 -13 -14 20 -16 -17 -18 -19 19 21 23 -23 -24 26 25 -27 27 -29 -30 -31
leaf_value=-5.8924162110425798e-05 2.2055865797314218e-05 0.003013369780073005 -0.00014711578227654572 0.00018211894291967528 -0.00017278050540226933 -0.00013452471165554142 -0.00015295235164222389 0.00038665860450675608 0.00012160681227822419 -5.9768778867172039e-05 -1.3525233149036966e-05 0.00027661569525270303 4.9680224591394133e-05 -7.4497966308170228e-05 0.0001280319590291219 0.00015179889636272471 -0.00028260680863994442 -0.00019394124625430294 0.0001148457071323425 -0.00016780473521077065 -0.0001322515110511623 5.6034593561849186e-05 -0.00032008745720105218 0.0003167594866791487 0.00014501800945666094 1.5900603609775561e-06 0.00010910971725375348 -2.6568709770245175e-05 1.5775357149247233e-05 -0.00020810267291633544
leaf_weight=124 9108 56 193 173 173 1172 55 65 276 2517 375 357 3110 608 1458 3624 117 112 417 216 257 215 174 90 931 901 110 21646 7661 433
leaf_count=124 9108 56 193 173 173 1172 55 65 276 2517 375 357 3110 608 1458 3624 117 112 417 216 257 215 174 90 931 901 110 21646 7661 433
internal_value=-9.78422e-05 0.00176728 -0.000640705 -0.00032702 -0.000225439 -0.00273985 0.00109806 -0.00474161 -0.00155239 -0.00265298 0.00446162 0.0110437 -0.000487194 -0.000742152 0.00566012 0.0016651 -0.00374016 -0.00240676 -0.000840538 0.00188679 -0.000808132 -0.00319026 -0.013255 -0.000695463 0.00223791 0.00376638 -0.000900134 -0.000948074 0.000493662 -0.00796501
internal_weight=56724 12788 43936 38224 37926 5712 1958 3754 1546 2582 2006 412 35920 32810 1833 12732 1270 1153 1041 848 32637 431 298 32029 2089 1832 29940 29850 8204 543
internal_count=56724 12788 43936 38224 37926 5712 1958 3754 1546 2582 2006 412 35920 32810 1833 12732 1270 1153 1041 848 32637 431 298 32029 2089 1832 29940 29850 8204 543
is_linear=0
shrinkage=0.05


Tree=40
num_leaves=31
num_cat=0
split_feature=4 4 11 15 15 14 12 12 12 13 13 11 14 15 13 13 11 10 15 10 14 11 11 10 14 10 12 10 15 14
split_gain=19.6859 13.4157 11.6577 11.437 26.6748 16.1231 15.4898 22.3879 12.8079 16.4063 13.7737 13.5339 12.6599 11.4115 29.1555 11.3796 11.0799 11.005 10.1718 13.6107 12.2252 16.5641 14.6088 13.2978 21.4035 16.0548 17.1896 14.2383 14.0446 14.5712
threshold=0.034804150334047552 0.013425373489532549 -0.055970636302615777 -0.00023408966585319876 0.00080252735093122596 0.017639326626862298 0.048546370435733628 0.047809127478452236 0.060058277300754533 21.82499980926514 18.105000495910648 0.011258246929470419 0.083812216488613714 -0.0013182425814843299 16.73499965667725 12.434999942779543 0.032599070140324489 -0.0022250967273709783 0.017684202812633391 0.015549884952093642 -0.083456210331023115 0.0038135025222709733 -0.007881044782755085 0.0083489150088474923 -0.054107623009077337 0.010706297735196714 0.0086975765073127338 0.012283883518909413 0.010693782912721274 -0.051673805703282331
decision_type=2 2 2 2 2 2 2 2 2 2 2 2 2 2 2 2 2 2 2 2 2 2 2 2 2 2 2 2 2 2
left_child=1 -1 -2 13 5 16 7 18 12 10 11 -10 15 -3 17 -8 -5 -15 19 20 21 -6 -22 24 -24 26 -25 -27 29 -26
right_child=2 3 -4 4 6 -7 8 -9 9 -11 -12 -13 -14 14 -16 -17 -18 -19 -20 -21 22 -23 23 25 28 27 -28 -29 -30 -31
leaf_value=-4.9924390360467473e-05 0.0012234896622188047 2.8717786112423139e-06 6.8797225340065657e-05 -8.2595155604509276e-05 -1.4785339234272112e-05 -0.00021861240446133625 0.00036796294042192441 0.00021975934759936645 0.00018903654650607215 0.00080819938003535464 -0.00010871653231211323 -2.1753689805145953e-05 0.00035500981180891609 -0.00016826713465760963 0.00018694767541813339 -0.00014846126549169657 0.00012743075620886697 2.2509944074340822e-05 9.9593683289839552e-05 -0.00011363510239253894 5.2120681440959076e-05 0.00016746371145044786 -0.00013710564300557454 0.00028844862797559591 0.00021957879854876415 -0.00014466661495164744 3.382956859446849e-05 9.0658777767908642e-05 8.6027965478214976e-05 -4.1954300849318587e-05
leaf_weight=2202 151 19694 6804 1588 1116 605 53 583 262 113 768 964 68 299 923 1374 132 601 852 825 2534 889 1177 359 237 592 1161 452 907 8365
leaf_count=2202 151 19694 6804 1588 1116 605 53 583 262 113 768 964 68 299 923 1374 132 601 852 825 2534 889 1177 359 237 592 1161 452 907 8365
internal_value=-0.000172992 -0.000521682 0.00231848 -0.000344788 -0.00105097 -0.00616129 -0.000548603 -6.23472e-06 -0.00356746 -0.001056 -0.00210632 0.00118271 -0.00710702 0.000507738 0.00429238 -0.00811142 -0.00369186 -0.00211111 -0.000295387 -0.000539916 -0.000248749 0.00342893 -0.000715915 -0.00138113 -0.00215703 0.00185257 0.00513158 -0.00292146 -0.00136975 -0.00199372
internal_weight=56650 49695 6955 47493 25976 2325 23651 20049 3602 2107 1994 1226 1495 21517 1823 1427 1720 900 19466 18614 17789 2005 15784 13250 10686 2564 1520 1044 9509 8602
internal_count=56650 49695 6955 47493 25976 2325 23651 20049 3602 2107 1994 1226 1495 21517 1823 1427 1720 900 19466 18614 17789 2005 15784 13250 10686 2564 1520 1044 9509 8602
is_linear=0
shrinkage=0.05


Tree=41
num_leaves=31
num_cat=0
split_feature=11 13 13 5 16 15 16 3 16 14 16 14 15 15 13 13 14 15 16 13 12 14 14 16 16 16 15 16 12 12
split_gain=20.3637 15.4934 13.0068 12.3805 12.1519 17.6751 14.3293 12.646 12.0724 15.916 14.7156 12.9056 15.6206 19.1812 17.0314 20.7414 16.6738 14.6094 14.1748 13.4747 16.8433 16.5494 14.0772 13.112 17.4207 17.2055 16.0965 13.8943 12.9226 12.7562
threshold=-0.023324980459216712 17.195000648498539 49.655000686645515 0.010426124976833566 -0.024234057275211714 0.010496202905107334 -0.02132567527222928 0.01578278323997118 0.051970945763323624 -0.16769008837329388 0.047257899490740669 -0.13532199000438486 0.0069208731104983831 -0.00023408966585319876 23.604999542236332 21.409999847412113 -0.10344834121785244 -0.0009109659485683207 -0.018343732766227579 18.365000724792484 0.035935389713108064 0.052213768787031663 -0.054107623009077337 -0.0096145339656227274 -0.010354005166117562 -0.0065520571195252222 -0.0046190361895618861 -0.017484650425826916 1.0000000180025095e-35 0.0061046403867389696
decision_type=2 2 2 2 2 2 2 2 2 2 2 2 2 2 2 2 2 2 2 2 2 2 2 2 2 2 2 2 2 2
left_child=1 -1 -3 -2 5 -5 -6 8 9 -8 11 -11 13 17 15 16 -15 18 -13 21 22 -14 29 24 26 -25 27 -20 -29 -21
right_child=3 2 -4 4 6 -7 7 -9 -10 10 -12 12 19 14 -16 -17 -18 -19 23 20 -22 -23 -24 25 -26 -27 -28 28 -30 -31
leaf_value=-0.00031803383422293873 -2.9394118063261634e-05 6.9408709047160717e-05 0.0022738272640763584 -5.2647781804874771e-05 0.00010845851496519453 -0.00045523640636328046 0.00040420631455847876 0.00012793686134663124 -0.00011010466185947088 -0.00011966645617437623 0.00032749924812355353 -0.00012065877577596661 4.4015096169498042e-05 0.0003885054324633307 -0.00024523790287028834 0.00025481503875797619 -5.0009827426599258e-05 0.00013363927176882943 0.00054897286327810048 -0.00011170085451324316 -0.00018262670867893668 0.00057117098331730027 9.0983637704925751e-05 -0.00010312773996992934 0.00028620441995400758 5.9186422445190947e-06 -7.8838206874774587e-05 -3.4694840650297336e-05 0.00016429417325168391 0.0017819722739065126
leaf_weight=68 10256 4199 69 1668 1214 191 124 1708 776 502 387 823 6162 133 391 350 10624 721 161 873 428 232 1178 1023 296 9587 860 595 1034 48
leaf_count=68 10256 4199 69 1668 1214 191 124 1708 776 502 387 823 6162 133 391 350 10624 721 161 873 428 232 1178 1023 296 9587 860 595 1034 48
internal_value=-0.000202449 0.00309041 0.00346767 -0.000475213 -9.56307e-05 -0.00404788 8.69998e-05 -7.94546e-05 -0.00027206 -0.000140972 -0.000201879 -0.000306071 -0.000193558 -0.000800812 -0.00233954 -0.00197848 -0.00236823 0.000370861 2.26024e-05 0.00161697 -0.00147408 0.0028386 0.000369223 0.000409413 0.00336049 -0.000409991 0.00207547 0.00477654 0.00339165 -0.00426167
internal_weight=56681 4336 4268 52345 42089 1859 40230 39016 37308 36532 36408 36021 35519 26598 11498 11107 10757 15100 14379 8921 2527 6394 2099 13556 2946 10610 2650 1790 1629 921
internal_count=56681 4336 4268 52345 42089 1859 40230 39016 37308 36532 36408 36021 35519 26598 11498 11107 10757 15100 14379 8921 2527 6394 2099 13556 2946 10610 2650 1790 1629 921
is_linear=0
shrinkage=0.05


Tree=42
num_leaves=31
num_cat=0
split_feature=6 5 15 15 15 15 10 14 14 14 14 11 14 15 16 11 11 14 16 16 10 15 9 8 16 11 4 14 14 15
split_gain=16.3018 13.4631 10.4671 9.88727 13.4051 11.2288 17.4888 17.0141 13.4533 10.4429 10.2639 8.6547 8.24802 9.87059 8.86064 8.59357 14.4353 11.5236 9.9439 9.13349 8.72986 8.07615 7.33707 7.29139 7.2577 6.93816 6.78907 7.51832 14.6531 8.23966
threshold=-0.29725119547967144 0.018806796333616382 0.063989367590374782 0.0070853510662165506 -0.00023408966585319876 0.00080252735093122596 0.00044089291237869871 -0.0017400209240098772 -0.10344834121785244 -0.091137781806863202 -0.086337752297859935 0.036250351573326463 -0.0087527259018278496 0.0076346777924891649 -0.017857083732469078 0.016655619165508066 0.011695347183510176 -0.083456210331023115 -0.0065520571195252222 0.022731188351109325 0.0057642081998183778 -0.00076945738402395259 0.23890996031820247 0.020229544276710424 0.022731188351109325 -0.0042559728619938056 0.016054571691113972 -0.017647948149660749 -0.037012086292969142 -0.022177853746542516
decision_type=2 2 2 2 2 2 2 2 2 2 2 2 2 2 2 2 2 2 2 2 2 2 8 8 2 2 2 2 2 2
left_child=3 -2 -3 4 21 7 25 10 -8 -10 -6 -11 14 -14 23 16 18 -18 -16 -17 -21 26 -22 -5 -15 -7 -1 28 -28 -29
right_child=1 2 -4 12 5 6 8 -9 9 11 -12 -13 13 24 15 19 17 -19 -20 20 22 -23 -24 -25 -26 -27 27 29 -30 -31
leaf_value=-4.6707304589846182e-05 2.392817512934624e-06 0.00012135866704857607 -0.00065853636152596567 0.0002342873802240421 -0.00023778121622395994 0.00017474254139951593 0.00025535830855610619 -0.0001808124036748728 -0.00058943985692602849 -5.4736086174257507e-05 -2.3893759125973545e-06 -0.00020064311758688318 0.00031701914192189203 7.6712172100257405e-05 -0.00011936681511498359 0.00015388233361772398 2.113865752887234e-05 -0.00017030615531736756 2.1985449501229831e-05 0.00014934527775306331 -8.6520504613712122e-05 0.000114655196264013 4.7933312171036596e-05 -0.00013132392589918377 -0.00012774134637418209 1.0169150179676051e-05 4.0976889306171884e-05 -0.00016020931411869969 -0.00012873413423805839 1.2470544396110976e-05
leaf_weight=1737 25357 5112 64 292 98 394 160 750 93 4762 767 366 250 710 457 460 206 546 1778 149 474 372 179 80 269 1283 635 249 1045 7530
leaf_count=1737 25357 5112 64 292 98 394 160 750 93 4762 767 366 250 710 457 460 206 546 1778 149 474 372 179 80 269 1283 635 249 1045 7530
internal_value=-0.000200445 0.000583795 0.00290765 -0.0011182 -0.00164147 -0.00312752 -0.00226693 -0.00688854 -0.00365638 -0.00409404 -0.00210983 -0.0037929 0.000692308 0.00433279 -0.000275914 -0.000923747 -0.00238534 -0.00837766 -0.000369128 0.00253566 -0.000685786 -0.000527317 -0.00317764 0.00712366 0.00206844 0.00219141 -0.000768131 -0.000240512 -0.00327381 0.000414578
internal_weight=56624 30533 5176 26091 20241 8673 7058 1615 5381 5221 865 5128 5850 1229 4621 4249 2987 752 2235 1262 802 11568 653 372 979 1677 11196 9459 1680 7779
internal_count=56624 30533 5176 26091 20241 8673 7058 1615 5381 5221 865 5128 5850 1229 4621 4249 2987 752 2235 1262 802 11568 653 372 979 1677 11196 9459 1680 7779
is_linear=0
shrinkage=0.05


Tree=43
num_leaves=31
num_cat=0
split_feature=13 6 5 14 13 10 14 6 8 14 14 14 10 11 12 13 13 14 3 8 12 11 11 3 13 14 12 14 12 14
split_gain=16.2472 14.5984 11.9935 11.3151 10.0555 12.3527 11.249 10.6788 10.0995 9.65534 9.6543 9.15237 13.0302 8.33149 7.43322 17.3492 9.44674 7.12437 7.02291 7.16974 9.60124 7.01104 7.75198 6.97469 10.322 6.93773 15.6747 9.99213 8.35522 6.57565
threshold=49.655000686645515 0.028565608125939286 0.021026124705069257 -0.16769008837329388 14.315000057220461 -0.0072745157566194698 0.03406338940495391 -1.5902467372749318 inf 0.052213768787031663 -0.19490876951167976 0.076607678117126224 -0.0043670108035313007 0.020527349767636042 -0.062212446145613214 25.505000114440922 30.345000267028812 -0.19490876951167976 -0.0055959857814880101 -0.10915560248708304 0.010183685907573794 0.003505922146060048 0.0056453064529209404 0.00067864843914700057 18.719999313354496 0.022797718540964799 0.037065742215321447 0.013234785210327617 0.0094949171636059555 -0.14356568835631797
decision_type=2 2 2 2 2 2 2 2 8 2 2 2 2 2 2 2 2 2 2 10 2 2 2 2 2 2 2 2 2 2
left_child=1 3 14 -1 5 -5 7 -7 29 13 -4 12 -11 -8 16 17 -3 -16 -19 -20 21 -21 -23 24 -10 27 -27 28 -9 -6
right_child=-2 2 10 4 8 6 9 25 23 11 -12 -13 -14 -15 15 -17 -18 18 19 20 -22 22 -24 -25 -26 26 -28 -29 -30 -31
leaf_value=0.00013961843782727291 0.002398463716378231 -0.00034925478624261183 -0.00058319000487830157 0.00014429325613252823 -0.00014448592826428442 -0.0001250491066772687 -0.00025479515002731635 5.8995266610803089e-05 -0.00021328802665943555 -0.00055652077428172166 0.00017657240884096873 -0.00019349037085738727 0.0002628899156572907 0.00013178320785889317 -0.00026946723174310633 0.00029342253612324746 0.00010577026880605666 5.1729496766113331e-05 -9.9915562656313801e-05 1.3229966548089241e-05 -1.1374773311747601e-05 0.00032647953179043771 5.183542947912719e-05 -0.00013981797609477844 1.6308779333305389e-05 -6.1612189755130072e-05 0.00023082203643678899 -0.000137395183903923 -3.440652921896485e-05 -2.5550790660188418e-06
leaf_weight=225 64 218 65 175 275 245 288 490 184 48 2495 280 163 55 134 404 150 3106 729 2861 9966 288 1348 412 595 232 242 544 5563 24715
leaf_count=225 64 218 65 175 275 245 288 490 184 48 2495 280 163 55 134 404 150 3106 729 2861 9966 288 1348 412 595 232 242 544 5563 24715
internal_value=-0.000178133 -0.000206655 0.000808675 -0.000842907 -0.000915783 -0.00242943 -0.00271166 -0.00208447 -0.000434475 -0.00821343 0.00402344 -0.0037169 0.00414692 -0.0146501 0.000380129 0.000517626 -0.00665761 0.000292969 0.00037709 -6.58241e-05 0.000178041 0.00209584 0.0047066 -0.00493283 -0.00215019 -0.00172889 0.00411392 -0.0021487 -0.00156534 -0.000220088
internal_weight=56559 56495 21764 34731 34506 8325 8150 7316 26181 834 2560 491 211 343 19204 18836 368 18432 18298 15192 14463 4497 1636 1191 779 7071 474 6597 6053 24990
internal_count=56559 56495 21764 34731 34506 8325 8150 7316 26181 834 2560 491 211 343 19204 18836 368 18432 18298 15192 14463 4497 1636 1191 779 7071 474 6597 6053 24990
is_linear=0
shrinkage=0.05


Tree=44
num_leaves=31
num_cat=0
split_feature=13 6 4 14 4 15 15 11 12 12 13 12 14 15 13 6 14 12 13 14 15 8 16 12 14 14 11 13 13 3
split_gain=17.2141 14.1875 14.5691 11.2429 9.845 9.85531 15.5332 9.70321 13.6904 18.468 9.79843 9.53517 10.2334 14.5953 9.1656 8.91699 9.70486 13.1013 15.0143 17.2772 12.9394 14.0751 14.2198 16.6491 17.2883 17.6265 15.2501 15.238 13.0954 13.5247
threshold=49.655000686645515 1.6510211679565272 0.053412035385435104 -0.19490876951167976 0.016795564697513924 -0.021715650796061577 -0.018730419806015638 -0.007246212580143351 -0.037333173257957868 -0.031853242392431029 25.505000114440922 0.066365810520591553 -0.031180558164108082 0.0070853510662165506 20.154999732971195 -1.1030522382332091 -0.037511825146214865 -0.013469697209426477 17.394999504089359 0.15436855290822041 1.0000000180025095e-35 -0.15468356392095675 0.0033791205056932232 0.028448833312794911 -0.0078859681506743256 0.048234950984074383 0.035212880845506785 12.994999885559084 17.615000724792484 0.0039355851253836125
decision_type=2 2 2 2 2 2 2 2 2 2 2 2 2 2 2 2 2 2 2 2 2 10 2 2 2 2 2 2 2 2
left_child=1 2 4 -3 -1 -6 -7 11 -9 -10 15 12 -8 -14 -15 -11 -17 18 -18 -20 -19 -22 27 24 -24 26 -26 -23 29 -29
right_child=-2 3 -4 -5 5 6 7 8 9 10 -12 -13 13 14 -16 16 17 20 19 -21 21 22 23 -25 25 -27 -28 28 -30 -31
leaf_value=-2.6193939647279417e-05 0.0022149362878378996 -0.0002674351641035927 0.00024081023881311937 7.6177335189497536e-05 -0.00012173214003244119 0.00029176241866820778 -1.9212644326083161e-05 -9.7408501101832107e-05 0.00023012741987640196 -5.9697283988144925e-05 0.0015490474057317548 -0.00024221496137474585 3.5757347627901701e-05 0.00040960431134227514 4.4410708447557329e-05 2.473869652211923e-05 3.1455005503697917e-05 1.5493340366640097e-05 -0.00027027566625858096 0.00041474101994803004 -0.00026765613616965879 4.1827487655088895e-05 -3.3806244407351895e-05 -4.876895092786357e-05 0.00029466801938627648 -0.00012185707427617024 -7.0279390256489026e-05 -0.00029124403744933179 -5.1517651753076482e-06 -5.7214853260964845e-05
leaf_weight=10096 68 136 1418 4731 814 414 2742 1418 378 2344 65 114 5787 367 300 6622 290 8849 535 47 256 423 997 4403 1013 241 166 842 490 392
leaf_count=10096 68 136 1418 4731 814 414 2742 1418 378 2344 65 114 5787 367 300 6622 290 8849 535 47 256 423 997 4403 1013 241 166 842 490 392
internal_value=-0.00014183 -0.000171988 -0.000414391 0.00240908 -0.000555004 -0.000205289 -9.30498e-05 -0.000195108 -0.000635686 -0.000395902 -0.000544236 0.00121375 0.00139191 0.00247908 0.00948276 -0.000589394 -0.000318783 -0.000894742 -0.00688073 -0.011512 -0.00060591 -0.0019164 -0.00158637 -0.000469208 0.00286512 0.00640845 0.00892706 -0.00513507 -0.00722158 -0.00996759
internal_weight=56758 56690 51823 4867 50405 40309 39495 39081 29771 28353 27975 9310 9196 6454 667 27910 25566 18944 872 582 18072 9223 8967 6820 2417 1420 1179 2147 1724 1234
internal_count=56758 56690 51823 4867 50405 40309 39495 39081 29771 28353 27975 9310 9196 6454 667 27910 25566 18944 872 582 18072 9223 8967 6820 2417 1420 1179 2147 1724 1234
is_linear=0
shrinkage=0.05


Tree=45
num_leaves=31
num_cat=0
split_feature=15 15 12 9 11 15 10 11 14 16 11 15 10 10 11 10 15 16 10 14 14 10 15 16 15 16 12 4 11 12
split_gain=15.3907 14.6261 17.0535 15.8438 17.716 19.6307 18.9387 20.2456 16.9098 15.4021 15.1221 14.9971 14.95 20.5276 14.0199 13.1804 12.5793 19.7916 12.6008 12.2495 14.9541 15.4961 13.756 15.3466 12.9161 14.7909 11.9342 11.8945 11.8327 11.2019
threshold=-0.0044791130751633537 0.0069208731104983831 -0.052281388412141021 inf -0.013624952987961734 0.0065483618287495169 0.0081092433422627081 0.048369816433799014 0.014555585659076444 0.037255331995338044 -0.011292646731903553 -0.0040951606582260705 -0.0021138824674655772 -0.00032911889046416393 -0.023324980459216712 -0.0040208164286187889 0.0076346777924891649 0.023753110547774185 -0.0019500004630599863 0.0066946732173895915 -0.0017400209240098772 0.00034887818574524948 0.0046404669596049617 0.022549381096207969 -0.003275593759081485 0.035035767174663619 0.022559173972236727 0.036562399474481581 0.024405039123864495 0.044338330776630748
decision_type=2 2 2 8 2 2 2 2 2 2 2 2 2 2 2 2 2 2 2 2 2 2 2 2 2 2 2 2 2 2
left_child=14 2 -2 4 11 6 10 26 19 15 -6 -4 -13 -14 -1 -3 17 29 -18 20 22 -22 24 -24 -5 28 -8 -11 -26 -17
right_child=1 9 3 8 5 -7 7 -9 -10 27 -12 12 13 -15 -16 16 18 -19 -20 -21 21 -23 23 -25 25 -27 -28 -29 -30 -31
leaf_value=0.00012613315155396025 -0.0003979666500365126 0.00031671329206168163 -0.00020476135206257302 -0.00017094836248068309 -0.00026071414543056917 -0.00020761274129960894 0.00031694220109863597 -0.00020607394388326159 -0.00013743988847746868 -0.00010009903351496731 -1.8384179406803845e-05 0.00018847245610846745 -0.0001577886410127477 7.9515985719493158e-05 9.8039245677097875e-06 8.7035336805753584e-05 -0.00030324946854382495 0.00056535320921890489 1.04710186224476e-05 0.00011743373895289592 5.1430717528385287e-05 -0.00026924151206902334 -0.00021277949818603381 0.00010515171744115802 1.5677356155863837e-05 -0.0001690550048067261 4.9159388060474001e-05 0.00014869176456933685 0.00031285989395098303 -9.4583960709102466e-05
leaf_weight=2434 205 277 136 277 409 471 542 133 1256 1493 16188 1030 260 809 13183 1036 142 332 10694 354 147 348 684 200 2021 142 687 288 212 265
leaf_count=2434 205 277 136 277 409 471 542 133 1256 1493 16188 1030 260 809 13183 1036 142 332 10694 354 147 348 684 200 2021 142 687 288 212 265
internal_value=-0.000159298 -0.000667674 -0.00136641 -0.00125447 -0.000613356 -0.00112317 -0.000858901 0.0048091 -0.00360308 0.00060749 -0.00132403 0.0035906 0.00463316 0.000491113 0.0011766 0.00121607 0.000976422 0.00506736 0.000359911 -0.00213797 -0.00292111 -0.0110606 -0.00178167 -0.00718326 1.88537e-05 0.00121053 0.00681448 -0.00374789 0.00220555 0.0022867
internal_weight=56655 41038 26511 26306 20665 18430 17959 1362 5641 14527 16597 2235 2099 1069 15617 12746 12469 1633 10836 4385 4031 495 3536 884 2652 2375 1229 1781 2233 1301
internal_count=56655 41038 26511 26306 20665 18430 17959 1362 5641 14527 16597 2235 2099 1069 15617 12746 12469 1633 10836 4385 4031 495 3536 884 2652 2375 1229 1781 2233 1301
is_linear=0
shrinkage=0.05


Tree=46
num_leaves=31
num_cat=0
split_feature=9 0 12 15 15 15 16 10 3 7 15 10 16 15 10 16 12 14 3 16 16 16 10 15 15 15 14 14 10 10
split_gain=17.156 11.1852 12.2752 9.96285 13.8669 16.474 11.0004 9.7349 8.96202 8.93943 7.87605 17.8659 16.161 15.2891 14.9985 16.739 14.7465 14.9998 21.8733 14.4073 13.499 14.9594 21.2304 12.6655 16.2807 12.5162 12.3966 12.3972 15.1621 12.2984
threshold=0.30008759529312473 -0.0088287094867263698 -0.080083523859072289 -0.021715650796061577 -0.018730419806015638 -0.017588249087878035 -0.031384067536779851 -0.0056282491919848457 0.0011883933594964982 0.0037903112089812123 0.0069858211800583056 0.010706297735196714 0.046738073164561141 -0.00023408966585319876 0.011126386470739604 -0.023739338101520454 -0.057938720016513449 -0.010234659349895312 0.0039355851253836125 -0.0099089722135382568 -0.015134080909751267 0.0038767446704857105 -0.0038582878398281113 0.00086534579273467316 0.0055995197189491206 -0.0013182425814843299 -0.073050802278400592 -0.067583665573298909 0.020919709791490718 -0.0040208164286187889
decision_type=10 2 2 2 2 2 2 2 2 2 2 2 2 2 2 2 2 2 2 2 2 2 2 2 2 2 2 2 2 2
left_child=1 3 9 7 -5 -6 -7 8 -1 -3 13 12 29 25 -13 -16 -15 -18 20 -17 -19 22 -22 -23 -25 -4 -21 28 -28 -12
right_child=-2 2 10 4 5 6 -8 -9 -10 -11 11 14 -14 16 15 19 17 18 -20 26 21 23 -24 24 -26 -27 27 -29 -30 -31
leaf_value=-8.8217507256854386e-05 0.00011318788727675234 0.00056045459813380415 -1.2942898296879318e-05 0.00033920075043352549 -0.00044061655858788321 0.00019419491264377052 1.5942648360890103e-05 -0.00050232437549509613 0.00022619577470986134 -0.00014591763181101349 0.00032540040035350577 -0.00019175323119637142 -9.5094081839218909e-05 -0.0004297951437599007 -0.00034336275629229219 0.00017216044166004315 -1.5721957739594152e-05 0.00014749283705647626 1.7628594100336117e-05 -8.8193455717489313e-05 3.1379232938382686e-05 -0.00012511383416647241 -0.00023327186668086462 -2.0156799406177533e-05 -0.00023312732529405771 6.191734641351602e-05 0.00034911936150632211 -2.4946550602912305e-05 -0.00033750306483319937 3.0681430529129301e-05
leaf_weight=669 2765 181 12696 391 176 676 10703 96 105 50 235 324 679 101 264 430 7354 231 1584 1129 231 640 1110 2153 389 1568 323 1296 63 8004
leaf_count=669 2765 181 12696 391 176 676 10703 96 105 50 235 324 679 101 264 430 7354 231 1584 1129 231 640 1110 2153 389 1568 323 1296 63 8004
internal_value=-0.000179278 -0.000376502 -0.000779213 0.000912921 0.00128913 0.000975768 0.00121056 -0.00425287 -0.00239018 0.0107143 -0.00084428 0.000186318 0.00141287 -0.00131251 -0.00267041 -0.00171897 -0.00249946 -0.00235904 -0.00414169 -0.000732799 -0.00583719 -0.00643931 -0.0108688 -0.0045726 -0.00298977 -0.00016475 -0.00203664 0.00068371 0.00854922 0.00202391
internal_weight=56616 53851 41035 12816 11946 11555 11379 870 774 231 40804 12747 8918 28057 3829 3505 13793 13692 6338 3241 4754 4523 1341 3182 2542 14264 2811 1682 386 8239
internal_count=56616 53851 41035 12816 11946 11555 11379 870 774 231 40804 12747 8918 28057 3829 3505 13793 13692 6338 3241 4754 4523 1341 3182 2542 14264 2811 1682 386 8239
is_linear=0
shrinkage=0.05


Tree=47
num_leaves=31
num_cat=0
split_feature=5 13 4 6 4 6 11 16 14 13 13 11 10 16 13 3 13 14 14 9 14 11 10 13 10 10 13 11 10 10
split_gain=16.6171 14.896 9.73157 9.11674 8.27091 7.73305 6.37701 9.05421 7.17046 6.72053 6.08011 15.1887 10.215 12.1707 24.4688 9.98445 9.58885 9.15476 13.5019 8.63547 7.98136 8.00771 9.11925 7.94302 7.81512 16.6818 13.9492 14.3109 12.1245 7.48841
threshold=0.014893384947727352 49.655000686645515 0.065853665128995154 1.5474502408597737 0.013425373489532549 0.11034765292028323 0.024405039123864495 0.029564154017763137 0.047546513885702975 18.214999198913578 17.945000648498539 0.0023966928807116488 0.0038763906562415689 0.025895784143216031 23.529999732971195 0.0089414652070882745 16.095000267028812 -0.034658988562555441 -0.018785167459125836 -0.0015401360189746247 0.15436855290822041 0.030456421062291409 -0.0020521313117868862 25.505000114440922 0.0043826949132023127 0.0072752635808988062 22.330000877380375 -0.023324980459216712 -0.0033501025601940788 0.015549884952093642
decision_type=2 2 2 2 2 2 2 2 2 2 2 2 2 2 2 2 2 2 2 8 2 2 2 2 2 2 2 2 2 2
left_child=4 2 3 10 -1 -6 7 -7 -9 -8 16 24 20 14 -14 -15 -2 29 -19 -17 21 -13 -23 -24 26 -26 -12 28 -28 -18
right_child=1 -3 -4 -5 5 6 9 8 -10 -11 11 12 13 15 -16 19 17 18 -20 -21 -22 22 23 -25 25 -27 27 -29 -30 -31
leaf_value=-4.3754600922742381e-05 -3.6496943542229171e-06 0.0020881730702361186 0.0005691562426495487 0.00013025888813987218 -1.8879091497468056e-05 8.1773735572765287e-06 8.4692674719808326e-05 -0.00014334590652703179 0.00046710014433628486 -0.00010784979099531192 0.00012670824624119571 -0.00017768082306486842 -6.5457112429874113e-07 -0.00011022876765810985 0.00061161084139647816 -0.00012200045950272578 0.0002067659788549663 -0.0001754640125404584 8.1606595805115277e-05 0.00020751885843787221 0.00044901036266148598 -0.00022929238204342207 3.2002231395538309e-06 0.0017508439888560138 -0.00023842767226837003 5.0531470622486959e-05 9.5309319248738575e-06 -0.00011679774777507198 0.00048578808756912813 -8.4531526966102367e-05
leaf_weight=2246 5805 64 653 1903 20760 10089 1040 596 62 140 2261 1392 738 695 156 113 1076 386 2602 149 43 92 340 48 412 836 630 922 152 177
leaf_count=2246 5805 64 653 1903 20760 10089 1040 596 62 140 2261 1392 738 695 156 113 1076 386 2602 149 43 92 340 48 412 836 630 922 152 177
internal_value=-0.00017498 0.000913606 0.000842176 0.000654625 -0.000849483 -0.000647811 0.000366815 -1.62836e-05 -0.00569909 0.00385593 0.000324573 -0.000620893 -0.00304036 -0.00039168 0.00380313 -0.00431034 0.00116962 0.00297689 0.00147256 0.00400763 -0.00560052 -0.00608974 -0.000520833 0.00283505 0.00112699 -0.00232372 0.00221311 -0.00120305 0.00377238 0.00656425
internal_weight=56578 21645 21581 20928 34933 32687 11927 10747 658 1180 19025 8979 3766 1851 894 957 10046 4241 2988 262 1915 1872 480 388 5213 1248 3965 1704 782 1253
internal_count=56578 21645 21581 20928 34933 32687 11927 10747 658 1180 19025 8979 3766 1851 894 957 10046 4241 2988 262 1915 1872 480 388 5213 1248 3965 1704 782 1253
is_linear=0
shrinkage=0.05


Tree=48
num_leaves=31
num_cat=0
split_feature=13 9 5 13 14 12 16 8 10 14 10 16 16 14 16 12 16 16 12 8 16 16 16 12 14 16 16 10 10 12
split_gain=17.0489 10.9746 8.49608 7.92279 7.08672 18.6635 13.1206 12.3021 11.8969 11.7842 10.4704 11.8929 10.5723 8.71656 8.61424 8.45519 8.2131 23.8026 9.62742 8.9097 10.903 14.5375 10.5414 11.2055 12.8578 10.2344 11.483 13.0503 23.5164 14.3914
threshold=49.655000686645515 0.29201520273870435 0.01026250831673765 19.625000000000004 0.024903216094988693 0.11156893737835662 0.025179044445945212 0.10375188633935152 -0.0029742102449409331 0.017639326626862298 0.00090086264031330476 -0.0051233360302229683 0.028781819707504822 0.047546513885702975 -0.011090913172594473 0.08698427805602639 0.025500857831464944 0.024165918601946727 -0.051373886546093366 inf 0.022731188351109325 0.019113893761118942 -0.023148470521609118 0.028594674510006083 -0.039689213075018263 0.016672753010892997 0.015103483958726851 0.0091384979590398725 0.010706297735196714 0.032443479787097169
decision_type=2 10 2 2 2 2 2 8 2 2 2 2 2 2 2 2 2 2 2 8 2 2 2 2 2 2 2 2 2 2
left_child=1 2 3 -1 9 6 -6 8 13 16 11 14 15 -8 -11 -13 17 19 -18 20 21 25 -21 -24 -25 26 27 -4 -29 -30
right_child=-2 -3 4 -5 5 -7 7 -9 -10 10 -12 12 -14 -15 -16 -17 18 -19 -20 22 -22 -23 23 24 -26 -27 -28 28 29 -31
leaf_value=-2.9720065164782302e-05 0.0020638485811657471 8.4505497598393389e-05 -1.2233410799354551e-05 4.1336272633544408e-05 1.4430686518820003e-05 -0.00024021623505781749 -0.00021044617097753599 -8.9726808114710919e-05 0.00044104069531108444 -8.705032609534337e-05 2.7803630943844813e-05 -0.00025599056892385182 0.00014737630175982617 0.00028499083226094039 0.00017374411737606954 6.0682060099423457e-05 -0.00027094153652692534 0.00031903669815821372 -3.1534402514731344e-05 -0.00048647335922985329 -0.00012268589861978176 9.3364991216468574e-05 3.4028962907327319e-05 0.00014539956404987318 -0.00028460160814848556 -7.1453212737259309e-05 0.00012239686142809019 0.00015865176998513028 3.128106606705176e-05 -0.00013386035640539076
leaf_weight=8988 71 2965 14999 771 11957 126 118 164 430 296 474 751 129 132 161 80 140 439 4971 131 396 1349 513 140 343 1076 645 1513 1894 499
leaf_count=8988 71 2965 14999 771 11957 126 118 164 430 296 474 751 129 132 161 80 140 439 4971 131 396 1349 513 140 343 1076 645 1513 1894 499
internal_value=-0.000190166 -0.000220887 -0.000384615 -0.00171893 -8.77673e-05 0.000895413 0.0010839 0.007109 0.0100735 -0.000498562 -0.00432311 -0.00647495 -0.00963542 0.0014 0.000164114 -0.0117028 -0.000249587 0.000138906 -0.00206907 -7.66023e-05 0.000141925 0.000290102 -0.00441437 -0.00266064 -0.00812629 -3.8786e-05 0.000222506 -1.3224e-06 0.00257296 -0.00051191
internal_weight=56661 56590 53625 9759 43866 12927 12801 844 680 30939 1891 1417 960 250 457 831 29048 23937 5111 23498 22371 21975 1127 996 483 20626 19550 18905 3906 2393
internal_count=56661 56590 53625 9759 43866 12927 12801 844 680 30939 1891 1417 960 250 457 831 29048 23937 5111 23498 22371 21975 1127 996 483 20626 19550 18905 3906 2393
is_linear=0
shrinkage=0.05


Tree=49
num_leaves=31
num_cat=0
split_feature=5 15 12 15 15 15 10 15 15 12 16 14 10 12 14 15 10 12 12 16 16 9 15 10 10 10 9 10 10 16
split_gain=13.6595 10.9432 9.92028 9.89871 9.86396 10.1554 22.9748 14.4149 13.4582 9.58533 17.8597 14.6041 30.6615 11.9259 15.2068 12.0045 10.9234 12.9101 16.2567 14.3012 22.4924 13.1441 20.635 10.7243 10.1801 23.2375 13.5874 17.7853 17.5433 21.3778
threshold=0.024497041828688226 -0.0044791130751633537 -0.080083523859072289 -0.022177853746542516 -0.018730419806015638 -0.0062405035425379665 -0.0014526684258500675 -0.0066138687609232907 -0.0055345557295295991 0.048546370435733628 -0.0080209087253719207 -0.04215392714757548 0.0088263843423883621 0.044338330776630748 -0.056925165822572281 0.017684202812633391 0.016487850425620846 -0.062212446145613214 -0.023427977904983906 0.0029246570669991816 0.0054824665461561404 0.17942317848210601 -0.0022213060365172117 0.018049187231064859 -0.001991975985961902 -0.0026276635212834072 0.83859440410856467 -0.00038722571471944128 0.0018732675411667901 0.0017343380817199663
decision_type=2 2 2 2 2 2 2 2 2 2 2 2 2 2 2 2 2 2 2 2 2 8 2 2 2 2 8 2 2 2
left_child=1 3 -2 -1 -5 7 -7 -6 -8 13 -11 12 -12 15 -15 16 17 -3 -19 24 21 22 -21 -18 25 -20 27 -26 -29 -30
right_child=2 9 -4 4 5 6 8 -9 -10 10 11 -13 -14 14 -16 -17 23 18 19 20 -22 -23 -24 -25 26 -27 -28 28 29 -31
leaf_value=-9.9747136734615593e-05 0.0010039390485201971 -0.00023261210498666976 8.0985881723547173e-05 0.00017968315382363475 6.8416628352675413e-06 -1.741725802349584e-06 0.0003407214399655791 -0.00012398989838917164 7.5335953656263451e-05 0.00019498151748988284 0.00030671568635478566 -7.7102352684897056e-05 -6.3399814930137919e-05 -0.00018927659431775581 8.2182724026577157e-05 0.00010113299716491666 -0.00026511251772293594 4.8009424563002797e-05 -3.1837236759097279e-05 -0.0001223013848007358 -1.3740297747041798e-05 3.1110562079832235e-05 0.00030564011590606169 3.7960269993422492e-05 -0.00012096473020167627 0.00021176259364180194 -0.00013319790301096515 7.4270255229342251e-05 -3.541216372346702e-05 -0.00034852329041631729
leaf_weight=661 176 227 4042 745 8627 2416 527 592 913 260 368 4048 671 195 1699 959 338 3424 2076 156 14018 697 557 163 829 325 1745 1147 3855 179
leaf_count=661 176 227 4042 745 8627 2416 527 592 913 260 368 4048 671 195 1699 959 338 3424 2076 156 14018 697 557 163 829 325 1745 1147 3855 179
internal_value=-0.000153174 -0.000373448 0.00258416 0.00079587 0.00108177 0.000762906 0.00291753 -0.000138301 0.00791667 -0.000819802 -0.00278193 -0.00343523 0.00185274 -0.000497867 0.00335269 -0.000735462 -0.000913035 -0.000787583 -0.000694636 -0.00112766 -0.000168525 0.00585106 0.0106241 -0.00823353 -0.00258468 0.000260308 -0.00346551 -0.00233777 -0.00124976 -0.00280119
internal_weight=56635 52417 4218 14481 13820 13075 3856 9219 1440 37936 5347 5087 1039 32589 1894 30695 29736 29235 29008 25584 15428 1410 713 501 10156 2401 7755 6010 5181 4034
internal_count=56635 52417 4218 14481 13820 13075 3856 9219 1440 37936 5347 5087 1039 32589 1894 30695 29736 29235 29008 25584 15428 1410 713 501 10156 2401 7755 6010 5181 4034
is_linear=0
shrinkage=0.05


Tree=50
num_leaves=31
num_cat=0
split_feature=13 5 5 15 11 1 15 15 15 6 8 11 11 13 11 11 13 13 13 0 14 15 11 11 15 15 15 14 14 14
split_gain=15.4743 11.9076 8.73507 9.12862 8.42853 8.52989 7.1512 14.3174 9.85996 7.80877 7.1473 7.25626 12.0938 23.3164 15.9359 8.39691 8.73607 7.37611 6.90515 6.58254 6.43954 7.06335 14.2911 12.6365 12.4033 12.2942 15.0724 11.691 13.9085 11.0514
threshold=49.655000686645515 0.013024156802145597 0.038056263394235477 -0.022177853746542516 0.050492682028646547 0.02423732309487903 0.012801652039235891 0.011722320309923486 0.013839829647203207 1.504098609434841 inf -0.012951386775020666 0.0036681658206255689 23.965000152587894 0.0047087702577918175 0.0023966928807116488 17.445000648498539 25.505000114440922 12.00999975204468 -0.01043012459369874 -0.075454415356713087 -0.00023408966585319876 0.0074730260687776448 0.0080419016501751556 -0.010589994637849485 0.0070853510662165506 0.0084641806506875489 0.041854253665611248 0.03406338940495391 0.076607678117126224
decision_type=2 2 2 2 2 2 2 2 2 2 8 2 2 2 2 2 2 2 2 2 2 2 2 2 2 2 2 2 2 2
left_child=1 18 3 -3 6 -6 7 9 -8 10 11 -5 13 15 -14 -13 -17 20 -1 -20 -16 23 -23 -22 29 27 -27 28 -24 -25
right_child=-2 2 -4 4 5 -7 8 -9 -10 -11 -12 12 14 -15 17 16 -18 -19 19 -21 21 22 25 24 -26 26 -28 -29 -30 -31
leaf_value=-0.00018465190873434087 0.0019603140689656963 -0.00012617894740301177 0.00049779579205999765 6.0786321557144759e-05 9.6574884468591737e-05 -0.00012673111023865977 -0.00013230951921350772 0.00019791719684156264 -7.2087159496124839e-06 0.00010769545653689537 -6.6676327227174417e-05 -2.7863962692162467e-06 0.0002773213934960615 -0.00034115550287439918 0.000134779806188373 -3.6274820396987356e-05 -0.00025761093126653537 0.0011789502719444763 1.5439197619797516e-05 -1.8637372391397359e-05 0.00019588594803044215 -0.00014148230643581846 -2.0146591118986279e-05 -6.1789408099304689e-05 4.4059404395825623e-05 0.00030194987805295167 5.4031829774492567e-06 -0.00022761962881651216 0.0010706883758307899 -0.00070105319783815123
leaf_weight=163 69 648 676 3774 105 411 490 981 2086 2347 1173 5435 557 355 629 503 306 72 3865 21668 592 891 3512 324 3060 615 1041 276 67 78
leaf_count=163 69 648 676 3774 105 411 490 981 2086 2347 1173 5435 557 355 629 503 306 72 3865 21668 592 891 3512 324 3060 615 1041 276 67 78
internal_value=-0.000113178 -0.000141975 0.000517675 0.000392377 0.000520553 -0.00581395 0.000632629 0.000876335 -0.00188276 0.000649237 0.000371883 0.000573867 0.000162453 -0.00154948 0.00112686 -0.000840807 -0.00559333 0.000714798 -0.000937889 -0.0008724 0.000611186 0.000315608 -0.000718525 0.00194869 0.000794339 0.000231355 0.00383454 -0.00131647 -0.00055183 -0.00746269
internal_weight=56769 56700 31004 30328 29680 516 29164 26588 2576 25607 23260 22087 18313 6599 11714 6244 809 11157 25696 25533 11085 10456 6402 4054 3462 5511 1656 3855 3579 402
internal_count=56769 56700 31004 30328 29680 516 29164 26588 2576 25607 23260 22087 18313 6599 11714 6244 809 11157 25696 25533 11085 10456 6402 4054 3462 5511 1656 3855 3579 402
is_linear=0
shrinkage=0.05


Tree=51
num_leaves=31
num_cat=0
split_feature=13 5 13 12 12 16 12 11 11 14 14 12 14 13 15 10 15 15 10 10 10 12 11 15 15 11 12 13 11 12
split_gain=16.0281 11.4508 8.70343 13.9048 9.29467 25.3667 13.6407 17.1279 38.1605 23.6204 12.6626 12.241 13.6272 10.689 10.3535 13.1338 10.127 18.2303 17.4014 13.6967 18.2007 21.9807 15.4746 13.6606 16.0146 14.8521 12.8603 15.0346 12.7982 12.3233
threshold=49.655000686645515 0.024497041828688226 12.119999885559084 0.03991166378142464 0.048546370435733628 -0.010798530569995577 0.060450461334446877 0.0080419016501751556 -0.0044146840191625061 -0.039689213075018263 0.049298283120689408 0.044338330776630748 -0.056925165822572281 12.555000305175783 0.017388253544492142 0.015549884952093642 0.0069208731104983831 0.0065483618287495169 0.012431899101191137 0.0024545687123636033 0.0046724002397113837 0.038155396353632083 -0.026323621770933166 0.0086511136442094533 0.010308036294939928 0.023193320881576888 -0.031853242392431029 19.440000534057621 0.048369816433799014 0.016494758368500898
decision_type=2 2 2 2 2 2 2 2 2 2 2 2 2 2 2 2 2 2 2 2 2 2 2 2 2 2 2 2 2 2
left_child=1 2 3 -1 11 -6 10 8 -8 -9 -7 14 -13 -14 15 16 17 18 19 -4 21 22 -21 -18 26 -26 -25 -28 -24 -27
right_child=-2 -3 4 -5 5 6 7 9 -10 -11 -12 12 13 -15 -16 -17 23 -19 -20 20 -22 -23 28 24 25 29 27 -29 -30 -31
leaf_value=-0.00034840743048945117 0.0017350898800745718 9.7076310358537241e-05 -1.5851882313854676e-06 -3.1770003206442337e-05 0.00016913058037274983 -9.4656577628103724e-05 -0.00014267631891340141 0.0001822279232928258 0.00027717352447527595 -8.2955539611205553e-05 5.2575529538206447e-05 -0.00016526420704685008 -4.7752290980768146e-05 0.00010622843470429623 0.00010327179264254506 -0.00010515189589176984 7.3369468800551379e-05 -0.00023135585842855191 0.00032846292536554359 0.00031359233734016152 -6.058659390218379e-06 0.00017924415578940043 -0.00011640339942456114 0.00028744672820502526 1.4869992755724018e-05 -0.00012075291749559237 -3.6640032392907958e-05 -0.00024429281701816418 0.0003314947320758169 0.0002907600806239198
leaf_weight=136 67 4208 24537 387 499 2413 267 474 512 2206 390 199 270 1718 978 823 2537 321 130 64 4062 191 2933 66 3712 90 1700 364 58 322
leaf_count=136 67 4208 24537 387 499 2413 267 474 512 2206 390 199 270 1718 978 823 2537 321 130 64 4062 191 2933 66 3712 90 1700 364 58 322
internal_value=-0.000187167 -0.000216115 -0.000417789 -0.00683556 -0.000353036 -0.00208179 -0.00294634 -0.00084562 0.00568036 -0.00274254 -0.00553871 -9.37327e-05 0.0035551 0.00480382 -0.000279799 -0.000398473 -0.000273201 -0.000682747 -0.000563722 -0.000638248 -0.00253831 -0.00532964 -0.00635843 0.00123137 -2.39846e-05 0.00179437 -0.0035446 -0.00423934 -0.00687897 0.010801
internal_weight=56634 56567 52359 523 51836 6761 6262 3459 779 2680 2803 45075 2187 1988 42888 41910 41087 32296 31975 31845 7308 3246 3055 8791 6254 4124 2130 2064 2991 412
internal_count=56634 56567 52359 523 51836 6761 6262 3459 779 2680 2803 45075 2187 1988 42888 41910 41087 32296 31975 31845 7308 3246 3055 8791 6254 4124 2130 2064 2991 412
is_linear=0
shrinkage=0.05


Tree=52
num_leaves=31
num_cat=0
split_feature=13 5 4 10 10 16 13 16 10 12 15 14 12 16 13 10 14 15 13 16 16 16 16 12 16 12 10 15 14 15
split_gain=14.5333 10.7153 8.99731 8.18999 15.2471 19.2481 16.0832 11.7989 14.3466 10.7313 11.3439 9.75286 18.2792 22.3522 13.8273 17.3209 14.2019 11.9719 12.6958 12.1346 12.3267 10.5893 17.9859 16.6185 17.2072 23.3603 17.3119 16.5172 16.0642 14.596
threshold=49.655000686645515 0.010382453670655952 0.065853665128995154 0.010706297735196714 0.0091384979590398725 0.016357449383233916 15.025000095367433 -0.023739338101520454 0.0239914392111974 0.032443479787097169 0.0074726137965663861 0.039671535485110161 0.11156893737835662 0.025895784143216031 14.244999885559084 -0.0056282491919848457 0.042851800685698833 0.010693782912721274 19.295000076293949 -0.0018545666853776452 0.020967267227736012 -0.0094616607239155198 -0.011090913172594473 -0.062212446145613214 0.0024025840172502426 0.013959702571110679 -0.0048383307689184299 -0.0051989526467250404 -0.066405515647089006 -0.015757736986787282
decision_type=2 2 2 2 2 2 2 2 2 2 2 2 2 2 2 2 2 2 2 2 2 2 2 2 2 2 2 2 2 2
left_child=1 -1 3 4 11 -6 -7 -5 9 10 -9 17 13 14 15 -13 -16 21 19 -19 -21 22 29 -23 25 -25 -26 -28 -27 -3
right_child=-2 2 -4 7 5 6 -8 8 -10 -11 -12 12 -14 -15 16 -17 -18 18 -20 20 -22 23 -24 24 26 28 27 -29 -30 -31
leaf_value=-2.0934651831535291e-05 0.0016483353860708432 0.00060978867846572544 0.00047200735551187448 -0.00033150088597657832 0.00016629097143376452 -0.0002652330032263785 3.0231527578910862e-05 0.0001742787500654406 0.00023865553564994166 -0.00010903891480673367 -2.5484458500958566e-05 0.00013459320136690079 -0.0002238464527155599 0.00046634731265949946 0.00027443311779084769 -0.00021824008309650358 2.7732401946457256e-05 -0.0001108531083644099 -6.4237742815164496e-05 0.00024963984228077314 3.6176698263933139e-05 -0.00045357119606627763 0.00016655107210582386 -0.00016138546489596734 -0.0001594130361565044 0.00013255721586614023 0.00014917220025342727 -7.2267564221943463e-06 -4.6068217376037465e-05 -6.7820451588119888e-06
leaf_weight=10492 69 174 651 232 1691 174 470 308 328 1188 2263 157 141 374 554 589 8690 283 510 847 853 122 717 1701 780 357 1214 12289 3255 5282
leaf_count=10492 69 174 651 232 1691 174 470 308 328 1188 2263 157 141 374 554 589 8690 283 510 847 853 122 717 1701 780 357 1214 12289 3255 5282
internal_value=-0.000107039 -0.000134954 0.000192666 0.000109237 0.000326266 0.00425054 -0.00310559 -0.00196226 -0.00133961 -0.00221468 -0.000398678 9.06426e-05 0.00139219 0.00163547 0.00118619 -0.00536193 0.00171463 -0.000391065 0.00291817 0.00472769 0.00632353 -0.000709706 0.00109752 -0.00127548 -0.00116095 -0.00359025 -0.000257299 0.000161075 -0.00131506 0.000119135
internal_weight=56755 56686 46194 45543 41224 2335 644 4319 4087 3759 2571 38889 10505 10364 9990 746 9244 28384 2493 1983 1700 25891 6173 19718 19596 5313 14283 13503 3612 5456
internal_count=56755 56686 46194 45543 41224 2335 644 4319 4087 3759 2571 38889 10505 10364 9990 746 9244 28384 2493 1983 1700 25891 6173 19718 19596 5313 14283 13503 3612 5456
is_linear=0
shrinkage=0.05


Tree=53
num_leaves=31
num_cat=0
split_feature=1 4 6 3 14 14 16 16 16 14 15 16 11 15 16 10 10 15 14 16 15 16 15 11 16 14 10 15 10 11
split_gain=11.0027 8.91318 8.64682 7.30602 6.84024 9.70313 6.16229 17.8009 13.2841 12.058 11.3871 11.0088 10.9828 10.6817 10.6679 12.7563 10.2037 10.0101 11.4516 12.1063 9.01049 8.80246 8.755 8.53186 7.97696 16.3986 16.392 16.1516 17.022 14.0327
threshold=-0.059289463123308177 0.013425373489532549 0.11034765292028323 0.026820058528867045 -0.16769008837329388 -0.14356568835631797 -0.0096145339656227274 -0.006914460852319281 -0.010354005166117562 0.049298283120689408 0.0099199299654710877 -0.002573805305416121 0.021590263312926242 0.010308036294939928 0.0093059426563258957 0.010706297735196714 -0.013932246020769588 -0.006100837595749308 0.08570124221832566 0.011995168096739285 0.00036409884692001354 -0.0065520571195252222 -0.014149653220087153 0.017027249014991756 0.0024025840172502426 -0.028449828861296097 0.0038486575209699674 -0.0054270805615688747 -0.0026894294731198971 0.0095883374490337587
decision_type=2 2 2 2 2 2 2 2 2 2 2 2 2 2 2 2 2 2 2 2 2 2 2 2 2 2 2 2 2 2
left_child=3 -2 4 -1 -3 -6 8 12 -7 13 11 16 -8 21 -15 -16 -11 18 19 -13 -19 -9 -20 -22 25 26 -23 -26 -29 -28
right_child=1 2 -4 -5 5 6 7 9 -10 10 -12 17 -14 14 15 -17 -18 20 22 -21 23 24 -24 -25 27 -27 29 28 -30 -31
leaf_value=7.0058168845953114e-05 -4.2410054569442087e-05 0.00013587167880196378 1.6171908654769853e-05 0.0012140390187844446 -0.0001071667294698184 3.1188692883743139e-06 -0.00011457065328112108 0.00018520971056915471 0.00013446169266271394 -0.00014756267171805366 -0.00025538679330168728 -0.0002849288703150506 0.00018472470891067757 0.00011630513809597876 5.7453019594506417e-05 -6.2644190390433391e-05 0.00030933806291495594 0.00014219527519405842 -0.00021818305020116703 6.3754345498789029e-05 0.00010328495080855535 0.00016453289968243481 0.00011506175469510653 -0.00017588180433351233 9.9716490499652158e-05 -0.00011804092635484751 1.0528073365321557e-05 -0.0001191185520652641 -1.601844900270999e-05 -0.00026149611112741744
leaf_weight=2825 2222 215 17742 88 352 7156 1290 96 363 56 141 318 51 914 1315 1092 284 886 133 152 363 346 402 204 1330 2693 841 1300 11174 205
leaf_count=2825 2222 215 17742 88 352 7156 1290 96 363 56 141 318 51 914 1315 1092 284 886 133 152 363 346 402 204 1330 2693 841 1300 11174 205
internal_value=-0.000134839 -0.000297375 -0.00016338 0.00285788 -0.000634058 -0.000691186 -0.000603383 -0.000973188 0.000655007 -0.000663023 0.00233923 0.00303788 -0.00658091 -0.00107716 0.00152815 -0.000218114 0.0114706 0.00187144 -0.00196517 -0.00765957 0.00452512 -0.00155824 0.00303738 -0.000396825 -0.00163928 -0.00358017 0.000826149 -0.00106491 -0.00162338 -0.00229446
internal_weight=56549 53636 51414 2913 33672 33457 33105 25586 7519 24245 2939 2798 1341 21306 3321 2407 340 2458 1005 470 1453 17985 535 567 17889 4085 1392 13804 12474 1046
internal_count=56549 53636 51414 2913 33672 33457 33105 25586 7519 24245 2939 2798 1341 21306 3321 2407 340 2458 1005 470 1453 17985 535 567 17889 4085 1392 13804 12474 1046
is_linear=0
shrinkage=0.05


Tree=54
num_leaves=31
num_cat=0
split_feature=13 6 14 4 12 15 11 10 12 9 16 12 16 13 13 15 14 13 12 12 12 13 12 15 15 13 12 16 13 15
split_gain=14.4703 10.8199 8.97177 7.7151 7.52156 6.76018 8.17668 14.111 17.2883 11.0311 9.44991 11.0704 12.4678 8.546 22.3146 13.7249 13.5339 13.4952 13.3375 12.7573 11.7272 11.606 12.3811 14.7491 19.3903 21.011 18.9697 23.3331 17.9887 12.8356
threshold=49.655000686645515 1.6510211679565272 -0.19490876951167976 0.065853665128995154 0.043496920691197934 -0.022177853746542516 -0.023324980459216712 0.0041080553382388816 -0.0078641558377195424 -0.067298639138290359 -0.011090913172594473 -0.018483579206587993 -0.017857083732469078 22.330000877380375 24.119999885559086 0.0074726137965663861 -0.0040037207838661817 21.664999961853031 -0.067575667738432196 -0.034828232656023965 0.12951747904648439 21.134999275207523 0.0048491469985487709 0.0051072969198119331 0.004822880014358045 14.920000076293947 -0.00073998498694560755 -0.005328998296795783 14.715000152587892 -0.010083995290270929
decision_type=2 2 2 2 2 2 2 2 2 10 2 2 2 2 2 2 2 2 2 2 2 2 2 2 2 2 2 2 2 2
left_child=1 3 -3 5 -4 -1 7 8 10 -9 11 12 -7 17 20 16 -16 18 -8 -17 -15 22 23 24 25 28 29 -28 -20 -27
right_child=-2 2 4 -5 -6 6 13 9 -10 -11 -12 -13 -14 14 15 19 -18 -19 21 -21 -22 -23 -24 -25 -26 26 27 -29 -30 -31
leaf_value=-0.00010337980395775291 0.0015809405080779459 -0.00025994102515620792 8.6444380825417277e-05 0.00040305439308418068 -2.9890945574125374e-05 8.1428531293147261e-05 -0.00023582833456687864 -0.00022425847026920549 0.00026528121203938775 7.5804742999864822e-06 0.00050718229371425551 -0.00011296101626649732 -0.0001117923645842412 -0.00016721376595753247 -0.00019531806317331799 5.6016392848868853e-05 3.0205808888440681e-05 0.00015504309661075423 -3.4967066409109771e-05 0.00043740539007607851 0.00052772224109941073 -0.00016715331798459836 -1.3964502089756827e-05 7.0809154455970304e-05 -0.00038125584095880102 0.00011631154853060708 -6.2101883602786839e-05 0.00023229639381878712 -0.00027188347566596983 -2.5757094448816861e-05
leaf_weight=664 72 138 3692 608 993 1436 196 250 664 280 119 381 304 1205 502 471 765 520 558 127 60 584 33557 3183 124 845 318 690 282 3071
leaf_count=664 72 138 3692 608 993 1436 196 250 664 280 119 381 304 1205 502 471 765 520 558 127 60 584 33557 3183 124 845 318 690 282 3071
internal_value=-0.000178701 -0.000207203 0.00205785 -0.000418244 0.00242796 -0.000484792 -0.000418878 0.00193652 0.00330579 -0.00556604 0.00120536 0.000436115 0.00212644 -0.00059076 -0.00311502 0.00036193 -0.00258485 -0.0004109 -0.000506819 0.00660535 -0.00824111 -0.000447792 -0.000351881 0.00128707 -0.000195313 0.000225538 0.00147238 0.00758929 -0.00708333 -0.000102145
internal_weight=56659 56587 4823 51764 4685 51156 50492 3434 2904 530 2240 2121 1740 47058 3130 1865 1267 43928 43408 598 1265 43212 42628 9071 5888 5764 4924 1008 840 3916
internal_count=56659 56587 4823 51764 4685 51156 50492 3434 2904 530 2240 2121 1740 47058 3130 1865 1267 43928 43408 598 1265 43212 42628 9071 5888 5764 4924 1008 840 3916
is_linear=0
shrinkage=0.05


Tree=55
num_leaves=31
num_cat=0
split_feature=6 4 14 12 10 10 16 12 15 15 16 10 16 16 12 14 12 10 16 14 12 15 16 15 12 10 12 14 16 8
split_gain=11.1107 10.1863 10.1687 8.35981 7.52613 20.5662 13.8578 13.7809 15.5941 13.1706 11.9514 8.95454 20.5451 20.8581 15.811 13.7638 10.4958 10.3593 12.3185 13.8841 10.4461 9.00943 10.347 16.292 9.45128 9.03997 8.80662 12.1228 10.691 10.2073
threshold=2.1838523813981636 0.053412035385435104 -0.19490876951167976 -0.080083523859072289 0.010706297735196714 0.0088263843423883621 0.016357449383233916 0.032443479787097169 0.0074726137965663861 0.0060325085053518643 -0.023739338101520454 0.0031820502402425403 0.0024025840172502426 -0.0020162392700181493 0.11156893737835662 -0.093449770795740669 0.060450461334446877 0.0038486575209699674 0.0061216084868936935 -0.007258231789176727 -0.037333173257957868 0.0069858211800583056 0.0199592093073141 0.0071752468115410259 0.018681832940772639 0.00038115432096208496 0.037065742215321447 -0.037012086292969142 -0.026171291841094454 0.1334110051933777
decision_type=2 2 2 2 2 2 2 2 2 2 2 2 2 2 2 2 2 2 2 2 2 2 2 2 2 2 2 2 2 8
left_child=1 4 -2 -3 5 11 -7 8 -6 -8 -10 14 13 26 15 -1 -15 18 -14 -20 -19 -17 -23 -24 25 -25 27 28 -13 -30
right_child=2 3 -4 -5 7 6 9 -9 10 -11 -12 12 17 16 -16 21 -18 20 19 -21 -22 22 23 24 -26 -27 -28 -29 29 -31
leaf_value=0.0002746352550013465 -0.00026370342529390942 0.0012544341107098107 8.5823388738243576e-05 0.00014479520943418771 0.00016853620461137054 0.000105053862746633 0.00027584339777650803 -9.7615525293616933e-05 -0.00026432073926244137 -6.4500001578252851e-05 -1.4214973485597366e-05 -0.00016333019287581227 0.00034996441012756052 -0.00022843907273128992 -0.00018395542912171003 -4.6904184942333546e-06 0.00010714867487355744 -0.00017913350731939824 -0.00011998691273525267 1.5062931288625316e-05 1.4746732248580724e-05 0.00011739878239703929 0.00083899761705488783 0.00021955685383390428 -0.00014881938628693876 -0.00015089005431684796 5.9639916321535281e-05 -0.00013765203257910222 2.7135025727820621e-05 -0.00028797373357750746
leaf_weight=185 102 115 2992 1361 378 2185 123 1390 229 678 2521 326 68 926 323 29279 132 122 747 372 6838 1538 64 192 389 181 485 1108 1202 98
leaf_count=185 102 115 2992 1361 378 2185 123 1390 229 678 2521 326 68 926 323 29279 132 122 747 372 6838 1538 64 192 389 181 485 1108 1202 98
internal_value=-0.000133718 -0.000302026 0.00277957 0.00379404 -0.000418115 -0.000232859 0.00378433 -0.0023683 -0.000527494 -0.00184145 -0.00183636 -0.000501963 -0.00164198 -0.00444821 -6.14289e-05 5.02702e-05 -0.0105388 -0.000168774 -0.0044861 -0.00574173 0.000567529 -2.92324e-05 0.00293993 -0.00157385 -0.00360892 0.00207775 -0.00244641 -0.00354792 -0.000799508 0.00123077
internal_weight=56649 53555 3094 1476 52079 47561 2986 4518 3128 801 2750 44575 12424 4277 32151 31828 1058 8147 1187 1119 6960 31643 2364 826 762 373 3219 2734 1626 1300
internal_count=56649 53555 3094 1476 52079 47561 2986 4518 3128 801 2750 44575 12424 4277 32151 31828 1058 8147 1187 1119 6960 31643 2364 826 762 373 3219 2734 1626 1300
is_linear=0
shrinkage=0.05


Tree=56
num_leaves=31
num_cat=0
split_feature=13 5 13 11 11 11 13 11 15 11 14 10 10 13 11 14 11 3 13 13 10 13 11 3 13 4 6 15 10 15
split_gain=14.4579 12.6178 7.73179 9.59622 13.1842 17.6605 11.2631 13.1017 12.0818 17.3093 12.6825 10.158 15.9166 9.99478 15.1853 15.5237 8.69697 9.05137 8.6056 10.6692 13.8486 8.32749 8.01814 7.64022 8.81395 7.58773 7.10604 7.14363 9.65061 12.4135
threshold=49.655000686645515 0.015177125493662095 17.945000648498539 0.0023966928807116488 0.0038135025222709733 0.005791561968896298 20.555000305175785 0.012360960719592808 0.0099199299654710877 0.022655282977909755 0.065842641676127869 0.0043826949132023127 0.0077407225334993343 22.330000877380375 -0.012951386775020666 0.083142255535003332 0.013766768537239795 0.0074277273818726961 17.605000495910648 17.795000076293949 0.0024545687123636033 21.724999427795414 0.017370539138914069 0.0066254212921207376 27.664999961853031 0.030104267526994365 1.6510211679565272 0.010308036294939928 0.0095301107789625989 0.010496202905107334
decision_type=2 2 2 2 2 2 2 2 2 2 2 2 2 2 2 2 2 2 2 2 2 2 2 2 2 2 2 2 2 2
left_child=1 26 18 11 -5 -6 7 -7 9 22 -11 13 -13 21 15 -15 -9 -18 -3 -20 -21 -4 -8 -14 -25 -17 27 -1 -29 -30
right_child=-2 2 3 4 5 6 8 16 -10 10 -12 12 23 14 -16 25 17 -19 19 20 -22 -23 -24 24 -26 -27 -28 28 29 -31
leaf_value=-2.0064135091632237e-05 0.001468552961476009 3.4416443152029379e-05 9.9752411028040084e-05 -0.00032838516400277538 0.00034434847207689756 -0.00027518123720150144 0.0001808916758138306 0.0004102801971775717 -9.059170412719599e-05 -9.2780818119227789e-05 0.0015664966907364929 -0.00022027330863668045 -0.00010339247446062498 0.00027776079980876229 -0.00022491393742662144 -0.00016741334869820125 -9.7879965290018859e-05 0.00014734289151138702 0.00039376383501216346 -0.00017667755134896592 0.0003382897514822005 0.0004930316312839149 0.000528214601886903 4.7172019519469952e-05 0.0006356051662208224 3.2831253037441916e-05 2.9504804003968688e-05 5.7715065110275833e-05 0.00025241075481477482 -3.1960195322370839e-05
leaf_weight=29008 72 9652 2203 261 288 600 418 78 512 519 49 544 397 497 375 300 987 260 306 248 269 209 123 360 133 774 3112 2124 142 1801
leaf_count=29008 72 9652 2203 261 288 600 418 78 512 519 49 544 397 497 375 300 987 260 306 248 269 209 123 360 133 774 3112 2124 142 1801
internal_value=-0.000169107 -0.000197616 0.000798055 -0.000204814 -0.00205739 -0.00131716 -0.00228426 -0.00487013 0.000786552 0.00371957 -0.00237676 0.00110497 -0.00254533 0.0023061 -0.000359712 0.00179822 -0.00209434 -0.00310746 0.00174463 0.00665249 0.00227273 0.00445688 0.0101201 0.00157303 0.00573022 -0.00158287 -0.000757869 -0.000972789 0.000989673 -0.00155687
internal_weight=56621 56549 20362 9887 4095 3834 3546 1925 1621 1109 568 5792 1434 4358 1946 1571 1325 1247 10475 823 517 2412 541 890 493 1074 36187 33075 4067 1943
internal_count=56621 56549 20362 9887 4095 3834 3546 1925 1621 1109 568 5792 1434 4358 1946 1571 1325 1247 10475 823 517 2412 541 890 493 1074 36187 33075 4067 1943
is_linear=0
shrinkage=0.05


Tree=57
num_leaves=31
num_cat=0
split_feature=13 9 5 10 15 16 16 16 16 15 11 13 9 10 16 15 11 11 13 13 11 10 13 5 13 11 11 10 16 10
split_gain=11.8386 10.9201 6.18546 6.16934 12.9542 8.32033 12.9719 11.2696 23.5936 13.9744 11.5319 11.3372 7.92176 7.90233 11.4581 9.53674 12.493 7.66859 7.00511 17.5034 18.7207 14.1755 11.8499 8.84431 7.63772 9.25562 12.9512 10.4564 7.53205 8.0349
threshold=49.655000686645515 0.30828998186019368 0.015118835231000089 -0.013327773622425541 -0.0122735069916704 0.0024025840172502426 0.0054824665461561404 -0.0096145339656227274 -0.010471293257538037 -0.0063553440631533556 0.00066759209085187632 14.00500011444092 -0.13917051471586275 -0.010112214023305697 0.013497498636627971 -0.0079682349026972115 0.010167867285780898 -0.0086028731968339472 16.675000190734867 16.510000228881839 -0.010094445389361271 0.0054892389813711038 18.719999313354496 0.01247379462333917 12.325000286102297 0.0025776305361616685 -0.004779226382691181 0.0054892389813711038 -0.0018545666853776452 0.0023442699463880339
decision_type=2 10 2 2 2 2 2 2 2 2 2 2 10 2 2 2 2 2 2 2 2 2 2 2 2 2 2 2 2 2
left_child=1 2 3 4 -1 7 17 8 -5 10 -9 -12 -6 14 -8 16 -15 -7 19 20 -11 22 -20 -24 -22 26 27 -26 -27 -30
right_child=-2 -3 -4 5 12 6 13 9 -10 18 11 -13 -14 15 -16 -17 -18 -19 21 -21 24 -23 23 -25 25 28 -28 -29 29 -31
leaf_value=-1.8216005149785525e-05 0.0013800750710324002 9.5296600420673267e-05 8.5148979032165839e-06 -1.9851777610576523e-05 8.9341300759891554e-06 0.00049926254846873006 -0.00044933802384354468 -0.00024713226741750947 0.00014291282932790374 -0.00022833638837506528 -0.00026598622474442761 -9.0245959683244193e-06 0.00024704427032747354 0.0002507460551846523 8.4836890518280246e-06 -1.1386816052250375e-05 -3.9548516535754288e-05 4.5719426403724498e-05 -0.00025172498057848114 0.00020575938749044532 -9.3626724174801371e-05 7.1579541670538723e-06 -9.161522054089457e-05 6.7363545595342138e-05 2.9717447544182534e-05 -8.4829526669020878e-05 0.00011578819519418259 -0.00018907557372933566 8.7620211408282432e-05 -3.8756744487290948e-05
leaf_weight=1346 65 2645 18333 7180 271 148 93 438 503 220 150 508 441 255 110 15983 262 1884 688 215 396 851 368 303 208 761 754 98 416 542
leaf_count=1346 65 2645 18333 7180 271 148 93 438 503 220 150 508 441 255 110 15983 262 1884 688 215 396 851 368 303 208 761 754 98 416 542
internal_value=-0.000172322 -0.000196913 -0.000351326 -0.000737455 0.00191934 -0.000901482 -0.000204163 -0.00179636 -0.000478329 -0.00326056 -0.00843978 -0.00425532 0.0073736 -0.000663055 -0.010468 -0.000542424 0.0061412 0.00356791 -0.00228522 -0.000927978 -0.00180412 -0.00450226 -0.00767108 -0.00294337 -0.000826772 9.89565e-05 0.00377358 -0.00490196 -0.00216696 0.000782881
internal_weight=56435 56370 53725 35392 2058 33334 18735 14599 7683 6916 1096 658 712 16703 203 16500 517 2032 5820 3610 3395 2210 1359 671 3175 2779 1060 306 1719 958
internal_count=56435 56370 53725 35392 2058 33334 18735 14599 7683 6916 1096 658 712 16703 203 16500 517 2032 5820 3610 3395 2210 1359 671 3175 2779 1060 306 1719 958
is_linear=0
shrinkage=0.05


Tree=58
num_leaves=31
num_cat=0
split_feature=13 5 3 15 11 12 9 13 11 13 10 11 13 11 11 14 11 10 12 1 12 11 10 11 13 11 14 10 12 9
split_gain=12.8231 7.6964 6.05453 6.91393 5.61736 12.8739 9.10436 6.58935 12.7203 12.3056 9.16801 8.74935 7.60154 12.2226 15.2835 10.0156 11.7612 10.8603 7.6165 8.13095 10.2851 7.9624 7.31181 8.06318 7.17371 9.24445 6.98932 12.1685 6.96474 6.45352
threshold=49.655000686645515 0.014893384947727352 0.019104060349987132 0.021499022054267129 -0.014526452350843598 -0.062212446145613214 0.067994170801909407 21.134999275207523 -0.0044146840191625061 20.375000000000004 0.010000558479015599 -0.0025925493959926822 18.015000343322757 0.0060643551052425035 0.012360960719592808 -0.060408912479391223 0.025734816417073651 -0.0064885643523325811 0.021751379698535137 0.050270882452591377 0.035935389713108064 0.034061321951450181 0.015271930990194861 0.023858934510878397 19.98499965667725 -0.0019709862585252642 -0.077913276979976895 0.0070088316945141624 -0.0054605306842289139 inf
decision_type=2 2 2 2 2 2 10 2 2 2 2 2 2 2 2 2 2 2 2 2 2 2 2 2 2 2 2 2 2 8
left_child=1 -1 3 4 6 -6 -3 9 10 12 -9 -10 15 24 -15 16 22 28 21 20 -20 -16 23 -7 -14 -26 -13 29 -17 -28
right_child=-2 2 -4 -5 5 7 -8 8 11 -11 -12 26 13 14 18 17 -18 -19 19 -21 -22 -23 -24 -25 25 -27 27 -29 -30 -31
leaf_value=-9.813798463063646e-06 0.0013782214017262825 1.7764307929272072e-05 0.00019443001122002474 -0.00017691140855018682 -0.00025029128663729569 0.00015803862701366852 0.00019151334321335306 -0.00025375773476868797 0.0018978989276853841 0.00020216742860709399 0.0001916337400238161 -0.00013318776036448082 8.6546537422204294e-05 -0.00027839697470814805 0.00026807844611243057 -6.997871990408681e-05 0.00053385440772975301 -2.4345458030958917e-06 -0.00033352723861809237 -0.00024187731086627872 2.8215612822938198e-05 -3.6918783666466207e-05 -9.2429169151170195e-05 -7.0375106705833313e-05 8.2378312262031394e-05 -0.00024736341361699451 -7.8343275611143017e-05 0.00022901129072717963 0.00023600986568011632 0.00021700964718435246
leaf_weight=34962 69 2577 1108 405 285 1006 1027 606 53 581 51 174 1322 552 178 152 141 8105 83 230 462 217 195 96 126 175 739 290 528 104
leaf_count=34962 69 2577 1108 405 285 1006 1027 606 53 581 51 174 1322 552 178 152 141 8105 83 230 462 217 195 96 126 175 739 290 528 104
internal_value=-0.000164756 -0.000191049 0.000551743 0.000356794 0.00048741 9.57389e-05 0.00227525 0.000281455 -0.00239217 0.000662591 -0.00810502 0.000367647 0.000357459 -0.00171151 -0.00464576 0.00103443 0.00490264 0.000401252 -0.00141026 -0.00429032 -0.000963303 0.00424051 0.00341172 0.00499093 0.00140173 -0.00556478 -0.000439939 0.000992939 0.00647059 -0.00204626
internal_weight=56599 56530 21568 20460 20055 16451 3604 16166 2017 14149 657 1360 13568 3345 1722 10223 1438 8785 1170 775 545 395 1297 1102 1623 301 1307 1133 680 843
internal_count=56599 56530 21568 20460 20055 16451 3604 16166 2017 14149 657 1360 13568 3345 1722 10223 1438 8785 1170 775 545 395 1297 1102 1623 301 1307 1133 680 843
is_linear=0
shrinkage=0.05


Tree=59
num_leaves=31
num_cat=0
split_feature=13 9 6 16 8 12 12 12 4 15 15 0 15 14 13 3 14 16 12 16 12 13 13 12 15 15 16 12 12 13
split_gain=11.5917 9.82956 6.91227 6.96237 6.63014 13.2061 10.6952 7.16313 6.22382 5.80824 12.2041 6.83179 6.6502 6.62569 6.67937 8.5142 11.7519 8.67595 7.28412 7.04109 9.89751 10.5751 20.2134 10.7807 15.2163 11.1816 14.3655 11.1494 10.1819 19.7124
threshold=49.655000686645515 0.32773028561437162 -1.2107737288905664 0.025500857831464944 inf -0.052281388412141021 -0.039191737143437648 -0.020341500579073798 0.013425373489532549 -0.021715650796061577 -0.018730419806015638 -0.025223811822193572 -0.017588249087878035 0.18763840935801293 25.19999980926514 0.0056336386554299853 0.035942894407802857 -0.0005125726391469464 -0.062212446145613214 -0.024234057275211714 0.0082902198416674473 17.164999961853031 17.090000152587894 0.028818741117549677 -0.00023408966585319876 -0.0012676866112694138 0.0011731508892504074 0.032488818587014141 -0.0047203156526431913 16.510000228881839
decision_type=2 10 2 2 8 2 2 2 2 2 2 2 2 2 2 2 2 2 2 2 2 2 2 2 2 2 2 2 2 2
left_child=1 2 3 -1 8 -6 -7 -8 -4 -10 -11 12 -12 14 19 16 -16 -17 -18 -13 28 22 -22 -23 25 26 -25 -28 -21 -30
right_child=-2 -3 4 -5 5 6 7 -9 9 10 11 13 -14 -15 15 17 18 -19 -20 20 21 23 -24 24 -26 -27 27 -29 29 -31
leaf_value=-2.0601220618311639e-05 0.0012722607321340833 0.00011289586149767712 -3.3244147702376963e-05 -0.00011284161918734305 0.00049649408103145899 -0.00035427679218506564 6.0754371763566649e-05 -8.5072845838454075e-05 -7.7641910389263891e-05 0.000291783014606687 -0.0005173233251401729 -4.9669099564995024e-05 0.00010106735934655955 -0.00019555353007873834 -8.7424248254114282e-05 0.00036444269633498683 7.5464461408158991e-07 -8.1681204941260962e-05 0.00064619622644455997 2.519965214207911e-07 -1.8500835546590538e-06 -8.5697703625051144e-05 0.00024872942915807387 0.00014137232475480515 -4.9972978948098971e-05 0.00023422820223538692 0.00023952388457171327 -9.9596399733984438e-05 -7.0620636535629303e-06 0.00012859846528618459
leaf_weight=2370 71 2261 2069 513 66 209 380 1255 965 496 58 2478 1996 290 558 426 171 123 167 6689 20561 2779 366 776 2581 239 122 615 2291 2612
leaf_count=2370 71 2261 2069 513 66 209 380 1255 965 496 58 2478 1996 290 558 426 171 123 167 6689 20561 2779 366 776 2581 239 122 615 2291 2612
internal_value=-0.000119799 -0.000145179 -0.000279873 -0.00266216 -0.000146091 -0.00303665 -0.00382321 -0.00246177 -3.43935e-05 8.28776e-05 0.000162737 7.84348e-05 0.00289679 -5.35991e-05 -3.444e-06 0.0033391 0.000334821 0.00824226 0.00769231 -0.000118146 4.35265e-05 -0.000464532 0.000101543 -0.0021302 -0.000571198 0.00302511 0.00143754 -0.00356174 0.00127243 0.00300326
internal_weight=56553 56482 54221 2883 51338 1910 1844 1635 49428 47359 46394 45898 2054 43844 43554 1445 896 549 338 42109 39631 28039 20927 7112 4333 1752 1513 737 11592 4903
internal_count=56553 56482 54221 2883 51338 1910 1844 1635 49428 47359 46394 45898 2054 43844 43554 1445 896 549 338 42109 39631 28039 20927 7112 4333 1752 1513 737 11592 4903
is_linear=0
shrinkage=0.05


Tree=60
num_leaves=31
num_cat=0
split_feature=13 15 15 15 0 14 10 9 14 14 12 11 10 6 14 14 10 3 3 8 15 11 12 12 10 13 14 10 10 11
split_gain=11.2162 8.83988 16.2017 9.3441 13.9987 9.19409 10.7665 8.1545 7.96478 9.5743 7.38527 9.35818 7.33361 7.24528 7.79496 6.73477 6.51038 6.41977 6.20604 7.05548 6.96729 6.575 13.1699 11.4557 11.1566 15.966 9.24601 10.9853 15.6313 18.0599
threshold=38.065000534057624 -0.021715650796061577 -0.018730419806015638 -0.016790372097458813 -0.022194018374615706 0.18763840935801293 -0.013327773622425541 0.701605617003905 0.15436855290822041 0.11068884178819839 -0.057938720016513449 -0.021243764887310997 -0.011742889521192066 -1.2107737288905664 0.049298283120689408 0.12708615320093045 -0.013932246020769588 0.0031787598884139849 0.019104060349987132 inf 0.021499022054267129 -0.020756034341227022 -0.062212446145613214 -0.057938720016513449 0.0041080553382388816 27.664999961853031 -0.037012086292969142 -0.0038582878398281113 0.0033239704024875531 0.015980526956462796
decision_type=2 2 2 2 2 2 2 8 2 2 2 2 2 2 2 2 2 2 2 8 2 2 2 2 2 2 2 2 2 2
left_child=1 10 -3 -4 -5 6 7 16 9 12 -1 -12 -8 14 -14 -11 -6 -17 20 -20 21 24 -23 -24 -15 -26 27 -25 29 -29
right_child=-2 2 3 4 5 -7 8 -9 -10 15 11 -13 13 18 -16 17 -18 -19 19 -21 -22 22 23 26 25 -27 -28 28 -30 -31
leaf_value=-0.00035600369548596361 0.00025829320075120715 0.00028468592430698622 -0.00020722316372290205 9.3570121332291816e-05 0.00011701921863245552 -0.00020059882512199064 -0.00017867548198895953 -2.7985070242767668e-05 0.0002324119902129386 -0.00022056689206409577 6.9630537597499201e-05 -0.00015956772023906468 -4.9794330705080519e-05 7.5780722389922142e-05 0.00013214284543988758 -8.0624867397184914e-05 0.00021865884914315888 0.00022733002116929633 0.00012170000935600458 -0.00074471577417913049 -0.00013362744734872196 -0.00022280266145416027 0.00046635507663943699 -0.00024810195386018358 -0.00011611844203299428 0.00025452020504381569 -1.3992445337118049e-05 4.1986877662224432e-05 2.5986424433739001e-06 0.00027000911289790482
leaf_weight=206 332 528 474 2953 892 251 239 575 220 294 339 399 2535 1895 225 274 220 80 1282 48 592 307 63 128 531 121 29273 1705 9252 433
leaf_count=206 332 528 474 2953 892 251 239 575 220 294 339 399 2535 1895 225 274 220 80 1282 48 592 307 63 128 531 121 29273 1705 9252 433
internal_value=-0.00012706 -0.000181063 -9.92959e-05 -0.000183187 -0.00012227 -0.000314475 -0.000267662 0.00366034 -0.000401539 -0.000443919 -0.00497881 -0.00264228 -0.000363466 -0.000320314 -0.00280797 -0.00648148 0.00616007 -0.00183616 -0.000169844 0.00319549 -0.00027088 -0.000197904 -0.000350453 -0.000272923 0.00226737 -0.00337423 -0.000305827 0.000894252 0.00105795 0.00491113
internal_weight=56666 56334 55390 54862 54388 51435 51184 1687 49497 49277 944 738 48629 48390 2760 648 1112 354 45630 1330 44300 43708 41161 40854 2547 652 40791 11518 11390 2138
internal_count=56666 56334 55390 54862 54388 51435 51184 1687 49497 49277 944 738 48629 48390 2760 648 1112 354 45630 1330 44300 43708 41161 40854 2547 652 40791 11518 11390 2138
is_linear=0
shrinkage=0.05


Tree=61
num_leaves=31
num_cat=0
split_feature=5 12 12 12 1 10 14 15 16 15 15 12 11 15 11 16 15 16 11 16 8 14 8 10 5 14 14 9 15 15
split_gain=7.86039 11.5772 7.15829 12.7496 10.5271 10.4402 8.9122 7.10966 6.76102 6.37787 6.55289 9.11845 8.09135 8.0676 6.92127 6.95163 7.79802 5.76396 5.39873 5.38228 7.86099 8.88186 6.0631 5.90894 5.88118 5.54073 6.44534 9.74852 7.28192 8.30181
threshold=0.023185717567163595 -0.075828254732232245 -0.062212446145613214 -0.057938720016513449 -0.014929642293563082 -0.020247537407416468 0.18763840935801293 -0.021715650796061577 -0.02847883470476897 0.063989367590374782 0.0067316293412662551 -0.062212446145613214 -0.014526452350843598 0.0077384927108764554 -0.011292646731903553 0.033739286979208701 0.0060325085053518643 0.030550362791639144 -0.014879345686955035 -0.04616112170744429 -0.20851299467751225 0.16071726291299396 0.011267426371102564 0.016487850425620846 0.0093148195498722903 -0.19490876951167976 -0.16769008837329388 -0.10554896408224206 0.021499022054267129 0.017935334934607087
decision_type=2 2 2 2 2 2 2 2 2 2 2 2 2 2 2 2 2 2 2 2 10 2 8 2 2 2 2 10 2 2
left_child=2 -2 4 -4 7 -5 19 -1 -9 10 11 18 -13 -12 -14 16 17 -16 -3 22 23 24 -7 -21 -22 -26 27 -27 29 -28
right_child=1 9 3 5 -6 6 -8 8 -10 -11 13 12 14 -15 15 -17 -18 -19 -20 20 21 -23 -24 -25 25 26 28 -29 -30 -31
leaf_value=-0.00020245234281409882 0.0006078485748579783 -8.5454085583024702e-05 0.00027068759910658642 0.00018784998001550773 -0.00017200105469749252 -1.4469327492344468e-05 -0.00018930920833870057 0.00022099000416208101 -3.1376719755232627e-05 -0.00074464270535627448 0.0005182289182505429 0.00028129771551911424 -0.00038010874799785516 8.0956409038844546e-05 7.2410528297904778e-05 -0.00015434266127855955 -0.00039978564113574112 0.00057074427736721446 -0.00062293387236838282 -5.5908065610928631e-05 -2.5791186251189829e-05 0.00019626523474378118 0.00038942978466739356 -0.00075605762082640588 -0.00022106636557697132 -0.00014499001308675063 -2.1171599811827328e-06 0.00023029950640258753 -0.00013968334482265408 0.00015403828407756817
leaf_weight=145 269 106 245 343 490 72 297 263 238 43 260 527 146 1183 2062 328 102 42 79 1716 5036 305 79 63 125 41 41035 158 422 481
leaf_count=145 269 106 245 343 490 72 297 263 238 43 260 527 146 1183 2062 328 102 42 79 1716 5036 305 79 63 125 41 41035 158 422 481
internal_value=-0.000158286 0.00170488 -0.000344299 -0.000255861 -0.00426937 -0.000311422 -0.000371262 -7.73994e-05 0.00274451 0.00114801 0.00131851 0.000117925 0.000740568 0.00414068 -0.000373134 0.00023678 0.0012466 0.00190114 -0.0106757 -0.000319484 -0.000348305 -0.000226351 0.00910596 -0.00361158 -0.000281196 -8.87322e-05 -5.75504e-05 0.0089196 -0.000100148 -3.37219e-05
internal_weight=56701 5147 51554 50418 1136 50173 49830 646 501 4878 4835 3392 3207 1443 2680 2534 2206 2104 185 49533 49382 47603 151 1779 47298 42262 42137 199 41938 41516
internal_count=56701 5147 51554 50418 1136 50173 49830 646 501 4878 4835 3392 3207 1443 2680 2534 2206 2104 185 49533 49382 47603 151 1779 47298 42262 42137 199 41938 41516
is_linear=0
shrinkage=0.05


Tree=62
num_leaves=31
num_cat=0
split_feature=13 15 15 14 13 11 10 11 15 11 6 16 12 15 12 15 10 16 16 13 13 11 10 11 12 13 16 12 8 13
split_gain=10.0603 8.42511 20.9623 16.1247 10.452 10.2561 16.1053 11.0731 10.9031 9.81114 8.33339 8.1553 12.467 11.0412 12.1967 11.7601 11.3414 10.7095 17.5475 10.6683 28.7813 14.3497 10.6284 10.5503 17.2759 16.8987 14.4524 13.31 11.3849 10.3826
threshold=49.655000686645515 -0.00023408966585319876 0.00080252735093122596 0.017639326626862298 19.814999580383304 0.023193320881576888 -0.0016894208297127398 0.01955675936649726 -0.00076945738402395259 0.032599070140324489 1.6510211679565272 0.037255331995338044 0.0027925982816148225 0.0069208731104983831 -0.057938720016513449 0.0065483618287495169 -0.00090813194402433728 -0.025601212369674161 -0.026656327299261647 24.119999885559086 20.714999198913578 0.039322955344760387 0.0041080553382388816 0.016655619165508066 0.031913968109416276 14.824999809265138 0.011494983477225664 0.012875876838212565 0.070644356433575153 21.409999847412113
decision_type=2 2 2 2 2 2 2 2 2 2 2 2 2 2 2 2 2 2 2 2 2 2 2 2 2 2 2 2 10 2
left_child=1 5 3 4 9 7 -7 8 10 -3 -1 13 -13 14 -4 29 -17 18 -15 20 22 -21 -19 24 25 27 -25 -24 -26 -16
right_child=-2 2 11 -5 -6 6 -8 -9 -10 -11 -12 12 -14 17 15 16 -18 19 -20 21 -22 -23 23 26 28 -27 -28 -29 -30 -31
leaf_value=-8.551991833609906e-07 0.0011545830505420977 -3.7505326500261947e-05 -0.00049291454557447796 -0.00017155871661396179 -0.00016349082574612075 -9.9308568425945546e-05 0.00015377844614924247 -7.563610001539529e-05 0.00011505503759255974 0.00017578129395829788 8.5144093183532528e-05 7.7991248376910232e-05 -9.4757699589325016e-05 1.9265063466720329e-05 -1.8563929672340804e-05 0.00021159956352187587 -0.00018749202311340484 8.9568842885343235e-05 -0.00031172832879712998 0.00028946312252372679 -0.00015652076851336183 -0.0003037526952984672 1.6885035887060567e-05 0.00044316935096269644 -8.913093449326899e-05 6.6578835899926532e-05 2.581927751157129e-05 -0.00016594227027615763 1.7813294850343695e-05 0.00010059219169175366
leaf_weight=20521 71 1613 65 681 337 420 1301 813 553 126 2038 530 1635 337 11772 76 562 2740 205 489 901 73 410 343 1600 2808 1752 333 795 752
leaf_count=20521 71 1613 65 681 337 420 1301 813 553 126 2038 530 1635 337 11772 76 562 2740 205 489 901 73 410 343 1600 2808 1752 333 795 752
internal_value=-0.000147391 -0.000170994 -0.000726523 -0.00488756 -0.0026975 0.000499103 0.00422719 0.00023093 0.000432676 -0.00113571 0.000262645 -0.000319398 -0.0032679 -7.40015e-05 -0.00108679 -0.000980094 -0.00760188 0.000973721 -0.00590406 0.00127818 0.00095446 0.00800712 0.00167192 0.000755503 -0.000319543 0.00189383 0.00380668 -0.00481157 -0.00360125 -0.000642766
internal_weight=56652 56581 30935 2757 2076 25646 1721 23925 23112 1739 22559 28178 2165 26013 13227 13162 638 12786 542 12244 11682 562 10781 8041 5946 3551 2095 743 2395 12524
internal_count=56652 56581 30935 2757 2076 25646 1721 23925 23112 1739 22559 28178 2165 26013 13227 13162 638 12786 542 12244 11682 562 10781 8041 5946 3551 2095 743 2395 12524
is_linear=0
shrinkage=0.05


Tree=63
num_leaves=31
num_cat=0
split_feature=13 5 15 15 14 13 15 11 11 11 11 11 10 11 13 10 15 15 11 11 15 15 10 13 13 13 11 13 14 14
split_gain=10.579 8.59519 7.33595 17.6891 13.9138 13.2187 11.5248 9.66311 10.0186 12.3517 8.53138 26.6322 17.3929 16.1603 14.0428 19.0886 20.38 17.4787 16.955 16.8698 15.433 12.9034 20.7886 12.5773 12.3307 21.2333 10.1436 10.0907 11.13 11.2775
threshold=49.655000686645515 0.038056263394235477 -0.00023408966585319876 0.00080252735093122596 0.017639326626862298 18.564999580383304 -0.00076945738402395259 -0.0046605807327330098 0.0058629709615137813 0.032599070140324489 0.0036681658206255689 0.0047087702577918175 -0.002481321509367584 0.015047033906525955 16.345000267028812 -0.0061038780912164295 -0.0068284267576069193 -0.0043255499166648939 0.0023966928807116488 0.00036207217257600016 -0.0065111059030265031 -0.0009109659485683207 -0.0042544588401209329 15.905000209808351 18.335000038146976 19.440000534057621 0.012763464240655777 14.194999694824221 0.014555585659076444 -0.00096971916429922078
decision_type=2 2 2 2 2 2 2 2 2 2 2 2 2 2 2 2 2 2 2 2 2 2 2 2 2 2 2 2 2 2
left_child=1 2 6 4 5 7 10 -4 -9 -10 14 -12 13 21 15 17 -17 23 19 -16 -18 22 24 -1 -13 -26 -24 28 29 -22
right_child=-2 -3 3 -5 -6 -7 -8 8 9 -11 11 12 -14 -15 18 16 20 -19 -20 -21 27 -23 26 -25 25 -27 -28 -29 -30 -31
leaf_value=9.1403941246661225e-05 0.0012349877771821811 0.00039535129467581348 -0.00019800085592358861 -6.600176839751011e-06 -0.00016026287311381962 -0.00014972449147436964 0.00010942160759183865 7.3212023223335855e-05 -6.4466635150351329e-05 0.00016184299013219562 0.00028439729156766035 0.00012491486566251972 4.4125925097874934e-05 -0.00015710832425532635 1.1686867494238064e-05 -0.00024411381762041648 0.00026361470613831065 -0.00027700055296650338 -0.00012563655895838391 0.00027480452546877268 -1.3526466479454923e-05 0.00067632621955619754 -0.00019327315405551045 -0.00010986039526473591 -0.00038515136583811607 4.5648837805579599e-05 5.5911519617071231e-06 -9.7729330217730925e-05 -0.0001209440509028702 0.00016342520338162391
leaf_weight=1153 70 675 134 27841 679 523 621 539 749 130 609 729 5553 942 9228 802 140 138 669 478 476 69 406 200 201 540 204 1732 137 272
leaf_count=1153 70 675 134 27841 679 523 621 539 749 130 609 729 5553 942 9228 802 140 138 669 478 476 69 406 200 201 540 204 1732 137 272
internal_value=-0.000139921 -0.000163959 -0.000231689 -0.000752574 -0.00457516 -0.00254217 0.000398237 -0.000225515 0.000987306 -0.00230375 0.000228949 0.00142927 0.000717261 -0.0022889 -0.000491086 -0.00265347 -0.00464316 0.00209591 0.000561446 0.00109211 -0.00260247 0.0001047 -0.000600962 0.00382483 0.00261905 -0.00192308 -0.00836066 -0.00346771 0.000875706 0.0032754
internal_weight=56639 56569 55894 30595 2754 2075 25299 1552 1418 879 24678 9253 8644 3091 15425 5050 3559 1491 10375 9706 2757 2149 2080 1353 1470 741 610 2617 885 748
internal_count=56639 56569 55894 30595 2754 2075 25299 1552 1418 879 24678 9253 8644 3091 15425 5050 3559 1491 10375 9706 2757 2149 2080 1353 1470 741 610 2617 885 748
is_linear=0
shrinkage=0.05


Tree=64
num_leaves=31
num_cat=0
split_feature=13 5 15 15 12 15 14 16 10 14 11 14 14 11 11 16 16 10 15 12 15 14 11 16 13 13 16 14 13 13
split_gain=7.49869 6.34432 6.42612 7.9386 11.1018 6.92323 8.64781 13.5373 17.1361 11.3976 11.1935 11.2447 11.0229 8.40011 15.1498 7.9063 25.0201 12.2541 10.3951 17.4606 15.6265 13.6626 10.8699 10.0955 12.4092 11.6456 10.0019 9.92997 9.32723 8.12635
threshold=49.655000686645515 0.038056263394235477 -0.022177853746542516 -0.018730419806015638 -0.0067439083526363843 -0.017588249087878035 0.049298283120689408 0.028781819707504822 0.00054085357346300722 0.052213768787031663 -0.043674056524097109 0.18763840935801293 0.078404529959544514 0.015047033906525955 0.023061662230793093 -0.0065520571195252222 -0.0096145339656227274 -0.016459345362290764 -0.010083995290270929 0.0062346335449628984 -0.011298995442553359 0.059971774713864064 -0.0027616274394268721 0.0096290978861125493 13.659999847412111 17.795000076293949 0.012185213191674317 0.15797637088179853 17.744999885559086 15.784999847412111
decision_type=2 2 2 2 2 2 2 2 2 2 2 2 2 2 2 2 2 2 2 2 2 2 2 2 2 2 2 2 2 2
left_child=1 2 -1 4 -4 -5 -7 8 9 -8 -11 13 -10 15 -15 16 18 -17 20 -20 27 -21 -23 24 -19 -26 -25 -12 -28 -18
right_child=-2 -3 3 5 -6 6 7 -9 12 10 11 -13 -14 14 -16 17 29 23 19 21 -22 22 -24 26 25 -27 28 -29 -30 -31
leaf_value=-9.2641200660024264e-05 0.0010652049938955001 0.00037546670792972024 -1.5277618712969746e-05 -0.00028620808803787797 0.00035917005995739367 -8.441716812859118e-06 0.00022714737455004248 0.00045433613700218424 -5.1369911232368535e-05 0.00034912306180461157 9.5753540124731646e-05 -0.00018038533133730934 -0.00055911066531607754 -0.00044913637685199676 1.8025018013203242e-05 -0.00019838621051934799 -0.00042373508929004466 -0.00011154237353598515 -8.6272677949020927e-05 -0.00012788401669214635 0.00032130865599804079 0.00025289299387089672 -2.8778418084430799e-05 -0.00016251642189142476 0.00017781052122721743 5.4849252679096792e-05 -5.0826745740806087e-05 -0.00016885651097101409 0.000213620583910536 -0.00012976303839839747
leaf_weight=787 69 675 399 264 408 44826 260 286 470 135 1018 337 132 138 276 212 133 202 942 146 201 486 198 202 1287 825 351 135 338 480
leaf_count=787 69 675 399 264 408 44826 260 286 470 135 1018 337 132 138 276 212 133 202 942 146 201 486 198 202 1287 825 351 135 338 480
internal_value=-0.000168674 -0.000188774 -0.000246984 -0.000182893 0.00473978 -0.00025608 -0.000216602 0.00118063 0.000836703 0.00142737 0.00109426 0.000850512 -0.00730897 0.00124835 -0.00567633 0.00164897 6.01765e-05 0.00338747 0.0018714 -0.000648984 0.00516987 0.00463855 0.00760234 0.00415757 0.00589888 0.00703125 -0.000364759 0.00292715 0.00250363 -0.00917618
internal_weight=56618 56549 55874 55087 807 54280 54016 9190 8904 8302 8042 7907 602 7570 414 7156 3739 3417 3126 1772 1354 830 684 3205 2314 2112 891 1153 689 613
internal_count=56618 56549 55874 55087 807 54280 54016 9190 8904 8302 8042 7907 602 7570 414 7156 3739 3417 3126 1772 1354 830 684 3205 2314 2112 891 1153 689 613
is_linear=0
shrinkage=0.05


Tree=65
num_leaves=31
num_cat=0
split_feature=6 10 4 12 13 16 16 11 11 13 12 16 12 12 11 11 16 16 13 14 14 10 10 11 16 12 12 7 16 13
split_gain=7.72264 8.28287 7.80704 9.02475 11.0202 6.16548 18.8437 12.6622 8.72113 9.05472 7.68227 8.92146 7.3355 7.18314 6.93478 5.90096 6.21448 6.03972 6.80056 7.18778 8.34058 9.47549 11.9191 9.45763 7.68085 7.0983 8.04646 6.39328 6.13312 6.12173
threshold=0.04837173724464839 0.0239914392111974 0.030290942497405091 -0.062212446145613214 25.505000114440922 -0.0089337691794307266 -0.006914460852319281 0.016276968490692715 -0.012951386775020666 20.255000114440922 -0.062212446145613214 0.014463694413870855 0.044338330776630748 0.060058277300754533 0.011695347183510176 -0.001015473404730127 -0.020456177219643042 -0.014507233679391661 16.345000267028812 -0.11544121967691799 -0.017113211502094435 -0.0045512787110520972 0.002679663391510712 -0.006088944680637364 -0.029034123485220716 -0.0078641558377195424 -0.0054605306842289139 -0.023849395959450955 -0.022232707417514926 18.154999732971195
decision_type=2 2 2 2 2 2 2 2 2 2 2 2 2 2 2 2 2 2 2 2 2 2 2 2 2 2 2 2 2 2
left_child=1 5 3 -2 -5 7 13 12 9 -8 11 14 15 -7 -10 17 -17 18 28 -20 25 23 -23 24 -22 27 -27 -21 -1 -26
right_child=2 -3 -4 4 -6 6 8 -9 10 -11 -12 -13 -14 -15 -16 16 -18 -19 19 20 21 22 -24 -25 29 26 -28 -29 -30 -31
leaf_value=7.8245839755987638e-06 -0.00020687077149627605 0.00031563831729032078 9.9592738940752681e-05 1.2041477403675581e-06 0.0002447182736013498 -0.00013359642006634267 0.00026199267719683816 0.00042465455859644395 0.00020281764284514918 -9.9660472368126674e-05 -1.4276235231407663e-05 -0.00024728089482373464 0.00011196592501204434 6.8202400159329048e-05 -0.0002467234022954216 -0.00023589945414216823 -2.0546605048205829e-05 4.2581240891054457e-05 0.0001381804407094534 -0.00017336943803273057 7.1644879054249931e-05 0.00015472016496539885 -4.8248310410915806e-05 0.00030400123147019379 5.1844967439374989e-05 0.00032117475492134356 -1.4628407937878437e-05 -1.9571349999752443e-05 -0.00011003581410208548 -9.595011344900769e-05
leaf_weight=328 227 138 4199 16675 296 942 290 146 111 160 24344 167 570 130 57 221 743 1615 325 426 553 705 228 168 281 47 404 323 517 1188
leaf_count=328 227 138 4199 16675 296 942 290 146 111 160 24344 167 570 130 57 221 743 1615 325 426 553 705 228 168 281 47 404 323 517 1188
internal_value=-0.000175147 -0.000631281 0.000573679 0.000101756 0.000234223 -0.000679499 -0.00106389 0.000466545 -0.000786939 0.00611111 -0.000912719 -0.00843284 0.000219857 -0.00755597 -0.000297619 -0.000167245 -0.00383817 0.000330613 -0.000459676 0.000290448 -0.00024867 0.00111271 0.00533226 -0.000684932 -0.00163205 -0.00379167 0.00116408 -0.0067757 -0.0045858 -0.0035228
internal_weight=56524 35127 21397 17198 16971 34989 26201 8788 25129 450 24679 335 8642 1072 168 8072 964 7108 5493 4648 4323 3123 933 2190 2022 1200 451 749 845 1469
internal_count=56524 35127 21397 17198 16971 34989 26201 8788 25129 450 24679 335 8642 1072 168 8072 964 7108 5493 4648 4323 3123 933 2190 2022 1200 451 749 845 1469
is_linear=0
shrinkage=0.05


Tree=66
num_leaves=31
num_cat=0
split_feature=5 11 6 14 13 13 14 13 14 5 10 13 14 12 10 10 13 13 14 13 9 10 13 14 13 12 11 12 9 13
split_gain=8.79223 8.94498 6.97815 6.4875 10.278 10.5883 7.43924 12.4243 6.35469 6.11011 5.80588 7.28041 5.74938 5.72606 5.45456 5.53132 5.44201 23.3192 17.0043 13.882 13.501 9.34226 7.68973 10.7162 10.4608 6.99481 11.9439 11.8257 8.01823 7.51922
threshold=0.023185717567163595 -0.055970636302615777 2.1838523813981636 -0.12096344977185801 15.574999809265138 16.095000267028812 -0.098691693357393515 16.32499980926514 -0.083456210331023115 0.012903048570754834 0.0077407225334993343 15.75500011444092 -0.19490876951167976 0.043496920691197934 0.018049187231064859 0.019174566984400902 16.469999313354496 16.875000000000004 0.079615825148664734 16.914999961853031 0.28561528836120681 0.014457964096994848 17.164999961853031 -0.041361708055104078 17.195000648498539 0.060450461334446877 0.0080419016501751556 0.057603309240649499 0.19754955385862241 12.00999975204468
decision_type=2 2 2 2 2 2 2 2 2 2 2 2 2 2 2 2 2 2 2 2 8 2 2 2 2 2 2 2 8 2
left_child=2 -2 3 4 -1 -6 7 9 10 -5 11 -8 -4 -14 16 -16 21 18 20 -19 -18 25 23 -21 -24 27 -27 29 -28 -10
right_child=1 -3 12 6 5 -7 8 -9 14 -11 -12 -13 13 -15 15 -17 17 19 -20 22 -22 -23 24 -25 -26 26 28 -29 -30 -31
leaf_value=-0.00011569677939567258 0.0012006507555953599 5.3527247138544964e-05 -0.0002072046258031429 -0.00010685853462902529 0.00098826585899155226 5.4597848846646625e-05 0.00018914002113409921 -0.00015719332704634007 -0.00017197757793809882 0.00026867292119140497 5.0679951177125e-06 -9.0212023079692786e-06 8.7144559663300978e-05 -4.04385536338309e-05 0.00046745057109883809 3.1866848839406895e-05 0.00014883985614337478 -0.00024398601690210823 -0.00027635039624976886 -0.00031201722427668754 -4.6336876176807836e-05 -0.00015918435158950007 -0.00011125554273016766 6.4113481633672588e-05 -1.1672706814546526e-05 0.00020408439286356768 -4.6804546974953647e-05 -0.00013618102357893015 0.00018241186625163168 -1.8443589771099077e-05
leaf_weight=132 78 5012 87 59 62 1298 258 668 190 113 744 137 2160 584 63 202 1825 231 118 61 460 232 304 1430 17488 235 509 368 180 21175
leaf_count=132 78 5012 87 59 62 1298 258 668 190 113 744 137 2160 584 63 202 1825 231 118 61 460 232 304 1430 17488 235 509 368 180 21175
internal_value=-0.000194375 0.00178782 -0.000390769 -0.000531498 0.00271448 0.00400735 -0.000634431 -0.00529762 -0.000549665 0.00668605 0.00313872 0.00803797 0.00202225 0.00242347 -0.000642875 0.00650943 -0.000685176 -0.000122051 0.00452559 -0.000694373 0.0054814 -0.00122439 -0.000548411 0.00290074 -0.000837455 -0.00112217 0.00313853 -0.00130332 -0.000181422 -0.00115025
internal_weight=56463 5090 51373 48542 1492 1360 47050 840 46210 172 1139 395 2831 2744 45071 265 44806 21917 2403 19514 2285 22889 19283 1491 17792 22657 924 21733 689 21365
internal_count=56463 5090 51373 48542 1492 1360 47050 840 46210 172 1139 395 2831 2744 45071 265 44806 21917 2403 19514 2285 22889 19283 1491 17792 22657 924 21733 689 21365
is_linear=0
shrinkage=0.05


Tree=67
num_leaves=31
num_cat=0
split_feature=9 13 15 15 16 12 15 12 12 10 12 13 10 13 15 10 14 10 10 16 16 12 14 12 13 16 12 15 12 15
split_gain=7.40508 6.6283 5.47575 15.8184 10.0716 11.3958 9.70969 9.20189 13.3725 13.2454 12.8922 9.71224 9.0414 15.4323 8.29231 7.94116 13.5695 16.5929 15.4971 19.4414 24.3492 17.0828 22.3744 15.8933 17.5912 13.4438 12.8514 12.6179 17.1595 11.5673
threshold=0.32773028561437162 49.655000686645515 -0.00023408966585319876 0.00016243019847794751 0.0050859628190672588 0.038565023085627932 -0.00076945738402395259 0.048546370435733628 0.060450461334446877 0.00034887818574524948 0.047809127478452236 12.434999942779543 -0.0020521313117868862 21.82499980926514 0.0023548446952610384 -0.0034865446870830925 -0.016862044087486924 -0.0012214211173433573 0.0063549494884102007 0.0033791205056932232 -0.0065520571195252222 0.028448833312794911 0.052213768787031663 0.030555617412894701 16.614999771118168 0.027781697646025564 0.0033715078329863428 0.0077384927108764554 -0.013469697209426477 0.00086534579273467316
decision_type=10 2 2 2 2 2 2 2 2 2 2 2 2 2 2 2 2 2 2 2 2 2 2 2 2 2 2 2 2 2
left_child=1 2 6 4 -4 -6 -1 10 9 -9 15 -11 -10 -14 -12 -5 17 -17 19 20 -18 27 23 -23 -25 -20 -22 28 -21 -30
right_child=-2 -3 3 7 5 -7 -8 8 12 11 14 -13 13 -15 -16 16 18 -19 25 21 26 22 -24 24 -26 -27 -28 -29 29 -31
leaf_value=8.589209652758948e-07 0.00010169802949966069 0.00087527895045344528 -0.00025795974527835047 4.9018156484228418e-05 -8.0599645282209602e-05 0.0003121937938006366 9.8182079546544878e-05 -0.00029983996048749443 -0.00022797410422657101 0.00039162880064902276 -1.8136073837659379e-05 -6.5921058843416462e-05 -6.2975214148558965e-06 0.00096186841199895053 0.00027750680504571641 0.00030902246413896039 2.6984384013513735e-05 1.4752652446571417e-06 7.9237819515961996e-05 -0.0003235866897953247 -0.00047325209641548211 -0.00031400005458094902 0.00090414937743192765 -9.6508182890118338e-05 0.00010295604583267807 -0.0001220300453009945 -0.0001508115770023948 -7.4352265327508508e-05 -0.00010171834927775658 0.00011426787615099225
leaf_weight=24111 2235 73 329 1538 466 67 588 279 122 67 192 1632 2227 132 468 139 461 14181 1008 130 281 334 74 1565 399 272 924 503 129 1734
leaf_count=24111 2235 73 329 1538 466 67 588 279 122 67 192 1632 2227 132 468 139 461 14181 1008 130 281 334 74 1565 399 272 924 503 129 1734
internal_value=-0.000214437 -0.000330271 -0.000350493 -0.000808519 -0.0074826 -0.0032364 0.000199401 -0.000608697 -0.00269679 -0.0057634 -0.00022604 -0.00410536 -0.000251915 0.000434506 0.00666667 -0.000418216 -0.000659619 0.000254888 -0.00233555 -0.00332109 -0.00798319 -0.00172555 -0.00476391 -0.00563534 -0.00392057 0.00269531 -0.011722 0.00116186 0.00294782 0.00417338
internal_weight=56660 54425 54352 29653 862 533 24699 28791 4459 1978 24332 1699 2481 2359 660 23672 22134 14320 7814 6534 1666 4868 2372 2298 1964 1280 1205 2496 1993 1863
internal_count=56660 54425 54352 29653 862 533 24699 28791 4459 1978 24332 1699 2481 2359 660 23672 22134 14320 7814 6534 1666 4868 2372 2298 1964 1280 1205 2496 1993 1863
is_linear=0
shrinkage=0.05


Tree=68
num_leaves=31
num_cat=0
split_feature=6 4 12 1 0 12 12 9 14 10 11 16 12 14 11 16 6 16 3 14 14 12 10 10 12 10 11 9 12 10
split_gain=8.21622 7.2136 9.80894 6.56115 5.35573 4.96624 6.30642 5.04721 5.0165 4.81597 4.42169 8.12387 6.45273 5.26592 4.09502 6.06458 4.41613 4.0512 4.03204 6.78964 8.91336 15.5606 11.8214 8.1137 7.75566 8.04214 9.27399 6.52223 6.68334 7.16583
threshold=0.15756458379836427 0.030879641669329265 -0.062212446145613214 -0.057405021443332198 0.031587279755189053 -0.051373886546093366 -0.05023266322533259 -0.13917051471586275 -0.19490876951167976 0.0239914392111974 0.025734816417073651 0.029564154017763137 0.048546370435733628 0.047546513885702975 -0.055970636302615777 -0.04616112170744429 1.6510211679565272 0.026905203679166049 -1.0000000180025095e-35 0.027028120883943799 0.0091478412114857095 0.040394517240107571 0.00034887818574524948 -0.0052693175336530054 -0.0097422430740965443 0.0055837889125804905 0.030456421062291409 0.61484445898641382 -0.0013043729558080417 -0.01425655493307104
decision_type=2 2 2 2 2 2 2 10 2 2 2 2 2 2 2 2 2 2 2 2 2 2 2 2 2 2 2 8 2 2
left_child=3 2 -2 -1 18 7 -7 -4 9 -8 11 17 -12 -13 -3 -16 -17 -10 -5 20 22 -22 -20 27 25 26 -24 28 29 -21
right_child=1 14 5 4 -6 6 8 -9 10 -11 12 13 -14 -15 15 16 -18 -19 19 23 21 -23 24 -25 -26 -27 -28 -29 -30 -31
leaf_value=7.6560362923200958e-05 -0.00019150703534675934 0.00049638374243903373 2.3236621869916418e-05 -2.1824057148086847e-05 0.00015101738594719183 -0.00035304783469073027 -0.00022672059295552086 0.00033468824708054123 5.7297744557933098e-06 -5.2932878816091927e-05 9.0006839538876561e-05 -0.000121609654905779 -3.6446947510285038e-05 0.00024907786553178215 -0.00050723066872200985 6.6884510265232755e-05 0.00025593408994579889 0.00029860106336145596 5.0402831234302096e-05 9.7035816419407091e-05 -0.00011200090739205368 3.1524044123478876e-05 -7.7497144308650431e-05 7.5195264333067886e-05 -2.5174696626532748e-05 6.4053261268237112e-05 0.00021996415823690728 -8.3474869003245848e-05 6.0913176713581645e-05 -0.00013964438996785629
leaf_weight=1436 230 135 189 16149 544 66 56 138 12487 68 1081 757 455 76 94 2468 812 110 2471 240 1392 693 600 1823 9090 1477 73 442 754 334
leaf_count=1436 230 135 189 16149 544 66 56 138 12487 68 1081 757 455 76 94 2468 812 110 2471 240 1392 693 600 1823 9090 1477 73 442 754 334
internal_value=-0.000133063 0.000707523 0.000249793 -0.000563729 -0.000695638 0.000402054 0.00027052 0.00649847 0.000337972 -0.00967742 0.000420954 0.000130305 0.00296224 -0.00465186 0.0027572 0.00241553 0.00277439 0.000446535 -0.000771006 -0.000284955 -0.000731198 -0.00377698 -0.000268033 0.00167687 -0.000956406 0.00174419 -0.00278603 -0.000734463 0.00101657 -0.00304878
internal_weight=56740 19222 15713 37518 36082 15483 15156 327 15090 124 14966 13430 1536 833 3509 3374 3280 12597 35538 19389 15796 2085 13711 3593 11240 2150 673 1770 1328 574
internal_count=56740 19222 15713 37518 36082 15483 15156 327 15090 124 14966 13430 1536 833 3509 3374 3280 12597 35538 19389 15796 2085 13711 3593 11240 2150 673 1770 1328 574
is_linear=0
shrinkage=0.05


Tree=69
num_leaves=31
num_cat=0
split_feature=6 15 15 3 14 15 10 14 10 14 14 9 11 11 8 14 14 14 16 10 10 16 12 15 15 10 11 16 10 16
split_gain=7.63053 5.55118 11.5614 7.56601 8.11769 6.82254 10.7702 10.6788 11.7079 9.94114 10.9796 9.11095 6.75651 8.81266 7.23969 6.74349 21.2344 13.6744 16.3581 11.1368 12.8612 10.9398 9.13198 9.12515 15.0574 10.8688 14.4398 7.33092 7.27882 8.14132
threshold=2.1838523813981636 -0.021715650796061577 -0.018730419806015638 -0.018130902170742754 0.18763840935801293 -0.016790372097458813 -0.013327773622425541 0.13936216153879713 -0.015449561797136633 0.15436855290822041 0.11068884178819839 -0.084424071691417565 -0.022310337551763478 -0.035697705395590577 -0.061403740015181056 0.083812216488613714 0.076607678117126224 0.049298283120689408 0.030338515801458969 0.0010681409799049304 -0.001991975985961902 -0.010207122996147731 -0.0013043729558080417 -0.0082312322085942285 -0.011539962974196181 -0.0080075865289204722 -0.00594109240125995 -0.0074927488211368734 0.00069580976977412512 0.0096290978861125493
decision_type=2 2 2 2 2 2 2 2 2 2 2 10 2 2 10 2 2 2 2 2 2 2 2 2 2 2 2 2 2 2
left_child=1 12 -3 -4 5 -5 7 -7 -9 10 15 -10 13 -1 -15 16 17 -8 19 20 23 -17 -18 24 -19 26 -25 -26 29 -24
right_child=-2 2 3 4 -6 6 9 8 11 -11 -12 -13 -14 14 -16 21 22 18 -20 -21 -22 -23 28 25 27 -27 -28 -29 -30 -31
leaf_value=-0.00032141760690989501 5.943467837642351e-05 0.00021572002848177561 0.00014725413828271529 -0.00017392037753895495 -0.00019310783311805261 0.00012492127594293653 -8.2645274886185983e-06 -0.00023460758938340472 -0.00016280486923718904 0.00027631693530461878 -0.00011267514765589721 0.00027188518672719369 -0.00018746632684207558 -4.1323801894305309e-05 0.00018076801098434144 -5.735095213288636e-05 -0.00044081406994812052 0.0001312841328491885 0.00098788639496346503 -9.6872555090519411e-05 0.00031254065311191512 0.00012749774955615406 -2.0056588410375744e-05 -0.00025021342603397893 -4.550371311063894e-05 0.00014465771418820748 4.1577358002574009e-05 -0.00039378795976784825 -0.00048530237470738438 -0.00026559809981949249
leaf_weight=182 3080 507 851 426 271 1431 42497 270 71 262 688 111 453 194 194 424 126 249 130 383 371 897 598 125 245 838 392 178 65 203
leaf_count=182 3080 507 851 426 271 1431 42497 270 71 262 688 111 453 194 194 424 126 249 130 383 371 897 598 125 245 838 392 178 65 203
internal_value=-9.87445e-05 -0.000237731 -0.000166797 -0.000239914 -0.000317555 -0.000271675 -0.000218578 0.00349177 -0.00320796 -0.000362125 -0.000414696 0.00659341 -0.00388563 -0.000263158 0.00399485 -0.000324281 -0.000424569 -0.000266473 0.00304878 0.0022384 0.00350292 0.00319833 -0.00766129 0.00193636 -0.00282738 0.00429889 -0.00140232 -0.00856974 -0.00583141 -0.00452559
internal_weight=56712 53632 52609 52102 51251 50980 50554 1883 452 48671 48409 182 1023 570 388 47721 46400 45408 2911 2781 2398 1321 992 2027 672 1355 517 423 866 801
internal_count=56712 53632 52609 52102 51251 50980 50554 1883 452 48671 48409 182 1023 570 388 47721 46400 45408 2911 2781 2398 1321 992 2027 672 1355 517 423 866 801
is_linear=0
shrinkage=0.05


Tree=70
num_leaves=31
num_cat=0
split_feature=13 16 9 11 1 11 11 16 14 13 14 11 2 16 7 5 16 16 16 10 14 11 13 13 11 11 11 10 11 11
split_gain=6.50288 9.53729 6.4505 5.00361 8.96196 5.19483 12.0207 11.2675 8.22474 20.1822 15.3945 7.80986 6.67542 12.3516 6.50104 5.98668 6.58041 15.2352 24.1088 7.61248 11.9161 11.5407 10.1265 11.9118 16.287 10.1596 7.78642 7.4301 11.4915 10.2686
threshold=38.065000534057624 -0.052662503938987075 0.30828998186019368 0.050492682028646547 0.02586642535785744 0.025734816417073651 0.02550883970860263 0.037255331995338044 -0.069744182185856193 17.860000610351566 -0.042564517769286651 0.045591132552592513 0.087819888233777413 0.047257899490740669 0.03520958600415592 0.01026250831673765 0.018916097086855158 0.016672753010892997 0.014665858144255363 -0.0029742102449409331 0.047142331582309634 -0.0021561339966340571 23.529999732971195 18.595000267028812 0.012763464240655777 0.01562981784988882 0.0084051608350934632 -0.0032012772633666082 0.015047033906525955 -0.043674056524097109
decision_type=2 2 10 2 2 2 2 2 2 2 2 2 2 2 2 2 2 2 2 2 2 2 2 2 2 2 2 2 2 2
left_child=1 -1 3 5 -5 6 7 15 9 -7 11 -10 13 -12 -11 -3 17 18 27 20 -18 -21 23 24 26 -26 -23 28 -17 -29
right_child=-2 2 -4 4 -6 8 -8 -9 10 14 12 -13 -14 -15 -16 16 19 -19 -20 21 -22 22 -24 -25 25 -27 -28 29 -30 -31
leaf_value=-0.0010056853321470803 0.00019684178725083869 -1.6246229352570237e-05 7.4357184420416865e-05 0.00011033507946133648 -0.00010199655308503814 0.00057444088292490177 -0.00014268542225990836 -0.00011389944840016807 -0.00019778766330873167 -9.7790996133919136e-05 2.9649900338052546e-05 4.8062580976425151e-06 -4.7925605957407311e-05 0.00035925643859275371 0.00012793310783215732 2.0719837982031282e-05 -0.00014224937880700906 -9.0050691133029313e-05 0.00016086478204449555 -0.00050446979741093113 0.00010950179305028947 0.00012556822543566189 0.00046005704511812781 -7.5243305934265766e-05 -8.783824160706722e-05 5.4116353409679276e-05 0.0003168720549118311 0.00042765364945741521 -0.00034755564878819519 -1.5126404662061615e-05
leaf_weight=70 343 9029 2621 122 485 214 198 721 330 194 2955 187 683 324 183 10126 476 1201 1154 53 411 686 143 436 376 1533 437 66 57 20791
leaf_count=70 343 9029 2621 122 485 214 198 721 330 194 2955 187 683 324 183 10126 476 1201 1154 53 411 686 143 436 376 1533 437 66 57 20791
internal_value=-8.52398e-05 -0.000127084 -0.000104107 -0.000222602 -0.00473641 -0.000170871 -0.000331983 -0.000280946 0.00135108 0.00689509 0.000619558 -0.00749516 0.00167845 0.00261513 -6.6313e-05 -0.000185737 8.9601e-05 -0.000153466 5.28049e-05 0.00187321 -0.00228298 0.00287937 0.00321933 0.00268166 0.00379288 0.00098219 0.00857079 -0.000211018 0.000896101 -0.000751546
internal_weight=56605 56262 56192 53571 607 52964 47894 47696 5070 591 4479 517 3962 3279 377 46975 37946 33395 32194 4551 887 3664 3611 3468 3032 1909 1123 31040 10183 20857
internal_count=56605 56262 56192 53571 607 52964 47894 47696 5070 591 4479 517 3962 3279 377 46975 37946 33395 32194 4551 887 3664 3611 3468 3032 1909 1123 31040 10183 20857
is_linear=0
shrinkage=0.05


Tree=71
num_leaves=31
num_cat=0
split_feature=6 9 8 16 16 16 12 15 16 12 12 0 14 16 14 12 13 13 16 13 14 14 14 16 16 14 13 14 14 13
split_gain=6.17892 5.53725 5.21795 5.8754 21.1902 9.79084 9.43818 8.79914 8.72799 11.3445 9.3918 8.89709 7.8283 12.6918 14.6387 14.4902 23.2 14.6685 13.0141 13.9442 12.6535 12.5067 11.4698 11.4653 18.3295 10.7929 10.5946 10.4809 8.99555 8.36023
threshold=0.67210649819479074 0.26929100728213312 inf -0.0096145339656227274 -0.006914460852319281 -0.0086552154996682989 -0.062212446145613214 -0.0085972209494782331 -0.010207122996147731 -0.0063801320517133378 0.044338330776630748 0.025393170693456261 0.049298283120689408 0.0024025840172502426 -0.028449828861296097 0.019854414597249462 16.875000000000004 15.25500011444092 0.0009736977014873639 12.994999885559084 0.039671535485110161 -0.039689213075018263 0.005094684764536229 0.0096290978861125493 0.028781819707504822 -0.054805799949304061 12.454999923706056 0.059971774713864064 -0.044237182658373335 13.234999656677248
decision_type=2 10 8 2 2 2 2 2 2 2 2 2 2 2 2 2 2 2 2 2 2 2 2 2 2 2 2 2 2 2
left_child=2 -2 3 8 5 -5 -6 -7 10 -10 11 -1 13 14 18 17 26 -16 19 -8 22 28 -19 27 -25 -20 -17 -14 -21 -29
right_child=1 -3 -4 4 6 7 12 -9 9 -11 -12 -13 23 -15 15 16 -18 20 25 21 -22 -23 -24 24 -26 -27 -28 29 -30 -31
leaf_value=-5.6654088545796731e-06 8.8243172275652076e-06 0.00013279684752180392 -5.3808437961476442e-05 -9.8528153028554742e-06 -0.00017422656354522503 -0.00028492812231951866 -0.00016742306296762562 -9.1107343714688784e-05 -0.00021868872116556203 0.00022943044120794459 0.00011355715512414148 0.00028136365365436276 0.00028768750166814492 -5.4829419795360528e-07 -0.00022612556756596426 -9.1372586711179062e-05 -0.00021797023278691681 -3.2125693418943286e-05 -0.00027274742175567216 4.4499191775755448e-05 9.3383193774557608e-05 0.00026982590214955586 -0.00022828132677354501 -0.00010005152914041053 0.00040030604283679787 4.721272646189198e-05 4.5733014644177381e-05 -0.00037311716441154217 -0.00027989552642993377 6.1255614531670338e-05
leaf_weight=9366 10858 809 1560 599 372 211 181 983 61 281 780 332 351 20870 323 445 505 518 189 1133 164 258 627 977 239 164 1352 68 60 1923
leaf_count=9366 10858 809 1560 599 372 211 181 983 61 281 780 332 351 20870 323 445 505 518 189 1133 164 258 627 977 239 164 1352 68 60 1923
internal_value=-0.00022587 0.000799263 -0.000492293 -0.000390012 -0.000725886 -0.00600948 -0.000417494 -0.00862647 0.000619224 0.00847953 0.000362665 -6.18684e-05 -0.00032046 -0.000613125 -0.0026567 -0.00442298 -0.00186794 -0.00802696 0.000843829 0.00272672 -0.00567227 0.00435906 -0.00753275 0.00188308 -0.00205592 -0.00786119 0.000792988 0.00392827 0.00220034 0.00252386
internal_weight=56559 11667 44892 43332 32512 1793 30719 1194 10820 342 10478 9698 30347 26789 5919 3934 2302 1632 1985 1632 1309 1451 1145 3558 1216 353 1797 2342 1193 1991
internal_count=56559 11667 44892 43332 32512 1793 30719 1194 10820 342 10478 9698 30347 26789 5919 3934 2302 1632 1985 1632 1309 1451 1145 3558 1216 353 1797 2342 1193 1991
is_linear=0
shrinkage=0.05


Tree=72
num_leaves=31
num_cat=0
split_feature=9 1 6 13 16 11 7 11 11 10 10 11 10 10 16 11 7 15 13 13 14 11 15 11 14 10 12 10 11 11
split_gain=6.67505 6.97559 5.93313 5.09422 9.42328 3.96975 6.75917 5.89381 10.7034 8.38005 16.3254 14.1934 9.2748 8.88481 8.15342 7.76917 6.25529 6.12717 12.4545 30.8095 14.0884 12.939 11.2109 11.7467 10.1864 10.0045 11.8738 9.98489 9.24376 9.03952
threshold=0.30008759529312473 -0.023943189672111061 -1.6889061898572428 38.065000534057624 -0.052662503938987075 0.050492682028646547 0.047205062741054411 0.025734816417073651 0.02550883970860263 0.0031820502402425403 0.0043154223195999162 0.026101750474282651 -0.0032012772633666082 0.0046724002397113837 0.037255331995338044 0.029572012228067938 0.010115131747237329 0.0069208731104983831 24.119999885559086 20.714999198913578 -0.13532199000438486 0.0025776305361616685 0.0065483618287495169 -0.0035220292380610525 0.052213768787031663 0.0086411657132533532 0.022559173972236727 0.031057644580603009 0.016655619165508066 0.011695347183510176
decision_type=10 2 2 2 2 2 2 2 2 2 2 2 2 2 2 2 2 2 2 2 2 2 2 2 2 2 2 2 2 2
left_child=2 -2 -1 4 -4 7 -7 8 14 12 -11 -12 -9 -13 17 -15 -16 22 19 20 -19 -22 25 -24 28 -6 -27 -20 29 -23
right_child=1 -3 3 -5 5 6 -8 9 -10 10 11 13 -14 15 16 -17 -18 18 27 -21 21 24 23 -25 -26 26 -28 -29 -30 -31
leaf_value=-7.4254376191398031e-05 0.00033222072024109066 4.0708866290848474e-05 -0.0010586795436628687 0.00015883928836539878 -1.0440574432304864e-05 -8.2910452995736903e-06 -0.00015439370496424617 -0.00013115301929776253 -0.00012135753696470588 -0.00012248285283608331 0.00086915203041881329 0.00036792683919416682 0.00010078957878078685 9.1386084854381058e-05 6.8847039470424569e-05 -2.3707872980036765e-05 -0.00013514569777378296 -7.1999172279923074e-05 0.0002602732962663914 -0.00014634330715748687 8.3224022436827639e-05 1.115163854378239e-05 0.00011201199312527166 -0.00021836510893818948 0.00041046880202170511 0.00024606821744397131 4.1207434587631212e-07 -0.00048672416411474329 6.2462624085565886e-05 -6.0986829871649273e-05
leaf_weight=432 389 2410 67 344 33848 424 171 130 194 378 69 65 1757 625 158 2003 562 428 535 1043 2639 3391 119 379 139 455 709 68 1233 1550
leaf_count=432 389 2410 67 344 33848 424 171 130 194 378 69 65 1757 625 158 2003 562 428 535 1043 2639 3391 119 379 139 455 709 68 1233 1550
internal_value=-0.00017456 0.00220615 -0.000298155 -0.000251014 -0.000290276 -0.000266619 -0.00432773 -0.000220573 -0.000393045 0.0014074 -0.000175159 0.00115858 0.00404081 0.00058485 -0.00034493 0.000133181 -0.005625 -0.000263237 0.00076637 0.00036218 0.00126866 0.00169236 -0.000582934 -0.00803213 0.00046333 -0.000476979 0.00408076 0.0077529 0.00016197 -0.000804493
internal_weight=56714 2799 53915 53483 53139 53072 595 52477 47450 5027 3140 2762 1887 2693 47256 2628 720 46536 11026 10423 9380 8952 35510 498 6313 35012 1164 603 6174 4941
internal_count=56714 2799 53915 53483 53139 53072 595 52477 47450 5027 3140 2762 1887 2693 47256 2628 720 46536 11026 10423 9380 8952 35510 498 6313 35012 1164 603 6174 4941
is_linear=0
shrinkage=0.05


Tree=73
num_leaves=31
num_cat=0
split_feature=6 5 8 13 16 16 16 11 13 13 5 15 13 16 16 11 16 16 16 11 11 11 13 16 13 13 13 13 9 11
split_gain=6.85834 5.78277 6.31921 7.81151 7.324 5.14411 5.97109 4.77841 4.70944 6.39 4.47572 4.46465 6.09445 4.25206 12.1062 16.23 11.6323 11.7758 9.94521 12.8721 9.88959 8.71811 8.29997 8.28982 11.8757 14.5231 16.4759 12.2436 8.58345 9.27314
threshold=2.1838523813981636 0.027603365693367226 -0.20851299467751225 26.284999847412113 -0.023148470521609118 -0.024234057275211714 -0.0051233360302229683 -0.0038431021214298529 25.010000228881839 30.750000000000004 0.020595271280660968 -0.01211653785148009 26.494999885559086 0.0024025840172502426 0.0057456100496092741 0.01723808414084094 -0.0096145339656227274 -0.006914460852319281 -0.010207122996147731 -0.017686145420045315 -0.016025837962929442 0.021590263312926242 12.230000019073488 0.0009736977014873639 12.325000286102297 14.904999732971193 18.595000267028812 21.134999275207523 0.098835040204956828 0.010798800902990015
decision_type=2 2 10 2 2 2 2 2 2 2 2 2 2 2 2 2 2 2 2 2 2 2 2 2 2 2 2 2 10 2
left_child=1 2 3 4 -1 -2 -7 11 -9 -10 -8 -3 -13 16 15 -15 18 21 -4 -20 -16 -18 -22 28 -25 -26 -27 -28 29 -19
right_child=5 7 13 -5 -6 6 10 8 9 -11 -12 12 -14 14 20 -17 17 23 19 -21 22 -23 -24 24 25 26 27 -29 -30 -31
leaf_value=-0.00024490569156092497 -6.3228408827128643e-05 -4.2429309394643663e-05 2.0675424683338356e-07 0.00041207815427008322 -4.1151450733745676e-05 0.00013842210806304126 6.6378496865272639e-06 5.4813259237351202e-05 -0.00025186716914579846 9.9402778180550727e-05 0.00034903405498003926 0.00030108599535766807 0.00093407918413512489 8.2739473382114495e-05 0.0003350094187107843 -9.2911547121190494e-05 -8.792149402012662e-05 -9.1652312730971998e-06 -0.00016743323538616022 0.00022008957068237511 0.00038072956540228511 0.00022693400665788034 -6.3009304528750469e-06 -0.00027552716173402658 7.2445835431384027e-05 -0.00024315343869069257 0.00012483982264094654 -0.00035431491456893095 4.2809922128552264e-05 -9.791749820753449e-05
leaf_weight=247 331 280 12105 61 1531 832 1647 1557 149 67 245 567 128 2833 125 304 1966 3900 67 307 122 67 22892 124 449 506 299 115 2002 767
leaf_count=247 331 280 12105 61 1531 832 1647 1557 149 67 245 567 128 2833 125 304 1966 3900 67 307 122 67 22892 124 449 506 299 115 2002 767
internal_value=-0.000119275 -0.000250761 -0.000371636 -0.00324905 -0.00385264 0.00218494 0.00290015 0.00198326 0.000437112 -0.00648148 0.00134778 0.00479487 0.00694245 -0.000263534 0.000169356 0.00308416 -0.000765194 -0.00201815 0.000258434 0.00828877 -0.000225809 -0.00542302 -0.00030199 -0.00117006 -0.00453784 -0.00319576 -0.00679348 0.000603865 -0.000416104 -0.00159096
internal_weight=56592 53537 50789 1839 1778 3055 2724 2748 1773 216 1892 975 695 48950 26276 3137 22674 10195 12479 374 23139 2033 23014 8162 1493 1369 920 414 6669 4667
internal_count=56592 53537 50789 1839 1778 3055 2724 2748 1773 216 1892 975 695 48950 26276 3137 22674 10195 12479 374 23139 2033 23014 8162 1493 1369 920 414 6669 4667
is_linear=0
shrinkage=0.05


Tree=74
num_leaves=31
num_cat=0
split_feature=6 14 14 14 10 2 12 12 2 16 16 11 10 12 14 3 12 16 14 3 11 13 16 15 16 10 10 14 10 10
split_gain=7.48054 5.3762 5.55691 7.13396 5.64268 5.19462 5.03735 8.26297 7.8799 7.72497 5.32405 7.50418 4.7394 4.66714 4.40692 4.10172 3.97071 11.191 6.7435 6.36058 6.34761 6.73885 5.88208 7.5441 6.45927 6.06639 5.6166 8.82087 7.93545 7.21555
threshold=0.21794355672668886 -0.19490876951167976 -0.12096344977185801 -0.098691693357393515 0.0070088316945141624 -0.038515627579755511 -0.075828254732232245 -0.062212446145613214 0.011430075630772365 0.014463694413870855 -0.02847883470476897 -0.023324980459216712 -0.020247537407416468 -0.057938720016513449 0.23397195059943568 0.039747174627872923 0.048546370435733628 0.0099479756338380926 -0.041747258744347641 0.0095447140797763081 0.027231937128701426 17.224999427795414 0.029564154017763137 0.011722320309923486 0.026905203679166049 0.0069016161963192388 -0.0043670108035313007 0.070306169308441371 -0.004697388100089738 0.0083489150088474923
decision_type=2 2 2 2 2 2 2 2 2 2 2 2 2 2 2 2 2 2 2 2 2 2 2 2 2 2 2 2 2 2
left_child=6 5 -3 4 -4 -2 8 9 10 -8 -1 -12 -9 -14 -15 16 20 -18 19 -19 22 -22 23 24 26 -25 28 29 -5 -28
right_child=1 2 3 15 -6 -7 7 12 -10 -11 11 -13 13 14 -16 -17 17 18 -20 -21 21 -23 -24 25 -26 -27 27 -29 -30 -31
leaf_value=0.00043035538925989878 -0.0002617495244577733 0.00012346842855138259 9.8431770869436216e-05 3.2055035926614911e-05 -0.00018436042166808421 -3.1840372559759078e-05 -4.9160903807802651e-05 0.00013005519989782392 -7.9965662289421992e-05 -0.00023635400097877479 -0.00014836983905067315 0.00031167178931017643 0.00021464623794635268 -8.9765383688988474e-06 -0.00042092069871266653 0.00019368979184838236 3.4017739230727924e-05 0.00021948406843547093 -0.00012304961469283531 -0.00020497741801564452 0.00011870860387261183 -4.0196223033221218e-05 -5.8258976576697036e-05 0.00026484074732225504 0.00057934182985080638 4.6260079639390623e-05 -1.1155331255081176e-05 -0.00018650984660216935 0.00023201223102605319 9.5616529409760782e-05
leaf_weight=166 85 564 85 4084 381 133 412 183 91 172 125 145 111 37006 71 313 986 156 979 52 793 267 847 322 79 589 6160 242 202 788
leaf_count=166 85 564 85 4084 381 133 412 183 91 172 125 145 111 37006 71 313 986 156 979 52 793 267 847 322 79 589 6160 242 202 788
internal_value=-0.000143579 0.000694483 0.000789591 0.000630592 -0.0054721 -0.00711009 -0.000537914 -0.000605322 0.00431689 -0.00650685 0.00711009 0.00277778 -0.000513098 -0.000552598 -0.000583246 0.000799276 0.00069201 -0.00130005 -0.00457035 0.00360577 0.000993182 0.00471698 0.000696687 0.00097064 0.00062527 0.00535126 0.000527187 -0.000326843 0.00195987 0
internal_weight=56589 18107 17889 17325 466 218 38482 37955 527 584 436 270 37371 37188 37077 16859 16546 2173 1187 208 14373 1060 13313 12466 11555 911 11476 7190 4286 6948
internal_count=56589 18107 17889 17325 466 218 38482 37955 527 584 436 270 37371 37188 37077 16859 16546 2173 1187 208 14373 1060 13313 12466 11555 911 11476 7190 4286 6948
is_linear=0
shrinkage=0.05


Tree=75
num_leaves=31
num_cat=0
split_feature=5 12 13 13 15 15 11 15 15 13 10 15 15 14 13 12 11 15 15 14 12 13 15 14 11 14 14 14 12 12
split_gain=6.72351 7.95241 8.40735 5.74287 5.40913 13.4599 9.90643 13.1409 9.11451 22.0432 8.68133 8.56992 14.9246 14.4798 12.8978 7.59331 15.385 10.9905 21.0339 14.9132 14.3537 12.9353 11.8235 9.26183 8.14837 9.6768 24.4437 13.9458 10.4357 9.51213
threshold=0.027603365693367226 -0.075828254732232245 28.970000267028812 26.494999885559086 -0.00023408966585319876 0.00016243019847794751 0.0032511788494672404 -1.0000000180025095e-35 -0.0013182425814843299 16.73499965667725 -0.0022250967273709783 -0.0023126284439906604 -0.0023923240606175673 0.058009640559056781 13.525000095367433 -0.0015899546436395349 -0.023324980459216712 -0.010589994637849485 -0.0122735069916704 0.13092898697672287 -0.038043890036369758 18.444999694824222 -0.0050852424975993951 0.13518549268873961 0.024405039123864495 -0.00096971916429922078 0.0091478412114857095 0.010891009150098998 0.085564332641343679 0.03991166378142464
decision_type=2 2 2 2 2 2 2 2 2 2 2 2 2 2 2 2 2 2 2 2 2 2 2 2 2 2 2 2 2 2
left_child=4 -2 3 -3 8 6 -6 -8 11 10 -10 12 15 14 -13 17 -17 18 23 20 21 -19 -23 -1 25 -18 28 -28 -27 -29
right_child=1 2 -4 -5 5 -7 7 -9 9 -11 -12 13 -14 -15 -16 16 24 19 -20 -21 -22 22 -24 -25 -26 26 27 29 -30 -31
leaf_value=4.2218807388912619e-05 0.00072334429383219653 7.9814653719568188e-05 -0.00015606591991840089 0.00061541160191528439 -0.00016853583585812939 -9.8055873216891924e-06 -0.00010329311029027432 0.00024221750394418643 -0.00012586441954134614 0.00013847204700597956 1.7503163871759788e-05 0.00015669958713268646 0.00014667440793826808 0.00040268923162396498 -6.6353228128654063e-05 0.00030448657367819428 -3.6126073155602059e-05 -0.00011489920966761136 0.0002221686026104043 0.00021949012211202863 -9.0042349400634716e-05 0.00019759902818352636 -5.9988169624651018e-05 -8.6993874034440715e-05 0.0001217506522700907 0.00015070075149304103 -0.00011625471561238775 -1.3380810298228679e-05 -0.00015787142393189872 7.0777501838572519e-05
leaf_weight=1547 150 2398 268 95 439 28446 236 135 332 1004 665 196 391 128 1887 336 3422 266 321 268 2390 498 276 1218 978 1198 270 5280 138 1511
leaf_count=1547 150 2398 268 95 439 28446 236 135 332 1004 665 196 391 128 1887 336 3422 266 321 268 2390 498 276 1218 978 1198 270 5280 138 1511
internal_value=-0.000219186 0.00212126 0.00151213 0.00241677 -0.000345879 -0.000804963 -0.00716049 -0.00114555 0.000201876 0.00343578 -0.00183049 -8.54834e-05 0.00023636 -0.00304161 -0.00404465 4.64427e-05 0.000748115 -0.00131191 0.000891121 -0.00315035 -0.0040379 0.000865385 0.00413437 -0.000515371 0.000470813 0.000107877 0.0010212 -0.000152245 0.00722305 0.000290826
internal_weight=56687 2911 2761 2493 53776 29256 810 371 24520 2001 997 22519 20308 2211 2083 19917 13133 6784 3086 3698 3430 1040 774 2765 12797 11819 8397 7061 1336 6791
internal_count=56687 2911 2761 2493 53776 29256 810 371 24520 2001 997 22519 20308 2211 2083 19917 13133 6784 3086 3698 3430 1040 774 2765 12797 11819 8397 7061 1336 6791
is_linear=0
shrinkage=0.05


Tree=76
num_leaves=31
num_cat=0
split_feature=4 15 15 11 15 11 11 13 13 13 10 12 15 15 13 15 13 10 15 14 15 13 13 15 12 11 16 14 7 16
split_gain=6.06206 5.57357 12.8465 12.8784 15.1865 8.42111 23.3851 11.9919 16.3535 20.4506 15.1504 18.4322 18.231 12.9006 12.4816 12.1114 11.619 9.62292 18.5911 15.1544 13.4786 10.1518 9.11891 9.35685 8.63845 8.39066 17.1556 10.6362 7.67782 7.33062
threshold=0.065853665128995154 -0.00023408966585319876 0.00016243019847794751 0.0032511788494672404 -1.0000000180025095e-35 0.0036681658206255689 0.0040071134155756924 16.345000267028812 17.164999961853031 17.914999961853031 -0.0064885643523325811 0.021636027658746174 -0.0068284267576069193 -0.010083995290270929 17.530000686645511 -0.0065111059030265031 16.510000228881839 -0.002481321509367584 -0.0009109659485683207 0.08570124221832566 -0.016790372097458813 12.119999885559084 18.154999732971195 -0.0013182425814843299 0.028951929172189476 0.0091428951508856233 0.011621318463850285 0.076607678117126224 0.022847082073600204 0.048929825341288209
decision_type=2 2 2 2 2 2 2 2 2 2 2 2 2 2 2 2 2 2 2 2 2 2 2 2 2 2 2 2 2 2
left_child=1 5 3 -3 -5 7 -7 10 16 13 11 -1 24 14 -10 -14 -9 18 19 25 -21 -19 -11 -24 -12 26 -8 -27 -13 -23
right_child=-2 2 -4 4 -6 6 17 8 9 22 12 28 15 -15 -16 -17 -18 21 -20 20 -22 29 23 -25 -26 27 -28 -29 -30 -31
leaf_value=-5.0915738971349901e-05 0.00035405289185616535 -0.00017280839894375703 -7.6864486764188254e-06 -9.6618165870876119e-05 0.00023989958304593249 0.00031867884134162584 0.00013258025158770852 -1.0912037766645788e-05 0.000194449984675663 0.00020544777269432756 -0.00010508653833033733 7.1960648151657341e-05 0.00023755088640397363 -0.00011897560909901521 -7.8306337720317903e-05 -4.6237400254633797e-05 0.00013386799284002419 -0.00023423143502329706 0.00035715273983874757 -0.00067259260951224673 0.00020283522914095421 3.8173915406511777e-05 1.7103819604385746e-06 0.00022402592627613992 -0.00033570539223889452 -5.9725413765432434e-05 -0.00011658921586388755 -0.00037903546100744479 0.00023931352038149696 0.00059278498692249095
leaf_weight=820 669 473 29775 267 138 405 411 615 129 331 479 415 136 946 195 2684 1141 133 142 67 413 5744 6946 134 413 1836 331 138 211 139
leaf_count=820 669 473 29775 267 138 405 411 615 129 331 479 415 136 946 195 2684 1141 133 142 67 413 5744 6946 134 413 1836 331 138 211 139
internal_value=-0.000134978 -0.000191494 -0.000645124 -0.00660592 -6.17284e-05 0.000356946 0.00150886 -0.000363899 0.000610808 -0.000279346 -0.00233618 0.00200553 -0.00402748 -0.00614173 0.00246914 -0.00205674 0.00501139 0.000999572 -0.00115339 -0.00193992 0.00625 0.00219415 0.000725273 0.000346045 -0.0102578 -0.00338733 0.00114555 -0.00509119 0.00846645 0.00250297
internal_weight=56676 56007 30653 878 405 25354 9759 15595 10437 8681 5158 1446 3712 1270 324 2820 1756 9354 3338 3196 480 6016 7411 7080 892 2716 742 1974 626 5883
internal_count=56676 56007 30653 878 405 25354 9759 15595 10437 8681 5158 1446 3712 1270 324 2820 1756 9354 3338 3196 480 6016 7411 7080 892 2716 742 1974 626 5883
is_linear=0
shrinkage=0.05


Tree=77
num_leaves=31
num_cat=0
split_feature=6 14 5 12 12 13 2 13 13 12 15 10 13 8 14 14 13 14 9 15 13 15 10 9 10 12 14 13 15 12
split_gain=6.15502 7.2783 5.72174 5.31622 8.5554 6.48726 5.15303 4.5417 18.4148 8.26663 6.17629 6.27133 6.17282 6.86213 5.56055 5.20027 8.12173 6.49152 5.10894 4.93389 10.1584 7.02413 6.59678 10.6354 7.138 6.97475 6.91713 8.04286 11.4665 8.76826
threshold=0.35113590912660458 -0.19490876951167976 0.021026124705069257 -0.062212446145613214 -0.057938720016513449 30.345000267028812 -0.038515627579755511 12.84500026702881 12.88000011444092 0.025371474284221155 0.0011481138845331753 0.0038763906562415689 12.804999828338625 0.054177409032163289 -0.0083108400172760537 -0.054805799949304061 12.494999885559084 0.004407866869301503 0.073020497034390633 0.0069858211800583056 12.925000190734865 0.0065483618287495169 0.010706297735196714 inf 0.011126386470739604 -0.051373886546093366 -0.081825770158787711 20.500000000000004 0.0088480180504761936 -0.010763063005060467
decision_type=2 2 2 2 2 2 2 2 2 2 2 2 2 10 2 2 2 2 8 2 2 2 2 8 2 2 2 2 2 2
left_child=7 6 3 5 -5 -3 -2 9 -9 14 12 -12 13 -11 18 -13 17 -17 -1 20 -10 -22 23 26 -24 -26 -21 -28 29 -29
right_child=1 2 -4 4 -6 -7 -8 8 19 10 11 15 -14 -15 -16 16 -18 -19 -20 22 21 -23 24 -25 25 -27 27 28 -30 -31
leaf_value=9.8292888065035355e-05 -0.0002462372669189403 -0.00026116873856556661 0.00015438301449139451 0.00034133282692595801 8.4538199586722901e-06 4.4269527288113426e-05 -4.2825396969759389e-05 0.00024197697132093447 -0.00028942298657118917 7.1235071687572333e-05 -0.00010418554019647248 -0.00011808160669827895 -0.00029323767019478889 -4.0721746756806509e-05 -0.00031973789384108335 0.00023036383139174124 -5.5748213628673625e-05 -6.3681592723090365e-05 -7.9491289445244277e-05 7.2628539992016999e-05 -9.5861852159680977e-06 -0.00013533694898190874 -9.60655945010318e-05 8.8551461130990949e-05 0.00025396171666071924 -2.4791261533912003e-05 8.2596067300356365e-06 -5.194751843656982e-05 -0.00021952763642854231 0.00044268549785395593
leaf_weight=62 92 177 1771 104 13488 138 125 231 110 829 448 173 53 358 124 212 406 92 154 891 27733 478 262 1299 158 2258 3778 191 422 56
leaf_count=62 92 177 1771 104 13488 138 125 231 110 829 448 173 53 358 124 212 406 92 154 891 27733 478 262 1299 158 2258 3778 191 422 56
internal_value=-0.000150424 0.000684177 0.000810052 0.000469188 0.000618011 -0.00595238 -0.00841014 -0.000475747 -0.000329443 -0.00237891 -0.00140996 -0.00377536 0.00112903 0.00187447 -0.00970588 -0.00133069 0.00056338 0.00674342 -0.00486111 -0.000415825 -0.000744147 -0.000685016 0.000582394 0.0014276 -0.00151232 -0.000662252 0.00044024 -0.000365415 -0.00541854 0.00313765
internal_weight=56673 15895 15678 13907 13592 315 217 40778 37867 2911 2571 1331 1240 1187 340 883 710 304 216 37636 28321 28211 9315 6637 2678 2416 5338 4447 669 247
internal_count=56673 15895 15678 13907 13592 315 217 40778 37867 2911 2571 1331 1240 1187 340 883 710 304 216 37636 28321 28211 9315 6637 2678 2416 5338 4447 669 247
is_linear=0
shrinkage=0.05


Tree=78
num_leaves=31
num_cat=0
split_feature=13 6 14 11 4 6 12 9 15 15 13 15 2 14 14 11 3 3 14 14 9 12 12 12 11 14 13 13 15 15
split_gain=6.53075 5.83254 6.21264 6.06629 5.65306 5.05468 4.37949 4.70298 4.09828 8.60696 7.96061 5.72209 8.14794 5.56911 14.1885 5.15298 5.11742 4.72468 4.69706 15.9273 6.38538 6.36146 7.76259 5.3209 6.13922 5.2278 9.73892 13.5715 9.00318 6.94894
threshold=49.655000686645515 2.1838523813981636 -0.19490876951167976 0.0063364666032048609 0.065853665128995154 -1.2107737288905664 0.032195560765237559 0.11370915659025706 -0.021715650796061577 -0.018730419806015638 21.954999923706058 -0.017588249087878035 -0.018199457969362506 0.17323568959812755 0.16071726291299396 -0.011803464465557354 -0.024707226599942064 0.0035842293906810378 0.083812216488613714 0.079615825148664734 0.23140038054844117 0.032942556438581912 -0.036853049265853803 0.038565023085627932 0.015047033906525955 0.049298283120689408 13.194999694824221 14.00500011444092 0.0099199299654710877 -0.0082312322085942285
decision_type=2 2 2 2 2 2 2 10 2 2 2 2 2 2 2 2 2 2 2 2 8 2 2 2 2 2 2 2 2 2
left_child=1 4 -3 -4 5 -1 -5 -8 15 10 -10 12 -11 14 18 17 -15 -7 19 25 21 22 -20 24 -21 -13 -27 -28 29 -29
right_child=-2 2 3 6 -6 8 7 -9 9 11 -12 13 -14 16 -16 -17 -18 -19 20 23 -22 -23 -24 -25 -26 26 27 28 -30 -31
leaf_value=-2.878207462372036e-05 0.0010146264487905135 -0.00016475266520705252 0.00010142388871994622 9.1056657056354153e-05 0.00033642507494434701 -4.9812934163376899e-05 -0.00014509813427348423 5.5430142013672418e-05 0.00040866618516743826 5.3151130640974756e-05 -1.8917778430693235e-05 -5.0431355031709852e-06 -0.00046132330221752214 0.00037744143359081371 0.00030562729392805517 -0.00038080613841366012 -0.00013490476418824557 0.00023380784132692397 0.00023032985586273893 -7.769724153576918e-05 8.9904218713965977e-05 9.6335419670280127e-05 -3.8178802521582262e-05 -0.00042395077440659503 -0.00031455803718634422 0.00042294029180798003 -0.00033388240912090032 -1.0790556848396666e-05 -0.00029359627854787538 7.1758404399122763e-05
leaf_weight=2888 62 106 1687 711 620 740 420 201 288 101 185 39986 148 52 135 127 470 83 222 563 1008 400 1734 62 64 137 172 997 124 2072
leaf_count=2888 62 106 1687 711 620 740 420 201 288 101 185 39986 148 52 135 127 470 83 222 563 1008 400 1734 62 64 137 172 997 124 2072
internal_value=-8.97198e-05 -0.000107516 0.001992 0.00240974 -0.000230432 -0.000286213 -0.000112613 -0.00318035 -0.000168438 -0.000105274 0.00660677 -0.000170805 -0.00773092 -0.000131748 -7.55097e-05 -0.00342105 -0.0052682 -0.00197448 -0.000121474 -0.000258619 0.00167955 0.000254669 -0.000920245 -0.00780116 -0.00641946 -0.000139119 0.00171331 0.00118128 0.00191826 0.00245194
internal_weight=56565 56503 3125 3019 53378 52758 1332 621 49870 48920 473 48447 249 48198 47676 950 522 823 47541 44177 3364 2356 1956 689 627 43488 3502 3365 3193 3069
internal_count=56565 56503 3125 3019 53378 52758 1332 621 49870 48920 473 48447 249 48198 47676 950 522 823 47541 44177 3364 2356 1956 689 627 43488 3502 3365 3193 3069
is_linear=0
shrinkage=0.05


Tree=79
num_leaves=31
num_cat=0
split_feature=4 11 2 6 11 11 10 14 11 13 13 13 14 8 11 13 0 9 14 12 10 12 11 12 13 9 12 13 15 11
split_gain=4.8052 4.61784 5.18107 4.12757 5.24606 10.0582 8.07098 9.26558 9.93581 8.74091 20.6069 8.03579 8.01955 8.1061 6.97653 9.08704 6.31034 5.47907 4.96462 4.9327 10.8341 8.48181 8.6336 7.57742 18.2133 9.604 12.6989 9.43293 9.27431 10.521
threshold=0.065853665128995154 0.050492682028646547 0.092009001460528719 -1.5902467372749318 0.025734816417073651 0.02550883970860263 0.0020115894720359466 -0.010554721432184831 0.047360899032742883 15.574999809265138 16.085000038146976 12.454999923706056 -0.012869754487188577 -0.014356264849186782 0.029572012228067938 16.675000190734867 -0.031110201468222628 -0.14332715964761802 -0.037855116903532098 0.11156893737835662 0.001595000535659419 0.079276307211688116 0.0080419016501751556 0.048546370435733628 21.82499980926514 0.13824770941998613 0.060450461334446877 12.119999885559084 -0.00023408966585319876 0.010672251689981873
decision_type=2 2 2 2 2 2 2 2 2 2 2 2 2 8 2 2 2 8 2 2 2 2 2 2 2 8 2 2 2 2
left_child=1 3 -3 -1 5 19 16 8 9 -8 -11 -9 13 18 15 -13 -6 -16 -12 21 -21 23 -23 27 25 28 -27 -5 29 -25
right_child=-2 2 -4 4 6 -7 7 11 -10 10 12 14 -14 -15 17 -17 -18 -19 -20 20 -22 22 -24 24 -26 26 -28 -29 -30 -31
leaf_value=-4.6260231633130741e-05 0.0003254511329676545 -2.8194415743621741e-05 -0.00022138790644526314 -0.00014039399185087641 -0.00018991430293668614 -0.00013211831216061723 -3.9861136806066716e-05 0.0006787238576949088 0.00027243841574015694 0.00058314129407862399 -0.00015199939831969891 -7.696710216064489e-05 0.00085079450797046971 5.4447848133103078e-05 0.00029134391697210855 0.00034309783588189251 0.00010245144995705573 -9.4704994825593492e-05 1.3372832739917597e-05 -0.00016920877391660876 0.00018603150641347414 0.00017845603919566669 2.9964069700389503e-06 7.1930236720126883e-05 0.00046080580699701582 -4.5378056427721787e-05 7.9152769126046235e-05 4.0235610417084513e-07 -0.00010963978007391751 -8.763947861427551e-05
leaf_weight=659 663 464 106 320 54 194 711 65 201 201 205 203 65 799 57 138 1324 956 139 272 132 479 626 416 139 1491 695 43109 1426 429
leaf_count=659 663 464 106 320 54 194 711 65 201 201 205 203 65 799 57 138 1324 956 139 272 132 479 626 416 139 1491 695 43109 1426 429
internal_value=-0.000121612 -0.000171645 -0.00464912 -0.000125664 -7.84013e-05 -0.00023528 0.00144588 0.000240642 0.00218656 0.00117925 0.0034599 -0.00294221 0.000993377 2.18723e-05 -0.00376662 0.00241935 0.00471698 -0.00584896 -0.00639535 -0.000190778 -0.00569307 -0.000145532 0.00418552 -0.000245185 -0.00217581 -0.00273166 -0.000365965 -4.08713e-05 -0.00500881 -0.000857988
internal_weight=56738 56075 570 55505 54846 49728 5118 3740 2321 2120 1409 1419 1208 1143 1354 341 1378 1013 344 49534 404 49130 1105 48025 4596 4457 2186 43429 2271 845
internal_count=56738 56075 570 55505 54846 49728 5118 3740 2321 2120 1409 1419 1208 1143 1354 341 1378 1013 344 49534 404 49130 1105 48025 4596 4457 2186 43429 2271 845
is_linear=0
shrinkage=0.05


end of trees

feature_importances:
vix_level=322
spy_ret_5d=303
spy_ret_20d=298
sector_ret_1d=298
spy_ret_1d=278
sector_ret_5d=273
vix_chg_1d=256
atr_pct=93
dvol_z_20=87
parkinson_20=57
dist_ma200=44
dist_ma50=33
overnight_gap=28
ret_1d=10
ret_5d=7
dist_ma20=7
ret_20d=6

parameters:
[boosting: gbdt]
[objective: quantile]
[metric: quantile]
[tree_learner: serial]
[device_type: cpu]
[data_sample_strategy: bagging]
[data: ]
[valid: ]
[num_iterations: 120]
[learning_rate: 0.05]
[num_leaves: 31]
[num_threads: -1]
[seed: 0]
[deterministic: 0]
[force_col_wise: 1]
[force_row_wise: 0]
[histogram_pool_size: -1]
[max_depth: -1]
[min_data_in_leaf: 40]
[min_sum_hessian_in_leaf: 0.001]
[bagging_fraction: 0.85]
[pos_bagging_fraction: 1]
[neg_bagging_fraction: 1]
[bagging_freq: 1]
[bagging_seed: 3]
[bagging_by_query: 0]
[feature_fraction: 0.85]
[feature_fraction_bynode: 1]
[feature_fraction_seed: 2]
[extra_trees: 0]
[extra_seed: 6]
[early_stopping_round: 0]
[early_stopping_min_delta: 0]
[first_metric_only: 0]
[max_delta_step: 0]
[lambda_l1: 0]
[lambda_l2: 0]
[linear_lambda: 0]
[min_gain_to_split: 0]
[drop_rate: 0.1]
[max_drop: 50]
[skip_drop: 0.5]
[xgboost_dart_mode: 0]
[uniform_drop: 0]
[drop_seed: 4]
[top_rate: 0.2]
[other_rate: 0.1]
[min_data_per_group: 100]
[max_cat_threshold: 32]
[cat_l2: 10]
[cat_smooth: 10]
[max_cat_to_onehot: 4]
[top_k: 20]
[monotone_constraints: ]
[monotone_constraints_method: basic]
[monotone_penalty: 0]
[feature_contri: ]
[forcedsplits_filename: ]
[refit_decay_rate: 0.9]
[cegb_tradeoff: 1]
[cegb_penalty_split: 0]
[cegb_penalty_feature_lazy: ]
[cegb_penalty_feature_coupled: ]
[path_smooth: 0]
[interaction_constraints: ]
[verbosity: -1]
[saved_feature_importance_type: 0]
[use_quantized_grad: 0]
[num_grad_quant_bins: 4]
[quant_train_renew_leaf: 0]
[stochastic_rounding: 1]
[linear_tree: 0]
[max_bin: 255]
[max_bin_by_feature: ]
[min_data_in_bin: 3]
[bin_construct_sample_cnt: 200000]
[data_random_seed: 1]
[is_enable_sparse: 1]
[enable_bundle: 1]
[use_missing: 1]
[zero_as_missing: 0]
[feature_pre_filter: 1]
[pre_partition: 0]
[two_round: 0]
[header: 0]
[label_column: ]
[weight_column: ]
[group_column: ]
[ignore_column: ]
[categorical_feature: ]
[forcedbins_filename: ]
[precise_float_parser: 0]
[parser_config_file: ]
[objective_seed: 5]
[num_class: 1]
[is_unbalance: 0]
[scale_pos_weight: 1]
[sigmoid: 1]
[boost_from_average: 1]
[reg_sqrt: 0]
[alpha: 0.5]
[fair_c: 1]
[poisson_max_delta_step: 0.7]
[tweedie_variance_power: 1.5]
[lambdarank_truncation_level: 30]
[lambdarank_norm: 1]
[label_gain: ]
[lambdarank_position_bias_regularization: 0]
[eval_at: ]
[multi_error_top_k: 1]
[auc_mu_weights: ]
[num_machines: 1]
[local_listen_port: 12400]
[time_out: 120]
[machine_list_filename: ]
[machines: ]
[gpu_platform_id: -1]
[gpu_device_id: -1]
[gpu_device_id_list: ]
[gpu_use_dp: 0]
[num_gpu: 1]

end of parameters

pandas_categorical:[]
