tree
version=v4
num_class=1
num_tree_per_iteration=1
label_index=0
max_feature_idx=16
objective=quantile
feature_names=ret_1d ret_5d ret_20d overnight_gap atr_pct parkinson_20 dvol_z_20 dist_ma20 dist_ma50 dist_ma200 spy_ret_1d spy_ret_5d spy_ret_20d vix_level vix_chg_1d sector_ret_1d sector_ret_5d
feature_infos=[-0.57513778322106557:0.5918674698795181] [-0.5737281887441632:0.82352941176470607] [-0.57077456075228916:1.859375] [-0.58738518064911205:0.57756024096385539] [0.0085858545193475515:0.17755591891162512] [0.0055614813932552323:0.082832536564663217] [-2.948513111248098:4.3491274710307675] [-0.5511970450678898:0.88193556371436821] [-0.5516871502604066:1.1305109790041579] [-0.52769724154222031:2.5977049689872622] [-0.058542947643003718:0.10501933612632941] [-0.11496158439845272:0.082843216242346029] [-0.12265592443394913:0.15756596870864792] [11.859999656677246:52.330001831054688] [-0.35753873962348437:0.74039073966007019] [-0.06285260230433054:0.088816354578251211] [-0.11675897124649115:0.08529462291702461]
tree_sizes=2942 2989 3000 3020 3019 3036 3006 3024 3041 3017 3035 3036 3010 3016 3022 3045 3026 3054 3044 3045 3020 3059 3025 3051 3032 3036 3023 3038 3054 3039 3043 3044 3045 3057 3043 3048 3046 3043 3044 3018 3038 3058 3070 3024 3035 3064 3074 3047 3032 3059 3026 3057 3081 3042 3061 3064 3083 3035 3080 3001 3071 3063

Tree=0
num_leaves=31
num_cat=0
split_feature=4 16 5 4 16 3 10 6 6 13 13 13 6 5 16 5 14 9 10 14 7 15 15 13 13 16 10 5 5 5
split_gain=254.164 58.3033 47.0736 41.8264 18.5773 18.2576 16.9702 11.1793 10.2625 16.2633 20.041 11.4102 9.29505 9.12362 8.84779 6.25963 5.23152 4.83326 4.22297 4.15858 3.80723 3.80171 3.69142 3.61859 5.98053 9.53744 3.60053 3.56633 3.47817 3.4752
threshold=0.033633459059209635 -0.052662503938987075 0.013776488348283229 0.047133498475308476 -0.04616112170744429 0.0018236686142201199 -0.015857529403489442 0.57873615636651721 1.0816538616256286 30.345000267028812 28.970000267028812 24.630000114440922 0.41157825685595179 0.032182212129585559 -0.024018871055868692 0.016260753983648436 -0.12096344977185801 0.03115268517266612 -0.017312021268647334 0.066707247335420675 -0.087393409077863846 0.0022019283354985934 -0.021715650796061577 21.134999275207523 21.555000305175785 -0.0041352264318714185 -0.013788046856732237 0.032182212129585559 0.042841664819657656 0.011145157609416255
decision_type=2 2 2 2 2 2 2 2 2 2 2 2 2 2 2 2 2 8 2 2 2 2 2 2 2 2 2 2 2 2
left_child=1 6 7 4 5 -2 -1 29 9 10 11 13 15 -5 -10 23 -6 -18 22 -19 -11 -21 -17 -4 25 -25 -13 -16 -15 -3
right_child=3 2 12 8 16 -7 -8 -9 14 20 -12 26 -14 28 27 18 17 19 -20 21 -22 -23 -24 24 -26 -27 -28 -29 -30 -31
leaf_value=-0.030146644383029719 -0.029926182276388089 -0.026611415571236908 -0.026913298569775385 -0.028237037335001141 -0.027007760404326932 -0.02701846759422729 -0.027413205606507361 -0.026963195730833885 -0.030159672715187484 -0.028513273068815109 -0.029435305616741882 -0.02880342935737475 -0.027358315653445032 -0.028952329484287734 -0.028573197211736484 -0.027043132933339639 -0.027443666185294396 -0.027754784781701559 -0.027181572154096459 -0.028022572698324571 -0.026838723325460143 -0.029256096132344429 -0.028049530997313124 -0.02707682754323585 -0.027137326519578224 -0.02988958110943693 -0.027243198963952234 -0.030033831967135948 -0.030158206144160326 -0.026800227945465761
leaf_weight=88 102 11295 6521 604 309 49 46 6938 83 77 82 51 4825 620 122 51 1939 2409 6605 470 200 45 71 59 879 43 222 139 269 11556
leaf_count=88 102 11295 6521 604 309 49 46 6938 83 77 82 51 4825 620 122 51 1939 2409 6605 470 200 45 71 59 879 43 222 139 269 11556
internal_value=-0.0270631 -0.0257286 -0.0256383 -0.0354508 -0.0329559 -0.050243 -0.0586645 -0.0243968 -0.0408296 -0.0395326 -0.0412261 -0.0401041 -0.0275791 -0.0418227 -0.0488415 -0.026936 -0.0324512 -0.032852 -0.0280435 -0.0341356 -0.0282345 -0.0382138 -0.0372613 -0.025943 -0.0287742 -0.0402346 -0.0307054 -0.0443196 -0.0450445 -0.0238631
internal_weight=56769 48977 48843 7792 5323 151 134 29789 2469 2125 1848 1766 19054 1493 344 14229 5172 4863 6727 2924 277 515 122 7502 981 102 273 261 889 22851
internal_count=56769 48977 48843 7792 5323 151 134 29789 2469 2125 1848 1766 19054 1493 344 14229 5172 4863 6727 2924 277 515 122 7502 981 102 273 261 889 22851
is_linear=0
shrinkage=1


Tree=1
num_leaves=31
num_cat=0
split_feature=4 16 5 4 14 10 16 14 13 13 13 10 4 5 11 5 3 11 13 4 16 12 11 11 11 5 10 12 14 13
split_gain=214.725 50.202 39.7789 33.7026 16.8392 15.3715 10.8117 10.5411 13.295 14.186 10.8476 10.0732 7.55904 7.11496 6.63144 6.92922 5.86303 5.16004 4.86511 4.64169 4.43208 6.05 4.42308 4.15964 3.76282 3.72214 3.55901 6.16587 4.22195 3.02704
threshold=0.03307022016377744 -0.052662503938987075 0.013776488348283229 0.047133498475308476 0.23397195059943568 -0.015857529403489442 -0.04616112170744429 -0.19490876951167976 30.345000267028812 28.970000267028812 24.630000114440922 -0.020247537407416468 0.024890515865883138 0.033408352518683342 0.030023706466371539 0.02148369986789438 -0.024707226599942064 0.011695347183510176 21.134999275207523 0.018071607468768985 -0.04397929890220275 -0.052281388412141021 0.077393041140555022 0.01160523990497442 -0.0044146840191625061 0.018806796333616382 -0.017312021268647334 -0.0075921300584320664 0.17323568959812755 12.00999975204468
decision_type=2 2 2 2 2 2 2 2 2 2 2 2 2 2 2 2 2 2 2 2 2 2 2 2 2 2 2 2 2 2
left_child=1 5 19 4 14 -1 -6 -5 9 10 13 -8 -4 18 15 -2 -10 23 -9 -3 21 -17 -11 25 -12 -14 27 28 -21 -28
right_child=3 2 12 7 6 -7 11 8 16 22 24 -13 17 -15 -16 20 -18 -19 -20 26 -22 -23 -24 -25 -26 -27 29 -29 -30 -31
leaf_value=-0.0024864095730754935 -0.00032639907090167185 0.00042448118276412847 0.00010205603762707284 -0.0028524448878789192 -0.0028600196003476111 -0.00038494740489895715 0.00038883629864950588 -0.0012333112508338593 -0.001726616340290749 -0.0036463334873389945 -0.0012913478530240273 -0.0016079048032695909 -0.00013634851808003837 -0.0023208302188376302 -4.9033803397990309e-05 -0.0002188429260699211 0.00022722626572815822 2.5055085535108235e-05 -0.0022367655821670363 -3.0633914826247995e-05 -0.00073123043067622518 -0.0018807178383910363 -0.0008145753246017681 -0.0005778971961389412 0.00036211143009004455 -0.00035273549382933633 -0.00041250540036454232 0.00059570983555643094 -0.0006376707778094114 0.00025095531261339846
leaf_weight=81 2044 15066 7144 43 40 46 42 673 67 52 143 40 5884 900 725 40 236 4084 129 61 2810 40 40 75 150 1457 66 133 74 14258
leaf_count=81 2044 15066 7144 43 40 46 42 673 67 52 143 40 5884 900 725 40 236 4084 129 61 2810 40 40 75 150 1457 66 133 74 14258
internal_value=8.76544e-05 0.00135549 0.00143804 -0.00738739 -0.00530963 -0.0300394 -0.0236885 -0.0123243 -0.0118828 -0.0133038 -0.0124185 -0.0132927 -0.000371701 -0.0139483 -0.00491341 -0.00556952 -0.00209571 -0.00116522 -0.0105237 0.0025757 -0.00714533 -0.01875 -0.0325 -0.00195119 -0.00353242 -0.00183149 0.0019401 -0.00376866 -0.0112963 0.00204691
internal_weight=56643 48429 48302 8214 5781 127 122 2433 2390 2087 1995 82 18644 1702 5659 4934 303 11500 802 29658 2890 80 92 7416 293 7341 14592 268 135 14324
internal_count=56643 48429 48302 8214 5781 127 122 2433 2390 2087 1995 82 18644 1702 5659 4934 303 11500 802 29658 2890 80 92 7416 293 7341 14592 268 135 14324
is_linear=0
shrinkage=0.05


Tree=2
num_leaves=31
num_cat=0
split_feature=4 4 16 5 16 3 6 6 13 13 11 5 6 13 13 16 5 9 0 4 13 9 13 11 11 16 13 12 13 0
split_gain=193.704 41.0072 40.2644 29.4328 23.4976 19.0648 14.0238 11.8244 10.06 12.5264 7.78398 7.74935 7.41085 7.06183 8.05411 6.08524 4.77086 4.66605 4.26364 3.94596 3.93084 3.82177 3.78074 9.73475 4.93706 7.70537 5.44036 9.61162 3.80379 3.48299
threshold=0.030879641669329265 0.048616981525274362 -0.052662503938987075 0.013776488348283229 -0.04616112170744429 0.003866245373273292 1.0816538616256286 0.54124011933494109 30.345000267028812 28.970000267028812 0.030023706466371539 0.022176118114521019 0.2297347673815309 24.630000114440922 23.965000152587894 -0.024234057275211714 0.042841664819657656 0.55412784873189203 -0.023682656750127481 0.021364873968589073 22.429999351501468 -0.067298639138290359 21.134999275207523 -0.022672230022230119 0.0070762605113673391 -0.0041352264318714185 25.19999980926514 -0.036853049265853803 23.694999694824222 -0.013927603342115345
decision_type=2 2 2 2 2 2 2 2 2 2 2 2 2 2 2 2 2 8 2 2 2 8 2 2 2 2 2 2 2 2
left_child=2 4 -1 7 5 21 8 -4 9 13 11 22 18 14 16 -8 -3 -12 -5 -20 -14 29 -6 -24 25 26 27 -25 -29 -2
right_child=1 6 3 12 10 -7 15 -9 -10 -11 17 -13 20 -15 -16 -17 -18 -19 19 -21 -22 -23 23 24 -26 -27 -28 28 -30 -31
leaf_value=-0.0017284005220359921 -0.0026103451661858902 -0.0013584609886757772 0.00036023274310677239 -0.00039065277495300803 -0.0002388656721313651 0.00010031524534158277 -0.0026761714975309502 0.0001053574083196578 -0.00024432899616560843 -0.001375866589358353 0.00011115052948537632 -0.00081150708839571007 -0.00014877432983843948 -0.00025483926794510385 -0.0017312123490634415 -0.0026787932751916725 -0.0026273202475620887 -0.0013355026906392876 0.00036437226007546416 4.7072973267474452e-05 -0.00050907893530886242 -0.0025361169737402492 0.00015304133048893624 -0.0017233534873735046 -3.787944518372753e-05 -0.0014723288951757297 -0.00027620415423474921 -6.0533641923753422e-05 -0.00076668773642944374 -0.0017694880088217392
leaf_weight=99 56 1029 22535 407 3148 59 73 7124 264 80 960 2840 4410 241 48 223 260 73 1408 9689 532 42 344 48 130 101 212 127 87 42
leaf_count=99 56 1029 22535 407 3148 59 73 7124 264 80 960 2840 4410 241 48 223 260 73 1408 9689 532 42 344 48 130 101 212 127 87 42
internal_value=0.000106807 -0.00602794 0.00149922 0.00156762 -0.00440863 -0.0213819 -0.0120649 0.00250834 -0.0105047 -0.0119481 -0.00399009 -0.00458505 -0.000128907 -0.0109696 -0.0123897 -0.0221959 -0.0116408 6.29237e-05 0.00056676 0.000751104 -0.00174828 -0.0314286 -0.00322016 -0.00581983 -0.0091844 -0.0111739 -0.00850211 -0.0133206 -0.00878505 -0.0368367
internal_weight=56691 10487 46204 46105 8269 199 2218 29659 1922 1658 8070 7037 16446 1578 1337 296 1289 1033 11504 11097 4942 140 4197 1049 705 575 474 262 214 98
internal_count=56691 10487 46204 46105 8269 199 2218 29659 1922 1658 8070 7037 16446 1578 1337 296 1289 1033 11504 11097 4942 140 4197 1049 705 575 474 262 214 98
is_linear=0
shrinkage=0.05


Tree=3
num_leaves=31
num_cat=0
split_feature=16 9 13 10 10 12 11 13 12 12 12 0 9 6 3 11 11 12 1 3 13 10 0 16 6 11 8 0 1 0
split_gain=72.0159 53.5302 35.8856 36.4013 32.0736 20.4101 25.3153 36.2548 25.5274 33.789 24.5513 18.1945 14.7475 13.5507 13.0119 10.1201 15.0518 12.2438 8.80443 7.74515 7.7115 6.97804 6.07551 5.84671 8.49615 4.98511 5.24099 4.60914 4.55969 4.30668
threshold=-0.052662503938987075 0.35270639099422957 21.134999275207523 0.031057644580603009 -0.015857529403489442 -0.0042212897871045643 -0.022672230022230119 23.770000457763675 -0.02731436709478002 -0.0080789894590868033 -0.051373886546093366 -0.037357361993876341 0.83859440410856467 0.8250789964284716 -0.010262457074594998 0.010571722118832951 0.0033857375272920991 -0.023427977904983906 0.013607672019696817 0.01150053008572405 14.84500026702881 -0.0018123893917819098 -0.022194018374615706 -0.016944135339505725 1.1833486800344903 -0.0038431021214298529 -0.074624378466135941 -0.013095642551632423 -0.041144286302839554 -0.020368135534014727
decision_type=2 10 2 2 2 2 2 2 2 2 2 2 10 2 2 2 2 2 2 2 2 2 2 2 2 2 10 2 2 2
left_child=4 2 11 5 -1 6 23 8 10 -10 29 -2 -3 20 -12 16 17 -9 -11 22 -13 -6 -16 -4 -25 -22 -27 -19 -24 -8
right_child=1 12 3 -5 21 -7 7 15 9 18 14 13 -14 -15 19 -17 -18 27 -20 -21 25 -23 28 24 -26 26 -28 -29 -30 -31
leaf_value=-0.0029901355017608864 -0.00076396997508052173 -0.00088020828568510703 0.00030257457048458715 -0.0027700220515611551 9.9983515423402765e-05 0.00030166788298262754 -0.0011263133691543539 -0.00021514636439225765 5.161815203759125e-05 -0.0011458842876780069 -0.003565870666922199 0.00030930139699620143 -0.0031694134955163825 -0.00010313103767619833 -0.0016015261349499471 0.00011883118059206677 -0.00081098332802968527 -0.0010157354692947316 -0.00074287307935925139 -0.0023946836490431993 0.00026139498485209926 -0.0010068999842741033 -0.0014058306095423758 -0.00017781352324327041 -0.0015126657495231081 -0.00017082788395270375 0.00010471288637004423 -0.00071788970482000139 -0.00083322822728476684 0.00066729376012299169
leaf_weight=137 811 1762 1612 66 73 1412 42 1067 461 111 99 13353 171 7834 49 944 65 60 68 56 7717 68 40 390 78 1985 15720 122 231 96
leaf_count=137 811 1762 1612 66 73 1412 42 1067 461 111 99 13353 171 7834 49 944 65 60 68 56 7717 68 40 390 78 1985 15720 122 231 96
internal_value=0.000170194 0.000295275 0.000585348 -0.00273801 -0.0252158 -0.00238969 -0.0037462 -0.0063358 -0.0131564 -0.00617187 -0.0204486 0.00108077 -0.00788153 0.00120996 -0.0258421 -0.00255093 -0.00538813 -0.00416733 -0.0246089 -0.0215957 0.00159317 -0.00847518 -0.0185937 0.000625 -0.00429487 0.00108213 0.000619882 -0.0161538 -0.0156642 -0.00188406
internal_weight=56700 56422 54489 7069 278 7003 5591 3511 1253 640 613 47420 1933 46609 475 2258 1314 1249 179 376 38775 141 320 2080 468 25422 17705 182 271 138
internal_count=56700 56422 54489 7069 278 7003 5591 3511 1253 640 613 47420 1933 46609 475 2258 1314 1249 179 376 38775 141 320 2080 468 25422 17705 182 271 138
is_linear=0
shrinkage=0.05


Tree=4
num_leaves=31
num_cat=0
split_feature=4 15 16 4 5 14 16 14 13 14 6 6 5 13 13 15 13 14 4 14 16 16 14 14 4 16 13 15 14 4
split_gain=166.601 34.531 33.9823 31.0733 27.9401 23.4182 12.4419 11.7856 11.4029 8.91467 8.79856 7.22822 7.15945 5.5659 4.81787 6.78758 4.60408 4.19919 3.99461 3.47108 3.27106 4.72677 3.20722 3.14205 3.05742 3.00918 9.55279 3.85563 3.35157 3.37453
threshold=0.030879641669329265 0.063989367590374782 -0.052662503938987075 0.051738940144178597 0.013649424386092257 0.23397195059943568 -0.04616112170744429 0.29251442523831755 30.345000267028812 0.15797637088179853 0.2297347673815309 1.5974045145562881 0.021266481524108288 28.970000267028812 24.630000114440922 -0.017588249087878035 39.645000457763679 -0.068623004427642229 0.024603608931255537 0.11068884178819839 0.024441780301625141 -0.0005125726391469464 0.11927434384443127 -0.12096344977185801 0.018331848220670615 0.0031233829708902099 22.429999351501468 0.00094699974993617275 0.055948056460050417 0.041275350009349863
decision_type=2 2 2 2 2 2 2 2 2 2 2 2 2 2 2 2 2 2 2 2 2 2 2 2 2 2 2 2 2 2
left_child=2 3 -1 5 10 12 -7 -8 9 13 24 18 22 17 15 19 -10 -5 -6 -14 21 -16 -2 -17 -4 26 -25 -27 29 -29
right_child=1 -3 4 8 11 6 7 -9 16 -11 -12 -13 14 -15 20 23 -18 -19 -20 -21 -22 -23 -24 25 -26 27 -28 28 -30 -31
leaf_value=-0.001815685722770465 -0.00015869629723844097 -0.0024849026158211395 0.00041848269521353753 -0.00094929253693433458 0.00012200896654870056 -0.0028269568900686714 -0.0013581619356899241 0.00041188429366894848 0.00037303269885965664 -0.0036911135663067066 0.00015649461806938825 -0.00043928693384694736 -0.001385891323602783 -0.0011714809412890481 -0.00026435412151054816 8.3094345078198425e-05 -0.0014584218907015209 -0.0016572956026457974 -5.1674260253022753e-05 -0.0018746544477283224 0.00034384116934153087 -0.0010151326686411344 -0.00070567190060736424 -0.00077369803235972413 0.00025238226387672445 -0.00020440508778048674 -0.0013451659620736679 -0.00041907599120956916 -0.0011812477039880546 -0.00088396112772218889
leaf_weight=102 3699 60 10978 263 6618 51 71 50 185 67 9354 1473 54 59 443 164 68 1120 8898 57 289 42 265 1335 8649 689 111 778 75 480
leaf_count=102 3699 60 10978 263 6618 51 71 50 185 67 9354 1473 54 59 443 164 68 1120 8898 57 289 42 265 1335 8649 689 111 778 75 480
internal_value=0.000181 -0.00551074 0.00147508 -0.00529285 0.00153905 -0.00406044 -0.0223256 -0.013595 -0.0113451 -0.012992 0.00248283 -7.09281e-05 -0.00369001 -0.0121637 -0.00505092 -0.00579348 -0.00152174 -0.0115221 0.000246842 -0.017973 -0.00145995 -0.00396907 -0.00213925 -0.00542126 0.00308427 -0.00574106 -0.00748271 -0.00449555 -0.00606527 -0.0054531
internal_weight=56547 10475 46072 10415 45970 8653 172 121 1762 1509 28981 16989 8481 1442 4517 3743 253 1383 15516 111 774 485 3964 3632 19627 3468 1446 2022 1333 1258
internal_count=56547 10475 46072 10415 45970 8653 172 121 1762 1509 28981 16989 8481 1442 4517 3743 253 1383 15516 111 774 485 3964 3632 19627 3468 1446 2022 1333 1258
is_linear=0
shrinkage=0.05


Tree=5
num_leaves=31
num_cat=0
split_feature=4 5 15 5 16 15 11 11 11 6 10 6 10 10 11 5 5 15 9 10 4 15 10 11 9 11 11 12 12 0
split_gain=144.427 32.316 28.1418 22.3042 21.344 15.2386 19.6235 16.3241 9.9987 9.1476 7.88819 5.94983 5.72984 5.68974 4.86186 4.98787 4.65288 4.31137 4.04493 3.6466 3.46804 2.95284 3.12714 2.93702 2.86172 2.84779 4.03707 5.2436 7.14245 2.75447
threshold=0.03307022016377744 0.013649424386092257 0.063989367590374782 0.030454300484469409 -0.052662503938987075 -0.017588249087878035 -0.040606280288626444 -0.021243764887310997 0.012589162192508276 0.84688377326423481 -0.015857529403489442 0.29506622356436962 -0.013327773622425541 0.018049187231064859 0.030023706466371539 0.02170432380195873 0.015916941830201859 0.012577734413879217 0.83859440410856467 -0.023232584216571036 0.018013319338106352 0.017388253544492142 -0.0066340831111581502 0.034061321951450181 0.55412784873189203 0.0074730260687776448 -0.022672230022230119 -0.02923523392979754 -0.031853242392431029 0.0019328675338781134
decision_type=2 2 2 2 2 2 2 2 2 2 2 2 2 2 2 2 2 2 10 2 2 2 2 2 8 2 2 2 2 2
left_child=1 9 3 5 10 6 -2 -8 13 20 -3 16 -9 17 15 -7 -6 18 -5 -11 -1 22 24 -13 -17 26 -18 28 -28 -30
right_child=2 4 -4 8 11 14 7 12 -10 19 -12 23 -14 -15 -16 21 25 -19 -20 -21 -22 -23 -24 -25 -26 -27 27 -29 29 -31
leaf_value=0.00038600474437925107 -0.0026290938002457714 -0.0021553016999387542 -0.0022753491827939422 -0.0017796024513571545 0.00014484681076725817 -0.00021010390604500915 0.00016571789862485114 -0.0016144344262463445 -0.00063306625907800162 -0.0014376763785664344 -0.00014633394862751319 -0.00020102771646983452 -0.0014288947255063807 0.00051579964107522486 2.1255477928648818e-05 -1.5537732326728221e-05 0.00028847517735984313 -0.0021614473010555441 -0.0036501551653842675 7.3358397944050269e-05 0.00023149306103518118 0.00021195350653282764 -0.00077122429359506464 0.00023748759294457491 -0.00073237698819693701 4.2564912280013801e-05 -0.00025496344694429427 -0.00012824978617813812 -0.0011140108243034097 -0.0028113183332543661
leaf_weight=12332 57 67 60 1063 6855 2067 201 83 662 50 40 5197 85 48 762 431 494 56 102 5156 11424 124 2336 317 106 3381 343 2638 40 42
leaf_count=12332 57 67 60 1063 6855 2067 201 83 662 50 40 5197 85 48 762 431 494 56 102 5156 11424 124 2336 317 106 3381 343 2638 40 42
internal_value=0.000235698 0.00127811 -0.00588196 -0.0056318 -0.000300299 -0.00418106 -0.0133099 -0.00909214 -0.0103288 0.00233616 -0.0225701 -0.000176879 -0.0205952 -0.0129275 -0.00351356 -0.00407385 0.000378091 -0.0135913 -0.0129399 0.000437956 0.00275215 -0.00537704 -0.0057031 -0.00156511 -0.00226257 -0.000534736 -0.00152235 -0.00219882 -0.00735294 -0.0206098
internal_weight=56619 48376 8243 8183 19414 6252 426 369 1931 28962 107 19307 168 1269 5826 5064 13793 1221 1165 5206 23756 2997 2873 5514 537 6938 3557 3063 425 82
internal_count=56619 48376 8243 8183 19414 6252 426 369 1931 28962 107 19307 168 1269 5826 5064 13793 1221 1165 5206 23756 2997 2873 5514 537 6938 3557 3063 425 82
is_linear=0
shrinkage=0.05


Tree=6
num_leaves=31
num_cat=0
split_feature=4 4 16 4 10 16 14 3 13 4 6 13 6 6 11 15 10 10 11 14 12 12 8 14 14 15 13 13 8 13
split_gain=125.81 31.5418 20.8649 17.8985 17.8358 12.9531 12.8567 11.2654 9.96496 8.09975 6.58923 6.02939 5.89983 5.79682 4.81544 5.26881 4.61274 8.53233 3.61169 6.30622 3.69202 8.54886 4.621 3.53785 5.14231 5.87266 3.32622 3.17084 5.98111 4.1995
threshold=0.028645880765434419 0.041275350009349863 -0.052662503938987075 0.020238575250879756 0.031057644580603009 -0.052662503938987075 0.23397195059943568 -0.024707226599942064 24.630000114440922 0.061415178769322905 1.020920052455252 23.965000152587894 0.2297347673815309 0.17076282193239475 0.024405039123864495 0.035094816245100031 0.0071561281563717891 0.0014013952122059472 -0.022672230022230119 0.23397195059943568 -0.0063801320517133378 -0.0080789894590868033 -0.026656594010258491 0.13092898697672287 0.16071726291299396 -0.012931670602125077 21.409999847412113 22.429999351501468 0.06167254083825336 23.409999847412113
decision_type=2 2 2 2 2 2 2 2 2 2 2 2 2 2 2 2 2 2 2 2 2 2 10 2 2 2 2 2 8 2
left_child=2 5 -1 10 6 7 8 -2 9 11 -4 13 -5 -3 15 18 17 -10 -7 20 21 23 -23 -20 25 -25 -22 -14 29 -29
right_child=1 4 3 12 -6 14 -8 -9 16 -11 -12 -13 27 -15 -16 -17 -18 -19 19 -21 26 22 -24 24 -26 -27 -28 28 -30 -31
leaf_value=-0.0016744668378309204 -0.0020774415928223049 -0.00068694584608078389 0.00033333592121057758 0.00012444227893348807 -0.0026165668539972538 2.5335408784150763e-05 -0.0031221706757173151 -0.00023976040881387657 -0.00035129112014189632 -0.0020832045947553209 6.2761861242272192e-05 -0.0013384826236059386 -5.2799726062715498e-05 -0.0013401019486562443 6.4287774220451722e-05 -0.00064417765416190933 0.00030911368224803066 -0.0011239310427719055 -0.00027105325631798777 -0.00067997812618000755 -0.00024394655246484832 -0.00027302259268657342 -0.0010157268338584254 -0.0013103355214586869 9.4363044154452993e-05 -0.0005840451881198521 0.00050257805661806435 -0.00046973431895568231 -0.00099106991519675391 6.8895138112159767e-05
leaf_weight=76 46 1389 19527 13766 42 933 74 58 506 635 3252 75 6005 677 1421 41 342 58 1619 60 4847 43 95 48 70 59 230 85 136 373
leaf_count=76 46 1389 19527 13766 42 933 74 58 506 635 3252 75 6005 677 1421 41 342 58 1619 60 4847 43 95 48 70 59 230 85 136 373
internal_value=0.000258712 -0.0039804 0.00156988 0.00161598 -0.0078357 -0.00245037 -0.00747338 -0.02 -0.00705866 -0.00854467 0.00257891 -0.0070738 0.000538915 -0.00656825 -0.00225755 -0.00273151 -0.00250552 -0.00528369 -0.00263993 -0.00302574 -0.0028876 -0.00474664 -0.0167391 -0.00382517 -0.0105367 -0.0174299 -0.00217944 -0.000690256 -0.00417508 -0.00144105
internal_weight=56588 13368 43220 43144 3798 9570 3756 104 3682 2776 22779 2141 20365 2066 9466 8045 906 564 8004 7071 7011 1934 138 1796 177 107 5077 6599 594 458
internal_count=56588 13368 43220 43144 3798 9570 3756 104 3682 2776 22779 2141 20365 2066 9466 8045 906 564 8004 7071 7011 1934 138 1796 177 107 5077 6599 594 458
is_linear=0
shrinkage=0.05


Tree=7
num_leaves=31
num_cat=0
split_feature=5 4 5 10 10 14 14 5 11 11 12 12 3 0 14 14 12 9 14 3 15 11 0 12 14 10 14 14 15 12
split_gain=111.368 29.0107 19.4859 15.7294 14.3499 14.2405 9.6116 9.52924 6.82843 6.29072 6.13033 5.94919 5.32245 3.68215 3.56874 3.26915 12.0963 3.23276 3.10029 4.24552 3.68345 3.05954 4.83602 4.52585 4.55493 6.32711 4.69028 3.98419 5.55429 3.74412
threshold=0.01748960386802478 0.041275350009349863 0.01267532792377303 -0.029463617054616639 0.031057644580603009 0.23397195059943568 0.23397195059943568 0.029552604674793519 0.010813393583964605 0.012589162192508276 -0.0078641558377195424 -0.075828254732232245 -0.016850667286267215 -0.013095642551632423 -0.060408912479391223 0.17323568959812755 -0.013469697209426477 0.16594900195685172 0.11068884178819839 -0.024707226599942064 -0.012931670602125077 -0.017686145420045315 0.053710708208124076 -0.0023464357994545377 -0.10816573528732347 -0.0012572661502254776 0.017639326626862298 0.11108526702174228 -0.013541275008551288 -0.017915854452267062
decision_type=2 2 2 2 2 2 2 2 2 2 2 2 2 2 2 2 2 8 2 2 2 2 2 2 2 2 2 2 2 2
left_child=2 6 15 12 5 7 8 17 21 11 -8 -9 -4 -5 -11 -1 -17 -3 20 -20 -13 22 -2 24 -23 27 29 -26 -29 -27
right_child=1 4 3 13 -6 -7 10 9 -10 14 -12 18 -14 -15 -16 16 -18 -19 19 -21 -22 23 -24 -25 25 26 -28 28 -30 -31
leaf_value=0.00029067060101926515 -4.8093400074253906e-05 -0.00023020762438301866 -0.0024008662871145411 -9.2064554812973888e-05 -0.0024680560481032225 -0.0029620313953399391 -0.0014501820073990128 -9.8582608004900264e-05 -4.4199768089233087e-05 0.00018518846243220061 -0.0004429244149653773 -0.00090430373753177347 -0.00051724377453766135 8.2237382440334547e-05 -0.00068522324666769928 -0.00080865844419984864 0.0002488665221890421 -0.00082972832342686478 -0.00044848627853529444 -0.0023865447436261481 -0.0016466018863290572 0.00018692549097935331 -0.00061145876057790323 -0.00024632888099847462 -0.00016453105231268081 -0.0010386373844373854 -0.0011160248378362311 -0.0010623992670741602 -3.8781842286769677e-06 -0.00042206585367963182
leaf_weight=23357 1177 1018 43 3393 46 85 67 117 3441 180 56 84 44 16604 432 69 278 678 50 95 1015 164 42 2924 493 264 44 80 70 246
leaf_count=23357 1177 1018 43 3393 46 85 67 117 3441 180 56 84 44 16604 432 69 278 678 50 95 1015 164 42 2924 493 264 44 80 70 246
internal_value=0.000296174 -0.00379313 0.0014979 0.000352022 -0.00746053 -0.0071204 -0.00225629 -0.00665168 -0.0020654 -0.00901419 -0.0161382 -0.0109074 -0.0208621 0.000444317 -0.00480392 0.00246878 -0.0023487 -0.0039033 -0.0119212 -0.0187931 -0.0110146 -0.0031577 -0.000947498 -0.00378646 -0.00616826 -0.00723893 -0.0111552 -0.0038647 -0.011 -0.00980392
internal_weight=56656 12868 43788 20084 3800 3754 9068 3669 8945 1973 123 1361 87 19997 612 23704 347 1696 1244 145 1099 5504 1219 4285 1361 1197 554 643 150 510
internal_count=56656 12868 43788 20084 3800 3754 9068 3669 8945 1973 123 1361 87 19997 612 23704 347 1696 1244 145 1099 5504 1219 4285 1361 1197 554 643 150 510
is_linear=0
shrinkage=0.05


Tree=8
num_leaves=31
num_cat=0
split_feature=4 15 14 4 14 12 4 10 12 6 13 12 10 11 6 6 15 10 12 13 13 13 2 4 11 15 13 11 9 14
split_gain=103.416 29.422 23.2153 22.8336 14.3271 14.0855 13.7897 11.4405 12.3674 7.6132 7.19545 6.3951 8.18674 6.10128 4.28514 4.22959 3.99768 4.55506 5.10375 3.88554 4.2578 4.54873 3.57292 3.31147 2.95233 5.48378 2.94018 4.38697 2.68349 2.66448
threshold=0.030879641669329265 0.063989367590374782 0.23397195059943568 0.020529766244333069 0.57916123255262542 -0.0078641558377195424 0.048616981525274362 -0.017312021268647334 -0.0075921300584320664 0.54124011933494109 30.345000267028812 -0.049048441539310476 -0.029463617054616639 0.030023706466371539 0.35113590912660458 0.79964838437212615 0.017388253544492142 0.015549884952093642 0.0082902198416674473 28.970000267028812 24.630000114440922 23.965000152587894 -0.081386132594257907 0.036201486791255837 -0.020171836765592806 -0.022177853746542516 12.00999975204468 0.015296140057879161 0.83859440410856467 -0.029810288463271824
decision_type=2 2 2 2 2 2 2 2 2 2 2 2 2 2 2 2 2 2 2 2 2 2 2 2 2 2 2 2 10 2
left_child=3 2 6 9 5 -4 13 8 11 26 15 12 -5 16 24 19 17 22 -19 20 21 28 -2 -24 -9 -26 27 -1 -8 -27
right_child=1 -3 4 7 -6 -7 10 14 -10 -11 -12 -13 -14 -15 -16 -17 -18 18 -20 -21 -22 -23 23 -25 25 29 -28 -29 -30 -31
leaf_value=-0.00037787011924214322 -0.00015016722441052525 -0.0022858955525712349 -0.0026472609655088012 -0.0014929406403517379 0.00067760292727247616 -0.00074725008435227503 -0.0010338375674218807 0.00028444802169860659 0.00043182540653400345 0.00010894156139854392 0.00010047675409194334 -0.00086788341459725709 -0.00033717659964679512 9.6686739363906378e-05 -9.2554184573493813e-05 -0.0020889751060370041 0.00034583254667451682 -0.0016566974506257812 7.8942369581155777e-05 -0.00075198074066861126 -2.6317951599253679e-05 -0.0014477717726708863 -0.00028898140249801864 -0.00057142917322945978 -0.00069529228592836109 0.00019268748120688953 0.00031515010385738389 0.00049996866372173279 -0.0025674423456173213 1.6184330481082617e-05
leaf_weight=78 1612 62 106 59 46 73 1100 1430 205 5402 266 97 173 1033 6335 318 249 81 41 75 236 46 2847 2187 80 4609 18211 69 109 9571
leaf_count=78 1612 62 106 59 46 73 1100 1430 205 5402 266 97 173 1033 6335 318 249 81 41 75 236 46 2847 2187 80 4609 18211 69 109 9571
internal_value=0.000276908 -0.00420664 -0.0040024 0.00129202 -0.0198889 -0.0262849 -0.00365196 0.000152711 -0.00707865 0.00237374 -0.0072093 -0.0130851 -0.00857759 -0.00270186 0.000328037 -0.00829618 -0.00323001 -0.00345892 -0.0130328 -0.00722861 -0.00667002 -0.00782868 -0.00328318 -0.00393921 0.000771192 0.000553997 0.00285924 -0.00418367 -0.00724152 0.000627645
internal_weight=56806 10487 10425 46319 225 179 10200 22559 534 23760 2150 329 232 8050 22025 1884 7017 6768 122 1566 1491 1255 6646 5034 15690 14260 18358 147 1209 14180
internal_count=56806 10487 10425 46319 225 179 10200 22559 534 23760 2150 329 232 8050 22025 1884 7017 6768 122 1566 1491 1255 6646 5034 15690 14260 18358 147 1209 14180
is_linear=0
shrinkage=0.05


Tree=9
num_leaves=31
num_cat=0
split_feature=4 15 0 5 16 5 16 6 6 11 11 5 4 15 11 15 13 11 12 3 15 15 13 16 10 0 12 8 3 14
split_gain=95.1947 22.2064 21.1086 20.622 11.9102 9.78588 7.7243 7.32719 6.42254 5.98315 5.66529 5.16427 5.14193 4.77705 4.29358 4.50536 3.21349 5.16522 3.18444 3.37342 7.55241 18.1981 3.20518 3.17241 3.08122 3.02705 2.70456 7.22713 2.98225 2.67013
threshold=0.030468361660449774 0.063989367590374782 -0.037357361993876341 0.01267532792377303 -0.052662503938987075 0.032182212129585559 -0.052662503938987075 1.020920052455252 -0.11937192871173748 0.030023706466371539 0.012589162192508276 0.018334170132769338 0.043908847641844655 0.017388253544492142 -0.021243764887310997 -0.017588249087878035 12.00999975204468 0.015296140057879161 0.029587850258833818 -0.0045794047298124965 0.009228690588452328 0.010219060115409075 13.13000011444092 0.023481214261224962 -0.020247537407416468 -0.019301197036059533 -0.042339714563459634 -0.17360181277044071 0.0017052436509532589 -0.12096344977185801
decision_type=2 2 2 2 2 2 2 2 2 2 2 2 2 2 2 2 2 2 2 2 2 2 2 2 2 2 2 10 2 2
left_child=3 2 4 7 -2 9 -5 16 18 11 24 -4 -6 29 -14 -16 17 -1 19 20 -8 -22 23 -21 -7 -24 27 28 -10 -13
right_child=1 -3 5 6 12 10 8 -9 26 -11 -12 13 14 -15 15 -17 -18 -19 -20 22 21 -23 25 -25 -26 -27 -28 -29 -30 -31
leaf_value=-0.00039742478276421755 -0.0030763859701039543 -0.001836460019552886 -4.0474590826940871e-05 -0.0010210732817649581 -0.00060993014361522958 0.00029116107207373648 -3.1014384245359128e-05 3.3351785758834836e-05 -0.00047531404310581575 9.4832768898003308e-05 -0.00044849596729478462 6.696624828122408e-05 -0.001157997316840685 0.00029205566872340184 -0.0025716084193868707 -0.0013058721491986578 0.00029435715486852932 0.00056408150160647719 0.00019146717879927743 -0.00070029863226715695 -0.0030420069338141283 -0.00012264355158426792 -0.00043906709214956577 0.0002074012631909226 -0.0016244681093547809 0.00016406715576481218 -6.2543840545030131e-05 -0.00013773339151525098 -0.0016982689793256173 -0.00045857279408131251
leaf_weight=69 65 64 1539 86 374 46 1329 3616 44 1149 492 238 118 245 40 240 19958 66 4568 99 50 126 223 71 758 5921 8884 483 40 5489
leaf_count=69 65 64 1539 86 374 46 1329 3616 44 1149 492 238 118 245 40 240 19958 66 4568 99 50 126 223 71 758 5921 8884 483 40 5489
internal_value=0.000292087 -0.00391591 -0.00374178 0.00129325 -0.011368 -0.00310064 0.000187922 0.00231537 0.000246818 -0.00249423 -0.00715278 -0.00300825 -0.00963731 -0.00367381 -0.013593 -0.0169643 0.00268825 -0.005 0.000995802 0.000383041 -0.00174419 -0.0114773 0.000890086 -0.00588235 -0.00973881 0.00107747 -0.000734843 -0.00408289 -0.017619 -0.0039663
internal_weight=56490 10857 10793 45633 837 9956 21924 23709 21838 8660 1296 7511 772 5972 398 280 20093 135 12387 7819 1505 176 6314 170 804 6144 9451 567 84 5727
internal_count=56490 10857 10793 45633 837 9956 21924 23709 21838 8660 1296 7511 772 5972 398 280 20093 135 12387 7819 1505 176 6314 170 804 6144 9451 567 84 5727
is_linear=0
shrinkage=0.05


Tree=10
num_leaves=31
num_cat=0
split_feature=5 4 10 0 6 14 4 16 14 12 12 10 6 5 5 10 11 11 12 12 3 8 11 4 6 5 0 11 14 10
split_gain=86.5995 25.6656 14.8622 12.2006 11.2022 8.92917 7.56858 7.04332 6.66557 5.92099 5.82164 5.70496 5.6137 4.77662 4.11127 3.88531 3.55826 3.99912 4.21406 10.1335 5.19531 4.5931 3.55558 3.08034 2.98928 2.96804 2.66779 2.43211 2.23801 2.22195
threshold=0.015985216987485226 0.039398633634743239 0.031057644580603009 -0.037357361993876341 0.2297347673815309 0.23397195059943568 0.019377715221247992 -0.052662503938987075 0.23397195059943568 -0.0075921300584320664 -0.067575667738432196 0.017342720778944835 1.3743797560793862 0.028331889830723187 0.010138462205496371 -0.020247537407416468 0.010813393583964605 -0.022672230022230119 -0.02923523392979754 -0.031853242392431029 -0.0054789540431802721 0.12411194396942017 -0.021243764887310997 0.072920696456693065 0.30859146398382525 0.021026124705069257 -0.031110201468222628 0.028003241711031971 0.11068884178819839 -0.011742889521192066
decision_type=2 2 2 2 2 2 2 2 2 2 2 2 2 2 2 2 2 2 2 2 2 8 2 2 2 2 2 2 2 2
left_child=4 8 3 5 6 22 -1 -6 12 10 -10 13 16 -5 -9 -15 17 -2 19 21 -21 -19 -3 24 29 -20 -8 -16 -24 -17
right_child=1 2 -4 11 7 -7 26 14 9 -11 -12 -13 -14 15 27 23 -18 18 25 20 -22 -23 28 -25 -26 -27 -28 -29 -30 -31
leaf_value=0.00030316762454055395 0.00015972356762327842 -0.00084521663043416644 -0.0019331594462650302 -0.00032530944484472315 -0.00097535779912021135 -0.0027741015931289476 -0.00046242777445211399 0.00026368270267369771 -0.00015910303630986244 0.0004447287269155452 -0.0014774508076975787 0.00033599127503889146 -0.00048619544050922483 0.00049665901972126942 -3.0866095634675586e-05 -0.0018118588586608635 1.2679591634446665e-05 -0.00020659797571785806 -8.9550578816541119e-05 -0.0031255120490655147 -0.00081986959740002407 -0.0012260918017082624 -0.0012526431596105968 -0.0020292210265205465 -0.0012171791446742837 -0.00043910829035572553 0.0001477999593290042 0.00035320047463077248 -0.0018217091858937148 -0.00073077914830786076
leaf_weight=13608 945 140 46 1677 60 64 103 3091 48 52 77 255 1276 83 8723 55 4545 681 4281 42 77 44 263 288 361 1128 12741 734 69 1143
leaf_count=13608 945 140 46 1677 60 64 103 3091 48 52 77 255 1276 83 8723 55 4545 681 4281 42 77 44 263 288 361 1128 12741 734 69 1143
internal_value=0.000336861 -0.00257086 -0.00585734 -0.00556162 0.00165003 -0.0126306 0.00223461 0.000423541 -0.00146408 -0.0111017 -0.017 -0.00458053 -0.00133305 -0.00509149 0.00050526 -0.00678756 -0.000990803 -0.00168241 -0.00214057 -0.00542654 -0.0189496 -0.0032069 -0.0102542 -0.00726313 -0.0063855 -0.00162784 0.00136406 -1.21601e-05 -0.0130723 -0.00518364
internal_weight=56700 17640 4444 4398 39060 536 26452 12608 13196 177 125 3862 13019 3607 12548 1930 11743 7198 6253 844 119 725 472 1847 1559 5409 12844 9457 332 1198
internal_count=56700 17640 4444 4398 39060 536 26452 12608 13196 177 125 3862 13019 3607 12548 1930 11743 7198 6253 844 119 725 472 1847 1559 5409 12844 9457 332 1198
is_linear=0
shrinkage=0.05


Tree=11
num_leaves=31
num_cat=0
split_feature=4 4 4 6 16 10 12 0 12 6 10 9 10 9 6 6 10 11 5 8 5 0 1 12 12 11 0 10 15 15
split_gain=73.8154 15.2177 14.5677 8.77069 7.56697 6.77917 10.7024 6.19985 6.00957 5.95848 4.83921 4.7094 4.53434 4.50988 3.54642 3.52129 3.25685 2.9564 3.476 2.73349 2.48861 2.21173 2.19763 2.1606 2.05228 2.47046 2.00825 2.00699 2.1612 1.99829
threshold=0.028645880765434419 0.047133498475308476 0.019775662685978464 0.99433135565197006 -0.052662503938987075 -0.017312021268647334 -0.0075921300584320664 -0.028292735585509928 -0.049048441539310476 0.2297347673815309 0.0239914392111974 0.29201520273870435 -0.029463617054616639 0.701605617003905 1.1129709421558347 0.29506622356436962 0.0077407225334993343 0.023193320881576888 0.019069189950486842 -0.14284740560727885 0.014548742472456118 -0.01280242086046429 0.12091631599205722 -0.05023266322533259 -0.036045900478668118 -0.0081164362823131202 -0.037357361993876341 -0.0061038780912164295 -0.017588249087878035 -0.008866631515659416
decision_type=2 2 2 2 2 2 2 2 2 2 2 10 2 10 2 2 2 2 2 10 2 2 2 2 2 2 2 2 2 2
left_child=2 4 9 13 7 6 8 -2 12 29 26 14 -4 16 17 20 -3 18 -6 -16 -7 -10 -15 -11 -18 -26 -5 -17 -29 -1
right_child=1 3 5 10 11 15 -8 -9 21 23 -12 -13 -14 22 19 27 24 -19 -20 -21 -22 -23 -24 -25 25 -27 -28 28 -30 -31
leaf_value=0.00011866502982030346 -0.0019274104811817093 -0.0008815973549640573 -0.0010462692542068947 -0.0021153364633528806 -3.330496611727588e-05 0.0001625215316163789 0.00045554562309664304 -0.00023119215983278198 -0.00087124344738195479 -0.00043841210650098447 -0.0036108058573000815 -0.00059004878133017973 -0.00026367985707696106 -0.0022818506334231193 -0.0010654361356012558 0.00013649956449202717 0.00028899283864212277 9.8151918865374782e-05 -0.0002416934830454981 -0.00041839609417225303 3.5894236357670786e-05 -0.0005063502207447592 -0.00088284495942088739 0.00015663885415776718 -0.0017008468043971032 -0.00018282616059938839 -0.0012100316941314447 -0.00077213948155658652 -7.3869498328407734e-05 0.00030252102590688399
leaf_weight=1328 55 1435 49 117 3108 8287 211 73 56 146 40 1238 145 147 100 1157 246 1501 3788 1094 6807 42 41 6415 42 159 206 45 5254 13312
leaf_count=1328 55 1435 49 117 3108 8287 211 73 56 146 40 1238 145 147 100 1157 246 1501 3788 1094 6807 42 41 6415 42 159 206 45 5254 13312
internal_value=0.000394923 -0.00284914 0.00139918 -0.00642622 -0.00205485 0.000499479 -0.00523857 -0.0141406 -0.0114384 0.00233503 -0.013595 -0.001912 -0.00634021 -0.00516908 -0.00153738 0.000633411 -0.00443146 -0.00117482 -0.00161253 -0.0040871 0.00105141 -0.0215306 -0.0125532 0.00108291 -0.000704698 -0.00445274 -0.0115635 -0.000343866 -0.000755803 0.00289617
internal_weight=56644 13390 43254 2433 10957 22053 503 128 292 21201 363 10829 194 2070 9591 21550 1882 8397 6896 1194 15094 98 188 6561 447 201 323 6456 5299 14640
internal_count=56644 13390 43254 2433 10957 22053 503 128 292 21201 363 10829 194 2070 9591 21550 1882 8397 6896 1194 15094 98 188 6561 447 201 323 6456 5299 14640
is_linear=0
shrinkage=0.05


Tree=12
num_leaves=31
num_cat=0
split_feature=5 4 10 13 13 0 5 16 9 3 6 11 11 13 13 6 11 11 8 13 13 6 10 13 16 11 6 15 13 10
split_gain=63.1084 20.3717 12.7414 11.5127 12.5516 9.86964 8.01545 7.91391 7.15036 6.20696 4.64627 4.51333 4.26328 7.10126 16.6859 7.25526 4.52396 6.33518 4.47597 3.86485 3.98281 3.8607 3.76868 3.34254 3.27875 3.14829 3.00691 2.85959 2.74172 7.86134
threshold=0.015786060850605611 0.041275350009349863 0.031057644580603009 27.855000495910648 30.345000267028812 -0.044709648188574196 0.011461685618186092 -0.052662503938987075 0.20030073847279342 -0.02866656480619317 0.11034765292028323 0.010411796556971999 -0.022672230022230119 21.134999275207523 21.555000305175785 -0.44916598387319479 0.0084051608350934632 0.0086020327347603471 0.2053177187642076 24.630000114440922 23.965000152587894 0.8250789964284716 0.0038486575209699674 21.724999427795414 -0.039849149073537364 -0.026323621770933166 0.037932592717727413 -0.016247725666837017 22.429999351501468 0.016487850425620846
decision_type=2 2 2 2 2 2 2 2 10 2 2 2 2 2 2 2 2 2 8 2 2 2 2 2 2 2 2 2 2 2
left_child=3 7 5 6 -5 24 21 9 19 -2 -8 12 22 16 15 -15 -14 -18 -16 20 -7 -1 -9 27 -3 26 -24 -13 -12 -30
right_child=1 2 -4 4 -6 8 10 11 -10 -11 28 23 13 14 18 -17 17 -19 -20 -21 -22 -23 25 -25 -26 -27 -28 -29 29 -31
leaf_value=0.00028129468729401431 -0.0022496620451495676 -0.0029594450262543539 -0.0020312541737177964 -0.0011693430323884181 3.0263366594642309e-05 -0.00052031573189975286 0.00015745993755299074 0.00030253523493535528 -0.0013023187948055844 -0.00012573253635959303 2.637797610427056e-05 -0.00060334838415158627 -0.00012124389520297331 -0.0027089964133988655 -0.00022839375561858156 -0.00099483870487282727 -0.0014687397170079712 -0.00023925428051102668 -0.0013830538590800764 2.6943544312392477e-05 -0.0011631115424520706 0.00011120362780740589 -0.00012004212120116775 0.0003244055673408233 -0.0014289971124910763 0.00032393355808870371 -0.0007123368410305212 -3.4843192761986106e-05 -7.6564951747556465e-05 -0.001528333251038916
leaf_weight=13438 40 42 47 82 104 1532 14015 973 983 82 7046 40 5508 81 1158 67 93 528 40 778 70 3093 87 754 320 101 73 4779 472 58
leaf_count=13438 40 42 47 82 104 1532 14015 973 983 82 7046 40 5508 81 1158 67 93 528 40 778 70 3093 87 754 320 101 73 4779 472 58
internal_value=0.000397812 -0.0020285 -0.00529958 0.00154902 -0.0108602 -0.00497315 0.00160957 -0.0011719 -0.00412875 -0.0138525 0.000975175 -0.00106358 -0.0017746 -0.00222408 -0.00551263 -0.0213514 -0.00150188 -0.0055475 -0.00355593 -0.00264706 -0.00405119 0.00243815 0.000948136 4.75509e-05 -0.0128177 -0.00438697 -0.00875 -0.000436812 -2.24391e-05 -0.00349057
internal_weight=56484 18176 3772 38308 186 3725 38122 14404 3363 122 21591 14282 8709 7475 1346 148 6129 621 1198 2380 1602 16531 1234 5573 362 261 160 4819 7576 530
internal_count=56484 18176 3772 38308 186 3725 38122 14404 3363 122 21591 14282 8709 7475 1346 148 6129 621 1198 2380 1602 16531 1234 5573 362 261 160 4819 7576 530
is_linear=0
shrinkage=0.05


Tree=13
num_leaves=31
num_cat=0
split_feature=4 15 0 4 16 14 12 5 13 6 4 13 14 6 6 5 4 8 5 2 13 4 14 8 14 0 13 0 8 12
split_gain=59.9047 14.2131 11.929 11.8176 6.47282 6.33302 12.9905 5.83087 5.16602 5.13645 3.97507 3.79164 3.69885 3.42152 3.05769 2.74557 2.56613 2.31748 2.12014 2.66573 2.48329 2.04963 2.19582 2.04113 2.03382 1.96125 1.95905 1.85 1.7604 3.15494
threshold=0.028645880765434419 0.063989367590374782 -0.037357361993876341 0.019243131139475077 -0.052662503938987075 0.17323568959812755 -0.013469697209426477 0.028331889830723187 38.065000534057624 1.020920052455252 0.051738940144178597 24.385000228881839 -0.12096344977185801 1.8846115898938092 1.2548956301484135 0.013693065105127142 0.086987946903920768 -0.11774947084785274 0.018444068992157971 -0.12557304282365414 22.429999351501468 0.037417704048944157 0.10157519013318318 -0.15468356392095675 0.23397195059943568 -0.017960350783579989 12.00999975204468 -0.023682656750127481 -0.12822476066184788 -0.031853242392431029
decision_type=2 2 2 2 2 2 2 2 2 2 2 2 2 2 2 2 2 8 2 2 2 2 2 10 2 2 2 2 10 2
left_child=3 2 4 9 -2 13 8 12 25 -1 -6 21 -4 15 17 26 -13 -14 -19 20 -20 -9 -23 -16 -21 -7 -5 -17 29 -28
right_child=1 -3 7 5 10 6 -8 11 -10 -11 -12 16 14 -15 23 27 -18 18 19 24 -22 22 -24 -25 -26 -27 28 -29 -30 -31
leaf_value=0.00025040803727827864 -0.0024276571869292001 -0.0013754638223515173 0.00023681539858448473 -0.00039561774399750403 -0.00052306004727526204 -0.0014586569504316119 0.00011098606855599574 0.00015907504803857686 -0.00013929942290170569 2.7711051010415567e-05 -0.0013877139770863305 8.7083661106242832e-06 0.00013568063735580743 -0.00020400356336628637 -0.00099013565570540583 -0.00022630048238872179 -0.0014018748123983535 -5.2015395409976316e-05 -0.00028499085862481306 -0.00018750474298014376 -0.00075554827511251912 -0.00097496887067459014 -0.0021396311969200271 -0.00044885429444601206 -0.00061968842126181218 -0.00035136471175664153 -0.00094850101347462585 5.0473648806764813e-05 0.00015929505326829459 5.1469958494515668e-05
leaf_weight=16579 74 70 567 42 595 55 336 92 55 2763 274 565 599 1658 71 539 51 2768 126 4985 71 1515 62 843 54 67 70 11687 8945 284
leaf_count=16579 74 70 567 42 595 55 336 92 55 2763 274 565 599 1658 71 539 51 2768 126 4985 71 1515 62 843 54 67 70 11687 8945 284
internal_value=0.000393362 -0.00252877 -0.00241061 0.00130107 -0.00783139 0.000553543 -0.00494152 -0.00199733 -0.015904 0.00221849 -0.00662255 -0.0042779 -0.00148056 0.000674919 -0.0017143 0.000843187 -0.000925324 -0.00142218 -0.00164668 -0.00223835 -0.00794416 -0.00551528 -0.00593849 -0.00446389 -0.00201528 -0.0216393 0.0014886 0.000350074 0.00153726 -0.0019209
internal_weight=56462 13382 13312 43080 943 23738 513 12369 177 19342 869 2285 10084 23225 9517 21567 616 8603 8004 5236 197 1669 1577 914 5039 122 9341 12226 9299 354
internal_count=56462 13382 13312 43080 943 23738 513 12369 177 19342 869 2285 10084 23225 9517 21567 616 8603 8004 5236 197 1669 1577 914 5039 122 9341 12226 9299 354
is_linear=0
shrinkage=0.05


Tree=14
num_leaves=31
num_cat=0
split_feature=5 4 6 6 14 12 4 11 12 13 11 12 0 11 16 13 8 11 6 14 3 11 14 11 13 13 0 14 12 11
split_gain=53.9012 18.3256 10.1359 7.60899 5.70818 5.89275 5.10458 4.96492 4.27153 4.19045 3.96868 4.738 4.61597 4.27559 4.52502 3.87087 6.23519 9.19635 3.70856 3.65331 3.2 3.0813 2.90042 2.87452 5.85571 12.7863 8.45847 3.62648 3.1135 2.81301
threshold=0.015724096075970268 0.041275350009349863 0.2297347673815309 1.1129709421558347 0.23397195059943568 -0.0075921300584320664 0.018071607468768985 -0.026323621770933166 -0.067575667738432196 12.00999975204468 0.011995424510659937 -0.071455492513037885 -0.019813862793035149 -0.022310337551763478 -0.019135620232334557 22.429999351501468 0.06167254083825336 -0.022672230022230119 1.4153934739162541 0.15797637088179853 -0.00075784082919544405 0.011695347183510176 -0.040830821857172121 -0.022672230022230119 21.134999275207523 21.555000305175785 0.0076442825736744444 -0.083456210331023115 -0.0026365785957633832 -0.004779226382691181
decision_type=2 2 2 2 2 2 2 2 2 2 2 2 2 2 2 2 8 2 2 2 2 2 2 2 2 2 2 2 2 2
left_child=2 4 6 10 18 8 -1 -5 -6 20 11 -3 13 -13 -15 -4 19 -18 21 -17 -8 23 -12 -2 27 26 -26 -25 -27 -29
right_child=1 3 15 7 5 -7 9 -9 -10 -11 22 12 -14 14 -16 16 17 -19 -20 -21 -22 -23 -24 24 25 28 -28 29 -30 -31
leaf_value=0.00026413854658437083 0.00013714426122114209 0.00010098181420117581 6.3372444784865056e-05 -0.0015240498575172577 -0.00015420350126043279 0.00042543150706920649 -0.00087256804798540124 -0.0012492883845249417 -0.0012535475677018185 0.00014383673055734498 0.00025767989289921 -0.00072842907368348439 -0.00066187980825805454 -0.0013249281312193136 -0.0012229110150048239 0.00017571784611932512 -8.5067974907957115e-05 -0.0012226493659830116 -0.00038948771769779463 -0.00041356535391598014 6.9598132668005227e-07 3.1562026555940105e-05 -0.000362142814866383 0.00035851512373554016 -0.0010450342525045494 -0.00030617854615121404 -0.0027717881044220087 4.8304649865639766e-05 0.00054691535403594079 -0.00018745740737999097
leaf_weight=10648 1080 285 11563 107 58 66 40 397 97 15171 389 152 1435 86 308 444 93 79 1382 147 40 4749 623 389 90 972 53 1607 154 3992
leaf_count=10648 1080 285 11563 107 58 66 40 397 97 15171 389 152 1435 86 308 444 93 79 1382 147 40 4749 623 389 90 972 53 1607 154 3992
internal_value=0.000366516 -0.00185128 0.0014382 -0.00495505 -0.00105215 -0.00902715 0.00199988 -0.0106746 -0.0143548 0.00141335 -0.00407566 -0.00523831 -0.0061055 -0.0100183 -0.0127665 0.000257991 -0.00319135 -0.0115698 -0.000930329 -0.000752961 -0.01 -0.000670182 -0.00147233 -0.00124925 -0.00160741 -0.00469267 -0.0187762 -0.000953574 -0.00290409 -0.00127791
internal_weight=56696 18471 38225 3782 14689 221 25899 504 155 15251 3278 2266 1981 546 394 12326 763 172 14468 591 80 13086 1012 8337 7257 1269 143 5988 1126 5599
internal_count=56696 18471 38225 3782 14689 221 25899 504 155 15251 3278 2266 1981 546 394 12326 763 172 14468 591 80 13086 1012 8337 7257 1269 143 5988 1126 5599
is_linear=0
shrinkage=0.05


Tree=15
num_leaves=31
num_cat=0
split_feature=5 4 15 5 14 9 15 13 14 10 9 12 14 11 14 11 13 1 12 12 10 13 3 15 16 16 15 12 12 13
split_gain=46.865 14.0339 13.4613 8.74587 7.57495 5.59218 5.43254 5.41155 7.09785 6.67348 9.07206 6.18581 4.39533 4.15345 3.46528 3.24628 3.18357 3.30389 3.39879 3.07553 3.06605 11.7142 6.8082 5.76821 6.45375 11.0095 6.21552 2.88687 8.80362 5.07323
threshold=0.016056886182640038 0.036562399474481581 0.063989367590374782 0.011264012011072707 0.23397195059943568 0.16779994859750927 -0.017588249087878035 22.429999351501468 0.15797637088179853 0.016487850425620846 -0.13917051471586275 -0.0075921300584320664 0.063421642021299643 -0.020171836765592806 -0.013975625369978871 0.010571722118832951 24.630000114440922 -0.013400869482490139 -0.02814648891975435 -0.067575667738432196 -0.0066340831111581502 21.409999847412113 -0.0053590746207010645 -0.0063553440631533556 -0.019135620232334557 -0.019630894673623164 -0.0066138687609232907 -0.02923523392979754 -0.031853242392431029 21.409999847412113
decision_type=2 2 2 2 2 8 2 2 2 2 10 2 2 2 2 2 2 2 2 2 2 2 2 2 2 2 2 2 2 2
left_child=3 15 4 -1 5 16 -6 13 9 -9 -11 19 -7 -5 -15 27 17 18 -3 -10 -16 23 -23 24 25 -22 -26 28 -2 -30
right_child=1 2 -4 7 6 12 -8 8 11 10 -12 -13 -14 14 20 -17 -18 -19 -20 -21 21 22 -24 -25 26 -27 -28 -29 29 -31
leaf_value=0.0002288936110854617 -0.00017822545219281602 -0.0011141360285415658 -0.001636901887568259 0.00033516854279077522 -0.0023106278883811017 -0.00065387122068759221 -4.382022372771248e-05 7.5570982678025537e-05 -0.00020687543418964932 -0.0013751343557436638 0.0006348692449436406 0.00030410153299061988 -0.0012326280574293876 0.00017879943847676411 0.00016946618181764387 4.0387014467246619e-05 2.9024527215944806e-05 -0.00012015315273423472 -0.00049944548044685748 -0.00071805885439885 -0.00026001246671261685 -0.0025948210971578926 -9.6429613756522081e-05 5.6356346502927534e-05 -6.633158044787405e-05 -0.00094481532993088914 -0.0011484873197633173 -0.00010490502580183736 -0.00032459036542904188 -0.0026824298762134625
leaf_weight=15572 1140 150 51 1607 84 1993 42 1135 52 75 51 96 384 8861 2173 4525 1074 1113 870 169 140 40 41 8028 1212 70 80 5748 64 65
leaf_count=15572 1140 150 51 1607 84 1993 42 1135 52 75 51 96 384 8861 2173 4525 1074 1113 870 169 140 40 41 8028 1212 70 80 5748 64 65
internal_value=0.000444846 -0.00172427 -0.0037398 0.00139739 -0.00351138 -0.00323782 -0.0156349 0.000795216 -0.00203422 -0.000352894 -0.0112698 -0.0087224 -0.00507573 0.000995866 0.00080528 -0.000718246 -0.00187558 -0.00299344 -0.00504902 -0.0133258 0.000243551 -0.000139944 -0.0190741 2.09865e-05 -0.0028229 -0.0109524 -0.00150155 -0.00139162 -0.00355004 -0.0159302
internal_weight=56705 17303 5761 39402 5710 5584 126 23830 1578 1261 126 317 2377 22252 20645 11542 3207 2133 1020 221 11784 9611 81 9530 1502 210 1292 7017 1269 129
internal_count=56705 17303 5761 39402 5710 5584 126 23830 1578 1261 126 317 2377 22252 20645 11542 3207 2133 1020 221 11784 9611 81 9530 1502 210 1292 7017 1269 129
is_linear=0
shrinkage=0.05


Tree=16
num_leaves=31
num_cat=0
split_feature=4 4 15 0 4 6 10 14 6 8 6 13 14 14 12 15 6 11 11 15 13 11 11 11 13 11 12 15 3 15
split_gain=43.2074 13.6527 9.78141 6.61467 6.13498 5.03723 4.44281 3.71016 3.34645 3.34565 3.08714 3.33953 2.86512 2.62536 3.23816 2.45624 2.38959 2.3244 5.30758 2.26702 2.20887 2.34375 2.36882 4.81385 3.62294 3.57156 3.37424 4.04783 2.8125 2.14237
threshold=0.024890515865883138 0.037417704048944157 0.063989367590374782 -0.037357361993876341 0.018134623253502496 1.3743797560793862 0.017342720778944835 0.23397195059943568 -0.19301199689158374 0.22919080574065434 0.04837173724464839 12.00999975204468 0.063421642021299643 0.23397195059943568 -0.0075921300584320664 -0.023052005752060175 0.20630233349226704 0.037714615631601174 0.036250351573326463 -0.022177853746542516 27.855000495910648 -0.020756034341227022 0.003505922146060048 0.0026615603308526308 23.694999694824222 0.0028224343190543792 0.02444450099338669 0.0051461430771775349 -0.00088364567060977828 -0.016790372097458813
decision_type=2 2 2 2 2 2 2 2 2 8 2 2 2 2 2 2 2 2 2 2 2 2 2 2 2 2 2 2 2 2
left_child=4 5 3 7 8 13 9 15 -1 16 11 -6 -11 17 -15 -3 -5 18 -2 -7 21 -12 23 24 -23 -25 27 28 -27 -17
right_child=1 2 -4 6 10 19 -8 -9 -10 12 20 -13 -14 14 -16 29 -18 -19 -20 -21 -22 22 -24 25 -26 26 -28 -29 -30 -31
leaf_value=0.00025725669375530421 -3.3494400394417472e-05 0.00034666530384899557 -0.0017613784144281546 -0.00020337688733683288 -0.00045034004198614256 -0.00099728410424887253 0.00049358267840427471 -0.0023097326139882106 0.00016305810719589509 -0.00064361931652705902 0.00030773781468395803 0.00013327012465152953 -0.0019484459462604017 -0.00063483207346554972 0.00044059266913511631 -0.0013910550897652399 -0.00059478619582739925 0.00026383950834060933 -0.0013275357032853602 -0.00030666559886571854 -0.00051489006857057484 -2.4738990757796147e-05 8.1896970901658268e-05 -0.0010911869839072116 -0.0010436225059489057 -0.00086629972708579604 0.00030097198689444825 0.00032832116517814603 -0.0012259771367986857 -0.00089216288788563725
leaf_weight=8227 12461 54 46 2889 74 59 289 65 7438 440 834 12570 61 113 57 65 1001 779 71 1668 69 2601 4006 45 77 40 79 46 40 408
leaf_count=8227 12461 54 46 2889 74 59 289 65 7438 440 834 12570 61 113 57 65 1001 779 71 1668 69 2601 4006 45 77 40 79 46 40 408
internal_value=0.000447487 -0.00138459 -0.00356525 -0.00336495 0.00148785 -0.000622041 -0.00273504 -0.00834459 0.00223268 -0.00313027 0.000918168 0.00140146 -0.00697605 -0.000296343 -0.00647059 -0.00695446 -0.00263496 -0.000217489 -0.000382221 -0.00316445 0.000138446 0.000217559 -8.36456e-05 -0.00116462 -0.000545183 -0.0078 -0.005 -0.0100794 -0.016875 -0.00810782
internal_weight=56672 20526 5318 5272 36146 15208 4680 592 15665 4391 20481 12644 501 13481 170 527 3890 13311 12532 1727 7837 7768 6934 2928 2678 250 205 126 80 473
internal_count=56672 20526 5318 5272 36146 15208 4680 592 15665 4391 20481 12644 501 13481 170 527 3890 13311 12532 1727 7837 7768 6934 2928 2678 250 205 126 80 473
is_linear=0
shrinkage=0.05


Tree=17
num_leaves=31
num_cat=0
split_feature=5 5 6 16 14 12 12 11 1 10 5 1 9 9 11 11 6 3 12 5 15 1 11 14 11 11 10 3 15 11
split_gain=39.2931 11.2197 7.18648 6.16165 5.2507 5.05226 9.11928 4.68431 4.24179 4.20499 3.67217 3.54971 3.48823 3.44781 3.15324 3.77194 2.88853 2.44504 2.34108 2.2457 2.18726 2.15228 1.96132 1.94685 1.9417 1.9258 2.84756 4.0486 5.63998 3.07618
threshold=0.01553374297397518 0.028331889830723187 0.12125334754997623 -0.04616112170744429 0.23397195059943568 -0.0075921300584320664 -0.067575667738432196 0.014627059991814352 -0.045312506935065659 -0.023232584216571036 0.01267532792377303 -0.012303653916715339 0.61484445898641382 0.40772802251379142 0.037714615631601174 0.036250351573326463 1.4596562547684735 -0.0049070180747032835 -0.080083523859072289 0.011145157609416255 0.0022019283354985934 -0.046641813396674274 -0.026323621770933166 -0.13532199000438486 0.022655282977909755 0.011695347183510176 -0.0056282491919848457 -0.014162553806076115 0.009228690588452328 0.0084051608350934632
decision_type=2 2 2 2 2 2 2 2 2 2 2 2 10 10 2 2 2 2 2 2 2 2 2 2 2 2 2 2 2 2
left_child=2 4 10 -3 13 6 -6 12 -8 11 -1 -4 18 14 15 16 23 20 -5 -11 -12 -14 -18 -2 -15 26 29 28 -28 -25
right_child=1 3 9 7 5 -7 8 -9 -10 19 17 -13 21 24 -16 -17 22 -19 -20 -21 -22 -23 -24 25 -26 -27 27 -29 -30 -31
leaf_value=0.00021161294320765664 0.00025891127294492514 -0.0020865874511043223 -0.00020904406582538182 0.001080266067298899 1.6137535390934713e-05 0.00045210275669811727 -0.0018329920595044063 -0.00011681624045187288 -0.00024473293277523173 0.00013723266200610165 4.1417479207490509e-05 -0.00090897380986678159 -0.0045769799271783004 -0.0003311970621013799 0.00020055608752524973 -0.0014685592480318534 -0.00081088395593193841 0.00013657543597511679 -0.00085243636517394429 1.9883833805035977e-07 -0.00033876071500018971 -0.0018859961141443077 -0.00026842824067148553 9.4881442805011356e-05 -0.001001832020416179 3.0937719060068987e-05 -0.00034975791111611812 -0.00013331514839035613 -0.0021502429911634553 -0.00075196992655281365
leaf_weight=14993 426 68 94 89 83 78 76 835 42 5421 1100 41 42 601 1071 77 145 7515 1439 7929 405 217 1259 2211 90 3807 218 6132 62 134
leaf_count=14993 426 68 94 89 83 78 76 835 42 5421 1100 41 42 601 1071 77 145 7515 1439 7929 405 217 1259 2211 90 3807 218 6132 62 134
internal_value=0.000428572 -0.00141079 0.00137047 -0.0044052 -0.000922965 -0.00772401 -0.0119154 -0.00401983 -0.0208475 0.000446793 0.00188919 -0.00833333 -0.00546447 -0.000806074 -0.000652425 -0.000846175 -0.000787133 0.00109202 -0.00455497 0.000535581 -0.000747508 -0.0108301 -0.0029416 -0.000554272 -0.00426194 -0.000666985 -0.00107514 -0.0016204 -0.0075 0.000415778
internal_weight=56700 19202 37498 2690 16512 279 201 2622 118 13485 24013 135 1787 16233 15542 14471 14394 9020 1528 13350 1505 259 1404 12990 691 12564 8757 6412 280 2345
internal_count=56700 19202 37498 2690 16512 279 201 2622 118 13485 24013 135 1787 16233 15542 14471 14394 9020 1528 13350 1505 259 1404 12990 691 12564 8757 6412 280 2345
is_linear=0
shrinkage=0.05


Tree=18
num_leaves=31
num_cat=0
split_feature=4 0 15 9 6 14 12 13 13 4 13 14 11 11 13 8 12 13 10 15 15 12 11 10 14 12 13 15 3 15
split_gain=35.8101 9.22811 8.24701 7.00863 6.36203 5.11244 4.97532 10.0529 4.41348 3.64381 3.55229 5.4736 4.03252 3.85728 5.38439 7.62195 5.04059 4.63504 5.49436 5.70224 10.2476 3.81526 3.37577 3.129 5.7194 6.75448 8.50144 6.23303 5.60805 5.23838
threshold=0.024890515865883138 -0.044709648188574196 0.063989367590374782 0.40772802251379142 -0.047759120897218225 0.13092898697672287 -0.013469697209426477 33.719999313354499 27.855000495910648 0.019176370144711203 14.715000152587892 -0.093449770795740669 -0.020171836765592806 0.0069843130840521192 23.694999694824222 0.033323522372489152 0.0086975765073127338 16.73499965667725 0.0086411657132533532 -0.0063553440631533556 -0.0091753814554867402 0.018878595009899749 0.011695347183510176 -0.0056282491919848457 0.13092898697672287 -0.0067439083526363843 30.750000000000004 -0.01211653785148009 -0.012845192980990237 0.0091041420845381377
decision_type=2 2 2 10 2 2 2 2 2 2 2 2 2 2 2 8 2 2 2 2 2 2 2 2 2 2 2 2 2 2
left_child=4 5 3 22 9 -2 7 -7 10 -1 11 -6 -12 14 16 -16 -14 18 19 20 -18 -21 23 24 -3 26 27 -26 29 -25
right_child=1 2 -4 -5 8 6 -8 -9 -10 -11 12 -13 13 -15 15 -17 17 -19 -20 21 -22 -23 -24 28 25 -27 -28 -29 -30 -31
leaf_value=0.00022255891948124359 -0.0004070517295315225 0.00016245776865561994 -0.0009931215117062206 -0.00069048736235431934 -0.00050466740750142126 -0.0019989858001795428 -0.00011882847012758651 -6.0235407301831932e-05 -0.00081096244170162561 0.00011887871400579733 0.00034025259786626537 0.00019593854247090746 0.00011127437941582167 9.0005971318291874e-05 3.2546084988327753e-05 -0.0012350735011113032 -9.5405547610570143e-05 -3.755551759687976e-05 -0.0014185553806754848 -0.00056349116369592536 -0.001008132632772571 -9.5491532228208579e-06 2.5132629299000594e-05 -0.00047834376026012232 -0.00082183557557115739 0.00031302446566049569 9.5791631369267216e-05 -7.9425201385591409e-05 -0.00014905765677592064 -0.0022689874620154776
leaf_weight=11330 529 2370 72 1200 75 108 66 63 86 9769 1346 4987 1918 3694 41 41 118 1526 99 378 69 748 6366 472 283 327 242 118 8202 114
leaf_count=11330 529 2370 72 1200 75 108 66 63 86 9769 1346 4987 1918 3694 41 41 118 1526 99 378 69 748 6366 472 283 327 242 118 8202 114
internal_value=0.000434044 -0.00123417 -0.0010255 -0.000963745 0.00137957 -0.0066188 -0.0127215 -0.0172222 0.000596985 0.00194061 0.000661569 0.00174042 0.000114252 -0.000282669 -0.00119684 -0.0139024 -0.00098229 -0.00228387 -0.00434844 -0.003492 -0.0115775 -0.0021492 -0.000723478 -0.0012129 8.98205e-05 -0.00314433 -0.00611975 -0.010586 -0.00170801 -0.00643345
internal_weight=56757 20532 19766 19694 36225 766 237 171 15126 21099 15040 5062 9978 8632 4938 82 4856 2938 1412 1313 187 1126 18494 12128 3340 970 643 401 8788 586
internal_count=56757 20532 19766 19694 36225 766 237 171 15126 21099 15040 5062 9978 8632 4938 82 4856 2938 1412 1313 187 1126 18494 12128 3340 970 643 401 8788 586
is_linear=0
shrinkage=0.05


Tree=19
num_leaves=31
num_cat=0
split_feature=5 4 15 5 10 15 11 11 14 11 16 13 16 15 3 16 12 13 14 13 15 10 16 3 15 13 14 12 11 13
split_gain=33.7977 10.6751 6.94475 5.38141 4.7548 3.83345 5.45592 4.25788 3.69751 3.29394 3.00161 5.26105 3.73833 2.90485 2.51488 2.48493 3.80116 5.47771 8.63581 2.97308 8.94681 6.6119 5.42394 6.70669 3.20418 4.71029 2.68568 5.37154 2.44752 4.45645
threshold=0.019069189950486842 0.019377715221247992 0.063989367590374782 0.032182212129585559 -0.029463617054616639 -0.017588249087878035 -0.022310337551763478 -0.040606280288626444 0.11927434384443127 0.011742981145945632 0.0029616544180746112 20.154999732971195 -0.00055397230088943805 0.0069208731104983831 -0.018130902170742754 -0.002407356741471633 0.013329903509770149 14.675000190734865 -0.05546753287916955 16.73499965667725 -0.0063553440631533556 -0.0054343681151217118 -0.0044484174608179763 0.0021787050816590718 -0.002028044196673406 16.035000801086429 0.17323568959812755 -0.0075921300584320664 -0.022672230022230119 21.134999275207523
decision_type=2 2 2 2 2 2 2 2 2 2 2 2 2 2 2 2 2 2 2 2 2 2 2 2 2 2 2 2 2 2
left_child=1 15 3 5 14 6 7 -2 -8 -5 12 -12 -7 -14 -3 16 26 18 -18 20 21 -19 -21 -24 -22 -26 -1 -28 -6 -30
right_child=2 4 -4 9 28 10 8 -9 -10 -11 11 -13 13 -15 -16 -17 17 19 -20 22 24 -23 23 -25 25 -27 27 -29 29 -31
leaf_value=0.000242297478672394 -0.0017844359113216466 -0.0014654660326252874 -0.00098060212196161779 -0.0012096775791103078 0.00020501990084981081 -0.00021510183917479615 -0.000559430594180425 0.00027631877659427018 -0.0011469153481800667 -0.00031759169414365194 -0.00022130932024710267 0.00021484570606739527 -0.00069564709266267872 9.2119200815287024e-05 -9.0854652592012948e-05 0.00021052046497003316 -0.00043747780055358856 -8.1494528290124919e-05 0.00026451862294999285 0.00013278669640395845 0.00026080367974175913 -0.00078519093847796055 -0.00014770549177066069 -0.0005426494422832998 -0.00011146454969110332 -0.00076078376835696758 -0.00090607502347810932 0.00038235273374109748 4.7556051828336954e-05 -0.00013995542909184738
leaf_weight=3248 45 56 63 999 2425 2841 107 201 97 567 2971 1178 436 105 64 13081 125 59 1487 911 188 87 122 42 321 48 40 95 22580 2097
leaf_count=3248 45 56 63 999 2425 2841 107 201 97 567 2971 1178 436 105 64 13081 125 59 1487 911 188 87 122 42 321 48 40 95 22580 2097
internal_value=0.000438909 0.000990526 -0.00226327 -0.00215408 0.000347513 -0.00162824 -0.00611111 -0.00109756 -0.0121569 -0.00483397 -0.00136038 -0.000459147 -0.002466 -0.00627542 -0.00958333 0.00187217 0.00109479 -8.84954e-05 0.00202233 -0.00200225 -0.00453058 -0.0155479 -0.000348837 -0.00871951 -0.00164273 -0.00434959 0.00228052 -0.00462963 0.000391484 0.000242534
internal_weight=56686 47076 9610 9547 27222 7981 450 246 204 1566 7531 4149 3382 541 120 19854 6773 3390 1612 1778 703 146 1075 164 557 369 3383 135 27102 24677
internal_count=56686 47076 9610 9547 27222 7981 450 246 204 1566 7531 4149 3382 541 120 19854 6773 3390 1612 1778 703 146 1075 164 557 369 3383 135 27102 24677
is_linear=0
shrinkage=0.05


Tree=20
num_leaves=31
num_cat=0
split_feature=5 4 15 13 12 5 0 13 13 13 12 0 15 7 11 15 14 11 15 13 15 15 14 11 12 13 11 15 15 15
split_gain=28.3372 9.25136 9.06263 5.97497 7.69439 5.03158 4.21908 4.84872 2.83573 4.74751 4.23329 3.16816 2.86052 2.73894 2.26553 4.19001 6.6438 4.57911 2.79231 2.40427 9.96137 15.7853 2.80938 2.22746 3.03865 2.87311 3.24296 2.42353 11.0003 3.19793
threshold=0.01553374297397518 0.041275350009349863 0.063989367590374782 27.855000495910648 -0.067575667738432196 0.011145157609416255 -0.076746878411083228 24.630000114440922 21.134999275207523 21.664999961853031 -0.022249506002163962 -0.022194018374615706 -0.017588249087878035 -0.10829625911584627 -0.021243764887310997 -0.014693696698105272 0.020125848996620292 -0.015548384528814628 -0.022177853746542516 21.134999275207523 0.009228690588452328 0.01122906842139282 -0.060408912479391223 0.010411796556971999 0.12384637745116912 19.72500038146973 0.053184240737224282 0.009228690588452328 0.0095711138801556368 0.016734790434924877
decision_type=2 2 2 2 2 2 2 2 2 2 2 2 2 2 2 2 2 2 2 2 2 2 2 2 2 2 2 2 2 2
left_child=3 23 6 5 -5 -1 -3 8 12 -10 11 -11 -8 -9 -7 16 -16 -18 -19 -17 22 -22 -21 24 27 26 -25 -2 -29 -30
right_child=1 2 -4 4 -6 14 7 13 9 10 -12 -13 -14 -15 15 19 17 18 -20 20 21 -23 -24 25 -26 -27 -28 28 29 -31
leaf_value=0.00018441524563174506 -6.6332802256157341e-05 -0.0018727061309898629 -0.0012197661475041783 0.00011411589714341632 -0.0009876305172532246 0.00023450708754619196 -0.0014290816677098377 -0.00058863643192638747 -0.0026036716333694919 -0.0015632067097466733 1.5432566629545704e-05 -0.00086373985967084675 -0.00044111799286519413 0.00013006689167497252 -0.00052108990948654768 9.5785212772427043e-05 -0.00037802379966236747 -0.0004198791505726209 0.00028228470674404403 -0.00067280433727444171 -0.0020595424802835965 -8.8529428565244442e-05 0.0002382991728545592 -1.5586995565613004e-05 -0.00062680086497969806 0.00023515437818129702 -0.0008712600583126647 -0.0029122473244421292 -0.00041602478187461028 0.00021318881304816748
leaf_weight=14633 8024 118 41 93 80 1926 43 147 55 43 176 127 2225 771 54 19131 124 86 415 56 76 174 634 4849 57 1012 59 45 952 368
leaf_count=14633 8024 118 41 93 80 1926 43 147 55 43 176 127 2225 771 54 19131 124 86 415 56 76 174 634 4849 57 1012 59 45 952 368
internal_value=0.000465951 -0.00110088 -0.00332888 0.00126487 -0.00800578 0.00130786 -0.00307018 -0.00276415 -0.00384226 -0.0077182 -0.00554913 -0.0111765 -0.00315697 0.000370371 0.000841418 0.000689157 -0.00317378 -0.00172 0.000409182 0.00081984 -0.00164894 -0.0102 0.00144928 -0.000557725 -0.0010343 0.000202703 -0.000297473 -0.000964426 -0.00291209 -0.00208333
internal_weight=56594 19112 3746 37482 173 37309 3705 3587 2669 401 346 170 2268 918 22676 20750 679 625 501 20071 940 250 690 15366 9446 5920 4908 9389 1365 1320
internal_count=56594 19112 3746 37482 173 37309 3705 3587 2669 401 346 170 2268 918 22676 20750 679 625 501 20071 940 250 690 15366 9446 5920 4908 9389 1365 1320
is_linear=0
shrinkage=0.05


Tree=21
num_leaves=31
num_cat=0
split_feature=4 4 4 16 6 15 16 16 6 10 13 10 15 14 16 14 10 10 16 1 13 14 16 14 14 12 16 16 12 13
split_gain=24.5516 7.50121 6.93925 5.9428 3.76467 3.51959 10.1544 3.53979 3.42065 3.26382 3.0811 2.7934 2.3852 5.79498 3.46554 4.10006 4.46326 3.83764 2.55143 2.74297 2.72338 2.1625 3.665 4.02269 22.8411 10.0416 3.59996 6.88793 6.77287 3.27519
threshold=0.027175368333667269 0.019243131139475077 0.058112355217808269 -0.04616112170744429 -0.19301199689158374 -0.017588249087878035 0.010510726272772388 -0.052662503938987075 0.21794355672668886 -0.0056282491919848457 30.345000267028812 -0.029463617054616639 0.00094699974993617275 0.06920052511090892 -0.024518863057809256 -0.12096344977185801 0.0038486575209699674 0.016487850425620846 0.0029616544180746112 -0.0055005083412117952 19.105000495910648 -0.016862044087486924 -0.0096145339656227274 -0.007258231789176727 -0.0083108400172760537 -0.01585306410103415 0.0017343380817199663 0.00065187219961193598 0.016092642436075003 18.510000228881839
decision_type=2 2 2 2 2 2 2 2 2 2 2 2 2 2 2 2 2 2 2 2 2 2 2 2 2 2 2 2 2 2
left_child=1 4 5 -4 -1 6 7 -2 21 -9 -5 -10 18 14 15 -14 -17 -16 19 -7 -20 -3 -23 24 25 -24 27 -25 -29 -26
right_child=2 8 3 10 -6 12 -8 9 11 -11 -12 -13 13 -15 17 16 -18 -19 20 -21 -22 22 23 26 29 -27 -28 28 -30 -31
leaf_value=0.00019369119821096642 -0.00086360207590533702 0.00014265672281263444 -0.0029672041553516085 -0.0010183858276190719 0.00011018080913922199 1.2628036031104266e-05 -0.0014064012752473994 -3.1198149807611664e-05 -0.00043128884979221549 -0.00067607551728142293 0.00049882647143278198 -3.5899501274080834e-05 -0.00010119954558984794 -0.00075702127562770434 -0.00014807588288349278 0.00018647674764412609 -0.00098770219543859372 0.00033030200030491563 2.818714282627256e-06 -0.00023724740079483702 0.00027976660854519284 0.00019947359909403646 -0.0029900704218014623 -3.1169894417122159e-05 -0.00098053732298007093 0.00010659334289214598 9.7486217139638702e-05 -0.001162328780454476 -8.5276289236782977e-05 -0.0011998273645371564
leaf_weight=10132 74 5861 56 933 9226 2808 40 589 58 67 129 6884 215 190 6001 42 105 565 1658 1378 870 2373 41 1390 70 796 3781 69 105 63
leaf_count=10132 74 5861 56 933 9226 2808 40 589 58 67 129 6884 215 190 6001 42 105 565 1658 1378 870 2373 41 1390 70 796 3781 69 105 63
internal_value=0.00045776 0.00110394 -0.00122137 -0.00501789 0.00181785 -0.000930694 -0.00422078 -0.00287671 0.000460891 -0.00170732 -0.00418079 -0.000452319 -0.000747542 -0.00138522 -0.00114896 -0.0059116 -0.0123469 -0.000886384 -7.14922e-05 -0.000828953 0.00118275 0.000896625 0.000395949 -0.000233571 -0.00319588 -0.000137395 0.000304023 -0.00171355 -0.011092 -0.0224436
internal_weight=56569 40849 15720 1118 19358 14602 770 730 21491 656 1062 6942 13832 7118 6928 362 147 6566 6714 4186 2528 14549 8688 6315 970 837 5345 1564 174 133
internal_count=56569 40849 15720 1118 19358 14602 770 730 21491 656 1062 6942 13832 7118 6928 362 147 6566 6714 4186 2528 14549 8688 6315 970 837 5345 1564 174 133
is_linear=0
shrinkage=0.05


Tree=22
num_leaves=31
num_cat=0
split_feature=4 9 14 12 12 8 15 4 14 4 13 10 12 14 11 15 16 9 16 13 12 14 7 14 11 10 14 10 10 12
split_gain=22.7322 7.68192 7.06735 5.72408 10.0688 5.51576 5.17222 4.93244 3.14789 3.27727 2.461 2.98512 7.05271 6.85586 4.15117 3.12144 2.71255 2.2578 2.15503 2.41412 5.17066 5.46312 4.43153 4.23822 3.56078 3.51164 2.38022 4.22754 2.21059 2.28952
threshold=0.024603608931255537 0.40772802251379142 0.23397195059943568 -0.0075921300584320664 -0.067575667738432196 -0.095035402960240586 0.063989367590374782 0.018134623253502496 -0.12096344977185801 0.034804150334047552 24.630000114440922 -0.013932246020769588 -0.013469697209426477 0.13518549268873961 -0.029337465505850421 0.00051848537204890477 0.051970945763323624 -0.14332715964761802 0.0024025840172502426 14.904999732971193 0.023026608295052656 -0.023371909944973176 -0.019718127228498247 -0.056340529311790281 0.0028224343190543792 0.0043154223195999162 0.0071322940265206034 -0.001095493805140457 -0.017312021268647334 -0.0075921300584320664
decision_type=2 10 2 2 2 10 2 2 2 2 2 2 2 2 2 2 2 8 2 2 2 2 2 2 2 2 2 2 2 2
left_child=7 2 6 4 -4 -6 8 18 17 -10 11 12 13 -11 15 -13 -16 -2 19 23 24 -22 -23 -1 28 -24 -26 -28 29 -21
right_child=1 -3 3 -5 5 -7 -8 -9 9 10 -12 14 -14 -15 16 -17 -18 -19 -20 20 21 22 25 -25 26 -27 27 -29 -30 -31
leaf_value=-0.00019366991863438085 -0.00042097666048205429 -0.00072532738555834491 5.9897185563087404e-05 0.0004835285874006741 -0.0028694957107342199 -0.00077891007017565626 -0.0010281001076370652 6.5732003648484428e-05 -2.1671957401963304e-05 -0.0001195043773248224 1.8944879763176419e-05 -0.00030785772082422109 0.00019309424973548275 -0.0011767416385681977 -0.00018014046871671135 -0.0010392872724861626 -0.001494910192289719 0.00031552336947191043 0.00020242001079152761 -0.0008965910615194193 0.000193008957092004 -0.0010987297148148016 -0.0002128090030833879 0.00021441149886722465 -4.5981533210672255e-06 -0.00044937475598551377 -0.00014761904514697815 -0.00056669895356150453 0.00022925830636195255 0.00024449644338025701
leaf_weight=169 94 1266 108 82 41 114 67 19857 13068 44 1243 58 94 63 3875 42 45 893 8966 52 351 66 544 2527 323 41 112 42 2390 79
leaf_count=169 94 1266 108 82 41 114 67 19857 13068 44 1243 58 94 63 3875 42 45 893 8966 52 351 66 544 2527 323 41 112 42 2390 79
internal_value=0.000396361 -0.00089942 -0.000659525 -0.00775362 -0.0113498 -0.0195161 -0.000534565 0.00116966 -0.000486961 -0.000633499 -0.00166179 -0.00223762 -0.00818408 -0.0169626 -0.0019403 -0.012 -0.00168367 0.00226444 0.0018331 0.00115442 0.000375 -0.00273453 -0.00544547 0.00231083 0.00141428 -0.00405983 -0.00254717 -0.00766234 0.00216382 -0.00416031
internal_weight=56716 21197 19931 345 263 155 19586 35519 19519 18532 5464 4221 201 107 4020 100 3920 987 15662 6696 4000 1002 651 2696 2998 585 477 154 2521 131
internal_count=56716 21197 19931 345 263 155 19586 35519 19519 18532 5464 4221 201 107 4020 100 3920 987 15662 6696 4000 1002 651 2696 2998 585 477 154 2521 131
is_linear=0
shrinkage=0.05


Tree=23
num_leaves=31
num_cat=0
split_feature=5 4 6 15 13 11 9 10 14 13 12 15 16 4 6 15 10 11 1 13 5 12 12 2 14 12 12 16 11 16
split_gain=22.5184 6.39456 5.79406 5.71151 4.40703 7.27289 4.16739 3.57794 2.96138 7.1266 15.1147 3.3431 2.84257 2.84078 2.46706 2.20115 2.53198 3.03905 2.54104 6.43767 2.12028 1.86906 2.83529 1.82115 2.13893 3.24984 11.3072 4.84762 2.87525 2.73066
threshold=0.014738285188584936 0.034804150334047552 0.11034765292028323 0.063989367590374782 12.00999975204468 0.015296140057879161 0.83859440410856467 -0.029463617054616639 0.13092898697672287 33.719999313354499 -0.013469697209426477 -0.012931670602125077 -0.016581403082702059 0.015673351858239207 1.8846115898938092 0.017140790234212892 -0.0056282491919848457 0.014627059991814352 -0.10513085702936457 22.930000305175785 0.011145157609416255 0.066365810520591553 0.065716798092613452 -0.051495371553511131 -0.020031535513597539 -0.02923523392979754 -0.031853242392431029 0.0011731508892504074 -0.020171836765592806 -0.023739338101520454
decision_type=2 2 2 2 2 2 10 2 2 2 2 2 2 2 2 2 2 2 2 2 2 2 2 2 2 2 2 2 2 2
left_child=2 7 4 6 5 -1 8 -2 15 10 11 12 -10 -6 21 16 -3 18 19 -18 -4 22 23 -9 29 26 -26 -28 -27 -25
right_child=1 3 20 -5 13 -7 -8 14 9 -11 -12 -13 -14 -15 -16 -17 17 -19 -20 -21 -22 -23 -24 24 25 28 27 -29 -30 -31
leaf_value=-0.0005574694276689107 -0.00073928164089506906 6.886398919528388e-05 0.00011259808923695473 -0.00097669510291393462 0.0002127120328608246 0.00033883270376314727 -0.0017584207189907657 7.2501492450317235e-05 -0.0017581390411417154 0.00026016382773613381 0.0001245566189226473 -0.0010839728806734826 -0.001430552870281709 0.00012717194827124262 -0.00032600398276039694 0.00028327176341347543 -0.00049081077702455846 -3.5080580861274027e-05 -0.00033003973080034717 -0.0014389566109648741 -1.664738608293136e-05 0.00014638767677284888 -0.00044648376259853826 -0.00039835228847518697 -3.4072247879757595e-05 0.0003865979544634696 -0.0021661359011418252 -0.00035605036896353335 -0.00010449472450143288 8.2632616915039186e-05
leaf_weight=91 79 995 5515 57 4814 77 171 3093 78 181 172 56 48 16915 1039 426 184 1538 2871 64 6926 1317 59 266 400 403 59 48 5160 3511
leaf_count=91 79 995 5515 57 4814 77 171 3093 78 181 172 56 48 16915 1039 426 184 1538 2871 64 6926 1317 59 266 400 403 59 48 5160 3511
internal_value=0.000464823 -0.000773288 0.00126798 -0.00204575 0.00175755 -0.00630952 -0.00191333 -0.000209278 -0.00171405 -0.00528037 -0.00940678 -0.0194505 -0.0239683 0.00181992 -0.000154673 -0.00140013 -0.00166136 -0.00215053 -0.00304745 -0.00790323 0.000406318 1.60661e-05 -0.000165782 -0.000115919 -0.00044836 -0.00102965 -0.00486193 -0.0192991 -0.000680388 0.000485835
internal_weight=56613 22275 34338 6841 21897 168 6784 15434 6613 535 354 182 126 21729 15355 6078 5652 4657 3119 248 12441 14316 12999 12940 9847 6070 507 107 5563 3777
internal_count=56613 22275 34338 6841 21897 168 6784 15434 6613 535 354 182 126 21729 15355 6078 5652 4657 3119 248 12441 14316 12999 12940 9847 6070 507 107 5563 3777
is_linear=0
shrinkage=0.05


Tree=24
num_leaves=31
num_cat=0
split_feature=5 0 6 5 15 11 13 11 13 11 5 0 11 11 2 13 14 8 10 3 2 1 5 11 2 11 16 11 16 13
split_gain=19.3646 6.34555 5.38589 4.78897 3.87067 3.38194 3.12851 5.79978 3.04076 5.46229 2.9851 2.54688 2.43145 3.31114 4.69233 2.37137 4.53671 2.30257 2.28228 3.09703 3.15997 2.42663 2.25105 2.46136 2.0586 2.04774 4.09209 2.03508 4.12843 7.20989
threshold=0.014548742472456118 -0.044709648188574196 0.2297347673815309 0.020804647533830056 -0.013541275008551288 0.010571722118832951 12.00999975204468 0.015296140057879161 30.345000267028812 -0.040606280288626444 0.010138462205496371 0.06365669785323215 0.037714615631601174 0.036250351573326463 0.0092870507713571655 14.614999771118166 -0.093449770795740669 0.0098249999601860444 -0.0032352848591708501 -0.011358035759932604 -0.15239110825774835 -0.018751584889869107 0.028910178635249018 -0.011803464465557354 -0.17683394494852281 0.010325592829658616 0.030550362791639144 -0.020171836765592806 -0.018109681079661318 16.73499965667725
decision_type=2 2 2 2 2 2 2 2 2 2 2 2 2 2 2 2 2 10 2 2 2 2 2 2 2 2 2 2 2 2
left_child=2 4 6 12 8 11 7 -1 9 -2 -8 17 13 -3 -15 16 -4 18 -5 20 -20 -22 23 -11 -6 26 27 -17 29 -29
right_child=1 3 15 5 24 -7 10 -9 -10 22 -12 -13 -14 14 -16 25 -18 -19 19 -21 21 -23 -24 -25 -26 -27 -28 28 -30 -31
leaf_value=-0.00047189017848331909 -0.0025335755204439173 -1.4608439662210059e-05 -0.00043834823021902204 5.9863367998655311e-05 -0.00061246922680069122 -4.004319784428598e-05 0.00019804187390365008 0.00032165774433268944 7.0321648470082773e-05 -1.8262291359658482e-05 0.00011437104785011877 -0.00081096696311809481 0.00025011738059728714 -0.0013142766677891405 5.4363148026172836e-05 0.00017432542979669172 0.00016936506574921653 -0.00051505897973634716 -0.0013833708857014005 -0.00023224482335976946 0.00015532884669228561 -0.0016512795209353702 -0.0013643860369361455 -0.00082247595631658107 -9.4891813909187927e-05 0.00010595492022001618 -0.00072458945928837164 -0.0007453509044319835 -5.6681068116749446e-05 -0.00024809261730341552
leaf_weight=100 46 14685 61 962 56 2694 6070 81 63 101 16472 160 769 40 42 1137 3512 1739 46 1107 81 56 54 45 356 1999 126 81 3583 385
leaf_count=100 46 14685 61 962 56 2694 6070 81 63 101 16472 160 769 40 42 1137 3512 1739 46 1107 81 56 54 45 356 1999 126 81 3583 385
internal_value=0.000398438 -0.000715955 0.00116449 -0.000567222 -0.00533287 -0.0016691 0.00160256 -0.00494475 -0.00956311 -0.0120732 0.00165513 -0.00256444 -8.17454e-05 -0.000224487 -0.0102439 0.000249908 0.00130563 -0.00231646 -0.0012611 -0.00263566 -0.0086612 -0.00485401 -0.0085 -0.00527397 -0.00216019 -0.000266037 -0.000779367 -0.000563054 -0.00108792 -0.00551502
internal_weight=56709 23102 33607 22381 721 6845 22723 181 309 246 22542 4151 15536 14767 82 10884 3573 3991 2252 1290 183 137 200 146 412 7311 5312 5186 4049 466
internal_count=56709 23102 33607 22381 721 6845 22723 181 309 246 22542 4151 15536 14767 82 10884 3573 3991 2252 1290 183 137 200 146 412 7311 5312 5186 4049 466
is_linear=0
shrinkage=0.05


Tree=25
num_leaves=31
num_cat=0
split_feature=5 5 6 5 9 0 6 16 0 15 6 14 9 13 13 15 3 12 6 9 15 3 9 0 15 3 15 3 8 1
split_gain=17.1116 6.30422 5.08769 3.78061 3.45429 3.22464 3.17229 2.58828 1.94258 1.91894 1.80997 1.87089 3.45023 5.65674 1.61216 2.22702 2.89063 1.89099 1.72826 1.59652 1.58706 3.06626 2.59558 4.73133 1.82726 2.07266 1.80432 2.25929 2.64163 3.78216
threshold=0.01553374297397518 0.032182212129585559 1.020920052455252 0.011145157609416255 0.2350915346724273 -0.050111275520147706 1.1129709421558347 -0.023441261113955943 -0.029549606908111033 -0.013541275008551288 1.5974045145562881 -0.075454415356713087 -0.24046965883149471 20.980000495910648 24.385000228881839 -0.005837689121912514 -0.0022088357384058006 0.0086975765073127338 -1.0263392452130966 -0.20956188364465614 0.0010744899580664715 -0.012845192980990237 0.067994170801909407 0.0066080012160426591 -0.0029052196213252275 -0.013504310328102785 0.0024070695638677146 0.0019361407379419051 0.045726013334429501 0.030520892299594208
decision_type=2 2 2 2 10 2 2 2 2 2 2 2 10 2 2 2 2 2 2 10 2 2 8 2 2 2 2 2 10 2
left_child=2 4 3 -1 5 9 14 -8 -5 -2 11 12 13 -7 15 16 -3 19 -16 -17 24 22 23 -22 -13 -26 27 28 29 -23
right_child=1 6 -4 8 -6 10 7 -9 -10 -11 -12 20 -14 -15 18 17 -18 -19 -20 -21 21 26 -24 -25 25 -27 -28 -29 -30 -31
leaf_value=0.00015503053874370981 -0.00089961405577881318 -0.00070358862861765348 -3.314121762642077e-05 -0.00031271548961343495 -0.0002412640158242514 0.00041603667000358305 -0.0020615040331103613 -0.001607246801094087 8.7341422704566502e-05 -0.0001404038465264278 -0.00027047619190981824 -2.1086609942328958e-05 0.00022545719073993042 -0.00068337985340607857 -0.00086955581855838225 0.00051640976611545635 -0.0017730137819073804 -0.00023397985925470996 0.00017722923020676586 -0.0010724248946488346 -0.00025434897266285309 -0.00029795352657653053 -0.00021416507666252948 -0.0023003660690701327 -0.00060847566344522273 0.00016960846280960376 -1.754955298136186e-05 7.6148996996352328e-05 7.668942514680281e-05 -0.0015563520742390756
leaf_weight=12397 165 120 5706 237 2575 117 40 147 19169 166 1077 4633 1463 81 40 53 61 467 326 285 71 167 107 41 59 2058 4322 265 110 58
leaf_count=12397 165 120 5706 237 2575 117 40 147 19169 166 1077 4633 1463 81 40 53 61 467 326 285 71 167 107 41 59 2058 4322 265 110 58
internal_value=0.000418235 -0.00080109 0.00103828 0.00128494 -0.000531793 -0.000240642 -0.0038694 -0.00997326 0.000849222 -0.00512085 -0.000130221 2.65645e-05 0.00159843 -0.00459596 -0.00302515 -0.00407708 -0.0090884 -0.00295031 -0.000191257 -0.00579882 -0.000193003 -0.000854892 -0.00664384 -0.0119643 0.000311111 0.00152811 -0.000597318 -0.00316667 -0.00589552 -0.009
internal_weight=56583 19074 37509 31803 17535 14960 1539 187 19406 331 14629 13552 1661 198 1352 986 181 805 366 338 11891 5141 219 112 6750 2117 4922 600 335 225
internal_count=56583 19074 37509 31803 17535 14960 1539 187 19406 331 14629 13552 1661 198 1352 986 181 805 366 338 11891 5141 219 112 6750 2117 4922 600 335 225
is_linear=0
shrinkage=0.05


Tree=26
num_leaves=31
num_cat=0
split_feature=5 5 1 13 4 11 11 7 16 6 6 11 16 3 13 11 11 9 10 13 11 14 13 2 10 10 11 16 1 10
split_gain=16.5214 6.88081 4.2293 4.22395 3.94126 3.09357 4.28691 6.80594 3.52621 2.93319 2.91682 2.52305 2.44698 5.39575 2.36668 3.72848 2.31608 1.93213 2.26775 4.87957 4.35784 5.25842 3.4391 1.89067 1.86508 8.77262 3.55925 3.31664 1.85744 1.8548
threshold=0.013607838789704327 0.028331889830723187 -0.10513085702936457 27.855000495910648 0.014961958508619562 0.037714615631601174 0.036250351573326463 0.042271577490401231 0.051970945763323624 -0.36713227957300804 1.0504439518171513 0.014627059991814352 0.055781048220837522 0.0071329246575739811 12.00999975204468 0.015296140057879161 -0.035697705395590577 0.21054895551449362 0.0046724002397113837 22.930000305175785 0.025024628746897374 -0.028247300750300127 18.510000228881839 -0.087037531295993273 0.018049187231064859 0.015549884952093642 -0.0029128349712003172 0.037255331995338044 -0.012303653916715339 0.0079479447870289838
decision_type=2 2 2 2 2 2 2 2 2 2 2 2 2 2 2 2 2 8 2 2 2 2 2 2 2 2 2 2 2 2
left_child=3 5 23 4 -1 6 9 -8 -7 29 14 16 13 -10 15 -6 -4 -16 20 -20 -19 -22 -23 -3 25 -11 -27 28 -28 -2
right_child=1 2 11 -5 10 8 7 -9 12 24 -12 -13 -14 -15 17 -17 -18 18 19 -21 21 22 -24 -25 -26 26 27 -29 -30 -31
leaf_value=0.00019114366474746729 5.9453013178529097e-06 -0.0012853176405663717 0.00054124518403937834 -0.00082385036541783672 -0.0005254091109171778 0.00041307816396361796 -0.0013577931727805244 0.00017439454067363271 -0.0011367678962196834 -7.6918742191500679e-05 -4.4141317736228261e-05 6.783915910450618e-06 5.7006324121190204e-05 0.00010678031677252628 0.00013426306393401186 0.0002673824013920023 -0.0006633391254897477 2.9536653487137856e-05 0.00017429958318637532 -0.00069978078257272602 -0.00047913484137571388 0.00015535155052763018 -0.00060269499670624084 -0.00093690186781802672 0.00024489117423664666 -0.001227257708701749 -0.0002248552100417222 -0.0016185397164407964 0.00028374597988696314 0.00017935349361942866
leaf_weight=5302 8506 154 119 73 59 930 64 49 60 13117 3594 813 315 89 13243 42 1501 4259 1848 63 72 122 42 76 386 53 40 51 56 1521
leaf_count=5302 8506 154 119 73 59 930 64 49 60 13117 3594 813 315 89 13243 42 1501 4259 1848 63 72 122 42 76 386 53 40 51 56 1521
internal_value=0.000416733 -0.000449821 -0.00286707 0.00125857 0.00128919 -0.000194754 -0.000328608 -0.0100442 0.00209469 -0.000282343 0.00100968 -0.00225442 -0.00146552 -0.00674497 0.0012481 -0.00638614 -0.00339506 0.00128734 0.000574462 0.00201727 -3.8932e-05 -0.00665254 -0.00170732 -0.00934783 -0.000757863 -0.000857175 -0.01125 -0.0072449 -0.00177083 0.000367508
internal_weight=56619 27900 2663 28719 28646 25237 23843 113 1394 23730 23344 2433 464 149 19750 101 1620 19649 6406 1911 4495 236 164 230 13703 13317 200 147 96 10027
internal_count=56619 27900 2663 28719 28646 25237 23843 113 1394 23730 23344 2433 464 149 19750 101 1620 19649 6406 1911 4495 236 164 230 13703 13317 200 147 96 10027
is_linear=0
shrinkage=0.05


Tree=27
num_leaves=31
num_cat=0
split_feature=4 5 11 6 11 6 11 0 11 14 11 11 2 0 13 14 12 11 13 14 14 9 15 10 12 11 11 14 13 10
split_gain=14.3715 5.14886 4.52724 4.29964 2.9358 2.64839 2.78598 4.25842 2.47329 2.4317 2.42964 4.5375 2.70898 2.36019 2.30221 5.57098 2.3122 5.55399 4.76031 3.5738 10.5318 3.60988 3.32106 9.02724 3.39647 2.55456 2.33552 2.29592 2.26016 7.1616
threshold=0.022555697219694502 0.020804647533830056 0.010672251689981873 1.0000000180025095e-35 0.037714615631601174 1.8846115898938092 0.036250351573326463 0.00588167865045064 0.053184240737224282 -0.14356568835631797 0.0084051608350934632 0.0089565578309193112 0.11385176183524372 -0.076746878411083228 14.570000171661379 -0.093449770795740669 0.0086975765073127338 0.0069843130840521192 16.73499965667725 0.079615825148664734 0.080638292039736062 0.29201520273870435 0.0053964047936085899 1.0000000180025095e-35 0.057603309240649499 -0.0081164362823131202 0.0044457206101340416 -0.040830821857172121 22.730000495910648 0.016487850425620846
decision_type=2 2 2 2 2 2 2 2 2 2 2 2 2 2 2 2 2 2 2 2 2 10 2 2 2 2 2 2 2 2
left_child=3 4 10 -1 5 6 9 -8 -6 -2 13 -12 -13 -3 15 -5 -16 18 19 21 -21 22 25 -24 26 -18 -25 -10 -11 -30
right_child=1 2 -4 14 8 -7 7 -9 27 28 11 12 -14 -15 16 -17 17 -19 -20 20 -22 -23 23 24 -26 -27 -28 -29 29 -31
leaf_value=0.00013187652908566293 0.00038452416446394492 -0.0016279652569716999 5.9825223223186514e-06 -0.00044716025901089937 0.00033310905274335428 -0.00030910782671289918 -0.001234120330129893 9.2414787745199203e-05 0.00020355819409253515 1.6282723192055975e-05 -0.0014359489272430391 3.3432252160500686e-05 -0.00087667391151640241 -0.00027028876920478812 9.3195432406214097e-05 0.00016443007450810552 -0.00089773598431077707 0.00011407043200435538 -3.9139213778962251e-05 -0.00097289765183143368 -3.0665118421198098e-05 -0.00078859404174952169 -0.0012616836484332292 0.00010522549721635878 -0.00084478835145663947 5.5035888066574148e-06 -0.00063807437494789465 -0.00078763617488721493 -7.5989975001243391e-05 -0.0010894571318138568
leaf_weight=18034 406 97 2746 67 787 1451 41 45 49 14752 66 145 82 4165 3005 3960 51 2239 1404 61 83 41 51 214 44 608 58 49 1749 76
leaf_count=18034 406 97 2746 67 787 1451 41 45 49 14752 66 145 82 4165 3005 3960 51 2239 1404 61 83 41 51 214 44 608 58 49 1749 76
internal_value=0.000400523 -0.000442597 -0.00157444 0.00115308 -1.67481e-05 -0.000151188 2.31416e-05 -0.00895349 0.00279661 6.85982e-05 -0.00254116 -0.00694539 -0.00359031 -0.00223839 0.000414774 0.00138689 -8.33437e-05 -0.000758137 -0.00232314 -0.00462015 -0.0120139 -0.00362231 -0.00304094 -0.00685286 -0.00370253 -0.000918057 -0.00161765 -0.00469388 -2.50345e-05 -0.00168493
internal_weight=56626 26706 7301 29920 19405 18520 17069 86 885 16983 4555 293 227 4262 11886 4027 7859 4854 2615 1211 144 1067 1026 367 316 659 272 98 16577 1825
internal_count=56626 26706 7301 29920 19405 18520 17069 86 885 16983 4555 293 227 4262 11886 4027 7859 4854 2615 1211 144 1067 1026 367 316 659 272 98 16577 1825
is_linear=0
shrinkage=0.05


Tree=28
num_leaves=31
num_cat=0
split_feature=5 4 6 4 13 12 16 11 11 11 15 15 15 12 16 11 13 10 0 16 15 15 15 10 7 10 15 11 7 10
split_gain=13.8961 4.5249 4.26122 3.27609 2.89976 5.13339 2.79211 2.63268 4.04039 7.34495 3.31134 11.972 4.50313 6.67987 6.31754 3.02512 2.96783 2.46787 2.81948 2.35742 3.7283 2.55905 5.18141 3.16218 3.60554 2.35613 4.02721 4.91907 2.90131 2.50622
threshold=0.015662186829751967 0.061415178769322905 -0.0097807460894871589 0.014961958508619562 12.00999975204468 0.041547150963613506 -0.04397929890220275 0.0096931856558561975 0.0084051608350934632 0.0086020327347603471 0.009228690588452328 0.0095711138801556368 0.011722320309923486 -0.027697499770916897 0.016672753010892997 0.0038135025222709733 19.72500038146973 -0.0030883271740247405 -0.011554855266012519 0.01823144060258897 0.0067316293412662551 0.0070853510662165506 0.0065186161564483322 0.0066461218839984912 -0.018731184198547354 -0.0056282491919848457 -0.008866631515659416 -0.01567982752768082 0.028921931248938385 -0.016935557307996004
decision_type=2 2 2 2 2 2 2 2 2 2 2 2 2 2 2 2 2 2 2 2 2 2 2 2 2 2 2 2 2 2
left_child=2 7 3 -1 5 -5 -3 8 10 -10 15 -12 13 -13 -15 19 17 18 -9 21 -21 22 25 24 -24 29 27 -27 -29 -2
right_child=1 6 -4 4 -6 -7 -8 16 9 -11 11 12 -14 14 -16 -17 -18 -19 -20 20 -22 -23 23 -25 -26 26 -28 28 -30 -31
leaf_value=0.00019188642251430945 -0.0002229156673073102 -0.0024465485159788571 3.3507848021927253e-05 -0.00078017844760692079 9.8589966018908422e-05 3.1597035698907822e-05 -0.00069048710071867791 -0.00061385036878476215 -0.0010049975139060723 -0.00023273673617908342 -0.0028543825088033683 -0.0011773255606487947 -4.1987889272422826e-05 0.00015155655479810867 -0.001477426965198079 0.00019880177322387956 0.00021675796747053778 2.5306042293904258e-06 -0.00012853786576550217 -0.00041155387457025329 -0.0015368162411311522 0.00033205517609716489 -0.00047279437755750508 -3.8347959919113744e-05 -0.0016159619967232844 0.00080759098656156721 -0.0001039211009092408 -0.00095538035838991023 -0.00014145606755061832 0.00013690590926868456
leaf_weight=3306 787 41 15498 40 19027 68 844 189 117 400 50 53 1149 221 111 1404 1331 5257 264 207 61 485 45 60 53 60 3474 121 41 1972
leaf_count=3306 787 41 15498 40 19027 68 844 189 117 400 50 53 1149 221 111 1404 1331 5257 264 207 61 485 45 60 53 60 3474 121 41 1972
internal_value=0.000392696 -0.000718998 0.000943488 0.00138385 0.00113274 -0.00703704 -0.00420904 -0.000546561 -0.0010344 -0.00534816 -0.000819007 -0.00292298 -0.0021382 -0.00681818 -0.00418675 -0.000438996 0.000206647 -0.000288967 -0.00383002 -0.00084442 -0.00544776 -0.000670611 -0.000927718 -0.00987342 -0.0154082 -0.000708753 -0.00153409 -0.00806306 -0.0125926 0.000396883
internal_weight=56736 18797 37939 22441 19135 108 885 17912 10871 517 10354 1584 1534 385 332 8770 7041 5710 453 7366 268 7098 6613 158 98 6455 3696 222 162 2759
internal_count=56736 18797 37939 22441 19135 108 885 17912 10871 517 10354 1584 1534 385 332 8770 7041 5710 453 7366 268 7098 6613 158 98 6455 3696 222 162 2759
is_linear=0
shrinkage=0.05


Tree=29
num_leaves=31
num_cat=0
split_feature=5 5 5 1 9 11 13 14 1 11 11 13 16 13 11 13 8 13 11 0 14 13 15 11 11 13 15 3 14 14
split_gain=14.2265 5.25323 4.04157 3.32386 3.05287 2.66006 4.03295 7.15824 4.39956 3.76626 8.82238 7.05754 6.88298 10.3154 7.12687 5.82349 10.7982 12.0936 12.6077 4.40274 2.90805 2.87095 3.86057 5.44324 3.64478 3.68326 3.24547 5.49123 2.68198 8.49195
threshold=0.01775062228564742 0.010138462205496371 0.033408352518683342 -0.10513085702936457 0.21335401814768654 -0.020171836765592806 22.730000495910648 0.15797637088179853 -0.031577678730008378 0.003505922146060048 0.0026615603308526308 14.994999885559084 0.0057456100496092741 17.945000648498539 0.0028224343190543792 21.134999275207523 -0.17360181277044071 21.555000305175785 -0.011576459803478654 0.0042239864313555761 -0.047332268196042963 15.944999694824221 -0.016790372097458813 0.0084051608350934632 0.053184240737224282 16.095000267028812 0.0071752468115410259 0.0033164807106432774 -0.019219245464752229 -0.018785167459125836
decision_type=2 2 2 2 10 2 2 2 2 2 2 2 2 2 2 2 10 2 2 2 2 2 2 2 2 2 2 2 2 2
left_child=1 -1 4 -4 -2 6 -3 -8 -9 10 15 20 13 -13 -14 28 19 18 -18 -17 -12 -11 23 -23 25 26 27 -24 -7 -30
right_child=2 5 3 -5 -6 9 7 8 -10 21 11 12 14 -15 -16 16 17 -19 -20 -21 -22 22 24 -25 -26 -27 -28 -29 29 -31
leaf_value=0.00013912568343728561 -3.9130911023474629e-05 0.00027525587780938656 -0.0015198446754388425 -0.00054166778474946736 -0.00028434811441456611 0.00015460444382571091 0.00015924334014115607 -5.0790419476517615e-05 -0.00063122226994675264 0.00014327523780857776 -0.00040750630857296554 -0.00096233096606516955 -0.0011149162713317946 -0.00026336681220367911 -9.1386001287333472e-06 -0.00070216285131391464 -0.00011027236293067807 3.4827313579900623e-05 -0.002254066803846648 -0.001487522479252074 0.00022413923631889362 0.00039742980816424389 -0.00042449957228854734 -0.00082576693532318817 -0.0007094287208078185 5.9141155687660675e-05 0.00021195738237051473 0.000101565067998792 -0.00045585801137167884 7.912889650883344e-06
leaf_weight=9149 8719 2296 149 1191 2197 3334 1059 148 151 9657 80 146 48 142 287 59 83 885 76 41 323 53 229 95 45 8337 133 116 76 7291
leaf_count=9149 8719 2296 149 1191 2197 3334 1059 148 151 9657 80 146 48 142 287 59 83 885 76 41 323 53 229 95 45 8337 133 116 76 7291
internal_value=0.000367966 0.000784749 -0.00113985 -0.00373134 -0.000821729 0.000507247 0.00178435 -0.000375552 -0.00720736 0.000359272 -0.000298733 -0.00474659 -0.00808186 -0.01375 -0.00320895 8.65346e-05 -0.0033042 -0.00180077 -0.0144969 -0.019 0.000409429 0.000813019 0.000170959 -0.00783784 0.000304741 0.000377198 -0.00389121 -0.00644928 0.000449024 -8.34802e-05
internal_weight=56595 44339 12256 1340 10916 35190 3654 1358 299 31536 12871 1026 623 288 335 11845 1144 1044 159 100 403 18665 9008 148 8860 8815 478 345 10701 7367
internal_count=56595 44339 12256 1340 10916 35190 3654 1358 299 31536 12871 1026 623 288 335 11845 1144 1044 159 100 403 18665 9008 148 8860 8815 478 345 10701 7367
is_linear=0
shrinkage=0.05


Tree=30
num_leaves=31
num_cat=0
split_feature=4 5 9 15 6 15 6 8 12 13 11 11 16 15 12 11 8 9 12 16 9 3 15 11 3 16 12 16 16 13
split_gain=10.8813 5.57465 3.68937 3.78328 3.67993 2.81604 2.492 2.55424 2.41306 8.94775 6.5659 3.56314 5.45429 5.38521 16.3171 5.51578 9.45753 5.11524 4.77675 4.77432 8.38359 6.69318 4.96117 4.69256 6.58833 4.28811 9.59692 3.95203 3.94122 3.53324
threshold=0.03307022016377744 0.01005872483906709 0.701605617003905 0.063989367590374782 1.3743797560793862 0.013627283474052511 1.020920052455252 -0.17360181277044071 0.029587850258833818 12.119999885559084 0.053184240737224282 -0.017686145420045315 0.011621318463850285 0.009228690588452328 -0.027697499770916897 -0.0023578954464546493 0.33581227686700083 0.0452555388630358 0.028951929172189476 0.035503922391882388 0.55412784873189203 0.001417166614716914 0.011113263775802464 -0.0020702718690436823 -0.0033324590778871506 -0.01861777707803319 0.027224900336564887 0.010803239878318329 -0.031384067536779851 20.500000000000004
decision_type=2 2 10 2 2 2 2 10 2 2 2 2 2 2 2 2 8 8 2 2 8 2 2 2 2 2 2 2 2 2
left_child=1 -1 3 6 5 8 -2 -8 9 -3 -10 -11 13 15 17 18 23 -15 28 -14 22 -22 -21 24 -17 26 -25 -16 -13 -27
right_child=2 4 -4 -5 -6 -7 7 -9 10 11 -12 12 19 14 27 16 -18 -19 -20 20 21 -23 -24 25 -26 29 -28 -29 -30 -31
leaf_value=0.00013996778379307348 -5.6038188973333463e-05 -0.00079532742534104718 -0.00090533385564272673 -0.0006773450967675576 -9.1611185327963426e-05 0.00024835231881768137 -0.00078101329328238004 -0.000397470091354892 9.8849116192150494e-05 0.00013727375251071006 -0.00077086818371187998 -0.00060170719741097986 0.00019538371292416695 -0.0029035382419873483 -5.4987643264454494e-05 -0.00080367985814675392 -0.00058303977565823018 -0.00062068887857245003 -0.00029684788783293097 0.00010295216367670632 -0.00099414794479949788 -0.00015629996234836968 -0.0015417540008256193 -0.00039117420279377807 -7.1436496441078687e-05 -6.4265685813953826e-05 -0.00098783292602210699 -0.00045406761986544831 0.00010716972955153197 0.00061432512549913169
leaf_weight=8714 6773 47 339 59 4331 2159 115 955 12072 3882 50 65 4799 40 806 40 106 103 85 661 85 88 42 163 79 4857 40 65 4750 263
leaf_count=8714 6773 47 339 59 4331 2159 115 955 12072 3882 50 65 4799 40 806 40 106 103 85 661 85 88 42 163 79 4857 40 65 4750 263
internal_value=0.000430226 0.000716234 -0.00124924 -0.00103012 0.000464741 0.000633293 -0.000935229 -0.00317757 0.000519465 0.000196051 0.0010815 0.000244779 -6.50637e-05 -0.000692724 -0.0041716 -0.000355092 -0.00143475 -0.0198252 0.000867347 0.00120264 -0.00219178 -0.012052 0.000234709 -0.00114664 -0.0109664 -0.000927109 -0.00805419 -0.00160161 0.00107477 -0.000644531
internal_weight=56633 48392 8241 7902 39678 35347 7843 1070 33188 21066 12122 21019 17137 11462 1014 10448 5548 143 4900 5675 876 173 703 5442 119 5323 203 871 4815 5120
internal_count=56633 48392 8241 7902 39678 35347 7843 1070 33188 21066 12122 21019 17137 11462 1014 10448 5548 143 4900 5675 876 173 703 5442 119 5323 203 871 4815 5120
is_linear=0
shrinkage=0.05


Tree=31
num_leaves=31
num_cat=0
split_feature=4 9 14 12 13 4 10 10 15 10 14 14 13 6 8 13 14 13 14 8 6 1 9 10 9 13 14 1 13 13
split_gain=12.5004 5.34593 3.76636 6.48687 10.8809 4.42436 3.51399 3.79771 5.48166 8.78202 3.99055 11.5741 3.93784 3.29426 3.82868 3.18232 3.15215 3.6524 6.95384 9.81939 2.80175 2.70564 2.68012 2.68908 2.58697 2.33718 5.47617 2.32824 2.26321 10.5038
threshold=0.021160660672688732 0.38692684712662989 0.15797637088179853 -0.02683756902577766 38.065000534057624 0.040559549590269521 -0.0066340831111581502 -0.0052693175336530054 -0.0068284267576069193 -0.0061038780912164295 0.076607678117126224 0.080638292039736062 17.914999961853031 1.5974045145562881 -0.15468356392095675 18.82499980926514 -0.12096344977185801 17.605000495910648 -0.098691693357393515 0.10038153873661106 -0.0097807460894871589 0.015229551000557008 -0.0030273624069809264 0.0099108621843819762 -0.15315504868362798 12.119999885559084 -0.0083108400172760537 0.020752175076740657 20.060000419616703 19.98499965667725
decision_type=2 10 2 2 2 2 2 2 2 2 2 2 2 2 8 2 2 2 2 8 2 2 8 2 8 2 2 2 2 2
left_child=20 2 6 4 5 -4 -2 8 9 -8 13 15 -11 16 -15 -12 24 25 19 22 -1 -17 -19 -24 -9 26 -18 -10 29 -20
right_child=1 -3 3 -5 -6 -7 7 10 27 12 11 -13 -14 14 -16 21 17 18 28 -21 -22 -23 23 -25 -26 -27 -28 -29 -30 -31
leaf_value=0.00011799061936080998 0.00013729101737958532 -0.00051118974261832263 -0.00050171836763498307 3.9079452989352886e-05 0.00019229130271353624 -0.0015292314772260419 0.00016544814965160882 -0.00037080960131068152 0.00015222430605202526 -0.00096051037432140518 -0.001018767351095678 0.00024893666411135576 -0.00036386197621636034 -0.0013271751482058459 -0.00020085786892244632 -0.00063576004212051755 3.9109791943975412e-05 0.00013783192542178157 -9.3923596507801963e-05 -0.0014291894637057741 5.5072404084026613e-05 4.7968595785293271e-05 -0.00072712847525702954 -0.0001883059238338186 0.00033071476863592977 6.6964843543094958e-05 -0.00079411676737672064 -0.00037181989727817782 4.2189206120933146e-05 -0.0009775638556602695
leaf_weight=15440 4209 1515 261 589 196 60 168 83 414 111 118 321 135 55 1889 49 118 109 4155 47 10254 57 50 133 1096 11450 53 168 3328 47
leaf_count=15440 4209 1515 261 589 196 60 168 83 414 111 118 321 135 55 1889 49 118 109 4155 47 10254 57 50 133 1096 11450 53 168 3328 47
internal_value=0.000387981 -0.000288213 -0.000139299 -0.00300181 -0.00708897 -0.012757 -2.76767e-05 -0.000259998 -0.00328313 -0.00768116 -0.000129976 -0.0043578 -0.0136992 -2.8081e-05 -0.00199588 -0.0130804 0.000156999 5.13102e-06 -0.000826661 -0.00783186 0.00120339 -0.00679245 -0.00441781 -0.00811475 0.00266751 0.000568368 -0.00523392 -0.000154639 -0.000511288 -0.00128272
internal_weight=56678 30984 29469 1106 517 321 28363 24154 996 414 23158 545 246 22613 1944 224 20669 19490 7869 339 25694 106 292 183 1179 11621 171 582 7530 4202
internal_count=56678 30984 29469 1106 517 321 28363 24154 996 414 23158 545 246 22613 1944 224 20669 19490 7869 339 25694 106 292 183 1179 11621 171 582 7530 4202
is_linear=0
shrinkage=0.05


Tree=32
num_leaves=31
num_cat=0
split_feature=4 6 4 11 11 9 12 16 10 12 13 15 10 16 10 9 11 10 8 3 9 6 10 10 2 12 10 13 9 13
split_gain=10.5883 4.77542 4.29858 3.28425 7.99536 10.596 4.45626 12.0901 9.09746 7.77356 5.89171 5.72051 26.9861 9.38769 8.48805 5.5285 3.87638 5.06626 3.79402 10.4826 3.77268 3.17931 3.1067 5.10154 4.2228 3.30483 7.71076 7.02471 4.44807 13.7409
threshold=0.033633459059209635 1.8846115898938092 0.014961958508619562 0.003505922146060048 0.0033857375272920991 0.21054895551449362 0.015576171273286367 0.015388160698944888 -0.00090813194402433728 0.015760978706321874 22.429999351501468 -0.0068284267576069193 -0.0061038780912164295 1.0000000180025095e-35 -0.0024374516674448006 0.29201520273870435 0.0032511788494672404 0.012431899101191137 0.022849339316916465 0.013759046740960292 0.14332651578176206 0.94493904124746253 0.0041080553382388816 0.0039694794622050509 0.021196878916837195 0.026461493971658315 0.0035295421456860159 12.434999942779543 0.701605617003905 13.13000011444092
decision_type=2 2 2 2 2 8 2 2 2 2 2 2 2 2 2 8 2 2 8 2 10 2 2 2 2 2 2 2 8 2
left_child=1 2 -1 4 6 -6 10 9 -9 -8 16 12 -11 14 15 -14 -4 -18 -12 -20 -16 -2 23 25 -25 26 27 -5 -29 -30
right_child=21 -3 3 22 5 -7 7 8 -10 11 18 -13 13 -15 20 -17 17 -19 19 -21 -22 -23 -24 24 -26 -27 -28 28 29 -31
leaf_value=0.00014987101872617893 -0.00010130017880509456 -0.00012206354158539517 0.00013384970117732921 -0.00060404155923156919 -3.0964313320257045e-05 -0.0010240652449728905 -0.00057812609451054033 -0.00033423339216832307 -0.0011939275508685806 0.00024714320715125618 -2.184479475743566e-06 6.0135665803068527e-05 -0.00073979536513630586 8.0550528320653644e-05 -0.00022387796865369364 -0.00043989720154371094 -0.00052584434422829607 0.00017235417951455361 -0.00025406398705403818 -0.001310652438175559 -0.00042493097741337356 -0.00052153160441837808 0.00015618315513147779 -0.00039829002921637675 -9.5077788003347251e-05 0.00012650232794789973 -0.00099639385208210207 7.3571100574729538e-05 -0.00096939166496732968 -0.000125744361860214
leaf_weight=5042 6586 3401 8780 55 99 65 64 194 95 1080 1572 5280 237 111 165 46 55 59 599 41 70 1203 9216 125 146 6697 113 4358 52 1053
leaf_count=5042 6586 3401 8780 55 99 65 64 194 95 1080 1572 5280 237 111 165 46 55 59 599 41 70 1203 9216 125 146 6697 113 4358 52 1053
internal_value=0.000389082 0.00066196 0.000797137 0.000625449 0.000137546 -0.0108537 0.000235256 -0.000720512 -0.0107439 -0.000309797 0.000867099 -0.000150951 -0.0026653 -0.0108983 -0.0137259 -0.0195583 0.00144142 -0.0077193 -0.00144213 -0.0046875 -0.00670213 -0.00132302 0.00104171 0.000531392 -0.00625461 0.000680565 -0.000212218 5.25555e-05 0.000231558 -0.00260181
internal_weight=56659 48870 45469 40427 18612 164 18448 7342 289 7053 11106 6989 1709 629 518 283 8894 114 2212 640 235 7789 21815 12599 271 12328 5631 5518 5463 1105
internal_count=56659 48870 45469 40427 18612 164 18448 7342 289 7053 11106 6989 1709 629 518 283 8894 114 2212 640 235 7789 21815 12599 271 12328 5631 5518 5463 1105
is_linear=0
shrinkage=0.05


Tree=33
num_leaves=31
num_cat=0
split_feature=5 5 11 5 13 10 12 11 11 11 9 10 15 13 13 8 11 12 16 12 10 12 10 12 11 14 12 15 8 15
split_gain=10.5458 4.92068 3.26921 3.19146 2.42975 2.30717 5.42698 3.58209 2.48656 6.18387 4.67796 3.22089 13.01 4.23587 12.0981 11.3489 5.12449 3.64421 4.14591 5.83354 3.58008 3.13078 3.19077 3.1025 3.20096 2.85972 2.75976 2.75225 7.05803 8.85091
threshold=0.01748960386802478 0.011145157609416255 0.010571722118832951 0.036312053764169828 19.72500038146973 -0.017312021268647334 -0.0075921300584320664 -0.020171836765592806 0.003505922146060048 0.0033857375272920991 0.21054895551449362 -0.0061038780912164295 -0.0088102081654584646 21.134999275207523 21.82499980926514 -0.14284740560727885 -0.007246212580143351 0.011040708270440904 0.015388160698944888 0.030009465649934234 -0.00090813194402433728 0.048358722302503383 0.0012069749261046649 0.020528540512105845 -0.0021561339966340571 0.01016731697942619 -0.0015899546436395349 -0.0023126284439906604 -0.20851299467751225 -0.0011011201229256249
decision_type=2 2 2 2 2 2 2 2 2 2 8 2 2 2 2 10 2 2 2 2 2 2 2 2 2 2 2 2 10 2
left_child=1 -1 3 -2 -4 6 -3 -7 9 11 -11 -9 23 17 16 -16 -15 25 21 -20 -21 22 27 -13 -25 -14 -27 -19 -29 -30
right_child=2 5 4 -5 -6 7 -8 8 -10 10 -12 12 13 14 15 -17 -18 18 19 20 -22 -23 -24 24 -26 26 -28 28 29 -31
leaf_value=0.00010636086466442768 -0.00013277160642887585 -0.00037811728068432482 -5.3445937278036915e-05 -0.00097050735052974738 0.00018888809423480037 0.00020484329363662092 0.00033412459338319419 0.00011197037425112319 6.2896323628148154e-05 -0.00015362939631323897 -0.0011117730832834051 -0.00020965223186017202 0.00021908153547133287 -0.00054259788494676227 -0.0014065463821145302 6.0609087138412373e-05 -0.00271628017352879 -2.2268166831790987e-05 8.4179920089553248e-05 -0.00032275713824775327 -0.00099754507354609507 0.00021057930184019752 7.9509665144285733e-05 -0.00040956207146362829 -0.00072219060349385975 -0.00043739138892307189 0.00017383581410075264 -0.00070413039788450027 -0.0006963950191716836 -1.9537286457240299e-05
leaf_weight=14803 7541 376 3589 540 1247 2597 264 2208 15413 51 43 112 2196 52 44 510 41 900 144 58 70 702 1467 55 170 171 353 46 233 752
leaf_count=14803 7541 376 3589 540 1247 2597 264 2208 15413 51 43 112 2196 52 44 510 41 900 144 58 70 702 1467 55 170 171 353 46 233 752
internal_value=0.000398957 0.000768976 -0.000856623 -0.00147197 0.00017163 0.000390657 -0.00257812 0.000457588 0.000279361 -0.000318944 -0.0130851 -0.000202256 -0.000664933 -0.000246156 -0.00411901 -0.00131769 -0.0208065 0.000107163 -0.000786825 -0.00676471 -0.0145312 -0.000390244 -0.00101825 -0.0102819 -0.0136667 0.00154412 -0.00177481 -0.0023537 -0.00411736 -0.00322335
internal_weight=56748 43831 12917 8081 4836 29028 640 28388 25791 10378 94 10284 8076 7739 647 554 93 7092 4372 272 128 4100 3398 337 225 2720 524 1931 1031 985
internal_count=56748 43831 12917 8081 4836 29028 640 28388 25791 10378 94 10284 8076 7739 647 554 93 7092 4372 272 128 4100 3398 337 225 2720 524 1931 1031 985
is_linear=0
shrinkage=0.05


Tree=34
num_leaves=31
num_cat=0
split_feature=5 5 13 11 13 12 16 16 15 12 12 11 8 12 15 16 15 14 11 16 1 15 10 12 9 8 6 8 10 8
split_gain=8.3558 3.36974 3.08277 2.65317 3.70227 3.88547 3.2482 4.93022 4.29183 6.33333 4.29161 12.5254 11.3758 6.5888 5.32628 11.2222 2.60583 2.90518 3.15505 5.30054 2.47019 2.70013 2.40175 2.34291 2.29146 2.40609 2.21237 2.25621 2.19773 2.12353
threshold=0.014548742472456118 0.029552604674793519 14.570000171661379 -0.020171836765592806 27.855000495910648 -0.067575667738432196 0.0024025840172502426 0.00065187219961193598 0.0062516417598227356 0.0098181049461038023 0.017951110302837473 -0.018660879963565243 -0.17360181277044071 0.018878595009899749 -0.0067504422191148042 -0.01861777707803319 -0.0056388622433700677 0.072802606011034846 0.0032511788494672404 -0.014507233679391661 -0.050848095953391674 0.009228690588452328 0.0075369410281178615 0.02096310075060959 -0.071996744708041335 -0.0036764479713388694 1.2926843122635201 -0.10541818586218792 -0.0042544588401209329 0.020229544276710424
decision_type=2 2 2 2 2 2 2 2 2 2 2 2 10 2 2 2 2 2 2 2 2 2 2 2 10 10 2 8 2 10
left_child=2 26 -1 4 -4 -6 7 10 9 22 12 -12 -5 29 15 28 -14 18 -18 -20 21 -3 -9 -17 25 -11 27 -2 -15 -13
right_child=1 20 3 6 5 -7 -8 8 -10 24 11 13 16 14 -16 23 17 -19 19 -21 -22 -23 -24 -25 -26 -27 -28 -29 -30 -31
leaf_value=0.000119991225269751 0.00013548319790923009 -0.00071803901064517654 0.00018097878225589606 -0.0008168497301783321 0.0001670578252457218 -0.00083489863218995603 7.2335517074236636e-05 -0.0010203811785358282 0.00024222666785079684 -0.00010627933008054458 -0.00068965617116286066 -0.00029458455224123134 0.00025735849487786965 -0.00045718037088006636 7.3036464741262641e-05 -0.00034360248390543057 9.690916253136825e-05 -0.00023843642841573479 -0.0004470693836698264 -5.6354259830403446e-05 -0.00024823675730270811 -0.0020121257375971461 -0.00025046379079812168 -1.6368329768700346e-05 4.0051370368388878e-05 -0.00038632446207565666 -0.00021453614135977315 -1.0034822331965957e-05 -0.00081869808366997099 -0.00066847395322283231
leaf_weight=11181 1300 398 2630 85 62 45 11082 95 107 52 146 51 1674 61 2133 52 2562 122 82 515 1742 76 57 448 205 47 2342 17179 53 45
leaf_count=11181 1300 398 2630 85 62 45 11082 95 107 52 146 51 1674 61 2133 52 2562 122 82 515 1742 76 57 448 205 47 2342 17179 53 45
internal_value=0.000344258 -0.000389156 0.000847226 0.000508902 0.00196748 -0.00714953 0.000305988 -0.00042365 -0.00494671 -0.0070614 -0.000106489 -0.00160756 0.00078373 -0.000874076 -0.000424099 -0.00452769 0.00109485 0.000275831 0.000568218 -0.00270519 -0.00224278 -0.00544304 -0.0153947 -0.0013 -0.00289474 -0.00914141 -0.000191873 -8.38771e-06 -0.0186842 -0.01375
internal_weight=56629 23037 33592 22411 2737 107 19674 8592 563 456 8029 2989 5040 2843 2747 614 4955 3281 3159 597 2216 474 152 500 304 99 20821 18479 114 96
internal_count=56629 23037 33592 22411 2737 107 19674 8592 563 456 8029 2989 5040 2843 2747 614 4955 3281 3159 597 2216 474 152 500 304 99 20821 18479 114 96
is_linear=0
shrinkage=0.05


Tree=35
num_leaves=31
num_cat=0
split_feature=4 9 6 9 14 6 9 0 13 11 11 11 11 0 14 8 14 11 14 13 12 12 10 14 1 10 13 13 11 0
split_gain=8.51872 4.58783 3.92675 4.19816 2.74753 2.23867 2.23527 2.16717 1.97596 2.17806 1.81565 3.23538 6.92142 7.23874 2.53132 6.6666 2.39629 4.59038 3.36185 3.35623 2.65709 8.76935 8.50223 5.83803 4.17391 4.08133 20.5336 3.50779 4.2475 2.93082
threshold=0.019103591510399642 0.26929100728213312 1.4153934739162541 -0.26431113884813651 -0.11544121967691799 -0.18541728861881371 0.83859440410856467 -0.050111275520147706 12.00999975204468 0.015296140057879161 0.050492682028646547 0.037714615631601174 0.036250351573326463 0.00588167865045064 -0.098691693357393515 -0.20851299467751225 -0.034191014747727892 -0.020171836765592806 -0.033161933899028544 12.00999975204468 -0.013469697209426477 -0.01585306410103415 0.00069580976977412512 -0.027977831131809735 -0.035090105568600587 0.0035295421456860159 21.409999847412113 19.159999847412113 0.0026615603308526308 -0.0025622680124123272
decision_type=2 10 2 8 2 2 10 2 2 2 2 2 2 2 2 10 2 2 2 2 2 2 2 2 2 2 2 2 2 2
left_child=5 2 4 -4 -2 8 -3 -6 9 -1 11 12 14 -14 15 -9 -16 -18 -19 -20 21 23 -23 24 -21 27 -27 28 -25 -30
right_child=1 6 3 -5 7 -7 -8 10 -10 -11 -12 -13 13 -15 16 -17 17 18 19 20 -22 22 -24 25 -26 26 -28 -29 29 -31
leaf_value=-0.0004542812994114105 0.00023686049531224828 -0.00014760704953783901 -0.0011500184024590772 -0.00013589015728611312 -0.0006050239747856476 5.9418695641126563e-05 -0.0015171914866085397 -0.0011692581746205637 0.00012053634018339239 0.00021216518855124577 -0.00015423506097204834 0.00032231014240257408 -0.0010749568082169193 0.00012623473177883211 0.00010164964701122345 -0.00012052900539106675 0.00015392859788010787 -0.00031759950440110135 -0.00064242772977755728 -0.00096513629356725439 4.0786938271480751e-06 -0.0010408725103080991 0.00022674957109235897 5.9382891978659644e-05 -0.00031235114823127122 0.00011085883632284845 -0.0026480868174382491 0.00018130988096278904 -0.00048487480259241884 -0.00014351765888945544
leaf_weight=57 1415 3085 47 3608 214 8956 174 48 9958 47 472 1141 79 73 6659 430 3145 49 45 40 14794 91 53 517 75 189 50 928 161 165
leaf_count=57 1415 3085 47 3608 214 8956 174 48 9958 47 472 1141 79 73 6659 430 3145 49 45 40 14794 91 53 517 75 189 50 928 161 165
internal_value=0.000385361 -4.94077e-05 0.000120042 -0.00142955 0.000303733 0.00124829 -0.00184259 0.000200218 0.00176009 -0.00509615 0.000236954 0.000287485 0.000179588 -0.0104605 0.000238529 -0.0033682 0.000302474 3.25093e-05 -0.000289386 -0.000251929 -0.000215964 -0.00180917 -0.01375 -0.001 -0.0119565 -0.000373134 -0.00650628 0.000454546 -0.00188019 -0.00634969
internal_weight=56765 37747 34488 3655 30833 19018 3259 29418 10062 104 29204 28732 27591 152 27439 478 26961 20302 17157 17108 17063 2269 144 2125 115 2010 239 1771 843 326
internal_count=56765 37747 34488 3655 30833 19018 3259 29418 10062 104 29204 28732 27591 152 27439 478 26961 20302 17157 17108 17063 2269 144 2125 115 2010 239 1771 843 326
is_linear=0
shrinkage=0.05


Tree=36
num_leaves=31
num_cat=0
split_feature=4 6 9 13 8 14 11 12 11 13 9 15 11 12 7 14 12 15 13 11 13 14 10 15 13 15 10 11 11 8
split_gain=7.8191 4.34814 3.43566 3.00719 2.68113 2.52555 2.50366 5.62175 5.07039 4.17891 6.2245 5.56484 4.16594 3.88925 3.84332 3.03843 4.20044 3.31013 2.98854 7.69431 4.44035 3.19297 4.05317 2.928 8.39532 10.0971 4.30965 4.37407 8.8652 5.85321
threshold=0.023709850036892157 0.29506622356436962 0.83859440410856467 14.570000171661379 -0.20851299467751225 -0.11544121967691799 0.0069843130840521192 0.0086975765073127338 0.005791561968896298 15.050000190734865 -0.0015401360189746247 0.010618903598118347 0.0069117113136190076 0.01493884956091618 0.016969111574194121 0.17323568959812755 -0.013469697209426477 0.0022019283354985934 21.134999275207523 -0.016802988211636779 24.385000228881839 0.038811658900465458 -4.7534728734643921e-05 -0.0070211550317207374 17.164999961853031 -0.0091753814554867402 -0.0041029098949924561 -0.0031311612165533238 -0.0037226818138522129 0.15805848278226645
decision_type=2 2 10 2 8 2 2 2 2 2 10 2 2 2 2 2 2 2 2 2 2 2 2 2 2 2 2 2 2 8
left_child=3 2 5 -1 -3 -2 7 8 15 10 -9 -12 23 -14 -15 17 -17 -5 21 -20 -21 -19 -23 24 25 -11 -25 28 -28 -29
right_child=1 4 -4 6 -6 -7 -8 9 -10 12 11 -13 13 14 -16 16 -18 18 19 20 -22 22 -24 26 -26 -27 27 29 -30 -31
leaf_value=0.00011410067756413751 0.00026487637688736674 -0.00064807233176830128 -0.0015749205690147893 0.00018174085051406882 -0.00012770402705771791 3.2352326024193515e-06 9.9493402822891719e-05 9.1789104380162986e-05 -0.00038719914788571817 -0.00019570156772780861 -0.00023121205244571873 -0.0010131951299029985 0.00011491423432481056 -0.00057911672474501169 -0.00047143347347500437 -0.0006046935164334598 1.8460002441690702e-05 0.00013229236675237199 8.0833588786209597e-05 -0.0014228899366730912 -0.00014404767772589956 -7.0730898504499219e-05 -0.00077361843469474808 0.00039200996170594878 3.6954496790981988e-05 -0.00070579684869606564 -8.4393618074235011e-05 8.3922651037001734e-05 -0.00081228840021923664 -0.00046319842908899421
leaf_weight=11290 837 72 104 4033 6910 15441 8516 190 89 245 281 98 41 52 45 121 292 1600 265 83 42 152 45 966 847 97 1188 2543 131 45
leaf_count=11290 837 72 104 4033 6910 15441 8516 190 89 245 281 98 41 52 45 121 292 1600 265 83 42 152 45 966 847 97 1188 2543 131 45
internal_value=0.000372479 -0.000328711 0.000116592 0.000864492 -0.00137353 0.000174469 0.000524152 0.000100438 0.00112467 -0.000916679 -0.00501757 -0.00872032 -0.000540322 -0.00913043 -0.0145876 0.00128373 -0.00286925 0.00155949 -6.85852e-06 -0.00397436 -0.0142 0.000854202 -0.00515228 -0.000344771 -0.00256939 -0.00918129 0.00019803 -0.000541336 -0.00288476 0.000653014
internal_weight=56661 23364 16382 33297 6982 16278 22007 13491 6722 6769 569 379 6200 138 97 6633 413 6220 2187 390 125 1797 197 6062 1189 342 4873 3907 1319 2588
internal_count=56661 23364 16382 33297 6982 16278 22007 13491 6722 6769 569 379 6200 138 97 6633 413 6220 2187 390 125 1797 197 6062 1189 342 4873 3907 1319 2588
is_linear=0
shrinkage=0.05


Tree=37
num_leaves=31
num_cat=0
split_feature=4 9 4 0 8 11 13 11 9 13 11 14 12 14 16 8 13 11 14 4 11 15 13 14 11 11 12 14 11 12
split_gain=6.37459 2.7928 2.65448 2.54536 2.64218 2.45182 4.52974 3.26134 2.93938 4.17237 2.55311 2.97905 7.0521 2.59728 3.61601 7.03811 3.24457 8.61046 4.27126 2.45366 2.37522 2.20801 5.23682 5.7716 7.83604 14.9782 3.70109 3.6961 3.45907 6.80959
threshold=0.027546234829454744 0.40772802251379142 0.016540002610496689 0.081283391799765528 -0.04389302521140042 0.028003241711031971 18.214999198913578 0.027231937128701426 0.13370472122600299 18.595000267028812 -0.020171836765592806 0.15797637088179853 -0.02683756902577766 -0.028449828861296097 -0.024234057275211714 -0.15468356392095675 13.194999694824221 0.023858934510878397 -0.066405515647089006 0.021800615033086279 -0.012158378238136978 -0.00023408966585319876 17.615000724792484 -0.0062634959442488527 -0.007246212580143351 -0.004952198143755914 0.031113893842954491 -0.0078859681506743256 -0.01930721697732057 0.020115019751772992
decision_type=2 10 2 2 10 2 2 2 8 2 2 2 2 2 2 10 2 2 2 2 2 2 2 2 2 2 2 2 2 2
left_child=2 3 -1 -2 -5 7 -7 10 -8 -10 11 -4 19 14 15 -12 17 18 -16 -13 -17 28 -23 24 -24 -26 27 -27 29 -15
right_child=1 -3 5 4 -6 6 8 -9 9 -11 13 12 -14 21 16 20 -18 -19 -20 -21 -22 22 23 -25 25 26 -28 -29 -30 -31
leaf_value=0.0001024698699215591 -2.0897206795647575e-05 -0.0005406489350225466 0.00017400133529362405 -0.001096592079234616 -0.00015054134363810587 0.00029016160235225313 0.00016871225109198488 -0.00039781351910100335 -0.00087116178132177254 -0.00014198987159376385 -0.0011138145072278943 -0.00071129655364321085 0.00037938026768068644 5.2877246597463534e-05 -0.0005540216845827152 0.00021787169849988403 0.00012618468012958988 -0.00053166142320315612 3.0891560549580988e-05 -0.00023367399247051828 -0.00016034813579704157 -7.9007600882543444e-06 0.00013673884654282707 -3.7194257483975144e-05 -0.001646007106386245 -0.00033570682561544798 -7.1035533664916515e-06 -0.00060896422201176751 3.8758812075023848e-05 -0.0011274185439495629
leaf_weight=10094 13807 1189 2547 42 83 2029 397 132 72 222 45 61 296 104 40 111 7091 63 707 114 117 5556 210 888 85 201 204 130 9977 73
leaf_count=10094 13807 1189 2547 42 83 2029 397 132 72 222 45 61 296 104 40 111 7091 63 707 114 117 5556 210 888 85 201 204 130 9977 73
internal_value=0.000383421 -0.000495668 0.000703219 -0.000297157 -0.0074 0.000476932 0.00191176 0.000341194 -0.00158466 -0.00537415 0.000377359 0.00175282 -0.00190021 0.000215218 0.000950575 -0.00470696 0.00114606 -0.00185185 -0.000354752 -0.00985714 -0.00114035 -0.000129676 -0.000794611 -0.00320722 -0.00620482 -0.00903226 -0.00593458 -0.0091994 0.000346662 -0.00658192
internal_weight=56687 15121 41566 13932 125 31472 2720 28752 691 294 28620 3018 471 25602 8174 273 7901 810 747 175 228 17428 7274 1718 830 620 535 331 10154 177
internal_count=56687 15121 41566 13932 125 31472 2720 28752 691 294 28620 3018 471 25602 8174 273 7901 810 747 175 228 17428 7274 1718 830 620 535 331 10154 177
is_linear=0
shrinkage=0.05


Tree=38
num_leaves=31
num_cat=0
split_feature=4 9 14 11 10 13 14 15 13 12 13 10 15 15 16 3 14 16 11 6 15 11 16 16 13 12 13 11 6 9
split_gain=7.33653 3.36516 2.93991 8.59535 2.98637 2.9137 2.72455 3.76093 3.35565 3.11742 2.69761 2.51302 3.66191 3.82174 2.58873 4.25645 2.85107 2.44576 3.08111 2.34294 2.25372 2.22029 4.91105 2.10941 2.06968 4.30585 2.04228 3.97062 2.0352 1.99587
threshold=0.02278037624753736 0.17544646055651361 0.13518549268873961 0.0084051608350934632 -0.0066340831111581502 27.855000495910648 0.063421642021299643 1.0000000180025095e-35 16.954999923706058 -0.02814648891975435 20.255000114440922 -0.0052693175336530054 -0.0068284267576069193 -0.010286893464813983 -0.024234057275211714 0.017854828945039095 -0.075454415356713087 -0.04616112170744429 -0.055970636302615777 1.3309709689365785 -0.012931670602125077 -0.00050211682631745569 -0.0089337691794307266 0.060559119148573266 33.719999313354499 -0.02683756902577766 12.00999975204468 0.015296140057879161 1.8846115898938092 -0.035469858589667551
decision_type=2 10 2 2 2 2 2 2 2 2 2 2 2 2 2 2 2 2 2 2 2 2 2 2 2 2 2 2 2 10
left_child=5 2 4 17 -2 19 -3 9 -9 20 21 12 13 29 15 -13 -16 18 -4 26 -8 -11 -23 28 25 -19 27 -1 -18 -6
right_child=1 6 3 -5 11 -7 7 8 -10 10 -12 14 -14 -15 16 -17 23 24 -20 -21 -22 22 -24 -25 -26 -27 -28 -29 -30 -31
leaf_value=-0.00043803963390363156 0.00015111732975374708 -0.00010065319714473271 -3.4808354106474594e-05 -0.00094042725342198975 1.3256313545267503e-05 -0.00067618456723668148 -0.00035501637044007232 -0.00097958886196083256 -0.0003742902319781486 1.3542918610656048e-05 0.00028684238798312538 -7.0188805419329429e-05 2.1955645123184676e-05 -0.00087091217503366004 0.00018443565260775369 -0.0011666944789479887 1.8232235015108148e-05 -0.00046148604872644583 -0.0014368144251609167 -3.3709593357388599e-05 -0.0015245396939957577 -0.00084863599092490868 -0.0003967946879571252 -0.00050758340182411026 0.00056160690819161802 3.3503233190157059e-05 8.0685813776987288e-05 0.00026368822445024034 -0.00026788518900569325 -0.00049181197881875639
leaf_weight=101 2856 4472 60 51 140 70 64 41 129 172 262 1142 401 92 2041 67 11888 213 51 3388 41 41 119 97 193 612 26993 85 779 68
leaf_count=101 2856 4472 60 51 140 70 64 41 129 172 262 1142 401 92 2041 67 11888 213 51 3388 41 41 119 97 193 612 26993 85 779 68
internal_value=0.000378907 -0.000237237 5.08411e-05 -0.00237288 0.000196975 0.000903646 -0.00135649 -0.0039183 -0.0105882 -0.00229614 -0.000892256 -5.83307e-05 -0.00298859 -0.00716667 6.9939e-05 -0.00215467 0.000251604 -0.0014659 -0.00851351 0.00092698 -0.0102381 -0.00388554 -0.008125 -2.58538e-05 -0.000697446 -0.00178788 0.00108153 -0.00413978 3.03941e-05 -0.00341346
internal_weight=56729 26092 20751 1180 19571 30637 5341 869 170 699 594 16715 701 300 16014 1209 14805 1129 111 30567 105 332 160 12764 1018 825 27179 186 12667 208
internal_count=56729 26092 20751 1180 19571 30637 5341 869 170 699 594 16715 701 300 16014 1209 14805 1129 111 30567 105 332 160 12764 1018 825 27179 186 12667 208
is_linear=0
shrinkage=0.05


Tree=39
num_leaves=31
num_cat=0
split_feature=4 9 14 11 12 13 0 10 14 14 9 13 14 14 13 14 4 6 2 11 11 13 11 14 14 9 3 13 11 11
split_gain=7.29 2.85639 2.59075 11.0871 3.15522 9.09178 2.79327 2.45876 4.40151 4.26025 7.07345 4.22807 3.12533 7.19261 4.0752 3.22319 2.30216 2.28814 2.23006 2.01982 3.9456 2.30181 4.26766 1.9809 6.70847 3.9222 1.99981 1.85378 1.84372 4.6795
threshold=0.024318185520315453 0.83859440410856467 0.13092898697672287 0.0084051608350934632 -0.02683756902577766 33.719999313354499 -0.021561933230810345 -0.0066340831111581502 0.03328086000020148 0.039162482689633411 -0.26431113884813651 16.614999771118168 0.076607678117126224 0.080638292039736062 18.82499980926514 0.11927434384443127 0.086987946903920768 1.2926843122635201 -0.036690275838197221 0.011695347183510176 0.011634039633228179 19.115000724792484 0.053184240737224282 -0.10816573528732347 -0.098691693357393515 0.123982939082268 -0.0067302257531445244 28.970000267028812 0.037714615631601174 0.036250351573326463
decision_type=2 10 2 2 2 2 2 2 2 2 10 2 2 2 2 2 2 2 2 2 2 2 2 2 2 8 2 2 2 2
left_child=17 2 7 4 5 6 18 -2 19 10 -10 -12 -11 14 -14 -15 -3 -1 -4 20 23 22 28 26 25 -25 -9 -6 29 -21
right_child=1 16 3 -5 27 -7 -8 8 9 12 11 -13 13 15 -16 -17 -18 -19 -20 21 -22 -23 -24 24 -26 -27 -28 -29 -30 -31
leaf_value=7.2387463548718856e-05 0.0001236762418342931 -0.00013810681890259066 -0.0011895334033869577 -0.0010823705528973295 0.00022270284200537053 0.00030655136348533689 -0.00042757541347169744 -0.00026397392583596879 -0.0011220914009404956 -7.3603130471209504e-06 -0.00046636448786538918 -0.00011547760034728338 -0.0010850157857484784 0.00027818996855360969 -0.00049101010539713064 -0.00079749667024062295 -0.0017297727324663082 -4.1841589611826046e-05 -0.0013275834324437926 8.7135004240329364e-07 -0.0015570303180124929 0.00020804172503177183 -0.00083764670847633364 -0.00018107319739040062 -4.3392063002280809e-05 -0.0012126315950354407 0.0002234391399905401 -0.00039607182687033827 0.00023113173745442875 -0.0013400680591883112
leaf_weight=30859 2713 102 128 54 638 255 142 158 59 1416 68 302 95 286 98 55 73 3957 55 4051 60 1575 79 102 7620 78 848 59 698 41
leaf_count=30859 2713 102 128 54 638 255 142 158 59 1416 68 302 95 286 98 55 73 3957 55 4051 60 1575 79 102 7620 78 848 59 698 41
internal_value=0.000362633 -0.000351926 -0.000300695 -0.00243802 -0.00149961 -0.00422414 -0.00976923 -0.000161259 -0.000376222 -0.00237705 -0.00688811 -0.00432432 -0.00138462 -0.00464419 -0.0123575 -0.000278592 -0.00671429 0.00081227 -0.0138525 -6.53166e-05 -0.000554929 0.000608318 7.08566e-05 -0.000467863 -0.000737179 -0.0102778 0.00162028 0.000767575 0.000260961 -0.000144184
internal_weight=56724 21908 21733 1331 1277 580 325 20402 17689 2379 429 370 1950 534 193 341 175 34816 183 15310 8866 6444 4869 8806 7800 180 1006 697 4790 4092
internal_count=56724 21908 21733 1331 1277 580 325 20402 17689 2379 429 370 1950 534 193 341 175 34816 183 15310 8866 6444 4869 8806 7800 180 1006 697 4790 4092
is_linear=0
shrinkage=0.05


Tree=40
num_leaves=31
num_cat=0
split_feature=5 6 9 6 9 12 13 13 12 10 14 14 10 13 15 10 2 12 2 2 10 15 13 14 14 8 14 15 15 8
split_gain=5.16153 2.47795 2.47944 2.17823 2.40479 3.24837 6.09636 8.95496 3.70121 4.1764 2.84395 8.37525 6.25105 5.34672 4.13317 3.9633 2.75344 2.36106 2.68408 2.41692 2.34086 6.01076 4.16906 4.6282 3.79599 7.84861 7.03254 4.6378 3.02716 2.53582
threshold=0.01553374297397518 -0.20086045686884574 0.17360989798289098 1.3309709689365785 0.20030073847279342 0.027083039342927776 13.13000011444092 13.085000038146974 0.023999932623669954 -0.0055565336151566771 0.072802606011034846 0.080638292039736062 -0.0042544588401209329 13.894999980926515 -0.01211653785148009 -0.0056282491919848457 0.018445808559012903 -0.0075921300584320664 0.0085707214016105277 0.038193922918045138 0.0059882798291268644 -0.0023126284439906604 20.375000000000004 -0.054107623009077337 -0.027300254032733503 0.042772424143809891 -0.0068130779793595378 0.0030933514814167622 -0.0013182425814843299 -0.0071931146065287157
decision_type=2 2 10 2 8 2 2 2 2 2 2 2 2 2 2 2 2 2 2 2 2 2 2 2 2 8 2 2 2 10
left_child=3 2 -2 4 10 6 7 -6 20 -10 -1 12 -12 -14 15 17 -15 18 -13 -20 21 -8 -22 -24 28 26 -26 -28 -23 -29
right_child=1 -3 -4 -5 5 -7 8 -9 9 -11 11 14 13 16 -16 -17 -18 -19 19 -21 22 24 23 -25 25 -27 27 29 -30 -31
leaf_value=0.00010200723396909535 5.7486311683665095e-05 -0.00010460350710713726 -0.00014846506951405919 -2.9883784789112939e-05 -0.00011395718781412334 0.00010989130197901227 8.9960227157477737e-05 -0.00065450039635431701 -0.00064327783901597447 -0.00014024814554311143 0.00025062716905023514 -7.9486544061484806e-05 0.00016977218732383814 -0.00080897774838837666 0.00012758699045317044 -0.00031256193081622102 -0.00056153830169542796 0.00013387720005537105 -0.00069657726526640485 -0.00016708313182205951 0.00023382390852577108 -0.00050831001543114008 -0.00046889979894209813 0.00071684407008233654 -0.00057015950466512142 -6.4220324976551791e-05 -4.596401508139781e-05 -0.00074502458984812862 9.8278912074017586e-05 -0.00031515466985163293
leaf_weight=19301 7871 9103 2197 4370 145 4516 2900 65 65 298 96 214 43 89 1566 58 76 438 44 62 1124 43 120 75 146 647 223 62 618 75
leaf_count=19301 7871 9103 2197 4370 145 4516 2900 65 65 298 96 214 43 89 1566 58 76 438 44 62 1124 43 120 75 146 647 223 62 618 75
internal_value=0.000398941 -0.000268374 0.00027215 0.000740281 0.000878764 0.000279626 -0.000426884 -0.00880952 -0.000151657 -0.0050551 0.00118183 -0.000342517 -0.00815789 -0.0130288 0.000654912 -0.00223039 -0.0171212 -0.00126649 -0.00453125 -0.0110377 0.000143378 -0.000377598 0.00200531 -0.00474359 -0.00263506 -0.00436687 -0.00903162 -0.00527778 0.000385779 -0.0125182
internal_weight=56650 19171 10068 37479 33109 11122 6606 210 6396 363 21987 2686 304 208 2382 816 165 758 320 106 6033 4714 1319 195 1814 1153 506 360 661 137
internal_count=56650 19171 10068 37479 33109 11122 6606 210 6396 363 21987 2686 304 208 2382 816 165 758 320 106 6033 4714 1319 195 1814 1153 506 360 661 137
is_linear=0
shrinkage=0.05


Tree=41
num_leaves=31
num_cat=0
split_feature=4 5 14 15 16 14 9 15 11 13 14 16 13 16 11 13 13 16 11 11 11 12 13 0 14 16 13 16 11 3
split_gain=5.59569 3.42556 3.16276 2.57924 4.37851 4.45036 4.69163 3.38573 3.06545 2.89875 2.67742 2.50907 4.219 3.94146 4.71512 4.93103 8.17375 4.34632 4.55254 13.3003 5.28099 6.06726 4.16373 3.67975 3.54591 3.31887 3.19673 2.90425 3.37899 2.71781
threshold=0.019775662685978464 0.029552604674793519 -0.11544121967691799 -0.00023408966585319876 -0.025601212369674161 0.076607678117126224 0.20544952241132589 0.0067316293412662551 -0.028866681392767265 12.119999885559084 0.083812216488613714 -0.0086552154996682989 17.250000000000004 0.011310475089925888 0.022655282977909755 17.695000648498539 18.015000343322757 0.011025725507301078 -0.007246212580143351 -0.0071058242235014215 -0.0016854647487856698 0.028594674510006083 17.875000000000004 -0.0041781796080814218 -0.081825770158787711 0.032019335574701498 20.335000038146976 0.060559119148573266 0.029572012228067938 0.00085474757492975961
decision_type=2 2 2 2 2 2 10 2 2 2 2 2 2 2 2 2 2 2 2 2 2 2 2 2 2 2 2 2 2 2
left_child=-1 2 -2 9 7 8 10 -5 -6 -4 -7 -10 27 14 15 -14 22 18 24 -20 21 -21 -17 25 -18 -15 -27 28 -13 -23
right_child=1 -3 3 4 5 6 -8 -9 11 -11 -12 12 13 23 -16 16 17 -19 19 20 -22 29 -24 -25 -26 26 -28 -29 -30 -31
leaf_value=7.096599067826312e-05 0.00017223320807479393 -0.00034465694262443211 -0.00060824460067985446 -0.0002061136880513988 -0.000443940323005795 -0.00059428784212777266 -0.00082486375237458766 -0.00086314071572246858 0.00016645087594329593 4.5246631201690986e-05 0.00023212722804273177 6.4826005894874377e-06 0.00018395223179219205 -3.0900874019895812e-06 -0.00043260938969973096 -0.00058263458263317809 -0.00054823026578414591 -0.00063281388129033994 -0.0022623959411837962 -0.00036344233352477335 -0.00011650014996770748 -0.00069436176712661603 -0.0010823931856283676 0.00010665410949882162 0.00015228881188933345 -0.0006665828920604357 0.00018680639487516477 -0.00053591903487969705 0.00029104019328758652 -0.00035241304581692452
leaf_weight=21318 1597 2225 62 214 101 177 98 125 1717 15059 175 7412 591 238 64 147 50 43 47 217 948 47 44 1898 713 135 48 82 1047 42
leaf_count=21318 1597 2225 62 214 101 177 98 125 1717 15059 175 7412 591 238 64 147 50 43 47 217 948 47 44 1898 713 135 48 82 1047 42
internal_value=0.000363526 -2.21982e-05 0.000105317 -4.597e-06 -0.000438489 -0.000319943 -0.00522222 -0.00606195 -0.000178811 0.00046657 -0.00252841 -0.000122344 -0.000346413 -0.00145865 -0.00267017 -0.00237279 -0.00342037 -0.00252254 -0.00219477 -0.00399308 -0.00301435 -0.00872549 -0.0133246 8.40882e-05 0.00087156 -0.00414489 -0.00920765 0.000340124 0.000430902 -0.0197191
internal_weight=56681 35363 33138 31541 16420 16081 450 339 15631 15121 352 15530 13813 5272 2953 2889 2298 2107 2064 1301 1254 306 191 2319 763 421 183 8541 8459 89
internal_count=56681 35363 33138 31541 16420 16081 450 339 15631 15121 352 15530 13813 5272 2953 2889 2298 2107 2064 1301 1254 306 191 2319 763 421 183 8541 8459 89
is_linear=0
shrinkage=0.05


Tree=42
num_leaves=31
num_cat=0
split_feature=4 5 14 6 4 15 14 9 11 15 11 16 11 14 10 14 14 16 3 3 15 14 16 10 11 9 15 16 14 15
split_gain=5.57884 2.97665 2.71118 2.86359 2.36307 2.34439 2.06502 2.00077 3.155 3.1243 3.32022 2.86347 2.64561 2.0116 4.02599 2.92954 5.32132 2.24687 2.1425 2.09948 4.32061 1.87785 2.67523 2.40939 4.56434 6.84294 4.18293 3.81974 2.09624 4.8802
threshold=0.033633459059209635 0.01005872483906709 -0.11544121967691799 2.0283569077119439 0.086987946903920768 0.013627283474052511 -0.10344834121785244 0.14158594066801691 0.023858934510878397 0.013053359281890222 0.014774716524866062 0.037255331995338044 0.022655282977909755 0.15797637088179853 -0.0066340831111581502 0.076607678117126224 0.080638292039736062 -0.04616112170744429 0.0067574654785387276 -0.010621541668625943 0.008557723817652298 -0.098691693357393515 0.0043551251454210247 0.0049263668881139875 0.025024628746897374 0.40772802251379142 0.004822880014358045 0.03008773593874348 -0.028449828861296097 -0.0022213060365172117
decision_type=2 2 2 2 2 2 2 8 2 2 2 2 2 2 2 2 2 2 2 2 2 2 2 2 2 8 2 2 2 2
left_child=1 -1 -3 5 -2 7 -5 8 9 11 -11 13 -13 14 -4 19 -17 -15 -19 20 -16 22 -9 24 28 -26 27 -27 -23 -30
right_child=4 2 3 6 -6 -7 -8 21 -10 10 -12 12 -14 17 15 16 -18 18 -20 -21 -22 23 -24 -25 25 26 -28 -29 29 -31
leaf_value=9.5015614202261422e-05 -9.185932006167183e-05 0.00021463326508967172 0.00020814581058372145 -0.001094021361526154 -0.0011735086804133298 0.00018884426639545739 -0.00015776812407058873 -0.00045691414518802344 0.00020000194778526867 -0.00057259483138479223 0.00017826221119464884 -0.00086467768672429581 9.2843606297336723e-05 -0.0010289758087799522 -4.778809158639666e-05 -0.00053857777229382908 -1.6151449111289597e-06 -2.2438458507121272e-05 -0.00063251219508048313 4.1178424558877737e-05 -0.0014242351729534333 0.0001355843158414592 0.00042324972961689674 8.1684043866257671e-05 3.1015468973893906e-05 -2.9677844963927745e-05 -0.00071878219858167124 -0.00068938670407088618 4.1881213665182072e-05 -0.00014314852277350659
leaf_weight=8652 7570 1487 2535 48 224 1815 2263 151 2426 86 44 75 49 62 422 150 346 625 54 12520 51 1630 51 3586 369 132 91 112 5387 3611
leaf_count=8652 7570 1487 2535 48 224 1815 2263 151 2426 86 44 75 49 62 422 150 346 625 54 12520 51 1630 51 3586 369 132 91 112 5387 3611
internal_value=0.000365923 0.000564203 0.000383046 0.000302525 -0.000876315 0.00041094 -0.00140415 0.000318964 0.00065441 0.000413949 -0.00730769 0.000473385 -0.00709677 0.000529377 0.000647154 0.000303581 -0.00346774 -0.00201754 -0.00118557 0.000447549 -0.00282241 -0.000112434 -0.00490099 -4.75933e-05 -0.000405047 -0.00430398 -0.00947761 -0.00606557 -0.000146782 -0.000445654
internal_weight=56624 48830 40178 38691 7794 36380 2311 34565 19445 17019 130 16889 124 16765 16024 13489 496 741 679 12993 473 15120 202 14918 11332 704 335 244 10628 8998
internal_count=56624 48830 40178 38691 7794 36380 2311 34565 19445 17019 130 16889 124 16765 16024 13489 496 741 679 12993 473 15120 202 14918 11332 704 335 244 10628 8998
is_linear=0
shrinkage=0.05


Tree=43
num_leaves=31
num_cat=0
split_feature=9 4 6 9 14 3 6 9 11 10 10 12 11 12 13 13 0 5 9 14 11 11 14 10 14 14 10 14 13 13
split_gain=5.16873 3.77851 2.1142 3.4703 2.30871 1.93479 1.7529 1.71917 1.69793 4.9417 2.6826 2.32521 3.8866 3.78828 9.54339 4.82471 1.88867 1.79538 1.74634 1.66088 1.76587 4.30162 2.6945 2.03388 1.74126 2.27561 1.89448 2.42356 3.41863 2.42517
threshold=0.2217823819641577 0.019775662685978464 1.2926843122635201 -0.26431113884813651 -0.12096344977185801 -0.0050084666965453653 -0.55181788890694128 0.021116776481560521 -0.022672230022230119 0.0038486575209699674 0.020281882129164822 0.029587850258833818 0.053184240737224282 0.028594674510006083 19.055000305175785 13.234999656677248 -0.059221897886244539 0.014842538517402784 -0.004540967005366491 -0.12635401997537379 0.012589162192508276 0.012360960719592808 0.06920052511090892 0.011878976050790248 -0.098691693357393515 -0.10816573528732347 0.0085637754321118437 -0.056340529311790281 15.574999809265138 18.94999980926514
decision_type=10 2 2 8 2 2 2 8 2 2 2 2 2 2 2 2 2 2 8 2 2 2 2 2 2 2 2 2 2 2
left_child=1 6 4 -4 5 7 -1 -3 9 16 18 13 -13 -10 15 -15 -6 -16 -11 -2 21 24 23 -22 25 -21 27 28 -26 -30
right_child=19 2 3 -5 8 -7 -8 -9 11 10 -12 12 -14 14 17 -17 -18 -19 -20 20 22 -23 -24 -25 26 -27 -28 -29 29 -31
leaf_value=9.7165981409501228e-05 0.0003066346507851936 -0.00045989000494349116 -0.00061835849261403079 -8.6668317567246321e-05 -0.00084138984835939066 0.00026328003156139452 5.8148095736539132e-05 0.00029536830484951955 -8.1992741640452793e-06 -0.00016318020924582419 0.0006295229204008214 7.3991942291443106e-05 -0.0007209109355262866 -0.00071465851861993645 -0.00056054072763922773 0.00017238002136460347 0.00024464066849404258 -0.00049865420560089163 -0.00031842797893429043 -9.2583852929576747e-06 0.00012797966264407588 -0.00057640177798509479 -0.00047237883316607267 -0.00068019355026810772 -0.0018036607839846839 -0.00081242590362904646 0.00030547644333316169 -0.00014959749058851912 0.00010680272129987502 -0.00056025197310353417
leaf_weight=6420 156 64 54 3618 55 1023 13612 53 14518 144 69 8307 54 69 50 334 2195 51 158 50 1510 56 44 121 59 44 272 3221 116 62
leaf_count=6420 156 64 54 3618 55 1023 13612 53 14518 144 69 8307 54 69 50 334 2195 51 158 50 1510 56 44 121 59 44 272 3221 116 62
internal_value=0.00037651 0.000536698 0.000189188 -0.000936819 0.000341512 0.00254386 0.00107129 -0.00354701 0.000244962 0.00145174 -0.00389488 0.000109695 0.000778017 -0.000262282 -0.00452381 -0.0010794 0.00233333 -0.0182673 -0.00592715 -0.00104973 -0.00119262 -0.00177835 0.000164179 0.000493562 -0.00157688 -0.00829787 -0.00140751 -0.00172354 -0.00660338 -0.00314607
internal_weight=56559 50848 30816 3672 27144 1140 20032 117 26004 2621 371 23383 8361 15022 504 403 2250 101 302 5711 5555 3880 1675 1631 3824 94 3730 3458 237 178
internal_count=56559 50848 30816 3672 27144 1140 20032 117 26004 2621 371 23383 8361 15022 504 403 2250 101 302 5711 5555 3880 1675 1631 3824 94 3730 3458 237 178
is_linear=0
shrinkage=0.05


Tree=44
num_leaves=31
num_cat=0
split_feature=4 6 11 15 16 16 3 14 4 11 4 0 15 15 16 3 14 11 13 11 14 14 14 4 7 16 13 12 16 11
split_gain=4.30417 2.65056 2.63459 3.42706 7.31933 4.20599 2.91024 2.7227 2.6765 2.5506 2.36145 2.27897 2.06029 5.41199 1.98074 3.04351 2.4635 2.65278 1.93181 2.82403 1.78252 1.69554 3.7425 3.23085 2.02172 1.64759 6.06331 2.34701 1.91146 1.83306
threshold=0.019775662685978464 0.99433135565197006 -0.022672230022230119 -0.017588249087878035 0.0087863254502850169 -0.032531603712912464 -0.014967186497988836 -0.12096344977185801 0.028795864595426036 -0.022310337551763478 0.065853665128995154 -0.0037711660862781433 -0.008866631515659416 -0.0091753814554867402 -0.052662503938987075 0.0040943183844270878 -0.015155298785694047 -0.025492128925019227 12.00999975204468 0.015296140057879161 0.10157519013318318 0.018846539562811352 0.020823614308890352 0.015207516251163825 0.01617584987065224 -0.019630894673623164 20.714999198913578 0.0011335469917099774 0.019503736518379004 0.011634039633228179
decision_type=2 2 2 2 2 2 2 2 2 2 2 2 2 2 2 2 2 2 2 2 2 2 2 2 2 2 2 2 2 2
left_child=12 2 14 4 -4 6 -5 -7 -6 -9 -3 -8 13 -1 15 -2 17 -16 19 -14 21 -20 23 -23 -25 -24 27 -27 29 -29
right_child=1 10 3 5 8 7 11 9 -10 -11 -12 -13 18 -15 16 -17 -18 -19 20 -21 -22 22 25 24 -26 26 -28 28 -30 -31
leaf_value=-1.0434420894219504e-05 -0.00096225212939095479 -9.3607117902870274e-05 -0.0001144775575958564 1.7721249572278308e-05 -0.00080121513320783916 0.00025264078191886266 -0.00067027489266147339 -0.0005094433819155151 -0.0011619611619800045 1.2208214040227502e-05 -0.0010779990011292491 -0.00021941134587795337 -0.00030015774385142062 -0.00054650567059212065 -0.00015005509837582104 0.00027907846223771662 0.00029214405622816572 0.00031722532850606228 8.7535954581035604e-05 0.00017054856341633328 0.00026518136691077864 6.5542699143129014e-05 0.0002915315226077181 -0.00021623635355199358 -0.0005096075539317874 -0.00016059641456559232 -0.00050286538026491614 7.6716760047794831e-05 0.00024537588898347851 -0.0001083544306501777
leaf_weight=2195 76 5399 648 48 84 976 65 113 40 25141 99 62 82 79 669 51 1823 236 13958 78 518 73 394 95 45 409 78 1874 648 702
leaf_count=2195 76 5399 648 48 84 976 65 113 40 25141 99 62 82 79 669 51 1823 236 13958 78 518 73 394 95 45 409 78 1874 648 702
internal_value=0.000361887 2.53309e-05 0.000210109 5.83216e-05 -0.00322539 0.000154327 -0.00757143 0.000205871 -0.0143548 0.000105726 -0.000983994 -0.0115354 0.000925193 -0.000496922 0.00165499 -0.00444882 0.00193915 -0.00019337 0.00109581 -0.004375 0.00114239 0.00106041 0.000194535 -0.00626761 -0.0107143 0.000529842 0.000203449 0.000499587 0.000952233 0.000341615
internal_weight=56758 35530 30032 27177 772 26405 175 26230 124 25254 5498 127 21228 2274 2855 127 2728 905 18954 160 18794 18276 4318 213 140 4105 3711 3633 3224 2576
internal_count=56758 35530 30032 27177 772 26405 175 26230 124 25254 5498 127 21228 2274 2855 127 2728 905 18954 160 18794 18276 4318 213 140 4105 3711 3633 3224 2576
is_linear=0
shrinkage=0.05


Tree=45
num_leaves=31
num_cat=0
split_feature=4 4 11 11 2 11 14 12 12 14 10 15 12 12 11 14 11 14 12 16 14 14 12 6 3 9 14 10 15 14
split_gain=5.23296 2.23121 2.13278 4.26815 6.71175 2.25975 2.52804 3.57173 3.60683 2.44046 3.82503 3.09006 3.25237 3.37104 7.30809 3.99353 3.84886 5.23201 4.31406 3.62452 3.22886 9.7235 6.34876 2.87482 2.75367 2.74717 2.74179 6.60482 3.84359 3.16822
threshold=0.034804150334047552 0.016667203341340153 0.037714615631601174 0.036250351573326463 -0.020618317918453862 -0.017686145420045315 0.15797637088179853 -0.02683756902577766 -0.067575667738432196 -0.0030341669122401211 -0.0069332481569183138 0.021499022054267129 -0.0047203156526431913 0.026646487764570907 0.00023772449314352076 -0.0014478944064891806 -0.0023578954464546493 0.0066946732173895915 0.027464825873152136 0.012290240524089781 0.076607678117126224 0.078404529959544514 0.029341860602883355 2.2637047889423698 -0.0037526262823454055 0.14158594066801691 0.030785511680663128 -4.7534728734643921e-05 -0.0050852424975993951 0.038811658900465458
decision_type=2 2 2 2 2 2 2 2 2 2 2 2 2 2 2 2 2 2 2 2 2 2 2 2 2 8 2 2 2 2
left_child=1 -1 3 5 -5 6 -3 8 -8 -7 -11 12 26 -14 16 19 17 -15 -19 -16 23 -22 -23 -17 -18 -13 28 29 -12 -28
right_child=-2 2 -4 4 -6 9 7 -9 -10 10 11 25 13 14 15 20 24 18 -20 -21 21 22 -24 -25 -26 -27 27 -29 -30 -31
leaf_value=7.7158193396258245e-05 -0.00012113448820316956 0.00013536247781495488 0.00018106369602297645 -0.001012160197001341 -0.0001323551049757178 4.7676025062834785e-05 0.00023325428120182578 0.00015686381243791285 -0.00054002786255584717 8.594502644120146e-05 -0.00027219738687405147 -0.00016267938603218538 5.4742796202274229e-05 -0.00090544243237313828 0.00027308926445023175 5.5835786289093084e-05 -0.00071740844543409456 -0.00063062972947621398 -1.3436627062022529e-05 -0.00028704215262591331 -0.00069986156285140445 -0.00073121954743053446 0.00023326855171515979 -0.00061719346514686139 -0.00038713750404907469 -0.0014747128995032622 -0.00062844254201278882 -0.0007922780874899106 7.1890236651346907e-05 3.4444419550087012e-05
leaf_weight=10502 6875 4304 1523 50 126 17633 80 420 201 3344 191 64 4685 55 123 3820 49 55 563 223 50 41 252 156 273 41 178 104 419 255
leaf_count=10502 6875 4304 1523 50 126 17633 80 420 201 3344 191 64 4685 55 123 3820 49 55 563 223 50 41 252 156 273 41 178 104 419 255
internal_value=0.000336687 0.000515267 0.000342176 0.000268177 -0.0075 0.000304559 0.00129371 -0.00149073 -0.00585409 0.000152576 -0.000317582 -0.000747176 -0.000669161 -0.000389077 -0.00121025 -0.000380493 -0.0051005 -0.00294948 -0.0016343 -0.00554913 3.35728e-05 -0.00462099 -0.00114334 0.000435111 -0.00959627 -0.00928571 -0.00319529 -0.00580074 -0.000901639 -0.00308314
internal_weight=56655 49780 39278 37755 176 37579 5005 701 281 32574 14941 11597 11492 10345 5660 4665 995 673 618 346 4319 343 293 3976 322 105 1147 537 610 433
internal_count=56655 49780 39278 37755 176 37579 5005 701 281 32574 14941 11597 11492 10345 5660 4665 995 673 618 346 4319 343 293 3976 322 105 1147 537 610 433
is_linear=0
shrinkage=0.05


Tree=46
num_leaves=31
num_cat=0
split_feature=9 4 6 14 10 10 14 16 14 14 8 9 16 15 14 16 2 15 15 16 16 16 12 14 16 0 10 10 3 14
split_gain=4.05831 3.36421 2.69409 2.4811 2.17482 5.16408 3.60977 7.36083 7.41862 2.2658 2.02415 1.95357 1.93091 6.92185 2.15687 2.79944 1.87489 1.87196 3.34832 1.7741 1.8574 3.29069 6.54448 5.51901 8.66571 5.25669 4.91066 3.27662 2.95705 2.8044
threshold=0.26929100728213312 0.016540002610496689 1.0504439518171513 -0.075454415356713087 -0.0061038780912164295 -0.0059409862738418742 0.076607678117126224 -0.0065520571195252222 0.078404529959544514 0.079615825148664734 0.26283326683314817 -0.26431113884813651 0.0073558297460415431 -0.012931670602125077 0.15436855290822041 -0.04616112170744429 -0.12116006327927824 -0.008866631515659416 -0.0094091297889827823 0.060559119148573266 0.014301161001412101 -0.0059412708989698962 -0.013469697209426477 -0.012079756674524154 0.0054824665461561404 0.0051889800194767641 0.015549884952093642 -0.0055253189012470774 -0.0013135570383141502 -0.02620315994355665
decision_type=10 2 2 2 2 2 2 2 2 2 8 8 2 2 2 2 2 2 2 2 2 2 2 2 2 2 2 2 2 2
left_child=1 17 3 10 12 -6 19 -8 -9 -10 -3 -4 14 -14 -5 -16 -2 18 -1 20 21 29 23 26 25 -25 -23 28 -24 -7
right_child=16 2 11 4 5 6 7 8 9 -11 -12 -13 13 -15 15 -17 -18 -19 -20 -21 -22 22 27 24 -26 -27 -28 -29 -30 -31
leaf_value=-1.2043992140517142e-05 -0.0018461792593029874 0.0001387119707206099 -0.00049463299448056176 0.00018026182791390131 -0.00067867577778780042 -3.1981453996678309e-05 -0.00051431069978493304 -0.00065607250457157891 -0.00044548027985206681 0.00028095038122451455 -0.00051248764833776797 -6.7966299712037895e-05 -0.00077325787700947314 1.3146031577722766e-05 -0.0012065726269232407 7.6030245650745854e-06 -0.00010648733217184194 9.7030512834156798e-05 -0.00048563182826741135 -0.00025379892369610334 8.3688054717698528e-05 -4.0597534411643781e-05 -0.00064016118303921235 -0.00063929946609238297 -3.9841393641926794e-05 -0.0020897120929934993 -0.00071082686539926518 -1.0135145939706051e-06 -0.00033966861851219112 0.00013096208326787703
leaf_weight=929 46 3499 67 4209 117 2107 201 43 100 521 95 6308 76 907 59 982 3588 8882 57 160 8387 622 42 138 192 84 41 9799 100 4258
leaf_count=929 46 3499 67 4209 117 2107 201 43 100 521 95 6308 76 907 59 982 3588 8882 57 160 8387 622 42 138 192 84 41 9799 100 4258
internal_value=0.000342306 0.000453173 0.00026256 0.000427203 0.000291899 9.69829e-05 0.000142751 -0.00303468 -0.000496988 0.00089372 0.00167501 -0.000686274 0.00113348 -0.000900305 0.00151429 -0.000523535 -0.00127408 0.00128598 -0.000780933 0.000248747 0.000281335 -1.35188e-05 -0.000536395 -0.00423863 -0.00876812 -0.0154955 -0.00141026 -0.000135298 -0.00767606 0.000891595
internal_weight=56616 52982 43114 36739 33145 26912 26795 865 664 621 3594 6375 6233 983 5250 1041 3634 9868 986 25930 25770 17383 11018 1077 414 222 663 9941 142 6365
internal_count=56616 52982 43114 36739 33145 26912 26795 865 664 621 3594 6375 6233 983 5250 1041 3634 9868 986 25930 25770 17383 11018 1077 414 222 663 9941 142 6365
is_linear=0
shrinkage=0.05


Tree=47
num_leaves=31
num_cat=0
split_feature=9 13 16 10 14 14 10 16 10 11 16 10 10 10 13 11 16 14 16 16 14 13 14 11 10 4 7 13 10 13
split_gain=4.08683 2.4367 2.2939 2.56763 5.21596 3.71518 2.74123 2.68645 2.41429 2.01925 6.12668 3.16819 5.0441 4.79482 3.91165 4.09889 3.63737 2.75362 3.38653 6.36656 4.58249 3.39425 4.27148 3.52885 5.22936 3.33156 3.28182 3.06498 4.5045 5.78887
threshold=0.17544646055651361 14.84500026702881 0.0037267523155403164 0.0085637754321118437 -0.056340529311790281 -0.067583665573298909 0.0055837889125804905 0.0033791205056932232 0.0070088316945141624 -0.020171836765592806 -0.032531603712912464 0.0038486575209699674 0.0085637754321118437 -0.017312021268647334 31.844999313354496 -0.040606280288626444 -0.023148470521609118 -0.034658988562555441 0.035503922391882388 0.038600919229047854 -0.075454415356713087 15.050000190734865 -0.056340529311790281 -0.0094173719733559019 0.015549884952093642 0.023792241265759101 0.00078036054267971455 19.115000724792484 -0.013932246020769588 18.564999580383304
decision_type=10 2 2 2 2 2 2 2 2 2 2 2 2 2 2 2 2 2 2 2 2 2 2 2 2 2 2 2 2 2
left_child=1 -1 3 4 5 8 -7 -6 -2 11 -11 13 16 14 15 -3 -13 18 21 20 -20 22 -12 24 -23 -22 -26 28 29 -19
right_child=2 9 -4 -5 7 6 -8 -9 -10 10 17 12 -14 -15 -16 -17 -18 27 19 -21 25 23 -24 -25 26 -27 -28 -29 -30 -31
leaf_value=8.0074195375782792e-05 0.00049887383584069943 -0.0017160036237990333 8.7210824143162925e-06 0.00016483637099088709 -0.00011607262835178077 -0.0016791691877504141 -0.00064082775912128456 -0.00062507207456536382 -0.00060816700671136427 -0.000574506709132698 8.4741464044929375e-05 -0.00013507877247078667 0.00019982266127004916 0.00022000442642349351 0.00032190578325259238 -0.00011432135904880553 -0.00062925558307214548 -0.00012830160227217844 -0.00018225933803205254 1.7940739387772529e-05 -0.00046338528463141021 8.9305506802082722e-06 -0.00083888514939976322 0.00016253472122162538 -0.00089387697088899251 -0.0015035671295305631 0.00011381586721454168 6.7415466290387654e-05 -3.1211196884325713e-05 -0.00073112351972440888
leaf_weight=13623 70 63 5265 439 3095 42 68 42 56 156 165 324 504 3464 340 608 130 174 92 890 70 1047 105 6695 88 53 40 4877 13870 123
leaf_count=13623 70 63 5265 439 3095 42 68 42 56 156 165 324 504 3464 340 608 130 174 92 890 70 1047 105 6695 88 53 40 4877 13870 123
internal_value=0.000348015 0.000533778 -0.000624105 -0.00155824 -0.00202639 -0.00919491 -0.0159091 -0.00148709 -0.00333333 0.000306689 0.000137986 0.00118995 -0.00141962 0.0017486 -0.00128091 -0.00349478 -0.00524229 0.000192478 0.000900487 -0.00169683 -0.0094186 0.00125307 -0.00425926 0.00144219 -0.00108511 -0.0157317 -0.010625 -0.000151229 -0.000523399 -0.00661616
internal_weight=56578 47501 9077 3812 3373 236 110 3137 126 33878 28445 5433 958 4475 1011 671 454 28289 9245 1105 215 8140 270 7870 1175 123 128 19044 14167 297
internal_count=56578 47501 9077 3812 3373 236 110 3137 126 33878 28445 5433 958 4475 1011 671 454 28289 9245 1105 215 8140 270 7870 1175 123 128 19044 14167 297
is_linear=0
shrinkage=0.05


Tree=48
num_leaves=31
num_cat=0
split_feature=5 5 14 14 16 16 10 10 9 16 16 10 10 0 13 16 10 10 16 1 14 9 12 3 9 13 9 10 16 7
split_gain=4.45277 2.66902 2.30298 2.04161 5.4447 2.78627 2.2278 2.33153 4.06738 2.04186 7.80871 4.02696 2.02164 2.14729 1.89377 3.97505 3.27978 3.29194 2.4758 2.28504 2.09282 1.85436 1.78181 1.7369 1.67411 1.60362 1.98616 1.60226 1.61478 2.1872
threshold=0.019501499919706886 0.010020430904792431 -0.11544121967691799 -0.098691693357393515 0.0029246570669991816 -0.0026393486414131302 0.016487850425620846 0.015821655398191029 0.15043087202991459 -0.019630894673623164 -0.019135620232334557 0.0043826949132023127 -0.029463617054616639 -0.029549606908111033 20.060000419616703 0.0024025840172502426 -0.013932246020769588 -0.015449561797136633 -0.0005125726391469464 -0.10513085702936457 -0.023371909944973176 0.0079947301494990314 -0.075828254732232245 -0.024707226599942064 0.01324021681387655 13.34500026702881 0.14332651578176206 0.0024545687123636033 0.036362817487725303 0.073657103914645541
decision_type=2 2 2 2 2 2 2 2 8 2 2 2 2 2 2 2 2 2 2 2 2 10 2 2 10 2 10 2 2 2
left_child=1 -1 -3 4 5 21 7 9 -9 12 11 -11 13 -5 16 18 17 -2 19 20 -16 -4 -21 -22 -20 26 -14 -18 -29 -30
right_child=14 2 3 6 -6 -7 -8 8 -10 10 -12 -13 25 -15 15 -17 27 -19 24 22 23 -23 -24 -25 -26 -27 -28 28 29 -31
leaf_value=7.6752511744708376e-05 -0.00020693914400154751 0.00018312440212303103 -0.00037183404432346523 -6.2100206484028299e-05 0.00018907101762833607 -0.0005324728941638483 0.00042494774978687078 -0.001583204116738777 0.00016270670760960696 -0.00066421563017777206 1.9451071880021667e-05 8.5098188050141283e-06 -1.2792080861924216e-06 -0.00077220776379206553 -0.0013703544376909859 0.00019725034203611275 -0.00027899533891074119 -0.0010716538311265509 -5.7543089738273827e-05 0.00045647105332655982 -0.00070492565157661462 0.00041689089868946795 -0.00011295343854720192 0.00010336310935765514 -0.001025795849001012 0.00012093099887137413 -0.000814563809805528 3.6153937978007952e-05 -0.00093559757306604279 0.00013142384498225445
leaf_weight=8468 66 1522 195 101 258 77 371 48 66 100 31503 47 137 46 44 1491 2910 46 40 282 71 68 1412 94 56 4714 47 2106 136 139
leaf_count=8468 66 1522 195 101 258 77 371 48 66 100 31503 47 137 46 44 1491 2910 46 40 282 71 68 1412 94 56 4714 47 2106 136 139
internal_value=0.000348653 0.000539901 0.000366412 0.000289587 -0.0026087 -0.00676471 0.000336202 0.000297346 -0.0068421 0.000319526 0.000170616 -0.0113265 0.00125372 -0.00452381 -0.000678623 0.000229227 -0.00126504 -0.00973214 -0.00122811 -0.000832895 -0.00576555 -0.00431559 -0.000224321 -0.00318182 -0.0090625 0.00142711 -0.00315217 -0.00108581 -0.000123897 -0.00372727
internal_weight=56661 47768 39300 37778 598 340 37180 36809 114 36695 31650 147 5045 147 8893 3490 5403 112 1999 1903 209 263 1694 165 96 4898 184 5291 2381 275
internal_count=56661 47768 39300 37778 598 340 37180 36809 114 36695 31650 147 5045 147 8893 3490 5403 112 1999 1903 209 263 1694 165 96 4898 184 5291 2381 275
is_linear=0
shrinkage=0.05


Tree=49
num_leaves=31
num_cat=0
split_feature=5 6 10 14 15 15 6 10 0 0 5 9 6 10 12 15 15 10 9 14 15 12 15 16 16 10 15 12 16 10
split_gain=4.04517 1.75564 2.76439 1.84692 2.26563 4.23169 1.75494 1.67419 1.67055 2.10948 2.98409 1.63285 2.33382 1.48793 3.36108 1.73582 3.27855 4.69009 3.58417 5.19171 7.08732 9.62581 3.82377 3.90524 6.69834 3.5353 3.57267 3.60119 3.14046 3.07127
threshold=0.01775062228564742 1.9586860830964967 -0.0052693175336530054 -0.0023991033821552095 0.011771598946131225 0.012801652039235891 -0.20886857463433658 0.018049187231064859 0.014069251797828254 -0.015764793559626507 0.010138462205496371 0.12871368788941931 2.7954729145493737 -0.017312021268647334 -0.0075921300584320664 -0.00023408966585319876 0.0069858211800583056 0.0057642081998183778 0.29201520273870435 -0.037511825146214865 0.0052165568601559862 0.030555617412894701 0.0066621108172757468 0.018916097086855158 0.018519899244332508 0.0059882798291268644 0.010219060115409075 0.020528540512105845 0.017186360856766839 -0.001095493805140457
decision_type=2 2 2 2 2 2 2 2 2 2 2 10 2 2 2 2 2 2 8 2 2 2 2 2 2 2 2 2 2 2
left_child=1 7 -3 4 -4 -6 -2 13 9 -5 -11 12 -12 14 -1 -15 18 -18 22 -20 29 -22 23 24 -17 26 -19 -28 -24 -21
right_child=6 2 3 8 5 -7 -8 -9 -10 10 11 -13 -14 15 -16 16 17 25 19 20 21 -23 28 -25 -26 -27 27 -29 -30 -31
leaf_value=-0.00025751798801843944 1.1956232766449336e-05 0.00016078644423689179 1.7362652677721274e-05 -0.00016943918377709954 -0.0012083136899541172 -0.00013927932183746173 -0.00013668538557346516 0.00026376604412133871 7.6075346942032956e-05 -7.8283531647592984e-05 -0.00069022479803631121 -0.0039746012321779378 -0.0012938284527949111 7.8862239969675822e-05 0.00024840993318413467 5.0062008078640766e-06 0.00026755426958196236 -0.0006194626331458928 8.2755903203056633e-05 0.00014070947078041998 -0.00063787560923908365 -0.00012168133946855369 -6.0003384626435629e-05 0.00020007624892600208 -0.00040692401271456196 4.3272528862565308e-05 -0.00040242704005340202 8.2898801545668033e-05 -0.00038034694987297974 -0.0001612131623159459
leaf_weight=402 6453 827 1230 167 80 206 5815 639 172 90 96 57 40 18239 350 6583 3291 54 973 434 175 180 267 2125 49 5820 96 240 193 1292
leaf_count=402 6453 827 1230 167 80 206 5815 639 172 90 96 57 40 18239 350 6583 3291 54 973 434 175 180 267 2125 49 5820 96 240 193 1292
internal_value=0.000354463 0.000576668 -0.000598651 -0.00154818 -0.00060686 -0.00461538 -0.000449136 0.000660838 -0.00384244 -0.00544444 -0.0080742 -0.0115803 -0.00860294 0.000621029 -0.00158245 0.000662443 0.000361014 0.00105831 -0.000178877 -0.00166339 -0.00307304 -0.00950704 0.000313009 0.00054642 -5.12664e-05 0.000249598 -0.00435897 -0.00244048 -0.00413043 -0.00174971
internal_weight=56635 44367 2965 2138 1516 286 12268 41402 622 450 283 193 136 40763 752 40011 21772 9501 12271 3054 2081 355 9217 8757 6632 6210 390 336 460 1726
internal_count=56635 44367 2965 2138 1516 286 12268 41402 622 450 283 193 136 40763 752 40011 21772 9501 12271 3054 2081 355 9217 8757 6632 6210 390 336 460 1726
is_linear=0
shrinkage=0.05


Tree=50
num_leaves=31
num_cat=0
split_feature=5 5 11 14 13 13 14 1 14 7 15 13 14 15 14 7 15 13 13 11 7 1 13 9 7 8 9 11 11 14
split_gain=4.30456 1.95931 2.18842 3.0667 4.15361 2.40114 3.5849 2.83101 2.15679 2.72789 2.12699 5.76825 4.3931 3.38914 4.13778 3.24893 3.11203 3.06039 3.29066 2.78086 5.62603 2.6189 2.85375 2.91026 2.76965 2.38323 2.28167 2.13908 2.8993 2.92487
threshold=0.018444068992157971 0.01005872483906709 -0.020171836765592806 -0.013975625369978871 12.00999975204468 22.730000495910648 0.15797637088179853 -0.01533936681811887 -0.013346627210452431 0.023703299101456191 -0.00023408966585319876 21.295000076293949 0.012431899030548645 0.00016243019847794751 0.020823614308890352 0.018148906546298197 -0.0029052196213252275 19.055000305175785 18.335000038146976 -0.01930721697732057 0.012759456439266128 -0.01960480341110515 18.595000267028812 0.010690472891974891 -0.0050642098113743419 0.14157153138949444 0.065284713840127809 0.00909053299113405 -0.0046605807327330098 -0.0052640766517011986
decision_type=2 2 2 2 2 2 2 2 2 2 2 2 2 2 2 2 2 2 2 2 2 2 2 10 2 10 8 2 2 2
left_child=1 -1 5 -4 -5 -3 -7 -8 9 -6 16 13 -13 14 -12 26 17 18 -10 20 -18 -20 23 -23 -24 -21 -16 28 -15 -30
right_child=-2 2 3 4 8 6 7 -9 10 -11 11 12 -14 27 15 -17 19 -19 21 25 -22 22 24 -25 -26 -27 -28 -29 29 -31
leaf_value=7.1162470162084348e-05 -7.0675680298072904e-05 0.0001753872908767267 6.2615338997166448e-05 -0.0006931358030262 -0.00062556502548374664 8.4355407971252675e-05 -6.7922661122879848e-05 -0.00049600514042938122 -2.3814218740502354e-05 -5.1669400609750919e-07 2.9866314193687216e-05 -0.002039333824189814 -0.00026695753409938859 0.00013582415961992144 -0.00058173905859435166 -0.00060282942151094999 0.00023323360157458968 0.0001528821939828891 7.8465400518781486e-05 0.00019403329169794336 -0.0016488244597307362 -0.00029938345606451142 -0.00061603129871154959 -0.00082171350827929491 1.3106072122860431e-05 -0.00073702816400567951 -4.9057184813934652e-05 3.7429513557871912e-05 -0.00030801724283658163 -0.00012246597498460226
leaf_weight=8763 10724 2381 14422 40 55 1141 197 120 5798 69 131 49 114 779 40 42 53 1877 163 2773 41 157 67 68 235 64 60 3696 397 2253
leaf_count=8763 10724 2381 14422 40 55 1141 197 120 5798 69 131 49 114 779 40 42 53 1877 163 2773 41 157 67 68 235 64 60 3696 397 2253
internal_value=0.000339886 0.000550006 0.000391878 0.000262088 -0.000154829 0.00152253 -7.54456e-05 -0.00477918 -0.00012091 -0.00669355 -7.76898e-05 -0.000726756 -0.0100307 -0.000521762 -0.00598901 -0.0119014 0.000356764 -0.000134489 -0.00064889 0.00175879 -0.00670213 -0.00391304 -0.00562619 -0.00988889 -0.00245033 0.00203913 -0.007 -0.000312281 -0.00121172 -0.002
internal_weight=56769 46045 37282 33443 19021 3839 1458 317 18981 124 18857 7561 163 7398 273 142 11296 8365 6488 2931 94 690 527 225 302 2837 100 7125 3429 2650
internal_count=56769 46045 37282 33443 19021 3839 1458 317 18981 124 18857 7561 163 7398 273 142 11296 8365 6488 2931 94 690 527 225 302 2837 100 7125 3429 2650
is_linear=0
shrinkage=0.05


Tree=51
num_leaves=31
num_cat=0
split_feature=5 11 5 12 10 13 16 11 11 13 13 11 3 16 10 11 15 7 16 10 15 10 9 15 10 10 12 16 13 12
split_gain=3.37141 1.81916 1.9175 2.09012 1.80995 1.74335 2.41709 3.43438 1.95265 1.72488 1.67803 4.42833 1.87542 1.65143 1.62576 3.26375 2.50535 1.66836 1.88585 2.59757 3.72233 3.62559 5.53863 12.381 7.65902 10.1264 6.02596 4.0432 3.68131 2.78602
threshold=0.01748960386802478 0.011695347183510176 0.028331889830723187 -0.067575667738432196 0.018049187231064859 19.115000724792484 0.03785040487446268 0.020793273633493151 0.048369816433799014 19.085000038146976 12.00999975204468 0.015296140057879161 -0.0027873057813801445 -0.04397929890220275 0.015821655398191029 0.01955675936649726 0.015378087600406045 -0.029114094397574949 0.0024025840172502426 0.0019017774860140559 -0.00023408966585319876 -0.0033501025601940788 0.61484445898641382 0.0052165568601559862 -0.00032911889046416393 -0.00090813194402433728 0.031537832161653852 0.012449352179589203 17.204999923706058 0.046892666870975715
decision_type=2 2 2 2 2 2 2 2 2 2 2 2 2 2 2 2 2 2 2 2 2 2 8 2 2 2 2 2 2 2
left_child=4 2 -2 -4 10 6 9 -8 -9 -3 11 12 -1 -5 17 16 -16 -12 -19 20 -20 -22 24 28 25 26 -23 29 -24 -26
right_child=1 5 3 13 -6 -7 7 8 -10 -11 14 -13 -14 -15 15 -17 -18 18 19 -21 21 22 23 -25 27 -27 -28 -29 -30 -31
leaf_value=-0.00050385875812012629 -4.412922993012525e-05 3.9560347450662243e-05 0.00015786069704490894 -0.0016126639061705477 0.00025953485310807958 0.00019810060775149503 -0.0017508855637297883 4.2377811324602009e-05 -0.00044222694208170615 -0.00039415011790269993 9.6449531809864644e-05 0.00023822891526570735 -0.00023132667764067926 -0.00046274711453195928 -0.00075362133558333044 0.00012258328432945397 0.00036483678332424618 -1.5772697626852911e-06 7.7478453970653732e-05 9.2434229590250419e-05 0.00015864240065915707 0.00018636448912244541 9.2412576708435668e-05 -0.00075644000427963268 -0.00021870374527067817 -0.00061468226156137973 -0.00037746468400389746 0.00021752386277414912 -0.00032461810801950885 0.0002554790515012177
leaf_weight=42 6770 2698 254 50 667 1366 46 236 105 40 6474 118 83 1368 150 192 40 14579 5717 11025 805 436 296 173 629 173 299 1466 110 227
leaf_count=42 6770 2698 254 50 667 1366 46 236 105 40 6474 118 83 1368 150 192 40 14579 5717 11025 805 436 296 173 629 173 299 1466 110 227
internal_value=0.000331427 -0.000377716 -0.000810234 -0.00232655 0.000541292 0.000435315 -0.000216 -0.00391473 -0.00218475 0.000306793 0.000501232 -0.00364198 -0.0102 -0.00307475 0.00052476 -0.00272251 -0.00736842 0.00055401 0.000420899 0.000720172 0.000150518 -0.000905938 -0.00155028 -0.00605354 -0.000743034 -0.00463656 -0.00207483 0.000779501 -0.00128079 -0.00195093
internal_weight=56634 12933 8442 1672 43701 4491 3125 387 341 2738 43034 243 125 1418 42791 382 190 42409 35935 21356 10331 4614 3809 579 3230 908 735 2322 406 856
internal_count=56634 12933 8442 1672 43701 4491 3125 387 341 2738 43034 243 125 1418 42791 382 190 42409 35935 21356 10331 4614 3809 579 3230 908 735 2322 406 856
is_linear=0
shrinkage=0.05


Tree=52
num_leaves=31
num_cat=0
split_feature=9 15 15 10 15 15 14 9 14 15 15 16 16 14 10 10 13 12 13 13 9 1 8 15 15 14 16 16 12 15
split_gain=3.36976 2.38207 6.69008 3.49676 2.62222 3.7119 4.83835 5.23606 7.4825 4.01423 3.75826 5.23489 3.64719 3.64141 5.27976 5.71197 4.18388 4.06976 3.30905 10.3788 6.82501 5.28999 4.01634 3.26933 3.24074 3.83054 3.14329 3.2832 3.03237 2.94145
threshold=0.19754955385862241 -0.017588249087878035 -0.018730419806015638 -0.012508695811735191 -0.00023408966585319876 0.0069858211800583056 -0.035510202905524417 0.18588364277543737 -0.034658988562555441 0.0062516417598227356 0.0066621108172757468 0.018916097086855158 0.018519899244332508 0.018846539562811352 0.00097855070405028521 0.0043154223195999162 16.675000190734867 -0.012168113641692622 20.980000495910648 21.724999427795414 0.022363173343506352 0.0079697400412775971 -0.15468356392095675 -0.0015112876748535895 0.00016243019847794751 0.017639326626862298 0.035503922391882388 -0.0049126498111967667 0.044338330776630748 -0.0016504102805533492
decision_type=10 2 2 2 2 2 2 8 2 2 2 2 2 2 2 2 2 2 2 2 8 2 10 2 2 2 2 2 2 2
left_child=1 2 -1 -4 23 6 26 10 -9 13 11 12 24 14 -10 16 -16 -15 -7 20 21 -20 -21 29 25 -8 27 -6 -12 -3
right_child=-2 4 3 -5 5 18 7 8 9 -11 28 -13 -14 17 15 -17 -18 -19 19 22 -22 -23 -24 -25 -26 -27 -28 -29 -30 -31
leaf_value=-3.1977308313750713e-06 -5.8749156102294966e-05 6.7844895617638479e-05 -0.00076589137520094355 0.00046571747415981329 -6.5969225732602347e-05 9.9866569463345127e-05 -6.8869448452201163e-05 -0.00065019046978099615 0.00025627095796379072 -0.00067508374881664686 -0.00050593791883308593 0.00019494844959607491 -0.00057821332050272348 -0.00074737790002780838 -5.2629521695641182e-05 3.9900002064640492e-05 -0.00041406807489165757 -0.00021892783646730951 -0.0026519874152079099 -0.00081187615136347048 -0.00027283591044470202 -0.0011631752374375787 0.00010557884451149983 0.00024402461076941095 -2.3970484959105018e-05 -0.0006411986323434744 -0.0002537635841113577 0.00017078397969521071 -6.2944029303879607e-05 -0.00029110481082837589
leaf_weight=1534 7397 18614 194 55 944 10661 203 71 675 102 96 1725 49 65 176 439 354 474 49 125 147 41 1451 2143 4887 145 347 3240 158 194
leaf_count=1534 7397 18614 194 55 944 10661 203 71 675 102 96 1725 49 65 176 439 354 474 49 125 147 41 1451 2143 4887 145 347 3240 158 194
internal_value=0.000391596 0.000540743 -0.00125351 -0.00885542 0.000607988 0.000278696 -0.000275618 -0.000910178 -0.0029584 -0.00246171 -0.000245766 -2.92479e-05 -0.000809992 -0.0020087 -0.000839416 -0.00320433 -0.00669811 -0.00557514 0.000907488 -0.00106729 -0.0108228 -0.0216667 0.000399746 0.00102644 -0.000682903 -0.00534483 0.00107151 0.00145076 -0.00622047 0.000815611
internal_weight=56755 49358 1783 249 47575 26624 14150 9619 2356 2285 7263 7009 5284 2183 1644 969 530 539 12474 1813 237 90 1576 20951 5235 348 4531 4184 254 18808
internal_count=56755 49358 1783 249 47575 26624 14150 9619 2356 2285 7263 7009 5284 2183 1644 969 530 539 12474 1813 237 90 1576 20951 5235 348 4531 4184 254 18808
is_linear=0
shrinkage=0.05


Tree=53
num_leaves=31
num_cat=0
split_feature=4 14 9 15 11 16 16 14 10 10 15 15 3 11 11 9 10 16 14 14 0 1 7 9 4 11 11 6 16 2
split_gain=3.19291 2.32116 2.59375 2.23525 7.02585 1.71847 3.24026 1.84174 4.2114 3.31968 2.47781 3.19907 2.5332 2.37083 8.77439 3.80549 2.35979 3.72924 2.35927 4.27585 2.60788 2.28816 2.25433 2.60437 2.05214 1.8159 2.10554 1.6448 1.61084 1.59173
threshold=0.021226431235916988 -0.11544121967691799 0.14504587946596173 -0.017588249087878035 0.0019507680783907857 0.0024025840172502426 -0.022021776557017144 0.0071322940265206034 -0.0042544588401209329 -0.0041029098949924561 -0.0026431182103028856 -0.011539962974196181 0.0053465801456820125 -0.005582275565566174 -0.006088944680637364 0.20805732385357714 -0.015857529403489442 -0.015973060752981601 0.065842641676127869 0.059971774713864064 -0.0058377684734669524 -0.017465663220705471 0.010833653376304821 0.047884709411541 0.018395387540757601 -0.0065367451914458133 -0.013761603129987752 0.45734513042616853 0.0021907572533382829 -0.12116006327927824
decision_type=2 2 10 2 2 2 2 2 2 2 2 2 2 2 2 8 2 2 2 2 2 2 2 10 2 2 2 2 2 2
left_child=5 -2 -3 4 -4 6 -1 13 16 -10 11 24 21 14 -8 -16 17 -9 19 25 -21 -12 23 -23 -11 26 -18 -24 -15 -5
right_child=1 2 3 29 -6 -7 7 8 9 10 12 -13 -14 28 15 -17 18 -19 -20 20 -22 22 27 -25 -26 -27 -28 -29 -30 -31
leaf_value=0.00013147111146541584 0.00014280683322592555 1.4077681192279417e-05 -0.00033275358210001194 -0.0016494210912625124 -0.0010245050176228355 7.3238008716968302e-05 -6.8860710454716152e-06 -0.00053059930594246438 -0.00060896731523192083 -0.00019799411632752821 -1.0707492778391063e-05 2.2120709290997801e-05 0.00022838200366562478 8.5736214653490641e-05 -0.00052571320571694914 -0.00014651708971587295 0.00042648898791384257 7.8413614087101759e-06 0.00020446446514135383 -0.00048094188908375093 -0.00017646561448845936 -0.00048163839756152385 -0.00012651065568351715 -0.00019288431596691674 -0.00048852631573417728 0.00031796790188308362 -0.00030356494834601709 -0.00059755046042406809 -0.00025616731651800036 -7.8682994855506491e-05
leaf_weight=2432 1601 22211 159 72 43 14628 1189 95 75 90 146 935 90 3218 41 40 162 213 1183 51 48 149 184 89 40 256 370 67 46 6626
leaf_count=2432 1601 22211 159 72 43 14628 1189 95 75 90 146 935 90 3218 41 40 162 213 1183 51 48 149 184 89 40 256 370 67 46 6626
internal_value=0.000336788 -7.81435e-06 -0.000109752 -0.000956522 -0.00613861 0.00074641 0.000280578 -0.000166913 -0.000915626 -0.00269437 -0.00226257 -0.000727699 -0.00451724 0.000533745 -0.00129921 -0.0172222 0.000479395 -0.0036039 0.00108696 -0.000862458 -0.0106566 -0.00562992 -0.00726994 -0.0107563 -0.00807692 0.00036802 -0.00129699 -0.00396414 0.00124694 -0.000800239
internal_weight=56549 30712 29111 6900 202 25837 11209 8777 4243 1865 1790 1065 725 4534 1270 81 2378 308 2070 887 99 635 489 238 130 788 532 251 3264 6698
internal_count=56549 30712 29111 6900 202 25837 11209 8777 4243 1865 1790 1065 725 4534 1270 81 2378 308 2070 887 99 635 489 238 130 788 532 251 3264 6698
is_linear=0
shrinkage=0.05


Tree=54
num_leaves=31
num_cat=0
split_feature=4 6 11 15 13 13 14 12 9 3 16 14 14 14 10 10 16 11 12 13 9 12 13 13 11 15 15 13 11 11
split_gain=3.21057 2.30362 1.80861 1.99964 1.83346 2.10119 4.53462 2.99129 2.14924 2.09442 2.26758 2.3203 1.95289 1.85008 2.70763 8.34053 3.12202 3.35613 3.93317 3.55246 3.28908 3.2515 2.66343 4.38962 5.1514 4.65069 13.6023 3.44732 2.52192 4.00664
threshold=0.028645880765434419 1.020920052455252 -0.020171836765592806 -0.022177853746542516 14.465000152587892 12.454999923706056 -0.0083108400172760537 0.043496920691197934 0.12554371484958873 -0.0088686937368994672 -0.0074927488211368734 0.044393091515214207 -0.06426442822534599 -0.028449828861296097 -0.0042544588401209329 -0.0041029098949924561 -0.015973060752981601 0.0084051608350934632 -0.0026365785957633832 15.400000095367433 -0.1586057291292399 0.017951110302837473 17.445000648498539 18.105000495910648 0.011525540902406652 0.00094699974993617275 0.0021043087290713029 17.945000648498539 -0.0094173719733559019 -0.00993475231595836
decision_type=2 2 2 2 2 2 2 2 8 2 2 2 2 2 2 2 2 2 2 2 10 2 2 2 2 2 2 2 2 2
left_child=1 2 -1 -4 5 6 12 8 -8 10 -7 -12 -5 28 16 -16 -15 19 -19 20 -18 -22 -17 24 -24 -25 -27 -26 29 -6
right_child=-2 -3 3 4 13 9 7 -9 -10 -11 11 -13 -14 14 15 22 17 18 -20 -21 21 -23 23 25 27 26 -28 -29 -30 -31
leaf_value=0.00012001086975595883 -3.8731071498180693e-05 -2.987146037927491e-05 -0.00028632685458473452 -0.00024519673221760343 -3.8262215536401017e-05 0.00037915957361300671 -0.00020907226125905744 -0.00013742375546872045 -0.00077358321617315923 9.5424305325124761e-05 -0.00011973891072918769 -0.00057827910408974172 0.00015975075535671327 -0.00013486577533466124 -0.00064800646400591899 2.2392470236201423e-05 -0.00038782100543927132 -0.00032309543488444944 2.4318089170341026e-05 0.00023634601944317267 0.00045624370876581151 -0.00017401682948536959 -0.00043607325697908231 8.2408790039699962e-05 0.00020618714364479802 -0.00058811526660032391 -5.1653045005229437e-05 -0.00038552506748723141 0.00010168210413759376 -0.00051333797565265903
leaf_weight=2994 13406 6449 113 127 859 108 79 285 40 9251 145 53 732 649 90 6951 73 176 493 2783 273 160 431 1521 304 164 1280 78 6539 53
leaf_count=2994 13406 6449 113 127 859 108 79 285 40 9251 145 53 732 649 90 6951 73 176 493 2783 273 160 431 1521 304 164 1280 78 6539 53
internal_value=0.000320249 0.00052979 0.000682535 0.000578231 0.000600499 0.00113678 -0.000779889 -0.00514851 -0.0118067 0.00139008 -0.00267974 -0.00585859 0.00127474 0.000346855 3.43578e-05 -0.000397911 0.00104949 0.00157655 -0.00165172 0.0022332 -0.00162055 3.46422e-05 -0.000270761 -0.00133933 -0.0045941 -0.00044688 -0.00247922 -0.000366492 0.000993826 -0.0014693
internal_weight=56659 43253 36804 33810 33697 10820 1263 404 119 9557 306 198 859 22877 15426 10819 4607 3958 669 3289 506 433 10729 3778 813 2965 1444 382 7451 912
internal_count=56659 43253 36804 33810 33697 10820 1263 404 119 9557 306 198 859 22877 15426 10819 4607 3958 669 3289 506 433 10729 3778 813 2965 1444 382 7451 912
is_linear=0
shrinkage=0.05


Tree=55
num_leaves=31
num_cat=0
split_feature=4 6 14 9 9 16 3 12 14 12 15 12 8 7 12 12 16 16 16 9 12 8 12 12 16 2 10 16 14 14
split_gain=3.11727 2.74131 2.11026 2.10341 1.98746 1.90769 2.58753 1.69186 1.6097 1.60627 1.58711 1.54749 1.47474 1.43135 1.46722 1.33345 2.03855 8.08884 3.02463 4.21547 2.97744 3.56477 3.69389 2.92502 2.91684 3.21005 2.20223 5.93039 3.00222 5.01511
threshold=0.014868850077254804 1.020920052455252 -0.077913276979976895 -0.26431113884813651 0.19754955385862241 -0.052662503938987075 0.0013596393222334859 -0.052281388412141021 -0.091137781806863202 0.043496920691197934 0.021499022054267129 -0.075828254732232245 0.33581227686700083 -0.029114094397574949 -0.062212446145613214 0.029587850258833818 0.011621318463850285 0.0099479756338380926 0.035503922391882388 0.17360989798289098 0.028951929172189476 0.076485352540277787 0.029126747512220778 -0.0078641558377195424 0.041924896772342242 -0.027870601441508321 -0.0012572661502254776 -0.029897974084020614 -0.028247300750300127 -0.02620315994355665
decision_type=2 2 2 8 10 2 2 2 2 2 2 2 8 2 2 2 2 2 2 8 2 10 2 2 2 2 2 2 2 2
left_child=8 2 12 -3 5 6 -4 -6 9 -1 -9 -7 -2 -5 -15 16 17 20 -18 -20 26 22 -22 -19 25 -21 -13 -28 -29 -30
right_child=1 3 4 13 7 11 -8 10 -10 -11 -12 15 -14 14 -16 -17 18 23 19 24 21 -23 -24 -25 -26 -27 27 28 29 -31
leaf_value=5.7680635331333133e-05 0.00012943517549029535 -0.00041178390980094843 -0.00085545069121984666 8.2253499333990212e-05 -0.00095085883785952022 0.00058853275788272143 0.00018026746287697529 -4.9334079701795049e-05 9.8135637403461075e-05 -0.00045481048982588796 -0.00097210244637601414 4.5508578099824384e-05 -0.00038781376282879978 -0.000659731513101436 -9.1375840731254605e-05 5.3918735552505095e-05 0.0001275757802013522 -0.00048768318940206959 1.2257663204874083e-05 -0.0012597205825501062 -0.00033498007651175214 -0.00065449606830123919 4.0555350238545896e-05 -0.00032855867146044633 2.5465351802409811e-06 -0.00029815300811059662 -0.00065190417282912831 5.8080869283390231e-05 -0.00042272547504330031 -5.9370170805442268e-05
leaf_weight=85 3676 65 80 1872 56 368 52 5273 5006 50 43 8278 100 73 5748 12369 4746 192 976 50 83 43 165 265 87 93 99 2918 119 3619
leaf_count=85 3676 65 80 1872 56 368 52 5273 5006 50 43 8278 100 73 5748 12369 4746 192 976 50 83 43 165 265 87 93 99 2918 119 3619
internal_value=0.000324719 0.000207541 0.000361143 -0.000658675 0.000254416 0.00039333 -0.00560606 -0.000640357 0.00149874 -0.00388889 -0.000549285 0.000416304 0.001491 -0.000582997 -0.000969764 0.000381503 0.000145631 -0.000151765 0.00093414 -0.00130182 4.37225e-05 -0.00496564 -0.00266129 -0.00670678 -0.0073913 -0.0117832 0.000140691 -0.000529237 -0.000348557 -0.00128678
internal_weight=56649 51508 43750 7758 39974 34602 132 5372 5141 135 5316 34470 3776 7693 5821 34102 21733 15781 5952 1206 15324 291 248 457 230 143 15033 6755 6656 3738
internal_count=56649 51508 43750 7758 39974 34602 132 5372 5141 135 5316 34470 3776 7693 5821 34102 21733 15781 5952 1206 15324 291 248 457 230 143 15033 6755 6656 3738
is_linear=0
shrinkage=0.05


Tree=56
num_leaves=31
num_cat=0
split_feature=5 11 11 2 11 9 13 13 11 9 9 15 11 14 11 15 13 10 15 10 11 8 8 14 2 13 11 11 10 10
split_gain=2.7145 2.30476 2.3628 3.36259 1.92274 1.8554 1.80241 2.69431 9.19518 4.04057 2.60189 3.9604 2.30024 2.44747 6.16045 3.40815 6.33425 5.2603 5.84951 4.99207 5.71884 4.03054 3.59194 3.28915 2.9329 2.86729 3.29674 6.60941 5.17918 4.99485
threshold=0.021026124705069257 0.037714615631601174 0.036250351573326463 -0.014175175943378858 0.011695347183510176 -0.049359214689718316 14.614999771118166 15.210000038146974 -0.012789085438800861 0.31797902732378741 -0.19772477523505053 0.010618903598118347 -0.016802988211636779 -0.034658988562555441 -0.014526452350843598 0.0015901336384527289 21.409999847412113 9.4862369999448873e-05 0.0021043087290713029 -0.001095493805140457 0.011124085891359938 0.032102457037994532 -0.022610440855951871 -0.031797969764534688 -0.060892543723874697 19.055000305175785 0.0023966928807116488 0.0036681658206255689 -0.011742889521192066 -0.0042544588401209329
decision_type=2 2 2 2 2 10 2 2 2 10 10 2 2 2 2 2 2 2 2 2 2 10 10 2 2 2 2 2 2 2
left_child=1 2 6 -4 5 -2 -1 8 -8 10 -10 -12 -9 14 24 25 17 19 -19 -17 21 -21 -18 -20 -14 26 -15 29 -29 -28
right_child=4 -3 3 -5 -6 -7 7 12 9 -11 11 -13 13 15 -16 16 22 18 23 20 -22 -23 -24 -25 -26 -27 27 28 -30 -31
leaf_value=5.3930110075798615e-05 -1.5177818739052727e-06 0.00018380289589012657 -0.0007890304742977297 -7.9233145818908426e-05 3.9269418700590725e-05 -0.00036434408476426766 -0.0011483555801387365 8.9458216935399165e-05 0.00021698085177218043 -0.00082215548541200115 -3.0217782505233013e-05 -0.00055483481082007399 4.186107084017014e-05 6.1928384279470801e-05 8.5182675832398954e-05 -0.00013081469689424751 -0.0017762901343352071 -0.00040888577728601582 -0.00030482438021412882 -0.0010454869115529833 -0.0002666583390676917 -0.00057257538154114056 -0.00035770505108405587 5.1553291588184485e-05 -0.00047172255362131101 0.00012369419941134736 1.7944675474542131e-05 -0.00068198816868138658 -1.3816616181443569e-05 -0.00037482532407071364
leaf_weight=14214 1890 1511 60 125 2558 2687 126 5808 553 81 2108 221 74 3770 7283 986 63 66 110 114 190 125 95 3400 181 3319 180 56 4301 366
leaf_count=14214 1890 1511 60 125 2558 2687 126 5808 553 81 2108 221 74 3770 7283 986 63 66 110 114 190 125 95 3400 181 3319 180 56 4301 366
internal_value=0.000298564 0.000430021 0.000369463 -0.00527027 -0.000613174 -0.00122679 0.000391295 0.000191506 -0.0012156 -0.000653054 -0.000343511 -0.00107557 0.000334077 0.000123384 0.000874237 -0.000206814 -0.00128277 -0.000970747 5.03358e-05 -0.00355124 -0.00805361 -0.0132008 -0.0111392 0.000327636 -0.00676471 0.00025517 -0.000223106 -0.00107791 -0.000428047 -0.00626374
internal_weight=56621 49486 47975 185 7135 4577 47790 33576 3089 2963 2882 2329 30487 24679 7538 17141 5149 4991 3576 1415 429 239 158 3510 255 11992 8673 4903 4357 546
internal_count=56621 49486 47975 185 7135 4577 47790 33576 3089 2963 2882 2329 30487 24679 7538 17141 5149 4991 3576 1415 429 239 158 3510 255 11992 8673 4903 4357 546
is_linear=0
shrinkage=0.05


Tree=57
num_leaves=31
num_cat=0
split_feature=4 6 7 16 16 13 11 11 16 15 6 10 10 10 10 13 11 15 3 2 6 16 9 11 11 13 9 10 7 6
split_gain=2.59754 2.23274 1.83247 2.42011 2.45097 2.94437 5.95221 2.44535 2.12955 3.79267 3.29034 2.61513 3.85878 3.06096 7.51067 3.46768 5.22715 3.84574 3.59168 2.97973 2.8486 2.56985 2.4851 2.41593 4.14289 2.90586 2.48896 2.0684 1.98582 1.95169
threshold=0.03307022016377744 0.8954681036528872 -0.029114094397574949 0.0024025840172502426 -0.0096145339656227274 21.134999275207523 -0.004105930210737129 -0.007246212580143351 -0.006914460852319281 1.0000000180025095e-35 1.8846115898938092 0.004568837884475486 0.0043154223195999162 -0.0056282491919848457 -0.0055565336151566771 15.09500026702881 -0.0046605807327330098 -0.0060158236225908426 -0.0065835575588925601 0.014907346827679137 -0.88364744034268849 0.0021907572533382829 -0.19772477523505053 0.0038135025222709733 0.0028224343190543792 16.875000000000004 0.17544646055651361 -0.0027475813947746004 0.012349444100746678 -0.55181788890694128
decision_type=2 2 2 2 2 2 2 2 2 2 2 2 2 2 2 2 2 2 2 2 2 2 10 2 2 2 8 2 2 2
left_child=2 -2 -1 4 -4 8 7 -7 9 10 22 12 13 -10 -15 17 -17 -16 19 -18 -14 -13 -6 24 -20 26 -25 -19 -26 -5
right_child=1 -3 3 29 5 6 -8 -9 11 -11 -12 21 20 14 15 16 18 27 23 -21 -22 -23 -24 25 28 -27 -28 -29 -30 -31
leaf_value=7.9606898911880244e-05 -2.3946172542943408e-05 -0.00032333024892870104 3.5755619341251921e-05 8.3918515108966798e-05 -0.00016647488532562467 -0.00027969448862680941 0.00016372046359614784 -0.001269918664032654 0.00020727289422599557 -0.00028316257627773484 -0.002539789082829343 0.00011813162732749301 8.3203592950314489e-06 -0.00046602499145096001 -0.00015076423352128733 0.0001196058572021342 -0.00062528148570221423 -0.00021989691908233869 -0.00018246297469579032 -0.00032488356871859998 -0.00044726801183745134 -0.00024592691067742322 0.00013812355552494083 -0.00014326099009487312 -0.00064110623893077123 0.00014223579914634916 -0.00093961705497857477 0.00023784852513153638 -0.00065077358564746607 2.5603388167878362e-05
leaf_weight=7161 6896 1339 8121 8012 152 262 208 78 795 533 56 1689 42 69 415 712 63 62 413 49 68 52 660 362 47 360 122 1033 43 16561
leaf_count=7161 6896 1339 8121 8012 152 262 208 78 795 533 56 1689 42 69 415 712 63 62 413 49 68 52 660 362 47 360 122 1033 43 16561
internal_value=0.000295473 -0.000525197 0.000435685 0.000306903 -0.000162152 -0.00076393 -0.00430657 -0.00838235 -0.000514941 -0.00228051 -0.000241935 -0.000128205 -0.000746509 -0.000522552 -0.00112 -0.000813637 -0.00209351 0.00102649 -0.0038074 -0.0124107 -0.01 0.00152499 0.000566503 -0.00309206 -0.00583499 -0.00145735 -0.0039876 0.00257991 -0.0155556 0.00062121
internal_weight=56435 8235 48200 41039 16466 8345 548 340 7797 1401 868 6396 4655 4545 3750 3681 2171 1510 1459 112 110 1741 812 1347 503 844 484 1095 90 24573
internal_count=56435 8235 48200 41039 16466 8345 548 340 7797 1401 868 6396 4655 4545 3750 3681 2171 1510 1459 112 110 1741 812 1347 503 844 484 1095 90 24573
is_linear=0
shrinkage=0.05


Tree=58
num_leaves=31
num_cat=0
split_feature=6 9 14 9 15 14 13 9 4 11 7 12 12 13 13 13 11 15 3 11 10 0 15 10 15 10 15 15 15 15
split_gain=3.0251 3.98695 2.39539 2.58449 2.65315 3.77177 3.16244 2.22759 2.11156 2.00327 1.83926 1.90394 2.54508 6.18283 2.52076 2.6078 3.92447 2.60688 2.39024 2.19174 2.06645 2.04759 1.95833 2.21709 2.2415 2.38771 1.95119 2.78578 2.54418 2.98065
threshold=1.2926843122635201 -0.26431113884813651 -0.12096344977185801 0.38692684712662989 0.013627283474052511 -0.098691693357393515 17.445000648498539 0.010690472891974891 0.015444348045290253 -0.016802988211636779 -0.016807593413532881 -0.030461553479759148 -0.031853242392431029 21.409999847412113 20.060000419616703 17.695000648498539 0.029572012228067938 0.0099199299654710877 -0.0093837435896945137 0.053184240737224282 -0.0077272822899705487 -0.0021915800641193468 0.0070500479129206326 0.0014013952122059472 -0.0053512286138640555 -0.0084264989475150136 -0.015757736986787282 -0.018730419806015638 -0.0040951606582260705 -0.0029052196213252275
decision_type=2 8 2 10 2 2 2 8 2 2 2 2 2 2 2 2 2 2 2 2 2 2 2 2 2 2 2 2 2 2
left_child=2 -2 -1 4 5 6 -4 -8 -7 -9 -10 12 22 21 15 16 20 -16 -19 26 -13 -14 23 24 25 -12 27 -17 -28 -30
right_child=1 -3 3 -5 -6 8 7 9 10 -11 11 14 13 -15 17 19 -18 18 -20 -21 -22 -23 -24 -25 -26 -27 28 -29 29 -31
leaf_value=0.00016919369329282128 -0.00074268567298855018 -5.6760892722872193e-05 0.00017008047670875363 -0.00030378145701130845 0.00017693596718590688 6.9085908403987808e-05 -2.9990649031047384e-05 0.00019533405166655257 5.4310974837681037e-05 -0.00044425498863287022 -4.5609991577999082e-05 0.00022045240646440361 -0.0003946571948834679 -0.0019670364804891291 0.00016455764039048382 -0.00013931268023818479 0.00021116168877245036 3.5307399692288258e-05 -0.00063348524995500855 -0.00081713216490685893 -4.880932011457338e-06 0.00010337874531384361 0.00028654772043051836 -0.00042247548223126545 9.990531925506703e-05 -0.00031813467451790667 0.00013209487880506184 -0.00055081477727673045 -0.0003178442248795931 -6.5597580150522243e-05
leaf_weight=1592 55 6550 228 1291 2458 5796 121 43 11301 247 467 792 48 56 2702 137 1495 41 41 48 15291 128 343 159 342 174 1145 81 360 3067
leaf_count=1592 55 6550 228 1291 2458 5796 121 43 11301 247 467 792 48 56 2702 137 1495 41 41 48 15291 128 343 159 342 174 1145 81 360 3067
internal_value=0.000320589 -0.000685087 0.000453455 0.000390687 0.000451169 0.000363134 -0.0034507 -0.00607056 0.000418503 -0.00844828 0.000283636 5.88849e-05 -0.00155213 -0.00642241 0.000168651 -7.58368e-06 0.000275344 0.00158764 -0.00719512 -0.00103555 4.75659e-05 -0.00181818 -0.000791246 -0.00178634 -0.000900305 -0.00264431 -0.000929019 -0.00555046 -0.000708661 -0.00139043
internal_weight=56599 6605 49994 48402 47111 44653 639 411 44014 290 38218 26917 1717 232 25200 22416 17578 2784 82 4838 16083 176 1485 1142 983 641 4790 218 4572 3427
internal_count=56599 6605 49994 48402 47111 44653 639 411 44014 290 38218 26917 1717 232 25200 22416 17578 2784 82 4838 16083 176 1485 1142 983 641 4790 218 4572 3427
is_linear=0
shrinkage=0.05


Tree=59
num_leaves=31
num_cat=0
split_feature=4 9 14 2 14 13 12 0 4 13 15 16 14 14 14 13 13 3 15 13 16 14 14 15 15 0 9 14 7 3
split_gain=2.39223 2.27142 2.51874 2.37336 1.52375 2.09202 4.97698 1.95169 1.69957 1.68253 1.50153 1.97156 2.73335 2.55378 1.6058 3.64577 2.34026 2.02332 1.76757 1.46379 1.44972 1.39581 2.35038 2.16169 3.53878 2.33794 2.02876 1.73156 1.9744 1.74243
threshold=0.016540002610496689 0.14158594066801691 -0.10816573528732347 0.06471547741728069 0.15797637088179853 38.065000534057624 -0.02683756902577766 0.012031238142822588 0.039987601095102687 28.970000267028812 -0.01211653785148009 -0.02847883470476897 0.11365091649526195 0.16071726291299396 -0.039689213075018263 12.994999885559084 20.375000000000004 -0.00013052136099572784 0.017684202812633391 16.355000495910648 -0.0086552154996682989 0.083142255535003332 0.076607678117126224 -0.017588249087878035 -0.018730419806015638 -0.024416337535983598 0.028599543988740875 0.078404529959544514 -0.03614034649915953 -0.0013791133286712995
decision_type=2 10 2 2 2 2 2 2 2 2 2 2 2 2 2 2 2 2 2 2 2 2 2 2 2 2 10 2 2 2
left_child=-1 4 -3 10 21 6 8 9 -6 -8 11 -4 -13 -14 15 -12 17 -17 -16 -19 -18 22 -2 24 26 -26 -23 29 -29 -24
right_child=1 2 3 -5 5 -7 7 -9 -10 -11 14 12 13 -15 18 16 20 19 -20 -21 -22 23 27 -25 25 -27 -28 28 -30 -31
leaf_value=5.2056751676408587e-05 2.5783110643307318e-05 0.00021837220524041401 0.00022470136516035446 9.6730101173490179e-06 -0.00031989623772749184 0.00028548181225906152 0.0001714871328619411 -0.00049885584557012995 -0.0012975121973134802 -0.00043934594978036948 -0.00083062821745803154 -0.00035832635076690186 -0.00085207447467608118 -0.0006819874262701701 -3.2216962482759695e-05 -0.00045852895022254207 -0.00025221273111472099 -0.00012183233654776009 -0.0013950968050922637 0.00035071650949579153 -0.00058486495825597863 0.00030271618666583526 -0.00032646283386822693 0.00017404944310015058 -0.00067370229617492994 -0.00019556248125819967 -0.00018952903086564673 -0.00023394550262512679 1.621505014449081e-05 -0.00096484223989808961
leaf_weight=9999 31483 466 74 5070 324 200 544 44 55 40 79 227 65 43 3192 178 41 348 45 193 76 308 73 2597 69 99 84 109 379 49
leaf_count=9999 31483 466 74 5070 324 200 544 44 55 40 79 227 65 43 3192 178 41 348 45 193 76 308 73 2597 69 99 84 109 379 49
internal_value=0.000292911 0.000142201 -0.000521442 -0.000695151 0.000326001 -0.00142088 -0.00234856 0.000382166 -0.00687335 0.00114726 -0.00152269 -0.0044132 -0.00604478 -0.0125926 -0.00123796 -0.00308743 -0.00211722 -0.00105007 -0.000715168 0.00047135 -0.00867521 0.000385816 0.000287134 0.00138898 -0.00142857 -0.0075 0.00117347 -0.00278688 -0.00145492 -0.00811475
internal_weight=56553 46554 10097 9631 36457 1207 1007 628 379 584 4561 409 335 108 4152 915 836 719 3237 541 117 35250 32093 3157 560 168 392 610 488 122
internal_count=56553 46554 10097 9631 36457 1207 1007 628 379 584 4561 409 335 108 4152 915 836 719 3237 541 117 35250 32093 3157 560 168 392 610 488 122
is_linear=0
shrinkage=0.05


Tree=60
num_leaves=31
num_cat=0
split_feature=4 4 7 11 11 13 15 13 1 11 14 13 14 11 14 1 10 0 14 13 10 13 11 6 4 9 6 10 10 10
split_gain=2.70383 1.96189 1.90383 2.11287 3.16967 2.99554 2.26904 1.91344 2.86457 2.20424 1.89348 2.31089 2.31342 7.11857 3.92062 2.58297 3.44254 2.31771 2.16566 2.07912 3.69274 2.74023 3.52404 2.39755 1.75024 1.96612 1.70214 2.23557 2.34163 2.49652
threshold=0.033633459059209635 0.014961958508619562 -0.027923569963076652 0.028003241711031971 0.027231937128701426 18.154999732971195 0.025407299665797804 25.319999694824222 -0.0013480216135728915 -0.020171836765592806 -0.016862044087486924 12.00999975204468 -0.011729089558044635 -0.0071058242235014215 -0.012869754487188577 0.024657310558950599 0.0011530203210341485 0.0081325094880205801 -0.010554721432184831 12.454999923706056 -0.0021138824674655772 12.994999885559084 0.023061662230793093 -0.075386192850454045 0.086987946903920768 0.83859440410856467 -0.52270269858937257 -0.0064885643523325811 -0.0059409862738418742 -0.0061038780912164295
decision_type=2 2 2 2 2 2 2 2 2 2 2 2 2 2 2 2 2 2 2 2 2 2 2 2 2 10 2 2 2 2
left_child=1 -1 -3 4 7 6 -5 9 -9 -4 -11 -12 13 14 -13 -15 -17 -16 -14 20 23 22 -21 -20 -2 -26 -23 -28 29 -29
right_child=24 2 3 5 -6 -7 -8 8 -10 10 11 12 18 15 17 16 -18 -19 19 21 -22 26 -24 -25 25 -27 27 28 -30 -31
leaf_value=7.5522348030489234e-05 -4.8458305374460937e-05 7.5397864561878099e-05 0.00012521688614190932 0.00021368943539013311 -0.00045454410521073951 -5.9335891132036544e-05 -0.00028359099131220345 6.5707478328066527e-05 -0.00049764427463772738 4.0750456157126491e-05 -0.00052584403942243225 -4.0264443374330339e-05 0.0003394737350639887 7.0578349656731033e-05 -0.0012167964457911597 0.00047315891704211222 -0.00030277564913160841 -0.0015092636972369655 -0.00073152401726681048 0.00022964950994619991 6.9852599567916529e-06 3.6958264043990876e-05 -0.0003456120102214408 -0.00021346945360909794 -0.00056066664900369012 -0.0011782340862377593 6.1455276775354453e-05 -2.0215949776091158e-05 -7.353722607769534e-05 -0.00057261117781519952
leaf_weight=5342 7590 7517 2038 2418 159 1102 99 211 193 12003 50 69 345 730 62 97 231 47 64 1049 173 4975 52 58 157 72 2366 102 7195 100
leaf_count=5342 7590 7517 2038 2418 159 1102 99 211 193 12003 50 69 345 730 62 97 231 47 64 1049 173 4975 52 58 157 72 2366 102 7195 100
internal_value=0.000344651 0.000482834 0.000371797 0.000220629 9.2527e-05 0.0013664 0.00231824 0.00012729 -0.00329208 0.000170723 6.18115e-05 -0.000265972 -0.000235676 -0.00232201 -0.011573 -0.000765595 -0.00445122 -0.0174771 -7.91915e-05 -0.00016301 -0.00432203 -8.55481e-05 0.00232062 -0.0109836 -0.000518608 -0.00482533 -0.0002653 -0.000648878 -0.00107679 -0.00638614
internal_weight=56666 48847 43505 35988 32369 3619 2517 32210 404 31806 29768 17765 17715 1236 178 1058 328 109 16479 16134 295 15839 1101 122 7819 229 14738 9763 7397 202
internal_count=56666 48847 43505 35988 32369 3619 2517 32210 404 31806 29768 17765 17715 1236 178 1058 328 109 16479 16134 295 15839 1101 122 7819 229 14738 9763 7397 202
is_linear=0
shrinkage=0.05


Tree=61
num_leaves=31
num_cat=0
split_feature=9 6 16 16 11 15 4 14 16 10 15 15 12 12 0 16 5 16 1 15 15 11 14 12 0 11 9 10 11 11
split_gain=2.52073 2.01676 1.76001 3.54896 3.76334 3.21802 2.98056 2.50059 5.78538 3.27141 3.74127 5.72435 4.78449 5.84077 5.01466 3.51339 2.92473 2.83804 3.14518 2.46521 3.50943 4.23279 3.38169 2.62691 2.34231 2.19463 2.2391 1.979 1.84831 4.22638
threshold=0.38692684712662989 1.7044295979665316 0.0029616544180746112 -0.0086552154996682989 -0.018044507294420583 -0.017588249087878035 0.019975638983004227 -0.037012086292969142 -0.006914460852319281 -0.009254911904007011 -0.0063553440631533556 -0.0066138687609232907 -0.012168113641692622 -0.031853242392431029 0.010652784305390963 0.0029246570669991816 0.01286468027476455 -0.0041352264318714185 0.0098200170887133859 -0.00076945738402395259 0.0030274315270543144 0.00909053299113405 0.004407866869301503 0.017951110302837473 0.0009044453031854528 -0.014879345686955035 -0.13057974819238363 -0.01853412807423643 -0.0013567724610701324 0.0089565578309193112
decision_type=10 2 2 2 2 2 2 2 2 2 2 2 2 2 2 2 2 2 2 2 2 2 2 2 2 2 10 2 2 2
left_child=1 2 3 28 27 6 -4 8 -6 -9 11 -11 13 -12 17 19 -13 -15 -19 25 21 23 -22 24 -21 26 -14 -5 -1 -30
right_child=-2 -3 5 4 7 -7 -8 9 -10 10 12 16 15 14 -16 -17 -18 18 -20 20 22 -23 -24 -25 -26 -27 -28 -29 29 -31
leaf_value=6.1949035231558759e-05 -0.00027875862491677495 -6.188718181844875e-05 0.00037849239887892785 0.00039098037923837917 -0.00018271136855572512 5.8141249843595836e-05 -0.00059788036825934952 0.00016298976738114799 0.00013259479383061765 -0.00016671045886046474 1.7766674967065013e-05 -0.00033099957934457129 -0.00042321914117783647 0.00014867538992450698 -0.0014982497394885497 -0.00029196672659923066 -0.0014184645705365663 -0.00056028848522081431 -3.4377108047516822e-05 -0.00021771482781705013 0.00047615885820786205 9.7414533284534926e-05 -6.9193471485953442e-05 -0.00030619860425435688 0.00011259702655550216 0.00011710716814147728 0.00035916766369850384 -0.00045448215155628947 -0.00014351923541078908 0.00015487745604479255
leaf_weight=11598 1565 4478 54 59 383 26340 131 859 2354 1228 244 61 62 59 58 62 68 93 48 195 381 382 684 428 177 2091 74 203 1491 791
leaf_count=11598 1565 4478 54 59 383 26340 131 859 2354 1228 244 61 62 59 58 62 68 93 48 195 381 382 684 428 177 2091 74 203 1491 791
internal_value=0.000333416 0.000389582 0.00047949 0.000170514 -0.000534965 0.000760603 -0.00581081 -0.000379842 0.000907929 -0.000865729 -0.00125489 -0.00358511 -0.000627233 -0.00525896 -0.0105039 -0.000114638 -0.0136047 -0.00675 -0.0106028 4.91732e-05 -0.00111927 -0.00299492 0.000962441 -0.0050625 -0.00198925 0.00122811 -0.00492647 -0.00645038 0.000691643 -0.000609115
internal_weight=56701 55136 50658 24133 10253 26525 185 9991 2737 7254 6395 1357 5038 502 258 4536 129 200 141 4474 2247 1182 1065 800 372 2227 136 262 13880 2282
internal_count=56701 55136 50658 24133 10253 26525 185 9991 2737 7254 6395 1357 5038 502 258 4536 129 200 141 4474 2247 1182 1065 800 372 2227 136 262 13880 2282
is_linear=0
shrinkage=0.05


end of trees

feature_importances:
spy_ret_5d=235
vix_level=211
vix_chg_1d=206
sector_ret_1d=171
spy_ret_1d=161
sector_ret_5d=147
spy_ret_20d=143
atr_pct=98
dist_ma200=97
dvol_z_20=93
parkinson_20=83
ret_1d=54
overnight_gap=49
dist_ma50=42
ret_5d=27
dist_ma20=22
ret_20d=21

parameters:
[boosting: gbdt]
[objective: quantile]
[metric: quantile]
[tree_learner: serial]
[device_type: cpu]
[data_sample_strategy: bagging]
[data: ]
[valid: ]
[num_iterations: 120]
[learning_rate: 0.05]
[num_leaves: 31]
[num_threads: -1]
[seed: 0]
[deterministic: 0]
[force_col_wise: 1]
[force_row_wise: 0]
[histogram_pool_size: -1]
[max_depth: -1]
[min_data_in_leaf: 40]
[min_sum_hessian_in_leaf: 0.001]
[bagging_fraction: 0.85]
[pos_bagging_fraction: 1]
[neg_bagging_fraction: 1]
[bagging_freq: 1]
[bagging_seed: 3]
[bagging_by_query: 0]
[feature_fraction: 0.85]
[feature_fraction_bynode: 1]
[feature_fraction_seed: 2]
[extra_trees: 0]
[extra_seed: 6]
[early_stopping_round: 0]
[early_stopping_min_delta: 0]
[first_metric_only: 0]
[max_delta_step: 0]
[lambda_l1: 0]
[lambda_l2: 0]
[linear_lambda: 0]
[min_gain_to_split: 0]
[drop_rate: 0.1]
[max_drop: 50]
[skip_drop: 0.5]
[xgboost_dart_mode: 0]
[uniform_drop: 0]
[drop_seed: 4]
[top_rate: 0.2]
[other_rate: 0.1]
[min_data_per_group: 100]
[max_cat_threshold: 32]
[cat_l2: 10]
[cat_smooth: 10]
[max_cat_to_onehot: 4]
[top_k: 20]
[monotone_constraints: ]
[monotone_constraints_method: basic]
[monotone_penalty: 0]
[feature_contri: ]
[forcedsplits_filename: ]
[refit_decay_rate: 0.9]
[cegb_tradeoff: 1]
[cegb_penalty_split: 0]
[cegb_penalty_feature_lazy: ]
[cegb_penalty_feature_coupled: ]
[path_smooth: 0]
[interaction_constraints: ]
[verbosity: -1]
[saved_feature_importance_type: 0]
[use_quantized_grad: 0]
[num_grad_quant_bins: 4]
[quant_train_renew_leaf: 0]
[stochastic_rounding: 1]
[linear_tree: 0]
[max_bin: 255]
[max_bin_by_feature: ]
[min_data_in_bin: 3]
[bin_construct_sample_cnt: 200000]
[data_random_seed: 1]
[is_enable_sparse: 1]
[enable_bundle: 1]
[use_missing: 1]
[zero_as_missing: 0]
[feature_pre_filter: 1]
[pre_partition: 0]
[two_round: 0]
[header: 0]
[label_column: ]
[weight_column: ]
[group_column: ]
[ignore_column: ]
[categorical_feature: ]
[forcedbins_filename: ]
[precise_float_parser: 0]
[parser_config_file: ]
[objective_seed: 5]
[num_class: 1]
[is_unbalance: 0]
[scale_pos_weight: 1]
[sigmoid: 1]
[boost_from_average: 1]
[reg_sqrt: 0]
[alpha: 0.1]
[fair_c: 1]
[poisson_max_delta_step: 0.7]
[tweedie_variance_power: 1.5]
[lambdarank_truncation_level: 30]
[lambdarank_norm: 1]
[label_gain: ]
[lambdarank_position_bias_regularization: 0]
[eval_at: ]
[multi_error_top_k: 1]
[auc_mu_weights: ]
[num_machines: 1]
[local_listen_port: 12400]
[time_out: 120]
[machine_list_filename: ]
[machines: ]
[gpu_platform_id: -1]
[gpu_device_id: -1]
[gpu_device_id_list: ]
[gpu_use_dp: 0]
[num_gpu: 1]

end of parameters

pandas_categorical:[]
