tree
version=v4
num_class=1
num_tree_per_iteration=1
label_index=0
max_feature_idx=16
objective=quantile
feature_names=ret_1d ret_5d ret_20d overnight_gap atr_pct parkinson_20 dvol_z_20 dist_ma20 dist_ma50 dist_ma200 spy_ret_1d spy_ret_5d spy_ret_20d vix_level vix_chg_1d sector_ret_1d sector_ret_5d
feature_infos=[-0.44043750892676059:0.56020614226450682] [-0.46720457444288721:1.0860904512089995] [-0.58297436053936291:2.1758241995767809] [-0.4344138729811311:0.37517458836619944] [0.00065269679150457881:0.25940783354984664] [0:0.14307659814888143] [-3.0076397506120913:4.3588814120375243] [-0.45112734634810203:0.83631017140352326] [-0.49915277452975426:1.2955511739187724] [-0.71455108565170011:3.2610971074821755] [-0.058542971330535654:0.10501930183911301] [-0.11496151859245618:0.082843162776128354] [-0.1226559005192206:0.15756591020035837] [11.859999656677246:52.330001831054688] [-0.35753873962348437:0.74039073966007019] [-0.091999030713283303:0.13425697132599002] [-0.18680848466589095:0.11773217696052685]
tree_sizes=3019 3117 3106 3155 3079 3114 3117 3117 3113 3133 3104 3133 3118 3088 3113 3128 3116 3144 3103 3124 3162 3132 3139 3115 3103 3100 3104 3125 3152 3127 3129 3138 3124 3147 3155 3142 3147 3132 3139 3145 3191 3130 3175 3152 3145 3171 3130 3118 3147 3169 3119 3099 3138 3172 3163 3185 3150 3126 3168 3158 3163 3117 3139 3142 3131 3141 3149 3165 3185 3141 3121 3094 3105 3098 3129 3157 3117 3096 3087 3135 3130 3156 3111 3138 3171 3088 3139 3166 3122 3117 3104 3114 3124 3136 3113 3108 3169 3118 3117 3125 3088 3150 3155 3147 3086 3139 3154 3153 3167 3118 3108

Tree=0
num_leaves=31
num_cat=0
split_feature=4 4 10 4 10 10 12 12 13 13 13 14 13 13 12 5 6 4 15 10 5 14 16 13 10 5 6 3 12 6
split_gain=625.146 151.314 117.868 58.2657 56.3767 51.7934 67.2106 48.0462 43.4555 54.2166 42.5912 41.7534 50.7843 35.1742 23.1529 20.9307 19.7697 19.317 18.9051 17.7972 15.5156 14.5774 12.2947 12.0235 28.8695 11.7783 11.5086 11.2359 11.1551 11.0453
threshold=0.031223675757620011 0.022188301935251814 0.06903334451863076 0.040354674076502874 -0.017312000709356064 -0.029463592833469218 -0.0075921435528307204 -0.0075921435528307204 30.345000267028812 28.970000267028812 24.385000228881839 0.15844695899744313 38.065000534057624 24.19999980926514 -0.043041406919214036 0.024174979662935612 1.0844928695955993 0.018090406805489824 -0.039305098541580145 -0.029463592833469218 0.032711241087994079 0.083482873400912663 -0.080885148929532455 46.145000457763679 -0.0017910689910654585 0.016279340491039327 0.88652357192004827 -0.030232095793738086 -0.071455509470426767 0.43223552955279282
decision_type=2 2 2 2 2 2 2 2 2 2 2 2 2 2 2 2 2 2 2 2 2 2 2 2 2 2 2 2 2 2
left_child=1 5 3 18 7 6 -1 11 9 10 13 21 19 20 -11 -4 25 -7 22 -13 -5 -3 -2 -10 -25 -6 -20 -24 -14 -19
right_child=2 4 15 8 16 17 -8 -9 23 14 -12 12 28 -15 -16 -17 -18 29 26 -21 -22 -23 27 24 -26 -27 -28 -29 -30 -31
leaf_value=-0.022263482277196208 -0.01960665744837552 -0.020028240940516126 -0.020707710236168953 -0.020291477291553863 -0.019490077214858102 -0.01926848724295669 -0.019225097049980575 -0.019360409224059912 -0.019112080287228484 -0.022129542777337731 -0.019673904021016483 -0.022964866922608039 -0.020223414823134011 -0.021399514108431227 -0.020133301428527973 -0.022917949576307169 -0.01977709813842813 -0.019356878789715697 -0.019817396176694167 -0.020602399715401565 -0.021077637968010009 -0.018983044028860297 -0.0237970371683634 -0.014985053030339378 -0.021555083984349219 -0.019623413740012325 -0.020152324146121454 -0.020741112886393385 -0.018784625243984297 -0.019492263996735319
leaf_weight=172 86 175 100 17338 58002 81454 194 976 2177 397 3586 128 133 235 401 255 15533 59149 33713 653 6310 398 79 221 190 35628 6816 108 220 20711
leaf_count=172 86 175 100 17338 58002 81454 194 976 2177 397 3586 128 133 235 401 255 15533 59149 33713 653 6310 398 79 221 190 35628 6816 108 220 20711
internal_value=-0.0195563 -0.0184651 -0.0237012 -0.0235588 -0.019879 -0.017487 -0.0362747 -0.0270394 -0.0251983 -0.0257661 -0.0253929 -0.0320988 -0.0376574 -0.0261558 -0.0386135 -0.0524407 -0.019703 -0.0174443 -0.0223189 -0.0447711 -0.0259645 -0.0210979 -0.0354325 -0.018997 -0.0268405 -0.019429 -0.0222306 -0.0426283 -0.0219188 -0.0179969
internal_weight=345538 273526 72012 71657 111846 161680 366 2683 30855 28267 27469 1707 1134 23883 798 355 109163 161314 40802 781 23648 573 273 2588 411 93630 40529 187 353 79860
internal_count=345538 273526 72012 71657 111846 161680 366 2683 30855 28267 27469 1707 1134 23883 798 355 109163 161314 40802 781 23648 573 273 2588 411 93630 40529 187 353 79860
is_linear=0
shrinkage=1


Tree=1
num_leaves=31
num_cat=0
split_feature=4 4 10 10 4 11 13 13 13 10 13 13 12 14 5 10 11 10 12 12 11 5 10 11 12 12 11 8 11 10
split_gain=556.392 113.045 126.263 79.198 76.5535 72.007 37.1512 37.6611 33.895 32.6818 32.2334 29.1567 58.9715 49.0846 23.1184 19.8668 19.6062 17.1884 23.5464 36.6737 15.9004 15.2648 13.6884 12.9693 12.4986 31.535 11.7564 11.6486 13.0427 37.3185
threshold=0.027143579792080801 0.040354674076502874 0.06903334451863076 -0.029463592833469218 0.020117403278892422 -0.035697741943328191 30.345000267028812 28.970000267028812 24.385000228881839 -0.017312000709356064 24.19999980926514 31.844999313354496 -0.0075921435528307204 0.23397195059943568 0.018150694417881395 -0.013327781970057238 -0.055970662091911087 -0.017312000709356064 -0.0067438381246153192 -0.047351207791152365 0.022575504509470105 0.013824931372309538 -0.0065884615881859334 -0.0041436814843686101 0.020704073700370865 0.020115024475367619 -0.014879372351697838 0.34108845155597717 -0.029337474403061222 0.00048355916176134889
decision_type=2 2 2 2 2 2 2 2 2 2 2 2 2 2 2 2 2 2 2 2 2 2 2 2 2 2 2 8 2 2
left_child=3 9 6 5 -5 16 7 8 10 11 27 12 13 26 -11 -9 -1 18 19 -6 22 -19 -16 -10 25 -24 -2 28 29 -3
right_child=1 2 -4 4 17 -7 -8 15 23 14 -12 -13 -14 -15 20 -17 -18 21 -20 -21 -22 -23 24 -25 -26 -27 -28 -29 -30 -31
leaf_value=-0.00063884902727017975 -0.00094048221060749344 -0.00046152986266128921 -0.0032107976552507248 0.00024268984174000109 -0.00016573387214292151 0.00024425423883999933 0.00012497907432682396 -0.0047212672620631632 -0.00054770350161266002 -7.9416153942233377e-05 -0.001904188673670105 0.00023220725127061928 8.0195137680750603e-05 -0.0027141991014202867 -0.00010151972804996503 -0.00076978977947691823 -0.0029393620046375877 0.00013281364766029854 0.00031270686565997409 -0.00088410997504414677 -4.5077152191948594e-05 8.9305636842245201e-06 -0.00046270253642415016 0.00042055579363186311 -0.00026883838392252786 -0.002045427087368496 0.00048211399311916519 -0.0014426343507040655 -0.0007566918673399261 -0.0027132726496385227
leaf_weight=130 666 312 262 122116 773 286 2613 80 1994 32523 226 685 678 293 6079 728 200 48328 848 456 7627 62439 16188 1529 13813 142 112 1993 21004 218
leaf_count=130 666 312 262 122116 773 286 2613 80 1994 32523 226 685 678 293 6079 728 200 48328 848 456 7627 62439 16188 1529 13813 142 112 1993 21004 218
internal_value=2.50624e-05 -0.00291509 -0.00547514 0.00139501 0.00144195 -0.0165097 -0.00518015 -0.00571072 -0.00539559 -0.00190937 -0.00607439 -0.00761298 -0.0110377 -0.0183427 -0.0017276 -0.016349 -0.0324242 0.000503084 -0.00400337 -0.00842555 -0.0024768 0.000587585 -0.0029137 -0.000818904 -0.0033502 -0.00428659 -0.0117738 -0.00589387 -0.0055554 -0.0133019
internal_weight=345341 109765 30959 235576 234960 616 30697 28084 27276 78806 23753 2434 1749 1071 76372 808 330 112844 2077 1229 43849 110767 36222 3523 30143 16330 778 23527 21534 530
internal_count=345341 109765 30959 235576 234960 616 30697 28084 27276 78806 23753 2434 1749 1071 76372 808 330 112844 2077 1229 43849 110767 36222 3523 30143 16330 778 23527 21534 530
is_linear=0
shrinkage=0.05


Tree=2
num_leaves=31
num_cat=0
split_feature=4 4 4 0 13 13 12 13 13 13 6 13 13 13 11 4 6 6 11 5 0 11 11 11 5 5 11 12 12 12
split_gain=492.375 128.101 47.4907 41.5298 61.4056 37.9946 58.3889 29.59 33.9988 30.3071 27.8285 24.0679 29.1317 23.9823 20.2029 18.4008 16.6078 14.4716 13.5474 12.6422 12.0628 11.4635 11.0387 10.9831 10.6214 10.4186 10.3902 8.81334 12.004 28.6047
threshold=0.031407158935612287 0.021960135016574692 0.042613515892852262 0.083032335043624297 33.129999160766609 29.835000038146976 -0.067575688865902969 30.345000267028812 28.970000267028812 24.385000228881839 0.51430473559579692 27.855000495910648 30.345000267028812 24.19999980926514 -0.020508631147506503 0.016487316299764136 0.88652357192004827 0.41699394323740285 0.023193318891049478 0.015223772821809957 0.054030092492426747 -0.040606283895635913 -0.055970662091911087 0.034590323148393838 0.018150694417881395 0.040052208559082945 -0.0041436814843686101 -0.071455509470426767 -0.029694383534641874 -0.032774271648009549
decision_type=2 2 2 2 2 2 2 2 2 2 2 2 2 2 2 2 2 2 2 2 2 2 2 2 2 2 2 2 2 2
left_child=1 5 16 7 -5 15 -7 8 9 13 18 -12 21 25 -10 -1 23 -17 19 -3 -9 -13 -14 24 -2 -4 -11 -26 29 -29
right_child=2 10 3 4 -6 6 -8 20 14 26 11 12 22 -15 -16 17 -18 -19 -20 -21 -22 -23 -24 -25 27 -27 -28 28 -30 -31
leaf_value=0.00028384210717769535 -4.2568618205956685e-05 6.9289825061597324e-05 -0.00077300762771452146 -0.0016762724974731685 -0.0031893454136246615 -5.8625299526199676e-05 -0.0025782578795789123 0.0001667985098070407 -0.0046118907165638616 -0.00059601794975082639 -0.00016865168934435571 -0.0030106648908299789 -0.0006165573235681303 -0.0018379425807247612 -0.00081926995536772945 0.00019318919387842237 -0.00063504941345363108 7.2032765459676781e-05 0.00019513720921693692 -7.2120368915542911e-05 -0.0017358381175205399 -0.0008827942688378167 0.00055745962738164344 4.832105715407947e-05 0.00014231661169571467 -0.0016926243130140136 0.00040127557450032967 -0.00049445562943018753 -0.00032087720750146958 -0.0021068014757423411
leaf_weight=50682 5307 33818 16338 503 186 241 115 2353 69 1665 27997 79 282 180 639 78779 7757 28128 12237 42293 59 135 233 3233 1310 2427 1312 3157 23711 501
leaf_count=50682 5307 33818 16338 503 186 241 115 2353 69 1665 27997 79 282 180 639 78779 7757 28128 12237 42293 59 135 233 3233 1310 2427 1312 3157 23711 501
internal_value=4.82465e-05 0.001005 -0.00367312 -0.0053863 -0.0174964 0.00193406 -0.014382 -0.00505311 -0.00561423 -0.00526594 -0.00024839 -0.00160029 -0.0105693 -0.0060029 -0.0163983 0.00197092 -0.00269299 0.00159891 0.000191176 -5.70875e-05 0.000211443 -0.0260748 -0.00412621 -0.00225436 -0.00251927 -0.00582867 -0.000576083 -0.00289951 -0.00309127 -0.00575724
internal_weight=345726 275019 70707 25731 689 157945 356 25042 22630 21922 117074 28726 729 18945 708 157589 44976 106907 88348 76111 2412 214 515 37219 33986 18765 2977 28679 27369 3658
internal_count=345726 275019 70707 25731 689 157945 356 25042 22630 21922 117074 28726 729 18945 708 157589 44976 106907 88348 76111 2412 214 515 37219 33986 18765 2977 28679 27369 3658
is_linear=0
shrinkage=0.05


Tree=3
num_leaves=31
num_cat=0
split_feature=8 9 10 10 11 10 13 14 10 13 11 10 12 11 11 12 10 10 11 10 13 12 14 14 10 12 12 13 13 9
split_gain=134.328 86.7006 79.7853 62.4311 109.153 45.2812 43.2845 34.6402 34.7231 31.4344 46.5872 30.6168 27.9974 25.7604 25.3764 41.3532 28.4267 52.4943 107.747 31.7679 38.2513 47.8489 51.4844 29.2262 26.6142 25.9386 80.0527 30.9278 63.5255 29.6206
threshold=-0.099753174102981831 0.3634604699447132 0.06903334451863076 -0.029463592833469218 -0.035697741943328191 0.06903334451863076 14.614999771118166 0.17907813454888047 -0.0030276650310187554 38.065000534057624 -0.040606283895635913 -0.0024606857444454673 -0.037414227924983272 -0.055970662091911087 0.010325604265528312 0.11925837683918029 -0.0041401831937402647 -0.0040528821834706621 0.0023539165511853315 -0.017312000709356064 22.730000495910648 -0.067575688865902969 0.15844695899744313 -0.071225645536492452 0.0016774632438406603 0.020704073700370865 0.020115024475367619 17.454999923706058 17.914999961853031 0.3634604699447132
decision_type=10 10 2 2 2 2 2 2 2 2 2 2 2 2 2 2 2 2 2 2 2 2 2 2 2 2 2 2 2 8
left_child=2 3 7 4 13 6 -5 8 -1 10 -9 -10 -13 -2 15 16 19 18 -18 20 -8 -22 -23 -19 -17 26 27 -25 -29 -30
right_child=1 -3 -4 5 -6 -7 14 9 11 -11 -12 12 -14 -15 -16 24 17 23 -20 -21 21 22 -24 25 -26 -27 -28 28 29 -31
leaf_value=-2.5323221504003996e-05 -0.0005948623863218875 -0.00061825030360644531 -0.0038056067797723882 0.00016339336207812555 0.00033002667574691592 -0.0015873364423372787 0.00034834730347489549 -0.0037130232852928737 -0.00075349768703670108 3.6864583469289734e-05 -0.0007280926407124776 -0.00076272809443489584 -0.00024252679174318204 -0.0030836204339019552 0.00011102871808198398 -0.00099528795584001811 0.00071634825268634397 0.00014985420872509777 -0.0013832552333760484 0.00015036829763524114 0.00071435008916007265 -0.0002376453470549764 -0.00086886610075418813 -1.5242141046928322e-05 -0.00028424990411207967 2.783574537512574e-05 -0.0013622049767173239 -0.00075687358237247959 -0.00030338926706178874 0.00038229714206364712
leaf_weight=11313 189 9486 124 88333 570 307 1901 163 1236 516 915 3812 15248 261 68970 405 396 17874 371 44812 826 1052 1044 23190 358 28904 808 2609 16593 2978
leaf_count=11313 189 9486 124 88333 570 307 1901 163 1236 516 915 3812 15248 261 68970 405 396 17874 371 44812 826 1052 1044 23190 358 28904 808 2609 16593 2978
internal_value=6.58925e-05 0.000387959 -0.00295151 0.00053544 -0.0118137 0.000577186 0.000596734 -0.00280201 -0.00243934 -0.00999373 -0.0148516 -0.00367659 -0.00318206 -0.0302222 0.000210966 -0.000166492 -0.000104703 -0.000617084 -0.0136441 0.000862799 -0.00299295 -0.00658453 -0.0106011 -0.000509596 -0.0117759 -0.00094217 -0.00167742 -0.0013996 -0.00273445 -0.00175745
internal_weight=345564 312237 33327 302751 1020 301731 301424 33203 31609 1594 1078 20296 19060 450 213091 144121 143358 93723 767 49635 4823 2922 2096 92956 763 75082 46178 45370 22180 19571
internal_count=345564 312237 33327 302751 1020 301731 301424 33203 31609 1594 1078 20296 19060 450 213091 144121 143358 93723 767 49635 4823 2922 2096 92956 763 75082 46178 45370 22180 19571
is_linear=0
shrinkage=0.05


Tree=4
num_leaves=31
num_cat=0
split_feature=4 4 4 14 14 13 13 13 15 13 13 15 13 13 4 13 15 6 13 6 8 5 14 5 13 14 9 15 6 14
split_gain=437.757 83.9401 71.0507 68.9751 35.3351 32.5272 30.8973 30.0534 29.6838 28.9798 29.1431 27.8593 25.9619 29.2804 22.6293 20.3297 23.883 16.9411 16.5631 14.3905 13.3245 12.6706 11.2773 10.4449 10.0451 21.6014 9.57272 9.39203 8.89708 8.44692
threshold=0.027026973436412693 0.036958001434142428 0.019324538088636507 -0.19490876951167976 0.17907813454888047 22.429999351501468 30.345000267028812 33.129999160766609 -0.039305098541580145 28.970000267028812 24.385000228881839 -0.020827266667955476 29.835000038146976 30.345000267028812 0.048354146882387865 25.19999980926514 -0.039305098541580145 0.86369235169140757 24.19999980926514 0.4490098018178425 -0.058243955041389232 0.013868406633710773 0.45247854199056486 0.018150694417881395 43.015001296997077 0.11212440385738133 -0.2740881447993323 -0.007288433905044577 0.27392653661293848 -0.12096344977185801
decision_type=2 2 2 2 2 2 2 2 2 2 2 2 2 2 2 2 2 2 2 2 10 2 2 2 2 2 8 2 2 2
left_child=2 8 12 7 17 -6 9 -3 -2 10 14 -11 28 -14 29 -7 22 21 -16 23 -9 -4 -17 -10 -8 26 -26 -13 -1 -5
right_child=1 3 4 6 5 15 24 20 19 11 -12 27 13 -15 18 16 -18 -19 -20 -21 -22 -23 -24 -25 25 -27 -28 -29 -30 -31
leaf_value=0.00024825431935456894 -0.0019677483033552602 -0.00054675792779220692 0.0001458330859202143 0.0001051584945709311 0.00012390954400434372 -0.00084043357092107086 0.00046261810657529398 -0.0029480261307743127 -2.0939577407487465e-05 -0.0040427973260090261 -5.4148640355584053e-05 -1.7073135341162432e-05 -0.0021482354857023981 0.00023585879730790086 -0.0010059908218789254 -0.0028382538453622392 -0.00042453446327101396 -7.7781322657157929e-05 -0.0022048116242668896 -0.00031552158172770082 -0.0011220308009178435 3.4332357094818873e-05 -0.00054651762421171817 -0.00018704100475359011 -0.0026250010131746654 0.00034016687613756466 -0.0011318781974136959 -0.00074599629961441137 0.00017127191570395477 -0.00051359593872007806
leaf_weight=74641 373 198 51362 905 1072 367 2388 220 24459 88 4433 177 68 76 11587 85 782 21638 125 17731 81 52036 140 26799 47 424 170 677 31289 20357
leaf_count=74641 373 198 51362 905 1072 367 2388 220 24459 88 4433 177 68 76 11587 85 782 21638 125 17731 81 52036 140 26799 47 424 170 677 31289 20357
internal_value=7.19995e-05 -0.00250951 0.00130153 -0.00427717 0.000506032 -0.00544563 -0.00405433 -0.0227555 -0.00144229 -0.00443832 -0.0042202 -0.0130998 0.00225758 -0.0189583 -0.00473191 -0.0105386 -0.00686693 0.000622461 -0.00649676 -0.00136623 -0.0327076 0.000888702 -0.0212222 -0.000941511 0.000807197 -0.00475039 -0.0175806 -0.0103396 0.00228642 -0.00375976
internal_weight=344795 111239 233556 41877 127482 2446 41378 499 69362 38349 37407 942 106074 144 32974 1374 1007 125036 11712 68989 301 103398 225 51258 3029 641 217 854 105930 21262
internal_count=344795 111239 233556 41877 127482 2446 41378 499 69362 38349 37407 942 106074 144 32974 1374 1007 125036 11712 68989 301 103398 225 51258 3029 641 217 854 105930 21262
is_linear=0
shrinkage=0.05


Tree=5
num_leaves=31
num_cat=0
split_feature=5 4 10 5 10 15 11 11 12 6 11 11 10 12 10 12 4 11 10 10 11 6 3 10 4 10 15 4 6 12
split_gain=374.98 76.077 79.145 63.4739 50.44 28.7187 25.0127 22.7141 21.9102 21.821 18.8399 17.645 15.4966 30.2412 17.7963 20.4104 13.6286 12.1889 28.9177 28.354 23.0224 11.6536 10.1291 11.6695 9.84716 9.40732 9.40524 9.23629 8.83108 9.36766
threshold=0.016477223465670068 0.040354674076502874 0.06903334451863076 0.012723999954662639 -0.029463592833469218 -0.039305098541580145 -0.035697741943328191 0.035212885385391253 -0.071455509470426767 0.46506505077677723 -0.055970662091911087 0.022575504509470105 -0.017312000709356064 -0.0075921435528307204 -0.029463592833469218 -0.039248351692988841 0.034136698315216589 -0.029337474403061222 0.00048355916176134889 -0.029463592833469218 -0.022354679901405047 0.35648577130699499 -0.018113768887475731 -0.0017910689910654585 0.06828356711186305 0.0091384647102960032 -0.039305098541580145 0.050737517541395404 0.2600065692619673 -0.014290771365627284
decision_type=2 2 2 2 2 2 2 2 2 2 2 2 2 2 2 2 2 2 2 2 2 2 2 2 2 2 2 2 2 2
left_child=3 5 7 12 6 -2 10 8 22 -6 -5 16 13 14 -1 -16 -7 18 19 26 -19 -14 23 -3 28 -20 -10 -4 29 -22
right_child=1 2 27 4 9 11 -8 -9 17 -11 -12 -13 21 -15 15 -17 -18 20 25 -21 24 -23 -24 -25 -26 -27 -28 -29 -30 -31
leaf_value=-0.0022581273089050421 -0.0017614643157136383 -9.6211974128375584e-05 -0.0011534848808634321 -0.00051587388052535177 8.0592694613797894e-05 -0.00015249895896604718 -0.00011279477811725163 -4.4129975685851757e-05 -0.003982916506807579 -0.00010037380478252901 -0.0026256652896173116 2.9079126982015473e-05 0.00022572366752137974 0.00026011730700584753 -0.00027614922073974284 -0.00074970746485510293 -0.00034605373508850838 0.00011769122472370675 -0.0025084199124197223 -0.00019305251635887074 -0.00079006853401142872 0.00014231732026304467 0.00037084275938805604 -0.0017446544844988766 -0.0015772992951845475 -0.00070124939618055942 -0.0028925661240712061 -0.0031935267543246183 -0.00094003939874146816 -0.00048226452882967362
leaf_weight=65 405 251 100 120 77222 47145 145 3512 82 25848 134 12724 92728 1204 442 183 18703 1754 230 733 3208 37299 1978 175 2431 118 40 152 5673 10591
leaf_count=65 405 251 100 120 77222 47145 145 3512 82 25848 134 12724 92728 1204 442 183 18703 1754 230 733 3208 37299 1978 175 2431 118 40 152 5673 10591
internal_value=0.000112987 -0.00229694 -0.00439474 0.00123922 0.000312123 -0.00147277 -0.0174311 -0.00416623 -0.00465376 0.000380809 -0.0268898 -0.00140432 0.00196637 -0.00252376 -0.0108696 -0.00828 -0.00173369 -0.00509453 -0.0100042 -0.00505848 -0.00484487 0.00203177 -9.56737e-05 -0.0070892 -0.00528626 -0.0221552 -0.027377 -0.0323016 -0.00491167 -0.00422893
internal_weight=345395 110005 31028 235390 103469 78977 399 30776 27264 103070 254 78572 131921 1894 690 625 65848 24860 1203 855 23657 130027 2404 426 21903 348 122 252 19472 13799
internal_count=345395 110005 31028 235390 103469 78977 399 30776 27264 103070 254 78572 131921 1894 690 625 65848 24860 1203 855 23657 130027 2404 426 21903 348 122 252 19472 13799
is_linear=0
shrinkage=0.05


Tree=6
num_leaves=31
num_cat=0
split_feature=4 4 10 10 14 4 10 12 13 14 13 13 15 13 4 8 11 13 11 10 10 6 12 6 14 11 13 12 12 13
split_gain=352.284 90.5325 65.2155 46.1211 53.5565 35.3037 28.5904 27.3599 30.8637 38.4812 24.2458 35.5268 30.0659 21.3225 24.8807 18.8161 14.9441 14.9414 12.9665 16.5954 11.7231 13.1316 11.6955 11.579 11.161 11.1083 8.58603 9.22471 16.6447 18.1035
threshold=0.024842835852605317 0.034423224555806105 0.06903334451863076 -0.029463592833469218 0.45247854199056486 0.019324538088636507 -0.017312000709356064 -0.0075921435528307204 31.844999313354496 0.23397195059943568 30.345000267028812 28.970000267028812 -0.03111367366882339 24.385000228881839 0.048354146882387865 -0.058243955041389232 0.023193318891049478 24.19999980926514 -0.0041436814843686101 0.0054582813073318368 -0.015213589282174643 0.76894850591203767 -0.043041406919214036 0.49781031013194749 -0.12096344977185801 -0.014879372351697838 24.19999980926514 -0.05793872793170584 -0.029694383534641874 21.430000305175785
decision_type=2 2 2 2 2 2 2 2 2 2 2 2 2 2 2 10 2 2 2 2 2 2 2 2 2 2 2 2 2 2
left_child=3 6 10 4 -1 -5 7 8 9 25 11 13 -13 14 24 -4 20 -16 19 -15 -8 -22 -14 -7 -3 -2 27 -26 29 -29
right_child=1 2 15 5 -6 23 16 -9 -10 -11 -12 12 22 18 17 -17 -18 -19 -20 -21 21 -23 -24 -25 26 -27 -28 28 -30 -31
leaf_value=-0.0022164874022028787 -0.00076214937861947155 0.00016952842781166167 -0.0025158549587737792 0.0002077518922974296 -0.00015515632954270995 0.00011166457362380929 0.00029633709266069734 0.00020077565758540606 8.2299613276018774e-05 -0.0021226003862040198 0.00016597768500613267 -0.0036620814212295011 -0.00086913170701944243 -6.3782709087366671e-05 -0.00092260807471555037 -0.00079747738979485698 0.00011270295249965828 -0.0021041070604675134 0.00038228158711293135 -0.0010629768591941258 -8.1226611731662339e-05 -0.00029207269175612172 -0.00030951007635584009 -1.8684969050531279e-05 0.00030358139931673959 0.00062644400316665594 -0.00093745430016658419 -0.00042073160840042334 -0.00037853788240841833 -0.0014618872031204244
leaf_weight=168 694 1389 222 105699 349 74729 2420 758 493 275 3354 120 388 2548 11699 103 12372 123 2218 741 56738 13208 537 24280 675 135 222 1251 26433 913
leaf_count=168 694 1389 222 105699 349 74729 2420 758 493 275 3354 120 388 2548 11699 103 12372 123 2218 741 56738 13208 537 24280 675 135 222 1251 26433 913
internal_value=0.00012388 -0.00180966 -0.00344038 0.00144317 -0.013472 0.00148084 -0.000818493 -0.00625265 -0.00996556 -0.0146105 -0.00330245 -0.00358254 -0.0127033 -0.00338484 -0.00376244 -0.0257692 -0.000667469 -0.00571308 -0.000456691 -0.00244907 -0.000942017 -0.00106039 -0.00964865 0.000802402 -0.00301574 -0.00923402 -0.00322201 -0.00314772 -0.00328409 -0.0075
internal_weight=345254 140029 52936 205225 517 204708 87093 2355 1597 1104 52611 49257 1045 48212 42705 325 84738 11822 5507 3289 72366 69946 925 99009 30883 829 29494 29272 28597 2164
internal_count=345254 140029 52936 205225 517 204708 87093 2355 1597 1104 52611 49257 1045 48212 42705 325 84738 11822 5507 3289 72366 69946 925 99009 30883 829 29494 29272 28597 2164
is_linear=0
shrinkage=0.05


Tree=7
num_leaves=31
num_cat=0
split_feature=4 4 10 10 14 4 15 10 11 10 11 10 11 12 11 5 10 11 5 3 11 15 10 12 12 9 11 11 8 12
split_gain=308.42 69.2214 61.1581 45.9169 47.1604 41.1883 38.0876 17.614 15.791 14.3664 17.7318 12.6092 25.0667 16.1988 14.6121 14.5813 14.2269 19.0407 12.3366 12.0251 11.0344 18.0336 10.6192 15.3565 25.5171 9.70922 9.26893 10.943 9.62084 18.9978
threshold=0.02581616172225102 0.039860559393067284 0.06903334451863076 -0.029463592833469218 0.45247854199056486 0.019324538088636507 -0.039305098541580145 0.017102322993862277 0.022575504509470105 0.015605159278572868 0.019286705415067943 -0.0056282677308486786 -0.029337474403061222 -0.075828258528587975 0.020728631229320785 0.026405568449036073 0.00048355916176134889 -0.055970662091911087 0.018545452574864472 -0.037484135456346095 -0.043674023036412872 -0.039305098541580145 -0.017312000709356064 -0.0067438381246153192 -0.047351207791152365 -0.2740881447993323 0.029850216703313229 -0.019741563271709391 -0.16760900041007246 -0.037046010161181635
decision_type=2 2 2 2 2 2 2 2 2 2 2 2 2 2 2 2 2 2 2 2 2 2 2 2 2 8 2 2 10 2
left_child=3 6 7 4 -1 -5 19 9 18 11 -11 13 16 -3 15 -14 17 25 -8 -2 21 -15 23 24 -7 -13 27 -24 29 -29
right_child=1 2 -4 5 -6 22 8 -9 -10 10 -12 12 14 20 -16 -17 -18 -19 -20 -21 -22 -23 26 -25 -26 -27 -28 28 -30 -31
leaf_value=-0.0022068155557161866 -0.002832859711494468 0.0010871730926413652 -0.0023728859047096183 0.00019517085515658337 -0.00017865505291062879 -7.4725489902748075e-05 -8.9734298136997679e-05 0.00017748772347305736 4.8874178311446188e-05 -0.0028212086421079184 -0.00014770450214690001 -0.0026070332526923522 -0.0003944415455445383 -0.0036307650102578998 -0.0002639560679783458 -0.0008990490561158346 -0.0021572465889083659 0.00026007500016596535 -0.00025809473549350518 -0.0010206500471431873 -0.00042918340775676241 -0.00085679624422467385 0.00024338731069737871 0.00021542758828250401 -0.00082265565734757908 -0.0010054981904202938 0.00024868516509978737 -0.00092250813815250912 5.4514046948988791e-05 -9.500661611681103e-05
leaf_weight=187 117 1089 254 106121 378 661 45121 1832 14439 153 137 47 6347 70 5177 10205 455 301 33947 402 5919 133 9773 856 444 141 8383 348 88855 3173
leaf_count=187 117 1089 254 106121 378 661 45121 1832 14439 153 137 47 6347 70 5177 10205 455 301 33947 402 5919 133 9773 856 444 141 8383 348 88855 3173
internal_value=0.000136845 -0.00183132 -0.00382982 0.00127086 -0.0129646 0.00130765 -0.00114564 -0.00363588 -0.00107067 -0.0039249 -0.015 -0.00381743 -0.00439664 -0.00199626 -0.00405012 -0.00477525 -0.0123729 -0.00645194 -0.00134833 -0.0146532 -0.00299575 -0.0144581 0.000641062 -0.00300612 -0.00690045 -0.0189362 0.000705769 0.000574602 0.000406275 -0.00215706
internal_weight=345465 126286 32260 219179 565 218614 94026 32006 93507 30174 290 29884 22673 7211 21729 16552 944 489 79068 519 6122 203 112493 1961 1105 188 110532 102149 92376 3521
internal_count=345465 126286 32260 219179 565 218614 94026 32006 93507 30174 290 29884 22673 7211 21729 16552 944 489 79068 519 6122 203 112493 1961 1105 188 110532 102149 92376 3521
is_linear=0
shrinkage=0.05


Tree=8
num_leaves=31
num_cat=0
split_feature=4 4 10 10 14 4 15 13 10 4 4 6 11 11 6 11 11 10 9 6 10 13 13 13 11 14 14 10 10 13
split_gain=275.751 66.9683 48.8421 37.1118 40.7219 28.8967 23.043 18.9286 31.4434 17.5278 15.7266 14.7068 13.8989 11.9235 11.2245 9.11793 9.08622 23.4643 11.264 8.64575 8.1145 7.97824 11.3064 9.16937 9.19715 17.6324 25.2045 7.5205 9.24807 10.3177
threshold=0.024842835852605317 0.034423224555806105 0.06903334451863076 -0.029463592833469218 0.45247854199056486 0.019456405949428542 -0.039305098541580145 30.345000267028812 -0.029463592833469218 0.052191650944774015 0.053748724821897256 0.99454890693170206 -0.035697741943328191 0.023193318891049478 0.49781031013194749 0.029850216703313229 -0.055970662091911087 -0.0017910689910654585 -0.23069177692920032 0.4004240770523752 -0.017312000709356064 19.115000724792484 19.085000038146976 28.970000267028812 -0.0045068390263329752 -0.034658988562555441 -0.071225645536492452 -0.0056282677308486786 -0.017312000709356064 18.595000267028812
decision_type=2 2 2 2 2 2 2 2 2 2 2 2 2 2 2 2 2 2 8 2 2 2 2 2 2 2 2 2 2 2
left_child=3 6 7 4 -1 19 -2 8 12 15 -4 13 -3 -8 -7 27 17 -9 -19 -5 -16 22 -11 24 25 26 -23 28 -10 -30
right_child=1 2 10 5 -6 14 11 16 9 21 -12 -13 -14 -15 20 -17 -18 18 -20 -21 -22 23 -24 -25 -26 -27 -28 -29 29 -31
leaf_value=-0.0020106248864403104 -0.001507369978695392 -0.0030301975357712833 -0.0010214988980866049 0.00020296910100626488 -0.00013918137266401935 0.00010728156156398474 -7.0010982298405908e-05 0.00047315901037611068 -0.00056700800598928061 -0.00097650554067864575 -0.003021933234408393 -0.00026367380837042238 -0.00026451365097567703 0.00014039285547423061 -0.00044700563606093585 -5.7521208833663619e-05 0.00040228389238339425 -0.0021965777774074786 -0.00091657936175995711 0.00012472753192642658 -7.686179030467899e-06 -0.00058374280345018447 -0.0022890827360414067 -0.00075726302002067966 -4.4962583606384899e-05 -0.00044080616317757098 -0.0033147893790120482 -0.00040400395974177303 -0.00045852128083944072 0.00010386652125058578
leaf_weight=172 416 133 197 80387 344 72595 62564 480 895 5531 116 13571 52 10708 585 4486 2634 76 179 28258 22876 403 91 423 2022 1787 263 26733 2205 4183
leaf_count=172 416 133 197 80387 344 72595 62564 480 895 5531 116 13571 52 10708 585 4486 2634 76 179 28258 22876 403 91 423 2022 1787 263 26733 2205 4183
internal_value=0.000170472 -0.00153916 -0.00294305 0.00133802 -0.0120543 0.00137178 -0.000688238 -0.00282581 -0.00307405 -0.00299641 -0.0226358 -0.000632002 -0.0236486 -0.000351976 0.000739985 -0.00250221 0.000799941 -0.00411565 -0.0163725 0.00193037 -0.000210775 -0.00480513 -0.00609036 -0.00332993 -0.0026648 -0.00472279 -0.0116667 -0.00278163 -0.00135727 -0.000690357
internal_weight=345365 140148 52889 205217 516 204701 87259 52576 49207 49022 313 86843 185 73272 96056 38502 3369 735 255 108645 23461 10520 5622 4898 4475 2453 666 34016 7283 6388
internal_count=345365 140148 52889 205217 516 204701 87259 52576 49207 49022 313 86843 185 73272 96056 38502 3369 735 255 108645 23461 10520 5622 4898 4475 2453 666 34016 7283 6388
is_linear=0
shrinkage=0.05


Tree=9
num_leaves=31
num_cat=0
split_feature=5 4 10 5 10 10 14 11 6 11 6 13 4 6 5 11 12 13 11 15 8 6 13 10 12 12 10 13 12 14
split_gain=255.214 59.179 39.3384 31.9166 25.3474 24.462 22.0461 21.0761 18.2966 18.1559 17.8873 18.0026 14.6187 13.6123 12.8336 14.1065 12.6667 14.3163 9.96132 8.82899 7.94577 7.11659 7.12774 6.72613 6.92237 20.3248 14.4169 22.8557 15.4671 12.9388
threshold=0.015223772821809957 0.034136698315216589 0.06903334451863076 0.011332211279277625 -0.029463592833469218 -0.029463592833469218 0.45247854199056486 -0.035697741943328191 0.3283921788356704 -0.055970662091911087 1.0232375881166564 31.844999313354496 0.050737517541395404 1.0844928695955993 0.024836513694007564 0.021392341691460984 -0.075828258528587975 29.835000038146976 0.022575504509470105 -0.039305098541580145 0.19452461094478049 0.17432504266028656 27.855000495910648 -0.0065884615881859334 0.020704073700370865 0.020115024475367619 -0.0024295590031904175 19.880000114440922 0.11925837683918029 0.019226293465225867
decision_type=2 2 2 2 2 2 2 2 2 2 2 2 2 2 2 2 2 2 2 2 8 2 2 2 2 2 2 2 2 2
left_child=3 4 10 21 7 6 -5 9 -7 -2 11 14 -4 18 19 16 -16 -18 23 -3 -10 -1 -23 -6 25 -25 27 28 29 -26
right_child=1 2 12 5 13 8 -8 -9 20 -11 -12 -13 -14 -15 15 -17 17 -19 -20 -21 -22 22 -24 24 26 -27 -28 -29 -30 -31
leaf_value=0.00021773423533259393 -0.00040425864587294129 -0.0011822082459382269 -0.00069241730720544757 -0.0020866668911139674 4.9970292683932874e-05 0.00011593654144635847 -0.0002675945884097188 0.00014328157326173581 9.8190717552866731e-08 -0.0024914653353426031 -0.00079928350707840371 0.0005542503532152916 -0.0024002987371220339 -0.00028404311561761682 0.00059510896929872408 -0.00013644338210157955 -0.00061643072896600687 -0.0026533492121353433 0.00011092925492646417 -0.00019835920634555214 -0.00032657884591038173 0.00014290255346379615 -0.0010715877138982594 -0.00014860772913968438 0.00017967499321096603 -0.0017092436771072171 2.7278255829231259e-05 -0.0009009447147348556 -0.00066467955323925535 -0.00039624690840082743
leaf_weight=54910 141 93 179 112 11023 86814 242 167 33293 148 7853 1932 157 10946 686 4876 16165 107 11439 21992 1787 29802 56 25499 2004 257 20753 149 268 1748
leaf_count=54910 141 93 179 112 11023 86814 242 167 33293 148 7853 1932 157 10946 686 4876 16165 107 11439 21992 1787 29802 56 25499 2004 257 20753 149 268 1748
internal_value=0.000156946 -0.00150373 -0.00279608 0.00126865 -0.000677651 0.000751669 -0.0123729 -0.0124342 0.000789785 -0.0206055 -0.00268937 -0.00231173 -0.0198512 -0.000613895 -0.00251952 -0.00337913 -0.00406062 -0.0043412 -0.000367788 -0.00166969 -0.000173888 0.0020142 0.00139293 -0.000619034 -0.000862504 -0.00143733 -0.000268437 -0.00295155 -0.00223881 -0.00140991
internal_weight=345598 138582 54040 207016 84542 122248 354 456 121894 289 53704 45851 336 84086 43919 21834 16958 16272 73140 22085 35080 84768 29858 61701 50678 25756 24922 4169 4020 3752
internal_count=345598 138582 54040 207016 84542 122248 354 456 121894 289 53704 45851 336 84086 43919 21834 16958 16272 73140 22085 35080 84768 29858 61701 50678 25756 24922 4169 4020 3752
is_linear=0
shrinkage=0.05


Tree=10
num_leaves=31
num_cat=0
split_feature=5 4 5 10 10 10 8 11 12 11 11 5 14 6 4 10 12 14 12 11 6 11 10 10 11 6 9 14 3 10
split_gain=229.959 44.3409 37.1036 36.7974 29.5277 16.4642 16.3128 16.1656 17.5296 15.8555 15.7702 15.1495 14.784 12.8458 12.3947 11.0434 20.2287 13.845 11.8057 9.88655 9.57829 9.06707 13.8312 19.1523 12.2982 8.58969 8.22254 7.878 7.87112 8.15065
threshold=0.015963719896264519 0.034136698315216589 0.01300541488196791 0.06903334451863076 -0.029463592833469218 -0.029463592833469218 -0.070270701528363108 0.034590323148393838 -0.071455509470426767 -0.035697741943328191 -0.055970662091911087 0.023611678392566605 0.45247854199056486 0.19823820418423788 0.015412377902410167 -0.017312000709356064 -0.0075921435528307204 0.15844695899744313 -0.067575688865902969 0.037714619913018062 1.0524554078324984 -0.029337474403061222 0.00048355916176134889 -0.029463592833469218 -0.022354679901405047 1.7022849724032463 -0.33069970981163166 0.23397195059943568 -0.019515501629517925 -0.0017910689910654585
decision_type=2 2 2 2 2 2 10 2 2 2 2 2 2 2 2 2 2 2 2 2 2 2 2 2 2 2 10 2 2 2
left_child=2 5 14 7 12 9 -5 8 28 10 -2 -10 -4 -6 -1 16 17 -16 -19 20 -7 22 23 -13 -23 -17 -9 -20 29 -3
right_child=1 3 4 6 13 19 -8 26 11 -11 -12 21 -14 -15 15 25 -18 18 27 -21 -22 24 -24 -25 -26 -27 -28 -29 -30 -31
leaf_value=0.00022765187373959881 -0.00031564627608484904 8.3090309320564678e-05 -0.0018898240909238609 -0.0020019708892560751 7.5656421083628708e-05 -6.4156198609221205e-05 -0.00052890908301059367 -0.00074446099321276416 -0.00025684186524808808 0.00029827362214374217 -0.0023205092048567198 -0.0030397376453939161 -0.00035436001317719281 -6.8537235129624549e-05 0.00023696191524982016 0.00014709563681498456 0.00019488612051683793 0.00033146841204413077 -0.00062895229299412528 0.00022803663566499973 -0.00030520290693469496 9.705155598184283e-05 -0.0020607790424803487 -0.00020033494903296477 -0.00059918015688565523 -1.4378339949465124e-06 4.9792474672623521e-05 -0.0011205295054662358 0.00030710195023470993 -0.0013053092275036153
leaf_weight=32458 114 297 111 191 55777 54986 141 339 19505 131 124 100 204 26787 215 97933 1044 87 308 3480 8488 1548 286 579 22491 9480 5200 146 2974 208
leaf_count=32458 114 297 111 191 55777 54986 141 339 19505 131 124 100 204 26787 215 97933 1044 87 308 3480 8488 1548 286 579 22491 9480 5200 146 2974 208
internal_value=0.000172272 -0.00158307 0.00111957 -0.00265239 0.000279263 -0.000727611 -0.019247 -0.00254946 -0.00284467 -0.0112602 -0.0189496 -0.00311184 -0.015 0.000337556 0.00161116 0.0013562 -0.00252778 -0.00875661 -0.0130222 -0.000669564 -0.000811828 -0.00392657 -0.00867876 -0.00479381 -0.0037358 0.00142129 8.1244e-06 -0.0162555 0.000573441 -0.00519802
internal_weight=345732 121182 224550 53859 82879 67323 332 53527 47988 369 238 44509 315 82564 141671 109213 1800 756 541 66954 63474 25004 965 679 24039 107413 5539 454 3479 505
internal_count=345732 121182 224550 53859 82879 67323 332 53527 47988 369 238 44509 315 82564 141671 109213 1800 756 541 66954 63474 25004 965 679 24039 107413 5539 454 3479 505
is_linear=0
shrinkage=0.05


Tree=11
num_leaves=31
num_cat=0
split_feature=4 4 10 10 12 15 10 12 5 6 5 10 10 11 12 10 11 10 10 11 11 10 5 11 9 6 5 11 8 12
split_gain=209.599 52.5294 37.6042 24.1998 35.7122 22.6845 22.3192 27.5327 21.3494 14.9175 14.394 13.3174 15.6484 21.4013 13.1739 12.9219 21.036 11.8604 10.9277 16.7804 10.7161 17.6436 10.6023 9.85514 9.85006 9.52311 9.46549 8.35194 9.98203 11.8589
threshold=0.024120645320113539 0.03560595732628128 0.06903334451863076 -0.017312000709356064 -0.0075921435528307204 -0.039305098541580145 -0.029463592833469218 -0.047351207791152365 0.010576696320537237 0.2600065692619673 0.031720172575873805 0.017102322993862277 -0.0056282677308486786 -0.029337474403061222 -0.075828258528587975 0.015605159278572868 0.019286705415067943 -0.0055565432698074782 0.00048355916176134889 -0.055970662091911087 -0.043674023036412872 -0.029463592833469218 0.029477296432755918 0.035212885385391253 -0.23069177692920032 -0.56804647930199959 0.016901388287230243 -0.017686131484892616 -0.11331351311956765 -0.03832043649929328
decision_type=2 2 2 2 2 2 2 2 2 2 2 2 2 2 2 2 2 2 2 2 2 2 2 2 8 2 2 2 10 2
left_child=3 5 11 4 6 -2 -1 -8 -5 26 -4 12 14 18 -3 17 -17 -15 19 24 21 -16 -19 -24 -14 -10 -7 -27 29 -29
right_child=1 2 10 8 -6 9 7 -9 25 -11 -12 -13 13 15 20 16 -18 22 -20 -21 -22 -23 23 -25 -26 27 -28 28 -30 -31
leaf_value=-0.0013638568696712724 -0.0013402166870918465 0.000867235276008879 -0.00066557923088060057 0.00019515426288581358 0.00018007321316066343 4.2873350492260643e-05 6.9683813842674842e-05 -0.00066687365140039707 0.00014841557347424403 -0.0001736505983545483 -0.0023962871723508645 0.00016846603556147934 -0.0018859849220787949 -0.0013442764265882482 -0.0026223184196083865 -0.002234618036185783 3.3294008168321817e-05 -0.00028885029497384293 -0.0016344190799640085 0.00026097575620828879 -0.00021621768641907178 -0.0001837512755516735 -0.00082629773810342423 -6.7877916012969497e-05 -0.00090352248649861171 0.00022499280219702062 -8.5128265356388584e-05 -0.00072491920658871128 6.3776990355108679e-05 -0.00010027363251175651
leaf_weight=231 481 1423 190 59450 1669 34637 669 535 42272 31890 127 2477 74 179 120 223 185 22529 658 436 8625 185 8174 1669 160 9629 36604 288 77118 2544
leaf_count=231 481 1423 190 59450 1669 34637 669 535 42272 31890 127 2477 74 179 120 223 185 22529 658 436 8625 185 8174 1669 160 9629 36604 288 77118 2544
internal_value=0.000175293 -0.00122195 -0.00260003 0.0012609 -0.00311856 -0.000591051 -0.00890244 -0.0061711 0.00133196 -0.000540526 -0.0197634 -0.00248456 -0.00268257 -0.00319698 -0.000978943 -0.00294624 -0.0117892 -0.0028354 -0.00942018 -0.00492537 -0.00169093 -0.0109016 -0.00276443 -0.00413339 -0.0157265 0.000977278 -0.000138193 0.000685373 0.000517824 -0.0023976
internal_weight=345451 151046 47434 194405 3104 103612 1435 1204 191301 103131 317 47117 44640 34287 10353 32959 408 32551 1328 670 8930 305 32372 9843 234 131851 71241 89579 79950 2832
internal_count=345451 151046 47434 194405 3104 103612 1435 1204 191301 103131 317 47117 44640 34287 10353 32959 408 32551 1328 670 8930 305 32372 9843 234 131851 71241 89579 79950 2832
is_linear=0
shrinkage=0.05


Tree=12
num_leaves=31
num_cat=0
split_feature=5 5 10 4 10 13 11 6 6 11 5 6 6 13 10 10 13 11 15 11 11 5 13 10 13 9 5 10 11 10
split_gain=184.906 38.8032 30.3915 27.4506 28.8258 17.6791 15.58 12.2818 11.9014 11.6957 11.5088 11.415 10.1814 9.95133 9.43079 10.4928 17.7356 8.19723 7.92922 7.7881 7.71425 7.68259 7.08128 17.5891 16.0014 8.35243 6.83651 6.61014 13.4366 11.7501
threshold=0.016901388287230243 0.01300541488196791 -0.029463592833469218 0.040354674076502874 0.06903334451863076 24.385000228881839 -0.035697741943328191 0.74640480461336323 0.35648577130699499 -0.055970662091911087 0.034029371320075677 -0.2781131972995422 1.0524554078324984 24.19999980926514 0.01542612816856115 -0.0028568237545411042 25.319999694824222 0.011644602898028602 -0.039305098541580145 0.041951552464954973 0.023193318891049478 0.029477296432755918 31.844999313354496 -0.015857538372193832 29.835000038146976 -0.078466683800402878 0.010069474984684797 -0.0035395277323598258 0.011605230504387444 -0.0024295590031904175
decision_type=2 2 2 2 2 2 2 2 2 2 2 2 2 2 2 2 2 2 2 2 2 2 2 2 2 8 2 2 2 2
left_child=1 8 6 11 5 12 9 20 26 -3 -6 17 13 21 15 22 -17 27 -13 -18 -4 -5 23 24 -7 -26 -1 28 -2 -29
right_child=3 2 7 4 10 14 -8 -9 -10 -11 -12 18 -14 -15 -16 16 19 -19 -20 -21 -22 -23 -24 -25 25 -27 -28 29 -30 -31
leaf_value=0.00021202362990362331 4.9294845498724059e-05 -0.00032083958765691918 3.1353162807458395e-05 -0.0002797680790255925 -0.00078479496669010742 -0.00057001324820421897 -7.683648658242349e-05 -0.00010182318102756415 8.0264414267151483e-05 -0.0018812995480183071 -0.0027895682578643888 -0.0011605426135571305 -0.0011136099178082829 -0.0014140369320771531 0.00052582740030184363 0.00027289505034972541 -0.0010335603682825446 6.0026687507695411e-05 -0.00020158553268134519 -0.00021072202075455646 0.00018946038809836239 -0.00068489596624607711 0.0006200443761002416 0.00030805344907693425 -0.0019988303974640262 -0.0028043282388202783 0.00013157494704238716 -0.00051322780170493713 -0.00090590781985711423 -0.00013294034147923094
leaf_weight=31955 7438 137 71325 11696 156 386 160 19499 40936 136 95 330 3367 211 1293 860 896 13125 35091 668 10651 8559 1401 1330 113 60 68637 1752 54 13255
leaf_count=31955 7438 137 71325 11696 156 386 160 19499 40936 136 95 330 3367 211 1293 860 896 13125 35091 668 10651 8559 1401 1330 113 60 68637 1752 54 13255
internal_value=0.000199264 0.000948422 0.000204498 -0.00158632 -0.00282542 -0.00268807 -0.0130139 0.000260902 0.00148409 -0.0202747 -0.0197012 -0.00104406 -0.00333718 -0.00291801 -0.000480234 -0.00135282 -0.00384901 -0.000412082 -0.00167965 -0.00702046 0.000529179 -0.00280548 0.000486322 -0.00151138 -0.00895349 -0.0215896 0.00177658 -0.000991377 0.00022157 -0.00159692
internal_weight=345572 243436 101908 102136 31091 30840 433 101475 141528 273 251 71045 23833 20466 7007 5714 2424 35624 35421 1564 81976 20255 3290 1889 559 173 100592 22499 7492 15007
internal_count=345572 243436 101908 102136 31091 30840 433 101475 141528 273 251 71045 23833 20466 7007 5714 2424 35624 35421 1564 81976 20255 3290 1889 559 173 100592 22499 7492 15007
is_linear=0
shrinkage=0.05


Tree=13
num_leaves=31
num_cat=0
split_feature=5 4 15 0 5 14 12 12 8 13 12 13 6 13 13 14 14 13 13 13 12 13 3 6 15 13 13 14 5 13
split_gain=168.194 42.142 18.7203 17.6991 16.7606 14.1496 35.4944 14.8053 13.3298 13.2249 12.1112 11.3163 11.1865 10.8338 16.8623 11.3401 19.9469 31.0822 17.9319 16.9677 14.2003 11.4559 10.9573 10.2873 10.1645 14.3741 12.0227 9.25558 9.21526 8.78503
threshold=0.014514872942052176 0.033141899814157626 -0.039305098541580145 0.083032335043624297 0.010530995028542942 0.17907813454888047 -0.014290771365627284 -0.067575688865902969 0.26833153676031812 33.129999160766609 -0.03832043649929328 25.960000038146976 1.6478891572429482 24.385000228881839 24.19999980926514 -0.071225645536492452 -0.05546753287916955 21.914999961853031 19.010000228881839 17.494999885559086 0.0027925929369287954 17.530000686645511 -0.0034494084672702647 0.86369235169140757 -0.039305098541580145 39.645000457763679 29.835000038146976 0.23397195059943568 0.034029371320075677 20.255000114440922
decision_type=2 2 2 2 2 2 2 2 8 2 2 2 2 2 2 2 2 2 2 2 2 2 2 2 2 2 2 2 2 2
left_child=4 2 -2 8 -1 23 7 -7 13 -5 11 -10 -4 14 15 -3 17 22 19 -18 -21 -22 -17 -6 25 26 -15 -9 -11 -12
right_child=1 3 12 9 5 6 -8 27 10 28 29 -13 -14 24 -16 16 18 -19 -20 20 21 -23 -24 -25 -26 -27 -28 -29 -30 -31
leaf_value=0.00017164768402911845 -0.0012148854298732938 -3.9414725427070422e-07 -1.9149161390135606e-05 -0.0010938069995253701 0.00010939299646740082 1.106657566881924e-05 0.00013266250378003345 -0.00058389156213703431 -0.0015733886985255755 -0.0007808623354738592 -0.00061618098276334415 0.00011091115885852842 -0.00028480673671563329 -8.6787149130125506e-05 -0.00095123820794174312 -0.0012542878675091459 -0.00028058321417334794 -0.0024036566372642298 -3.9427348404235089e-05 -0.00091581962031650292 -0.0014495588865123044 -0.00031113807766250325 -0.00039558166723535897 -3.558104332175268e-06 8.6825903434256543e-06 1.0205579304380617e-05 -0.0024127006159649815 -0.0011790627837732024 -0.0024995046024953826 7.0463334618199149e-05
leaf_weight=58919 417 6195 89752 735 104943 188 1557 300 296 124 2962 118 7825 66 390 698 18590 258 10041 2329 105 3238 1864 21979 9973 276 132 262 87 964
leaf_count=58919 417 6195 89752 735 104943 188 1557 300 296 124 2962 118 7825 66 390 698 18590 258 10041 2329 105 3238 1864 21979 9973 276 132 262 87 964
internal_value=0.000192906 -0.00101296 -0.000375839 -0.00206331 0.00120193 0.000883277 -0.0029974 -0.0119333 -0.00195359 -0.00884778 -0.00461982 -0.0127536 -0.000330662 -0.00173991 -0.00208566 -0.00199247 -0.00232295 -0.00636525 -0.00199064 -0.00272607 -0.00511989 -0.00303171 -0.00469945 0.000953814 -0.000293385 -0.00744726 -0.0177273 -0.0159964 -0.0198815 -0.0037621
internal_weight=345583 157435 97994 59441 188148 129229 2307 750 58495 946 4340 414 97577 54155 43708 43318 37123 2820 34303 24262 5672 3343 2562 126922 10447 474 198 562 211 3926
internal_count=345583 157435 97994 59441 188148 129229 2307 750 58495 946 4340 414 97577 54155 43708 43318 37123 2820 34303 24262 5672 3343 2562 126922 10447 474 198 562 211 3926
is_linear=0
shrinkage=0.05


Tree=14
num_leaves=31
num_cat=0
split_feature=4 5 6 4 14 12 13 13 6 5 14 5 11 13 13 14 14 13 11 16 11 8 12 16 11 11 13 13 11 13
split_gain=156.975 30.6848 20.1879 19.6201 13.1246 31.717 12.7134 11.7893 11.0175 10.1882 10.0651 12.2294 8.34629 8.22341 8.21989 7.93595 9.58128 20.3162 23.222 11.6797 7.86795 9.12516 12.8105 10.9219 9.16549 14.6409 36.1188 31.1767 23.503 8.37794
threshold=0.024842835852605317 0.020386684884783058 1.0524554078324984 0.018090406805489824 0.17907813454888047 -0.014290771365627284 29.835000038146976 24.385000228881839 0.74640480461336323 0.032711241087994079 -0.19490876951167976 0.034029371320075677 0.037714619913018062 24.19999980926514 38.065000534057624 -0.12096344977185801 -0.098691693357393515 21.134999275207523 -0.01680301263819178 -0.0091215066009734374 -0.019741563271709391 -0.14721189302893342 -0.03832043649929328 -0.017003095159184464 0.0035972804909069071 0.0023539165511853315 14.97499990463257 15.97499990463257 0.0033390642462027835 13.34500026702881
decision_type=2 2 2 2 2 2 2 2 2 2 2 2 2 2 2 2 2 2 2 2 2 10 2 2 2 2 2 2 2 2
left_child=3 8 7 6 12 14 -1 9 15 13 11 -4 20 -3 -6 -2 17 -17 -19 -20 -5 22 23 -22 25 29 -27 28 -28 -23
right_child=1 2 10 4 5 -7 -8 -9 -10 -11 -12 -13 -14 -15 -16 16 -18 18 19 -21 21 24 -24 -25 -26 26 27 -29 -30 -31
leaf_value=0.00015099949616816102 0.00027291428898794915 -0.00021599930836833158 -0.00054245624545096692 0.00019699821881822844 -0.00091318138442362032 9.407864430819755e-05 -0.0011073348930685249 -5.5704418034509563e-06 -0.00019972730124885563 -0.00071814052324016791 -0.0007551938700968607 -0.0025196368369674606 0.00029945636236562712 -0.00088800833394979666 -0.00018222413547712771 0.0002508342691355131 -2.959020792374582e-05 -5.7059180886129802e-06 -0.00084533523048471509 -0.00044722634461651258 -0.0018618965786826652 -0.00015208029362331945 -8.5871667833911238e-05 -0.00022510291532853926 9.5207984997798737e-05 0.00019544520195110735 -0.0013959710567850306 -0.00030070425483390707 -0.00027257539816187673 6.5247490208425929e-05
leaf_weight=81619 2794 32228 223 10687 536 1408 83 9012 17646 5803 7130 86 4042 234 192 702 63245 422 199 305 98 2781 3282 265 60217 2278 264 2328 170 35411
leaf_count=81619 2794 32228 223 10687 536 1408 83 9012 17646 5803 7130 86 4042 234 192 702 63245 422 199 305 98 2781 3282 265 60217 2278 264 2328 170 35411
internal_value=0.000186439 -0.00110481 -0.00202902 0.00106561 0.000669133 -0.00321629 0.00166716 -0.00164805 -0.000512055 -0.00203123 -0.00445019 -0.0132848 0.000737258 -0.00168628 -0.0116896 -0.000221895 -0.000334268 -0.00412162 -0.00898488 -0.0162302 0.000660591 0.000531496 -0.0019273 -0.0108402 0.000618131 6.26852e-05 -0.00247024 -0.00631426 -0.0186175 0.000396942
internal_weight=345690 140029 54716 205661 123959 2136 81702 47277 85313 38265 7439 309 121823 32462 728 67667 64873 1628 926 504 117781 107094 3645 363 103449 43232 5040 2762 434 38192
internal_count=345690 140029 54716 205661 123959 2136 81702 47277 85313 38265 7439 309 121823 32462 728 67667 64873 1628 926 504 117781 107094 3645 363 103449 43232 5040 2762 434 38192
is_linear=0
shrinkage=0.05


Tree=15
num_leaves=31
num_cat=0
split_feature=4 4 10 12 14 10 12 13 14 10 11 5 11 12 5 4 3 11 11 11 10 12 14 11 11 11 13 13 11 13
split_gain=142.599 36.6613 18.1832 28.9157 26.2894 16.9295 19.6186 21.3587 27.0527 15.003 13.9251 12.3912 12.3624 12.6954 13.4544 12.3269 10.5409 9.49297 11.2619 10.1916 20.6693 8.77878 11.6083 8.24324 10.6667 10.3615 27.7731 41.3019 21.5028 8.64008
threshold=0.023370350457908206 0.033627713486313972 -0.017312000709356064 -0.0075921435528307204 0.15844695899744313 -0.017312000709356064 -0.0075921435528307204 31.844999313354496 0.17907813454888047 0.06903334451863076 -0.021422943055800999 0.035610859085327191 0.035212885385391253 -0.075828258528587975 0.031720172575873805 0.01625297120739749 -0.018113768887475731 0.037714619913018062 -0.017686131484892616 -0.028186654574093969 0.00048355916176134889 -0.067575688865902969 0.23397195059943568 -0.019741563271709391 0.0035972804909069071 0.0023539165511853315 14.97499990463257 15.97499990463257 0.0033390642462027835 13.34500026702881
decision_type=2 2 2 2 2 2 2 2 2 2 2 2 2 2 2 2 2 2 2 2 2 2 2 2 2 2 2 2 2 2
left_child=2 5 3 4 -1 6 7 8 10 12 -2 -11 13 16 -15 -4 -3 18 19 20 -7 -6 -23 -17 25 29 -27 28 -28 -25
right_child=1 9 15 -5 21 17 -8 -9 -10 11 -12 -13 -14 14 -16 23 -18 -19 -20 -21 -22 22 -24 24 -26 26 27 -29 -30 -31
leaf_value=0.00037570881732060029 -0.00062189612502512592 -0.00063769584203246586 0.00016898948610330505 0.00016466056983847899 -4.4136401275537123e-05 0.00013055993078419886 0.00021154622285095152 0.00021951418758608433 -0.0011561721679174334 -0.00059444344855566511 0.00049869127000326909 -0.0025196695222411605 3.6322091628505472e-05 -0.00025795782912268794 -0.00079694995370234467 0.00024250782339874444 0.00053590291426637256 0.00021552069731898237 -6.354265362328795e-05 0.00027012519467845757 -0.00056242686563519014 -0.00055562176877230673 -0.0011380612289688212 -0.00012673204392073655 0.00011317134662173052 0.00017993563267771032 -0.0012307014442666201 -0.00019052162177936676 -0.00024862293391430271 7.7364712378791224e-05
leaf_weight=375 340 479 46122 1581 143 3973 910 503 628 258 343 77 5622 40211 8218 10433 2285 5066 85578 7597 1251 496 266 3482 73044 2778 334 2862 181 40234
leaf_count=375 340 479 46122 1581 143 3973 910 503 628 258 343 77 5622 40211 8218 10433 2285 5066 85578 7597 1251 496 266 3482 73044 2778 334 2862 181 40234
internal_value=0.000181532 -0.000891428 0.00114273 -0.00281195 -0.00839844 -0.00034189 -0.00423275 -0.00723815 -0.0105988 -0.00191251 -0.00371157 -0.0124627 -0.0018503 -0.00209472 -0.00228283 0.00120577 0.00120116 -0.000239453 -0.000348123 0.00103385 -0.000666156 -0.013011 -0.0151444 0.000962069 0.000847537 0.000283832 -0.00163688 -0.00468315 -0.0177184 0.000554259
internal_weight=345670 163339 182331 2861 1280 106189 2724 1814 1311 57150 683 335 56815 51193 48429 179470 2764 103465 98399 12821 5224 905 762 133348 122915 49871 6155 3377 515 43716
internal_count=345670 163339 182331 2861 1280 106189 2724 1814 1311 57150 683 335 56815 51193 48429 179470 2764 103465 98399 12821 5224 905 762 133348 122915 49871 6155 3377 515 43716
is_linear=0
shrinkage=0.05


Tree=16
num_leaves=31
num_cat=0
split_feature=4 4 10 14 4 10 15 13 6 6 3 10 13 13 12 3 11 10 12 10 11 8 10 10 12 11 8 3 4 13
split_gain=124.016 21.9677 20.5979 24.4542 19.5986 17.3205 15.3603 11.177 10.7509 9.97349 8.67512 8.34702 12.7791 21.559 33.6275 15.9185 9.83168 12.4945 10.0399 31.1931 14.8409 10.3117 7.84565 8.82353 11.8164 7.78929 6.82628 7.08013 6.58929 6.46351
threshold=0.02581616172225102 0.045550361303204841 -0.029463592833469218 0.45247854199056486 0.018712826184951733 0.06903334451863076 -0.039305098541580145 24.385000228881839 0.082636882371777284 1.9490307234677389 -0.037484135456346095 0.00446494553626653 21.134999275207523 21.724999427795414 0.00075812242422568243 -0.005614373469453259 -0.017686131484892616 0.0041960795209391452 -0.011339323936739419 -0.0026894409206161814 0.030136322053755719 -0.047591274103363217 0.01542612816856115 -0.0028568237545411042 -0.049567621182903691 0.026646600134674018 0.18213402240421819 0.014427423049612533 0.075211079315072829 12.00999975204468
decision_type=2 2 2 2 2 2 2 2 2 2 2 2 2 2 2 2 2 2 2 2 2 10 2 2 2 2 8 2 2 2
left_child=2 6 3 -1 29 7 10 28 -8 11 -2 16 -13 14 15 -14 17 -6 19 -18 21 25 23 -9 -25 -21 -15 -28 -3 -4
right_child=1 5 4 -5 9 -7 8 22 -10 -11 -12 12 13 26 -16 -17 18 -19 -20 20 -22 -23 -24 24 -26 -27 27 -29 -30 -31
leaf_value=-0.001476035538210849 -0.0019161652509172733 -0.00046834439180231465 -0.00017615483797025651 -0.0001184233755388372 0.00021151514122035961 -0.0015818970820613125 -4.4949170793005016e-05 0.00013344074845532785 -0.00017832301127602214 -0.00014091189453057336 -0.00052612218568847855 0.00015080808398028309 -0.0044066227244190523 9.3702738547441037e-05 0.00011928818806311247 -0.00063178921194802587 0.00013376681995010196 -0.00039768826999276875 3.2236803798605815e-05 -0.00053336100757028987 0.00040406895085100557 -0.00027671607824893938 0.00051110356864438717 -0.0011815489618653475 -0.0001005942082624234 -0.0014564054796490876 -0.00017004693368038884 -0.0013300685633987957 -0.0014084942520777137 0.00013675986096920475
leaf_weight=186 165 13412 798 378 11489 187 67009 2340 38446 8544 491 32780 119 2545 336 273 4553 136 59966 1021 490 2136 1027 514 1208 45 104 52 1674 93076
leaf_count=186 165 13412 798 378 11489 187 67009 2340 38446 8544 491 32780 119 2545 336 273 4553 136 59966 1021 490 2136 1027 514 1208 45 104 52 1674 93076
internal_value=0.000170622 -0.001076 0.000890461 -0.00865248 0.000915098 -0.0025803 -0.000787336 -0.0024399 -0.000739889 0.000504017 -0.00841463 0.000625404 0.00125507 -0.00164917 -0.00928571 -0.0192347 0.000339822 0.00168387 0.000110759 -0.00152517 -0.00494041 -0.00618051 -0.000413637 -0.00140079 -0.00411731 -0.010197 0.000409108 -0.00974359 -0.00312343 0.00146068
internal_weight=345500 126473 219027 564 218463 20362 106111 20175 105455 124589 656 116045 36209 3429 728 392 79836 11625 68211 8245 3692 3202 5089 4062 1722 1066 2701 156 15086 93874
internal_count=345500 126473 219027 564 218463 20362 106111 20175 105455 124589 656 116045 36209 3429 728 392 79836 11625 68211 8245 3692 3202 5089 4062 1722 1066 2701 156 15086 93874
is_linear=0
shrinkage=0.05


Tree=17
num_leaves=31
num_cat=0
split_feature=5 5 6 10 11 5 12 6 14 11 5 11 12 10 10 2 6 12 12 12 12 9 10 10 14 14 12 9 11 9
split_gain=118.932 24.2199 19.6139 18.4104 12.5138 15.124 12.5285 10.669 9.60282 8.96627 8.42098 8.39036 23.2492 9.29148 8.06212 9.78756 8.03074 7.03551 12.1492 6.69493 21.4468 9.63188 8.22796 15.3089 14.1966 16.6589 28.3159 26.6671 9.73134 8.36911
threshold=0.016408870373881272 0.012485831811452951 1.0524554078324984 -0.029463592833469218 0.019077303713679553 0.023357812930683803 -0.075828258528587975 0.51430473559579692 0.45247854199056486 -0.026323618530511902 0.0089625435219881176 0.017632958734851271 0.013115765769464051 0.013083392794018491 0.00048355916176134889 -0.096243483208205569 1.0000000180025095e-35 0.11925837683918029 0.12528219708767233 0.020704073700370865 0.020115024475367619 0.23389403564592362 -0.0012648556783600438 -0.0012320387254826091 -0.017647948149660749 0.0087691614289995296 -0.025396955116120775 -0.25702261679071708 -0.028186654574093969 -0.33069970981163166
decision_type=2 2 2 2 2 2 2 2 2 2 2 2 2 2 2 2 2 2 2 2 2 10 2 2 2 2 2 10 2 10
left_child=1 10 4 8 5 11 -7 -5 -3 14 -1 17 13 -13 -4 -16 -12 19 -19 20 22 -22 -2 -24 28 26 27 -26 -25 -27
right_child=2 3 9 7 -6 6 -8 -9 -10 -11 16 12 -14 -15 15 -17 -18 18 -20 -21 21 -23 23 24 25 29 -28 -29 -30 -31
leaf_value=0.00019582032312420351 -1.6150243729301481e-05 -0.0015030917279287485 -0.00066386074904691852 5.5810603493607886e-05 2.5927989794963504e-05 0.00058593998841602378 -0.00037565123285153283 -7.1613581227262006e-05 -0.00024370663802572706 -0.00036346199271984771 0.00013013934846170565 0.00025860863773975853 -6.8164978530225375e-05 -0.00092673500233147023 -0.0018872774601645535 -0.00071066125037624298 5.9970687988015343e-05 -0.0010591210643939749 -0.00023833178735766479 1.5113315040795672e-05 -0.0013754267180360249 -0.0022662106480572943 -0.0010356678514794801 -0.00050388625004899165 -0.00039810385629693198 -0.00050471115027123634 -0.00043177860260999848 -0.004989861023837085 -1.7063405502037946e-05 0.00023714975814838942
leaf_weight=19331 15861 147 1355 83267 19891 1370 21470 26168 266 13577 61225 42 725 200 102 382 43486 126 354 19934 175 45 147 793 143 472 2652 150 10105 1471
leaf_count=19331 15861 147 1355 83267 19891 1370 21470 26168 266 13577 61225 42 725 200 102 382 43486 126 354 19934 175 45 147 793 143 472 2652 150 10105 1471
internal_value=0.000182554 0.00082325 -0.00116091 0.000282572 -0.000895387 -0.00118679 -0.00226357 0.000322338 -0.0102542 -0.00281655 0.00130206 -0.000726191 -0.00534126 -0.0187603 -0.00609298 -0.0116322 0.00112505 -0.000641069 -0.00666667 -0.000585393 -0.0010333 -0.0165909 -0.000925646 -0.00172817 -0.00157861 -0.00381751 -0.00618845 -0.0209386 -0.000574417 -0.00022388
internal_weight=345432 233890 111542 109848 96126 76235 22840 109435 413 15416 124042 53395 967 242 1839 484 104711 52428 480 51948 32014 220 31794 15933 15786 4888 2945 293 10898 1943
internal_count=345432 233890 111542 109848 96126 76235 22840 109435 413 15416 124042 53395 967 242 1839 484 104711 52428 480 51948 32014 220 31794 15933 15786 4888 2945 293 10898 1943
is_linear=0
shrinkage=0.05


Tree=18
num_leaves=31
num_cat=0
split_feature=4 4 10 12 14 6 4 10 13 12 13 10 10 13 12 14 11 11 15 12 12 13 11 14 10 12 11 10 10 11
split_gain=106.293 24.247 16.4898 24.2622 22.2699 14.4147 13.4507 10.833 10.7788 10.7717 19.3915 15.2343 9.10385 8.88443 8.35101 8.19156 9.04294 8.14184 7.80488 7.76511 26.3316 20.2248 13.5017 11.8935 9.00079 8.19846 7.56621 8.17575 8.53852 21.1421
threshold=0.024842835852605317 0.033141899814157626 -0.017312000709356064 -0.0075921435528307204 0.15844695899744313 0.93880082760311412 0.020117403278892422 -0.017312000709356064 33.719999313354499 -0.0075921435528307204 31.844999313354496 -0.029463592833469218 0.06903334451863076 38.065000534057624 -0.075828258528587975 0.15844695899744313 -0.021422943055800999 0.021563069340693967 -0.03111367366882339 -0.029694383534641874 -0.032774271648009549 21.430000305175785 -0.0071962553700703471 0.17907813454888047 -0.0024606857444454673 -0.027412641456853678 0.037714619913018062 -0.015213589282174643 -0.013932241848525038 0.0084762607672295171
decision_type=2 2 2 2 2 2 2 2 2 2 2 2 2 2 2 2 2 2 2 2 2 2 2 2 2 2 2 2 2 2
left_child=2 7 3 4 -1 8 -4 9 14 10 11 -2 -7 18 -3 16 -13 19 -6 20 23 24 -23 -16 -22 -21 27 -9 29 -29
right_child=1 5 6 -5 13 12 -8 26 -10 -11 -12 15 -14 -15 17 -17 -18 -19 -20 25 21 22 -24 -25 -26 -27 -28 28 -30 -31
leaf_value=0.00014250145772544509 -0.0019962549948811959 0.00039961144668314134 0.00011677274016676921 0.0001531846559122491 -0.0014868794210047833 -0.00055234328447746476 4.460568892804494e-05 0.00028234797489060749 0.00067179289750160271 0.00017153632520944853 0.00031001690637448039 -0.00050203540011571125 -0.0011936152346033607 -0.00016669792662742558 -0.00024484841865422992 -0.00069369080197634228 0.0004958536992694609 -2.542867896658669e-05 -0.00058363638413654658 0.00068824133371618958 -0.0008184713202293144 -0.0015894320073070256 -0.0064194415565406379 -0.0013238233296953734 0.00038461305763313618 -0.00022649145643502196 0.00022004353639826772 -0.00023326859790436525 -4.1206265844192239e-05 -0.0016161502409607613
leaf_weight=494 113 1478 120599 1740 144 9274 81237 2193 1616 699 422 155 253 200 5561 506 254 8992 751 702 164 215 70 301 158 30754 3975 809 71340 144
leaf_count=494 113 1478 120599 1740 144 9274 81237 2193 1616 699 422 155 253 200 5561 506 254 8992 751 702 164 215 70 301 158 30754 3975 809 71340 144
internal_value=0.00018046 -0.000880926 0.000905491 -0.00258486 -0.0070516 -0.00164618 0.000963059 -0.000315717 -0.00130661 -0.00381805 -0.00627586 -0.00998054 -0.00342868 -0.0110274 -0.00144075 -0.00784153 -0.00257946 -0.00155732 -0.0131564 -0.00187805 -0.00345571 -0.013369 -0.0230702 -0.0024292 -0.00478261 -0.0015536 -0.000219791 -0.000333217 -0.000424453 -0.00512592
internal_weight=345313 140148 205165 3329 1589 59538 201836 80610 50011 2149 1450 1028 9527 1095 48395 915 409 46917 895 37925 6469 607 285 5862 322 31456 78461 74486 72293 953
internal_count=345313 140148 205165 3329 1589 59538 201836 80610 50011 2149 1450 1028 9527 1095 48395 915 409 46917 895 37925 6469 607 285 5862 322 31456 78461 74486 72293 953
is_linear=0
shrinkage=0.05


Tree=19
num_leaves=31
num_cat=0
split_feature=5 4 10 12 14 10 12 5 10 8 5 11 11 11 10 11 10 11 2 11 13 13 10 13 13 8 11 11 12 12
split_gain=99.1231 23.9746 13.4655 21.8942 14.0404 12.6804 11.8283 11.1082 10.8852 10.8549 10.5325 10.1459 11.8927 8.98031 8.50455 21.9643 14.2229 10.6632 9.97117 9.86517 9.62942 31.1082 9.01171 20.0731 19.725 8.0501 13.6367 15.1804 11.2531 8.00699
threshold=0.014472028239312618 0.034423224555806105 -0.017312000709356064 -0.0075921435528307204 0.15844695899744313 0.06903334451863076 -0.067575688865902969 0.035610859085327191 -0.029463592833469218 0.34108845155597717 0.0091136638750610507 -0.035697741943328191 -0.055970662091911087 0.022575504509470105 -0.0056282677308486786 -0.029337474403061222 -0.0055565432698074782 -0.020508631147506503 -0.18269300373914424 0.021392341691460984 18.595000267028812 18.564999580383304 -0.016935534775352808 31.844999313354496 29.835000038146976 0.26833153676031812 0.010580842999509123 0.019286705415067943 0.053884801678240841 0.027728994316604031
decision_type=2 2 2 2 2 2 2 2 2 8 2 2 2 2 2 2 2 2 2 2 2 2 2 2 2 8 2 2 2 2
left_child=2 8 3 4 -1 9 -6 -7 11 14 -4 12 -2 -10 20 18 -17 -18 -16 29 21 -3 23 24 -22 -12 -27 28 -28 -19
right_child=1 5 10 -5 6 7 -8 -9 13 -11 25 -13 -14 -15 15 16 17 19 -20 -21 22 -23 -24 -25 -26 26 27 -29 -30 -31
leaf_value=5.8373208059988832e-05 -0.0001623322512232893 -0.00024725806868211998 0.00017314978534867991 0.00014814420992967413 0.00010427522808345021 -0.00043872334741991295 -0.00070645590652376224 -0.002152532895740117 -5.0634726623894324e-05 -0.000623524813136207 8.8286149668757668e-05 0.00016431594165281557 -0.0017884993772882059 9.2756672571211185e-05 -0.0016081187092806114 -0.0011150638505718782 0.00050523179674273383 -0.00037407824661247899 -0.00075419370506829998 -2.4236167538296746e-05 -0.00035084093867529986 -0.0023995827255619256 0.00035288148589228164 0.00059581712378655696 -0.0020009934286547007 5.6884482261422914e-05 -0.00070730859720514344 -4.3129563413586401e-05 5.7272585848228141e-05 -0.00012191183550983454
leaf_weight=384 174 2577 21961 1749 185 248 800 82 89801 3050 156435 203 171 16036 218 192 1619 17818 1030 9079 1276 95 4955 1401 273 3601 492 912 152 8755
leaf_count=384 174 2577 21961 1749 185 248 800 82 89801 3050 156435 203 171 16036 218 192 1619 17818 1030 9079 1276 95 4955 1401 273 3601 492 912 152 8755
internal_value=0.000196457 -0.000720734 0.000977951 -0.00228031 -0.00701607 -0.00159319 -0.0101777 -0.0113636 -0.000288809 -0.00153158 0.0010333 -0.00731752 -0.0125362 -0.000252416 -0.00135246 -0.00169577 -0.00147839 -0.00140847 -0.00822115 -0.00158869 -9.59628e-05 -0.00269087 0.000781151 -0.00140678 -0.00532924 0.000893671 -0.00105003 -0.00496144 -0.0108385 -0.00207485
internal_weight=345724 159053 186671 3118 1369 52668 985 330 106385 52338 183553 548 345 105837 49288 38711 37463 37271 1248 35652 10577 2672 7905 2950 1549 161592 5157 1556 644 26573
internal_count=345724 159053 186671 3118 1369 52668 985 330 106385 52338 183553 548 345 105837 49288 38711 37463 37271 1248 35652 10577 2672 7905 2950 1549 161592 5157 1556 644 26573
is_linear=0
shrinkage=0.05


Tree=20
num_leaves=31
num_cat=0
split_feature=4 5 15 11 14 4 14 9 16 14 0 11 11 14 11 11 13 12 13 11 12 12 12 11 14 14 12 11 13 12
split_gain=91.7796 22.9648 11.6986 11.3283 11.1982 10.064 9.72433 41.4351 28.8263 10.8016 9.16823 8.59954 8.56136 8.35118 18.5668 10.5317 9.82483 14.5307 34.1854 32.9312 13.8244 11.12 11.4585 11.0579 11.0823 37.9585 59.5087 26.9936 21.5628 15.5785
threshold=0.023370350457908206 0.023611678392566605 -0.039305098541580145 0.034590323148393838 -0.12096344977185801 0.015412377902410167 -0.098691693357393515 0.71375385165335714 -0.0048730520521098044 -0.075454415356713087 0.083032335043624297 0.037714619913018062 0.01812197320346565 -0.055141973533754989 -0.014003524534926202 -0.031453464626615406 19.115000724792484 -0.0013043868274282275 18.564999580383304 0.0084762607672295171 -0.031331833469953822 -0.052281358654850445 -0.025396955116120775 0.0044457003054257935 -0.0059106162699663059 -0.012079756674524154 -0.015238336208515888 -0.0019949818348388155 22.330000877380375 -0.022817686824558477
decision_type=2 2 2 2 2 2 2 8 2 2 2 2 2 2 2 2 2 2 2 2 2 2 2 2 2 2 2 2 2 2
left_child=5 2 -2 10 -4 -1 7 -6 -9 -8 -3 -7 -10 14 15 -11 17 18 21 20 -20 -15 -23 24 25 28 -27 -28 -18 -30
right_child=1 3 4 -5 6 11 9 8 12 13 -12 -13 -14 16 -16 -17 23 -19 19 -21 -22 22 -24 -25 -26 26 27 -29 29 -31
leaf_value=0.00014647447819455219 -0.00073991830516675341 -0.00032901608882917357 0.00021708350231702247 5.4557008827888859e-05 4.2439033540131411e-05 6.4498214918365471e-05 0.00022900532120290909 -0.0009966171538193984 1.88468919472975e-05 0.00031564480249122041 -0.001268658549126916 0.00028718019337167295 -0.00059443274330632772 -0.00064645297218028045 -0.00010547148525879812 -0.00083343249245530467 0.00035407312878105277 -3.4807000902643263e-05 0.00057193777902634745 -0.0012172988286770195 -0.00052786686157613465 0.00014431539082552215 -0.00021583911391315254 0.00027216262967783245 6.6664119028013991e-05 -0.004757190390312414 -9.2417157906669612e-06 -0.00072842699658348361 -6.6440336946509588e-05 -0.00063053539934773142
leaf_weight=32768 780 28678 5666 4207 2279 145605 5146 461 375 219 752 3918 94 128 9274 818 2861 62558 366 533 1008 3991 5788 7292 15935 164 841 427 1493 686
leaf_count=32768 780 28678 5666 4207 2279 145605 5146 461 375 219 752 3918 94 128 9274 818 2861 62558 366 533 1008 3991 5788 7292 15935 164 841 427 1493 686
internal_value=0.000190243 -0.000672522 -0.000369514 -0.00183622 -0.00033243 0.000960854 -0.000432754 -0.00314896 -0.012043 -0.000359832 -0.00218315 0.000786936 -0.00331556 -0.000460649 -0.00181796 -0.00816297 -0.000326171 -0.000633168 -0.00224141 -0.00837179 -0.00427948 -0.00106137 -0.000869721 0.000442608 -0.000107779 -0.0018526 -0.00903631 -0.00537066 0.000188492 -0.00355897
internal_weight=345111 162820 129183 33637 128403 182291 122737 3209 930 119528 29430 149523 469 114382 10311 1037 104071 74372 11814 1907 1374 9907 9779 29699 22407 6472 1432 1268 5040 2179
internal_count=345111 162820 129183 33637 128403 182291 122737 3209 930 119528 29430 149523 469 114382 10311 1037 104071 74372 11814 1907 1374 9907 9779 29699 22407 6472 1432 1268 5040 2179
is_linear=0
shrinkage=0.05


Tree=21
num_leaves=31
num_cat=0
split_feature=4 4 6 10 14 13 4 4 15 14 6 13 6 10 10 12 10 13 16 13 13 13 12 13 13 10 13 13 14 14
split_gain=79.9071 18.9303 15.9711 9.92003 9.9097 9.41952 10.6334 8.64372 7.62871 7.5673 7.34742 7.51281 7.23846 6.72698 6.67727 13.8861 8.87163 7.2334 7.03941 8.57848 15.1583 31.3904 22.2736 13.0295 13.05 9.80681 7.20699 8.81611 6.47717 11.8904
threshold=0.027265335477095875 0.020117403278892422 0.93880082760311412 -0.029463592833469218 0.45247854199056486 31.844999313354496 0.045550361303204841 0.046422315030488194 0.037331228257165068 -0.12096344977185801 1.0000000180025095e-35 12.00999975204468 1.6478891572429482 0.01542612816856115 -0.017312000709356064 -0.0075921435528307204 -0.0065884615881859334 22.429999351501468 0.0017163083524300851 26.494999885559086 21.295000076293949 21.724999427795414 -0.0080789703777397453 22.625000000000004 23.409999847412113 0.013083392794018491 21.724999427795414 21.134999275207523 -0.013975625369978871 -0.013346627210452431
decision_type=2 2 2 2 2 2 2 2 2 2 2 2 2 2 2 2 2 2 2 2 2 2 2 2 2 2 2 2 2 2
left_child=1 10 5 4 -3 6 9 -4 -9 -2 11 -1 28 -8 15 17 -16 -11 19 20 -18 22 -22 -23 -25 -24 27 -20 -5 -30
right_child=2 3 7 12 -6 -7 13 8 -10 14 -12 -13 -14 -15 16 -17 18 -19 26 -21 21 23 25 24 -26 -27 -28 -29 29 -31
leaf_value=-0.00019657869182241762 0.00020214590006022382 -0.0014518403420350258 -0.00025350455458324954 8.5107779673076776e-05 -0.00015298818346024345 0.00042911155055825397 -0.00035834555526910076 -0.00089727233457991386 -0.0018606178414701385 0.00055858146216923913 6.1438326630026429e-05 0.00012462538629670042 -0.00012293988625961558 0.00022847195836458455 9.606888018891267e-05 0.00025073095510498225 -0.00012078338922369869 -0.00066658821969984325 -5.2190862443140131e-05 0.00054809381591123239 -0.0053651327344851514 0.00012926140103031622 -5.4298771793144762e-05 -0.00098812430745483801 -0.00047315613052545911 -0.00068126130751351884 0.00020331745645296367 -0.00068408219567245038 -0.00074628059165514327 1.1346731356005714e-05
leaf_weight=742 3261 126 14705 43179 280 2439 14599 2760 183 129 48237 73243 10081 1277 10184 588 19470 830 29643 808 98 1279 118 186 2031 99 3579 344 340 60494
leaf_count=742 3261 126 14705 43179 280 2439 14599 2760 183 129 48237 73243 10081 1277 10184 588 19470 830 29643 808 98 1279 118 186 2031 99 3579 344 340 60494
internal_value=0.000186951 0.000702132 -0.000935917 0.000240175 -0.00756158 -0.000668851 -0.000753307 -0.00231244 -0.00478593 -0.00049713 0.0011349 0.00144793 0.000267937 -0.00192555 -0.000607759 -0.00385585 -0.00053369 -0.00756517 -0.000774 -0.00142617 -0.00160195 -0.0044857 -0.0196032 -0.00312357 -0.00544204 -0.0106682 -0.000305964 -0.000559075 0.000391922 5.95064e-05
internal_weight=345332 236722 108610 114500 406 90962 88523 17648 2943 72647 122222 73985 114094 15876 69386 1547 67839 959 57655 24089 23281 3811 315 3496 2217 217 33566 29987 104013 60834
internal_count=345332 236722 108610 114500 406 90962 88523 17648 2943 72647 122222 73985 114094 15876 69386 1547 67839 959 57655 24089 23281 3811 315 3496 2217 217 33566 29987 104013 60834
is_linear=0
shrinkage=0.05


Tree=22
num_leaves=31
num_cat=0
split_feature=4 4 10 12 14 10 12 13 14 11 13 14 14 13 13 11 12 10 10 0 9 11 10 11 11 10 10 11 4 16
split_gain=72.9232 17.1722 10.4124 17.023 16.1364 8.3687 12.1931 13.8643 14.0307 8.52814 8.26322 10.3415 77.8333 48.2644 10.0465 51.0743 13.4688 10.2145 27.1135 11.2265 10.0086 8.09243 10.5739 15.4682 16.3101 13.3584 13.1443 12.2066 11.3067 10.2418
threshold=0.023370350457908206 0.033141899814157626 -0.017312000709356064 -0.0075921435528307204 0.15844695899744313 -0.017312000709356064 -0.0075921435528307204 31.844999313354496 0.15844695899744313 -0.021422943055800999 14.614999771118166 0.081032983629692037 0.079095926518506735 16.675000190734867 15.144999980926515 -0.012367016297633369 0.057603305359047348 0.0011530196642344228 0.0014914798272115395 0.0021228748178732109 0.19594564958190244 0.029850216703313229 -0.0056282677308486786 -0.026323618530511902 -0.020508631147506503 -0.0055565432698074782 0.00048355916176134889 -0.055970662091911087 0.063815210553596569 -0.034696995651389999
decision_type=2 2 2 2 2 2 2 2 2 2 2 2 2 2 2 2 2 2 2 2 8 2 2 2 2 2 2 2 2 2
left_child=2 5 3 4 -1 6 7 8 9 -2 -4 12 14 -14 15 20 17 -17 19 -19 -12 22 -3 26 -25 -26 27 -24 -28 -27
right_child=1 21 10 -5 -6 -7 -8 -9 -10 -11 11 -13 13 -15 -16 16 -18 18 -20 -21 -22 -23 23 24 25 29 28 -29 -30 -31
leaf_value=0.00027406844687092105 -0.00041578507047894885 -4.1768513311844531e-05 0.00012001376922249365 0.00013073527592282697 -0.00057659548944583613 -1.33324809704629e-05 0.00018058392989349782 0.0002288640210147048 -0.00086799282717769412 0.00043200898837102451 -0.00053295242639824056 0.00017815782634878109 -0.0012139997513485891 -0.00038604780697621132 7.4644256879442372e-05 0.00018581895861228442 -0.00075908735170000428 -0.0003107160180039771 -1.381211344278691e-05 -0.0009913712420088149 -0.00076648582717388008 2.9587660913090748e-05 -0.00099305924276653595 0.00052053149207631445 -0.0010346097373933 -0.00082532179174025729 -0.00074131780702589806 0.00046047647186888465 -0.0021102778659525725 -0.00022539795681010048
leaf_weight=391 176 12774 63084 1568 889 100515 905 489 750 328 229 13276 277 681 88901 4304 331 135 7840 180 328 7423 268 1676 219 1318 1062 756 187 33920
leaf_count=391 176 12774 63084 1568 889 100515 905 489 750 328 229 13276 277 681 88901 4304 331 135 7840 180 328 7423 268 1676 219 1318 1062 756 187 33920
internal_value=0.000185266 -0.00058409 0.000871753 -0.00212781 -0.00640625 -0.000193722 -0.00296828 -0.00541308 -0.00819777 -0.00174603 0.000919328 0.000669717 0.000500746 -0.0136848 0.000633656 -0.000645463 1.86265e-10 0.000264468 -0.000775598 -0.0151587 -0.0154668 -0.00125975 -0.00147949 -0.00188474 -0.00163965 -0.00186747 -0.00588869 -0.00168945 -0.00933146 -0.00179096
internal_weight=345180 162766 182414 2848 1280 103163 2648 1743 1254 504 179566 116482 103206 958 102248 13347 12790 12459 8155 315 557 59603 52180 39406 37133 35457 2273 1024 1249 35238
internal_count=345180 162766 182414 2848 1280 103163 2648 1743 1254 504 179566 116482 103206 958 102248 13347 12790 12459 8155 315 557 59603 52180 39406 37133 35457 2273 1024 1249 35238
is_linear=0
shrinkage=0.05


Tree=23
num_leaves=31
num_cat=0
split_feature=5 6 6 5 12 5 11 12 11 10 12 12 11 11 13 10 14 14 14 10 10 13 13 13 13 12 12 13 13 13
split_gain=66.2189 18.8717 11.4177 11.0147 8.98551 9.9719 6.91635 9.60354 11.3665 11.49 10.9428 9.38072 9.65212 16.861 25.2603 20.6735 9.89155 10.7588 10.3594 9.30507 30.3305 14.1777 10.6288 7.56641 7.29547 9.60855 9.11521 8.11087 6.76374 7.378
threshold=0.014514872942052176 0.19823820418423788 0.3283921788356704 0.034029371320075677 -0.075828258528587975 0.018764736690039054 0.01259030861125965 0.028753487620467037 0.00036209902272010824 0.0077044768162243269 0.02859938253974537 -0.0042212478114914123 -0.0052557627867218506 -0.0071962553700703471 21.430000305175785 0.0062898398934669872 -0.023371909944973176 -0.071225645536492452 -0.062154657262134476 -0.0042976015384410529 -0.0039079154947589392 17.454999923706058 19.23499965667725 23.265000343322757 20.255000114440922 0.11925837683918029 0.12528219708767233 19.880000114440922 12.00999975204468 14.614999771118166
decision_type=2 2 2 2 2 2 2 2 2 2 2 2 2 2 2 2 2 2 2 2 2 2 2 2 2 2 2 2 2 2
left_child=2 4 28 -3 -2 -6 7 8 10 19 11 12 13 16 -15 -16 17 -7 -19 -10 -21 -22 -23 -20 25 27 -27 -9 -1 -30
right_child=1 3 -4 -5 5 6 -8 24 9 -11 -12 -13 -14 14 15 -17 -18 18 23 20 21 22 -24 -25 -26 26 -28 -29 29 -31
leaf_value=-0.000184616162158725 0.00045190150139898645 -0.00016477694727555007 2.094544287009453e-05 -0.00094630426485787481 1.9530787411099612e-05 -0.00013929325091290324 6.3749049770758309e-06 2.3770922475162969e-05 -0.00010916370081564105 0.00013506383721244064 -0.0010366128277952754 9.7596114161550119e-05 0.00025425984082598946 -0.00012370771070012942 -0.0020827267864102685 -0.005831284687955518 -0.00010687072547904995 -0.0018370283392432159 -2.3792333332705837e-05 -0.0019186553443159386 -0.00033586520155183623 -0.00096349156321389969 -0.00037656056423005044 -0.0010895793297636435 0.00051637969880725606 -0.0009844367771905452 -0.0004683955230938815 -0.00076688358960873791 0.00013608373716340148 7.1940274043743717e-05
leaf_weight=945 2656 46994 55364 2230 56551 1086 16267 6925 1520 1420 67 6324 1204 311 151 119 5583 195 400 107 3153 954 1028 648 1420 94 200 111 44638 86790
leaf_count=945 2656 46994 55364 2230 56551 1086 16267 6925 1520 1420 67 6324 1204 311 151 119 5583 195 400 107 3153 954 1028 648 1420 94 200 111 44638 86790
internal_value=0.000180125 -0.00057514 0.000814624 -0.00138713 -0.000206739 -0.000278822 -0.000798689 -0.00121442 -0.00172641 -0.00324371 -0.000954749 -0.00087042 -0.00184748 -0.00244142 -0.0106627 -0.0218519 -0.00183771 -0.00457492 -0.00775141 -0.00410234 -0.00510111 -0.00455209 -0.00786579 -0.00578244 0.000205714 -0.000429741 -0.00928571 -5.96928e-05 0.0010668 0.0010971
internal_weight=345455 157718 187737 49224 108494 105838 49287 33020 24270 8182 16088 16021 9697 8493 581 270 7912 2329 1243 6762 5242 5135 1982 1048 8750 7330 294 7036 132373 131428
internal_count=345455 157718 187737 49224 108494 105838 49287 33020 24270 8182 16088 16021 9697 8493 581 270 7912 2329 1243 6762 5242 5135 1982 1048 8750 7330 294 7036 132373 131428
is_linear=0
shrinkage=0.05


Tree=24
num_leaves=31
num_cat=0
split_feature=5 6 5 5 6 11 11 11 10 10 14 13 13 10 10 11 14 13 8 13 10 3 14 8 11 11 10 13 11 13
split_gain=59.4215 15.6401 11.2006 9.9129 9.81041 8.26585 8.50739 9.79168 19.7469 9.78612 11.5529 9.62197 66.3228 20.7598 33.9465 17.6017 15.2205 14.5712 14.691 13.1526 12.9519 12.8748 11.3844 10.2689 10.9568 15.1155 8.95884 8.34148 9.06189 8.15125
threshold=0.014708553156411392 0.838701413728415 0.0096078886638933103 0.032711241087994079 0.81296741544272877 0.022575504509470105 -0.022354679901405047 -0.028186654574093969 0.00048355916176134889 -0.029463592833469218 0.45247854199056486 21.134999275207523 21.555000305175785 0.0062898398934669872 0.0070087921283878982 -0.0092896544680063902 -0.069419882954705067 20.060000419616703 inf 19.98499965667725 0.013083392794018491 -0.0075429946313615428 -0.069419882954705067 inf -0.013165495067365194 -0.022075871244429331 -0.0056282677308486786 12.555000305175783 0.024185912746781283 17.164999961853031
decision_type=2 2 2 2 2 2 2 2 2 2 2 2 2 2 2 2 2 2 8 2 2 2 2 8 2 2 2 2 2 2
left_child=2 3 -1 5 -4 6 7 8 9 10 -2 16 13 -13 21 23 -8 18 29 -20 -16 -15 -17 24 25 -14 -26 28 -7 -18
right_child=1 -3 4 -5 -6 27 11 -9 -10 -11 -12 12 15 14 20 22 17 -19 19 -21 -22 -23 -24 -25 26 -27 -28 -29 -30 -31
leaf_value=0.00013140947510323833 -0.0016517992349421755 -0.00023274853768457792 6.811358489952175e-05 -0.00035682938558383344 -2.5268274594706168e-05 -0.00080007772459771945 0.00019785183479315862 0.00033954728183028453 -0.00050579055221765972 0.00023087618115172822 1.6701675002046087e-05 -0.00030192601744853198 -0.00057060347067792755 -0.005086114616577958 -0.00040242547885620418 -0.0003079403322237698 -3.7598491966920294e-05 0.00025384324348520126 -0.00024045780217592821 -0.00092411382715894698 -0.00070861201268859254 -0.0035582513579612771 0.00036495954894594695 -0.00067192053419824977 0.00024839514473892093 0.00010469935527077425 -0.00050458012940751175 0.00010402838708949028 -0.00014048321377425207 -0.00017370631578995233
leaf_weight=32998 133 25798 130694 8075 29563 105 8710 4677 1455 5275 196 522 569 191 387 658 43619 4875 1545 179 216 68 4194 264 386 3119 1283 18418 213 17053
leaf_count=32998 133 25798 130694 8075 29563 105 8710 4677 1455 5275 196 522 569 191 387 658 43619 4875 1545 179 216 68 4194 264 386 3119 1283 18418 213 17053
internal_value=0.000195665 -0.000543326 0.0007776 -0.000314317 0.000604872 -0.000198631 -0.000379918 0.000884458 -0.000291118 0.00105639 -0.00731003 -0.000548851 -0.00187358 -0.0121604 -0.0169258 -0.000514179 -0.000342125 -0.000596765 -0.000802455 -0.00535383 -0.0104229 -0.0320656 0.00169209 -0.00241861 -0.00194418 -0.000422993 -0.00530557 0.000764838 -0.00726415 -0.000673127
internal_weight=345438 152183 193255 126385 160257 118310 99574 11736 7059 5604 329 87838 11857 1384 862 10473 75981 67271 62396 1724 603 259 4852 5621 5357 3688 1669 18736 318 60672
internal_count=345438 152183 193255 126385 160257 118310 99574 11736 7059 5604 329 87838 11857 1384 862 10473 75981 67271 62396 1724 603 259 4852 5621 5357 3688 1669 18736 318 60672
is_linear=0
shrinkage=0.05


Tree=25
num_leaves=31
num_cat=0
split_feature=5 5 6 10 12 14 13 6 14 13 14 12 13 14 13 13 9 10 12 14 14 10 10 12 12 12 12 14 8 16
split_gain=53.9224 14.0181 13.2777 12.7718 20.73 13.5228 16.8776 10.1535 7.34051 11.3303 14.4871 13.3681 16.4444 11.04 12.7444 10.2124 28.1223 15.5596 9.13343 9.45953 8.4144 12.8656 11.6328 8.93314 8.11063 34.4887 37.571 13.2125 7.92766 7.75641
threshold=0.016828364851390519 0.0096078886638933103 1.0844928695955993 -0.017312000709356064 -0.0075921435528307204 0.15844695899744313 38.065000534057624 0.86369235169140757 -0.068136872709181048 19.115000724792484 -0.065993039351516555 0.0011335726897910849 19.085000038146976 0.13242625205871941 18.564999580383304 18.94999980926514 inf 0.0096244232411890635 -0.018642190915216624 -0.071225645536492452 -0.0241559957087869 -0.00045040499871334955 0.0063853636382362753 0.00075812242422568243 -0.029694383534641874 -0.032774271648009549 -0.031709461576504387 -0.058338426802945646 0.064230749379551658 -0.008534034117895049
decision_type=2 2 2 2 2 2 2 2 2 2 2 2 2 2 2 2 8 2 2 2 2 2 2 2 2 2 2 2 10 2
left_child=1 -1 8 4 5 -3 -7 -5 15 11 -11 12 13 20 -15 -2 17 -17 -19 -20 -10 23 -23 -22 25 27 -27 -12 -14 -18
right_child=2 3 -4 7 -6 6 -8 -9 9 10 24 -13 28 14 -16 16 29 18 19 -21 21 22 -24 -25 -26 26 -28 -29 -30 -31
leaf_value=0.00012670852860292557 0.00024353770900860535 2.1461985346287761e-05 -0.0003571659573835225 5.976727272759852e-05 0.00013868353259151824 -0.00065867011917357496 5.598578337552014e-05 -3.2671909536110469e-05 0.00015623678897371056 -0.0010283089164261105 -0.0013000561445402486 -0.00010417982789540568 -0.0012141508898870969 -0.00052966833860762616 -0.0017185771497664774 -0.00028653857126611951 -0.0010978874764609127 0.00036812268154137159 -0.00011273467690252556 -0.0008450785915911067 -0.00013457729385720198 -0.00068727331297885959 0.00043212582149192299 -0.00087949598050792973 0.00012245924519934003 -0.0048253212563543982 -0.00032590352955514876 2.0663977395860253e-05 -1.3155504492006376e-06 -0.00032122049849618898
leaf_weight=32920 6611 648 13726 169570 1939 1201 394 35341 1613 380 388 40652 371 355 101 2371 195 3430 996 119 3984 1443 292 55 17034 187 250 8325 108 195
leaf_count=32920 6611 648 13726 169570 1939 1201 394 35341 1613 380 388 40652 371 355 101 2371 195 3430 996 119 3984 1443 292 55 17034 187 250 8325 108 195
internal_value=0.000185171 0.000593212 -0.000771896 0.00044222 -0.00229316 -0.00556621 -0.00804075 0.000498046 -0.000549718 -0.000744129 8.73364e-05 -0.00119512 -0.00302091 -0.00247163 -0.0100219 0.000505497 -0.000782918 -4.62693e-05 0.00166667 -0.00226457 -0.00200555 -0.00289747 -0.00649856 -0.00135058 0.000228002 -0.000972677 -0.0146796 -0.000285206 -0.0120146 -0.0138462
internal_weight=345194 242013 103181 209093 4182 2243 1595 204911 89455 75538 26564 48974 8322 7843 456 13917 7306 6916 4545 1115 7387 5774 1735 4039 26184 9150 437 8713 479 390
internal_count=345194 242013 103181 209093 4182 2243 1595 204911 89455 75538 26564 48974 8322 7843 456 13917 7306 6916 4545 1115 7387 5774 1735 4039 26184 9150 437 8713 479 390
is_linear=0
shrinkage=0.05


Tree=26
num_leaves=31
num_cat=0
split_feature=5 5 6 6 10 14 11 5 13 10 11 8 14 3 5 14 14 13 11 10 13 13 10 14 1 13 9 5 9 10
split_gain=50.979 13.6192 10.4647 10.2236 10.2765 9.02835 8.08246 7.45841 7.05793 7.76681 6.99338 6.59348 11.7518 10.5276 6.09147 5.69769 10.535 10.2885 12.2435 14.5769 25.5063 24.2269 25.1627 15.8044 10.4194 10.0551 26.676 9.73811 9.30636 9.02763
threshold=0.016901388287230243 0.011332211279277625 1.0844928695955993 -0.34949027166077812 -0.029463592833469218 0.45247854199056486 0.037714619913018062 0.049381393987488427 33.719999313354499 -0.029463592833469218 -0.035697741943328191 0.23302130873202911 -0.10344834121785244 0.013812645266479519 0.02387832381919611 -0.067390067211169233 -0.065993039351516555 19.115000724792484 0.0069819527880167218 -0.0012648556783600438 21.430000305175785 21.724999427795414 0.0062898398934669872 -0.023371909944973176 -0.05782941777498856 18.94999980926514 inf 0.023093888983812462 -0.032818113943474995 0.0096244232411890635
decision_type=2 2 2 2 2 2 2 2 2 2 2 8 2 2 2 2 2 2 2 2 2 2 2 2 2 2 8 2 10 2
left_child=1 -1 7 -3 5 -5 11 8 9 10 -2 -6 13 -13 -4 25 28 27 19 -19 -21 22 -22 24 -23 -11 29 -18 -17 -27
right_child=2 3 14 4 6 -7 -8 -9 -10 15 -12 12 -14 -15 -16 16 17 18 -20 20 21 23 -24 -25 -26 26 -28 -29 -30 -31
leaf_value=8.9471469730270181e-05 -0.0016564040555702699 7.0542986399630192e-05 -0.00018414648409132621 -0.0011663779187774375 2.8877285116809811e-07 -0.00013200992368868461 0.0002204928589339985 -0.0010934488994038529 0.00055077447574685789 0.00023195589551737699 0.00010642538005580325 -7.4710333813341194e-05 -0.00012454591785114529 -0.001315830761433576 -0.00071101219373557176 -0.0003360024446585975 -7.4811938907918372e-05 4.1439653482573522e-05 0.00024055716110746956 0.00011061592289235429 -0.00059511216956441336 -0.0013687228164751169 -0.004609321907599764 0.00055463299608885419 -0.00046884783954620994 -0.00022758885601990619 -0.0007333428770302723 -0.00031219079250458453 -0.0013420481909743121 0.00015388250085238695
leaf_weight=84541 119 68610 9404 180 82418 338 3131 1165 1794 6587 78 85 3847 109 4135 254 33451 11660 7335 2412 273 264 193 522 1265 2362 380 14191 113 4073
leaf_count=84541 119 68610 9404 180 82418 338 3131 1165 1794 6587 78 85 3847 109 4135 254 33451 11660 7335 2412 273 264 193 522 1265 2362 380 14191 113 4073
internal_value=0.000186351 0.000579814 -0.000751739 0.000306771 -4.33922e-05 -0.00706564 -2.7903e-06 -0.000553672 -0.000500653 -0.000565753 -0.0104822 -9.31654e-05 -0.00206508 -0.0140722 -0.00204631 -0.00054286 -0.000719211 -0.000675879 0.000170122 -0.000582012 -0.00286163 -0.0063826 -0.0166738 -0.00404437 -0.00660889 0.000403671 -0.000942773 -0.00110071 -0.00916894 -0.000182595
internal_weight=345289 243259 102030 158718 90108 518 89590 88491 87326 85532 197 86459 4041 194 13539 85335 71933 71566 23924 16589 4929 2517 466 2051 1529 13402 6815 47642 367 6435
internal_count=345289 243259 102030 158718 90108 518 89590 88491 87326 85532 197 86459 4041 194 13539 85335 71933 71566 23924 16589 4929 2517 466 2051 1529 13402 6815 47642 367 6435
is_linear=0
shrinkage=0.05


Tree=27
num_leaves=31
num_cat=0
split_feature=5 6 5 12 14 13 9 15 12 13 13 12 10 10 10 10 10 12 11 13 13 12 14 10 10 0 10 13 10 14
split_gain=44.6815 15.519 12.0968 8.72593 8.72372 11.6324 18.8434 8.35946 8.26443 13.2699 13.5456 14.1652 9.86365 11.789 9.42312 75.9728 11.601 15.7327 11.4988 14.3234 18.7714 16.4985 13.9831 10.4137 10.1747 8.69784 8.06975 13.4785 9.05821 25.5948
threshold=0.013732675067150845 0.029750512038121332 0.034029371320075677 -0.075828258528587975 -0.069419882954705067 18.94999980926514 inf -0.039305098541580145 -0.014290771365627284 20.060000419616703 19.625000000000004 0.011040694977268452 -0.00262768472957231 -0.00018001810557455308 0.0063312196970309884 0.0062898398934669872 -0.0028568237545411042 -0.016062162190441927 -0.013165495067365194 19.23499965667725 17.494999885559086 -0.023732636933337933 -0.027977831131809735 0.0041960795209391452 -0.01645938155843862 0.0069428584510554678 0.00446494553626653 12.00999975204468 -0.0041401831937402647 0.077019604552505241
decision_type=2 2 2 2 2 2 8 2 2 2 2 2 2 2 2 2 2 2 2 2 2 2 2 2 2 2 2 2 2 2
left_child=26 3 7 -2 5 -5 -7 -3 14 10 -10 -12 -13 -14 15 16 17 24 23 20 21 -20 -21 -18 -6 -17 28 -28 -1 -30
right_child=1 2 -4 4 8 6 -8 -9 9 -11 11 12 13 -15 -16 25 18 -19 19 22 -22 -23 -24 -25 -26 -27 27 -29 29 -31
leaf_value=0.00011177410810553779 0.00046673789740543338 -0.00066441525693770485 -0.00085962366659859176 0.00027351876898168957 -0.00025371873155526884 1.4913600445122953e-05 -0.00052695507252005264 -9.6627233251242019e-05 -1.5501931828406574e-05 0.00021161759971267499 0.00062973999820100681 -0.0001445853654479661 -0.00070584490209658467 -0.0006240893049658632 0.00016889056865980915 -0.0035274071189332762 0.00029734551132310795 -0.0013004486053944471 0.00016161795467825669 -0.00054745537048331403 -0.00062729052093914216 -0.00068007414991835304 4.0325052839376887e-05 -0.00067538369547531611 0.00015551102295105243 -0.0040141738372593957 -0.00038630335829814002 0.00012273291213955965 3.3480858508551871e-05 -0.00030548987893688068
leaf_weight=36260 2550 871 2678 8212 2560 5429 402 63484 64726 10409 416 519 263 480 3318 83 1748 99 898 1069 1162 358 2368 226 6055 180 281 48950 76422 2979
leaf_count=36260 2550 871 2678 8212 2560 5429 402 63484 64726 10409 416 519 263 480 3318 83 1748 99 898 1069 1162 358 2368 226 6055 180 281 48950 76422 2979
internal_value=0.000197349 -0.000346056 -0.000949308 1.01297e-05 -5.63163e-05 0.00110838 -0.000599382 -0.000812291 -0.000225043 1.12613e-05 -0.000248931 -0.00468415 -0.00732171 -0.0110162 -0.00112701 -0.00160776 -0.00118388 7.11501e-05 -0.00258079 -0.00369342 -0.00664185 -0.00240446 -0.00161914 0.000719352 0.000298897 -0.02827 0.000792398 0.00132853 0.000564192 0.000265173
internal_weight=345455 180563 67033 113530 110980 14043 5831 64355 96937 76813 66404 1678 1262 743 20124 16806 16543 8714 7829 5855 2418 1256 3437 1974 8615 263 164892 49231 115661 79401
internal_count=345455 180563 67033 113530 110980 14043 5831 64355 96937 76813 66404 1678 1262 743 20124 16806 16543 8714 7829 5855 2418 1256 3437 1974 8615 263 164892 49231 115661 79401
is_linear=0
shrinkage=0.05


Tree=28
num_leaves=31
num_cat=0
split_feature=5 5 6 15 6 13 10 13 4 10 10 11 12 10 13 11 12 12 12 11 12 12 11 13 10 11 13 11 10 16
split_gain=44.437 15.0998 9.80744 9.68002 8.47141 8.02442 7.68508 9.38645 8.18777 7.6001 14.6499 52.956 10.0425 29.6689 28.0401 16.8252 10.5227 14.1142 15.6824 8.67158 20.6104 21.203 10.2469 9.62223 8.26553 7.94646 7.87435 10.4609 7.64091 7.55178
threshold=0.013340056869026005 0.023357812930683803 1.0844928695955993 -0.039305098541580145 1.9490307234677389 19.115000724792484 0.00446494553626653 12.00999975204468 0.015020475611650404 -0.0041401831937402647 -0.0040528821834706621 0.0023539165511853315 -0.0082551652511544376 0.00063379839939814453 18.675000190734867 0.020465908430523653 0.0090147692043446321 0.020963092201194859 0.020115024475367619 0.00097395382788623152 0.041226491428898011 0.048330696725207185 -0.0043088808342565113 19.98499965667725 -0.017312000709356064 -0.014526458794264228 13.460000038146974 0.018701794148615284 -0.00015910001783137059 -0.024782332517595259
decision_type=2 2 2 2 2 2 2 2 2 2 2 2 2 2 2 2 2 2 2 2 2 2 2 2 2 2 2 2 2 2
left_child=6 3 5 -2 -5 -3 8 -8 -1 24 11 -11 13 25 15 -15 -14 18 26 20 22 -22 -19 -24 -10 -12 27 -18 -23 -27
right_child=1 2 -4 4 -6 -7 7 -9 9 10 12 -13 16 14 -16 -17 17 19 -20 -21 21 28 23 -25 -26 29 -28 -29 -30 -31
leaf_value=0.00011439041077393453 -0.00056354163174835218 -0.00026097846160850281 -0.00068903602331348967 1.1183186770144949e-06 -0.00021980038231074451 -1.2768713564369964e-05 -0.00034343293183776717 0.00011644090726663853 -0.00014290556176413396 0.00061974422210300491 0.00032069106720882001 -0.0011520091480985235 0.00017386091254937647 -0.00069863103537412714 -4.1541005111650192e-05 -0.00024890534674506853 0.00014942316787279825 0.00038108882762936258 -0.0004931909963394632 7.8487463889071371e-05 -0.00057593891765918433 -0.00047812840046371332 -4.1644823180495302e-05 -0.00052911651689669824 0.00011576194587545784 -0.00079039516272188528 -5.3954536153368602e-05 -0.00049779007241437215 0.0001095301303174773 -2.8323334943898219e-05
leaf_weight=19570 841 16205 4434 146772 10186 14575 259 45189 2078 321 1882 203 7715 607 1140 530 180 1829 821 27201 743 328 3249 125 26112 221 8395 366 880 2575
leaf_count=19570 841 16205 4434 146772 10186 14575 259 45189 2078 321 1882 203 7715 607 1140 530 180 1829 821 27201 743 328 3249 125 26112 221 8395 366 880 2575
internal_value=0.000181344 -0.000322698 -0.00125887 -0.000113784 -8.51181e-05 -0.00094217 0.00081921 0.00136398 0.000587975 0.000381196 5.99385e-05 -0.00826336 0.000134128 -0.00164989 -0.0063307 -0.0118865 0.000373515 7.55946e-05 -0.00160213 0.000552322 -0.000996645 -0.00537929 0.000646742 -0.000986959 0.00105711 0.000628474 -0.000994855 -0.00681319 -0.00129139 -0.00106223
internal_weight=345532 193013 35214 157799 156958 30780 152519 45448 107071 87501 59311 524 58787 6955 2277 1137 51832 44117 9762 34355 7154 1951 5203 3374 28190 4678 8941 546 1208 2796
internal_count=345532 193013 35214 157799 156958 30780 152519 45448 107071 87501 59311 524 58787 6955 2277 1137 51832 44117 9762 34355 7154 1951 5203 3374 28190 4678 8941 546 1208 2796
is_linear=0
shrinkage=0.05


Tree=29
num_leaves=31
num_cat=0
split_feature=5 5 11 11 8 11 11 13 13 16 5 15 7 11 15 14 14 13 11 16 14 11 13 13 14 11 14 11 13 9
split_gain=37.6452 11.5505 10.0025 7.87756 7.7324 10.7449 18.4218 12.0307 16.2707 12.0061 7.60431 7.16682 6.81892 6.78761 8.0258 6.7616 7.71905 12.0681 13.2103 10.8611 9.90209 8.5561 8.71178 14.2771 13.1686 13.0318 11.1789 7.19152 27.2556 7.19216
threshold=0.016901388287230243 0.010530995028542942 0.037714619913018062 0.036250382984596159 0.19452461094478049 -0.0037732110910037582 -0.00038402430290213058 19.295000076293949 18.564999580383304 -0.052765669453344037 0.043220063331784041 0.0066980321703017385 -0.0324392400501241 0.037714619913018062 -0.024245460009787331 -0.12096344977185801 -0.098691693357393515 17.454999923706058 -0.011576467999656779 -0.016669351976018706 -0.083456210331023115 0.010325604265528312 16.469999313354496 16.355000495910648 0.023054207273377928 0.023488244118780924 -0.054348672595206975 0.010137995050555572 18.025000572204593 -0.0057662856520455654
decision_type=2 2 2 2 8 2 2 2 2 2 2 2 2 2 2 2 2 2 2 2 2 2 2 2 2 2 2 2 2 10
left_child=1 -1 3 4 15 9 11 8 -8 -6 13 -7 -10 -2 -15 -3 17 -17 -19 -20 -18 27 23 -23 -24 26 -25 -22 -29 -30
right_child=10 2 -4 -5 5 6 7 -9 12 -11 -12 -13 -14 14 -16 16 20 18 19 -21 21 22 24 25 -26 -27 -28 28 29 -31
leaf_value=8.7885747710147232e-05 -9.0936936747806844e-05 0.00020096511917423165 0.00021619541592295154 -0.00036043736804050938 -0.0012605921777346111 -0.00063757186802562411 -7.9210358642212874e-05 0.00016824552395958226 -0.00098518381909908645 0.00013354877139542127 -0.00076311647606589763 -0.00016615681042917883 -0.00032700422332407298 -0.0015541150830184472 0.00013690526978415941 6.145371178775971e-05 0.00033469510521693145 2.0734078834227491e-05 -0.00094721924518828343 -0.0003074016341960016 4.1512995280479695e-06 4.9998128071409426e-05 0.00028519141944559969 -0.0010460219481894244 -5.6727527663894594e-05 -0.0011977760671896291 -2.6168200708479988e-05 9.6094055617803893e-05 -0.0010568104951324071 -0.00046592452094927709
leaf_weight=58868 92487 5400 6079 716 251 217 1696 1319 161 3783 2732 93 884 65 6858 1690 4331 573 146 678 101324 36913 11673 266 4167 212 1172 731 92 174
leaf_count=58868 92487 5400 6079 716 251 217 1696 1319 161 3783 2732 93 884 65 6858 1690 4331 573 146 678 101324 36913 11673 266 4167 212 1172 731 92 174
internal_value=0.000172393 0.000510224 0.000315875 0.00024801 0.000269071 -0.00121133 -0.00292906 -0.00203202 -0.0039201 0.00064948 -0.000633334 -0.0146774 -0.00882775 -0.000561815 0.000948288 0.000342452 0.00028518 -0.00219145 -0.00562992 -0.00968447 0.000332651 0.000267477 0.00077413 0.000368618 0.00176136 -0.00418182 -0.00247566 -1.90558e-06 -0.00422768 -0.0179323
internal_weight=345751 243609 184741 178662 177946 8404 4370 4060 2741 4034 102142 310 1045 99410 6923 169542 164142 3087 1397 824 161055 156724 54403 38563 15840 1650 1438 102321 997 266
internal_count=345751 243609 184741 178662 177946 8404 4370 4060 2741 4034 102142 310 1045 99410 6923 169542 164142 3087 1397 824 161055 156724 54403 38563 15840 1650 1438 102321 997 266
is_linear=0
shrinkage=0.05


Tree=30
num_leaves=31
num_cat=0
split_feature=4 6 13 13 11 11 11 11 12 12 8 13 12 5 13 11 12 12 11 13 9 12 5 1 3 11 11 0 11 4
split_gain=34.7347 13.2448 8.08807 8.86944 25.8642 24.0642 11.8693 20.7395 10.5098 8.83784 8.35673 8.25767 19.5684 7.84265 7.58438 41.6407 11.4754 7.93298 10.8534 7.47551 18.246 7.12959 7.80131 6.95702 7.4141 6.84594 15.9056 10.7959 6.8288 6.67454
threshold=0.023370350457908206 0.2600065692619673 14.614999771118166 13.34500026702881 0.0014683635892733806 -0.0022021507151603332 0.02306163879140322 0.024185912746781283 0.041391540818904844 0.035278924713739175 0.072445306098763554 13.305000305175783 0.042793845432773876 0.022622634520911702 15.144999980926515 -0.012367016297633369 0.057603305359047348 0.022857145298187723 0.025601667077503779 13.13000011444092 0.40351100426610292 -0.075828258528587975 0.018866876395315955 0.0036124655857759928 -0.0031271018174476857 0.00081108963534770606 0.0029758326709653509 0.00056650497074384198 -0.0037732110910037582 0.014335936883512545
decision_type=2 2 2 2 2 2 2 2 2 2 10 2 2 2 2 2 2 2 2 2 8 2 2 2 2 2 2 2 2 2
left_child=2 21 3 4 5 -1 11 -8 9 10 -7 -6 -13 -3 15 23 17 18 25 20 -9 -2 -23 24 -4 28 27 -27 -17 -18
right_child=1 13 14 -5 6 8 7 19 -10 -11 -12 12 -14 -15 -16 16 29 -19 -20 -21 -22 22 -24 -25 -26 26 -28 -29 -30 -31
leaf_value=0.00016345456790464635 0.00039288902859404879 -8.52760876163565e-05 -0.00014891297331139558 0.00014132563235914344 0.00014822502306866177 -0.00018811859909133554 -0.00035571364490645779 -1.5685103496233495e-05 -0.00041586949066811435 -5.8348597704297458e-05 -0.00068736534322270861 -0.00041040851961406702 0.00014819889321856776 -0.00043929953259086495 4.7163376373517139e-05 -0.00015461233517771286 -1.5023411871766685e-05 0.00014672444031249785 0.00025094852137701087 0.00021578943153371271 -0.00047850144837673786 2.6768156441043081e-05 -7.7043794159067786e-05 -0.00027464287646416569 -0.00084581848628614972 -6.7968433600343819e-05 -0.00015230262742208487 -0.00084798055786218388 0.00028191446174778066 -0.00095399435955456548
leaf_weight=1728 2915 39158 55 32406 21283 444 268 1608 1160 1556 160 313 568 10697 105842 863 123 5140 1490 1148 329 61152 48695 212 300 124 3790 193 1157 199
leaf_count=1728 2915 39158 55 32406 21283 444 268 1608 1160 1556 160 313 568 10697 105842 863 123 5140 1490 1148 329 61152 48695 212 300 124 3790 193 1157 199
internal_value=0.000183525 -0.000347842 0.000657107 0.00111567 0.000504662 -0.00276545 0.00115159 -0.00162094 -0.00525602 -0.00319444 -0.00832781 0.00157102 -0.00317253 -0.00102648 0.000415439 -0.000693976 -0.000118893 0.000116407 -0.000907838 -0.000461912 -0.00235674 -4.77996e-05 -0.000112565 -0.0139594 -0.0182394 -0.00183858 -0.00301071 -0.0137697 0.000544555 -0.00944099
internal_weight=345076 162617 182459 62971 30565 5048 25517 3353 3320 2160 604 22164 881 49855 119488 13646 13079 12757 7617 3085 1937 112762 109847 567 355 6127 4107 317 2020 322
internal_count=345076 162617 182459 62971 30565 5048 25517 3353 3320 2160 604 22164 881 49855 119488 13646 13079 12757 7617 3085 1937 112762 109847 567 355 6127 4107 317 2020 322
is_linear=0
shrinkage=0.05


Tree=31
num_leaves=31
num_cat=0
split_feature=4 6 10 12 14 12 4 4 10 14 10 14 12 13 13 14 10 10 10 13 13 15 12 14 9 13 13 10 10 10
split_gain=33.2202 10.5226 8.15144 14.0456 15.2164 7.73704 7.14327 6.60649 6.4008 23.3212 90.2001 22.0202 13.3118 9.72636 9.96562 31.6666 12.1764 17.0935 11.51 8.80709 17.9067 16.7791 13.0962 12.4161 29.6655 22.9099 15.0109 11.5807 17.0003 10.5569
threshold=0.024384111405155628 0.2600065692619673 -0.017312000709356064 -0.0075921435528307204 0.15844695899744313 -0.075828258528587975 0.063815210553596569 0.045550361303204841 -0.0042976015384410529 0.077019604552505241 -0.0037750757818245657 0.083482873400912663 0.038572714980084973 14.614999771118166 12.555000305175783 0.035381364185180238 0.0059924772064959839 0.0062898398934669872 -0.0020657822926501974 15.00500011444092 14.97499990463257 0.010558496964396371 0.022857145298187723 0.0045608735277805632 -0.25702261679071708 18.94999980926514 15.105000019073488 -0.0011670806167484724 0.0046996475927222345 0.0014013847331743048
decision_type=2 2 2 2 2 2 2 2 2 2 2 2 2 2 2 2 2 2 2 2 2 2 2 2 10 2 2 2 2 2
left_child=2 5 3 4 -1 -2 -7 -3 -4 13 -11 12 -12 14 15 16 18 -18 -10 20 -15 22 -22 -21 25 26 -25 -28 -29 -26
right_child=1 7 8 -5 -6 6 -8 -9 9 10 11 -13 -14 19 -16 -17 17 -19 -20 23 21 -23 -24 24 29 -27 27 28 -30 -31
leaf_value=0.00024901630133069462 0.00040209883219377948 -9.4816012563649456e-05 0.00010780378267374745 0.00011100550391055419 -0.00056423570603401907 -8.0204436560129548e-06 -0.00047520118068121523 -0.00053811819614910821 -0.00026659135363433698 -0.0011611418557204158 -0.00011467795531966111 0.0002310617395727412 -0.00040017368247873296 -3.3455754269764327e-05 0.00012304040116738784 -0.00050046274189686297 -0.00043118059665515164 -0.00011509566653079184 0.00015810109074609945 6.7423504477963535e-05 -0.00056815017712617366 -0.0013896462511760682 0.00010413810309670665 0.00064290273270360102 0.00011067202706443857 0.00042713463298807734 -0.00019489733336661966 -0.0005525568551360162 -1.3932142437182745e-05 -0.00011580820508308101
leaf_weight=453 2780 39102 39205 1753 1011 95623 3514 5921 652 298 889 1927 779 8754 46254 349 297 1899 7331 64948 304 149 436 320 12014 825 774 1887 462 4826
leaf_count=453 2780 39102 39205 1753 1011 95623 3514 5921 652 298 889 1927 779 8754 46254 349 297 1899 7331 64948 304 149 436 320 12014 825 774 1887 462 4826
internal_value=0.000205301 -0.000364775 0.000626673 -0.00186975 -0.00548497 -8.35482e-05 -0.0001565 -0.00100138 0.000667735 0.000524512 -0.00329694 -0.0011057 -0.00531175 0.000622078 0.0011405 -0.00024791 0.000259849 -0.00303734 0.00116685 0.000314476 -0.00111843 -0.00787964 -0.0047973 0.00047504 -0.000578453 -0.00430178 -0.00609497 -0.00715178 -0.00889953 0.000365202
internal_weight=345736 146940 198796 3217 1464 101917 99137 45023 195579 156374 3893 3595 1668 152481 56782 10528 10179 2196 7983 95699 9643 889 740 86056 21108 4268 3443 3123 2349 16840
internal_count=345736 146940 198796 3217 1464 101917 99137 45023 195579 156374 3893 3595 1668 152481 56782 10528 10179 2196 7983 95699 9643 889 740 86056 21108 4268 3443 3123 2349 16840
is_linear=0
shrinkage=0.05


Tree=32
num_leaves=31
num_cat=0
split_feature=4 11 4 11 6 6 15 12 10 12 2 13 11 13 11 15 13 13 13 11 10 10 2 0 12 11 9 11 13 13
split_gain=32.1911 10.6629 11.3212 8.30191 7.70605 7.62515 6.65132 6.16734 5.61978 5.44271 5.41367 4.98441 7.38491 13.6338 11.0291 10.1447 8.75584 7.31436 5.89003 28.7135 7.02133 10.5556 6.24691 6.22864 5.58928 5.79872 5.49194 5.47273 6.68359 7.76843
threshold=0.021960135016574692 0.037714619913018062 0.045550361303204841 0.036250382984596159 -0.34251113441652742 0.19823820418423788 -0.039305098541580145 -0.067575688865902969 0.0088263757382542902 0.056027042495551023 -0.023333711370243201 14.614999771118166 0.0023539165511853315 13.34500026702881 -0.0022021507151603332 -0.0056457421522078102 13.174999713897707 12.434999942779543 15.144999980926515 -0.012367016297633369 0.00090086479202544656 0.0014914798272115395 0.034504154198873323 0.0021228748178732109 0.028887239583783812 0.00097395382788623152 0.1799051989951426 0.023193318891049478 15.00500011444092 14.904999732971193
decision_type=2 2 2 2 2 2 2 2 2 2 2 2 2 2 2 2 2 2 2 2 2 2 2 2 2 2 8 2 2 2
left_child=5 2 3 4 8 11 -6 -4 -2 -10 -5 12 13 14 -1 17 -17 -16 19 26 -21 22 23 -22 25 -15 -13 28 29 -23
right_child=1 -3 7 10 6 -7 -8 -9 9 -11 -12 18 -14 24 15 16 -18 -19 -20 20 21 27 -24 -25 -26 -27 -28 -29 -30 -31
leaf_value=0.00014605117442934118 1.7908400413889073e-06 0.00014425730914182549 0.00013279806999202416 -0.00088951579970731253 -0.00058946594111986819 1.5821412387747777e-05 -5.43606317862039e-05 -0.00035333179385867701 0.00019893626323042648 -0.00018114702178408898 -0.00023386721691854757 -0.00040847727343571903 0.00014289039528670911 9.7712473946253461e-05 -0.00052551111141116295 -4.5479085515111698e-05 -0.00035794384043341128 -0.00029850385012393521 7.0063659420279838e-05 0.0001868043261558047 -0.00019451457581339207 -6.5118746441853757e-05 2.6421161713728034e-05 -0.00087815975747768398 0.00042512043395992444 -0.0001784325426784418 -0.00080592691632942683 0.00024063567950668698 0.00016664715680603467 -0.00030440799480963487
leaf_weight=1161 59299 10768 2454 223 821 50869 88957 15643 8020 968 507 146 28517 3792 118 1603 442 386 59632 2800 103 1703 102 125 2451 772 224 1101 1215 673
leaf_count=1161 59299 10768 2454 223 821 50869 88957 15643 8020 968 507 146 28517 3792 118 1603 442 386 59632 2800 103 1703 102 125 2451 772 224 1101 1215 673
internal_value=0.000172529 -0.000270169 -0.000363159 -0.000228124 -0.000203555 0.000698547 -0.000508031 -0.00154805 0.000196743 0.00136182 -0.00554794 0.00093802 0.00138652 0.000268065 -0.00218329 -0.00402315 -0.00245721 -0.010377 0.000678521 -0.000578613 6.52009e-05 -0.00105336 -0.00969697 -0.0142982 0.0015645 0.000530237 -0.0141892 -0.000445439 -0.00139098 -0.0029335
internal_weight=345595 187660 176892 158795 158065 157935 89778 18097 68287 8988 730 107066 39242 10725 3710 2549 2045 504 67824 8192 7822 5022 330 228 7015 4564 370 4692 3591 2376
internal_count=345595 187660 176892 158795 158065 157935 89778 18097 68287 8988 730 107066 39242 10725 3710 2549 2045 504 67824 8192 7822 5022 330 228 7015 4564 370 4692 3591 2376
is_linear=0
shrinkage=0.05


Tree=33
num_leaves=31
num_cat=0
split_feature=5 5 13 13 16 14 10 3 12 14 11 10 10 11 12 12 10 10 13 13 12 10 11 14 14 14 11 14 12 13
split_gain=28.486 9.57184 8.98827 9.55525 8.47848 7.98787 7.84465 12.8449 7.33771 7.11716 7.15671 7.26633 25.491 9.42826 7.36825 18.9149 6.72921 10.8673 10.0166 16.0254 12.1295 7.35412 18.1383 8.21788 8.1552 35.8014 28.8305 6.89609 6.60137 6.58986
threshold=0.013732675067150845 0.021771095103741946 19.115000724792484 19.085000038146976 0.0073842372109380614 -0.069419882954705067 -0.00262768472957231 -0.01322657459148485 -0.00096374803615406613 -0.12096344977185801 0.037714619913018062 0.015605159278572868 0.017875659611307108 0.019286705415067943 0.11925837683918029 0.12528219708767233 -0.017312000709356064 -0.015213589282174643 22.429999351501468 31.844999313354496 -0.0075921435528307204 -0.013932241848525038 0.0084762607672295171 0.11526544225394954 0.081032983629692037 0.079889052526069274 0.0023539165511853315 0.17907813454888047 0.014181289714697233 31.844999313354496
decision_type=2 2 2 2 2 2 2 2 2 2 2 2 2 2 2 2 2 2 2 2 2 2 2 2 2 2 2 2 2 2
left_child=-1 9 3 5 6 -3 29 -8 -7 -2 11 14 13 -13 16 -16 18 -18 -11 20 27 22 23 -19 25 -23 -27 -20 -5 -4
right_child=1 2 4 28 -6 8 7 -9 -10 10 -12 12 -14 -15 15 -17 17 21 19 -21 -22 24 -24 -25 -26 26 -28 -29 -30 -31
leaf_value=5.5849899108091934e-05 0.00019532186712074653 0.00016683370296615877 -7.577746911575666e-05 -0.0011598301060570567 0.00016435001038862912 -0.00055699429781847333 -0.0010715429734775583 -0.00014917447444399049 -0.00021514931559862388 0.00034255543569823409 0.00017496942142941315 -0.00076980093062338191 0.00026214802425950231 -4.0952453282024529e-05 -0.00079908560791443542 -7.3953354291981252e-05 0.00031158344845097713 -0.00059934917837294824 -0.0003370537447778225 0.00028585380679122115 7.8103626295076341e-05 -1.3921521295915817e-05 -0.0012194865351116454 0.00017136857708061266 0.00016993214423526747 -0.0004082522168377819 -0.0013735771416044597 -0.00075381764720582501 -0.00029257033279630578 0.00066971403278661833
leaf_weight=164745 5424 3144 5009 251 7565 3105 1156 5162 17868 904 5663 838 1275 314 230 860 3640 548 654 782 517 103243 198 669 8933 352 138 875 142 1355
leaf_count=164745 5424 3144 5009 251 7565 3105 1156 5162 17868 904 5663 838 1275 314 230 860 3640 548 654 782 517 103243 198 669 8933 352 138 875 142 1355
internal_value=0.0001959 -0.000237426 -0.000871707 -0.00151571 -9.21122e-05 -0.00138968 -0.000882353 -0.00213042 -0.001742 -2.87745e-05 -0.000102462 -0.000181243 -0.0028904 -0.00828125 -0.000127588 -0.00422018 -9.0858e-05 -2.45919e-05 -0.00218114 -0.00364569 -0.00597263 -0.000110404 -0.00369258 -0.0014092 -6.54144e-05 -0.000190248 -0.0136735 -0.00821125 -0.00924936 0.000356694
internal_weight=345559 180814 44757 24510 20247 24117 12682 6318 20973 136057 130633 124970 2427 1152 122543 1090 121453 117721 3732 2828 2046 114081 1415 1217 112666 103733 490 1529 393 6364
internal_count=345559 180814 44757 24510 20247 24117 12682 6318 20973 136057 130633 124970 2427 1152 122543 1090 121453 117721 3732 2828 2046 114081 1415 1217 112666 103733 490 1529 393 6364
is_linear=0
shrinkage=0.05


Tree=34
num_leaves=31
num_cat=0
split_feature=5 6 6 10 10 10 16 12 12 9 10 10 11 14 13 13 11 8 10 11 12 14 12 12 16 10 11 10 12 11
split_gain=25.995 11.0872 8.36717 7.52956 7.909 10.8645 13.5489 7.20045 26.9645 11.8668 9.99117 18.423 15.2293 13.9658 13.595 12.5924 11.8351 18.0628 12.8124 13.0224 27.2125 21.1759 34.2473 17.2174 13.6285 12.7566 12.3083 11.0736 9.6814 13.5047
threshold=0.018444179072395182 0.19823820418423788 1.0524554078324984 -0.017312000709356064 -0.015213589282174643 -0.013932241848525038 -0.080885148929532455 0.028753487620467037 0.02859938253974537 -0.15400138353754209 0.0077044768162243269 0.00063379839939814453 -0.025492153007652226 -0.073802250117532039 18.94999980926514 21.134999275207523 -0.010447917606839994 -0.20408910937163291 0.0075369287617274025 0.005853569089809941 0.024444486921004319 -0.01932891273608783 -0.019013621000151189 0.027464748071709514 0.0045550010412472872 0.0039443823367679718 0.00053831818388905283 0.0075908529323374116 0.014776442004869829 0.0037484953241375689
decision_type=2 2 2 2 2 2 2 2 2 10 2 2 2 2 2 2 2 10 2 2 2 2 2 2 2 2 2 2 2 2
left_child=1 7 -2 -3 -5 6 -6 8 10 -10 11 28 14 15 -13 -14 -15 -18 19 20 21 -19 24 -21 -23 -25 -24 -20 -1 -30
right_child=2 3 -4 4 5 -7 -8 -9 9 -11 -12 12 13 16 -16 -17 17 18 27 23 -22 22 26 25 -26 -27 -28 -29 29 -31
leaf_value=0.00010242528812501176 -5.8807980148015086e-05 -0.00020868545205980686 -0.00031975955620618796 0.00026433162483182709 -0.0029868726381422172 8.6692052676368939e-07 -0.00032840677204264829 8.7397433653803395e-05 -0.00060361467037206801 -0.00023519562798669983 0.00014347781839780835 -0.00059808900277024367 0.00038361626617941698 0.0001659299217636476 -0.00019546978452553718 -0.00044188921651701292 -0.00050307428639207309 -5.605095871093473e-05 -0.00057996638308544543 2.5792019053963986e-05 0.00040839703303904254 -0.0027165274872502417 -8.5452736483336821e-05 -2.1395164169581888e-05 -0.0005354456331126328 -0.0005746684871197346 -0.00042059666553274336 -3.7150479090342337e-05 -0.00013421772973092131 8.7569255997657495e-05
leaf_weight=39866 66625 2818 10532 3255 54 81653 1147 71235 212 185 17022 352 3045 3484 1086 169 538 2922 306 14177 1513 344 1586 261 187 297 1547 220 8910 9631
leaf_count=39866 66625 2818 10532 3255 54 81653 1147 71235 212 185 17022 352 3045 3484 1086 169 538 2922 306 14177 1513 344 1586 261 187 297 1547 220 8910 9631
internal_value=0.000172795 0.000405601 -0.000635911 -5.07718e-05 3.2459e-05 -6.25194e-05 -0.00478351 0.000632207 0.00037456 -0.0126322 0.000422611 0.000213454 -0.00075014 -0.000513792 -0.00577886 0.00260423 -0.000879775 -0.00127668 -0.00106806 -0.000890339 -0.00250093 -0.00389007 -0.00642194 -5.08974e-06 -0.0181638 -0.00862007 -0.00443185 -0.00878327 0.000741949 -0.000201985
internal_weight=345179 268022 77157 88927 86109 82854 1201 179095 107860 397 107463 90441 32034 30596 1438 3214 27382 23898 23360 22834 8099 6586 3664 14735 531 558 3133 526 58407 18541
internal_count=345179 268022 77157 88927 86109 82854 1201 179095 107860 397 107463 90441 32034 30596 1438 3214 27382 23898 23360 22834 8099 6586 3664 14735 531 558 3133 526 58407 18541
is_linear=0
shrinkage=0.05


Tree=35
num_leaves=31
num_cat=0
split_feature=4 6 14 13 9 10 13 12 13 11 12 7 11 14 14 10 11 13 13 9 12 12 10 13 12 12 14 14 12 13
split_gain=26.2937 11.011 9.2593 18.3445 41.8001 10.594 10.334 17.0043 26.288 20.1653 13.731 13.6155 13.4417 18.1427 29.9235 53.3791 27.3809 24.2046 18.985 16.7838 12.9207 10.8257 16.977 43.2117 22.3386 18.4182 10.0308 12.9352 10.246 15.5112
threshold=0.021589485747957455 1.5458079872453512 -0.069419882954705067 18.94999980926514 inf 0.0099108597244759195 19.115000724792484 0.0011335726897910849 18.564999580383304 0.0027845579499264921 -0.016604083689836898 0.019784170495075418 0.0044457003054257935 -0.0059106162699663059 -0.012079756674524154 0.0062898398934669872 -0.0019949818348388155 21.914999961853031 24.385000228881839 -0.10403581759706836 -0.052281358654850445 -0.027412641456853678 -0.00025978449841479451 17.105000495910648 0.00075812242422568243 -0.016062162190441927 0.036556757472233643 0.054851608491687472 -0.0067438381246153192 31.844999313354496
decision_type=2 2 2 2 8 2 2 2 2 2 2 2 2 2 2 2 2 2 2 10 2 2 2 2 2 2 2 2 2 2
left_child=-1 2 3 -2 5 -5 7 8 20 10 -10 -11 13 14 17 16 -16 -8 19 -19 -4 -22 24 25 -23 -24 -15 -28 29 -29
right_child=1 -3 6 4 -6 -7 12 -9 9 11 -12 -13 -14 26 15 -17 -18 18 -20 -21 21 22 23 -25 -26 -27 27 28 -30 -31
leaf_value=5.5510293307351302e-05 0.00023441399745336542 -0.00019770130497646267 -0.00061829822645531314 -0.00016067501827881638 -0.00057370327270828657 0.00019451024509987465 0.00024038158311356228 -2.1770448959133152e-05 0.00020410160126613596 -0.00087611064462260349 -0.00063628785610960587 -0.00026085872096679065 0.0002275785534072462 0.00036464974765556272 7.7869297334987167e-05 -0.003991772374390844 -0.00060496530373833316 -5.2396353104010113e-05 -1.3402187380771183e-05 -0.00078089115476317854 0.00013730871761571801 5.5025919453165469e-05 -0.00045415889471115848 -0.00083923824575956739 -0.0008763816991353931 0.00014051234212869148 -0.00045574980003617541 -0.00014898007619742895 0.00028826454978769984 0.00062046256665835697
leaf_weight=150938 13519 18939 190 4016 907 5542 4892 86678 955 1186 671 514 12488 4814 1087 255 564 766 2555 1464 5202 5894 1176 1039 153 2434 664 8822 5172 2135
leaf_count=150938 13519 18939 190 4016 907 5542 4892 86678 955 1186 671 514 12488 4814 1087 255 564 766 2555 1464 5202 5894 1176 1039 153 2434 664 8822 5172 2135
internal_value=0.00019068 -0.000193304 -6.98702e-05 0.000843062 -0.000728619 0.000244821 -0.00021414 -0.000484862 -0.0018224 -0.00586891 -0.00188807 -0.00967647 0.000414642 -0.000111479 -0.00170811 -0.00743442 -0.00414597 -0.000580242 -0.00310867 -0.00647982 -0.000985828 -0.000830922 -0.00174084 -0.00401269 5.78818e-06 -0.00142659 0.000744435 0.00016763 0.000449191 -0.000416628
internal_weight=345631 194693 175754 23984 10465 9558 151770 106092 19414 3326 1626 1700 45678 33190 11583 1906 1651 9677 4785 2230 16088 15898 10696 4649 6047 3610 21607 16793 16129 10957
internal_count=345631 194693 175754 23984 10465 9558 151770 106092 19414 3326 1626 1700 45678 33190 11583 1906 1651 9677 4785 2230 16088 15898 10696 4649 6047 3610 21607 16793 16129 10957
is_linear=0
shrinkage=0.05


Tree=36
num_leaves=31
num_cat=0
split_feature=5 5 11 6 10 14 6 12 11 11 8 12 12 10 10 3 14 10 14 14 10 13 11 13 14 13 13 13 13 14
split_gain=22.4079 10.5983 9.49102 10.2552 7.59703 13.3675 6.89739 7.58981 6.87292 6.15454 9.83207 12.4861 7.0904 6.89027 16.5907 6.55235 6.11962 8.62294 11.2695 37.0012 39.4329 12.6401 9.42053 8.35023 14.6816 10.1896 7.57393 6.37382 19.518 15.8505
threshold=0.018866876395315955 0.0089625435219881176 0.037714619913018062 -0.37679930895330283 -0.029463592833469218 0.45247854199056486 0.010001499527593336 -0.0800835440536906 -0.022762768939498131 -0.017686131484892616 0.26833153676031812 -0.031709461576504387 -0.019773696142234506 -0.014256563971479506 -0.013932241848525038 0.014427423049612533 -0.010554721432184831 -0.0065884615881859334 0.077019604552505241 0.081032983629692037 -0.0037750757818245657 13.894999980926515 -0.0057500660136146622 21.134999275207523 -0.012079756674524154 21.389999389648441 15.00500011444092 17.494999885559086 18.105000495910648 0.013647468145900345
decision_type=2 2 2 2 2 2 2 2 2 2 8 2 2 2 2 2 2 2 2 2 2 2 2 2 2 2 2 2 2 2
left_child=1 -1 3 -3 5 8 7 -2 -5 -6 13 15 -13 -11 -15 -12 23 22 27 20 -20 -22 -18 -16 25 -25 -21 -19 29 -29
right_child=6 2 -4 4 9 -7 -8 -9 -10 10 11 12 -14 14 16 -17 17 18 19 26 21 -23 -24 24 -26 -27 -28 28 -30 -31
leaf_value=0.00011064804434474023 0.00057821688550947325 5.5434859567296862e-05 0.0001905655886628225 -0.0012249801415293719 8.785495283644137e-05 -8.4296455244063489e-06 -0.00018160802742721066 -4.4642120151167997e-05 0.0011945906692637175 0.00023273909774348023 -0.00043031924774539584 0.0003511559793932583 -0.00018223078344048091 -0.00053302355342570152 4.8201371391771112e-05 -0.0010425022678026156 -6.9168688895734754e-05 -1.5800219125039078e-05 -0.0012319106922332797 -0.00017967150822335412 0.00035876329482315223 -0.00051389340426454162 0.00023286695104194098 -0.00048635714406212581 -0.0029083111657196288 -5.5223166195194992e-05 0.00025237054702171761 -0.00052423350174367214 2.7035009424666811e-06 -0.00017541832722023972
leaf_weight=19214 1118 101369 8194 247 20186 550 26034 44574 43 2851 542 719 2801 885 51177 136 4804 38503 274 879 265 696 5998 263 102 2327 1611 1454 5674 1544
leaf_count=19214 1118 101369 8194 247 20186 550 26034 44574 43 2851 542 719 2801 885 51177 136 4804 38503 274 879 265 696 5998 263 102 2327 1611 1454 5674 1544
internal_value=0.000184678 0.000391097 0.000305478 0.000249695 -2.0722e-05 -0.0047619 -0.000601874 -0.000231769 -0.0134483 6.99436e-06 -0.000125298 -0.00250357 -0.00130682 -4.16151e-05 -0.000101068 -0.00871681 -4.88442e-05 -0.000388804 -0.0006611 -0.00330872 -0.0103846 -0.00561394 0.000894279 0.000340549 -0.0023737 -0.00164093 0.000200803 -0.00045204 -0.00167666 -0.00493996
internal_weight=345034 273308 254094 245900 144531 840 71726 45692 290 143691 123505 4198 3520 119307 116456 678 115571 61702 50900 3725 1235 961 10802 53869 2692 2590 2490 47175 8672 2998
internal_count=345034 273308 254094 245900 144531 840 71726 45692 290 143691 123505 4198 3520 119307 116456 678 115571 61702 50900 3725 1235 961 10802 53869 2692 2590 2490 47175 8672 2998
is_linear=0
shrinkage=0.05


Tree=37
num_leaves=31
num_cat=0
split_feature=4 4 14 13 9 16 13 11 12 14 14 8 14 8 13 13 14 11 11 13 15 14 14 12 12 13 13 12 7 11
split_gain=21.4791 7.85299 7.91737 15.059 34.5221 10.5962 9.80056 15.2275 13.8932 12.1731 18.2257 43.6358 11.4651 11.4429 22.6352 11.8061 10.7831 10.5789 9.59159 9.12765 9.12667 8.43484 11.4851 14.8754 12.082 28.4698 8.25712 8.19554 8.16794 7.69734
threshold=0.021514784293294648 0.063815210553596569 -0.075454415356713087 20.980000495910648 -0.24255621435963501 -0.023881230101339575 20.060000419616703 0.0069819527880167218 -0.0067438381246153192 -0.011027468798592786 -0.012079756674524154 0.024886146855590211 -0.023371909944973176 -0.20408910937163291 19.98499965667725 19.115000724792484 0.036556757472233643 0.0034889229928327663 -0.0041436814843686101 19.085000038146976 0.0065877862980089361 0.098456899427642589 0.15844695899744313 -0.0075921435528307204 -0.017433916297808435 38.065000534057624 21.914999961853031 -0.018070638242237255 -0.0088132963492874011 -0.040606283895635913
decision_type=2 2 2 2 10 2 2 2 2 2 2 8 2 10 2 2 2 2 2 2 2 2 2 2 2 2 2 2 2 2
left_child=-1 2 3 -2 5 -5 13 8 9 10 12 -12 18 14 15 19 -11 -10 26 -4 -6 -18 23 -23 25 29 -8 -7 -25 -24
right_child=1 -3 6 4 20 27 7 -9 17 16 11 -13 -14 -15 -16 -17 21 -19 -20 -21 -22 22 24 28 -26 -27 -28 -29 -30 -31
leaf_value=5.1647581272901091e-05 0.00018581973692795813 -0.00042854631805680363 -0.00017845258993334589 -0.0011490142859305662 -0.00022963565507332624 -7.4019609554904636e-05 0.00028397756867078666 0.00028000833885899338 0.00025386950980629011 0.00029098578310451294 -0.0038101281289271375 0.00020052293678853906 0.0002782267142366354 -3.7283406392915761e-05 -0.00066066773200541015 0.00025674114521453826 -0.00033393145336505837 -0.00093946130225532282 0.00030452895252685783 -0.00085308624363606464 0.00022610500648236653 0.00027954812054031776 -0.0015182865442417166 -0.00089087555263106261 0.00024914854589196079 0.00028216670733249301 -0.00044615045860645856 -0.00051953625750801894 8.9261181012427362e-05 -0.00052208001285719964
leaf_weight=149526 14152 5418 2708 359 1618 483 537 9002 8128 4089 223 266 1347 126236 314 1163 2265 174 657 247 3845 5244 295 200 1246 1014 3099 404 153 1204
leaf_count=149526 14152 5418 2708 359 1618 483 537 9002 8128 4089 223 266 1347 126236 314 1163 2265 174 657 247 3845 5244 295 200 1246 1014 3099 404 153 1204
internal_value=0.00018917 -0.000155031 -0.000101693 0.000817554 -0.00113355 -0.00864366 -0.000214621 0.000479396 -5.95532e-05 -0.000721416 -0.00261136 -0.0118712 -0.00180851 -0.000422521 -0.00291967 -0.00193298 1.59136e-05 0.00168152 -0.00307128 -0.00361252 0.000579352 -0.000761122 -9.83324e-05 0.00133732 -0.00223597 -0.00423199 -0.00407591 -0.00571026 -0.00859773 -0.00860907
internal_weight=345616 196090 190672 20861 6709 1246 169811 39143 30141 21839 6129 489 5640 130668 4432 4118 15710 8302 4293 2955 5463 11621 9356 5597 3759 2513 3636 887 353 1499
internal_count=345616 196090 190672 20861 6709 1246 169811 39143 30141 21839 6129 489 5640 130668 4432 4118 15710 8302 4293 2955 5463 11621 9356 5597 3759 2513 3636 887 353 1499
is_linear=0
shrinkage=0.05


Tree=38
num_leaves=31
num_cat=0
split_feature=4 6 4 11 11 10 12 10 11 13 13 14 11 12 12 12 9 10 10 14 11 11 12 11 11 12 12 11 14 11
split_gain=19.3359 10.0964 7.80458 9.17476 7.62106 13.0638 14.2584 11.3292 11.3344 17.8585 10.6586 10.3406 10.1616 18.2884 9.84517 40.2196 9.8001 13.0668 9.74979 24.8475 21.1711 48.041 45.1324 16.1607 38.1579 11.5008 19.9421 10.9201 10.6354 10.1638
threshold=0.030355464634620632 2.0180282858408765 0.015020475611650404 0.023193318891049478 -0.019741563271709391 -0.017312000709356064 -0.0075921435528307204 0.0033239655967035602 -0.023458930823045284 19.440000534057621 31.844999313354496 0.15844695899744313 -0.019470544482977133 0.020115024475367619 0.020704073700370865 0.020115024475367619 0.19017655003309422 0.0018675252252127186 -0.0059829775595550685 0.033407835612495503 -0.0022021507151603332 0.0034889229928327663 0.032681400814823743 0.017027234780288007 0.01812197320346565 0.11925837683918029 0.12528219708767233 0.00023769852102906167 0.076004279758720053 0.02306163879140322
decision_type=2 2 2 2 2 2 2 2 2 2 2 2 2 2 2 2 10 2 2 2 2 2 2 2 2 2 2 2 2 2
left_child=1 2 -1 4 5 6 10 -7 9 -9 11 -4 13 -6 15 -14 17 -17 -16 25 -21 22 -22 28 -25 29 -27 -24 -23 -20
right_child=-2 -3 3 -5 12 7 -8 8 -10 -11 -12 -13 14 -15 18 16 -18 -19 19 20 21 23 27 24 -26 26 -28 -29 -30 -31
leaf_value=9.3364425705869626e-05 -7.0686757730312815e-05 -9.5651633366964422e-05 -4.3296668208830655e-05 0.00011555844293429971 0.00014109396150567276 0.00022783322912656655 0.00020235665317904221 -0.00044912298507521144 0.00035875643383542852 -2.8285587019464848e-05 0.00018340595847116022 -0.00059441956193764551 -1.3987682882563696e-05 -0.00054002995836157058 0.0002061888558115089 -0.0010257713856909642 -0.0011299449764488735 -0.00016559889641297416 7.0349686425973625e-05 0.00028333872034973977 -0.0010187086761704173 -5.960381304137742e-05 -0.00036423807195326785 -0.00058986060812479205 3.209205723876761e-05 -0.00071003687687140973 -6.1701828855642809e-06 0.00014998892623906829 0.00040712593575010212 -0.00028626792760678488
leaf_weight=25868 78667 16593 485 27167 608 14681 1417 583 1299 1745 390 876 78218 572 7948 279 105 230 74162 2458 626 4326 829 626 1156 298 718 508 1465 636
leaf_count=25868 78667 16593 485 27167 608 14681 1417 583 1299 1745 390 876 78218 572 7948 279 105 230 74162 2458 626 4326 829 626 1156 298 718 508 1465 636
internal_value=0.000172615 0.000375686 0.000454873 0.000360076 0.000241427 0.00113056 -0.00183396 0.00164354 -0.000858836 -0.00294674 -0.00485151 -0.00693975 0.000132789 -0.00449153 0.000164044 -0.000249771 -0.0129967 -0.0101277 0.000504721 0.000352929 -0.00176171 -0.00282823 -0.00979878 -0.00102139 -0.00518518 0.000687472 -0.00459646 -0.00461107 0.000259886 0.000759245
internal_weight=345539 266872 250279 224411 197244 21476 3168 18308 3627 2328 1751 1361 175768 1180 174588 78832 614 509 95756 87808 11994 9536 1963 7573 1782 75814 1016 1337 5791 74798
internal_count=345539 266872 250279 224411 197244 21476 3168 18308 3627 2328 1751 1361 175768 1180 174588 78832 614 509 95756 87808 11994 9536 1963 7573 1782 75814 1016 1337 5791 74798
is_linear=0
shrinkage=0.05


Tree=39
num_leaves=31
num_cat=0
split_feature=5 6 5 6 12 5 11 11 10 14 12 10 10 10 0 13 11 12 11 13 13 10 10 10 12 9 12 10 14 11
split_gain=19.1585 8.44817 7.79673 5.899 6.71548 5.7143 5.61941 6.24569 7.06753 6.47339 8.18507 25.6034 17.5249 21.2798 12.8928 12.3098 7.41508 7.31149 14.9327 6.79427 12.5375 9.29172 6.79303 6.68442 6.31478 6.10397 5.90468 5.54036 7.41416 5.16737
threshold=0.018866876395315955 0.19823820418423788 0.043220063331784041 0.029750512038121332 -0.075828258528587975 0.012288704770722447 -0.017686131484892616 0.023193318891049478 -0.0016439356314020823 -0.028247300750300127 -0.001589990637118621 -0.0012648556783600438 0.0063853636382362753 0.0062898398934669872 0.0026548393288369225 20.255000114440922 -0.0060160798927795791 0.11925837683918029 0.010802932788447463 21.134999275207523 21.389999389648441 0.0041960795209391452 -0.00038724572548481934 0.00074647751592549227 -0.001873391702030158 0.007214247742381664 -0.0013043868274282275 -0.029463592833469218 0.45247854199056486 -0.0038922440129086073
decision_type=2 2 2 2 2 2 2 2 2 2 2 2 2 2 2 2 2 2 2 2 2 2 2 2 2 10 2 2 2 2
left_child=1 5 3 4 -2 -1 -7 9 -9 19 11 24 13 15 -15 16 22 29 25 26 -21 -22 -13 -17 -11 -19 -8 28 -3 -12
right_child=2 27 -4 -5 -6 6 7 8 -10 10 17 12 -14 14 -16 23 -18 18 -20 20 21 -23 -24 -25 -26 -27 -28 -29 -30 -31
leaf_value=6.5341300813442145e-05 0.00047940879939989715 -0.00098932427993750067 -0.00067674205028988264 -0.00015073553426111109 -2.9813819689292649e-05 0.00013257998899564031 0.00025441311692782836 -0.00021399896385719278 0.00013720569968629141 3.2158120467110882e-05 0.00012309769980459802 -0.00042647429374591218 0.00051248207439631265 -0.00085388592709101309 -0.0031921136238660798 -0.0003102004870264566 -0.00050768971559674839 -0.00094297195603613472 6.1081711887056757e-05 -0.00042170271985461806 -0.00047248391164297953 9.409142777213376e-05 0.00028196619604643731 0.00032026490032776135 -0.00046042013267480226 -0.00038990411691145458 4.4343981833011932e-05 -1.7838680139247706e-06 -5.7757815442260736e-05 -1.8951163726000018e-05
leaf_weight=77345 1499 223 2720 24694 42792 12809 4868 974 12815 6964 8030 146 553 73 154 376 1488 94 322 310 332 1641 304 493 116 108 18036 89993 424 34942
leaf_count=77345 1499 223 2720 24694 42792 12809 4868 974 12815 6964 8030 146 553 73 154 376 1488 94 322 310 332 1641 304 493 116 108 18036 89993 424 34942
internal_value=0.000154757 0.000345212 -0.000572833 -0.000469305 -0.000124066 0.000540474 0.000301941 0.000166901 0.0011491 -3.78053e-06 -0.000311744 -0.00155292 -0.00499442 -0.00648649 -0.0212115 -0.00529569 -0.0075129 -7.35681e-06 -0.00587786 0.000658475 -0.00194262 -0.000473897 -0.00188889 -0.000350978 0.000190678 -0.0165347 0.000917744 -4.96468e-05 -0.00465997 6.42281e-05
internal_weight=345638 273933 71705 68985 44291 183293 105948 93139 13789 79350 54163 10667 3587 3034 227 2807 1938 43496 524 25187 2283 1973 450 869 7080 202 22904 90640 647 42972
internal_count=345638 273933 71705 68985 44291 183293 105948 93139 13789 79350 54163 10667 3587 3034 227 2807 1938 43496 524 25187 2283 1973 450 869 7080 202 22904 90640 647 42972
is_linear=0
shrinkage=0.05


Tree=40
num_leaves=31
num_cat=0
split_feature=5 5 11 11 6 14 14 14 14 10 10 12 11 10 11 12 10 10 11 13 11 11 10 11 10 14 10 12 8 14
split_gain=16.2497 8.82758 8.60153 8.21218 8.39559 6.41281 13.1546 11.7229 12.5885 12.1654 24.8115 32.8625 26.3847 12.2185 13.0532 11.8882 10.7425 11.8362 10.4941 10.2128 12.9316 10.2088 26.8646 20.2746 28.2517 43.0634 28.797 26.0745 19.6369 20.0706
threshold=0.018866876395315955 0.0088821022216757396 0.037714619913018062 0.036250382984596159 1.9490307234677389 -0.12096344977185801 -0.098691693357393515 -0.069419882954705067 -0.055141973533754989 0.0063312196970309884 0.0059300499627189538 0.026624440586497603 0.02306163879140322 0.00446494553626653 -0.0022021507151603332 0.017638476311122257 0.015605159278572868 0.017875659611307108 -0.0060160798927795791 17.454999923706058 -0.01680301263819178 -0.0043088808342565113 0.0041960795209391452 0.0035972804909069071 -0.0041401831937402647 0.079889052526069274 -0.0037750757818245657 0.048330696725207185 0.34108845155597717 1.0000000180025095e-35
decision_type=2 2 2 2 2 2 2 2 2 2 2 2 2 2 2 2 2 2 2 2 2 2 2 2 2 2 2 2 8 2
left_child=1 -1 3 4 5 -3 19 16 -9 10 13 -12 -13 21 18 -11 -8 -18 -15 -7 -21 22 -10 24 -23 27 -27 28 29 -26
right_child=-2 2 -4 -5 -6 6 7 8 9 15 11 12 -14 14 -16 -17 17 -19 -20 20 -22 23 -24 -25 25 26 -28 -29 -30 -31
leaf_value=9.7357387679922896e-05 -7.016858814633507e-05 0.00015273689614801549 0.00017080596759828497 -0.00032178819082720857 -0.00010413159292250536 1.6931584191773157e-05 0.00021968520350195274 -0.00010777723381092492 8.2493276403549718e-05 0.00039589637755903061 -0.001834450656149217 -2.7040657025457371e-05 -0.00058524024268740815 -1.8359769042040453e-05 0.00025072470483921517 5.8236767026928303e-05 -0.00064304694828947546 0.00017252412335087578 -0.00037556048547580359 4.3120695860145276e-05 -0.00036051978135724069 9.7776799270144746e-05 -0.0004358113700279256 2.9370403508887272e-05 -4.4538979959312312e-05 -0.0010033893270299759 -0.00032686015626297088 0.00023386663471294044 -0.00050984999646815153 -0.00027063931628655856
leaf_weight=17789 71555 6505 8120 928 16929 1692 12050 12028 52773 6456 622 3299 339 1147 9994 15849 491 588 352 730 1381 10046 910 70943 8211 321 850 3738 296 8327
leaf_count=17789 71555 6505 8120 928 16929 1692 12050 12028 52773 6456 622 3299 339 1147 9994 15849 491 588 352 730 1381 10046 910 70943 8211 321 850 3738 296 8327
internal_value=0.000163921 0.000339308 0.000264443 0.00021197 0.000229618 0.000308736 0.000263681 0.000314165 0.000222057 0.000319145 0.000176804 -0.00359155 -0.0017757 0.000272411 0.00184591 0.00141784 0.00176289 -0.00301668 -0.002505 -0.00265185 -0.00497158 0.000156795 0.00071559 -0.000135206 -0.00118453 -0.00219772 -0.0115243 -0.00166683 -0.00250564 -0.00227718
internal_weight=345259 273704 255915 247795 246867 229938 223433 219630 206501 194473 172168 4260 3638 167908 11493 22305 13129 1079 1499 3803 2111 156415 53683 102732 31789 21743 1171 20572 16834 16538
internal_count=345259 273704 255915 247795 246867 229938 223433 219630 206501 194473 172168 4260 3638 167908 11493 22305 13129 1079 1499 3803 2111 156415 53683 102732 31789 21743 1171 20572 16834 16538
is_linear=0
shrinkage=0.05


Tree=41
num_leaves=31
num_cat=0
split_feature=5 11 4 11 13 14 11 14 14 14 13 11 16 12 14 14 14 13 13 11 11 11 7 12 13 14 14 11 0 11
split_gain=16.057 7.53724 8.00603 7.72385 6.33985 16.3174 7.47265 6.90128 6.09433 10.2362 10.7067 12.0913 15.4414 9.73566 8.8471 8.74384 11.9184 6.82221 19.3621 12.5217 12.1932 11.5351 9.39645 7.12068 7.08592 6.1595 9.19386 17.459 9.61571 7.29445
threshold=0.018866876395315955 0.037714619913018062 0.015412377902410167 0.036250382984596159 12.325000286102297 0.035381364185180238 0.034590323148393838 -0.06305423233808731 -0.12096344977185801 -0.098691693357393515 17.454999923706058 -0.01680301263819178 -0.017003095159184464 0.012859889736704823 -0.10816573528732347 -0.069419882954705067 -0.055141973533754989 14.904999732971193 15.295000076293947 0.026646600134674018 -0.014003524534926202 -0.031453464626615406 0.0030834276472830884 0.017813200089154994 12.994999885559084 -0.013975625369978871 -0.013346627210452431 0.0071648822225269812 0.0075467744739811113 0.025601667077503779
decision_type=2 2 2 2 2 2 2 2 2 2 2 2 2 2 2 2 2 2 2 2 2 2 2 2 2 2 2 2 2 2
left_child=1 2 4 8 5 6 7 -1 13 10 14 -12 -13 -4 -10 -11 17 24 -19 20 21 -20 -21 -22 -17 29 27 28 -27 -18
right_child=-2 -3 3 -5 -6 -7 -8 -9 9 15 11 12 -14 -15 -16 16 25 18 19 22 23 -23 -24 -25 -26 26 -28 -29 -30 -31
leaf_value=-0.00034334051458332704 -6.8673450471274863e-05 0.00016114100203931564 0.00029925976118069211 -0.00034502579625380714 8.4887142857425449e-05 -0.00050427949265491995 -0.00096747778330156695 0.00018618764623199821 0.0003892097121086462 0.0001519569953947376 2.9397418738408083e-05 -0.00086419212140399597 -0.00021939876161641337 -8.3496049677597744e-05 -0.00018366538335594837 -0.00024293459537216307 4.4686713706200644e-05 -0.00060096063129006351 0.00031145587356105463 -0.0010529001796725993 7.7058441126739202e-05 -0.0005239476183694652 -0.00013687934031599448 -0.00023157008805483779 0.00013795561803943158 -0.00060733133640971206 6.7168481999823658e-06 -2.5622960111671996e-05 -0.0011461689266830577 0.00024423392639500271
leaf_weight=129 71650 8300 4993 908 31430 130 95 907 1000 13091 763 315 1097 2190 1240 871 51903 312 347 170 4530 1175 168 1818 2729 171 136760 611 105 5398
leaf_count=129 71650 8300 4993 908 31430 130 95 907 1000 13091 763 315 1097 2190 1240 871 51903 312 347 170 4530 1175 168 1818 2729 171 136760 611 105 5398
internal_value=0.000161104 0.000335567 0.000289159 0.000186212 0.00102184 -0.0024544 -0.000526083 0.000704633 0.000204244 0.000158389 -0.00222537 -0.00472414 -0.00746459 0.0016379 0.000200893 0.000206192 0.000126963 -0.00139439 -0.00216549 -0.00170078 -0.00129606 -0.00531537 -0.0111243 -0.000332388 0.000430556 0.000221546 4.02117e-05 -0.00503382 -0.015471 0.000657144
internal_weight=345306 273656 265356 232665 32691 1261 1131 1036 231757 224574 4415 2175 1412 7183 2240 220159 207068 12120 8520 8208 7870 1522 338 6348 3600 194948 137647 887 276 57301
internal_count=345306 273656 265356 232665 32691 1261 1131 1036 231757 224574 4415 2175 1412 7183 2240 220159 207068 12120 8520 8208 7870 1522 338 6348 3600 194948 137647 887 276 57301
is_linear=0
shrinkage=0.05


Tree=42
num_leaves=31
num_cat=0
split_feature=4 6 11 5 10 11 14 14 11 16 14 6 14 10 10 14 14 11 11 10 14 11 10 14 14 11 14 9 10 14
split_gain=14.6967 8.34546 7.63635 6.89293 5.83711 10.3475 5.94064 13.9295 5.69051 5.46992 6.19946 5.32753 5.04461 6.49228 14.0032 7.8893 27.486 18.335 5.66495 10.4685 5.50587 8.75689 9.56158 5.32284 6.4736 9.04649 5.9557 5.95998 5.50448 10.2835
threshold=0.030183130343217412 -0.56804647930199959 0.037714619913018062 0.010751623111525388 -0.017312000709356064 -0.017686131484892616 0.0250539094836888 0.023814289245349455 0.077392985560090458 -0.046472243502509718 0.45247854199056486 0.4004240770523752 -0.010554721432184831 -0.014256563971479506 -0.013932241848525038 0.081032983629692037 0.079889052526069274 0.0023539165511853315 -0.015698134800596782 -0.0043931743596038455 -0.0066427814256201914 0.010450415299769646 -0.00262768472957231 -0.0029443342389950384 -0.0014673976412659104 0.0053660058673883357 1.0000000180025095e-35 -0.19246632636295588 -0.0065884615881859334 0.0012810539251320032
decision_type=2 2 2 2 2 2 2 2 2 2 2 2 2 2 2 2 2 2 2 2 2 2 2 2 2 2 2 10 2 2
left_child=1 -1 3 -3 9 6 7 -6 11 10 -5 -2 -7 -14 -15 16 18 -18 19 -16 21 22 -20 -22 25 -25 -26 -28 -29 -30
right_child=8 2 -4 4 5 12 -8 -9 -10 -11 -12 -13 13 14 15 -17 17 -19 20 -21 23 -23 -24 24 26 -27 27 28 29 -31
leaf_value=6.3348137330123894e-05 -1.9127520612493608e-05 4.8576056757322004e-05 0.00018313257486676782 -0.0010154369076846794 6.2974482060664143e-05 1.8670942083599979e-05 0.00023740850107504632 -0.00049032510412113284 -0.0003336763587001607 -0.00010509125507202195 -5.8950744837112225e-05 -0.00017559897776450522 0.00019983417053002312 -0.00053411935719201999 -0.00089908746754424585 9.1759032605787333e-05 -0.00026840723881431735 -0.001134979420790348 0.0003372517348760971 6.8521843403633142e-06 0.00013703139892248255 3.8761106102851931e-05 -0.00037540076054368523 9.4699407712024497e-05 0.00017746735279901602 -0.0003892822851209309 -0.00015122044994671582 0.00021364018946328774 -0.00070415323294106564 -3.0652076844414638e-05
leaf_weight=81310 58650 46309 5163 304 7825 51543 7406 227 400 2929 238 20978 2243 707 119 7693 443 210 441 166 4336 2002 2432 574 2427 823 8803 2785 615 24966
leaf_count=81310 58650 46309 5163 304 7825 51543 7406 227 400 2929 238 20978 2243 707 119 7693 443 210 441 166 4336 2002 2432 574 2427 823 8803 2785 615 24966
internal_value=0.000167605 0.000346911 0.000160263 0.000105451 -7.837e-05 -2.38378e-05 0.00118968 0.000249628 -0.000426226 -0.0021017 -0.00671587 -0.000396343 -0.000189362 -0.000494052 -0.00059353 -0.000509475 -0.000734034 -0.0109265 -0.00060221 -0.00763158 -0.000562306 -0.00215897 -0.00392795 -0.000390589 -0.000566804 -0.00391195 -0.000448783 -0.000605477 -0.000252767 -0.000482585
internal_weight=345067 265039 183729 178566 132257 128786 15458 8052 80028 3471 542 79628 113328 61785 59542 58835 51142 653 50489 285 50204 4875 2873 45329 40993 1397 39596 37169 28366 25581
internal_count=345067 265039 183729 178566 132257 128786 15458 8052 80028 3471 542 79628 113328 61785 59542 58835 51142 653 50489 285 50204 4875 2873 45329 40993 1397 39596 37169 28366 25581
is_linear=0
shrinkage=0.05


Tree=43
num_leaves=31
num_cat=0
split_feature=5 6 14 13 9 10 12 12 11 13 5 12 12 14 8 13 14 14 13 13 13 3 11 12 14 13 10 13 13 11
split_gain=13.7952 9.56034 6.5976 9.79625 17.5565 12.3826 6.63634 13.3127 16.4327 9.78766 10.096 7.66526 9.65079 7.91405 13.6831 6.59673 6.60187 10.266 8.95322 9.57971 24.3372 8.95186 8.41662 12.3259 13.8305 13.1744 28.8221 17.7254 15.6604 17.4511
threshold=0.013298722194957703 1.5458079872453512 -0.075454415356713087 20.980000495910648 -0.38353752386011286 0.0091384647102960032 -0.067575688865902969 -0.062212447341067838 -0.014879372351697838 24.385000228881839 0.026405568449036073 -0.029694383534641874 -0.032774271648009549 -0.010052360297814309 0.078012587872499109 24.19999980926514 -0.055141973533754989 -0.024601750905799354 18.94999980926514 16.85000038146973 15.97499990463257 0.013812645266479519 -0.020508631147506503 -0.001589990637118621 -0.022343626602261631 21.389999389648441 0.0062898398934669872 19.295000076293949 17.494999885559086 0.0027845579499264921
decision_type=2 2 2 2 10 2 2 2 2 2 2 2 2 2 8 2 2 2 2 2 2 2 2 2 2 2 2 2 2 2
left_child=-1 2 3 -2 -5 -6 -4 8 -8 10 15 12 -12 14 -14 16 18 -18 19 20 -9 -22 -19 24 -24 27 -27 28 -26 -30
right_child=1 -3 6 4 5 -7 7 9 -10 -11 11 -13 13 -15 -16 -17 17 22 -20 -21 21 -23 23 -25 25 26 -28 -29 29 -31
leaf_value=4.1107281801139042e-05 0.00017734521964521402 -0.00017188272269157883 0.0002038637258496914 -0.00050191436030586848 -0.00025686978868851875 0.00020528303333361918 -0.00069797904849006574 1.0585141593075817e-05 0.00059683155449785771 0.00018890022359493056 -0.00041005999815869648 -0.00020662776645264281 -0.0033460933778231964 -0.00044301562126279826 0.00036971166223390123 -0.00048652160794073883 0.00010329252566282639 0.00014645294548604816 -0.00033540235122699134 0.00028287103565836078 -0.00077392821083783982 -0.0019988540179110047 -0.00072024319670917453 -8.1976492600999368e-06 7.0535518445350198e-06 -0.00021700545191986884 -0.0029288564735281343 0.00037858349352744595 -6.0422519762452267e-05 -0.00057645547729558275
leaf_weight=150804 12410 17682 5128 852 1655 4080 873 4519 346 8911 743 12437 109 132 46 283 25176 7876 3270 2353 967 52 362 68547 5090 2083 288 2972 2179 2362
leaf_count=150804 12410 17682 5128 852 1655 4080 873 4519 346 8911 743 12437 109 132 46 283 25176 7876 3270 2353 967 52 362 68547 5090 2083 288 2972 2179 2362
internal_value=0.000160729 -0.000118354 -7.06962e-06 0.000873033 -0.000685441 0.000309503 -0.000113492 -0.000173185 -0.00537736 -0.000131105 -0.000232082 -0.00153449 -0.00567961 -0.0134669 -0.021129 -9.54593e-05 -7.86127e-05 3.22831e-05 -0.00124048 -0.000328855 -0.00146443 -0.00844455 -0.000213112 -0.000359846 -0.00164124 -0.00140777 -0.00482708 -0.0007645 -0.00180615 -0.00394076
internal_weight=344587 193783 176101 18997 6587 5735 157104 151976 1219 150757 141846 13467 1030 287 155 128379 128096 116935 11161 7891 5538 1019 91759 83883 15336 14974 2371 12603 9631 4541
internal_count=344587 193783 176101 18997 6587 5735 157104 151976 1219 150757 141846 13467 1030 287 155 128379 128096 116935 11161 7891 5538 1019 91759 83883 15336 14974 2371 12603 9631 4541
is_linear=0
shrinkage=0.05


Tree=44
num_leaves=31
num_cat=0
split_feature=8 11 11 12 13 16 12 16 12 12 11 14 0 11 11 12 3 11 14 14 13 12 11 12 11 11 13 12 11 15
split_gain=11.4267 12.8583 15.684 12.3026 10.8816 12.8007 9.78607 9.35748 9.20325 40.7792 43.1871 46.3207 15.1041 11.015 11.4563 19.1701 15.8741 13.2543 10.7872 19.1373 22.447 28.5806 9.88243 9.54648 9.61499 14.7344 14.8484 10.5916 10.4081 10.3689
threshold=0.20995179451027904 -0.0037732110910037582 -0.0018747861561404509 -0.035504497290938457 25.960000038146976 -0.046472243502509718 -0.03832043649929328 -0.0068369999374512927 0.027544134222988518 0.027224927035168659 0.0023539165511853315 0.043755363545313626 0.0031905647610100956 0.021392341691460984 0.017632958734851271 0.015576127060618618 0.011949222149153839 0.015956065081224605 0.083482873400912663 0.060125948457031016 14.234999656677248 0.029508754762260784 0.010137995050555572 0.028292042914691121 0.0027845579499264921 0.0026239075592757737 12.325000286102297 0.057603305359047348 0.0044457003054257935 -0.0044179829384530236
decision_type=8 2 2 2 2 2 2 2 2 2 2 2 2 2 2 2 2 2 2 2 2 2 2 2 2 2 2 2 2 2
left_child=8 3 -3 4 5 -2 7 -4 9 13 -11 -12 -13 14 17 16 -16 -1 19 23 21 -21 -22 -10 25 26 29 -27 -26 -25
right_child=1 2 6 -5 -6 -7 -8 -9 18 10 11 12 -14 -15 15 -17 -18 -19 -20 20 22 -23 -24 24 28 27 -28 -29 -30 -31
leaf_value=-1.8468565550449318e-06 -0.0013582869951710981 -0.00053274327787411122 -0.0016389437327363494 0.0002196112478712892 0.00068845186485015544 -0.00024507510115262402 -0.00011843042808887079 -0.00029489750636336781 0.00039125209573749446 0.00040883611194198768 -0.00027179727314724273 -0.00095045446880412843 -0.00047141682383704551 0.00010532501678916092 -0.00025304939319791833 6.4262699282729911e-06 -0.00098946926169386426 0.00034423974793749247 0.00030663601090009555 0.00035384600703947919 0.00014306301808629041 -0.00052938998314215472 -0.00033037559939364403 -0.00048949194965814595 0.00034025360809239371 -6.041636311900356e-05 2.4694946782233252e-05 -0.0008492910458140952 5.9792785587941202e-05 -0.0001834333827709849
leaf_weight=163623 314 685 70 5582 480 984 9095 375 3332 812 837 573 248 26069 2170 4154 372 3330 5401 431 2513 1249 813 197 4542 810 21999 848 82527 1074
leaf_count=163623 314 685 70 5582 480 984 9095 375 3332 812 837 573 248 26069 2170 4154 372 3330 5401 431 2513 1249 813 197 4542 810 21999 848 82527 1074
internal_value=0.000171182 -0.00107051 -0.0022176 0.000523098 -0.00309899 -0.00547766 -0.00169287 -0.00893258 0.000237769 2.88842e-05 -0.00635627 -0.0109831 -0.0194214 0.000107852 -3.60208e-05 -0.00206392 -0.00548387 4.53123e-05 0.000573662 0.000475548 -0.00255094 -0.0072619 -0.000171377 0.000606916 0.000528452 -0.000337371 -1.28919e-05 -0.00489144 0.000776338 -0.00526751
internal_weight=345509 17585 10225 7360 1778 1298 9540 445 327924 202188 2470 1658 821 199718 173649 6696 2542 166953 125736 120335 5006 1680 3326 115329 111997 24928 23270 1658 87069 1271
internal_count=345509 17585 10225 7360 1778 1298 9540 445 327924 202188 2470 1658 821 199718 173649 6696 2542 166953 125736 120335 5006 1680 3326 115329 111997 24928 23270 1658 87069 1271
is_linear=0
shrinkage=0.05


Tree=45
num_leaves=31
num_cat=0
split_feature=6 5 10 12 10 11 11 14 11 3 11 14 11 10 14 11 12 14 12 10 11 9 14 11 11 10 11 12 10 11
split_gain=11.9622 10.5514 5.97484 10.8468 10.386 19.9446 20.4182 10.7657 10.3057 10.285 10.0693 10.5954 8.67654 13.6342 11.0525 13.3873 10.5877 11.6729 9.7921 9.16294 8.36583 10.9274 10.8951 10.6279 15.2496 26.507 27.7974 31.2416 40.4561 24.4443
threshold=2.0180282858408765 0.016901388287230243 0.00446494553626653 0.057603305359047348 0.0039443823367679718 -0.018044492725928726 0.01494126067256807 0.043755363545313626 0.031207185208580682 -0.0036151629480283272 -0.0049730820987286531 -0.10816573528732347 -0.017686131484892616 -0.011956440347234197 0.11212440385738133 -0.033420125215974254 -0.028936391066126051 0.15844695899744313 -0.067575688865902969 0.0038487263964011036 -0.011292664141508811 0.3634604699447132 -0.052338025823469685 -0.0043088808342565113 0.0035972804909069071 -0.0041401831937402647 -0.0029950214501407442 0.029341828441340815 -0.0036836018296790836 0.00036209902272010824
decision_type=2 2 2 2 2 2 2 2 2 2 2 2 2 2 2 2 2 2 2 2 2 8 2 2 2 2 2 2 2 2
left_child=1 2 4 10 12 -6 -7 -8 -5 -9 11 -4 13 14 15 -1 17 -16 -19 20 21 22 -14 -22 25 -25 -27 28 -28 -30
right_child=-2 -3 3 8 5 6 7 9 -10 -11 -12 -13 19 -15 16 -17 -18 18 -20 -21 23 -23 -24 24 -26 26 27 -29 29 -31
leaf_value=0.00033054653845414355 -0.00012452831779201357 -2.6255762007616411e-05 0.00017551118559476034 -0.00014481515432005642 -0.0004536762136020542 6.7639118013685881e-05 -0.00015752229744272269 -0.00061680386524796786 0.0001354063964750661 -0.00016987792537036459 0.00011830539109167855 -0.00010747430155519426 -0.00044801761618476298 0.00024054094483371899 0.00010560174814774901 -0.00029815391486657784 0.00025499417408348231 0.00013577157203510188 -0.00046509705443411486 0.00036860011199925255 0.00012528852487672719 -0.00026315145373804929 4.1368466089078392e-05 0.00010981322798380929 3.5637898922293357e-05 -0.0005908383178347005 -0.00094603800997233509 5.7720613287718762e-05 7.434836253313196e-05 -0.00028586853465816236
leaf_weight=705 21823 95885 2903 4444 380 4674 1561 146 1649 197 52450 8078 320 13606 1267 1626 3820 290 838 1808 20243 2989 5594 9660 67761 1665 317 9131 3360 6297
leaf_count=705 21823 95885 2903 4444 380 4674 1561 146 1649 197 52450 8078 320 13606 1267 1626 3820 290 838 1808 20243 2989 5594 9660 67761 1665 317 9131 3360 6297
internal_value=0.000171454 0.00024785 0.000433073 0.000819429 0.000263341 -0.00162547 -0.000982061 -0.00534664 -0.00119563 -0.0133673 0.00101299 -0.00036381 0.000350205 0.00126445 -0.000300725 -0.00323681 0.000800483 -0.00180585 -0.00550532 0.000193387 0.000143203 -0.00133494 -8.96177e-05 0.000254319 3.92604e-05 -0.000890568 -0.00189697 -0.00135697 -0.00329156 -0.00271461
internal_weight=345487 323664 227779 69524 158255 6958 6578 1904 6093 343 63431 10981 151297 22152 8546 2331 6215 2395 1128 129145 127337 8903 5914 118434 98191 30430 20770 19105 9974 9657
internal_count=345487 323664 227779 69524 158255 6958 6578 1904 6093 343 63431 10981 151297 22152 8546 2331 6215 2395 1128 129145 127337 8903 5914 118434 98191 30430 20770 19105 9974 9657
is_linear=0
shrinkage=0.05


Tree=46
num_leaves=31
num_cat=0
split_feature=4 14 4 9 16 8 14 10 10 14 14 9 15 14 14 12 12 12 16 10 15 15 15 12 1 10 14 10 12 12
split_gain=11.8065 7.34711 6.3909 5.44017 12.2948 6.42653 5.28645 7.97119 24.5396 10.2035 7.81442 12.0742 5.28101 5.11167 10.5528 9.94461 8.88232 15.9696 6.6529 9.00691 7.04696 10.0234 8.48116 8.85228 6.41871 5.69418 18.4307 10.6801 27.495 20.6557
threshold=0.020593742205852653 -0.075454415356713087 0.052191650944774015 -0.19246632636295588 -0.023881230101339575 inf -0.055141973533754989 0.0075908529323374116 0.0075369287617274025 -0.067390067211169233 -0.073802250117532039 0.4320358112557468 -0.0025535502855955623 -0.024601750905799354 -0.023857248245640224 0.019854443093846989 0.11925837683918029 0.12528219708767233 -0.0050442691682956444 0.00038112321022931722 -0.0031802447447634714 -0.0015077650350910352 -0.0018567627008427843 -0.018642190915216624 0.013076502473979514 -0.0030276650310187554 0.0094947984942636027 -0.0028568237545411042 0.019437474546263659 0.020704073700370865
decision_type=2 2 2 10 2 8 2 2 2 2 2 8 2 2 2 2 2 2 2 2 2 2 2 2 2 2 2 2 2 2
left_child=-1 3 6 4 5 -2 7 8 9 -3 11 12 -9 18 15 -15 25 24 19 20 -8 22 23 -22 -18 26 -16 28 -27 -30
right_child=1 2 -4 -5 -6 -7 13 10 -10 -11 -12 -13 -14 14 16 -17 17 -19 -20 -21 21 -23 -24 -25 -26 27 -28 -29 29 -31
leaf_value=4.2553534474358838e-05 -0.00035889343214334964 0.00010794531398609882 -0.00030730814224509846 0.00013034367399429399 3.3324750126262898e-05 -0.0012920216917538666 -9.0168411897171991e-05 0.00081343914433120118 -0.00076322838491353932 -0.0003091723427481843 4.535340662083421e-05 0.00036707926194397641 -0.0012653291721717176 -0.00060477128336257205 0.00033769204632381317 0.0001037781604234316 -0.0010073536500620893 -2.723829525100648e-05 0.00011431575709197071 3.5268256403375272e-05 -0.00083775915411298028 -0.00027001959760579127 -0.00090986243106739272 6.5544524918506077e-06 -0.00013716373026761815 0.00020156263303473473 -4.9236745155774943e-06 -2.3287856648214288e-05 -0.0014385669760217431 -0.00049296480145773322
leaf_weight=131571 612 2395 10055 18819 3949 125 1456 42 486 4635 8021 212 248 812 7147 446 180 636 23586 7148 178 626 73 153 105 1172 48144 70793 442 1170
leaf_count=131571 612 2395 10055 18819 3949 125 1456 42 486 4635 8021 212 248 812 7147 446 180 636 23586 7148 178 626 73 153 105 1172 48144 70793 442 1170
internal_value=0.00017915 -5.01247e-05 -0.000153104 0.000783876 -0.000740503 -0.00666893 -8.46892e-05 -0.000951119 -0.00213811 -0.00138691 9.56238e-05 -0.00595617 -0.0125862 -9.11285e-08 -0.000140522 -0.00469793 -9.63485e-05 -0.00498914 0.000553883 -0.000553249 -0.00314562 -0.00631068 -0.0124505 -0.00904834 -0.0148246 -6.13804e-05 0.000322024 -0.000349498 -0.00338721 -0.00762407
internal_weight=345437 213866 190361 23505 4686 737 180306 16039 7516 7030 8523 502 290 164267 131047 1258 129789 921 33220 9634 2486 1030 404 331 285 128868 55291 73577 2784 1612
internal_count=345437 213866 190361 23505 4686 737 180306 16039 7516 7030 8523 502 290 164267 131047 1258 129789 921 33220 9634 2486 1030 404 331 285 128868 55291 73577 2784 1612
is_linear=0
shrinkage=0.05


Tree=47
num_leaves=31
num_cat=0
split_feature=5 10 14 11 11 11 10 10 13 10 8 14 16 13 10 16 13 11 13 11 13 13 10 10 14 13 16 14 11 13
split_gain=13.0531 7.44731 8.4281 9.7248 6.84954 13.0659 9.14098 19.8188 11.8748 10.8541 8.91816 8.91596 12.6602 8.66932 12.6085 10.9246 8.38607 8.28193 14.087 15.0836 46.5358 27.7553 18.8737 13.0426 19.032 13.9348 12.4552 10.7809 8.98617 8.26968
threshold=0.021771095103741946 -0.029463592833469218 0.45247854199056486 -0.022762768939498131 -0.019741563271709391 -0.019470544482977133 0.0033239655967035602 0.0059551342576112951 20.900000572204593 -0.0077842140185122579 0.34108845155597717 0.0250539094836888 -0.025999736832908123 16.510000228881839 -0.0066846188692691313 -0.017407192905137255 46.145000457763679 0.0035972804909069071 12.325000286102297 0.0023539165511853315 14.97499990463257 15.97499990463257 0.0018959209960176528 -0.0032212946186138121 -0.027300254032733503 16.425000190734867 -0.018776281503905753 -0.055141973533754989 -4.6336307806593695e-05 13.34500026702881
decision_type=2 2 2 2 2 2 2 2 2 2 8 2 2 2 2 2 2 2 2 2 2 2 2 2 2 2 2 2 2 2
left_child=1 2 3 -1 6 13 9 8 -8 11 17 12 -3 15 -15 -6 -11 18 28 29 27 22 -22 -23 -25 -26 -27 -21 -7 -20
right_child=-2 4 -4 -5 5 10 7 -9 -10 16 -12 -13 -14 14 -16 -17 -18 -19 19 20 21 23 -24 24 25 26 -28 -29 -30 -31
leaf_value=-0.0010167307492549317 -9.6758037562249329e-05 5.0630648209149261e-05 -1.4990890185448674e-05 0.0010849135311349239 -0.0013358006786595338 0.00016809896307175509 -0.00049410141137084867 0.00018287122394399573 -0.00020778757274559197 0.0003249641716355169 -0.00010562583863180111 9.555451129608605e-05 -0.00041672066462297729 -0.00046504346865804293 0.00014516081307969027 -0.00040012927777015729 -0.00044710220034205892 4.6300507516942311e-05 -9.1820079023677032e-05 -0.00019044284239973729 -0.00094579197356561926 9.1735261941052536e-05 -0.000590740886734524 -6.0295411834299198e-05 0.00032138116451260409 0.00025835885415160755 -0.00068426965546978819 0.00022768356264399629 -0.00033804412713238558 3.6802709367487254e-05
leaf_weight=329 44682 824 694 92 161 382 401 3373 1740 10545 7975 12010 593 396 802 220 249 153821 6343 767 388 1445 722 2036 383 207 1700 5155 791 85997
leaf_count=329 44682 824 694 92 161 382 401 3373 1740 10545 7975 12010 593 396 802 220 249 153821 6343 767 388 1445 722 2036 383 207 1700 5155 791 85997
internal_value=0.000170948 0.000289495 -0.00378924 -0.00937055 0.000304683 0.000225277 0.00102489 -0.000812477 -0.00457496 0.00144317 0.000251984 0.000494154 -0.00325688 -0.00430969 -0.00222037 -0.0108793 0.00262368 0.000302475 -3.6871e-05 2.392e-05 -0.00158439 -0.0043809 -0.0116216 -0.00298822 -0.004362 -0.00748908 -0.00923702 0.00166498 -0.00548593 0.000246914
internal_weight=345223 300541 1115 421 299426 269691 29735 5514 2141 24221 268112 13427 1417 1579 1198 381 10794 260137 106316 105143 12803 6881 1110 5771 4326 2290 1907 5922 1173 92340
internal_count=345223 300541 1115 421 299426 269691 29735 5514 2141 24221 268112 13427 1417 1579 1198 381 10794 260137 106316 105143 12803 6881 1110 5771 4326 2290 1907 5922 1173 92340
is_linear=0
shrinkage=0.05


Tree=48
num_leaves=31
num_cat=0
split_feature=5 4 14 12 14 13 14 10 0 14 9 10 13 16 14 12 12 12 10 14 10 10 10 3 12 14 13 13 13 8
split_gain=10.9462 6.63834 5.70223 10.8047 7.06261 8.37279 7.83841 7.72295 6.95533 6.95007 5.80526 5.44156 8.11186 8.66333 7.62516 6.56375 12.5346 6.21604 8.28351 11.9252 17.11 12.2805 28.4368 14.8069 9.70301 9.60115 17.4015 13.2501 8.61685 7.44129
threshold=0.018150694417881395 0.013782567417421414 -0.12096344977185801 0.012859889736704823 -0.098691693357393515 17.454999923706058 -0.083456210331023115 0.020281918733708996 0.063708639409957427 -0.10816573528732347 0.1704979199934801 -0.029463592833469218 25.19999980926514 -0.080885148929532455 0.45247854199056486 -0.05793872793170584 -0.052281358654850445 0.032942550894698559 0.0095301201573585476 -0.048201737040391705 0.0018675252252127186 0.0063312196970309884 0.0062898398934669872 -0.0025959886985331688 0.032443488096438274 -0.058338426802945646 18.94999980926514 16.355000495910648 22.330000877380375 0.026191948568408677
decision_type=2 2 2 2 2 2 2 2 2 2 8 2 2 2 2 2 2 2 2 2 2 2 2 2 2 2 2 2 2 10
left_child=1 -1 3 -3 5 9 -6 -7 10 -4 -5 14 13 -13 -8 -15 -17 18 19 20 -18 22 -21 29 -20 26 -22 -27 -29 -24
right_child=-2 2 4 8 6 7 11 -9 -10 -11 -12 12 -14 15 -16 16 17 -19 24 21 25 -23 23 -25 -26 27 -28 28 -30 -31
leaf_value=9.8155013944769653e-05 -4.3260003762388366e-05 0.00027937345289927518 0.00035244422875884752 -0.00011954395930152884 0.00024067543439927662 -0.0002863681121032323 -0.00085574706317568324 0.00080171790984255174 -0.00080227086168628862 -0.00012060125820060634 0.00035543862301148818 -0.002167540463278269 0.00023086659637462995 0.00030886595324362571 -2.8586537317081169e-05 -0.00046205313252220499 0.0003067139404885486 5.1535357198147133e-05 0.00017304127383820401 -1.8683499511606188e-06 5.5898432550844046e-05 0.0001985335196474922 -0.0027402681871185005 0.00041684901412479482 -0.00034356560236660787 -0.00034330499909950539 -0.00036697514224702608 -1.8339318364813165e-05 -0.00042144914803009015 -0.0017933733118049241
leaf_weight=13672 81480 5362 1010 1615 5731 1880 290 233 61 1586 546 80 5314 2005 553 340 1996 73722 10072 118729 4879 7022 156 83 288 2950 1369 2376 222 47
leaf_count=13672 81480 5362 1010 1615 5731 1880 290 233 61 1586 546 80 5314 2005 553 340 1996 73722 10072 118729 4879 7022 156 83 288 2950 1369 2376 222 47
internal_value=0.000183254 0.000339511 0.000280959 0.00163107 0.000238811 -0.0016787 0.000276715 -0.00401562 -0.00130063 0.000223421 -0.000830634 0.000231685 0.000246277 0.00020094 -0.00377817 0.000206757 0.000181293 0.000195859 1.1286e-05 -8.97881e-05 -0.00148564 6.29579e-05 -5.69254e-05 -0.0158042 0.00137548 -0.00221007 -0.000865877 -0.00372386 -0.00112009 -0.0230788
internal_weight=345669 264189 250517 7584 242933 4709 238224 2113 2222 2596 2161 232493 231650 226336 843 226256 224251 223911 150189 139829 13792 126037 119015 286 10360 11796 6248 5548 2598 203
internal_count=345669 264189 250517 7584 242933 4709 238224 2113 2222 2596 2161 232493 231650 226336 843 226256 224251 223911 150189 139829 13792 126037 119015 286 10360 11796 6248 5548 2598 203
is_linear=0
shrinkage=0.05


Tree=49
num_leaves=31
num_cat=0
split_feature=6 5 5 12 10 10 10 16 10 14 10 16 15 6 12 12 14 16 15 9 14 14 10 14 14 14 8 12 12 14
split_gain=10.2732 8.45092 6.25044 6.31066 6.05426 7.60743 10.4849 9.72957 5.82303 9.04736 24.0638 5.7677 7.24194 5.51391 5.49964 9.12256 6.53133 6.78709 6.02235 5.43933 5.33747 5.33838 8.59003 6.14817 6.27519 11.0073 11.8089 8.70742 8.43314 8.46655
threshold=0.061000112037309866 0.020386684884783058 0.013258715921388978 -0.075828258528587975 -0.017312000709356064 -0.015213589282174643 -0.013932241848525038 -0.080885148929532455 -0.0042976015384410529 0.077019604552505241 -0.0037750757818245657 -0.015159278880170378 -0.01344076143370415 2.0180282858408765 -0.0075921435528307204 -0.067575688865902969 0.23397195059943568 0.01490395011719692 0.0082812375928682531 0.024533491567575453 -0.069419882954705067 -0.055141973533754989 0.012115371045727909 -0.029810288463271824 -0.0059106162699663059 -0.0083108400172760537 -0.20408910937163291 0.022857145298187723 -0.015238336208515888 -0.012079756674524154
decision_type=2 2 2 2 2 2 2 2 2 2 2 2 2 2 2 2 2 2 2 10 2 2 2 2 2 2 10 2 2 2
left_child=2 4 -1 -4 14 -6 7 -7 -8 13 19 -9 -13 -10 15 -2 17 -17 -16 -11 -5 22 -22 -23 25 28 -27 -28 29 -25
right_child=1 -3 3 20 5 6 8 11 9 10 -12 12 -14 -15 18 16 -18 -19 -20 -21 21 23 -24 24 -26 26 27 -29 -30 -31
leaf_value=4.9545950422981155e-05 0.00010472227570825507 -0.00018984380713883949 0.00035050213114285378 9.5758977497028145e-05 0.00022358517666694767 -0.0029893223841187581 7.2987402638625739e-05 -1.6656465737964882e-05 7.2560407983161276e-06 -0.00053109008492356938 -0.0001029920896615206 -0.0012123527611807596 -0.00032352750030407393 -0.00013327409912105418 0.00012363198919007579 -0.0001915897447697766 -0.00059044137818953582 -0.00089125142108574811 -0.0012379273904930762 -0.00094180831705061659 -0.0002476693292788338 0.00010199811045740701 0.00017463020490871494 -0.00011976533642834103 1.3223216517385467e-05 -0.00056581947411535707 -0.00052165570217886995 -1.2288693474295025e-05 1.0106827237642927e-05 -0.0015617171428019036
leaf_weight=91565 553 18814 2690 15341 3908 58 20840 696 66130 97 1707 160 558 11788 1510 827 500 55 58 129 5221 17428 1548 3601 59982 203 1078 1391 15987 814
leaf_count=91565 553 18814 2690 15341 3908 58 20840 696 66130 97 1707 160 558 11788 1510 827 500 55 58 129 5221 17428 1548 3601 59982 203 1078 1391 15987 814
internal_value=0.000151881 -0.000202589 0.00036175 0.00013226 -3.4497e-05 3.30441e-05 -4.97732e-05 -0.00423913 1.14709e-05 -0.000182778 -0.00356182 -0.00341584 -0.00655989 -9.895e-05 -0.00207965 -0.00386305 -0.00603473 -0.00344671 0.000121174 -0.0188938 7.96941e-05 -4.50801e-05 -0.0014042 4.64752e-05 -0.000132681 -0.000833405 -0.00385105 -0.00289793 -0.000438192 -0.00237259
internal_weight=345237 128388 216849 125284 109574 106071 102163 1472 100691 79851 1933 1414 718 77918 3503 1935 1382 882 1568 226 122594 107253 6769 100484 83056 23074 2672 2469 20402 4415
internal_count=345237 128388 216849 125284 109574 106071 102163 1472 100691 79851 1933 1414 718 77918 3503 1935 1382 882 1568 226 122594 107253 6769 100484 83056 23074 2672 2469 20402 4415
is_linear=0
shrinkage=0.05


Tree=50
num_leaves=31
num_cat=0
split_feature=6 5 13 11 13 11 14 11 11 11 14 14 13 13 11 11 11 0 1 15 11 3 9 11 13 15 0 0 11 11
split_gain=9.4642 7.73096 5.51335 7.16804 10.3002 9.49154 24.5204 23.1385 8.93956 8.78176 6.95105 6.93519 5.96453 19.4385 32.544 9.20286 23.0269 8.72196 7.34363 8.15031 5.90898 5.773 5.63352 5.37762 5.26134 5.20833 6.28592 5.20185 6.03545 4.88423
threshold=-0.084094556479300156 0.020386684884783058 14.614999771118166 0.0023539165511853315 12.434999942779543 0.012074019217671263 0.077019604552505241 0.012491496694062467 0.0017027374423115307 1.0000000180025095e-35 -0.10816573528732347 -0.049354087797768446 15.00500011444092 14.904999732971193 -0.0037732110910037582 0.011605230504387444 0.00081108963534770606 0.0073965835560845248 -0.026211047634086323 -0.0014469919125140172 -0.010447917606839994 -0.0051464533424656614 0.2525925178284702 0.077392985560090458 31.844999313354496 -0.00085725653071494479 0.015869571074792369 -0.013879081409106873 -0.022762768939498131 0.010681945196443056
decision_type=2 2 2 2 2 2 2 2 2 2 2 2 2 2 2 2 2 2 2 2 2 2 10 2 2 2 2 2 2 2
left_child=2 -2 3 4 9 10 7 -7 11 -1 -5 -6 13 14 18 16 -15 -18 19 -4 -13 -10 -16 24 27 -8 -27 28 -14 -29
right_child=1 -3 12 5 8 6 25 -9 21 -11 -12 20 23 15 22 -17 17 -19 -20 -21 -22 -23 -24 -25 -26 26 -28 29 -30 -31
leaf_value=-0.00010260059108184016 5.9253424140800895e-07 -0.00016026273223967524 -0.0017454964539348054 -0.00016582483761544994 0.00053173335941033922 -0.00035678651466383986 -0.00095654550985594668 8.5388741680815427e-05 -0.00058829321129773955 -0.00049559724558415671 0.00020911494306896162 0.0002644536796011122 0.00017491725960488074 -7.5226254162197772e-05 0.00013876018432789415 -9.1740998242358999e-05 -0.00046105068876353141 -0.0013682669606644485 -0.00045093282621104752 -0.0002975226460880832 -2.5442717965447912e-05 -0.0002104455184794952 -0.00046774369860331843 -0.00031148794200834822 0.00060580222112362669 -0.00022224618111076657 -0.0010292494324265614 1.7065671391494876e-05 -8.5756380922323453e-05 8.2612075943297089e-05
leaf_weight=663 127321 21973 92 266 1136 833 54 23759 102 277 15435 1763 2813 684 6718 1174 466 226 435 70 9630 679 469 388 1281 174 42 76151 14857 36321
leaf_count=663 127321 21973 92 266 1136 833 54 23759 102 277 15435 1763 2813 684 6718 1174 466 226 435 70 9630 679 469 388 1281 174 42 76151 14857 36321
internal_value=0.000156707 -0.000143542 0.000384295 0.000810301 -0.000154386 0.0011492 0.000541389 0.000705921 0.000202855 -0.00521277 0.00211165 0.000526379 0.000220022 -0.000936714 0.000304471 -0.00472549 -0.0075 -0.0139306 -0.0109129 -0.02 0.00015492 -0.0049872 0.00123626 0.00031071 0.000328063 -0.0144444 -0.0109722 0.000296676 -0.000500849 0.000421972
internal_weight=346252 149294 196958 54813 14250 40563 24862 24592 13310 940 15701 12529 142145 10334 7784 2550 1376 692 597 162 11393 781 7187 131811 131423 270 216 130142 17670 112472
internal_count=346252 149294 196958 54813 14250 40563 24862 24592 13310 940 15701 12529 142145 10334 7784 2550 1376 692 597 162 11393 781 7187 131811 131423 270 216 130142 17670 112472
is_linear=0
shrinkage=0.05


Tree=51
num_leaves=31
num_cat=0
split_feature=5 5 11 11 14 14 2 0 15 13 4 10 12 11 15 10 12 13 15 11 13 11 10 11 14 3 11 9 16 4
split_gain=9.32666 6.996 6.16032 5.68294 12.2825 10.0071 7.43821 5.84502 5.62408 5.06699 4.93941 4.73463 9.40384 6.79641 6.70767 5.94178 6.10917 9.60698 10.9239 6.77354 6.10288 6.10257 5.65066 16.5453 13.5892 6.07605 6.00687 4.77092 4.69225 4.65279
threshold=0.013132752211930686 0.049381393987488427 0.029850216703313229 0.02752921867583458 -0.037374592254897913 -0.0054293361358405115 0.083364601940585384 0.011081125680952876 -0.022008147772138106 12.00999975204468 0.013253182221549377 0.00446494553626653 0.057603305359047348 0.031207185208580682 -0.0093077823737642267 0.010636898013684839 0.032443488096438274 15.784999847412111 0.0051698136970876893 -0.01283064829549274 21.295000076293949 -0.019470544482977133 0.0039443823367679718 -0.018044492725928726 0.043755363545313626 -0.0067081841299860825 0.01494126067256807 0.081843575596739507 0.010122907545353168 0.019392926506117372
decision_type=2 2 2 2 2 2 2 2 2 2 2 2 2 2 2 2 2 2 2 2 2 2 2 2 2 2 2 8 2 2
left_child=9 2 3 -2 -5 6 -6 -7 -4 -1 -11 22 15 14 -14 -13 19 -18 27 21 -21 -17 -12 -24 26 -26 -25 29 -23 -19
right_child=1 -3 8 4 5 7 -8 -9 -10 10 11 12 13 -15 -16 16 17 18 -20 20 -22 28 23 24 25 -27 -28 -29 -30 -31
leaf_value=-0.00018897218442934658 -1.0162607306491891e-05 -0.00093186105804569453 -0.00063516698899387892 0.00040282895408803805 -0.0012460206078432079 -8.8215193710716895e-05 -0.0052845159136244782 -0.00049221621708431891 9.2936589017173177e-05 0.0001093325230175484 2.1153996681019518e-05 0.00012061757476588268 -0.00041561576878179466 0.00014006158760303166 -0.00012603563290366094 0.00018504934768494893 -3.3786463636992444e-05 -0.00054907059860463323 -8.5532645832275104e-05 0.00013855737332620682 -0.00022359247248526196 -0.00038668426457201142 -0.00060057852765015539 0.00011497794722926468 -0.00068323662494889064 -0.00024213478121110004 -0.00013891844859377974 -0.00016978060171143024 -0.00056517539546551581 -0.00047867408289827413
leaf_weight=970 176482 1374 236 863 194 1055 133 525 18973 9386 90266 28170 41 670 2417 325 1811 113 319 5913 278 387 241 2673 42 403 895 44 50 41
leaf_count=970 176482 1374 236 863 194 1055 133 525 18973 9386 90266 28170 41 670 2417 325 1811 113 319 5913 278 387 241 2673 42 403 895 44 50 41
internal_value=0.00015277 -6.89317e-05 -4.43158e-05 -0.000135507 -0.00238267 -0.00462244 -0.0125841 -0.00297468 0.000806653 0.000457358 0.000481538 0.000404481 0.000856231 -0.00177749 -0.0029943 0.00107621 -2.10105e-05 -0.00223797 -0.00824952 0.000721272 0.00126878 -0.00372703 0.000210538 -0.00157029 -0.00080613 -0.00904494 0.000221413 -0.0174747 -0.00758581 -0.0216234
internal_weight=345290 199835 198461 179252 2770 1907 327 1580 19209 145455 144485 135099 40579 3128 2458 37451 9281 2328 517 6953 6191 762 94520 4254 4013 445 3568 198 437 154
internal_count=345290 199835 198461 179252 2770 1907 327 1580 19209 145455 144485 135099 40579 3128 2458 37451 9281 2328 517 6953 6191 762 94520 4254 4013 445 3568 198 437 154
is_linear=0
shrinkage=0.05


Tree=52
num_leaves=31
num_cat=0
split_feature=5 13 14 14 10 4 10 12 14 14 12 14 10 10 13 1 14 10 10 13 13 0 13 13 14 0 16 10 1 10
split_gain=9.20763 6.05848 7.6769 6.14295 10.2361 5.99824 5.83489 8.90578 11.5827 31.2304 11.3929 15.1482 25.649 16.8218 14.9658 14.176 13.0412 12.1309 18.3542 11.2317 13.1203 11.0649 10.525 32.459 17.1625 12.8294 10.852 10.2961 8.69601 8.41728
threshold=0.021771095103741946 19.115000724792484 -0.06112324665451873 -0.056340529311790281 0.0075908529323374116 0.013782567417421414 -0.017312000709356064 -0.027412641456853678 0.02729978908146902 0.019226293465225867 -0.014290771365627284 -0.071225645536492452 -0.0012648556783600438 0.0046996475927222345 19.085000038146976 0.0055285099339740249 -0.046520346015414375 -0.012508695077667052 -0.014256563971479506 21.555000305175785 21.134999275207523 -0.0064983330821932186 21.430000305175785 21.724999427795414 -0.028247300750300127 0.0019840908081435464 -0.057844844576566128 0.020281918733708996 0.016978932585176802 -7.490452526071055e-05
decision_type=2 2 2 2 2 2 2 2 2 2 2 2 2 2 2 2 2 2 2 2 2 2 2 2 2 2 2 2 2 2
left_child=5 2 -2 4 -4 -1 -7 8 9 22 11 -9 17 14 15 29 -15 18 -13 20 -12 -20 26 25 27 -24 -8 -25 -27 -14
right_child=1 -3 3 -5 -6 6 7 10 -10 -11 19 12 13 16 -16 -17 -18 -19 21 -21 -22 -23 23 24 -26 28 -28 -29 -30 -31
leaf_value=8.6636365192709056e-05 0.0001547027790031875 2.2693728260147348e-05 -0.0012442956698163025 -0.00021433404271071368 0.00016121741891770877 -0.0001055287461205532 -0.00092391777514485782 0.00018941265882529493 0.00027966726246084748 -0.00036412141941703725 1.7710995945229673e-05 3.9698882884676553e-05 0.00016173308401198878 -0.00039264511579437296 -0.00015465418967649226 -0.00028928236394129889 0.0001433010725071903 0.00014715387477151636 -0.0010354410203561521 0.00027461203362965725 -0.00019630309346928057 -0.00012842403429841353 -0.00047093804537828274 -0.00025407116118020197 0.00039227651601553108 -0.0027476607732527421 0.00016881550290691165 0.00032838343474811074 -0.00083827961865004822 -0.00068561293703277141
leaf_weight=13685 3747 20234 313 20118 237 6167 225 3541 10329 1103 221831 1454 103 740 1934 1410 1829 4989 471 6307 2316 295 110 3695 2621 180 12951 1114 61 1135
leaf_count=13685 3747 20234 313 20118 237 6167 225 3541 10329 1103 221831 1454 103 740 1934 1410 1829 4989 471 6307 2316 295 110 3695 2621 180 12951 1114 61 1135
internal_value=0.000154745 -0.000515241 -0.00104546 -0.00142297 -0.00663636 0.000254262 0.000205482 0.000238901 0.00101871 0.000371714 0.000137203 -0.00107787 -0.00180014 -0.00392183 -0.00573767 -0.00817976 -0.000683145 0.000304481 -0.00277027 0.000231587 0.000173034 -0.00903394 0.000803312 -0.0006548 4.71065e-05 -0.0155128 0.00166439 -0.00172697 -0.021971 -0.012084
internal_weight=345245 44649 24415 20668 550 300596 286911 280744 32389 22060 248355 17901 14360 7151 4582 2648 2569 7209 2220 230454 224147 766 20957 7781 7430 351 13176 4809 241 1238
internal_count=345245 44649 24415 20668 550 300596 286911 280744 32389 22060 248355 17901 14360 7151 4582 2648 2569 7209 2220 230454 224147 766 20957 7781 7430 351 13176 4809 241 1238
is_linear=0
shrinkage=0.05


Tree=53
num_leaves=31
num_cat=0
split_feature=6 5 11 5 15 11 11 16 10 11 11 11 10 10 1 10 14 11 11 0 16 11 11 9 1 3 11 11 14 10
split_gain=9.79857 8.07388 6.19581 6.56218 5.33526 6.11411 6.02514 8.78016 8.68669 5.69502 7.63594 5.70036 6.61338 5.36285 5.6643 5.31841 6.82661 5.88718 25.5461 14.6652 5.18988 6.62491 5.74537 5.30138 5.13575 5.11912 4.96248 5.68388 6.62776 14.6283
threshold=-0.36983277750885074 0.011249602455396598 0.037714619913018062 0.034029371320075677 -0.039305098541580145 -0.017686131484892616 -0.026323618530511902 0.033071553365151003 0.00048355916176134889 -0.011292664141508811 -0.010447917606839994 -0.011813269287442195 0.011920444986762148 0.0091384647102960032 -0.031482346209920291 -0.0077842140185122579 -0.010554721432184831 0.0084762607672295171 0.0091019822065614448 -0.01333465990777266 -0.080885148929532455 -0.040606283895635913 -0.055970662091911087 -0.048735697880724231 0.059405943917979272 -0.0015718404481697699 -0.00737805067741537 0.0035972804909069071 0.060125948457031016 -0.0041401831937402647
decision_type=2 2 2 2 2 2 2 2 2 2 2 2 2 2 2 2 2 2 2 2 2 2 2 10 2 2 2 2 2 2
left_child=25 -2 3 4 20 6 7 8 24 11 -11 -7 -13 14 -10 17 -17 -12 19 -19 -3 22 -22 -24 -6 -1 -18 28 -28 -30
right_child=1 2 -4 -5 5 9 -8 -9 13 10 15 12 -14 -15 -16 16 26 18 -20 -21 21 -23 23 -25 -26 -27 27 -29 29 -31
leaf_value=6.4661183977022025e-06 3.5242018700607569e-05 0.00017342380289477236 0.00011808453296206279 -0.0005164323540638989 6.7778400742213204e-05 -9.7616834173057718e-05 0.00014746952897735899 -0.00092199446809493834 -0.0006549687531354529 0.00040397004499134341 0.00016337418697756232 -0.00051766950124973313 0.00070333323935771767 8.30828444414594e-06 -0.00025547712173006461 -1.2430942875980941e-06 0.00016222725196460232 -0.0018590765926653292 7.3002647914653071e-05 -0.00027025836980231697 -0.00021494974417261543 -8.0571398758904258e-05 -0.00097472335123980247 -0.0013843339599087156 -0.00051337825105543685 6.1202777481155033e-05 -0.00011941865249216258 -5.6770355649603612e-05 -0.00016242471143362728 -0.00053328322544239453
leaf_weight=51683 49305 335 6569 3751 7799 7540 12167 40 591 1345 6956 1095 232 785 648 49721 2281 157 1660 139 168 433 169 97 144 94145 11364 31041 2086 1024
leaf_count=51683 49305 335 6569 3751 7799 7540 12167 40 591 1345 6956 1095 232 785 648 49721 2281 157 1660 139 168 433 169 97 144 94145 11364 31041 2086 1024
internal_value=0.000170782 -5.68015e-05 -0.000238896 -0.000307509 -0.000252219 -0.000223499 0.000537567 -0.00037124 -0.000277415 -0.000368181 -0.000267968 -0.00158622 -0.00460814 -0.00320158 -0.0052502 -0.00031528 -0.000422131 0.000853905 -0.00156953 -0.0151014 -0.00356905 -0.0056113 -0.00997696 -0.0145489 0.000467708 0.000482349 -0.000848816 -0.000962869 -0.00178112 -0.00382637
internal_weight=345470 199642 150337 143768 140017 138815 22174 10007 9967 116641 107774 8867 1327 2024 1239 106429 97517 8912 1956 296 1202 867 434 266 7943 145828 47796 45515 14474 3110
internal_count=345470 199642 150337 143768 140017 138815 22174 10007 9967 116641 107774 8867 1327 2024 1239 106429 97517 8912 1956 296 1202 867 434 266 7943 145828 47796 45515 14474 3110
is_linear=0
shrinkage=0.05


Tree=54
num_leaves=31
num_cat=0
split_feature=6 4 13 13 4 10 11 11 13 16 11 11 11 9 10 10 12 10 13 10 11 12 14 4 12 11 9 12 12 11
split_gain=9.28715 6.2429 6.16635 5.85095 5.02668 4.85181 4.86878 4.70936 7.66825 9.88875 5.77731 8.76275 11.2181 9.99229 9.62378 10.2129 12.6299 22.9126 26.1864 8.48593 16.2158 9.25696 8.2738 8.00291 7.9967 10.8109 15.8737 18.8373 10.4569 8.37354
threshold=1.7595871777546079 0.030183130343217412 12.00999975204468 33.719999313354499 0.015020475611650404 -0.029463592833469218 0.077392985560090458 0.025601667077503779 18.214999198913578 0.011225557582320246 -0.017686131484892616 -0.011292664141508811 -0.010447917606839994 0.3634604699447132 -0.0077842140185122579 0.0038487263964011036 -0.012168103513504501 -7.490452526071055e-05 22.429999351501468 -0.007321192598677361 -0.016157928863008927 -0.0063801556439739273 -0.037778052319122728 0.02122310217932424 0.054737000046613422 0.023488244118780924 0.0192918616332074 0.018290982479416521 0.097812767762991762 -0.0038922440129086073
decision_type=2 2 2 2 2 2 2 2 2 2 2 2 2 8 2 2 2 2 2 2 2 2 2 2 2 2 8 2 2 2
left_child=1 2 -1 5 -4 -3 -7 10 -9 -10 -6 13 -13 -12 -14 16 17 22 -19 20 -15 -21 23 -16 25 29 -27 -28 -26 -18
right_child=-2 3 4 -5 7 6 -8 8 9 -11 11 12 14 19 15 -17 24 18 -20 21 -22 -23 -24 -25 28 26 27 -29 -30 -31
leaf_value=-0.0002005922731133821 -9.1466292513135358e-05 -0.0011536833670345106 6.707525817695634e-05 0.00045308725457760419 8.2949158527248045e-05 -2.2426431485919384e-05 -0.0003006069856236107 0.00012979404491803077 -0.00028457680366574407 4.0013453449810908e-05 -2.2875780996740075e-05 0.00037837837394424939 0.00012698724418956962 -0.00079370647718566818 -0.001026493693151791 4.805778907481225e-05 9.1587493288334932e-05 -0.00054015836391713644 0.00038810408121578329 -0.00038910076192907281 -0.000250021826460206 7.1317658710498143e-05 3.1310193079952719e-05 -0.00039186440493295128 0.00021632052141716898 -0.0014266503853566997 -0.00063360574833927724 5.5776567786126074e-05 -0.00013434179547043722 -3.8843497616563184e-05
leaf_weight=1418 27084 205 25200 2024 25587 71125 395 17058 998 4198 8720 2479 12039 299 44 55008 10781 1737 476 574 1198 1184 3485 136 7179 124 271 751 2064 61510
leaf_count=1418 27084 205 25200 2024 25587 71125 395 17058 998 4198 8720 2479 12039 299 44 55008 10781 1737 476 574 1198 1184 3485 136 7179 124 271 751 2064 61510
internal_value=0.000156667 0.000232305 0.000353921 -0.000170917 0.000373098 -0.00024573 -0.000223713 0.000295778 0.000984992 -0.00069669 0.000217383 0.000111991 0.000210774 -0.00119207 0.000157611 4.37431e-05 -0.000288624 -0.00252807 -0.00654541 -0.00355607 -0.00632264 -0.00120023 -0.000102319 -0.0105556 -0.000129414 -0.000303866 -0.00512216 -0.00307241 0.00125663 -0.000227483
internal_weight=345351 318267 244518 73749 243100 71725 71520 217900 22254 5196 195646 170059 158084 11975 155605 143566 88558 5878 2213 3255 1497 1758 3665 180 82680 73437 1146 1022 9243 72291
internal_count=345351 318267 244518 73749 243100 71725 71520 217900 22254 5196 195646 170059 158084 11975 155605 143566 88558 5878 2213 3255 1497 1758 3665 180 82680 73437 1146 1022 9243 72291
is_linear=0
shrinkage=0.05


Tree=55
num_leaves=31
num_cat=0
split_feature=6 9 14 14 10 7 10 10 14 3 12 12 14 10 12 10 9 14 10 14 10 4 12 10 12 12 4 10 10 14
split_gain=8.02882 6.25629 4.9848 10.4635 15.0329 8.67413 7.525 27.8765 37.4233 25.9419 18.6904 16.9027 14.1867 13.1176 21.3297 13.0721 22.7859 16.7794 35.2083 20.2157 16.5318 14.9317 12.5693 12.2916 12.0245 25.0654 11.0354 10.5304 21.5128 10.0513
threshold=1.9490307234677389 0.32451047090223512 -0.069419882954705067 -0.05546753287916955 0.011833675502069931 -0.086595158975560124 0.0063312196970309884 0.0059300499627189538 -0.012079756674524154 -0.0082901587516947522 0.04846927459620843 0.044456917101200373 -0.040461984062780003 -0.00015910001783137059 0.11925837683918029 -0.0012648556783600438 -0.33069970981163166 -0.0017400209240098772 0.0010681623083543814 0.0077821201147358918 0.00097851086285993837 0.018090406805489824 0.015576127060618618 0.00446494553626653 -0.026063395053075141 -0.015238336208515888 0.024212936191934393 -0.00045040499871334955 -0.00032910351187348525 -0.007258231789176727
decision_type=2 10 2 2 2 2 2 2 2 2 2 2 2 2 2 2 10 2 2 2 2 2 2 2 2 2 2 2 2 2
left_child=1 2 -1 4 5 -4 7 11 -9 -10 -8 15 26 14 27 -5 17 29 20 -20 22 -22 -19 24 -18 -26 -12 -13 -29 -17
right_child=-2 -3 3 6 -6 -7 10 8 9 -11 12 13 -14 -15 -16 16 23 18 19 -21 21 -23 -24 -25 25 -27 -28 28 -30 -31
leaf_value=8.0121797195261451e-05 -9.669640033828017e-05 -0.00013930271895355338 -0.0010960843649693104 4.037258254332235e-05 0.00015003489384797267 -0.00013322051949988433 0.00015480610825536234 2.1018066640259027e-05 -0.003108741812723935 -0.00040439614997017425 -0.00058859351827737067 8.6893353878595884e-05 -4.9371080133792463e-05 0.00021180341094740565 -0.00049893759924645137 -0.00010483671547154967 0.00036819710120378077 -0.00048553171706435053 -0.00028697177027551938 0.00021023770053381287 -0.00036434176187727938 -0.0012016391391437419 9.6350180076498835e-05 0.00016484257244137117 -0.00036286622694708178 -1.3284915212076552e-05 -0.0025330304922425496 -0.00075042379727026148 0.00010185118341949557 0.00045471334061228624
leaf_weight=34988 23023 11685 359 100528 4327 11396 24197 3176 315 2009 284 12098 6452 20452 741 10469 2778 2094 1286 2492 180 236 461 9845 2307 54717 76 378 808 1265
leaf_count=34988 23023 11685 359 100528 4327 11396 24197 3176 315 2009 284 12098 6452 20452 741 10469 2778 2094 1286 2492 180 236 461 9845 2307 54717 76 378 808 1265
internal_value=0.000157807 0.000222225 0.000264938 0.000193598 -0.00104402 -0.0019715 0.000270255 0.000171124 -0.00334545 -0.00816695 0.00100116 0.000257804 -0.00131239 0.00127578 9.80394e-05 7.17703e-05 -0.000372745 -0.0019334 -0.00391984 -0.000717311 -0.00799226 -0.0172356 -0.00648728 4.14234e-05 -0.000228086 -0.000384575 -0.0109722 0.000558567 -0.00393761 -0.000790864
internal_weight=345422 322399 310714 275726 16082 11755 259644 228635 5500 2324 31009 223135 6812 34477 14025 188658 88130 18483 6749 3778 2971 416 2555 69647 59802 57024 360 13284 1186 11734
internal_count=345422 322399 310714 275726 16082 11755 259644 228635 5500 2324 31009 223135 6812 34477 14025 188658 88130 18483 6749 3778 2971 416 2555 69647 59802 57024 360 13284 1186 11734
is_linear=0
shrinkage=0.05


Tree=56
num_leaves=31
num_cat=0
split_feature=6 5 10 10 10 13 13 11 13 11 13 14 10 11 11 14 13 10 10 11 11 10 4 0 13 11 13 13 10 11
split_gain=8.39989 6.25828 5.29239 8.13135 11.5619 5.27537 8.62287 9.22901 5.13204 4.9364 4.81708 4.80436 6.22712 4.90167 5.67268 4.70362 4.70309 4.6559 8.88162 5.63982 5.6245 6.29823 5.76891 4.62884 4.40438 9.64718 7.46884 8.21512 8.5854 7.82204
threshold=-0.38374636335514428 0.020549987047804256 -0.017312000709356064 -0.015213589282174643 -0.013932241848525038 22.429999351501468 31.844999313354496 -0.040606283895635913 19.520000457763675 0.077392985560090458 18.719999313354496 0.12392426755799714 -0.01378806518059311 0.037714619913018062 0.04888400580692865 0.15844695899744313 19.115000724792484 -0.013327781970057238 -0.011956440347234197 -0.019741563271709391 -0.028186654574093969 0.00048355916176134889 0.020388270784561058 1.0000000180025095e-35 14.805000305175783 -0.019470544482977133 15.00500011444092 14.904999732971193 0.00090086479202544656 -0.0037732110910037582
decision_type=2 2 2 2 2 2 2 2 2 2 2 2 2 2 2 2 2 2 2 2 2 2 2 2 2 2 2 2 2 2
left_child=9 2 5 8 -5 -2 7 -7 10 24 -4 13 -13 17 -15 -9 -3 -6 -19 20 21 -20 -23 -16 25 -1 27 29 -29 -26
right_child=1 16 3 4 11 6 -8 15 -10 -11 -12 12 -14 14 23 -17 -18 18 19 -21 -22 22 -24 -25 26 -27 -28 28 -30 -31
leaf_value=-0.00092255197912141434 0.00014667620668140961 -0.00019496803919777811 8.9565420123817693e-05 -0.00030147362379378097 0.00051234954214097702 -0.00090382417666000987 0.00017054472136838252 -2.6026516727882303e-06 0.00036568920186959958 -0.00034666528643834604 -0.0004440186120891255 -0.00025401320690294495 0.00030245989645337262 0.00026136540219605175 -0.00020719577955137752 -0.00030904375838537983 5.419508133896139e-06 -0.00025173165980669278 0.00010895141274979531 -3.7438140977778149e-06 0.00025177424217999396 0.00011903165158108416 -0.00038741481224371639 4.8206325219031141e-05 -0.00028778622286400682 7.8517024729759223e-05 3.6744612334386971e-05 5.2114157776618779e-05 -0.00038128706932999325 0.00011106931753085761
leaf_weight=259 1354 17228 1707 2089 980 304 706 920 3368 349 268 524 3091 3836 429 1455 12464 1057 4074 138149 5616 495 1246 898 267 43298 95279 655 1230 1941
leaf_count=259 1354 17228 1707 2089 980 304 706 920 3368 349 268 524 3091 3836 429 1455 12464 1057 4074 138149 5616 495 1246 898 267 43298 95279 655 1230 1941
internal_value=0.000187911 -1.95788e-05 9.57896e-05 0.000142319 7.9208e-05 -0.00155201 -0.00260709 -0.00390258 0.00206158 0.000480814 3.79749e-05 0.000127342 0.00192946 8.57892e-05 0.00160081 -0.00285263 -0.000690085 3.41982e-05 1.18499e-05 4.41237e-05 0.00111145 2.14963e-05 -0.00249569 -0.00121703 0.000495316 0.000914549 0.000311557 -0.00177987 -0.00420424 0.000289855
internal_weight=345536 202258 172566 167827 162484 4739 3385 2679 5343 143278 1975 160395 3615 156780 5163 2375 29692 151617 150637 149580 11431 5815 1741 1327 142929 43557 99372 4093 1885 2208
internal_count=345536 202258 172566 167827 162484 4739 3385 2679 5343 143278 1975 160395 3615 156780 5163 2375 29692 151617 150637 149580 11431 5815 1741 1327 142929 43557 99372 4093 1885 2208
is_linear=0
shrinkage=0.05


Tree=57
num_leaves=31
num_cat=0
split_feature=5 6 5 11 13 10 10 13 13 15 9 13 10 3 11 11 10 1 2 10 11 11 9 11 10 16 11 13 15 10
split_gain=7.77106 5.59845 5.2647 4.24516 4.41285 10.7314 4.263 4.01003 10.3743 8.8471 5.15182 4.50663 10.0032 6.04313 3.71302 7.07337 8.95232 7.59709 6.79204 6.00159 4.56129 5.52949 4.60864 3.79919 5.77454 4.30717 3.76316 4.35756 5.955 8.28296
threshold=0.013132752211930686 -0.42500508335661197 0.043220063331784041 -0.035697741943328191 27.365000724792484 0.01542612816856115 0.0052229524560013516 49.655000686645515 46.145000457763679 -0.0046888832920414228 -0.053645572954368108 33.719999313354499 -0.029463592833469218 -0.0092091463355001828 -0.017686131484892616 -0.026323618530511902 0.00048355916176134889 0.017681860396746133 -0.074289788184667735 -0.023232598164511228 -0.011292664141508811 -0.0099347791487244246 0.3483526757092163 -0.023458930823045284 -0.017312000709356064 0.01490395011719692 0.029850216703313229 20.375000000000004 0.037331228257165068 0.018838465196602486
decision_type=2 2 2 2 2 2 2 2 2 2 10 2 2 2 2 2 2 2 2 2 2 2 8 2 2 2 2 2 2 2
left_child=-1 3 7 6 -5 -6 -2 8 11 10 -10 12 13 -3 15 16 17 -14 -18 -19 22 -22 -16 -17 25 -25 27 28 -23 -30
right_child=1 2 -4 4 5 -7 -8 -9 9 -11 -12 -13 14 -15 20 23 18 19 -20 -21 21 26 -24 24 -26 -27 -28 -29 29 -31
leaf_value=3.1352846760972653e-05 0.0005346741989451768 -0.0012946867914864443 -0.00075734808765922908 2.849538201360987e-05 -0.00027143561534553792 0.00039481060095504093 -0.00032202751606106835 0.0020206284460319184 -0.001059973135022451 -0.00018894463353204402 -0.00032858471387993882 0.00028543538610291381 0.00012620301227643174 -0.00011029801778305792 -9.1239137528470883e-05 0.00039740118892661109 -0.0006166972397229117 -0.00084922591051822885 -0.00029801664638517083 -0.0002775916340056287 0.00029100900411451689 -5.4842357282784617e-05 -0.00037442038809291982 -0.00016104860608239131 0.00015425547038363282 -0.00077401185061442526 5.7973279388587517e-05 7.7357916129034747e-05 -0.0018154831910525773 -0.00020237491753069041
leaf_weight=145558 1634 276 1410 76284 1552 611 257 385 124 218 73 1439 4770 264 5745 2828 519 85 1324 501 2330 70320 1696 946 6067 87 10230 7286 67 166
leaf_count=145558 1634 276 1410 76284 1552 611 257 385 124 218 73 1439 4770 264 5745 2828 519 85 1324 501 2330 70320 1696 946 6067 87 10230 7286 67 166
internal_value=0.000159425 -4.32593e-05 -0.00026075 0.00027932 0.00022289 -0.00200416 0.00262031 -0.000224381 -0.000241094 -0.00813253 -0.0158122 -0.00021309 -0.000247734 -0.00703704 -0.000215844 0.000463304 -0.000729962 0.000304332 -0.00373576 -0.00506826 -0.00033473 -0.000236783 -0.00152466 0.00132857 0.000711268 -0.00274443 -0.000300389 -0.000418877 -0.000539098 -0.00851931
internal_weight=345052 199494 119156 80338 78447 2163 1891 117746 117361 415 197 116946 115507 540 114967 17127 7199 5356 1843 586 97840 90399 7441 9928 7100 1033 88069 77839 70553 233
internal_count=345052 199494 119156 80338 78447 2163 1891 117746 117361 415 197 116946 115507 540 114967 17127 7199 5356 1843 586 97840 90399 7441 9928 7100 1033 88069 77839 70553 233
is_linear=0
shrinkage=0.05


Tree=58
num_leaves=31
num_cat=0
split_feature=9 13 12 11 11 11 14 11 13 12 11 10 14 13 3 3 14 12 13 15 9 10 10 11 10 14 11 11 12 13
split_gain=7.72742 6.38108 12.1033 8.59571 12.7082 19.1735 23.1723 21.7727 12.4182 10.3332 9.81973 8.54608 14.426 11.2511 13.9821 8.05495 7.97009 7.5199 7.47714 8.91281 13.6382 7.78487 7.20963 12.4623 29.2316 19.7821 38.4043 35.5284 20.4831 19.8724
threshold=0.32451047090223512 14.614999771118166 0.060540573797923998 -0.010447917606839994 0.0030744623022789246 0.011605230504387444 0.077019604552505241 0.012491496694062467 12.494999885559084 0.035955415841074874 1.0000000180025095e-35 -0.0068180084305178293 0.017639326626862298 13.605000019073488 -0.0068696542568239529 0.0030437508924456851 0.024414321868059811 0.050572968372656575 12.88000011444092 -0.00014262793442254559 0.16174693809410748 0.001958954903775068 -0.0042976015384410529 0.010325604265528312 -0.0031077430109253119 -0.013975625369978871 -0.0071962553700703471 -0.0070947628288289813 0.11925837683918029 15.034999847412111
decision_type=10 2 2 2 2 2 2 2 2 2 2 2 2 2 2 2 2 2 2 2 8 2 2 2 2 2 2 2 2 2
left_child=1 2 3 -1 8 17 7 9 10 -7 -5 -10 -13 14 -14 -9 -15 18 19 20 -6 -22 -3 25 -25 -24 29 -28 -29 -27
right_child=-2 22 -4 4 5 6 -8 15 11 -11 -12 12 13 16 -16 -17 -18 -19 -20 -21 21 -23 23 24 -26 26 27 28 -30 -31
leaf_value=0.00025225339719282521 -0.00016725590575771649 4.8042488456742215e-05 0.00026169990399733364 -0.00013222347780251028 -4.4857459881842332e-05 -0.00045880093951641279 -0.00070221104405316596 8.8689907899700072e-05 0.00022523757850993636 -0.00015973065791982766 -0.00045979071192550733 6.76459823891841e-06 -0.00087624423975252218 -0.00047311928454576047 -0.00027959308438083827 -3.3735650521552941e-05 -3.4381255324616337e-05 -0.0001101317544725839 0.00027386849764438043 0.00021675508880436545 -0.0008487191750771166 0.00013011825916026286 1.4568575918163559e-05 -0.00072913769552048586 4.7868422492883706e-05 -0.00079292251661930435 -0.0026139941191359898 -0.00015555113912017282 -0.00072463451805589 0.00016660892178108741
leaf_weight=3792 12660 64839 6205 1204 1222 821 395 23517 3236 1950 397 13020 171 817 1021 12005 3636 1216 12093 2520 186 59 61694 407 69952 407 427 32731 415 12313
leaf_count=3792 12660 64839 6205 1204 1222 821 395 23517 3236 1950 397 13020 171 817 1021 12005 3636 1216 12093 2520 186 59 61694 407 69952 407 427 32731 415 12313
internal_value=0.000157937 0.000204078 0.00056508 0.00040635 0.000295398 0.000705023 8.63319e-05 0.000210613 -0.000680367 -0.0040581 -0.00493129 -0.000369618 -0.000780873 -0.00289194 -0.00720638 0.000543607 -0.00173703 0.00208892 0.00237562 0.000497868 -0.00260055 -0.0133673 7.12422e-05 -9.29091e-05 0.000424893 -0.000430283 -0.00121152 -0.00209797 -0.00191335 0.00112814
internal_weight=345328 332668 89483 83278 79486 55984 38688 38293 23502 2771 1601 21901 18665 5645 1192 35522 4453 17296 16080 3987 1467 245 243185 178346 70359 107987 46293 33573 33146 12720
internal_count=345328 332668 89483 83278 79486 55984 38688 38293 23502 2771 1601 21901 18665 5645 1192 35522 4453 17296 16080 3987 1467 245 243185 178346 70359 107987 46293 33573 33146 12720
is_linear=0
shrinkage=0.05


Tree=59
num_leaves=31
num_cat=0
split_feature=6 13 12 12 9 14 14 13 14 12 8 14 13 12 14 14 14 14 12 14 13 13 14 14 13 9 13 8 14 13
split_gain=6.76434 5.20291 5.93952 15.0191 9.10639 8.08445 13.4856 16.199 19.3712 8.28358 7.14567 7.07794 13.5643 16.4432 18.6667 9.24901 11.8329 24.9018 13.1456 15.8565 30.0377 19.294 13.688 24.9712 23.3201 16.8755 17.1847 13.7824 13.0399 18.2523
threshold=0.81296741544272877 31.844999313354496 0.028753487620467037 0.02859938253974537 -0.031263049974609262 0.083482873400912663 0.060125948457031016 14.234999656677248 0.079095926518506735 0.092303334322107258 0.10826007465938826 -0.068136872709181048 18.94999980926514 -0.018070638242237255 -0.11544121967691799 -0.048201737040391705 -0.035596703045515869 -0.035171099408052346 0.026791263339985386 0.013294047142382028 15.855000019073488 15.97499990463257 -0.0066427814256201914 -0.013975625369978871 21.430000305175785 0.3634604699447132 19.010000228881839 -0.024912797360278512 -0.0087527259018278496 17.615000724792484
decision_type=2 2 2 2 10 2 2 2 2 2 10 2 2 2 2 2 2 2 2 2 2 2 2 2 2 8 2 10 2 2
left_child=1 2 3 11 -5 6 -4 8 10 -9 -8 12 -1 -14 -15 -13 -17 -18 22 -20 -21 -22 23 -19 28 -24 -27 -26 -25 -30
right_child=-2 -3 5 4 -6 -7 7 9 -10 -11 -12 15 13 14 -16 16 17 18 19 20 21 -23 25 24 27 26 -28 -29 29 -31
leaf_value=0.00017086486968813017 -3.8898363236994884e-05 0.00040126361745183983 4.770957784995464e-05 -0.00043843784341276694 -5.4514626789569344e-05 0.00023049547418041045 -0.00048795789188475639 0.00010083218070554084 -2.4605421459282471e-05 -0.00042138351306776183 -0.0010112012954071388 -0.00010632126893396024 0.00010366853662265518 9.6427364446770306e-05 -0.00033530268382131597 0.00016420238578087072 -0.00053631282551470092 2.3727269499219136e-05 0.00014122829494636445 -1.9852677794499423e-05 -0.00092505719338849485 -0.00037209660673441264 8.064157643488297e-05 -9.0352885754978727e-05 -0.0027784047643683602 -0.00011906177367419366 0.00016632913290546129 -0.0015844512088064916 -3.0419954983556153e-05 -0.00051225250530807667
leaf_weight=15361 62022 2446 95901 448 337 4987 635 2207 674 373 127 15289 6331 1943 2471 10633 356 19914 2208 2565 316 1639 62320 6830 187 16777 6182 226 1502 2167
leaf_count=15361 62022 2446 95901 448 337 4987 635 2207 674 373 127 15289 6331 1943 2471 10633 356 19914 2208 2565 316 1639 62320 6830 187 16777 6182 226 1502 2167
internal_value=0.000147435 0.00025096 0.000230967 5.34655e-05 -0.00684713 0.000528769 0.000430708 -0.00240787 -0.00666435 -3.87595e-05 -0.012126 8.43813e-05 0.000843867 -0.000518846 -0.00286135 -4.85878e-05 8.45154e-05 -5.36166e-05 -1.53459e-05 -0.00216409 -0.00386062 -0.00852941 0.000109169 -0.00079381 -0.00271628 0.00043557 -0.000723246 -0.0143705 -0.00225783 -0.00466203
internal_weight=345374 283352 280906 176002 785 104904 99917 4016 1436 2580 762 175217 26106 10745 4414 149111 133822 123189 122833 6728 4520 1955 116105 30826 10912 85279 22959 413 10499 3669
internal_count=345374 283352 280906 176002 785 104904 99917 4016 1436 2580 762 175217 26106 10745 4414 149111 133822 123189 122833 6728 4520 1955 116105 30826 10912 85279 22959 413 10499 3669
is_linear=0
shrinkage=0.05


Tree=60
num_leaves=31
num_cat=0
split_feature=6 4 14 13 9 12 10 14 10 11 4 12 12 3 10 13 13 10 10 13 12 13 11 12 12 13 12 12 11 10
split_gain=7.72899 5.6199 5.23847 9.73994 17.8204 10.1155 10.5391 8.26124 12.9057 8.09114 9.43937 7.78628 11.6762 10.6119 7.44964 7.39717 14.8514 7.25943 7.58044 6.96994 14.0451 10.3202 17.1931 14.2528 17.3096 15.8493 12.7713 19.4698 12.0969 9.91548
threshold=1.7595871777546079 0.01625297120739749 -0.069419882954705067 18.94999980926514 -0.2964705088636026 -0.018642190915216624 0.00576779418841289 -0.055141973533754989 0.011833675502069931 0.045591167028525621 0.053748724821897256 -0.00022029863059441765 0.0048491257127185614 0.0093191456413513913 0.0099108597244759195 14.904999732971193 15.034999847412111 -0.0017418859842210919 0.003711171639750988 18.94999980926514 -0.0067438381246153192 17.454999923706058 -0.019741563271709391 0.032488819096245465 0.027464748071709514 17.695000648498539 -0.031331833469953822 -0.0097422082030401685 0.025879886513439202 -0.0068180084305178293
decision_type=2 2 2 2 10 2 2 2 2 2 2 2 2 2 2 2 2 2 2 2 2 2 2 2 2 2 2 2 2 2
left_child=1 -1 3 11 -5 14 -7 8 9 10 15 -3 13 -13 -6 -4 -17 -18 -19 21 -21 -9 -23 24 25 28 -27 -28 -24 -29
right_child=-2 2 7 4 5 6 -8 19 -10 -11 -12 12 -14 -15 -16 16 17 18 -20 20 -22 22 23 -25 -26 26 27 29 -30 -31
leaf_value=4.8034698558615041e-05 -8.2660049626050825e-05 0.00035738141307260665 6.3070893570077448e-06 -0.00038014073428675711 -9.2102550598993963e-05 0.00071312927101800736 -0.00018564817243439083 1.4904036148220639e-05 0.00015706788196807856 0.00039444773938202113 -0.0016679271108613473 -0.00035764535211255132 9.6667904153682548e-05 -0.0013082761714967302 0.0003226027408683124 -0.0005985243685045793 -0.00052111748922045178 0.00035048644965253689 -0.00025303419651834697 -4.9584429559453522e-06 0.00014980193666499261 0.00017444221909513697 -0.0005915986123775298 -4.1747889130021897e-06 -0.00051491391819886848 0.00031216355557285824 -0.00045644074172682369 -0.00026544693993209252 0.00017419144301473243 1.7546047970304901e-05
leaf_weight=43407 26987 6370 3032 1468 1959 721 4202 137057 3862 793 322 600 13333 118 4157 302 238 688 6069 34103 26842 5055 1758 10572 325 1493 2189 1837 336 5329
leaf_count=43407 26987 6370 3032 1468 1959 721 4202 137057 3862 793 322 600 13333 118 4157 302 238 688 6069 34103 26842 5055 1758 10572 325 1493 2189 1837 336 5329
internal_value=0.000172694 0.000241526 0.000158107 0.000749818 -0.000349004 0.000339252 -0.00134776 7.76626e-05 -0.00104665 -0.00189007 -0.00225284 0.0014228 0.000765426 -0.00544568 0.00169719 -0.00199003 -0.00285254 -0.00238385 -0.00208154 0.000153507 0.000610797 -1.44318e-05 -0.000873191 -0.00143483 -0.00252619 -0.00223999 -0.00147124 -0.0021566 -0.00622254 -0.000895897
internal_weight=345524 318537 275130 32928 12507 11039 4923 242202 15306 11444 10651 20421 14051 718 6116 10329 7297 6995 6757 226896 60945 165951 28894 23839 13267 12942 10848 9355 2094 7166
internal_count=345524 318537 275130 32928 12507 11039 4923 242202 15306 11444 10651 20421 14051 718 6116 10329 7297 6995 6757 226896 60945 165951 28894 23839 13267 12942 10848 9355 2094 7166
is_linear=0
shrinkage=0.05


Tree=61
num_leaves=31
num_cat=0
split_feature=8 11 11 16 10 12 16 6 12 16 16 14 14 15 16 16 10 11 11 15 5 11 16 5 0 14 16 16 4 12
split_gain=6.92553 9.71297 12.2527 8.95383 7.53223 6.19502 6.30153 6.11963 5.37802 5.22189 5.92147 5.19459 11.3483 9.87366 9.54189 8.27605 4.49205 4.19697 5.98306 6.8145 6.16508 5.49836 8.13665 4.38695 3.69112 3.6891 7.35298 6.40877 4.26702 3.62043
threshold=0.20995179451027904 -0.0037732110910037582 -0.0018747861561404509 -0.03225061232786796 0.016350116268756935 -0.03832043649929328 -0.0068369999374512927 -0.36983277750885074 -0.075828258528587975 0.0017163083524300851 -0.0070957849260978026 0.0045608735277805632 0.0087691614289995296 0.0031990656569779179 -0.0035421613482611298 -0.004416665361462401 -0.0013159673486659027 0.037714619913018062 0.047360860375368914 -0.0084847737604568634 0.018050989515165997 0.036250382984596159 0.069416748225454419 0.012485831811452951 0.0055078613419810027 0.083482873400912663 -0.080885148929532455 -0.035721675166545445 0.022651470582816569 -0.0047203102614324912
decision_type=8 2 2 2 2 2 2 2 2 2 2 2 2 2 2 2 2 2 2 2 2 2 2 2 2 2 2 2 2 2
left_child=7 3 16 4 25 6 -4 8 -1 10 29 -12 13 14 15 -13 -3 21 -19 20 -20 23 24 -9 -23 27 -27 -2 -29 -10
right_child=1 2 5 -5 -6 -7 -8 17 9 -11 11 12 -14 -15 -16 -17 -18 18 19 -21 -22 22 -24 -25 -26 26 -28 28 -30 -31
leaf_value=0.00035958666335426015 0.00018467918269122723 -0.00051508287049376348 -0.0017523171480704675 0.00017048263842043223 -0.0010984144849982872 -0.00010220633790494907 -0.00033814525992466343 2.280433024601887e-05 -1.227582818203217e-05 5.869442083631445e-05 9.0107703851601737e-06 -0.00057784192169655377 -7.6818054671869186e-05 -9.2678717671153201e-05 -0.00029575132221538948 -0.0016680840236238774 -0.00029156184944828474 0.00028427734695597474 -0.00016748419232999446 1.2585867896095315e-05 -0.0015595106578091206 -0.0004276819813545346 -0.0013334568510742707 -1.906472995507305e-05 7.6510198496999231e-05 -0.0033311265794395539 -0.00030384169793786208 -0.00043754715362759853 -0.00013610351575176003 7.1232283991208261e-05
leaf_weight=2083 957 503 61 5516 109 9023 380 70644 14479 75728 12484 126 8909 424 204 106 183 3878 165 2882 49 366 43 110195 437 67 555 71 98 24697
leaf_count=2083 957 503 61 5516 109 9023 380 70644 14479 75728 12484 126 8909 424 204 106 183 3878 165 2882 49 366 43 110195 437 67 555 71 98 24697
internal_value=0.000158965 -0.000809507 -0.00181281 0.000571681 -0.00243134 -0.0013451 -0.00713152 0.000210721 0.000462152 0.000423858 8.13136e-05 -0.000570035 -0.00143362 -0.0069186 -0.0122018 -0.0191379 -0.00826531 2.51514e-05 0.00122885 -0.000410207 -0.00901869 -2.10527e-05 -0.00404255 -2.23937e-06 -0.00290785 -0.00163616 -0.00472669 7.10481e-05 -0.00890533 0.000451297
internal_weight=345422 17523 10150 7373 1857 9464 441 327899 139240 137157 61429 22253 9769 860 436 232 686 188659 6974 3096 214 181685 846 180839 803 1748 622 1126 169 39176
internal_count=345422 17523 10150 7373 1857 9464 441 327899 139240 137157 61429 22253 9769 860 436 232 686 188659 6974 3096 214 181685 846 180839 803 1748 622 1126 169 39176
is_linear=0
shrinkage=0.05


Tree=62
num_leaves=31
num_cat=0
split_feature=5 13 16 11 13 15 3 11 11 14 12 14 13 11 16 15 11 5 15 14 14 14 14 11 14 12 10 13 11 12
split_gain=6.66334 4.90143 6.68544 6.22521 5.82402 5.36712 5.50584 4.84448 7.02148 4.50487 8.61756 6.5293 9.64101 10.2471 9.57031 7.93885 6.69597 7.55184 6.41665 5.60268 5.68337 13.4657 9.77339 9.43049 7.46763 9.11174 10.4571 6.80853 7.65065 5.84691
threshold=0.022844991910502165 19.115000724792484 0.0073842372109380614 0.077392985560090458 19.085000038146976 -0.0062851778481081136 -0.01322657459148485 -0.0099347791487244246 -0.0052557627867218506 -0.12096344977185801 0.012859889736704823 -0.098691693357393515 17.454999923706058 -0.01680301263819178 -0.017003095159184464 0.0055227491341771637 -0.0083605121660306741 0.0106662222194636 0.004258819116627067 -0.083456210331023115 -0.048201737040391705 -0.049354087797768446 -0.037374592254897913 -0.014003524534926202 -0.039043004550001752 0.057603305359047348 0.0062107996650884187 15.75500011444092 -0.033420125215974254 -0.031709461576504387
decision_type=2 2 2 2 2 2 2 2 2 2 2 2 2 2 2 2 2 2 2 2 2 2 2 2 2 2 2 2 2 2
left_child=9 4 5 -4 -2 -3 7 -7 -9 10 -1 12 16 -14 -15 18 17 -11 -16 -13 21 23 24 27 25 29 -27 -21 -29 -22
right_child=1 2 3 -5 -6 6 -8 8 -10 11 -12 19 13 14 15 -17 -18 -19 -20 20 22 -23 -24 -25 -26 26 -28 28 -30 -31
leaf_value=0.00021081568324833567 -0.0001376072914423094 8.6916617155216017e-05 0.00023110709287925063 -0.0003729842655469523 -0.00081654071676516202 -0.00036711127863212105 -0.00015443456183137752 -0.0031396972708782711 -0.00071769093423083819 -0.00065535568499533827 -6.6759721781500279e-05 0.00017647684958991302 6.3727046479699411e-05 -0.0007292435764960528 -0.00033817029723831208 -0.00011041640453592064 0.00012474614498248694 -0.00012076760512283927 -0.00057136833699468514 0.00046042096531632233 -0.00049678360071084846 -0.00023661008118762108 1.6892126395934589e-05 1.8194841024627201e-05 0.00037348541303751685 0.00075096358726362683 -0.00032264843726947148 0.00031292311804853742 -0.00028874932409265038 0.00013598446340060282
leaf_weight=7033 20004 4718 6471 329 319 695 5082 124 245 68 2725 7083 1000 396 285 1076 2625 324 52 405 323 3287 228379 31023 4395 372 1149 395 2622 12452
leaf_count=7033 20004 4718 6471 329 319 695 5082 124 245 68 2725 7083 1000 396 285 1076 2625 324 52 405 323 3287 228379 31023 4395 372 1149 395 2622 12452
internal_value=0.000161034 -0.000463711 0.000145494 0.001375 -0.000993209 -0.000624079 -0.00159779 -0.00486842 -0.00949864 0.000238219 0.00129535 0.00020357 -0.00145383 -0.00356177 -0.00580708 -0.00388181 0.000508784 -0.00558673 -0.0105786 0.000236652 0.000202106 -0.000369447 0.000289392 -7.76598e-05 0.00138864 0.000834499 -0.0028238 -0.00256867 -0.00338581 0.00127006
internal_weight=345456 37987 17664 6800 20323 10864 6146 1064 369 307469 9758 297711 5826 2809 1809 1413 3017 392 337 291885 284802 37732 247070 34445 18691 14296 1521 3422 3017 12775
internal_count=345456 37987 17664 6800 20323 10864 6146 1064 369 307469 9758 297711 5826 2809 1809 1413 3017 392 337 291885 284802 37732 247070 34445 18691 14296 1521 3422 3017 12775
is_linear=0
shrinkage=0.05


Tree=63
num_leaves=31
num_cat=0
split_feature=9 13 13 13 14 10 11 13 15 14 15 13 14 10 14 9 14 14 11 13 11 15 5 15 9 14 14 0 14 14
split_gain=6.46187 5.73354 8.19777 21.1064 17.0824 21.4237 13.3616 29.9803 14.453 12.1104 11.0605 10.9532 13.976 20.2535 25.6301 32.1615 26.606 13.8739 10.4851 10.2686 9.82217 8.58329 8.57823 8.39557 8.24001 7.40867 22.9408 14.3429 11.5278 15.7902
threshold=0.32451047090223512 14.614999771118166 16.469999313354496 16.404999732971195 0.0077821201147358918 -0.0029742003737800999 -0.011292664141508811 15.574999809265138 0.0033058328476147651 -0.086337752297859935 0.037331228257165068 17.454999923706058 -0.018950946657028119 0.00040263082252767207 0.048532599561474606 -0.38353752386011286 0.0051534197063997098 -0.013975625369978871 -0.0081164241286432719 17.530000686645511 -0.015698134800596782 0.0087266422582575904 0.0106662222194636 -0.0018567627008427843 0.15743091414405189 0.02559063550932739 0.0250539094836888 -0.013608569442972228 0.061654808594579842 0.081032983629692037
decision_type=10 2 2 2 2 2 2 2 2 2 2 2 2 2 2 10 2 2 2 2 2 2 2 2 8 2 2 2 2 2
left_child=1 -1 3 6 -5 -6 7 8 24 -8 18 12 -4 -14 15 16 17 -15 -11 21 -9 -13 -22 -18 -3 26 -20 -28 -27 -30
right_child=-2 2 11 4 5 -7 9 20 -10 10 -12 19 13 14 -16 -17 23 -19 25 -21 22 -23 -24 -25 -26 28 27 -29 29 -31
leaf_value=4.3369739297641034e-05 -0.00014406379174496163 -0.00036663241488810812 0.00023856725074700136 -1.7500781532901697e-05 -0.00015772717224069534 -0.0010622038863148454 0.00026774482818984113 0.00018556467277738482 -0.00010455368225276093 0.00023919339870140995 -0.00160324143657627 -0.00030885447040517652 0.00013494912180161397 -0.00046653812806652902 -0.00055751241239914795 0.00010726194658043753 -0.00077824331427081073 0.00013290476962732664 -4.7484330328290012e-05 1.0975555863023432e-05 -0.00053839854543340346 3.2343153639849939e-05 -8.2817229800832338e-05 -0.00045456266433910764 -0.00077320851007691967 0.00021948909457286051 -0.0013973056935188185 -0.00047358427774300577 -0.00021609302144198371 0.0001289275877248034
leaf_weight=89629 12668 342 12706 1245 804 774 4896 1606 380 3661 60 1776 16650 434 420 7203 335 1300 44024 127884 264 1080 967 918 521 6776 83 310 3203 2480
leaf_count=89629 12668 342 12706 1245 804 774 4896 1606 380 3661 60 1776 16650 434 420 7203 335 1300 44024 127884 264 1080 967 918 521 6776 83 310 3203 2480
internal_value=0.000168197 0.000210395 8.43681e-05 -0.000361484 -0.00459972 -0.0080545 -0.000189513 -0.00296569 -0.00944087 -1.65665e-05 -0.000209829 0.000273453 0.000997848 0.000359501 -0.00134778 -0.000848871 -0.00521091 -0.00119954 -0.000188562 5.20118e-05 -0.000128657 -0.00291317 -0.00348903 -0.0107622 -0.0130185 -0.00035551 -0.000657743 -0.0126845 0.000721968 -0.000938765
internal_weight=345399 332731 243102 72396 2823 1578 69573 4080 1243 65493 60597 170706 39966 27260 10610 10190 2987 1734 60537 130740 2837 2856 1231 1253 863 56876 44417 393 12459 5683
internal_count=345399 332731 243102 72396 2823 1578 69573 4080 1243 65493 60597 170706 39966 27260 10610 10190 2987 1734 60537 130740 2837 2856 1231 1253 863 56876 44417 393 12459 5683
is_linear=0
shrinkage=0.05


Tree=64
num_leaves=31
num_cat=0
split_feature=6 5 11 12 13 11 11 13 13 15 12 12 14 10 5 9 10 13 11 12 10 16 5 14 14 14 13 13 10 10
split_gain=7.03246 5.40253 5.29227 8.83236 10.7175 8.33812 12.7386 12.151 27.3072 13.7782 11.8103 14.1212 8.45979 11.5972 7.57814 7.30528 7.15121 14.0396 9.87424 9.61177 8.06124 8.05018 7.92088 7.10673 19.6423 13.4722 12.9371 20.3468 7.97626 12.3107
threshold=0.76894850591203767 0.043220063331784041 -0.019741563271709391 -0.0042212478114914123 17.180000305175785 -0.011292664141508811 -0.010447917606839994 14.715000152587892 15.574999809265138 0.0033058328476147651 -0.0063801556439739273 0.0090147692043446321 0.0045608735277805632 -0.018534133998249432 0.020549987047804256 0.15538019689492535 -0.01645938155843862 31.844999313354496 -0.029337474403061222 -0.062212447341067838 0.00048355916176134889 0.01490395011719692 0.035610859085327191 0.083482873400912663 0.079095926518506735 0.081032983629692037 15.855000019073488 16.675000190734867 -0.013932241848525038 -0.014256563971479506
decision_type=2 2 2 2 2 2 2 2 2 2 2 2 2 2 2 8 2 2 2 2 2 2 2 2 2 2 2 2 2 2
left_child=2 -2 3 4 -1 7 -7 -4 9 15 12 -12 -10 -14 -15 -9 17 19 20 -6 -18 -21 -22 24 -8 26 -26 -28 29 -25
right_child=1 -3 5 -5 16 6 23 8 10 -11 11 -13 13 14 -16 -17 18 -19 -20 21 22 -23 -24 28 25 -27 27 -29 -30 -31
leaf_value=-0.00035421333735985699 -3.0966491893217532e-05 -0.0013338161362822199 0.00025784760332307348 0.00030244699692056183 -0.00054367582918588995 0.00032888271367454189 1.9779773937055042e-05 -0.00034846290134912821 -6.4666901230389057e-05 -1.7412267310689387e-05 0.000285731328458515 -9.4828201504121908e-05 0.00062887384660594589 -0.00023339382195319329 -0.00091483704065904432 -0.0008091584342630612 6.8646080446484523e-05 0.00046311608046609897 0.0001852000915287469 -1.8332138971987059e-05 -0.00025693955276690324 -0.0008272035884316144 -0.0030154530928334249 0.00011057697546257853 0.00032212664358859436 2.4392588656386508e-06 -0.00084335192163264737 -0.00035326004752339406 0.00019100345814137225 -0.00044693744879079045
leaf_weight=420 64515 426 2183 4556 1236 3310 210439 279 5758 332 4686 4355 407 2768 456 462 5456 1503 11500 2175 1688 83 56 1362 324 1442 308 1330 10948 792
leaf_count=420 64515 426 2183 4556 1236 3310 210439 279 5758 332 4686 4355 407 2768 456 462 5456 1503 11500 2175 1688 83 56 1362 324 1442 308 1330 10948 792
internal_value=0.000165603 -0.000303275 0.000274113 0.000917763 0.000536344 0.000200861 0.000289136 -0.00073642 -0.00113239 -0.0088863 -0.000680955 0.000608893 -0.00192299 -0.003813 -0.004817 -0.0126788 0.000676668 -0.0010036 0.00112567 -0.00274184 -0.000326389 -0.000801594 -0.00328555 0.000244222 0.000174965 -0.00359283 -0.0062895 -0.00809524 0.0013746 -0.00140669
internal_weight=345555 64941 280614 28673 24117 251941 230255 21686 19503 1073 18430 9041 9389 3631 3224 741 23697 4997 18700 3494 7200 2258 1744 226945 213843 3404 1962 1638 13102 2154
internal_count=345555 64941 280614 28673 24117 251941 230255 21686 19503 1073 18430 9041 9389 3631 3224 741 23697 4997 18700 3494 7200 2258 1744 226945 213843 3404 1962 1638 13102 2154
is_linear=0
shrinkage=0.05


Tree=65
num_leaves=31
num_cat=0
split_feature=8 11 14 16 10 10 12 12 13 3 12 14 12 1 12 14 10 11 0 10 14 11 13 13 4 13 9 13 10 10
split_gain=5.70266 10.1034 10.4475 7.48122 10.7579 6.50652 6.20637 15.963 25.4649 13.853 12.5604 11.5255 10.5611 7.1142 7.09385 10.3742 14.2306 17.6224 14.8332 9.96078 12.032 9.24075 8.71936 12.2085 7.92949 7.90802 7.73474 7.3169 8.67447 7.10706
threshold=-0.14721189302893342 -0.0037732110910037582 0.05244160831962786 -0.025415241887661529 0.015605159278572868 0.0050045154394297029 -0.032774271648009549 -0.029694383534641874 18.675000190734867 -0.0058702718268260892 -0.027412641456853678 0.23397195059943568 -0.067575688865902969 0.051520285072394929 -0.014290771365627284 -0.071225645536492452 -0.0012648556783600438 0.0084762607672295171 -0.012035400529412708 0.0046996475927222345 -0.046520346015414375 0.0040071098607011866 21.555000305175785 21.134999275207523 0.023695830635042072 20.060000419616703 0.37989405605498844 19.085000038146976 -7.490452526071055e-05 0.0043826671813969051
decision_type=10 2 2 2 2 2 2 2 2 2 2 2 2 2 2 2 2 2 2 2 2 2 2 2 2 2 10 2 2 2
left_child=1 3 5 4 -1 -3 11 8 13 -10 -9 -2 -13 -8 15 21 17 -17 -19 27 24 -12 23 25 -21 -16 -25 28 -18 -27
right_child=6 2 -4 -5 -6 -7 7 10 9 -11 14 12 -14 -15 22 16 19 18 -20 20 -22 -23 -24 26 -26 29 -28 -29 -30 -31
leaf_value=-7.1687393453073812e-05 0.00010622011231461283 -0.0002925244519838985 0.0001891510338944127 0.00017695865356725225 -0.00094900622982322714 -0.00010118019391992255 0.00013165312694185055 0.00035852450667231238 -0.0019704555910159687 -0.0004140279908122792 -7.0953617487959903e-05 6.8352935601293934e-05 -0.00054517010532014625 -0.00075445542261201983 1.0292420936853784e-05 5.5271324230288634e-05 2.0161795400436283e-05 -0.0013931310593833278 -9.3874177494069439e-05 -0.00012282727654097352 0.00011298857048780925 0.00036427719379946295 0.00020573612340859821 -0.00017009999818924404 -0.00076390316694780077 0.00023521547256781072 -0.0013093088868686648 -0.00019090819387741721 -0.00049012923790091008 -7.1844909314410632e-05
leaf_weight=4254 31118 4408 1787 5911 269 3531 1927 4047 448 1164 1946 622 731 130 240971 7326 411 187 213 501 2049 2459 10730 2362 318 8250 68 1964 2080 2887
leaf_count=4254 31118 4408 1787 5911 269 3531 1927 4047 448 1164 1946 622 731 130 240971 7326 411 187 213 501 2049 2459 10730 2362 318 8250 68 1964 2080 2887
internal_value=0.000163721 -0.000652282 -0.00181164 0.000428407 -0.00110214 -0.00258912 0.000214353 0.000141534 -0.00313573 -0.00784119 0.000183174 0.000870161 -0.00364745 0.000551775 0.00014386 -0.000777732 -0.00140242 9.44863e-05 -0.010125 -0.0029817 -0.000683403 0.00135641 0.000211447 0.00015259 -0.00580586 0.000186587 -0.00337449 -0.00446128 -0.00626054 0.00148918
internal_weight=345069 20160 9726 10434 4523 7939 324909 292438 3669 1612 288769 32471 1353 2057 284722 19454 15049 7726 400 7323 2868 4405 265268 254538 819 252108 2430 4455 2491 11137
internal_count=345069 20160 9726 10434 4523 7939 324909 292438 3669 1612 288769 32471 1353 2057 284722 19454 15049 7726 400 7323 2868 4405 265268 254538 819 252108 2430 4455 2491 11137
is_linear=0
shrinkage=0.05


Tree=66
num_leaves=31
num_cat=0
split_feature=6 11 12 13 11 12 10 13 11 10 12 12 12 14 14 12 9 4 8 12 11 11 14 11 11 13 13 13 11 14
split_gain=6.67363 4.67654 9.43246 8.34129 7.81355 14.6695 7.02101 14.2239 8.30902 7.84193 7.58062 7.36154 7.00932 10.9554 9.81977 6.89344 6.83421 5.93762 5.47992 8.92259 12.9844 9.49105 5.72475 5.39286 11.3111 40.0642 19.6044 15.0781 15.6327 16.2427
threshold=1.9490307234677389 -0.019741563271709391 -0.0047203102614324912 17.180000305175785 -0.019470544482977133 0.020115024475367619 -0.01645938155843862 31.844999313354496 -0.029337474403061222 -0.015213589282174643 -0.087458748104097359 -0.0054605292938276753 -0.050232690438178178 -0.06112324665451873 -0.015155298785694047 -0.062212447341067838 0.19017655003309422 0.032012357942327339 -0.20408910937163291 -0.031709461576504387 -0.0038922440129086073 -0.0018747861561404509 0.05244160831962786 0.0035972804909069071 0.0023539165511853315 14.97499990463257 15.97499990463257 13.34500026702881 -0.0022021507151603332 0.035381364185180238
decision_type=2 2 2 2 2 2 2 2 2 2 2 2 2 2 2 2 10 2 10 2 2 2 2 2 2 2 2 2 2 2
left_child=1 2 3 -1 5 -3 7 15 9 -8 -11 -10 14 -14 -12 -5 -7 -15 19 -6 -21 -22 -23 24 27 -26 -27 28 -20 -30
right_child=-2 4 -4 6 18 16 8 -9 11 10 12 -13 13 17 -16 -17 -18 -19 23 20 21 22 -24 -25 25 26 -28 -29 29 -31
leaf_value=-0.00029126209479142263 -9.0464976198645811e-05 0.00013161805284321479 0.00028089287235973413 -0.00049958691769446827 -0.0004173877885148899 -0.00038556867644094002 0.00099571570602713789 0.00037381972383735898 0.00018048532648599924 -0.0006675198010026855 -0.00018014236367402234 -0.00043302222368885523 0.00050943123035086292 -0.00010743044730059163 0.00045462221720212544 -7.7125578057360677e-05 -0.0020903246128451351 -0.0007864391616377777 9.8642395760786131e-05 0.00039779147545182335 -0.00042548233961480387 -0.00013126369843430088 0.00019686199826985412 3.3644041771458998e-05 0.00013923396612483039 -0.00069420192268954649 -0.00021449166181859277 2.7437770371163869e-05 -0.00010745337921887958 -0.00044178191870122792
leaf_weight=405 22998 811 5575 1552 1511 713 803 1908 13175 304 1215 378 797 2705 2280 2996 69 781 2447 2344 470 4264 1314 165093 5592 1182 6240 90042 3966 1229
leaf_count=405 22998 811 5575 1552 1511 713 803 1908 13175 304 1215 378 797 2705 2280 2996 69 781 2447 2344 470 4264 1314 165093 5592 1182 6240 90042 3966 1229
internal_value=0.000150641 0.000209383 0.000756151 0.000397454 0.00014301 -0.00334903 0.000497335 -0.0009557 0.000915412 -0.000272932 -0.000741153 0.00169446 -0.000438416 -0.0017943 0.00122318 -0.00247581 -0.00823529 -0.00300344 0.000162482 -0.000993133 -0.000356292 -0.00158069 -0.00100574 0.000203977 -6.60353e-05 -0.00145075 -0.0038588 0.000118443 -0.00201387 -0.00356593
internal_weight=345159 322161 34874 29299 287287 1593 28894 6456 22438 8885 8082 13553 7778 4283 3495 4548 782 3486 285694 9903 8392 6048 5578 275791 110698 13014 7422 97684 7642 5195
internal_count=345159 322161 34874 29299 287287 1593 28894 6456 22438 8885 8082 13553 7778 4283 3495 4548 782 3486 285694 9903 8392 6048 5578 275791 110698 13014 7422 97684 7642 5195
is_linear=0
shrinkage=0.05


Tree=67
num_leaves=31
num_cat=0
split_feature=5 13 13 16 15 3 14 13 4 15 10 1 15 12 14 13 14 16 12 14 14 10 13 13 7 12 15 13 13 10
split_gain=5.8352 4.67056 6.08523 5.61595 4.87272 5.56481 4.78077 4.60722 4.7808 4.39949 4.22776 3.82578 3.82546 4.93675 10.5907 9.9196 9.12582 10.0382 8.40239 9.77606 15.9889 9.91002 7.17959 9.92178 6.8436 6.77744 6.71744 6.48207 12.7167 8.24814
threshold=0.022844991910502165 19.115000724792484 19.085000038146976 0.0073842372109380614 -0.012098350259386713 -0.01322657459148485 -0.059703633820597783 12.00999975204468 0.013618906276867172 -0.0032813715494762748 -0.0057953409857444118 -0.0091959264016884795 -0.039305098541580145 -0.026063395053075141 0.15844695899744313 38.065000534057624 0.10035719925481736 -0.052765669453344037 -0.017433916297808435 -0.10344834121785244 0.01466553224775591 -0.011956440347234197 21.555000305175785 21.134999275207523 0.012621233027565683 0.044320340975829382 -0.0069074451720735333 20.060000419616703 19.625000000000004 -0.013932241848525038
decision_type=2 2 2 2 2 2 2 2 2 2 2 2 2 2 2 2 2 2 2 2 2 2 2 2 2 2 2 2 2 2
left_child=7 2 6 4 -3 10 -2 9 -9 11 -6 -1 -10 14 16 -16 17 -14 19 -15 24 -22 23 27 26 -25 -21 28 29 -20
right_child=1 3 -4 -5 5 -7 -8 8 12 -11 -12 -13 13 18 15 -17 -18 -19 22 20 21 -23 -24 25 -26 -27 -28 -29 -30 -31
leaf_value=-8.615489288212177e-05 0.00016779739168961175 0.00015807773279256779 -0.00075309716327589496 0.00016832047557680517 0.00031501295608457413 -0.00011027715382787055 -0.00019174665923885729 7.8034368417514803e-05 -0.00019367143820726718 -9.417934625242248e-05 -0.00093488482593433165 -0.00047993648827333331 -0.00038017229028617148 0.00019286647330699666 -0.00028895489929551562 0.00053991291567970559 0.00035181296191327349 7.7668015198994314e-05 -0.00020716545823447338 3.1643161886695342e-05 -0.00029284425503939586 0.00018448983519120835 0.00016625918855531476 -0.00023061980968404439 -1.9086167242806246e-05 0.00013661173722776646 -0.0002932551252999459 0.00012937500606239976 -0.00018520021379867912 1.6612729708737885e-05
leaf_weight=75 3155 3666 326 6753 294 5819 16859 12207 1104 1426 1047 94 1298 1826 1848 470 5658 29713 2863 685 780 2954 9182 1706 1386 693 4112 12017 3983 211532
leaf_count=75 3155 3666 326 6753 294 5819 16859 12207 1104 1426 1047 94 1298 1826 1848 470 5658 29713 2863 685 780 2954 9182 1706 1386 693 4112 12017 3983 211532
internal_value=0.000147324 -0.000437907 -0.000953785 0.000158997 -0.000546832 -0.00130587 -0.000843409 0.000219465 0.000233435 -0.00246081 -0.00420954 -0.0100888 0.000193152 0.000204232 0.000728063 -0.00254961 0.000935259 0.000598336 0.000123739 -0.00118241 -0.00180145 0.000782003 0.000187126 0.000133036 -0.00336164 -0.00306586 -0.00425578 0.000166345 0.000104132 0.000156137
internal_weight=345531 37919 20340 17579 10826 7160 20014 307612 306017 1595 1341 169 293810 292706 38987 2318 36669 31011 253719 11743 9917 3734 241976 232794 6183 2399 4797 230395 218378 214395
internal_count=345531 37919 20340 17579 10826 7160 20014 307612 306017 1595 1341 169 293810 292706 38987 2318 36669 31011 253719 11743 9917 3734 241976 232794 6183 2399 4797 230395 218378 214395
is_linear=0
shrinkage=0.05


Tree=68
num_leaves=31
num_cat=0
split_feature=6 11 11 11 9 12 12 12 10 14 10 12 4 9 10 12 10 11 12 10 12 12 2 11 3 10 14 14 14 14
split_gain=5.80303 4.70149 10.6223 13.3986 10.7102 6.74377 12.2747 7.23488 6.58695 10.5236 8.93478 12.2533 7.33788 6.41827 6.41391 11.0532 17.2945 13.0893 11.3877 20.3449 10.0469 11.2398 9.84643 9.39176 9.14125 8.14175 7.78477 7.74223 24.5253 13.8584
threshold=2.1785692888027195 -0.017686131484892616 -0.011292664141508811 -0.010447917606839994 0.32451047090223512 -0.026063395053075141 -0.0039943573579758742 0.0065049739274190008 0.0033239655967035602 -0.069419882954705067 -0.0077842140185122579 -0.0800835440536906 0.063815210553596569 0.19017655003309422 0.0040968178286348031 0.030386390811761314 0.003541437167460804 0.0071648822225269812 0.03011425657329803 -0.00084886719909504904 0.057603305359047348 0.060540573797923998 0.0058041116484721664 -0.0094173901882642057 -0.0079118771399997439 0.0038487263964011036 0.043755363545313626 0.02729978908146902 0.0250539094836888 0.018647774107223628
decision_type=2 2 2 2 8 2 2 2 2 2 2 2 2 10 2 2 2 2 2 2 2 2 2 2 2 2 2 2 2 2
left_child=1 8 4 -4 5 -3 -7 -8 10 -10 -1 -12 -11 -13 15 16 18 -18 27 -20 23 24 26 -16 -22 -17 -19 28 29 -5
right_child=-2 2 3 14 -6 6 7 -9 9 12 11 13 -14 -15 20 25 17 22 19 -21 21 -23 -24 -25 -26 -27 -28 -29 -30 -31
leaf_value=2.3651593459309626e-05 -9.1578889405107569e-05 0.00029176016109620285 0.00032959234932177173 -1.4113541260525114e-05 -0.0002285307479895696 -0.0001761124092316023 0.00044063613014714176 -2.0291247092352898e-05 0.00014019202337114056 -0.00012749178383960862 -0.00057306115373614603 0.00025361681158532333 -0.0019755939548307916 -0.00011988381405413198 -0.00058447045157884292 3.6480321624520002e-05 8.9057685622187738e-05 -0.00043490093506939713 0.00016555954168177985 -0.00096085154787827962 -0.00048169166533322191 5.6824208470264494e-06 -0.0001397316769351171 6.6870680403802529e-05 -0.0001858771764711772 0.0003824839452142513 -0.00058031096184233343 3.2861942756660691e-05 -0.00068788533491116993 -0.0002202676280348601
leaf_weight=18441 18960 1631 3702 52186 5085 5299 1928 4738 3694 4802 341 13795 104 1164 359 59234 1213 1253 402 409 208 7096 1448 85473 2639 2318 166 41539 392 5688
leaf_count=18441 18960 1631 3702 52186 5085 5299 1928 4738 3694 4802 341 13795 104 1164 359 59234 1213 1253 402 409 208 7096 1448 85473 2639 2318 166 41539 392 5688
internal_value=0.000159485 0.000208831 0.000135651 0.000216672 -0.00101681 -0.000284642 -0.000695779 0.000732073 0.000700385 -0.000534884 0.00101523 0.0019085 -0.00205259 0.00212213 0.00017447 -1.32932e-05 -0.000325896 -0.00351716 -0.000196489 -0.00609741 0.000500392 -0.00100422 -0.00535926 0.00067469 -0.00365824 0.000518424 -0.00831924 -0.000148539 -0.000520372 -0.000435947
internal_weight=345707 326747 284406 265725 18681 13596 11965 6666 42341 8600 33741 15300 4906 14959 262023 166248 104696 4080 100616 811 95775 9943 2867 85832 2847 61552 1419 99805 58266 57874
internal_count=345707 326747 284406 265725 18681 13596 11965 6666 42341 8600 33741 15300 4906 14959 262023 166248 104696 4080 100616 811 95775 9943 2867 85832 2847 61552 1419 99805 58266 57874
is_linear=0
shrinkage=0.05


Tree=69
num_leaves=31
num_cat=0
split_feature=6 12 3 0 11 11 15 16 11 1 11 11 11 15 2 10 16 16 12 10 12 12 9 12 12 10 14 10 10 10
split_gain=5.2043 5.03581 4.3028 3.70455 3.51229 5.27406 4.38873 3.74365 6.06757 6.11384 4.66044 3.94296 4.64819 5.36478 3.77925 3.7266 4.07353 3.57559 9.05753 6.49435 3.49771 24.358 8.75562 6.35237 7.77755 5.80459 11.5754 5.36037 11.404 7.81931
threshold=-0.43164860323579379 -0.075828258528587975 -0.0016379591082579801 0.083032335043624297 0.037714619913018062 0.047360860375368914 0.0080047157931670849 0.0259323123501396 -0.026323618530511902 0.050438010019065012 0.036250382984596159 -0.0027765970231875543 -0.0038922440129086073 0.0066980321703017385 -0.023333711370243201 0.020743044846024853 0.06489597637624335 0.026294998937502093 0.025993732811080753 0.0030954007204008209 0.020704073700370865 0.020115024475367619 0.041352532566503515 0.024098951150824836 0.024444486921004319 -0.0065884615881859334 0.028651176652424008 0.0095301201573585476 0.0097813604305170294 0.0011106724976560625
decision_type=2 2 2 2 2 2 2 2 2 2 2 2 2 2 2 2 2 2 2 2 2 2 10 2 2 2 2 2 2 2
left_child=1 -1 -3 4 7 15 -7 20 9 -9 11 12 -10 -14 -12 -6 -17 18 -13 -20 21 -2 -23 -22 -25 -26 27 29 -29 -27
right_child=3 2 -4 -5 5 6 -8 8 10 -11 14 17 13 -15 -16 16 -18 -19 19 -21 23 22 -24 24 25 26 -28 28 -30 -31
leaf_value=0.00035890097001953393 -5.2221197705523102e-06 -4.5009411436526027e-07 4.713417204777584e-05 -0.00040024092768866737 0.00030059025106546209 -0.00013890059955382761 0.00013431060665474855 -0.00034730673374725059 -0.00013351924319132875 -0.00091710974724894744 -0.00088871143537420688 0.00016907132392407248 4.8614053159709638e-05 -0.00086631318737565802 -0.00028560894436133357 -8.5555631397497979e-06 -0.0020009308178040265 -1.0081290258644384e-05 -1.0348113831565557e-05 -0.00045043573473529534 0.0001862605958030473 -0.00036305473288006411 -0.0011349049233725648 -0.00028954720089646361 0.00015123829006235282 -1.3716783994392876e-05 -0.0001070747207539496 -0.0009822995839393544 -3.2218051493732024e-05 0.00010657419075837524
leaf_weight=1944 95354 46282 85580 1334 3618 1925 1502 53 1870 44 110 375 82 137 520 450 45 22907 149 260 6894 300 365 776 6759 19858 11066 322 7085 27858
leaf_count=1944 95354 46282 85580 1334 3618 1925 1502 53 1870 44 110 375 82 137 520 450 45 22907 149 260 6894 300 365 776 6759 19858 11066 322 7085 27858
internal_value=0.000171966 0.000416125 0.000378881 1.7876e-05 3.45068e-05 0.00109416 -0.000354537 -4.82398e-06 -0.000558909 -0.0130412 -0.000513063 -0.000409232 -0.00249162 -0.00938356 -0.0047619 0.00230124 -0.00176768 -0.000225613 -0.00354592 -0.00869193 7.83247e-05 -0.000125548 -0.00966165 0.000321144 0.000185421 0.000238389 9.5862e-05 0.000392123 -0.000859322 0.000586386
internal_weight=345824 133806 131862 212018 210684 7540 3427 203144 26507 97 26410 25780 2089 219 630 4113 495 23691 784 409 176637 96019 665 80618 73724 72948 66189 55123 7407 47716
internal_count=345824 133806 131862 212018 210684 7540 3427 203144 26507 97 26410 25780 2089 219 630 4113 495 23691 784 409 176637 96019 665 80618 73724 72948 66189 55123 7407 47716
is_linear=0
shrinkage=0.05


Tree=70
num_leaves=31
num_cat=0
split_feature=6 5 13 5 13 13 9 13 10 3 11 10 11 16 10 10 10 10 10 16 16 14 14 16 7 14 7 16 8 11
split_gain=5.38896 4.74852 4.05926 3.88521 3.52671 6.81351 4.82504 3.79314 7.72102 6.9205 4.19428 6.64163 5.27717 7.00688 7.04141 5.29309 5.27898 6.32336 6.65936 7.29162 6.74142 5.12392 6.78777 7.7242 4.85831 7.86354 4.84449 4.59921 4.12329 3.92261
threshold=-0.56804647930199959 0.034029371320075677 12.00999975204468 0.0093726341031035564 49.655000686645515 46.145000457763679 -0.19246632636295588 33.719999313354499 -0.029463592833469218 -0.0094690666887991531 -0.017686131484892616 -0.017312000709356064 -0.026323618530511902 0.033071553365151003 0.00048355916176134889 -0.003359521019770106 -0.015213589282174643 -0.011956440347234197 -0.012508695077667052 -0.080885148929532455 -0.02074182001241098 0.26245601507157795 0.15844695899744313 0.01490395011719692 0.01031589223039542 -0.010554721432184831 -0.057441162754668922 0.025576756689776662 -0.009770763797759539 -0.011292664141508811
decision_type=2 2 2 2 2 2 10 2 2 2 2 2 2 2 2 2 2 2 2 2 2 2 2 2 2 2 2 2 10 2
left_child=2 3 -1 -2 5 7 -7 8 9 28 11 21 13 14 15 16 -13 18 19 -18 -20 22 -10 -24 -19 -26 -16 -25 -5 -12
right_child=1 -3 -4 4 -6 6 -8 -9 10 -11 29 12 -14 -15 26 -17 17 24 20 -21 -22 -23 23 27 25 -27 -28 -29 -30 -31
leaf_value=-0.00017926045883596829 4.9421844717126047e-05 -0.00032137684281342149 4.0671068276492123e-05 -0.00087280239346534385 0.0016776858013350358 -0.00093919128314913123 -0.00026396890828107687 0.00032316372730957065 2.5730077467143143e-05 -5.828904107069283e-05 -8.5947500484852613e-05 0.00027839420553741316 0.00014994641873034868 -0.00080629320171582853 -0.00058205850825669421 0.00034089547067224171 -0.0031880477197584454 0.00017826831863011308 -0.00037184061538561819 -8.0096904702368671e-05 -0.0005210002021869462 0.00032273206763943149 -0.00030518122594805732 -0.001329411313268236 -0.00065305104205186587 -0.00010657411873108447 -0.00013217433746085888 -0.00028346728880276233 -0.0014745856641816904 -9.1608337786159572e-07
leaf_weight=750 19802 5160 105246 259 373 103 290 1507 1311 481 12805 1146 14418 41 524 2799 65 1884 196 1325 136 700 1355 58 71 482 2106 70 43 169910
leaf_count=750 19802 5160 105246 259 373 103 290 1507 1311 481 12805 1146 14418 41 524 2799 65 1884 196 1325 136 700 1355 58 71 482 2106 70 43 169910
internal_value=0.00016858 3.71734e-05 0.000465395 7.02213e-05 8.34681e-06 -1.1659e-07 -0.00657761 1.198e-05 -5.77308e-06 -0.00496169 1.25828e-05 0.000574651 0.000857977 2.08819e-05 9.96834e-05 0.00082922 -9.89631e-05 -0.000926905 -0.00324623 -0.00172662 -0.00960843 -0.00146823 -0.00242663 -0.00474376 0.000711941 -0.00340868 -0.00214829 -0.0164844 -0.010894 -7.56641e-05
internal_weight=345416 239420 105996 234260 214458 214085 393 213692 212185 783 211402 28687 25193 10775 10734 8104 5305 4159 1722 1390 332 3494 2794 1483 2437 553 2630 128 302 182715
internal_count=345416 239420 105996 234260 214458 214085 393 213692 212185 783 211402 28687 25193 10775 10734 8104 5305 4159 1722 1390 332 3494 2794 1483 2437 553 2630 128 302 182715
is_linear=0
shrinkage=0.05


Tree=71
num_leaves=31
num_cat=0
split_feature=5 13 4 6 14 14 14 13 13 13 14 13 13 9 12 15 16 14 12 15 12 12 1 8 13 12 9 0 12 14
split_gain=5.40745 4.79676 5.0015 4.47975 4.13073 13.6095 8.4335 9.66915 7.82655 10.8054 7.6897 9.68884 12.6587 9.03257 7.76337 7.65738 7.0956 7.27203 6.04966 5.07691 4.77558 5.75634 7.01395 4.64568 4.43455 9.65694 5.58256 4.38742 4.34332 4.87874
threshold=0.049381393987488427 12.00999975204468 0.01625297120739749 1.9490307234677389 0.083482873400912663 0.079095926518506735 0.094478150147642728 19.23499965667725 22.429999351501468 24.855000495910648 0.081032983629692037 15.855000019073488 16.675000190734867 0.2477935504660275 -0.0063801556439739273 -0.039305098541580145 0.01490395011719692 0.15844695899744313 -0.087458748104097359 -0.027456432013938655 -0.0039943573579758742 -0.0075921435528307204 -0.0057077824043477712 -0.05175298400302724 33.719999313354499 -0.062212447341067838 0.2385103070772662 0.004246225273086269 -0.05793872793170584 -0.069419882954705067
decision_type=2 2 2 2 2 2 2 2 2 2 2 2 2 10 2 2 2 2 2 2 2 2 2 10 2 2 10 2 2 2
left_child=1 -1 -3 4 5 18 -6 19 -9 16 11 -7 13 -13 -12 23 20 -18 -4 -8 21 -10 -23 -11 25 26 -17 -19 -20 -30
right_child=-2 2 3 -5 6 10 7 8 9 15 14 12 -14 -15 -16 24 17 27 28 -21 -22 22 -24 -25 -26 -27 -28 -29 29 -31
leaf_value=-0.00015505364741875318 -0.00087301823490500022 3.9679342415216736e-05 -0.00055868412474002695 -8.2279476953641109e-05 0.00027429839983811566 0.00026471017954641824 -0.00075259351488353671 0.00022181710092999539 -0.00015615731302015358 -8.9695644788206214e-05 -0.00041961795049805841 -0.00067852623367356275 -0.00031711918083989496 -0.0013679035424419886 4.0205003549250519e-05 -0.00028816446088270552 0.00029004392387867037 -0.0010374102504718049 0.00012825070813874702 -6.4809062684191194e-05 0.00016377384448095647 -0.00068853601023998584 0.00014040237652886863 -0.00064820932695946435 0.00072513845441384917 0.00023792332435586218 -0.0019134203978749765 -0.00033353929987928595 6.3019187800786194e-05 9.5760992890513196e-07
leaf_weight=1685 1362 46095 307 20196 4198 319 259 8151 2069 483 415 286 1436 40 1770 773 62 83 5816 8131 968 247 138 193 1501 3421 44 46 30825 204002
leaf_count=1685 1362 46095 307 20196 4198 319 259 8151 2069 483 415 286 1436 40 1770 773 62 83 5816 8131 968 247 138 193 1501 3421 44 46 30825 204002
internal_value=0.000141332 0.000153783 0.000166884 9.1482e-05 0.000144085 7.55662e-05 0.000690188 0.000361135 0.00100913 7.37936e-05 -0.00272386 -0.00489909 -0.00635074 -0.0152454 -0.000652174 0.00130553 -0.0021132 -0.0114921 0.00012513 -0.00104291 -0.00158971 -0.00276284 -0.00837662 -0.00372781 0.00189841 0.00107126 -0.00381273 -0.0182558 0.000134078 0.000100649
internal_weight=345321 343959 342274 296179 275983 245216 30767 26569 18179 10028 4266 2081 1762 326 2185 6415 3613 191 240950 8390 3422 2454 385 676 5739 4238 817 129 240643 234827
internal_count=345321 343959 342274 296179 275983 245216 30767 26569 18179 10028 4266 2081 1762 326 2185 6415 3613 191 240950 8390 3422 2454 385 676 5739 4238 817 129 240643 234827
is_linear=0
shrinkage=0.05


Tree=72
num_leaves=31
num_cat=0
split_feature=9 13 6 15 12 15 4 12 13 13 10 11 11 14 13 15 15 1 9 13 14 15 13 10 12 14 10 11 11 13
split_gain=5.42208 5.36097 5.65071 4.80692 4.67669 4.5818 3.99461 4.57913 3.78653 12.1448 7.63179 5.66369 5.75574 9.22836 6.09492 5.8213 11.9136 4.59464 4.5164 4.99033 7.60454 4.29832 4.21462 8.30684 4.31494 6.77227 5.75661 5.7216 5.80854 6.22236
threshold=0.27456253618443388 12.00999975204468 -0.43871604218544624 -0.0032813715494762748 -0.075828258528587975 0.0025238670287356384 0.06828356711186305 -0.018642190915216624 14.904999732971193 15.00500011444092 0.00090086479202544656 0.0029758326709653509 0.01137654205320693 0.077019604552505241 12.88000011444092 -0.0028665070332493654 -0.0030881874950133832 0.023201896277871729 0.21496154779577861 13.194999694824221 -0.029810288463271824 0.0012580984348306015 12.325000286102297 0.0014914798272115395 0.032681400814823743 -0.01932891273608783 0.015021993582677752 0.00066761306825102739 -0.0052557627867218506 14.340000152587892
decision_type=10 2 2 2 2 2 2 2 2 2 2 2 2 2 2 2 2 2 8 2 2 2 2 2 2 2 2 2 2 2
left_child=1 3 4 -1 -3 -5 -4 -8 11 10 -10 22 14 18 15 16 -13 -12 -14 20 -20 -15 23 -6 25 26 -24 28 -27 -30
right_child=-2 2 6 5 8 -7 7 -9 9 -11 17 12 13 21 -16 -17 -18 -19 19 -21 -22 -23 24 -25 -26 27 -28 -29 29 -31
leaf_value=-0.00040376732137293681 -9.5175108793092911e-05 0.00031717701507764565 4.6133631211977162e-06 7.4659617831671353e-05 -0.00047149688075802908 -0.00022805260599837666 6.8769024370057586e-05 -0.00089251623595884295 3.2693214373769638e-05 2.7617001803417458e-05 -0.00047872312045117943 -0.0001444542743076793 9.2655438763873297e-05 -0.00068618898992852469 0.00024256956474837262 0.00014381996578787944 -0.0011590314597043582 -0.00012040413970421294 -0.00044793437922182705 1.0362413644318141e-05 7.2670544398459344e-05 -0.00031563079102408143 0.00019747820956221159 0.00016807618944743538 0.00012082245803136517 -0.0002075079405967756 -0.00019733239337333744 -0.0003038383134789551 -0.00019325364684074162 0.00027423428217554063
leaf_weight=173 19138 1946 198173 729 179 646 815 853 595 82658 699 651 14458 42 6261 1993 47 331 336 3706 397 128 2178 205 3667 1678 169 824 823 1060
leaf_count=173 19138 1946 198173 729 179 646 815 853 595 82658 699 651 14458 42 6261 1993 47 331 336 3706 397 128 2178 205 3667 1678 169 824 823 1060
internal_value=0.000135549 0.000183506 0.000197493 -0.00275194 0.000461126 -0.00176364 3.25511e-05 -0.00240408 0.000422676 0.000234508 -0.00404615 0.000831401 0.00120615 0.00071511 0.00225201 0.000261985 -0.00366762 -0.00665049 0.000819442 -0.00057558 -0.00434516 -0.0108824 -0.000142354 -0.00528646 4.76009e-05 -0.0007041 0.00146357 -0.00186431 -0.000995507 0.000910781
internal_weight=345558 326420 324872 1548 125031 1375 199841 1668 123085 84283 1625 38802 28019 19067 8952 2691 698 1030 18897 4439 733 170 10783 384 10399 6732 2347 4385 3561 1883
internal_count=345558 326420 324872 1548 125031 1375 199841 1668 123085 84283 1625 38802 28019 19067 8952 2691 698 1030 18897 4439 733 170 10783 384 10399 6732 2347 4385 3561 1883
is_linear=0
shrinkage=0.05


Tree=73
num_leaves=31
num_cat=0
split_feature=5 11 11 15 15 15 13 13 11 11 11 13 16 15 9 5 16 0 8 11 13 11 13 13 11 15 11 11 9 16
split_gain=4.74854 4.36212 9.27343 9.16638 8.37873 7.27669 7.04716 7.02952 6.44124 8.65397 5.6655 9.58684 6.72166 5.57459 5.51357 5.30022 4.89517 4.68864 4.49173 6.17807 10.5206 9.38955 7.32828 5.13296 5.08253 7.99816 8.08526 7.58313 6.69952 5.32717
threshold=0.010069474984684797 -0.019741563271709391 -0.026323618530511902 0.005718575787047043 0.0069708860050059504 -0.039305098541580145 22.730000495910648 23.770000457763675 -0.022354679901405047 -0.022075871244429331 -0.019470544482977133 16.510000228881839 -0.013706167426147107 -0.01793364851816653 0.042678478150194106 0.019824596186087496 0.01490395011719692 -0.0043099330447161624 -0.20408910937163291 -0.0038922440129086073 21.389999389648441 -0.0018747861561404509 19.159999847412113 19.085000038146976 0.023193318891049478 -0.0039316544830313429 0.047954932638038301 0.024185912746781283 -0.078466683800402878 0.01721499259287074
decision_type=2 2 2 2 2 2 2 2 2 2 2 2 2 2 8 2 2 2 10 2 2 2 2 2 2 2 2 2 10 2
left_child=-1 2 3 5 -5 -2 -4 16 -9 15 11 12 14 -13 -3 -10 -8 -18 19 20 -12 -21 23 -23 -20 26 27 28 -26 -28
right_child=1 10 6 4 -6 -7 7 8 9 -11 18 13 -14 -15 -16 -17 17 -19 24 21 -22 22 -24 -25 25 -27 29 -29 -30 -31
leaf_value=3.8469713780637379e-05 -0.00032755280354470771 -0.0003302928650180698 0.000238816140545847 -0.00078621338455132992 -0.00016409640268828926 5.2808755023908655e-05 -0.0001883907833155144 0.00032592404018901564 -0.0001505368361512035 9.8257551190514446e-05 0.00035184045282414539 -0.0004104148712586078 -0.00029809668967322936 6.3416357121721183e-05 -0.0015716784451978918 -0.00089419754456794727 -0.0010286064618746586 -0.00016184312507083645 -3.543122677653123e-06 -0.00041310856180059831 -0.00039063527304714925 -0.00016241688639078279 8.5130276688088436e-05 -0.00063979857866958492 -0.0018722541013565441 8.587954421167992e-05 -0.00083307317701304543 -1.5964393708310344e-06 -0.00044903803461199179 -0.00026269077479295158
leaf_weight=45132 987 76 10554 443 2428 14596 705 2118 545 2503 2397 150 157 844 105 310 60 70 215445 487 891 3672 2411 409 55 32231 186 5053 228 448
leaf_count=45132 987 76 10554 443 2428 14596 705 2118 545 2503 2397 150 157 844 105 310 60 70 215445 487 891 3672 2411 409 55 32231 186 5053 228 448
internal_value=0.000135755 6.39466e-05 0.000585945 -0.000188577 -0.00278474 0.000289739 0.00143344 0.00011171 0.000763331 -0.00059857 -5.56071e-06 -0.00325826 -0.0105325 -0.000784708 -0.0170994 -0.00494152 -0.00416168 -0.0130769 1.0856e-05 -0.00101441 0.000772506 -0.00185628 -0.00135397 -0.00264518 5.23566e-05 0.000583885 -0.00109715 -0.000462893 -0.00842756 -0.00643533
internal_weight=345696 300564 35319 18454 2871 15583 16865 6311 5476 3358 265245 1332 338 994 181 855 835 130 263913 10267 3288 6979 6492 4081 253646 38201 5970 5336 283 634
internal_count=345696 300564 35319 18454 2871 15583 16865 6311 5476 3358 265245 1332 338 994 181 855 835 130 263913 10267 3288 6979 6492 4081 253646 38201 5970 5336 283 634
is_linear=0
shrinkage=0.05


Tree=74
num_leaves=31
num_cat=0
split_feature=11 12 10 15 10 12 13 11 3 1 11 12 14 12 10 10 13 15 12 12 16 14 15 16 6 11 12 12 10 12
split_gain=4.07446 10.1977 5.93357 8.91742 7.62722 14.1007 13.086 9.27464 9.30786 7.59303 5.8356 9.07793 5.41523 4.88181 8.85743 7.60786 6.31136 5.43996 4.87579 5.93254 6.20262 4.78201 4.47094 8.18454 4.44101 4.41589 4.40282 18.8983 17.9103 10.7855
threshold=-0.019741563271709391 -0.0047203102614324912 0.0033239655967035602 0.016004627502661743 -0.011956440347234197 -0.0800835440536906 31.844999313354496 -0.043674023036412872 -0.0028221079170303582 0.014491134949145558 -0.019470544482977133 0.020115024475367619 0.029042436871193015 -0.028936391066126051 -0.012508695077667052 -0.017312000709356064 20.375000000000004 -0.0022156287790106584 -0.018642190915216624 -0.015238336208515888 0.030195208429523172 0.11526544225394954 0.0017574584565811515 -0.0080252874827838033 -0.02909240150275676 -0.021422943055800999 0.020704073700370865 0.020115024475367619 -0.00075291424678586283 0.023603379375990999
decision_type=2 2 2 2 2 2 2 2 2 2 2 2 2 2 2 2 2 2 2 2 2 2 2 2 2 2 2 2 2 2
left_child=1 2 4 12 6 9 7 8 -1 -6 11 -2 -4 14 15 22 -15 -16 -7 -20 -21 -17 23 -9 -19 -25 27 -12 -29 -28
right_child=10 -3 3 -5 5 18 -8 13 -10 -11 26 -13 -14 16 17 21 -18 24 19 20 -22 -23 -24 25 -26 -27 29 28 -30 -31
leaf_value=-0.00093544214415486066 7.8690979305992806e-05 0.00025486249485429509 -0.00026782294705906298 0.00018873648714931116 -0.00027667231452171038 0.00027890203722996437 0.00037817907941408986 -0.00019391316980555887 1.1305678699168409e-05 -0.00059484950392258199 -3.7655279334728174e-06 -0.00045869936178292813 0.00030525874994392476 -0.00012150048716329882 -0.00035936535054575253 0.00060627071986130263 0.00017180567254798239 -0.00052870488130166485 -0.00013383795362826328 0.0002230995585854286 -0.00060717032367422986 -5.0631447831853541e-05 0.00022805659353523981 -0.00071393194263698443 -0.00043447694866121338 -0.0002251853574475593 0.00017413736357950089 -0.0011066913362936318 -0.00015389884661162672 1.4431312235011295e-05
leaf_weight=486 850 6302 3405 1680 786 7623 2538 1329 357 80 142452 854 435 1678 277 858 3357 55 1679 2474 82 1717 269 340 86 188 10661 429 873 151380
leaf_count=486 850 6302 3405 1680 786 7623 2538 1329 357 80 142452 854 435 1678 277 858 3357 55 1679 2474 82 1717 269 340 86 188 10661 429 873 151380
internal_value=0.000143816 0.00063168 0.000267315 -0.00122283 0.000580563 0.00145945 -0.000245659 -0.000992543 -0.00603203 -0.00469977 8.33988e-05 -0.00283451 -0.00255208 -0.000574158 -0.00166146 -0.00104127 0.000531281 -0.00863636 0.00190926 0.000548997 0.00206573 0.000786408 -0.00325494 -0.00412762 -0.0166312 -0.00939394 9.96585e-05 -0.000101771 -0.00609831 0.000278356
internal_weight=345580 38081 31779 5520 26259 12724 13535 10997 843 866 307499 1704 3840 10154 5119 4701 5035 418 11858 4235 2556 2575 2126 1857 141 528 305795 143754 1302 162041
internal_count=345580 38081 31779 5520 26259 12724 13535 10997 843 866 307499 1704 3840 10154 5119 4701 5035 418 11858 4235 2556 2575 2126 1857 141 528 305795 143754 1302 162041
is_linear=0
shrinkage=0.05


Tree=75
num_leaves=31
num_cat=0
split_feature=6 11 12 13 15 11 12 4 13 13 13 12 15 11 11 11 13 11 12 14 10 12 13 14 14 13 9 10 12 12
split_gain=4.50005 4.03884 6.89012 6.56263 6.84152 5.67791 9.55732 5.13436 4.94528 13.2727 11.8253 10.4844 9.58593 12.4348 8.34033 6.27346 27.3863 13.8857 13.1474 8.08883 10.9607 7.99749 7.90198 7.05413 26.3774 20.7684 6.76147 6.59147 15.297 15.1068
threshold=2.0180282858408765 -0.019741563271709391 -0.0047203102614324912 17.180000305175785 0.002352882409564772 -0.019470544482977133 0.020115024475367619 0.038941395762467267 14.805000305175783 15.00500011444092 14.904999732971193 0.060540573797923998 -0.0089574088195843431 0.02752921867583458 -0.0037732110910037582 -0.011292664141508811 15.574999809265138 -0.010447917606839994 -0.0063801556439739273 0.0045608735277805632 -0.013932241848525038 0.0066896408709551389 15.355000019073488 0.082844690184075601 0.079095926518506735 15.944999694824221 0.22579587344218569 0.0063312196970309884 0.044995709916922373 0.035278924713739175
decision_type=2 2 2 2 2 2 2 2 2 2 2 2 2 2 2 2 2 2 2 2 2 2 2 2 2 2 10 2 2 2
left_child=1 2 3 4 -1 6 -3 -8 11 10 12 -7 13 -10 -14 16 -11 -17 19 -18 -21 -20 -19 24 27 26 -26 29 -29 -24
right_child=-2 5 -4 -5 -6 8 7 -9 9 15 -12 -13 14 -15 -16 17 18 22 21 20 -22 -23 23 -25 25 -27 -28 28 -30 -31
leaf_value=-0.00074117064619613955 -6.9843769433012816e-05 0.00011173512103849139 0.00023500642061501337 4.4852667963894493e-05 -0.00010077836624828917 2.4662170075542796e-05 -0.00036654835174139731 -0.0020528745462192388 0.00030948469474686454 -0.00062338182941697922 -0.00029174291199036083 0.00022600766670293859 -0.00030751507209324659 -0.0030852402468076016 0.00012123866286338336 0.00040352150747848513 -4.5798231546119678e-05 0.00015355620865611558 0.00029726535786695429 9.9104974143557912e-05 -0.00029668614676215169 -2.8718505446004605e-05 -4.9849987862943116e-05 0.00012066926503808204 -0.0006669161910797959 -0.00018249569654379413 -0.0012444536695192126 0.00010302353791255587 -9.8306354622455821e-05 8.716625401817234e-05
leaf_weight=82 21754 813 5615 29084 333 88436 730 44 118 415 4201 5969 406 163 3799 2814 6115 10892 4335 1197 3100 5685 70020 12580 354 2423 49 31221 7020 25759
leaf_count=82 21754 813 5615 29084 333 88436 730 44 118 415 4201 5969 406 163 3799 2814 6115 10892 4335 1197 3100 5685 70020 12580 354 2423 49 31221 7020 25759
internal_value=0.000152319 0.000199091 0.000705417 0.000399844 -0.00584337 0.000137499 -0.00284499 -0.00682171 0.000153986 8.71994e-06 -0.00190112 0.000450453 -0.000115916 -0.00905694 0.00048157 9.88973e-05 -0.000717849 0.000203271 -0.000459573 -0.0017038 -0.0033663 0.000833334 0.000142155 4.73815e-05 -5.6779e-05 -0.00483723 -0.0153474 4.40235e-05 0.000598965 -0.000177544
internal_weight=345526 323772 35114 29499 415 288658 1587 774 287071 192666 8687 94405 4486 281 4205 183979 20847 163132 20432 10412 4297 10020 160318 149426 136846 2826 403 134020 38241 95779
internal_count=345526 323772 35114 29499 415 288658 1587 774 287071 192666 8687 94405 4486 281 4205 183979 20847 163132 20432 10412 4297 10020 160318 149426 136846 2826 403 134020 38241 95779
is_linear=0
shrinkage=0.05


Tree=76
num_leaves=31
num_cat=0
split_feature=9 13 15 6 9 15 11 7 11 10 10 10 12 13 13 14 10 7 15 1 9 7 13 13 13 11 12 14 16 9
split_gain=4.8548 4.66287 4.8874 4.15997 3.93088 3.82566 3.70803 3.78339 3.68101 6.30178 10.2957 7.85351 8.53373 5.89531 7.28763 4.87297 10.0215 9.0152 6.19204 4.10637 5.62715 3.94632 3.91062 10.2036 19.6935 16.2494 9.68211 9.95181 9.57329 8.65953
threshold=0.32451047090223512 12.00999975204468 -0.0032813715494762748 1.0232375881166564 -0.16761877401823719 0.0025238670287356384 -0.024572919887126395 -0.047294845294074399 -0.020508631147506503 0.0033239655967035602 0.0066461345858104268 -0.0077842140185122579 -0.0800835440536906 31.844999313354496 27.365000724792484 0.0250539094836888 -0.012508695077667052 0.015319163654611391 -0.0022156287790106584 -0.078865676850242747 -0.09158642237869645 -0.0063735076735358378 17.454999923706058 18.105000495910648 18.005000114440922 0.010137995050555572 0.060540573797923998 -0.067390067211169233 -0.044695619244572375 0.025835934491247107
decision_type=10 2 2 2 8 2 2 2 2 2 2 2 2 2 2 2 2 2 2 2 10 2 2 2 2 2 2 2 2 8
left_child=1 2 -1 8 6 -4 7 -5 9 11 19 13 -13 14 15 16 -3 18 -18 20 -11 -16 26 24 28 -26 27 -10 -24 -27
right_child=-2 3 5 4 -6 -7 -8 -9 22 10 -12 12 -14 -15 21 -17 17 -19 -20 -21 -22 -23 23 -25 25 29 -28 -29 -30 -31
leaf_value=-0.0003878388134955507 -0.00011982428670909288 0.00066546209319747981 6.5726821130286962e-05 -0.00049804331757240629 -1.2589887082370384e-05 -0.00023713389918691231 -0.00018623971708808611 -0.0010691847633776074 0.00013420463344348879 -0.00032188469385995499 0.00011909996644100499 -0.00066672983552703126 0.00024133124064223594 0.00039896142728064666 -0.00017963294601492009 7.1492833664396873e-05 -0.00014424063880900292 -0.0005598994524233079 -0.0004828074734611078 -0.00015069768962558351 -0.0010522881677472731 -0.00056916287723093623 -0.0014895151735208599 1.654524361731728e-05 -0.00014760992365700758 -0.00071313215771210206 0.00018831467359602098 1.2624473105820665e-05 -3.658149302802505e-05 -0.00028590539741152701
leaf_weight=162 12656 403 751 437 46532 664 1909 62 15851 101 2674 152 9327 1927 1221 9037 761 107 71 2073 75 319 40 69815 980 439 6689 147683 12238 327
leaf_count=162 12656 403 751 437 46532 664 1909 62 15851 101 2674 152 9327 1927 1221 9037 761 107 71 2073 75 319 40 69815 980 439 6689 147683 12238 327
internal_value=0.000161557 0.000198106 -0.00251427 0.000211019 -0.000214548 -0.00157244 -0.00218439 -0.00602204 0.000284793 0.000826253 -0.000799309 0.00116935 0.00227819 0.000410227 -4.61429e-06 0.000471626 -0.00233979 -0.00517039 -0.00341346 -0.00329257 -0.010625 -0.00321429 0.000224591 -5.49265e-05 -0.00128565 -0.0062543 0.00036226 0.000285996 -0.000579084 -0.0117102
internal_weight=345483 332827 1577 331250 48940 1415 2408 499 282310 28248 4923 23325 9479 13846 11919 10379 1342 939 832 2249 176 1540 254062 83839 14024 1746 170223 163534 12278 766
internal_count=345483 332827 1577 331250 48940 1415 2408 499 282310 28248 4923 23325 9479 13846 11919 10379 1342 939 832 2249 176 1540 254062 83839 14024 1746 170223 163534 12278 766
is_linear=0
shrinkage=0.05


Tree=77
num_leaves=31
num_cat=0
split_feature=5 14 14 10 10 9 13 14 14 13 8 1 13 9 12 11 2 11 9 15 14 13 8 14 4 4 11 10 3 2
split_gain=4.78039 4.72105 9.57924 15.5588 11.4505 9.63443 9.08178 8.70151 8.40638 6.39897 5.7927 6.35009 5.45321 5.26562 5.24952 5.28039 5.13794 4.81573 17.7567 8.04958 4.8315 6.20618 4.53292 4.48585 4.4232 4.4124 4.01304 5.23811 5.91761 8.83056
threshold=0.010576696320537237 0.083482873400912663 0.077019604552505241 -0.0041401831937402647 -0.0037750757818245657 0.26260070632303095 19.98499965667725 0.094478150147642728 0.079095926518506735 15.825000286102297 0.34108845155597717 -0.083168630196550172 16.675000190734867 -0.068239269654955345 -0.087458748104097359 -0.043674023036412872 -0.14485572033085345 0.0084762607672295171 -0.1315822948872378 -0.004043977463245473 0.34982669992859688 33.719999313354499 0.041666662955768825 0.45247854199056486 0.075211079315072829 0.027633910749148262 0.023193318891049478 -0.0015139540475078148 -1.0000000180025095e-35 0.13489985782476169
decision_type=2 2 2 2 2 10 2 2 2 2 8 2 2 8 2 2 2 2 10 2 2 2 10 2 2 2 2 2 2 2
left_child=-1 2 14 6 5 -5 -4 -3 22 -9 17 -12 -10 -8 16 -16 -2 20 -19 25 21 -11 -6 -22 26 -20 -17 28 -28 -30
right_child=1 7 3 4 8 -7 13 9 12 10 11 -13 -14 -15 15 24 -18 18 19 -21 23 -23 -24 -25 -26 -27 27 -29 29 -31
leaf_value=3.4780133659393919e-05 -0.00084007492631779407 0.00029210279706025089 0.00019831958271421854 -0.00061818723834903319 -0.000793801936381295 -0.0019860827958597805 -0.00059293265371740465 -0.00028350991844734469 1.438501688103887e-05 7.9341495757032497e-05 -0.0017139049054876487 -0.00015798906151238525 -0.00039389448749282312 -0.00010167309081405315 0.00066811912301303195 -3.5896629063761e-06 -0.00021460443201833663 0.00024526307995220828 -0.00083772717767279566 -0.00028919788845760408 -0.00053588098705015881 0.00074863391864671714 -0.00038934881160485263 1.2949914799912914e-05 -0.00047570153072856475 -0.0016533367676207734 1.8951016023119303e-05 6.5786587284056506e-05 -0.00024631692840579365 -0.0084921356763770703
leaf_weight=60156 104 4080 1814 260 190 41 159 922 957 21396 118 1465 1159 613 808 207551 318 753 112 139 717 1294 141 1197 2051 127 1344 34422 843 49
leaf_count=60156 104 4080 1814 260 190 41 159 922 957 21396 118 1465 1159 613 808 207551 318 753 112 139 717 1294 141 1197 2051 127 1344 34422 843 49
internal_value=0.000139879 5.44288e-05 -1.83129e-05 -0.00211474 -0.00473435 -0.0139369 0.000668987 0.000623453 -0.00360237 0.000311615 0.000449887 -0.00248579 -0.00244329 -0.00387306 2.687e-05 3.63869e-05 -0.00554502 0.000630465 -0.00255968 -0.0114021 0.00077711 0.000980608 -0.0110121 -0.00163532 2.31465e-05 -0.0169665 4.25662e-05 0.000524852 -0.00182021 -0.00497758
internal_weight=345300 285144 252824 5334 2748 301 2586 32320 2447 28240 27318 1583 2116 772 247490 247068 422 25735 1131 378 24604 22690 331 1914 246260 239 244209 36658 2236 892
internal_count=345300 285144 252824 5334 2748 301 2586 32320 2447 28240 27318 1583 2116 772 247490 247068 422 25735 1131 378 24604 22690 331 1914 246260 239 244209 36658 2236 892
is_linear=0
shrinkage=0.05


Tree=78
num_leaves=31
num_cat=0
split_feature=6 12 11 3 15 11 14 11 4 5 14 11 11 7 14 1 14 14 5 15 15 1 15 4 9 11 15 12 15 11
split_gain=5.3975 4.42629 3.33718 5.23258 8.79641 3.21208 3.03524 6.52576 2.93387 2.91408 3.17481 2.69113 6.51303 4.95058 3.67543 6.78518 4.36342 6.88767 3.77938 3.49591 4.70176 6.96881 3.19714 2.91911 2.88705 2.71481 8.09517 4.78075 19.1425 2.67018
threshold=0.19823820418423788 -0.075828258528587975 0.030136322053755719 0.039302842151940361 0.037331228257165068 0.077392985560090458 -0.015155298785694047 -0.023458930823045284 0.01305064691751971 0.026405568449036073 -0.12096344977185801 0.037714619913018062 0.036250382984596159 0.042994133753174409 -0.12635401997537379 0.01412683410373017 -0.048867405145294966 -0.048201737040391705 0.017869497563808266 -0.0023019683533678221 0.0018410862191362567 0.029584371928018886 0.0071762294545262293 0.08555080438829793 0.10212534560426691 0.047360860375368914 -0.0033803734095926292 0.0053623366190914687 0.0080047157931670849 0.0044457003054257935
decision_type=2 2 2 2 2 2 2 2 2 2 2 2 2 2 2 2 2 2 2 2 2 2 2 2 8 2 2 2 2 2
left_child=1 6 3 9 -5 8 7 -1 -3 10 29 12 23 19 15 18 -16 22 -13 -14 21 -21 -18 -10 -22 27 -27 28 -19 -2
right_child=2 5 -4 4 -6 -7 -8 -9 11 -11 -12 14 13 -15 16 -17 17 25 -20 20 24 -23 -24 -25 -26 26 -28 -29 -30 -31
leaf_value=-0.00037450651862742587 4.0470295307560791e-05 8.030469194623937e-05 8.7374492155887367e-05 -0.00022543968982164519 -0.0011517074479792362 -0.00026393815238355214 0.0004432725220739375 0.00030128655722813701 1.9031488707938617e-05 -0.00026322146433529879 -1.4615500723795414e-05 1.0148648114317665e-05 0.00027674600283534781 7.1255581395630852e-05 0.0002696507282702312 1.7245142116995626e-05 -0.00067385376229329996 9.7425246405592378e-05 -0.0010311664366859112 -0.00071615588380077215 -0.00051528996328589608 -0.001559830666158222 9.521211048881136e-06 -0.00067010105926561584 -1.1972704661070556e-06 -0.00054960912068567516 6.477886707828368e-05 0.00031056160626028747 -0.001216573494476565 0.00040545334347210412
leaf_weight=500 2738 5669 7549 1848 116 402 1939 729 212273 5213 93616 44 73 232 2553 503 245 671 89 71 230 61 156 739 163 288 2690 2505 79 1110
leaf_count=500 2738 5669 7549 1848 116 402 1939 729 212273 5213 93616 44 73 232 2553 503 245 671 89 71 230 61 156 739 163 288 2690 2505 79 1110
internal_value=0.000149872 0.000287114 -0.000135039 -0.000208283 -0.00276477 0.000261518 0.00214331 0.000199349 0.000269345 -0.000159383 -9.77795e-05 0.000240874 0.000203702 -0.00421687 0.00105009 -0.00262579 0.00130456 0.00062858 -0.0126692 -0.00662207 -0.00804762 -0.0162121 -0.00572319 0.000220927 -0.00530534 0.00103722 -5.37271e-05 0.00203533 -0.00146667 0.00130977
internal_weight=345094 232904 112190 104641 1964 229736 3168 1229 229334 102677 97464 223665 213842 830 9823 636 9187 6634 133 598 525 132 401 213012 393 6233 2978 3255 750 3848
internal_count=345094 232904 112190 104641 1964 229736 3168 1229 229334 102677 97464 223665 213842 830 9823 636 9187 6634 133 598 525 132 401 213012 393 6233 2978 3255 750 3848
is_linear=0
shrinkage=0.05


Tree=79
num_leaves=31
num_cat=0
split_feature=6 11 12 13 15 12 11 11 13 13 11 10 12 12 9 10 15 15 9 12 15 10 14 10 4 10 13 13 15 11
split_gain=4.18653 4.29627 7.25825 6.4384 6.63877 5.04539 4.73111 12.715 10.5231 16.7938 10.1478 9.45801 9.27868 11.8628 8.85438 5.89458 5.49172 28.0719 8.80962 6.70254 5.40924 5.34706 7.04228 7.98234 4.87069 4.8313 7.71197 12.0309 13.0298 11.496
threshold=2.1785692888027195 -0.019741563271709391 -0.0047203102614324912 17.180000305175785 0.002352882409564772 -0.0054605292938276753 -0.011292664141508811 -0.010447917606839994 14.715000152587892 15.574999809265138 -0.011813269287442195 0.011920444986762148 -0.0063801556439739273 0.024098951150824836 0.25745925132274255 0.00038112321022931722 -0.00058068226872715057 0.00063308338141865328 0.13431265630472047 0.0090147692043446321 -1.0000000180025095e-35 -0.018534133998249432 0.019226293465225867 0.010636898013684839 0.015315606570067485 -0.0077842140185122579 17.744999885559086 19.23499965667725 -0.011200066164790299 -0.0057500660136146622
decision_type=2 2 2 2 2 2 2 2 2 2 2 2 2 2 8 2 2 2 8 2 2 2 2 2 2 2 2 2 2 2
left_child=1 2 3 4 -1 -5 8 -8 -3 14 12 16 21 -14 -10 -15 -12 20 -19 -20 -18 -11 23 -23 -25 26 29 28 -28 -9
right_child=-2 6 -4 5 -6 -7 7 25 9 10 11 -13 13 15 -16 -17 17 18 19 -21 -22 22 -24 24 -26 -27 27 -29 -30 -31
leaf_value=-0.00072524305789552321 -7.7863256472069829e-05 0.00024037168271050319 0.0002388700121349008 5.3130097396892188e-05 -0.00010149984173653223 -0.00033840281956998931 0.00028673184007566753 -0.00012547058310611984 -0.00025441482423327956 0.00056960024368678762 -0.00018427198701660301 0.00067874438301763107 0.00022245688550010163 -0.00023978368568345262 -0.00069140086656142017 6.0157074282469519e-05 -0.00072683840325607572 -3.3695444070958501e-05 -0.00076812199700578932 -3.4839376339301441e-05 -0.0014714528841374913 5.0519288695722698e-05 -0.00022445055528163413 -0.00064018669682970326 -0.00028498993929067029 7.6698012117391126e-06 -0.00052980826887388821 0.00012003968855124766 -6.0358292218533619e-06 0.00027277012600358482
leaf_weight=77 19001 2437 5716 29127 341 388 3661 1179 766 416 1291 393 7008 1559 453 1204 41 604 253 146 84 4490 3091 40 1164 244302 1106 7512 1960 5952
leaf_count=77 19001 2437 5716 29127 341 388 3661 1179 766 416 1291 393 7008 1559 453 1204 41 604 253 146 84 4490 3091 40 1164 244302 1106 7512 1960 5952
internal_value=0.000148108 0.000190063 0.000708155 0.000396385 -0.00576555 0.000483653 0.000126618 0.000188993 -0.000524764 -0.000855758 -0.000536173 -0.00333926 -0.000120704 0.000952308 -0.00656686 -0.00182229 -0.00450806 -0.00705674 -0.00427218 -0.0100376 -0.0294 -0.00126019 -0.00152248 -0.000479452 -0.00409468 0.000148105 0.000945565 8.88639e-05 -0.00255055 0.00221638
internal_weight=345762 326761 35649 29933 418 29515 291112 265672 25440 23003 21784 2812 18972 9771 1219 2763 2419 1128 1003 399 125 9201 8785 5694 1204 262011 17709 10578 3066 7131
internal_count=345762 326761 35649 29933 418 29515 291112 265672 25440 23003 21784 2812 18972 9771 1219 2763 2419 1128 1003 399 125 9201 8785 5694 1204 262011 17709 10578 3066 7131
is_linear=0
shrinkage=0.05


Tree=80
num_leaves=31
num_cat=0
split_feature=6 12 5 3 11 13 13 2 15 4 11 11 16 11 16 0 13 13 12 11 15 2 11 16 11 12 12 12 12 12
split_gain=5.37839 4.43641 3.7678 3.74983 3.41614 3.01971 3.48883 4.09703 3.99119 2.96082 3.02827 4.77968 3.5352 3.58614 6.04786 6.91823 4.75038 5.99228 5.40162 4.43422 5.14059 4.39838 4.02202 3.66707 3.30685 2.89803 3.4983 2.82841 12.8838 6.2378
threshold=-0.34949027166077812 -0.075828258528587975 0.034029371320075677 -0.0035311727604839245 0.077392985560090458 49.655000686645515 46.145000457763679 -0.1037653261062924 -0.0046888832920414228 0.011817996214467996 0.040036417291261513 0.047360860375368914 0.0259323123501396 0.036250382984596159 0.06489597637624335 0.018987059229493401 16.469999313354496 16.355000495910648 0.0048491257127185614 -0.0027765970231875543 0.0066980321703017385 -0.022556382967451102 -0.026323618530511902 0.028369801627223138 0.037714619913018062 0.11925837683918029 0.12528219708767233 0.020704073700370865 0.020115024475367619 0.023603379375990999
decision_type=2 2 2 2 2 2 2 2 2 2 2 2 2 2 2 2 2 2 2 2 2 2 2 2 2 2 2 2 2 2
left_child=1 -1 5 -3 -5 6 9 8 -8 -2 12 -12 25 16 21 -16 17 19 -19 20 -14 24 -18 -21 -15 27 -27 28 -11 -29
right_child=2 3 -4 4 -6 -7 7 -9 -10 10 11 -13 13 14 15 -17 22 18 -20 23 -22 -23 -24 -25 -26 26 -28 29 -30 -31
leaf_value=0.00026281352667537798 0.00014653944254130235 -9.7912846109954412e-06 -0.00032018122496427746 3.8426392847382779e-05 -0.00030225053022969354 0.0015682759598697746 -0.00092905671259524913 8.8485523730689148e-06 -0.00016818795558647121 -8.3945861775204698e-06 0.00028017465683770186 -1.8096471619595327e-05 -9.8650873988738029e-05 -0.00090721357563213845 -0.0016830828336717664 -0.00019845500380643818 -0.00067683722379602122 -0.00099305136716681583 -0.0001645716165221123 -0.0002165537996823444 -0.00071278491022499601 -2.4455492768164539e-05 5.8439606812302867e-05 -2.1567336794022147e-05 -0.00027226885546822928 -0.00070200044279876308 -0.00013053413011598189 0.00019469246623754664 -0.00061398045778369601 1.2214613871904478e-05
leaf_weight=2184 1541 35339 4064 112217 285 358 81 212 104 85918 2705 2936 377 96 65 53 84 197 372 1949 271 800 9020 11373 130 120 691 5729 592 66045
leaf_count=2184 1541 35339 4064 112217 285 358 81 212 104 85918 2705 2936 377 96 65 53 84 197 372 1949 271 800 9020 11373 130 120 691 5729 592 66045
internal_value=0.000133822 0.000359107 -3.87219e-05 0.00032606 0.000467192 -6.8031e-06 -1.53815e-05 -0.00469773 -0.0101351 -5.65237e-06 -2.34007e-05 0.00111771 -5.84068e-05 -0.00061383 -0.0033479 -0.0140678 -0.000481538 -0.00104237 -0.00607206 -0.000837509 -0.00487654 -0.00211501 0.000414104 -0.000641045 -0.00827434 2.8128e-05 -0.00295314 4.34032e-05 -0.000149116 0.000275448
internal_weight=345908 150025 195883 147841 112502 191819 191461 397 185 191064 189523 5641 183882 24787 1144 118 23643 14539 569 13970 648 1026 9104 13322 226 159095 811 158284 86510 71774
internal_count=345908 150025 195883 147841 112502 191819 191461 397 185 191064 189523 5641 183882 24787 1144 118 23643 14539 569 13970 648 1026 9104 13322 226 159095 811 158284 86510 71774
is_linear=0
shrinkage=0.05


Tree=81
num_leaves=31
num_cat=0
split_feature=5 12 14 14 16 15 12 10 12 10 11 10 15 10 11 16 16 16 11 14 11 11 11 12 11 12 12 10 9 12
split_gain=3.93159 3.84933 12.1503 9.24086 8.1941 6.29212 7.69372 9.95726 5.8635 10.1623 12.4632 7.19222 7.11692 9.7423 9.67762 8.14564 6.80826 9.68684 10.4361 6.53621 5.87016 8.57842 8.06709 6.41674 9.32251 6.77091 14.0706 17.176 8.77099 7.77358
threshold=0.049381393987488427 -0.026063395053075141 0.15844695899744313 0.10035719925481736 -0.057844844576566128 -0.020058431641209126 -0.052281358654850445 -0.0017418859842210919 -0.014290771365627284 0.0092344351500740513 0.0029758326709653509 0.012484790292373706 -0.024245460009787331 -0.0012648556783600438 0.0084762607672295171 0.020100340686487698 0.0014504909040998772 0.0051851845278130257 0.0033390642462027835 -0.011027468798592786 -0.018044492725928726 -0.026323618530511902 -0.028866673855592325 -0.0082551652511544376 -0.016157928863008927 0.020704073700370865 0.020115024475367619 -0.00075291424678586283 0.13985605303192475 0.023603379375990999
decision_type=2 2 2 2 2 2 2 2 2 2 2 2 2 2 2 2 2 2 2 2 2 2 2 2 2 2 2 2 10 2
left_child=1 2 3 4 5 -1 -7 -8 9 12 11 -11 14 -14 -3 16 19 18 -18 -15 21 22 -10 24 -22 26 -25 -28 -29 -27
right_child=-2 8 -4 -5 -6 6 7 -9 20 10 -12 -13 13 15 -16 -17 17 -19 -20 -21 23 -23 -24 25 -26 29 27 28 -30 -31
leaf_value=0.00035698129803816205 -0.00078372177467520053 -0.00014626561567384692 -0.00017807194186728536 0.00030987999993927449 6.0722015777677862e-05 -0.00019474622198402755 -0.0017242535585311317 -0.00041496419569701223 6.6340148119586331e-05 0.00036490417697143348 0.0003694623311518055 -0.00033761135846988716 1.5707510742622884e-05 -0.00027878264682524369 -0.0011762596560659115 2.934798923692134e-05 -0.00024428614446066253 -0.00029338568052605755 -0.0010694744585219049 7.4238197156577458e-05 -0.00025134665544126062 0.00018714157908510337 -0.00020104482714598129 -1.8965635391983066e-05 0.00030978835481070471 0.00015904448729788206 -0.0011391012360456153 0.00016277222116038993 -0.00057524262683915253 1.0772300220105499e-05
leaf_weight=340 1338 217 3786 7153 37140 665 146 262 3367 409 2527 1253 6844 2345 117 2011 185 1528 210 1292 423 11417 1696 92009 5809 9686 424 614 246 149747
leaf_count=340 1338 217 3786 7153 37140 665 146 262 3367 409 2527 1253 6844 2345 117 2011 185 1528 210 1292 423 11417 1696 92009 5809 9686 424 614 246 149747
internal_value=0.000119146 0.000129672 0.000537663 0.000763138 0.000456904 -0.00328025 -0.00515843 -0.0105637 6.10785e-05 -0.000789946 0.00138339 -0.00197954 -0.00140721 -0.00124003 -0.00862275 -0.00247589 -0.00346223 -0.00586843 -0.0128481 -0.00218999 0.000119592 0.00103459 -0.000678451 6.13615e-05 0.00164634 2.22773e-05 -0.000316047 -0.00551402 -0.00145349 0.000220249
internal_weight=345206 343868 49492 45706 38553 1413 1073 408 294376 18938 4189 1662 14749 14415 334 7571 5560 1923 395 3637 275438 16480 5063 258958 6232 252726 93293 1284 860 159433
internal_count=345206 343868 49492 45706 38553 1413 1073 408 294376 18938 4189 1662 14749 14415 334 7571 5560 1923 395 3637 275438 16480 5063 258958 6232 252726 93293 1284 860 159433
is_linear=0
shrinkage=0.05


Tree=82
num_leaves=31
num_cat=0
split_feature=13 6 13 13 13 10 11 12 5 13 13 13 10 16 16 16 11 9 13 9 10 12 10 12 8 11 10 10 0 11
split_gain=4.94368 4.2268 3.35413 3.71553 5.31429 6.50703 4.42738 3.32479 3.27519 3.26759 5.35081 6.0472 6.16704 4.9251 8.06816 4.67393 4.66027 4.57516 6.53611 8.6509 5.03398 4.9305 4.58456 4.36537 6.27748 3.58183 3.5306 11.0273 3.5195 5.19221
threshold=12.00999975204468 -0.32843469023748117 49.655000686645515 43.015001296997077 33.719999313354499 -0.029463592833469218 -0.035697741943328191 -0.075828258528587975 0.034029371320075677 14.805000305175783 15.00500011444092 14.904999732971193 0.00090086479202544656 0.029360069299305017 0.020394330994182756 0.02322364445021086 -0.0037732110910037582 0.19877482602144728 13.234999656677248 0.19877482602144728 -0.0028568237545411042 0.037776300760474342 -0.0028966274865073745 0.036954830574428173 0.078012587872499109 0.00081108963534770606 0.00576779418841289 0.0062898398934669872 -0.0084022056234143144 0.0023539165511853315
decision_type=2 2 2 2 2 2 2 2 2 2 2 2 2 2 2 2 2 8 2 10 2 2 2 2 10 2 2 2 2 2
left_child=-1 7 3 4 5 6 -3 -2 -7 17 11 16 -13 14 25 -16 -11 -9 19 -19 22 23 -21 -20 -25 -14 -22 -28 29 -12
right_child=1 2 -4 -5 -6 8 -8 9 -10 10 28 12 13 -15 15 -17 -18 18 21 20 26 -23 -24 24 -26 -27 27 -29 -30 -31
leaf_value=-0.00017241483902369115 0.00023984473918772388 -0.00076606041157424663 0.0017227076812199428 -0.00024677729668634384 0.00047244191909595769 1.8449405067947787e-06 -3.7428585324422504e-05 7.5657156567182244e-05 -0.00029981023331333064 -0.00024801589842156412 3.025029563556896e-05 2.4966687905881056e-05 1.9903652406930517e-05 2.0397970288873202e-05 -0.0012890255835194874 -0.000101731173843321 8.244963102966973e-05 -0.00031823637703078708 1.3057681751111082e-05 0.00013014599042503343 0.0001320484156664063 0.00016610055069204204 -0.0010299847608543856 -0.00010493082783338908 -0.0006755758311765334 -0.00041896394028624877 -0.001771917989010077 3.2225033709451311e-05 3.3397597546437419e-05 -0.00010449908636454532
leaf_weight=1717 2200 389 391 832 1102 183732 374 30655 3635 281 13385 693 215 306 62 57 2067 1107 6304 85 1866 4314 100 636 180 719 102 454 77463 9873
leaf_count=1717 2200 389 391 832 1102 183732 374 30655 3635 281 13385 693 215 306 62 57 2067 1107 6304 85 1866 4314 100 636 180 719 102 454 77463 9873
internal_value=0.00013403 0.000147404 -9.84466e-06 -1.93617e-05 -4.70304e-06 -2.49825e-05 -0.00463303 0.00034299 -6.21756e-06 0.000314861 0.000161291 -0.00154545 -0.00352826 -0.00548565 -0.00710826 -0.0193697 0.000187394 0.000667315 -4.35699e-05 -0.00186591 -0.000293441 0.000548365 -0.00824324 -0.000259831 -0.00370098 -0.00554604 0.00031379 -0.00318345 0.00023585 -0.000303551
internal_weight=345296 343579 190455 190064 189232 188130 763 153124 187367 150924 105121 4400 2052 1359 1053 119 2348 45803 15148 3714 2607 11434 185 7120 816 934 2422 556 100721 23258
internal_count=345296 343579 190455 190064 189232 188130 763 153124 187367 150924 105121 4400 2052 1359 1053 119 2348 45803 15148 3714 2607 11434 185 7120 816 934 2422 556 100721 23258
is_linear=0
shrinkage=0.05


Tree=83
num_leaves=31
num_cat=0
split_feature=12 14 14 14 13 12 14 14 13 13 14 7 13 13 12 10 8 10 10 13 11 12 14 12 14 11 9 13 14 9
split_gain=4.05442 9.07557 10.4907 13.3084 9.52396 8.97914 9.39714 8.40469 7.93351 7.38699 7.23843 7.17318 6.87743 10.2673 9.73061 8.39074 7.76878 7.62136 6.41105 14.3047 6.37688 6.29911 6.02988 5.91694 13.269 6.28427 5.81108 5.3884 11.2279 7.87847
threshold=-0.023732636933337933 0.15844695899744313 0.02729978908146902 0.019226293465225867 38.065000534057624 -0.017433916297808435 -0.071225645536492452 -0.0056306847578752031 15.684999942779543 25.319999694824222 0.013647468145900345 0.012621233027565683 20.060000419616703 19.625000000000004 0.011040694977268452 0.011920444986762148 0.00066206611352581668 0.0097813604305170294 -0.013932241848525038 18.564999580383304 -0.013165495067365194 -0.0063801556439739273 0.0099337720355521259 -0.010763089356595755 0.037268874881587817 -0.029337474403061222 -0.19246632636295588 27.070000648498539 0.083482873400912663 0.19877482602144728
decision_type=2 2 2 2 2 2 2 2 2 2 2 2 2 2 2 2 10 2 2 2 2 2 2 2 2 2 10 2 2 8
left_child=1 2 3 8 -3 6 9 11 -1 -2 22 20 13 18 -15 21 -17 -16 19 -7 -8 -14 -10 24 25 -20 -11 -4 -29 -30
right_child=5 4 27 -5 -6 12 7 -9 10 26 -12 -13 15 14 17 16 -18 -19 23 -21 -22 -23 -24 -25 -26 -27 -28 28 29 -31
leaf_value=0.00037201411718285618 0.00031742036140684668 -0.00029497887196160735 0.0002397821856128809 -0.00029675511001530248 0.00018231497411970378 -2.3565368902006147e-05 -0.0001286506578066351 -6.5660496903486394e-05 7.3459175417812552e-06 -0.0008200549266569985 0.00034337930957752209 2.3849171869895562e-05 -4.0739432289162582e-06 0.00044082250087913586 -0.00026297305967495915 -0.0004401101987871841 7.9061630082186954e-05 0.00037126040082638667 -0.00030916498907164453 -0.00059287716566079141 -0.00051444204903207174 0.00015507183353633813 -0.00042615163780138277 4.0602840648521326e-06 -0.00052052535787683492 0.00035294763924592978 -6.9667643887669713e-05 -0.00042313475933102891 0.00029908485769884595 -0.0010419253289309705
leaf_weight=2112 1675 2562 13502 1264 1264 2539 1146 4238 27878 105 1694 752 9311 839 3392 1030 1104 428 427 826 1481 18679 432 238971 423 3375 756 850 1996 111
leaf_count=2112 1675 2562 13502 1264 1264 2539 1146 4238 27878 105 1694 752 9311 839 3392 1030 1104 428 427 826 1481 18679 432 238971 423 3375 756 850 1996 111
internal_value=0.000112585 0.000511973 0.000692129 0.000182744 -0.00183481 3.90572e-05 -0.00142175 -0.00229946 0.000380807 0.00121451 0.000172311 -0.00415951 9.1774e-05 6.17008e-06 -0.00231917 0.00080567 -0.00221649 -0.00339005 5.01095e-05 -0.00211738 -0.00539208 0.00103608 -1.76614e-05 8.01002e-05 0.00193491 0.00286954 -0.00254936 0.0017252 -0.000207981 0.00174893
internal_weight=345162 53665 49839 33380 3826 291497 10153 7617 32116 2536 30004 3379 281344 251220 4659 30124 2134 3820 246561 3365 2627 27990 28310 243196 4225 3802 861 16459 2957 2107
internal_count=345162 53665 49839 33380 3826 291497 10153 7617 32116 2536 30004 3379 281344 251220 4659 30124 2134 3820 246561 3365 2627 27990 28310 243196 4225 3802 861 16459 2957 2107
is_linear=0
shrinkage=0.05


Tree=84
num_leaves=31
num_cat=0
split_feature=9 13 15 1 15 13 13 13 10 11 11 10 10 10 12 7 14 11 11 13 14 13 13 13 13 14 11 11 14 11
split_gain=4.4468 4.21483 3.5507 4.06881 3.78962 3.42317 3.99256 7.02418 4.01572 5.57359 3.78788 6.0125 10.3348 10.1709 5.59416 4.76183 6.07038 3.90172 9.56007 21.5679 12.7065 8.45609 9.65238 14.2818 13.4072 12.7971 11.9762 17.7515 15.3588 11.3619
threshold=0.32451047090223512 12.00999975204468 -0.0034672734266124601 -0.0091959264016884795 0.0025238670287356384 49.655000686645515 43.015001296997077 33.719999313354499 -0.023232598164511228 -0.035697741943328191 -0.020508631147506503 0.0033239655967035602 0.0085637824759853282 -0.0077842140185122579 -0.0060576266270382919 -0.013470613283755704 -0.051673805703282331 0.0035972804909069071 0.0026239075592757737 14.97499990463257 -0.046520346015414375 19.814999580383304 15.97499990463257 16.469999313354496 17.454999923706058 1.0000000180025095e-35 0.010681945196443056 0.0066220138343902066 -0.073050802278400592 0.0070460817852476829
decision_type=10 2 2 2 2 2 2 2 2 2 2 2 2 2 2 2 2 2 2 2 2 2 2 2 2 2 2 2 2 2
left_child=1 2 3 -1 -4 6 7 8 9 -3 11 13 15 14 -10 16 -13 18 -12 20 -20 22 -19 29 25 -25 27 28 -26 -24
right_child=-2 5 4 -5 -6 -7 -8 -9 10 -11 17 12 -14 -15 -16 -17 -18 21 19 -21 -22 -23 23 24 26 -27 -28 -29 -30 -31
leaf_value=0.0001910304996210412 -0.00011894230029734642 -0.00050564412861241789 5.8517454798605157e-05 -0.00043110296526083079 -0.00020278187386436791 0.0014985821013362654 -0.00022789735467460619 0.00047770694767734561 -2.9273365246893825e-05 7.2463205663260945e-05 5.8466439343634572e-06 -0.00054301939639827906 0.0001324007579237544 0.00021238127629836197 0.00020650772577211817 -2.9158713724152686e-05 -0.00010353709120494504 4.3962117358403828e-05 -0.00023495897410022036 -0.00028200515087305043 0.00018405300452206845 0.00013424142247746832 -0.00037818124417159853 0.00020261303753480554 -0.00032658191717079769 -2.4561947409017067e-05 1.6876829238760106e-05 -0.00026378487351461343 0.00013426506977086698 -8.15617091124232e-05
leaf_weight=40 12622 845 823 82 662 430 850 1679 11074 811 111336 757 2948 11196 2845 1422 1162 90563 784 6561 3647 16248 2451 11570 418 9289 20127 7297 4857 10133
leaf_count=40 12622 845 823 82 662 430 850 1679 11074 811 111336 757 2948 11196 2845 1422 1162 90563 784 6561 3647 16248 2451 11570 418 9289 20127 7297 4857 10133
internal_value=0.00014556 0.000180486 -0.00237399 -0.0105738 -0.00170034 0.000192877 0.000187083 0.000195897 0.000179402 -0.00227657 0.000191852 0.000713922 -0.000668628 0.00106012 0.000157698 -0.00257258 -0.0041975 0.000136328 -7.97853e-05 -0.00148654 0.00120853 0.000289183 0.000176606 -0.000282574 7.35653e-05 0.00106405 -0.000558274 -0.00176901 0.000440758 -0.00179832
internal_weight=345529 332907 1607 122 1485 331300 330870 330020 328341 1656 326685 31404 6289 25115 13919 3341 1919 295281 122328 10992 4431 172953 156705 66142 53558 20859 32699 12572 5275 12584
internal_count=345529 332907 1607 122 1485 331300 330870 330020 328341 1656 326685 31404 6289 25115 13919 3341 1919 295281 122328 10992 4431 172953 156705 66142 53558 20859 32699 12572 5275 12584
is_linear=0
shrinkage=0.05


Tree=85
num_leaves=31
num_cat=0
split_feature=6 14 14 10 10 13 14 10 0 16 9 10 11 10 7 16 0 11 13 11 11 15 9 15 7 9 15 3 16 16
split_gain=3.69306 3.07639 10.796 12.6962 9.82953 8.90177 5.59766 5.20975 5.02064 5.2058 4.99823 4.8287 7.70819 5.47414 4.431 4.2578 3.78946 3.57925 3.55241 3.53205 3.50149 3.45699 3.34366 4.15459 3.34405 3.07436 3.37144 3.60554 2.93318 2.92356
threshold=0.19823820418423788 0.083482873400912663 0.077019604552505241 -0.0041401831937402647 -0.0037750757818245657 19.98499965667725 0.079095926518506735 -0.0018375961202146127 0.0014613860410790382 0.012972280415444183 -0.074300177755664318 -0.0056282677308486786 0.0044457003054257935 -0.007321192598677361 -0.017559654537487476 0.0070468421567491122 -0.013879081409106873 0.04888400580692865 16.675000190734867 0.015185778563904908 -0.022762768939498131 -0.0037078855697001973 0.3483526757092163 -0.00071039811271894615 1.0000000180025095e-35 -0.040622855501496406 0.0055227491341771637 -0.007371108652053481 -0.048761058822617491 -0.00026623937926217861
decision_type=2 2 2 2 2 2 2 2 2 2 8 2 2 2 2 2 2 2 2 2 2 2 8 2 2 8 2 2 2 2
left_child=1 2 16 5 -5 19 8 11 -6 -10 -7 13 14 15 -13 22 17 21 -8 -4 -17 -1 -3 28 -25 -20 29 -28 -24 -27
right_child=-2 7 3 4 6 10 18 -9 9 -11 -12 12 -14 -15 -16 20 -18 -19 25 -21 -22 -23 23 24 -26 26 27 -29 -30 -31
leaf_value=2.060834913287059e-05 -7.2336573848430742e-06 0.00011143847369290836 0.00051933511509357009 -0.0007840011494990673 -2.3436156911474747e-05 -0.00065929946692338084 -1.3651776075417885e-05 0.00028022663766861269 -0.00038137971837625957 -0.00090815809042529426 -0.00010197298641901488 -0.00052269595655162154 0.0007364045701769474 0.00040674654277999167 -0.00016806469981804319 0.00038567739553885759 2.7498548559241742e-05 -0.00040390323623275829 5.4044930000964937e-05 -3.5409998116694607e-05 -0.0001634718978092931 -0.00011131571183161596 -0.00021536167653346595 -0.001169025637406609 7.9860375818419555e-05 -0.00047730760828353737 -0.0012147628463976504 -0.00042569638012669307 1.1323876703025929e-05 -0.00017654302533115805
leaf_weight=12746 112364 11315 1056 202 133 134 774 2123 75 113 571 262 258 2054 471 389 185369 188 213 412 2385 8378 215 54 40 167 53 45 2960 312
leaf_count=12746 112364 11315 1056 202 133 134 774 2123 75 113 571 262 258 2054 471 389 185369 188 213 412 2385 8378 215 54 40 167 53 45 2960 312
internal_value=0.000160498 0.00027385 0.000214539 -0.002277 -0.00506229 0.000398067 -0.00393899 0.000829264 -0.00995327 -0.0152128 -0.00421986 0.000583983 -0.00282038 0.000757779 -0.00543656 0.000468948 0.000265893 -0.000365522 -0.0027046 0.0026158 -0.0013266 -0.000304393 0.000810477 -0.000598042 -0.0109574 -0.00506329 -0.00695841 -0.0154082 -0.000291338 -0.00522964
internal_weight=345831 233467 210941 4260 2087 2173 1885 22526 321 188 705 20403 991 19412 733 17358 206681 21312 1564 1468 2774 21124 14584 3269 94 790 577 98 3175 479
internal_count=345831 233467 210941 4260 2087 2173 1885 22526 321 188 705 20403 991 19412 733 17358 206681 21312 1564 1468 2774 21124 14584 3269 94 790 577 98 3175 479
is_linear=0
shrinkage=0.05


Tree=86
num_leaves=31
num_cat=0
split_feature=5 14 14 14 8 13 13 0 7 14 14 13 13 11 13 14 13 12 12 3 12 12 15 14 11 11 11 5 14 12
split_gain=3.46636 4.20086 6.71992 5.91029 5.74511 5.47874 16.24 9.66664 5.16814 4.48692 4.21335 4.60688 6.3169 4.40134 3.88821 3.49963 9.03196 8.0117 8.46391 8.4936 7.28414 5.46136 5.85178 5.2154 6.85409 6.24284 11.5677 12.2672 5.3537 5.32622
threshold=0.012288704770722447 0.083482873400912663 0.094478150147642728 0.079095926518506735 0.34108845155597717 18.595000267028812 18.564999580383304 -0.0020797008799309231 -0.060641223824455963 0.10240420019672193 0.081032983629692037 15.855000019073488 16.675000190734867 -0.014526458794264228 15.825000286102297 -0.069419882954705067 18.94999980926514 -0.00022029863059441765 0.0048491257127185614 0.0084792436647257458 -0.018642190915216624 -0.027854565117691407 0.013073119823292291 -0.055141973533754989 0.041951552464954973 0.0069819527880167218 -0.0065232260485101326 0.035610859085327191 -0.05546753287916955 -0.043041406919214036
decision_type=2 2 2 2 8 2 2 2 2 2 2 2 2 2 2 2 2 2 2 2 2 2 2 2 2 2 2 2 2 2
left_child=-1 3 -3 15 5 6 14 -8 -6 -7 11 -5 -13 -12 -4 16 17 -2 19 -19 21 22 -18 24 25 26 27 28 -17 -25
right_child=1 2 4 10 8 9 7 -9 -10 -11 13 12 -14 -15 -16 23 20 18 -20 -21 -22 -23 -24 29 -26 -27 -28 -29 -30 -31
leaf_value=2.3463882970207691e-05 0.00031273900749274728 0.00030899058089945303 -0.00027189431707820187 0.00029941362769168764 -0.00081637103781174709 0.00053329766840778546 -0.0012121824293293525 0.00026041099744703662 -0.0001157982317126208 6.4263800621538336e-05 -0.00034960313734489016 -0.00069379450609204779 -0.00028655396308189938 6.102480792277539e-05 3.4812946875924312e-05 -0.00037853642909179677 -0.00014743072945060597 -0.00033576853136069233 7.2326482158876435e-05 -0.0012732828345075403 -0.00017810647685888238 0.00039283032746982778 0.00012074915860388765 0.00014090589587762605 0.00032805982995241957 -0.00021254717103525876 0.00012888522184842434 -0.0037558288582390312 0.00031038397249414095 -1.0758671762447996e-05
leaf_weight=117446 5589 3088 654 219 256 1694 232 94 1099 15114 371 229 1311 1418 4328 2080 2818 542 11650 127 5014 1462 2780 6308 1082 4640 4254 61 403 149151
leaf_count=117446 5589 3088 654 219 256 1694 232 94 1099 15114 371 229 1311 1418 4328 2080 2818 542 11650 127 5014 1462 2780 6308 1082 4640 4254 61 403 149151
internal_value=0.000111631 -2.01676e-06 0.000589066 -7.99218e-05 0.000300584 0.000494213 -0.000906179 -0.0117178 -0.00285978 0.000936459 -0.00210259 -0.00384025 -0.00480519 -0.000394075 -0.000198715 -4.367e-05 0.000453939 0.00116652 0.000454177 -0.00501495 -0.000602948 0.000432012 -0.000278671 -0.000132487 -0.00111422 -0.00147403 -0.000508973 -0.0031761 -0.0026319 -5.34223e-05
internal_weight=345514 228068 26559 201509 23471 22116 5308 326 1355 16808 3548 1759 1540 1789 4982 197961 29982 17908 12319 669 12074 7060 5598 167979 12520 11438 6798 2544 2483 155459
internal_count=345514 228068 26559 201509 23471 22116 5308 326 1355 16808 3548 1759 1540 1789 4982 197961 29982 17908 12319 669 12074 7060 5598 167979 12520 11438 6798 2544 2483 155459
is_linear=0
shrinkage=0.05


Tree=87
num_leaves=31
num_cat=0
split_feature=14 14 14 11 9 10 10 10 12 14 12 14 13 14 10 11 10 10 0 9 10 8 11 12 11 14 14 12 12 10
split_gain=3.60436 9.10437 12.9265 9.46868 6.93914 6.11037 5.00059 23.1078 17.2918 17.8081 13.8158 10.6303 16.8606 15.8426 11.8854 9.2811 18.5755 9.39885 9.24761 7.86204 6.41814 14.9456 6.39833 6.47506 6.91334 5.84021 7.70286 6.60736 12.9094 12.6733
threshold=0.083482873400912663 0.079889052526069274 0.081032983629692037 0.0023539165511853315 0.18737001429172509 -0.0018375961202146127 -0.0030276650310187554 -0.0028568237545411042 0.019437474546263659 -0.0017400209240098772 0.11925837683918029 0.0094947984942636027 13.434999942779543 -0.017413311949199203 -0.0056282677308486786 0.011605230504387444 -0.0042976015384410529 -0.0047915944000584956 -0.0085878656329154129 0.055659991792937243 -0.0053055515245151166 0.072445306098763554 0.00036209902272010824 -0.037414227924983272 -0.030384470516343128 0.077019604552505241 0.079095926518506735 0.060540573797923998 0.056959417600202074 0.0065693247307323519
decision_type=2 2 2 2 10 2 2 2 2 2 2 2 2 2 2 2 2 2 2 8 2 10 2 2 2 2 2 2 2 2
left_child=1 6 3 -3 -5 -2 10 8 -8 -10 11 13 14 -1 -13 17 -17 22 -18 -12 21 -16 23 -14 -25 27 -27 28 -9 -29
right_child=5 2 -4 4 -6 -7 7 25 9 -11 19 12 15 -15 20 16 18 -19 -20 -21 -22 -23 -24 24 -26 26 -28 29 -30 -31
leaf_value=-0.00011005365562642186 3.4884463548935388e-05 -0.00022017006687405648 -1.8125886800618378e-05 -0.00047167612136040851 -0.0011776843652667873 0.00026410015176239727 0.00013281831864538055 6.1881040489655154e-06 -6.345621435267474e-05 -0.00057866847821601525 -0.00063124536455051771 0.00036143466623848078 0.00053364422573827974 0.00026726159327136007 -0.00013317867651090908 -6.2587572982768005e-05 -0.0013775709259402783 0.00023940178515281221 -0.00042439176316433228 9.1109045909518095e-06 -0.00019765521192387442 -0.00084141667675775422 0.00014437858062754107 -0.00038113287589959847 -2.083618402442748e-05 -0.00062027561345157057 -5.5915462181916818e-05 0.0001943213311757541 -0.0001487094793451772 -5.6432036141991355e-05
leaf_weight=2487 35036 854 2590 346 66 2582 1282 217386 1256 2119 519 427 833 11802 222 2946 132 7195 266 346 1289 209 8415 416 18663 413 1278 12709 5955 5545
leaf_count=2487 35036 854 2590 346 66 2582 1282 217386 1256 2119 519 427 833 11802 222 2946 132 7195 266 346 1289 209 8415 416 18663 413 1278 12709 5955 5545
internal_value=0.000118553 6.21174e-05 -0.00235218 -0.00649289 -0.0127184 0.000580573 9.27298e-05 -3.77084e-06 -0.00349259 -0.00537037 0.000518721 0.000616795 0.000207617 0.00179124 -0.00410573 0.000445891 -0.00207237 0.000682957 -0.0122111 -0.00575144 -0.0059593 -0.0112413 0.000273061 -0.000215448 -0.000403847 6.30124e-05 -0.00286517 8.35077e-05 8.75362e-06 0.000998138
internal_weight=345584 307966 3856 1266 412 37618 304110 247943 4657 3375 56167 55302 41013 14289 2147 38866 3344 35522 398 865 1720 431 28327 19912 19079 243286 1691 241595 223341 18254
internal_count=345584 307966 3856 1266 412 37618 304110 247943 4657 3375 56167 55302 41013 14289 2147 38866 3344 35522 398 865 1720 431 28327 19912 19079 243286 1691 241595 223341 18254
is_linear=0
shrinkage=0.05


Tree=88
num_leaves=31
num_cat=0
split_feature=13 15 4 11 11 6 11 16 16 4 12 11 15 14 16 0 15 12 12 9 5 12 14 12 15 11 12 15 12 16
split_gain=3.66697 3.84398 3.6533 3.95738 5.13967 4.17318 4.21795 4.14664 9.52372 4.03576 3.96817 3.91613 5.63912 5.83202 3.76183 3.67674 3.62037 3.41796 4.72841 5.32587 6.63492 3.22581 3.38514 3.37409 5.55755 7.08121 4.03326 3.87479 4.80737 6.72023
threshold=12.00999975204468 -0.0034672734266124601 0.01625297120739749 0.037714619913018062 0.036250382984596159 1.9490307234677389 -0.020508631147506503 0.035048617085910234 0.037706643654474743 0.06828356711186305 0.0011335726897910849 0.04888400580692865 0.0037949391773454137 0.011297949313549107 0.069416748225454419 -0.0097703531860398578 0.0025238670287356384 -0.05793872793170584 -0.051373899775069835 0.10356840432914861 0.023357812930683803 0.00075812242422568243 0.23397195059943568 -0.027034391534396515 0.005623805667418603 -0.029337474403061222 -0.028936391066126051 -0.0015077650350910352 -0.031331833469953822 0.01490395011719692
decision_type=2 2 2 2 2 2 2 2 2 2 2 2 2 2 2 2 2 2 2 8 2 2 2 2 2 2 2 2 2 2
left_child=1 -1 -2 4 5 6 10 -6 -9 17 21 -5 13 -13 15 -10 -3 -8 19 -19 -21 22 23 26 -25 -26 27 28 -4 -30
right_child=2 16 3 11 7 -7 9 8 14 -11 -12 12 -14 -15 -16 -17 -18 18 -20 20 -22 -23 -24 24 25 -27 -28 -29 29 -31
leaf_value=-0.00033609171078128317 3.6028038537654114e-05 5.9375716767755622e-05 4.8891179814173639e-05 0.00014393840133360966 5.8580891242397792e-05 -8.1333115302961842e-05 0.00014678129382920989 -0.0014613036351192724 -0.00066346861181540591 -0.0004790107097280852 0.00024215761404295673 -0.0002915988626268634 7.4982600343833099e-05 0.00055639973135549338 -0.001004218628320365 -1.4910004988620139e-05 -0.00023489675170287029 9.1578277701242925e-05 5.7385588280632163e-06 -0.00033954830341331602 -0.0021282879890566738 -0.00011661195610358576 -0.00011224175024914464 3.438439571220711e-05 -0.00095918399379166155 -0.00014495509360317938 0.00045649349942586431 0.00018506050983286963 -0.00013761369082921572 -0.00090296642416579423
leaf_weight=125 46063 860 8632 9006 449 19777 3184 83 102 2272 3366 1203 3150 288 41 503 719 313 225906 384 41 379 2051 7280 223 1189 1532 5868 434 56
leaf_count=125 46063 860 8632 9006 449 19777 3184 83 102 2272 3366 1203 3150 288 41 503 719 313 225906 384 41 379 2051 7280 223 1189 1532 5868 434 56
internal_value=0.00015412 -0.00215962 0.000165588 0.000101474 6.15178e-05 7.52422e-05 0.000127893 -0.0032343 -0.00556241 5.4718e-05 0.000675589 0.000933172 -0.000246714 -0.00278001 -0.00351393 -0.00252066 -0.00149145 7.54479e-05 5.25937e-05 -0.00394309 -0.00758823 0.000478223 0.000541904 0.000700801 -9.66404e-05 -0.00296742 0.00112032 0.000870581 0.000225828 -0.00459184
internal_weight=345479 1704 343775 297712 284065 282887 263110 1178 729 232100 31010 13647 4641 1491 646 605 1579 229828 226644 738 425 27644 27265 25214 8692 1412 16522 14990 9122 490
internal_count=345479 1704 343775 297712 284065 282887 263110 1178 729 232100 31010 13647 4641 1491 646 605 1579 229828 226644 738 425 27644 27265 25214 8692 1412 16522 14990 9122 490
is_linear=0
shrinkage=0.05


Tree=89
num_leaves=31
num_cat=0
split_feature=12 12 14 14 14 13 14 13 14 1 13 16 13 13 13 9 13 13 8 9 14 14 12 12 14 13 8 13 13 5
split_gain=3.85501 8.28088 6.85008 10.1599 12.3154 7.706 7.41796 7.18017 5.60316 8.90792 5.72064 12.9848 5.56302 5.14759 12.0486 7.02602 6.62618 11.2989 5.64779 5.92296 5.5955 11.3282 8.00647 16.4953 7.52864 7.23696 13.3077 8.07771 6.92219 6.38576
threshold=-0.023732636933337933 -0.019013621000151189 0.15844695899744313 0.02729978908146902 0.019226293465225867 15.944999694824221 0.013647468145900345 38.065000534057624 0.0099337720355521259 -0.037115954096611052 16.935000419616703 0.0055886644700136054 16.98499965667725 21.555000305175785 21.134999275207523 0.37989405605498844 20.060000419616703 19.625000000000004 inf 0.40351100426610292 0.060125948457031016 0.049413025728230815 0.001711050909807055 0.00075812242422568243 0.047920469695480701 13.234999656677248 0.074586114997672218 13.194999694824221 13.775000095367433 0.014660922692079309
decision_type=2 2 2 2 2 2 2 2 2 2 2 2 2 2 2 10 2 2 8 8 2 2 2 2 2 2 10 2 2 2
left_child=2 -2 3 4 5 -1 8 -4 10 -10 11 -7 -12 14 16 -16 17 20 19 -19 21 24 23 -22 29 26 -24 -28 -27 -3
right_child=1 13 7 -5 -6 6 -8 -9 9 -11 12 -13 -14 -15 15 -17 -18 18 -20 -21 22 -23 25 -25 -26 28 27 -29 -30 -31
leaf_value=0.00031016843977751317 -0.0001395980645404961 2.3036040207575253e-05 -0.00025967062675514132 0.00018846608571860353 -0.00028382390032276968 -0.00010648391688133457 0.00034253532349601669 0.00015343569922631685 -0.0013080762514618377 -0.0002048085181380156 0.00044724432048259518 -0.00067242879090053092 1.7039105650987005e-06 0.00010206863965921489 -0.00014297545889214671 -0.0011543275902564391 0.00010534132365835663 -0.00021961931580125632 -0.00029982506482321996 0.00016574835976693267 -0.00011026329882477974 0.00024026377265511735 -5.720008139634864e-05 -0.00056500120838171388 -0.00018346885010120834 0.00032562979773553781 -6.6048754159161785e-05 -0.00083263620432109909 -1.783981688907216e-05 -2.3071313874973789e-05
leaf_weight=2546 5063 128713 2542 16570 1267 725 1692 1271 41 381 854 116 25834 15298 2871 69 14008 3286 852 952 4660 6798 967 416 2545 1260 99 195 19461 84510
leaf_count=2546 5063 128713 2542 16570 1267 725 1692 1271 41 381 854 116 25834 15298 2871 69 14008 3286 852 952 4660 6798 967 416 2545 1260 99 195 19461 84510
internal_value=0.000123778 5.21022e-05 0.000512547 0.000668253 0.000166786 0.00035711 0.000130385 -0.00153029 -6.42193e-05 -0.00578199 2.343e-05 -0.00403686 0.000151379 8.74688e-05 3.72155e-05 -0.00314626 7.20449e-05 1.38196e-05 -0.00231827 -0.0015715 6.13725e-05 0.000143913 -0.000617562 -0.00240741 8.0596e-05 -0.000204258 -0.00388184 -0.0131973 1.95456e-05 0.000112863
internal_weight=345862 292023 53839 50026 33456 32189 29643 3813 27951 422 27529 841 26688 286960 271662 2940 268722 254714 5090 4238 249624 222566 27058 5076 215768 21982 1261 294 20721 213223
internal_count=345862 292023 53839 50026 33456 32189 29643 3813 27951 422 27529 841 26688 286960 271662 2940 268722 254714 5090 4238 249624 222566 27058 5076 215768 21982 1261 294 20721 213223
is_linear=0
shrinkage=0.05


Tree=90
num_leaves=31
num_cat=0
split_feature=9 13 13 10 13 13 15 1 6 3 11 13 13 13 8 13 13 13 10 16 3 6 13 13 16 13 14 14 14 16
split_gain=3.1888 3.56486 3.16013 3.66489 3.32706 5.28639 3.12154 3.75 3.02039 2.79966 2.97422 3.36614 2.77507 6.0858 2.77214 2.68816 3.79991 4.40687 4.84789 3.20262 4.33397 3.03758 2.57271 8.922 9.03174 6.18345 5.48418 8.73875 5.73472 5.47594
threshold=0.27456253618443388 12.00999975204468 30.750000000000004 -0.0086458787594095848 21.134999275207523 21.555000305175785 -0.0034672734266124601 -0.0081076111915147613 -0.43871604218544624 -0.0015718404481697699 -0.022354679901405047 17.180000305175785 18.105000495910648 17.945000648498539 0.02757075855916347 49.655000686645515 43.015001296997077 33.719999313354499 -0.029463592833469218 -0.046472243502509718 -0.023309658511252381 0.4004240770523752 17.840000152587894 18.105000495910648 -0.0050442691682956444 18.005000114440922 -0.0068130779793595378 -0.0078859681506743256 0.067869218609367357 0.0053609704514969722
decision_type=10 2 2 2 2 2 2 2 2 2 2 2 2 2 10 2 2 2 2 2 2 2 2 2 2 2 2 2 2 2
left_child=1 6 3 -2 12 -6 7 -1 9 10 11 -3 13 -5 -11 16 17 18 19 -10 -21 -18 -12 24 -24 29 27 -25 -28 -26
right_child=2 8 -4 4 5 -7 -8 -9 15 14 22 -13 -14 -15 -16 -17 21 -19 -20 20 -22 -23 23 26 25 -27 28 -29 -30 -31
leaf_value=0.00017566786596523603 0.00021945455835785033 -0.00024819479877927756 -0.0016471001222314646 -8.1292237153296628e-05 -0.00089215907142673172 -0.00043677424760708497 -8.8114621723836642e-05 -0.00047927476203545239 -0.00060277034713235409 2.2663848235617572e-05 1.6231474214655483e-05 0.00014156845298524278 0.00015290176675208586 -0.00086378139601496972 7.0528783393517821e-05 0.0011970428251806648 -0.00063751328648977833 0.0004037039358930621 4.0803456920261224e-06 -0.0014920348539599318 4.9960674087937402e-05 -0.00017752307552256613 0.00017615529968145841 -9.8280916622278867e-05 -0.00076889783021980213 -0.00058506262024633088 0.00014796357746922482 -0.00040507925723873176 -5.9299153817087393e-05 9.5959442860836348e-05
leaf_weight=40 1655 220 54 13349 141 989 1402 80 333 52260 25660 3264 2479 211 28546 402 122 1196 196770 42 406 750 290 6269 129 355 4132 111 3664 218
leaf_count=40 1655 220 54 13349 141 989 1402 80 333 52260 25660 3264 2479 211 28546 402 122 1196 196770 42 406 750 290 6269 129 355 4132 111 3664 218
internal_value=0.000117483 0.000153998 -0.000514355 -0.000479707 -0.000696313 -0.00331858 -0.00226018 -0.01 0.000165299 0.000357982 3.85902e-05 0.00144087 -0.000511565 -0.000792773 0.000533129 4.47705e-05 3.65448e-05 5.09947e-05 3.26753e-05 -0.00389885 -0.00113839 -0.00325688 -8.10716e-05 -0.00059731 -0.00518145 -0.00824786 -0.000276524 -0.00136364 0.000613135 -0.00350144
internal_weight=345539 326661 18878 18824 17169 1130 1522 120 325139 125118 44312 3484 16039 13560 80806 200021 199619 198747 197551 781 448 872 40828 15168 992 702 14176 6380 7796 347
internal_count=345539 326661 18878 18824 17169 1130 1522 120 325139 125118 44312 3484 16039 13560 80806 200021 199619 198747 197551 781 448 872 40828 15168 992 702 14176 6380 7796 347
is_linear=0
shrinkage=0.05


Tree=91
num_leaves=31
num_cat=0
split_feature=14 14 11 13 9 13 12 12 3 12 12 4 13 2 14 3 14 14 16 16 9 16 12 13 11 14 14 12 13 8
split_gain=3.67773 10.1507 7.6509 6.98104 9.64065 11.5812 8.25328 8.9111 9.86151 6.27102 5.9824 5.61656 5.57754 5.53607 5.66571 8.94372 5.11694 4.92996 5.01119 8.00852 4.61059 4.48344 4.69368 4.47404 8.27084 9.18936 19.326 16.4528 12.0713 11.6846
threshold=-0.068136872709181048 -0.06305423233808731 -0.0088251851150741283 18.94999980926514 -0.24255621435963501 19.72500038146973 -0.00022029863059441765 0.0048491257127185614 0.0084792436647257458 0.043947966856704664 0.027544134222988518 0.050737517541395404 24.19999980926514 0.065357271105703121 -0.10816573528732347 0.0059294886084310114 -0.073050802278400592 -0.083456210331023115 0.014457530782215457 0.011599480158169253 0.0030103566251609153 -0.023881230101339575 -0.001873391702030158 18.94999980926514 0.0044457003054257935 -0.0059106162699663059 -0.012079756674524154 -0.015238336208515888 22.330000877380375 -0.024912797360278512
decision_type=2 2 2 2 10 2 2 2 2 2 2 2 2 2 2 2 2 2 2 2 10 2 2 2 2 2 2 2 2 10
left_child=3 2 11 6 21 17 -1 8 -8 10 16 20 -7 14 15 -11 -9 -6 19 -19 -2 -5 -23 -3 25 26 28 29 -25 -28
right_child=1 23 -4 4 5 12 7 9 -10 13 -12 -13 -14 -15 -16 -17 -18 18 -20 -21 -22 22 -24 24 -26 -27 27 -29 -30 -31
leaf_value=0.00026511813931046535 -0.00010259667926265058 -8.173502420287028e-07 -0.00010085446529118348 -0.00063572364320572776 1.1380315095309744e-05 0.00019299943224185796 -0.0002906778314364674 -1.2947427354920177e-05 -0.0012005852631249937 -0.00041743316222299701 0.00028699161213597906 -0.0018142181454636804 -3.4388172214242795e-05 0.00013539376998505804 -0.00010669014889224539 8.4432967506940456e-06 0.00033326369760764969 -0.0002795967315000803 -1.7445101776468373e-05 -0.00070804169984206035 -0.00045875651226641917 2.0988724015638022e-06 -0.00031832690622105107 0.00010813970929350055 0.0001325896436342941 5.0999746451671027e-05 -0.0028837436024669073 -0.00020455686234563728 -0.00019213105969864886 -0.0013398704489191041
leaf_weight=7657 296 223509 4652 498 1248 5364 714 7135 167 280 5489 43 4322 1471 1851 209 1707 1274 648 70 498 931 561 8871 20309 37353 201 2972 4718 241
leaf_count=7657 296 223509 4652 498 1248 5364 714 7135 167 280 5489 43 4322 1471 1851 209 1707 1274 648 70 498 931 561 8871 20309 37353 201 2972 4718 241
internal_value=0.000122358 6.19603e-05 -0.00206868 0.000563275 -0.00030303 0.00019573 0.0010476 0.000489671 -0.00442111 0.000728145 0.00120752 -0.00646953 0.00106133 -0.00107452 -0.00258547 -0.00737219 0.000402624 -0.00239198 -0.00393574 -0.00567708 -0.00551637 -0.00354271 -0.00217158 0.000101183 0.000436282 0.000114615 -0.000848968 -0.00421207 -4.0472e-06 -0.0132127
internal_weight=345259 303663 5489 41596 14916 12926 26680 19023 881 18142 14331 837 9686 3811 2340 489 8842 3240 1992 1344 794 1990 1492 298174 74665 54356 17003 3414 13589 442
internal_count=345259 303663 5489 41596 14916 12926 26680 19023 881 18142 14331 837 9686 3811 2340 489 8842 3240 1992 1344 794 1990 1492 298174 74665 54356 17003 3414 13589 442
is_linear=0
shrinkage=0.05


Tree=92
num_leaves=31
num_cat=0
split_feature=4 13 13 13 9 0 10 3 4 9 11 12 7 4 14 10 3 14 13 12 9 13 10 10 14 16 16 10 13 11
split_gain=3.28624 3.04683 4.09743 3.93432 3.41605 3.40969 3.19904 3.60141 3.19734 3.13925 3.12478 3.0044 4.27345 3.87167 3.21386 2.98837 2.78234 3.1288 7.72574 10.3944 9.65877 9.75141 8.88592 7.56549 7.31658 6.80077 8.58582 6.55412 4.93644 7.90448
threshold=0.011817996214467996 49.655000686645515 46.145000457763679 33.719999313354499 -0.15827302520455891 -0.0078484327335748266 -0.029463592833469218 -0.0058702718268260892 0.052191650944774015 -0.051926677263100567 -0.055970662091911087 -0.075828258528587975 0.030641008321954381 0.06828356711186305 -0.015155298785694047 0.020281918733708996 0.039302842151940361 -0.068136872709181048 18.94999980926514 0.043947966856704664 -0.19246632636295588 19.72500038146973 0.012484790292373706 0.01542612816856115 -0.056340529311790281 -0.00096377414146070473 0.017481752340241855 0.012115371045727909 18.94999980926514 0.0044457003054257935
decision_type=2 2 2 2 8 2 2 2 2 8 2 2 2 2 2 2 2 2 2 2 10 2 2 2 2 2 2 2 2 2
left_child=-1 2 3 6 5 -4 7 8 -2 -9 -5 12 14 16 15 -8 17 18 19 22 -20 -22 -13 25 27 -24 -27 -19 -26 -30
right_child=1 -3 4 10 -6 -7 11 9 -10 -11 -12 13 -14 -15 -16 -17 -18 24 20 -21 21 -23 23 -25 28 26 -28 -29 29 -31
leaf_value=0.00010759734289244765 -0.00048592930899113711 0.0013487742139933351 -0.00087370683449886966 -9.5673569818784351e-05 -0.00013723683433741903 -0.00043476642303990953 -0.00013765610517762632 -0.00026911780677672028 -0.0015162414750342623 0.00015400333326615504 0.00040914960049642861 0.0001979765877425405 -0.00035524008404154905 -0.00031657877831562514 0.00046285698828923733 0.0002775910194539256 -0.00019578239211360006 -0.00014168547769932078 -0.00024795726498490705 -0.0001041433280513117 -0.00014537756584275877 8.8986044496426595e-05 -4.933222075874464e-05 4.6484714701017238e-05 8.7620924480051966e-07 -0.00058358055434822476 -0.00014462034271275217 8.7194000058271482e-05 1.3964684375277258e-05 0.00013768584294737935
leaf_weight=2760 337 433 63 424 269 98 799 120 43 363 1735 16595 262 3438 1557 771 2252 11181 2005 3616 3108 7277 799 4380 213232 175 272 2884 46152 18278
leaf_count=2760 337 433 63 424 269 98 799 120 43 363 1735 16595 262 3438 1557 771 2252 11181 2005 3616 3108 7277 799 4380 213232 175 272 2884 46152 18278
internal_value=0.000129427 0.000115596 0.000110297 0.000116429 -0.00476744 -0.0105279 0.000102914 -0.00293743 -0.00657895 -7.24636e-05 0.00224409 0.000110653 0.00159192 9.56968e-05 0.00210585 0.000509554 0.000112972 0.000124927 0.000550266 0.0010425 -0.00047619 0.000137217 0.00144705 -0.000270174 6.91916e-05 -0.00370786 -0.00864653 -0.00104337 0.000125549 0.00050908
internal_weight=345678 342918 342485 342055 430 161 339896 863 380 483 2159 339033 3389 335644 3127 1570 332206 329954 38227 25837 12390 10385 22221 5626 291727 1246 447 14065 277662 64430
internal_count=345678 342918 342485 342055 430 161 339896 863 380 483 2159 339033 3389 335644 3127 1570 332206 329954 38227 25837 12390 10385 22221 5626 291727 1246 447 14065 277662 64430
is_linear=0
shrinkage=0.05


Tree=93
num_leaves=31
num_cat=0
split_feature=12 12 3 11 2 13 13 10 2 11 10 10 10 13 12 16 13 16 16 0 9 13 9 11 3 3 11 7 11 9
split_gain=3.40865 6.83106 5.56316 5.11022 4.79674 4.63371 7.90353 6.40669 9.97538 6.50809 6.60939 8.93588 5.65243 9.5992 4.97408 5.75538 5.95665 4.83169 17.8201 4.24646 9.58344 4.21259 4.01888 5.09864 3.87254 3.80795 3.73558 4.87068 3.67066 6.35915
threshold=-0.023732636933337933 -0.019013621000151189 -0.010605341008270429 0.047954932638038301 -0.022556382967451102 20.060000419616703 19.625000000000004 0.011920444986762148 -0.0080411166396878713 0.0079486171116383026 0.0043826671813969051 0.010000560194363352 -0.013932241848525038 18.564999580383304 -0.0067438381246153192 0.024511629053303067 20.610000610351566 -0.0052341480240004059 -0.0050442691682956444 -0.005209060163788636 -0.051926677263100567 15.355000019073488 -0.096344700623388388 0.04888400580692865 0.031653873121714311 0.00041971148764197169 -0.013165495067365194 -0.036654359346764857 -0.0043088808342565113 -0.011940875001278493
decision_type=2 2 2 2 2 2 2 2 2 2 2 2 2 2 2 2 2 2 2 2 10 2 8 2 2 2 2 2 2 10
left_child=21 2 -2 4 26 6 12 9 -9 10 14 17 13 -3 -7 28 -17 -12 -19 20 -15 -1 23 -14 -24 -20 -4 -28 -16 -30
right_child=1 5 3 -5 -6 7 -8 8 -10 -11 11 -13 22 19 15 16 -18 18 25 -21 -22 -23 24 -25 -26 -27 27 -29 29 -31
leaf_value=0.00043212836240108803 0.00024897364186060372 -4.9772633040129713e-05 -0.00012957324065840517 0.00028109951653065688 -0.00010417918350649298 -2.2339351534625821e-05 -0.00015211559182493214 -0.00050634454981838856 0.00010685395041744565 0.00023772992543416002 -0.00012038839363693358 0.00015744001741324853 -4.5956295952664223e-05 -0.00034985001869348455 0.00018661089531075875 4.281473380439038e-05 -0.00055816051494645064 -0.0015238543528026866 -3.2490978994229117e-05 -0.00013568510846431639 -0.0012733993336648624 3.7781637268491987e-05 1.2005622451327577e-05 -0.00044889073664255942 -0.00020147258875864599 -0.00034911593877169422 -0.0006374396217371783 -0.00033996919312109911 0.00016259738089021824 -0.00040687586024795892
leaf_weight=839 778 2552 950 421 1818 7668 5051 1157 1373 6339 1194 837 21814 364 10709 178 129 63 239 297 195 52901 221455 374 2352 179 350 748 1334 730
leaf_count=839 778 2552 950 421 1818 7668 5051 1157 1373 6339 1194 837 21814 364 10709 178 129 63 239 297 195 52901 221455 374 2352 179 350 748 1334 730
internal_value=0.000105794 3.83684e-05 -0.00178184 -0.00248775 -0.00305742 7.05382e-05 -9.0371e-07 0.000636341 -0.00177866 0.000842765 0.000455718 -0.00196656 3.87527e-05 -0.00198357 0.000748988 0.00134174 -0.00542345 -0.00407463 -0.00830561 -0.00656542 -0.00913238 0.000471716 6.67698e-05 -0.000575085 0.000130403 -0.00456938 -0.0047168 -0.0067031 0.00150435 -0.000426356
internal_weight=345388 291648 5065 4287 3866 286583 254454 32129 2530 29599 23260 2512 249403 3408 20748 13080 307 1675 481 856 559 53740 245995 22188 223807 418 2048 1098 12773 2064
internal_count=345388 291648 5065 4287 3866 286583 254454 32129 2530 29599 23260 2512 249403 3408 20748 13080 307 1675 481 856 559 53740 245995 22188 223807 418 2048 1098 12773 2064
is_linear=0
shrinkage=0.05


Tree=94
num_leaves=31
num_cat=0
split_feature=1 4 13 13 15 9 13 11 10 3 11 10 10 11 5 15 13 1 1 9 13 15 11 15 9 13 0 1 11 11
split_gain=3.42264 3.28037 3.16642 3.39035 4.36573 4.31581 3.28397 2.96809 2.92263 5.31931 2.87553 4.18853 8.90317 8.1969 6.82792 4.55479 4.15741 6.65307 4.05762 3.92376 3.74692 3.66842 3.52921 5.48979 5.05669 3.47606 3.21198 3.28318 3.14612 8.51903
threshold=0.14391638195368497 0.011817996214467996 49.655000686645515 46.145000457763679 -0.0046888832920414228 -0.051926677263100567 33.719999313354499 -0.055970662091911087 -0.029463592833469218 -0.0033725680560017786 -0.020508631147506503 0.0033239655967035602 -0.0077842140185122579 -0.023458930823045284 0.043220063331784041 -0.00029535721275120158 26.85000038146973 0.0026443293500871827 -0.024624399454584719 0.22579587344218569 21.724999427795414 0.020877428992747363 -0.029337474403061222 0.010739291446947076 0.13431265630472047 26.284999847412113 -0.015666390585468645 0.019230739841607728 0.0035972804909069071 0.0026239075592757737
decision_type=2 2 2 2 2 10 2 2 2 2 2 2 2 2 2 2 2 2 2 10 2 2 2 2 10 2 2 2 2 2
left_child=1 -1 3 6 5 -5 8 -8 9 -3 11 12 16 14 18 -15 21 -18 19 -13 22 25 23 24 -14 -10 27 -19 29 -12
right_child=-2 2 -4 4 -6 -7 7 -9 10 -11 28 13 20 15 -16 -17 17 26 -20 -21 -22 -23 -24 -25 -26 -27 -28 -29 -30 -31
leaf_value=0.00010982861720865943 -0.00023326210634863772 -0.00060948753555406651 0.0014226387281763985 -0.00071246451565094848 8.0992807364228857e-05 6.0050072786557505e-05 -7.9439324811451007e-05 0.00039929859413190619 2.1858655675812018e-05 5.3359487378595776e-05 1.0000779665359473e-06 -0.00020447145970230022 0.00011037416189294558 -0.00029912609663925761 -0.001848210873334072 0.00024882591116140136 -6.871096320244532e-06 -0.00027588448972044047 2.2767695421934564e-05 -0.00186034152729088 0.00036566670071813641 -0.0005464000917750595 0.0001478354289143159 -0.0012257689668043349 -0.00049548196786473658 0.00052416881504791272 -0.00023860862549963591 -0.00072418066340444373 1.8227256926375513e-05 -0.00011780637005113386
leaf_weight=2765 2717 444 429 133 209 73 431 1682 11693 407 114415 2291 1308 107 69 1985 1738 108 1796 54 3778 41 5862 61 304 841 600 91 177939 11229
leaf_count=2765 2717 444 429 133 209 73 431 1682 11693 407 114415 2291 1308 107 69 1985 1738 108 1796 54 3778 41 5862 61 304 841 600 91 177939 11229
internal_value=0.000124277 0.000138284 0.000124339 0.000118918 -0.00439759 -0.00956311 0.000124442 0.00208945 0.000112128 -0.00281434 0.000119533 0.000564824 0.00084106 -0.000593462 -0.00186461 0.00196463 4.69827e-05 -0.00179937 -0.00160468 -0.00297441 0.00190179 0.000419483 0.00125747 -0.000768081 -0.000210918 0.000468326 -0.00557572 -0.0110804 7.15292e-05 -0.000120021
internal_weight=345600 342883 340118 339689 415 206 339274 2113 337161 851 336310 32727 26425 6302 4210 2092 15112 2537 4141 2345 11313 12575 7535 1673 1612 12534 799 199 303583 125644
internal_count=345600 342883 340118 339689 415 206 339274 2113 337161 851 336310 32727 26425 6302 4210 2092 15112 2537 4141 2345 11313 12575 7535 1673 1612 12534 799 199 303583 125644
is_linear=0
shrinkage=0.05


Tree=95
num_leaves=31
num_cat=0
split_feature=10 10 13 13 3 10 11 11 13 13 15 16 12 11 8 12 13 11 12 12 12 11 11 15 16 3 3 3 10 13
split_gain=3.14589 6.70901 4.97976 13.307 7.77555 6.82548 5.1783 10.6824 10.4913 8.58093 9.49243 7.5993 7.387 5.87757 5.10636 4.83892 9.62093 10.0921 6.9223 6.59392 8.81383 8.48291 6.70429 7.77476 9.62406 6.49139 5.62298 5.48867 5.11357 5.74374
threshold=-0.0042976015384410529 -0.0047915944000584956 13.050000190734865 13.434999942779543 -0.0068696542568239529 -0.0053055515245151166 0.0084762607672295171 -0.0057500660136146622 19.329999923706058 18.335000038146976 -0.011200066164790299 0.024511629053303067 0.0072856290131225751 -0.0081164241286432719 0.1002119030057488 0.027464748071709514 15.784999847412111 -0.014526458794264228 0.024098951150824836 -0.0063801556439739273 -0.012168103513504501 -0.01680301263819178 -0.011813269287442195 0.010257240160795213 0.00085212354066588347 0.0077930775411230177 -0.0038654278064116361 0.013812645266479519 -0.0066846188692691313 31.844999313354496
decision_type=2 2 2 2 2 2 2 2 2 2 2 2 2 2 10 2 2 2 2 2 2 2 2 2 2 2 2 2 2 2
left_child=1 2 -1 4 5 14 7 11 9 -8 -11 15 -13 -14 -4 16 17 -5 19 20 28 -22 23 -21 -25 -24 -23 -17 29 -18
right_child=-2 -3 3 6 -6 -7 8 -9 -10 10 -12 12 13 -15 -16 27 18 -19 -20 22 21 26 25 24 -26 -27 -28 -29 -30 -31
leaf_value=0.00037383848402152971 3.8479864251539809e-06 0.0002135521056033902 -0.00037557807924955294 -0.00051141919056755722 -0.00015807199079817462 -0.00030206000522700334 -5.0355832075371252e-05 0.00013380552024601437 0.0001477990743780591 -0.00054812606325548583 -0.00014256800824538935 -7.8604561780607624e-05 -0.0013491484762783021 -0.00031290625585786376 -0.0012065661862156411 0.00020249108073736789 -3.1909733861898729e-05 -0.00012417034622524392 -0.00028425090709854536 0.00028211798447688231 -4.1805698667043203e-05 -0.00050230030320425458 1.6989307696882519e-05 -0.0010439008238851354 2.6490710514068222e-06 -0.00069875274701431539 -0.00012581023326622322 -0.0009232334070021893 0.00030005859688739137 0.00021463728010179194
leaf_weight=1287 266219 5064 90 422 887 234 3783 21102 2554 698 989 786 57 395 59 4051 14650 2216 837 6101 2853 754 3421 45 95 214 789 102 2142 2537
leaf_count=1287 266219 5064 90 422 887 234 3783 21102 2554 698 989 786 57 395 59 4051 14650 2216 837 6101 2853 754 3421 45 95 214 789 102 2142 2537
internal_value=0.000128867 0.000405484 0.000285233 0.000230776 -0.00484252 -0.0107963 0.000320772 0.00047185 -0.000876121 -0.00211152 -0.00507706 1.4953e-05 -0.00384491 -0.00893805 -0.0191611 0.000130855 -5.04368e-05 -0.00296058 0.000172484 0.000284367 -0.000167545 -0.00218835 0.00136999 0.0023642 -0.00928571 -0.000337001 -0.00517498 0.00174934 0.000292048 4.94578e-06
internal_weight=345433 79214 74150 72863 1270 383 71593 63569 8024 5470 1687 42467 1238 452 149 41229 37076 2638 34438 33601 23725 4396 9876 6241 140 3635 1543 4153 19329 17187
internal_count=345433 79214 74150 72863 1270 383 71593 63569 8024 5470 1687 42467 1238 452 149 41229 37076 2638 34438 33601 23725 4396 9876 6241 140 3635 1543 4153 19329 17187
is_linear=0
shrinkage=0.05


Tree=96
num_leaves=31
num_cat=0
split_feature=8 14 14 14 13 13 8 12 10 10 12 14 14 14 13 4 10 12 15 12 12 14 10 0 10 14 10 10 10 10
split_gain=2.94905 3.53099 9.71399 5.9706 7.72003 8.24944 6.11877 5.2261 7.14458 18.7034 12.1653 12.3321 11.4456 11.0399 10.7881 9.22167 9.18654 8.93695 10.5151 8.08992 9.67676 9.57745 10.4038 8.49802 7.91164 7.84895 7.47754 9.24347 7.36864 10.6068
threshold=0.34108845155597717 0.083482873400912663 0.079095926518506735 0.081032983629692037 15.855000019073488 16.675000190734867 0.015475064414436026 0.060540573797923998 -0.0030276650310187554 -0.0028568237545411042 0.019437474546263659 -0.0017400209240098772 0.0094947984942636027 -0.017413311949199203 13.434999942779543 0.027026973436412693 -0.0056282677308486786 0.057603305359047348 -0.010578251907656653 0.0065049739274190008 -0.037414227924983272 0.036556757472233643 -0.0042976015384410529 -0.0073376972911447505 0.010473454059921063 -0.036625775253692865 -0.0082397841289983936 -0.010003626086918347 0.00446494553626653 -0.0017418859842210919
decision_type=8 2 2 2 2 2 10 2 2 2 2 2 2 2 2 2 2 2 2 2 2 2 2 2 2 2 2 2 2 2
left_child=1 2 7 4 -4 6 -6 8 12 10 -10 -12 13 -1 16 -13 -14 28 24 20 -16 22 -22 -24 -19 -20 27 -23 29 -11
right_child=-2 -3 3 -5 5 -7 -8 -9 9 17 11 15 14 -15 19 -17 -18 18 25 -21 21 26 23 -25 -26 -27 -28 -29 -30 -31
leaf_value=-0.00010432029584166565 -5.436720619129411e-05 5.3643321462397108e-05 0.00021188918068281641 -1.8384672758878505e-05 -0.0004103409355580177 -0.00024814789782432416 -0.00098417155527023847 8.3859315573912404e-05 9.1228643032828239e-05 0.00010065176010841872 -0.00010999801517763001 -0.00039049810971954381 0.00032775393996381557 0.0002522085339596879 0.00022068098464220933 -0.0011720963067928158 -0.00025945642468569739 -0.00038865933211737729 -0.00029311523908599323 0.00010599093675359884 -0.00014806349786850113 -8.7083952016654237e-05 -0.0014104860823792099 -0.00029711356805572626 -0.00047125346286130352 4.3721171000700101e-05 8.2590532035562667e-05 -0.00050511036496791724 3.3474135947709977e-05 -3.3146818705329473e-05
leaf_weight=2086 13638 35907 431 2549 302 1701 131 19731 1259 16088 1255 1714 432 10952 2548 381 1735 187 2358 18151 4272 2560 140 278 52 2061 6316 414 95380 100671
leaf_count=2086 13638 35907 431 2549 302 1701 131 19731 1259 16088 1255 1714 432 10952 2548 381 1735 187 2358 18151 4272 2560 140 278 52 2061 6316 414 95380 100671
internal_value=0.000118607 0.000148204 9.14281e-05 -0.00206883 -0.00377193 -0.00500469 -0.0111663 0.000129389 7.22476e-05 -4.95468e-05 -0.00320134 -0.00477612 0.000612822 0.00188603 0.000162297 -0.0071241 -0.00326027 1.74589e-05 -0.00214899 0.000376164 -0.000424129 -0.000940629 -0.00278252 -0.010311 -0.012364 -0.00159651 -1.07641e-05 -0.00207801 6.50283e-05 -0.000201312
internal_weight=345680 332042 296135 5114 2565 2134 433 291021 271290 221406 4609 3350 49884 13038 36846 2095 2167 216797 4658 34679 16528 13980 4690 418 239 4419 9290 2974 212139 116759
internal_count=345680 332042 296135 5114 2565 2134 433 291021 271290 221406 4609 3350 49884 13038 36846 2095 2167 216797 4658 34679 16528 13980 4690 418 239 4419 9290 2974 212139 116759
is_linear=0
shrinkage=0.05


Tree=97
num_leaves=31
num_cat=0
split_feature=9 9 12 14 14 14 14 14 1 7 12 10 16 10 10 0 12 16 16 10 14 12 10 5 16 8 14 16 3 14
split_gain=3.23577 2.80478 3.24629 7.52785 7.17839 8.55835 6.14501 6.05097 8.45024 4.36617 3.76572 9.13983 5.85162 7.39629 5.70902 6.80864 9.14353 5.58598 6.81624 8.74269 5.17813 4.4458 5.84935 4.35946 4.1843 5.38938 4.7603 3.98057 3.59028 3.97855
threshold=0.27456253618443388 -0.16279311600383953 -0.026063395053075141 0.15844695899744313 0.02729978908146902 0.019226293465225867 0.013647468145900345 0.0099337720355521259 -0.037115954096611052 -0.0324392400501241 -0.014290771365627284 0.0092344351500740513 0.020100340686487698 -0.0012648556783600438 -0.012508695077667052 -0.015062988410943388 -0.016062162190441927 0.0014504909040998772 0.0051851845278130257 0.0033239655967035602 -0.0056306847578752031 -0.024522731320259335 0.015605159278572868 0.010840059541745101 0.0081788386964744015 -0.02267845497044951 0.01466553224775591 0.0041361616619074457 0.00080473813235204539 -0.012079756674524154
decision_type=10 8 2 2 2 2 2 2 2 2 2 2 2 2 2 2 2 2 2 2 2 2 2 2 2 10 2 2 2 2
left_child=1 -1 3 4 5 6 7 28 -9 -7 11 12 13 14 15 16 -4 20 19 27 -15 23 -23 -13 -20 26 -26 -19 29 -3
right_child=-2 2 10 -5 -6 9 -8 8 -10 -11 -12 21 -14 17 -16 -17 -18 18 24 -21 -22 22 -24 -25 25 -27 -28 -29 -30 -31
leaf_value=-5.412331190420034e-05 -6.9600809229997693e-05 2.338139664418391e-05 -0.00021741151659650031 -0.00013806701964373807 0.00017473262966985468 8.0943633358126728e-05 0.0004626664028902854 -0.0012838137991802679 -0.00020681635959566267 -0.00028446283405180074 1.2756044999305829e-05 -0.00044310317871840534 9.2093992614786238e-05 -0.00022179231211877089 3.7690627912037605e-05 1.6084564834050585e-05 -0.0011482907326069408 -0.00090514318279849701 -4.2127565606829751e-06 -0.00012052389913854025 0.00012304096464851681 0.00030329709452518017 -9.6923229883225174e-05 -5.4457884453102944e-05 -0.00094249659893372729 -0.00017556007245609303 -0.00011628829167645895 -0.00067729893672370544 7.7534530013347589e-05 -0.00020757581902716558
leaf_weight=17126 18888 9399 729 3258 13252 362 1192 40 378 772 247668 79 2306 2435 4178 859 161 154 478 117 912 2253 1087 302 250 562 131 74 13251 2447
leaf_count=17126 18888 9399 729 3258 13252 362 1192 40 378 772 247668 79 2306 2435 4178 859 161 154 478 117 912 2253 1087 302 250 562 131 74 13251 2447
internal_value=0.000108954 0.000145795 0.000180306 0.000576199 0.000759619 0.000303689 0.00048433 0.0003204 -0.00564593 -0.00395062 0.000113982 -0.000604383 -0.00121535 -0.00169384 -0.000491817 -0.00289022 -0.00595506 -0.00308723 -0.0053624 -0.0116667 -0.00188676 0.00158694 0.00217066 -0.00353018 -0.00383181 -0.00576352 -0.0103543 -0.0173684 0.000419771 -0.00021273
internal_weight=345100 326212 309086 44351 41093 27841 26707 25515 418 1134 264735 17067 13346 11040 5927 1749 890 5113 1766 345 3347 3721 3340 381 1421 943 381 228 25097 11846
internal_count=345100 326212 309086 44351 41093 27841 26707 25515 418 1134 264735 17067 13346 11040 5927 1749 890 5113 1766 345 3347 3721 3340 381 1421 943 381 228 25097 11846
is_linear=0
shrinkage=0.05


Tree=98
num_leaves=31
num_cat=0
split_feature=13 14 14 10 10 13 12 12 9 12 3 10 10 9 16 14 2 16 16 12 2 12 14 14 14 3 16 16 13 9
split_gain=2.84738 2.7354 8.32317 10.0083 6.88852 6.34705 8.71813 8.66849 7.68132 7.29832 8.03269 6.5053 6.43706 5.76735 5.79331 5.08189 4.89653 4.73011 4.7269 4.70739 4.87232 4.60328 5.41485 4.50032 4.30408 4.90462 5.39573 4.26979 4.23187 8.42476
threshold=49.655000686645515 -0.068136872709181048 -0.05546753287916955 0.011833675502069931 0.0014013847331743048 18.94999980926514 -0.018070638242237255 -0.00022029863059441765 inf 0.0048491257127185614 0.0097971421828853007 0.0099108597244759195 0.011166983386891373 -0.076446714729006868 0.05273151580341174 -0.06305423233808731 -0.1980666248754949 -0.017003095159184464 0.011792939335169452 0.043947966856704664 0.065357271105703121 0.027544134222988518 -0.073050802278400592 -0.10344834121785244 -0.10344834121785244 0.0041264885975906837 -0.005724747480103042 0.011016586404803965 18.94999980926514 -0.022265326140441351
decision_type=2 2 2 2 2 2 2 2 8 2 2 2 2 10 2 2 2 2 2 2 2 2 2 2 2 2 2 2 2 10
left_child=1 4 3 16 -1 7 8 12 11 10 -9 -7 -6 14 -8 -5 -3 -10 23 21 24 22 -11 -15 25 26 -21 -14 29 -4
right_child=-2 2 28 15 5 6 13 9 17 19 -12 -13 27 18 -16 -17 -18 -19 -20 20 -22 -23 -24 -25 -26 -27 -28 -29 -30 -31
leaf_value=0.00053198650996875302 0.0012862912049697668 -0.00079780040740997217 -2.7311874939251458e-05 -8.2094969879460629e-05 0.00038331418422030296 -0.00012139760752257605 -0.00026579923419668076 -0.00027462558269630795 -0.00061573482626724337 -2.4971713856342557e-05 -0.0012102334375869647 0.00021033941396843858 -9.7885791763826352e-05 -3.1354876832658957e-06 -0.0018144323535071412 0.00021437274651299367 -0.00013639417431488579 -6.1903657633085649e-05 8.7937336325965242e-05 0.00011947751873436286 0.00012828360014311135 0.00023415288202523733 0.00031029147148308622 -0.00026371417725057285 -7.7431582741125887e-05 -1.1659289610246315e-05 -0.00042581229549686918 0.00018767034008767755 4.1816805538901405e-05 2.461104340734119e-05
leaf_weight=1248 413 176 92882 1717 4687 2126 1689 705 363 7173 149 5458 1613 1387 77 2543 11751 512 1409 108 1470 4640 1699 1401 1548 308 382 1350 71206 123075
leaf_count=1248 413 176 92882 1717 4687 2126 1689 705 363 7173 149 5458 1613 1387 77 2543 11751 512 1409 108 1470 4640 1699 1401 1548 308 382 1350 71206 123075
internal_value=0.00012447 0.000119501 6.74141e-05 -0.00103571 0.000500217 0.000386794 -0.000453474 0.000855915 0.000578674 0.000261798 -0.00425059 0.00109045 0.00226797 -0.00191766 -0.00431484 0.0010446 -0.00177874 -0.00385714 -0.000908982 0.000484188 -0.00106656 0.000922143 0.000254734 -0.00210186 -0.00248082 -0.00546366 -0.00857143 0.000443807 0.000129596 1.9379e-05
internal_weight=345265 344852 303350 16187 41502 40254 14422 25832 8459 18182 854 7584 7650 5963 1766 4260 11927 875 4197 17328 3816 13512 8872 2788 2346 798 490 2963 287163 215957
internal_count=345265 344852 303350 16187 41502 40254 14422 25832 8459 18182 854 7584 7650 5963 1766 4260 11927 875 4197 17328 3816 13512 8872 2788 2346 798 490 2963 287163 215957
is_linear=0
shrinkage=0.05


Tree=99
num_leaves=31
num_cat=0
split_feature=6 14 14 14 13 13 11 13 8 12 10 9 16 16 16 16 14 13 13 0 11 14 10 11 13 13 12 4 16 14
split_gain=2.95943 2.8916 8.41883 5.81301 7.70461 6.81055 5.27476 4.12987 4.14152 3.40075 5.85049 3.46862 3.29571 3.20645 4.33676 4.06605 7.68945 7.28663 15.3251 7.23462 6.34495 11.3494 6.91156 7.26519 9.44833 15.8459 8.03054 7.80765 7.31439 6.43738
threshold=2.1785692888027195 0.083482873400912663 0.079095926518506735 0.081032983629692037 15.855000019073488 18.82499980926514 0.015487346691310468 13.835000038146974 -0.044662763244000363 -0.0013043868274282275 0.00069579143919507047 0.06600264798727519 -0.017003095159184464 -0.018776281503905753 0.0017163083524300851 -0.0063570727840361876 -0.013975625369978871 20.610000610351566 20.659999847412113 0.0077057043217162455 -0.0060160798927795791 0.065588142690931509 -0.0059829775595550685 0.0038400738335032662 16.425000190734867 16.914999961853031 0.035732365029541142 0.018434077671690301 0.001215859058919633 0.060125948457031016
decision_type=2 2 2 2 2 2 2 2 8 2 2 10 2 2 2 2 2 2 2 2 2 2 2 2 2 2 2 2 2 2
left_child=1 2 13 4 -4 12 7 -3 -9 11 -11 -5 -6 -1 15 -15 -17 20 -19 -20 21 -18 -22 24 29 27 28 -26 -27 -24
right_child=-2 6 3 9 5 -7 -8 8 -10 10 -12 -13 -14 14 -16 16 17 18 19 -21 22 -23 23 -25 25 26 -28 -29 -30 -31
leaf_value=4.7519901277560454e-05 -5.9647751353757979e-05 0.00034996997824041391 0.00020608394722759717 -0.00019278547936758757 -0.00032497555617233358 -0.00016525524713959235 0.00046109263516787595 0.00013571725234280314 4.3706535721205227e-06 0.00021793848739453262 -0.00017634091516025846 7.546979738784967e-05 -0.00058409776930598946 7.6072581409772255e-06 1.8955728735344899e-05 1.6623672439914884e-05 0.00014856611297260126 -0.0013878898255743431 -0.00011197598929671405 -0.0011807824837737804 0.00015121795892382054 -0.00049168179359884961 -5.8880987163187015e-05 -5.8916533027196277e-05 -0.00024984604097105881 -0.00026265804941511895 0.00052153716074525758 -0.00092719071198130501 -0.00082477608870782672 -0.00035647151007077503
leaf_weight=38451 19049 847 399 531 266 1256 852 9493 24078 1193 400 298 464 44317 162376 18006 3407 81 934 291 1675 340 3545 10245 121 1451 337 237 77 441
leaf_count=38451 19049 847 399 531 266 1256 852 9493 24078 1193 400 298 464 44317 162376 18006 3407 81 934 291 1675 340 3545 10245 121 1451 337 237 77 441
internal_value=0.000122562 0.000157916 0.000106118 -0.001969 -0.00372117 -0.00499496 0.000585484 0.000489279 0.000402282 -0.0002436 0.00110797 -0.00284077 -0.00883562 0.000140955 7.50564e-05 -0.000213145 -0.000570797 -0.00117289 -0.00480092 -0.00340816 -0.000956299 0.000916734 -0.00134343 -0.00165492 -0.00300451 -0.00561628 -0.00376676 -0.0152514 -0.00530759 -0.00154792
internal_weight=345458 326409 291139 4807 2385 1986 35270 34418 33571 2422 1593 829 730 286332 247881 85505 41188 23182 1306 1225 21876 3747 18129 16454 6209 2223 1865 358 1528 3986
internal_count=345458 326409 291139 4807 2385 1986 35270 34418 33571 2422 1593 829 730 286332 247881 85505 41188 23182 1306 1225 21876 3747 18129 16454 6209 2223 1865 358 1528 3986
is_linear=0
shrinkage=0.05


Tree=100
num_leaves=31
num_cat=0
split_feature=11 13 4 11 13 0 16 8 4 7 14 13 13 11 12 1 16 14 14 14 16 14 14 4 2 13 14 8 11 14
split_gain=2.80927 5.89722 5.6882 5.48544 18.3486 4.6035 4.18811 3.9208 3.40588 3.03035 5.10566 5.09828 10.9188 6.88515 5.68392 5.12234 5.37151 4.65271 4.38077 3.97578 3.40301 3.89293 4.74235 5.06843 3.41842 3.60858 3.61915 3.80371 3.26217 3.7111
threshold=0.025601667077503779 12.644999980926515 0.018918336832689796 0.025278563424786519 13.460000038146974 -0.027075646647682357 0.043451681538480343 -0.20408910937163291 0.013618906276867172 -0.016597506583314655 -0.12096344977185801 25.19999980926514 22.730000495910648 0.011859524806369206 -0.0800835440536906 -0.068814747698123888 -0.080885148929532455 0.34982669992859688 0.45247854199056486 -0.022508843870219172 0.050347865080308203 0.0068960420278251231 0.0051534197063997098 0.018712826184951733 0.06223449419266059 25.19999980926514 -0.003811601511204465 0.0040828496556601932 0.021563069340693967 -0.016062326519559963
decision_type=2 2 2 2 2 2 2 10 2 2 2 2 2 2 2 2 2 2 2 2 2 2 2 2 2 2 2 10 2 2
left_child=3 2 -2 8 6 -3 -5 -7 -1 10 -10 12 -12 14 -14 16 -16 -13 -19 -18 24 22 28 -24 -11 -26 27 -27 29 -22
right_child=1 5 -4 4 -6 7 -8 -9 9 20 11 17 13 -15 15 -17 19 18 -20 -21 21 -23 23 -25 25 26 -28 -29 -30 -31
leaf_value=5.310567689134243e-05 -0.00051449562800688663 -0.00029069401505836854 2.8123393359825682e-06 -0.00057318975441085832 6.0792597407523919e-05 -0.00021405801104725934 4.6408346111621331e-05 7.4728090182323083e-05 0.00020972434223052278 -1.5509601695240632e-05 1.9109499644889803e-05 0.00021472364509072129 0.00073113298170001599 0.00050986659073577951 -0.0041009310166890906 -0.0001667342148967866 -0.00074556188031106314 -0.00087989574425950678 1.6087052996515549e-05 -0.00027709315926538681 -0.00037135701848513346 0.00014047373315266272 -0.00026985414040231232 -0.0017296814996538498 2.5024431768396396e-05 -0.0013950576600990359 -4.8685870268942866e-05 -0.0003906183718878138 0.00050696735905779043 4.6046959689982999e-05
leaf_weight=11671 380 1094 460 345 856 1047 61 33905 4089 130964 75530 7267 307 484 42 3833 442 268 995 589 640 624 52 77 67881 50 812 405 165 366
leaf_count=11671 380 1094 460 345 856 1047 61 33905 4089 130964 75530 7267 307 484 42 3833 442 268 995 589 640 624 52 77 67881 50 812 405 165 366
internal_value=9.80763e-05 0.000510492 -0.00363095 4.88158e-05 -0.00324089 0.000607002 -0.0119951 0.00070697 6.23146e-05 2.92686e-05 0.00026405 0.000185334 6.32181e-05 -0.00204757 -0.00257721 -0.00299022 -0.0060438 0.00134818 -0.00145289 -0.00532978 -7.97876e-05 -0.00217256 -0.00373077 -0.0128295 -5.96664e-05 0.000224736 -0.0024191 -0.00598901 -0.00272844 -0.00379722
internal_weight=345701 36886 840 308815 1262 36046 406 34952 307553 295882 93846 89757 81227 5697 5213 4906 1073 8530 1263 1031 202036 1924 1300 129 200112 69148 1267 455 1171 1006
internal_count=345701 36886 840 308815 1262 36046 406 34952 307553 295882 93846 89757 81227 5697 5213 4906 1073 8530 1263 1031 202036 1924 1300 129 200112 69148 1267 455 1171 1006
is_linear=0
shrinkage=0.05


Tree=101
num_leaves=31
num_cat=0
split_feature=13 13 13 13 13 16 7 14 10 15 5 14 10 14 14 10 14 12 13 13 12 13 9 8 13 16 16 14 14 10
split_gain=2.97862 3.45105 5.34868 3.32369 3.88623 5.3905 6.08853 8.21003 7.19794 4.68837 4.63527 4.11448 8.53996 8.44314 11.3096 9.09904 8.21861 8.18621 9.50435 7.20891 6.44712 5.8953 5.43954 7.75061 4.78614 5.78328 4.56697 4.51733 8.57318 6.42808
threshold=49.655000686645515 43.015001296997077 33.719999313354499 28.970000267028812 24.385000228881839 0.0073842372109380614 0.022344280383752694 -0.028247300750300127 0.0091384647102960032 0.0026984520446263764 0.034029371320075677 -0.069951740507607593 0.012484790292373706 -0.046520346015414375 -0.043806838804765429 0.0092344351500740513 -0.06305423233808731 0.060540573797923998 13.194999694824221 13.500000000000002 0.0048491257127185614 19.105000495910648 -0.093994203962556686 -0.010478958779822965 23.965000152587894 0.031847274775889674 0.069416748225454419 -0.037374592254897913 -0.039568606403770572 0.01436534903475606
decision_type=2 2 2 2 2 2 2 2 2 2 2 2 2 2 2 2 2 2 2 2 2 2 8 10 2 2 2 2 2 2
left_child=1 2 3 4 10 6 -6 8 9 -8 11 12 20 15 -15 17 -17 18 -13 -20 -1 -22 23 -23 27 -26 -21 28 29 -16
right_child=-2 -3 -4 -5 5 -7 7 -9 -10 -11 -12 13 -14 14 24 16 -18 -19 19 26 21 22 -24 -25 25 -27 -28 -29 -30 -31
leaf_value=0.00022377166978182906 0.0011743625112314348 -0.00020050373873248966 0.000366869243874869 -0.00012408501610494115 7.8753769439954984e-05 0.00028742950923332864 -0.00054886137140931302 -5.2132668274458552e-05 -0.00019405375031193326 -0.0019739297382493667 -0.00028629635689152291 -0.00027365921843498027 -4.8603197005031065e-05 0.00027769207555153119 -4.9740694427037366e-05 -0.00013889189988962612 0.00015946283111473706 0.00041526533352157939 0.00022971627119604531 -9.2452763239969898e-05 6.9863967837841193e-05 -0.0002697453246122068 -7.9329155101943413e-05 -0.00080196816769513557 -0.00035061980466917969 0.0001442806411720372 -0.00045236294367674134 4.863781561081102e-06 0.00024793903800545813 0.0003048002014983243
leaf_weight=9797 425 840 1714 4280 9418 3810 108 913 163 79 5639 2487 10660 3735 7089 2040 5452 1198 1257 18941 12461 153 1028 49 1107 405 224 232580 5872 1228
leaf_count=9797 425 840 1714 4280 9418 3810 108 913 163 79 5639 2487 10660 3735 7089 2040 5452 1198 1257 18941 12461 153 1028 49 1107 405 224 232580 5872 1228
internal_value=0.00011085 0.000105693 0.000113511 9.95551e-05 0.000117093 0.000918156 0.000342197 -0.00291766 -0.00942857 -0.016123 8.11994e-05 0.000106416 0.000624927 4.39859e-05 0.000140586 -0.000726447 0.000795515 -0.00119944 -0.00141014 -0.00105474 0.00115761 0.00045687 -0.00284553 -0.0103465 9.95044e-05 -0.00270503 -0.00129533 0.000116688 0.000982804 -4.98976e-05
internal_weight=345152 344727 343887 342173 337893 14491 10681 1263 350 187 323402 317763 34148 283615 252016 31599 7492 24107 22909 20422 23488 13691 1230 202 248281 1512 19165 246769 14189 8317
internal_count=345152 344727 343887 342173 337893 14491 10681 1263 350 187 323402 317763 34148 283615 252016 31599 7492 24107 22909 20422 23488 13691 1230 202 248281 1512 19165 246769 14189 8317
is_linear=0
shrinkage=0.05


Tree=102
num_leaves=31
num_cat=0
split_feature=11 12 11 12 8 11 13 14 14 9 15 15 8 14 10 12 13 12 10 15 15 11 11 10 2 14 10 13 10 11
split_gain=2.93713 6.15931 4.10675 7.55128 3.82916 5.64769 7.48581 5.6958 4.0954 3.80667 3.75913 4.58041 3.75345 3.55977 5.86777 3.50487 8.09167 6.49584 10.3601 10.3933 5.52201 7.28199 10.2784 5.88769 5.33054 5.13562 4.63786 4.60653 4.5722 10.8416
threshold=-0.019741563271709391 -0.0047203102614324912 -0.019470544482977133 0.020115024475367619 -0.16760900041007246 -0.0038922440129086073 20.659999847412113 0.05244160831962786 -0.0013068210528928146 0.16384005621134926 0.0065877862980089361 0.0064903901128557937 0.23302130873202911 -0.10344834121785244 0.0041960795209391452 0.060540573797923998 16.98499965667725 0.057603305359047348 0.0062107996650884187 0.00063308338141865328 0.0036931156897176414 0.0090107583304430711 0.010802932788447463 0.013083392794018491 -0.0015299156867392136 -0.0026760061162229838 0.0065693247307323519 18.82499980926514 0.00446494553626653 -0.0049730820987286531
decision_type=2 2 2 2 10 2 2 2 2 10 2 2 8 2 2 2 2 2 2 2 2 2 2 2 2 2 2 2 2 2
left_child=1 13 3 -2 5 6 8 10 -4 -5 11 -7 -3 -1 -15 17 -17 28 25 -20 21 -18 24 27 -23 -19 -22 -24 -6 -30
right_child=2 12 4 9 15 7 -8 -9 -10 -11 -12 -13 -14 14 -16 16 20 18 19 -21 26 22 23 -25 -26 -27 -28 -29 29 -31
leaf_value=0.00021394792666369224 0.00010289130736226087 0.00026572367988762124 0.00050784370824275915 -0.00030996823757365794 -4.8980842619828548e-06 -0.00022787163155741261 -0.00017189785186865717 0.00011206195921255644 -0.00049726503998735207 -0.0014046452499954093 -4.9459135638091296e-05 -0.0006798594347084564 -3.4524177472651673e-06 2.4756144026037649e-05 -0.00017344050372089883 0.0001784237109081644 9.4827622934542103e-05 -0.00010514015526479391 -0.00035769963475871657 -0.00022022138957948617 0.00026380702961371715 -3.0312678939235057e-05 9.1297032209740792e-05 -0.00026407697714792656 -0.00053204952815217481 0.00033429825608723401 -2.6659428411640842e-05 -0.00018301238579179711 -9.3255842270637012e-05 5.2298221439575992e-05
leaf_weight=2154 836 4640 2004 747 178263 4287 1578 1628 370 87 2472 77 1706 26647 2952 7141 3493 1283 260 2264 2831 353 2322 131 1036 1265 1941 1810 11643 77314
leaf_count=2154 836 4640 2004 747 178263 4287 1578 1628 370 87 2472 77 1706 26647 2952 7141 3493 1283 260 2264 2831 353 2322 131 1036 1265 1941 1810 11643 77314
internal_value=9.89048e-05 0.000513006 4.75873e-05 -0.00242515 6.10927e-05 -0.000798969 0.00076164 -0.00152765 0.0025358 -0.00579137 -0.00216062 -0.00304308 0.00193508 0.000228797 8.59828e-05 9.74946e-05 0.000718967 4.94324e-05 -0.00172319 -0.00399366 1.6886e-05 -0.00070257 -0.00181175 -0.000594651 -0.00554716 0.000525903 0.00139564 -0.000263795 8.30778e-05 0.000375856
internal_weight=345535 38099 307436 1670 305766 12416 3952 8464 2374 834 6836 4364 6346 31753 29599 293350 21058 272292 5072 2524 13917 9145 5652 4263 1389 2548 4772 4132 267220 88957
internal_count=345535 38099 307436 1670 305766 12416 3952 8464 2374 834 6836 4364 6346 31753 29599 293350 21058 272292 5072 2524 13917 9145 5652 4263 1389 2548 4772 4132 267220 88957
is_linear=0
shrinkage=0.05


Tree=103
num_leaves=31
num_cat=0
split_feature=4 7 11 12 13 13 13 12 0 1 13 9 14 13 13 15 13 13 11 14 14 11 4 9 11 11 9 4 12 14
split_gain=3.01342 2.92647 2.87216 5.6222 4.48976 6.12799 13.9679 13.2937 10.6673 7.74907 5.98302 5.89572 5.32651 4.78407 12.0271 9.94416 7.92515 12.0231 13.986 11.6411 20.0288 25.6126 10.6164 10.3423 10.233 19.0376 11.9829 9.31305 9.18071 7.86045
threshold=0.011817996214467996 0.19148977758696697 -0.019741563271709391 -0.0047203102614324912 24.385000228881839 21.134999275207523 21.555000305175785 -0.012168103513504501 0.0026548393288369225 -0.066250982352652629 20.060000419616703 0.37989405605498844 -0.0043060965648996632 17.454999923706058 17.530000686645511 0.0048031552001714948 16.510000228881839 16.355000495910648 0.021851031230876065 1.0000000180025095e-35 0.0087691614289995296 -0.0026220497317853693 0.022967560017171755 0.055659991792937243 0.0066220138343902066 0.0070460817852476829 0.19017655003309422 0.018090406805489824 0.060540573797923998 0.047312370481515272
decision_type=2 2 2 2 2 2 2 2 2 2 2 10 2 2 2 2 2 2 2 2 2 2 2 8 2 2 8 2 2 2
left_child=-1 2 3 -2 5 10 7 8 -7 -8 13 -9 -6 16 15 -15 17 28 22 -18 21 27 -19 -20 -22 -26 -27 -21 -4 -28
right_child=1 -3 4 -5 12 6 9 11 -10 -11 -12 -13 -14 14 -16 -17 19 18 23 20 24 -23 -24 -25 25 26 29 -29 -30 -31
leaf_value=9.8467572505416776e-05 1.9562709954479835e-05 -0.00036648075546123532 -2.3402512983009221e-07 0.0001742901361337614 1.1284278702506954e-05 -0.00016867035674784903 -0.0005301955488485917 -0.00013202897638640298 -0.0024454608480125564 6.0610038451834728e-06 9.6942813083482251e-05 -0.0012278156651736743 0.00036481467904240291 -0.00039526816675070721 -1.8149622825480289e-05 -5.5944848729544475e-05 0.00015653290697828067 4.5752311322704139e-05 -0.00074675847781983506 -0.0004204333246932926 0.0001437738044579497 -0.00015217522519830277 -0.000307330499171771 -0.00011427831151052241 -0.00046458632050620612 0.00015359012253791544 -0.0004322872411590251 -0.0010173259239915835 0.00017491433989655299 0.00022468459415060329
leaf_weight=2768 31654 1348 153443 6266 5177 134 728 2444 289 11872 14762 64 3381 1301 57008 1628 19367 3387 473 152 10462 2134 2920 368 415 3233 1330 245 6100 479
leaf_count=2768 31654 1348 153443 6266 5177 134 728 2444 289 11872 14762 64 3381 1301 57008 1628 19367 3387 473 152 10462 2134 2920 368 415 3233 1330 245 6100 479
internal_value=0.000105435 9.21581e-05 0.000101344 0.000511604 5.00503e-05 1.72698e-05 -0.000949391 -0.00405834 -0.0122577 -0.00022619 7.10407e-05 -0.00267544 0.00117901 1.63552e-05 -0.000376478 -0.00350119 0.000131486 -1.67674e-05 -0.00202294 0.000784965 -0.000113821 -0.00424536 -0.00121532 -0.00807967 0.000543062 -0.0012122 -0.000364934 -0.0159068 7.31153e-05 -0.00362355
internal_weight=345332 342564 341216 37920 303296 294738 15531 2931 423 12600 279207 2508 8558 264445 59937 2929 204508 166691 7148 37817 18450 2531 6307 841 15919 5457 5042 397 159543 1809
internal_count=345332 342564 341216 37920 303296 294738 15531 2931 423 12600 279207 2508 8558 264445 59937 2929 204508 166691 7148 37817 18450 2531 6307 841 15919 5457 5042 397 159543 1809
is_linear=0
shrinkage=0.05


Tree=104
num_leaves=31
num_cat=0
split_feature=13 15 5 14 13 10 13 9 10 16 16 12 10 14 9 13 13 13 11 10 9 10 14 12 11 15 4 16 12 12
split_gain=2.9389 2.86527 2.67241 3.2888 9.76082 4.74612 10.2582 5.82664 4.63884 3.33246 2.90234 8.52705 2.82695 9.3087 5.72691 4.39192 3.11118 3.64834 12.2675 7.09672 4.25935 4.00198 6.15551 5.58099 3.88654 3.69094 3.67158 3.57894 3.06247 3.09636
threshold=12.00999975204468 -0.0034672734266124601 0.010923947218241961 0.034598532642722286 12.644999980926515 0.0014013847331743048 16.404999732971195 0.0043692552439462693 -0.0040528821834706621 -0.0070957849260978026 -0.057844844576566128 -0.050232690438178178 0.010473454059921063 -0.035874657899562339 0.024533491567575453 13.050000190734865 12.434999942779543 12.555000305175783 0.020728631229320785 0.0059924772064959839 0.11117396412008675 0.00446494553626653 -0.039043004550001752 0.059014775578002061 0.01494126067256807 0.0058139956882897756 0.016855084758858208 0.0061048895762079178 0.060540573797923998 0.094413352301179657
decision_type=2 2 2 2 2 2 2 8 2 2 2 2 2 2 8 2 2 2 2 2 10 2 2 2 2 2 2 2 2 2
left_child=1 -1 3 8 9 -6 -7 -8 -2 -5 11 -10 16 -14 -15 -16 -12 18 24 20 -20 28 23 25 -18 -23 27 -25 -19 -30
right_child=2 -3 -4 4 5 6 7 -9 10 -11 12 -13 13 14 15 -17 17 21 19 -21 -22 22 -24 26 -26 -27 -28 -29 29 -31
leaf_value=-0.00028851851332049714 0.00015091083576900107 -7.3328312680194874e-05 6.0209609817625078e-06 -0.00048192068390316679 1.210043501852835e-05 -5.3794901024665642e-06 -0.00073854399952556662 -0.00026491893260183213 -0.00093039202288298689 -0.00020615795796885975 0.00018307465801725768 0.00012028271249388779 2.0217610436216196e-05 -0.00040311098633075121 -0.0010141981312866645 -8.6924226153589111e-05 -0.0001238087907451103 7.2196071179868313e-06 -0.00028074068836834017 -0.00031192344294706312 0.00010430286478839842 0.00011511624383640475 0.00016171681084644233 -5.209763771292389e-05 0.00025075982916321782 -5.3259517199126516e-05 0.00015466492045953815 -0.00056698949222143901 0.00029257398580208587 -9.3313178396023708e-05
leaf_weight=127 4002 1571 272928 44 15074 1149 117 361 43 103 1938 92 4044 175 129 634 685 25109 202 145 134 2863 8027 86 667 3025 88 169 1178 318
leaf_count=127 4002 1571 272928 44 15074 1149 117 361 43 103 1938 92 4044 175 129 634 685 25109 202 145 134 2863 8027 86 667 3025 88 169 1178 318
internal_value=0.000125671 -0.00194935 0.000135928 0.000410122 -0.00019943 -8.65216e-05 -0.00265212 -0.00880753 0.000601176 -0.0130272 0.000469438 -0.00685185 0.000489358 -0.000640305 -0.00512793 -0.00325688 0.00061545 0.000526513 -0.00165576 -0.00851351 -0.00452381 0.000624404 0.00130032 0.000121169 0.000784024 0.000482337 -0.00607872 -0.00911765 0.000262169 0.00245989
internal_weight=345227 1698 343529 70601 16848 16701 1627 478 53753 147 49751 135 49616 4982 938 763 44634 42696 1833 481 336 40863 14258 6231 1352 5888 343 255 26605 1496
internal_count=345227 1698 343529 70601 16848 16701 1627 478 53753 147 49751 135 49616 4982 938 763 44634 42696 1833 481 336 40863 14258 6231 1352 5888 343 255 26605 1496
is_linear=0
shrinkage=0.05


Tree=105
num_leaves=31
num_cat=0
split_feature=7 7 16 16 13 5 15 9 15 16 3 15 15 13 10 13 13 15 12 12 10 10 15 13 9 10 10 12 10 12
split_gain=2.73963 2.42459 3.8858 4.11847 5.67913 5.67853 4.74019 5.9912 4.93989 4.25998 4.80635 4.19265 3.90925 2.79805 4.99756 4.70428 19.391 10.8435 8.95173 6.44393 6.03955 5.04876 5.06638 4.55891 3.99186 3.7769 8.49566 5.82364 4.66183 16.8747
threshold=0.19148977758696697 -0.020550452606639343 0.0017163083524300851 0.00027307564447232041 23.965000152587894 0.014007171845412876 -0.0062851778481081136 0.055659991792937243 0.01512951771144966 0.001046863723102698 -0.0038654278064116361 0.017610711270072858 -0.0069074451720735333 19.010000228881839 0.017102322993862277 18.005000114440922 18.105000495910648 -0.0038294324991737789 0.060540573797923998 -0.043041406919214036 0.015605159278572868 -0.0053055515245151166 1.0000000180025095e-35 18.625000000000004 0.020630953588458237 -0.0015878085358975167 -0.00262768472957231 -0.031709461576504387 -0.00018001810557455308 0.029341828441340815
decision_type=2 2 2 2 2 2 2 10 2 2 2 2 2 2 2 2 2 2 2 2 2 2 2 2 10 2 2 2 2 2
left_child=1 -1 3 -3 6 -6 7 -5 -8 10 -9 -10 -11 14 15 18 17 24 19 -4 25 22 -18 -23 -17 26 -21 -27 29 -29
right_child=-2 2 13 4 5 -7 8 9 11 12 -12 -13 -14 -15 -16 16 21 -19 -20 20 -22 23 -24 -25 -26 27 -28 28 -30 -31
leaf_value=3.1437492024135862e-05 -0.00041950766403669662 -9.629485228389382e-06 -0.00050973038620927703 -0.00010348362846008777 -0.00085022782849013224 -0.00023047989885725362 -2.0347661512831055e-05 -0.00047098728203346236 -0.0011185143278488747 0.00023489034341012149 -0.00073606220485026848 -0.00095581043692397191 -0.00046561702368525947 5.7014013954875673e-05 0.00024143675321382696 -0.00087259087345936117 -0.00024556985837144755 -0.00030750325108432693 0.00014745752326270653 1.5319407170274375e-05 -0.00045896794996852795 8.7560154905622111e-05 0.00012778026849269704 -0.00010826092790865323 -0.00050061937860372378 0.00037341602131947072 0.0002472918212741018 7.3217541773089255e-05 -8.6296702547366904e-07 -0.00023663910232104833
leaf_weight=90847 1343 91033 103 702 40 186 5651 113 52 158 182 96 71 25690 2637 83 1366 1021 8473 20212 576 5939 608 2658 95 855 4132 4716 71724 4153
leaf_count=90847 1343 91033 103 702 40 186 5651 113 52 158 182 96 71 25690 2637 83 1366 1021 8473 20212 576 5939 608 2658 95 855 4132 4716 71724 4153
internal_value=0.000105712 0.000114507 3.50342e-05 -0.000210919 -0.00135774 -0.00915929 -0.00110676 -0.00393148 -0.00050957 -0.0079771 -0.0119492 -0.00952703 -0.00286026 0.00019095 9.62886e-05 5.14546e-05 -0.000900595 -0.00692661 0.000148942 2.44669e-05 3.65713e-05 -0.000217103 -0.00249747 0.000306502 -0.0183146 6.43718e-05 0.000610828 -9.89587e-05 -0.000142506 -0.00122393
internal_weight=345515 344172 253325 98284 7251 226 7025 1226 5799 524 295 148 229 155041 129351 126714 11770 1199 114944 106471 106368 10571 1974 8597 178 105792 24344 81448 80593 8869
internal_count=345515 344172 253325 98284 7251 226 7025 1226 5799 524 295 148 229 155041 129351 126714 11770 1199 114944 106471 106368 10571 1974 8597 178 105792 24344 81448 80593 8869
is_linear=0
shrinkage=0.05


Tree=106
num_leaves=31
num_cat=0
split_feature=4 11 10 9 14 10 13 12 9 12 14 10 14 14 10 12 12 10 11 10 10 1 14 12 10 9 10 10 9 10
split_gain=2.8386 4.29156 5.87961 2.50172 2.42471 6.91811 5.81073 7.16924 7.65032 7.15555 5.63131 7.07644 6.77772 6.37577 9.80994 6.26798 5.78235 11.6051 7.20387 5.46696 5.39101 5.70703 7.00286 5.34403 5.89926 5.33366 6.60853 4.71595 7.46654 11.5833
threshold=0.013782567417421414 0.034590323148393838 0.0054582813073318368 0.90070472270933499 -0.068136872709181048 0.0014013847331743048 18.94999980926514 -0.018642190915216624 -0.09158642237869645 -0.00022029863059441765 -0.048201737040391705 0.0092344351500740513 -0.06305423233808731 -0.042495657697534488 0.0012830782027211109 0.060540573797923998 0.044320340975829382 0.0023194269217708956 0.0086496038184588082 0.011166983386891373 0.0059924772064959839 -0.054549825374371412 -0.06112324665451873 0.0048491257127185614 0.015605159278572868 0.90070472270933499 0.0099108597244759195 0.010473454059921063 0.053066012434863093 0.011833675502069931
decision_type=2 2 2 10 2 2 2 2 10 2 2 2 2 2 2 2 2 2 2 2 2 2 2 2 2 8 2 2 8 2
left_child=1 -1 -3 4 5 -2 9 25 -9 19 11 15 -13 14 -12 16 17 18 -6 -7 21 22 -19 24 -11 26 -8 -15 29 -29
right_child=3 2 -4 -5 10 6 7 8 -10 23 13 12 -14 27 -16 -17 -18 20 -20 -21 -22 -23 -24 -25 -26 -27 -28 28 -30 -31
leaf_value=5.5078123134871884e-05 0.00048163652277476176 0.00037129116953724215 -0.00079385146372648423 -0.00049868664686913663 0.00020206223771041017 0.00033412150358949388 -0.00012772949736846972 -0.00031868116374731651 -5.5383931038813057e-05 0.00012017413190759787 -0.00019802700092062388 -0.00013994102569022529 0.00014212936041284544 7.0117356559497624e-06 0.00020284468313889537 0.00034651504279943472 -0.00026502551663283781 -0.0032530925360509918 -0.00022654937369164237 2.2660681060949261e-05 -6.4498145371363484e-05 -0.00019925018238999416 -0.00039306375060150188 3.3119151189128239e-05 -0.00075237040398981299 -0.00025599247645725996 0.0001891843032582512 -0.00048367253325601908 -1.5892024855031146e-05 -7.2551592750352468e-05
leaf_weight=13558 1165 66 97 1059 3567 4600 2132 1739 4514 423 838 2114 5234 247202 6804 1165 1539 53 1199 2932 6464 6021 451 16823 420 848 5115 681 5197 1359
leaf_count=13558 1165 66 97 1059 3567 4600 2132 1739 4514 423 838 2114 5234 247202 6804 1165 1539 53 1199 2932 6464 6021 451 16823 420 848 5115 681 5197 1359
internal_value=9.00317e-05 0.000794767 -0.00726994 6.08761e-05 6.86483e-05 0.000429982 0.000318111 -0.000485085 -0.00175676 0.000775459 1.79037e-05 -0.000658647 0.000672292 8.96862e-05 0.00151269 -0.00113666 -0.00135172 -0.00109687 0.00101343 0.00206585 -0.0018712 -0.00288506 -0.00799603 0.000225292 -0.00365955 0.000497221 0.00093625 4.69466e-05 -0.00121114 -0.00377451
internal_weight=345379 13721 163 331658 330599 40711 39546 14348 6253 25198 289888 27807 7348 262081 7642 20459 19294 17755 4766 7532 12989 6525 504 17666 843 8095 7247 254439 7237 2040
internal_count=345379 13721 163 331658 330599 40711 39546 14348 6253 25198 289888 27807 7348 262081 7642 20459 19294 17755 4766 7532 12989 6525 504 17666 843 8095 7247 254439 7237 2040
is_linear=0
shrinkage=0.05


Tree=107
num_leaves=31
num_cat=0
split_feature=5 9 14 14 11 14 10 9 10 11 9 9 4 16 9 11 10 16 16 16 14 14 16 16 4 12 14 14 14 10
split_gain=3.50438 2.70594 2.78303 6.44216 5.34762 5.29925 4.88058 5.14943 4.06005 3.63213 3.52461 3.11868 2.8013 2.93372 4.07839 4.24151 3.9208 10.4213 3.83343 4.31437 6.44662 8.70276 13.1649 12.5039 5.41875 4.15571 5.46669 4.12599 10.5147 9.28047
threshold=0.0096078886638933103 0.90070472270933499 0.083482873400912663 0.079095926518506735 0.015487346691310468 0.081032983629692037 -0.0027475729584331417 0.091919683187990056 -0.010740707150492855 -0.00058148725968282234 -0.045492643099075407 0.043924460433941055 0.075211079315072829 -0.018776281503905753 0.19877482602144728 0.03932291360928742 -0.011956440347234197 -0.02074182001241098 0.0028241221371984042 -0.0063570727840361876 0.0045608735277805632 0.0087691614289995296 -0.0035421613482611298 -0.004416665361462401 0.019324538088636507 0.053097750277519846 0.018140950487321564 0.018647774107223628 0.02559063550932739 -0.00075291424678586283
decision_type=2 10 2 2 2 2 2 10 2 2 8 8 2 2 10 2 2 2 2 2 2 2 2 2 2 2 2 2 2 2
left_child=-1 2 3 12 -4 6 7 11 10 -10 -7 -5 13 14 16 -16 17 -2 19 25 -21 22 23 -22 -25 -15 -27 -23 29 -29
right_child=1 -3 4 5 -6 8 -8 -9 9 -11 -12 -13 -14 18 15 -17 -18 -19 -20 20 21 27 -24 24 -26 26 -28 28 -30 -31
leaf_value=3.4317453323614273e-05 -7.7482437592218931e-05 -0.00052615520596338702 3.2784686369324701e-05 -0.00045025133850585338 0.00046141433029082588 -0.00047497840132272031 -0.00010594425737836806 -0.00068386803354573706 0.00038504040352533241 -3.851503341434807e-05 -6.8370588618410318e-05 -6.4087958856557222e-05 -0.0003179976366695079 2.0246735081737906e-05 -0.00010588544876143057 -0.0015049436912814142 6.5261907131526685e-05 -0.00058432069561199914 1.3681485595151014e-05 -1.3515079565342667e-05 -0.00033190156394526067 4.3405999006850682e-05 -0.00016510878747239303 -0.00029162342586807569 -0.0020938093960705425 -0.00021752679755414873 0.00018733449643875777 -0.00045484947756074378 -5.8332768752035787e-05 8.2983303077449254e-06
leaf_weight=33005 1525 1058 33899 394 809 187 1205 266 807 1153 249 496 1824 37516 2961 51 32390 64 148472 27964 276 3103 1211 40 120 2703 922 1443 8942 723
leaf_count=33005 1525 1058 33899 394 809 187 1205 266 807 1153 249 496 1824 37516 2961 51 32390 64 148472 27964 276 3103 1211 40 120 2703 922 1443 8942 723
internal_value=0.000109145 5.7438e-05 6.6006e-05 1.31226e-05 0.000488072 -0.00181102 -0.00349216 -0.00581315 -0.000154424 0.000816327 -0.00451835 -0.00398876 4.49956e-05 5.81677e-05 0.000471872 -0.0012915 0.000628182 -0.00179673 -7.38945e-06 -0.000275237 -0.000620464 -0.00142578 -0.00486642 -0.0123165 -0.0234375 9.2487e-05 -0.00152414 -0.00102702 -0.00147731 -0.00460295
internal_weight=345778 312773 311715 277007 34708 4757 2361 1156 2396 1960 436 890 272250 270426 36991 3012 33979 1589 233435 84963 43822 15858 1647 436 160 41141 3625 14211 11108 2166
internal_count=345778 312773 311715 277007 34708 4757 2361 1156 2396 1960 436 890 272250 270426 36991 3012 33979 1589 233435 84963 43822 15858 1647 436 160 41141 3625 14211 11108 2166
is_linear=0
shrinkage=0.05


Tree=108
num_leaves=31
num_cat=0
split_feature=5 11 13 13 11 9 12 13 12 16 15 12 10 10 10 10 12 14 12 10 9 14 14 13 14 10 14 16 10 10
split_gain=3.4288 3.03656 2.92605 12.5903 9.70514 9.72602 9.62473 7.28183 6.26382 14.0912 11.5272 5.82294 5.78724 6.36525 11.0318 5.27926 6.97397 8.46687 8.0636 10.724 9.81203 8.97352 13.0425 8.26607 11.4727 8.73071 8.12433 7.43336 6.4667 6.95217
threshold=0.010069474984684797 0.077392985560090458 16.510000228881839 16.355000495910648 0.021851031230876065 0.054348234183059681 0.060540573797923998 16.644999504089359 0.057603305359047348 -0.014233211399193977 -0.008809736424669477 -0.032774271648009549 0.015605159278572868 -0.0027475729584331417 -0.0029742003737800999 0.0092344351500740513 0.020704073700370865 0.083482873400912663 0.017813200089154994 -0.00098146470718468693 0.71375385165335714 0.02559063550932739 0.0250539094836888 13.194999694824221 -0.001390218635627771 0.0018205725839071098 0.01047986470772211 -0.0082528677966341429 0.00063379839939814453 0.0018205725839071098
decision_type=2 2 2 2 2 8 2 2 2 2 2 2 2 2 2 2 2 2 2 2 8 2 2 2 2 2 2 2 2 2
left_child=-1 2 3 6 12 -6 8 -4 11 -10 -11 -2 13 14 -5 16 18 -18 20 27 21 22 28 -22 25 -25 -21 -20 -13 -30
right_child=1 -3 7 4 5 -7 -8 -9 9 10 -12 15 -14 -15 -16 -17 17 -19 19 26 23 -23 -24 24 -26 -27 -28 -29 29 -31
leaf_value=2.8927856744230352e-05 0.00034988483315466414 -0.0002308343722528547 0.00025244402235550297 -0.00010218072120298588 -0.00072646993075923703 -0.00012793786253666005 0.00018693754688929216 1.2207791248479902e-05 -0.0022067602139298616 -0.00037041584278650505 -0.00010945521184956036 9.9806803687831915e-05 -0.0007926144813054178 -4.7380622520085253e-07 -0.0010982985222721001 7.0826637680867179e-05 -7.3290381272323534e-07 0.00028585503704173123 -0.0010396749042024891 -0.00019956827938804917 -0.00048315133914731963 0.00010405002295933305 -0.00057928628170420514 0.00018213086108223391 -0.00023192594674924417 -0.00026160608185907036 0.00026588376496561599 -0.00024915437133858317 -0.00031427070275483497 -4.0075353092742963e-05
leaf_weight=45368 1392 418 5191 1095 418 335 5180 153783 68 48 2080 4192 395 3751 360 15457 69201 2405 398 3603 281 9239 411 2204 3601 1066 1011 960 1745 10072
leaf_count=45368 1392 418 5191 1095 418 335 5180 153783 68 48 2080 4192 395 3751 360 15457 69201 2405 398 3603 281 9239 411 2204 3601 1066 1011 960 1745 10072
internal_value=0.000109306 4.81091e-05 5.4044e-05 -0.000111798 -0.00228675 -0.0076162 -9.13705e-06 0.000201102 -9.37155e-05 -0.00274135 -0.00202538 -4.80201e-05 -0.00157026 -0.00112754 -0.00393471 -8.3594e-05 -0.000204776 8.77023e-05 -0.000744785 -0.0024347 -0.000437201 1.92917e-05 -0.000682095 -0.00207494 -0.00173119 0.000412844 -0.00128522 -0.00634021 -0.000456306 -0.00105484
internal_weight=345728 300360 299942 140968 6354 753 134614 158974 129434 2196 2128 127238 5601 5206 1455 125846 110389 71606 38783 5972 32811 25659 16420 7152 6871 3270 4614 1358 16009 11817
internal_count=345728 300360 299942 140968 6354 753 134614 158974 129434 2196 2128 127238 5601 5206 1455 125846 110389 71606 38783 5972 32811 25659 16420 7152 6871 3270 4614 1358 16009 11817
is_linear=0
shrinkage=0.05


Tree=109
num_leaves=31
num_cat=0
split_feature=7 6 13 13 2 13 12 16 15 15 13 13 12 10 10 4 4 14 15 10 15 16 12 12 3 10 14 12 10 10
split_gain=2.95408 2.64538 2.45753 3.03298 3.23397 2.46247 3.85449 5.585 8.56752 6.2915 5.02863 4.6958 4.70979 8.48804 5.15614 7.18535 4.58323 4.12829 3.77564 6.13757 3.70647 4.66661 3.43645 8.65317 7.18439 3.4206 3.56531 5.7951 6.35821 9.06617
threshold=0.19148977758696697 -0.56145314094032661 49.655000686645515 46.145000457763679 -0.14485572033085345 20.060000419616703 -0.027412641456853678 -0.057844844576566128 -0.020058431641209126 -0.027456432013938655 18.214999198913578 19.625000000000004 0.032942550894698559 0.0095301201573585476 0.0096244232411890635 0.015508749913615843 0.018157272691385541 -0.10816573528732347 -0.012321856500573934 0.010542457751089975 0.0010968335836263334 0.032409475552601437 -0.029694383534641874 -0.032774271648009549 -0.015113540584225314 -0.010740707150492855 0.023650626144740231 0.053097750277519846 -0.0028855615804261321 0.002679704606603384
decision_type=2 2 2 2 2 2 2 2 2 2 2 2 2 2 2 2 2 2 2 2 2 2 2 2 2 2 2 2 2 2
left_child=1 -1 3 5 -5 6 7 8 -3 -9 -10 12 -8 17 15 -15 -12 -14 19 -16 21 -11 23 -7 -25 -19 -27 28 -28 -30
right_child=-2 2 -4 4 -6 22 11 9 10 20 16 -13 13 14 18 -17 -18 25 -20 -21 -22 -23 -24 24 -26 26 27 -29 29 -31
leaf_value=2.3489386735810698e-05 -0.00040771629205969259 0.00057534961696842975 0.0010647362575034178 -0.00071653840017878721 -0.00018844801923662951 7.1647770771767666e-06 -2.2601358077026502e-05 -0.00058398769676234411 -0.0010856574860820983 4.1827072443183869e-05 -0.00047151297605194429 -0.00014469783656353218 0.00067224399444534106 0.00010805040389757178 -0.00035912271463329581 -0.0014503331884811296 -6.9447513270283956e-05 0.00051961824075749349 -5.7406146801735392e-05 -5.6066765632844059e-05 0.00017790773167677997 -0.00057760471501602751 6.4796688245054814e-05 -0.0031305007710110697 -0.0004700255625720953 5.6328348751426752e-05 6.0323501569351392e-05 0.00015277588561875483 -0.00036900998606646476 -1.8265857825436558e-05
leaf_weight=107498 1323 126 424 112 304 15749 112855 55 65 6497 41 3582 784 164 44 234 97 699 9026 70 5461 176 26650 60 850 42583 3080 2692 2088 2204
leaf_count=107498 1323 126 424 112 304 15749 112855 55 65 6497 41 3582 784 164 44 234 97 699 9026 70 5461 176 26650 60 850 42583 3080 2692 2088 2204
internal_value=0.000101898 0.00011096 1.75698e-05 1.07471e-05 -0.00425481 1.82682e-05 -5.83262e-05 0.000790062 -0.0056383 0.000963574 -0.0119951 -0.000117293 -8.09241e-05 0.000262927 -0.00111239 -0.00668342 -0.0065942 0.000505265 -0.000869803 -0.00991228 0.00104005 0.000249513 0.000358933 -0.000204394 -0.00494505 0.00045233 0.000406196 -0.000440183 -0.00116522 -0.00240913
internal_weight=345593 344270 236772 236348 416 235932 192623 12518 329 12189 203 180105 176523 63668 9538 398 138 54130 9140 114 12134 6673 43309 16659 910 53346 52647 10064 7372 4292
internal_count=345593 344270 236772 236348 416 235932 192623 12518 329 12189 203 180105 176523 63668 9538 398 138 54130 9140 114 12134 6673 43309 16659 910 53346 52647 10064 7372 4292
is_linear=0
shrinkage=0.05


Tree=110
num_leaves=31
num_cat=0
split_feature=4 1 13 15 1 15 16 13 13 11 16 15 3 11 13 13 9 13 12 14 11 11 14 13 9 16 13 11 11 12
split_gain=2.71297 2.22914 2.16088 3.52715 3.63351 2.61396 2.26312 5.42287 12.5311 7.15314 5.68381 7.22829 6.37508 6.37419 4.85133 8.95954 9.81196 14.8084 14.3893 8.42824 7.76378 11.0908 6.57196 5.99083 7.90789 5.87002 5.85363 13.6845 20.4141 11.6573
threshold=0.063815210553596569 0.14391638195368497 12.00999975204468 -0.0032813715494762748 -0.008466486382123049 0.0025238670287356384 0.0259323123501396 16.469999313354496 16.345000267028812 -0.0027765970231875543 0.028369801627223138 0.016734821577835127 -0.0021645378789589827 0.0098349607025450831 13.744999885559084 13.34500026702881 0.90070472270933499 13.305000305175783 0.013115765769464051 -0.01262073301810107 0.00023769852102906167 -0.0022021507151603332 0.035381364185180238 13.775000095367433 0.10968847705099029 0.021041780950034398 12.84500026702881 0.02306163879140322 0.024185912746781283 0.026351092222996367
decision_type=2 2 2 2 2 2 2 2 2 2 2 2 2 2 2 2 8 2 2 2 2 2 2 2 8 2 2 2 2 2
left_child=2 -2 3 4 -1 -5 14 8 9 -8 11 -11 13 -13 15 16 17 20 25 -19 21 -4 -23 24 -16 -18 27 29 -29 -22
right_child=1 -3 6 5 -6 -7 7 -9 -10 10 -12 12 -14 -15 23 -17 18 19 -20 -21 26 22 -24 -25 -26 -27 -28 28 -30 -31
leaf_value=-8.102304490075793e-05 -0.00013383985080226931 -0.00072028963209946103 0.00012934061718065059 6.3209049183133922e-05 -0.0004460586007800964 -0.00017231736279914078 -0.0003659094831142851 3.5752095417073412e-05 -0.00032742945704198316 -7.2672054409523502e-05 6.2296957943742061e-06 -0.00084621101403511685 -0.00022602405935001591 -0.00019144392249769283 -0.00045350472498279946 0.00015364271403273317 -0.00036093977727929606 -0.00050776009596648346 -0.00010299713167883131 -9.0995051918514212e-05 -0.00016903728998657406 -4.7326212433118548e-05 -0.00030712989766987307 8.5022647543329514e-06 -7.9956937905099944e-05 -0.000642964939678936 0.0001661914170856365 -0.00047013033701680452 -8.6601995084774799e-05 0.00010176291364136763
leaf_weight=86 4953 474 2050 803 95 704 876 21267 1672 3207 21726 70 453 41 408 12964 197 320 2738 795 1354 1185 1186 239644 774 69 11876 233 651 12420
leaf_count=86 4953 474 2050 803 95 704 876 21267 1672 3207 21726 70 453 41 408 12964 197 320 2738 795 1354 1185 1186 239644 774 69 11876 233 651 12420
internal_value=0.000102102 -0.001007 0.000119813 -0.00166469 -0.00825967 -0.000872594 0.00012872 -0.000184336 -0.000640934 -0.000374815 -0.000222183 -0.00201405 -0.00723404 -0.017973 0.000182162 0.000640951 0.000225808 0.000481759 -0.00250666 -0.00517937 0.000685673 -0.00125424 -0.00358288 9.06465e-05 -0.00346024 -0.013609 0.00100889 0.000340429 -0.00569004 0.000727458
internal_weight=345291 5427 339864 1688 181 1507 338176 49312 28045 26373 25497 3771 564 111 288864 48038 35074 32070 3004 1115 30955 4421 2371 240826 1182 266 26534 14658 884 13774
internal_count=345291 5427 339864 1688 181 1507 338176 49312 28045 26373 25497 3771 564 111 288864 48038 35074 32070 3004 1115 30955 4421 2371 240826 1182 266 26534 14658 884 13774
is_linear=0
shrinkage=0.05


end of trees

feature_importances:
vix_level=518
spy_ret_5d=495
spy_ret_1d=479
vix_chg_1d=434
spy_ret_20d=412
sector_ret_1d=137
sector_ret_5d=135
dist_ma200=130
atr_pct=126
parkinson_20=126
dvol_z_20=102
dist_ma50=59
overnight_gap=58
ret_1d=41
ret_5d=32
dist_ma20=26
ret_20d=20

parameters:
[boosting: gbdt]
[objective: quantile]
[metric: quantile]
[tree_learner: serial]
[device_type: cpu]
[data_sample_strategy: bagging]
[data: ]
[valid: ]
[num_iterations: 120]
[learning_rate: 0.05]
[num_leaves: 31]
[num_threads: -1]
[seed: 0]
[deterministic: 0]
[force_col_wise: 1]
[force_row_wise: 0]
[histogram_pool_size: -1]
[max_depth: -1]
[min_data_in_leaf: 40]
[min_sum_hessian_in_leaf: 0.001]
[bagging_fraction: 0.85]
[pos_bagging_fraction: 1]
[neg_bagging_fraction: 1]
[bagging_freq: 1]
[bagging_seed: 3]
[bagging_by_query: 0]
[feature_fraction: 0.85]
[feature_fraction_bynode: 1]
[feature_fraction_seed: 2]
[extra_trees: 0]
[extra_seed: 6]
[early_stopping_round: 0]
[early_stopping_min_delta: 0]
[first_metric_only: 0]
[max_delta_step: 0]
[lambda_l1: 0]
[lambda_l2: 0]
[linear_lambda: 0]
[min_gain_to_split: 0]
[drop_rate: 0.1]
[max_drop: 50]
[skip_drop: 0.5]
[xgboost_dart_mode: 0]
[uniform_drop: 0]
[drop_seed: 4]
[top_rate: 0.2]
[other_rate: 0.1]
[min_data_per_group: 100]
[max_cat_threshold: 32]
[cat_l2: 10]
[cat_smooth: 10]
[max_cat_to_onehot: 4]
[top_k: 20]
[monotone_constraints: ]
[monotone_constraints_method: basic]
[monotone_penalty: 0]
[feature_contri: ]
[forcedsplits_filename: ]
[refit_decay_rate: 0.9]
[cegb_tradeoff: 1]
[cegb_penalty_split: 0]
[cegb_penalty_feature_lazy: ]
[cegb_penalty_feature_coupled: ]
[path_smooth: 0]
[interaction_constraints: ]
[verbosity: -1]
[saved_feature_importance_type: 0]
[use_quantized_grad: 0]
[num_grad_quant_bins: 4]
[quant_train_renew_leaf: 0]
[stochastic_rounding: 1]
[linear_tree: 0]
[max_bin: 255]
[max_bin_by_feature: ]
[min_data_in_bin: 3]
[bin_construct_sample_cnt: 200000]
[data_random_seed: 1]
[is_enable_sparse: 1]
[enable_bundle: 1]
[use_missing: 1]
[zero_as_missing: 0]
[feature_pre_filter: 1]
[pre_partition: 0]
[two_round: 0]
[header: 0]
[label_column: ]
[weight_column: ]
[group_column: ]
[ignore_column: ]
[categorical_feature: ]
[forcedbins_filename: ]
[precise_float_parser: 0]
[parser_config_file: ]
[objective_seed: 5]
[num_class: 1]
[is_unbalance: 0]
[scale_pos_weight: 1]
[sigmoid: 1]
[boost_from_average: 1]
[reg_sqrt: 0]
[alpha: 0.1]
[fair_c: 1]
[poisson_max_delta_step: 0.7]
[tweedie_variance_power: 1.5]
[lambdarank_truncation_level: 30]
[lambdarank_norm: 1]
[label_gain: ]
[lambdarank_position_bias_regularization: 0]
[eval_at: ]
[multi_error_top_k: 1]
[auc_mu_weights: ]
[num_machines: 1]
[local_listen_port: 12400]
[time_out: 120]
[machine_list_filename: ]
[machines: ]
[gpu_platform_id: -1]
[gpu_device_id: -1]
[gpu_device_id_list: ]
[gpu_use_dp: 0]
[num_gpu: 1]

end of parameters

pandas_categorical:[]
