tree
version=v4
num_class=1
num_tree_per_iteration=1
label_index=0
max_feature_idx=16
objective=quantile
feature_names=ret_1d ret_5d ret_20d overnight_gap atr_pct parkinson_20 dvol_z_20 dist_ma20 dist_ma50 dist_ma200 spy_ret_1d spy_ret_5d spy_ret_20d vix_level vix_chg_1d sector_ret_1d sector_ret_5d
feature_infos=[-0.57513778322106557:0.5918674698795181] [-0.5737281887441632:1.1923076923076925] [-0.62151938636124826:2.1758241758241756] [-0.58738518064911205:0.57756024096385539] [0.0038556599110232477:0.25944333996023855] [0.0026905570036636619:0.18146403315431037] [-3.0076128471791996:4.3573162395430014] [-0.5511970450678898:0.95360899005906918] [-0.5516871502604066:1.5813495184256543] [-0.74650396096358052:3.2610971077225681] [-0.058542947643003718:0.10501933612632941] [-0.11496158439845272:0.082843216242346029] [-0.12265592443394913:0.15756596870864792] [11.859999656677246:52.330001831054688] [-0.35753873962348437:0.74039073966007019] [-0.091999077703481591:0.13419383554022479] [-0.18680851063829784:0.11772560364971629]
tree_sizes=3026 3079 3078 3085 3032 3113 3116 3119 3101 3108 3121 3135 3048 3069 3113 3118 3123 3096 3159 3103 3122 3108 3115 3120 3133 3108 3110 3052 3134 3085 3071 3147 3068 3159 3117 3090 3133 3096 3087 3104 3134 3078 3118 3126 3073 3097 3040 3137 3084 3103 3081 3148 3110 3180 3116 3116 3113 3076 3087 3108 3066 3095

Tree=0
num_leaves=31
num_cat=0
split_feature=4 12 13 13 4 4 14 13 13 4 13 13 10 15 14 10 10 10 6 7 10 10 13 10 10 13 14 16 13 13
split_gain=182.171 91.8903 99.4517 107.793 52.8696 32.9355 30.9256 17.9519 24.573 17.2465 14.5117 12.7088 17.9112 11.9099 11.519 10.9864 14.3904 10.8185 10.6264 9.63791 9.3015 13.7017 22.8901 11.5266 15.6915 47.9272 11.4622 11.0594 10.4637 21.4227
threshold=0.026057356988848545 -0.075828254732232245 43.015001296997077 24.630000114440922 0.041869889014313176 0.019518805176513932 -0.015155298785694047 25.505000114440922 26.85000038146973 0.033148602315754158 20.060000419616703 20.555000305175785 0.0119204706193089 -0.0047454276291791766 0.26245601507157795 0.010473470351201943 -0.0014377455389056879 -0.0063062560979271201 -0.11860376481094294 -0.036699576440372354 0.0079905990747169992 0.010752578369107592 12.434999942779543 -0.00086144258818465758 -0.0010411118176035237 16.035000801086429 -0.086337752297859935 -0.00094606981632672216 16.510000228881839 16.614999771118168
decision_type=2 2 2 2 2 2 2 2 2 2 2 2 2 2 2 2 2 2 2 2 2 2 2 2 2 2 2 2 2 2
left_child=5 2 3 -2 6 10 -5 14 15 -3 -1 12 13 -12 20 16 17 -9 -6 -8 23 -22 -23 24 28 -26 27 -25 -7 -30
right_child=1 9 -4 4 18 7 19 8 -10 -11 11 -13 -14 -15 -16 -17 -18 -19 -20 -21 21 22 -24 26 25 -27 -28 -29 29 -31
leaf_value=0.0019710284074748825 0.0020130483392455322 0.0020716691611844086 0.0013885372471473313 0.002013778213175263 0.0031422265815696628 0.0019854624493552491 0.0025228426151857495 0.0022162271997550054 0.002043810238486933 0.0021770298610362033 0.0021699915614532329 0.0020088933718734659 0.0034260374373499269 0.0020056126884226144 0.0022659107743405573 0.0017855097769028827 0.0029232336129654591 0.0017253732047843666 0.0029387429520903786 0.0023342599833342083 0.0021171449389568416 0.0027282395491855572 0.001986033734065988 0.0019467701242552211 0.0029941867660762678 0.0019278224170443483 0.0019769851237288914 0.002188600075415098 0.0022243813903875644 0.0020435941320464087
leaf_weight=100275 905 64051 1080 315 697 16261 371 364 1812 59292 649 7713 279 1146 390 113 292 136 250 365 9139 122 9567 619 162 305 49526 824 789 22695
leaf_count=100275 905 64051 1080 315 697 16261 371 364 1812 59292 649 7713 279 1146 390 113 292 136 250 365 9139 122 9567 619 162 305 49526 824 789 22695
internal_value=0.00201979 0.00352893 0.0110037 0.0158227 0.0223071 0.00115881 0.0145865 0.00175795 0.00577309 0.00328756 0.000543034 0.00238076 0.00585536 0.00402347 0.00165914 0.0125014 0.0145823 0.00943183 0.0308755 0.0201976 0.00162873 0.0026405 0.00133052 0.00141981 0.00205272 0.0111646 0.000920469 0.00531319 0.00194566 0.00262074
internal_weight=350504 127326 3983 2903 1998 223178 1051 113116 2717 123343 110062 9787 2074 1795 110399 905 792 500 947 736 110009 18828 9689 91181 40212 467 50969 1443 39745 23484
internal_count=350504 127326 3983 2903 1998 223178 1051 113116 2717 123343 110062 9787 2074 1795 110399 905 792 500 947 736 110009 18828 9689 91181 40212 467 50969 1443 39745 23484
is_linear=0
shrinkage=1


Tree=1
num_leaves=31
num_cat=0
split_feature=4 12 13 13 4 11 12 11 14 13 10 11 13 11 14 4 4 16 12 3 10 10 3 12 7 8 11 10 8 0
split_gain=165.908 78.7732 90.2775 88.6619 51.4083 33.4997 39.7874 30.9948 26.7913 25.7587 22.9481 22.1317 30.4391 30.2423 31.3419 18.5173 18.1467 16.5489 15.8106 15.5829 13.8156 13.0839 14.9409 14.1627 12.1205 10.3148 10.3025 12.4304 10.2946 11.2509
threshold=0.025354302031420559 -0.075828254732232245 43.015001296997077 24.630000114440922 0.040253982383396059 -0.022075867554235681 0.051247552608074794 -0.022310337551763478 -0.015155298785694047 25.505000114440922 -0.00031536185023045554 0.025734816417073651 12.454999923706056 0.028003241711031971 -0.081825770158787711 0.019452034462178237 0.033148602315754158 -0.0016648173828369137 0.014776412045584443 -0.005725395038427116 -0.0045512787110520972 -0.0017418518587148377 -0.0047264363956645008 -0.0067439083526363843 -0.005494641565648938 0.02817204060039458 -0.015590117291395643 -0.013327773622425541 0.10120832226134081 -0.0085637636407521738
decision_type=2 2 2 2 2 2 2 2 2 2 2 2 2 2 2 2 2 2 2 2 2 2 2 2 2 10 2 2 8 2
left_child=5 2 3 -2 8 6 7 10 -5 11 21 15 -13 14 17 -7 -3 -14 -16 -8 -9 23 -23 -1 -10 -6 27 -11 29 -25
right_child=1 16 -4 4 25 9 19 20 24 26 -12 12 13 -15 18 -17 -18 -19 -20 -21 -22 22 -24 28 -26 -27 -28 -29 -30 -31
leaf_value=6.9953480824287057e-06 -1.0332942805543473e-05 3.6710285783208559e-05 -0.00062680929961476256 -0.00016029472600093063 0.00093092337985944084 -6.2504574516045668e-05 0.00037735126894170869 -0.00026613979062528229 0.00040327899975288792 0.00032509101135399512 -0.00012210672211879922 0.00057122131940346083 0.00016957419584146558 -2.6568472245375651e-05 -3.9774114887582055e-05 -3.113131644742888e-05 0.00013788713332260518 0.00052626457552938535 0.00017847733399819349 0.0001317011634604484 0.00046056614899372354 0.00036804863869592221 9.8524019836541691e-05 0.00022099047728940755 0.00010242550145569073 0.00046124060664162422 0.00059801404363678929 -0.00028095349029417062 -6.9590384675757125e-05 8.0211240523931076e-05
leaf_weight=7746 926 73224 1090 305 981 94745 141 124 564 103 3419 341 91 14821 1247 84548 59579 177 1612 103 618 238 425 866 174 52 410 242 436 927
leaf_count=7746 926 73224 1090 305 981 94745 141 124 564 103 3419 341 91 14821 1247 84548 59579 177 1612 103 618 238 425 866 174 52 410 242 436 927
internal_value=5.06625e-06 0.00136364 0.00819648 0.0126716 0.0184104 -0.00086653 0.0014083 0.00107811 0.0105801 -0.00103907 0.000552393 -0.00107429 0.000582589 0.000301425 0.00476975 -0.0012433 0.0011531 0.0211194 0.00323714 0.0214344 0.0110377 0.00169769 0.00849924 0.00124561 0.0157317 0.0263166 0.00817881 0.00181159 0.00475774 0.00643335
internal_weight=350275 136895 4092 3002 2076 213380 15043 14799 1043 198337 14057 197582 18289 17948 3127 179293 132803 268 2859 244 742 10638 663 9975 738 1033 755 345 2229 1793
internal_count=350275 136895 4092 3002 2076 213380 15043 14799 1043 198337 14057 197582 18289 17948 3127 179293 132803 268 2859 244 742 10638 663 9975 738 1033 755 345 2229 1793
is_linear=0
shrinkage=0.05


Tree=2
num_leaves=31
num_cat=0
split_feature=4 12 11 4 11 12 13 13 4 11 11 12 11 13 3 13 12 11 11 6 12 12 2 12 8 6 13 13 12 3
split_gain=149.802 79.9393 88.0352 51.4576 33.9573 40.8403 29.7149 29.4578 25.0236 24.7587 18.1041 18.075 17.878 16.8254 16.6777 14.2747 13.6051 21.2947 13.493 12.8885 18.6323 59.3289 13.2019 10.6382 10.0247 9.81844 9.01538 10.9617 14.85 10.7364
threshold=0.027407642964107869 -0.075828254732232245 -0.040606280288626444 0.040253982383396059 -0.022075867554235681 0.051247552608074794 25.505000114440922 24.630000114440922 0.020759951394212082 -0.022310337551763478 -0.036898876616972491 -0.037088827678215523 0.025734816417073651 25.960000038146976 -0.005725395038427116 12.454999923706056 -0.080083523859072289 -0.043674056524097109 0.028003241711031971 0.28612755620299463 -0.057938720016513449 -0.062212446145613214 -0.041042009991744836 0.014776412045584443 -0.0055632818708931655 -0.11860376481094294 20.060000419616703 20.980000495910648 0.035955433935707555 -0.010252511307784538
decision_type=2 2 2 2 2 2 2 2 2 2 2 2 2 2 2 2 2 2 2 2 2 2 2 2 8 2 2 2 2 2
left_child=4 2 16 10 5 9 8 -5 12 -1 -4 -11 26 -8 -7 -14 -2 -18 23 -3 21 -21 -23 -17 -25 -9 -6 28 29 -28
right_child=1 19 3 7 6 14 13 25 -10 11 -12 -13 15 -15 -16 18 17 -19 -20 20 -22 22 -24 24 -26 -27 27 -29 -30 -31
leaf_value=2.3377116495036765e-05 -0.00056379576616131654 5.511299723714781e-05 0.00034687336953847706 0.00015834612729457255 -6.2502136155872607e-05 0.00035350952660512355 0.00083720887575186988 0.0010076252909602317 -1.4960642092440175e-05 -0.00024608354473396054 0.00013573781666940911 0.00040003422331797095 0.00042265640469533127 7.8314300829265601e-05 8.4561538201674842e-05 -2.5580278511088187e-05 0.00043756623351167253 -0.00034016481702209045 -2.2414957118456101e-05 -2.4465466310279714e-05 0.00014131597910647156 0.00088609904885183762 0.00043057329933818321 0.00037715418933689364 0.00013065426409808204 0.00070452108766521802 0.00028977146276509288 -8.9113237484172137e-05 -0.00018925615110817313 8.4443781283067434e-05
leaf_weight=16336 1021 75226 282 200 108203 176 415 719 94918 178 779 664 254 604 111 678 266 286 7908 845 30350 359 186 332 826 251 114 3705 1011 3470
leaf_count=16336 1021 75226 282 200 108203 176 415 719 94918 178 779 664 254 604 111 678 266 286 7908 845 30350 359 186 332 826 251 114 3705 1011 3470
internal_value=-3.93969e-05 0.00148145 0.0086041 0.014991 -0.000741613 0.00138133 -0.000908299 0.0222222 -0.000947503 0.00106881 0.00701696 0.00942993 -0.00140793 0.0076104 0.0200871 0.000621123 -0.000454547 0.00586956 0.000316091 0.00122815 0.00207309 0.00773381 0.0205963 0.00417756 0.00708981 0.0258247 -0.00158206 6.0229e-06 0.00163765 0.00314732
internal_weight=350673 110770 3804 2231 239903 17465 222438 1170 221419 17178 1061 842 126501 1019 287 9998 1573 552 9744 106966 31740 1390 545 1836 1158 970 116503 8300 4595 3584
internal_count=350673 110770 3804 2231 239903 17465 222438 1170 221419 17178 1061 842 126501 1019 287 9998 1573 552 9744 106966 31740 1390 545 1836 1158 970 116503 8300 4595 3584
is_linear=0
shrinkage=0.05


Tree=3
num_leaves=31
num_cat=0
split_feature=13 14 10 13 11 10 11 13 10 14 11 11 12 11 10 10 9 12 12 14 11 12 14 11 12 3 9 12 11 7
split_gain=81.8945 61.1881 65.611 46.5348 42.3067 73.8214 65.4527 54.0059 35.5951 50.3386 64.4127 35.8237 48.5881 45.0505 40.8489 72.2652 33.443 34.9637 32.0137 31.0465 27.2297 31.1265 25.8573 41.0763 34.4536 38.043 25.0947 24.2391 36.4806 23.8942
threshold=25.505000114440922 0.17907813454888047 -0.023232584216571036 25.960000038146976 -0.022075867554235681 0.0027897371119552932 -0.026323621770933166 22.330000877380375 0.0079905990747169992 -0.086337752297859935 0.0079486144040776825 0.021590263312926242 0.050572989883403315 0.036250351573326463 0.018351257101428379 0.025167554477566693 0.10099499476847652 0.051247552608074794 -0.052281388412141021 -0.096084571305829466 0.022371671990612522 0.047809127478452236 -0.015155298785694047 -0.021144152868659557 -0.071455492513037885 0.0079959241563017942 inf -0.080083523859072289 -0.026323621770933166 -0.031846429179595508
decision_type=2 2 2 2 2 2 2 2 2 2 2 2 2 2 2 2 10 2 2 2 2 2 2 2 2 2 8 2 2 2
left_child=4 2 -2 -4 5 6 18 16 9 10 -6 26 13 19 -15 -16 17 -8 -1 -13 29 -22 24 27 25 -5 -10 -24 -29 -21
right_child=1 -3 3 22 8 -7 7 -9 11 -11 -12 12 -14 14 15 -17 -18 -19 -20 20 21 -23 23 -25 -26 -27 -28 28 -30 -31
leaf_value=0.00039978060995885049 0.00042163686737729697 -0.00017167652291043918 0.0013949467615306304 0.00010285254419351138 -3.8482125673105638e-05 -0.00019893177235055529 0.00019509615030821495 -0.00032287694804581269 3.4008404123778926e-05 -3.1448923363075177e-05 0.00034812025360367901 0.00052707524306140434 -5.8665709918565436e-05 -0.00010337408316727605 0.00078649914503217634 -0.00023325155663002527 0.00067123275040014254 0.00045528233656909486 2.2590936143355464e-05 0.0012450551793631364 0.00011585230348252743 0.00052854911360743001 -0.00045315354768977973 0.00056528692103081869 -7.9741122954451248e-05 0.0013511670367828427 -0.00010674419787330614 0.00031667404247392197 5.1553264106553561e-05 0.00026766309421564935
leaf_weight=435 431 2995 855 500 2129 5075 4059 819 31145 254110 1704 420 5046 2997 429 423 1067 358 10539 168 3782 844 847 843 3866 341 9789 2106 2130 259
leaf_count=435 431 2995 855 500 2129 5075 4059 819 31145 254110 1704 420 5046 2997 429 423 1067 358 10539 168 3782 844 847 843 3866 341 9789 2106 2130 259
internal_value=-3.28247e-05 0.0035926 0.005198 0.00447946 -0.000193939 0.00190766 0.00346501 0.00752578 -0.000343901 -0.000590694 0.00509653 0.000807203 0.00295518 0.0050944 0.000949596 0.0106103 0.00931437 0.00739529 0.00113268 0.00800932 0.00692361 0.00580847 0.00357707 0.00577455 0.000810494 0.00998216 5.32553e-05 0.00407928 0.00562323 0.0190047
internal_weight=350511 14914 11919 11488 335597 22352 17277 6303 313245 257943 3833 55302 14368 9322 3849 852 5484 4417 10974 5473 5053 4626 10633 5926 4707 841 40934 5083 4236 427
internal_count=350511 14914 11919 11488 335597 22352 17277 6303 313245 257943 3833 55302 14368 9322 3849 852 5484 4417 10974 5473 5053 4626 10633 5926 4707 841 40934 5083 4236 427
is_linear=0
shrinkage=0.05


Tree=4
num_leaves=31
num_cat=0
split_feature=4 13 13 13 13 16 3 13 13 13 4 14 9 2 15 14 4 13 13 14 13 14 8 13 13 13 15 14 14 3
split_gain=139.582 34.6856 43.8821 39.7756 39.4471 30.1371 33.6582 34.8346 29.8928 27.947 24.5616 23.7754 23.1296 19.4939 21.7717 18.5305 18.0448 15.5429 25.1399 12.4157 12.3871 11.3551 10.0303 9.17266 8.97628 22.9517 12.0216 11.459 24.025 7.89052
threshold=0.026057356988848545 25.505000114440922 39.645000457763679 33.719999313354499 25.960000038146976 0.0043169750168791108 0.0072109394736219476 26.494999885559086 27.365000724792484 35.690000534057624 0.018702811575467361 0.26245601507157795 -0.27850929073709002 -0.088358394786804725 0.017437298009567507 -0.034191014747727892 0.037223600382414616 26.284999847412113 26.85000038146973 0.34982669992859688 31.844999313354496 0.02559063550932739 -0.20506704135385204 19.625000000000004 24.779999732971195 24.385000228881839 0.029663965633485393 -0.0044982788531557341 0.021414189458355607 0.0016242970086363109
decision_type=2 2 2 2 2 2 2 2 2 2 2 2 10 2 2 2 2 2 2 2 2 2 10 2 2 2 2 2 2 2
left_child=10 11 3 4 12 6 8 -8 17 -5 23 16 -3 14 15 -9 22 -6 -19 29 -7 -12 -2 -1 25 -18 -26 -27 -29 -13
right_child=1 2 -4 9 5 20 7 13 -10 -11 21 19 -14 -15 -16 -17 24 18 -20 -21 -22 -23 -24 -25 26 27 -28 28 -30 -31
leaf_value=-5.5640930392225965e-05 -0.00013815125448593982 0.00024229676549715934 -0.00048356072578318188 0.00040911708925932093 -0.00040673441207538766 -0.00016932290561476793 -0.00018160143379760177 -0.00011451444343207526 -4.2584375538347067e-05 0.00023658085585467694 -2.7743163224893801e-05 0.000418342479444618 0.0023022382778357621 0.00032116444461591774 0.0016229859340723925 0.00059835718577076226 0.00015540714164837379 0.00075391620249244066 0.00026508499093092782 -0.00037257021325855569 0.00016400174187155298 1.5931184004254457e-05 4.2225313339044527e-05 3.2828295644856373e-06 -0.00021105865280478172 -0.00073700471184884656 0.00064048830557085013 0.00083415592091857387 0.00032658852067016258 0.0011634788771737862
leaf_weight=84001 3691 272 1497 430 258 2152 390 125 2575 717 92815 256 231 676 193 282 34118 542 957 82 80 36347 75492 9466 1359 107 68 239 305 106
leaf_count=84001 3691 272 1497 430 258 2152 390 125 2575 717 92815 256 231 676 193 282 34118 542 957 82 80 36347 75492 9466 1359 107 68 239 305 106
internal_value=-4.30079e-05 0.0012783 0.00391272 0.00512146 0.00397172 0.00314095 0.00498666 0.0110264 0.0026639 0.0138753 -0.000797943 0.00101953 0.0175646 0.0150235 0.0215833 0.0150246 0.00097509 0.00769209 0.00964309 0.0125676 -0.001819 -0.000351188 0.000552327 -0.00141531 0.00189993 0.00205945 -0.00198669 0.0113594 0.0143015 0.016547
internal_weight=349829 127200 11377 9880 8733 8230 5998 1666 4332 1147 222629 115823 503 1276 600 407 115379 1757 1499 444 2232 129162 79183 93467 36196 34769 1427 651 544 362
internal_count=349829 127200 11377 9880 8733 8230 5998 1666 4332 1147 222629 115823 503 1276 600 407 115379 1757 1499 444 2232 129162 79183 93467 36196 34769 1427 651 544 362
is_linear=0
shrinkage=0.05


Tree=5
num_leaves=31
num_cat=0
split_feature=4 12 11 4 4 15 11 11 11 12 16 10 10 9 8 10 10 10 11 11 12 16 11 11 4 10 12 10 3 12
split_gain=116.049 40.8466 59.3089 57.3531 22.0141 21.9472 18.0797 20.1946 14.7683 17.7647 11.5151 11.3215 20.7755 14.283 10.6163 10.5312 17.8395 23.304 17.2343 37.077 12.3751 11.8069 13.1281 11.2522 10.5286 10.4828 10.0081 16.2086 12.38 9.73499
threshold=0.023298783403022476 -0.075828254732232245 -0.040606280288626444 0.040253982383396059 0.033148602315754158 -0.015592286553426536 0.025734816417073651 -0.0071058242235014215 0.028003241711031971 0.014776412045584443 0.017987569997467315 -0.004502832663512756 -0.005068200370119679 -0.22223024227218255 0.022769844273177412 0.0025358686375718258 -0.0070887140310786348 -0.0068179967678675948 -0.0088251429249220897 -0.0086028731968339472 0.054737009016222478 -0.034583400167214166 -0.00993475231595836 -0.035697705395590577 0.052976307263679794 0.025167554477566693 -0.080083523859072289 0.0052230000162369903 0.011996216661565586 -0.0097422430740965443
decision_type=2 2 2 2 2 2 2 2 2 2 2 2 2 10 8 2 2 2 2 2 2 2 2 2 2 2 2 2 2 2
left_child=6 2 26 5 -3 -4 7 15 9 -8 24 12 -9 -14 -11 16 -1 21 -17 -20 23 -18 -23 -19 -5 -26 -2 28 -28 -10
right_child=1 4 3 10 -6 -7 8 11 29 14 -12 -13 13 -15 -16 18 17 20 19 -21 -22 22 -24 -25 25 -27 27 -29 -30 -31
leaf_value=-3.8262606341499607e-05 -0.00052719008663607296 1.7824998199647903e-05 0.00034105395372965473 0.00034194203857804937 0.00012070549970037344 4.433780496691814e-05 -3.606367712500566e-05 -2.9386881273532532e-05 0.00015449191368005613 0.00031751514893689319 0.00010639820236695224 -6.1012889540801876e-05 0.00027392807565212481 8.3995403904027409e-05 0.00011106104904904278 -0.00010134948322962844 0.00045084580051345057 0.00021639698839235984 0.0020638102335561923 -1.7831261285209176e-05 -0.00020964513258009155 0.00026677243952068235 1.3123301546542085e-06 3.2004648685449791e-05 0.00070333899821793536 0.001645806278273106 0.00010760903553416997 -0.00030538624126037994 0.00050667206254979597 -1.6715345312555732e-05
leaf_weight=13721 1179 104842 253 479 59401 1193 992 16160 1008 771 89 108646 206 1745 809 7436 49 503 279 1193 1038 403 292 15020 384 175 213 363 144 11391
leaf_count=13721 1179 104842 253 479 59401 1193 992 16160 1008 771 89 108646 206 1745 809 7436 49 503 279 1193 1038 403 292 15020 384 175 213 363 144 11391
internal_value=-5.97511e-05 0.000884479 0.00559928 0.0105461 0.000756104 0.00395574 -0.000936686 -0.00108617 0.000727739 0.00417574 0.0190018 -0.00139507 -0.000237702 0.00463608 0.00746835 -0.000105676 0.0003294 0.00139699 -0.00162102 0.00332201 0.00100809 0.0100538 0.00838129 0.00136153 0.0204817 0.0251431 -0.00110321 0.00354167 0.0111064 1.24998e-05
internal_weight=350377 168715 4472 2573 164243 1446 181662 166691 14971 2572 1127 126757 18111 1951 1580 39934 31026 17305 8908 1472 16561 744 695 15523 1038 559 1899 720 357 12399
internal_count=350377 168715 4472 2573 164243 1446 181662 166691 14971 2572 1127 126757 18111 1951 1580 39934 31026 17305 8908 1472 16561 744 695 15523 1038 559 1899 720 357 12399
is_linear=0
shrinkage=0.05


Tree=6
num_leaves=31
num_cat=0
split_feature=4 12 13 13 4 4 4 14 2 10 11 4 14 11 11 10 10 10 14 10 11 14 12 14 8 6 12 12 12 12
split_gain=108.201 38.2746 55.1366 51.7701 40.9907 18.5049 15.1774 14.1154 11.933 10.3364 10.7281 10.2601 10.0886 15.5198 10.252 14.9528 42.0848 9.99898 24.0436 11.4142 13.3772 23.2182 21.6805 18.4113 9.88204 8.36582 9.17709 22.5117 7.6752 24.2367
threshold=0.025151243074654859 -0.075828254732232245 43.015001296997077 24.630000114440922 0.048946830785963298 0.018770994161793512 0.033629684377020137 -0.015155298785694047 0.023506625271939478 -0.0038582878398281113 0.025734816417073651 0.032459086822478979 0.02559063550932739 0.041951569626952907 -0.017414661379055837 -0.0070887140310786348 -0.0066717235087906937 0.0079905990747169992 0.009860755526874045 0.010752578369107592 -0.011292646731903553 -0.12635401997537379 -0.0042212897871045643 -0.071225645536492452 -0.15760658465357816 0.85722592217760485 -0.057938720016513449 -0.062212446145613214 1.0000000180025095e-35 0.0048491469985487709
decision_type=2 2 2 2 2 2 2 2 2 2 2 2 2 2 2 2 2 2 2 2 2 2 2 2 10 2 2 2 2 2
left_child=5 2 3 -2 7 9 -3 -5 11 -1 -11 -9 17 14 15 -14 -17 -7 19 20 -19 -22 23 -23 -18 -8 27 -27 -16 -30
right_child=1 6 -4 4 -6 12 25 8 -10 10 -12 -13 13 -15 28 16 24 18 -20 -21 21 22 -24 -25 -26 26 -28 -29 29 -31
leaf_value=-9.6072404219018522e-06 -3.3772641464918829e-05 2.4432644724677304e-05 -0.00048546138246674655 0.0001112687805077797 0.00090093591450332534 -3.9720809345598142e-05 9.1341117409324035e-05 0.00025833403348927742 3.2944915048132259e-05 -6.1980493516767694e-05 1.8213952583960205e-05 0.00035730420448719266 1.7821095936676169e-05 0.00087929932242735971 -7.576259398106618e-05 0.00042516122044336437 0.00035917086241096921 -0.00020821704448087004 0.00069659039902866793 -4.5768307814339345e-05 0.00047286916876243285 -6.0442367963493127e-06 2.5712536394138488e-05 0.00032520530143345395 5.0603988867077493e-05 1.1063490869854684e-05 0.00025102547819823556 0.00086210992364659693 0.00017817600927478542 -7.1960326114457579e-06
leaf_weight=20447 946 78798 1098 458 673 64479 46936 322 199 68500 6164 450 5393 127 6116 311 144 1155 131 9218 147 466 6659 819 1658 298 9148 219 1427 17319
leaf_count=20447 946 78798 1098 458 673 64479 46936 322 199 68500 6164 450 5393 127 6116 311 144 1155 131 9218 147 466 6659 819 1658 298 9148 219 1427 17319
internal_value=-6.6744e-05 0.00101311 0.0057453 0.00920604 0.0135775 -0.000781993 0.000868211 0.00878586 0.0121988 -0.00129854 -0.00157131 0.015013 -0.000356888 0.000390059 0.000321613 0.00194111 0.00550639 -0.000649061 0.000372411 0.000220969 0.00146225 0.00218082 0.00181646 0.00776264 0.00257492 0.00149282 0.00283238 0.00931335 -0.000167325 0.00033447
internal_weight=350225 139545 4146 3048 2102 210680 135399 1429 971 95111 74664 772 115569 32495 32368 7506 2113 83074 18595 18464 9246 8091 7944 1285 1802 56601 9665 517 24862 18746
internal_count=350225 139545 4146 3048 2102 210680 135399 1429 971 95111 74664 772 115569 32495 32368 7506 2113 83074 18595 18464 9246 8091 7944 1285 1802 56601 9665 517 24862 18746
is_linear=0
shrinkage=0.05


Tree=7
num_leaves=31
num_cat=0
split_feature=4 12 11 4 4 15 4 14 11 11 11 12 12 9 11 8 11 14 10 10 14 10 11 14 11 5 10 12 11 11
split_gain=97.3676 39.3567 51.4198 35.2398 25.4459 19.9318 11.9194 11.2525 28.5677 12.9898 49.2585 12.2066 28.0954 18.3824 14.0673 17.6705 12.8493 14.3439 62.9996 11.3634 25.4384 13.5769 15.6003 28.0301 14.051 13.2282 17.6871 10.6235 20.0235 10.4923
threshold=0.028156423209016099 -0.075828254732232245 -0.040606280288626444 0.052976307263679794 0.020064503552802825 -0.015592286553426536 0.051515971287876695 0.033407835612495503 0.041951569626952907 0.01461775019703271 0.012589162192508276 -0.0067439083526363843 -0.0054605306842289139 0.25426471523178201 -0.023775986944761848 -0.06297807443480434 0.0049014258376020034 0.04320040155148664 0.0029098979699793141 0.0079905990747169992 0.009860755526874045 0.010752578369107592 0.016075391747766069 -0.096084571305829466 0.031328767211223359 0.023063368907186053 0.0042053175774743332 0.029587850258833818 0.0064882801341699112 0.0015109645581827815
decision_type=2 2 2 2 2 2 2 2 2 2 2 2 2 8 2 10 2 2 2 2 2 2 2 2 2 2 2 2 2 2
left_child=4 2 -2 5 -1 -4 -3 19 9 10 11 -9 13 -13 15 -14 29 18 -18 25 21 22 -21 -24 -25 -6 -27 -19 -29 -16
right_child=1 6 3 -5 7 -7 -8 8 -10 -11 -12 12 14 -15 16 -17 17 27 -20 20 -22 -23 23 24 -26 26 -28 28 -30 -31
leaf_value=-4.0238812804631485e-05 -6.61228259961084e-05 5.5024278768416839e-05 0.00033731446555772824 0.00092988281615816984 -3.1437024797891887e-05 0.00016613376937969025 0.00025724120019495714 -2.5814270321479624e-05 0.0010426195847757383 -9.2739379493661953e-05 0.00070033098791656917 0.00018968089954970728 -0.00013147950966740327 0.00051320741937719249 3.2183821009255562e-05 0.00029609470840471727 0.0011049421646952679 -1.1831300676641785e-05 -6.9277787985048096e-05 1.3333585013974086e-05 0.00057664870122819685 -3.523895025719926e-05 0.00049703246830204125 0.00019109654455486027 -0.00010868948010806851 -2.6631043768326568e-05 0.00042266472032850556 0.00038713656917722965 7.3816325117112458e-05 -0.00012959148377107374
leaf_weight=121375 1501 85862 376 622 73290 1170 12771 9648 161 4019 166 660 247 219 10539 421 188 1742 338 6824 252 10694 176 2258 904 232 173 293 892 2453
leaf_count=121375 1501 85862 376 622 73290 1170 12771 9648 161 4019 166 660 247 219 10539 421 188 1742 338 6824 252 10694 176 2258 904 232 173 293 892 2453
internal_value=-7.18484e-05 0.00122617 0.00631098 0.0112362 -0.000606939 0.00719275 0.00103702 -0.000111564 0.000699367 0.000593086 0.000977126 0.000814036 0.00158348 0.0103015 0.00113569 0.0082485 0.000846761 0.00355777 0.0111597 -0.000385168 0.000637672 0.000446873 0.00175556 0.00455662 0.00347565 -0.000678134 0.00833333 0.00219166 0.00584388 0.00012623
internal_weight=350466 102302 3669 2168 248164 1546 98633 126789 31986 31825 27806 27640 17992 879 17113 668 16445 3453 526 94803 21108 20856 10162 3338 3162 73695 405 2927 1185 12992
internal_count=350466 102302 3669 2168 248164 1546 98633 126789 31986 31825 27806 27640 17992 879 17113 668 16445 3453 526 94803 21108 20856 10162 3338 3162 73695 405 2927 1185 12992
is_linear=0
shrinkage=0.05


Tree=8
num_leaves=31
num_cat=0
split_feature=4 12 13 13 2 4 6 10 11 13 10 13 13 14 11 10 12 10 13 11 9 6 12 12 10 11 12 10 14 11
split_gain=87.7046 28.2355 45.2864 41.6496 27.5554 22.6943 12.1225 11.6042 13.1594 13.2171 12.6907 27.9157 18.8048 11.6678 10.4577 20.7721 17.2147 15.7866 13.3106 11.2641 10.2972 10.1299 18.872 20.3451 9.25297 9.07899 9.66784 8.9138 11.1167 17.0939
threshold=0.028030459785109946 -0.075828254732232245 43.015001296997077 24.630000114440922 -0.029607866520329425 0.020827432299633974 -0.31305629593714962 -0.0038582878398281113 0.025734816417073651 12.454999923706056 -0.005068200370119679 16.550000190734867 16.73499965667725 0.073559273058729127 -0.022075867554235681 0.0027897371119552932 0.051247552608074794 0.0012830359695055196 25.505000114440922 0.041951569626952907 0.34108622352244239 1.8167655479495191 -0.057938720016513449 -0.062212446145613214 -0.015857529403489442 0.028003241711031971 0.014776412045584443 0.0079905990747169992 -0.086337752297859935 0.0079486144040776825
decision_type=2 2 2 2 2 2 2 2 2 2 2 2 2 2 2 2 2 2 2 2 10 2 2 2 2 2 2 2 2 2
left_child=5 2 3 -2 6 7 -5 10 -9 -10 -1 -12 -13 -14 15 16 17 -7 27 24 21 -3 23 -23 -20 26 -11 28 29 -16
right_child=1 20 -4 4 -6 14 -8 8 9 25 11 12 13 -15 18 -17 -18 -19 19 -21 -22 22 -24 -25 -26 -27 -28 -29 -30 -31
leaf_value=-2.0261803084176824e-05 -2.0216224004100843e-05 4.5026964168129802e-05 -0.00043483154842395674 0.00061378158360494452 0.00011229623742943674 7.2341805390460274e-05 0.00042827514924225217 -5.1867570418063082e-05 0.00035604088752824747 -5.1085219512009104e-05 -6.7721604771346714e-05 0.00022388934764333882 7.0428880363403458e-05 0.00020735732380003344 -6.5560582292984273e-05 -0.00017591720859352656 0.0002969955800305282 0.00083218854041400064 0.00039995972371876593 0.00093753871623044975 0.00024465090511138456 -0.00012158401483183999 0.00017662718411422674 0.00060962843468133311 3.4652427144519823e-06 -1.8727698313975955e-05 0.00017505230475608639 3.4444505408248805e-05 -2.5315388014305545e-05 0.00022003999433204197
leaf_weight=25039 814 83988 991 783 511 7766 537 96184 245 693 2222 335 2259 304 654 1840 134 124 130 181 9118 165 6464 256 536 7880 1147 18374 80122 567
leaf_count=25039 814 83988 991 783 511 7766 537 96184 245 693 2222 335 2259 304 654 1840 134 124 130 181 9118 165 6464 256 536 7880 1147 18374 80122 567
internal_value=-7.02569e-05 0.00115042 0.00547855 0.00889414 0.0130776 -0.000582932 0.0168939 -0.00101454 -0.00126045 0.000469141 -0.000149045 0.00211914 0.00535197 0.00389582 -5.01696e-05 0.00150345 0.00260219 0.00230038 -0.000202559 0.00603896 0.000993038 0.000832314 0.00267611 0.0129335 0.00303303 0.00018004 0.00334239 -0.000255574 -0.000480251 0.00425471
internal_weight=350363 103627 3636 2645 1831 246736 1320 136308 106149 9965 30159 5120 2898 2563 110428 9864 8024 7890 100564 847 99991 90873 6885 421 666 9720 1840 99717 81343 1221
internal_count=350363 103627 3636 2645 1831 246736 1320 136308 106149 9965 30159 5120 2898 2563 110428 9864 8024 7890 100564 847 99991 90873 6885 421 666 9720 1840 99717 81343 1221
is_linear=0
shrinkage=0.05


Tree=9
num_leaves=31
num_cat=0
split_feature=4 4 12 16 11 10 12 13 8 13 11 11 10 11 13 14 13 12 16 4 12 16 10 10 6 12 10 11 10 14
split_gain=82.3141 29.8338 31.7892 36.3455 17.1061 46.5591 38.8133 21.7439 14.3923 16.1915 13.9975 20.6257 19.5907 15.9529 19.3664 13.8133 35.1421 13.7954 13.0681 11.5388 12.0279 11.0951 10.8619 15.5434 17.2532 10.8075 10.3772 10.261 9.69732 22.5059
threshold=0.023461535481006501 0.052976307263679794 -0.080083523859072289 -0.052437637376415595 -0.023324980459216712 -0.00031536185023045554 0.051247552608074794 43.015001296997077 inf 18.214999198913578 -0.022075867554235681 -0.022672230022230119 -0.017312021268647334 0.025734816417073651 12.454999923706056 -0.067583665573298909 16.164999961853031 0.051247552608074794 -0.0016648173828369137 0.034960209243117567 -0.075828254732232245 0.0063020247382974412 -0.017312021268647334 -0.016935557307996004 0.90675656720334297 -0.021061801278949629 0.0027897371119552932 -0.026323621770933166 0.0079905990747169992 -0.093449770795740669
decision_type=2 2 2 2 2 2 2 2 8 2 2 2 2 2 2 2 2 2 2 2 2 2 2 2 2 2 2 2 2 2
left_child=10 4 3 -3 5 6 7 19 22 -10 11 17 -13 -12 -15 16 18 26 -16 -2 -21 -5 -6 24 -24 -22 -1 -27 29 -25
right_child=1 2 -4 21 8 -7 -8 -9 9 -11 13 12 -14 14 15 -17 -18 -19 -20 20 25 -23 23 28 -26 27 -28 -29 -30 -31
leaf_value=2.1228297271624692e-05 0.00011997745185660547 -2.6271453825788482e-05 0.0002468023475763528 0.0010068816287979038 -0.00031934546971549167 -0.00023303357478317985 0.00054002931658607412 -0.00052466192389248633 0.00045036235900064859 -0.00022068802862541091 -3.9560462699371297e-05 -0.0002588168266004434 0.00031856067644468706 0.00040673246196484933 2.0512477302112923e-05 -3.4146743977307259e-06 -2.5251779789839284e-05 0.00020447009753954702 0.00043846281390140128 0.00029382063826820573 0.00013888317781138803 7.6001817348326058e-05 0.00012477871502472856 0.00026567075669026342 0.00057808891363080386 0.0002391489973773003 -0.00013783194218486782 0.00077844701269169452 7.6863930587305401e-05 1.1052017964601327e-05
leaf_weight=9026 6889 309 11625 406 1795 3210 212 936 343 4759 157032 261 704 316 86 13758 787 213 318 603 1290 66 816 1768 332 574 2116 382 26244 103367
leaf_count=9026 6889 309 11625 406 1795 3210 212 936 343 4759 157032 261 704 316 86 13758 787 213 318 603 1290 66 816 1768 332 574 2116 382 26244 103367
internal_value=-6.97929e-05 0.0007384 0.00309689 0.0128617 0.00054781 0.00220772 0.00376814 0.00334738 0.000379991 -0.00222658 -0.000796163 0.000831979 0.00784974 -0.000912582 0.000630526 0.000371596 0.00553736 0.000235578 0.0175248 0.00404703 0.00672341 0.021589 0.000478997 0.000531325 0.00632404 0.00504007 -5.38622e-06 0.00906904 0.000480707 0.000266085
internal_weight=350543 165926 12406 781 153520 14096 10886 10674 139424 5102 184617 12320 965 172297 15265 14949 1191 11355 404 9738 2849 472 134322 132527 1148 2246 11142 956 131379 105135
internal_count=350543 165926 12406 781 153520 14096 10886 10674 139424 5102 184617 12320 965 172297 15265 14949 1191 11355 404 9738 2849 472 134322 132527 1148 2246 11142 956 131379 105135
is_linear=0
shrinkage=0.05


Tree=10
num_leaves=31
num_cat=0
split_feature=4 12 11 4 4 6 12 12 12 11 11 10 10 12 12 14 11 12 11 11 12 12 10 14 10 16 3 11 11 14
split_gain=72.4589 20.7029 38.878 26.0806 13.3297 11.1944 14.8473 42.8869 10.7679 12.1128 18.0974 26.4961 13.4746 23.9524 74.8404 17.0398 60.1616 28.515 21.8092 35.5767 21.0565 22.8421 54.5962 27.5977 26.9019 17.232 15.4894 15.1139 33.3233 13.8225
threshold=0.025151243074654859 -0.075828254732232245 -0.040606280288626444 0.03617750748925623 0.018423364142387866 0.43112314899580961 -0.057938720016513449 -0.062212446145613214 -0.038320410846317647 0.048884011617049812 0.047954902790188443 0.0030905766742578282 0.0056441913648181971 -0.0080789894590868033 -0.010763063005060467 0.033407835612495503 0.041951569626952907 0.12832311621465078 -0.023324980459216712 -0.025492128925019227 -0.0063801320517133378 0.011595821830406862 -0.0010411118176035237 0.036556757472233643 0.0014914838547043232 -0.052437637376415595 0.001332561716721359 0.012168473595113418 0.012286889583603357 -0.054107623009077337
decision_type=2 2 2 2 2 2 2 2 2 2 2 2 2 2 2 2 2 2 2 2 2 2 2 2 2 2 2 2 2 2
left_child=4 2 -2 -4 -1 8 7 -7 -3 10 12 -12 15 14 26 17 18 -10 19 -17 -20 22 23 -22 -24 -25 -14 -15 -29 -28
right_child=1 5 3 -5 -6 6 -8 -9 9 -11 11 -13 13 27 -16 16 -18 -19 20 -21 21 -23 24 25 -26 -27 29 28 -30 -31
leaf_value=-3.8742095469192091e-05 -8.6902007959230676e-05 -7.3641076390107871e-05 8.6250913201915789e-05 0.00046297518244948821 -1.3290834847466794e-05 -4.1026334729441115e-05 9.0263424975153266e-05 0.00057618077001986431 -2.4149842943974027e-05 -0.00028398712845857513 -0.00017641859205331161 0.0006650286009585413 1.2999153849460944e-05 -3.3769129182727457e-05 0.00065237959425363829 3.5707119105245593e-05 0.0020878750607780635 0.00037600220718034716 -0.00015015405767858755 0.00050902859485620056 0.0012228748086728287 2.1033086262098152e-05 0.0016367891892309938 0.0014083813400644488 0.00020984242988759223 0.00011717386184273223 0.00016615437437895211 0.00072001598959989938 0.00010635364547674573 0.00065398755286286885
leaf_weight=88231 1741 10621 990 1417 122643 835 33687 620 42672 1722 172 240 2016 8925 273 1444 234 240 5116 772 99 10200 167 70 80 3492 1506 132 9725 597
leaf_count=88231 1741 10621 990 1417 122643 835 33687 620 42672 1722 172 240 2016 8925 273 1444 234 240 5116 772 99 10200 167 70 80 3492 1506 132 9725 597
internal_value=-8.06875e-05 0.000802009 0.00428158 0.00839842 -0.000665896 0.000695613 0.00146377 0.00640893 0.000427049 0.000604934 0.000686044 0.0111408 0.000636963 0.00167127 0.00499545 0.000265846 0.0014086 -0.000311336 0.00113339 0.00583032 0.000591967 0.00158846 0.00483879 0.00330374 0.0275911 0.00258001 0.00331512 0.00089394 0.00224358 0.00631716
internal_weight=350679 139805 4148 2407 210874 135657 35142 1455 100515 89894 88172 412 87760 23174 4392 64586 21674 42912 21440 2216 19224 14108 3908 3661 247 3562 4119 18782 9857 2103
internal_count=350679 139805 4148 2407 210874 135657 35142 1455 100515 89894 88172 412 87760 23174 4392 64586 21674 42912 21440 2216 19224 14108 3908 3661 247 3562 4119 18782 9857 2103
is_linear=0
shrinkage=0.05


Tree=11
num_leaves=31
num_cat=0
split_feature=4 4 12 11 4 15 9 10 10 11 10 11 11 11 11 10 12 8 10 10 11 10 10 11 10 11 10 16 10 9
split_gain=70.2638 22.0857 21.7355 34.847 15.0166 11.1394 10.5014 9.87519 10.1969 15.308 15.8473 13.7222 10.1708 8.81427 17.0513 33.5183 30.0368 14.1936 9.50226 15.6394 15.0724 21.2335 17.492 26.3882 11.9767 9.61229 11.273 9.09509 8.77321 8.76375
threshold=0.029573315647557868 0.020550455601470011 -0.075828254732232245 -0.040606280288626444 0.052976307263679794 -0.015592286553426536 0.54242729974355786 -0.0038582878398281113 -0.005068200370119679 -0.005167403024051608 -0.004697388100089738 -0.014879345686955035 0.025734816417073651 0.048884011617049812 0.041951569626952907 0.018351257101428379 1.0000000180025095e-35 -0.013447963185457655 0.014781364643582819 0.0079905990747169992 -0.017414661379055837 0.0027897371119552932 -0.0075899175326858406 -0.017775509604069647 0.0012830359695055196 -0.035697705395590577 -0.0032352848591708501 -0.042844947722004027 0.025167554477566693 -0.064957054995244387
decision_type=2 2 2 2 2 2 10 2 2 2 2 2 2 2 2 2 2 10 2 2 2 2 2 2 2 2 2 2 2 10
left_child=1 7 3 -2 5 -5 -4 8 -1 11 29 -10 -9 14 18 16 17 -16 19 20 21 22 -3 24 25 -24 -27 -26 -6 -11
right_child=2 13 6 4 28 -7 -8 12 9 10 -12 -13 -14 -15 15 -17 -18 -19 -20 -21 -22 -23 23 -25 27 26 -28 -29 -30 -31
leaf_value=-1.8279062471130261e-05 -8.1192274950744943e-05 1.2639028218961444e-05 5.9989677368008348e-05 0.0002628541609317546 0.00043590287838930655 0.00013656859383174538 0.0003818147716442619 -4.6749465068386561e-05 6.8737722783370254e-05 0.00026330623083667518 -9.7943691556669129e-05 0.00015314227569217264 1.6888562291612711e-05 -0.00023136352613335474 0.00090540135448789446 0.0005678280275433987 -1.8245835640776033e-05 0.00037882010926811542 -9.7712747549361174e-05 7.0033317161809414e-05 -2.025708686107483e-05 -0.00017324124944058966 0.00024221931990649196 0.00052952106377336433 0.00062836338246622856 0.00010663966421447398 -3.1985473935197043e-05 0.00038342118600690113 0.0013583117565330594 7.0871984593718764e-05
leaf_weight=23863 1382 7524 80997 347 420 1028 4128 92710 1174 192 2224 555 9405 1390 156 228 1791 247 4943 16488 89828 2285 865 177 45 2414 2256 372 192 776
leaf_count=23863 1382 7524 80997 347 420 1028 4128 92710 1174 192 2224 555 9405 1390 156 228 1791 247 4943 16488 89828 2285 865 177 45 2414 2256 372 192 776
internal_value=-7.97953e-05 -0.000491357 0.00113827 0.00507717 0.00931807 0.00641818 0.000982378 -0.000950696 -0.000132714 0.00193965 -0.000112783 0.00572874 -0.00118127 -3.24035e-05 1.00668e-05 0.00416598 0.00226983 0.014603 -6.90673e-05 1.78305e-05 -0.000205455 0.00121157 0.00195818 0.0039411 0.00337533 0.00275971 0.00186295 0.0115468 0.0158333 0.00522727
internal_weight=350402 261908 88494 3369 1987 1375 85125 130899 28784 4921 3192 1729 102115 131009 129619 2422 2194 403 127197 122254 105766 15938 13653 6129 5952 5535 4670 417 612 968
internal_count=350402 261908 88494 3369 1987 1375 85125 130899 28784 4921 3192 1729 102115 131009 129619 2422 2194 403 127197 122254 105766 15938 13653 6129 5952 5535 4670 417 612 968
is_linear=0
shrinkage=0.05


Tree=12
num_leaves=31
num_cat=0
split_feature=4 4 5 10 10 16 13 13 13 10 9 10 13 3 1 8 10 11 13 10 10 13 13 2 11 3 9 11 8 10
split_gain=57.4359 17.5525 14.5511 13.5811 24.7039 11.2878 9.99955 12.6818 21.7566 19.2144 13.9609 12.5711 10.2656 10.0556 10.2486 9.62861 9.29034 10.5603 9.31705 8.71049 19.0375 13.2191 38.6295 33.0851 20.886 14.0037 10.8357 33.3094 11.7577 11.1963
threshold=0.029264098187531538 0.019518805176513932 0.030577747455449247 0.025167554477566693 0.069033394894507452 -0.0025535386120536514 39.645000457763679 25.505000114440922 25.960000038146976 -0.023232584216571036 -0.27850929073709002 0.0014013952122059472 35.690000534057624 -0.0094339622641508841 0.029727638210586219 0.35683811112781377 -0.0038582878398281113 0.025734816417073651 12.454999923706056 0.0079905990747169992 0.010752578369107592 22.330000877380375 21.755000114440922 0.034798756567995699 -0.0044146840191625061 -0.0097215504457401885 inf 0.021590263312926242 -0.027357077073360044 0.0081754488327967518
decision_type=2 2 2 2 2 2 2 2 2 2 10 2 2 2 2 8 2 2 2 2 2 2 2 2 2 2 8 2 8 2
left_child=1 16 6 -4 5 -5 7 9 10 -2 -9 13 -13 15 -15 -10 -1 -18 -19 21 26 22 -11 -24 25 -25 29 -28 -29 -21
right_child=2 -3 3 4 -6 -7 -8 8 11 19 -12 12 -14 14 -16 -17 17 18 -20 20 -22 -23 23 24 -26 -27 27 28 -30 -31
leaf_value=-1.3344568901707436e-06 0.0010667171391414692 -4.4884882725168495e-06 0.00021800558587189089 0.0015378614375554987 -0.0033339800629628609 0.00061642781444037952 -0.00042560355957475192 0.0002600994815046156 -3.3897717016605477e-05 2.7053379939904913e-05 0.0021313337301041451 -0.00018020816502788595 0.00020611635058274521 0.00023143539835052086 -8.3068737492946945e-05 0.00086450583743481225 -4.618028964658823e-05 0.00032032065513465456 1.2157737402450603e-05 0.0008112979137507696 -1.5803876524990037e-06 -0.00014005270091183242 0.00031901265467944388 0.00060593085771209294 0.0026899737659150623 0.00011176684180973195 0.00013914509569664895 0.0011223007513194081 0.00048430962457398133 0.00012494743818885392
leaf_weight=23947 106 149045 13377 141 142 110 1023 200 1247 49880 148 1817 244 2033 463 93 78786 228 7312 290 7000 5960 752 92 141 132 611 155 202 4856
leaf_count=23947 106 149045 13377 141 142 110 1023 200 1247 49880 148 1817 244 2033 463 93 78786 228 7312 290 7000 5960 752 92 141 132 611 155 202 4856
internal_value=-7.13639e-05 -0.000450953 0.00100778 0.00250545 0.0116667 0.0210956 0.000741493 0.000807227 0.00296637 0.000615086 0.0151149 0.00224945 -0.00090005 0.0039416 0.00581731 0.00044776 -0.000929195 -0.00117091 0.00061671 0.000582908 0.0017447 0.000315412 0.000575817 0.00977171 0.0221233 0.0126339 0.00378312 0.00863636 0.0207703 0.00287019
internal_weight=350533 259318 91215 13770 393 251 77445 76422 6245 70177 348 5897 2061 3836 2496 1340 110273 86326 7540 70071 13114 56957 50997 1117 365 224 6114 968 357 5146
internal_count=350533 259318 91215 13770 393 251 77445 76422 6245 70177 348 5897 2061 3836 2496 1340 110273 86326 7540 70071 13114 56957 50997 1117 365 224 6114 968 357 5146
is_linear=0
shrinkage=0.05


Tree=13
num_leaves=31
num_cat=0
split_feature=4 4 12 13 13 13 13 12 12 3 12 12 15 13 14 4 8 12 13 13 14 14 12 13 12 14 12 12 15 14
split_gain=58.3709 22.4417 16.3484 16.4432 11.5221 10.5245 19.1909 26.1052 16.7951 20.5947 12.223 11.4876 9.33143 14.9145 10.9788 9.22555 9.06555 28.9985 13.1322 10.5209 27.351 26.9276 78.0826 67.2877 70.1927 23.4453 23.5967 18.9563 18.4612 13.534
threshold=0.023298783403022476 0.052976307263679794 -0.075828254732232245 43.015001296997077 24.630000114440922 20.060000419616703 20.555000305175785 0.019596822964395248 0.011040708270440904 -0.010252511307784538 0.040854121966551922 0.054737009016222478 -0.0063158387699231424 20.375000000000004 -0.058539441914538297 0.017037558624412235 inf -0.052281388412141021 18.105000495910648 19.115000724792484 -0.05546753287916955 -0.025186916390587507 0.075051001770625306 20.255000114440922 0.0053623810378563572 -0.053009001646986846 -0.0039943818994799254 0.12832311621465078 0.017437298009567507 -0.069744182185856193
decision_type=2 2 2 2 2 2 2 2 2 2 2 2 2 2 2 2 8 2 2 2 2 2 2 2 2 2 2 2 2 2
left_child=5 16 3 4 -3 15 7 12 -8 11 -11 -10 -7 -14 -15 -1 19 -18 -19 29 -21 22 23 24 -22 26 -25 -24 -26 -2
right_child=1 2 -4 -5 -6 6 8 -9 9 10 -12 -13 13 14 -16 -17 17 18 -20 20 21 -23 27 25 28 -27 -28 -29 -30 -31
leaf_value=-4.2685991204527658e-05 9.8714348755413943e-05 -6.3858481478345784e-06 0.00021819374986422319 -0.00022022111123009929 0.0006997465664719168 0.0002064865986207319 -5.4690368217251733e-05 -5.3279129859714117e-05 0.00028574397877881595 0.00010024885050262026 -5.7853625859179833e-05 -0.00010551574014002976 3.238559688941935e-05 0.0013588295788888164 -3.6494972774753463e-05 -2.2712517847299789e-05 0.00053997670848715009 0.00040224887126084728 -0.00017419985949157737 -6.1009792694124294e-05 0.0005019912070644638 6.6117515377580569e-05 0.0024701926463696765 0.00067831106954196725 8.6393063220703735e-05 -0.0001165980931953879 -6.6734086026584295e-05 0.00032528983767961636 0.0004196456172839868 3.854823312426001e-07
leaf_weight=56086 12371 139 11395 257 590 706 12265 1541 224 1803 1922 68 982 401 138 105512 243 351 6181 10669 631 26587 267 286 1078 3728 287 323 174 93404
leaf_count=56086 12371 139 11395 257 590 706 12265 1541 224 1803 1922 68 982 401 138 105512 243 351 6181 10669 631 26587 267 286 1078 3728 287 323 174 93404
internal_value=-0.000101667 0.00056726 0.00261651 0.0087931 0.0126269 -0.000723874 0.000356607 0.00357219 -0.000387546 0.00241847 0.00141611 0.0152055 0.00703413 0.00482906 0.0115121 -0.000857933 0.000405223 -0.00138377 -0.0020147 0.000486131 0.00113559 0.00184032 0.00465456 0.00299644 0.0108789 -0.000454547 0.0089616 0.0220339 0.00402556 0.000215787
internal_weight=350609 168961 12381 986 729 181648 20050 3768 16282 4017 3725 292 2227 1521 539 161598 156580 6775 6532 149805 44030 33361 6774 6184 1883 4301 573 590 1252 105775
internal_count=350609 168961 12381 986 729 181648 20050 3768 16282 4017 3725 292 2227 1521 539 161598 156580 6775 6532 149805 44030 33361 6774 6184 1883 4301 573 590 1252 105775
is_linear=0
shrinkage=0.05


Tree=14
num_leaves=31
num_cat=0
split_feature=4 4 12 13 13 11 11 12 11 13 11 12 14 11 12 14 13 12 12 11 2 8 13 13 12 12 14 2 11 13
split_gain=53.2991 17.7199 12.8223 23.3764 11.2861 10.2518 15.9487 11.8597 10.275 18.2593 12.0961 13.1749 10.2196 10.0987 28.8901 21.9041 11.8373 11.3028 14.3441 20.6967 11.8808 10.4407 11.4771 9.84842 9.44385 49.3934 16.5458 13.4882 11.4685 25.6506
threshold=0.023461535481006501 0.041869889014313176 -0.075828254732232245 43.015001296997077 24.630000114440922 -0.022075867554235681 -0.022672230022230119 0.051247552608074794 0.025734816417073651 12.454999923706056 0.028003241711031971 0.014776412045584443 0.15844695899744313 -0.023324980459216712 0.051247552608074794 -0.015155298785694047 43.015001296997077 -0.075828254732232245 -0.021061801278949629 -0.026323621770933166 0.021954010737950006 inf 18.214999198913578 12.230000019073488 -0.062212446145613214 -0.057938720016513449 0.12115074894469659 -0.0029443500449858324 0.010056608470603303 14.744999885559084
decision_type=2 2 2 2 2 2 2 2 2 2 2 2 2 2 2 2 2 2 2 2 2 8 2 2 2 2 2 2 2 2
left_child=5 13 3 4 -3 6 7 -1 23 -10 11 -11 -8 14 15 -2 17 20 -19 -20 -17 24 -23 -7 -15 26 27 -26 -27 -30
right_child=1 2 -4 -5 -6 8 12 -9 9 10 -12 -13 -14 21 -16 16 -18 18 19 -21 -22 22 -24 -25 25 28 -28 -29 29 -31
leaf_value=-8.2126336723642444e-07 -0.00011209815740750921 2.0973120161514701e-05 0.00013516849231605331 -0.00032800317237521637 0.00050675208192015703 -0.00013168627072666491 0.00025826745377049851 0.00020169401599870939 0.00042884748759863415 -3.8034057940874031e-05 -1.4034665583517847e-05 0.00018681853286556206 -0.00057834388256362487 -0.00016905857778660947 0.0004274487563696893 0.00023905086112539602 -0.00044128787566992498 3.0360044178591792e-05 8.1432986438687125e-05 0.00034479404104554863 -3.4764415626505273e-05 0.00040693779636614345 -0.00019714891576836534 -2.9735830235824848e-05 0.00060671064666897357 -8.7760377547933479e-06 -2.3583984953243174e-05 0.0001731127347180369 -4.3755480318815439e-05 8.7028432670633026e-05
leaf_weight=11113 3564 278 27283 509 980 3307 795 218 304 1017 12318 1540 173 2437 178 671 685 4086 1595 1317 217 295 4254 153872 415 67505 154 122 15418 34037
leaf_count=11113 3564 278 27283 509 980 3307 795 218 304 1017 12318 1540 173 2437 178 671 685 4086 1595 1317 217 295 4254 153872 415 67505 154 122 15418 34037
internal_value=-9.02176e-05 0.000559939 0.00168158 0.00580928 0.00946741 -0.000674685 0.000719976 0.000193715 -0.000774204 0.00046808 0.000220167 0.00334963 0.00688016 0.000322014 0.00168805 0.00139472 0.00276455 0.0033122 0.0026379 0.00531937 0.00862612 0.000187062 -0.00216421 -0.000894173 0.00027613 0.000339945 0.0136686 0.0178119 0.000261199 0.000839651
internal_weight=350657 166000 29050 1767 1258 184657 12299 11331 172358 15179 14875 2557 968 136950 12313 12135 8571 7886 6998 2912 888 124637 4549 157179 120088 117651 691 537 116960 49455
internal_count=350657 166000 29050 1767 1258 184657 12299 11331 172358 15179 14875 2557 968 136950 12313 12135 8571 7886 6998 2912 888 124637 4549 157179 120088 117651 691 537 116960 49455
is_linear=0
shrinkage=0.05


Tree=15
num_leaves=31
num_cat=0
split_feature=4 4 13 12 13 2 11 11 10 10 11 10 10 13 10 13 13 12 12 14 14 10 10 11 5 10 13 11 12 10
split_gain=45.0164 15.0854 11.3176 27.7886 20.0169 10.5016 9.10379 18.1743 36.2388 24.9781 11.6171 10.464 18.5274 28.8937 21.2205 21.3855 25.2882 15.7051 16.1047 22.3264 32.4392 13.2558 27.9604 78.9405 23.8752 26.2935 19.4916 13.247 17.3938 12.7003
threshold=0.030067209203490864 0.018423364142387866 39.645000457763679 -0.075828254732232245 24.630000114440922 -0.026325053248949789 0.048884011617049812 0.041951569626952907 0.018351257101428379 0.0012069749261046649 0.045591132552592513 0.014781364643582819 0.0089823592217616061 12.434999942779543 0.010253967482983352 16.035000801086429 15.574999809265138 0.018619754580543216 -0.026522918814270154 -0.10344834121785244 -0.062752290881895975 -0.00086144258818465758 -0.0010411118176035237 0.010209219146038452 0.023304894561439606 0.0042053175774743332 23.529999732971195 -0.023324980459216712 0.018291000443638964 0.014498014142481199
decision_type=2 2 2 2 2 2 2 2 2 2 2 2 2 2 2 2 2 2 2 2 2 2 2 2 2 2 2 2 2 2
left_child=1 -1 3 4 -2 -6 7 11 9 -9 -11 12 21 -14 15 16 -15 18 -16 29 -21 22 27 -24 -23 -26 -27 28 -3 -20
right_child=2 6 -4 -5 5 -7 -8 8 -10 10 -12 -13 13 14 17 -17 -18 -19 19 20 -22 24 23 -25 25 26 -28 -29 -30 -31
leaf_value=-3.2073665948006087e-05 -3.1876324384743931e-05 4.4835225816500536e-05 -0.00039897159282288055 5.7717859094330257e-05 0.00037995675577248261 0.00010791528181982251 -0.00019199646775496418 0.00096129448656980465 0.00055226282255986796 -0.00011313187378883079 0.00012389524404937029 -9.4301963928891707e-05 0.00065986818909515336 0.0001469502000017446 -0.00015658759031466447 1.9645283957397569e-05 0.00038991460158238557 -0.00010237713906189667 -0.00017105385776468033 0.00070246136470459132 6.5740601517635754e-05 -3.4442679532887445e-05 -8.4214778455077462e-05 0.0010790121177806236 -2.512607346571144e-05 -0.00021497957254355363 0.0004629626195876398 -8.1907143441584237e-06 0.00023011326072819814 0.00018363210466141656
leaf_weight=88455 707 9575 1292 80546 1285 418 1764 213 260 991 1581 6307 187 2779 1545 3136 482 5398 1521 973 1686 80673 474 256 276 63 190 56855 604 203
leaf_count=88455 707 9575 1292 80546 1285 418 1764 213 260 991 1581 6307 187 2779 1545 3136 482 5398 1521 973 1686 80673 474 256 276 63 190 56855 604 203
internal_value=-0.000125395 -0.000443936 0.000882038 0.00095436 0.00624481 0.00918086 -0.000178717 -0.000142941 0.00368637 0.00201975 0.000657075 -0.00021027 -0.000134712 0.0013847 0.00117841 0.00348054 0.00631555 -0.000121845 0.00165486 0.00320214 0.00607559 -0.000317389 0.000198924 0.00993151 -0.000748259 0.00983932 0.0214822 9.29367e-05 0.0017541 -0.0012297
internal_weight=350695 266447 84248 82956 2410 1703 177992 176228 3045 2785 2572 173183 166876 17910 17723 6397 3261 11326 5928 4383 2659 148966 67764 730 81202 529 253 67034 10179 1724
internal_count=350695 266447 84248 82956 2410 1703 177992 176228 3045 2785 2572 173183 166876 17910 17723 6397 3261 11326 5928 4383 2659 148966 67764 730 81202 529 253 67034 10179 1724
is_linear=0
shrinkage=0.05


Tree=16
num_leaves=31
num_cat=0
split_feature=4 4 4 12 14 11 11 10 10 3 10 10 10 10 11 11 12 10 8 10 11 14 13 11 11 1 11 8 2 10
split_gain=40.2885 12.8929 10.5333 9.72861 15.9885 9.37502 14.373 33.6472 20.9716 12.3584 10.8085 15.0475 13.9925 29.7256 74.1322 14.2365 17.4113 10.7418 10.3246 10.2984 10.9614 23.1983 21.3211 15.9961 9.88184 10.3797 8.93258 9.03971 9.12322 8.65077
threshold=0.030225438775545749 0.018770994161793512 0.052976307263679794 -0.080083523859072289 0.036556757472233643 0.048884011617049812 0.041951569626952907 0.018351257101428379 0.0012069749261046649 0.007674507844152135 0.014781364643582819 0.0079905990747169992 -0.00086144258818465758 -0.0010411118176035237 0.010209219146038452 -0.023324980459216712 0.018291000443638964 -0.0053735568732876651 -0.12180487266666838 0.0081754488327967518 0.021590263312926242 -0.096084571305829466 12.434999942779543 0.029572012228067938 0.045591132552592513 -0.035055518986813076 0.029305077851743303 -0.029681444643189055 0.10853025350593339 -0.00036102601396903461
decision_type=2 2 2 2 2 2 2 2 2 2 2 2 2 2 2 2 2 2 10 2 2 2 2 2 2 2 2 10 2 2
left_child=1 -1 -2 4 -4 6 10 8 -8 -9 11 12 13 15 -15 16 17 -3 -17 -13 -21 -22 -23 26 -10 -26 27 28 -24 -14
right_child=2 5 3 -5 -6 -7 7 9 24 -11 -12 19 29 14 -16 18 -18 -19 -20 20 21 22 23 -25 25 -27 -28 -29 -30 -31
leaf_value=-2.9524474141671668e-05 4.0273656602627093e-05 7.0297674250256133e-06 0.00099744539679389355 0.00020036167282581489 7.5870364732819593e-05 -0.00018720051776160564 0.00084265072270572536 0.00028856566328567255 -0.00010866566744068139 0.00058113967871694587 -9.7575114907455282e-05 0.00032760819065833635 -0.00016296683574750149 -5.7810609038618187e-05 0.0010206222916649963 -0.00016817738419622034 0.00025185266098965629 0.00011786842392879602 -6.1227381276173739e-07 1.1205505246712624e-05 0.00044591242282951052 0.00064854764788629547 0.00019590658246153265 -0.0001210041202720348 0.00020454600965592786 7.5110806707247854e-05 0.00027581347943680804 2.8834262581821435e-05 0.00049099300518149435 -2.7781242389970268e-05
leaf_weight=95074 70403 6545 290 11616 498 1718 208 137 979 140 6239 644 3847 428 249 3193 584 2860 51890 16152 217 187 815 1839 69 1464 231 1620 82 70251
leaf_count=95074 70403 6545 290 11616 498 1718 208 137 979 140 6239 644 3847 428 249 3193 584 2860 51890 16152 217 187 815 1839 69 1464 231 1620 82 70251
internal_value=-0.000120112 -0.00041829 0.000843708 0.0021872 0.00756345 -0.000160731 -0.00012378 0.00330831 0.00161765 0.0199097 -0.000185052 -0.000106229 -0.000296647 0.000234299 0.0106573 0.000125859 0.00186255 0.00134237 -0.000189079 0.00111603 0.00092631 0.00297435 0.00224759 0.00157292 0.000354298 0.0028604 0.00398835 0.00312475 0.00715162 -0.000767768
internal_weight=350469 267662 82807 12404 788 172588 170870 2997 2720 277 167873 161634 139847 65749 677 65072 9989 9405 55083 21787 21143 4991 4774 4587 2512 1533 2748 2517 897 74098
internal_count=350469 267662 82807 12404 788 172588 170870 2997 2720 277 167873 161634 139847 65749 677 65072 9989 9405 55083 21787 21143 4991 4774 4587 2512 1533 2748 2517 897 74098
is_linear=0
shrinkage=0.05


Tree=17
num_leaves=31
num_cat=0
split_feature=5 14 11 3 6 12 11 10 14 10 11 11 14 14 11 11 12 12 12 11 3 14 8 15 16 3 10 11 12 11
split_gain=33.8887 17.2702 36.2929 14.8819 13.8915 13.1355 14.0426 11.7611 19.1458 21.1272 22.0785 32.1085 18.9048 14.7944 41.4108 18.7793 14.1799 19.2408 51.3906 43.6721 14.7407 13.5245 12.4832 12.1484 12.0757 14.0286 11.3977 30.1321 11.2325 17.1641
threshold=0.021211218212588926 0.02559063550932739 0.041951569626952907 -0.001899026072312626 1.4938902586929952 0.12832311621465078 0.020333032872676963 0.0079905990747169992 0.009860755526874045 0.010752578369107592 0.016075391747766069 0.031328767211223359 -0.096084571305829466 -0.086337752297859935 0.0079486144040776825 -0.035697705395590577 0.032443479787097169 0.0061046403867389696 0.0062346335449628984 0.041951569626952907 0.0079959241563017942 -0.081825770158787711 0.023413686094886924 0.010705208938836088 -0.013371311937920681 0.0022351580647586027 0.010636911187089761 0.012168473595113418 -0.075828254732232245 -0.040606280288626444
decision_type=2 2 2 2 2 2 2 2 2 2 2 2 2 2 2 2 2 2 2 2 2 2 10 2 2 2 2 2 2 2
left_child=1 4 -3 -4 7 28 -7 13 9 10 26 12 23 14 -1 -15 17 -11 22 -20 -21 -14 -19 -12 25 -23 -9 -28 29 -2
right_child=5 2 3 -5 -6 6 -8 8 -10 16 11 -13 21 15 -16 -17 -18 18 19 20 -22 24 -24 -25 -26 -27 27 -29 -30 -31
leaf_value=-9.5340663443638506e-05 -0.00011658072459076778 8.9018691434335037e-06 0.001501927922593562 0.00030667856375405316 3.4159413657297695e-05 0.00033399778195128898 -0.00031073007390157849 -8.96068233791562e-06 0.00041040369371200477 -7.5499442431340536e-05 0.00019235507559372885 -0.00011145480931042818 -1.4688653172466864e-05 0.00014630155774798519 0.00021512780193666406 -3.9397829457893194e-05 -0.00015308706556586561 0.001354771337103602 -1.0404076376579475e-05 0.00023195695280925352 0.00070209835203107721 0.00016573946232878298 0.0023280581589268882 0.00050038722627764542 0.00017531007333594325 0.00090483940360154948 -0.00043518314226910775 0.00046695052836357955 7.1057635411113354e-05 0.00033479018078989788
leaf_weight=1941 795 84142 187 117 20244 282 138 14065 292 8846 145 1737 1013 1507 1344 147239 5990 209 5484 136 142 84 151 192 3391 80 293 302 48606 1315
leaf_count=1941 795 84142 187 117 20244 282 138 14065 292 8846 145 1737 1013 1507 1344 147239 5990 209 5484 136 142 84 151 192 3391 80 293 302 48606 1315
internal_value=-0.000114567 -0.000317821 0.000287994 0.0175329 -0.00055596 0.00107498 0.00988095 -0.000685647 4.91152e-05 -3.90452e-05 0.00106985 0.00346131 0.00553007 -0.0008913 0.0024277 -0.000964599 -0.00116614 -0.0003434 0.0018115 0.000666434 0.02 0.00468695 0.0201389 0.0169585 0.00613924 0.0193902 -1.36438e-05 0.0067647 0.00100205 0.00457346
internal_weight=350409 299273 84446 304 214827 51136 420 194583 42552 42260 21302 6642 4905 152031 3285 148746 20958 14968 6122 5762 278 4568 360 337 3555 164 14660 595 50716 2110
internal_count=350409 299273 84446 304 214827 51136 420 194583 42552 42260 21302 6642 4905 152031 3285 148746 20958 14968 6122 5762 278 4568 360 337 3555 164 14660 595 50716 2110
is_linear=0
shrinkage=0.05


Tree=18
num_leaves=31
num_cat=0
split_feature=4 4 6 11 14 10 15 11 13 11 12 12 10 10 14 14 11 13 10 10 11 10 10 8 13 13 12 11 11 11
split_gain=35.0334 10.5487 9.95103 9.91827 20.6919 24.4464 12.7387 11.275 13.9911 11.8661 12.9454 10.6735 11.8365 23.5792 26.4016 16.6789 14.8685 16.9661 19.1328 12.6998 12.5944 11.056 9.9562 9.31407 9.23599 11.9437 32.2191 13.6795 16.7476 21.2445
threshold=0.024499344746401353 0.054625445360211071 2.4554496676146735 -0.0071058242235014215 0.15522193331306103 -0.011231004293396683 -0.012213397783815803 0.025734816417073651 12.454999923706056 0.028003241711031971 0.014776412045584443 0.054737009016222478 0.0025358686375718258 -0.0070887140310786348 0.057570789081387914 0.060254427512154048 -0.0094173719733559019 19.585000038146976 0.0119204706193089 0.0012830359695055196 -0.0190856388031409 -0.00036102601396903461 -0.0068179967678675948 -0.20506704135385204 12.230000019073488 13.554999828338625 0.0094949171636059555 0.00023772449314352076 0.012286889583603357 0.011893389605222461
decision_type=2 2 2 2 2 2 2 2 2 2 2 2 2 2 2 2 2 2 2 2 2 2 2 10 2 2 2 2 2 2
left_child=3 2 -2 11 7 -6 -7 23 -9 10 -10 12 13 -1 19 -16 -14 -18 -19 -15 -21 22 -17 -5 -25 26 -26 -28 29 -29
right_child=1 -3 -4 4 5 6 -8 8 9 -11 -12 -13 16 14 15 21 17 18 -20 20 -22 -23 -24 24 25 -27 27 28 -30 -31
leaf_value=-2.6392735279074938e-05 1.5355672617959988e-05 0.0001926583874955341 0.00015802418122702825 -0.00019645030555342222 -0.00018631286692971037 0.00028865550197759731 0.00021403394289858311 0.00029115950340186011 -3.3977638620484196e-05 -1.3159672328658638e-05 0.00017366213514151922 -0.00016429633399696173 -9.256535865611073e-05 9.8526620541003441e-06 0.00017107930288933916 0.00018129564967494423 -3.2706772689211227e-05 8.567837079542113e-05 0.0017350288344402569 0.00049405598786727114 7.0885759495130181e-05 0.00017199959412201015 7.0698980004755332e-05 -0.00012142088857253761 0.00017267399765636966 -3.8247105232939701e-05 -0.00013647757669938486 3.7616002102283137e-05 -3.5863183780830085e-05 0.00024025833784063039
leaf_weight=14837 131910 11016 6514 3035 324 127 382 334 1148 13861 1719 1659 7581 12177 274 799 1481 667 301 313 2028 312 2203 3448 824 100131 4398 13138 13032 282
leaf_count=14837 131910 11016 6514 3035 324 127 382 334 1148 13861 1719 1659 7581 12177 274 799 1481 667 301 313 2028 312 2203 3448 824 100131 4398 13138 13032 282
internal_value=-0.000115274 0.000464399 0.000345893 -0.000546649 -0.000734492 0.00712485 0.0139587 -0.000776635 0.000436056 0.000233739 0.00316184 0.000110682 0.000262606 0.000720486 0.0019314 0.00577202 -0.00124128 0.00214577 0.00729339 0.000982228 0.00435498 0.00479179 0.00386076 -0.000926257 -0.000864788 -0.00079796 4.83034e-05 -0.000212319 0.000216996 0.00145678
internal_weight=350255 149440 138424 200815 156183 833 509 155350 17062 16728 2867 44632 42973 32943 18106 3588 10030 2449 968 14518 2341 3314 3002 138288 135253 131805 31674 30850 26452 13420
internal_count=350255 149440 138424 200815 156183 833 509 155350 17062 16728 2867 44632 42973 32943 18106 3588 10030 2449 968 14518 2341 3314 3002 138288 135253 131805 31674 30850 26452 13420
is_linear=0
shrinkage=0.05


Tree=19
num_leaves=31
num_cat=0
split_feature=4 4 13 12 13 11 11 10 10 11 3 2 8 12 13 2 14 12 10 13 12 14 13 15 10 10 12 15 2 14
split_gain=31.9237 11.8455 10.3023 20.8457 16.9898 9.29014 13.0423 29.6462 17.2018 10.144 9.60002 8.51645 8.46803 14.2675 9.60452 12.1929 8.66778 21.5719 17.6003 10.8892 18.6821 20.1106 18.383 17.2624 16.1178 14.5283 11.7459 12.6763 8.15154 8.12639
threshold=0.030067209203490864 0.018423364142387866 39.645000457763679 -0.075828254732232245 24.630000114440922 0.048884011617049812 0.041951569626952907 0.018351257101428379 0.0012069749261046649 0.045591132552592513 0.0025459649972559011 -0.010283558057282203 -0.24364556433828219 -0.052281388412141021 18.214999198913578 0.069938589724929737 0.083482873400912663 0.032488818587014141 -0.013932246020769588 17.994999885559086 -0.0067439083526363843 0.10635034038366033 20.060000419616703 -0.0082564160136430181 -0.005068200370119679 -0.0012488148265489272 0.011040708270440904 -0.019913473618708929 0.058676201214585617 0.079095926518506735
decision_type=2 2 2 2 2 2 2 2 2 2 2 2 10 2 2 2 2 2 2 2 2 2 2 2 2 2 2 2 2 2
left_child=1 -1 3 4 -2 6 12 8 -8 -10 -9 -6 13 -3 15 -15 29 19 -19 -18 24 25 -23 26 -21 -22 27 -24 -20 -14
right_child=2 5 -4 -5 11 -7 7 10 9 -11 -12 -13 16 14 -16 -17 17 18 28 20 21 22 23 -25 -26 -27 -28 -29 -30 -31
leaf_value=-2.6551153032686069e-05 -4.2238420109018433e-05 0.0003069908492671484 -0.00037687652981456521 4.8704379521437253e-05 0.00034152993579121159 -0.00018325309042393855 0.00074679940152604562 0.00017074793240340759 -0.000101907011725798 9.8708830237395398e-05 0.00049408990656231607 2.3035174418454843e-05 -6.2531036187200497e-06 -9.6595188802579005e-05 -0.00013543475290369141 0.00043687008457590103 -8.3180926784905479e-05 -0.00030231552990021425 0.00012302332891564159 -3.3939853016735916e-05 0.00036789728871806514 -0.00010309322718738198 0.00027266212228241576 -5.405441760477004e-05 0.0002348386810314674 1.0845516536689901e-05 0.00037878675037755077 2.6790891989606397e-05 0.00025301247821623419 -0.00016595186356636892
leaf_weight=88244 714 235 1289 80616 1394 1739 220 87 1002 1591 195 311 145815 166 6852 146 4095 388 1368 6772 473 1322 382 548 278 218 284 502 822 2635
leaf_count=88244 714 235 1289 80616 1394 1739 220 87 1002 1591 195 311 145815 166 6852 146 4095 388 1368 6772 473 1322 382 548 278 218 284 502 822 2635
internal_value=-9.32853e-05 -0.000361685 0.000754588 0.000823447 0.00539686 -0.000127012 -9.11597e-05 0.00312601 0.00157661 0.000437716 0.0185816 0.0081085 -0.000148615 -0.00180362 -0.00220129 0.0063782 -7.48044e-05 0.000979256 0.00520171 0.00024741 0.00108127 0.00394342 0.00219223 0.00560606 -0.000432625 0.0116425 0.00904109 0.00619909 0.00694064 -0.000198721
internal_weight=350703 266379 84324 83035 2419 178135 176396 3095 2813 2593 282 1705 173301 7399 7164 312 165902 17452 2578 14874 10779 3729 3038 1716 7050 691 1168 884 2190 148450
internal_count=350703 266379 84324 83035 2419 178135 176396 3095 2813 2593 282 1705 173301 7399 7164 312 165902 17452 2578 14874 10779 3729 3038 1716 7050 691 1168 884 2190 148450
is_linear=0
shrinkage=0.05


Tree=20
num_leaves=31
num_cat=0
split_feature=4 4 11 14 14 11 13 12 14 14 13 13 12 11 11 13 14 15 14 14 11 11 14 13 9 12 5 16 13 13
split_gain=32.6691 13.2549 8.45227 14.3227 18.4691 9.30726 12.2511 8.37931 9.21102 29.4875 7.98471 11.9215 25.9567 12.7561 13.3929 26.4213 47.5554 8.55266 8.00457 19.6898 7.95048 12.3598 42.4607 40.7491 14.1554 8.73399 14.1092 8.56358 7.78448 26.6732
threshold=0.023461535481006501 0.039277127422557206 -0.0071058242235014215 0.15522193331306103 0.17907813454888047 0.025734816417073651 12.454999923706056 0.054737009016222478 -0.068623004427642229 -0.067583665573298909 12.230000019073488 13.554999828338625 0.0094949171636059555 0.00023772449314352076 0.010209219146038452 13.234999656677248 0.0037598780805861991 0.00243784203485975 0.0066946732173895915 -1.0000000180025095e-35 0.048884011617049812 0.041951569626952907 -0.066405515647089006 25.505000114440922 -0.064957054995244387 0.12832311621465078 0.023063368907186053 0.019866427849884686 16.510000228881839 16.73499965667725
decision_type=2 2 2 2 2 2 2 2 2 2 2 2 2 2 2 2 2 2 2 2 2 2 2 2 8 2 2 2 2 2
left_child=2 20 7 5 -5 10 -7 8 -1 -10 -4 12 17 -14 15 18 -17 -12 19 -15 21 25 24 -24 -23 -2 -27 -25 -11 -30
right_child=1 -3 3 4 -6 6 -8 -9 9 28 11 -13 13 14 -16 16 -18 -19 -20 -21 -22 22 23 27 -26 26 -28 -29 29 -31
leaf_value=-7.0473111389928234e-05 6.1853409511712784e-06 0.00010343668243545362 -0.00011536093896638149 0.0002170294744240178 -0.00016750164080615133 0.00036071319967027345 6.0306580784929066e-06 -0.00015446946439405876 0.0016304679689723108 -3.0833680767181804e-05 0.00027909165210064548 -4.0213526768658955e-05 -0.00013523013533490405 9.9899408508929358e-06 -2.4087875574833331e-05 3.5571418376239417e-05 0.0002548856578901884 7.8293925535198182e-05 -9.1522202744997557e-05 0.00017715967710284556 -0.00017101132796111388 0.00074059134680258759 -7.5688358450744914e-05 0.00035276442787873276 0.000347782668605858 -1.67310428411564e-05 0.00031257208769014643 0.0015383973240145406 0.00015429799451961924 1.6369220476284967e-05
leaf_weight=4488 124740 35917 3319 480 295 313 14893 1573 268 9487 278 94629 4150 5457 15203 1147 595 504 1892 625 2062 132 1989 58 317 284 196 165 930 23695
leaf_count=4488 124740 35917 3319 480 295 313 14893 1573 268 9487 278 94629 4150 5457 15203 1147 595 504 1892 625 2062 132 1989 58 317 284 196 165 930 23695
internal_value=-0.000108705 0.000400336 -0.00056701 -0.000746628 0.00603226 -0.000783365 0.000386031 7.15846e-05 0.000216372 0.000494472 -0.000922504 -0.00085797 1.32312e-05 -0.000228595 0.000198843 0.00164883 0.00722732 0.00900256 0.000430147 0.00131371 0.000165341 0.000215003 0.003587 0.000741409 0.0176058 0.000143347 0.006875 0.021009 0.00036468 0.000833501
internal_weight=350081 165860 184221 143780 775 143005 15206 40441 38868 34380 127799 124480 29851 29069 24919 9716 1742 782 7974 6082 129943 127881 2661 2212 449 125220 480 223 34112 24625
internal_count=350081 165860 184221 143780 775 143005 15206 40441 38868 34380 127799 124480 29851 29069 24919 9716 1742 782 7974 6082 129943 127881 2661 2212 449 125220 480 223 34112 24625
is_linear=0
shrinkage=0.05


Tree=21
num_leaves=31
num_cat=0
split_feature=4 4 6 6 14 10 8 13 10 10 13 15 3 13 13 13 10 10 12 3 3 12 12 14 14 13 12 12 13 10
split_gain=27.3897 11.3473 8.76602 8.56874 7.83549 13.4166 9.49213 7.56891 17.6954 17.6045 20.7703 10.1696 10.0993 8.5953 7.59937 9.25613 9.73916 8.86389 11.5883 9.41665 6.84705 6.74161 10.8379 6.24651 21.7601 30.3963 12.3357 22.1458 24.5733 20.5558
threshold=0.024149622109548134 0.050186531512169584 2.4554496676146735 1.4938902586929952 0.02559063550932739 0.0098338852151581575 0.076438947792785053 17.945000648498539 -0.005068200370119679 0.0010681409799049304 18.625000000000004 -0.0051801741104289803 0.00081078722727900854 18.035000801086429 20.060000419616703 22.429999351501468 -0.0070887140310786348 -0.010966438049946124 0.050038529689914298 -0.0089249284817148871 0.0037813005709480545 -0.052281388412141021 -0.062212446145613214 0.033407835612495503 0.035381364185180238 18.214999198913578 -0.0067439083526363843 -0.0060576129661007996 20.060000419616703 -0.0014377455389056879
decision_type=2 2 2 2 2 2 8 2 2 2 2 2 2 2 2 2 2 2 2 2 2 2 2 2 2 2 2 2 2 2
left_child=3 2 23 4 -1 7 20 -6 13 10 12 -12 -10 -9 -15 16 17 18 19 -16 -7 22 -4 -2 25 -25 29 28 -28 -26
right_child=1 -3 21 -5 5 6 -8 8 9 -11 11 -13 -14 14 15 -17 -18 -19 -20 -21 -22 -23 -24 24 26 -27 27 -29 -30 -31
leaf_value=-2.7600557729856863e-05 -2.5899633297388957e-06 0.00016234902317511059 -0.00026213066818333214 2.0244063837623862e-05 -2.4617476489877568e-05 0.00016809584136622113 -0.00031150887247219871 0.00016486174779615614 0.00021453467233606348 -0.00025833134610605082 0.00015986075954178548 3.8534772399393801e-05 0.00047220935316587184 -7.2117297087719267e-05 0.00026037330449074051 -4.7936610155951951e-05 0.00020098829156543573 -6.7677848933943023e-05 -0.00010858474828675824 8.410943346731642e-05 0.00045128545361576154 0.00011402706689712868 0.00039618727995664044 0.0001120600063342223 -5.8960527619165932e-05 0.0010427451578121005 0.00016764926593350628 5.7277146735334387e-05 0.00067700011307512801 0.0006676141496322484
leaf_weight=128691 98704 15183 206 18599 30279 382 168 314 329 739 884 2154 302 5201 236 3423 421 1109 615 1640 143 5959 309 640 12667 144 493 19180 338 886
leaf_count=128691 98704 15183 206 18599 30279 382 168 314 329 739 884 2154 302 5201 236 3423 421 1109 615 1640 143 5959 309 640 12667 144 493 19180 338 886
internal_value=-0.000116717 0.000380423 0.000239166 -0.000509869 -0.000617128 -7.43718e-05 0.00683261 -0.000174832 0.00065728 0.00339383 0.00481194 0.00309743 0.0130666 -0.000273556 -0.000476474 0.000548091 0.00217483 0.00133333 0.00298876 0.00494136 0.0101429 0.00203583 0.00752427 0.000151744 0.000732501 0.00896684 0.000540161 0.00132902 0.0093201 -0.000624586
internal_weight=350338 154709 139526 195629 177030 48339 693 47646 17367 4408 3669 3038 631 12959 12645 7444 4021 3600 2491 1876 525 6474 515 133052 34348 784 33564 20011 831 13553
internal_count=350338 154709 139526 195629 177030 48339 693 47646 17367 4408 3669 3038 631 12959 12645 7444 4021 3600 2491 1876 525 6474 515 133052 34348 784 33564 20011 831 13553
is_linear=0
shrinkage=0.05


Tree=22
num_leaves=31
num_cat=0
split_feature=4 4 11 11 14 10 9 10 10 10 10 12 14 10 11 14 10 12 13 11 14 10 13 12 14 8 12 10 1 16
split_gain=28.2169 9.85618 8.77608 13.0921 48.9507 47.1164 17.2851 16.8651 13.3022 13.6712 31.3072 75.7027 56.1504 52.6514 17.0557 18.6679 55.9738 35.4276 17.4463 15.6922 16.444 12.9141 12.3997 77.2976 11.7681 11.4662 10.4682 13.5512 10.2802 9.91004
threshold=0.023220587568852532 0.043796078201487294 0.048884011617049812 0.041951569626952907 -0.066405515647089006 0.0012069749261046649 -0.032957103593006513 0.014781364643582819 0.0079905990747169992 -0.00086144258818465758 -0.0014377455389056879 0.075051001770625306 0.03048966244044227 -0.0010411118176035237 -0.023324980459216712 -0.024601750905799354 -0.0022949060823098106 -0.038320410846317647 22.730000495910648 -0.026323621770933166 0.022797718540964799 0.0081754488327967518 24.385000228881839 -0.010763063005060467 0.03048966244044227 -0.025101328563111477 0.12528219220542228 0.0042053175774743332 -0.015661765307924343 0.019866427849884686
decision_type=2 2 2 2 2 2 8 2 2 2 2 2 2 2 2 2 2 2 2 2 2 2 2 2 2 10 2 2 2 2
left_child=-1 2 3 7 6 29 -5 8 9 10 14 12 -12 -14 18 16 17 25 19 -2 -21 -10 26 -24 28 -16 -11 -28 -20 -6
right_child=1 -3 -4 4 5 -7 -8 -9 21 22 11 -13 13 -15 15 -17 -18 -19 24 20 -22 -23 23 -25 -26 -27 27 -29 -30 -31
leaf_value=-1.854183163990522e-05 7.9479791632583761e-05 0.00011802807179693365 -0.00017113528343391828 0.00087707871729299854 0.00030238196449660363 -7.5573222634160947e-05 0.00035042630832401913 -0.00012011709512209893 0.00047235035559240428 -3.2686129633239254e-05 -8.902112937955877e-05 0.0022379412936549786 0.00030421461186677353 0.0012816304228422653 0.00052742360049012102 -1.3588796531939271e-05 0.00042050578680094715 -0.00016469904599836257 0.00021839842573591404 -0.00011270933494361407 0.00031870010181361862 7.2058784784578082e-05 -0.00021791972869131517 0.00054172620198618957 -5.9344064971474164e-05 0.00023609832458279693 -3.8122920165766242e-06 0.00028293191103919725 -8.2928801817232919e-05 0.0014875958544472915
leaf_weight=180216 2847 24795 2496 187 72 2261 320 6630 588 56626 2009 283 695 213 165 41663 281 1265 701 375 1696 17341 1035 341 3583 124 467 290 394 194
leaf_count=180216 2847 24795 2496 187 72 2261 320 6630 588 56626 2009 283 695 213 165 41663 281 1265 701 375 1696 17341 1035 341 3583 124 467 290 394 194
internal_value=-0.000101999 0.000360221 0.000202835 0.000254265 0.00350362 0.000658883 0.0176824 0.000183651 0.000306356 0.000108949 0.000665789 0.00546875 0.00307336 0.0133921 0.000376313 -4.46009e-05 0.00489101 0.0011776 0.00228428 0.00436356 0.00767504 0.00157315 -0.000424532 0.00426599 9.83314e-05 0.0169723 -0.000537007 0.00530383 0.0046347 0.0205639
internal_weight=350153 169937 145142 142646 3034 2527 507 139612 132982 115053 56294 3200 2917 908 53094 43498 1835 1554 9596 4918 2071 17929 58759 1376 4678 289 57383 757 1095 266
internal_count=350153 169937 145142 142646 3034 2527 507 139612 132982 115053 56294 3200 2917 908 53094 43498 1835 1554 9596 4918 2071 17929 58759 1376 4678 289 57383 757 1095 266
is_linear=0
shrinkage=0.05


Tree=23
num_leaves=31
num_cat=0
split_feature=4 6 13 12 13 14 11 12 12 14 10 10 10 15 13 10 13 10 12 12 13 13 11 14 10 13 1 12 13 12
split_gain=25.5348 9.8843 9.37648 15.5107 11.1183 9.07305 12.7038 9.51103 31.6396 13.7606 13.4356 20.0207 33.1179 32.4396 17.4845 19.7158 14.9083 17.4057 20.6493 28.3602 20.0183 13.5714 12.4511 12.1977 12.0952 12.8063 9.49711 9.45236 18.8849 12.9091
threshold=0.031457967723161326 1.6418991513110299 39.645000457763679 -0.075828254732232245 24.630000114440922 0.02559063550932739 0.041951569626952907 0.032942556438581912 0.033350145448004638 0.027456401234134179 0.0025358686375718258 -0.0014377455389056879 -7.4925284761662145e-05 -0.005572668106181288 15.210000038146974 -0.0010411118176035237 16.164999961853031 -0.005068200370119679 0.010183685907573794 0.0037861814309102519 17.224999427795414 16.355000495910648 0.015956057054470011 0.15522193331306103 -0.0038582878398281113 16.469999313354496 0.031311324492375066 -0.0067439083526363843 20.060000419616703 -0.0060576129661007996
decision_type=2 2 2 2 2 2 2 2 2 2 2 2 2 2 2 2 2 2 2 2 2 2 2 2 2 2 2 2 2 2
left_child=1 5 3 4 -2 -1 7 10 -9 -10 11 16 13 21 15 -15 -7 27 19 20 -19 -13 -11 -22 -20 -26 -8 -18 -29 -30
right_child=2 -3 -4 -5 -6 6 26 8 9 22 -12 12 -14 14 -16 -17 17 18 24 -21 23 -23 -24 -25 25 -27 -28 28 29 -31
leaf_value=-2.2692619858820297e-05 -1.7927379976530536e-05 3.1353747673584492e-05 -0.0003661201005914398 4.9352974626351254e-05 0.00026268974035352147 -7.6519461231158318e-05 0.00031880367145114581 0.00019645450860011988 0.00033427258215168741 3.258403473783503e-05 -0.00016635027499998167 0.00098170748087650513 -6.8219855354176802e-06 0.00011658754637019055 3.8461540065905242e-05 0.00072139130632033676 -5.3431603896352925e-05 0.00015573318874497518 9.1052524310095904e-05 0.00054702286238147795 1.3899320050133738e-05 0.00021882592936769692 -0.00014570750681970008 0.0002196768571194047 0.00016277325010086188 -0.00013616164797461278 0.00096841481611294146 -4.1025215841445284e-05 0.00026354897108430856 6.5717075956992575e-05
leaf_weight=183162 644 23852 1240 69701 1595 12063 169 1058 389 11128 3499 109 3797 339 1279 236 13994 724 1025 348 2686 292 2971 320 316 2689 83 7082 612 3027
leaf_count=183162 644 23852 1240 69701 1595 12063 169 1058 389 11128 3499 109 3797 339 1279 236 13994 724 1025 348 2686 292 2971 320 316 2689 83 7082 612 3027
internal_value=-0.000108568 -0.000327847 0.000722191 0.000796496 0.00489281 -0.000419442 6.37135e-05 2.33616e-05 0.00111411 0.000504554 -0.000288132 -8.22581e-05 0.00261732 0.00741685 0.00462783 0.0118696 -0.000446243 0.000106174 0.00211643 0.00462481 0.00335121 0.0203117 0.000248598 0.00155356 -0.000421837 -0.00202163 0.0112698 -0.000553309 0.000563845 0.00349134
internal_weight=350429 277249 73180 71940 2239 253397 70235 69983 15546 14488 54437 50938 6052 2255 1854 575 44886 32823 8108 4078 3730 401 14099 3006 4030 3005 252 24715 10721 3639
internal_count=350429 277249 73180 71940 2239 253397 70235 69983 15546 14488 54437 50938 6052 2255 1854 575 44886 32823 8108 4078 3730 401 14099 3006 4030 3005 252 24715 10721 3639
is_linear=0
shrinkage=0.05


Tree=24
num_leaves=31
num_cat=0
split_feature=5 10 10 11 10 14 13 14 11 3 3 11 11 10 14 14 13 14 10 10 11 11 11 13 3 14 13 14 5 3
split_gain=20.5806 12.9874 25.4157 85.2424 16.6937 18.615 18.5167 17.7505 36.0259 15.7791 14.6573 13.0038 14.5785 13.5336 12.9499 35.1197 41.3864 18.1041 11.9349 16.8982 18.1999 17.4113 68.7383 52.5939 12.1609 11.8714 18.3897 11.5733 11.1895 10.8693
threshold=0.021211218212588926 -0.00086144258818465758 -0.0010411118176035237 0.010209219146038452 0.0079905990747169992 -0.10344834121785244 25.505000114440922 -0.086337752297859935 0.0079486144040776825 -0.00015704750783923635 -0.001899026072312626 -0.023324980459216712 -0.026323621770933166 -0.0017418518587148377 0.00619378828642947 0.0012326341754252958 16.98499965667725 0.028971532531295811 -0.0027244549594996888 -0.0025714638018564102 0.030772204717271049 -0.0019709862585252642 -0.0083605028884894388 24.855000495910648 -0.004828222572554385 0.009860755526874045 14.494999885559084 0.0037598780805861991 0.014422741283427069 -0.0076799560514821943
decision_type=2 2 2 2 2 2 2 2 2 2 2 2 2 2 2 2 2 2 2 2 2 2 2 2 2 2 2 2 2 2
left_child=1 2 11 -4 6 -6 7 8 -3 -5 -8 12 13 -1 15 18 -17 -16 -13 24 21 22 -21 28 -20 -7 -27 -18 -24 -15
right_child=-2 4 3 9 5 25 10 -9 -10 -11 -12 14 -14 29 17 16 27 -19 19 20 -22 -23 23 -25 -26 26 -28 -29 -30 -31
leaf_value=-1.5625610930894521e-06 6.5524009923599057e-05 -4.7393498330012765e-05 -7.42071247185922e-05 0.00099420976688928127 -6.7677226250407511e-05 2.089925741270725e-05 0.0012125169421596939 -3.6743005594272059e-05 0.00020103159186882319 0.00035232706762939117 -2.7166567511331979e-05 -3.5378104493726286e-05 0.00012149279773782633 0.00035877115327723278 -7.9782763425634141e-05 0.00024545322711886329 0.00012807467036479587 -3.398628136311246e-06 0.00032972601408037187 -0.00021520501654827336 0.00024689584986527263 -4.0391198562516554e-05 0.00025472103700402529 -0.00036175737466553871 8.7087533673977854e-05 0.0003781935086297435 1.3790094863270551e-05 -5.0709295946962403e-05 0.0015151107903476188 0.0001012282129091051
leaf_weight=11289 51181 2268 756 267 11536 36311 200 131467 1409 98 183 12645 4340 315 15284 1149 393 56857 200 1330 406 5268 211 257 487 799 1084 1131 451 818
leaf_count=11289 51181 2268 756 267 11536 36311 200 131467 1409 98 183 12645 4340 315 15284 1149 393 56857 200 1330 406 5268 211 257 487 799 1084 1131 451 818
internal_value=-0.000130427 -0.000288913 0.000131107 0.00762266 -0.000547268 0.000236275 -0.00083478 -0.000865892 0.00256051 0.0274658 0.0101436 5.66765e-05 0.00134172 0.000470132 -0.000167537 0.000840437 0.00624205 -0.000501866 0.000161137 0.00159698 0.000944717 0.000387786 0.0040707 0.0145865 0.00911936 0.00076792 0.00463887 0.000839894 0.0220393 0.00567961
internal_weight=350390 299209 113952 1121 185257 49730 135527 135144 3677 365 383 112831 16762 12422 96069 23928 2673 72141 21255 8610 7923 7517 2249 919 687 38194 1883 1524 662 1133
internal_count=350390 299209 113952 1121 185257 49730 135527 135144 3677 365 383 112831 16762 12422 96069 23928 2673 72141 21255 8610 7923 7517 2249 919 687 38194 1883 1524 662 1133
is_linear=0
shrinkage=0.05


Tree=25
num_leaves=31
num_cat=0
split_feature=5 6 12 8 13 13 14 14 9 13 14 13 2 14 12 10 10 9 10 10 10 12 14 12 10 10 12 10 15 13
split_gain=17.7727 14.2916 10.2552 9.84027 13.9322 12.0595 25.9847 20.548 19.5289 33.6949 26.8966 17.6668 19.4709 17.411 43.7222 22.029 20.1304 15.7344 14.894 16.3059 13.8937 13.8701 27.6071 15.0094 13.3239 17.4955 15.5999 13.8481 12.2305 11.7533
threshold=0.025795824147858987 1.8167655479495191 0.12832311621465078 -0.24364556433828219 26.494999885559086 17.914999961853031 -0.05546753287916955 -0.067583665573298909 0.39085652129479725 18.82499980926514 -0.0040037207838661817 17.945000648498539 0.0051350571172072987 -0.073050802278400592 0.022797262083818274 0.010636911187089761 0.0040309236924269696 -0.057791992306748523 -0.0016439168395387946 0.0057742821370848638 0.0030905766742578282 0.027728982804785422 -0.12096344977185801 -0.011339314302442725 0.0022328849049373383 0.0012069749261046649 -0.013469697209426477 0.0081754488327967518 0.010705208938836088 17.204999923706058
decision_type=2 2 2 10 2 2 2 2 8 2 2 2 2 2 2 2 2 8 2 2 2 2 2 2 2 2 2 2 2 2
left_child=1 3 -2 4 -1 7 -7 13 11 -10 18 12 -8 16 15 -15 20 -17 -11 -20 -5 23 28 29 25 -13 -27 -26 -23 -18
right_child=2 -3 -4 5 -6 6 8 -9 9 10 -12 24 -14 14 -16 17 21 -19 19 -21 -22 22 -24 -25 27 26 -28 -29 -30 -31
leaf_value=-0.00011231315557806048 9.9137757980080838e-05 4.697306844103516e-05 0.00029353305060675664 -2.4572876426623913e-05 0.0002542231744224727 -7.025454534620535e-05 6.1201690434543033e-05 -2.42536767768468e-05 -7.541756012500035e-05 0.00030100833091589279 8.4344270782439851e-05 1.3533579315997125e-05 0.00059409102591466835 0.00014150420262600553 -7.6758369656463167e-05 0.00059194224402411128 9.511887917281706e-05 0.00030564700928584952 -5.0303542456505512e-05 0.00020682915959329424 0.00032736942530140129 0.00014476610168398781 3.6618645281872722e-05 -8.3092802704866562e-05 -0.00010620551942009654 0.00037852185104905641 7.8141564115481306e-05 7.6053732907618111e-05 0.00055159749781493893 -0.0001744655106255817
leaf_weight=10345 26213 24235 206 377 313 17694 470 182325 3758 387 5638 42308 261 676 1099 278 2286 381 503 1899 753 159 4366 7967 9289 781 1715 2587 207 746
leaf_count=10345 26213 24235 206 377 313 17694 470 182325 3758 387 5638 42308 261 676 1099 278 2286 381 503 1899 753 159 4366 7967 9289 781 1715 2587 207 746
internal_value=-0.000126378 -0.000228118 0.00112059 -0.000322599 -0.0018146 -0.000267559 0.000223392 -0.000480112 0.00065837 0.0024764 0.00423223 0.000272508 0.00799589 0.00107152 0.00502465 0.0111049 0.000500859 0.01761 0.00824847 0.00678185 0.0069469 3.78222e-05 0.00230135 -0.000935995 0.000172899 0.000567582 0.00463542 -0.0013161 0.0154918 0.00205805
internal_weight=350222 323803 26419 299568 10658 288910 87290 201620 69596 12185 8427 57411 731 19295 2434 1335 16861 659 2789 2402 1130 15731 4732 10999 56680 44804 2496 11876 366 3032
internal_count=350222 323803 26419 299568 10658 288910 87290 201620 69596 12185 8427 57411 731 19295 2434 1335 16861 659 2789 2402 1130 15731 4732 10999 56680 44804 2496 11876 366 3032
is_linear=0
shrinkage=0.05


Tree=26
num_leaves=31
num_cat=0
split_feature=4 11 11 10 10 13 3 2 6 11 13 11 10 10 10 14 11 5 14 10 4 10 10 10 13 13 11 14 14 10
split_gain=19.7266 9.8252 15.3847 23.8546 15.5223 14.1752 9.49316 9.36943 9.09225 8.0353 8.29336 9.32808 12.0441 12.8293 21.0739 20.3319 11.5837 11.4785 9.07772 8.22127 7.9499 8.71728 15.6205 24.8344 19.113 21.2502 14.5862 12.252 52.3725 9.15005
threshold=0.033629684377020137 0.048884011617049812 0.040036365268930958 0.018351257101428379 0.005458267137836704 14.920000076293947 0.0018051123378842739 0.056754311579718449 1.4938902586929952 0.06367032576841726 39.645000457763679 -0.014879345686955035 0.0027897371119552932 -0.0070887140310786348 -0.0045512787110520972 0.10035719925481736 -0.023324980459216712 0.032224789863613303 0.064380578257103652 0.025167554477566693 0.017037558624412235 0.014781364643582819 0.0089823592217616061 0.010253967482983352 16.035000801086429 15.574999809265138 0.034590351886677258 -0.067583665573298909 -0.071225645536492452 0.012389128788806604
decision_type=2 2 2 2 2 2 2 2 2 2 2 2 2 2 2 2 2 2 2 2 2 2 2 2 2 2 2 2 2 2
left_child=1 2 8 4 5 -4 -5 -7 20 10 11 12 13 -2 15 18 -14 -18 -15 -19 -1 22 -22 24 25 -24 27 28 29 -25
right_child=9 -3 3 6 -6 7 -8 -9 -10 -11 -12 -13 16 14 -16 -17 17 19 -20 -21 21 -23 23 26 -26 -27 -28 -29 -30 -31
leaf_value=-2.6820929343982806e-05 0.00010073079799832631 -0.00015295512894920611 -8.713416798559414e-05 8.412395284376062e-05 -8.0317770693931359e-05 0.00023988068878372671 0.00047712736473593063 6.2685705071624471e-05 2.4664036546477263e-05 -0.00021032139163974998 -0.00036981846008138098 4.0826148720746735e-05 -0.00050103968617552298 0.0004951789554599582 0.0001788197882649994 -0.00042141140612034813 1.1196039272761115e-05 0.00027380385457018104 0.0013562826573499695 0.0011181134693346194 -1.4619444444324007e-05 -8.1025041392919045e-05 0.00012782942134004904 -3.8568418223719952e-05 3.0664489286490105e-05 0.00035155072861740372 0.00045805804508586463 -7.6394827803715333e-05 0.0011341384223627782 0.00011006538471857586
leaf_weight=54832 5511 2467 700 99 2033 1300 246 730 27901 1054 1133 45706 1358 684 1927 188 1297 192 215 139 172850 7091 3136 4736 3465 576 196 6927 517 1037
leaf_count=54832 5511 2467 700 99 2033 1300 246 730 27901 1054 1133 45706 1358 684 1927 188 1297 192 215 139 172850 7091 3136 4736 3465 576 196 6927 517 1037
internal_value=-0.000127812 -0.000297399 -0.00027052 0.0024491 0.0015295 0.00399267 0.0151449 0.00610837 -0.000319562 0.000702477 0.000780633 0.000864515 0.00213665 0.00309384 0.00571665 0.0112833 -0.000596116 0.00224816 0.0144105 0.0105589 -0.000413197 -0.000267316 -0.000204199 0.00109762 0.00347151 0.00596444 -0.000172595 -0.000373384 0.00122416 -0.000141176
internal_weight=350243 290839 288372 5108 4763 2730 345 2030 283264 59404 58350 57217 11511 8525 3014 1087 2986 1628 899 331 255363 200531 193440 20590 7177 3712 13413 13217 6290 5773
internal_count=350243 290839 288372 5108 4763 2730 345 2030 283264 59404 58350 57217 11511 8525 3014 1087 2986 1628 899 331 255363 200531 193440 20590 7177 3712 13413 13217 6290 5773
is_linear=0
shrinkage=0.05


Tree=27
num_leaves=31
num_cat=0
split_feature=4 6 11 13 14 13 15 11 13 13 11 15 10 12 14 11 9 10 11 5 10 10 11 3 12 12 10 9 2 13
split_gain=16.7394 8.98101 9.22379 10.0835 8.5213 17.0708 9.961 7.55143 7.53245 11.0598 24.9495 15.5306 11.6047 14.8781 14.1845 19.0992 11.4358 9.68088 9.15994 8.42451 7.50021 16.7766 46.7671 9.86785 9.16089 16.5789 14.4344 11.7592 7.30941 7.3051
threshold=0.02973477148381997 0.14953782800147805 0.025734816417073651 12.454999923706056 -0.069744182185856193 18.105000495910648 0.0071868626833789815 0.06367032576841726 39.645000457763679 25.505000114440922 0.041951569626952907 0.0080044978533597728 0.0014013952122059472 -0.071455492513037885 0.17907813454888047 -0.021144152868659557 -0.18179957614430722 -0.023232584216571036 -0.043674056524097109 0.038206788351331566 -0.00086144258818465758 -0.0010411118176035237 0.010209219146038452 -0.0025867867004929486 0.076917782234408386 0.068159517790255988 -0.0013492854674017616 0.040028142050771105 0.053101962759511186 16.510000228881839
decision_type=2 2 2 2 2 2 2 2 2 2 2 2 2 2 2 2 10 2 2 2 2 2 2 2 2 2 2 10 2 2
left_child=1 20 -3 -4 5 6 -5 8 9 17 12 -12 14 19 15 18 -17 -2 -11 -14 21 24 -23 -24 25 29 -27 28 -28 -1
right_child=7 2 3 4 -6 -7 -8 -9 -10 10 11 -13 13 -15 -16 16 -18 -19 -20 -21 -22 22 23 -25 -26 26 27 -29 -30 -31
leaf_value=-2.8333490476299598e-05 0.00093101110875347273 -3.3725148221182501e-06 0.00039871505393773851 4.5472841992362566e-05 3.0129999651700971e-05 -9.3615279425132478e-05 0.00036613621467388282 -0.00019965812288486311 -0.00031465107311196808 0.00045974207715289742 0.0020650808902138271 0.00017383617727046368 0.00018010192452025181 -0.0002863399179916948 -0.00014066907345488733 0.00017670778176090776 0.00059810867518979142 2.6763192052525092e-05 6.6960158533399254e-05 0.001481804573744943 -2.6434178880525042e-05 -6.7540535484579943e-05 0.00088704405464671253 0.00040849349598530709 -0.0001764495877606946 6.9475123716547188e-05 0.0014872118908916968 0.00071959012924750873 0.0017611858155736661 1.1049536863033078e-05
leaf_weight=26070 116 81170 288 164 7651 379 387 1193 1325 354 182 413 341 2074 953 290 397 76959 2465 71 111376 456 132 128 1938 528 64 80 81 32394
leaf_count=26070 116 81170 288 164 7651 379 387 1193 1325 354 182 413 341 2074 953 290 397 76959 2465 71 111376 456 132 128 1938 528 64 80 81 32394
internal_value=-0.000141246 -0.00034005 6.50262e-05 0.00159601 0.00128714 0.00580645 0.0114247 0.000459469 0.000514311 0.000572888 0.00240053 0.0122269 0.00155867 -0.0011786 0.00308477 0.00455505 0.0120306 0.000394095 0.00273324 0.0075 -0.000550573 -0.00010918 0.0075 0.0244231 -0.000198268 -8.75605e-05 0.0072842 0.0178889 0.0263793 -0.000182507
internal_weight=350419 263286 90039 8869 8581 930 551 87133 85940 84615 7540 595 6945 2486 4459 3506 687 77075 2819 412 173247 61871 716 260 61155 59217 753 225 145 58464
internal_count=350419 263286 90039 8869 8581 930 551 87133 85940 84615 7540 595 6945 2486 4459 3506 687 77075 2819 412 173247 61871 716 260 61155 59217 753 225 145 58464
is_linear=0
shrinkage=0.05


Tree=28
num_leaves=31
num_cat=0
split_feature=4 5 6 13 11 10 11 10 10 10 10 1 16 10 10 10 11 12 7 10 10 11 10 12 12 13 10 12 12 10
split_gain=17.1978 8.75005 8.08543 6.27555 6.2081 14.7352 12.376 27.2005 29.0714 14.7162 21.205 11.7207 10.2963 8.47779 15.5569 15.09 15.1376 16.6038 19.5216 12.9663 23.5887 16.3829 20.7378 19.5135 22.1581 29.5791 33.6157 37.8509 22.5516 71.4575
threshold=0.020898707528253034 0.032224789863613303 1.6418991513110299 12.119999885559084 0.048884011617049812 0.012115344776235994 0.041951569626952907 0.0012069749261046649 0.018351257101428379 0.0048530562532616015 0.0030905766742578282 0.013881473571809912 0.032664015104769024 0.014781364643582819 0.0079905990747169992 0.010253967482983352 0.016844251462774577 -0.028936364214252715 -0.031846429179595508 0.0025358686375718258 0.0024569691854735569 -0.017414661379055837 0.0012830359695055196 -0.0018734111574215115 0.0098181049461038023 20.375000000000004 -0.0018375943073612453 0.075051001770625306 0.0094949171636059555 0.0018426326691356467
decision_type=2 2 2 2 2 2 2 2 2 2 2 2 2 2 2 2 2 2 2 2 2 2 2 2 2 2 2 2 2 2
left_child=3 2 4 -1 6 -6 13 11 9 10 -9 -8 -12 14 19 16 -16 18 -18 20 21 22 -2 -23 28 -26 -27 -28 -25 -30
right_child=1 -3 -4 -5 5 -7 7 8 -10 -11 12 -13 -14 -15 15 -17 17 -19 -20 -21 -22 23 -24 24 25 26 27 -29 29 -31
leaf_value=-0.0001114530316983635 4.8228016137217749e-05 0.00016827998942991882 7.4592334150068204e-05 -1.6349999304126582e-05 -0.00020911398956991768 0.00012025494895774962 0.00074548678193341121 -5.1821785252687917e-05 0.00058896876323481047 -0.00012199658720651619 0.00010642262393434159 0.0012875977874263547 0.00049282145876073801 -8.1550280853570547e-05 5.8761463291434027e-05 2.5579581281640318e-07 0.00091932651016838555 0.00019093222123191399 0.00016318054373894004 -4.4489331342182729e-05 0.00040734519583759417 -8.688047549711592e-05 0.00048833498144040669 7.716263553125027e-05 -2.3308638872996485e-05 2.3015634707337102e-05 0.00012181628477773401 0.0021316933630923505 0.0011998851172747875 -3.0783768551681484e-05
leaf_weight=1944 20444 11027 18064 136050 2591 606 127 873 258 1724 196 209 411 8043 7300 11574 144 3288 199 40767 674 19493 487 8696 52053 1563 647 339 278 440
leaf_count=1944 20444 11027 18064 136050 2591 606 127 873 258 1724 196 209 411 8043 7300 11574 144 3288 199 40767 674 19493 487 8696 52053 1563 647 339 278 440
internal_value=-0.000124235 0.000157988 8.29318e-05 -0.000558866 -1.64658e-05 -0.0022005 2.22763e-05 0.00284623 0.00152802 0.000227839 0.00388513 0.0164286 0.0110626 -3.85153e-05 3.72347e-05 0.00126083 0.00259308 0.00523134 0.0156997 -0.000151529 0.000142035 8.1864e-05 0.00133271 -0.000231653 0.000190108 -0.000196148 0.00506277 0.0122921 0.00243042 0.0109471
internal_weight=350509 212515 201488 137994 183424 3197 180227 3798 3462 3204 1480 336 607 176429 168386 22505 10931 3631 343 145881 105114 104440 20931 83509 64016 54602 2549 986 9414 718
internal_count=350509 212515 201488 137994 183424 3197 180227 3798 3462 3204 1480 336 607 176429 168386 22505 10931 3631 343 145881 105114 104440 20931 83509 64016 54602 2549 986 9414 718
is_linear=0
shrinkage=0.05


Tree=29
num_leaves=31
num_cat=0
split_feature=4 11 11 14 14 3 8 14 14 16 13 13 11 11 11 11 13 13 11 9 5 11 11 16 3 14 11 11 3 3
split_gain=16.816 8.38427 14.2342 17.8842 13.4738 11.1232 8.73472 10.6246 10.8881 10.6612 8.49201 12.605 20.6019 20.077 43.9945 17.3144 14.0715 22.2054 31.2069 14.8512 11.2191 27.9044 14.9174 10.7593 9.9622 13.5546 14.4739 11.8026 9.90021 8.8862
threshold=0.033148602315754158 -0.022075867554235681 -0.022310337551763478 0.073559273058729127 -0.015155298785694047 0.0072109394736219476 0.35683811112781377 -0.043319952397522503 -0.048319541899194234 0.034032103810394794 19.814999580383304 20.980000495910648 -0.016546534070698334 -0.010094445389361271 -0.0081164362823131202 -0.0095678810617049175 21.704999923706058 21.954999923706058 -0.0044146840191625061 0.040028142050771105 0.026637601211348144 0.022655282977909755 0.011893389605222461 -0.030461085192611256 -0.0017678087726730183 0.15522193331306103 0.0044457206101340416 0.0069819614538719774 -0.0091737381256677391 0.0055607435426087157
decision_type=2 2 2 2 2 2 8 2 2 2 2 2 2 2 2 2 2 2 2 8 2 2 2 2 2 2 2 2 2 2
left_child=1 2 4 5 -1 -4 10 8 9 -8 29 12 23 -14 15 -15 -13 18 -18 -20 -19 22 -22 -12 25 26 -16 -28 -27 -3
right_child=-2 6 3 -5 -6 -7 7 -9 -10 -11 11 16 13 14 24 -17 17 20 19 -21 21 -23 -24 -25 -26 28 27 -29 -30 -31
leaf_value=-6.1344453432466325e-05 4.5520132905407658e-05 -1.971586656812563e-05 0.00036815003750580166 4.8452899844922645e-05 3.9665059955359756e-05 0.00097571653480041951 -0.00010948109893247107 -0.00018300381762347844 0.00019292928970467 0.00035087084854136768 0.00067771655413439817 -0.00014686056000457688 -9.6588831575077343e-05 7.4743995655181917e-05 -9.6111171703808346e-05 0.00065815878834713242 -2.4758908555497379e-05 -3.3290958539403065e-05 0.0016435189544733591 0.00020223862380537821 4.074476851855379e-05 -0.00043180613285691857 0.00046377471972768481 0.00025967005064924168 -1.2728751216614453e-05 0.00034080469380012965 0.00032706224082063783 7.7661861197245665e-05 0.0001005398583437399 1.0849486066697624e-05
leaf_weight=6606 62184 190195 299 644 15301 85 1292 5566 364 122 59 3638 2804 356 1305 1045 657 10636 204 370 78 277 162 295 4416 177 216 775 144 40483
leaf_count=6606 62184 190195 299 644 15301 85 1292 5566 364 122 59 3638 2804 356 1305 1045 657 10636 204 370 78 277 162 295 4416 177 216 775 144 40483
internal_value=-0.000125374 -0.000286083 0.00063113 0.00638132 0.000361299 0.0149219 -0.000365275 -0.00206563 0.00129921 -0.000685998 -0.000316929 0.000511696 0.0017676 0.00139349 0.00261205 0.0107031 -0.000396955 0.000406168 0.00677904 0.0152962 -0.000297231 0.00689555 0.019375 0.0136441 0.00100028 0.00344478 0.0020993 0.00665489 0.0130685 -0.000416122
internal_weight=350755 288571 22935 1028 21907 384 265636 7344 1778 1414 258292 27614 11592 11238 8434 1401 16022 12384 1231 574 11153 517 240 354 7033 2617 2296 991 321 230678
internal_count=350755 288571 22935 1028 21907 384 265636 7344 1778 1414 258292 27614 11592 11238 8434 1401 16022 12384 1231 574 11153 517 240 354 7033 2617 2296 991 321 230678
is_linear=0
shrinkage=0.05


Tree=30
num_leaves=31
num_cat=0
split_feature=4 9 13 13 12 13 13 11 8 13 16 16 3 13 13 11 11 15 16 12 12 9 3 9 8 11 15 11 16 12
split_gain=13.8622 9.47514 8.12003 9.79401 20.0003 13.0556 12.0906 24.8584 12.1522 12.0128 11.9513 10.2451 9.87396 9.18145 12.4817 26.3814 36.0908 11.8802 11.5803 9.98958 24.3698 19.253 15.1417 9.69682 7.70786 7.61239 14.754 7.13667 7.27866 19.2407
threshold=0.020898707528253034 0.29157089752805759 39.645000457763679 30.345000267028812 -0.05023266322533259 28.970000267028812 25.505000114440922 0.041951569626952907 inf 18.214999198913578 -0.018092597962280518 0.030389299598609146 -0.0036966803395414578 24.779999732971195 24.385000228881839 0.021459813769517781 0.035212880845506785 0.020367744676576319 0.010307580368524418 -0.062212446145613214 -0.057938720016513449 0.15154561313423778 -0.0059816531147490184 0.064903828449592652 -0.16897875250616409 -0.021144152868659557 -0.0088677710438680429 0.048884011617049812 -0.064833236672570502 -0.0063801320517133378
decision_type=2 10 2 2 2 2 2 2 8 2 2 2 2 2 2 2 2 2 2 2 2 8 2 8 10 2 2 2 2 2
left_child=-1 2 3 5 -5 6 8 10 13 11 24 -10 -9 14 19 -16 18 -15 -17 -2 21 22 -21 -19 -8 -26 -27 28 29 -22
right_child=1 -3 -4 4 -6 -7 7 12 9 -11 -12 -13 -14 17 15 16 -18 23 -20 20 27 -23 -24 -25 25 26 -28 -29 -30 -31
leaf_value=-1.6683395568205293e-05 -0.00015114905975817481 9.8253161721138891e-05 -0.00036221439376921713 0.00014311656153299872 -0.00021904129471825401 -0.00075199139892640973 0.00042107170815557657 0.0014011530391984425 8.3395656404789353e-05 -0.00014113925381986026 -5.2233037492183294e-05 0.00062452982474421289 0.00048046892848186968 -0.00020217491788511728 -1.2290292775794213e-05 0.00031739336463955511 7.7181823707448406e-05 0.0001852898572826986 0.00053203469824710913 0.00067082162388569044 0.00016927743614799905 -2.0123646696312314e-06 7.8664646921262806e-05 0.00039599399982613711 3.4904642252103113e-05 0.00054147647502855777 5.4434122400100337e-05 -0.00016743682208532481 3.3842734565281892e-06 0.0015713168526173744
leaf_weight=137509 2638 15502 1680 2807 850 1513 539 187 346 8099 2746 129 145 2981 1389 131 410 178 258 224 346 262 115 43 1981 294 534 2296 163831 68
leaf_count=137509 2638 15502 1680 2807 850 1513 539 187 346 8099 2746 129 145 2981 1389 131 410 178 258 224 346 262 115 43 1981 294 534 2296 163831 68
internal_value=-0.000150574 0.000102529 8.88115e-06 3.86494e-05 0.00260186 -1.02525e-05 2.6554e-05 0.00215842 -4.80028e-05 -0.00188594 0.00143256 0.0058421 0.0154819 4.1958e-05 9.1353e-05 0.00384369 0.0110826 -0.00261087 0.0219923 4.29956e-05 9.11788e-05 0.0101414 0.0180088 0.00857466 0.00343787 0.00238697 0.00641304 5.49102e-05 9.3609e-05 0.00671497
internal_weight=350031 212522 197020 195340 3657 191683 190170 6426 183744 8574 6094 475 332 175170 171968 2188 799 3202 389 169780 167142 601 339 221 3348 2809 828 166541 164245 414
internal_count=350031 212522 197020 195340 3657 191683 190170 6426 183744 8574 6094 475 332 175170 171968 2188 799 3202 389 169780 167142 601 339 221 3348 2809 828 166541 164245 414
is_linear=0
shrinkage=0.05


Tree=31
num_leaves=31
num_cat=0
split_feature=4 10 10 13 3 10 10 12 14 14 14 9 13 9 12 12 10 9 10 14 10 12 13 14 10 10 10 14 9 14
split_gain=13.3805 9.28846 19.0417 72.1228 15.4519 10.2575 17.6068 14.7235 20.0632 19.4721 16.5384 17.5364 14.6133 12.1315 10.1965 23.9714 30.4838 13.6091 9.87602 26.6886 13.1731 17.8649 13.5162 17.7191 34.9202 16.9498 11.0303 20.2169 10.2261 10.1723
threshold=0.037223600382414616 -0.00086144258818465758 -0.0010411118176035237 16.035000801086429 -0.00015704750783923635 0.00090086264031330476 0.001595000535659419 -0.025750779649927887 -0.051673805703282331 -0.0052640766517011986 -0.0020187599820463693 0.049173354377934138 25.505000114440922 0.24924254688902972 0.076917782234408386 0.068159517790255988 -0.0013492854674017616 -0.0087059360798490953 0.0042053175774743332 -0.086337752297859935 0.0025358686375718258 0.05798381035079659 15.375000000000002 -0.0028149085248330703 0.0039191620511181977 0.0029098979699793141 0.0023194447184855531 0.0080830591469587282 0.11644760224794716 -0.042495657697534488
decision_type=2 2 2 2 2 2 2 2 2 2 2 10 2 8 2 2 2 10 2 2 2 2 2 2 2 2 2 2 10 2
left_child=1 2 14 4 -4 12 7 -7 13 -10 11 -11 -3 -9 15 -1 -17 -18 19 -8 21 26 23 29 25 -25 -21 -28 -26 -22
right_child=-2 5 3 -5 -6 6 18 8 9 10 -12 -13 -14 -15 -16 16 17 -19 -20 20 22 -23 -24 24 28 -27 27 -29 -30 -31
leaf_value=1.026488740466704e-06 5.3505090857990785e-05 -5.2758404191367949e-05 0.00089139589377864681 -6.1759790848213593e-05 0.00026719975828597939 0.00027957295732059591 0.0002517133372307001 5.6020689704319511e-05 -6.4592102697316913e-05 -3.4976160454272162e-05 4.9095944769653762e-05 0.00058778590804981249 0.00071101591372554006 0.00030190845153986364 -0.00015103243289605586 6.0743007230906667e-05 0.0019848771605317289 0.00085992558669676375 -7.2943341395766635e-06 -5.2217891378323385e-05 9.6367473521364474e-05 0.00017111949931079498 -0.00016705832133423671 9.9544179448512169e-05 0.00022022158505571166 -0.00011505557515426983 -1.3216172936114302e-05 0.00031395627142023834 8.8101357143821528e-06 -0.0001022880836890964
leaf_weight=110946 42866 35152 277 792 97 865 706 380 5498 154 6317 233 336 444 3568 1036 184 173 99686 11817 793 1353 13523 825 629 1983 2719 821 176 6346
leaf_count=110946 42866 35152 277 792 97 865 706 380 5498 154 6317 233 336 444 3568 1036 184 173 99686 11817 793 1353 13523 825 629 1983 2719 821 176 6346
internal_value=-0.000143645 -0.000258895 9.16937e-05 0.0064494 0.0245455 -0.000474062 -0.000298775 0.00139983 0.000980346 0.000470413 0.00227924 0.0123127 -0.00124098 0.00853155 2.77366e-05 0.000111314 0.00662958 0.0192297 -0.000465671 -0.00111187 -0.00127791 -0.000197488 -0.00202163 -0.000698476 0.00215472 -0.000477209 -0.000682752 0.00176554 0.0113354 -0.00214246
internal_weight=350695 307829 117073 1166 374 190756 155268 13891 13026 12202 6704 387 35488 824 115907 112339 1393 357 141377 41691 40985 16710 24275 10752 3613 2808 15357 3540 805 7139
internal_count=350695 307829 117073 1166 374 190756 155268 13891 13026 12202 6704 387 35488 824 115907 112339 1393 357 141377 41691 40985 16710 24275 10752 3613 2808 15357 3540 805 7139
is_linear=0
shrinkage=0.05


Tree=32
num_leaves=31
num_cat=0
split_feature=4 6 8 11 3 13 12 11 11 12 11 12 11 11 11 13 11 16 3 11 15 9 2 13 12 12 16 10 10 13
split_gain=12.3938 10.1096 9.07603 8.59614 8.3273 8.38839 33.3633 16.685 25.4068 16.05 14.3224 14.3524 11.962 26.8299 11.521 11.4879 18.5028 9.2539 8.8072 10.609 10.877 8.45236 8.40404 8.3152 8.15154 8.13616 7.36268 6.65128 11.2808 11.484
threshold=0.039277127422557206 1.6418991513110299 inf 0.048884011617049812 0.0037813005709480545 19.814999580383304 -0.0063801320517133378 0.021459813769517781 0.021590263312926242 -0.0060576129661007996 -0.024572906939621272 0.040854121966551922 -0.0088251429249220897 -0.007881044782755085 -0.022310337551763478 21.82499980926514 0.0079486144040776825 -0.030461085192611256 -0.0076799560514821943 -0.0019709862585252642 -0.011085317348080824 0.018037653713577576 0.06348951710405272 21.704999923706058 0.12832311621465078 -0.052281388412141021 -0.013650314333673695 -0.012001982718326086 -0.017312021268647334 21.755000114440922
decision_type=2 2 8 2 2 2 2 2 2 2 2 2 2 2 2 2 2 2 2 2 2 10 2 2 2 2 2 2 2 2
left_child=1 2 3 4 5 -1 7 14 -9 17 26 12 -12 -14 23 -13 21 -8 19 20 -15 22 -17 -7 -6 -4 -11 28 -25 -30
right_child=-2 -3 25 -5 24 6 9 8 -10 10 11 15 13 18 -16 16 -18 -19 -20 -21 -22 -23 -24 27 -26 -27 -28 -29 29 -31
leaf_value=-1.9396735455413741e-05 6.1899086967255823e-05 3.3635852027153094e-05 0.00021790077457597059 -0.00013074910432236622 7.2311250936709614e-06 8.8109650821600286e-05 0.00062905092784818514 0.00038243834749240521 8.4406708688781248e-05 0.00019806520514549332 1.072644895742016e-05 -0.00016254992687544532 0.00088347290532143268 0.00051016092036649369 -0.00016037957299198726 0.0013235875296109514 -2.8351793629055509e-05 0.00020707169632191145 4.9408272311301138e-05 7.9955532685894746e-05 0.000318085042819745 0.00047250767736938394 0.0014245633472411757 -8.3164699874844065e-05 0.00024003130172728165 -9.8048789977160896e-05 7.5232797925179855e-05 -0.00011839472544256968 -0.00036058598102706581 0.00016305342123211725
leaf_weight=170032 35978 27049 287 2884 72353 1617 53 243 1540 658 3331 2154 618 115 9016 78 916 245 3393 490 174 101 66 1526 121 9806 297 4044 285 1131
leaf_count=170032 35978 27049 287 2884 72353 1617 53 243 1540 658 3331 2154 618 115 9016 78 916 245 3393 490 174 101 66 1526 121 9806 297 4044 285 1131
internal_value=-0.00013949 -0.000240019 -0.000326943 -0.000273371 -0.000244851 -0.000409727 0.000331712 -0.000972066 0.00363713 0.00232524 0.00204947 0.00155824 0.00268994 0.00429019 -0.00143851 -0.00121418 0.002795 0.0137919 0.00284995 0.00764441 0.0152422 0.015 0.0227778 -0.000129607 0.000214972 -0.00179976 0.00793194 -0.00087747 0.000931338 0.00414548
internal_weight=350601 314623 287574 277481 274597 202123 32091 19402 1783 12689 12391 11436 8121 4790 17619 3315 1161 298 4172 779 289 245 144 8603 72474 10093 955 6986 2942 1416
internal_count=350601 314623 287574 277481 274597 202123 32091 19402 1783 12689 12391 11436 8121 4790 17619 3315 1161 298 4172 779 289 245 144 8603 72474 10093 955 6986 2942 1416
is_linear=0
shrinkage=0.05


Tree=33
num_leaves=31
num_cat=0
split_feature=4 11 11 14 9 10 10 10 10 11 10 11 12 12 14 14 12 10 10 11 5 10 12 12 14 10 3 11 12 14
split_gain=10.9909 9.45071 9.68919 26.2413 17.8376 15.6689 10.2665 16.1328 21.5657 23.6132 31.2944 17.308 17.5624 23.3092 28.0244 32.3455 20.4279 15.7435 20.4573 77.3463 17.8982 20.9726 14.9624 31.0888 16.3749 14.1279 13.5048 12.1402 21.9329 12.715
threshold=0.043796078201487294 0.048884011617049812 0.040036365268930958 -0.066405515647089006 -0.059400791100950971 0.0012069749261046649 0.014781364643582819 0.0089823592217616061 0.010253967482983352 0.021590263312926242 0.0094914644349142225 0.034590351886677258 0.018619754580543216 -0.026522918814270154 -0.10344834121785244 -0.062752290881895975 0.015760978706321874 -0.00086144258818465758 -0.0010411118176035237 0.010209219146038452 0.030577747455449247 0.0069471128667133461 0.093566574594688881 0.098377670607583859 -0.031180558164108082 0.012389128788806604 -0.00015704750783923635 -0.023324980459216712 0.0011335469917099774 0.0091478412114857095
decision_type=2 2 2 2 8 2 2 2 2 2 2 2 2 2 2 2 2 2 2 2 2 2 2 2 2 2 2 2 2 2
left_child=1 2 6 4 -4 -5 7 17 9 -9 -11 12 13 -10 -15 25 -17 18 27 -20 22 -22 -19 -24 -25 -16 -21 28 -1 -29
right_child=-2 -3 3 5 -6 -7 -8 8 11 10 -12 -13 -14 14 15 16 -18 20 19 26 21 -23 23 24 -26 -27 -28 29 -30 -31
leaf_value=2.5207084568484652e-05 7.8178894235782735e-05 -0.0001238978661345884 0.0007292635147824961 0.00078336970064313543 0.00023773827759345913 -6.2264539301575456e-06 -6.8080995173765469e-05 5.0471222128433226e-05 -0.00015815413593185039 1.7550717923533837e-05 0.00031440853957837175 0.00039591643825445043 -7.6641197408260257e-05 -5.6980774063642109e-05 0.0010421992013194248 -9.5332769669147722e-06 0.00020022440331307013 -2.7965903915423069e-05 -7.5638965290730388e-05 0.0010113628037102633 9.3559588688273858e-05 0.00053464911258593384 0.00038124411035233598 0.0001575888380162462 -0.00016424163217199946 0.00016090327822301711 0.00032060800933263856 2.7340230985103609e-05 0.00018179114720471567 -1.993178483134395e-05
leaf_weight=16096 24817 3413 189 377 560 4948 11094 8669 2726 1194 1585 411 10005 2745 817 2440 787 145193 815 302 436 183 1141 703 1548 813 102 28706 2026 75714
leaf_count=16096 24817 3413 189 377 560 4948 11094 8669 2726 1194 1585 411 10005 2745 817 2440 787 145193 815 302 436 183 1141 703 1548 813 102 28706 2026 75714
internal_value=-0.000137284 -0.00021456 -0.000186847 0.00179124 0.0105541 0.000558684 -0.000224838 -0.00017052 0.000888108 0.00263015 0.00664088 -7.32754e-05 -0.000278612 0.0011677 0.00259011 0.00487235 0.00197242 -0.000295369 0.000121564 0.00656686 -0.000641204 0.00784329 -0.00067655 0.00260613 -0.000801867 0.0106135 0.0244554 5.74485e-05 0.00125207 -0.000149877
internal_weight=350555 325738 322325 6074 749 5325 316251 305157 32192 11448 2779 20744 20333 10328 7602 4857 3227 272965 123761 1219 149204 619 148585 3392 2251 1630 404 122542 18122 104420
internal_count=350555 325738 322325 6074 749 5325 316251 305157 32192 11448 2779 20744 20333 10328 7602 4857 3227 272965 123761 1219 149204 619 148585 3392 2251 1630 404 122542 18122 104420
is_linear=0
shrinkage=0.05


Tree=34
num_leaves=31
num_cat=0
split_feature=6 16 10 10 14 10 12 10 13 8 5 13 16 12 12 12 10 14 14 14 13 12 10 14 14 12 13 12 10 10
split_gain=11.2892 9.67677 9.50871 25.8389 15.0776 9.93636 24.0636 11.2751 9.30072 8.97507 8.27463 7.93614 12.6153 7.63789 7.33044 20.736 11.0503 9.34973 7.38437 19.0635 31.1836 13.6124 26.5946 18.5763 15.2547 19.9837 29.0854 13.9074 17.6738 48.6121
threshold=1.6418991513110299 -0.032245971091500007 -0.0075899175326858406 -0.0066318255554698715 0.094478150147642728 0.0017576081132453238 -0.080083523859072289 0.00097855070405028521 12.119999885559084 inf 0.025795824147858987 18.105000495910648 0.034032103810394794 0.047987271387941018 0.098377670607583859 0.093566574594688881 0.0099380619751324745 -0.033161933899028544 0.033407835612495503 0.035381364185180238 18.214999198913578 0.029587850258833818 -0.0036396197641281876 0.083482873400912663 0.14679152351577887 0.03728924944291568 18.444999694824222 0.026646487764570907 -0.0010411118176035237 -0.00036102601396903461
decision_type=2 2 2 2 2 2 2 2 2 8 2 2 2 2 2 2 2 2 2 2 2 2 2 2 2 2 2 2 2 2
left_child=1 2 -1 4 -4 7 -7 -5 -3 10 14 12 -11 -6 15 18 -17 -16 -10 20 -20 27 24 -24 25 -23 -27 28 -21 -30
right_child=-2 8 3 5 13 6 -8 -9 9 11 -12 -13 -14 -15 17 16 -18 -19 19 21 -22 22 23 -25 -26 26 -28 -29 29 -31
leaf_value=-2.2375049077777661e-05 4.0888686215267327e-05 -0.0001159676482020835 0.00014574752234612962 7.1027340100235243e-05 0.00073539523424397211 0.0014134294097383868 -5.1707984859772827e-05 0.00036445472940860871 -1.5648416427084682e-05 -3.1963289878190991e-06 6.7784009220471636e-05 -9.5836313976009277e-05 0.00046046418949088821 0.00025824090112992862 6.9084380077895661e-05 0.00032055749447957682 -0.00026797928916376038 -0.00017191882404460172 5.398347092985343e-05 -1.714262415163636e-05 0.00058817199518950553 0.00019177468348819746 -0.00010248935901413763 0.00015527865405829501 -3.6269195165213364e-05 2.2067202727446572e-05 0.00033789506579217352 -0.00013971873292097702 0.00076703453246430733 5.0154447734396272e-05
leaf_weight=7823 30142 3238 642 5632 66 60 4737 417 199040 351 20950 9239 111 211 934 1025 262 3315 1835 37289 383 1833 5157 1191 1393 3812 642 4827 354 3210
leaf_count=7823 30142 3238 642 5632 66 60 4737 417 199040 351 20950 9239 111 211 934 1025 262 3315 1835 37289 383 1833 5157 1191 1393 3812 642 4827 354 3210
internal_value=-0.00013911 -0.00022625 0.00085052 0.00174883 0.00979869 0.00106675 -0.000632688 0.00241445 -0.000296465 -0.000267422 -0.000216942 -0.00176322 0.00463203 0.0195487 -0.000292157 -0.000258778 0.00607226 -0.00235232 -0.000290001 0.000186835 0.0047385 1.77519e-05 0.0013801 -0.00101449 0.00335937 0.0044083 0.00259991 -0.000400614 -0.000100728 0.00326319
internal_weight=350121 319979 19588 11765 919 10846 4797 6049 300391 297153 287452 9701 462 277 266502 262253 1287 4249 260966 61926 2218 59708 14028 6348 7680 6287 4454 45680 40853 3564
internal_count=350121 319979 19588 11765 919 10846 4797 6049 300391 297153 287452 9701 462 277 266502 262253 1287 4249 260966 61926 2218 59708 14028 6348 7680 6287 4454 45680 40853 3564
is_linear=0
shrinkage=0.05


Tree=35
num_leaves=31
num_cat=0
split_feature=9 6 3 11 12 10 11 13 14 13 13 12 12 2 9 4 7 8 12 11 8 11 13 1 13 12 14 12 10 3
split_gain=11.9105 9.41593 9.00215 8.5156 16.7501 13.1134 8.24726 14.993 10.083 26.3769 8.35824 18.0909 27.1649 14.0284 12.892 8.06133 7.6587 7.48175 7.30502 7.13618 7.01355 7.49825 13.8332 6.8707 6.38907 6.31562 7.37022 6.85194 6.21216 6.25132
threshold=0.29157089752805759 0.13734794322617197 0.0054644808743168358 -0.022075867554235681 0.051247552608074794 0.0027897371119552932 0.025734816417073651 12.454999923706056 -0.069744182185856193 18.105000495910648 27.855000495910648 -0.057938720016513449 -0.062212446145613214 -0.07611833366635222 -0.3322203094936505 0.027910559403740324 0.054949524945912438 -0.045124146693646498 -0.067575667738432196 -0.014879345686955035 inf -0.0071058242235014215 20.555000305175785 0.041500004938726416 12.230000019073488 0.075051001770625306 0.065842641676127869 0.060791244945067942 -0.017312021268647334 -0.0082571444042326397
decision_type=10 2 2 2 2 2 2 2 2 2 2 2 2 2 10 2 2 8 2 2 8 2 2 2 2 2 2 2 2 2
left_child=1 2 3 4 5 28 10 16 9 17 11 12 -3 14 -14 -6 -8 -9 -5 -2 24 22 -22 -19 -20 26 27 -10 -1 -30
right_child=19 6 -4 18 15 -7 7 8 25 -11 -12 -13 13 -15 -16 -17 -18 23 20 -21 21 -23 -24 -25 -26 -27 -28 -29 29 -31
leaf_value=-3.5342731453881996e-05 0.00027284445032536956 -5.2528058434654287e-05 1.2803767323663087e-05 -0.00023368469686608649 0.00011335543758936833 -0.00016373469866845655 0.00022102888223931617 0.00055147097245532761 2.8677385491661758e-05 -6.4159312670985112e-05 -0.000171957353744393 9.0886630404101876e-08 -0.00011601947592025388 0.00016406511765944173 0.00063366969120247536 0.00049025271819177249 0.00086893594303770808 0.0001455311956100586 -9.0994789882247449e-05 5.23344728407481e-05 0.00010989999534263165 -0.00022365888111320449 -0.00027350671607635665 0.00061014373872601835 -1.8395637891175593e-05 -0.00010031990426001506 0.00099063861069899686 0.00031360074490406929 0.00017616519624148131 4.1137231740961005e-05
leaf_weight=2574 1584 1025 38721 1603 219 2453 182 131 7923 835 3276 96972 61 704 296 112 111 370 3033 15590 608 4140 543 251 156878 1779 111 273 1428 6843
leaf_count=2574 1584 1025 38721 1603 219 2453 182 131 7923 835 3276 96972 61 704 296 112 111 370 3033 15590 608 4140 543 251 156878 1779 111 273 1428 6843
internal_value=-0.000138167 -0.000204302 -0.000396182 -0.000544632 0.000657054 0.000380507 0.000163603 0.00140565 0.00112525 0.00482987 1.837e-05 0.000100546 0.00470757 0.0103157 0.0183894 0.0117674 0.0125768 0.0116223 -0.000642818 0.00114592 -0.000610224 -0.00240125 0.00116855 0.00933172 -0.000550964 0.000542335 0.00112134 0.000948022 0.00112725 0.00179482
internal_weight=350629 333455 219155 180434 13629 13298 114300 11966 11673 1587 102334 99058 2086 1061 357 331 293 752 166805 17174 165202 5291 1151 621 159911 10086 8307 8196 10845 8271
internal_count=350629 333455 219155 180434 13629 13298 114300 11966 11673 1587 102334 99058 2086 1061 357 331 293 752 166805 17174 165202 5291 1151 621 159911 10086 8307 8196 10845 8271
is_linear=0
shrinkage=0.05


Tree=36
num_leaves=31
num_cat=0
split_feature=5 10 10 9 7 14 14 11 11 13 12 12 11 11 11 10 10 10 15 4 1 15 14 10 14 14 11 14 14 3
split_gain=10.4305 9.26079 28.6406 35.843 17.5495 10.6139 15.0728 12.8232 20.0068 12.5271 11.159 33.4687 21.3985 17.9442 15.3156 13.3219 11.0091 18.6923 10.9934 10.6833 10.5813 10.5556 10.4473 10.0357 31.4434 17.9532 18.7646 13.8115 55.9626 15.9363
threshold=0.025795824147858987 -0.0012723073369418911 -0.0013492854674017616 -0.0056509407748540066 0.016223794835386943 -0.036402596487612009 -0.018046897283232773 0.016486259336756074 0.01717129376399296 25.505000114440922 0.046892666870975715 0.048546370435733628 0.0026615603308526308 0.0036681658206255689 0.031976499172701407 0.0065983934065093628 0.0038620007998169119 0.0098338852151581575 -0.0027854440361132489 0.024956604434201765 0.050599876380622695 -0.0047454276291791766 -0.10344834121785244 0.0042471847238270142 -0.01262073301810107 -0.013346627210452431 0.00053834779161687784 0.041398643260536445 0.042306243871835354 0.0029962467745392467
decision_type=2 2 2 8 2 2 2 2 2 2 2 2 2 2 2 2 2 2 2 2 2 2 2 2 2 2 2 2 2 2
left_child=1 2 -1 4 -4 7 -7 22 19 10 23 13 -13 -12 -14 18 -15 -18 21 -9 -11 -16 -3 27 25 26 -25 -8 -29 -30
right_child=-2 5 3 -5 -6 6 9 8 -10 20 11 12 14 16 15 -17 17 -19 -20 -21 -22 -23 -24 24 -26 -27 -28 28 29 -31
leaf_value=1.9702245856482774e-06 7.7095349442997236e-05 -7.0051983675478173e-05 0.00080181718580473328 0.00011608239674811824 0.0023242281556009174 -6.3768556802873722e-05 -5.4367854257072764e-05 9.3828434204698086e-05 2.4828857536597487e-05 0.00043254661095701156 0.0002585229292862884 0.00015985186982367825 -6.0062013792813864e-05 0.00022730066854990494 0.00022174349520180984 -0.00019656244876558606 -1.8038049374867939e-05 0.00033455356355624119 8.34532228801607e-05 0.00041752870031645079 0.0009314641054693776 0.00071179643726206065 -1.1027814937558949e-06 0.00031419472350784311 -2.1840571330610423e-05 0.00029028147086481923 5.9698031357983257e-05 0.00078035560662595817 -6.6968926975616031e-05 0.00012291505131568222
leaf_weight=117892 26339 11409 186 882 129 33930 42380 870 19093 283 408 1546 12377 805 383 405 2053 829 694 667 70 61 49785 392 16948 402 2404 385 4409 1585
leaf_count=117892 26339 11409 186 882 129 33930 42380 870 19093 283 408 1546 12377 805 383 405 2053 829 694 667 70 61 49785 392 16948 402 2404 385 4409 1585
internal_value=-0.000144158 -0.000222023 0.000128516 0.00782372 0.0223016 -0.000426084 -0.000720129 1.50311e-05 0.00109307 -0.000377679 -0.000415189 0.00063877 -0.000425451 0.00465812 -0.00104526 0.00365198 0.00355709 0.00211311 0.00642355 0.006581 0.00902266 0.0125676 -0.000348401 -0.000714391 0.000224361 0.00477173 0.00335121 -0.00110226 0.00106678 -0.000120121
internal_weight=350001 323662 119089 1197 315 204573 122749 81824 20630 88819 88466 19561 15466 4095 13920 1543 3687 2882 1138 1537 353 444 61194 68905 20146 3198 2796 48759 6379 5994
internal_count=350001 323662 119089 1197 315 204573 122749 81824 20630 88819 88466 19561 15466 4095 13920 1543 3687 2882 1138 1537 353 444 61194 68905 20146 3198 2796 48759 6379 5994
is_linear=0
shrinkage=0.05


Tree=37
num_leaves=31
num_cat=0
split_feature=8 13 13 4 13 7 15 13 11 13 14 12 13 14 14 11 11 14 14 12 12 14 13 14 14 15 3 9 12 12
split_gain=9.59909 14.9684 9.91173 9.25734 9.18143 11.2699 8.49815 6.86399 6.79773 6.7326 18.6507 20.5408 12.5647 11.4921 36.1442 31.1511 17.3387 10.5625 13.9906 11.3111 13.1068 10.2858 8.13671 31.0394 29.8944 11.6876 8.09761 7.37201 6.88357 9.1181
threshold=inf 26.494999885559086 12.119999885559084 0.036502047682165382 18.105000495910648 0.03726378246691809 -0.0085433752464293949 39.645000457763679 0.06367032576841726 13.59500026702881 -0.049859902036150087 0.020012431826022529 14.340000152587892 -1.0000000180025095e-35 0.0091478412114857095 0.017912730954384063 0.019179064165315788 0.0080830591469587282 0.00619378828642947 0.023352386170719889 0.036336502962703417 -0.056925165822572281 13.34500026702881 -0.022343626602261631 -0.0020187599820463693 0.0070749303318334853 0.0021087336721057341 0.01269654654651309 0.048546370435733628 0.046892666870975715
decision_type=8 2 2 2 2 2 2 2 2 2 2 2 2 2 2 2 2 2 2 2 2 2 2 2 2 2 2 8 2 2
left_child=2 4 -1 6 5 -2 -4 8 -5 10 11 27 -11 22 15 17 -16 18 19 -15 -21 -13 -12 -24 25 26 -25 -8 29 -18
right_child=1 -3 3 7 -6 -7 9 -9 -10 12 13 21 -14 14 16 -17 28 -19 -20 20 -22 -23 23 24 -26 -27 -28 -29 -30 -31
leaf_value=-9.8065292822040192e-05 -0.00011044353467901203 0.000312760428060068 1.6873216905882703e-05 6.3140578960632564e-05 -0.00010634270930664117 0.00049340458733075296 1.8057331163791614e-05 -0.00033984666913145932 -0.00020199510352106136 -4.9681940394439038e-05 -4.4100882395308563e-05 -3.1426389146095393e-05 -1.037455956909954e-05 5.4397616877745182e-05 -6.3620882214222185e-05 -8.3716848618428685e-05 3.2776118341539509e-05 0.00032972704072715996 -3.2897939802004095e-05 0.00023139766331143968 0.00016275142197950298 0.00014047222566346813 -8.9654805503462169e-05 0.00010972217501287372 -0.00034177979721234037 0.00042904098040995927 0.00026971765449720903 0.00021701601624499807 -0.0003111414991698145 0.00021172022309865537
leaf_weight=3323 326 420 44915 41949 11288 258 229 988 943 23673 18814 1993 178543 737 8323 1169 1650 720 675 364 1104 1579 2592 617 412 82 438 947 366 1153
leaf_count=3323 326 420 44915 41949 11288 258 229 988 943 23673 18814 1993 178543 737 8323 1169 1650 720 675 364 1104 1579 2592 617 412 82 438 947 366 1153
internal_value=-0.000165864 -0.0015384 -0.000115994 -8.90377e-05 -0.00186658 0.00424657 -0.00019109 0.000587966 0.000682877 -0.000306484 0.000254298 0.00321398 -0.000428404 -0.00010404 0.000912919 0.00457224 -0.00060564 0.006875 0.00552083 0.00744898 0.00998637 0.00132699 -0.00082444 0.00118208 0.00678179 0.0109631 0.00954976 0.00894558 0.00254181 0.00338387
internal_weight=350590 12292 338298 334975 11872 584 291095 43880 42892 246180 43964 4748 202216 39216 16261 4769 11492 3600 2880 2205 1468 3572 22955 4141 1549 1137 1055 1176 3169 2803
internal_count=350590 12292 338298 334975 11872 584 291095 43880 42892 246180 43964 4748 202216 39216 16261 4769 11492 3600 2880 2205 1468 3572 22955 4141 1549 1137 1055 1176 3169 2803
is_linear=0
shrinkage=0.05


Tree=38
num_leaves=31
num_cat=0
split_feature=6 3 13 12 12 2 9 4 13 16 11 13 13 13 10 9 15 7 16 14 13 10 12 11 14 14 14 12 13 12
split_gain=11.6009 8.58571 7.39811 11.7374 19.2283 9.80569 10.1142 7.27102 6.48702 6.29033 5.91592 8.26091 18.7936 5.95794 5.35925 5.39061 5.92484 7.08857 5.34646 5.29864 11.4688 24.5104 11.4586 33.7583 8.88401 8.03398 10.7542 6.92999 7.55145 19.1427
threshold=0.13734794322617197 0.0053617996181101199 27.855000495910648 -0.057938720016513449 -0.062212446145613214 -0.079294701975787127 -0.3322203094936505 0.033148602315754158 12.230000019073488 -0.028262460565091126 0.025734816417073651 16.085000038146976 15.574999809265138 12.454999923706056 9.4862369999448873e-05 0.0015759562885281355 -0.0037916272894476517 0.0076617847842801465 0.0058167730584439701 -0.015586669598789514 24.385000228881839 0.0069471128667133461 0.075051001770625306 0.0051016705998240272 0.012431899030548645 -0.042495657697534488 -0.081825770158787711 -0.080083523859072289 17.195000648498539 -0.0042212897871045643
decision_type=2 2 2 2 2 2 10 2 2 2 2 2 2 2 2 10 2 2 2 2 2 2 2 2 2 2 2 2 2 2
left_child=1 8 3 4 -2 6 -6 10 -1 -8 -5 12 13 -12 15 16 -15 -18 -16 22 -21 24 27 -24 -22 26 -25 -3 29 -29
right_child=2 19 -4 7 5 -7 9 -9 -10 -11 11 -13 -14 14 18 -17 17 -19 -20 20 21 -23 23 25 -26 -27 -28 28 -30 -31
leaf_value=-8.5119922831690604e-05 -3.3540818519039251e-05 0.00049357406159029297 -0.00014456751014377319 -2.2509077049306007e-06 -0.0001445699610801961 0.00017196505773208343 0.00036631286945577337 0.00010352097265428909 -1.6833518585627416e-05 0.00063963611291250233 0.00038478820478238956 -2.2031919555929279e-05 0.00025360860204025082 7.3887865284535123e-05 0.00014757808010878814 -4.0914360413673666e-05 0.00044655101046211615 0.00019643721962389916 -5.7276455098131862e-06 2.5516492030510574e-05 0.00018945327538304017 0.00075098003586243753 0.0023658334225007877 -7.8451546283292214e-05 -1.3910108600039146e-05 -5.6024890455100007e-05 0.00071114961502609928 0.00019672131710873512 -8.1719883685287497e-05 -1.9733909982366104e-05
leaf_weight=3161 1096 332 3434 87303 59 727 92 18326 183352 199 285 4509 606 178 300 202 75 92 3670 17029 707 75 82 106 685 599 154 1625 10669 10775
leaf_count=3161 1096 332 3434 87303 59 727 92 18326 183352 199 285 4509 606 178 300 202 75 92 3670 17029 707 75 82 106 685 599 154 1625 10669 10775
internal_value=-0.00015241 -0.000361478 0.000243369 0.000310102 0.00395076 0.00869545 0.0155714 0.000241634 -0.000508089 0.0193986 6.9429e-05 0.00122668 0.00254438 0.00149729 0.0010549 0.0056947 0.00949275 0.0162575 0.000415616 0.000276856 0.000914791 0.00515678 -0.000207872 0.00520191 0.00365661 0.0022759 0.00961538 -0.00042541 -0.000528633 0.000310483
internal_weight=350504 229351 121153 117719 2173 1077 350 115546 186513 291 97220 9917 5408 4802 4517 547 345 167 3970 42838 18496 1467 24342 941 1392 859 260 23401 23069 12400
internal_count=350504 229351 121153 117719 2173 1077 350 115546 186513 291 97220 9917 5408 4802 4517 547 345 167 3970 42838 18496 1467 24342 941 1392 859 260 23401 23069 12400
is_linear=0
shrinkage=0.05


Tree=39
num_leaves=31
num_cat=0
split_feature=9 10 10 10 9 7 11 12 10 14 12 12 14 14 11 13 14 8 13 14 11 11 5 3 14 9 10 8 8 13
split_gain=9.47536 7.69476 8.46241 29.9502 40.714 18.0745 17.1468 12.8203 11.4373 14.9806 15.4818 29.9434 18.8253 27.2204 26.4807 50.2371 21.2441 15.4852 15.0677 14.7181 28.2492 14.2153 14.1221 13.0577 12.5445 12.2395 12.0001 11.2287 10.9903 10.9461
threshold=0.29157089752805759 -0.029463617054616639 -0.0012723073369418911 -0.0013492854674017616 0.0057604942417897051 0.046158338681096429 -0.023324980459216712 0.018291000443638964 0.0063034299271296232 -0.098691693357393515 0.017540831639925928 0.014344478951051955 -0.054107623009077337 -0.067583665573298909 0.00301412428072434 21.704999923706058 -0.068623004427642229 0.075314497830702556 17.180000305175785 -0.093449770795740669 0.016611712666072868 0.034061321951450181 0.02709357967384356 0.0089326698966732971 -0.071225645536492452 0.2228720857717448 0.0119204706193089 0.016754596131129954 inf 30.345000267028812
decision_type=10 2 2 2 8 2 2 2 2 2 2 2 2 2 2 2 2 8 2 2 2 2 2 2 2 8 2 10 8 2
left_child=1 -1 3 6 5 -5 7 -3 19 -10 11 12 13 16 17 21 18 -14 24 20 -4 25 -17 -13 -11 -16 -18 -28 -8 -20
right_child=-2 2 8 4 -6 -7 28 -9 9 10 -12 23 14 -15 15 22 26 -19 29 -21 -22 -23 -24 -25 -26 -27 27 -29 -30 -31
leaf_value=-0.00030305515305647699 6.8982994043213016e-05 4.5958238343185109e-05 -3.6466965373887945e-05 0.0010606277040230009 0.00010767463753460707 0.0024315218884131706 -3.4859843567871229e-06 0.00017937693609116714 -5.7204646325301842e-05 6.5134242141689746e-05 -7.0860480765709289e-06 0.00011039823392640213 -5.809436150006046e-05 -0.00013819344568363762 0.00019032975119781588 0.00030561089888989486 7.6830396702207252e-05 0.00016670156916541163 -5.4446917869868422e-05 -2.8223381105829129e-05 0.00029313573583623507 -8.5817030158653049e-05 0.00058346749593163176 0.00039649902521297366 0.00048581583119933051 2.0910127395630345e-05 0.001009378715097841 0.0021663985265297052 -0.00014549963995658311 0.00019054919480523665
leaf_weight=1684 17145 17696 1958 259 878 90 97239 1224 14946 2416 35921 1104 3757 6120 1460 974 382 727 4898 129215 1183 1220 300 515 412 1381 222 175 4275 843
leaf_count=1684 17145 17696 1958 259 878 90 97239 1224 14946 2416 35921 1104 3757 6120 1460 974 382 727 4898 129215 1183 1220 300 515 412 1381 222 175 4275 843
internal_value=-0.000144588 -0.000203525 -0.000186414 0.000145444 0.00791768 0.0223639 6.62592e-05 0.0014482 -0.000378554 0.000102669 0.000441131 0.00134803 0.000925969 -0.000160979 0.00263825 0.00501874 0.00153616 -0.000194024 0.00081748 -0.000661324 0.00272047 0.00230116 0.0136813 0.00794009 0.00380481 0.0042397 0.00944159 0.015529 -0.000191305 -0.000654068
internal_weight=350619 333474 331790 121661 1227 349 120434 18920 210129 77773 62827 26906 25287 15468 9819 5335 9348 4484 8569 132356 3141 4061 1274 1619 2828 2841 779 397 101514 5741
internal_count=350619 333474 331790 121661 1227 349 120434 18920 210129 77773 62827 26906 25287 15468 9819 5335 9348 4484 8569 132356 3141 4061 1274 1619 2828 2841 779 397 101514 5741
is_linear=0
shrinkage=0.05


Tree=40
num_leaves=31
num_cat=0
split_feature=9 6 13 11 10 10 11 9 13 12 10 13 13 14 11 11 10 15 13 12 10 12 4 12 13 9 13 10 4 5
split_gain=8.58648 7.81841 7.19327 9.30526 7.23831 25.0478 13.2086 12.255 11.4862 11.6519 11.621 8.15505 31.8551 27.0962 17.3653 16.2829 15.6459 15.5721 12.0097 11.4587 9.56497 14.8655 9.33337 8.49407 10.8937 16.0029 16.17 39.8669 12.2988 8.13599
threshold=0.39085652129479725 0.13734794322617197 30.345000267028812 0.048884011617049812 0.010752578369107592 0.0089823592217616061 0.021590263312926242 -0.3322203094936505 17.204999923706058 -0.0042212897871045643 0.0093014184635529257 16.469999313354496 16.614999771118168 -0.091137781806863202 -0.0062885376888598956 -0.014879345686955035 0.007763291496604042 0.0060611706568081134 15.464999675750734 -0.032606215925707109 -0.0068179967678675948 0.029587850258833818 0.02973477148381997 -0.0023464357994545377 14.744999885559084 0.37123273659743788 14.765000343322756 -0.00036102601396903461 0.027174163639515986 0.012928936197636492
decision_type=10 2 2 2 2 2 2 10 2 2 2 2 2 2 2 2 2 2 2 2 2 2 2 2 2 8 2 2 2 2
left_child=1 2 3 4 5 11 8 29 9 -7 -11 13 14 22 15 -13 -14 -18 20 -20 21 -15 -1 -22 -25 26 27 28 -26 -8
right_child=-2 -3 -4 -5 -6 6 7 -9 -10 10 -12 12 16 18 -16 -17 17 -19 19 -21 23 -23 -24 24 25 -27 -28 -29 -30 -31
leaf_value=0.00012982005443000936 0.00013333948213701407 6.1378828751178671e-06 7.4660423805091491e-05 -0.00015614049579266003 -5.3209321322478016e-05 0.00027111615108908819 3.9503499275085093e-05 9.0410015888406039e-05 -5.0219015350055863e-05 0.00015599335333958949 1.4749514938041271e-05 0.00013110041734353353 -1.4613466027772667e-05 -4.5611982996793834e-05 6.812376785891317e-05 0.00023246865469374691 2.9845262838376538e-05 0.00020174718871746565 0.00012718510663364138 -8.1626564428441872e-05 -0.00012909611147903102 0.0001161716946451074 0.00058067119810731912 -2.9307540054009033e-05 0.00034892800644992304 0.00016378231899960176 -9.1796901869071547e-06 -9.3820367497692033e-05 0.001400875442949018 0.00046447464659219308
leaf_weight=445 8569 117456 2956 2730 17323 729 188 1804 3776 948 3787 607 87732 1962 2647 614 1841 1000 345 20713 2746 1486 207 52822 231 1083 12412 503 109 511
leaf_count=445 8569 117456 2956 2730 17323 729 188 1804 3776 948 3787 607 87732 1962 2647 614 1841 1000 345 20713 2746 1486 207 52822 231 1083 12412 503 109 511
internal_value=-0.000150623 -0.000189824 -0.000362911 -0.000395639 -0.000359404 -0.000274985 0.00196585 0.00518777 0.00109307 0.00255856 0.00165259 -0.000413843 -8.47631e-05 -0.000740765 0.00435884 0.00929156 -0.000274531 0.00337733 -0.000810915 -0.00186343 -0.000508767 0.00206206 0.00941718 -0.000635569 -0.000524123 0.000698144 0.00022067 0.00692171 0.0201471 0.0108083
internal_weight=350282 341713 224257 221301 218571 201248 11743 2503 9240 5464 4735 189505 94441 95064 3868 1221 90573 2841 94412 21058 73354 3448 652 69906 67160 14338 13255 843 340 699
internal_count=350282 341713 224257 221301 218571 201248 11743 2503 9240 5464 4735 189505 94441 95064 3868 1221 90573 2841 94412 21058 73354 3448 652 69906 67160 14338 13255 843 340 699
is_linear=0
shrinkage=0.05


Tree=41
num_leaves=31
num_cat=0
split_feature=9 11 13 16 12 13 11 13 13 15 15 12 3 15 11 11 14 14 4 7 12 3 3 12 12 1 12 13 16 9
split_gain=9.17814 9.19264 6.84022 9.26818 6.95281 10.9538 9.04027 6.22464 6.20026 6.424 11.3611 8.02276 8.68615 5.89335 5.74619 9.11759 35.0268 17.4969 14.1615 11.446 7.86482 7.81417 7.3305 6.76292 13.5097 5.9762 5.42822 5.92262 5.27358 5.06416
threshold=0.22661070027086741 -0.014879345686955035 39.645000457763679 -0.032245971091500007 -0.067575667738432196 27.855000495910648 -0.022075867554235681 12.119999885559084 13.659999847412111 -0.007897315247213153 -0.016150697497571694 0.047987271387941018 -0.01372829076358467 -0.0040128169675992522 0.048884011617049812 0.040036365268930958 -0.066405515647089006 0.021414189458355607 0.030738655479714331 0.057144538866967139 -0.05023266322533259 0.0019867960852069104 -0.0050307365625925074 0.016002648636263554 0.034607863885863684 -0.034315015705848155 -0.024522730965398139 21.755000114440922 0.0082183489777266656 0.10539390876922551
decision_type=10 2 2 2 2 2 2 2 2 2 2 2 2 2 2 2 2 2 2 2 2 2 2 2 2 2 2 2 2 8
left_child=2 -2 3 4 6 8 -1 -5 13 10 -10 -12 -13 -6 15 -9 18 23 21 22 -16 -17 -19 -18 28 -24 27 -11 -25 -20
right_child=1 -3 -4 7 5 -7 -8 14 9 26 11 12 -14 -15 20 16 17 19 29 -21 -22 -23 25 24 -26 -27 -28 -29 -30 -31
leaf_value=0.00010281733189065187 0.00018255114977733155 2.0975812922602899e-05 -0.00035167388713099447 -9.3717987858439199e-05 5.4665197717347769e-05 -0.00073265579707066861 0.0013622480566154995 -1.0158189038877325e-05 2.0451686554244061e-06 0.00013585156667959372 0.00011903154257190635 0.00040001462270121467 0.00015792972792158093 0.00019157851306612932 0.00012054139545881212 5.2389287400237035e-05 -0.00013667627953916706 0.0011429165268125863 0.00081957900698412559 -0.00021686572534269509 -0.00013559489533581303 0.00023817568399393796 0.0002245469468065939 0.00017595562488902677 -0.00010628601168830552 0.00020572666774573418 -5.850458541724362e-05 -4.0892632590575186e-05 0.00010415805280465328 0.00024422059764647443
leaf_weight=1944 2874 27329 1692 2876 371 940 62 285414 5062 1049 3332 70 201 219 425 290 1948 189 185 175 3988 279 40 153 1457 335 4833 1584 897 51
leaf_count=1944 2874 27329 1692 2876 371 940 62 285414 5062 1049 3332 70 201 219 425 290 1948 189 185 175 3988 279 40 153 1457 335 4833 1584 897 51
internal_value=-0.000154941 0.000678243 -0.000233566 -0.000216715 0.000834646 0.000517806 0.00362413 -0.000285938 0.000813048 0.000628912 0.00155511 0.00370108 0.0119742 0.00584746 -0.000263433 -0.000236315 0.00169278 0.000188678 0.0113975 0.00731394 -0.00205416 0.00712654 0.0107801 -0.000993267 0.000723972 0.00673333 -0.000446023 0.00138055 0.00504762 0.0216949
internal_weight=350264 30203 320061 318369 19667 17661 2006 298702 16721 16131 8665 3603 271 590 295826 291413 5999 5194 805 739 4413 569 564 4455 2507 375 7466 2633 1050 236
internal_count=350264 30203 320061 318369 19667 17661 2006 298702 16721 16131 8665 3603 271 590 295826 291413 5999 5194 805 739 4413 569 564 4455 2507 375 7466 2633 1050 236
is_linear=0
shrinkage=0.05


Tree=42
num_leaves=31
num_cat=0
split_feature=6 3 10 15 11 11 16 11 14 14 15 9 11 11 11 10 8 10 3 11 14 10 15 14 10 14 14 11 1 11
split_gain=8.14701 7.59459 6.40573 6.65769 6.64689 16.4063 7.16737 6.16442 7.16433 10.1441 7.79217 7.86662 5.6568 4.86732 4.85937 11.5682 6.84823 6.3128 10.4993 7.34651 5.60429 6.00435 5.49827 4.91839 4.89357 5.13239 13.611 11.7565 14.3755 11.7054
threshold=0.13734794322617197 0.0059722338305674425 -0.029463617054616639 -0.010070951147416627 -0.017414661379055837 -0.017775509604069647 -0.025972419863095061 0.025734816417073651 -0.069744182185856193 -0.13532199000438486 0.010705208938836088 -0.27850929073709002 0.041951569626952907 -0.010713711714103289 -0.022075867554235681 0.0027897371119552932 inf -0.017312021268647334 -0.0086952851448662809 -0.022672230022230119 -0.047825209867674183 0.007763291496604042 -0.0069502284636036573 0.10035719925481736 -0.013932246020769588 0.033407835612495503 0.035381364185180238 0.041951569626952907 0.06713591475482418 0.011644573682875638
decision_type=2 2 2 2 2 2 2 2 2 2 2 10 2 2 2 2 8 2 2 2 2 2 2 2 2 2 2 2 2 2
left_child=1 14 -2 4 5 -4 -7 -5 9 -9 -11 -12 -13 -6 15 17 24 -1 23 -20 21 -18 -21 -19 -16 -26 -27 29 -29 -28
right_child=2 -3 3 7 13 6 -8 8 -10 10 11 12 -14 -15 16 -17 20 18 19 22 -22 -23 -24 -25 25 26 27 28 -30 -31
leaf_value=-3.7635518344398621e-05 -0.00031338102175744215 1.4306981604279664e-05 0.00010954659715901502 -3.1607973586445762e-06 -0.00011428732100527406 0.00075440166448498464 0.00026210708787893338 -5.4703956437979666e-05 2.8189845733433143e-05 0.00010696648586251211 0.00050606144846144911 -0.00015753807412350902 0.00032122090189881685 3.4049747684231597e-05 -0.00014257545414000586 -0.00015063394311489852 -0.00025059664195169038 0.00023988809250840835 1.4315541828186014e-05 2.6062320517470968e-05 -0.00016439812570873398 0.00010560756984604354 0.00023700495960705438 7.7153660005008326e-05 -1.9958873181158327e-05 0.00015820289916061389 8.9943348492931574e-06 0.00050413120624102686 0.0021209000520074645 -9.0992353340157506e-05
leaf_weight=2676 1243 37565 6378 89084 1699 69 49 534 10166 449 206 115 325 10718 3577 2558 342 954 6641 370 4237 644 465 641 131384 1136 29505 293 61 5981
leaf_count=2676 1243 37565 6378 89084 1699 69 49 534 10166 449 206 115 325 10718 3577 2558 342 954 6641 370 4237 644 465 641 131384 1136 29505 293 61 5981
internal_value=-0.000151902 -0.000327251 0.000179905 0.000216958 0.00107783 0.00237377 0.0208475 5.55604e-05 0.00112971 0.0042081 0.00696347 0.0104799 0.00670454 0.000399854 -0.000454784 0.000431666 -0.000526362 0.00109517 0.00172473 0.000939004 -0.00230998 0.00108519 0.00535928 0.00540752 -0.00047218 -0.000433299 8.70823e-05 -8.37065e-05 0.00898305 -0.000174154
internal_weight=350065 229030 121035 119792 18913 6496 118 100879 11795 1629 1095 646 440 12417 191465 14305 177160 11747 9071 7476 5223 986 835 1595 171937 168360 36976 35840 354 35486
internal_count=350065 229030 121035 119792 18913 6496 118 100879 11795 1629 1095 646 440 12417 191465 14305 177160 11747 9071 7476 5223 986 835 1595 171937 168360 36976 35840 354 35486
is_linear=0
shrinkage=0.05


Tree=43
num_leaves=31
num_cat=0
split_feature=8 13 13 7 5 12 12 10 14 12 10 10 11 4 14 14 13 13 13 10 12 10 10 14 10 13 13 14 13 11
split_gain=8.41657 13.1906 9.31897 10.4102 8.41924 7.84635 15.7081 11.8497 8.07935 7.40567 7.15937 21.4417 29.4179 14.9471 12.8877 29.6948 28.6404 16.5253 46.3829 21.1025 51.9527 13.6668 13.5734 13.246 15.6241 15.8425 20.4706 25.6261 19.0937 28.2518
threshold=inf 26.494999885559086 18.105000495910648 0.030212007392923516 0.025428177471829579 0.098377670607583859 0.093566574594688881 0.0099380619751324745 -0.033161933899028544 0.12832311621465078 -0.0012723073369418911 -0.0013492854674017616 -0.0025925493959926822 0.025151243074654859 0.00619378828642947 0.0012326341754252958 18.82499980926514 16.510000228881839 16.614999771118168 -0.0063062560979271201 0.029587850258833818 -0.0014752860368782426 -0.004502832663512756 0.022797718540964799 -0.0085003042406328038 17.530000686645511 23.694999694824222 0.094478150147642728 18.595000267028812 0.012589162192508276
decision_type=8 2 2 2 2 2 2 2 2 2 2 2 2 2 2 2 2 2 2 2 2 2 2 2 2 2 2 2 2 2
left_child=4 2 3 -2 5 6 10 -8 -7 -6 11 14 13 -13 15 21 -17 19 22 20 -16 -1 -19 -20 -25 -26 27 28 29 -27
right_child=1 -3 -4 -5 9 8 7 -9 -10 -11 -12 12 -14 -15 17 16 -18 18 23 -21 -22 -23 -24 24 25 26 -28 -29 -30 -31
leaf_value=9.1908517092570512e-06 -0.00015107129878874916 0.00033884214836249601 -9.8065316638128657e-05 0.00041151972870228114 6.2208426387876963e-05 6.586036517235783e-05 0.00033005676400629075 -0.00025052456387153103 -0.00015396444901429328 0.00022887614715415866 -1.155640755201894e-05 0.00076760905743052587 4.6070021338134443e-05 0.0015755585080331541 -6.6639791307309632e-05 0.00022667886271513605 5.3489519843321854e-05 0.00010543560145096696 -0.00010071097143561621 -8.3068546083566643e-05 0.00014104588934992987 0.00019566198487454725 0.00021344079472335626 -2.0628204900872832e-05 -2.957807444809906e-05 0.00011277186662271377 -0.0001476912155710371 0.00022142735645143153 1.9454206749816204e-06 0.00060036985421474875
leaf_weight=20156 294 425 11288 297 26372 1006 1142 377 3482 227 193729 164 815 236 8086 1217 1986 810 4727 19304 3607 402 1201 25789 6404 5088 2151 2008 6394 390
leaf_count=20156 294 425 11288 297 26372 1006 1142 377 3482 227 193729 164 815 236 8086 1217 1986 810 4727 19304 3607 402 1201 25789 6404 5088 2151 2008 6394 390
internal_value=-0.000135366 -0.00141986 -0.00172952 0.00439086 -8.8506e-05 -0.000161603 -0.000131181 0.00494075 -0.00223708 0.000765253 -0.000156469 0.000163833 0.00676955 0.017875 9.06842e-05 0.00112137 0.00559944 -0.000194222 0.000326406 -0.00111737 0.00055888 0.000423678 0.00777971 4.33408e-05 0.000290933 0.00125585 0.00209563 0.00279899 0.00191543 0.00408178
internal_weight=349574 12304 11879 591 337270 310671 306183 1519 4488 26599 304664 110935 1215 400 109720 23761 3203 85959 54962 30997 11693 20558 2011 52951 48224 22435 16031 13880 11872 5478
internal_count=349574 12304 11879 591 337270 310671 306183 1519 4488 26599 304664 110935 1215 400 109720 23761 3203 85959 54962 30997 11693 20558 2011 52951 48224 22435 16031 13880 11872 5478
is_linear=0
shrinkage=0.05


Tree=44
num_leaves=31
num_cat=0
split_feature=11 11 14 8 13 4 12 12 1 4 3 8 12 13 16 15 12 11 16 12 14 11 3 14 14 12 2 13 11 12
split_gain=7.82169 8.33158 28.3366 19.4378 17.9082 13.2951 10.0332 16.8994 8.23218 7.3184 6.9696 6.74135 11.8969 7.31517 9.88222 6.56 7.73353 25.3059 10.8827 8.36558 7.9142 15.0427 11.062 8.05726 10.3693 26.4553 10.6822 7.79721 14.0403 7.56585
threshold=0.048884011617049812 0.040036365268930958 -0.066405515647089006 -0.04708098643126906 25.505000114440922 0.028419449759653551 0.016002648636263554 0.034607863885863684 0.0082049278454825476 0.056594696224508474 0.0091512026234198424 inf -0.052281388412141021 18.105000495910648 0.030389299598609146 -0.0085433752464293949 -0.0075921300584320664 -0.017414661379055837 -0.05770333263230714 -0.0011596324607267003 0.15522193331306103 -0.0037226818138522129 -0.0094339622641508841 0.14080193058780369 0.090945376715582463 0.032942556438581912 0.055851216567909485 18.82499980926514 -0.017775509604069647 0.0048491469985487709
decision_type=2 2 2 8 2 2 2 2 2 2 2 8 2 2 2 2 2 2 2 2 2 2 2 2 2 2 2 2 2 2
left_child=1 9 3 -3 6 -6 -4 -8 -7 11 -5 15 -13 14 -14 16 -1 18 -18 -19 23 -22 -23 24 29 -26 -27 -20 -29 -21
right_child=-2 2 4 10 5 8 7 -9 -10 -11 -12 12 13 -15 -16 -17 17 19 27 20 21 22 -24 -25 25 26 -28 28 -30 -31
leaf_value=-2.0175285395544371e-05 -0.00010188562219106057 0.00072167166948659519 -0.00012536805144054336 0.00011158259137438133 0.00014436054087493483 0.00097356814122843624 0.00015479404258898798 -6.4463059740944216e-05 0.0017588501479409411 0.00012899704690676048 0.00051570431679315494 0.00025379932601191015 -6.3241224830691692e-06 -9.0710261055513433e-05 0.00035590758171101674 -8.705946856116559e-06 0.00049709959243937802 -0.00011547991004465615 5.3298040085524537e-05 0.00020500835884552628 1.6916436636479962e-06 0.00046860626506267612 0.00010362073160292371 -0.00025833213997698558 -2.1808523168706069e-05 0.00016448831067214314 0.00036796824550293871 0.00015666163128515479 0.00051678613198208659 -9.9524429929147662e-07
leaf_weight=17989 4712 194 2103 486 216 70 1247 2119 144 8737 152 406 404 11157 155 266689 291 2250 2059 807 400 140 95 962 1871 767 457 2304 136 20985
leaf_count=17989 4712 194 2103 486 216 70 1247 2119 144 8737 152 406 404 11157 155 266689 291 2250 2059 807 400 140 95 962 1871 767 457 2304 136 20985
internal_value=-0.000143423 -0.000115851 0.00162606 0.0102644 0.000407695 0.0102326 -0.000364785 0.00132798 0.0190654 -0.000150431 0.00605016 -0.00018821 -0.00134549 -0.00163708 0.00394454 -0.000144123 0.000372429 0.000821202 0.0041858 0.000260318 0.000508985 0.00602362 0.0160638 0.000373514 0.000547072 0.00325525 0.00897059 0.00357968 0.0054918 0.000162444
internal_weight=350504 345792 6731 832 5899 430 5469 3366 214 339061 638 330324 12122 11716 559 318202 51513 33524 4790 28734 26484 635 235 25849 24887 3095 1224 4499 2440 21792
internal_count=350504 345792 6731 832 5899 430 5469 3366 214 339061 638 330324 12122 11716 559 318202 51513 33524 4790 28734 26484 635 235 25849 24887 3095 1224 4499 2440 21792
is_linear=0
shrinkage=0.05


Tree=45
num_leaves=31
num_cat=0
split_feature=4 9 11 11 16 10 3 14 14 12 10 10 14 12 9 12 11 12 4 11 11 9 10 11 16 6 14 15 12 15
split_gain=8.43126 6.18117 7.10565 6.09141 8.09127 6.72628 5.668 7.01055 8.60786 6.34976 8.08492 10.4073 8.58257 8.19207 6.77092 5.61945 7.4402 21.3793 11.1452 7.3801 13.6318 15.4013 7.83316 7.10335 8.99813 6.68872 6.02325 6.68384 6.24092 9.64853
threshold=0.033387730605446246 0.16613982379754036 -0.014879345686955035 -0.028866681392767265 -0.05770333263230714 -0.023232584216571036 0.0010413936892560429 0.02559063550932739 0.013406221047230662 0.032942556438581912 -0.0041029098949924561 -0.0048383307689184299 0.027456401234134179 0.03728924944291568 -0.011687669926251252 0.040854121966551922 0.0023966928807116488 0.075051001770625306 0.021906986206104029 0.025734816417073651 0.027231937128701426 -0.13951576781115496 -0.0038582878398281113 0.00081107941047609 0.0059791472249127739 -0.26930393653481216 -0.019636199294238706 0.0067122758314749351 0.014344478951051955 0.023194661735166381
decision_type=2 10 2 2 2 2 2 2 2 2 2 2 2 2 10 2 2 2 2 2 2 10 2 2 2 2 2 2 2 2
left_child=6 -2 3 -3 -5 -6 -1 8 15 -9 11 13 -12 -11 -13 19 17 23 -19 22 21 -21 -8 -17 -25 -22 27 -27 -29 -30
right_child=1 2 -4 4 5 -7 7 9 -10 10 12 14 -14 -15 -16 16 -18 18 -20 20 25 -23 -24 24 -26 26 -28 28 29 -31
leaf_value=-1.548696292362753e-05 8.0788092045733926e-06 -0.00013148266887441878 8.0728934925684359e-05 0.0016943808549996983 0.0011842980595553731 0.00029283137977978191 7.9251171446453148e-05 1.4171452046417543e-05 -5.4116957302141795e-05 0.00019379163907047087 0.0002983562362169419 0.00047488770720499526 -2.7707128123550562e-06 2.3000077339650157e-05 0.00031828968026692523 -3.1297941498921586e-05 -4.6578864129442434e-05 5.5142798037638618e-05 0.0012451444134917123 0.00019700462681258293 -2.9052371281031909e-05 1.9448519094862375e-05 -3.8261323473504796e-06 0.00018598396262772791 -4.8461949691796262e-05 0.00018396875929010281 -1.9442585472777601e-05 -4.8866674441953236e-05 6.0660150936265519e-05 0.00051612647710006128
leaf_weight=161522 46605 454 12263 44 42 1386 2178 21648 9461 512 255 99 2650 1083 132 2752 18727 101 176 665 3083 654 59740 445 267 872 1276 749 555 88
leaf_count=161522 46605 454 12263 44 42 1386 2178 21648 9461 512 255 99 2650 1083 132 2752 18727 101 176 665 3083 654 59740 445 267 872 1276 749 555 88
internal_value=-0.000134301 0.000401025 0.00131475 0.00413811 0.00569973 0.00504902 -0.000246644 1.63728e-06 -0.000186613 0.00072804 0.00238744 0.00499452 0.000748708 0.00355799 0.0149134 -3.94259e-05 -0.000727258 0.00130847 0.0146751 0.000181791 0.00161672 0.00625853 -2.26225e-06 0.000239606 0.00469101 0.000692283 0.00217514 0.0037235 0.00157327 0.00518662
internal_weight=350484 60794 14189 1926 1472 1428 289690 128168 101789 26379 4731 1826 2905 1595 231 92328 22468 3741 277 69860 7942 1319 61918 3464 712 6623 3540 2264 1392 643
internal_count=350484 60794 14189 1926 1472 1428 289690 128168 101789 26379 4731 1826 2905 1595 231 92328 22468 3741 277 69860 7942 1319 61918 3464 712 6623 3540 2264 1392 643
is_linear=0
shrinkage=0.05


Tree=46
num_leaves=31
num_cat=0
split_feature=9 10 10 16 10 10 10 12 12 6 12 12 2 9 10 14 14 15 10 14 10 1 8 14 15 16 16 14 16 12
split_gain=8.47003 8.1008 6.18528 6.81009 7.27518 14.1998 20.145 12.149 9.95042 6.89138 7.68003 19.7701 10.0208 9.42974 6.67982 5.77867 8.4418 9.92628 6.60054 5.47483 6.35816 6.06159 5.44569 4.87905 12.5032 14.9852 6.61193 9.09774 4.79281 4.30124
threshold=0.22661070027086741 -0.023232584216571036 -0.029463617054616639 -0.032245971091500007 0.0017576081132453238 -0.0070887140310786348 -0.0067038506878469564 -0.0018734111574215115 -0.080083523859072289 0.1040302644965166 -0.057938720016513449 -0.062212446145613214 -0.054108384808602243 -0.3322203094936505 0.0012830359695055196 0.079095926518506735 0.057570789081387914 -0.020665233137426072 -0.0032352848591708501 0.02426411528649575 -0.0066318255554698715 -0.056350479171795746 inf -0.041121066150655798 -0.007897315247213153 -0.04873200800127702 -0.034583400167214166 1.0000000180025095e-35 -0.042844947722004027 -0.0067439083526363843
decision_type=10 2 2 2 2 2 2 2 2 2 2 2 2 10 2 2 2 2 2 2 2 2 8 2 2 2 2 2 2 2
left_child=2 29 -1 4 5 -4 7 -7 -6 22 11 -11 13 -13 15 16 18 -18 19 21 -21 -8 -5 24 25 -20 -25 -28 -16 -2
right_child=1 -3 3 9 8 6 14 -9 -10 10 -12 12 -14 -15 28 -17 17 -19 23 20 -22 -23 -24 26 -26 -27 27 -29 -30 -31
leaf_value=-0.00026639450854770491 0.00012835214004489341 3.2345841920579392e-05 -1.3309065511379713e-05 -1.3527228600522673e-05 0.0011665455045840323 0.00075850022250251604 0.0003826766953037958 0.00017481397719951863 -5.8489221523290138e-05 -4.379607593124843e-05 3.6057303185864756e-07 -2.41170166537731e-05 0.00010677446358677055 0.00054305718925471596 0.00046408967229676708 -0.00024931502124308949 0.0013933192165067503 9.0252621946115624e-05 0.00014552892699887937 0.00037092352421619519 -3.8675136698556945e-05 0.00014657453845320293 -7.6249369767445363e-05 -6.0693173806564284e-05 1.9178096305322849e-05 0.0002854423658672079 9.2840045216814707e-05 0.00054638506348245999 9.2547120606233259e-05 0.0011273877506189094
leaf_weight=1648 64 30148 7577 188985 63 81 445 222 5008 1312 100580 87 461 311 111 542 119 453 126 72 593 886 6915 2564 625 54 126 45 159 45
leaf_count=1648 64 30148 7577 188985 63 81 445 222 5008 1312 100580 87 461 311 111 542 119 453 126 72 593 886 6915 2564 625 54 126 45 159 45
internal_value=-0.000139788 0.000659846 -0.000215356 -0.000199548 0.000696743 0.00125676 0.002843 0.015462 -0.000937686 -0.000259183 7.24555e-05 0.00301474 0.00891152 0.0147236 0.00229046 0.00197744 0.0024165 0.0081993 0.001819 0.00411824 0.000413533 0.00596919 -0.00043313 0.000522598 0.0039441 0.0155556 -0.000484462 0.00903509 0.01 0.0142661
internal_weight=350427 30257 320170 318522 19871 14800 7223 303 5071 298651 102751 2171 859 398 6920 6650 6108 572 5536 1996 665 1331 195900 3540 805 180 2735 171 270 109
internal_count=350427 30257 320170 318522 19871 14800 7223 303 5071 298651 102751 2171 859 398 6920 6650 6108 572 5536 1996 665 1331 195900 3540 805 180 2735 171 270 109
is_linear=0
shrinkage=0.05


Tree=47
num_leaves=31
num_cat=0
split_feature=4 13 6 8 10 10 13 11 11 11 16 13 10 14 9 13 10 10 11 14 11 10 11 11 10 0 10 13 9 14
split_gain=6.82056 6.79805 6.53924 6.78146 6.67377 21.4367 15.6013 10.856 10.2474 24.3795 12.6871 18.976 11.0708 10.7935 9.04088 8.52482 8.2171 23.31 17.0238 16.7589 21.014 15.2114 13.3376 12.9435 20.3836 12.5074 11.8174 48.7628 14.743 28.3065
threshold=0.018150613922366447 39.645000457763679 1.9502730290792818 inf 0.0079905990747169992 0.010253967482983352 12.434999942779543 0.048884011617049812 0.031328767211223359 0.016075391747766069 -0.013371311937920681 18.904999732971195 0.0089823592217616061 -0.096084571305829466 -0.1161921388249532 14.960000038146974 0.0025358686375718258 0.0024569691854735569 -0.0046605807327330098 -0.086337752297859935 0.0079486144040776825 0.0039191620511181977 0.031976499172701407 -0.017414661379055837 0.0012830359695055196 0.001368708929241125 0.0071561281563717891 24.385000228881839 0.95989829312077657 -0.015586669598789514
decision_type=2 2 2 8 2 2 2 2 2 2 2 2 2 2 8 2 2 2 2 2 2 2 2 2 2 2 2 2 8 2
left_child=-1 2 3 4 7 8 -7 16 9 12 11 -11 -6 -12 -8 -14 17 23 -18 20 -20 -21 -19 24 -2 -24 27 28 -23 -30
right_child=1 -3 -4 -5 5 6 14 -9 -10 10 13 -13 15 -15 -16 -17 18 22 19 21 -22 26 25 -25 -26 -27 -28 -29 29 -31
leaf_value=-1.3581800746520747e-05 3.9325975305118765e-05 -0.00029084859276385077 6.2542612229462085e-05 -6.3964392657999566e-05 -3.3178186035479929e-05 0.00055685377317066904 9.4690900458294235e-05 -0.00020328166083830574 -5.4427224355542979e-05 0.00019680286781561444 0.00037665640227225387 0.0011594025764366546 0.00017212385198748652 0.00017172202639467076 -3.243689671225565e-05 5.2890041953855175e-05 -0.00013596542551738887 9.1792510050658343e-05 -4.1637789887704603e-05 -9.4259237357492608e-05 0.00025851467271783521 -5.5350689566565075e-06 0.00071041741242468541 -6.0991767767972456e-06 0.00036313407595476259 0.00026613417653433387 -8.6264121399990456e-05 0.00038322870975346086 -6.6160108485856303e-06 0.00020292109717578549
leaf_weight=82598 23308 1713 18116 9999 3942 211 3330 2363 2145 161 273 98 1979 3675 22545 3587 9741 586 1210 11364 1303 21807 170 111481 791 205 7027 405 2485 1564
leaf_count=82598 23308 1713 18116 9999 3942 211 3330 2363 2145 161 273 98 1979 3675 22545 3587 9741 586 1210 11364 1303 21807 170 111481 791 205 7027 405 2485 1564
internal_value=-0.000114827 7.77207e-06 2.80011e-05 -3.90519e-05 1.45936e-05 0.000586944 -0.000294412 -0.000108014 0.00203657 0.00253919 0.00570834 0.0164286 0.00113694 0.00500506 -0.000404832 0.00257276 -6.68671e-05 0.000143509 -0.000571646 -0.000178629 0.00379427 -0.000402223 0.00790322 8.85074e-05 0.00113926 0.0152667 0.000136985 0.000624309 0.000354655 0.00312546
internal_weight=350182 267584 265871 247755 237756 41946 26086 195810 15860 13715 4207 259 9508 3948 25875 5566 193447 136541 56906 47165 2513 44652 961 135580 24099 375 33288 26261 25856 4049
internal_count=350182 267584 265871 247755 237756 41946 26086 195810 15860 13715 4207 259 9508 3948 25875 5566 193447 136541 56906 47165 2513 44652 961 135580 24099 375 33288 26261 25856 4049
is_linear=0
shrinkage=0.05


Tree=48
num_leaves=31
num_cat=0
split_feature=9 10 10 13 8 13 13 2 3 14 13 14 13 12 14 9 10 7 12 14 10 5 13 14 10 12 12 12 16 14
split_gain=5.98282 8.7683 5.9773 5.29969 5.41768 11.5233 7.56396 8.2867 5.61134 5.74139 12.6789 7.85438 7.64555 57.5952 32.5043 22.9374 20.693 19.608 11.2041 11.1649 10.7797 11.4397 9.63694 19.8872 11.1736 20.8426 13.7429 10.3122 13.69 9.32761
threshold=0.21554822315775793 -0.023232584216571036 -0.029463617054616639 12.119999885559084 inf 26.494999885559086 18.105000495910648 0.053101962759511186 0.00086996869283306754 0.02559063550932739 13.194999694824221 0.01016731697942619 21.409999847412113 0.075051001770625306 -0.015155298785694047 0.21554822315775793 0.0063034299271296232 -0.059436849781733241 0.041818066300965857 0.0080830591469587282 0.0042053175774743332 0.018540592396096452 13.59500026702881 -0.049859902036150087 -0.0012723073369418911 0.026070239859081971 0.039147436974305568 0.039535429678634555 0.020179441484516673 -0.093449770795740669
decision_type=10 2 2 2 8 2 2 2 2 2 2 2 2 2 2 8 2 2 2 2 2 2 2 2 2 2 2 2 2 2
left_child=2 -2 -1 -4 8 6 7 -6 -5 11 -11 12 18 14 15 29 -16 -17 22 -20 21 -15 23 -10 25 -25 -26 28 -28 -14
right_child=1 -3 3 4 5 -7 -8 -9 9 10 -12 -13 13 20 16 17 -18 -19 19 -21 -22 -23 -24 24 26 -27 27 -29 -30 -31
leaf_value=-0.00024538779018722757 0.00059631594053352307 2.0797485973657892e-05 -8.756505604994094e-05 -1.2634199408845357e-05 -0.00020675888798010194 0.00025159749150082924 -8.5213407752740073e-05 0.00035681317126234414 0.00016543556561461847 0.00017185673117870674 2.1487057333676956e-05 -4.3223985135270258e-05 3.7894230226365533e-05 0.0008060643240609648 0.00014812648186649879 0.00099090706283729729 0.00044874027407260455 0.00012322360452354523 -5.3504160199095222e-05 0.00024640302900346398 0.00020977560186351136 0.0022169008163748392 -8.6484106200730994e-07 0.00022577595835709111 -3.2974882846419905e-05 4.0187908465831377e-05 0.0001729290494187604 4.9284197848447048e-05 0.00046292372375835724 -0.00015941385351348958
leaf_weight=1653 126 33416 2914 163852 267 425 11338 311 1450 1252 25911 12667 3131 130 1170 87 236 343 19208 489 258 125 55973 445 6313 1449 208 699 42 4778
leaf_count=1653 126 33416 2914 163852 267 425 11338 311 1450 1252 25911 12667 3131 130 1170 87 236 343 19208 489 258 125 55973 445 6313 1449 208 699 42 4778
internal_value=-0.000149374 0.000485659 -0.000216541 -0.000200828 -0.00018104 -0.00120776 -0.00149631 0.00408304 -0.000138835 9.81185e-05 0.000748627 -6.36911e-05 8.99153e-05 0.00138038 0.000520779 -0.000664949 0.00755334 0.0105814 -6.35183e-05 -0.00111108 0.0177096 0.025 0.000246398 0.00162832 0.000766709 0.0041869 -0.000125311 0.00548472 0.0142 -0.0012764
internal_weight=350666 33542 317124 315471 312557 12341 11916 578 300216 136364 27163 109201 96534 10258 9745 8339 1406 430 86276 19697 513 255 66579 10606 9156 1894 7262 949 250 7909
internal_count=350666 33542 317124 315471 312557 12341 11916 578 300216 136364 27163 109201 96534 10258 9745 8339 1406 430 86276 19697 513 255 66579 10606 9156 1894 7262 949 250 7909
is_linear=0
shrinkage=0.05


Tree=49
num_leaves=31
num_cat=0
split_feature=9 6 12 12 14 10 2 8 10 12 12 10 2 14 9 8 12 12 12 4 10 10 16 8 9 14 14 14 14 9
split_gain=6.77789 5.89577 5.22922 15.411 11.7022 7.30416 5.50843 4.56622 4.04242 4.70532 13.5106 7.52897 6.35753 3.9397 3.9218 3.88814 6.64463 4.0891 13.8065 4.04551 4.81575 24.0585 10.1683 12.337 14.8592 9.55117 10.4495 20.4232 9.23273 7.32849
threshold=0.41476998010054772 0.83205545266338865 0.098377670607583859 0.093566574594688881 -0.033161933899028544 0.0048530562532616015 0.13236803846313874 0.037871662649764389 -0.029463617054616639 -0.057938720016513449 -0.062212446145613214 -0.023232584216571036 -0.03925806228142064 -0.19490876951167976 -0.3322203094936505 inf -0.052281388412141021 -0.038320410846317647 -0.031612309721525282 0.017037558624412235 0.0089823592217616061 0.010253967482983352 0.028922485789676381 -0.049093491727060949 -0.0014495961012191414 -0.10344834121785244 -0.067583665573298909 -0.068623004427642229 -0.048976395362543328 -0.083166876796224518
decision_type=10 2 2 2 2 2 2 10 2 2 2 2 2 2 10 8 2 2 2 2 2 2 2 10 8 2 2 2 2 8
left_child=1 2 3 15 5 7 -5 -4 -3 10 -10 -11 14 -13 -12 19 -17 -18 -19 -1 -21 22 23 24 -22 -23 27 29 -26 -27
right_child=-2 8 4 6 -6 -7 -8 -9 9 11 12 13 -14 -15 -16 16 17 18 -20 20 21 25 -24 -25 28 26 -28 -29 -30 -31
leaf_value=-1.5973709998304992e-05 0.00012895736457414528 -0.00034567026060660695 0.00019928682073062432 0.00019339476676372093 -0.00013695542476534637 -7.9358474724622007e-05 0.00033098967526490542 -4.2072939812679075e-05 -2.8253629831368936e-05 0.00089543865357113745 -3.0353094773124267e-05 -0.00020134468698283325 7.8180828121931638e-05 1.34930938209999e-05 0.00040374541736784201 0.00026457104193219997 -0.00033782515404891326 0.00017441313888581818 -6.4625357443227698e-05 -9.4372616925298672e-06 0.00015717224407960222 -8.3044869517750038e-05 -1.6153138521767993e-05 8.2701291403853121e-05 0.00060995374084867244 0.00014586066880220992 -3.9616581137481881e-05 0.0015946439616022119 0.00021465583663218647 4.2902993964167878e-06
leaf_weight=49193 7589 744 508 991 3707 359 170 186 1472 69 56 1013 377 56297 381 243 1243 369 8139 184518 863 7005 2134 5478 396 1970 8566 288 208 5653
leaf_count=49193 7589 744 508 991 3707 359 170 186 1472 69 56 1013 377 56297 381 243 1243 369 8139 184518 863 7005 2134 5478 396 1970 8566 288 208 5653
internal_value=-0.000139856 -0.000172595 -0.000268564 -0.000240371 -0.00191177 0.00273979 0.00550818 0.00573487 0.000275703 0.000321377 0.00254593 0.000232749 0.00771499 0.000212876 0.0118192 -0.000264529 -0.00123274 -0.00143626 -0.0010449 -0.000228189 -0.000135413 0.000425201 0.00261097 0.00353852 0.00761077 -0.000419897 0.000237603 0.00154784 0.0136258 0.00105405
internal_weight=350185 342596 282187 277427 4760 1053 1161 694 60409 59665 2286 57379 814 57310 437 276266 9994 9751 8508 266272 217079 32561 9079 6945 1467 23482 16477 7911 604 7623
internal_count=350185 342596 282187 277427 4760 1053 1161 694 60409 59665 2286 57379 814 57310 437 276266 9994 9751 8508 266272 217079 32561 9079 6945 1467 23482 16477 7911 604 7623
is_linear=0
shrinkage=0.05


Tree=50
num_leaves=31
num_cat=0
split_feature=9 11 13 0 11 11 3 14 14 11 15 14 3 13 14 11 13 14 11 14 13 11 15 8 11 4 14 3 14 11
split_gain=6.70661 6.61839 7.4157 8.96628 8.83447 6.25564 6.03077 5.91993 8.10598 21.7494 10.8402 7.73397 6.9604 6.75451 13.6137 14.3085 6.3937 6.19109 10.2328 7.71166 14.8155 16.3547 14.5902 12.2515 8.77913 8.3393 6.90031 6.5274 7.24771 6.40921
threshold=0.12952787544198854 -0.015590117291395643 22.270000457763675 -0.014734416346130817 -0.026323621770933166 -0.021144152868659557 -0.00044562160033417836 0.17907813454888047 0.15522193331306103 -0.0037226818138522129 -0.0082564160136430181 0.14080193058780369 -0.016869220402984716 26.284999847412113 -0.015155298785694047 -0.021144152868659557 22.429999351501468 0.10924586065415166 -0.028186613773187038 0.083482873400912663 23.529999732971195 -0.017414661379055837 -0.0041154873210975098 0.11194242920147603 -0.025492128925019227 0.026612971825407252 0.13707002754001543 0.014567055710636325 0.087469095216172646 -0.035697705395590577
decision_type=10 2 2 2 2 2 2 2 2 2 2 2 2 2 2 2 2 2 2 2 2 2 2 10 2 2 2 2 2 2
left_child=7 2 3 4 -2 6 -6 8 11 -10 12 13 -11 17 -15 -16 -9 19 -19 29 21 22 24 27 -21 -26 -20 28 -23 -1
right_child=1 -3 -4 -5 5 -7 -8 16 9 10 -12 -13 -14 14 15 -17 -18 18 26 20 -22 23 -24 -25 25 -27 -28 -29 -30 -31
leaf_value=0.00011339413308894341 -1.3472939813790791e-05 5.1857764744131754e-06 -2.2132319977964698e-05 7.053996448785957e-05 0.00034195820498235467 0.00018145125315534262 0.0011754345853394075 8.6617120194083216e-06 -4.4335548266137792e-06 0.00088127154031069721 0.00011582681110501272 -0.00016587185030571757 0.0002485387230228223 -5.5372084462361494e-05 6.5622450968159832e-05 0.0003003722506497698 -0.00017581907937389807 0.00012269354111266398 -0.0001367256544072578 2.2734146266664616e-05 -0.000259814124461979 9.861640879073441e-05 6.1565757733788594e-05 0.00035038678606805576 0.00024456695512676288 0.0006241605272364431 8.3029127718574575e-05 0.00037417650065527894 -1.5210298978477028e-05 -1.0548875485880648e-05
leaf_weight=1146 276 65815 2832 4004 195 356 117 2123 2363 59 332 2062 393 3898 4523 684 3668 720 5909 135 1467 1520 573 282 245 192 576 114 5251 239447
leaf_count=1146 276 65815 2832 4004 195 356 117 2123 2363 59 332 2062 393 3898 4523 684 3668 720 5909 135 1467 1520 573 282 245 192 576 114 5251 239447
internal_value=-0.000119665 0.000304707 0.0016838 0.00285166 0.00723517 0.0103443 0.0155128 -0.000232137 -0.000198445 0.00232443 0.00954082 -0.000227988 0.0145796 -0.000204402 0.00113399 0.0028068 -0.00181402 -0.000251712 -0.00169674 -0.000210129 0.00116627 0.00198388 0.00753275 0.00109739 0.0131818 0.0166247 -0.0023246 0.000679011 0.000479249 -0.000266073
internal_weight=351277 73595 7780 4948 944 668 312 277682 271891 3147 784 268744 452 266682 9105 5207 5791 257577 7205 250372 9779 8312 1145 7167 572 437 6485 6885 6771 240593
internal_count=351277 73595 7780 4948 944 668 312 277682 271891 3147 784 268744 452 266682 9105 5207 5791 257577 7205 250372 9779 8312 1145 7167 572 437 6485 6885 6771 240593
is_linear=0
shrinkage=0.05


Tree=51
num_leaves=31
num_cat=0
split_feature=9 10 15 12 10 11 13 10 16 10 10 11 12 14 13 5 14 10 11 11 14 11 10 10 12 10 12 13 2 15
split_gain=5.474 6.38503 6.21729 5.41157 8.98491 9.56553 8.90939 4.78071 4.44468 6.36617 12.4392 18.2601 25.8857 34.1947 28.4602 18.9399 15.2263 15.4919 14.2517 11.0261 10.4458 17.1729 11.7471 17.6693 16.2228 12.1115 13.5233 11.0043 10.8612 10.7106
threshold=0.12952787544198854 -0.029463617054616639 -0.011385324671128015 -0.0075921300584320664 -0.0070887140310786348 -0.01947054509218726 14.030000209808351 -0.023232584216571036 -0.032245971091500007 0.0063376930491294567 0.010752578369107592 -0.01368273436962064 1.0000000180025095e-35 -0.054107623009077337 16.935000419616703 0.02709357967384356 -0.12635401997537379 0.0065341735331239112 0.021459813769517781 -0.012158378238136978 -0.093449770795740669 0.016611712666072868 0.0025358686375718258 0.0023194447184855531 0.024521717099064925 0.0038620007998169119 0.014776412045584443 23.529999732971195 -0.11731986029762669 -0.0043703700929538783
decision_type=10 2 2 2 2 2 2 2 2 2 2 2 2 2 2 2 2 2 2 2 2 2 2 2 2 2 2 2 2 2
left_child=1 -1 3 -2 6 -6 -5 -8 -3 20 11 -11 13 14 -13 -15 -14 -18 -17 -16 21 -10 23 -22 -25 -24 -27 -28 -23 -26
right_child=2 8 -4 4 5 -7 7 -9 9 10 -12 12 16 15 19 18 17 -19 -20 -21 22 28 25 24 29 26 27 -29 -30 -31
leaf_value=-0.00029745281655394639 -3.0121543380353647e-05 2.5032090175976431e-05 4.3444115030820514e-06 0.0002462688331634729 0.0010777171328436408 1.7742556248683232e-06 0.00047041057538540592 0.00013608849816937392 -3.065120347239574e-05 -0.00019517466017172637 -2.5766217393336199e-05 0.00025672747535287408 0.00027413499523535646 0.00015633534441827541 0.00021784544701293734 0.00012139247818842892 0.00027753238798122423 -2.4351648365726653e-06 0.00055682858349191547 -6.6168399322705118e-05 -1.1633132678757929e-05 0.00075540224885572082 -9.4423288960504234e-05 -1.2042523453576424e-05 0.00059091561865245209 -0.00010751571725582505 2.3924829068552988e-07 0.00018997202845405254 0.00017198268022771546 0.00012483291357372788
leaf_weight=1537 2061 18146 66371 262 59 2474 170 1915 1076 2582 24446 805 398 3658 317 104 411 24664 272 3907 146449 79 14754 1532 353 9127 19803 331 823 1347
leaf_count=1537 2061 18146 66371 262 59 2474 170 1915 1076 2582 24446 805 398 3658 317 104 411 24664 272 3907 146449 79 14754 1532 353 9127 19803 331 823 1347
internal_value=-0.000123105 -0.000224813 0.000261075 0.00168491 0.00259221 0.000527042 0.00482105 0.00372902 -0.000206876 -0.000260227 0.000183223 0.000760007 0.00106324 0.00335816 0.000607475 0.00678731 0.000246731 9.27206e-05 0.0174734 -0.00103457 -0.000399748 0.00321537 -0.000436665 -0.000225514 0.00343131 -0.00115472 -0.000565771 0.000157941 0.00830377 0.00679412
internal_weight=350233 276921 73312 6941 4880 2533 2347 2085 275384 257238 61564 37118 34536 9063 5029 4034 25473 25075 376 4224 195674 1978 193696 149681 3232 44015 29261 20134 902 1700
internal_count=350233 276921 73312 6941 4880 2533 2347 2085 275384 257238 61564 37118 34536 9063 5029 4034 25473 25075 376 4224 195674 1978 193696 149681 3232 44015 29261 20134 902 1700
is_linear=0
shrinkage=0.05


Tree=52
num_leaves=31
num_cat=0
split_feature=13 4 13 13 13 14 14 14 14 10 10 14 12 12 10 10 2 10 10 10 9 13 15 15 8 13 0 16 10 10
split_gain=5.68433 6.23907 5.12558 4.97997 6.31434 16.8955 19.3148 13.8635 38.0301 20.5607 20.5106 29.7595 13.6949 12.4871 10.6225 10.2235 10.0438 9.5415 9.27053 16.6561 9.25518 9.17379 8.90549 8.33151 9.76945 11.2862 7.68768 6.54712 6.44903 14.2946
threshold=39.645000457763679 0.056594696224508474 33.719999313354499 12.119999885559084 13.554999828338625 -0.049859902036150087 -0.054805799949304061 -1.0000000180025095e-35 0.0091478412114857095 0.00090086264031330476 -0.0017418518587148377 0.0080830591469587282 0.048546370435733628 0.093566574594688881 -0.0056282491919848457 -0.0019196939168492631 0.092170401766033097 0.012389128788806604 0.0056131776840985257 0.0029098979699793141 0.15965765009240543 14.340000152587892 -0.0067770949382288106 -0.01193297739622695 0.064887946790230591 13.84500026702881 0.04149649273350698 -0.042844947722004027 -0.00086144258818465758 -0.0014377455389056879
decision_type=2 2 2 2 2 2 2 2 2 2 2 2 2 2 2 2 2 2 2 2 8 2 2 2 10 2 2 2 2 2
left_child=1 2 3 -1 5 6 17 -7 10 14 15 13 18 -12 -10 -9 -15 27 19 -11 -17 23 -8 24 -6 -26 -20 -5 29 -23
right_child=-2 -3 -4 4 21 7 22 8 9 12 11 -13 -14 16 -16 20 -18 -19 26 -21 -22 28 -24 -25 25 -27 -28 -29 -30 -31
leaf_value=-8.0689940447454652e-05 -0.0002569337795602384 0.00012047997870333152 7.6460248739003796e-05 0.00025838811892851837 -1.2805867376434923e-06 -2.7500808586603928e-05 0.00040230462264478499 0.00012313224538377734 6.4943665021219006e-05 0.00015397721373917392 6.5390721762533938e-06 0.0003853807475386222 -5.7533880495103036e-05 9.3805496091084825e-05 -0.00010768648554721794 0.00022161306023373457 0.00035466311649284756 0.00013879789239577947 0.00016136423598337964 -6.0573843773472856e-05 0.00015354738610786603 1.4982320128028159e-06 0.00022693423152554527 -4.2792456191718725e-05 0.00034636130089454349 4.0830720799127478e-05 0.00097549654759742732 4.6835907803884183e-06 -1.2800825428817337e-05 0.00015498297854615981
leaf_weight=3328 1707 9172 914 78 1690 24160 70 407 833 1273 2907 825 1677 238 7104 264 194 832 1624 1689 150 99749 766 27999 263 285 56 3270 151279 5387
leaf_count=3328 1707 9172 914 78 1690 24160 70 407 833 1273 2907 825 1677 238 7104 264 194 832 1624 1689 150 99749 766 27999 263 285 56 3270 151279 5387
internal_value=-0.000129931 -0.000115832 -0.000150615 -0.000160715 -0.000141599 0.000386537 0.00313397 6.90064e-05 0.00107037 -0.000244109 0.00482949 0.00340538 0.001884 0.00130428 -0.00193839 0.0120524 0.00923611 0.00174641 0.00328307 0.00160027 0.0175845 -0.000230804 0.0100718 -0.0010545 0.00188114 0.00768248 0.00625 0.000555554 -0.000133671 0.000167116
internal_weight=350190 348483 339311 338397 335069 48417 5016 43401 19241 14256 4985 4164 6319 3339 7937 821 432 4180 4642 2962 414 286652 836 30237 2238 548 1680 3348 256415 105136
internal_count=350190 348483 339311 338397 335069 48417 5016 43401 19241 14256 4985 4164 6319 3339 7937 821 432 4180 4642 2962 414 286652 836 30237 2238 548 1680 3348 256415 105136
is_linear=0
shrinkage=0.05


Tree=53
num_leaves=31
num_cat=0
split_feature=6 3 10 15 11 10 10 3 11 15 15 10 14 10 10 5 14 11 3 14 10 10 10 10 10 11 10 10 10 10
split_gain=6.05093 5.11751 4.80692 5.1381 4.18145 9.39042 5.83616 10.0531 8.07907 4.94603 6.84072 4.87652 4.6512 4.12853 3.87959 3.99926 3.85342 16.3833 8.07813 5.03157 7.39344 6.3715 10.7491 6.29811 6.98297 9.40409 10.1915 5.97099 39.9569 12.0467
threshold=0.14953782800147805 0.0053617996181101199 -0.029463617054616639 -0.010070951147416627 -0.022075867554235681 0.0027897371119552932 -0.017312021268647334 -0.0082571444042326397 -0.022672230022230119 0.0026099879127087226 0.0077408928830380317 -0.013932246020769588 0.10035719925481736 -0.020247537407416468 0.069033394894507452 0.017965221002840873 0.15522193331306103 -0.010447904768034031 -0.015895401123473426 0.10924586065415166 -0.013788046856732237 -0.010112214023305697 -0.0066318255554698715 -0.005068200370119679 -0.0043670108035313007 -0.0065367451914458133 -0.004502832663512756 -0.0022949060823098106 -0.0021924324400806601 -0.0017418518587148377
decision_type=2 2 2 2 2 2 2 2 2 2 2 2 2 2 2 2 2 2 2 2 2 2 2 2 2 2 2 2 2 2
left_child=1 4 -2 -4 5 6 13 12 -9 -10 -11 -6 -8 -1 15 -5 19 -18 -19 20 -13 -22 -23 -24 25 26 -25 -26 -29 -30
right_child=2 -3 3 14 11 -7 7 8 9 10 -12 16 -14 -15 -16 -17 17 18 -20 -21 21 22 23 24 27 -27 -28 28 29 -31
leaf_value=9.5951570765454001e-06 -0.00024118896113577387 8.1730681635004834e-06 4.433036526768218e-05 -3.763018529193683e-06 -0.00011343697274500374 -0.00012334668951293607 0.00023892376592948438 8.0255055580461647e-06 8.4556460798613603e-05 0.0003608741161594659 0.0002006697991002361 0.00011018656210792342 7.4478175758546064e-05 -0.00020406422783398275 -0.00089392759511691818 5.3377352245856711e-05 -0.00015232992882491659 0.00053397443432889294 0.00014085671298180244 -9.7786352382085197e-05 -9.3878695463720031e-05 4.3947017732503194e-05 -7.5752290197214514e-05 4.6754158849176387e-05 -4.6153878689344434e-05 2.635815373123618e-05 0.00028700924792163707 0.00029974617585609747 6.3162683743064801e-05 -1.6951770518151437e-05
leaf_weight=1913 1197 43123 18888 77352 4066 2524 1059 6332 562 58 143 623 698 755 418 21812 800 66 745 3228 4326 8183 7179 389 17168 2324 249 657 4981 118625
leaf_count=1913 1197 43123 18888 77352 4066 2524 1059 6332 562 58 143 623 698 755 418 21812 800 66 745 3228 4326 8183 7179 389 17168 2324 249 657 4981 118625
internal_value=-0.000130878 -0.00028049 0.000157645 0.000189498 -0.00039336 0.000436484 0.00104167 0.00165951 0.000821 0.00568152 0.0124129 -0.00046049 0.00504553 -0.00100825 4.60915e-05 6.63535e-05 -0.000419452 0.00201428 0.00702219 -0.000442799 -0.000404484 -0.000425127 -0.000373855 -0.000469151 -0.000397285 0.0020054 0.00738244 -0.000447605 -0.000326848 -0.000392215
internal_weight=350443 230776 119667 118470 187653 14044 11520 8852 7095 763 201 173609 1757 2668 99582 99164 169543 1611 811 167932 164704 164081 159755 151572 144393 2962 638 141431 124263 123606
internal_count=350443 230776 119667 118470 187653 14044 11520 8852 7095 763 201 173609 1757 2668 99582 99164 169543 1611 811 167932 164704 164081 159755 151572 144393 2962 638 141431 124263 123606
is_linear=0
shrinkage=0.05


Tree=54
num_leaves=31
num_cat=0
split_feature=4 3 10 10 9 11 10 14 14 10 12 11 12 12 14 14 3 14 1 14 9 15 10 14 12 15 14 12 4 15
split_gain=5.84868 4.87072 5.33775 14.2791 8.13307 6.69414 12.8113 6.45821 7.06158 5.37964 11.1818 9.17788 8.71949 30.7098 18.2724 15.9371 9.41463 8.30495 7.85493 7.06776 8.99819 9.95304 7.68755 6.44688 8.43652 11.1796 10.9533 17.8424 7.18314 6.31488
threshold=0.041869889014313176 0.00075202105954297338 0.013083365701406781 0.012389128788806604 0.1147793312510892 0.041951569626952907 0.018351257101428379 -0.056340529311790281 -0.041919346279260132 0.0079905990747169992 0.088722809372456704 0.016075391747766069 0.0062346335449628984 0.0061046403867389696 -0.056340529311790281 -0.023857248245640224 0.0066834867769164372 0.02559063550932739 -0.0078196320880937181 -0.083456210331023115 -0.23326455723751408 0.010705208938836088 0.0090978637480118047 0.033407835612495503 -0.0075921300584320664 -0.0003140704756786627 0.035381364185180238 0.01493884956091618 0.021039457937648214 0.0089953333108695483
decision_type=2 2 2 2 10 2 2 2 2 2 2 2 2 2 2 2 2 2 2 2 10 2 2 2 2 2 2 2 2 2
left_child=1 -1 3 9 -5 7 -7 -4 -9 23 12 -12 13 14 29 16 -16 19 -13 20 21 -14 -22 -3 -25 26 27 28 -26 -11
right_child=-2 2 5 4 -6 6 -8 8 -10 10 11 18 17 -15 15 -17 -18 -19 -20 -21 22 -23 -24 24 25 -27 -28 -29 -30 -31
leaf_value=-1.3975912477577447e-05 4.5711652332163042e-05 -1.0466279902785062e-05 -8.208837819941874e-05 8.7734367482501349e-05 0.00023748334735419134 -7.1126971048282876e-05 0.00036420031467991777 0.00010582868570444013 -4.8509555409930293e-05 7.3442597912928322e-05 -0.00028293022318575143 0.00066850737914532542 3.0683050807420836e-05 0.0015662459278146285 0.00017379061169005768 4.5693130930618685e-06 0.00038000831872767829 0.00022039012376679864 0.00024456461703112152 -3.8315491465721142e-05 0.00013972129976449173 0.00027418676642045574 -8.5392970382038471e-06 -2.6270929459312214e-05 0.00027949262337500331 -1.7811434335671425e-05 6.4570672923316137e-05 4.4782051158014219e-05 0.00088628144253919479 -5.3853196625451117e-05
leaf_weight=172304 28856 86938 8294 1085 326 356 310 912 1973 1634 175 182 384 166 626 817 543 498 351 10576 327 296 3119 7918 88 7066 11051 309 119 2700
leaf_count=172304 28856 86938 8294 1085 326 356 310 912 1973 1634 175 182 384 166 626 817 543 498 351 10576 327 296 3119 7918 88 7066 11051 309 119 2700
internal_value=-0.000140581 -0.000201794 7.408e-06 9.52688e-05 0.00509922 -0.00101098 0.00385886 -0.0013011 0.000736567 4.33081e-05 0.000751539 0.00693503 0.000549662 0.00208449 0.0015269 0.00549849 0.00924294 -0.000105264 0.010197 -0.000320366 0.0014348 0.00669118 0.000397561 -9.64423e-05 0.000585476 0.00116648 0.00212371 0.00924418 0.0206039 -0.000293033
internal_weight=350299 321443 149139 137294 1411 11845 666 11179 2885 135883 22394 708 21686 6486 6320 1986 1169 15200 533 14702 4126 680 3446 113489 26551 18633 11567 516 207 4334
internal_count=350299 321443 149139 137294 1411 11845 666 11179 2885 135883 22394 708 21686 6486 6320 1986 1169 15200 533 14702 4126 680 3446 113489 26551 18633 11567 516 207 4334
is_linear=0
shrinkage=0.05


Tree=55
num_leaves=31
num_cat=0
split_feature=9 10 6 8 3 14 14 14 12 12 12 12 16 10 4 14 14 10 6 15 12 10 10 12 9 10 10 12 14 12
split_gain=5.51008 5.20953 5.29464 4.64122 5.07253 4.75431 7.8334 8.41706 14.8967 6.83732 30.3776 9.087 12.7212 9.95527 9.42736 6.65955 10.3231 8.54681 6.47555 6.40458 6.2028 8.16469 7.7178 8.8971 8.40681 5.59339 9.9897 9.78219 17.4766 16.5026
threshold=0.39085652129479725 -0.029463617054616639 1.8167655479495191 inf 0.00075202105954297338 0.033407835612495503 0.035381364185180238 0.034598532642722286 0.01493884956091618 -0.0097422430740965443 -0.010763063005060467 -0.01585306410103415 -0.013650314333673695 0.0093014184635529257 0.065244792978263508 -0.098691693357393515 -0.086337752297859935 0.0056894670229157293 0.12621226451505743 -0.0076054887760133574 0.032488818587014141 -0.0036672927234202564 -0.0048383307689184299 0.03728924944291568 0.11644760224794716 0.0039191620511181977 0.0030905766742578282 0.088722809372456704 -0.042495657697534488 0.048546370435733628
decision_type=10 2 2 8 2 2 2 2 2 2 2 2 2 2 2 2 2 2 2 2 2 2 2 2 8 2 2 2 2 2
left_child=1 -1 3 4 -3 9 7 -7 19 10 11 12 14 -13 -6 -11 17 -17 -12 -9 -8 22 23 -22 -24 26 -18 29 -29 -27
right_child=-2 2 -4 -5 5 6 20 8 -10 15 18 13 -14 -15 -16 16 25 -19 -20 -21 21 -23 24 -25 -26 27 -28 28 -30 -31
leaf_value=-0.00020563173696212163 0.00010664995940034059 -1.3886385854183993e-05 2.7918869874685903e-05 -5.239142645634997e-05 5.9080133820945512e-05 2.1104520083894347e-05 1.8192990046245024e-06 0.0012487974040756634 6.9884385175517604e-05 -8.3834900243671774e-05 0.00042710793485386302 2.0871971712688067e-05 -2.6269086115165053e-05 0.00022030666872997824 0.00063275299972445371 0.00028799055488599621 -1.3012072793769605e-05 4.8359767953765055e-05 0.00015513673960510183 0.00038184978774103302 0.00018946560923134939 3.2995615428994734e-06 0.00038512656148973493 -1.5782859193191911e-06 6.1313905214729198e-05 1.6887324316898403e-05 -9.9406373316755008e-05 0.00035969451842429614 -3.1090968627601839e-07 -0.00010588733355885202
leaf_weight=1666 8635 162007 25029 11367 6625 765 18786 40 436 5978 142 1079 13085 930 297 221 40579 2746 47 168 562 2251 220 953 236 32261 5689 474 803 6269
leaf_count=1666 8635 162007 25029 11367 6625 765 18786 40 436 5978 142 1079 13085 930 297 221 40579 2746 47 168 562 2251 220 953 236 32261 5689 474 803 6269
internal_value=-0.000138521 -0.000170043 -0.000156378 -0.00021199 -0.000174858 4.37005e-05 0.00067842 0.00429737 0.00850932 -8.85062e-05 0.000701417 0.000530068 0.000208176 0.00373569 0.00194163 -0.000273102 -0.000164643 0.00273508 0.0206614 0.0195192 0.000456796 0.00218854 0.0045383 0.00282178 0.0102412 -0.000264596 -0.000638455 0.000169944 0.00447533 2.72503e-05
internal_weight=350346 341711 340045 315016 303649 141642 24417 1409 644 117225 22205 22016 20007 2009 6922 95020 89042 2967 189 208 23008 4222 1971 1515 456 86075 46268 39807 1277 38530
internal_count=350346 341711 340045 315016 303649 141642 24417 1409 644 117225 22205 22016 20007 2009 6922 95020 89042 2967 189 208 23008 4222 1971 1515 456 86075 46268 39807 1277 38530
is_linear=0
shrinkage=0.05


Tree=56
num_leaves=31
num_cat=0
split_feature=6 13 13 7 10 0 11 5 3 6 10 10 11 11 11 3 11 10 4 6 11 10 13 2 13 13 11 14 10 11
split_gain=4.94715 5.64109 10.022 7.44186 6.58455 6.04586 5.74665 4.73015 4.63712 4.40851 4.34013 12.3265 7.9312 21.0773 7.76923 7.43266 6.77792 9.28024 9.95917 7.04615 6.65018 6.41935 6.09862 6.3089 6.05685 24.1692 12.1296 11.2425 10.7233 30.2028
threshold=0.65975251670972024 27.855000495910648 26.494999885559086 -0.025295504726598413 -0.023232584216571036 -0.037300351578771977 -0.021144152868659557 0.020358947597861429 0.009615384615384694 2.1795158553597989 0.010752578369107592 0.0089823592217616061 -0.0083605028884894388 -0.0088251429249220897 0.048884011617049812 0.00081078722727900854 0.040036365268930958 0.005458267137836704 0.042492795238561892 -0.38299950258501736 0.055089070975680061 0.0077209481732855032 14.920000076293947 0.10255682724135963 16.469999313354496 16.675000190734867 -0.0062885376888598956 -0.091137781806863202 0.0057742821370848638 0.014702538951249068
decision_type=2 2 2 2 2 2 2 2 2 2 2 2 2 2 2 2 2 2 2 2 2 2 2 2 2 2 2 2 2 2
left_child=8 2 4 6 5 -2 -4 -6 10 -8 11 14 13 -12 16 -15 24 18 22 -20 -14 -19 -18 -24 27 26 -26 -1 -27 -30
right_child=1 -3 3 -5 7 -7 9 -9 -10 -11 12 -13 20 15 -16 -17 17 21 19 -21 -22 -23 23 -25 25 28 -28 -29 29 -31
leaf_value=0.0002031793213162039 0.00093606770458813887 -0.00015693247055444261 0.00019230732600535329 -2.5826496326052661e-05 8.0939429445686552e-07 0.00011537322039634688 0.00045248150550024357 0.00010549375588678435 2.2154792871657521e-05 0.00022039858940010464 -5.2510909656268473e-06 4.0724810068131015e-05 -6.3322958380504393e-05 0.00090437669728716467 -0.00018174861072065994 0.0015518100962225929 -5.3147370506727788e-05 -0.0001685871462253266 0.0015284359383549624 0.00060972753122194958 0.00011147257086120521 0.00010648836404022176 0.00017493730057670451 -9.487985283537041e-05 0.00015218800128015593 -1.7803141189549732e-05 5.148811013327978e-05 -2.1214854982975897e-05 -1.5483169913766892e-05 0.00014470696015513883
leaf_weight=365 41 2300 529 437 59630 46 135 9658 22962 153 2446 13188 14216 218 2104 119 643 1069 125 73 358 254 1514 361 1383 91429 4827 108227 8220 3559
leaf_count=365 41 2300 529 437 59630 46 135 9658 22962 153 2446 13188 14216 218 2104 119 643 1069 125 73 358 254 1514 361 1383 91429 4827 108227 8220 3559
internal_value=-0.000147025 0.000219459 0.000298814 0.00472887 0.000218738 0.0139655 0.0075459 0.000201477 -0.000243284 0.0132292 -0.000304636 -0.00024882 -0.00106787 0.00137801 -0.000336222 0.0131009 -0.000307568 0.00172196 0.0033947 0.0141919 -0.00153493 -0.00171202 0.00254567 0.00398667 -0.000345169 -8.26201e-05 0.00294686 -0.000609715 -0.000264903 0.00115502
internal_weight=350589 72929 70629 1254 69375 87 817 69288 277660 288 254698 237341 17357 2783 224153 337 222049 4039 2716 198 14574 1323 2518 1875 218010 109418 6210 108592 103208 11779
internal_count=350589 72929 70629 1254 69375 87 817 69288 277660 288 254698 237341 17357 2783 224153 337 222049 4039 2716 198 14574 1323 2518 1875 218010 109418 6210 108592 103208 11779
is_linear=0
shrinkage=0.05


Tree=57
num_leaves=31
num_cat=0
split_feature=9 11 13 0 11 15 11 10 11 11 10 10 4 10 13 13 13 4 13 5 13 10 10 9 13 15 15 16 11 11
split_gain=6.10613 5.38418 5.39756 8.36159 8.48994 5.21461 4.38966 9.12948 5.21419 17.3444 11.7544 13.0624 11.4969 10.3912 14.735 9.06701 8.09414 9.32422 7.67744 6.91366 6.72063 8.46247 9.16563 6.24289 6.0709 7.42313 7.38715 8.10964 5.88303 32.9885
threshold=0.12952787544198854 -0.015853203269672541 22.270000457763675 -0.014734416346130817 -0.026323621770933166 -0.040614038365658738 0.048884011617049812 0.012115344776235994 0.025734816417073651 0.028003241711031971 0.0031820502402425403 0.0024569691854735569 0.029264098187531538 0.0057742821370848638 16.085000038146976 12.454999923706056 25.505000114440922 0.028419449759653551 16.164999961853031 0.016296822865591948 20.980000495910648 0.018351257101428379 0.02754279141626426 -0.078682979261807492 15.574999809265138 -0.0021761925252747334 0.0073094202174736065 0.0074195275721338225 0.021985300450528603 0.021459813769517781
decision_type=10 2 2 2 2 2 2 2 2 2 2 2 2 2 2 2 2 2 2 2 2 2 2 8 2 2 2 2 2 2
left_child=5 2 3 4 -2 -1 8 -8 28 13 11 16 -13 14 -10 19 -11 -18 -14 -12 21 -17 23 -23 25 -15 -26 -28 29 -7
right_child=1 -3 -4 -5 -6 6 7 -9 9 10 15 12 18 24 -16 20 17 -19 -20 -21 -22 22 -24 -25 26 -27 27 -29 -30 -31
leaf_value=-0.00045818250998247586 -2.9520165534531468e-05 5.1805009271245971e-06 -7.9564300357795519e-06 6.0708845991707571e-05 0.00040214705230357071 -1.0087098059619447e-05 -0.00013484156500893275 0.00010079628264287695 0.0002755404947546163 1.0638655306467917e-05 0.00019300389272965959 7.3435566345345503e-05 8.9289085987921297e-05 0.00017665499469459101 -7.7773314792876338e-05 -4.301112054743366e-05 0.00010934620597638195 0.0013293645319527652 0.00064989427392997737 0.00093768062474659645 -0.00024762255336882735 0.00062709939632195127 -3.7206640182990077e-05 0.0001756932521549347 8.8054858666741816e-05 5.2894850478998776e-05 0.00048104809446964216 0.00024768422757980133 -5.1900389312940976e-05 0.00019979649609537487
leaf_weight=1192 279 65888 2701 3776 662 233242 3176 710 581 7058 251 652 99 94 1391 10141 203 145 258 41 1830 128 378 249 668 975 40 560 10521 2144
leaf_count=1192 279 65888 2701 3776 662 233242 3176 710 581 7058 251 652 99 94 1391 10141 203 145 258 41 1830 128 378 249 668 975 40 560 10521 2144
internal_value=-0.000124461 0.000281285 0.00155837 0.00257897 0.00679596 -0.000231945 -0.000217669 -0.00188626 -0.000193799 0.000483256 -9.86808e-05 0.00135769 0.00669475 0.00337781 0.000704867 -0.0010401 0.000630569 0.00807471 0.0139076 0.00767123 -0.00123998 -0.000769091 0.00433775 0.00985411 0.00563329 0.00285781 0.00797318 0.012 -0.000264674 -0.000212971
internal_weight=350033 73306 7418 4717 941 276727 275535 3886 271649 25742 21433 8415 1009 4309 1972 13018 7406 348 357 292 12726 10896 755 377 2337 1069 1268 600 245907 235386
internal_count=350033 73306 7418 4717 941 276727 275535 3886 271649 25742 21433 8415 1009 4309 1972 13018 7406 348 357 292 12726 10896 755 377 2337 1069 1268 600 245907 235386
is_linear=0
shrinkage=0.05


Tree=58
num_leaves=31
num_cat=0
split_feature=6 13 13 11 10 0 7 15 5 13 13 12 13 13 13 9 9 13 13 10 15 13 14 10 14 3 12 11 12 3
split_gain=5.52496 5.29739 9.44377 6.87946 5.38139 6.01494 5.33987 5.10164 4.82498 4.52284 4.24052 4.74879 11.7742 9.31345 7.82782 5.33151 4.24093 5.768 6.91954 6.02771 5.14594 4.25682 7.40159 4.98361 5.96286 10.5937 6.37005 5.31052 5.81527 6.27712
threshold=0.14953782800147805 27.855000495910648 26.494999885559086 -0.021144152868659557 -0.023232584216571036 -0.017899647663242976 -0.025867953762329417 -0.0099021681940033007 0.025428177471829579 12.230000019073488 22.429999351501468 0.016002648636263554 13.59500026702881 13.234999656677248 21.82499980926514 0.083589948690936403 -0.21206689675027166 19.115000724792484 20.154999732971195 -0.009254911904007011 -0.010233194496258256 21.295000076293949 0.15522193331306103 -0.011231004293396683 0.15522193331306103 -0.011307965415958186 -0.010763063005060467 0.005791561968896298 -0.052281388412141021 -0.0059816531147490184
decision_type=2 2 2 2 2 2 2 2 2 2 2 2 2 2 2 8 10 2 2 2 2 2 2 2 2 2 2 2 2 2
left_child=9 2 4 -4 5 -2 7 -5 10 -1 11 12 13 -6 -13 -15 17 -14 19 -19 -21 23 -23 -18 26 -26 27 28 29 -25
right_child=1 -3 3 6 8 -7 -8 -9 -10 -11 -12 14 16 15 -16 -17 21 18 -20 20 -22 22 -24 24 25 -27 -28 -29 -30 -31
leaf_value=-6.3805145523954747e-05 0.00077094144093930398 -0.00011011005679894353 8.0997388256711988e-05 0.00049301384230905382 -3.0789318433861175e-05 -0.0001817705903290567 3.8246429310341481e-05 0.00014792884968745735 0.00014310824343130718 -8.8833975717717446e-06 -5.4572370204893019e-05 -9.1972309396401379e-06 -4.7433566884757253e-05 4.2784928625853232e-05 0.00019342244288975176 0.00021612714687076174 -3.5603418478742251e-05 -3.7958109001313941e-05 -3.894595575781683e-05 0.0004411182934152397 0.00017242067494977877 -0.00014600250719204336 0.00020771487718829179 0.00026805643638715652 0.00041899827124650628 -2.0924239883206972e-05 2.6556094966813433e-05 5.4161483302312844e-06 0.00011183865831686717 7.6746708611549213e-05
leaf_weight=3806 94 3400 1344 173 486 57 143 152 7320 226950 6262 60575 7985 304 397 745 3724 302 1109 139 590 1688 241 180 48 66 16335 1682 3874 160
leaf_count=3806 94 3400 1344 173 486 57 143 152 7320 226950 6262 60575 7985 304 397 745 3724 302 1109 139 590 1688 241 180 48 66 16335 1682 3874 160
internal_value=-0.000139312 0.000136524 0.000193457 0.00377483 0.000136713 0.00956954 0.00899573 0.0125385 0.000124241 -0.000282247 3.91973e-05 0.000117757 0.000543647 0.00483713 -0.000159255 0.00748808 0.000370772 -0.000506174 0.00179906 0.00474782 0.0072085 0.000687905 -0.00157854 0.000855613 0.00113784 0.0125439 0.00107935 0.00248813 0.00343616 0.00970588
internal_weight=350331 119575 116175 1812 114363 151 468 325 114212 230756 106892 100630 39658 1535 60972 1049 38123 10125 2140 1031 729 27998 1929 26069 22345 114 22231 5896 4214 340
internal_count=350331 119575 116175 1812 114363 151 468 325 114212 230756 106892 100630 39658 1535 60972 1049 38123 10125 2140 1031 729 27998 1929 26069 22345 114 22231 5896 4214 340
is_linear=0
shrinkage=0.05


Tree=59
num_leaves=31
num_cat=0
split_feature=9 13 16 15 14 14 12 16 15 12 6 13 13 14 14 14 13 14 14 12 12 12 12 14 13 16 2 13 12 12
split_gain=4.95358 4.7043 5.11162 5.26813 5.26116 4.79444 6.41509 6.27869 7.51276 4.63528 4.52508 4.19061 4.16363 13.8759 11.87 22.9366 14.7882 9.40104 10.6598 8.32831 8.65593 7.39254 12.6603 7.03946 6.61147 5.86758 5.2195 5.07968 5.23585 18.0698
threshold=0.44708377826340268 39.645000457763679 -0.032245971091500007 -0.040614038365658738 -0.066405515647089006 -0.051673805703282331 -0.03642968339980051 -0.036799954637354741 0.0015159180007603414 -0.080083523859072289 0.1040302644965166 12.230000019073488 13.554999828338625 -0.049859902036150087 -1.0000000180025095e-35 0.0091478412114857095 12.644999980926515 0.0080830591469587282 0.00619378828642947 0.023352386170719889 0.036336502962703417 0.034974861903111061 0.048271173307768651 0.082844690184075601 13.47499990463257 -0.00026628406280482236 0.14347803828566821 14.340000152587892 0.031113893842954491 0.035278899602472887
decision_type=10 2 2 2 2 2 2 2 2 2 2 2 2 2 2 2 2 2 2 2 2 2 2 2 2 2 2 2 2 2
left_child=1 2 3 -1 9 6 -6 8 -8 -5 11 -4 13 -13 -15 16 -16 18 19 -18 25 -17 23 24 -23 -21 -22 28 -14 -30
right_child=-2 -3 10 4 5 -7 7 -9 -10 -11 -12 12 27 14 15 21 17 -19 -20 20 26 22 -24 -25 -26 -27 -28 -29 29 -31
leaf_value=-0.00043603915617586374 0.0001409954517792875 -0.00023979910475923911 -6.6777718801497003e-05 0.0008684643678371738 -0.00016369192355485113 3.5085546305776428e-05 0.00019172339339687354 -3.295455441658592e-05 0.0010268311700538095 -6.9855462823994842e-05 3.5552960232317437e-06 0.00011786037805956243 -7.0724396932516975e-05 -3.1325156543665762e-05 -0.00013552276949747635 -7.1305702708608895e-05 2.736486701082342e-05 0.00031127507081452305 -1.0732342664494442e-05 0.00031612653283678437 9.9167702859625042e-05 9.8226567049636743e-05 -5.7877741584681624e-05 -0.00048523086933357964 -0.00013808404302526736 0.00017142165441549342 0.00030458414266173876 -9.5162873459110576e-06 9.194254764021884e-05 -4.1356765433902169e-05
leaf_weight=722 6431 1693 3539 59 191 15956 411 171 53 3057 111425 2435 9055 16195 420 3599 559 647 782 62 733 2128 1988 230 229 267 79 155998 2161 9053
leaf_count=722 6431 1693 3539 59 191 15956 411 171 53 3057 111425 2435 9055 16195 420 3599 559 647 782 62 733 2128 1988 230 229 267 79 155998 2161 9053
internal_value=-0.000100593 -0.000126304 -0.000113296 0.000649853 0.000802089 0.00115242 0.00486683 0.00728346 0.0103017 -0.00108473 -0.000162229 -0.000298799 -0.000269578 0.000271306 -4.4417e-05 0.00116736 0.00452381 0.00570629 0.00430701 0.00652941 0.00897896 -0.000289945 0.00104371 0.00334944 0.00416419 0.0158207 0.0062069 -0.000362718 -0.00110736 -0.000385234
internal_weight=350328 343897 342204 20620 19898 16782 826 635 464 3116 321584 210159 206620 30353 27918 11723 3549 3129 2482 1700 1141 8174 4575 2587 2357 329 812 176267 20269 11214
internal_count=350328 343897 342204 20620 19898 16782 826 635 464 3116 321584 210159 206620 30353 27918 11723 3549 3129 2482 1700 1141 8174 4575 2587 2357 329 812 176267 20269 11214
is_linear=0
shrinkage=0.05


Tree=60
num_leaves=31
num_cat=0
split_feature=8 13 12 12 14 1 11 11 3 11 10 11 10 4 14 10 8 1 4 10 10 12 13 4 12 10 10 11 7 9
split_gain=5.17016 8.56958 5.80063 12.0982 6.79049 9.13389 8.32902 9.40825 11.7916 4.53905 7.99355 5.29475 12.3193 14.399 14.1211 10.4096 7.32328 7.2587 6.40999 5.93054 13.4628 6.98213 11.3566 7.89931 7.52829 5.99409 12.4674 20.5709 9.83184 15.8833
threshold=inf 26.494999885559086 -0.038320410846317647 -0.030911518629535614 -0.073802250117532039 0.034072241361867824 -0.010447904768034031 -0.029337465505850421 0.0022351580647586027 0.048884011617049812 0.012115344776235994 0.040036365268930958 0.0012069749261046649 0.028419449759653551 -0.061929277885563232 0.005458267137836704 0.04909742484341751 0.0082049278454825476 0.037615374736432623 0.014781364643582819 0.014498014142481199 -0.043864369041982591 18.94999980926514 0.076476762409945678 0.023603390957717577 0.0079905990747169992 0.010253967482983352 0.016075391747766069 -0.083443227062759737 inf
decision_type=8 2 2 2 2 2 2 2 2 2 2 2 2 2 2 2 10 2 2 2 2 2 2 2 2 2 2 2 2 8
left_child=9 2 -2 -4 5 -5 7 -6 -9 11 -11 19 13 -13 16 -16 18 -15 -14 20 25 23 24 -21 -23 -1 27 -27 29 -29
right_child=1 -3 3 4 6 -7 -8 8 -10 10 -12 12 14 17 15 -17 -18 -19 -20 21 -22 22 -24 -25 -26 26 -28 28 -30 -31
leaf_value=-5.7541193829759131e-06 -0.00032739551601018892 0.00023908788755207019 0.00018995674449339805 -1.7342100432979866e-05 -0.00013341831701254453 0.00059753657639360425 -0.0001444508266514916 0.00015065119450409731 -4.4844322937868029e-05 -0.00011544533829003382 8.4219630596832213e-05 8.1949163100303999e-05 0.00015910425160301932 0.00086139278358738204 6.0114403627072575e-05 -0.00011327105241201645 -3.5685689260472029e-05 0.0016750358407268521 0.0007511404315745302 2.8648019230116842e-05 0.0001654023796631049 -6.8529371450041834e-05 -0.00024310315917738286 0.0010117187008576696 4.8653156120476305e-05 1.2473843924787931e-05 -1.5596931865993337e-05 0.00040940185495982027 0.00012565796368979571 0.0010592073229171888
leaf_weight=272882 1715 444 426 280 1247 144 6451 869 803 3809 852 227 765 58 2544 2546 370 141 126 1955 856 3816 3840 152 2547 14872 19415 112 6182 65
leaf_count=272882 1715 444 426 280 1247 144 6451 869 803 3809 852 227 765 58 2544 2546 370 141 126 1955 856 3816 3840 152 2547 14872 19415 112 6182 65
internal_value=-0.000118842 -0.00112247 -0.00137621 -0.000924659 -0.00128344 0.00490566 -0.0015635 0.00065262 0.00310407 -8.20993e-05 -0.00163163 -6.04412e-05 0.00132286 0.00955399 0.000770744 -0.000402752 0.00550753 0.0193719 0.00796296 -8.91366e-05 -4.6982e-05 -0.00116572 -0.00170685 0.00145467 -0.000410971 -6.40784e-05 0.000502385 0.00133978 0.00371992 0.015339
internal_weight=350511 12379 11935 10220 9794 424 9370 2919 1672 338132 4661 333471 6777 426 6351 5090 1261 199 891 326694 314384 12310 10203 2107 6363 313528 40646 21231 6359 177
internal_count=350511 12379 11935 10220 9794 424 9370 2919 1672 338132 4661 333471 6777 426 6351 5090 1261 199 891 326694 314384 12310 10203 2107 6363 313528 40646 21231 6359 177
is_linear=0
shrinkage=0.05


Tree=61
num_leaves=31
num_cat=0
split_feature=8 11 14 14 14 1 10 15 11 12 15 5 10 12 12 10 11 10 14 8 10 10 12 12 12 16 14 9 0 15
split_gain=4.84887 4.63649 9.55542 12.7157 8.57895 8.20417 4.43579 5.76723 8.80648 13.7724 10.2583 9.94321 7.56623 10.9625 6.14016 13.6784 11.5799 16.8792 11.1585 11.1041 6.32766 7.86837 19.2121 9.4529 18.4661 8.63601 9.95786 6.68161 6.25562 5.76207
threshold=inf -0.0071058242235014215 -0.048319541899194234 0.090945376715582463 -0.073802250117532039 0.023741078583574108 -0.029463617054616639 -0.0085433752464293949 -0.023324980459216712 -0.018483579206587993 -0.0087237882475351674 0.020676555672393796 -0.017312021268647334 -0.057938720016513449 0.0017110127161689139 -0.0075899175326858406 -0.015853203269672541 -0.0045512787110520972 0.15522193331306103 -0.016275452143000576 -0.016459345362290764 -0.0078147006564366888 0.029587850258833818 0.0048491469985487709 0.0037861814309102519 -0.0030147481624567258 0.071117405502143641 0.055672959453345279 -0.019727915898328226 -0.015592286553426536
decision_type=8 2 2 2 2 2 2 2 2 2 2 2 2 2 2 2 2 2 2 10 2 2 2 2 2 2 2 10 2 2
left_child=6 2 -2 -4 5 -3 -1 8 9 10 -8 -11 -10 -14 15 -15 17 19 20 -17 -16 22 27 24 -23 -24 -27 -22 -20 -28
right_child=1 4 3 -5 -6 -7 7 -9 12 11 -12 -13 13 14 18 16 -18 -19 28 -21 21 23 25 -25 -26 26 29 -29 -30 -31
leaf_value=-0.00020279214933819083 -0.00046891325125323117 -4.0615138012915945e-05 7.69332778815235e-05 -0.00016986550945420216 -0.00014060927513817446 0.00033553604065007201 9.4974722388938574e-06 -6.1527458773292619e-06 -0.00017446440433121322 0.00010920874043043542 0.00023100085121917298 0.00055363768526479581 0.00013232296161936913 -9.5869900620333952e-05 -0.00026272341698133854 0.0013155695522952631 1.532602630325397e-05 1.5468187262261272e-05 0.00034159591429486788 0.00011808638231421319 -8.0843096328943355e-05 9.2795560732227911e-05 6.5500168481548475e-05 -2.6517793132983216e-06 0.0011406466180680619 6.4405412690991343e-05 0.00034408278226005789 9.5824040452659136e-05 0.00010931918890549159 0.00018058470438275681
leaf_weight=1704 865 221 3378 1241 6431 209 6096 283348 1856 2537 53 516 1048 7735 729 132 4557 294 148 92 2239 558 766 21079 62 292 385 1278 259 262
leaf_count=1704 865 221 3378 1241 6431 209 6096 283348 1856 2537 53 516 1048 7735 729 132 4557 294 148 92 2239 558 766 21079 62 292 385 1278 259 262
internal_value=-0.000114166 -0.00108749 -3.64817e-06 0.000899544 -0.0019538 0.00488372 -7.86196e-05 -6.57271e-05 0.000413134 0.00181917 0.000456171 0.00456436 0.000117542 0.000255874 0.000126384 -0.000780641 0.00123645 0.00832046 0.000540506 0.0186607 0.000419529 0.000543998 0.00228648 0.000124659 0.00620968 0.00664223 0.00985623 0.000174864 0.00875921 0.0133153
internal_weight=350370 12345 5484 4619 6861 430 338025 336321 52973 9202 6149 3053 43771 41915 40867 12810 5075 518 28057 224 27650 26921 5222 21699 620 1705 939 3517 407 647
internal_count=350370 12345 5484 4619 6861 430 338025 336321 52973 9202 6149 3053 43771 41915 40867 12810 5075 518 28057 224 27650 26921 5222 21699 620 1705 939 3517 407 647
is_linear=0
shrinkage=0.05


end of trees

feature_importances:
spy_ret_1d=329
spy_ret_5d=279
spy_ret_20d=254
vix_level=252
vix_chg_1d=234
atr_pct=95
dist_ma200=68
overnight_gap=65
sector_ret_1d=61
dist_ma50=49
sector_ret_5d=49
dvol_z_20=35
ret_20d=27
parkinson_20=25
ret_5d=15
dist_ma20=15
ret_1d=8

parameters:
[boosting: gbdt]
[objective: quantile]
[metric: quantile]
[tree_learner: serial]
[device_type: cpu]
[data_sample_strategy: bagging]
[data: ]
[valid: ]
[num_iterations: 120]
[learning_rate: 0.05]
[num_leaves: 31]
[num_threads: -1]
[seed: 0]
[deterministic: 0]
[force_col_wise: 1]
[force_row_wise: 0]
[histogram_pool_size: -1]
[max_depth: -1]
[min_data_in_leaf: 40]
[min_sum_hessian_in_leaf: 0.001]
[bagging_fraction: 0.85]
[pos_bagging_fraction: 1]
[neg_bagging_fraction: 1]
[bagging_freq: 1]
[bagging_seed: 3]
[bagging_by_query: 0]
[feature_fraction: 0.85]
[feature_fraction_bynode: 1]
[feature_fraction_seed: 2]
[extra_trees: 0]
[extra_seed: 6]
[early_stopping_round: 0]
[early_stopping_min_delta: 0]
[first_metric_only: 0]
[max_delta_step: 0]
[lambda_l1: 0]
[lambda_l2: 0]
[linear_lambda: 0]
[min_gain_to_split: 0]
[drop_rate: 0.1]
[max_drop: 50]
[skip_drop: 0.5]
[xgboost_dart_mode: 0]
[uniform_drop: 0]
[drop_seed: 4]
[top_rate: 0.2]
[other_rate: 0.1]
[min_data_per_group: 100]
[max_cat_threshold: 32]
[cat_l2: 10]
[cat_smooth: 10]
[max_cat_to_onehot: 4]
[top_k: 20]
[monotone_constraints: ]
[monotone_constraints_method: basic]
[monotone_penalty: 0]
[feature_contri: ]
[forcedsplits_filename: ]
[refit_decay_rate: 0.9]
[cegb_tradeoff: 1]
[cegb_penalty_split: 0]
[cegb_penalty_feature_lazy: ]
[cegb_penalty_feature_coupled: ]
[path_smooth: 0]
[interaction_constraints: ]
[verbosity: -1]
[saved_feature_importance_type: 0]
[use_quantized_grad: 0]
[num_grad_quant_bins: 4]
[quant_train_renew_leaf: 0]
[stochastic_rounding: 1]
[linear_tree: 0]
[max_bin: 255]
[max_bin_by_feature: ]
[min_data_in_bin: 3]
[bin_construct_sample_cnt: 200000]
[data_random_seed: 1]
[is_enable_sparse: 1]
[enable_bundle: 1]
[use_missing: 1]
[zero_as_missing: 0]
[feature_pre_filter: 1]
[pre_partition: 0]
[two_round: 0]
[header: 0]
[label_column: ]
[weight_column: ]
[group_column: ]
[ignore_column: ]
[categorical_feature: ]
[forcedbins_filename: ]
[precise_float_parser: 0]
[parser_config_file: ]
[objective_seed: 5]
[num_class: 1]
[is_unbalance: 0]
[scale_pos_weight: 1]
[sigmoid: 1]
[boost_from_average: 1]
[reg_sqrt: 0]
[alpha: 0.9]
[fair_c: 1]
[poisson_max_delta_step: 0.7]
[tweedie_variance_power: 1.5]
[lambdarank_truncation_level: 30]
[lambdarank_norm: 1]
[label_gain: ]
[lambdarank_position_bias_regularization: 0]
[eval_at: ]
[multi_error_top_k: 1]
[auc_mu_weights: ]
[num_machines: 1]
[local_listen_port: 12400]
[time_out: 120]
[machine_list_filename: ]
[machines: ]
[gpu_platform_id: -1]
[gpu_device_id: -1]
[gpu_device_id_list: ]
[gpu_use_dp: 0]
[num_gpu: 1]

end of parameters

pandas_categorical:[]
