tree
version=v4
num_class=1
num_tree_per_iteration=1
label_index=0
max_feature_idx=16
objective=quantile
feature_names=ret_1d ret_5d ret_20d overnight_gap atr_pct parkinson_20 dvol_z_20 dist_ma20 dist_ma50 dist_ma200 spy_ret_1d spy_ret_5d spy_ret_20d vix_level vix_chg_1d sector_ret_1d sector_ret_5d
feature_infos=[-0.21295914156004958:0.56020605280103042] [-0.2755203171456887:1.1923076923076925] [-0.41607565011820324:2.1758241758241756] [-0.22329288603378539:0.39305555555555549] [0.0083856704346131593:0.25944333996023855] [0.005498378120270919:0.14313012445940448] [-2.7720065780514602:4.3437964052103704] [-0.29908995449772491:0.95360899005906918] [-0.39558289860103901:1.5813495184256543] [-0.46189765688263329:1.3429021688280627] [-0.058542947643003718:0.10501933612632941] [-0.11496158439845272:0.082843216242346029] [-0.12265592443394913:0.15756596870864792] [11.859999656677246:52.330001831054688] [-0.35753873962348437:0.74039073966007019] [-0.060397403108400582:0.10888057162300102] [-0.11617882919005618:0.10060180541624875]
tree_sizes=2939 3037 3002 3075 3030 3048 3060 3069 3048 3050 3067 3067 3061 3053 3012 3080 3059 3055 3035 3068 3052 3064 3075 3067 3035 3034 3068 3037 3034 3002 3016 3070 3041 3039 3043 2999 3055 3050 3086 3037 3054 3036 3050 3033 3058

Tree=0
num_leaves=31
num_cat=0
split_feature=4 16 5 4 10 16 16 5 14 10 14 12 14 12 14 16 5 9 12 6 15 10 10 16 4 12 12 14 16 16
split_gain=195.214 75.1731 52.4821 22.445 20.1054 17.9563 11.4591 10.6697 11.5084 10.0678 9.62039 8.85593 15.6832 11.4496 11.0618 8.64935 8.48554 8.17442 12.2857 7.85254 7.26033 7.1056 10.3892 6.72066 6.61268 6.64247 8.59135 6.77593 6.54018 9.20417
threshold=0.021089776320268039 -0.019459099802099252 0.021761925407605208 0.015916056845890907 -0.0065884728107576387 -0.075130809185030276 0.011609851269734907 0.022852951146339121 -0.16769008837329388 -0.0012214211173433573 -0.061929277885563232 -0.024923453703148576 0.028010740507291913 -0.019164236455942892 -0.056340529311790281 0.010221493646155213 0.049323834977350212 0.1816771351772494 -0.05023266322533259 0.31642337957804589 0.015380960154217862 -0.0074311122071506466 -0.0016165810670417111 -0.0082754589470619404 0.026244728035287237 -0.0036881752830155707 -0.0081213337469206431 0.014555585659076444 0.016738442898034948 0.063425826647440689
decision_type=2 2 2 2 2 2 2 2 2 2 2 2 2 2 2 2 2 8 2 2 2 2 2 2 2 2 2 2 2 2
left_child=3 5 4 -1 6 -2 -3 21 -9 23 15 12 14 -13 -12 -6 19 -16 -19 -4 -17 -7 -23 -5 -15 26 27 -26 -22 -30
right_child=1 2 16 9 10 7 -8 8 -10 -11 11 13 -14 24 17 20 -18 18 -20 -21 28 22 -24 -25 25 -27 -28 -29 29 -31
leaf_value=0.0099898594664409764 0.011731253657490014 0.010373830469325185 0.010341877490282059 0.010186247900128365 0.010150139266625047 0.01030075722374022 0.010037868726067245 0.0089858276769518852 0.01098021692596376 0.010043559782207011 0.0099222683580592278 0.0097248498117551204 0.010751560796052217 0.010093474807217718 0.01009707220364362 0.0104421362048015 0.011719346605241298 0.0097454637696500861 0.010513980034738779 0.010620869882404804 0.010533789964392781 0.01053458177484572 0.010310867428779602 0.010064957663416862 0.010330636706203222 0.010172555502504111 0.0095839111949317154 0.0096239807375241068 0.010071001248434186 0.010688723158091306
leaf_weight=2335 156 1292 2813 1206 1063 1327 225 47 772 4712 98 121 147 5007 362 468 217 43 301 979 98 748 1335 1440 131 5133 101 78 360 72
leaf_count=2335 156 1292 2813 1206 1063 1327 225 47 772 4712 98 121 147 5007 362 468 217 43 301 979 98 748 1335 1440 131 5133 101 78 360 72
internal_value=0.0101473 0.0126104 0.0112556 0.00417703 0.00990542 0.0185146 0.0153648 0.0179 0.0230247 0.00553242 0.00929569 0.00873291 0.0133545 0.00831714 0.010609 0.0124419 0.016341 0.012794 0.0183132 0.0157907 0.0157849 0.0166692 0.018491 0.00800054 0.0084942 0.00970055 0.00259298 0.00837937 0.0117774 0.00913196
internal_weight=33187 23494 19109 9693 15100 4385 1517 4229 819 7358 13583 11522 951 10571 804 2061 4009 706 344 3792 998 3410 2083 2646 10450 5443 310 209 530 432
internal_count=33187 23494 19109 9693 15100 4385 1517 4229 819 7358 13583 11522 951 10571 804 2061 4009 706 344 3792 998 3410 2083 2646 10450 5443 310 209 530 432
is_linear=0
shrinkage=1


Tree=1
num_leaves=31
num_cat=0
split_feature=4 16 4 5 12 11 11 13 13 16 14 10 10 14 11 11 11 10 11 11 10 10 11 13 11 13 10 5 11 14
split_gain=182.451 50.7399 40.8598 29.3098 19.3928 19.1445 15.2508 14.0605 14.8729 12.7465 11.6948 11.0949 10.6385 9.56819 8.65091 10.1389 8.15191 8.09836 11.7869 10.4944 7.35876 7.19095 17.1755 7.06736 9.34443 7.43274 6.91093 6.72076 6.58256 6.49089
threshold=0.024513184368446617 -0.019459099802099252 0.01865919270072966 0.021492138622672782 -0.067575667738432196 -0.0073194328445433934 -0.022310337551763478 27.855000495910648 26.284999847412113 -0.013427883446642972 -0.014609583018452553 -0.0065884728107576387 0.0033676747236286446 -0.061929277885563232 0.0079966133143608582 -0.020171836765592806 0.0038135025222709733 -0.0074311122071506466 -0.023324980459216712 -0.010415571186439985 0.019654358049072344 0.0041080553382388816 -0.019621602504463761 22.330000877380375 0.011915728697621366 21.82499980926514 0.0087442348777118113 0.049323834977350212 -0.0050766678168972504 0.023268635347166725
decision_type=2 2 2 2 2 2 2 2 2 2 2 2 2 2 2 2 2 2 2 2 2 2 2 2 2 2 2 2 2 2
left_child=2 4 9 6 10 12 -3 8 17 29 20 14 -4 16 15 -8 -13 18 -6 -20 -2 -19 -23 25 -25 -15 -14 -5 -24 -1
right_child=1 3 5 27 7 -7 11 -9 -10 -11 -12 13 26 23 -16 -17 -18 21 19 -21 -22 22 28 24 -26 -27 -28 -29 -30 -31
leaf_value=-0.00011015735566616055 -7.1227718144655208e-05 0.00046685181325301528 0.00010805721161887047 0.0002030119113624096 0.00036734846187755468 -7.1499785408377618e-05 -0.00029593499610200527 -0.00047279917955165727 0.0007154389540664852 -0.00016213191789574925 0.0011681861686520278 -2.5895752478390967e-05 -0.00022731819422915582 -1.9315899990033369e-05 -9.9235197994858052e-05 0.0002628719131462276 0.00017274954647291454 0.0003724902716930956 -0.00014962527668103574 0.00027507562888786198 0.0011496341717429461 -0.0001438646507449448 0.0004376628622412682 -0.00033308793092146516 0.00042261710856109861 0.0010959445359185339 4.6404767781496087e-05 0.0013022705633193256 1.2121391482651251e-05 2.6595165836624776e-05
leaf_weight=673 71 107 1493 3975 438 7379 61 140 260 4652 335 521 208 7170 207 746 954 1082 382 179 76 212 283 234 103 49 194 220 126 546
leaf_count=673 71 107 1493 3975 438 7379 61 140 260 4652 335 521 208 7170 207 746 954 1082 382 179 76 212 283 234 103 49 194 220 126 546
internal_value=-1.51167e-05 0.00339775 -0.00405579 0.00206838 0.00871931 -0.00198943 0.000615642 0.0072695 0.00800135 -0.00731988 0.0180498 0.00041563 0.0024934 -0.00014118 0.00537475 0.00771375 0.00354237 0.00690229 0.00332833 -0.00147059 0.00629252 0.00899883 0.00471014 -0.000860244 -0.00793769 -0.000529852 -0.00472637 0.00558403 0.0106968 -0.00276866
internal_weight=33076 17931 15145 14347 3584 9274 10152 3102 2962 5871 482 10045 1895 9031 1014 807 1475 2702 999 561 147 1703 621 7556 337 7219 402 4195 409 1219
internal_count=33076 17931 15145 14347 3584 9274 10152 3102 2962 5871 482 10045 1895 9031 1014 807 1475 2702 999 561 147 1703 621 7556 337 7219 402 4195 409 1219
is_linear=0
shrinkage=0.05


Tree=2
num_leaves=31
num_cat=0
split_feature=4 4 11 5 11 16 0 13 16 12 16 11 6 12 5 5 16 11 16 12 13 13 11 9 13 8 13 13 13 0
split_gain=166.006 43.492 42.6677 33.2581 15.6353 15.2604 13.6216 15.3276 13.8134 9.87686 9.03466 9.59212 8.05974 7.05484 7.01856 6.48754 5.97343 6.05144 5.81937 5.54044 5.32006 6.01054 5.18748 5.67733 5.05556 4.91954 5.09171 5.32138 6.75123 6.26396
threshold=0.024513184368446617 0.01865919270072966 -0.023324980459216712 0.022852951146339121 -0.0073194328445433934 -0.013427883446642972 0.04232093245804381 30.345000267028812 -0.046981688485124011 -0.0059221070934643008 -0.019459099802099252 -0.015644740533217568 0.56935396651398473 -0.052281388412141021 0.049323834977350212 0.009912887454994081 0.048807502746428318 0.040036365268930958 -0.023561774138849852 0.12384637745116912 27.855000495910648 27.664999961853031 -0.0015936662875054017 0.29863966725158181 17.32499980926514 0.36077474669333282 12.230000019073488 22.330000877380375 21.555000305175785 -0.019986215486703204
decision_type=2 2 2 2 2 2 2 2 2 2 2 2 2 2 2 2 2 2 2 2 2 2 2 8 2 8 2 2 2 2
left_child=1 5 6 10 -3 22 7 8 9 20 11 13 19 -4 16 -7 17 -5 -15 25 21 -2 23 -1 -25 26 -12 28 -28 -29
right_child=2 4 3 14 -6 15 -8 -9 -10 -11 12 -13 -14 18 -16 -17 -18 -19 -20 -21 -22 -23 -24 24 -26 -27 27 29 -30 -31
leaf_value=4.3548677727812873e-05 0.00017549636506009847 5.8626851649023606e-05 0.0007836039840476588 0.00027911837305873632 -6.5861191367730471e-05 -0.00018129915016470486 -0.001065294409476337 0.0012182957517215983 0.00046867249452043323 -0.00061860372580122209 -0.00020579942550102721 0.0002459315125015564 0.00010017557021637907 -8.5503593232715485e-05 0.0014474970768205823 -0.00013925451220711695 4.4703213497996301e-06 0.0011753852115944027 0.00021005459205480291 -0.00041161826859752192 -0.00042211020203831138 0.00052545927243772899 -0.00014746151235885921 -0.00021845529337588231 8.9554091246100021e-06 -0.0001901266286295141 1.7431155778467599e-05 0.00033786720747593785 0.00038732158869970589 -0.00018096560379490258
leaf_weight=617 451 1939 53 3013 7348 1927 50 264 767 51 107 919 2445 456 224 2738 380 60 117 96 64 68 273 160 164 273 7447 50 147 416
leaf_count=617 451 1939 53 3013 7348 1927 50 264 767 51 107 919 2445 456 224 2738 380 60 117 96 64 68 273 160 164 273 7447 50 147 416
internal_value=-4.38278e-05 -0.00389358 0.00321464 0.00242085 -0.00176322 -0.00725889 0.0107143 0.0114865 0.009404 0.00394322 0.00119352 0.00477346 0.000689828 0 0.00660185 -0.00855841 0.00604547 0.00677677 -0.00161431 -3.51453e-05 0.00578902 0.00746628 -0.00226524 -0.000504782 -0.0058642 0.000100711 0.000321415 0.000465261 0.000783513 -0.00472103
internal_weight=33084 15166 17918 16203 9287 5879 1715 1665 1401 634 12526 1545 10981 626 3677 4665 3453 3073 573 8536 583 519 1214 941 324 8440 8167 8060 7594 466
internal_count=33084 15166 17918 16203 9287 5879 1715 1665 1401 634 12526 1545 10981 626 3677 4665 3453 3073 573 8536 583 519 1214 941 324 8440 8167 8060 7594 466
is_linear=0
shrinkage=0.05


Tree=3
num_leaves=31
num_cat=0
split_feature=16 10 13 14 12 11 11 11 3 3 16 14 14 11 10 16 13 14 10 16 10 12 12 14 12 14 16 10 0 11
split_gain=70.2632 34.2152 29.982 22.2425 18.8922 18.7016 17.8998 16.6295 15.055 14.1981 13.3368 13.2504 11.288 11.2701 10.9067 12.1281 15.3874 13.9328 13.7996 16.8995 11.2315 17.0788 15.6619 10.9377 15.6741 13.2445 12.4652 9.89657 9.81334 9.60997
threshold=-0.019459099802099252 -0.0065884728107576387 26.284999847412113 -0.060408912479391223 -0.018676010215707358 -0.014450250426354115 0.0038135025222709733 0.011995424510659937 -0.011276230872862556 0.0090608939391756422 0.011609851269734907 0.055948056460050417 0.18763840935801293 0.041951569626952907 -0.0050236559316604859 0.0028988822989376444 13.085000038146974 0.093015395411206861 0.0038763906562415689 -0.017169294203700166 -3.2285238455664882e-05 -0.025750779649927887 0.034436805865122662 -0.040011250304013861 0.040552119316072284 0.009860755526874045 0.013989651141005923 0.0067105018630921895 -0.020396362061928127 -0.0038175653933905647
decision_type=2 2 2 2 2 2 2 2 2 2 2 2 2 2 2 2 2 2 2 2 2 2 2 2 2 2 2 2 2 2
left_child=2 7 -1 6 12 11 -3 10 -7 14 28 -5 -4 -8 -10 16 -16 18 19 -18 -17 -22 -23 24 -24 -25 -27 29 -2 -20
right_child=1 3 4 5 -6 8 13 -9 9 -11 -12 -13 -14 -15 15 20 17 -19 27 -21 21 22 23 25 -26 26 -28 -29 -30 -31
leaf_value=9.3444369864300898e-05 0.00034050963332483655 -6.3848791643977221e-05 0.0008499261768622091 8.1152378348633725e-05 -0.00022493736279357107 8.4037288359832115e-05 7.6089939809753562e-05 -0.00040541282393969605 -0.00019332871580554644 2.6170289082801806e-05 -0.00013081427214201545 0.0005084744125735596 0.00028057408402091833 0.00042634951900690795 -0.00024645321939169659 1.3687153180944653e-05 0.00011879050848874612 0.0004563682584906929 -0.00021641944744624195 -0.00019043225258647001 0.00030936782782519008 -0.00014135204135673113 -0.00017223089566978172 -0.00011958754953520848 0.00027913963492901531 0.000567938392085489 1.3313857001776009e-06 -0.00012966833562531979 0.00011038012902718029 9.8615799832623476e-05
leaf_weight=4886 607 1395 590 449 123 1203 2209 157 943 2097 309 162 160 244 590 3001 265 65 211 2711 244 3993 103 2133 414 154 661 600 1669 803
leaf_count=4886 607 1395 590 449 123 1203 2209 157 943 2097 309 162 160 244 590 3001 265 65 211 2711 244 3993 103 2133 414 154 661 600 1669 803
internal_value=-6.71171e-05 -0.00112259 0.00495312 -0.00171197 0.013488 -0.00235795 0.00178015 0.00417578 -0.00261874 -0.0029624 0.0051354 0.00626023 0.0164667 0.00435181 -0.00344414 -0.00313519 -0.00510486 -0.00414071 -0.00446623 -0.00648522 -0.00216995 -0.00318099 -0.00360687 -0.00114719 0.00556093 -0.00232361 0.00309816 -0.000743494 0.0064587 0.00226824
internal_weight=33151 27392 5759 24650 873 20802 3848 2742 20191 18988 2585 611 750 2453 16891 15948 5245 4655 4590 2976 10703 7702 7458 3465 517 2948 815 1614 2276 1014
internal_count=33151 27392 5759 24650 873 20802 3848 2742 20191 18988 2585 611 750 2453 16891 15948 5245 4655 4590 2976 10703 7702 7458 3465 517 2948 815 1614 2276 1014
is_linear=0
shrinkage=0.05


Tree=4
num_leaves=31
num_cat=0
split_feature=4 16 4 5 16 16 14 16 15 5 16 16 13 13 14 13 5 15 15 14 5 6 15 13 16 13 15 14 16 16
split_gain=152.98 35.9482 31.0907 23.8319 16.6344 12.7256 10.2606 10.2703 10.0433 12.8948 9.028 8.0186 7.7885 7.43008 7.69337 8.53759 7.38192 6.88588 6.69717 6.89401 6.43439 6.04076 5.93201 7.10599 7.01877 5.71099 5.70302 5.52946 5.46324 7.56601
threshold=0.024513184368446617 -0.019459099802099252 0.01865919270072966 0.021761925407605208 -0.075130809185030276 -0.017169294203700166 0.054586954999164335 -0.0080020943548920736 0.034161419428343949 0.028715264721919594 -0.0092303718740776013 -0.0075991010182243626 14.059999942779543 22.330000877380375 -0.077913276979976895 16.32499980926514 0.0099887320226585887 -0.01129203605041723 -0.0037410574582461549 0.050179471356022971 0.049323834977350212 0.04953701486465751 -0.033799365247910766 26.284999847412113 -0.021841572688460872 25.505000114440922 0.0021218738239611183 -0.021011062487688355 -0.0072551573476680167 0.025392231245215394
decision_type=2 2 2 2 2 2 2 2 2 2 2 2 2 2 2 2 2 2 2 2 2 2 2 2 2 2 2 2 2 2
left_child=2 4 10 6 -2 -4 13 -8 9 22 12 -9 27 14 15 -3 -12 -7 19 -19 -5 -16 -6 -24 -25 26 -13 -1 -15 -30
right_child=1 3 5 20 8 17 7 11 -10 -11 16 25 -14 28 21 -17 -18 18 -20 -21 -22 -23 23 24 -26 -27 -28 -29 29 -31
leaf_value=-3.0877255463019563e-05 0.001411521228331403 0.00033764847831334912 6.3421457155345793e-05 0.00018985169078528991 -0.00013310836166223456 5.2886198492487978e-05 0.00031731817844554824 -0.00034635429315116193 -0.0010798562983992815 0.0010959617250470911 -0.00017471509667775541 -4.9592946377016033e-06 -3.7993452543596401e-05 -0.0003960137969003335 -2.9959996420075247e-05 1.4892107242776495e-05 -0.00012358450430845552 -0.00018556151763121306 -5.6626455999794337e-05 1.6562685364042474e-05 0.0012552243605403056 5.6023538389126781e-05 0.00018729029222304243 0.0005359408700939093 -0.00012651874280305496 0.00098376691169993133 0.00027241294345309146 -0.00026529398340262555 0.00015594189791008829 -0.00032363902117329421
leaf_weight=94 154 296 1612 3773 168 717 534 50 46 354 1872 727 1315 163 4863 466 2418 1040 5657 248 210 2767 2498 286 43 43 172 208 161 66
leaf_count=94 154 296 1612 3773 168 717 534 50 46 354 1872 727 1315 163 4863 466 2418 1040 5657 248 210 2767 2498 286 43 43 172 208 161 66
internal_value=-1.43848e-05 0.003125 -0.00370364 0.00200651 0.00762891 -0.00189778 0.000737291 0.00452163 0.00689985 0.00721857 -0.00653885 0.0015121 -0.00335498 7.97085e-05 0.000393232 0.00518373 -0.00773893 -0.00274732 -0.00322894 -0.00648292 0.00529124 -8.519e-05 0.00615192 0.00669438 0.0136018 0.00254777 0.00169633 -0.010596 -0.00666667 -0.00165198
internal_weight=33021 17840 15181 14291 3549 9274 10308 1526 3395 3349 5907 992 1617 8782 8392 762 4290 7662 6945 1288 3983 7630 2995 2827 329 942 899 302 390 227
internal_count=33021 17840 15181 14291 3549 9274 10308 1526 3395 3349 5907 992 1617 8782 8392 762 4290 7662 6945 1288 3983 7630 2995 2827 329 942 899 302 390 227
is_linear=0
shrinkage=0.05


Tree=5
num_leaves=31
num_cat=0
split_feature=4 11 10 4 5 11 10 10 12 5 6 4 12 6 5 10 12 15 7 12 12 12 10 15 9 12 8 16 16 10
split_gain=138.067 34.0515 37.5273 27.334 27.0523 20.8536 13.9305 9.63861 9.1363 8.59825 7.23044 7.19513 6.60273 6.33369 6.3237 6.17097 9.22012 9.2687 6.07204 5.6283 5.49663 5.34928 5.31072 6.4055 5.77961 5.91939 5.6175 5.17513 5.37199 5.17395
threshold=0.024513184368446617 -0.023324980459216712 0.0041080553382388816 0.016159212799592697 0.021903311417954551 -0.0073194328445433934 0.0033676747236286446 0.011197941469223484 0.054230136510325939 0.020320612826776979 0.60381796470607596 0.019703405990793298 -0.0080596862952704278 1.207791186458673 0.030716788775550653 0.0063549494884102007 -0.0031637025986434027 0.0061807494099657143 0.078444025350055027 -0.011548235899129232 -0.018676010215707358 -0.052281388412141021 0.0083253127378262199 0.006673441831121508 -0.1961609897561786 -0.0093119060190361962 0.20128297868317382 -0.031002111316654476 -0.064833236672570502 -0.017312021268647334
decision_type=2 2 2 2 2 2 2 2 2 2 2 2 2 2 2 2 2 2 2 2 2 2 2 2 10 2 8 2 2 2
left_child=3 2 9 -1 10 6 8 -8 12 27 22 13 19 -7 -6 16 17 -16 -13 -5 -4 -12 23 29 -25 -26 -24 28 -2 -3
right_child=1 4 20 5 14 11 7 -9 -10 -11 21 18 -14 -15 15 -17 -18 -19 -20 -21 -22 -23 26 24 25 -27 -28 -29 -30 -31
leaf_value=-0.00014269529205792434 0.00062252824649651668 -0.00029510362988679844 -1.1977623053251608e-05 5.8313183591944804e-05 0.0001642747397255079 -0.00011993319098142454 -0.00022484741550655228 8.8437002065948087e-05 -0.00018753905525560545 0.00087034195369566428 0.00071920033733150195 -5.1765020413848105e-05 0.00015292032847471278 5.3940277879555892e-06 0.00017847074647244144 0.00084563770753730944 0.0007409361500242558 -0.00058481982754551431 -0.00021889252117462461 -0.0002563346758316111 -0.00059137469703874018 9.1029082159766389e-05 0.00010130438898901052 0.0001140140727650577 -0.00028684739726014959 -8.2704486006332563e-05 -0.00017808455952052107 0.00047077269072434138 0.00022718476660073614 2.1889382495137282e-05
leaf_weight=2625 102 126 134 767 3252 3366 380 151 112 595 59 5865 1147 448 258 378 396 64 245 73 128 2446 1475 306 161 1108 100 120 638 6108
leaf_count=2625 102 126 134 767 3252 3366 380 151 112 595 59 5865 1147 448 258 378 396 64 245 73 128 2446 1475 306 161 1108 100 120 638 6108
internal_value=-6.86627e-05 0.00289908 0.00959522 -0.00357896 0.00219098 -0.00260873 0.00134981 -0.00588512 0.00318009 0.012732 0.000956767 -0.0036578 0.00396326 -0.00536182 0.00556578 0.00885036 0.00612813 -0.00015528 -0.00259411 0.000595238 -0.00782443 0.00334331 0.000319693 -0.000214496 -0.00306349 -0.00455083 0.00296825 0.00953488 0.00797297 0.000505294
internal_weight=33133 17954 1717 15179 16237 12554 2630 531 2099 1455 11889 9924 1987 3814 4348 1096 718 322 6110 840 262 2505 9384 7809 1575 1269 1575 860 740 6234
internal_count=33133 17954 1717 15179 16237 12554 2630 531 2099 1455 11889 9924 1987 3814 4348 1096 718 322 6110 840 262 2505 9384 7809 1575 1269 1575 860 740 6234
is_linear=0
shrinkage=0.05


Tree=6
num_leaves=31
num_cat=0
split_feature=4 13 4 4 14 13 11 10 16 3 6 13 10 14 12 16 10 11 10 12 10 12 15 15 10 14 14 15 10 13
split_gain=120.726 35.3222 26.4229 24.5056 20.103 17.5597 13.8195 12.7388 11.1595 9.26319 8.87623 7.38187 6.59513 8.4396 7.12882 6.46193 6.60013 8.12306 6.66363 5.81513 5.50716 5.35555 5.21064 10.1459 8.23958 7.19599 9.49825 6.96337 7.82203 11.2006
threshold=0.023916544470871319 30.345000267028812 0.017567766129659029 0.033389500364495575 -0.098691693357393515 28.970000267028812 -0.0073194328445433934 0.0033676747236286446 -0.019459099802099252 -0.019164966456315765 0.03877360276657757 26.284999847412113 0.0047561203387664905 0.009860755526874045 0.034436805865122662 -0.019459099802099252 -0.0065884728107576387 0.011695347183510176 -0.004697388100089738 0.054230136510325939 0.011197941469223484 0.0020578799164406862 -0.0072225884893490347 -0.01129203605041723 -0.00064234175836136431 -0.036818887874406285 -0.022450840204273455 0.01197189154627354 0.0055837889125804905 17.695000648498539
decision_type=2 2 2 2 2 2 2 2 2 2 2 2 2 2 2 2 2 2 2 2 2 2 2 2 2 2 2 2 2 2
left_child=2 3 -1 9 -3 8 7 19 11 -2 -10 -5 -8 14 -14 -11 17 21 -18 -4 -9 -17 23 -20 -24 -26 -27 28 -28 -30
right_child=1 4 6 5 -6 -7 12 20 10 15 -12 -13 13 -15 -16 16 18 -19 22 -21 -22 -23 24 -25 25 26 27 -29 29 -31
leaf_value=-0.00012616487262423891 0.00026010352684436433 -0.00028248302880280583 0.00010611093361976273 0.00030485951563207609 0.00087055519944061275 -0.00038117116756540022 -9.1921092972924786e-05 -0.00019420796285610976 9.1314333203125315e-05 9.7458580427693675e-05 0.00026607721207858845 0.00070988117228580096 8.7228916463699166e-06 0.00023215414901428985 -0.00010444749513899851 5.8320381219024478e-05 -0.00022319128512110825 -0.00025229678540241547 0.00011712835810223722 -0.00017203131765686038 8.1256486550881218e-05 0.00025248457291202975 0.00010517943503887216 -0.00019712336658714771 5.3328041441650345e-05 -0.00015984938111996972 -2.280347788357713e-05 -0.00012937789507432552 4.1109618842634366e-05 0.00055159074408544975
leaf_weight=4252 318 74 1547 1216 415 121 5400 318 3451 1869 1968 201 1433 209 865 423 508 77 265 85 121 395 1257 419 2470 723 1828 474 322 103
leaf_count=4252 318 74 1547 1216 415 121 5400 318 3451 1869 1968 201 1433 209 865 423 508 77 265 85 121 395 1257 419 2470 723 1828 474 322 103
internal_value=1.73574e-05 0.00263666 -0.003461 0.00228433 0.0158998 0.00462484 -0.00205452 0.00158136 0.00495904 0.00086237 0.003926 0.00890967 -0.00300683 -0.000887515 -0.0017624 0.000622025 8.09585e-05 0.00416201 -0.000355479 0.0036152 -0.0059795 0.00562347 3.18026e-06 -0.00416667 0.000400585 -0.000380068 -0.00185507 -0.000504217 0.000654683 0.00676471
internal_weight=33127 18897 14230 18408 489 6957 9978 2071 6836 11451 5419 1417 7907 2507 2298 11133 9264 895 8369 1632 439 818 7861 684 7177 5920 3450 2727 2253 425
internal_count=33127 18897 14230 18408 489 6957 9978 2071 6836 11451 5419 1417 7907 2507 2298 11133 9264 895 8369 1632 439 818 7861 684 7177 5920 3450 2727 2253 425
is_linear=0
shrinkage=0.05


Tree=7
num_leaves=31
num_cat=0
split_feature=4 5 12 5 11 15 11 10 10 11 11 10 10 10 12 8 14 4 10 10 14 9 10 12 12 15 15 11 14 11
split_gain=108.898 34.21 27.1047 17.1853 16.7841 12.1943 11.6599 13.4491 11.5999 8.98291 8.93314 7.67079 7.52409 8.71532 6.88312 6.71137 6.68969 6.5011 6.47597 13.0949 6.19342 6.08077 6.51617 5.89182 5.76175 5.73515 8.7292 7.57764 6.00509 5.73971
threshold=0.027080809760410149 0.011606982036116108 -0.080083523859072289 0.025821942884254444 -0.0073194328445433934 0.034161419428343949 -0.023324980459216712 0.00048358737476139618 0.0025358686375718258 -0.0080581536357283139 -0.026323621770933166 0.0012830359695055196 -0.017312021268647334 -0.016935557307996004 0.066100470646601531 -0.047599568354431625 -0.069744182185856193 0.015916056845890907 0.0025358686375718258 0.0038763906562415689 -0.066405515647089006 -0.052843147979275022 0.0033676747236286446 -0.067575667738432196 -0.037333173257957868 -0.012446002051926862 -0.0038285239570431391 0.011995424510659937 0.050179471356022971 0.003505922146060048
decision_type=2 2 2 2 2 2 2 2 2 2 2 2 2 2 2 10 2 2 2 2 2 10 2 2 2 2 2 2 2 2
left_child=1 9 15 6 8 -5 7 10 11 21 23 14 -8 -14 -3 -2 24 -11 -18 -20 -6 22 -1 -4 -15 27 28 -22 29 -27
right_child=2 4 3 5 20 -7 12 -9 -10 17 -12 -13 13 16 -16 -17 18 -19 19 -21 25 -23 -24 -25 -26 26 -28 -29 -30 -31
leaf_value=-7.6870121582710982e-05 0.0013700239853899007 0.00011185804591450025 0.00061264506615016747 0.00035991415693089625 3.8434348177156762e-05 -0.0012147026355406238 -0.00031019242395130639 -9.2088006102156747e-05 -9.2610426586192934e-05 -0.00014562782291454795 0.00061813910801078713 0.00043547268510296818 0.00052305519348567195 -2.7291985465206e-05 -0.00031675398530372828 0.00035165315458863378 7.4894581366779728e-05 -9.9788008249296524e-05 -0.0001983928790610351 2.8018537069753743e-05 0.00010052284909023939 3.6155712600595938e-05 -0.00031918448456713032 0.00018104253036304717 0.00017499624117527269 -0.00026598514960045859 -4.6089091277544841e-05 -0.0002809265175276417 4.7059400091607752e-06 -0.00012368572557372185
leaf_weight=505 224 1835 86 2280 1035 41 167 236 610 1841 218 136 94 255 57 69 5686 3011 579 2623 635 641 97 482 1148 432 6643 102 344 1042
leaf_count=505 224 1835 86 2280 1035 41 167 236 610 1841 218 136 94 255 57 69 5686 3011 579 2623 635 641 97 482 1148 432 6643 102 344 1042
internal_value=-1.80974e-05 -0.00249657 0.00329504 0.00297769 -0.00103527 0.00690435 0.00219025 0.00728963 0.00252085 -0.00558244 0.0104326 0.00433925 0.00169636 0.00186567 0.0035148 0.0183447 0.00172724 -0.006554 0.00122075 -0.000577764 -0.00195202 -0.00179002 -0.00539867 0.00713028 0.00493585 -0.00236464 -0.00273313 0.00186567 -0.00580308 -0.00719132
internal_weight=33154 18966 14188 13895 12871 2321 11574 1022 2638 6095 786 2028 10552 10385 1892 293 10291 4852 8888 3202 10233 1243 602 568 1403 9198 8461 737 1818 1474
internal_count=33154 18966 14188 13895 12871 2321 11574 1022 2638 6095 786 2028 10552 10385 1892 293 10291 4852 8888 3202 10233 1243 602 568 1403 9198 8461 737 1818 1474
is_linear=0
shrinkage=0.05


Tree=8
num_leaves=31
num_cat=0
split_feature=4 4 12 11 10 10 12 4 10 14 10 12 15 14 13 14 13 15 11 11 11 12 11 12 12 4 6 14 15 13
split_gain=103.191 37.8281 29.2356 12.8948 17.6489 12.2041 10.5806 9.78623 8.68481 8.09369 8.69943 11.1739 10.6911 8.55124 9.2518 11.7656 7.67066 8.46094 7.25021 8.91169 10.0066 7.1665 7.32253 9.92815 7.07783 6.87405 7.39909 6.77459 9.95638 6.69449
threshold=0.020198679904844342 0.033389500364495575 -0.080083523859072289 -0.0073194328445433934 0.0025358686375718258 0.0087442348777118113 0.066100470646601531 0.015916056845890907 0.0012830359695055196 -0.04578454363779693 -0.0065884728107576387 0.021636027658746174 -0.020061582323004919 -0.053534792570075034 18.564999580383304 -0.056340529311790281 20.814999580383304 -0.0075061060575274943 -0.0091308486085681078 -0.023324980459216712 -0.026323621770933166 0.12384637745116912 -0.00023800871931395348 0.062788606761277746 -0.026522918814270154 0.052951628770574667 0.34219133854569556 0.065842641676127869 0.00097403380558125374 18.675000190734867
decision_type=2 2 2 2 2 2 2 2 2 2 2 2 2 2 2 2 2 2 2 2 2 2 2 2 2 2 2 2 2 2
left_child=7 3 -3 4 6 -6 8 29 18 13 11 16 -13 14 15 -5 17 -11 19 20 -2 22 23 -12 27 26 -4 28 -24 -1
right_child=1 2 25 9 5 -7 -8 -9 -10 10 21 12 -14 -15 -16 -17 -18 -19 -20 -21 -22 -23 24 -25 -26 -27 -28 -29 -30 -31
leaf_value=-0.00014132816215034214 0.00011833912501479044 0.0012134917103937405 7.5064956167691761e-05 0.00010149894992717442 -0.0001847258411568234 5.7008926755746601e-05 -0.00039557866381774036 -7.9970908850181876e-05 0.0004542313596934027 -0.00013114663668457147 -0.00014058920702424111 -0.00024068930074120344 0.00034160024119089132 0.00019947020539775207 -0.00013865482141245641 -0.00017924501643126384 0.00036487749514993304 0.00026000244793943127 0.00027532587064177356 3.7424454672867986e-05 0.00044156609748322528 -0.00040689355513947272 -0.000115845983181854 0.00045406894735188635 -3.279746595736318e-05 0.00045818269908982375 0.0002594823194288742 0.00088573174678962532 0.00039050902450061745 5.7154907934985243e-06
leaf_weight=2119 744 249 4446 1582 592 474 66 5909 155 428 1354 68 364 537 460 249 113 109 238 1600 271 117 151 45 7603 1200 1588 43 113 253
leaf_count=2119 744 249 4446 1582 592 474 66 5909 155 428 1354 68 364 537 460 249 113 109 238 1600 271 117 151 45 7603 1200 1588 43 113 253
internal_value=-3.91095e-05 0.00156557 0.00454029 0.000291829 0.00272947 -0.00281426 0.00465192 -0.00487562 0.00508644 -0.000464907 -0.00110392 0.00314233 0.009375 0.00190948 0.00057835 0.00217094 -0.001 -0.00349162 0.00446022 0.00369981 0.00736453 -0.00159134 -0.00143678 -0.00477127 -0.000847029 0.00396046 0.00327312 0.00659609 0.00359848 -0.00758853
internal_weight=33240 24959 7483 17476 4140 1066 3074 8281 3008 13336 10508 1082 432 2828 2291 1831 650 537 2853 2615 1015 9426 9309 1399 7910 7234 6034 307 264 2372
internal_count=33240 24959 7483 17476 4140 1066 3074 8281 3008 13336 10508 1082 432 2828 2291 1831 650 537 2853 2615 1015 9426 9309 1399 7910 7234 6034 307 264 2372
is_linear=0
shrinkage=0.05


Tree=9
num_leaves=31
num_cat=0
split_feature=4 11 10 4 5 16 13 16 12 10 15 16 14 10 15 14 14 12 10 6 13 12 16 4 10 14 11 11 12 4
split_gain=94.9236 30.1569 27.7847 20.2275 19.6365 9.43694 8.87921 10.204 7.47345 14.7643 12.3293 7.3418 7.52702 7.22083 7.81996 7.19858 6.81243 6.73106 6.65942 6.61692 6.53211 6.12961 6.0706 5.98266 5.96996 7.89721 6.49396 5.94292 5.86542 5.81398
threshold=0.023916544470871319 -0.023324980459216712 0.0041080553382388816 0.017567766129659029 0.021903311417954551 -0.016299403314796453 30.345000267028812 -0.046981688485124011 -0.0036881752830155707 0.0063549494884102007 0.0004704579589244196 -0.064833236672570502 -0.033937801347731548 -0.0077272822899705487 -0.0037410574582461549 0.23397195059943568 0.047546513885702975 0.12384637745116912 0.0027132699597303138 1.6457202316125914 14.244999885559084 -0.043864369041982591 -0.014811703941430219 0.048756110802397785 -0.00083771679108757258 0.044393091515214207 -0.010779002929662549 0.027231937128701426 -0.018676010215707358 0.061070463375611263
decision_type=2 2 2 2 2 2 2 2 2 2 2 2 2 2 2 2 2 2 2 2 2 2 2 2 2 2 2 2 2 2
left_child=3 2 6 20 15 18 7 11 9 10 -6 -2 -13 22 16 17 27 19 -5 -3 -1 -21 -7 -14 25 -16 -26 -15 -4 -10
right_child=1 4 28 5 8 13 -8 -9 29 -11 -12 12 23 14 24 -17 -18 -19 -20 21 -22 -23 -24 -25 26 -27 -28 -29 -30 -31
leaf_value=-0.0001425731408961255 0.00044330552418150507 1.1536487401178283e-05 1.6882936516469245e-05 8.5052941881639046e-05 5.3856448009363895e-05 -0.00022071917543021406 0.00086717034129492072 0.00046154446709307969 0.00020340039177322656 0.00030725351307747537 -0.00037891747866436822 0.00046766203264440734 -0.00013479178899460445 -0.00016744827199324439 8.9515072145785954e-05 -0.00056973763292985583 8.049364422183089e-06 -0.0003674432797200651 -8.4411392473672352e-05 0.00072662017555339114 -8.83152579021905e-05 0.00012143492799755237 8.8621287904584996e-05 0.0013166952787857654 -0.00023504703652594143 -0.00016751763240869592 -5.5887705873640831e-05 5.4769490905945753e-05 -0.00057130602174286027 0.0012201856910347775
leaf_weight=1671 97 11351 136 1379 718 42 270 732 2517 571 265 68 303 1164 789 63 306 109 439 60 2645 1057 519 45 175 245 4768 105 129 277
leaf_count=1671 97 11351 136 1379 718 42 270 732 2517 571 265 68 303 1164 789 63 306 109 439 60 2645 1057 519 45 175 245 4768 105 129 277
internal_value=-0.000100712 0.00223519 0.00842697 -0.00317786 0.00158641 -0.00193586 0.0110396 0.00925703 0.00448482 0.00170528 -0.00200916 0.0038499 0.000961538 -0.00266548 -0.00307203 0.000589399 -0.00620635 0.000673849 0.00132013 0.000782002 -0.00603568 0.00445389 0.00280749 -0.00201149 -0.00224611 0.0012089 -0.00296884 -0.00782112 -0.00650943 0.00603078
internal_weight=33015 18768 1780 14247 16988 9931 1515 1245 4348 1554 983 513 416 8113 7552 12640 1575 12577 1818 12468 4316 1117 561 348 5977 1034 4943 1269 265 2794
internal_count=33015 18768 1780 14247 16988 9931 1515 1245 4348 1554 983 513 416 8113 7552 12640 1575 12577 1818 12468 4316 1117 561 348 5977 1034 4943 1269 265 2794
is_linear=0
shrinkage=0.05


Tree=10
num_leaves=31
num_cat=0
split_feature=5 12 4 5 11 10 16 10 16 16 11 6 10 16 12 3 10 14 5 14 10 12 14 4 14 16 16 8 12 10
split_gain=87.1651 27.0367 19.0947 16.4189 15.1531 12.4839 9.4961 11.1614 8.17924 8.0961 8.01813 7.73125 7.57535 7.76549 7.08497 6.81326 6.72559 6.71207 6.51059 6.19506 6.18061 6.10142 7.19548 5.69248 5.58545 5.42803 7.91259 10.5444 10.2705 7.26067
threshold=0.014606852797146562 -0.080083523859072289 0.018932939448533928 0.024911020311886668 -0.023324980459216712 0.0041080553382388816 -0.013427883446642972 -0.0077272822899705487 -0.011571416298660151 -0.046981688485124011 0.00301412428072434 0.56935396651398473 0.0239914392111974 0.048807502746428318 0.12384637745116912 -0.012071014548151402 0.0092143368425633438 -0.086337752297859935 0.0077037246950826263 -0.075454415356713087 0.010824096152379449 -0.067575667738432196 -0.019478059273714762 0.040195776753237232 -0.03897851358283843 -0.011184269037458115 -0.0023786684054273306 -0.2394634421442455 -0.046452019388258541 -0.0065884728107576387
decision_type=2 2 2 2 2 2 2 2 2 2 2 2 2 2 2 2 2 2 2 2 2 2 2 2 2 2 2 10 2 2
left_child=2 23 8 4 5 9 15 -8 -1 21 -9 14 13 -5 19 -4 -7 20 -10 -6 -12 -3 -23 -2 -15 -21 28 -28 -27 -29
right_child=1 3 6 12 11 16 7 10 18 -11 17 -13 -14 24 -16 -17 -18 -19 -20 25 -22 22 -24 -25 -26 26 27 29 -30 -31
leaf_value=-3.7190714540583096e-05 0.00023108605387810435 0.00035172039754769097 0.00022984595955108218 0.00033952451821671765 0.00010861299038871313 -0.00025950058767281939 0.0001001155446006007 -0.00012241383761854062 -0.00016331291246968096 0.00041184650730492225 0.00025221310954043612 0.00010614149852909618 -0.00087433013830851773 0.00011012007829434048 -0.00036610608267855632 2.9592144799498506e-05 0.0002298838514531978 -4.5825266256280034e-05 -0.00011159400107237953 6.9355556932775833e-05 -8.7379049016157566e-05 0.00042701188278753587 -6.3625468718495713e-05 0.0012995906039300412 -0.00016977654388603396 -0.00047582216702033234 -0.00027941262325466781 0.00021187653649844794 -7.2719752622271708e-05 2.4212258390073247e-06
leaf_weight=1455 108 65 134 2370 1112 141 444 1771 198 612 138 3033 42 141 128 1711 52 3938 4503 2360 109 58 256 195 186 73 196 413 1255 6018
leaf_count=1455 108 65 134 2370 1112 141 444 1771 198 612 138 3033 42 141 128 1711 52 3938 4503 2360 109 58 256 195 186 73 196 413 1255 6018
internal_value=2.33328e-05 0.00226427 -0.00290431 0.00202177 0.00140122 0.00684122 -0.00133111 -0.00224219 -0.00501137 0.00910696 -0.00281229 0.000959693 0.00559511 0.00592325 0.00036997 0.00182927 -0.00479275 -0.00161888 -0.00602531 0.000501006 0.00637652 0.00336412 0.000477707 0.0170792 -0.00129969 0.000118759 -0.000505971 0.00019994 -0.00402861 0.000548126
internal_weight=33215 18814 14401 18511 15772 1184 8245 6400 6156 991 5956 14588 2739 2697 11555 1845 193 4185 4701 11427 247 379 314 303 327 10315 7955 6627 1328 6431
internal_count=33215 18814 14401 18511 15772 1184 8245 6400 6156 991 5956 14588 2739 2697 11555 1845 193 4185 4701 11427 247 379 314 303 327 10315 7955 6627 1328 6431
is_linear=0
shrinkage=0.05


Tree=11
num_leaves=31
num_cat=0
split_feature=4 5 12 16 5 10 10 16 9 10 10 6 11 11 5 10 10 11 10 15 15 12 12 15 16 11 12 15 15 6
split_gain=78.6524 26.9764 24.8102 17.041 10.4576 10.0042 9.85543 9.53379 7.41371 8.26722 6.99576 6.2669 5.90403 5.83145 5.68273 5.6461 5.30881 8.46595 7.15588 8.72473 6.24192 5.63237 5.49502 5.19726 6.63296 6.6642 6.11737 5.16778 7.67747 5.15195
threshold=0.027080809760410149 0.011516190942332839 -0.080083523859072289 -0.013056398781422838 0.021903311417954551 -0.0028966146153551193 -0.0077272822899705487 0.0028988822989376444 -0.095015546704040485 0.004568837884475486 -0.0051935654073162465 1.6457202316125914 0.0013310073142193126 -0.0050766678168972504 0.0082681174913561781 0.018838458170826636 -0.0028966146153551193 0.0084762123288910658 -0.0024374516674448006 0.0012221795380192859 -0.0098859460810529192 -0.067575667738432196 -0.062212446145613214 0.034161419428343949 0.048807502746428318 0.040036365268930958 0.014344478951051955 -0.0058259958976452078 -0.004894980376561441 1.0288755491985142
decision_type=2 2 2 2 2 2 2 2 10 2 2 2 2 2 2 2 2 2 2 2 2 2 2 2 2 2 2 2 2 2
left_child=1 5 -2 12 11 13 -5 8 -8 -10 -9 16 -3 -1 -7 -12 17 21 19 -18 -20 -4 -23 24 25 -6 -26 -22 -29 -14
right_child=2 3 4 6 23 14 7 10 9 -11 15 -13 29 -15 -16 -17 18 -19 20 -21 27 22 -24 -25 26 -27 -28 28 -30 -31
leaf_value=2.3005355402353456e-05 0.00096821111947970333 9.7960825675387725e-05 0.00040492271057850104 8.5708154810051212e-05 0.00019631714689291046 -0.00015329936380736078 -1.4066484738352141e-05 -0.00021664132722451474 -0.00019138167379778522 -4.6487031531870001e-05 -2.7931390890797819e-05 0.00019743121751918366 -8.839683548546602e-05 -7.7776074549019893e-05 -0.00010643155265941881 0.0002451187499797188 -0.00029521008752810598 -0.00012889432840983077 0.00040044146897546352 0.00020195001815574874 -0.00010599186419356896 -0.00033131566690053002 0.00012420847039489643 -0.00030519443668079212 -0.00011949213217411136 0.00086110552830319278 0.00032338743344851738 0.00035407853297771678 9.4967074036052083e-06 0.00022349206408655772
leaf_weight=775 294 2376 75 698 4094 393 870 250 1306 659 6395 830 367 807 3944 107 177 328 158 54 298 61 1997 65 320 69 125 111 5095 69
leaf_count=775 294 2376 75 698 4094 393 870 250 1306 659 6395 830 367 807 3944 107 177 328 158 54 298 61 1997 65 320 69 125 111 5095 69
internal_value=-1.8844e-05 -0.00211927 0.00280369 -0.000853249 0.00249874 -0.00492059 -0.00179631 -0.00221394 -0.00464727 -0.0063486 -0.00119224 0.00151895 0.00259602 -0.00151707 -0.00616209 -0.000876653 0.00110725 0.0030577 0.00029272 -0.00833333 0.000644649 0.00420769 0.0037172 0.00442435 0.0046224 0.00524261 -0.00117978 0.000363372 0.000729927 -0.00275229
internal_weight=33167 19016 14151 13097 13857 5919 10285 9587 2835 1965 6752 9184 2812 1582 4337 6502 8354 2461 5893 231 5662 2133 2058 4673 4608 4163 445 5504 5206 436
internal_count=33167 19016 14151 13097 13857 5919 10285 9587 2835 1965 6752 9184 2812 1582 4337 6502 8354 2461 5893 231 5662 2133 2058 4673 4608 4163 445 5504 5206 436
is_linear=0
shrinkage=0.05


Tree=12
num_leaves=31
num_cat=0
split_feature=4 13 4 5 11 10 15 10 5 11 10 10 16 10 0 16 6 16 10 16 15 16 16 9 10 0 13 13 16 10
split_gain=75.1065 24.1752 18.8279 18.3748 7.83124 8.32506 7.48129 6.69554 7.13177 6.28071 6.11848 11.4319 6.12298 10.0922 8.86145 8.32528 6.97776 5.93543 10.9401 5.84373 5.97137 5.63283 5.38503 5.26059 5.07114 5.04086 5.02829 6.05174 6.08552 5.80785
threshold=0.024513184368446617 33.719999313354499 0.018836239004613804 0.02103913423903286 -0.023324980459216712 0.0041080553382388816 -0.01129203605041723 -0.0037293651666452927 0.010216286220874251 0.050492682028646547 -0.017312021268647334 -0.0065884728107576387 -0.019459099802099252 -0.004697388100089738 0.053407922420517846 -0.046981688485124011 -0.076594706296583895 -0.0059034749799591882 -0.0054343681151217118 -0.021188250952472228 -0.0070359541220010305 -0.031002111316654476 0.012658085522716302 0.82540396197793464 -0.0054954783327307846 -0.030486754654183375 22.330000877380375 21.664999961853031 -0.018474422358995043 -0.0065884728107576387
decision_type=2 2 2 2 2 2 2 2 2 2 2 2 2 2 2 2 2 2 2 2 2 2 2 8 2 2 2 2 2 2
left_child=2 3 7 4 5 21 25 17 -9 10 -5 22 14 23 15 -13 -15 18 -1 -8 24 -2 -12 -14 -21 -4 27 28 -6 -30
right_child=1 -3 6 9 26 -7 19 8 -10 -11 11 12 13 16 -16 -17 -18 -19 -20 20 -22 -23 -24 -25 -26 -27 -28 -29 29 -31
leaf_value=-2.5068874781914669e-05 0.00017017958533096546 0.00071595805374207214 0.00024535818613749901 -0.00012491521573025567 0.00011439402530625644 -0.00011610876583538349 7.2436754411169896e-05 -0.00012459727259491867 -8.4081764423787206e-05 -0.00012817951317964501 0.00046325770893393154 -0.00019570563768517708 -0.00034137228525800244 7.8004001105035775e-05 -0.00075591734736533999 0.00059933702936264754 0.00030008880980946195 -0.00010701476997141925 0.00025855637255057379 -1.8416923942659236e-05 -3.8095059152858535e-05 0.00037482765818845919 -0.00012119108267174389 0.0004231763011615087 -0.00022076921269246317 4.5139859175459283e-05 -9.8910914999657395e-05 0.00038925620808763993 0.00011729484064039843 -6.0189372889069875e-06
leaf_weight=717 739 270 63 168 1124 139 698 2231 2560 179 715 103 215 2219 55 439 1379 503 125 286 6317 133 68 59 446 1159 818 148 824 8079
leaf_count=717 739 270 63 168 1124 139 698 2231 2560 179 715 103 215 2219 55 439 1379 503 125 286 6317 133 68 59 446 1159 818 148 824 8079
internal_value=-4.54849e-06 0.00218906 -0.00260013 0.00196131 0.000858047 0.00506924 -0.00114004 -0.00473435 -0.00560948 0.00432667 0.004631 0.00493145 0.00395502 0.00322831 0.00866834 0.0106089 0.00393274 -0.0016171 0.000950119 -0.00171357 -0.00214569 0.00688073 0.0105045 -0.0060219 -0.00642077 0.00249591 0.000470754 0.000773956 0.00062581 0.000188139
internal_weight=32978 17873 15105 17603 12004 1011 8969 6136 4791 5599 5420 5252 4469 3872 597 542 3598 1345 842 7747 7049 872 783 274 732 1222 10993 10175 10027 8903
internal_count=32978 17873 15105 17603 12004 1011 8969 6136 4791 5599 5420 5252 4469 3872 597 542 3598 1345 842 7747 7049 872 783 274 732 1222 10993 10175 10027 8903
is_linear=0
shrinkage=0.05


Tree=13
num_leaves=31
num_cat=0
split_feature=4 16 13 5 14 16 16 0 14 13 16 13 15 14 16 15 13 12 15 15 15 15 13 13 4 8 13 15 15 12
split_gain=65.2879 30.9847 17.787 16.9242 9.62666 15.9961 13.0103 11.5834 9.67331 9.09608 8.43883 10 7.81695 8.68124 7.60482 8.96675 10.7436 8.30152 7.80288 8.22522 7.65096 11.1158 7.48712 7.39752 7.31458 7.11547 7.07645 6.85036 8.7457 6.8476
threshold=0.019967226893676505 -0.019459099802099252 33.719999313354499 0.021492138622672782 0.040951993391927573 0.012658085522716302 0.0063868152228667716 -0.019986215486703204 0.037142264963949019 25.505000114440922 -0.0082754589470619404 14.244999885559084 -0.0064717000798050197 0.0250539094836888 -0.033326351141272907 -0.018068509709193988 16.894999504089359 0.035783081956657366 -0.028606989853184436 0.005036690100856501 -0.00021110752033481892 -0.0024023733165758894 22.330000877380375 14.920000076293947 0.015916056845890907 -0.020168045590307212 16.285000801086429 -0.01129203605041723 -0.016797788576052682 -0.062212446145613214
decision_type=2 2 2 2 2 2 2 2 2 2 2 2 2 2 2 2 2 2 2 2 2 2 2 2 2 10 2 2 2 2
left_child=24 2 14 4 8 6 7 -6 12 -7 11 -9 27 22 18 -16 17 23 -2 20 21 -20 29 -17 -1 -12 -25 28 -3 -14
right_child=1 3 -4 -5 5 9 -8 10 -10 -11 25 -13 13 -15 15 16 -18 -19 19 -21 -22 -23 -24 26 -26 -27 -28 -29 -30 -31
leaf_value=-0.00010363711579385836 -0.00038163236060895678 -0.00039039021980096108 0.00089289382642909255 0.00011976468742910469 0.00020704074889971776 -0.00012291470973761263 0.00031422903064658338 -0.00043115231019380963 -0.00022582827396830574 0.00079168462762916876 -0.00027043032657919771 0.00017962609750004773 -0.00030470940415279794 0.00015939531412348048 -3.2436526201414312e-06 -0.00039076324907660794 0.00032395364991855721 0.00022982010008292019 0.00012229971864094474 -0.00010612212426049069 0.00031858640210907481 -0.0003422034632695537 -0.00019897490450825487 0.00034181465811031355 -6.2441952600298225e-05 -2.9966652755992682e-06 -0.00010360202286958665 -0.00013148116566302225 7.146795542549451e-05 -7.3168813790381627e-06
leaf_weight=2362 154 78 195 4165 513 809 345 70 257 50 213 602 74 493 457 115 1299 191 1334 347 227 131 421 82 5482 490 139 1041 425 10391
leaf_count=2362 154 78 195 4165 513 809 345 70 257 50 213 602 74 493 457 115 1299 191 1334 347 227 131 421 82 5482 490 139 1041 425 10391
internal_value=-8.49721e-05 0.00115899 0.00483301 0.000319274 -0.000408677 0.0021022 0.00433274 0.00270127 -0.000997724 -0.00369616 0.000309091 0.00431548 -0.000806701 -0.000353722 0.00418901 0.00620894 0.00777656 0.00175522 0.00208618 0.00290584 0.00434397 0.00302048 -0.000647621 -0.00297619 -0.0040668 -0.00352063 0.00237557 -0.00414508 0.000646123 -0.000384615
internal_weight=32952 25108 4671 20437 16272 3092 2233 1888 13180 859 1375 672 12923 11379 4476 2283 1826 527 2193 2039 1692 1465 10886 336 7844 703 221 1544 503 10465
internal_count=32952 25108 4671 20437 16272 3092 2233 1888 13180 859 1375 672 12923 11379 4476 2283 1826 527 2193 2039 1692 1465 10886 336 7844 703 221 1544 503 10465
is_linear=0
shrinkage=0.05


Tree=14
num_leaves=31
num_cat=0
split_feature=5 13 5 4 11 3 12 13 4 16 11 13 13 14 11 12 16 12 13 13 11 11 14 16 14 12 13 1 8 13
split_gain=63.7163 24.0078 16.3565 13.8193 7.95534 7.56797 7.30505 10.9948 6.75576 6.46874 7.10254 6.72817 6.2946 6.07023 5.70791 7.41868 5.63668 5.60392 5.37495 4.68035 7.63973 5.393 4.5867 4.5564 4.4765 4.34433 4.34279 4.28585 4.19622 4.14492
threshold=0.014652513031725456 33.719999313354499 0.02207308943101597 0.018836239004613804 -0.0027153549187989841 -0.021798662012077027 -0.075828254732232245 28.970000267028812 0.058492811015037345 -0.019459099802099252 -0.022310337551763478 25.960000038146976 25.010000228881839 0.15436855290822041 -0.023324980459216712 -0.029032360146205412 0.033162761404120562 -0.071455492513037885 12.84500026702881 13.59500026702881 0.00023772449314352076 0.011634039633228179 0.18763840935801293 -0.046981688485124011 0.00619378828642947 0.12384637745116912 13.659999847412111 -0.025482264904117865 0.36077474669333282 12.119999885559084
decision_type=2 2 2 2 2 2 2 2 2 2 2 2 2 2 2 2 2 2 2 2 2 2 2 2 2 2 2 2 8 2
left_child=3 2 5 4 -1 -2 -4 8 14 -7 -11 18 13 29 23 16 -16 -9 -12 20 -20 -22 -3 -8 -23 26 -21 -24 -28 -5
right_child=1 22 6 12 -6 9 7 17 -10 10 11 -13 -14 -15 15 -17 -18 -19 19 25 21 24 27 -25 -26 -27 28 -29 -30 -31
leaf_value=-3.0610723859127776e-05 0.00028637282088597439 0.00090106134641488016 0.00096613852945810113 -0.00028580193026154767 -0.00010257188299672384 0.00010163742159583004 6.7813134481891155e-05 0.00012264576399439957 0.0005956605667653067 0.00029085390054671564 -0.00010039967723792058 -0.00029526890203585655 0.00023007026568378538 0.00019701484304542191 -3.994385078884494e-05 0.00014699873040745857 -0.0003086053090117244 -0.00034828837567864296 -0.00020141630890339074 -0.00021090159743401062 0.00024045594333965443 -3.0690598051371242e-05 0.00041694909938415039 0.00072180277304043691 0.00024855784293226793 -0.00032734897404594718 1.5562026064719523e-05 -9.6624148122100375e-05 -0.0001585103800508258 -3.2450649898797555e-05
leaf_weight=1771 334 166 138 96 4272 2375 69 45 671 91 670 69 182 215 329 2972 60 164 124 96 342 288 76 140 130 119 8687 41 336 8050
leaf_count=1771 334 166 138 96 4272 2375 69 45 671 91 670 69 182 215 329 2972 60 164 124 96 342 288 76 140 130 119 8687 41 336 8050
internal_value=-5.43511e-05 0.00189132 0.00166721 -0.0025264 -0.00435628 0.000799722 0.00425022 0.00389888 0.0044506 0.000613416 0.000100438 -1.61127e-05 -0.001232 -0.00143224 0.00358543 0.00308688 -0.00340617 -0.00729665 8.33951e-05 0.00037048 0.00384615 0.00572368 0.0163428 0.0116029 0.00191388 3.7887e-05 0.00016175 0.00876068 0.000274299 -0.00165112
internal_weight=33118 18532 18249 14586 6043 13661 4588 4450 4241 13327 10952 10861 8543 8361 3570 3361 389 209 10792 10122 884 760 283 209 418 9238 9119 117 9023 8146
internal_count=33118 18532 18249 14586 6043 13661 4588 4450 4241 13327 10952 10861 8543 8361 3570 3361 389 209 10792 10122 884 760 283 209 418 9238 9119 117 9023 8146
is_linear=0
shrinkage=0.05


Tree=15
num_leaves=31
num_cat=0
split_feature=4 4 12 16 10 16 10 10 11 10 10 11 10 12 13 10 5 11 16 13 10 10 14 10 13 5 5 10 14 15
split_gain=55.9445 21.6026 19.454 9.19905 9.00961 11.0858 10.8589 10.3878 8.63498 8.53625 9.10163 8.98743 8.83217 7.96684 10.1661 9.25322 8.46902 7.51309 7.27546 7.64869 7.11193 8.60926 11.9711 7.04915 6.72012 6.66432 6.52084 6.52079 6.6502 6.44926
threshold=0.030363100376693507 0.018836239004613804 -0.080083523859072289 -0.013056398781422838 -0.0065884728107576387 0.0014488890323394179 0.0038763906562415689 -0.0051935654073162465 0.015047033906525955 -0.0065884728107576387 0.0078861998307097076 0.050492682028646547 -0.017312021268647334 -0.062212446145613214 25.505000114440922 -0.0052693175336530054 0.030716788775550653 -0.0043480810751578827 0.011609851269734907 14.444999694824221 0.018838458170826636 0.014545922873123287 -0.075454415356713087 0.012396471332785432 18.260000228881839 0.01741389648366445 0.0082681174913561781 0.0025358686375718258 -0.086337752297859935 0.002389696280095444
decision_type=2 2 2 2 2 2 2 2 2 2 2 2 2 2 2 2 2 2 2 2 2 2 2 2 2 2 2 2 2 2
left_child=1 26 -2 29 8 6 24 -7 18 12 11 13 -4 -11 15 -15 27 -8 19 -5 21 22 -9 -19 -6 -14 -1 -17 -29 -3
right_child=2 3 9 4 5 7 17 20 -10 10 -12 -13 25 14 -16 16 -18 23 -20 -21 -22 -23 -24 -25 -26 -27 -28 28 -30 -31
leaf_value=-0.00012789954816929891 0.00081138099964458456 7.4151615515862144e-05 -1.8226197245324682e-05 0.00036573782384724448 -0.00019378742270414681 -0.00021601691758304449 -0.00018324431932140425 0.00013952138093734843 -0.00041112855658495171 -0.0004116181529270355 0.00017026494653729987 -0.00029120435355891146 -5.8102733131578348e-05 -0.00025617814091176644 0.00080801602679415592 7.4299714956187381e-05 0.00048036275870040249 5.0153858399791187e-06 -9.5483294904799915e-05 8.7099682322066375e-05 0.00027229127290096916 -0.00020813854687270133 -2.0522904510283243e-05 0.00049937830645915165 -3.1376894125578324e-05 0.00032234511945964891 -6.6790093943252905e-05 0.0004003216316252858 -5.9339212605062945e-05 -5.3113058161993963e-05
leaf_weight=517 276 2943 378 140 1336 280 287 463 77 148 1987 143 167 287 93 3047 510 810 168 862 143 244 7841 63 347 1198 5668 138 1740 886
leaf_count=517 276 2943 378 140 1336 280 287 463 77 148 1987 143 167 287 93 3047 510 810 168 862 143 244 7841 63 347 1198 5668 138 1740 886
internal_value=-7.00576e-05 -0.00142904 0.00303105 -0.000503256 -0.00113506 -0.00156171 -0.00428245 -0.000699476 0.00290698 0.00266368 0.00198011 0.00102358 0.00583764 0.00132064 0.00161221 0.00134568 0.00180773 -0.000560345 0.00397436 0.00558882 -0.000394086 -0.000579083 -0.000307081 0.00174685 -0.00684789 0.00771062 -0.00395715 0.00117259 -0.00114483 0.00165187
internal_weight=33187 23075 10112 16890 13061 11814 2843 8971 1247 9836 8093 6106 1743 5963 5815 5722 5435 1160 1170 1002 8691 8548 8304 873 1683 1365 6185 4925 1878 3829
internal_count=33187 23075 10112 16890 13061 11814 2843 8971 1247 9836 8093 6106 1743 5963 5815 5722 5435 1160 1170 1002 8691 8548 8304 873 1683 1365 6185 4925 1878 3829
is_linear=0
shrinkage=0.05


Tree=16
num_leaves=31
num_cat=0
split_feature=4 13 4 4 6 11 10 10 14 11 10 13 12 15 10 14 10 10 15 12 12 11 13 13 13 13 13 10 14 10
split_gain=46.9473 18.0719 12.4325 11.6949 9.83084 7.45207 8.27182 7.92508 7.49131 6.97991 5.86731 5.71477 5.8774 9.82446 10.6523 6.08278 6.50752 10.8026 8.37994 6.05566 9.81432 6.26404 5.95069 7.00151 10.0523 5.71515 9.943 11.4979 5.94294 5.61902
threshold=0.024513184368446617 33.719999313354499 0.054727571834919254 0.015916056845890907 0.68198628073521228 -0.0073194328445433934 0.0033676747236286446 0.0012830359695055196 -0.0059106162699663059 0.050492682028646547 0.011197941469223484 30.345000267028812 -0.062212446145613214 -0.017234563437036884 0.010824096152379449 -0.077913276979976895 0.0025358686375718258 0.0038486575209699674 -0.0011281495505794934 0.095724782910464948 0.066100470646601531 -0.014003492278460259 25.505000114440922 22.429999351501468 20.255000114440922 16.32499980926514 19.159999847412113 0.0065341735331239112 0.0066946732173895915 -0.029463617054616639
decision_type=2 2 2 2 2 2 2 2 2 2 2 2 2 2 2 2 2 2 2 2 2 2 2 2 2 2 2 2 2 2
left_child=3 2 4 -1 9 6 7 8 -5 11 -8 12 13 -2 -15 -14 22 18 -18 20 21 -19 23 24 -17 28 -27 -28 -23 -3
right_child=1 29 -4 5 -6 -7 10 -9 -10 -11 -12 -13 15 14 -16 16 17 19 -20 -21 -22 25 -24 -25 -26 26 27 -29 -30 -31
leaf_value=-8.5397857685048196e-05 0.00012652481116601089 0.00011538893787200857 0.00042330023721747119 -7.3194724966773887e-05 0.00013256887658178763 -4.6636614378928969e-05 -0.0001432994220565565 0.00025212823125725625 5.7598687043942686e-05 -0.0001596389830652821 9.4204658681057256e-05 0.00031567041662140317 0.00010890335970615128 -0.00040046198699380674 8.0857303389186754e-05 2.9328346529407248e-05 8.3011879109704678e-05 -0.0002090843880648022 -0.00021939418116418311 0.00049102902447368168 -0.00024489560777161192 -5.6947343323115416e-05 0.00033278652141742682 -0.00012775340168753678 0.00020391324895392273 0.00021634730003817424 -0.00025780404055749176 0.0001252745462535082 0.00022283697372985751 0.00069487523774409011
leaf_weight=2368 138 79 1069 311 3318 10138 395 173 1630 185 149 98 1138 160 77 5860 105 234 622 101 208 1267 209 508 760 831 232 392 214 187
leaf_count=2368 138 79 1069 311 3318 10138 395 173 1630 185 149 98 1138 160 77 5860 105 234 622 101 208 1267 209 508 760 831 232 392 214 187
internal_value=-1.50802e-06 0.00172577 0.00153165 -0.00205091 0.00119619 -0.00145358 0.000902935 0.00231788 0.00140392 0.000590374 -0.00459559 0.000726015 0.000635723 -0.00553333 -0.0117089 0.000818153 0.000474313 -0.00109368 -0.00663686 6.46738e-05 -0.000296033 0.000394322 0.00137318 0.00112935 0.00156344 0.0010218 0.00324742 -0.00152244 -0.00116475 0.0146617
internal_weight=33156 17992 17726 15164 16657 12796 2658 2114 1941 13339 544 13154 13056 375 237 12681 11543 4206 727 3479 3378 3170 7337 7128 6620 2936 1455 624 1481 266
internal_count=33156 17992 17726 15164 16657 12796 2658 2114 1941 13339 544 13154 13056 375 237 12681 11543 4206 727 3479 3378 3170 7337 7128 6620 2936 1455 624 1481 266
is_linear=0
shrinkage=0.05


Tree=17
num_leaves=31
num_cat=0
split_feature=5 16 5 16 12 11 16 12 8 10 16 14 10 10 12 10 11 6 12 11 1 15 15 10 10 14 15 15 10 8
split_gain=42.1742 21.5475 18.2915 10.7788 10.3087 7.91865 6.41674 13.8192 9.46817 9.3129 8.3172 7.63293 7.52946 8.43593 12.7925 6.97101 6.11994 5.89713 5.75369 5.60635 5.57781 5.57623 11.6999 10.7881 10.171 20.0498 8.66897 8.50561 8.488 9.01963
threshold=0.012773749066118514 -0.075130809185030276 0.025507460181924815 -0.011184269037458115 -0.080083523859072289 -0.0080581536357283139 -0.0023786684054273306 -0.046452019388258541 0.36077474669333282 -0.0077272822899705487 0.012658085522716302 -0.040011250304013861 -0.0055859659212495463 0.0038763906562415689 -0.025750779649927887 -0.0049441493240062187 -0.011693730673341061 1.3181740087866121 0.12384637745116912 0.011525540902406652 -0.029172474180596816 0.002389696280095444 -0.001522565424722788 0.0052648731180522388 0.0012830359695055196 -0.0080681674930397889 0.0043635010367950597 -0.018364707967719159 -0.01521359351313417 0.06671704945231173
decision_type=2 2 2 2 2 2 2 2 8 2 2 2 2 2 2 2 2 2 2 2 2 2 2 2 2 2 2 2 2 8
left_child=5 -2 3 21 -4 -1 7 -5 9 10 19 -10 20 14 -14 -11 -16 -7 -17 -8 -9 22 24 -24 25 -3 -23 -27 29 -29
right_child=1 2 4 6 -6 17 8 12 11 15 -12 -13 13 -15 16 18 -18 -19 -20 -21 -22 26 23 -25 -26 27 -28 28 -30 -31
leaf_value=7.2002142970442614e-08 0.00078226306938229532 -0.00021605916147529898 0.0011330108718267252 -0.00038135080847362938 0.00019889194787181064 -8.2188681008604211e-05 0.00030881676726559487 0.00033300744336614856 9.3595721938516917e-05 -0.00015582754675563093 -6.1234300228202437e-05 -0.00046442195758703887 0.00022793549244723183 1.9759430407034068e-05 8.4691658203803425e-05 1.1813862902482036e-05 -0.00023069092185372267 6.4381817338752749e-06 -0.000283472826970274 -0.0001699661288668418 1.1278062387247174e-05 -0.0002200860106480095 0.00031957201888186033 -0.00013124478727985072 0.00034113523289969173 -1.8461927900097384e-05 3.0043018735782887e-05 0.0007625674024138038 0.00010424764739108291 -6.6350509711936721e-05
leaf_weight=1857 153 427 85 109 2477 6564 401 126 83 557 174 225 100 912 98 11115 883 844 118 46 303 242 607 80 285 985 1165 137 1964 54
leaf_count=1857 153 427 85 109 2477 6564 401 126 83 557 174 225 100 912 98 11115 883 844 118 46 303 242 607 80 285 985 1165 137 1964 54
internal_value=-4.21992e-05 0.0010675 0.000947049 0.00046471 0.00493755 -0.0029061 -0.000239344 -0.00253852 0.000218178 0.000433084 0.00640097 -0.00844156 -0.00175475 -0.00304817 -0.00603608 0.000118745 -0.00777268 -0.00363796 0.000389477 0.0100112 0.00425408 0.00227043 0.00312293 0.00913392 0.00205088 0.00132464 -0.000479744 0.00270701 0.00446636 0.0145288
internal_weight=33176 23911 23758 21196 2562 9265 15250 2531 12719 12411 621 308 2422 1993 1081 11790 981 7408 11233 447 429 5946 4539 687 3852 3567 1407 3140 2155 191
internal_count=33176 23911 23758 21196 2562 9265 15250 2531 12719 12411 621 308 2422 1993 1081 11790 981 7408 11233 447 429 5946 4539 687 3852 3567 1407 3140 2155 191
is_linear=0
shrinkage=0.05


Tree=18
num_leaves=31
num_cat=0
split_feature=4 12 13 10 11 10 4 6 4 3 13 12 4 15 13 11 12 15 15 12 13 8 10 14 12 12 14 9 10 14
split_gain=44.0138 19.9315 11.691 10.4443 8.58149 9.43892 8.33195 7.79464 5.0766 5.7522 4.584 4.50157 4.4487 4.3412 8.27476 6.2221 6.88617 5.89861 5.84989 5.30508 5.16679 4.65604 4.83755 7.29625 7.90149 10.5122 5.19107 4.95276 4.32964 6.05492
threshold=0.024513184368446617 -0.075828254732232245 27.664999961853031 -0.0037293651666452927 -0.0050766678168972504 -0.0052693175336530054 0.015916056845890907 -0.067715034487573725 0.03404903775118772 -0.02357964620387459 28.970000267028812 -0.018676010215707358 0.10416122739488766 -0.0037410574582461549 20.154999732971195 0.027231937128701426 0.0011335469917099774 -0.0070359541220010305 -0.0032718482423349511 0.014776412045584443 17.945000648498539 -0.17234911414958101 -0.00083771679108757258 0.044393091515214207 0.0020578799164406862 0.024521717099064925 0.070306169308441371 0.38963561198374713 0.0044649128256998303 -0.056925165822572281
decision_type=2 2 2 2 2 2 2 2 2 2 2 2 2 2 2 2 2 2 2 2 2 10 2 2 2 2 2 8 2 2
left_child=3 2 -2 4 5 -1 -5 12 9 -9 -10 -12 -3 14 15 16 -8 -17 -15 -18 -21 -20 23 24 -23 -26 -25 -27 29 -24
right_child=1 7 -4 6 -6 -7 13 8 10 -11 11 -13 -14 18 -16 17 19 -19 21 20 -22 22 28 26 25 27 -28 -29 -30 -31
leaf_value=2.6092358415369043e-05 7.5024318809743245e-05 1.0240997786594049e-05 0.00090206803418050425 -9.4826399908309704e-05 -3.4281576138731842e-05 0.00021071608298775957 2.2338779636599422e-05 0.00033351202006256679 0.00020372314026636149 3.8299007453798836e-05 9.653451604051469e-05 -0.00082367374123678118 0.0010505901681713309 0.00010634107338678058 0.00013237399933299976 -8.5971021853136929e-05 -0.00028222937290754073 0.00041914046501271304 -0.00019357340228077938 -0.00010253331399606445 -0.00032255592661508369 -0.00011898571915577375 0.00013134948959103574 -0.00028858486233697943 0.00029524651619293203 -4.4077892200502204e-05 1.5643636441645475e-05 0.00031638328716321893 -2.019804266073502e-05 -8.8359169308761901e-05
leaf_weight=1488 186 10176 278 1831 1615 280 247 173 2527 4439 83 46 92 231 124 76 204 82 230 890 163 125 85 85 239 291 104 65 3569 3184
leaf_count=1488 186 10176 278 1831 1615 280 247 173 2527 4439 83 46 92 231 124 76 204 82 230 890 163 125 85 85 239 291 104 65 3569 3184
internal_value=-4.81812e-05 0.001625 0.0118534 -0.00202854 0.000421224 0.00282805 -0.00272939 0.00135436 0.00260732 0.00160451 0.00434864 -0.00484496 0.000467472 -0.0021613 -0.0043953 -0.00532491 -0.00631649 0.00411392 -0.00167519 -0.00781623 -0.00638651 -0.00190234 -0.0016942 0.00173267 0.00402778 0.00642857 -0.00701058 0.000983146 -0.00214975 -0.00346436
internal_weight=33208 18000 464 15208 3383 1768 11825 17536 7268 4612 2656 129 10268 9994 1786 1662 1504 158 8208 1257 1053 7977 7747 909 720 595 189 356 6838 3269
internal_count=33208 18000 464 15208 3383 1768 11825 17536 7268 4612 2656 129 10268 9994 1786 1662 1504 158 8208 1257 1053 7977 7747 909 720 595 189 356 6838 3269
is_linear=0
shrinkage=0.05


Tree=19
num_leaves=31
num_cat=0
split_feature=5 16 5 12 16 10 11 11 16 10 16 13 12 5 11 10 15 12 14 12 12 14 14 10 10 16 14 13 10 12
split_gain=39.993 19.9118 15.2618 9.11107 8.35248 10.1202 9.76262 7.38813 6.95549 6.84608 8.25245 6.63691 6.90503 6.54676 6.53397 9.57825 8.32567 7.61078 9.42617 8.46479 7.428 7.44477 6.83409 9.22691 6.47796 6.12515 8.16663 8.37803 7.14174 6.59941
threshold=0.012773749066118514 -0.075130809185030276 0.024146063094111974 -0.080083523859072289 -0.019459099802099252 -0.0065884728107576387 0.011995424510659937 -0.0080581536357283139 -0.048787855750002433 -0.017312021268647334 0.011609851269734907 28.970000267028812 -0.042339714563459634 0.060581257013612382 1.0000000180025095e-35 0.018838458170826636 0.022320238038255339 -0.062212446145613214 -0.04578454363779693 0.095724782910464948 -0.021564609958813593 0.065842641676127869 -0.024970108459849868 -0.0019500004630599863 0.015426136544852588 -0.011184269037458115 0.0066946732173895915 14.244999885559084 -0.004697388100089738 0.029962761460985091
decision_type=2 2 2 2 2 2 2 2 2 2 2 2 2 2 2 2 2 2 2 2 2 2 2 2 2 2 2 2 2 2
left_child=7 -2 4 -4 8 6 9 -1 -3 -6 -11 13 -13 -5 25 16 17 -16 24 20 21 22 -20 -24 -19 26 29 -28 -29 -7
right_child=1 2 3 11 5 14 -8 -9 -10 10 -12 12 -14 -15 15 -17 -18 18 19 -21 -22 -23 23 -25 -26 -27 27 28 -30 -31
leaf_value=6.2718026765159343e-07 0.00072883213612441307 -3.8527349034555997e-05 0.00092572914593673614 0.00016003084345005581 -0.00014648192831833953 -1.3554067304265891e-05 -0.00032312695640390569 -6.9058069351563651e-05 0.000101626871874946 0.00018677848154746791 -0.00010852435011108392 4.6281382154376997e-05 -0.00061864024504601565 0.0016483171999908239 -0.00028209678150227784 0.00030174664856975241 -0.0001592555932206039 0.0001054351112925323 0.00034496789347756174 -0.00019737984197670621 -1.2193161087238441e-05 0.00083679999002045531 -0.00031580061433862379 0.00011729796107296104 -0.00020611501282597681 -9.2790104423464475e-05 -0.00039098236322939757 2.4596530896792494e-05 0.00033052970006348383 -0.00036976354556678175
leaf_weight=1843 159 590 104 2670 119 473 114 7438 2952 1295 207 186 71 120 89 195 402 2093 125 302 7953 56 59 211 114 2619 57 165 227 92
leaf_count=1843 159 590 104 2670 119 473 114 7438 2952 1295 207 186 71 120 89 195 402 2093 125 302 7953 56 59 211 114 2619 57 165 227 92
internal_value=-9.06344e-06 0.00107582 0.000957312 0.00419708 0.000459554 -1.47345e-06 0.00361671 -0.00279334 0.00266798 0.00461135 0.00552597 0.00370036 -0.00398833 0.0044086 -0.000413603 0.000165963 -2.19221e-05 0.000236321 0.000355081 -0.000384792 -8.92432e-05 0.00615299 0.00373418 -0.000740741 0.00327367 -0.00226397 0.0010355 0.00606904 0.00867347 -0.0029646
internal_weight=33100 23819 23660 3151 20509 16967 1735 9281 3542 1621 1502 3047 257 2790 15232 11599 11404 11002 10913 8706 8404 451 395 270 2207 3633 1014 449 392 565
internal_count=33100 23819 23660 3151 20509 16967 1735 9281 3542 1621 1502 3047 257 2790 15232 11599 11404 11002 10913 8706 8404 451 395 270 2207 3633 1014 449 392 565
is_linear=0
shrinkage=0.05


Tree=20
num_leaves=31
num_cat=0
split_feature=4 5 12 3 16 12 16 15 16 15 12 9 12 5 14 11 14 15 13 13 15 12 15 11 14 13 11 13 11 15
split_gain=34.7812 20.0688 14.2523 10.2482 6.29795 6.23867 7.46858 6.03978 5.90007 7.44888 7.28112 5.84891 5.56619 5.21472 4.98022 4.55728 4.39671 5.91836 9.41112 8.04963 6.84791 7.27892 8.33726 7.31091 6.87762 7.31312 6.81969 5.86654 5.85559 5.63299
threshold=0.020198679904844342 0.022391442868033757 -0.080083523859072289 -0.019164966456315765 -0.011184269037458115 -0.046452019388258541 -0.0021436893331348568 -0.028606989853184436 0.048807502746428318 0.034161419428343949 0.014344478951051955 0.057883783288158804 -0.043864369041982591 0.010216286220874251 0.090336443973437111 0.041951569626952907 -0.049735428455543622 -0.01129203605041723 21.954999923706058 22.330000877380375 -0.0064717000798050197 0.076145599776237818 -0.0044563972542379085 0.029305077851743303 -0.0026760061162229838 16.345000267028812 0.0081473625045073179 21.724999427795414 0.017946069561085468 -0.0038285239570431391
decision_type=2 2 2 2 2 2 2 2 2 2 2 8 2 2 2 2 2 2 2 2 2 2 2 2 2 2 2 2 2 2
left_child=13 3 -3 7 -5 6 -6 -2 9 15 -10 -8 -7 14 -1 -4 -14 18 -18 20 24 22 23 28 -19 -26 -23 29 -22 -24
right_child=1 2 8 4 5 12 11 -9 10 -11 -12 -13 16 -15 -16 -17 17 19 -20 -21 21 26 27 -25 25 -27 -28 -29 -30 -31
leaf_value=-7.8326335821072429e-05 -0.0004562899910490014 0.0010192539467676523 0.00015972092228195 3.7327993746786401e-05 -0.00034897411744234605 0.00042203240990911341 0.00010774529532534932 0.00024064244366780093 -0.0001380715656692572 -0.00063654429665024187 0.00024654531410198496 -0.0001753803928964981 3.1082336955164276e-05 -3.9447099154047999e-05 4.9381022071982039e-05 0.00098059743914649753 2.7764622345983257e-05 -0.00024529556480498168 0.00050628159438476452 -0.00025744888546000221 0.00014289573988463301 0.00038521578533619419 -0.00023426633579883482 0.0014826994259542097 -0.00016990286229293791 1.179303401824582e-05 -0.00019386062889428245 0.00044316736222071632 -0.00016449516806167153 -1.1583503032876544e-05
leaf_weight=2784 63 193 3854 5420 105 84 121 598 308 48 126 90 2873 5216 230 58 929 120 102 228 353 52 200 55 570 582 424 79 119 7159
leaf_count=2784 63 193 3854 5420 105 84 121 598 308 48 126 90 2873 5216 230 58 929 120 102 228 353 52 200 55 570 582 424 79 119 7159
internal_value=1.13146e-05 0.000942279 0.00392958 0.000268129 6.22934e-05 -0.000489645 -0.00743671 0.00639183 0.00334547 0.00395202 -0.00218894 -0.00201422 -0.000332041 -0.0028068 -0.00446251 0.00419223 -0.000409895 -0.00086584 0.00274006 -0.00123981 -0.00102183 -0.000506457 -0.00014752 0.00592979 -0.00444182 -0.00325521 -0.00651261 -0.000578112 0.00391949 -0.000723604
internal_weight=33143 24913 4587 20326 19665 14245 316 661 4394 3960 434 211 13929 8230 3014 3912 13845 10972 1031 9941 9713 8441 7965 527 1272 1152 476 7438 472 7359
internal_count=33143 24913 4587 20326 19665 14245 316 661 4394 3960 434 211 13929 8230 3014 3912 13845 10972 1031 9941 9713 8441 7965 527 1272 1152 476 7438 472 7359
is_linear=0
shrinkage=0.05


Tree=21
num_leaves=31
num_cat=0
split_feature=4 12 4 3 16 6 16 16 16 13 16 14 12 12 10 15 13 10 13 14 16 14 12 13 16 16 12 10 15 10
split_gain=36.9021 17.3116 16.6631 6.03892 5.89456 4.89918 4.74836 6.61868 5.82832 4.57699 5.40751 4.41026 4.3548 6.76872 5.887 7.73972 5.78366 5.66403 5.25804 4.60184 7.8617 4.32353 4.29684 4.25495 4.21103 9.19064 8.74973 6.83111 9.351 13.0387
threshold=0.032908088407544667 -0.080083523859072289 0.018932939448533928 -0.02357964620387459 -0.0092303718740776013 0.56935396651398473 0.050929992554133226 0.035043020689671363 0.030445016203896284 14.059999942779543 -0.031002111316654476 -0.021011062487688355 0.066100470646601531 0.060736863464118891 0.0063179142328150259 0.0047766345573297961 17.945000648498539 0.0038763906562415689 12.119999885559084 -0.040011250304013861 0.0089694181012036651 0.0066946732173895915 0.095724782910464948 18.82499980926514 -0.0092303718740776013 -0.0021436893331348568 -0.046452019388258541 0.018838458170826636 0.015049129924874173 0.0055837889125804905
decision_type=2 2 2 2 2 2 2 2 2 2 2 2 2 2 2 2 2 2 2 2 2 2 2 2 2 2 2 2 2 2
left_child=2 -2 4 -4 9 6 7 8 -3 11 -11 -1 13 18 15 17 -15 22 -5 20 -16 -18 23 -14 -20 26 -26 28 29 -27
right_child=1 5 3 12 -6 -7 -8 -9 -10 10 -12 -13 14 16 19 -17 21 -19 24 -21 -22 -23 -24 -25 25 27 -28 -29 -30 -31
leaf_value=3.689218227828969e-05 0.00079100810032406302 7.4564588730762112e-05 0.00024118852687264874 -0.00020784590778696955 -7.2444872090108786e-05 0.00023980672792671203 -9.2830567656356129e-05 0.00025248448680722867 -0.00023933507967455233 -7.1748807244680258e-05 4.0587139283482625e-05 -0.00018737732343004373 5.3612632833047705e-05 0.00037541673875185846 -0.00023516876016437278 0.00032845490568045554 -0.00019029974433151635 0.00039573858781566975 2.889824520438695e-05 -0.00023637370695867387 0.00041016143183925764 0.00010511533191127215 -0.00026024886469721642 -0.00016670019474626478 -0.00043866187738024996 -1.7131777502508169e-05 -8.1469138973143312e-05 0.00024831277149199463 -0.00011060348071307067 9.734635981396069e-05
leaf_weight=95 243 4989 240 149 4601 1583 454 426 140 384 998 217 220 182 53 120 51 50 5067 241 63 51 199 120 65 6932 1758 149 1197 2064
leaf_count=95 243 4989 240 149 4601 1583 454 426 140 384 998 217 220 182 53 120 51 50 5067 241 63 51 199 120 65 6932 1758 149 1197 2064
internal_value=1.73711e-05 0.00301532 -0.000912293 -0.000172632 -0.00314138 0.00259484 0.00194292 0.00234473 0.00184734 -0.000619835 0.000615051 -0.00608974 -0.000273611 -8.63289e-05 -0.00337711 -0.00074048 0.00757042 -0.00309847 -0.000211438 -0.00861345 -0.000431034 -0.00196078 -0.00459184 -0.00117647 -0.000130571 -0.000635018 -0.00390839 -5.80159e-05 -0.000213382 0.00033904
internal_weight=33101 7835 25266 18971 6295 7592 6009 5555 5129 1694 1382 312 18731 17665 1066 709 284 589 17381 357 116 102 539 340 17232 12165 1823 10342 10193 8996
internal_count=33101 7835 25266 18971 6295 7592 6009 5555 5129 1694 1382 312 18731 17665 1066 709 284 589 17381 357 116 102 539 340 17232 12165 1823 10342 10193 8996
is_linear=0
shrinkage=0.05


Tree=22
num_leaves=31
num_cat=0
split_feature=4 4 12 11 11 4 10 4 15 10 10 10 16 10 11 9 12 9 14 15 13 14 12 14 15 11 11 9 14 15
split_gain=31.2934 13.8326 10.8613 7.34054 10.1963 7.01928 5.60327 5.16334 4.65005 4.49349 10.3736 6.96113 11.0098 5.54127 6.74683 4.4036 4.2169 4.98145 4.1951 8.23766 5.4147 7.20689 5.47746 9.50165 9.19964 8.89662 9.69589 13.4019 7.65635 8.59845
threshold=0.031129373994785169 0.018836239004613804 -0.080083523859072289 -0.023324980459216712 -0.025492128925019227 0.052951628770574667 0.0041080553382388816 0.10416122739488766 -0.0039001430378846065 -0.0065884728107576387 -0.0072745157566194698 -0.0052693175336530054 -0.013849585696338094 -0.017312021268647334 -0.022672230022230119 -0.15088558557376644 0.0098181049461038023 0.27150576926467801 -0.044386160859696593 0.011536766997730543 12.765000343322756 -0.042837654521053752 -0.0014831774620820968 -0.026106823606350468 0.00062966304895184521 -0.0047498302938579475 0.027231937128701426 0.31796652412870913 -0.001390218635627771 0.00034045537478033522
decision_type=2 2 2 2 2 2 2 2 2 2 2 2 2 2 2 8 2 8 2 2 2 2 2 2 2 2 2 8 2 2
left_child=1 16 5 4 6 -2 8 9 -3 10 13 12 -11 14 -4 -5 17 -1 -17 20 -20 -22 28 -24 25 -25 -27 -28 -23 -30
right_child=2 3 7 15 -6 -7 -8 -9 -10 11 -12 -13 -14 -15 -16 18 -18 -19 19 -21 21 22 23 24 -26 26 27 -29 29 -31
leaf_value=3.15427001543969e-05 0.00022419744920800945 2.7702450156104301e-05 0.00019165314982815316 7.0775956800551507e-05 0.00033989665971310908 0.0014734727441460011 -0.00016486658943135258 0.0012621365293353295 0.00029905224957388278 0.00029362714394328868 0.00054628251793673282 5.995947957241192e-05 -0.00045135736184403856 0.00016835757251545209 -0.00028154669281628262 1.6236483986519639e-05 -6.966583844998421e-05 -7.3330057655950602e-05 -0.00010183687887208881 -0.0001005859607865779 -0.00018774030401270893 5.2825083137634631e-05 -8.5647253626584038e-05 0.00010086912327496086 8.2269851367228636e-05 -6.2119204246244286e-05 0.00025608257151994864 -0.00024816804449752047 -5.9103467828258405e-05 -0.00029794522258521711
leaf_weight=985 159 600 184 630 256 103 151 122 173 81 165 7052 213 1088 165 3395 4432 761 752 1300 64 673 1015 995 2643 3275 283 58 1064 352
leaf_count=985 159 600 184 630 256 103 151 122 173 81 165 7052 213 1088 165 3395 4432 761 752 1300 64 673 1015 995 2643 3275 283 58 1064 352
internal_value=-8.66251e-05 -0.00104686 0.0023682 -0.000335143 0.00347458 0.0124046 0.00102814 0.00207828 0.00274903 0.00193898 0.00433833 0.00141574 -0.00612245 0.00297495 -0.00250716 -0.000607613 -0.00308352 -0.00100229 -0.00077037 -0.00119448 -0.00075622 -0.000460564 -0.000357212 0.000220704 0.000854701 -0.000493385 -0.00164546 0.0063783 -0.00264481 -0.00473164
internal_weight=33189 23857 9332 17679 1180 262 924 9070 773 8948 1602 7346 294 1437 349 16499 6178 1746 15869 12474 11174 10422 10358 8269 7254 4611 3616 341 2089 1416
internal_count=33189 23857 9332 17679 1180 262 924 9070 773 8948 1602 7346 294 1437 349 16499 6178 1746 15869 12474 11174 10422 10358 8269 7254 4611 3616 341 2089 1416
is_linear=0
shrinkage=0.05


Tree=23
num_leaves=31
num_cat=0
split_feature=5 12 5 10 6 14 12 4 11 11 10 15 5 6 14 16 11 15 11 15 11 15 10 10 10 12 10 11 13 13
split_gain=25.8094 12.9039 12.4251 7.0903 7.37568 8.17896 6.2951 5.63982 5.30734 9.32973 5.78145 6.44449 4.95074 4.97643 5.05714 4.70925 6.90352 4.49627 6.15343 5.05148 9.93091 8.33643 9.29717 7.75668 8.72349 7.4098 6.88249 6.76069 7.81001 10.2348
threshold=0.019340504010342995 -0.080083523859072289 0.012103754485823881 -0.0028966146153551193 -0.75901884824734733 -0.036818887874406285 0.10123019596275297 0.043756668956698837 -0.023324980459216712 -0.025492128925019227 0.0041080553382388816 -0.0039001430378846065 0.060581257013612382 0.53170201193883038 -0.19490876951167976 0.048807502746428318 0.040036365268930958 -0.020061582323004919 0.0084762123288910658 -0.011576510250656978 -0.021243764887310997 -0.0078394770075491099 -0.0051935654073162465 -0.001746991736331027 -0.0019500004630599863 0.036367400573910087 0.00044089291237869871 -0.013447724126553815 18.625000000000004 17.945000648498539
decision_type=2 2 2 2 2 2 2 2 2 2 2 2 2 2 2 2 2 2 2 2 2 2 2 2 2 2 2 2 2 2
left_child=2 7 3 -1 -5 -6 8 -2 9 10 11 -4 13 15 -15 16 -3 18 -10 20 -19 22 25 24 27 -21 -24 -23 29 -29
right_child=1 12 6 4 5 -7 -8 -9 17 -11 -12 -13 -14 14 -16 -17 -18 19 -20 21 -22 23 26 -25 -26 -27 -28 28 -30 -31
leaf_value=-1.0069768293601186e-06 0.00012783420786150157 5.2289104775183044e-05 4.5072110852491421e-06 -0.00011776652665366223 1.3047081034498941e-05 -7.5093752682777346e-05 -0.00018932707777759032 0.0010563036637222239 -5.0412616982272941e-05 0.0003260422118328487 -0.00014612933883156678 0.00030095994200364209 0.0012157354080688512 -0.00069772519639526274 0.00022796936415080097 -8.8275841814973053e-05 0.00061053125162771485 -0.00030770251960270524 -0.00042140020253360328 -6.7922347327096071e-05 8.3450760623738414e-05 0.00018064779325474304 -0.00024931138562784503 -1.5050377754889221e-05 0.00040890885398832118 0.00027331879297274068 2.6678580044472122e-06 3.967469997887153e-05 -0.00014319626865683414 0.00072098745365170363
leaf_weight=1966 73 5392 651 1135 1388 2926 212 162 459 278 163 175 123 46 1530 486 89 65 87 502 1463 336 403 10751 87 113 143 1385 390 72
leaf_count=1966 73 5392 651 1135 1388 2926 212 162 459 278 163 175 123 46 1530 486 89 65 87 502 1463 336 403 10751 87 113 143 1385 390 72
internal_value=-9.75765e-05 0.00239527 -0.000880716 -0.00259946 -0.00352817 -0.00258461 -0.000162109 0.0139362 -5.84946e-05 0.00305841 0.00078362 0.00248184 0.00204148 0.00187923 0.00437817 0.00121921 0.00163747 -0.000301427 -0.0047619 -0.000146404 0.00258508 -0.000440699 -0.00450043 -7.8719e-05 0.00257709 -0.000284553 -0.00924908 0.00195831 0.000771521 0.00245367
internal_weight=33051 7901 25150 7415 5449 4314 17735 235 17523 1267 989 826 7666 7543 1576 5967 5481 16256 546 15710 1528 14182 1161 13021 2270 615 546 2183 1847 1457
internal_count=33051 7901 25150 7415 5449 4314 17735 235 17523 1267 989 826 7666 7543 1576 5967 5481 16256 546 15710 1528 14182 1161 13021 2270 615 546 2183 1847 1457
is_linear=0
shrinkage=0.05


Tree=24
num_leaves=31
num_cat=0
split_feature=5 16 10 16 16 13 10 15 5 16 16 16 13 16 13 15 11 10 5 10 13 15 11 5 11 16 10 8 7 13
split_gain=26.1195 13.0198 10.0006 9.54952 9.45685 7.94111 7.36486 10.3326 8.10927 7.21113 7.13809 7.11381 9.45577 6.90332 6.96351 6.58888 6.41804 6.38516 5.75552 5.71451 5.53538 6.2868 8.31106 6.08907 5.71912 7.83731 5.52168 7.59081 5.34451 5.25546
threshold=0.014652513031725456 -0.019459099802099252 -0.0065884728107576387 0.011609851269734907 0.0065757729616116043 46.145000457763679 -0.004697388100089738 -0.014457589890885412 0.026216490477652312 -0.0092303718740776013 -0.033326351141272907 -0.0066474274285495674 20.335000038146976 0.048807502746428318 23.529999732971195 -0.018068509709193988 -0.022672230022230119 0.0025358686375718258 0.011516190942332839 0.0052648731180522388 16.894999504089359 -0.0047522286220771917 -0.0020344936195998971 0.021903311417954551 -0.015644740533217568 -0.025695939326000724 -0.010966438049946124 -0.14110974267425599 -0.033693368561296615 16.285000801086429
decision_type=2 2 2 2 2 2 2 2 2 2 2 2 2 2 2 2 2 2 2 2 2 2 2 2 2 2 2 10 2 2
left_child=9 5 3 4 26 10 7 -4 -8 17 19 12 -10 14 -13 16 -12 -1 -11 28 24 -22 23 -23 -17 -26 27 -3 -2 -27
right_child=1 2 6 -5 -6 -7 8 -9 11 18 15 13 -14 -15 -16 20 -18 -19 -20 -21 21 22 -24 -25 25 29 -28 -29 -30 -31
leaf_value=1.7358070408857413e-05 0.000183665148844267 -0.00026880860675843532 0.00023748658364521215 -0.00021341828723988213 0.00048003652614690028 0.0017035804067197218 -4.1578874824762559e-06 -0.00019732662842752817 0.00022782927663889878 -6.6669912048499856e-05 0.00032770535032608929 0.00028778716665224627 -0.00068373374573436191 -4.6437081417999644e-05 0.00056819629631111657 -0.00027262652511459752 -9.761291929214615e-05 -7.2110915734289761e-05 -3.3697949393156348e-05 -0.00010743821926003277 0.0004830539600964572 0.00016273004736346472 -0.0001450855899567929 0.00084204040971826719 0.00038889043769983343 0.00015975694601185676 0.00021923117764424449 0.00010622194384623165 -1.9287754049569048e-05 -0.00028439565145123069
leaf_weight=3106 833 116 61 228 211 76 11109 759 112 4207 81 800 102 283 169 52 278 967 6300 360 430 329 143 124 85 158 519 483 598 57
leaf_count=3106 833 116 61 228 211 76 11109 759 112 4207 81 800 102 283 169 52 278 967 6300 360 430 329 143 124 85 158 519 483 598 57
internal_value=-0.000196161 0.00104818 0.00039794 0.00419075 0.00581264 0.00374584 -4.29265e-05 -0.00463415 0.000256461 -0.00177984 0.00340136 0.00375171 -0.0046729 0.00519169 0.00719814 0.00568509 -0.000348189 6.13798e-06 -0.00247216 0.00118649 0.00725689 0.00911306 0.00578859 0.00910596 0.00184659 0.0045 0.00398032 0.000709516 0.00260307 -0.000581395
internal_weight=33136 18556 14952 1557 1329 3604 13395 820 12575 14580 3528 1466 214 1252 969 1737 359 4073 10507 1791 1378 1026 596 453 352 300 1118 599 1431 215
internal_count=33136 18556 14952 1557 1329 3604 13395 820 12575 14580 3528 1466 214 1252 969 1737 359 4073 10507 1791 1378 1026 596 453 352 300 1118 599 1431 215
is_linear=0
shrinkage=0.05


Tree=25
num_leaves=31
num_cat=0
split_feature=5 12 13 6 5 8 3 13 5 13 13 16 10 15 15 12 13 13 16 14 14 0 12 15 13 13 9 16 13 16
split_gain=22.4199 11.7661 9.29086 8.52468 7.98647 6.21525 5.54638 5.03906 5.00668 4.76297 6.00565 4.65484 6.21154 8.25317 6.44693 5.8155 5.65455 5.44161 5.88705 5.21101 5.44575 5.75334 5.09762 6.83138 6.22849 4.87336 5.6946 4.90964 4.80017 5.63534
threshold=0.016607375875835353 -0.080083523859072289 25.505000114440922 0.31642337957804589 0.010216286220874251 -0.099187042951025137 0.016334612611772829 21.724999427795414 0.060581257013612382 26.85000038146973 30.345000267028812 -0.017169294203700166 -0.0065884728107576387 -0.0070359541220010305 -0.014457589890885412 -0.05023266322533259 20.659999847412113 14.444999694824221 0.017999049306124396 0.06028471113356227 0.041854253665611248 -0.017546770259056484 -0.031331813818551983 0.017773427042693916 22.330000877380375 18.394999504089359 0.51584206975485802 -0.046981688485124011 21.724999427795414 -0.0020519121740447117
decision_type=2 2 2 2 2 10 2 2 2 2 2 2 2 2 2 2 2 2 2 2 2 2 2 2 2 2 8 2 2 2
left_child=2 5 4 6 7 -2 8 -1 -3 -4 -11 16 17 14 -14 -15 25 18 -13 20 21 -16 23 -17 28 26 -6 -27 29 -24
right_child=1 3 9 -5 11 -7 -8 -9 -10 10 -12 12 13 15 19 22 -18 -19 -20 -21 -22 -23 24 -25 -26 27 -28 -29 -30 -31
leaf_value=-6.2482488292026512e-05 0.0010118481468710768 1.0802149100038601e-06 0.00047165120970952998 0.00012663286704470543 4.9836187259380679e-05 8.5711267534966003e-05 0.00013848373883035723 0.00015083935637841403 0.00098744211486456973 -0.00010203590356191199 0.00024933231233789123 0.00029832897415142657 6.0047596654675024e-05 -0.00025920365921551475 4.1301950073758526e-05 0.0001846584400432368 -7.538718015443697e-05 8.312901998583019e-06 -0.00016993197776944832 5.74515876510218e-05 -0.00035020431580156975 -0.00013844425726468481 -8.2997716295984703e-05 -0.00021708842436094736 -0.0003136778194377987 -7.0043875221816049e-05 -8.6127542773320996e-05 0.00014964397148553251 0.00032358292036865086 -1.5462271659933378e-05
leaf_weight=2942 162 9006 119 3410 1090 117 501 57 75 115 52 154 187 126 136 295 624 1076 49 127 103 848 1831 89 78 107 495 606 74 8489
leaf_count=2942 162 9006 119 3410 1090 117 501 57 75 115 52 154 187 126 136 295 624 1076 49 127 103 848 1831 89 78 107 495 606 74 8489
internal_value=-0.000191611 0.00139967 -0.00125447 0.0011815 -0.00138513 0.0115591 0.000417449 -0.00375959 0.000134897 0.00769231 0.00224551 -0.00095574 -0.00134314 -0.00168578 -0.00529979 -0.00122473 0.000855578 0.0019742 0.00948276 -0.00663097 -0.00775069 -0.00660569 -0.00110077 0.00455729 -0.00130825 0.00200174 0.000457413 0.00543478 -0.00120262 -0.0012936
internal_weight=33140 13271 19869 12992 19583 279 9582 2999 9081 286 167 16584 13662 12383 1401 10982 2922 1279 203 1214 1087 984 10856 384 10472 2298 1585 713 10394 10320
internal_count=33140 13271 19869 12992 19583 279 9582 2999 9081 286 167 16584 13662 12383 1401 10982 2922 1279 203 1214 1087 984 10856 384 10472 2298 1585 713 10394 10320
is_linear=0
shrinkage=0.05


Tree=26
num_leaves=31
num_cat=0
split_feature=4 5 16 10 4 6 14 10 14 10 13 14 16 7 3 13 13 10 10 10 10 6 9 9 13 1 16 13 13 16
split_gain=24.8709 10.7417 7.97129 7.16213 5.16054 5.79769 5.10309 7.52622 6.28957 5.5436 5.45312 4.63862 4.56006 4.51464 4.72627 4.30722 5.35698 4.18161 6.6042 4.14564 4.13524 3.94603 3.83992 4.26729 4.19541 3.79087 3.7075 3.67829 7.41629 3.63334
threshold=0.033076212664498984 0.012773749066118514 -0.075130809185030276 -0.0028966146153551193 0.058492811015037345 0.008798464109618237 -0.037983330078441173 0.004568837884475486 -0.02817624153510306 0.0014914838547043232 20.154999732971195 0.013406221047230662 -0.0082754589470619404 0.068368424983424228 -0.02357964620387459 12.119999885559084 13.605000019073488 -0.0055859659212495463 -0.0038582878398281113 -0.0032352848591708501 -0.0066832750011283628 -1.0473725028393812 0.2478350466818772 -0.14722125561183277 30.345000267028812 0.042851711261008958 -0.012506332795265583 26.85000038146973 26.284999847412113 0.063425826647440689
decision_type=2 2 2 2 2 2 2 2 2 2 2 2 2 2 2 2 2 2 2 2 2 2 10 8 2 2 2 2 2 2
left_child=1 3 -2 12 5 -4 9 8 -8 -5 15 -9 17 14 -3 -10 -17 26 -19 -14 -15 -16 23 -23 27 -24 -1 28 -25 -18
right_child=2 13 4 6 -6 -7 7 11 10 -11 -12 -13 19 20 21 16 29 18 -20 -21 -22 22 25 24 -26 -27 -28 -29 -30 -31
leaf_value=-3.2372255813313804e-05 0.0011986511363668172 0.00028210581975446255 1.9086965093225926e-05 7.6258090308532869e-05 0.00037772478942374433 0.0001254235455261855 -0.00018464906135291171 -3.9122718299554157e-05 -0.0002863076829915493 -3.6375820089549258e-05 0.00013163311666623744 0.0001025323057779017 -5.651790189246612e-05 0.00013624315843806568 -5.1207715495238008e-05 -3.5136956738010278e-05 -0.00012527488970796974 0.00026216496865631863 -2.8328979656022269e-05 0.00015943070428226099 -6.3835182822649056e-05 7.9257168844101139e-05 9.8537062516199962e-05 -4.8498063716320535e-06 0.00024227668198225163 -6.5089235926759587e-05 9.1760510996836576e-05 -0.00015143154037120006 0.00067868558159190598 0.00019843369867231965
leaf_weight=764 115 203 4166 312 886 2502 316 997 48 1807 151 186 1036 112 1474 993 1986 220 122 111 1536 761 927 10698 67 173 184 126 47 40
leaf_count=764 115 203 4166 312 886 2502 316 997 48 1807 151 186 1036 112 1474 993 1986 220 122 111 1536 761 927 10698 67 173 184 126 47 40
internal_value=-0.000125507 -0.000879041 0.00236993 -0.00223498 0.00217104 0.00169466 -0.00306466 -0.00398028 -0.00513582 -0.00102643 -0.00447483 -0.000528318 9.23266e-05 -9.9231e-05 0.000183062 -0.00493153 -0.00469526 0.00213178 0.00687135 -0.00220139 -0.00257888 7.5317e-05 0.00035745 9.18882e-05 -0.000159993 0.00318182 0.000421941 -0.000236869 -0.000137273 -0.00616979
internal_weight=33066 25397 7669 9273 7554 6668 6836 4717 3534 2119 3218 1183 2437 16124 14476 3067 3019 1290 342 1147 1648 14273 12799 11699 10938 1100 948 10871 10745 2026
internal_count=33066 25397 7669 9273 7554 6668 6836 4717 3534 2119 3218 1183 2437 16124 14476 3067 3019 1290 342 1147 1648 14273 12799 11699 10938 1100 948 10871 10745 2026
is_linear=0
shrinkage=0.05


Tree=27
num_leaves=31
num_cat=0
split_feature=5 13 5 6 12 12 6 9 10 11 12 13 10 10 14 10 12 15 14 12 14 14 12 12 11 13 12 13 9 13
split_gain=19.035 11.5559 8.11856 6.23487 6.29805 5.54606 5.34482 5.08317 4.61105 4.56451 4.53428 10.1532 5.16771 5.86018 10.2846 5.02768 10.037 9.81027 7.22918 5.97768 5.8581 5.16855 4.83954 10.9352 5.45004 6.82152 6.30551 5.90595 5.017 4.73646
threshold=0.014652513031725456 46.145000457763679 0.025821942884254444 1.4456581933276185 0.070121894171726221 -0.075828254732232245 0.43254736284323703 0.17721974909369123 0.0207430020860534 0.039322955344760387 0.060736863464118891 19.159999847412113 -0.001746991736331027 0.0055837889125804905 0.010891009150098998 0.0030128499392588774 0.031890065816476361 0.0034866448748701599 -0.043478201036805324 0.036024205160495655 0.049298283120689408 0.044393091515214207 0.01743897700487718 0.019854414597249462 -0.0030472627630497291 14.315000057220461 0.047608041860818802 14.904999732971193 0.14896938701284138 15.875000000000002
decision_type=2 2 2 2 2 2 2 8 2 2 2 2 2 2 2 2 2 2 2 2 2 2 2 2 2 2 2 2 10 2
left_child=3 2 6 4 9 -4 -2 8 -7 10 12 -12 -1 15 22 18 -17 -18 -14 20 -20 -21 -15 -24 -25 28 27 -27 -26 -22
right_child=1 -3 5 -5 -6 7 -8 -9 -10 -11 11 -13 13 14 -16 16 17 -19 19 21 29 -23 23 24 25 26 -28 -29 -30 -31
leaf_value=-1.0488492357950321e-05 -3.7615135352710336e-06 0.0016539235570274563 0.00075124109768837208 3.0423901185264518e-05 -0.00011828484666082638 7.1140422998851671e-05 6.3802554568348583e-05 0.00029133990537284809 -0.00054800246174366242 0.00012106482380559959 0.000118962557881053 -0.00024613432287073493 4.3944555894464634e-05 1.5744435906132676e-05 0.00016897309363413297 -0.00015316148815777925 0.00016275304053241116 -0.00011893489918334833 -6.5048487634395555e-05 -0.00011087765616487325 0.00040220122268357035 -0.0005659726275839479 -0.00028387745393160089 -0.00032606036491498428 -0.00012564065920282795 0.00019420731843466859 -0.00011387837727813629 3.3212004490220173e-05 7.7164475759453326e-06 4.7381536110394779e-06
leaf_weight=4066 12143 79 103 1513 372 1265 3904 1021 68 226 255 56 390 1170 192 837 220 324 2185 659 64 73 93 56 561 116 176 506 205 115
leaf_count=4066 12143 79 103 1513 372 1265 3904 1021 68 226 255 56 390 1170 192 837 220 324 2185 659 64 73 93 56 561 116 176 506 205 115
internal_value=-0.000203708 0.000854275 0.000772806 -0.00156618 -0.00192189 0.00344933 0.000362996 0.00295242 0.00091898 -0.00173177 -0.00186095 0.00409968 -0.00201532 -0.00275749 -0.00104878 -0.00383707 -0.0063903 -0.00110294 -0.00282559 -0.00363372 -0.00241117 -0.00758197 -0.00179501 -0.00348803 -0.00253086 -0.0019821 0.00125313 0.00361736 -0.00535248 0.00628492
internal_weight=33013 18583 18504 14430 12917 2457 16047 2354 1333 12545 12319 311 12008 7942 3075 4867 1381 544 3486 3096 2364 732 2883 1713 1620 1564 798 622 766 179
internal_count=33013 18583 18504 14430 12917 2457 16047 2354 1333 12545 12319 311 12008 7942 3075 4867 1381 544 3486 3096 2364 732 2883 1713 1620 1564 798 622 766 179
is_linear=0
shrinkage=0.05


Tree=28
num_leaves=31
num_cat=0
split_feature=5 16 10 16 10 6 5 0 15 15 13 13 16 11 13 11 11 13 16 12 12 11 16 5 4 13 13 13 11 15
split_gain=19.8451 10.8867 7.42097 8.59105 9.17483 6.217 6.16412 8.83338 5.71542 5.01256 4.99043 7.58479 7.55253 10.1622 7.32967 8.24107 12.1627 7.02419 6.97334 6.22446 5.14747 5.08415 5.13588 4.73373 4.61639 4.48823 9.13247 7.01701 9.39166 7.56799
threshold=0.012819934164451744 -0.019459099802099252 -0.0037293651666452927 -0.0059034749799591882 -0.0054343681151217118 0.68198628073521228 0.023030679567454391 0.070939046270912645 -0.017234563437036884 -0.028606989853184436 22.330000877380375 21.555000305175785 -0.0077843234362240934 -0.022310337551763478 24.385000228881839 0.022655282977909755 0.011915728697621366 21.409999847412113 0.05219538555580628 0.12384637745116912 -0.016904021540445843 0.021459813769517781 0.036341903887536449 0.025821942884254444 0.056684573471684964 16.164999961853031 18.015000343322757 20.375000000000004 -0.0084964938619227475 -0.014996290812020139
decision_type=2 2 2 2 2 2 2 2 2 2 2 2 2 2 2 2 2 2 2 2 2 2 2 2 2 2 2 2 2 2
left_child=2 6 3 4 -1 10 9 -8 -5 -2 11 17 13 -12 15 16 -14 19 21 24 -13 -16 -23 -7 25 -3 -27 28 -28 -30
right_child=1 5 -4 8 -6 23 7 -9 -10 -11 12 20 14 -15 18 -17 -18 -19 -20 -21 -22 22 -24 -25 -26 26 27 -29 29 -31
leaf_value=1.7536814110263821e-05 -0.0001391458173193874 -2.141846061103677e-05 -5.1057005716385064e-05 5.9448434135382216e-05 0.00024324713066099638 4.6608741487553024e-05 0.00032848719582281009 -0.001018816211754512 -8.7447003658653856e-05 6.6781612826006395e-05 0.00019787688782556585 6.7223698689483378e-06 -0.00033020395739049235 -0.00031648083814357403 4.6087494325637926e-05 -0.000397877159151353 0.00041335990425599064 -0.00069172408652545976 -9.6317152601753085e-05 -0.00029022848395916583 0.0005761837064791732 0.0010141896900897804 0.00023304696864346556 0.00048027809472854608 0.0004608226190403485 7.0907004216007403e-05 0.00012204862488609283 8.6248759837023912e-05 -0.00043984707953410916 -7.7389859586344135e-05
leaf_weight=1138 206 7008 7265 107 204 3347 826 40 708 3263 92 106 87 332 207 151 98 91 186 144 137 73 75 342 379 3544 411 605 128 1843
leaf_count=1138 206 7008 7265 107 204 3347 826 40 708 3263 92 106 87 332 207 151 98 91 186 144 137 73 75 342 379 3544 411 605 128 1843
internal_value=-0.000112392 0.000658699 -0.0020537 0.000521558 0.00298063 0.000152172 0.00292388 0.00669746 -0.00352761 0.00198184 -0.000281901 -1.38927e-05 -0.0032475 -0.00872642 -0.000598632 -0.00639881 0.000675676 -0.000164276 0.0030037 -7.46693e-05 0.00874486 0.00711268 0.0141892 0.00199919 3.23322e-05 -0.000120024 0.000822998 -0.00121359 -0.00243493 -0.00386859
internal_weight=33143 23721 9422 2157 1342 19386 4335 866 815 3469 15697 14396 1301 424 877 336 185 14153 541 14062 243 355 148 3689 13918 13539 6531 2987 2382 1971
internal_count=33143 23721 9422 2157 1342 19386 4335 866 815 3469 15697 14396 1301 424 877 336 185 14153 541 14062 243 355 148 3689 13918 13539 6531 2987 2382 1971
is_linear=0
shrinkage=0.05


Tree=29
num_leaves=31
num_cat=0
split_feature=5 5 16 13 13 13 14 13 13 13 11 16 11 14 16 14 15 5 14 15 14 16 7 3 15 3 11 16 8 13
split_gain=17.919 8.28477 7.16026 5.95956 9.5518 6.58138 8.83506 5.86592 5.26214 4.97106 6.36037 4.85167 5.44702 4.78857 4.58636 8.54265 4.57952 5.29565 4.55918 4.75437 7.56056 4.48214 4.2293 4.21339 4.08905 4.03592 3.92498 8.18383 6.3502 5.18316
threshold=0.019340504010342995 0.011563052935619341 -0.075130809185030276 25.505000114440922 26.85000038146973 22.330000877380375 0.15436855290822041 30.345000267028812 12.765000343322756 21.82499980926514 -0.025492128925019227 0.048807502746428318 0.040036365268930958 -0.069744182185856193 0.026158363787923137 -0.023978062109039463 0.034161419428343949 0.030716788775550653 -0.12096344977185801 0.0013525917456226335 -0.041613677684134036 0.032341958331548411 0.068368424983424228 0.0043384094509972835 0.022320238038255339 -0.010601049133776739 -0.023324980459216712 -0.046981688485124011 0.36077474669333282 21.134999275207523
decision_type=2 2 2 2 2 2 2 2 2 2 2 2 2 2 2 2 2 2 2 2 2 2 2 2 2 2 2 2 8 2
left_child=1 25 -2 5 -5 6 8 23 14 22 -11 12 16 -13 15 -3 17 26 -7 20 -20 -16 -10 -6 -19 -1 27 -4 -29 -28
right_child=2 3 11 4 7 18 -8 -9 9 10 -12 13 -14 -15 21 -17 -18 24 19 -21 -22 -23 -24 -25 -26 -27 29 28 -30 -31
leaf_value=0.00012343625270924531 0.0011745893920065424 2.4863679143839486e-05 -2.419933452638707e-05 0.00058124970720394074 -0.00014684279384660987 0.00020607211373068732 0.0001965630990966476 0.00020169915569485803 -1.1398981011382509e-06 -0.00011153725672992154 0.00049641958906020394 0.00021946191888260315 0.00057936678846382754 -0.00011915715569555649 0.00054802587898492591 -0.00014790403204960011 -0.00047445001163047757 0.0002905372794374247 0.00028569064854294424 -0.00028959756145008038 -0.000127070326761629 -1.926874628934124e-05 -6.2954282396327291e-05 0.00010700365057402279 0.0011823752314990758 -4.3410372152080141e-05 6.0751348596131428e-05 0.00058762940468821349 -0.00010303770530455948 -7.8228562557732938e-05
leaf_weight=154 113 326 305 164 200 97 355 100 14763 43 137 76 98 543 44 560 53 993 62 226 461 166 1419 46 62 5789 4528 246 43 902
leaf_count=154 113 326 305 164 200 97 355 100 14763 43 137 76 98 543 44 560 53 993 62 226 461 166 1419 46 62 5789 4528 246 43 902
internal_value=-0.000182923 -0.000838245 0.00188395 -0.000332568 0.005 -0.000478321 -0.000273677 0.000289017 -0.000432466 -0.000207799 0.00805556 0.00170404 0.00206777 -0.00254443 -0.0037865 -0.00536117 0.0019069 0.00201653 -0.00478723 -0.00610814 -0.00348948 0.00285714 -0.000299716 -0.00386179 0.00528436 -0.00246929 0.00144422 0.00530303 0.0113322 0.0010221
internal_weight=33074 25112 7962 19169 510 18659 17813 346 17458 16362 180 7849 7230 619 1096 886 7132 7079 846 749 523 210 16182 246 1055 5943 6024 594 289 5430
internal_count=33074 25112 7962 19169 510 18659 17813 346 17458 16362 180 7849 7230 619 1096 886 7132 7079 846 749 523 210 16182 246 1055 5943 6024 594 289 5430
is_linear=0
shrinkage=0.05


Tree=30
num_leaves=31
num_cat=0
split_feature=5 4 12 6 6 12 2 16 9 8 11 11 13 11 15 15 15 12 13 13 15 12 12 13 13 12 12 12 11 15
split_gain=16.2894 9.91331 6.87569 6.62561 5.55376 5.15595 4.92395 5.12345 4.89041 4.6436 6.38693 6.56041 6.0903 6.93388 5.71994 9.2971 5.03301 5.01735 5.24712 7.18733 6.29226 5.93413 7.77577 7.60998 5.78656 6.59164 9.34743 6.6556 5.5047 5.39653
threshold=0.012103754485823881 0.056684573471684964 -0.080083523859072289 0.68198628073521228 1.0000000180025095e-35 -0.026522918814270154 0.041283626230551269 -0.027537170862054535 0.22605517781393206 inf -0.023324980459216712 -0.025492128925019227 22.330000877380375 -0.022024013564940267 0.0021218738239611183 -0.0039001430378846065 0.011010097510551932 0.12384637745116912 16.550000190734867 16.614999771118168 -0.00030351922154664418 -0.030100070000726505 -0.032606215925707109 21.724999427795414 21.134999275207523 0.062788606761277746 0.057873596393828615 0.088558977923196683 0.023858934510878397 -0.018068509709193988
decision_type=2 2 2 2 2 2 2 2 8 8 2 2 2 2 2 2 2 2 2 2 2 2 2 2 2 2 2 2 2 2
left_child=4 3 -3 9 5 -1 -7 -8 -4 10 11 14 13 -12 15 -2 -16 18 29 20 -20 22 -21 24 25 26 -23 -27 -22 -15
right_child=1 2 8 -5 -6 6 7 -9 -10 -11 12 -13 -14 17 16 -17 -18 -19 19 21 28 23 -24 -25 -26 27 -28 -29 -30 -31
leaf_value=5.5099211003256069e-05 1.8757722461143275e-05 0.0013776424450052021 2.9341184966368355e-05 6.0108865286197594e-05 -9.4985866757572958e-06 -9.0785534703262467e-05 0.00031528845175253636 -2.8430031805845322e-05 0.00065388578136637502 -9.843991920102363e-05 0.00036956789422841187 0.00032720678748161727 -8.2481443509285773e-05 0.00018803596627686226 -0.00021129577164392729 0.00038836926911282031 8.1901937202468437e-05 -0.00027503911433813958 0.00056338158636928197 -1.4768520595305827e-05 -0.00013762597878562519 4.446526278378627e-05 -0.00045473228146113484 0.00052365082868972488 -0.00018096318696370078 -0.00014051135162470292 0.00024669731719097042 5.3256967848271545e-05 0.00037806165838898549 -2.1022920427945114e-05
leaf_weight=384 656 91 515 4839 3100 2634 40 1289 431 697 76 265 1459 162 102 166 57 141 112 722 59 4523 156 132 184 455 310 308 49 9009
leaf_count=384 656 91 515 4839 3100 2634 40 1289 431 697 76 265 1459 162 102 166 57 141 112 722 59 4523 156 132 184 455 310 308 49 9009
internal_value=-0.000106422 0.000490731 0.00527965 0.000289176 -0.0021653 -0.00331838 -0.0038544 -0.00137321 0.00401691 -0.000116162 3.01e-05 0.00349117 -0.000211402 6.40322e-05 0.0016055 0.00328467 -0.00707547 -6.1267e-06 7.57061e-05 0.00110556 0.01 0.000817378 -0.00301822 0.00138701 0.00111592 0.00140279 0.00208463 -0.00291612 0.00138889 -0.000711482
internal_weight=33123 25676 1037 24639 7447 4347 3963 1329 946 19800 19103 1246 17857 16398 981 822 159 16322 16181 7010 220 6790 878 5912 5780 5596 4833 763 108 9171
internal_count=33123 25676 1037 24639 7447 4347 3963 1329 946 19800 19103 1246 17857 16398 981 822 159 16322 16181 7010 220 6790 878 5912 5780 5596 4833 763 108 9171
is_linear=0
shrinkage=0.05


Tree=31
num_leaves=31
num_cat=0
split_feature=4 4 12 6 12 13 3 9 3 6 10 14 12 14 15 8 3 14 14 14 10 10 10 14 15 13 13 10 10 12
split_gain=16.6011 6.40171 5.9548 5.63515 5.41162 5.66687 5.64323 5.10181 4.81495 4.57167 4.29833 6.15495 7.0757 6.50354 3.98385 3.96833 3.93828 4.18828 6.162 7.22799 6.46906 13.3296 6.25133 10.2175 9.06735 5.98765 7.67553 8.93759 7.757 6.0918
threshold=0.033076212664498984 0.015916056845890907 -0.080083523859072289 -0.88195187856866519 0.076145599776237818 12.119999885559084 0.0040787464284929307 -0.11574231998515043 0.010710155842616699 -0.048476391068437638 0.0077874097766411641 -0.018674174310541299 -0.039191737143437648 -0.056925165822572281 0.011536766997730543 -0.17234911414958101 -0.02357964620387459 -0.036818887874406285 0.0250539094836888 0.017639326626862298 0.0046724002397113837 0.0027897371119552932 -0.0016165810670417111 0.0080830591469587282 0.00097403380558125374 14.244999885559084 13.744999885559084 0.0010681409799049304 -0.0057060977224409606 -0.0014831774620820968
decision_type=2 2 2 2 2 2 2 8 2 2 2 2 2 2 2 10 2 2 2 2 2 2 2 2 2 2 2 2 2 2
left_child=1 -1 8 4 5 -3 14 -5 -2 10 11 12 -4 -14 -7 -9 -17 -18 19 22 21 25 -19 -24 -25 26 27 28 -20 -27
right_child=2 3 9 7 -6 6 -8 15 -10 -11 -12 -13 13 -15 -16 16 17 18 20 -21 -22 -23 23 24 -26 29 -28 -29 -30 -31
leaf_value=-4.5252439245323178e-05 0.00023152945336922198 -0.00020107767227601971 -0.00031130079386959704 7.7260312596204485e-05 -0.00021287074725035292 -4.1714352095124487e-05 4.6702836882410018e-05 -8.5784822757926585e-05 0.0025327222467428617 0.00012809969780026108 0.0001606066545763564 5.4333453627387033e-05 0.00012901095193474572 -0.00010261486426624252 -0.00016471869482690966 0.00023385087455998234 2.944439255053331e-05 3.9791258930983214e-05 0.00022656230318638984 -0.00012694948231347999 0.00015954247666113714 -0.00031738646957814141 -5.8153183914871468e-05 -3.9183275612878976e-05 0.00023339342790600114 -2.6564835746749948e-05 -0.00027010826449638527 0.00045353890097225998 -0.00016788428487149324 6.5807238524804619e-05
leaf_weight=2312 193 55 162 1325 168 2232 724 719 57 2903 872 2395 248 791 286 210 4529 1537 83 874 237 180 4948 289 293 1459 300 53 227 2484
leaf_count=2312 193 55 162 1325 168 2232 724 719 57 2903 872 2395 248 791 286 210 4529 1537 83 874 237 180 4948 289 293 1459 300 53 227 2484
internal_value=-3.69588e-05 -0.000648409 0.00201089 -0.000398501 -0.0022583 -0.00181225 -0.00154226 -7.21629e-05 0.0096 0.00175349 0.000749776 -1.39043e-05 -0.00293505 -0.00141963 -0.00266084 -0.000287699 -0.000139807 -0.000221517 -0.000678803 -0.00154578 0.000691818 0.00029252 -0.00101528 -0.00179928 0.00446735 0.000814155 -0.0035822 0.00130854 -0.00193548 0.00155339
internal_weight=33145 25524 7621 23212 3465 3297 3242 19747 250 7371 4468 3596 1201 1039 2518 18422 17703 17493 12964 7941 5023 4786 7067 5530 582 4606 663 363 310 3943
internal_count=33145 25524 7621 23212 3465 3297 3242 19747 250 7371 4468 3596 1201 1039 2518 18422 17703 17493 12964 7941 5023 4786 7067 5530 582 4606 663 363 310 3943
is_linear=0
shrinkage=0.05


Tree=32
num_leaves=31
num_cat=0
split_feature=4 16 16 10 10 16 13 9 15 15 15 16 10 15 10 10 16 6 3 16 16 13 13 12 12 9 9 10 10 15
split_gain=16.6408 7.43716 7.37663 10.1857 11.1328 8.99216 9.35323 8.6644 7.34796 6.91894 6.75109 6.62331 6.51288 6.29402 10.0795 6.63483 6.1578 6.14067 6.07466 6.06237 6.00615 5.95351 5.91373 5.87241 5.71857 5.95705 5.61757 5.32956 8.28734 6.90499
threshold=0.027178448283130718 -0.0092303718740776013 0.0028988822989376444 0.0038763906562415689 0.0068455088776298032 0.0048375493912186105 16.765000343322757 0.47610189878059145 0.0021996460629487573 -0.011576510250656978 -0.017234563437036884 -0.075130809185030276 0.0092143368425633438 0.015231954100051627 0.010824096152379449 0.017875641087257036 0.004150111219082043 1.6457202316125914 0.00056613120122084315 0.017554744104560597 0.0065757729616116043 15.784999847412111 16.85000038146973 0.018300585025284647 0.066100470646601531 -0.14401931345601179 0.41046819145227503 0.0077313618831305062 0.0076785995621447842 0.0057986510482643814
decision_type=2 2 2 2 2 2 2 8 2 2 2 2 2 2 2 2 2 2 2 2 2 2 2 2 2 8 10 2 2 2
left_child=1 24 3 10 7 6 16 18 -8 20 -3 -2 -11 14 -14 19 -4 26 -5 22 -7 -16 -15 -6 25 -1 27 28 29 -13
right_child=11 2 5 4 23 9 8 -9 -10 12 -12 17 13 15 21 -17 -18 -19 -20 -21 -22 -23 -24 -25 -26 -27 -28 -29 -30 -31
leaf_value=0.00022867488532149415 0.00054734903327918565 0.00017539523012263252 8.4493430795463178e-05 -4.7635071032637475e-05 -2.2946282504596986e-05 -0.00027276993438086605 -0.00025771202003721148 0.0002607640790581278 3.7788962487624992e-05 -5.1769457624570825e-05 -0.0001235662312301349 2.4990902698556613e-05 0.00021411198273091217 -0.00011943567345039095 2.1484621755510924e-05 0.00010092230326559961 0.0003981676045136536 0.00021513837414223417 8.4607485535073083e-05 -0.00014037708608572588 0.00010552530330008694 -0.00035041118308892826 0.00015152937744081809 -0.00021065043852841779 -0.00019542936523234863 9.0320319760953243e-06 0.0002392825007780069 7.3030587473380242e-05 -0.00043719056221754759 -6.1978421768026275e-05
leaf_weight=139 136 67 367 268 336 51 89 134 154 7369 2324 7697 378 82 172 169 171 1207 292 428 484 68 143 272 134 4940 482 2493 67 2007
leaf_count=139 136 67 367 268 336 51 89 134 154 7369 2324 7697 378 82 172 169 171 1207 292 428 484 68 143 272 134 4940 482 2493 67 2007
internal_value=-0.000150966 -0.00111529 -0.00172239 -0.00363526 -7.68049e-05 -0.00102469 0.00412932 0.00425072 -0.00401235 -0.00145548 -0.00557298 0.00115161 -0.00179078 0.00128472 0.00509709 -0.00158151 0.00780669 0.00104458 0.00151786 -0.00386677 0.00406542 -0.00291667 0.00277778 -0.00501645 0.000493957 0.000762945 0.000721795 0.000513699 -1.2793e-05 0.000108203
internal_weight=33120 19031 13818 3693 1302 10125 781 694 243 9344 2391 14089 8809 1440 618 822 538 13953 560 653 535 240 225 608 5213 5079 12746 12264 9771 9704
internal_count=33120 19031 13818 3693 1302 10125 781 694 243 9344 2391 14089 8809 1440 618 822 538 13953 560 653 535 240 225 608 5213 5079 12746 12264 9771 9704
is_linear=0
shrinkage=0.05


Tree=33
num_leaves=31
num_cat=0
split_feature=5 5 12 10 11 13 13 15 15 13 12 8 10 13 16 12 15 15 13 11 15 15 14 12 11 13 10 13 10 15
split_gain=14.5486 8.71919 6.98524 5.7102 6.64051 5.65405 5.77423 5.47292 6.38063 5.45543 6.59085 5.25931 4.87416 4.46981 4.22579 7.45859 6.48034 5.84788 10.7425 6.80426 5.79883 6.12301 9.28398 6.55989 6.21981 5.75098 8.26886 5.30767 5.21485 5.08985
threshold=0.013579819390146684 0.025821942884254444 -0.075828254732232245 -0.0040208164286187889 0.011995424510659937 28.970000267028812 33.719999313354499 -0.0083966458739979082 -0.01129203605041723 26.494999885559086 -0.029032360146205412 0.11102279955481488 0.0022948798930048091 12.00999975204468 -0.021188250952472228 -0.0077541062485576564 -0.028606989853184436 -0.01129203605041723 22.330000877380375 0.034590351886677258 -0.0063653138437366188 -0.004894980376561441 0.0250539094836888 0.035394075274519328 0.048369816433799014 26.284999847412113 -0.01521359351313417 18.394999504089359 0.0054892389813711038 -0.00021110752033481892
decision_type=2 2 2 2 2 2 2 2 2 2 2 8 2 2 2 2 2 2 2 2 2 2 2 2 2 2 2 2 2 2
left_child=3 11 -3 4 -1 9 -7 8 12 10 -4 14 -5 -9 15 16 -2 19 20 -16 -19 22 23 -22 -23 -18 -27 -17 -20 -28
right_child=1 2 5 7 -6 6 -8 13 -10 -11 -12 -13 -14 -15 17 27 25 18 28 -21 21 24 -24 -25 -26 26 29 -29 -30 -31
leaf_value=2.0797222155678189e-05 -0.00047333948735192583 0.00098451616735177432 -0.00014366475400317275 -9.8874214825354746e-05 -0.00022755823945424595 -0.00026092612456468119 0.00022595326941548117 -0.00025836674953014037 -0.00023077015827536727 0.00066399441146937268 0.00020855385759101317 -3.4737099001721151e-05 0.00018433455120491925 -3.0582495676617989e-05 6.7014023398126107e-05 9.2186367427748439e-05 -2.1573683440282701e-05 -5.6523913240756184e-05 -0.00022338753406268212 0.001439935231207083 0.00019241122716887136 1.857647088455367e-05 0.0008379902179314364 -0.00027625858685644678 -0.00015734896481859841 0.00062241228994393315 -7.2317136274198217e-05 0.00029511310468462718 -3.9127833605688126e-05 0.0002746475283770416
leaf_weight=2449 115 147 284 224 125 167 63 73 241 78 1752 3212 62 8405 1399 636 1100 1343 373 52 235 9159 82 67 144 116 180 508 351 81
leaf_count=2449 115 147 284 224 125 167 63 73 241 78 1752 3212 62 8405 1399 636 1100 1343 373 52 235 9159 82 67 144 116 180 508 351 81
internal_value=-5.26744e-06 0.000760026 0.00354275 -0.00143579 0.000641026 0.00287969 -0.00456522 -0.00202943 -0.00697343 0.00368969 0.00319253 0.00039811 -0.00192308 -0.0017221 0.000770027 0.00255848 0.000345477 0.00039947 2.97771e-05 0.00339421 0.000417044 0.000843915 0.00703125 0.00298013 0.00058852 0.00123561 0.00656499 0.00563811 -0.00587017 0.00162835
internal_weight=33223 21644 2491 11579 2574 2344 230 9005 527 2114 2036 19153 286 8478 15941 2736 1592 13205 11754 1451 11030 9687 384 302 9303 1477 377 1144 724 261
internal_count=33223 21644 2491 11579 2574 2344 230 9005 527 2114 2036 19153 286 8478 15941 2736 1592 13205 11754 1451 11030 9687 384 302 9303 1477 377 1144 724 261
is_linear=0
shrinkage=0.05


Tree=34
num_leaves=31
num_cat=0
split_feature=5 16 6 13 13 13 13 14 13 5 12 16 5 10 12 12 12 15 14 9 15 15 12 10 15 13 12 10 16 15
split_gain=15.5862 6.66432 5.70304 5.34463 5.22722 4.73228 6.17271 4.552 5.61438 4.5138 4.50096 4.2337 4.01544 3.50017 6.44636 6.3967 11.8532 7.34347 7.0201 8.42299 5.72007 9.2654 7.67835 7.96249 5.76748 5.52624 5.26172 5.2482 5.02204 5.27073
threshold=0.016545891665091652 -0.075130809185030276 0.48342925314432095 25.505000114440922 26.85000038146973 27.855000495910648 25.505000114440922 0.15436855290822041 22.625000000000004 0.030716788775550653 0.015760978706321874 0.05219538555580628 0.010216286220874251 0.0087442348777118113 0.055910575939094771 -0.0031637025986434027 -0.027486536479514653 0.00062966304895184521 0.065842641676127869 -0.1961609897561786 -0.011576510250656978 -0.0096980563314796302 0.0090148119717247139 0.0034152998486263191 -0.019480239069289747 13.824999809265138 0.0072856362379064574 0.0059451726660438861 -0.029193382818147592 -0.0038285239570431391
decision_type=2 2 2 2 2 2 2 2 2 2 2 2 2 2 2 2 2 2 2 10 2 2 2 2 2 2 2 2 2 2
left_child=3 -2 9 7 -5 6 -4 12 10 -3 -9 -11 -1 15 -15 16 -14 18 -18 -20 24 26 23 25 -17 -23 -22 -25 -24 -30
right_child=1 2 5 4 -6 -7 -8 8 -10 11 -12 -13 13 14 -16 20 17 -19 19 -21 21 22 28 27 -26 -27 -28 -29 29 -31
leaf_value=-4.3550126353597393e-05 0.00066677087088111095 5.3873794670670702e-06 0.00010379509663484763 0.00039462423830290659 5.0235175664921886e-06 -0.00023880640023448124 0.00058038927850686769 0.00019328611637604257 -0.00014459001491573767 0.00028358092774058555 -0.00012375838187086559 -9.7684498591070701e-05 6.8605548201372981e-06 4.7272499000528253e-05 -0.000124834425723899 -7.6087316785725817e-05 -2.0890845478664007e-05 -0.00020804596471957562 7.1425514749340078e-05 -0.00031925477258582403 -0.00033630239213548242 0.00029288495953604815 0.00030088282854982769 -0.00012764193334804298 9.1332574470413824e-05 9.9249836549171987e-05 -0.00011529888795337286 7.9745397107494108e-05 -8.8879933645370692e-05 -1.8460479311263168e-05
leaf_weight=2893 126 9322 2725 120 180 139 114 330 89 861 61 136 1086 1957 331 290 532 506 65 191 73 68 125 254 939 843 293 219 1674 6572
leaf_count=2893 126 9322 2725 120 180 139 114 330 89 861 61 136 1086 1957 331 290 532 506 65 191 73 68 125 254 939 843 293 219 1674 6572
internal_value=-6.03974e-05 0.00125345 0.001145 -0.000956021 0.00566667 0.00307253 0.00351356 -0.00105848 0.00375 0.00058872 0.00632992 0.00378636 -0.00118053 -0.000870895 0.000939685 -0.00117261 -0.00352941 -0.00676198 -0.00374365 -0.0105469 -0.000678414 -0.00106956 -0.000776525 0.00267341 0.00254272 0.00540615 -0.00887978 -0.00258985 -0.00134691 -0.0014977
internal_weight=33114 13423 13297 19691 300 2978 2839 19391 480 10319 391 997 18911 16018 2288 13730 2380 1294 788 256 11350 10121 9755 1384 1229 911 366 473 8371 8246
internal_count=33114 13423 13297 19691 300 2978 2839 19391 480 10319 391 997 18911 16018 2288 13730 2380 1294 788 256 11350 10121 9755 1384 1229 911 366 473 8371 8246
is_linear=0
shrinkage=0.05


Tree=35
num_leaves=31
num_cat=0
split_feature=4 12 13 13 6 4 4 10 13 12 10 10 10 11 11 11 11 10 11 8 12 13 8 3 10 14 14 10 9 0
split_gain=12.6349 5.63308 8.00222 5.74422 5.69546 5.49791 4.34294 3.78778 8.56525 6.99149 5.43316 5.31541 4.72139 4.44252 4.27509 4.22473 4.89864 4.47895 4.09663 3.99952 3.99711 5.02443 3.73053 3.96699 3.70606 3.59866 3.59798 4.26858 3.86261 3.75089
threshold=0.033389500364495575 -0.071455492513037885 28.970000267028812 33.719999313354499 1.6457202316125914 0.017567766129659029 0.10416122739488766 -0.017312021268647334 26.494999885559086 -0.0072815226745224218 -0.0065884728107576387 -0.0052693175336530054 -0.0028966146153551193 -0.020756034341227022 0.01613839302739695 -0.0028065328855473855 0.0077476291069551459 -0.004502832663512756 0.017027249014991756 inf 0.021636027658746174 20.060000419616703 -0.14775744527587717 -0.0064840185871758429 -0.0037293651666452927 0.10773003329269316 -0.034475777702634207 0.0014013952122059472 0.038987111491449185 0.0097336150314818477
decision_type=2 2 2 2 2 2 2 2 2 2 2 2 2 2 2 2 2 2 2 8 2 2 10 2 2 2 2 2 10 2
left_child=5 22 4 -4 6 24 7 9 10 -3 19 -12 13 -13 -14 17 -17 -15 -16 20 21 25 -2 -24 -1 -9 27 -26 -29 -28
right_child=1 2 3 -5 -6 -7 -8 8 -10 -11 11 12 14 15 18 16 -18 -19 -20 -21 -22 -23 23 -25 26 -27 29 28 -30 -31
leaf_value=8.2886613457093187e-06 0.00071364776104337294 -0.00043524381494577295 -0.00033193670055798989 8.7511200272358616e-05 0.00034471150163090271 -6.008157524160351e-06 0.0012616066307729818 0.00012354988995585915 0.00029697307926783716 0.00033215574457641804 -0.00024069519285061601 0.00088064090583367329 -2.8406908987916715e-05 -0.00043605678297821903 0.00063911045247587992 0.00033848064294750632 -4.1928401051780953e-05 0.00029740087802695812 5.6495186595087458e-05 -0.00043144432562389255 0.00033189654010823129 0.00029845339505913689 -0.00011507664057497716 0.00023610448930111075 0.00010300959047665632 -0.00023821199681989345 -6.7361398376861929e-05 -7.2759841892498274e-05 1.5933285465616885e-05 1.3633796692386612e-05
leaf_weight=940 144 100 202 101 565 21448 109 212 143 59 191 49 2866 63 107 156 123 52 1331 60 170 245 87 199 176 107 1934 492 422 368
leaf_count=940 144 100 202 101 565 21448 109 212 143 59 191 49 2866 63 107 156 123 52 1331 60 170 245 87 199 176 107 1934 492 422 368
internal_value=-4.43996e-05 0.0017706 0.0014299 -0.00651815 0.00178891 -0.00056827 0.00134706 0.00116838 0.00137447 -0.00644654 0.00107292 0.00045565 0.000784706 0.00569977 0.00027881 0.00393401 0.00725806 -0.00413043 0.00250348 0.00491184 0.00592643 0.00390071 0.00732558 0.00402098 -0.00219298 -0.00023511 -0.00296285 -0.00059633 -0.00196937 -0.00408341
internal_weight=33221 7441 7011 303 6708 25780 6143 6034 5875 159 5732 4938 4747 443 4304 394 279 115 1438 794 734 564 430 286 4332 319 3392 1090 914 2302
internal_count=33221 7441 7011 303 6708 25780 6143 6034 5875 159 5732 4938 4747 443 4304 394 279 115 1438 794 734 564 430 286 4332 319 3392 1090 914 2302
is_linear=0
shrinkage=0.05


Tree=36
num_leaves=31
num_cat=0
split_feature=5 13 13 6 4 5 8 11 10 12 10 7 10 10 15 12 11 13 14 12 3 14 14 10 15 15 11 10 12 15
split_gain=12.6613 6.4203 5.45248 5.12002 4.78191 4.35875 3.85036 4.73432 8.15863 8.18065 6.78603 6.37613 5.16739 10.7719 8.40777 7.12231 6.91878 11.1317 5.4223 5.74055 4.82887 4.69708 4.5455 5.05334 7.59816 10.4507 6.53673 6.09051 9.71243 6.16034
threshold=0.013955523263427206 46.145000457763679 25.505000114440922 1.6457202316125914 0.10416122739488766 0.0082681174913561781 inf -0.023324980459216712 0.0041080553382388816 -0.0086076797691169143 -0.017312021268647334 -0.0030633891293497801 -0.0065884728107576387 -0.004697388100089738 -0.004389427475623652 0.032816284988903439 0.010798800902990015 14.765000343322756 0.063421642021299643 -0.046452019388258541 -0.012494280838489245 0.035942894407802857 0.083142255535003332 -0.0028966146153551193 -0.0058259958976452078 -0.004894980376561441 -0.0065232483108689778 -0.0014989927374994825 -0.011548235899129232 -0.0070359541220010305
decision_type=2 2 2 2 2 2 8 2 2 2 2 2 2 2 2 2 2 2 2 2 2 2 2 2 2 2 2 2 2 2
left_child=2 3 5 4 6 -1 7 8 9 -2 -9 -10 15 14 16 18 17 -14 21 -20 -21 -12 23 26 27 -26 -15 29 -29 -25
right_child=1 -3 -4 -5 -6 -7 -8 10 11 -11 12 -13 13 22 -16 -17 -18 -19 19 20 -22 -23 -24 24 25 -27 -28 28 -30 -31
leaf_value=-8.0448584294925255e-05 7.7430884726737478e-05 0.0011434931217937582 0.00020232141876697128 0.00013897359611588666 0.0010970233505151888 -2.2939993739543312e-05 -8.7705766169915694e-05 -0.00022670310288907142 -0.00022825359367431558 0.00043851865776746852 -6.1090112749724595e-05 0.00012586737169020029 -0.00025009258546225777 0.00031990582450329972 -0.00039191737018033634 0.00026133418302177422 -0.00026666514110975493 0.00011297636189703175 0.00022710208072921026 0.0001537853932665461 -8.0352557524612095e-05 0.00031961791323472202 0.00020008554940817934 -0.00029122691040111377 0.00032819398724419661 4.2233569982205557e-06 4.918420534441911e-05 0.00085579637251215592 -5.884895746408343e-05 3.0861417998952984e-05
leaf_weight=538 890 82 137 1679 122 11884 699 240 161 278 107 58 129 200 302 382 128 332 70 243 870 220 160 307 218 10952 832 65 723 107
leaf_count=538 890 82 137 1679 122 11884 699 240 161 278 107 58 129 200 302 382 128 332 70 243 870 220 160 307 218 10952 832 65 723 107
internal_value=-9.28582e-05 0.000671337 -0.00134366 0.000615415 0.00037909 -0.00145307 0.000314625 0.000456215 0.00326244 0.00492295 0.000221559 -0.00559361 0.0003441 2.24836e-05 -0.00530303 0.00280127 -0.00182513 0.00103037 0.00125828 -0.000316991 -0.00119048 0.00695719 0.000372309 0.000272307 -8.08277e-06 0.000398389 0.00363372 -0.00378536 -0.00120558 -0.00869565
internal_weight=33115 20556 12559 20474 18795 12422 18673 17974 1387 1168 16587 219 16347 14455 891 1892 589 461 1510 1183 1113 327 13564 13404 12372 11170 1032 1202 788 414
internal_count=33115 20556 12559 20474 18795 12422 18673 17974 1387 1168 16587 219 16347 14455 891 1892 589 461 1510 1183 1113 327 13564 13404 12372 11170 1032 1202 788 414
is_linear=0
shrinkage=0.05


Tree=37
num_leaves=31
num_cat=0
split_feature=4 4 12 13 11 16 14 12 15 12 1 13 13 13 15 15 14 14 14 15 13 16 13 15 13 16 12 11 12 11
split_gain=10.8829 8.04963 5.63698 6.31078 4.43079 9.64937 8.18912 6.81866 6.60125 5.93191 5.02016 4.49296 4.04041 8.22182 8.10155 9.90004 8.33801 7.47548 7.19213 5.57501 5.17647 8.89035 9.96026 12.1581 8.63785 9.68912 9.04215 8.19594 7.72324 18.3067
threshold=0.052951628770574667 0.017567766129659029 -0.080083523859072289 21.82499980926514 -0.023324980459216712 -0.046981688485124011 0.23397195059943568 -0.0059221070934643008 0.005036690100856501 -0.019977139710358579 -0.040535585734954853 19.329999923706058 12.765000343322756 13.554999828338625 -0.0038285239570431391 0.002389696280095444 -0.049735428455543622 0.00619378828642947 0.079615825148664734 -0.012446002051926862 16.095000267028812 0.035617888392423198 15.400000095367433 0.017285525048331366 15.464999675750734 0.028329570731528645 -0.0081213337469206431 0.015047033906525955 0.021636027658746174 0.0013310073142193126
decision_type=2 2 2 2 2 2 2 2 2 2 2 2 2 2 2 2 2 2 2 2 2 2 2 2 2 2 2 2 2 2
left_child=1 -1 -2 -4 5 7 12 -3 10 -10 11 -7 -6 14 19 18 -17 -18 -16 -14 21 24 23 -23 26 27 -15 -26 -28 -30
right_child=2 4 3 -5 6 8 -8 -9 9 -11 -12 -13 13 20 15 16 17 -19 -20 -21 -22 22 -24 -25 25 -27 28 -29 29 -31
leaf_value=-3.4618376463649574e-05 0.00087708106962051773 -6.7839538734789951e-06 0.00041536365316826771 -3.3748374113989079e-05 -6.1764393982362793e-05 3.1194036507326167e-05 -0.00040105287657221206 -0.00044051470268024215 0.00021024806233569792 -0.0001246673101165989 0.00010681749821493132 0.00043918365177750187 0.00026821987856441115 0.00026558431043107854 0.00027694015372940452 0.00019345919861654153 -7.289235654213038e-05 0.00023112864925105864 -0.00019736766490203918 -0.00012759444190237271 9.1923233407104239e-06 5.2116686360212603e-05 0.00057092409126639049 -0.00019915886228562857 -0.00010350850292605166 0.00039642184788866547 -0.00011042278610834236 -0.00037883477378334159 0.00019059091876126285 -4.9996489873544318e-05
leaf_weight=4300 112 880 760 430 1414 86 102 64 69 152 559 284 95 169 592 231 783 194 61 348 13811 1000 167 175 1484 105 1736 168 711 2030
leaf_count=4300 112 880 760 430 1414 86 102 64 69 152 559 284 95 169 592 231 783 194 61 348 13811 1000 167 175 1484 105 1736 168 711 2030
internal_value=-2.57015e-05 -0.000209317 0.00445469 0.00344538 0.00010557 0.00231614 -7.68443e-05 -0.00143008 0.0053913 -0.00237557 0.00723897 0.0117568 -1.97832e-05 0.000134116 0.00297309 0.00441967 0.00173841 -0.000281474 0.00937979 -0.00310384 -0.000169326 -0.001204 0.00249627 0.00087234 -0.00197954 -0.00496585 -0.000850194 -0.00590194 -0.00127876 0.000373951
internal_weight=33072 31770 1302 1190 27470 2094 25376 944 1150 221 929 370 25274 23860 2304 1861 1208 977 653 443 21556 7745 1342 1175 6403 1757 4646 1652 4477 2741
internal_count=33072 31770 1302 1190 27470 2094 25376 944 1150 221 929 370 25274 23860 2304 1861 1208 977 653 443 21556 7745 1342 1175 6403 1757 4646 1652 4477 2741
is_linear=0
shrinkage=0.05


Tree=38
num_leaves=31
num_cat=0
split_feature=4 4 3 3 16 12 13 12 13 13 10 15 10 10 15 15 14 12 12 11 10 13 11 11 10 12 12 16 11 13
split_gain=9.04551 7.04683 5.23408 5.19475 4.87607 9.56992 10.0338 7.99705 6.06475 6.94095 6.00229 8.86551 8.46426 9.99013 9.86455 12.7078 8.15787 9.98733 9.13651 11.171 11.8779 9.52649 15.7413 9.51492 9.75608 11.4749 11.562 9.56299 10.6003 8.57224
threshold=0.058492811015037345 0.020198679904844342 -0.010601049133776739 0.031112666336181375 -0.017169294203700166 0.021636027658746174 15.984999656677248 0.00075809453830288931 26.284999847412113 25.505000114440922 -0.0065884728107576387 -0.0068422459347438616 -0.004697388100089738 -0.00071796458931633323 0.0012221795380192859 0.00025280972466001922 -0.04578454363779693 0.078665433833488688 0.066100470646601531 0.021459813769517781 -0.00038722571471944128 16.550000190734867 0.034061321951450181 0.011742981145945632 -0.00010102094958625017 0.023812281741097733 0.027224900336564887 -0.011184269037458115 0.0077476291069551459 17.994999885559086
decision_type=2 2 2 2 2 2 2 2 2 2 2 2 2 2 2 2 2 2 2 2 2 2 2 2 2 2 2 2 2 2
left_child=1 2 -1 -2 5 6 7 -3 9 10 -6 -12 -13 14 15 -14 17 29 19 20 -18 -21 -23 24 -22 27 -27 -26 -29 -15
right_child=3 4 -4 -5 8 -7 -8 -9 -10 -11 11 12 13 16 -16 -17 18 -19 -20 21 23 22 -24 -25 25 26 -28 28 -30 -31
leaf_value=0.00015748844156874303 0.00023412299460385508 0.00021026073678820091 -2.8225958667026163e-05 0.0011513462974024717 8.0601488929249541e-05 0.00016675078183877052 3.0709083116797855e-05 -0.00040141940197346658 -0.0001749327919111323 0.00051170400036066092 -7.8394512751351315e-05 -0.00023708485642130153 6.689410961770257e-05 5.6962252766031875e-05 0.00020143186613715897 -0.0002785920668982263 -0.0004675949403302111 0.00054076722501804992 -0.00017370679572240337 -6.0229562435516755e-06 0.00027247231803574634 0.00044020819176286501 -3.2195715540230595e-05 -0.00011376123384172652 0.00011275130640507241 0.00042362525777037835 1.8241828537270219e-05 -0.00021013114275566258 0.00010126506877159566 -5.3057500463371371e-05
leaf_weight=176 828 63 8022 91 1796 997 3785 155 183 98 2081 416 1344 2583 862 228 113 185 747 1116 167 437 312 1842 171 154 1829 868 181 1319
leaf_count=176 828 63 8022 91 1796 997 3785 155 183 98 2081 416 1344 2583 862 228 113 185 747 1116 167 437 312 1842 171 154 1829 868 181 1319
internal_value=-2.18709e-05 -0.00016134 -0.00142718 0.00486942 0.000270473 0.00166 0.000568324 -0.00986239 -9.45776e-05 -6.63165e-06 -7.59959e-05 -0.000367148 6.05083e-05 0.00026283 0.00318406 0.000826972 -0.00032851 0.00148642 -0.00126307 -0.000716273 -0.00188263 0.00261394 0.00697597 -0.00153492 4.45104e-05 -0.000569778 0.00177761 -0.00438525 -0.00617255 0.000948232
internal_weight=33149 32230 8198 919 24032 5000 4003 218 19032 18849 18751 16955 14874 14458 2434 1572 12024 4087 7937 7190 5325 1865 749 5212 3370 3203 1983 1220 1049 3902
internal_count=33149 32230 8198 919 24032 5000 4003 218 19032 18849 18751 16955 14874 14458 2434 1572 12024 4087 7937 7190 5325 1865 749 5212 3370 3203 1983 1220 1049 3902
is_linear=0
shrinkage=0.05


Tree=39
num_leaves=31
num_cat=0
split_feature=13 5 6 3 10 10 11 10 14 9 10 13 12 11 12 14 10 12 12 11 12 7 11 12 11 12 10 10 12 12
split_gain=10.2906 7.39459 5.52584 4.47201 4.12481 5.59397 6.15791 5.9366 12.0652 8.54895 4.94076 8.46267 7.76083 4.43457 8.1576 9.69206 6.96504 9.36342 6.37188 5.47195 5.10752 4.94268 4.92785 6.65556 5.28448 4.453 5.63473 4.08087 4.01037 8.71031
threshold=49.655000686645515 0.016607375875835353 1.8246965305258154 -0.0093666827477599229 0.0078861998307097076 0.0025358686375718258 -0.03145344780031472 0.0038486575209699674 -0.056925165822572281 -0.1961609897561786 0.0060647119333787644 24.385000228881839 0.016092642436075003 -0.023324980459216712 -0.0031637025986434027 -0.037778052319122728 0.00038115432096208496 -0.0081213337469206431 0.015576171273286367 -0.025492128925019227 0.021636027658746174 -0.033693368561296615 0.010798800902990015 0.035783081956657366 0.031976499172701407 0.027224900336564887 -0.00010102094958625017 0.0018426326691356467 0.055910575939094771 0.089699133089243169
decision_type=2 2 2 2 2 2 2 2 2 10 2 2 2 2 2 2 2 2 2 2 2 2 2 2 2 2 2 2 2 2
left_child=1 3 4 -1 5 13 -7 8 -8 -9 12 -12 -11 19 15 -15 -17 -18 -16 21 -20 -3 -22 25 -25 -24 -27 -28 -6 -30
right_child=-2 2 -4 -5 28 6 7 9 -10 10 11 -13 -14 14 18 16 17 -19 20 -21 22 -23 23 24 -26 26 27 -29 29 -31
leaf_value=4.6599307281055194e-05 0.0033108202494751882 0.00017881958655000514 0.00023196807972849934 -1.8162279971047082e-05 0.00010234599420936896 -0.00047406365633150937 0.00087389174246790032 0.00017848621793879507 -0.00019154484647762203 -0.00012010075081317282 -0.00016729259960779165 0.0002986998374261867 0.00012317939593529281 -0.00040136797397117598 0.0001384808822655571 -9.2221596980009585e-05 0.00018151352546250753 -0.00055138292785987986 -0.00014837590219620689 0.00051544248308024591 8.4921335392704585e-05 -4.7152398497592873e-05 -5.6258555478856322e-05 -0.00018340134601802795 0.00024441875364684013 0.00049325866924112801 -0.00010384110123421013 0.0003695656133207396 -0.00016349101360150725 0.00037840521747687468
leaf_weight=1366 41 498 892 18504 1943 47 45 379 621 398 662 91 615 84 1242 1317 313 44 510 149 1682 253 187 565 86 95 70 48 297 65
leaf_count=1366 41 498 892 18504 1943 47 45 379 621 398 662 91 615 84 1242 1317 313 44 510 149 1682 253 187 565 86 95 70 48 297 65
internal_value=-3.39787e-05 -6.50175e-05 0.000852402 -0.000674383 0.000576954 0.000137486 -0.00173198 -0.00143187 -0.00555556 -0.000151515 -0.00161382 -0.00468127 0.000666338 0.000885482 0.000412462 -0.0024744 -0.00164277 0.00455182 0.00154404 0.00416667 0.000377737 0.00243009 0.00123491 -0.001451 -0.00456989 0.003625 0.00856808 0.00127119 0.00248373 -0.00234807
internal_weight=33109 33068 13198 19870 12306 10001 2858 2811 666 2145 1766 753 1013 7143 6243 1758 1674 357 4485 900 3243 751 2733 1051 651 400 213 118 2305 362
internal_count=33109 33068 13198 19870 12306 10001 2858 2811 666 2145 1766 753 1013 7143 6243 1758 1674 357 4485 900 3243 751 2733 1051 651 400 213 118 2305 362
is_linear=0
shrinkage=0.05


Tree=40
num_leaves=31
num_cat=0
split_feature=13 4 4 5 6 12 15 6 14 13 12 11 10 11 8 13 14 14 13 12 14 10 9 12 14 14 10 11 10 15
split_gain=10.2851 9.25298 5.30838 4.5724 4.42853 4.31415 4.21819 3.9098 3.89289 3.67372 3.34985 6.22324 6.97295 4.66557 3.3378 3.58663 3.33154 4.8128 4.64386 3.94203 3.39916 5.41614 4.05987 3.55284 5.66908 8.38311 10.067 10.4626 4.68257 5.12854
threshold=49.655000686645515 0.02746167913127515 0.068776878733619998 0.0082681174913561781 1.4456581933276185 0.10123019596275297 -0.0087391274617699671 0.60381796470607596 -0.010794703163862494 12.00999975204468 0.030225182467667037 -0.0040062881878700765 0.00038115432096208496 0.031976499172701407 0.068557174809267055 13.934999942779543 0.15436855290822041 0.14228104891203866 22.429999351501468 0.015760978706321874 -0.066405515647089006 0.0047561203387664905 -0.13431942069047179 0.039535429678634555 -0.043478201036805324 0.0080830591469587282 0.00034887818574524948 0.011995424510659937 0.0039394347110435221 0.0038267572827579426
decision_type=2 2 2 2 2 2 2 2 2 2 2 2 2 2 10 2 2 2 2 2 2 2 8 2 2 2 2 2 2 2
left_child=1 3 7 -1 5 9 14 10 -7 -5 -3 12 -12 -13 15 -6 17 20 19 -18 21 -11 -22 -24 -25 26 27 -26 29 -27
right_child=-2 2 -4 4 6 8 -8 -9 -10 16 11 13 -14 -15 -16 -17 18 -19 -20 -21 22 -23 23 24 25 28 -28 -29 -30 -31
leaf_value=-7.2282697616147395e-05 0.0032347682648490835 -7.0417047886241556e-06 0.00041729414235643254 -0.00021708905286691319 -2.2116611709565207e-05 -2.0749827929366521e-05 8.6744237259497356e-06 8.22542056769268e-05 -0.00024718315989083169 0.00014725021748146738 0.00048677717376862349 8.902505730176399e-06 -0.00014259443101851234 0.00018488690898941604 -0.00011709123963550899 0.00020577387117799468 0.00022822257581001668 -0.00021596527851404612 -6.245138126206775e-05 -0.00016137526334948247 8.6349217194966422e-05 8.3385136590360603e-06 -3.3496118300547011e-05 0.00013955572900811825 0.00016848541301997251 -2.499520369701365e-05 -8.8494403881533086e-05 -0.00010137790874225643 0.00016806750674497502 0.00016839262613688817
leaf_weight=529 41 7135 507 112 62 94 1453 2827 98 173 192 2536 56 261 54 309 231 57 135 45 405 1581 10903 343 290 745 1272 139 280 187
leaf_count=529 41 7135 507 112 62 94 1453 2827 98 173 192 2536 56 261 54 309 231 57 135 45 405 1581 10903 343 290 745 1272 139 280 187
internal_value=-2.72298e-05 -5.83139e-05 0.000947166 -0.000755244 -0.000627372 -0.000880632 0.00167732 0.000751518 -0.00833333 -0.000795952 0.000294695 0.00168309 0.00927419 0.00101001 0.00605882 0.00774933 -0.000735732 -0.000847328 0.00371046 0.00742754 -0.000796666 0.00128278 -0.0010471 -0.00118829 0.000261057 -0.000454858 -0.00271899 0.00390443 0.00272277 0.00101931
internal_weight=33052 33011 13514 19497 18968 17090 1878 13007 192 16898 10180 3045 248 2797 425 371 16786 16375 411 276 16318 1754 14564 14159 3256 2913 1701 429 1212 932
internal_count=33052 33011 13514 19497 18968 17090 1878 13007 192 16898 10180 3045 248 2797 425 371 16786 16375 411 276 16318 1754 14564 14159 3256 2913 1701 429 1212 932
is_linear=0
shrinkage=0.05


Tree=41
num_leaves=31
num_cat=0
split_feature=5 4 13 13 3 3 13 12 13 15 13 13 3 12 16 13 12 12 14 14 16 16 12 11 11 15 12 12 15 12
split_gain=11.1182 5.18014 4.96786 4.22051 3.97018 3.63417 3.38319 4.76301 3.26898 4.36364 3.54058 3.25606 3.19971 7.75066 5.46007 4.9617 4.4698 4.60057 4.31328 11.3593 5.54001 6.57176 5.2812 5.1979 6.01222 5.48094 5.42044 11.0058 4.89437 6.85065
threshold=0.016607375875835353 0.058492811015037345 25.505000114440922 12.00999975204468 0.031112666336181375 -0.0093666827477599229 27.365000724792484 -0.049048441539310476 26.85000038146973 -0.0014364591990708717 29.835000038146976 30.345000267028812 0.0036251263339481814 0.066825608086901869 0.0068673466900366362 18.719999313354496 0.0072856362379064574 0.012058038657318472 -0.034895651013681799 -0.026106823606350468 0.033716524613112482 0.048807502746428318 0.060736863464118891 -0.0070947588285928389 -0.010042466881963584 -0.016093269136877971 0.060736863464118891 0.095724782910464948 -0.017234563437036884 0.0017110127161689139
decision_type=2 2 2 2 2 2 2 2 2 2 2 2 2 2 2 2 2 2 2 2 2 2 2 2 2 2 2 2 2 2
left_child=2 -2 3 -1 6 -5 -3 11 9 -4 -10 -8 18 14 15 -14 -16 -18 22 -20 23 -22 -7 24 -21 -26 28 -28 -25 -30
right_child=1 4 8 5 -6 12 7 -9 10 -11 -12 -13 13 -15 16 -17 17 -19 19 20 21 -23 -24 26 25 -27 27 -29 29 -31
leaf_value=-0.00022066617125801469 1.9225507515339968e-05 0.00036862810497913549 0.00062196784268629907 4.288776440622717e-05 0.00098486070051070364 -6.5721771609854497e-06 -0.00033717942913481856 -0.00049510672516982234 -9.0393163472149432e-05 6.5689595696110956e-05 0.00015979700773972145 0.00036291503724023152 6.8906442314294912e-05 -0.00017354399750716927 6.3980144066329905e-05 -2.677503290773693e-05 -0.00020629605604125263 -3.4635459421550265e-05 -0.00017888427473087981 -2.9826472878342199e-05 7.8327929046385962e-05 -8.9549268326628677e-05 0.00019605205522288586 4.0945714209727819e-05 -0.00018107718941397875 0.00011300630015134125 0.00015573084006310141 -0.00023356970216247734 -0.00015000138482368711 -5.1528380475919602e-05
leaf_weight=127 12361 602 66 1278 88 2804 44 51 123 66 63 111 1833 219 470 726 156 1862 496 1591 591 239 145 316 76 485 304 59 665 5104
leaf_count=127 12361 602 66 1278 88 2804 44 51 123 66 63 111 1833 219 470 726 156 1862 496 1591 591 239 145 316 76 485 304 59 665 5104
internal_value=-0.000104918 0.00101644 -0.000853302 -0.000954159 0.0046875 -0.000894742 0.00358911 -0.00194175 0.00534591 0.0113636 0.00107527 0.00241935 -0.00107629 -3.79795e-05 0.000361601 0.0019832 -0.00130627 -0.00232904 -0.00150097 -0.0019998 -0.00161188 0.00228916 0.000178026 -0.00198837 0.000139405 0.00459002 -0.00269851 0.00323691 -0.00305259 -0.00338447
internal_weight=33121 13257 19864 19546 896 19419 808 206 318 132 186 155 18141 5266 5047 2559 2488 2018 12875 9926 9430 830 2949 8600 2152 561 6448 363 6085 5769
internal_count=33121 13257 19864 19546 896 19419 808 206 318 132 186 155 18141 5266 5047 2559 2488 2018 12875 9926 9430 830 2949 8600 2152 561 6448 363 6085 5769
is_linear=0
shrinkage=0.05


Tree=42
num_leaves=31
num_cat=0
split_feature=5 3 14 11 16 14 14 16 16 15 14 10 15 15 1 15 3 10 10 11 16 16 16 11 6 9 10 16 9 14
split_gain=7.36752 4.37566 4.2573 4.62084 7.07837 6.45182 4.81676 5.1199 6.95445 4.72906 4.86756 4.24072 6.83584 5.95068 4.90957 4.52277 4.17035 3.97928 5.51023 5.81714 7.77028 5.94756 7.79456 5.84806 6.98046 4.95715 4.50033 10.9205 6.86469 6.03782
threshold=0.016545891665091652 -0.0093666827477599229 -0.066405515647089006 -0.011940064700992346 -0.016947532186742494 -0.098691693357393515 -0.093449770795740669 0.025572332372305943 0.011336996219966757 0.017605013595625055 -0.16769008837329388 -0.017312021268647334 -0.01100115407733515 -0.024222288273989642 -0.10914354562044436 -0.010394167701819777 0.0017859476717410063 -0.0028966146153551193 -0.0029742102449409331 0.0093718166333225401 0.0044074155815494462 0.009250878921798102 0.0034366881787152308 0.014627059991814352 -0.31562842619519454 0.087739818248390292 -0.0072745157566194698 -0.013056398781422838 -0.016767186143221698 0.072802606011034846
decision_type=2 2 2 2 2 2 2 2 2 2 2 2 2 2 2 2 2 2 2 2 2 2 2 2 2 8 2 2 10 2
left_child=1 -1 3 4 -3 9 -7 8 -8 16 -11 13 14 -2 -13 -14 -5 18 19 21 -21 22 26 -22 -25 -23 -4 -28 29 -29
right_child=11 2 17 5 -6 6 7 -9 -10 10 -12 12 15 -15 -16 -17 -18 -19 -20 20 23 25 -24 24 -26 -27 27 28 -30 -31
leaf_value=4.1187805009323e-05 -3.1563936983334924e-05 3.5253192977288638e-05 -2.6093941509305193e-05 0.00018562240833356356 -0.00021026335351509017 0.00029563837886233471 4.073581689489504e-05 -0.00010664709026490883 0.0001969840604448589 0.00028519029169275589 -0.00017362290014115986 0.00069976823216696233 -0.00031187949444919403 -0.00028951995976222999 0.00011504814292414593 1.6664442706963538e-05 -3.3284802180672591e-05 -3.065641586804356e-05 0.00037559492847989424 -0.00027363150721034093 9.4239565500763326e-05 -0.00013596745684021978 0.00022260306421070339 -0.00031963887670505997 7.0983811902495048e-06 -2.638950782732877e-05 0.00012167196021920738 -5.5323579044539367e-05 -0.00014090880351013996 0.00019332171885050561
leaf_weight=1354 385 236 1609 130 168 133 573 177 156 49 220 128 54 89 1717 10940 146 11815 88 138 174 245 333 92 147 373 759 206 278 136
leaf_count=1354 385 236 1609 130 168 133 573 177 156 49 220 128 54 89 1717 10940 146 11815 88 138 174 245 333 92 147 373 759 206 278 136
internal_value=-6.2031e-05 -0.000675196 -0.000877265 0.00130785 -0.00346535 0.00252525 0.00483638 0.00353201 0.00538409 -0.00188073 -0.00659851 0.000846917 0.00101838 -0.00379747 0.00383469 0.000545752 0.00271739 -0.00114226 0.000109218 -0.00013363 -0.00494555 0.000539477 0.0013776 -0.00151332 -0.00658996 -0.0039644 0.000568942 0.00266497 -0.00225806 0.00248538
internal_weight=33048 19735 18381 1988 404 1584 1039 906 729 545 269 13313 12839 474 1845 10994 276 16393 4578 4490 551 3939 3321 413 239 618 2988 1379 620 342
internal_count=33048 19735 18381 1988 404 1584 1039 906 729 545 269 13313 12839 474 1845 10994 276 16393 4578 4490 551 3939 3321 413 239 618 2988 1379 620 342
is_linear=0
shrinkage=0.05


Tree=43
num_leaves=31
num_cat=0
split_feature=13 5 4 6 12 14 11 11 14 12 12 12 10 10 10 14 12 14 10 11 14 11 13 9 13 13 13 13 14 14
split_gain=10.0783 6.05947 4.42405 4.10183 4.00342 11.6935 12.049 9.83892 8.17672 6.58226 5.96139 4.45334 6.12343 7.69018 7.29682 14.1269 6.99868 5.94485 5.88689 6.70863 5.69935 5.35709 7.20792 6.11362 8.3365 8.11233 6.85223 5.7142 6.46824 7.00762
threshold=49.655000686645515 0.012773749066118514 0.068776878733619998 1.4024809798239961 0.066100470646601531 -0.040011250304013861 0.0093718166333225401 -0.0043480810751578827 -0.081825770158787711 0.058395912438342197 0.086474155307740067 0.055910575939094771 0.0087442348777118113 0.0023442699463880339 0.0038486575209699674 -0.056925165822572281 -0.057938720016513449 0.014555585659076444 0.010263940972428777 0.048369816433799014 0.052213768787031663 -0.014003492278460259 23.265000343322757 0.1752666864524153 19.085000038146976 24.385000228881839 16.32499980926514 14.824999809265138 -0.054330610723124943 -0.061929277885563232
decision_type=2 2 2 2 2 2 2 2 2 2 2 2 2 2 2 2 2 2 2 2 2 2 2 8 2 2 2 2 2 2
left_child=1 3 4 -1 9 8 7 -7 -6 11 -9 12 13 -3 15 -15 -16 -13 19 -14 -17 22 -18 24 26 -26 -23 -25 29 -29
right_child=-2 2 -4 -5 5 6 -8 10 -10 -11 -12 17 18 14 16 20 21 -19 -20 -21 -22 23 -24 27 25 -27 -28 28 -30 -31
leaf_value=-2.7799863877182018e-05 0.0032672172803398375 1.6805711829831223e-05 0.00035062198290297978 3.1970346320429366e-05 -7.405572316129469e-05 -0.00026982121034166114 -0.00017573545821936187 0.0018852816476660171 0.00056578146995255204 0.00010525208044700128 0.00015995655570849848 -0.00018888247229599219 0.00020609321220860824 0.00083811848065436429 -0.00037568804512673839 -0.00015385100743401663 -0.00021039057280808029 0.00018199366444111517 3.160364248737352e-05 -0.00014466375199342517 0.0003465632762526497 -3.2612235414219286e-05 0.00028569421411213017 -1.4972815867816091e-05 -0.00022462985230090206 8.8632706382016195e-05 0.00012253271356206901 7.3310750200539319e-05 0.00023198645128345667 -0.00029771303563348321
leaf_weight=8210 40 12133 517 1015 107 95 907 52 137 599 243 269 824 65 69 1282 285 91 2148 102 56 1095 63 521 455 145 638 205 578 83
leaf_count=8210 40 12133 517 1015 107 95 907 52 137 599 243 269 824 65 69 1282 285 91 2148 102 56 1095 63 521 455 145 638 205 578 83
internal_value=-8.25033e-05 -0.000112916 0.000309291 -0.00120054 0.000207554 -0.00225503 -0.00414418 0.00320513 0.00778689 0.000382383 0.00771186 0.000235704 0.000331373 -2.68772e-05 -0.0015704 -0.00468639 -0.000513657 -0.00527778 0.00239102 0.00572354 -0.00579223 -0.000245821 -0.00617816 0.00030914 -0.00125375 -0.00633333 0.000504905 0.002938 0.00542725 -0.000694444
internal_weight=33029 32989 23764 9225 23247 1541 1297 390 244 21706 295 21107 20747 17673 5540 1403 4137 360 3074 926 1338 4068 348 3720 2333 600 1733 1387 866 288
internal_count=33029 32989 23764 9225 23247 1541 1297 390 244 21706 295 21107 20747 17673 5540 1403 4137 360 3074 926 1338 4068 348 3720 2333 600 1733 1387 866 288
is_linear=0
shrinkage=0.05


Tree=44
num_leaves=31
num_cat=0
split_feature=4 6 8 13 3 15 13 12 16 16 11 12 12 13 16 13 13 14 11 16 12 12 11 15 13 8 12 3 14 15
split_gain=7.30006 7.41586 5.09375 4.70133 4.15211 5.2848 6.56161 5.80041 4.57399 6.53287 8.61624 5.20088 5.01142 11.5786 13.1217 8.21717 8.70201 13.9975 9.92878 6.72755 5.46158 9.1193 4.33625 4.17164 4.02255 3.98406 7.96794 3.96513 3.96429 5.42233
threshold=0.058492811015037345 0.008798464109618237 -0.11841798234734206 12.230000019073488 0.0038604689876008407 0.011769532147099528 14.870000362396242 -0.029032360146205412 0.033716524613112482 0.030445016203896284 0.030456421062291409 0.10123019596275297 0.02953543879256915 16.164999961853031 0.021539030457876755 15.464999675750734 14.734999656677248 0.0091478412114857095 0.013370913918319573 0.020326446340506402 0.021636027658746174 0.028448833312794911 -0.0038175653933905647 0.0012221795380192859 14.494999885559084 0.039859580115859002 0.038282050085224013 -0.0033891259535680503 0.0080830591469587282 -0.0049824335092060737
decision_type=2 2 8 2 2 2 2 2 2 2 2 2 2 2 2 2 2 2 2 2 2 2 2 2 2 10 2 2 2 2
left_child=1 3 -3 -1 5 8 25 -8 9 10 11 12 13 15 19 16 17 18 24 -15 22 -22 -19 -16 -5 -7 -27 -11 29 -14
right_child=-2 2 -4 4 -6 6 7 -9 -10 27 -12 -13 28 14 23 -17 -18 20 -20 -21 21 -23 -24 -25 -26 26 -28 -29 -30 -31
leaf_value=-0.00012769683811415222 0.00027081310946851911 0.00014702300251377573 1.1719784545458166e-05 0.00016563661502052508 9.3977915906210126e-06 -0.00021369159851952893 -0.00025078953686706379 2.1720553176523932e-06 4.3949808791032271e-05 -0.00037025971296039467 0.00051732617083031932 -0.00017011211550208659 -0.00012283412479633995 -7.9988939245887694e-06 -8.455469231198666e-05 -0.00016137396260570969 3.9820242232065706e-05 -0.00012734793453222145 -0.00010054670503355313 -0.0003291676986014633 9.686418114398165e-05 -0.00029437871488333816 -0.00028007005801471922 0.00033949883918153257 -0.00014776514155342643 -0.00024959464215112097 0.00015604579328373807 -0.00012663255306404877 5.2023067027791222e-05 4.3531218990682012e-06
leaf_weight=318 898 566 12031 318 5158 312 168 807 1214 80 87 268 301 4096 41 740 811 125 208 95 125 121 277 191 56 114 77 205 1494 1930
leaf_count=318 898 566 12031 318 5158 312 168 807 1214 80 87 268 301 4096 41 740 811 125 208 95 125 121 277 191 56 114 77 205 1494 1930
internal_value=-0.000159485 -0.000282984 0.000664841 -0.000887926 -0.000789176 -0.00122888 -0.00405954 -0.00166667 -0.000901588 -0.00120797 -0.00101914 -0.00114093 -0.000972184 -0.00174209 -0.000152611 -0.00427005 -0.00263351 -0.00528455 0.000343643 -0.000793367 -0.0103395 -0.00447154 -0.0139303 0.0114224 0.0052139 -0.00869781 -0.00301047 -0.00868421 0.000516779 -0.000818019
internal_weight=33232 32334 12597 19737 19419 14261 1478 975 12783 11569 11284 11197 10929 7204 4423 2781 2041 1230 582 4191 648 246 402 232 374 503 191 285 3725 2231
internal_count=33232 32334 12597 19737 19419 14261 1478 975 12783 11569 11284 11197 10929 7204 4423 2781 2041 1230 582 4191 648 246 402 232 374 503 191 285 3725 2231
is_linear=0
shrinkage=0.05


end of trees

feature_importances:
spy_ret_1d=193
vix_level=179
spy_ret_20d=175
sector_ret_5d=142
spy_ret_5d=135
vix_chg_1d=126
sector_ret_1d=122
atr_pct=71
parkinson_20=71
dvol_z_20=38
overnight_gap=28
dist_ma200=28
dist_ma50=21
ret_1d=9
dist_ma20=6
ret_5d=5
ret_20d=1

parameters:
[boosting: gbdt]
[objective: quantile]
[metric: quantile]
[tree_learner: serial]
[device_type: cpu]
[data_sample_strategy: bagging]
[data: ]
[valid: ]
[num_iterations: 120]
[learning_rate: 0.05]
[num_leaves: 31]
[num_threads: -1]
[seed: 0]
[deterministic: 0]
[force_col_wise: 1]
[force_row_wise: 0]
[histogram_pool_size: -1]
[max_depth: -1]
[min_data_in_leaf: 40]
[min_sum_hessian_in_leaf: 0.001]
[bagging_fraction: 0.85]
[pos_bagging_fraction: 1]
[neg_bagging_fraction: 1]
[bagging_freq: 1]
[bagging_seed: 3]
[bagging_by_query: 0]
[feature_fraction: 0.85]
[feature_fraction_bynode: 1]
[feature_fraction_seed: 2]
[extra_trees: 0]
[extra_seed: 6]
[early_stopping_round: 0]
[early_stopping_min_delta: 0]
[first_metric_only: 0]
[max_delta_step: 0]
[lambda_l1: 0]
[lambda_l2: 0]
[linear_lambda: 0]
[min_gain_to_split: 0]
[drop_rate: 0.1]
[max_drop: 50]
[skip_drop: 0.5]
[xgboost_dart_mode: 0]
[uniform_drop: 0]
[drop_seed: 4]
[top_rate: 0.2]
[other_rate: 0.1]
[min_data_per_group: 100]
[max_cat_threshold: 32]
[cat_l2: 10]
[cat_smooth: 10]
[max_cat_to_onehot: 4]
[top_k: 20]
[monotone_constraints: ]
[monotone_constraints_method: basic]
[monotone_penalty: 0]
[feature_contri: ]
[forcedsplits_filename: ]
[refit_decay_rate: 0.9]
[cegb_tradeoff: 1]
[cegb_penalty_split: 0]
[cegb_penalty_feature_lazy: ]
[cegb_penalty_feature_coupled: ]
[path_smooth: 0]
[interaction_constraints: ]
[verbosity: -1]
[saved_feature_importance_type: 0]
[use_quantized_grad: 0]
[num_grad_quant_bins: 4]
[quant_train_renew_leaf: 0]
[stochastic_rounding: 1]
[linear_tree: 0]
[max_bin: 255]
[max_bin_by_feature: ]
[min_data_in_bin: 3]
[bin_construct_sample_cnt: 200000]
[data_random_seed: 1]
[is_enable_sparse: 1]
[enable_bundle: 1]
[use_missing: 1]
[zero_as_missing: 0]
[feature_pre_filter: 1]
[pre_partition: 0]
[two_round: 0]
[header: 0]
[label_column: ]
[weight_column: ]
[group_column: ]
[ignore_column: ]
[categorical_feature: ]
[forcedbins_filename: ]
[precise_float_parser: 0]
[parser_config_file: ]
[objective_seed: 5]
[num_class: 1]
[is_unbalance: 0]
[scale_pos_weight: 1]
[sigmoid: 1]
[boost_from_average: 1]
[reg_sqrt: 0]
[alpha: 0.5]
[fair_c: 1]
[poisson_max_delta_step: 0.7]
[tweedie_variance_power: 1.5]
[lambdarank_truncation_level: 30]
[lambdarank_norm: 1]
[label_gain: ]
[lambdarank_position_bias_regularization: 0]
[eval_at: ]
[multi_error_top_k: 1]
[auc_mu_weights: ]
[num_machines: 1]
[local_listen_port: 12400]
[time_out: 120]
[machine_list_filename: ]
[machines: ]
[gpu_platform_id: -1]
[gpu_device_id: -1]
[gpu_device_id_list: ]
[gpu_use_dp: 0]
[num_gpu: 1]

end of parameters

pandas_categorical:[]
