tree
version=v4
num_class=1
num_tree_per_iteration=1
label_index=0
max_feature_idx=16
objective=quantile
feature_names=ret_1d ret_5d ret_20d overnight_gap atr_pct parkinson_20 dvol_z_20 dist_ma20 dist_ma50 dist_ma200 spy_ret_1d spy_ret_5d spy_ret_20d vix_level vix_chg_1d sector_ret_1d sector_ret_5d
feature_infos=[-0.31282383419689119:0.70247657295850074] [-0.35362694300518127:1.1834002677376172] [-0.5236424987790258:2.041120815138282] [-0.15025906735751293:0.8109103078982598] [0.0059586534943285811:0.17305827572964666] [0.0046773273596175278:0.18146403315431037] [-2.7803008136669765:4.3368917573517507] [-0.3820536966482071:0.91475495307612098] [-0.4486378671782516:1.2955574905713756] [-0.43937444779246504:2.4622052652251885] [-0.058542947643003718:0.10501933612632941] [-0.11496158439845272:0.082843216242346029] [-0.12265592443394913:0.15756596870864792] [11.859999656677246:52.330001831054688] [-0.35753873962348437:0.74039073966007019] [-0.057278720415000484:0.088354812492743573] [-0.10755362138638491:0.081588053177927611]
tree_sizes=2964 3008 3002 3022 2993 3012 2998 3009 2990 3015 3019 2994 2996 3015 3002 3008 2969 3015 2989 3005 2982 3011 3004 2971 2977 3006 3025 2973 3014 3031 2988 2974 2999 3051 3033 3002 3018 3010 2985 3033 3000 3035 2997 2989 3014 3056 3009 2988 2998 2984 2995 3035 2994 3071 3009 3005 3014 3020 3033 2995 2963 2974 3010 2947 3009 2982 2960 2996 3022 2995 2988 2981 3024 2970 3012 2974 2968 2980 3011 2945 3002 3007 3005 2982 3021 2977 2981 3009 2986 2948 2966 2966 2984 3017 2963 2984

Tree=0
num_leaves=31
num_cat=0
split_feature=5 5 5 14 8 14 13 1 13 13 6 6 3 12 10 3 16 13 9 15 16 13 14 10 15 10 15 6 9 4
split_gain=114.941 19.002 14.792 7.04485 7.24181 6.84781 8.33111 6.3449 5.146 4.34817 4.00476 3.9755 3.6093 3.5437 3.3824 5.10435 4.10972 3.38066 3.32853 4.62886 3.25682 5.12296 4.95008 3.24611 5.34241 3.2367 3.94012 3.20775 4.63167 3.2047
threshold=0.016458113445993374 0.0264183552874615 0.012951366467331858 -0.036136320679139293 -0.14940571111409176 -0.067583665573298909 18.904999732971195 0.068232868927962223 20.980000495910648 15.355000019073488 0.7875957100007388 0.0080583954532518522 -0.0012334766417667618 -0.071455492513037885 -0.0012723073369418911 -0.016630700632389469 0.006988717565931891 20.154999732971195 0.26837401141737366 0.0058045489603657527 0.0089823096986076951 23.529999732971195 0.023650626144740231 0.0091384979590398725 0.011670332350873116 0.0063549494884102007 0.017287055016336986 0.7875957100007388 0.085114727730520104 0.037443705586911256
decision_type=2 2 2 2 10 2 2 2 2 2 2 2 2 2 2 2 2 2 8 2 2 2 2 2 2 2 2 2 8 2
left_child=2 5 7 8 17 6 -2 11 10 29 -4 12 -1 -3 15 -11 -17 -5 19 -13 -16 22 -22 -8 -25 -10 -27 -6 -29 -7
right_child=1 13 3 4 27 9 23 -9 25 14 -12 18 -14 -15 20 16 -18 -19 -20 -21 21 -23 -24 24 -26 26 -28 28 -30 -31
leaf_value=-0.0089924677507951852 -0.0088519724668003619 -0.0090362296206876642 -0.0089449957478791482 -0.0094771110452711582 -0.0090338714420795437 -0.0090763273183256388 -0.0095384535379707813 -0.0093810811638832085 -0.0095834966283291582 -0.0098650773055851456 -0.009103295439854265 -0.0090147413895465441 -0.0089198022149503224 -0.0095789647195488221 -0.0093615912832319733 -0.0090921322116628289 -0.0093030240153893825 -0.009123547608032823 -0.0090757369995117191 -0.0088999457424506542 -0.0092277225106954571 -0.0088866051053628319 -0.0096281846519559629 -0.0086789083667099479 -0.0092532304348424081 -0.0087479695968795575 -0.0094077022280544039 -0.0093923923093825572 -0.0090525451349094503 -0.009338866081088781
leaf_weight=1027 300 78 875 70 2621 726 80 60 59 102 175 1106 1910 2068 577 772 336 79 504 413 373 79 43 45 132 42 47 215 342 156
leaf_count=1027 300 78 875 70 2621 726 80 60 59 102 175 1106 1910 2068 577 772 336 79 504 413 373 79 43 45 132 42 47 215 342 156
internal_value=-0.00900575 -0.0145133 -0.00562044 -0.00769363 -0.00887748 -0.0123523 -0.00724015 -0.00375168 -0.00440591 -0.0132523 -0.0031756 -0.00355617 -0.00238135 -0.0182602 -0.0144046 -0.0125928 -0.0116074 -0.0196508 -0.00526178 -0.00409353 -0.0164498 -0.0134743 -0.0156909 -0.0138469 -0.0100691 -0.0131344 -0.00711407 -0.00837237 -0.0118182 -0.0102708
internal_weight=15412 5867 9545 4525 3327 3721 557 5020 1198 3164 1050 4960 2937 2146 2282 1210 1108 149 2023 1519 1072 495 416 257 177 148 89 3178 557 882
internal_count=15412 5867 9545 4525 3327 3721 557 5020 1198 3164 1050 4960 2937 2146 2282 1210 1108 149 2023 1519 1072 495 416 257 177 148 89 3178 557 882
is_linear=0
shrinkage=1


Tree=1
num_leaves=31
num_cat=0
split_feature=5 5 5 13 11 1 14 5 13 8 3 10 1 16 10 11 10 14 11 10 12 4 13 16 13 14 3 12 11 13
split_gain=108.19 18.0505 12.503 8.35867 6.3265 6.23515 5.35931 5.19935 5.11864 4.66087 5.61675 4.53466 4.48588 4.40337 3.69338 3.66344 5.7633 6.7688 4.42935 4.42165 4.35872 4.25506 4.00657 3.90243 3.58023 3.52016 3.41404 3.36631 4.44958 3.35017
threshold=0.017540044720368343 0.012951366467331858 0.0264183552874615 15.905000209808351 0.034492837663602567 0.069975762154168911 -0.055141973533754989 0.0077949010073036741 24.385000228881839 -0.14940571111409176 -0.004559460184922203 -0.0039734549037579994 0.079446885778118218 0.031737872575898891 0.0070088316945141624 0.021674049559760492 -0.0012723073369418911 -0.12096344977185801 0.011376560633504786 0.0053216692670692298 0.058395912438342197 0.027917336235188214 27.855000495910648 0.0089823096986076951 13.34500026702881 0.22222151980982033 -0.0011105284274998126 -0.0039943818994799254 -0.0026633366014910394 16.550000190734867
decision_type=2 2 2 2 2 2 2 2 2 10 2 2 2 2 2 2 2 2 2 2 2 2 2 2 2 2 2 2 2 2
left_child=1 5 4 6 13 7 -3 -1 -4 10 11 -5 -6 25 -10 16 20 -18 19 -19 22 -20 -11 -17 -8 -2 -9 -21 -29 -25
right_child=2 3 8 9 12 -7 24 26 14 15 -12 -13 -14 -15 -16 23 17 18 21 27 -22 -23 -24 29 -26 -27 -28 28 -30 -31
leaf_value=0.00020910963416099546 -0.0001133836733060889 0.0001344833662733436 -0.00049255438847467298 -0.00031137644255068157 0.00018796647374983875 -0.00029724840074777607 -2.1764494013041226e-05 6.1344994464889154e-05 -0.00047040320700034497 7.8649846836924544e-05 -0.00037236275849863889 0.00022678571054711942 -0.00048808441206347201 -0.00035226063220761717 0.00018364344956353312 -0.00035772730945609515 0.0002052312507294119 -0.00021665261127054694 5.6858947500586498e-05 -0.00017763409647159279 -0.00016580817289650444 -0.00021552857710048555 -0.00084172843024134638 -0.00011739195091649886 7.7935289591550818e-05 -0.0013040157017530874 0.00011231790762394664 0.00027490023290738469 -3.483397653326389e-05 0.00014289141749031844
leaf_weight=127 2424 290 1877 50 186 56 459 1767 188 1112 145 42 53 203 102 52 143 551 277 164 109 57 51 67 1228 40 3106 46 143 296
leaf_count=127 2424 290 1877 50 186 56 459 1767 188 1112 145 42 53 203 102 52 143 551 277 164 109 57 51 67 1228 40 3106 46 143 296
internal_value=-8.59775e-05 0.00284871 -0.00606643 0.000804619 -0.00392292 0.00498418 0.00337633 0.00517 -0.00894093 -0.000733737 -0.00748945 0.00217391 0.00387029 -0.0046213 -0.00275862 -0.000211864 -0.000895213 -0.00313179 -0.00432149 -0.00613938 0.00153302 0.000598802 0.00242906 0.00415663 0.00229698 -0.00403815 0.00490971 -0.00177054 0.00277778 0.00599174
internal_weight=15411 10338 5073 5282 2906 5056 1977 5000 2167 3305 237 92 239 2667 290 3068 2653 1381 1238 904 1272 334 1163 415 1687 2464 4873 353 189 363
internal_count=15411 10338 5073 5282 2906 5056 1977 5000 2167 3305 237 92 239 2667 290 3068 2653 1381 1238 904 1272 334 1163 415 1687 2464 4873 353 189 363
is_linear=0
shrinkage=0.05


Tree=2
num_leaves=31
num_cat=0
split_feature=5 5 4 12 1 8 1 3 4 6 11 3 12 6 11 16 5 11 0 13 16 16 12 1 9 7 0 0 11 0
split_gain=96.957 18.2036 9.83858 6.92512 6.59426 6.18473 4.9665 4.83568 4.42711 4.40103 4.55121 4.24009 4.36541 3.96668 3.88912 3.47615 3.14609 3.16194 3.00537 3.21916 4.52647 4.18287 3.20155 2.92335 3.77498 2.86681 2.85224 3.33022 3.08018 2.81432
threshold=0.01801998998963434 0.012951366467331858 0.045427418102484955 -0.071455492513037885 -0.081928795581265909 -0.14940571111409176 0.069975762154168911 -0.004559460184922203 0.012754837953063576 0.80995555792360385 0.016276968490692715 0.00037019898512369315 0.043286843097797296 -0.60244046547362917 0.015047033906525955 0.0046154108852084494 0.010781690642152763 0.0084051608350934632 0.016859464429590413 15.905000209808351 0.0060571385698383615 -0.0058188290835091685 0.052412040834153968 0.074275568474045608 0.085114727730520104 0.030871417716757502 -0.002380314894424473 0.0049036437226163141 0.00066759209085187632 -0.0059503004308145138
decision_type=2 2 2 2 2 10 2 2 2 2 2 2 2 2 2 2 2 2 2 2 2 2 2 2 8 2 2 2 2 2
left_child=1 6 -2 4 -4 7 8 -3 -1 10 14 26 13 -13 18 -12 -15 -18 19 20 22 -21 25 24 -11 -7 28 -28 -10 -19
right_child=2 5 3 -5 -6 9 -8 -9 11 23 15 12 -14 16 -16 -17 17 29 -20 21 -22 -23 -24 -25 -26 -27 27 -29 -30 -31
leaf_value=0.00021321572310989726 -0.00014565047553332985 1.9116849725833199e-05 -0.00062999998813029374 -0.00050277610786724836 0.00052456239575985827 -1.5382551588118133e-05 -0.00028238598071038732 -0.00028313523536780853 8.7863235152326575e-05 -0.00011648369627073408 -9.4056559260934623e-05 0.00019541803118772801 4.8254861729219498e-05 0.0001616748173255473 -0.00018782095424830917 0.0001107848867832217 0.00011855323170311744 -0.00015714525117073208 -6.6056025796569842e-05 7.9100931528955723e-05 0.00011096312326844783 -4.582416405901312e-05 -0.00023501190030947333 -0.00024705632316181442 3.615097585134208e-05 0.00015775998862227423 0.00014828708497225307 4.5787736395141087e-05 -1.0252223524730588e-05 6.6353070840705162e-05
leaf_weight=189 2989 104 41 1718 61 379 54 170 588 343 77 482 377 521 92 950 582 49 357 907 492 971 43 98 461 170 612 570 725 290
leaf_count=189 2989 104 41 1718 61 379 54 170 588 343 77 482 377 521 92 950 582 49 357 907 492 971 43 98 461 170 612 570 725 290
internal_value=5.49735e-05 0.0027152 -0.00583801 -0.00873626 0.00392157 0.000757036 0.0048968 -0.00656934 0.00506018 0.00113296 0.00178008 0.00476439 0.00631247 0.00727651 0.000901495 0.00469815 0.00596394 0.00420738 0.00118259 0.00170493 0.00387454 0.000452609 0.000929054 -0.002051 -0.00105721 0.00195811 0.00333667 0.00511844 0.00173267 0.000368732
internal_weight=15462 10653 4809 1820 102 5614 5039 274 4985 5340 4438 4796 2301 1924 3411 1027 1442 921 3319 2962 1084 1878 592 902 804 549 2495 1182 1313 339
internal_count=15462 10653 4809 1820 102 5614 5039 274 4985 5340 4438 4796 2301 1924 3411 1027 1442 921 3319 2962 1084 1878 592 902 804 549 2495 1182 1313 339
is_linear=0
shrinkage=0.05


Tree=3
num_leaves=31
num_cat=0
split_feature=8 1 1 13 9 10 10 11 11 13 11 10 14 13 16 11 12 12 14 14 11 14 13 16 3 11 9 12 9 3
split_gain=24.0387 17.6492 13.6768 9.33934 7.12189 6.08058 7.12228 15.5496 10.6893 9.76571 14.3871 9.01693 8.22651 7.27341 7.02018 9.32957 6.27932 6.6337 5.65559 4.90709 4.70449 4.69156 4.59237 4.58707 4.39294 4.17501 5.22331 4.62833 4.10943 4.40374
threshold=0.13128702413317142 -0.064110959523769037 0.072273924366459977 15.905000209808351 -0.087887257671862604 0.0079479447870289838 -0.0012723073369418911 0.011376560633504786 0.015047033906525955 21.134999275207523 0.00053834779161687784 -0.0022949060823098106 -0.0078859681506743256 16.550000190734867 -0.0042578675809356583 0.010411796556971999 -0.0075921300584320664 0.058395912438342197 -0.073802250117532039 0.18137679246918895 -0.036898876616972491 0.01016731697942619 15.875000000000002 0.044609897103047975 0.0072078280999989816 0.018701809166106424 0.22325865332946729 0.055910575939094771 0.31492467263431684 -0.0011105284274998126
decision_type=8 2 2 2 8 2 2 2 2 2 2 2 2 2 2 2 2 2 2 2 2 2 2 2 2 2 8 2 10 2
left_child=1 -1 3 4 -3 6 8 9 11 10 -8 14 -12 -9 16 21 19 -18 -6 20 -5 -16 28 -2 -15 26 -7 -27 29 -20
right_child=23 2 -4 5 18 25 7 13 -10 -11 12 -13 -14 24 15 -17 17 -19 22 -21 -22 -23 -24 -25 -26 27 -28 -29 -30 -31
leaf_value=-0.00028968806650955223 -0.00016725678199727559 -6.1521839793931508e-05 -0.00023313625563750972 0.00030517402414698158 0.00020836820134427408 0.00010628214785247115 1.9401272200047973e-05 -0.00017585454427462532 -0.00021842336311674447 -0.00040447043858112008 -6.7981659513316082e-05 0.00022444596008863293 -0.0003524250867078081 0.00012318636049203635 8.0514555102854466e-05 0.00030830902500310906 0.00018599706508830419 -0.00024658298452668529 2.234011329419446e-05 -0.00084462799921675472 -8.2753299502653231e-07 -0.00014483590665731756 0.00029123002759515654 -0.00046249032727064328 -0.00024627947569751986 0.00029030737897119244 -0.00010882355915600778 -5.9958862111307057e-05 -0.00024536482875919314 9.5275412458431652e-05
leaf_weight=819 1798 466 573 87 289 625 804 185 201 242 318 315 342 760 110 84 622 68 1509 71 637 770 44 115 83 221 275 76 177 2660
leaf_count=819 1798 466 573 87 289 625 804 185 201 242 318 315 342 760 110 84 622 68 1509 71 637 770 44 115 83 221 275 76 177 2660
internal_value=-7.49381e-05 0.000671853 0.00113366 0.00149282 0.00310496 0.000290023 -0.000390419 -0.00223116 0.00130691 -0.00515826 -0.00362022 0.0021165 -0.00909091 0.00262646 0.00109228 -0.00223029 0.00324916 0.00673913 0.00369203 0.000220126 0.00145028 -0.00375 0.00324601 -0.00531887 0.00459668 0.00352966 0.00183333 0.00867003 0.00308329 0.0034001
internal_weight=15346 13433 12614 12041 5145 6896 5699 2734 2965 1706 1464 2764 660 1028 2449 964 1485 690 4679 795 724 880 4390 1913 843 1197 900 297 4346 4169
internal_count=15346 13433 12614 12041 5145 6896 5699 2734 2965 1706 1464 2764 660 1028 2449 964 1485 690 4679 795 724 880 4390 1913 843 1197 900 297 4346 4169
is_linear=0
shrinkage=0.05


Tree=4
num_leaves=31
num_cat=0
split_feature=5 5 5 13 14 14 8 5 13 15 15 14 13 15 15 16 14 9 13 13 16 13 14 14 16 3 8 2 15 16
split_gain=86.4112 11.4639 10.5781 6.0423 5.58604 6.16238 5.02441 4.6234 4.11678 3.75249 3.99786 3.49739 7.28147 3.48029 6.49708 4.66372 3.57413 3.45411 3.48934 3.99456 3.4894 3.29012 3.6297 3.3914 4.17307 3.48664 3.28152 3.58073 3.28085 2.96327
threshold=0.016458113445993374 0.023102979306769817 0.012951366467331858 24.385000228881839 -0.037374592254897913 -0.040011250304013861 -0.14940571111409176 0.0073631407528835244 20.154999732971195 -0.0033797478290387146 0.014930531201545085 -0.069744182185856193 19.440000534057621 0.0037370878875628848 0.00084471805981101167 -0.0020598030137217167 0.2082855213392413 0.28119577901358622 13.305000305175783 13.484999656677248 0.036887810956601881 19.329999923706058 -0.083456210331023115 -0.052338025823469685 0.016607004107004112 0.0029265353846412716 -0.062070719409902601 0.048774849240339042 -0.018490797347056439 0.043682557861026712
decision_type=2 2 2 2 2 2 10 2 2 2 2 2 2 2 2 2 2 8 2 2 2 2 2 2 2 2 10 2 2 2
left_child=2 11 7 -3 5 9 8 -1 -6 -4 -11 12 -2 14 16 -15 28 21 -19 -20 -21 22 -9 24 -24 -25 27 -13 -5 -22
right_child=1 3 4 13 6 -7 -8 17 -10 10 -12 26 -14 15 -16 -17 -18 18 19 20 29 -23 23 25 -26 -27 -28 -29 -30 -31
leaf_value=0.00023722239424845608 0.00022644837100917358 -0.00036910384981922104 -0.00015252614164695837 0.00063423648595577111 -0.00033722447314765306 0.00028306212144240815 2.0441992383130048e-05 0.00020082172422931758 -7.0982013654866035e-05 0.00011188982850771946 -5.5676080657758589e-05 -0.00016866740136251793 -0.00019181765451125102 -0.00099046280952499728 -0.0013075115316817391 0.00020465725978086087 -0.00080239659925591684 -0.00016230095380011342 0.00027125303480584993 6.1113897509221683e-05 -0.00043554723357952757 0.00017952203770835686 -8.4559907829643695e-05 8.0438450312212816e-05 0.00014337836854858322 0.00015624217241667784 -5.7908852115069832e-05 -0.00062442203353206419 -5.7261215034686793e-05 1.5104138494625563e-05
leaf_weight=61 241 2371 91 44 62 78 3201 195 73 804 219 610 150 70 40 116 45 63 65 1036 56 465 204 2047 85 667 1955 50 101 49
leaf_count=61 241 2371 91 44 62 78 3201 195 73 804 219 610 150 70 40 116 45 63 65 1036 56 465 204 2047 85 667 1955 50 101 49
internal_value=0.000244874 -0.00457017 0.00317456 -0.00688016 0.00142447 0.00436242 0.0003747 0.00476167 -0.00907407 0.00341113 0.00427664 -0.00242848 0.0019821 -0.00132212 -0.00543478 0.00376344 -0.00157895 0.00459246 0.00234437 0.00294362 0.00225679 0.00537128 0.00479987 0.00437063 -0.000778547 0.00491894 -0.00308795 -0.00613636 0.00224138 -0.00642857
internal_weight=15314 5793 9521 2787 4528 1192 3336 4993 135 1114 1023 3006 391 416 230 186 190 4932 1269 1206 1141 3663 3198 3003 289 2714 2615 660 145 105
internal_count=15314 5793 9521 2787 4528 1192 3336 4993 135 1114 1023 3006 391 416 230 186 190 4932 1269 1206 1141 3663 3198 3003 289 2714 2615 660 145 105
is_linear=0
shrinkage=0.05


Tree=5
num_leaves=31
num_cat=0
split_feature=5 5 5 11 10 4 10 6 3 12 16 10 12 16 15 12 11 11 11 12 8 15 9 11 6 11 12 11 10 15
split_gain=85.2112 12.1237 6.94732 6.36696 5.94809 4.75862 3.86647 3.82678 3.51489 5.04202 3.52339 3.51321 3.84243 3.71765 3.48806 4.35721 4.72209 3.45356 3.25956 3.24611 3.14183 3.0586 3.04986 3.84324 2.94116 2.90459 2.8474 2.81368 2.78656 3.07455
threshold=0.016109624708221974 0.0264183552874615 0.014874290334588742 0.016655619165508066 0.0083489150088474923 0.012754837953063576 -0.0014752860368782426 0.018139694319447734 -0.017580711151041203 -0.071455492513037885 0.036520666091114047 0.0070088316945141624 0.051085091732355654 -0.022028876109886793 0.013578383081203628 0.03864981957839065 0.0079258183849449954 -0.017686145420045315 0.019286735033012595 0.048519167358985434 -0.11398969768179505 -0.017736989897750185 0.26460286485330281 0.011612716185118279 -0.36256380292761686 0.020864606560196401 -0.0026365785957633832 0.010411796556971999 0.0027897371119552932 -0.0036594502892963172
decision_type=2 2 2 2 2 2 2 2 2 2 2 2 2 2 2 2 2 2 2 2 10 2 8 2 2 2 2 2 2 2
left_child=2 3 4 8 5 -1 -5 17 -2 24 -11 13 25 21 15 -6 -17 28 22 -8 -4 -3 -16 -24 -10 27 -15 -13 29 -7
right_child=1 11 20 6 14 7 19 -9 9 10 -12 12 -14 26 18 16 -18 -19 -20 -21 -22 -23 23 -25 -26 -27 -28 -29 -30 -31
leaf_value=0.00019038362782518973 -0.00054697597054034915 0.00023863138052418074 -0.00029672241163615216 -0.00016671203862567925 0.00023073493534415412 0.00013123386954400483 9.9199039969338599e-05 2.3155827089491609e-05 0.00038382680804136188 -0.00010277636633400285 -0.00067072549172980493 -6.4482284434171959e-05 -0.00054809098135670325 -0.00064676393762653237 0.00010402286099192859 -0.00018971063759338726 0.00018879888853110514 6.6287011497893211e-05 0.00016806744886140539 -9.8698517559038916e-05 1.3278046230564157e-05 -0.00030725338718143032 1.7188266876786656e-05 -0.00032003434053302091 -3.5162123124653485e-05 0.00013820370080664001 -0.00042909509846155195 -0.00077267262681322249 -5.7470401627149863e-05 0.00024507631696421876
leaf_weight=160 148 69 94 109 461 180 602 2522 52 2784 54 209 86 343 205 80 151 3627 114 192 1298 159 99 54 69 129 1143 66 53 153
leaf_count=160 148 69 94 109 461 180 602 2522 52 2784 54 209 86 343 205 80 151 3627 114 192 1298 159 99 54 69 129 1143 66 53 153
internal_value=-1.61655e-06 -0.00453009 0.00304021 -0.00289277 0.00361687 0.00304332 0.000802879 0.00283474 -0.00396685 -0.00359074 -0.00401691 -0.00750907 -0.00377551 -0.00857643 0.00691581 0.0091763 0.00357143 0.00379392 0.00360169 0.00201511 -0.000215517 -0.00263158 0.00125698 -0.00408497 0.00640496 -0.00173267 -0.00948856 -0.00463636 0.00829016 0.00998498
internal_weight=15465 6214 9251 4010 7859 6695 903 6535 3107 2959 2838 2204 490 1714 1164 692 231 4013 472 794 1392 228 358 153 121 404 1486 275 386 333
internal_count=15465 6214 9251 4010 7859 6695 903 6535 3107 2959 2838 2204 490 1714 1164 692 231 4013 472 794 1392 228 358 153 121 404 1486 275 386 333
is_linear=0
shrinkage=0.05


Tree=6
num_leaves=31
num_cat=0
split_feature=4 4 4 14 12 14 12 14 12 14 13 11 13 11 15 13 7 16 12 14 13 10 12 10 13 11 13 11 13 13
split_gain=72.4804 9.57676 7.31705 7.38605 6.40869 5.60406 5.52294 10.8978 7.28584 6.49551 5.43256 5.41716 5.13371 5.44611 4.73915 4.17368 4.16655 3.99295 3.77395 3.72358 4.91186 4.29709 3.652 5.05661 3.56183 4.35284 5.4 3.85552 4.24081 4.41184
threshold=0.027917336235188214 0.045427418102484955 0.018730129142291677 -0.037374592254897913 0.082959712719514869 -0.039477048520880569 -0.0067439083526363843 0.08366532037956588 -0.026063444497110119 0.15949463237792252 19.159999847412113 0.034492837663602567 19.440000534057621 0.016655619165508066 -0.0094917962189466337 18.595000267028812 -0.0017613387303797576 0.046549164153621099 -0.071455492513037885 -0.067583665573298909 18.904999732971195 -0.0012723073369418911 0.014742280025248468 0.0051414850057577297 15.784999847412111 0.016536757711404618 19.010000228881839 -0.0025925493959926822 21.134999275207523 18.675000190734867
decision_type=2 2 2 2 2 2 2 2 2 2 2 2 2 2 2 2 2 2 2 2 2 2 2 2 2 2 2 2 2 2
left_child=2 11 12 5 6 10 8 -8 9 -5 16 19 13 -1 -10 -6 -4 -13 -3 20 -2 -21 23 -15 -23 27 -27 28 29 -26
right_child=1 18 3 4 15 -7 7 -9 14 -11 -12 17 -14 22 -16 -17 -18 -19 -20 21 -22 24 -24 -25 25 26 -28 -29 -30 -31
leaf_value=5.6301886392582436e-05 0.00015381934942513268 7.4684426330261884e-05 0.00017422881767925025 6.4130953796419542e-05 -0.00021684857848170693 0.00024367435949202034 2.9097813777633451e-05 0.00021915115842611086 2.2261562793886912e-05 -0.00092680675691932254 -7.59738261758779e-05 0.00018016671194926389 0.00019051730218590157 -0.00015105971408147843 -0.00024762099415254077 8.0215725330421488e-05 7.6486923883487427e-05 -0.00025827522678153694 -0.00040792237753407482 -6.9622460935548416e-05 -0.00012816935857498502 -9.86111438348176e-05 0.00016847900882199725 0.00027149848854429352 -0.00036291054404891457 -0.00019651467808138722 0.00045944614658919799 -0.00039297897064623596 -0.00052958584148672455 7.1988362298573306e-05
leaf_weight=2268 281 102 477 561 136 124 3531 357 109 50 332 181 362 66 262 79 787 87 1700 1393 223 592 439 41 80 135 45 414 87 124
leaf_count=2268 281 102 477 561 136 124 3531 357 109 50 332 181 362 66 262 79 787 87 1700 1393 223 592 439 41 80 135 45 414 87 124
internal_value=0.000241491 -0.00439934 0.00277277 0.00184791 0.000889872 0.00468023 0.00126283 0.00210905 -0.00208758 0.00126841 0.00388471 -0.00292422 0.00475441 0.0040334 -0.00761456 -0.00755814 0.00537975 0.00391791 -0.00738069 -0.00346769 0.000496032 -0.00416376 0.00851648 0.000233645 -0.00604265 -0.00805085 -0.00111111 -0.0098227 -0.00541237 -0.00147059
internal_weight=15425 5444 9981 6805 5085 1720 4870 3888 982 611 1596 3642 3176 2814 371 215 1264 268 1802 3374 504 2870 546 107 1477 885 180 705 291 204
internal_count=15425 5444 9981 6805 5085 1720 4870 3888 982 611 1596 3642 3176 2814 371 215 1264 268 1802 3374 504 2870 546 107 1477 885 180 705 291 204
is_linear=0
shrinkage=0.05


Tree=7
num_leaves=31
num_cat=0
split_feature=5 5 5 14 11 11 15 8 12 1 9 11 11 2 12 14 0 15 9 1 12 14 14 15 10 14 14 10 10 12
split_gain=58.7484 11.1825 6.56989 6.1562 4.72286 4.13729 4.1212 4.01847 3.4528 3.33607 3.09811 4.79714 5.31642 3.15216 3.11585 3.06505 4.05267 2.93999 2.96964 2.92456 2.86561 9.64924 3.25457 4.47168 3.31297 3.23445 3.74457 2.84592 4.86809 4.74545
threshold=0.016109624708221974 0.0264183552874615 0.012951366467331858 -0.069744182185856193 -0.0093788372257559965 0.012589162192508276 -0.00083263886207207694 -0.032864968601961024 -0.075828254732232245 0.069975762154168911 -0.08027294197479333 -0.0046605807327330098 0.018630404972361795 -0.089928784668196635 -0.040334955259991249 -0.13532199000438486 0.016236714618643625 0.015179489830756345 0.15277487578615503 0.0093043233605308879 0.04031241424141075 0.0080830591469587282 -0.0030341669122401211 -0.00017850238851951913 -0.010705867226747377 -0.011729089558044635 -0.029024117731617279 -0.0012488148265489272 -0.0026636446937699505 1.0000000180025095e-35
decision_type=2 2 2 2 2 2 2 10 2 2 10 2 2 2 2 2 2 2 10 2 2 2 2 2 2 2 2 2 2 2
left_child=2 3 9 4 -2 15 7 -7 -3 10 13 14 27 -1 -12 -4 -17 18 -6 -9 22 -22 25 24 -24 26 -15 28 29 -13
right_child=1 8 5 -5 17 6 -8 19 -10 -11 11 12 -14 20 -16 16 -18 -19 -20 -21 21 -23 23 -25 -26 -27 -28 -29 -30 -31
leaf_value=0.00023361798691911673 -9.3095076303069063e-05 0.00044335002537502816 0.0001541503022223668 -9.0255236586007318e-05 0.00029462701476705606 -0.00017005173299410186 9.1436876958464651e-05 0.00021367155691635821 -0.00036005213414977519 -0.00023358263740876954 0.00033057061870454184 -0.00032173142338830387 0.00015486495405311613 9.7320402569746686e-05 0.0001331602149336302 1.4241135397793925e-05 -0.00011322820452280462 -5.2746214591104651e-05 -9.791625220166752e-07 -3.7041528434019097e-05 -4.4848674545882457e-05 0.0002359947155104951 -0.00011001440857035502 -0.00021856443769313044 6.7573623343427166e-05 0.00018707965934965012 -0.00010918682437882685 3.2504466428118391e-05 0.00015961797137171329 7.9237502934238676e-05
leaf_weight=54 145 57 87 3441 214 84 981 72 2139 52 42 40 572 329 798 2492 371 98 71 159 167 115 115 158 234 71 123 1509 191 443
leaf_count=54 145 57 87 3441 214 84 981 72 2139 52 42 40 572 329 798 2492 371 98 71 159 167 115 115 158 234 71 123 1509 191 443
internal_value=0.000200985 -0.0035807 0.00271898 -0.00199672 0.0030303 0.00127179 0.00362654 -0.00134921 -0.00644353 0.00394474 0.0040768 0.00484701 0.00383848 0.00204978 0.00815476 0.000237288 -4.36605e-05 0.00593995 0.00850877 0.00205628 0.0015625 0.00602837 0.000339806 -0.00251479 0.000644699 0.00310707 0.00154867 0.00271415 0.00541543 0.00274327
internal_weight=15424 6165 9259 3969 528 4246 1296 315 2196 5013 4961 3595 2755 1366 840 2950 2863 383 285 231 1312 282 1030 507 349 523 452 2183 674 483
internal_count=15424 6165 9259 3969 528 4246 1296 315 2196 5013 4961 3595 2755 1366 840 2950 2863 383 285 231 1312 282 1030 507 349 523 452 2183 674 483
is_linear=0
shrinkage=0.05


Tree=8
num_leaves=31
num_cat=0
split_feature=4 4 14 11 4 11 14 15 11 13 14 12 9 0 12 12 11 8 13 13 15 13 11 4 10 2 9 13 12 13
split_gain=53.5348 8.2099 6.57472 7.9395 6.07405 4.68012 3.91986 5.15251 6.75004 4.68959 4.05627 5.58253 4.04844 3.89763 3.5763 3.53983 4.13822 3.79342 3.74341 5.67086 4.16768 8.91023 3.78011 3.30844 3.25404 3.64382 3.38276 3.18791 3.10353 8.9797
threshold=0.029037742069305358 0.021066585019254878 -0.068623004427642229 -0.022024013564940267 0.058215467029756801 0.039736205730229186 -0.036136320679139293 0.015179489830756345 0.011915728697621366 17.914999961853031 -0.017413311949199203 0.040854121966551922 -0.036379151976925921 -0.0062914970339814072 0.0037861814309102519 -0.0013043729558080417 -0.0089648218446162203 -0.13220201157394226 25.19999980926514 27.855000495910648 -0.01114244142995968 22.429999351501468 0.011612716185118279 0.012754837953063576 0.0047289439423483523 -0.0073114532253347178 0.061698385794220052 22.429999351501468 -0.071455492513037885 43.015001296997077
decision_type=2 2 2 2 2 2 2 2 2 2 2 2 10 2 2 2 2 10 2 2 2 2 2 2 2 2 8 2 2 2
left_child=1 23 3 -2 28 24 7 8 9 13 11 -8 -11 -3 -15 18 -17 -18 20 -20 21 -12 -22 -1 -5 26 -26 -14 29 -4
right_child=2 6 4 5 -6 -7 10 -9 -10 12 15 -13 27 14 -16 16 17 -19 19 -21 22 -23 -24 -25 25 -27 -28 -29 -30 -31
leaf_value=0.0001553953763139875 -0.00060527044043005862 -0.00011037001421645328 0.00036216191245059447 -0.00041079137493622636 -0.00053716693313715202 0.00034900883862702686 -1.3570673495712834e-05 -8.9269336160757544e-05 0.00014798391523119654 9.1563320708492387e-05 0.00014414226079960323 -0.00019516599006337196 -0.00025032722734236992 0.00030893334278539621 0.00010001799791843247 0.00013449312912953295 -0.00029363628483026366 3.585546600183057e-05 0.00026696600696978005 -0.00050336648335137292 -0.00017162329755276439 -0.00048571319768053256 5.2366689500991898e-05 6.5478121454674116e-05 0.00023356310926868248 -7.8491204710802283e-05 -1.802958014940578e-05 9.2577152537126747e-05 -0.00018458414416601504 -0.00078594917065173686
leaf_weight=182 82 111 90 57 706 72 451 279 417 113 175 224 136 53 296 283 62 2060 105 56 407 49 78 4968 162 247 144 50 3325 40
leaf_count=182 82 111 90 57 706 72 451 279 417 113 175 224 136 53 296 283 62 2060 105 56 407 49 78 4968 162 247 144 50 3325 40
internal_value=0.000106589 0.00211511 -0.00419797 6.5445e-05 -0.00498077 0.00183284 0.000753932 0.00297251 0.00442177 0.00161397 -6.32911e-05 -0.00359259 -0.00326087 0.00478261 0.00737822 0.000664122 0.00165281 0.000895382 -0.00206897 0.00481366 -0.00363188 0.00200893 -0.00623711 0.00354369 0.000409836 0.00158228 0.00522876 -0.0077957 -0.00411722 0.00346154
internal_weight=15480 10555 4925 764 4161 682 5405 1455 1176 759 3950 675 299 460 349 3275 2405 2122 870 161 709 224 485 5150 610 553 306 186 3455 130
internal_count=15480 10555 4925 764 4161 682 5405 1455 1176 759 3950 675 299 460 349 3275 2405 2122 870 161 709 224 485 5150 610 553 306 186 3455 130
is_linear=0
shrinkage=0.05


Tree=9
num_leaves=31
num_cat=0
split_feature=5 5 8 5 4 6 14 15 10 10 16 11 12 11 13 14 14 14 0 11 14 11 16 11 11 5 14 0 6 7
split_gain=56.551 10.1254 5.78033 4.9035 4.72701 4.36492 3.61416 5.87419 4.00185 4.98603 5.50553 4.21297 3.80057 3.78083 3.59122 3.53204 5.02416 3.37525 3.33378 2.97219 2.9453 5.12045 4.23458 4.86584 3.20182 2.94412 2.844 2.82257 2.81817 2.79789
threshold=0.017918223241561532 0.014787890403989224 -0.14039918345342253 0.032510459359216412 0.012754837953063576 0.018139694319447734 -0.034719790282674072 -0.0033797478290387146 -0.0015877931982291591 -0.0028264434634956976 -0.00095214374271307401 0.0019507680783907857 0.029587850258833818 0.025879857572445378 16.260000228881839 -0.054330610723124943 -0.067583665573298909 -0.098691693357393515 -0.00037165512687931107 0.0074730260687776448 -0.067583665573298909 0.039736205730229186 0.046549164153621099 0.039736205730229186 -0.023324980459216712 0.014703630633691173 -0.086337752297859935 -0.036727903889129936 -0.21341824764395742 0.01631225967354211
decision_type=2 2 10 2 2 2 2 2 2 2 2 2 2 2 2 2 2 2 2 2 2 2 2 2 2 2 2 2 2 2
left_child=1 4 -3 20 -1 6 7 18 9 10 11 12 -8 29 26 16 17 -9 -6 -18 21 24 23 -22 -2 -7 -4 -5 -16 -10
right_child=3 2 14 27 5 25 8 15 13 -11 -12 -13 -14 -15 28 -17 19 -19 -20 -21 22 -23 -24 -25 -26 -27 -28 -29 -30 -31
leaf_value=0.00015085547901281596 -0.001789856423323067 -0.00029387149362337922 0.00018965175969610669 -0.00085735884812103826 -0.0001842811568206258 2.7626202954970232e-05 0.00012407565884341488 4.2118246423622629e-05 -1.8423005986157109e-05 0.00019456047533564919 -6.5163746148144167e-06 -0.00014055156222627513 0.00025070589056349978 0.00014547792859053092 1.5136080009164975e-05 0.00021428750888738838 8.5586993340786013e-05 0.00022028628229552906 7.0507805059992148e-05 -9.9295007743403091e-05 -0.00014263422787372362 0.00036654088798670175 -0.00045483871873450632 0.00020491730805174101 -1.3450731128375298e-05 0.00026313095173106661 5.4462509838097353e-05 -0.00036605617191289475 -8.6747855645521492e-05 5.316665475194175e-05
leaf_weight=182 40 187 51 182 51 2928 495 150 959 271 449 83 100 234 868 513 107 247 46 117 2842 51 121 82 471 49 985 1052 743 720
leaf_count=182 40 187 51 182 51 2928 495 150 959 271 449 83 100 234 868 513 107 247 46 117 2842 51 121 82 471 49 985 1052 743 720
internal_value=0.000305671 0.00236118 -0.000194072 -0.00416753 0.00330152 0.00310879 0.0040841 0.00639724 0.0032241 0.00525751 0.00379326 0.00663717 0.00810924 0.00173811 0.00040612 0.00740741 0.00487118 0.00824937 -0.00541237 -0.00111607 -0.00323676 8.8968e-05 -0.00385057 -0.00347127 -0.00141879 0.00162076 0.0027027 -0.00688817 -0.00107076 0.000908279
internal_weight=15376 10535 2834 4841 7701 7519 4542 1231 3311 1398 1127 678 595 1913 2647 1134 621 397 97 224 3607 562 3045 2924 511 2977 1036 1234 1611 1679
internal_count=15376 10535 2834 4841 7701 7519 4542 1231 3311 1398 1127 678 595 1913 2647 1134 621 397 97 224 3607 562 3045 2924 511 2977 1036 1234 1611 1679
is_linear=0
shrinkage=0.05


Tree=10
num_leaves=31
num_cat=0
split_feature=5 5 11 14 8 11 14 4 11 16 6 6 11 8 10 10 16 14 10 16 11 1 14 14 14 14 10 11 7 1
split_gain=53.9889 13.0136 4.99704 4.45377 5.11484 4.82162 4.3125 5.02058 4.4272 4.19419 4.21113 4.09106 4.03564 6.44998 4.37838 5.53664 3.91075 3.82617 5.01279 5.39089 4.79882 4.69527 3.72812 4.02766 3.3721 3.74462 3.43437 3.18422 3.14184 3.11682
threshold=0.014874290334588742 0.023102979306769817 0.034492837663602567 -0.069744182185856193 0.013763672151024144 -0.0093788372257559965 -0.068623004427642229 0.030230710206363039 0.039736205730229186 -0.029515099582312961 -0.37505189211127316 0.018139694319447734 -0.0038431021214298529 0.011570568538080696 0.0025856716208269019 -0.017312021268647334 0.029138477276080325 -0.034719790282674072 -0.0017418518587148377 0.021003418974626323 0.0021655828678432969 -0.023044631198776085 0.0071322940265206034 -0.010554721432184831 -0.04841526643133464 -0.067583665573298909 0.010927081535675788 -0.022024013564940267 -0.026892076013875551 0.00050975844124856462
decision_type=2 2 2 2 10 2 2 2 2 2 2 2 2 8 2 2 2 2 2 2 2 2 2 2 2 2 2 2 2 2
left_child=11 2 3 5 12 -2 8 -8 27 10 -9 17 14 -14 15 -5 -6 24 19 22 -20 -22 23 -19 25 26 -1 -3 -23 -27
right_child=1 6 -4 4 16 -7 7 9 -10 -11 -12 -13 13 -15 -16 -17 -18 18 20 -21 21 28 -24 -25 -26 29 -28 -29 -30 -31
leaf_value=0.00023586902346857147 -9.8288683116105462e-05 -0.0018942917653647128 0.000118064390589842 -0.00065719985798645274 8.1439150116729808e-06 0.0001334721624687262 0.00018361787253772305 0.00036157305069737015 0.00030959856366908332 -0.00038749609561752776 -0.00040777384687931895 2.8684674735040869e-05 -0.00011434024968680536 -0.00047476953545115856 -0.00026136980391282884 4.5101401445773061e-05 -0.00020778840061330304 5.7869627870660741e-06 -5.0898882860612402e-05 -5.0940227738440753e-05 -0.00010313887116326125 -0.00017178243641114744 8.5159974148427657e-05 0.00027993570805065021 0.00018461421915759099 -5.7449567246926214e-05 5.3131468874948385e-05 -3.9938188605180908e-05 7.5791387168850331e-05 9.9295352803561136e-05
leaf_weight=253 153 40 291 103 1675 358 73 85 55 2114 121 3112 1076 142 118 586 179 64 535 144 161 53 1026 199 461 198 166 338 1289 212
leaf_count=253 153 40 291 103 1675 358 73 85 55 2114 121 3112 1076 142 118 586 179 64 535 144 161 53 1026 199 461 198 166 338 1289 212
internal_value=0.000139792 -0.00289397 -0.00127644 -0.00169704 -0.00227507 0.0026908 -0.00557325 -0.0064041 -0.000981524 -0.00681034 0 0.00303252 -0.00401235 -0.00582923 -0.00127014 0.000253991 -0.000377562 0.003954 0.00308989 0.0053559 0.00149657 0.00294411 0.00638092 0.011692 0.00627907 0.00437274 0.0076969 -0.00291005 0.00391207 0.00097561
internal_weight=15380 7507 4681 4390 3879 511 2826 2393 433 2320 206 7873 2025 1218 807 689 1854 4761 3471 1433 2038 1503 1289 263 1290 829 419 378 1342 410
internal_count=15380 7507 4681 4390 3879 511 2826 2393 433 2320 206 7873 2025 1218 807 689 1854 4761 3471 1433 2038 1503 1289 263 1290 829 419 378 1342 410
is_linear=0
shrinkage=0.05


Tree=11
num_leaves=31
num_cat=0
split_feature=5 5 4 4 6 10 11 10 10 9 15 15 15 9 0 6 10 15 12 4 0 15 12 12 12 15 6 8 11 16
split_gain=40.1985 7.8213 7.68467 5.42056 4.36437 4.0387 4.60337 5.68156 4.0554 3.67089 3.62831 3.80627 5.23824 4.67435 3.59409 3.5719 3.94251 3.52124 3.39826 5.71428 3.14304 3.88398 3.08546 3.05211 2.99314 2.84696 2.61265 2.60574 2.46535 4.52118
threshold=0.01801998998963434 0.014525752194747435 0.059352029005692634 0.012754837953063576 -0.38271062582577292 0.0091384979590398725 0.018701809166106424 0.013014637430332267 0.018049187231064859 0.15277487578615503 0.015589516254144177 0.0072476363859168566 0.0080925860911369458 0.14212566476861813 -0.00081614389696227352 0.018139694319447734 0.0066086394890820807 -0.010006436847375231 -0.071455492513037885 0.039839029072263887 -0.0070865555337475397 0.015179489830756345 0.036367400573910087 -0.023732620371274545 0.076145599776237818 -0.022269163376371633 -0.2196403028923922 0.019767251936332556 0.034492837663602567 0.052240919921549452
decision_type=2 2 2 2 2 2 2 2 2 10 2 2 2 8 2 2 2 2 2 2 2 2 2 2 2 2 2 10 2 2
left_child=1 3 18 -1 14 10 7 20 -9 -8 11 15 13 -13 17 16 24 -3 19 -2 -7 -22 23 -14 -5 -6 -4 -23 -20 -30
right_child=2 4 26 5 25 6 9 8 -10 -11 -12 12 22 -15 -16 -17 -18 -19 28 -21 21 27 -24 -25 -26 -27 -28 -29 29 -31
leaf_value=0.00014414351363312763 -0.00040500453805358594 0.00013188475615925863 -0.00029938642701282333 7.625316966669354e-05 -0.00077095998340937682 -9.1770881128096671e-05 0.00023313019449864447 -0.00014762856158749725 0.00012145046567817995 -9.0536801748205371e-05 0.00020870046547937114 6.8219171578474185e-05 0.00011182032429091472 -0.00030015380811952415 7.6486822110505634e-05 1.3715871482105616e-05 -5.5801264284184065e-05 -6.2411888602821597e-05 -0.00013166479386521952 0.00038951186688889329 0.00020334726409025245 0.00010379881896325642 9.9149963540596739e-05 -5.0505987456370359e-05 -0.00012346553240670258 -3.2753311093228817e-05 -0.00072924986658853342 -0.00016455336200711155 0.0001147486900772759 -0.00051092998988954764
leaf_weight=190 51 133 432 2983 46 49 222 126 60 42 140 47 89 91 751 2016 147 570 3576 86 285 68 187 450 70 1779 365 51 249 56
leaf_count=190 51 133 432 2983 46 49 222 126 60 42 140 47 89 91 751 2016 147 570 3576 86 285 68 187 450 70 1779 365 51 249 56
internal_value=8.59999e-05 0.00180797 -0.00370197 0.00271776 -0.000221104 0.00249544 0.00562016 0.00332551 -0.00403226 0.0111742 0.0020418 0.00185855 -0.00121528 -0.0101449 0.00182256 0.00236771 0.00340625 -0.000746799 -0.00281234 0.00492701 0.00634658 0.00779703 0.000482094 -0.00143785 0.00379135 -0.00184932 -0.00818695 0.000210084 -0.00308554 0.00122951
internal_weight=15407 10592 4815 7313 3279 7123 903 639 186 264 6220 6080 864 138 1454 5216 3200 703 4018 137 453 404 726 539 3053 1825 797 119 3881 305
internal_count=15407 10592 4815 7313 3279 7123 903 639 186 264 6220 6080 864 138 1454 5216 3200 703 4018 137 453 404 726 539 3053 1825 797 119 3881 305
is_linear=0
shrinkage=0.05


Tree=12
num_leaves=31
num_cat=0
split_feature=5 5 6 3 11 16 8 1 11 0 15 3 11 13 13 15 8 4 8 11 9 16 0 10 13 11 4 5 2 4
split_gain=40.3189 9.37218 4.85847 6.78832 4.00533 4.61962 3.59072 3.80869 4.09302 3.16596 3.95241 2.93945 3.71024 5.24007 4.16455 4.04876 4.55029 3.45455 3.21595 3.11268 3.36624 2.8868 2.87597 2.57943 3.37651 3.02596 3.0281 2.50401 2.44887 2.56293
threshold=0.015885777548742073 0.0264183552874615 0.018139694319447734 0.0029265353846412716 0.039736205730229186 0.046549164153621099 0.17361952176479437 0.051169481593152162 0.023520134037107735 -0.073670833239381325 -0.016558923548547041 -0.0021894814804901404 -0.0020702718690436823 20.610000610351566 22.330000877380375 0.0082741197875687584 -0.014372285148276985 0.016122924195573981 0.096894970584923371 0.024666746445051627 -0.08027294197479333 -0.028422736345097007 -0.012845127392833942 0.0070088316945141624 24.119999885559086 0.044869080911541633 0.079408233858903596 0.0077949010073036741 -0.060457317972777473 0.018341366328973832
decision_type=2 2 2 2 2 2 8 2 2 2 2 2 2 2 2 2 10 2 10 2 10 2 2 2 2 2 2 2 2 2
left_child=2 4 3 11 -2 -6 7 8 27 -3 21 12 14 15 -1 16 -14 -18 22 28 -21 -11 -19 25 -25 26 -12 -4 -13 -30
right_child=1 9 6 -5 5 -7 -8 -9 -10 10 23 19 13 -15 -16 -17 17 18 -20 20 -22 -23 -24 24 -26 -27 -28 -29 29 -31
leaf_value=9.5639459683555079e-05 -4.8506082338439695e-05 -0.0014023797755175283 0.00013144142412923891 0.00013405892993180433 0.00023109530225685332 -0.00017164795543542111 -0.00016680818579458434 -8.8080938514200366e-05 0.00017857679028734035 0.0004208534869610186 -0.00029973056436616204 0.00014310382922490578 -0.00013742776763061331 0.00024500301532542364 -0.0001692836362785419 9.2575294174543409e-05 9.6225287374579395e-05 0.00010126003027989837 7.1626846814809404e-05 3.4250566601108041e-06 0.00016434589088953444 -0.00014184489913605797 -0.00013595290379923272 -0.00016761727560857229 0.00021335047097449742 -0.00076809058097894391 -0.0010312071909400072 1.8195527704436329e-05 8.0019466917686475e-05 1.2500974813452931e-05
leaf_weight=529 4001 75 56 1464 127 87 130 330 270 50 1337 184 208 40 68 114 81 65 95 82 180 48 353 351 107 57 137 2702 807 1204
leaf_count=529 4001 75 56 1464 127 87 130 330 270 50 1337 184 208 40 68 114 81 65 95 82 180 48 353 351 107 57 137 2702 807 1204
internal_value=0.000141795 -0.00289713 0.00230417 0.00323347 -0.00152432 0.00514019 0.000845757 0.00116141 0.00171731 -0.00557354 -0.00521083 0.00216958 0.000466838 -0.00146444 0.00355946 -0.00223799 -0.00349127 -0.00126263 -0.00277778 0.00324583 0.00839695 0.00459184 -0.00466507 -0.00569382 -0.00240175 -0.00667864 -0.00624152 0.00114213 0.00263098 0.00212581
internal_weight=15339 6377 8962 5474 4215 214 3488 3358 3028 2162 2087 4010 1553 956 597 916 802 594 513 2457 262 98 418 1989 458 1531 1474 2758 2195 2011
internal_count=15339 6377 8962 5474 4215 214 3488 3358 3028 2162 2087 4010 1553 956 597 916 802 594 513 2457 262 98 418 1989 458 1531 1474 2758 2195 2011
is_linear=0
shrinkage=0.05


Tree=13
num_leaves=31
num_cat=0
split_feature=5 8 4 15 5 13 13 14 12 14 13 14 12 16 14 14 14 1 15 6 0 12 12 0 6 14 7 3 12 16
split_gain=38.4446 7.24549 6.17136 5.61484 5.33706 5.16935 5.09599 4.93593 4.67539 4.1495 9.53725 4.33971 4.90724 4.40891 5.62482 6.19076 5.55735 4.61599 4.47219 4.0906 4.08475 4.04794 3.93247 5.20814 4.17042 3.91371 3.81156 3.79167 4.62361 3.26318
threshold=0.01801998998963434 -0.15921953265760999 0.048092889387895417 -0.035094807275896693 0.010877375108804677 19.23499965667725 20.714999198913578 0.074532352734606358 -0.027486536479514653 -0.069744182185856193 19.010000228881839 0.08366532037956588 0.032488818587014141 0.0060571385698383615 0.017639326626862298 -0.053534792570075034 0.020125848996620292 0.069975762154168911 -0.0021858827760337092 1.8601648996619291 -0.012845127392833942 0.026970088301631837 0.053746463317020383 -0.0038692283376491883 -0.90749904046300844 -0.033482886717690945 -0.019471873539955994 -0.0047480026459238425 -0.011339314302442725 0.00069062883622061932
decision_type=2 10 2 2 2 2 2 2 2 2 2 2 2 2 2 2 2 2 2 2 2 2 2 2 2 2 2 2 2 2
left_child=1 27 -2 -3 5 7 -7 8 -5 10 19 13 20 18 15 -15 -16 25 29 -6 -13 -9 24 -24 -20 -17 -27 28 -1 -11
right_child=2 3 -4 4 9 6 -8 21 -10 11 -12 12 -14 14 16 17 -18 -19 22 -21 -22 -23 23 -25 -26 26 -28 -29 -30 -31
leaf_value=0.00021717277140477091 -8.4855974494841253e-05 -0.00065514174832980018 -0.00033878473645369091 0.00018733343421640706 0.00016965448825258136 0.00025646614950286479 6.7644829166006246e-05 -0.00024455826574866995 6.9962346069509751e-05 4.8350117460036275e-05 -8.0767198105856624e-05 0.00011796282994414633 0.00023572148091338159 -9.0366643143931661e-05 -0.00032846678836194519 0.00013667385892947027 -8.6741557963811861e-06 -0.00012312870110283062 7.026783384083443e-05 -8.802163940014236e-05 -1.030898559807713e-05 0.00016924339967189366 2.9205115130250374e-05 -0.00031771508735405182 -6.5813844072471628e-05 -5.4601923544404798e-05 7.7386303088207005e-05 -0.00023025550276253244 -0.00015460380847803388 -7.2346050029570915e-05
leaf_weight=43 3188 41 1579 72 593 122 127 93 1523 1292 235 279 124 290 68 513 697 133 182 72 423 42 70 115 1270 205 1426 201 74 266
leaf_count=43 3188 41 1579 72 593 122 127 93 1523 1292 235 279 124 290 68 513 697 133 182 72 423 42 70 115 1270 205 1426 201 74 266
internal_value=9.44133e-05 0.00177273 -0.00363436 0.00200282 0.00207682 0.00440879 0.0111446 0.00343931 0.0042163 0.00151763 0.00472222 0.00112539 0.00453995 0.000693274 0.00196579 0.00308726 -0.00179739 0.00396355 -0.000633803 0.00778195 0.00292023 -0.00574074 -0.00245877 -0.00932432 -0.00158402 0.00452425 0.00332618 -0.00566038 0.00149573 0.0012837
internal_weight=15358 10591 4767 10273 10232 1979 249 1730 1595 8253 900 7353 826 6527 3332 2567 765 2277 3195 665 702 135 1637 185 1452 2144 1631 318 117 1558
internal_count=15358 10591 4767 10273 10232 1979 249 1730 1595 8253 900 7353 826 6527 3332 2567 765 2277 3195 665 702 135 1637 185 1452 2144 1631 318 117 1558
is_linear=0
shrinkage=0.05


Tree=14
num_leaves=31
num_cat=0
split_feature=5 14 16 5 14 13 4 13 8 6 1 11 3 13 11 12 14 5 13 7 11 13 12 13 12 11 5 6 16 6
split_gain=30.5507 5.58453 5.96883 5.58357 5.60557 7.68349 5.46132 5.26699 4.84644 4.42385 4.1233 3.36788 3.33514 3.51335 4.56125 4.85067 3.4935 3.31391 3.77871 3.18615 3.68122 3.83424 3.16395 3.7142 3.56571 4.00377 3.24401 3.14788 3.13268 2.94626
threshold=0.01801998998963434 -0.068623004427642229 0.046549164153621099 0.010877375108804677 -0.069744182185856193 19.010000228881839 0.055034239073292489 18.105000495910648 -0.14940571111409176 0.04789614713198178 0.051169481593152162 0.034492837663602567 0.0025941742890309709 20.375000000000004 0.0070762605113673391 -0.0067439083526363843 -0.055909224672121997 0.014571215895093066 19.329999923706058 0.024577404586173971 -0.020756034341227022 17.204999923706058 -0.018483579206587993 30.345000267028812 -0.039191737143437648 1.0000000180025095e-35 0.020127120629193848 0.087968334739671569 -0.034723190914533679 -0.23460547312031652
decision_type=2 2 2 2 2 2 2 2 10 2 2 2 2 2 2 2 2 2 2 2 2 2 2 2 2 2 2 2 2 2
left_child=3 7 6 -1 5 10 11 -2 17 12 -5 -3 13 19 15 28 -14 -6 -19 20 -10 -22 23 24 25 -9 -24 -11 -15 -8
right_child=1 2 -4 4 8 -7 29 22 9 27 -12 -13 16 14 -16 -17 -18 18 -20 -21 21 -23 26 -25 -26 -27 -28 -29 -30 -31
leaf_value=7.9511464784317849e-05 0.00020212210541087369 -0.00011246438565129611 -0.00048205259918825182 0.00015412214675741845 8.3816989776169463e-06 -7.2529462887214761e-05 -0.00019056113901061729 1.6400348843342503e-05 0.00013271708161063161 -0.00015279518828618659 -0.00012787809884421227 0.00012276735348282336 -0.00015622030371322885 0.00027491244079501213 0.00021697733391032675 0.00022592253157234998 9.0884504719853821e-05 -0.0005951214517021994 -6.2542168610199911e-05 4.6514875545437301e-05 9.1426726119871182e-07 -9.7728383623105731e-05 9.3648136355906298e-05 0.00047380283816063335 0.00022764555475716041 -0.0008267238018326205 -0.00044267640878926706 -8.5878826785615841e-06 -0.00018208412040744451 -0.00061788914345540255
leaf_weight=2020 293 2932 147 625 105 244 437 66 110 122 62 134 90 43 107 107 1214 57 117 1033 1456 491 44 56 56 50 149 2494 132 418
leaf_count=2020 293 2932 147 625 105 244 437 66 110 122 62 134 90 43 107 107 1214 57 117 1033 1456 491 44 56 56 50 149 2494 132 418
internal_value=0.000150866 -0.00316813 -0.00388397 0.00164409 0.00108898 0.00475295 -0.00351313 0.000910364 0.000644699 0.000888634 0.00745997 -0.00252772 0.00179281 0.000984478 0.00546272 0.00212766 0.00394939 -0.00582437 -0.0100575 0.000420712 -0.000717064 -0.00121983 -0.00267221 0.00131579 -0.00232558 -0.00732759 -0.00738342 -0.000764526 -0.003 -0.00704678
internal_weight=15411 4782 4068 10629 8609 931 3921 714 7678 7399 687 3066 4783 3479 389 282 1304 279 174 3090 2057 1947 421 228 172 116 193 2616 175 855
internal_count=15411 4782 4068 10629 8609 931 3921 714 7678 7399 687 3066 4783 3479 389 282 1304 279 174 3090 2057 1947 421 228 172 116 193 2616 175 855
is_linear=0
shrinkage=0.05


Tree=15
num_leaves=31
num_cat=0
split_feature=4 5 14 11 12 15 9 15 15 13 15 10 13 10 16 3 14 16 11 14 13 11 14 10 12 3 12 11 16 10
split_gain=30.3567 5.92357 5.49411 5.98134 4.08803 3.60093 4.69322 4.20283 3.88682 5.0625 3.59062 4.28621 6.72048 7.03349 3.84985 7.40519 3.62262 3.259 4.69785 3.88948 3.17946 3.62234 3.97887 4.9792 3.81415 3.16784 3.15702 7.09941 4.9705 5.32397
threshold=0.030064681152661355 0.012951366467331858 -0.037374592254897913 -0.011693730673341061 0.11925831623489137 0.015179489830756345 0.32777508749913359 -0.0022233651557851948 0.016209315514781223 19.105000495910648 0.026472406343890035 0.0090874919991018616 25.960000038146976 0.010706297735196714 -0.030551559905431621 -0.02089762679155199 -0.043806838804765429 0.047342817138807732 0.02968672413069751 0.012431899030548645 19.625000000000004 0.023520134037107735 -0.051673805703282331 0.0020115894720359466 -0.035060441068603003 -0.0016291289557783248 -0.0067439083526363843 -0.010150131634666435 0.02276216208716875 -0.0012723073369418911
decision_type=2 2 2 2 2 2 10 2 2 2 2 2 2 2 2 2 2 2 2 2 2 2 2 2 2 2 2 2 2 2
left_child=1 20 3 -3 26 6 7 -5 -7 -10 11 14 13 -13 15 -2 -17 18 -16 -19 21 24 -23 25 -1 -24 28 -28 29 -4
right_child=10 2 4 5 -6 8 -8 -9 9 -11 -12 12 -14 -15 17 16 -18 19 -20 -21 -22 22 23 -25 -26 -27 27 -29 -30 -31
leaf_value=0.00015045935340215582 -0.00082940656237366617 -0.00011676851187739914 -6.3620055976250196e-05 -3.6641922789095852e-05 -0.00017507160709037407 -0.00012370537817059843 -0.0001310058199607436 0.00013177271836935239 0.00015225107490149321 -0.00030691192499320897 -0.00095588485386969917 0.00019312404380879167 0.00026673619541809187 -0.00014842966340809975 -0.00020876421701943786 -0.00048262680408454433 0.00023383311009347705 -0.00067312415835173959 6.211826772078016e-05 -0.00011489967756609741 0.00012576268313877281 -0.00011985501152447569 -0.0003170078129781535 0.00021205411176684108 2.5961952412755993e-05 0.0001243288568123997 0.00012962478588401808 -8.1961709220746987e-06 0.00016524649927627413 -0.00033666511906109301
leaf_weight=188 63 215 588 133 52 69 51 895 144 48 49 213 107 369 3061 42 267 59 239 49 564 65 46 251 3814 105 345 3066 115 191
leaf_count=188 63 215 588 133 52 69 51 895 144 48 49 213 107 369 3061 42 267 59 239 49 564 65 46 251 3814 105 345 3066 115 191
internal_value=7.27543e-05 0.00149612 0.000422869 0.00297428 -0.000487721 0.00421642 0.0054912 0.00622568 -0.00105364 0.00260417 -0.00337539 -0.00322779 0.000399129 -0.00171821 -0.00388889 0.00094086 0.00412621 -0.00441608 -0.00413636 -0.012963 0.00275681 0.00231036 0.00647752 0.00833333 0.00182409 0.00115894 -0.000319396 0.000373791 -0.00296421 -0.00439666
internal_weight=15463 10945 5912 1555 4357 1340 1079 1028 261 192 4518 4469 689 582 3780 372 309 3408 3300 108 5033 4469 467 402 4002 151 4305 3411 894 779
internal_count=15463 10945 5912 1555 4357 1340 1079 1028 261 192 4518 4469 689 582 3780 372 309 3408 3300 108 5033 4469 467 402 4002 151 4305 3411 894 779
is_linear=0
shrinkage=0.05


Tree=16
num_leaves=31
num_cat=0
split_feature=4 13 12 4 4 13 12 14 11 15 8 12 0 10 15 13 11 11 2 11 13 12 10 10 12 12 11 10 13 13
split_gain=28.0368 5.31809 7.09502 5.69571 3.90595 3.98676 4.36457 3.6939 5.83449 3.57726 3.49507 3.86102 3.21734 3.75533 3.98997 5.41635 5.3078 3.19223 3.44615 3.33735 5.84986 3.11592 3.06076 3.04107 2.99906 2.84091 2.71488 2.70509 2.68973 4.23252
threshold=0.028012372284667981 43.015001296997077 -0.080083523859072289 0.03815836527972756 0.018020386540576982 19.625000000000004 0.066100470646601531 -0.068623004427642229 0.0038135025222709733 0.011875677230032468 0.071333729459890152 0.03864981957839065 0.032784254482877036 0.0083489150088474923 0.011875677230032468 20.980000495910648 0.00301412428072434 0.019286735033012595 0.097654298358598304 0.0023966928807116488 15.784999847412111 0.025094394282717428 0.0056894670229157293 0.0065693158084053635 -0.018483579206587993 0.0066896649330910893 0.019077343251583171 0.018049187231064859 21.914999961853031 25.19999980926514
decision_type=2 2 2 2 2 2 2 2 2 2 8 2 2 2 2 2 2 2 2 2 2 2 2 2 2 2 2 2 2 2
left_child=4 2 -2 17 5 6 26 8 22 -10 11 -7 13 -6 16 27 21 19 23 28 -21 -15 -5 -19 -24 -26 -1 -16 -4 -30
right_child=1 -3 3 7 12 10 -8 -9 9 -11 -12 -13 -14 14 15 -17 -18 18 -20 20 -22 -23 24 -25 25 -27 -28 -29 29 -31
leaf_value=2.8830870603301497e-05 0.00043262860230752022 -0.00075076700652727466 2.2848041690708014e-05 -0.00090765353719447252 1.4885968800723051e-05 0.00022235132596789254 0.00016552281343539771 -0.00029864244543441142 0.00032911276522813851 -8.2649842619775442e-05 -3.1837050179587496e-05 -2.607302280861286e-05 -0.0001450835485083536 0.00013348557836407419 2.3106905009813786e-05 -0.00032915290135534375 0.00016979691142918456 4.8445813330107e-05 -7.5937210189461378e-05 2.1819426197428311e-05 -0.00016861500610090355 -0.00022223305280292947 0.00014236987086842058 0.00020873728538114866 -0.00073495549980538883 1.6018884009392575e-05 0.00012124699428850503 0.00016408609951120077 -0.00023874530333327728 6.0752852901780828e-05
leaf_weight=1946 86 50 884 43 6123 183 79 2248 128 82 50 48 186 129 437 69 305 207 119 356 552 63 60 148 55 44 339 78 176 133
leaf_count=1946 86 50 884 43 6123 183 79 2248 128 82 50 48 186 129 437 69 305 207 119 356 552 63 60 148 55 44 339 78 176 133
internal_value=0.000146047 -0.0027695 -0.00261699 -0.002851 0.00170653 0.00335539 0.00268613 -0.00447368 -0.000121359 0.00571429 0.00898577 0.0115801 0.00111637 0.00128401 0.00400093 0.00119863 0.00729376 -0.00117476 0.00253165 -0.00201095 -0.00429515 0.00078125 -0.00618812 0.005 -0.00298742 -0.00833333 0.00228665 0.00296117 -0.000272422 -0.00428803
internal_weight=15406 5371 5321 5235 10035 2645 2364 2660 412 210 281 231 7390 7204 1081 584 497 2575 474 2101 908 192 202 355 159 99 2285 515 1193 309
internal_count=15406 5371 5321 5235 10035 2645 2364 2660 412 210 281 231 7390 7204 1081 584 497 2575 474 2101 908 192 202 355 159 99 2285 515 1193 309
is_linear=0
shrinkage=0.05


Tree=17
num_leaves=31
num_cat=0
split_feature=5 6 12 5 11 7 6 8 5 14 9 10 10 10 14 11 10 10 8 11 16 11 8 15 11 7 12 11 9 16
split_gain=27.6252 5.56623 6.53007 6.37259 4.47603 4.86175 4.38096 3.96046 3.21367 3.02437 3.02033 4.84176 2.83375 9.74125 8.56489 6.98997 4.75874 4.87851 4.26236 4.15136 4.91002 5.33474 3.79479 3.68748 4.01624 3.67258 3.55685 3.41789 3.32557 3.30269
threshold=0.014917145529059322 -0.43842993916350231 -0.080083523859072289 0.040648719032955999 0.023520134037107735 0.070144852273457695 -0.91869332501620693 -0.17220954717422107 0.02179422650801199 0.14158374350827677 0.28677395296679081 0.010626560659037223 -0.0017418518587148377 -0.0022949060823098106 -0.034719790282674072 0.014627059991814352 0.0024569691854735569 0.0053216692670692298 0.059900894753205931 0.010411796556971999 -0.00095214374271307401 -0.0077637564731665712 0.0048190758933615028 0.0034565042590316568 -0.01567982752768082 0.050160150062824045 -0.00052819005217041848 0.0039900185152637055 0.25378612569565701 0.03608843541209706
decision_type=2 2 2 2 2 2 2 10 2 2 8 2 2 2 2 2 2 2 10 2 2 2 10 2 2 2 2 2 8 2
left_child=4 2 -2 7 12 10 8 -3 -4 -9 -6 -12 13 15 16 19 27 18 -18 20 25 -22 -16 -19 -25 -1 -26 -14 -15 -23
right_child=1 3 6 -5 5 -7 -8 9 -10 -11 11 -13 14 28 22 -17 17 23 -20 -21 21 29 -24 24 26 -27 -28 -29 -30 -31
leaf_value=9.0676434172730453e-05 0.00062186210631782048 -0.00026381186230639401 -1.0912251488223116e-05 -0.00064554701789064069 0.00015698328469552957 -0.00015321225408120492 1.4141670360686907e-05 -5.1079175001369878e-05 -0.00029433937085660266 -0.00032887609545801093 -5.4624298026170119e-05 0.00021483117217704594 0.0002356622257833548 0.00024376735190968597 -6.3738374665703592e-05 -0.00023790068320559158 -0.00012006266193055772 0.0002198121219779103 0.00010410927338988293 0.00019837360992966003 -0.00022441341154034981 3.029524684330853e-05 1.1716777329075527e-05 -0.00012805832433838223 0.00012573309894322343 -0.0001000108467723947 3.8493386415152648e-05 7.6336506431419921e-05 2.3529855167723894e-05 -0.00034117944387161638
leaf_weight=1283 49 268 534 301 566 59 2091 3709 356 186 162 51 149 194 938 89 191 175 78 143 134 571 1740 90 247 70 744 152 62 46
leaf_count=1283 49 268 534 301 566 59 2091 3709 356 186 162 51 149 194 938 89 191 175 78 143 134 571 1740 90 247 70 744 152 62 46
internal_value=0.000275473 -0.00190152 -0.000247525 -0.00302419 0.00233174 0.00578759 -0.000545119 -0.00251621 -0.00348315 -0.00211168 0.00683569 0.00176056 0.00192362 0.00324074 0.00116563 0.00222603 0.00380613 0.00267213 -0.00343866 0.00277036 0.00221008 -0.00103196 -0.000634802 0.00398089 0.00289084 0.00400961 0.00380928 0.0095515 0.0125 0.000931929
internal_weight=15428 7494 3030 4464 7934 838 2981 4163 890 3895 779 213 7096 2592 4504 2336 1826 1525 269 2247 2104 751 2678 1256 1081 1353 991 301 256 617
internal_count=15428 7494 3030 4464 7934 838 2981 4163 890 3895 779 213 7096 2592 4504 2336 1826 1525 269 2247 2104 751 2678 1256 1081 1353 991 301 256 617
is_linear=0
shrinkage=0.05


Tree=18
num_leaves=31
num_cat=0
split_feature=4 15 8 11 10 12 4 13 12 14 14 1 3 11 15 12 1 0 13 10 12 10 12 8 9 6 6 14 14 8
split_gain=22.1834 5.51661 5.05404 4.02981 6.5384 4.77504 4.36546 4.12937 4.0552 3.9434 3.60693 3.39207 3.66424 3.24766 3.11726 3.63032 3.05039 3.09156 2.97895 6.32941 5.50714 4.11539 2.97503 2.95126 3.17377 2.74564 2.66381 3.4275 5.192 2.69228
threshold=0.034750496629624032 -0.035094807275896693 0.13842375320600633 0.023520134037107735 9.4862369999448873e-05 0.0086975765073127338 0.020452289190628359 19.72500038146973 -0.032202147577946531 -0.0051066036826416519 -0.067583665573298909 0.034816327749691463 -0.034926803337777472 0.039736205730229186 -0.016558923548547041 -0.035060441068603003 0.049425929689087662 -0.0088099447247202405 18.214999198913578 0.0091384979590398725 -0.018483579206587993 0.014637781803213958 -0.071455492513037885 0.22118244097081832 0.55562458162177608 -0.33730328923763236 2.8531931214968806 -0.041810588725082691 -0.021271104882925714 0.15226317850394558
decision_type=2 2 8 2 2 2 2 2 2 2 2 2 2 2 2 2 2 2 2 2 2 2 2 10 10 2 2 2 2 10
left_child=1 -1 3 6 5 -5 7 8 9 -3 13 12 -12 18 15 -8 17 -6 21 -20 -21 -2 25 24 -24 -14 27 -4 29 -29
right_child=10 2 26 4 16 -7 14 -9 -10 -11 11 -13 22 -15 -16 -17 -18 -19 19 20 -22 -23 23 -25 -26 -27 -28 28 -30 -31
leaf_value=-0.00098481382071985229 0.0002398655455707252 0.00022091719716152403 6.4038190951975612e-05 -0.00026573628041242828 -8.8658634425347474e-07 3.7657143193011846e-05 -0.00011796487260757674 0.00014785301061709255 2.5450921276494022e-05 3.0117351877621001e-05 -0.0007866674335112588 -0.00033994051269720956 0.00039118503419953573 0.00025649238200458501 2.0055790861935128e-06 0.00022634589494638092 1.2606363580817872e-05 0.00015917342961274423 -0.00069067603396745438 0.00025077298177339464 -0.0005708863783082679 -0.00032669042370511259 -0.00010832346825337507 0.00016625223680170176 -0.00056096075494993676 -7.2676519134258659e-05 -0.00038960038638784678 -0.00028845349481342118 -1.330631041248356e-05 -8.3269884857122868e-05
leaf_weight=51 175 90 177 54 142 94 89 391 3553 73 84 923 48 59 5512 145 263 769 86 108 68 42 1517 108 86 54 40 96 501 51
leaf_count=51 175 90 177 54 142 94 89 391 3553 73 84 923 48 59 5512 145 263 769 86 108 68 42 1517 108 86 54 40 96 501 51
internal_value=0.000215224 0.00121371 0.00128322 0.00156823 0.00416036 -0.00574324 0.00122044 0.0024653 0.00195102 0.00966258 -0.00337999 -0.00409574 -0.00288614 0.000371747 0.000330665 0.00598291 0.00540886 0.00677827 -0.000991649 -0.00458015 0.000852273 0.00334101 -0.00241313 -0.00290766 -0.00344666 0.00588235 -0.00239884 -0.00178788 -0.00347222 -0.0117347
internal_weight=15449 12091 12040 11175 1322 148 9853 4107 3716 163 3358 2820 1897 538 5746 234 1174 911 479 262 176 217 1813 1711 1603 102 865 825 648 147
internal_count=15449 12091 12040 11175 1322 148 9853 4107 3716 163 3358 2820 1897 538 5746 234 1174 911 479 262 176 217 1813 1711 1603 102 865 825 648 147
is_linear=0
shrinkage=0.05


Tree=19
num_leaves=31
num_cat=0
split_feature=5 4 15 15 13 13 13 13 4 10 10 16 3 14 13 4 11 15 12 16 3 11 12 12 13 11 10 13 14 13
split_gain=25.1905 6.69484 6.27329 4.94723 4.8854 7.24785 5.69587 5.00328 3.86644 4.33447 10.1428 7.23892 6.33345 3.71681 11.804 4.0169 3.59378 5.8252 3.59644 4.32946 4.08366 3.26827 3.37663 4.06007 3.21905 3.20255 7.11876 6.70474 3.82374 3.62594
threshold=0.014917145529059322 0.059352029005692634 -0.035094807275896693 0.027949092010838287 30.345000267028812 28.970000267028812 25.505000114440922 39.645000457763679 0.012754837953063576 0.0044510616341220119 0.0025856716208269019 -0.00029760478202328628 0.0030714518456453903 -0.069744182185856193 19.010000228881839 0.03815836527972756 0.018701809166106424 0.02048002379533265 0.032443479787097169 0.024906760296435352 0.0032204127693122868 -0.023324980459216712 0.0011335469917099774 0.0048491469985487709 15.375000000000002 -0.0042559728619938056 -0.0048173776949359528 20.659999847412113 0.038811658900465458 23.265000343322757
decision_type=2 2 2 2 2 2 2 2 2 2 2 2 2 2 2 2 2 2 2 2 2 2 2 2 2 2 2 2 2 2
left_child=8 2 -2 4 5 6 13 -6 -1 10 12 -12 25 14 -4 -15 17 21 19 -18 -20 -11 -23 -24 -13 26 28 -27 -10 -30
right_child=1 -3 3 -5 7 -7 -8 -9 9 16 11 24 -14 15 -16 -17 18 -19 20 -21 -22 22 23 -25 -26 27 -28 -29 29 -31
leaf_value=0.00010690757145829494 -0.0013657312774527108 -0.00035977112351982094 0.00015842405352115571 -0.00070300331151620466 0.0004048066141361547 -0.00074822789885277451 0.00021122623277421531 -0.00022161773859124753 -0.00018240577354547332 -0.00027755254067859161 -0.00021077922133212116 5.0484880371409318e-05 0.00011925647664684303 -2.6924387845471802e-05 -0.00015394709975976125 -0.00022674869517557854 0.00026492510984058921 -0.00018291792996565946 0.00010850442220311781 0.00011077292253766996 -9.9217338831899897e-05 0.00013200024111068367 -0.00021106212420309804 5.3398555794242389e-05 -0.0001073127867360045 -1.1049211011583856e-05 0.00013870533062933468 0.00029115646627768344 6.3243373167428454e-05 -0.00019996325136002331
leaf_weight=181 40 775 488 47 100 48 202 43 145 51 232 289 1022 3940 249 1488 95 92 245 191 108 363 54 1177 239 2292 515 59 495 98
leaf_count=181 40 775 488 47 100 48 202 43 145 51 232 289 1022 3940 249 1488 95 92 245 191 108 363 54 1177 239 2292 515 59 495 98
internal_value=7.32279e-05 -0.00202156 -0.00150865 -0.0013891 -0.00127325 -0.00147701 -0.00133108 0.00786713 0.00203009 0.00186163 0.00107687 -0.00427632 0.00195633 -0.00160178 0.00172999 -0.00205416 0.00364057 0.00246114 0.00684664 0.011014 0.00347025 0.0031459 0.00354454 0.00229488 -0.00104167 0.000971143 0.00301277 -0.000116972 -0.000135501 0.00164418
internal_weight=15363 7420 6645 6605 6558 6415 6367 143 7943 7762 5386 760 4626 6165 737 5428 2376 1737 639 286 353 1645 1594 1231 528 3604 1253 2351 738 593
internal_count=15363 7420 6645 6605 6558 6415 6367 143 7943 7762 5386 760 4626 6165 737 5428 2376 1737 639 286 353 1645 1594 1231 528 3604 1253 2351 738 593
is_linear=0
shrinkage=0.05


Tree=20
num_leaves=31
num_cat=0
split_feature=5 13 12 4 0 5 13 9 1 15 14 13 9 7 14 16 16 11 14 0 1 16 16 2 4 12 3 11 1 9
split_gain=25.2537 6.22299 7.14446 6.79328 2.82816 2.55829 2.49381 3.36938 3.16471 2.49807 5.33213 5.51281 3.79325 2.40781 4.8266 5.45362 4.32505 4.17814 4.35009 3.87989 3.4866 2.88566 4.2063 2.67396 2.83815 2.84856 2.8694 2.43109 2.42659 2.40748
threshold=0.014917145529059322 43.015001296997077 -0.080083523859072289 0.03815836527972756 -0.073670833239381325 0.0073631407528835244 15.355000019073488 -0.027235167459665529 0.079446885778118218 0.015179489830756345 -0.069744182185856193 19.010000228881839 0.16580266236307997 0.0037992536107146484 -0.04841526643133464 -0.006968721597676363 0.0077021933601947321 0.0036681658206255689 0.096139789865817851 -0.014911689424152273 -0.025627939882576386 0.044609897103047975 0.016475383320998741 0.026399086969098432 0.025354487434845037 0.029587850258833818 -0.00065604170402011597 0.0039566049461625683 -0.020709163003328975 0.26837401141737366
decision_type=2 2 2 2 2 2 2 8 2 2 2 2 10 2 2 2 2 2 2 2 2 2 2 2 2 2 2 2 2 8
left_child=5 2 -2 6 -5 -1 7 -4 -9 10 11 12 -8 14 27 17 23 18 -16 -18 -15 22 -22 24 -17 -26 -27 -12 -20 -7
right_child=1 -3 3 4 -6 29 9 8 -10 -11 13 -13 -14 20 15 16 19 -19 28 -21 21 -23 -24 -25 25 26 -28 -29 -30 -31
leaf_value=0.00011454351172006491 0.00043689317900701472 -0.00074706659687128222 -6.6120702806395096e-05 -0.00097856143477808243 -0.00020264453327139073 5.4490748468383763e-05 0.00022872267380244583 7.7106138032729659e-05 -0.00017971041997458457 -0.00015910374671532094 -0.00051497229532432331 -7.2331264779649984e-05 -4.364245066682676e-05 0.00013064760321336759 0.00011594528950531125 4.2279280068560025e-05 -0.000329911166697849 -0.00018199927774993521 -2.5318773831363094e-05 1.4243545092535588e-05 -7.341911347259018e-05 -0.00027381624419651785 7.7405175971995624e-05 -0.00048056394331311234 -0.00035137997523901273 0.00016806750546544203 -0.00024668008050845287 -0.00013619479725469677 -0.00024855096412709028 1.034399788314793e-05
leaf_weight=63 88 58 319 74 2530 5674 192 844 86 243 74 125 45 89 383 52 68 54 110 245 856 73 414 41 152 43 45 68 46 2218
leaf_count=63 88 58 319 74 2530 5674 192 844 86 243 74 125 45 89 383 52 68 54 110 245 856 73 414 41 152 43 45 68 46 2218
internal_value=0.000309003 -0.00178981 -0.00166123 -0.00183262 -0.00387865 0.00226587 -0.000691022 0.00122098 0.00274194 -0.0013897 -0.00101575 0.00469613 0.00917722 -0.0017508 -0.00324041 -0.00223971 -0.00541796 0.0012226 0.00255102 -0.00119808 -0.000314246 -0.000949367 -0.000393701 -0.00938438 -0.00770548 -0.01 -0.00284091 -0.0119718 -0.00448718 0.00218576
internal_weight=15372 7417 7359 7271 2604 7955 4667 1249 930 3418 3175 362 237 2813 1381 1239 646 593 539 313 1432 1343 1270 333 292 240 88 142 156 7892
internal_count=15372 7417 7359 7271 2604 7955 4667 1249 930 3418 3175 362 237 2813 1381 1239 646 593 539 313 1432 1343 1270 333 292 240 88 142 156 7892
is_linear=0
shrinkage=0.05


Tree=21
num_leaves=31
num_cat=0
split_feature=4 8 15 4 10 4 6 3 3 12 6 10 14 12 14 10 16 7 13 12 4 15 10 15 16 0 12 12 16 16
split_gain=15.4118 5.27245 4.05827 3.68221 3.67778 3.61141 4.49457 2.9153 2.85133 5.028 4.50832 3.68566 3.66392 7.38862 3.91322 3.34777 3.90447 4.15758 3.80746 3.32921 3.14648 3.15748 2.97911 3.63741 2.88899 2.7314 2.72932 3.94506 2.80207 5.42171
threshold=0.030064681152661355 0.13842375320600633 -0.02860664357134118 0.012754837953063576 -0.020247537407416468 0.051698190700859133 0.018139694319447734 0.015197305544548458 -0.0014968880578215547 0.047942612360438737 -0.60244046547362917 0.00576126367837937 -0.0068130779793595378 0.066825608086901869 -0.030661999778822443 -0.0012184611818299438 0.013774180564645857 0.014983564028079434 17.164999961853031 0.046695407011373098 0.02142889256410668 -0.010006436847375231 -0.0022949060823098106 -0.0032618373088419968 -0.0248771307719961 0.012287288536697029 0.023026608295052656 0.023603390957717577 0.0041488831544894697 0.0057760961360550098
decision_type=2 8 2 2 2 2 2 2 2 2 2 2 2 2 2 2 2 2 2 2 2 2 2 2 2 2 2 2 2 2
left_child=1 3 -2 -1 -4 7 -7 25 11 10 20 15 13 -11 -15 22 17 24 -19 -18 -10 -22 -5 -24 -17 -6 28 -28 -12 -30
right_child=2 -3 4 8 5 6 -8 -9 9 12 26 -13 -14 14 -16 16 19 18 -20 -21 21 -23 23 -25 -26 -27 27 -29 29 -31
leaf_value=0.00010329909790882577 -0.00064198870632837916 -5.4733884984181294e-05 0.00033147365087604218 2.8483276143359205e-06 -2.7283876717617598e-05 -0.0001327382281449348 -0.00041764486466477175 0.00012806000406554165 0.00011653179320870564 -0.00018033040724289097 3.9089695281120666e-05 6.7104722096751005e-05 3.1392362153521548e-05 0.00014361588435533778 -3.9947267975973953e-05 4.6393532013754883e-05 -5.2087097194116182e-06 6.7020020768208095e-05 -0.00013999798052847552 0.00015475447473486107 0.00027162924806370446 4.2007718692505796e-05 0.00022081583122456609 5.3648393574184228e-05 -0.00012474624944355442 -0.0001610477643651043 0.00029150221046795243 5.1093733053985237e-05 -0.00049879938341365723 -6.2949219913554899e-06
leaf_weight=183 81 687 75 1360 2123 771 445 301 814 347 1171 579 425 92 60 47 407 189 70 72 43 692 97 154 485 733 47 1667 74 1095
leaf_count=183 81 687 75 1360 2123 771 445 301 814 347 1171 579 425 92 60 47 407 189 70 72 43 692 97 154 485 733 47 1667 74 1095
internal_value=0.000269726 0.00129179 -0.00218039 0.00157817 -0.00197842 -0.0021667 -0.00448191 -0.00127494 0.00144938 0.0020645 0.00262806 0.000289017 -0.00135281 -0.00425852 0.00493421 -0.000442555 -0.0023622 -0.0045196 0.000675676 0.00120042 0.00492253 0.00255102 0.00107076 0.0060757 -0.00704887 -0.00176821 0.00175136 0.00326721 0.000641026 -0.00109068
internal_weight=15386 10857 4529 10170 4448 4373 1216 3157 9987 6527 5603 3460 924 499 152 2881 1270 791 259 479 1549 735 1611 251 532 2856 4054 1714 2340 1169
internal_count=15386 10857 4529 10170 4448 4373 1216 3157 9987 6527 5603 3460 924 499 152 2881 1270 791 259 479 1549 735 1611 251 532 2856 4054 1714 2340 1169
is_linear=0
shrinkage=0.05


Tree=22
num_leaves=31
num_cat=0
split_feature=4 14 13 15 12 16 13 12 14 15 14 14 8 15 14 9 10 10 12 15 14 13 0 12 11 9 15 10 12 11
split_gain=12.129 4.49627 4.40137 7.48179 6.23937 4.18683 4.14582 7.70729 3.95446 7.72694 6.80722 4.56532 7.79421 4.25313 4.92072 4.24066 4.08976 4.88219 3.94033 4.55564 4.4371 3.9322 4.34522 3.88393 3.84852 4.57674 3.71224 3.64458 3.41295 3.31703
threshold=0.030064681152661355 -0.068623004427642229 18.94999980926514 0.0065722736875499796 -0.049048441539310476 0.047342817138807732 43.015001296997077 -0.075828254732232245 -0.037374592254897913 -0.0022233651557851948 -0.054330610723124943 -0.017113211502094435 0.26415971925512977 0.0029161072656109792 -0.067583665573298909 -0.012973852903600534 0.0077407225334993343 0.0072752635808988062 0.040854121966551922 0.0023300286005453201 -0.022343626602261631 14.119999885559084 -0.0041322314049586075 0.066825608086901869 0.0019507680783907857 0.070483816158694382 0.013434200616782578 0.010927081535675788 -0.0078641558377195424 0.028861286562295255
decision_type=2 2 2 2 2 2 2 2 2 2 2 2 8 2 2 8 2 2 2 2 2 2 2 2 2 8 2 2 2 2
left_child=8 2 27 -4 -5 6 7 -3 9 28 13 12 18 14 -11 -12 17 -15 20 23 -10 -18 -23 -20 -22 -26 -24 -2 -1 -9
right_child=1 5 3 4 -6 -7 -8 29 11 10 15 -13 -14 16 -16 -17 21 -19 19 -21 24 22 26 -25 25 -27 -28 -29 -30 -31
leaf_value=7.9511298508098751e-05 0.00028153114522473953 0.00040893251301139734 -0.00084026781007593082 0.00024307586667717064 -0.00011627507048907246 -0.00040170299158637566 -0.00062007323315741391 -0.00013907748094739802 5.8013385057331738e-05 0.00023320419278842201 -5.7743091332896052e-05 1.9017913082663465e-05 -0.00034984444214905845 -1.8801097821324519e-05 -1.4555197060838041e-05 0.00015608272647718734 0.00018911852597383344 -0.00027194433328356897 -6.1597186203593126e-05 -0.00019533904403079739 -0.00013417989431474084 -7.8783479854289883e-05 0.00010475259056915562 0.00010386661517360896 0.00011929607547523556 -5.7773522768463227e-05 -1.171991046734558e-05 -1.0522898074901343e-05 -0.00020365497436650987 6.8999773516238537e-05
leaf_weight=67 220 75 60 117 187 141 49 3247 636 131 117 6661 55 286 84 706 112 76 105 246 143 105 389 87 86 160 404 122 221 300
leaf_count=67 220 75 60 117 187 141 49 3247 636 131 117 6661 55 286 84 706 112 76 105 246 143 105 389 87 86 160 404 122 221 300
internal_value=0.00014128 -0.0020363 0.0016289 -0.0021978 0.000986842 -0.00271511 -0.00239036 -0.00219492 0.00104578 0.00270571 0.00363071 0.000498227 -0.00197628 0.00171708 0.00825581 0.00732078 0.00069242 -0.0038674 -0.00128161 -0.00525114 0.000414634 0.00232673 0.00122494 0.000520833 -0.00379177 0 0.00249054 0.00570175 -0.00503472 -0.00253031
internal_weight=15395 4518 706 364 304 3812 3671 3622 10877 2698 2410 8179 1518 1587 215 823 1372 362 1463 438 1025 1010 898 192 389 246 793 342 288 3547
internal_count=15395 4518 706 364 304 3812 3671 3622 10877 2698 2410 8179 1518 1587 215 823 1372 362 1463 438 1025 1010 898 192 389 246 793 342 288 3547
is_linear=0
shrinkage=0.05


Tree=23
num_leaves=31
num_cat=0
split_feature=5 15 15 14 13 13 10 10 5 13 12 11 4 12 5 15 10 16 9 14 7 13 1 11 12 13 6 1 14 9
split_gain=13.9264 6.08962 4.95424 4.89322 6.16015 5.7799 5.01419 4.68657 3.99417 3.82002 4.78123 4.43032 3.75264 3.32305 2.98419 2.96138 2.93664 2.92254 2.86873 2.76064 3.42407 2.43607 2.41549 2.65453 2.41071 2.35317 2.35228 2.62764 4.14828 3.77054
threshold=0.015073655261817696 -0.035094807275896693 0.027949092010838287 -0.069744182185856193 19.010000228881839 30.345000267028812 0.010927081535675788 0.018049187231064859 0.024373902657194007 24.385000228881839 -0.0039943818994799254 -0.0019709862585252642 0.012754837953063576 0.082959712719514869 0.033615189088959239 0.0037370878875628848 -0.01853412807423643 0.050640398860144493 -0.20769665399557177 -0.11544121967691799 0.0012750608092525486 16.875000000000004 0.063057072253575722 0.016655619165508066 -0.028469952569234454 20.714999198913578 -0.077001637880118795 0.014450426574798116 0.15949463237792252 0.55562458162177608
decision_type=2 2 2 2 2 2 2 2 2 2 2 2 2 2 2 2 2 2 10 2 2 2 2 2 2 2 2 2 2 8
left_child=12 -2 3 4 6 14 22 -8 -5 10 18 25 21 17 19 16 -11 26 -10 20 -6 -1 23 -3 -18 -12 27 28 -14 -29
right_child=1 2 -4 8 5 -7 7 -9 9 15 11 -13 13 -15 -16 -17 24 -19 -20 -21 -22 -23 -24 -25 -26 -27 -28 29 -30 -31
leaf_value=5.7566739832755e-05 -0.0012674964407589479 0.00015536295140987827 -0.0011698475311825213 -1.9545849260613551e-05 0.00019760170127444229 0.00030917104711723233 -7.3314640239507958e-05 0.00021943001251312569 -0.00018412198007863563 0.00027095562488191788 2.5799265226392547e-05 -0.00023263417082539659 2.2458634687452558e-05 -0.00013984955629305665 -0.00098147513527723851 0.0002355444223412456 -0.00044615939274161344 0.00021414970666783036 -0.00063805544797194741 -0.00028710927035117197 -0.0001354552341724562 0.00013531782787400414 -1.8380845420048163e-05 0.0002913085427396354 0.00019669853813835206 0.00037967434352519742 9.9000974751549585e-06 9.6762452343610465e-05 0.00017606125843545786 -1.5776021484765209e-05
leaf_weight=107 46 233 50 4099 95 59 141 60 197 56 310 1154 2872 165 46 88 86 46 210 115 49 84 47 82 41 42 3361 1081 58 297
leaf_count=107 46 233 50 4099 95 59 141 60 197 56 310 1154 2872 165 46 88 86 46 210 115 49 84 47 82 41 42 3361 1081 58 297
internal_value=0.0001512 -0.00143033 -0.00131543 -0.00120666 0.00218447 -0.00288462 0.00546181 -0.000870647 -0.00170699 -0.00343407 -0.00422112 -0.00292165 0.00158283 0.00141497 -0.00565574 0.00212177 -0.00150273 0.00156513 -0.00902948 -0.00357143 0.00104167 0.00850785 0.0089779 0.0105556 -0.00570866 0.00198864 0.00148976 0.00226323 0.00141638 0.00406386
internal_weight=15377 7306 7260 7210 927 364 563 201 6283 2184 1913 1506 8071 7880 305 271 183 7715 407 259 144 191 362 315 127 352 7669 4308 2930 1378
internal_count=15377 7306 7260 7210 927 364 563 201 6283 2184 1913 1506 8071 7880 305 271 183 7715 407 259 144 191 362 315 127 352 7669 4308 2930 1378
is_linear=0
shrinkage=0.05


Tree=24
num_leaves=31
num_cat=0
split_feature=5 15 13 13 13 13 5 10 6 3 6 7 11 13 15 13 5 6 1 11 11 2 14 7 11 11 15 7 11 10
split_gain=15.1078 5.27321 5.08258 6.41982 11.5721 5.35168 4.49303 4.56815 3.85571 3.84191 3.20861 2.99614 2.90881 3.13161 3.05958 4.27108 3.15787 6.09228 3.04504 2.86773 2.84346 2.45624 2.43783 3.24918 4.29544 3.69126 3.2064 2.87112 2.76128 3.05026
threshold=0.015845581966791776 0.027949092010838287 43.015001296997077 30.345000267028812 28.970000267028812 25.505000114440922 0.024373902657194007 -0.017312021268647334 0.018139694319447734 0.0029265353846412716 -0.37505189211127316 0.070144852273457695 0.039736205730229186 14.715000152587892 -0.0060539366076488568 20.375000000000004 0.02179422650801199 0.71577407330467102 0.044483236147774503 -0.030384462612199011 0.022829804472753183 0.043346915412001981 -0.075454415356713087 0.012870257545666288 -0.009991025776769134 0.014627059991814352 0.011875677230032468 -0.052805253770554166 0.022469788955672868 0.0056131776840985257
decision_type=2 2 2 2 2 2 2 2 2 2 2 2 2 2 2 2 2 2 2 2 2 2 2 2 2 2 2 2 2 2
left_child=8 2 3 4 5 6 7 -2 9 -1 -5 20 13 -9 15 16 17 -15 -14 -16 -10 -11 26 24 27 -26 -21 -24 -27 -30
right_child=1 -3 -4 10 -6 -7 -8 12 11 21 -12 -13 18 14 19 -17 -18 -19 -20 22 -22 -23 23 -25 25 28 -28 -29 29 -31
leaf_value=3.003499078804463e-05 -0.00055984443288058304 -0.0011013587127125584 -0.00056997984426432086 0.00038494365723076228 -0.00089904775780598164 0.00020179597904062293 -0.00018142657664818232 5.8966706003908517e-05 4.4339683491546357e-06 0.00012091098074650127 1.9489498059247022e-05 -0.0001475046939391326 0.00025085677957823772 1.9134446055270923e-05 -0.00046355248024608237 0.00014743556813075329 0.00018210753131943803 -0.00054015229336438087 -1.7085782577538945e-05 9.3761602131505666e-05 8.4817698694005916e-05 2.7196727031207235e-05 0.00022829106423615208 -7.4975644320122995e-06 -0.00021770181903088852 0.00027120961321944848 -8.3966522613499001e-05 -6.8676395280022884e-05 -0.00021245241749999477 0.00010186353130059506
leaf_weight=3973 60 49 54 84 64 209 2251 733 2970 999 61 194 83 301 53 156 55 64 64 198 352 447 63 803 587 78 129 144 58 42
leaf_count=3973 60 49 54 84 64 209 2251 733 2970 999 61 194 83 301 53 156 55 64 64 198 352 447 63 803 587 78 129 144 58 42
internal_value=0.000328391 -0.00151715 -0.00139193 -0.00126183 -0.00150525 -0.00128446 -0.00156197 -0.000483519 0.00165921 0.00249585 0.00913793 0.000369738 -0.000256162 -0.000548499 -0.00132735 0.00190972 -0.000714286 -0.00239726 0.00663265 -0.00219258 0.000722456 0.00470263 -0.00190295 -0.0026338 -0.00457819 -0.00630719 0.00206422 0.00181159 0 -0.0055
internal_weight=15378 6443 6394 6340 6195 6131 5922 3671 8935 5419 145 3516 3611 3464 2731 576 420 365 147 2155 3322 1446 2102 1775 972 765 327 207 178 100
internal_count=15378 6443 6394 6340 6195 6131 5922 3671 8935 5419 145 3516 3611 3464 2731 576 420 365 147 2155 3322 1446 2102 1775 972 765 327 207 178 100
is_linear=0
shrinkage=0.05


Tree=25
num_leaves=31
num_cat=0
split_feature=5 15 10 10 15 5 10 3 5 10 10 16 3 8 0 14 12 12 16 12 13 9 16 13 1 15 13 14 12 15
split_gain=10.2657 4.74401 5.97578 5.55907 4.77374 4.11568 4.45535 3.55327 2.76225 2.86068 6.35477 5.45398 5.03796 4.86458 4.23245 3.86549 3.8367 4.50434 3.12804 5.79609 6.61343 5.54306 3.68859 3.09698 4.53963 3.94372 3.84318 3.05978 3.04952 2.94227
threshold=0.014874290334588742 -0.035094807275896693 -0.020247537407416468 -0.017312021268647334 0.027949092010838287 0.024373902657194007 0.018049187231064859 -0.0095250111905211803 0.0073631407528835244 0.0044510616341220119 0.0025856716208269019 -0.00029760478202328628 0.0030714518456453903 0.10134188273314416 0.023748648225552341 0.039671535485110161 0.05735486248043898 0.070121894171726221 -0.00077038950779584326 -0.0033751709448106566 19.23499965667725 -0.01081169269120019 0.0035228617721750903 20.814999580383304 -0.0053993597982273647 0.016209315514781223 16.579999923706058 0.077738126316973979 0.054230136510325939 -0.006476107007171771
decision_type=2 2 2 2 2 2 2 2 2 2 2 2 2 10 2 2 2 2 2 2 2 10 2 2 2 2 2 2 2 2
left_child=8 -2 7 -4 5 -5 -7 -3 -1 10 12 15 18 -14 16 -12 23 -18 28 20 -20 -21 -23 25 -25 26 -11 29 -10 -24
right_child=1 2 3 4 -6 6 -8 -9 9 14 11 -13 13 -15 -16 -17 17 -19 19 21 -22 22 27 24 -26 -27 -28 -29 -30 -31
leaf_value=0.00012181901846978754 -0.0011626022810022733 3.8570791938012535e-05 -0.00075541182597679054 5.0816369153968215e-08 -0.00088553280939700522 -0.00017024819539471746 0.00030489270823077803 0.0003221213357447988 5.0273718723823415e-05 4.4680178677613896e-05 -0.00021059204577331255 -1.3332928557725516e-05 0.00011500725777457426 -0.00020369079012717731 -5.6471003554476675e-05 0.00013358357068627043 -0.00011805869999853231 6.17217442821464e-05 -0.00033747286349428048 -5.8094851318150336e-05 3.9502801332966334e-05 -0.00010682178422153919 -8.6122369916824711e-05 -0.0003257570961218148 7.6670967737467197e-05 0.00017520018259099444 0.00013453571061674652 0.00019811524001943815 -0.00015051999912826458 5.905200123563085e-05
leaf_weight=62 48 56 82 4854 51 2320 65 65 1537 1138 194 540 929 85 196 41 122 80 139 600 89 179 79 67 79 211 468 93 70 858
leaf_count=62 48 56 82 4854 51 2320 65 65 1537 1138 194 540 929 85 196 41 122 80 139 600 89 179 79 67 79 211 468 93 70 858
internal_value=0.000319868 -0.000997878 -0.000897504 -0.0010784 -0.000932785 -0.00082539 -0.00252621 0.010124 0.00158478 0.00150115 0.000869685 -0.00332258 0.0015672 0.00468442 0.00295426 -0.00968085 0.00359122 -0.0029703 0.00069978 -0.000601375 -0.00811404 0.000345495 0.00229529 0.00426643 -0.00273973 0.00482939 0.00398506 0.0034466 0.0023491 0.00258805
internal_weight=15397 7541 7493 7372 7290 7239 2385 121 7856 7794 5433 775 4658 1014 2361 235 2165 202 3644 2037 228 1809 1209 1963 146 1817 1606 1030 1607 937
internal_count=15397 7541 7493 7372 7290 7239 2385 121 7856 7794 5433 775 4658 1014 2361 235 2165 202 3644 2037 228 1809 1209 1963 146 1817 1606 1030 1607 937
is_linear=0
shrinkage=0.05


Tree=26
num_leaves=31
num_cat=0
split_feature=5 6 13 13 5 11 11 9 10 16 11 11 10 14 10 10 16 16 8 11 9 14 7 16 11 7 3 10 11 8
split_gain=15.6412 4.86911 6.00716 11.6215 4.06286 2.85083 2.75633 4.00255 4.08381 3.63211 3.88479 3.66621 3.24738 5.73675 5.43356 4.31518 4.01415 5.15959 4.08284 3.8743 3.57688 3.48794 3.22604 2.9645 5.7665 3.97061 3.31863 2.98606 2.95914 3.20809
threshold=0.015169491240975842 -0.2196403028923922 30.345000267028812 28.970000267028812 0.036754577759408387 0.034492837663602567 0.023520134037107735 0.29779470910910905 0.0048530562532616015 0.037632157480453017 0.010167867285780898 0.01562981784988882 -0.0015877931982291591 -0.034719790282674072 -0.0022949060823098106 0.0024569691854735569 0.0060571385698383615 0.0065336300403817668 0.07326006286005228 0.0039900185152637055 0.025216463043523877 0.022733060097011152 -0.013121596932064659 -0.00095214374271307401 -0.0077637564731665712 0.050160150062824045 0.0020552974071168521 -0.0030147617982819726 -0.013761603129987752 -0.090866137359308471
decision_type=2 2 2 2 2 2 2 8 2 2 2 2 2 2 2 2 2 2 8 2 10 2 2 2 2 2 2 2 2 10
left_child=6 2 3 -2 5 -3 9 22 -9 12 -11 -12 14 15 23 19 18 -18 -15 -14 -19 -20 -8 25 -25 -1 27 -26 -17 -30
right_child=1 4 -4 -5 -6 -7 7 8 -10 10 11 -13 13 16 -16 28 17 20 21 -21 -22 -23 -24 24 26 -27 -28 -29 29 -31
leaf_value=7.0407301405951526e-05 -7.5326351973965293e-06 -8.9294530395650756e-05 0.00028747788519386261 -0.00082584812251015676 -0.00050171889743751369 0.00011643290376360514 -2.3074920414646073e-05 -0.00013390667829372231 0.00015040908070521427 -0.00043596561870724827 0.00014129723686133474 -0.00016657823492308304 0.00019856923915226841 -7.140377878515703e-05 0.00014355491271838931 -0.00013829018342501845 0.00020703314976868153 -4.9890034350075571e-05 -6.5555301568003774e-06 4.4460759644812431e-05 3.807510903753664e-05 0.00027921361421815604 0.00013411443987061062 -0.00021051823585482239 1.7106118114709398e-05 -0.00016619837076679931 0.00016058381420284249 -0.00012932913584008475 0.00017343009901966963 3.0631268261369043e-05
leaf_weight=1381 3687 2743 117 56 367 196 115 129 119 66 53 83 145 1071 305 134 53 432 184 154 871 61 517 124 455 64 226 111 53 1313
leaf_count=1381 3687 2743 117 56 367 196 115 129 119 66 53 83 145 1071 305 134 53 432 184 154 871 61 517 124 455 64 226 111 53 1313
internal_value=0.000242119 -0.00146525 -0.000259067 -0.000607801 -0.00287356 -0.00225417 0.00173075 0.004375 -0.00100806 0.00141368 -0.00519802 -0.000367647 0.00160081 0.000777231 0.002982 0.00295998 -0.000692365 0.00121681 -0.00265957 0.00844482 0.000594781 0.00316327 0.00648734 0.00217069 -5.45852e-05 0.00358131 0.00151515 -0.000530035 0.00186667 0.00256223
internal_weight=15385 7166 3860 3743 3306 2939 8219 880 248 7339 202 136 7137 4471 2666 1799 2672 1356 1316 299 1303 245 632 2361 916 1445 792 566 1500 1366
internal_count=15385 7166 3860 3743 3306 2939 8219 880 248 7339 202 136 7137 4471 2666 1799 2672 1356 1316 299 1303 245 632 2361 916 1445 792 566 1500 1366
is_linear=0
shrinkage=0.05


Tree=27
num_leaves=31
num_cat=0
split_feature=5 15 6 12 12 13 11 4 13 0 9 14 15 10 15 15 12 11 15 9 12 14 11 9 1 10 1 11 13 13
split_gain=11.4468 4.78432 3.97668 4.76737 3.72001 4.28605 3.51591 3.14214 2.97881 2.62838 2.61531 2.49632 3.6 2.41679 4.72113 3.91964 4.91532 4.87617 3.70147 3.51094 2.84525 2.73131 2.35608 3.26767 4.27343 4.2873 3.01651 2.91277 4.55371 3.45159
threshold=0.014917145529059322 0.027949092010838287 -0.46227340402897549 -0.080083523859072289 -0.040334955259991249 30.345000267028812 -0.043674056524097109 0.057080737437937727 30.750000000000004 0.032784254482877036 0.55562458162177608 0.004407866869301503 0.0077842246859040074 0.0066086394890820807 0.0070524815631923818 0.013578383081203628 0.055910575939094771 0.02212610495231249 0.0092336126125633928 -0.11375334033251726 0.032681428867271885 -0.057429826622899353 0.024666746445051627 0.29779470910910905 0.0043105383769723735 0.0048530562532616015 -0.020101693656337401 -0.0042559728619938056 21.724999427795414 13.744999885559084
decision_type=2 2 2 2 2 2 2 2 2 2 8 2 2 2 2 2 2 2 2 10 2 2 2 8 2 2 2 2 2 2
left_child=9 2 3 -2 5 11 -4 8 -8 22 -9 12 -5 14 -6 16 17 19 -16 -15 -17 -21 27 26 -25 -26 -24 29 -29 -1
right_child=1 -3 6 4 13 -7 7 10 -10 -11 -12 -13 -14 15 18 20 -18 -19 -20 21 -22 -23 23 24 25 -27 -28 28 -30 -31
leaf_value=0.00025892091626998859 0.00044031873046815399 -0.00093971940796128747 -0.00057686216147924386 -0.00055559723770537677 1.2805693222086614e-05 0.00023556185007910738 -3.9211709898233928e-05 -0.0002396193583000278 0.00024961585600665408 -8.1309141367645621e-05 -0.00052669589183732153 -7.6151287226541552e-05 -1.9436102146447051e-05 0.0002845544354305522 -0.00029287137973942116 -0.00015967956640050557 -0.00017298689732140398 0.0002103094872264456 2.1702059775573561e-06 -6.1913181573392513e-05 0.00013099498262573872 0.00016401452839555518 -6.7448015571560868e-05 0.00014987112673222195 -0.00023044967959242094 0.00014288862666995356 0.00010703369004866897 7.988244157433946e-06 0.00030097860983517967 4.9111587824949643e-05
leaf_weight=68 43 55 88 81 1852 47 3842 330 42 109 218 74 54 102 123 94 49 82 97 99 42 66 41 42 94 67 500 4816 52 2053
leaf_count=68 43 55 88 81 1852 47 3842 330 42 109 218 74 54 102 123 94 49 82 97 99 42 66 41 42 94 67 500 4816 52 2053
internal_value=0.000182744 -0.00121658 -0.00110774 0.000335628 8.73515e-05 -0.00566406 -0.0020354 -0.0018389 -0.00133883 0.00151747 -0.00538321 -0.00873206 -0.0127778 0.000652341 -0.000120656 0.00365169 0.00615578 0.00823782 -0.00704545 0.00496255 -0.00367647 0.000454545 0.00162615 0.00430108 -0.00110837 -0.00481366 0.00633087 0.00134139 0.000667625 0.00288779
internal_weight=15322 7480 7425 2905 2862 256 4520 4432 3884 7842 548 209 135 2606 2072 534 398 349 220 267 136 165 7733 744 203 161 541 6989 4868 2121
internal_count=15322 7480 7425 2905 2862 256 4520 4432 3884 7842 548 209 135 2606 2072 534 398 349 220 267 136 165 7733 744 203 161 541 6989 4868 2121
is_linear=0
shrinkage=0.05


Tree=28
num_leaves=31
num_cat=0
split_feature=5 3 11 12 5 16 16 11 11 11 3 6 2 13 11 10 10 13 11 12 1 1 10 12 12 12 10 0 16 11
split_gain=10.1297 4.41784 4.30613 5.25573 3.6777 3.42916 3.1927 3.08602 4.10219 3.19288 3.03201 2.94053 2.92656 2.86792 3.7597 3.79221 3.02614 4.45323 2.97731 3.19142 3.71485 3.52668 2.81164 3.43474 2.73913 2.59153 2.55616 2.50333 2.39282 3.91218
threshold=0.014917145529059322 0.00037019898512369315 -0.043674056524097109 -0.075828254732232245 0.034905797126325695 0.052240919921549452 -0.043648616833839686 0.016536757711404618 0.017027249014991756 0.014880689278647387 -0.011739657792050827 0.04789614713198178 -0.087513989119698363 25.960000038146976 -0.028186613773187038 0.00048358737476139618 0.0096244232482377585 28.970000267028812 -0.023324980459216712 -0.017626690580154977 0.092968154013707963 -0.041796408571794667 0.00038115432096208496 -0.016321427242386496 -0.0097422430740965443 -0.0063801320517133378 0.0082345792239612043 -0.0015056508189833504 0.03608843541209706 0.010167867285780898
decision_type=2 2 2 2 2 2 2 2 2 2 2 2 2 2 2 2 2 2 2 2 2 2 2 2 2 2 2 2 2 2
left_child=11 2 -2 -4 6 13 -5 9 -9 -8 -10 28 -13 14 15 -3 17 -15 -16 -20 21 -21 27 -24 -23 -26 -14 -12 -1 -30
right_child=1 5 3 4 -6 -7 7 8 10 -11 22 12 26 16 18 -17 -18 -19 19 20 -22 24 23 -25 25 -27 -28 -29 29 -31
leaf_value=4.4054328423262255e-05 -0.00066842497056569567 -9.0648156059830806e-05 0.00023290603477335556 0.0001786581303825462 -0.00035983358762944776 -0.0002759414794507562 -7.0489957097061905e-05 0.00024206145907109235 0.00023445034008759955 -0.00021799370438933008 -2.2211384167053788e-05 0.00011098615411278003 -1.1156107298941577e-05 0.00031157787228483958 0.00023439153477600316 -0.00082924881721329518 0.00025660656288312497 -0.00039976668544927012 -0.00010664284967870199 -0.00014228836512309196 -0.00024492427253371271 0.00015153845759946171 0.00019065792245967101 -1.7258175604925945e-05 -0.0002549064513081593 4.3537883618077586e-05 7.2510605513081714e-05 -0.00024397855583814149 -0.00061098511654283016 1.6072196673537703e-05
leaf_weight=4610 74 77 68 57 506 60 2404 44 77 94 78 120 2396 55 72 40 80 60 437 316 321 104 71 342 44 1945 500 63 41 250
leaf_count=4610 74 77 68 57 506 60 2404 44 77 94 78 120 2396 55 72 40 80 60 437 316 321 104 71 342 44 1945 500 63 41 250
internal_value=0.000246657 -0.00107157 -0.00224342 -0.00201104 -0.00226178 0.000186929 -0.00164087 -0.00185156 0.00114815 -0.00266213 0.000118859 0.00149362 0.000265252 0.000387215 4.46961e-05 -0.00876068 0.00628205 0.00108696 0.000362766 0.000134196 0.000769231 0.00144251 -0.00117329 0.00090799 0.00218586 0.00177225 -5.17956e-05 -0.0072695 0.00224954 -0.00214777
internal_weight=15406 7489 3878 3804 3736 3611 3230 3173 675 2498 631 7917 3016 3551 3356 117 195 115 3239 3167 2730 2409 554 413 2093 1989 2896 141 4901 291
internal_count=15406 7489 3878 3804 3736 3611 3230 3173 675 2498 631 7917 3016 3551 3356 117 195 115 3239 3167 2730 2409 554 413 2093 1989 2896 141 4901 291
is_linear=0
shrinkage=0.05


Tree=29
num_leaves=31
num_cat=0
split_feature=15 5 16 9 16 14 15 13 4 8 16 3 3 2 14 15 14 11 15 9 11 11 8 4 15 16 11 15 13 16
split_gain=8.56833 7.7148 4.23074 4.49069 4.17175 5.65374 4.862 4.25634 3.67956 3.70691 3.61162 3.48188 2.94524 2.94658 2.94202 6.48207 5.33781 3.23362 4.20539 3.99497 3.97678 4.87536 4.11286 3.69886 3.39461 7.09818 5.92677 4.64749 3.76721 5.05577
threshold=-0.035094807275896693 0.014787890403989224 0.052240919921549452 0.25694894576418364 0.010194220566147385 0.10333272396106032 -0.010006436847375231 23.529999732971195 0.026204472254425168 0.052549879909029047 -0.0070776193801024281 0.0022337499334722515 -0.013202536741609703 0.019333678565893079 -0.034719790282674072 -0.0033797478290387146 -0.04841526643133464 0.026646589473355412 -0.0017737999982199713 0.29779470910910905 0.010862790369991273 0.013973401641150464 0.11431813200017928 0.018654864682816009 -0.0036594502892963172 -0.015429597825660111 0.014880689278647387 -0.0060539366076488568 17.250000000000004 0.0074532888410422391
decision_type=2 2 2 8 2 2 2 2 2 10 2 2 2 2 2 2 2 2 2 8 2 2 10 2 2 2 2 2 2 2
left_child=-1 14 3 4 6 7 -3 11 -5 12 -8 -6 13 -10 15 -2 -17 18 24 23 -20 -22 -23 -19 26 -26 27 -16 -27 -30
right_child=1 2 -4 8 5 -7 10 -9 9 -11 -12 -13 -14 -15 17 16 -18 19 20 -21 21 22 -24 -25 25 28 -28 -29 29 -31
leaf_value=-0.00099876531184275971 -0.00012984629922255104 0.00011309340491719245 -0.00025900371323706446 4.4599038849383547e-05 -2.148146628818022e-06 -0.00046833846207593839 1.0332138122773598e-05 0.00019875568744216421 0.00019565742094327686 -4.2740994103629588e-05 -0.00010654689477896732 9.3401823439893266e-05 -0.00022510933757262155 -0.00040499970203095682 5.8570183198464669e-05 3.7836661319066669e-05 0.00013154333157922816 0.00020561619377906632 -4.247944103012488e-05 -7.3671697466833278e-05 0.0001389309224835375 -2.5915702803725425e-05 7.9048964740310268e-05 5.8129629841277656e-05 0.00028852700375822383 0.00010464390564339992 -0.00016895418634062828 -5.1317112974911141e-05 0.00010767639582257944 -0.00018468425016436669
leaf_weight=76 145 549 143 461 895 40 1005 209 84 1305 1208 594 1066 40 1378 1296 609 113 1665 92 270 646 56 249 79 389 172 416 44 64
leaf_count=76 145 549 143 461 895 40 1005 209 84 1305 1208 594 1066 40 1378 1296 609 113 1665 92 270 646 56 249 79 389 172 416 44 64
internal_value=0.000299518 0.000382803 -0.000746809 -0.000583423 0.000411111 0.00233026 -0.000796524 0.00276796 -0.00209743 -0.00285571 -0.00184139 0.00183009 -0.00487395 0.00241935 0.00150007 0.00312195 0.00389764 0.000909817 0.000555126 0.00495595 -0.000843762 0.00169753 -0.000498575 0.00732044 0.00200629 0.00538194 0.00101729 0.00186734 0.00316901 -0.00509259
internal_weight=15358 15282 7599 7456 4500 1738 2762 1698 2956 2495 2213 1489 1190 124 7683 2050 1905 5633 5179 454 2637 972 702 362 2542 576 1966 1794 497 108
internal_count=15358 15282 7599 7456 4500 1738 2762 1698 2956 2495 2213 1489 1190 124 7683 2050 1905 5633 5179 454 2637 972 702 362 2542 576 1966 1794 497 108
is_linear=0
shrinkage=0.05


Tree=30
num_leaves=31
num_cat=0
split_feature=5 15 4 11 0 8 13 13 13 13 15 12 13 13 13 11 13 13 3 12 12 15 15 12 8 16 6 12 9 13
split_gain=7.64092 3.63388 3.32652 2.77097 2.96549 3.17011 2.71433 7.09271 9.49855 2.55059 3.01508 2.779 5.91276 4.63517 2.55623 2.45481 4.65015 2.77094 3.43737 2.99613 3.20883 3.88776 7.06283 2.92057 2.77628 2.76738 2.56375 2.9001 2.91052 3.05731
threshold=0.014917145529059322 0.027949092010838287 0.075071325175703058 0.023520134037107735 -0.0033788520733828982 0.023694442662842267 43.015001296997077 30.345000267028812 28.970000267028812 25.960000038146976 -0.014125257579819304 -0.038043890036369758 22.429999351501468 20.659999847412113 24.630000114440922 -0.0046605807327330098 13.744999885559084 20.375000000000004 0.0044509657540424694 0.022857146969946566 0.017813204473167369 0.0050966053355054894 0.0033433943637545265 0.015682475711415681 0.10669029367238937 0.010631623794029712 0.62232159388885966 0.054230136510325939 0.17895564843468439 21.724999427795414
decision_type=2 2 2 2 2 10 2 2 2 2 2 2 2 2 2 2 2 2 2 2 2 2 2 2 8 2 2 2 8 2
left_child=3 2 6 15 -5 -6 7 8 9 11 -11 12 13 -2 -14 16 -1 19 -19 20 21 22 24 -23 -17 26 27 28 -18 -30
right_child=1 -3 -4 4 5 -7 -8 -9 -10 10 -12 -13 14 -15 -16 17 25 18 -20 -21 -22 23 -24 -25 -26 -27 -28 -29 29 -31
leaf_value=0.00025128044384800993 -7.310727304804792e-05 -0.00088762626316611886 -0.00050934857979102169 -1.6191971471077967e-05 0.00014844780880313865 5.8251664111976446e-05 -0.00048035017432958071 0.00025624033650613966 -0.00068318742351628251 -0.00022884633645814625 0.00023708418064434975 -1.06267898412176e-05 -0.0007394891025261027 0.00030014906461470664 -0.00016768301289882853 2.4206328801099771e-06 0.00010623335042822245 0.00017389293836303539 -0.00010278928170051419 1.6957393768941801e-05 -0.00010370538410060673 3.4796303243441144e-05 -0.00016752475954565383 0.00025321229949050071 -0.00020744639367587935 -0.00012050152976904872 -1.8231967534890421e-05 -0.00014446395033806511 5.0459749932068429e-05 -0.00013985354903343103
leaf_weight=64 181 54 305 208 309 325 48 129 59 62 131 6244 84 68 66 637 737 131 40 3157 353 394 97 46 53 137 488 53 584 98
leaf_count=64 181 54 305 208 309 325 48 129 59 62 131 6244 84 68 66 637 737 131 40 3157 353 394 97 46 53 137 488 53 584 98
internal_value=0.000185765 -0.00096555 -0.00087095 0.00126722 0.00397862 0.00567823 -0.000650452 -0.000569476 -0.000786802 -0.000614394 0.00505181 -0.000779016 -0.00482456 -0.000100402 -0.0126667 0.000944264 0.00234845 0.000325998 0.00657895 0.000100274 -0.00167722 -0.000468623 -0.00257306 0.00329545 -0.000797101 0.00194325 0.00242347 0.00346467 0.00389359 0.00153959
internal_weight=15342 7431 7377 7911 842 634 7072 7024 6895 6836 193 6643 399 249 150 7069 2161 4908 171 4737 1580 1227 787 440 690 2097 1960 1472 1419 682
internal_count=15342 7431 7377 7911 842 634 7072 7024 6895 6836 193 6643 399 249 150 7069 2161 4908 171 4737 1580 1227 787 440 690 2097 1960 1472 1419 682
is_linear=0
shrinkage=0.05


Tree=31
num_leaves=31
num_cat=0
split_feature=4 0 12 6 3 8 9 15 10 14 10 3 10 1 14 15 13 13 7 10 14 8 1 12 15 14 13 13 13 0
split_gain=8.17102 3.71571 3.67051 2.81183 3.45406 3.06919 2.75323 4.08696 3.27546 2.59961 5.80228 3.68773 2.74635 2.37355 2.99606 2.36746 2.47043 3.02986 2.77596 2.7341 5.56119 2.56276 2.45208 2.27701 5.4679 3.23545 5.05966 3.58959 3.16947 2.79074
threshold=0.032051354007645499 0.019410312264634636 0.11925831623489137 0.04789614713198178 -0.0021894814804901404 0.32832643803623246 0.24049242354051939 0.0073493837312634822 0.015821655398191029 0.2082855213392413 -0.020247537407416468 -0.015691600687243897 -0.017312021268647334 0.092968154013707963 0.013234785210327617 0.026472406343890035 24.630000114440922 23.965000152587894 0.11072701431075684 0.0071561281563717891 -0.022508843870219172 -0.028350086637556112 0.054641218459423276 0.048519167358985434 0.0023300286005453201 -0.012869754487188577 14.570000171661379 15.00500011444092 18.719999313354496 0.0021241378175490548
decision_type=2 2 2 2 2 8 10 2 2 2 2 2 2 2 2 2 2 2 2 2 2 10 2 2 2 2 2 2 2 2
left_child=1 2 3 4 -1 23 8 -8 -3 10 -2 -11 -12 15 -15 16 17 18 22 20 -18 -21 -14 -6 28 26 -26 29 -25 -27
right_child=9 6 -4 -5 5 -7 7 -9 -10 11 12 -13 13 14 -16 -17 19 -19 -20 21 -22 -23 -24 24 25 27 -28 -29 -30 -31
leaf_value=4.8158313982856833e-06 0.00036744989445215291 -3.0912450542889798e-05 -9.1704256106544407e-05 4.0484786251283189e-06 6.2842222119289046e-05 -0.00013520321126649291 1.7050788945354238e-05 -0.00028962917944034254 0.00015421352868265928 -0.0016672839380717317 -0.0011216657224703836 2.5004823858227644e-05 -7.1552746065872434e-05 -0.00016713010761373447 -0.00049330075072305025 -0.00092722084330334673 -0.00057484584408404218 -0.0006136570725581331 0.0001488875221836104 0.00030473666527503157 0.0001812105406741575 -7.6561841511393728e-06 6.6165741509140738e-05 9.1665533115184916e-05 9.7760198660673543e-06 -0.0001692772534663793 -0.00032835323582851923 0.0002122423056814371 -4.2802376883279266e-05 2.487455528553662e-05
leaf_weight=2122 43 794 87 3503 4087 104 69 72 78 47 45 43 2358 343 136 44 47 57 203 83 180 40 252 206 85 43 113 46 88 50
leaf_count=2122 43 794 87 3503 4087 104 69 72 78 47 45 43 2358 343 136 44 47 57 203 83 180 40 252 206 85 43 113 46 88 50
internal_value=0.000371735 0.0010414 0.00131954 0.00140471 0.00198733 0.00272708 -0.00185094 -0.00833333 -0.000802752 -0.00160036 -0.00140303 -0.01 -0.00161035 -0.00146273 -0.00474948 -0.000980392 -0.000822981 -0.00130662 -0.00107536 0.00314286 -0.000110132 0.00914634 -0.00151341 0.00291437 0.000118859 -0.00422849 -0.00833333 0.00161871 0.00510204 -0.00403226
internal_weight=15468 11547 10534 10447 6944 4822 1013 141 872 3921 3831 90 3788 3743 479 3264 3220 2870 2813 350 227 123 2610 4718 631 337 198 139 294 93
internal_count=15468 11547 10534 10447 6944 4822 1013 141 872 3921 3831 90 3788 3743 479 3264 3220 2870 2813 350 227 123 2610 4718 631 337 198 139 294 93
is_linear=0
shrinkage=0.05


Tree=32
num_leaves=31
num_cat=0
split_feature=4 8 6 10 10 11 16 13 4 12 16 11 15 15 10 15 12 12 10 13 16 10 16 13 15 9 15 11 11 11
split_gain=6.41328 2.92905 2.54258 2.52944 3.54603 2.46916 4.15879 3.27818 2.43368 2.86039 4.25548 5.48416 4.84382 5.5767 3.33619 5.1751 4.99495 6.39779 11.5221 6.35587 4.99783 4.00939 3.89281 7.79172 5.02028 3.41668 3.1923 4.44597 6.18601 3.17382
threshold=0.030064681152661355 0.17942307390351112 -1.5171265592773886 -0.029463617054616639 -0.023232584216571036 0.016901254843129102 0.0030591072056421757 20.659999847412113 0.012754837953063576 0.048152428754814187 0.015856268912873842 0.014107159275651539 0.0019162000183972074 0.011792866509671153 0.0086411657132533532 0.013578383081203628 -0.0039943818994799254 -0.026063444497110119 -0.015449561797136633 20.865000724792484 -0.028422736345097007 -0.017312021268647334 -0.0024465734070947538 19.105000495910648 0.016209315514781223 0.23730080305369597 0.0058045489603657527 0.02151980988562963 0.0057262753565265898 -0.0042559728619938056
decision_type=2 8 2 2 2 2 2 2 2 2 2 2 2 2 2 2 2 2 2 2 2 2 2 2 2 10 2 2 2 2
left_child=1 8 -2 -4 -5 6 7 -3 -1 14 12 -12 -11 -14 16 25 17 21 -19 29 -20 -10 -17 24 -24 -16 27 28 -22 -18
right_child=2 5 3 4 -6 -7 -8 -9 9 10 11 -13 13 -15 15 22 19 18 20 -21 26 -23 23 -25 -26 -27 -28 -29 -30 -31
leaf_value=7.3862203940745671e-05 -0.00054951289131624211 6.533607687978036e-05 -0.00051132469394212844 0.00041590580885425592 -4.5860607973727526e-05 3.9794074039210383e-05 -0.00023555222605933766 -0.00016975442377521995 -0.00050381550622929363 -1.5468905433593806e-07 0.00022866276347639991 7.2710060784835207e-07 -0.00017701179644448765 0.00015447738222284089 0.00013166602692346062 0.00012590636039191535 7.8879131780181454e-05 0.00025170322363558611 4.1733551402697599e-05 0.00016242337329885296 -0.00013795226149611894 3.5276888761789288e-05 -6.2874065586721731e-05 -0.00041359526560535547 8.5377507253254055e-05 -3.765269025841258e-05 -0.00031719454150928297 9.1711175143623918e-05 -0.00043471847719713945 1.3583330419205189e-05
leaf_weight=190 49 89 43 45 4400 88 108 111 87 554 90 338 364 53 642 72 1065 76 121 131 372 846 167 71 174 60 97 77 81 4716
leaf_count=190 49 89 43 45 4400 88 108 111 87 554 90 338 364 53 642 72 1065 76 121 131 372 846 167 71 174 60 97 77 81 4716
internal_value=0.0001512 0.000811808 -0.00142715 -0.00130348 -0.00118673 -0.00340909 -0.00551948 -0.00125 0.00097185 0.000867954 -0.00123302 0.00292056 -0.00306385 -0.00713429 0.00119989 0.00366779 0.000818229 -0.00152248 -0.00473301 0.00151387 -0.00661765 0.00131297 -0.000309917 -0.00218447 0.000953079 0.00641026 -0.00841308 -0.00688679 -0.00877483 0.00126708
internal_weight=15377 10840 4537 4488 4445 396 308 200 10444 10254 1399 428 971 417 8855 1186 7669 1757 824 5912 748 933 484 412 341 702 627 530 453 5781
internal_count=15377 10840 4537 4488 4445 396 308 200 10444 10254 1399 428 971 417 8855 1186 7669 1757 824 5912 748 933 484 412 341 702 627 530 453 5781
is_linear=0
shrinkage=0.05


Tree=33
num_leaves=31
num_cat=0
split_feature=1 11 10 10 16 4 16 11 11 16 14 13 15 14 10 14 15 15 16 12 9 15 10 11 13 9 3 11 10 12
split_gain=6.25537 5.15773 6.78033 4.44422 3.39006 3.19715 3.19458 4.46739 5.15135 3.5946 3.00933 7.59029 7.56545 6.72443 6.71053 4.25003 10.7375 8.50844 4.82074 7.2519 10.0055 5.03249 7.56604 4.66022 4.58503 4.57186 4.36337 4.23507 4.53592 4.2539
threshold=0.088752533928663127 0.023520134037107735 0.00038115432096208496 -0.029463617054616639 0.052240919921549452 0.079408233858903596 0.038263219159938473 0.010411796556971999 0.01562981784988882 0.055542009442229874 -0.069744182185856193 19.010000228881839 0.004171492473531103 -0.055909224672121997 0.012088687699085778 -0.037374592254897913 -0.0020083310975906872 -0.0017737999982199713 -0.00077038950779584326 0.0094949171636059555 -0.15621683070644873 -0.0048008402280325093 -0.0022949060823098106 0.00036207217257600016 17.744999885559086 0.025216463043523877 0.0024217495218294975 0.0074730260687776448 -0.0015877931982291591 0.04031241424141075
decision_type=2 2 2 2 2 2 2 2 2 2 2 2 2 2 2 2 2 2 2 2 10 2 2 2 2 10 2 2 2 2
left_child=1 3 -3 -1 -4 6 10 -8 -9 -10 11 12 -5 14 -12 16 -15 18 -17 20 24 26 -23 -24 -20 -19 -21 29 -29 -27
right_child=-2 2 4 5 -6 -7 7 8 9 -11 13 -13 -14 15 -16 17 -18 25 19 21 -22 22 23 -25 -26 27 -28 28 -30 -31
leaf_value=-0.0005379526567055277 -0.00020734022817199785 -0.0001191956493637765 8.8033244184515749e-05 0.00024234515389298558 -0.00019047052858849821 -0.00051292255267186874 -0.00041781277107034434 0.00027058843223914768 -0.00046700609254191012 3.8217565920289258e-05 -0.00019306617240467483 -5.7974848544068958e-05 4.499391244969075e-05 -9.7106124272260954e-05 0.00016358317130994675 6.1389475053140547e-05 0.00011961978559387895 -6.6771262837774889e-05 -0.00026262236793266047 -6.4275036392177741e-05 -0.00038186122071988583 -9.0876592050587445e-05 -2.9908921530228752e-05 0.00018684987653788096 0.00017167950421004686 -1.5021072175848373e-05 0.00014056941912616631 0.00020742489328200538 1.9331889167133319e-05 -0.00019720176736862783
leaf_weight=76 711 214 1398 196 53 175 102 65 73 52 510 415 702 281 136 2939 932 2178 62 585 256 145 106 331 103 1242 154 154 960 170
leaf_count=76 711 214 1398 196 53 175 102 65 73 52 510 415 702 281 136 2939 932 2178 62 585 256 145 106 331 103 1242 154 154 960 170
internal_value=0.000326312 0.000546901 0.00316817 0.00021374 0.00439352 0.000284091 0.000375516 -0.00479452 -0.000263158 -0.0062 0.000495739 0.00276085 0.00534521 0.000231234 -0.00472136 0.000533119 0.00331822 0.000173149 0.00168233 -0.000401837 -0.00611639 0.00141938 0.00489691 0.00818078 0.00348485 -0.00132866 -0.00131935 0.000118765 0.0024237 -0.00169972
internal_weight=15476 14765 1665 13100 1451 13024 12849 292 190 125 12557 1313 898 11244 646 10598 1213 9385 4681 1742 421 1321 582 437 165 4704 739 2526 1114 1412
internal_count=15476 14765 1665 13100 1451 13024 12849 292 190 125 12557 1313 898 11244 646 10598 1213 9385 4681 1742 421 1321 582 437 165 4704 739 2526 1114 1412
is_linear=0
shrinkage=0.05


Tree=34
num_leaves=31
num_cat=0
split_feature=5 15 12 13 11 10 10 14 14 9 15 11 10 10 14 15 11 16 16 16 11 10 14 12 11 11 10 14 16 15
split_gain=6.1815 4.05049 2.93914 2.79986 4.08555 4.09818 6.60291 6.09586 6.59694 4.97279 4.48691 4.97324 4.07684 4.90962 3.88209 3.1414 3.09288 4.63182 3.50471 3.84246 4.03153 3.43036 7.35821 7.56044 8.57675 5.9581 4.95481 6.74182 6.5804 5.86052
threshold=0.023746819635614556 -0.035094807275896693 -0.080083523859072289 14.614999771118166 -0.007991929012305941 -0.0072745157566194698 0.0010681409799049304 0.014555585659076444 -0.020031535513597539 -0.08027294197479333 0.0011414538515192032 0.0080419016501751556 0.0056441913648181971 0.0044510616341220119 0.079538209541853658 0.00054532931184270172 0.039736205730229186 0.046096830380394922 0.03201337084648704 0.023071226059628861 0.03091697886550793 -0.00086144258818465758 -0.001390218635627771 0.00075809453830288931 -0.0038431021214298529 0.023520134037107735 -0.0022949060823098106 -0.011729089558044635 -0.0050270417347657017 -0.0032618373088419968
decision_type=2 2 2 2 2 2 2 2 2 10 2 2 2 2 2 2 2 2 2 2 2 2 2 2 2 2 2 2 2 2
left_child=1 -1 -2 4 -3 -6 7 8 -7 -10 11 -9 13 -8 -12 -11 18 -18 19 21 -21 26 25 -24 -25 -23 28 29 -5 -28
right_child=2 3 -4 16 5 6 12 10 9 15 14 -13 -14 -15 -16 -17 17 -19 -20 20 -22 22 23 24 -26 -27 27 -29 -30 -31
leaf_value=-0.00053183746800734757 0.00030786007608138411 0.00014297988284946712 -0.0001261389813405461 4.4082674380218053e-05 0.00018430951650359108 -0.00010162804062036659 4.8328623831433521e-05 -0.00013848555258097426 -9.8514332403866177e-05 0.00018139191173344727 -0.00026043806006042163 0.00011107664155963576 1.1448656642929346e-05 0.00019752290617378932 3.4741078152560407e-06 3.8130455674393904e-05 0.0001438227774285285 -2.7720391479745087e-05 -0.00010762503809621321 9.1629974810375405e-05 -4.0184226303680019e-05 -6.2026056398478304e-06 -0.00035915391517072124 0.0001715469251335282 -0.0001180560814708494 0.00017719915463175863 0.00037648085046975051 0.00018655885707348851 -5.5654877809388321e-05 -0.00015967489606222133
leaf_weight=62 64 168 2609 1692 129 211 853 259 96 207 134 98 950 164 45 197 213 146 682 573 137 3154 124 115 592 134 53 298 1141 140
leaf_count=62 64 168 2609 1692 129 211 853 259 96 207 134 98 950 164 45 197 213 146 682 573 137 3154 124 115 592 134 53 298 1141 140
internal_value=0.000194301 0.000652072 -0.00199214 0.000714286 0.00191541 0.00153305 0.00118233 -0.00166399 0.00137131 0.0045 -0.0056903 -0.00245098 0.00298678 0.00518682 -0.0121508 0.00693069 0.000255601 0.00480501 7.07414e-05 0.000358764 0.00387324 2.3512e-05 -0.000940762 -0.0051444 -0.0031471 0.000121655 0.00121841 0.0058554 0.000414755 -0.00142487
internal_weight=15440 12767 2673 12705 3511 3343 3214 1247 711 500 536 357 1967 1017 179 404 9194 359 8835 8153 710 7443 4119 831 707 3288 3324 491 2833 193
internal_count=15440 12767 2673 12705 3511 3343 3214 1247 711 500 536 357 1967 1017 179 404 9194 359 8835 8153 710 7443 4119 831 707 3288 3324 491 2833 193
is_linear=0
shrinkage=0.05


Tree=35
num_leaves=31
num_cat=0
split_feature=4 8 12 1 12 3 2 2 12 13 10 10 13 11 9 11 10 10 13 0 14 11 7 6 11 0 10 10 14 11
split_gain=5.39614 3.65144 3.49722 4.11264 2.91904 2.76195 3.79597 3.07875 2.60564 2.48226 3.92478 3.82587 3.13028 3.83566 4.51162 6.61222 5.96773 4.70581 3.93637 3.8273 4.39365 4.31902 3.52636 3.44993 5.40089 3.23684 3.02637 7.41594 5.42457 6.51751
threshold=0.03815836527972756 0.17361952176479437 -0.080083523859072289 -0.066102264743116021 0.082959712719514869 -0.0077399739807837422 0.015357043889244972 0.1441338607429499 0.10513809229578021 12.765000343322756 0.0011106399623194154 0.0020115894720359466 14.614999771118166 -0.009991025776769134 0.31492467263431684 0.0050783710414176184 -1.0000000180025095e-35 -0.0017418518587148377 13.085000038146974 0.0046282645766655426 0.014555585659076444 -0.0038431021214298529 -0.012173953054433638 -0.18885364689139814 0.012763464240655777 -0.044028420338923228 -0.0012723073369418911 -0.0024295602649012089 -0.001390218635627771 0.0098349830879401762
decision_type=2 8 2 2 2 2 2 2 2 2 2 2 2 2 8 2 2 2 2 2 2 2 2 2 2 2 2 2 2 2
left_child=1 9 3 -2 5 6 -3 -7 -4 10 -1 -12 13 -11 15 19 22 -17 -18 20 -15 -22 -16 -19 -25 -14 27 -27 -28 -30
right_child=2 4 8 -5 -6 7 -8 -9 -10 12 11 -13 25 14 16 17 18 23 -20 -21 21 -23 -24 24 -26 26 28 -29 29 -31
leaf_value=-6.305009306225357e-05 -0.00026044466609774421 0.00023821665053997201 -9.8227884205477113e-05 0.00045284419710807519 -0.00017556575025426264 -0.00013515584651276492 -1.3990298267604679e-05 2.2921746604020676e-05 -0.00077052855770639043 0.00016933484683588298 0.0001099697763559738 -1.9723298995229495e-05 -0.00032463746233373446 0.00012589019808755548 7.5920125300417386e-05 0.00023343028031006221 -0.00014801613866234587 0.00012470107126561931 5.4707814612614712e-05 -7.05141712688906e-05 0.00020651389581105093 -0.0001086353603225435 -0.00020676143010871307 -9.8434574697000004e-05 0.00010866486167203077 2.168341396325208e-05 1.4170951188314856e-05 0.00013128789755418712 -0.00015802426919242865 2.3037226397731437e-05
leaf_weight=255 40 46 2585 49 45 325 72 200 42 146 110 399 89 207 58 135 43 515 499 256 63 163 223 132 237 2857 3994 487 546 608
leaf_count=255 40 46 2585 49 45 325 72 200 42 146 110 399 89 207 58 135 43 515 499 256 63 163 223 132 237 2857 3994 487 546 608
internal_value=0.000421367 0.000853659 -0.00160162 0.00814607 -0.00268895 -0.00182737 0.00508475 -0.00338095 -0.00193186 0.0010564 -0.00170157 0.000834971 0.00124356 0.00273627 0.00228171 0.00374707 -0.000759417 0.0063052 0.00230627 -3.62845e-05 0.0028291 -0.00199115 -0.0066726 0.00497738 0.00128726 0.000777881 0.000877296 0.00204844 0.00011655 -0.00290295
internal_weight=15426 12710 2716 89 688 643 118 525 2627 12022 764 509 11258 2677 2531 1708 823 1019 542 689 433 226 281 884 369 8581 8492 3344 5148 1154
internal_count=15426 12710 2716 89 688 643 118 525 2627 12022 764 509 11258 2677 2531 1708 823 1019 542 689 433 226 281 884 369 8581 8492 3344 5148 1154
is_linear=0
shrinkage=0.05


Tree=36
num_leaves=31
num_cat=0
split_feature=5 13 12 1 8 1 14 13 15 15 15 13 12 12 14 10 14 10 11 13 15 14 14 10 12 11 10 10 12 14
split_gain=5.72671 3.70842 4.08942 3.5759 3.51942 3.51895 3.1553 9.98056 4.48719 3.72967 4.82456 4.85629 3.44154 4.64258 3.4437 2.87394 6.69142 6.21898 3.90853 3.85695 3.61475 5.36443 4.4251 3.85773 3.01212 4.74832 4.99657 5.1998 4.93992 4.63178
threshold=0.012951366467331858 43.015001296997077 -0.080083523859072289 0.092968154013707963 -0.047282100858846869 0.068232868927962223 -0.069744182185856193 19.010000228881839 0.004171492473531103 0.0065722736875499796 0.020902669666787447 19.72500038146973 0.047942612360438737 0.046695407011373098 -0.0068130779793595378 0.0077407225334993343 -0.04841526643133464 0.0018426326691356467 -0.0070304398457990405 13.234999656677248 0.012137628576769035 -0.037374592254897913 -0.060408912479391223 0.012088687699085778 -0.0039943818994799254 -0.0062885376888598956 0.0040754618174884136 -0.0069332481569183138 0.040552119316072284 0.08366532037956588
decision_type=2 2 2 2 10 2 2 2 2 2 2 2 2 2 2 2 2 2 2 2 2 2 2 2 2 2 2 2 2 2
left_child=5 2 4 6 -2 -1 7 8 -4 -9 11 -11 13 15 -14 16 17 -8 -19 -17 21 22 -21 -22 -18 -26 27 -27 -28 -29
right_child=1 -3 3 -5 -6 -7 12 9 -10 10 -12 -13 14 -15 -16 19 24 18 -20 20 23 -23 -24 -25 25 26 28 29 -30 -31
leaf_value=2.8917378909825138e-05 0.0004226621073560974 -0.00038976659756238602 0.00022745072627896836 -0.00019418767023239702 -7.1353189026266231e-05 -0.00020750929456776017 7.5048081714428237e-05 -0.00048200583116970471 7.2765487298023966e-05 -0.00025450813210003764 -0.00056886444903976282 6.4622336271273961e-05 -9.3024859878848012e-05 0.00023490334188551359 -1.3894984918640933e-05 -0.00021473145618094454 -6.7525798978753439e-05 -0.00062501309929655134 -0.00017465795115896674 3.9312977322153964e-05 -9.0883086713621598e-05 3.8058371587640969e-06 0.00030091234989431314 0.00011726615312802419 0.00010214711479405578 0.00016179145942968722 0.00014644941394424549 -5.7488161283472413e-05 -0.00012331101242841057 0.00019069051275907051
leaf_weight=4975 53 56 177 655 40 64 80 96 571 42 74 251 650 47 732 49 1894 89 297 47 162 126 124 156 703 261 394 2381 88 92
leaf_count=4975 53 56 177 655 40 64 80 96 571 42 74 251 650 47 732 49 1894 89 297 47 162 126 124 156 703 261 394 2381 88 92
internal_value=0.000110204 -0.000560797 -0.00049124 -0.000586052 0.00994624 0.00149335 -0.000341751 0.00204377 0.00561497 -0.0037257 -0.00143052 0.00145051 -0.000686813 -0.000236052 -0.00296671 -0.000342071 -0.000672878 -0.00643777 -0.00906736 0.00278614 0.00386179 0.00782828 0.0135965 0.000157233 -0.000210735 0.000580505 -0.000233209 -0.00106072 0.00446058 -0.00176911
internal_weight=15426 10387 10331 10238 93 5039 9583 1211 748 463 367 293 8372 6990 1382 6943 6279 466 386 664 615 297 171 318 5813 3919 3216 2734 482 2473
internal_count=15426 10387 10331 10238 93 5039 9583 1211 748 463 367 293 8372 6990 1382 6943 6279 466 386 664 615 297 171 318 5813 3919 3216 2734 482 2473
is_linear=0
shrinkage=0.05


Tree=37
num_leaves=31
num_cat=0
split_feature=4 0 15 9 9 13 3 15 14 11 15 15 8 15 13 16 8 11 16 15 12 12 11 9 4 14 15 13 16 13
split_gain=5.94346 3.89579 3.35795 2.99703 2.66427 3.59177 3.29499 3.20693 3.06575 4.8459 4.83766 4.48684 3.82045 4.05306 3.55497 3.67158 3.40279 3.26294 4.3973 4.32375 3.79709 3.3423 3.57864 3.84282 3.20238 3.17132 3.16143 4.74864 5.00978 4.44711
threshold=0.03815836527972756 -0.073670833239381325 -0.016558923548547041 0.30288213178356743 0.008627033024950272 12.84500026702881 -0.0021894814804901404 0.0047845980506155969 -0.036136320679139293 -0.014137437602101231 0.00054532931184270172 -0.0048008402280325093 0.023694442662842267 0.0049564017609204933 14.119999885559084 0.042518195138268718 0.0072535765405844508 0.011040466848303178 0.020237258589728805 0.0035594447279182488 0.031113893842954491 0.0027925982816148225 0.023520134037107735 -0.19747339479132145 0.022561879832681216 -0.04841526643133464 -0.022269163376371633 18.82499980926514 0.038464754315768575 14.444999694824221
decision_type=2 2 2 10 10 2 2 2 2 2 2 2 8 2 2 2 10 2 2 2 2 2 2 10 2 2 2 2 2 2
left_child=3 -2 -3 4 5 -1 7 -6 9 12 26 -11 13 -7 -13 16 25 -12 19 -19 -21 -20 -23 -24 -25 -16 -10 28 29 -28
right_child=1 2 -4 -5 6 8 -8 -9 10 11 17 14 -14 -15 15 -17 -18 18 21 20 -22 22 23 24 -26 -27 27 -29 -30 -31
leaf_value=-0.0001114195619179248 -0.0009363931039542277 0.00014970836342171104 -0.00011619295615897425 -5.3766391070925399e-05 -1.8833734656642338e-05 0.00010909862265787302 3.9604013144969172e-05 5.5614098824974889e-05 -0.00020904942043948607 -0.00020660451775664077 -8.6860277780121189e-05 0.00021290976563163451 -0.00036584830764702753 -0.00012648435424565449 7.0566634857776933e-05 -0.00014628284403606865 -5.7902325175235131e-06 -8.5870232481524838e-05 0.00020930070148973812 0.00035486994111388963 7.3606163802392833e-05 -0.000262652995333333 -0.00015276927299528087 0.00018620818046202449 -2.917818141002645e-05 0.00019365221764862338 7.8112959937671602e-05 7.4243806897038308e-05 -0.00037405296850033862 -2.5679423795586842e-05
leaf_weight=177 84 161 2465 700 1358 43 4455 384 85 56 876 188 45 77 526 125 327 109 56 40 112 109 130 41 60 174 405 804 93 1095
leaf_count=177 84 161 2465 700 1358 43 4455 384 85 56 876 188 45 77 526 125 327 109 56 40 112 109 130 41 60 174 405 804 93 1095
internal_value=0.000224609 -0.00190037 -0.00156131 0.000679842 0.000866109 9.12567e-05 0.00158544 -0.000258324 0.000313845 0.00219411 -0.000417186 0.00315186 -0.00590909 -0.00125 0.00373134 0.00269097 0.00367575 -0.00262557 3.80518e-05 0.00507663 0.0105263 -0.00328283 -0.00514706 -0.00162338 0.00569307 0.00564286 0.000946817 0.00128285 -0.00029818 0.0004
internal_weight=15360 2710 2626 12650 11950 5753 6197 1742 5576 1561 4015 1396 165 120 1340 1152 1027 1533 657 261 152 396 340 231 101 700 2482 2397 1593 1500
internal_count=15360 2710 2626 12650 11950 5753 6197 1742 5576 1561 4015 1396 165 120 1340 1152 1027 1533 657 261 152 396 340 231 101 700 2482 2397 1593 1500
is_linear=0
shrinkage=0.05


Tree=38
num_leaves=31
num_cat=0
split_feature=4 6 3 13 12 4 4 15 16 11 13 13 6 9 3 14 15 16 9 15 3 4 13 3 6 14 14 9 7 1
split_gain=5.71569 2.84265 3.79519 2.71204 3.97002 3.07588 2.40765 2.53069 2.7306 3.35572 3.36079 2.62083 2.24179 2.22487 2.97375 3.69502 3.07072 5.21323 2.92162 2.74365 2.62538 2.52263 2.38309 3.17057 2.30952 2.29444 2.76541 2.28537 2.20495 2.54361
threshold=0.029037742069305358 -0.35100388358324169 0.0029265353846412716 43.015001296997077 -0.080083523859072289 0.075071325175703058 0.016624663995326531 -0.0060539366076488568 0.0089823096986076951 -0.006088944680637364 19.010000228881839 14.194999694824221 -0.33730328923763236 0.25078638086508581 -0.013202536741609703 0.013234785210327617 -0.0075604834913800536 -0.0076278712276152674 0.2317567285929816 0.011670332350873116 0.0039092956953283861 0.057080737437937727 14.119999885559084 0.015877545737895907 0.36284118541696625 0.039671535485110161 0.096139789865817851 1.2533946017822171 0.11072701431075684 -0.0071976773376123951
decision_type=2 2 2 2 2 2 2 2 2 2 2 2 2 8 2 2 2 2 10 2 2 2 2 2 2 2 2 8 2 2
left_child=1 2 -1 4 -2 13 -4 -8 9 10 -9 -11 -3 18 21 16 -16 19 -6 20 -18 -15 24 28 27 -17 -27 -19 29 -24
right_child=3 12 6 -5 5 -7 7 8 -10 11 -12 -13 -14 14 15 25 17 22 -20 -21 -22 -23 23 -25 -26 26 -28 -29 -30 -31
leaf_value=1.8882924927571006e-05 0.00029864301352190161 -7.804696528413476e-05 0.00013967029668271542 -0.00044448687851879716 -3.0724774319050054e-07 -0.00063171178545947065 0.00020565260472100934 0.00014078179356267445 6.3272417445635988e-05 8.8187553665333362e-05 -2.6869809617005104e-05 -0.00012627820959379405 8.3756135286680234e-06 0.0001940701909552603 0.00014285716018251559 -0.00027626260096372344 -0.00034966331228562244 1.6196802293579366e-05 0.00019700193368476384 -0.00049781478149753429 1.888745286632086e-05 -0.000273501300361766 1.6230268822922536e-05 0.00020109364867344889 -0.00037482513633541362 -2.3842803886503984e-05 -0.00029385793566824358 0.0003620088249205065 0.00012197538988942894 -0.00022833280598907711
leaf_weight=3414 78 89 133 49 2288 284 120 116 483 83 66 194 5832 151 95 242 137 78 61 40 84 60 158 128 47 278 131 74 139 298
leaf_count=3414 78 89 133 49 2288 284 120 116 483 83 66 194 5832 151 95 242 137 78 61 40 84 60 158 128 47 278 131 74 139 298
internal_value=0.000359689 0.00101614 0.00194728 -0.00105102 -0.000932797 -0.00111565 0.00437238 0.00357815 0.00270701 -5.44662e-05 0.00521978 -0.00351986 0.000291336 -0.000796391 -0.00196262 -0.00257906 -0.00101721 -0.00171175 0.000266071 -0.00795019 -0.00576923 0.00367299 5.42299e-05 -0.00127939 0.0048995 -0.00564516 -0.00336186 0.00789474 -0.00281513 -0.00449561
internal_weight=15430 10530 4609 4900 4851 4773 1195 1062 942 459 182 277 5921 4489 2140 1929 1278 1183 2349 261 221 211 922 723 199 651 409 152 595 456
internal_count=15430 10530 4609 4900 4851 4773 1195 1062 942 459 182 277 5921 4489 2140 1929 1278 1183 2349 261 221 211 922 723 199 651 409 152 595 456
is_linear=0
shrinkage=0.05


Tree=39
num_leaves=31
num_cat=0
split_feature=13 5 13 13 12 13 10 13 11 14 14 14 13 14 12 0 12 12 10 13 8 12 8 8 3 10 10 10 12 10
split_gain=4.51303 3.75593 3.6968 12.6353 3.50815 3.11752 3.9011 3.68586 11.2311 5.68453 5.68669 5.51633 5.03248 4.8154 4.64041 5.37218 4.84741 4.6083 4.81571 4.44195 4.31373 4.13305 3.56187 3.16812 3.83561 3.15516 6.4647 3.60043 7.83217 7.09257
threshold=43.015001296997077 0.010877375108804677 30.345000267028812 28.970000267028812 -0.05023266322533259 25.505000114440922 -0.017312021268647334 22.330000877380375 0.0080419016501751556 0.08366532037956588 0.099229703636582692 -0.069744182185856193 19.010000228881839 0.079538209541853658 0.048152428754814187 0.010931186300054409 0.046695407011373098 -0.0039943818994799254 -0.01425655493307104 20.375000000000004 0.0014067698091168037 -0.018483579206587993 -0.028350086637556112 -0.0046033158861362713 0.0010240655700264336 0.0077407225334993343 0.0069016161963192388 0.0025856716208269019 0.011595821830406862 0.00576126367837937
decision_type=2 2 2 2 2 2 2 2 2 2 2 2 2 2 2 2 2 2 2 2 10 2 10 8 2 2 2 2 2 2
left_child=1 -1 3 5 -4 7 -7 9 17 11 -11 12 20 14 16 -16 25 18 -9 23 -3 -14 -17 -12 -25 26 27 -13 29 -29
right_child=-2 2 4 -5 -6 6 -8 8 -10 10 19 13 21 -15 15 22 -18 -19 -20 -21 -22 -23 -24 24 -26 -27 -28 28 -30 -31
leaf_value=3.6805102136870661e-05 -0.00041922372764001945 0.00015489753308813083 0.00032827510092344771 -0.00067486066061454993 -0.00030672019181334761 -0.00018996374964824704 0.00019781984934518493 -0.00081023052975359245 6.7007725576076832e-05 0.00021136526120608297 -0.00010724860167446024 9.4936123223461058e-06 9.4697390394978082e-05 -0.00031497989070610252 -1.6480999525511977e-05 -0.00038812580421785915 0.00022562547808058832 8.0053324782655875e-05 -0.0002024031803103804 0.00019562326669699372 4.2579258279915393e-05 -0.00023886229584051886 -0.00011863509897222609 8.0268687001746518e-05 -0.00017093806966009124 5.3548631508408442e-05 -0.00018626494166280503 -0.00023576368740814955 1.3481773017870935e-06 -2.3628330673086934e-06
leaf_weight=2017 55 459 132 73 56 56 264 92 254 206 197 4958 90 159 1235 93 92 72 442 203 561 157 333 225 93 866 196 321 1228 218
leaf_count=2017 55 459 132 73 56 56 264 92 254 206 197 4958 90 159 1235 93 92 72 442 203 561 157 333 225 93 866 196 321 1228 218
internal_value=0.000206129 0.000257363 -4.68832e-05 -0.000146466 0.00691489 -3.06044e-05 0.00484375 -0.000152941 -0.00331395 7.56939e-05 0.00384199 -0.000241656 0.00286109 -0.000646974 -0.000503145 -0.00290488 3.17299e-06 -0.0070132 -0.00861423 0.00174095 0.00441176 -0.00354251 -0.00774648 -0.000728155 0.00235849 -0.00013163 -0.000487646 -0.000226766 -0.00216469 -0.00718924
internal_weight=15403 15348 13331 13143 188 13070 320 12750 860 11890 924 10966 1267 9699 9540 1661 7879 606 534 718 1020 247 426 515 318 7787 6921 6725 1767 539
internal_count=15403 15348 13331 13143 188 13070 320 12750 860 11890 924 10966 1267 9699 9540 1661 7879 606 534 718 1020 247 426 515 318 7787 6921 6725 1767 539
is_linear=0
shrinkage=0.05


Tree=40
num_leaves=31
num_cat=0
split_feature=5 1 15 11 10 14 5 15 14 13 10 10 15 14 15 12 15 12 6 10 14 10 11 10 9 11 6 11 11 11
split_gain=4.95124 3.77647 4.03506 2.91346 3.9203 2.93139 3.73641 2.6273 2.60709 8.27467 3.97559 4.31732 3.27183 2.75987 2.64107 3.14089 2.84114 2.48796 2.57228 2.30124 2.25294 4.40202 3.38985 2.85558 2.24516 2.49944 2.19566 2.19023 2.78252 3.39285
threshold=0.014917145529059322 0.092968154013707963 -0.035094807275896693 0.023520134037107735 9.4862369999448873e-05 -0.051673805703282331 0.013786667522839765 0.011457362879825574 -0.069744182185856193 18.335000038146976 0.010927081535675788 0.017342720778944835 0.011875677230032468 -0.054330610723124943 0.0065722736875499796 -0.049048441539310476 0.020902669666787447 -0.075828254732232245 -0.3880254497526428 0.012088687699085778 0.26245601507157795 -0.017312021268647334 -0.028866681392767265 -0.016935557307996004 -0.0017260809410531983 0.028861286562295255 0.068019609336163092 -0.03145344780031472 -0.0094650122743183945 -0.011129796687205316
decision_type=2 2 2 2 2 2 2 2 2 2 2 2 2 2 2 2 2 2 2 2 2 2 2 2 10 2 2 2 2 2
left_child=3 2 -2 -1 -5 6 -6 24 9 10 -4 12 -12 19 26 -16 -17 18 -15 -10 21 22 -19 -23 -7 -26 -11 -25 29 -29
right_child=1 -3 8 4 5 7 -8 -9 13 14 11 -13 -14 17 15 16 -18 20 -20 -21 -22 23 -24 27 25 -27 -28 28 -30 -31
leaf_value=1.2301424771916774e-05 -0.00076909713357847668 -0.00019540205013541544 0.00021415510954091857 -0.00013762041744925314 -0.00012858813000263649 9.2467108135123415e-06 0.0001424401924180436 0.00014661604097120377 -0.00024803087115104382 -0.00039779747059809774 5.6684487408243182e-05 0.00023095113670273753 -0.00027346243653216462 0.00029723259794101975 0.00018416923533843426 -6.9065839784744233e-06 -0.001045229674313825 7.5142875146981026e-05 5.5774061577160185e-05 4.0931332959321747e-05 0.00029938884217097021 0.00030254966663783417 -0.00062833779719954777 -0.00029078348586702269 0.00015056681905536832 8.6493065330582781e-05 -1.8052099237117048e-05 1.3210632225903056e-05 -2.7322380903633877e-05 0.00014884676624759495
leaf_weight=7024 43 613 284 100 89 183 44 134 290 63 55 50 58 48 104 192 45 45 79 114 45 46 91 109 56 243 41 762 4066 179
leaf_count=7024 43 613 284 100 89 183 44 134 290 63 55 50 58 48 104 192 45 45 79 114 45 46 91 109 56 243 41 762 4066 179
internal_value=0.000158549 -0.000767987 -0.000429578 0.00103201 0.00379859 0.00504005 -0.00169173 0.00649351 -0.000332545 0.0021861 0.00699105 0.000766871 -0.00464602 -0.000715015 -0.00264045 -0.000513196 -0.00369198 -0.000420475 0.00649606 -0.00470297 -0.000584877 -0.000679502 -0.00955882 -0.000445564 0.00477178 0.00744147 -0.00961538 -0.000557076 -0.000404434 0.0020457
internal_weight=15295 7422 6809 7873 849 749 133 616 6766 892 447 163 113 5874 445 341 237 5470 127 404 5343 5298 136 5162 482 299 104 5116 5007 941
internal_count=15295 7422 6809 7873 849 749 133 616 6766 892 447 163 113 5874 445 341 237 5470 127 404 5343 5298 136 5162 482 299 104 5116 5007 941
is_linear=0
shrinkage=0.05


Tree=41
num_leaves=31
num_cat=0
split_feature=3 0 16 15 13 0 11 5 14 14 15 16 12 12 15 11 15 15 2 9 15 12 11 14 11 16 13 14 12 5
split_gain=4.14441 4.02018 3.58572 3.56877 3.84535 2.85191 2.73798 3.31872 2.92803 8.20637 6.38113 5.84986 5.52966 6.15427 5.34276 6.56499 4.45131 6.00472 6.28269 5.19917 4.54383 4.49611 10.7619 6.95641 6.40172 5.31921 4.09444 3.7368 5.66184 3.9889
threshold=-0.028884312790998731 0.020643463299502621 -0.032224910553068413 0.027949092010838287 24.779999732971195 -0.044028420338923228 0.025879857572445378 0.010007920319077599 -0.037374592254897913 -0.03897851358283843 -0.0033797478290387146 -0.032224910553068413 -0.042339714563459634 -0.03157965321165878 -0.01186960797000358 -0.043674056524097109 -0.0017737999982199713 -0.0010281078530802732 -0.049120756966877614 0.025216463043523877 -0.00062175022215693587 -0.0067439083526363843 -0.020171836765592806 -0.0062634959442488527 0.003505922146060048 0.0072856916513563972 20.375000000000004 0.043063332139787643 0.029587850258833818 0.011921092491903125
decision_type=2 2 2 2 2 2 2 2 2 2 2 2 2 2 2 2 2 2 2 10 2 2 2 2 2 2 2 2 2 2
left_child=2 6 -1 4 -3 -4 8 -8 9 10 -2 14 -12 -14 15 -10 21 18 -18 20 -19 23 -23 -13 25 -25 27 -24 29 -29
right_child=1 3 5 -5 -6 -7 7 -9 11 -11 12 16 13 -15 -16 -17 17 19 -20 -21 -22 22 26 24 -26 -27 -28 28 -30 -31
leaf_value=-0.00071153925128518241 -0.00014224996321337644 -5.7688666534232552e-05 -0.00048292177282156654 -0.00083256372429229533 0.00026742807439043527 0.00010093586095435885 0.00013512319940290146 3.8108237237579213e-05 -0.00058372203538175303 0.00021653758245239785 -9.7901591376125136e-05 -0.00040110411043709615 0.00031570346328603412 4.8303141458873066e-05 0.00025232220699606642 8.00343827803509e-05 8.9808037653546247e-05 0.00020709304906534629 -0.00026869033136145019 2.3791624255209662e-05 -6.8116202557636039e-05 0.00024838710225081966 2.6634635966689067e-05 -5.8320717409890294e-05 0.00014847402262871108 -0.00039710733031157795 0.00012427150003320504 -0.0001725689123584272 9.7463759820186693e-05 -8.0385212337496094e-05
leaf_weight=54 232 1668 85 44 91 101 81 1215 55 132 219 68 93 2161 242 284 89 55 340 2166 1773 151 2028 602 159 90 224 171 291 456
leaf_count=54 232 1668 85 44 91 101 81 1215 55 132 219 68 93 2161 242 284 89 55 340 2166 1773 151 2028 602 159 90 224 171 291 456
internal_value=0.000269131 0.0003722 -0.00625 -0.00184415 -0.00149233 -0.00295699 0.000670928 0.00285494 0.000436636 0.00184173 0.00124769 5.40891e-06 0.00199151 0.00272848 0.00486231 0.000811209 -0.000320328 -0.00143002 -0.00705128 -0.000826239 -0.00278993 0.000837264 0.00169377 -0.00225789 -0.0010282 -0.00310694 0.00107256 0.000577054 -0.00206972 -0.00474482
internal_weight=15420 15180 240 1803 1759 186 13377 1296 12081 2837 2705 9244 2473 2254 581 339 8663 4423 429 3994 1828 4240 3321 919 851 692 3170 2946 918 627
internal_count=15420 15180 240 1803 1759 186 13377 1296 12081 2837 2705 9244 2473 2254 581 339 8663 4423 429 3994 1828 4240 3321 919 851 692 3170 2946 918 627
is_linear=0
shrinkage=0.05


Tree=42
num_leaves=31
num_cat=0
split_feature=15 5 9 9 14 11 11 10 15 11 14 14 14 10 10 16 11 16 8 6 2 15 9 11 7 10 11 3 3 8
split_gain=5.51825 5.27219 3.30726 3.52336 3.26615 6.05448 3.94934 9.20882 6.07893 3.69401 3.43901 3.48288 3.41128 3.19698 4.8139 4.30164 4.11606 3.15134 2.98984 3.03444 2.78262 2.75424 3.2643 2.7498 2.62297 2.8863 2.69423 2.59943 2.98667 2.59713
threshold=-0.035094807275896693 0.024912487646652035 0.26837401141737366 0.0038520602141349784 0.08366532037956588 0.0043117485535457698 -0.00058147654484674838 0.0042845948220429095 0.013578383081203628 0.00301412428072434 -0.053534792570075034 -0.048867405145294966 0.096139789865817851 0.0025856716208269019 0.0012069749261046649 0.0041488831544894697 -0.023775986944761848 0.049829914521075887 0.20747144045903679 -0.69023211214574942 0.016847310606345482 0.016209315514781223 -0.27886367460697681 -0.0027616274394268721 0.015501843564769581 -0.0066375286305050954 -0.0037226818138522129 -0.0063827043460397128 0.0035842293906810378 0.028472011560215952
decision_type=2 2 10 10 2 2 2 2 2 2 2 2 2 2 2 2 2 2 8 2 2 2 10 2 2 2 2 2 2 10
left_child=-1 2 3 4 6 12 13 10 9 -9 -8 -12 -6 14 15 23 -15 21 19 20 -13 22 -10 24 26 -26 -2 -14 -29 -17
right_child=1 -3 -4 -5 5 -7 7 8 17 -11 11 18 27 16 -16 29 -18 -19 -20 -21 -22 -23 -24 -25 25 -27 -28 28 -30 -31
leaf_value=-0.00063415193169077478 7.1470559074414427e-05 -8.7141650770964079e-05 -4.6214427048020605e-05 3.3750377858590609e-05 0.0002151744626562177 0.00025925794839925804 -0.00029765567710069455 -0.00013130225715671362 -0.00022061635512034316 0.00010955480812084384 0.00017940804134513574 6.4337868407620625e-05 6.1555236251408142e-05 -0.00022919495614022144 0.00016384327119556118 -0.000297782310356554 1.4270703466347928e-06 -0.00032763812078101621 -0.0002508497999413666 -8.2600842814516652e-05 -7.5942994617739893e-05 3.5753769737039388e-05 1.2031212416305096e-05 0.00019693526991961487 -0.00033517539447665897 2.5304118588532437e-05 -0.00020851948377112301 -9.1216289072728647e-05 0.00015738216375775339 0.00012157282674385298
leaf_weight=76 690 2444 986 6005 55 96 64 41 92 850 59 239 163 70 100 125 527 52 102 1359 206 221 82 73 55 139 42 236 57 47
leaf_count=76 690 2444 986 6005 55 96 64 41 92 850 59 239 163 70 100 125 527 52 102 1359 206 221 82 73 55 139 42 236 57 47
internal_value=0.000281704 0.000348563 0.000753916 0.000985482 0.000111263 0.0035832 -0.000291309 -0.00131423 0.00190583 0.00429293 -0.00343765 -0.00306616 0.00141879 0.00155246 0.0029701 0.00207088 -0.00146566 -0.00285235 -0.00343652 -0.00296563 0.000617978 -0.00132911 -0.00603448 0.00332833 0.00259179 -0.00257732 0.00396175 0 -0.0028157 -0.00523256
internal_weight=15353 15277 12833 11847 5842 607 5235 3367 1338 891 2029 1965 511 1868 1271 1171 597 447 1906 1804 445 395 174 999 926 194 732 456 293 172
internal_count=15353 15277 12833 11847 5842 607 5235 3367 1338 891 2029 1965 511 1868 1271 1171 597 447 1906 1804 445 395 174 999 926 194 732 456 293 172
is_linear=0
shrinkage=0.05


Tree=43
num_leaves=31
num_cat=0
split_feature=13 6 12 4 12 13 4 13 9 10 14 10 8 3 10 12 3 11 14 11 11 9 13 13 5 4 11 14 7 14
split_gain=4.90882 4.08396 4.18695 3.80253 3.77512 2.99505 3.52973 4.40415 4.57289 3.58046 3.35649 4.3015 2.80222 2.63401 3.93533 2.81631 2.6988 2.83425 2.57613 2.33099 5.37268 4.69309 3.2048 3.02702 2.86613 3.04352 2.84422 2.50088 3.31809 2.25625
threshold=43.015001296997077 -0.010934560855522349 -0.080083523859072289 0.053308925800219474 0.11925831623489137 12.765000343322756 0.021504322821693175 14.00500011444092 0.026941251114971258 0.0038763906562415689 -0.030661999778822443 0.0081092433422627081 0.0072535765405844508 -0.013705176684760343 -0.0012184611818299438 -0.022817700133215598 -0.00025163459857963083 0.025879857572445378 0.009860755526874045 -0.00043727592468612014 -0.011129796687205316 0.26460286485330281 20.610000610351566 14.835000038146974 0.016184380443325364 0.02358459898797877 -0.013447724126553815 -0.068623004427642229 0.0020860268684980148 -0.013346627210452431
decision_type=2 2 2 2 2 2 2 2 10 2 2 2 8 2 2 2 2 2 2 2 2 8 2 2 2 2 2 2 2 2
left_child=1 2 -1 -3 5 10 -7 8 9 12 11 -4 -8 14 15 -9 17 19 -10 20 21 26 27 -22 25 -25 -15 -21 -29 -19
right_child=-2 3 4 -5 -6 6 7 13 18 -11 -12 -13 -14 16 -16 -17 -18 29 -20 22 23 -23 -24 24 -26 -27 -28 28 -30 -31
leaf_value=0.00028168943212413244 -0.00040854523446365938 -8.446535515770244e-06 8.5164275578625471e-05 -0.00033115591791654694 -0.00011699976296668307 4.1452564434081859e-05 3.7330331917796291e-05 -0.00011557768959433377 0.00015560643944220414 0.00016670772194934039 -6.3874934110911809e-05 -0.00019440884640812658 -0.0001584623881085655 3.8362180035852623e-05 -0.00015068252291268867 0.00022157723052699618 1.2101622138746441e-05 -2.8441060716124505e-05 2.8083689528646608e-05 0.00013475369520064609 -0.00015015120282672818 -0.00023198168607075156 0.00014559868233619293 6.448489446053739e-05 4.6617303718920908e-05 0.00018066239282364763 -0.00030561665917727752 -0.00023875491814707485 -5.8351814366257044e-05 0.000162832492386445
leaf_weight=68 57 5507 92 407 85 2970 147 49 225 121 437 41 118 248 100 139 2690 96 79 63 53 169 87 73 240 86 41 366 392 144
leaf_count=68 57 5507 92 407 85 2970 147 49 225 121 437 41 118 248 100 139 2690 96 79 63 53 169 87 73 240 86 41 366 392 144
internal_value=0.00017219 0.000226635 0.000873235 -0.000803179 0.000783339 0.00087956 0.00110971 0.000384212 0.00413043 0.000518135 -0.00263158 0.00432331 -0.00273585 -0.000129071 0.00451389 0.0087766 -0.000410699 -0.00177357 0.00871711 -0.00244774 -0.000659341 -0.00447598 -0.00424009 0.00320796 0.00469925 0.00990566 -0.000605536 -0.00520706 -0.00600264 0.00333333
internal_weight=15390 15333 9419 5914 9351 9266 8696 5726 690 386 570 133 265 5036 288 188 4748 2058 304 1818 910 458 908 452 399 159 289 821 758 240
internal_count=15390 15333 9419 5914 9351 9266 8696 5726 690 386 570 133 265 5036 288 188 4748 2058 304 1818 910 458 908 452 399 159 289 821 758 240
is_linear=0
shrinkage=0.05


Tree=44
num_leaves=31
num_cat=0
split_feature=13 1 13 4 13 12 11 16 7 14 15 15 12 13 16 15 11 12 3 14 12 15 12 12 8 15 13 15 16 6
split_gain=5.47583 3.72148 3.16706 3.04137 2.58898 10.8414 3.27761 5.31139 5.02731 2.78917 8.34945 5.66795 4.99129 6.99061 4.86506 4.52718 4.42716 4.09092 3.99421 3.45435 6.00285 4.34743 3.66573 8.46451 3.91637 4.14812 3.56978 3.53179 3.49109 3.45461
threshold=43.015001296997077 0.088752533928663127 33.719999313354499 0.01481749936915242 28.970000267028812 -0.071455492513037885 0.039736205730229186 0.046096830380394922 0.012870257545666288 -0.034719790282674072 -0.0033797478290387146 0.0033433943637545265 0.034436805865122662 22.330000877380375 -0.0023322835850739794 -0.0017737999982199713 0.0050783710414176184 -0.0032252880989698247 -0.028884312790998731 -0.018785167459125836 0.040854121966551922 0.0035594447279182488 -0.032202147577946531 -0.013469697209426477 inf -0.0012957388444095328 12.765000343322756 0.0019162000183972074 -0.0036948894832993791 -0.47966338514726148
decision_type=2 2 2 2 2 2 2 2 2 2 2 2 2 2 2 2 2 2 2 2 2 2 2 2 8 2 2 2 2 2
left_child=1 2 3 -1 6 -6 9 -8 -9 10 17 12 13 -12 -14 18 -16 -5 -11 20 21 -17 28 27 25 -25 29 -24 -21 -27
right_child=-2 -3 -4 4 5 -7 7 8 -10 15 11 -13 14 -15 16 19 -18 -19 -20 22 -22 -23 23 24 -26 26 -28 -29 -30 -31
leaf_value=6.1313422605050822e-05 -0.00038815642049320424 -0.00012949217685794215 0.00029935423706379188 4.1540260555142029e-05 0.00026655409113184015 -0.00075196910120252022 0.0001264880885487104 0.00017590890231134395 -0.00011327902592731768 -0.00058208711585397768 0.00022199618016700818 1.4625648458467881e-05 -0.00014322824956598118 -7.3546885354537571e-05 0.00019222479491559749 -0.00013178373025401159 2.7320191380852347e-05 -0.00020893296171728407 1.9670526911024164e-05 0.00023321490494912405 -0.00018890806228873746 3.0861236059834001e-05 -4.4089159102174385e-05 -0.00017265786626877166 -0.0002166544650722772 -0.00013374953433800791 2.0498054222841995e-05 -0.00033302424805167486 -4.3615470581012066e-05 -7.8322103995227391e-06
leaf_weight=556 54 719 71 71 72 103 226 64 94 81 411 2589 133 90 52 291 178 234 4551 125 296 361 116 236 83 129 3048 171 74 196
leaf_count=556 54 719 71 71 72 103 226 64 94 81 411 2589 133 90 52 291 178 234 4551 125 296 361 116 236 83 129 3048 171 74 196
internal_value=0.000153473 0.00020913 0.000380901 0.000329779 0.000186501 -0.00585714 0.00026259 0.00481771 -0.00221519 0.000133175 0.00129058 0.00199102 0.00549769 0.00873253 0.00103306 -0.000312564 0.00543478 -0.00663934 0.00082038 -0.00133632 -0.00406118 -0.00138037 -0.000718047 -0.00104926 -0.000406284 -0.000159324 0.00028906 -0.00932056 0.00590452 -0.00469231
internal_weight=15475 15421 14702 14631 14075 175 13900 384 158 13516 3758 3453 864 501 363 9758 230 305 4632 5126 948 652 4178 3979 3692 3609 3373 287 199 325
internal_count=15475 15421 14702 14631 14075 175 13900 384 158 13516 3758 3453 864 501 363 9758 230 305 4632 5126 948 652 4178 3979 3692 3609 3373 287 199 325
is_linear=0
shrinkage=0.05


Tree=45
num_leaves=31
num_cat=0
split_feature=15 1 11 10 10 14 11 14 14 11 16 11 4 10 16 11 12 10 16 16 16 16 10 12 14 16 12 14 15 3
split_gain=4.0776 3.24869 4.00122 5.19513 4.18295 7.2814 6.34825 5.83356 7.22331 7.46756 6.72425 7.79397 5.36002 4.76032 6.01804 4.64311 5.4526 6.15815 4.93899 7.94883 4.40014 3.97896 3.95784 3.82336 3.79505 4.84389 5.73594 4.5641 4.97162 4.2033
threshold=-0.035094807275896693 0.088752533928663127 0.023520134037107735 -0.0020232052612233482 -0.0012723073369418911 -0.034719790282674072 -0.023324980459216712 0.009860755526874045 -0.00096971916429922078 0.010167867285780898 -0.0050270417347657017 0.0038135025222709733 0.028120860271516682 -0.0061038780912164295 0.014017208758588919 0.022469788955672868 0.0094949171636059555 0.010000558479015599 -0.0081472126155722729 0.02276216208716875 -0.0073121577026323261 0.038263219159938473 -0.0024295602649012089 0.010183685907573794 -0.054330610723124943 -0.016544564774183031 0.0094949171636059555 -0.067583665573298909 0.004171492473531103 -0.0038353943341900005
decision_type=2 2 2 2 2 2 2 2 2 2 2 2 2 2 2 2 2 2 2 2 2 2 2 2 2 2 2 2 2 2
left_child=-1 2 4 -4 7 6 -6 8 9 -2 20 13 -13 14 -12 16 18 21 -7 -20 -9 23 -15 -18 27 -26 -27 28 29 -8
right_child=1 -3 3 -5 5 15 24 10 -10 -11 11 12 -14 22 -16 -17 17 -19 19 -21 -22 -23 -24 -25 25 26 -28 -29 -30 -31
leaf_value=-0.00059861750204318824 5.8468778204063537e-05 -0.00012984529203424102 -0.00015602916817323783 5.1413862888822919e-05 -0.00020231934606200694 -6.8327097701144023e-06 -1.6875193607234157e-05 3.3642605521070596e-05 0.00014766120702313951 -0.0001459906012496899 -9.5539324060769912e-05 7.7068337563284293e-05 -0.0001318217755662576 -0.00026668484007705962 0.00014554720062302033 -0.00022330622035282327 0.00029252406440702817 -0.00027790075266058553 -0.00025823201029116468 6.0554368781663508e-05 0.00018683273740003259 -0.00034201910765819209 -1.0759014078999715e-05 -6.3267035789966147e-06 -9.4206311031671365e-05 0.00024970015523577486 5.1067578113453333e-05 -7.7248335615842182e-05 8.3524636537640053e-06 0.00022257442798932225
leaf_weight=74 678 693 97 1589 175 333 59 1787 453 194 478 552 244 425 155 120 57 108 462 88 152 62 152 3073 60 223 925 588 1181 172
leaf_count=74 678 693 97 1589 175 333 59 1787 453 194 478 552 244 425 155 120 57 108 462 88 152 62 152 3073 60 223 925 588 1181 172
internal_value=0.000222273 0.000278774 0.000437099 0.00272835 0.000138932 -0.000604996 0.00113065 0.00122391 0.00409434 0.00143349 0.000259823 -0.00176969 0.00207286 -0.00429752 -0.00130332 -0.00196956 -0.00169137 -0.000757576 -0.0051812 -0.00809091 0.00235946 -0.000360276 -0.00758232 -0.000111821 0.00163653 0.00384934 0.00457317 0.0003 0.00184136 0.00854978
internal_weight=15409 15335 14642 1686 12956 7686 3383 5270 1325 872 3945 2006 796 1210 633 4303 4183 3300 883 550 1939 3192 577 3130 3208 1208 1148 2000 1412 231
internal_count=15409 15335 14642 1686 12956 7686 3383 5270 1325 872 3945 2006 796 1210 633 4303 4183 3300 883 550 1939 3192 577 3130 3208 1208 1148 2000 1412 231
is_linear=0
shrinkage=0.05


Tree=46
num_leaves=31
num_cat=0
split_feature=4 10 0 9 8 8 2 9 15 1 15 3 0 10 9 9 0 12 10 10 16 16 8 4 14 15 10 7 14 16
split_gain=3.78146 2.46009 2.43376 2.44091 2.99124 2.08946 3.11078 2.89182 3.03634 2.79544 2.26124 2.15879 3.26201 2.1046 2.09422 1.9993 1.94296 1.93522 2.46895 2.98496 2.24477 3.3263 1.95663 1.89741 1.86506 3.71387 3.59734 5.21725 3.90913 6.52281
threshold=0.032051354007645499 0.018049187231064859 -0.073670833239381325 -0.24057227976981502 -0.23896898081159493 0.11205021078693801 -0.064794133210094459 0.52910303523913182 0.013996932475183634 0.03380446913109237 0.0094018981615522374 0.00012403876877720157 -0.0037017345550302001 0.017342720778944835 0.16843429017094905 0.44831354004296148 0.019410312264634636 0.032681428867271885 0.0057742821370848638 0.0091384979590398725 0.016607004107004112 0.03566904146964623 0.07326006286005228 0.038546146620529124 -0.034719790282674072 -0.0059215527655733227 -0.0012723073369418911 -0.019471873539955994 0.00619378828642947 0.021085184560570628
decision_type=2 2 2 8 8 10 2 8 2 2 2 2 2 2 10 10 2 2 2 2 2 2 8 2 2 2 2 2 2 2
left_child=1 16 -2 -4 -5 6 15 11 -9 -7 -11 12 23 -13 -14 -6 24 18 -18 -20 -19 22 -22 -8 25 -1 28 -28 29 -26
right_child=2 -3 3 4 5 9 7 8 -10 10 -12 13 14 -15 -16 -17 17 20 19 -21 21 -23 -24 -25 26 -27 27 -29 -30 -31
leaf_value=-0.00019506113993511759 -0.00060401495880421153 7.5326403073041744e-05 0.00015173752117084231 -0.0012710632483723631 2.3777432000259525e-05 0.00015549717847033429 -7.9778889995074052e-05 -0.00018965935774941249 -0.00057878074331178992 -0.00011714400877789667 0.00018788835603347634 -1.8482037379279234e-05 -0.00032296424676227963 0.00028860643710423292 -3.1161957985484379e-05 -0.0003535190365653181 4.4902905891019714e-05 -0.00016947498438213881 -0.00017072528551876628 8.9470037657266552e-06 -1.3904248102395312e-05 -0.00021058591608807441 0.00014644329879762912 0.00010549482839935603 0.0001178356786537358 3.6377521176619637e-05 -8.4813203738874963e-05 1.5154359824675777e-06 1.09001511643974e-05 -7.7244826492074454e-05
leaf_weight=73 107 173 184 54 956 357 110 460 64 445 115 547 179 48 100 46 369 184 110 168 65 40 44 185 630 2482 716 3232 3062 137
leaf_count=73 107 173 184 54 956 357 110 460 64 445 115 547 179 48 100 46 369 184 110 168 65 40 44 185 630 2482 716 3232 3062 137
internal_value=0.000126279 0.000585546 -0.00120672 -0.001 -0.00128205 -0.00110742 -0.00180891 -0.00311577 -0.00620229 0.000954198 -0.00125 -0.00173225 -0.00391986 0.000378151 -0.0077957 0.000399202 0.00049505 -0.00163265 -3.86399e-05 -0.00359712 -0.00472973 -0.000167785 0.0043578 -0.000254237 0.000696864 0.00186888 0.000311817 -0.000747214 0.00140376 0.00459583
internal_weight=15442 11485 3957 3850 3666 3612 2695 1693 524 917 560 1169 574 595 279 1002 11312 980 647 278 333 149 109 295 10332 2555 7777 3948 3829 767
internal_count=15442 11485 3957 3850 3666 3612 2695 1693 524 917 560 1169 574 595 279 1002 11312 980 647 278 333 149 109 295 10332 2555 7777 3948 3829 767
is_linear=0
shrinkage=0.05


Tree=47
num_leaves=31
num_cat=0
split_feature=3 5 11 4 16 11 5 11 10 0 6 6 0 0 5 8 9 6 14 9 1 11 16 0 11 10 13 10 8 8
split_gain=3.81033 3.076 2.92704 2.60757 3.05976 3.0713 2.75466 2.00762 2.38153 4.35174 2.39749 2.06471 2.00757 1.83706 2.92669 2.16571 1.82032 2.6021 1.91285 1.764 1.69961 1.62815 4.53254 2.88302 2.52675 2.46955 2.78734 2.77873 2.78904 2.45571
threshold=-0.028884312790998731 0.038375889274056794 -0.020171836765592806 0.03815836527972756 -0.032224910553068413 -0.040606280288626444 0.031134488118109153 -0.025492128925019227 0.0045502550851714849 0.017856534353671964 1.9448849879420245 -0.19993074484543652 -0.044028420338923228 0.049183601029372699 0.02949095200472605 -0.0017888676033847581 -0.15621683070644873 -0.89010452567454224 0.074532352734606358 0.070483816158694382 -0.043656458013398951 0.023520134037107735 0.052240919921549452 -0.0054426542417299597 0.022469788955672868 0.013014637430332267 14.194999694824221 0.011878976050790248 -0.01357982157939641 0.41201347911188896
decision_type=2 2 2 2 2 2 2 2 2 2 2 2 2 2 2 10 8 2 2 8 2 2 2 2 2 2 2 2 10 8
left_child=1 2 -1 6 5 -5 21 11 9 16 13 -6 -4 14 -11 -16 -9 -18 -19 -20 -7 24 23 -23 25 27 -27 29 -29 -2
right_child=3 -3 12 4 7 20 -8 8 -10 10 -12 -13 -14 -15 15 -17 17 18 19 -21 -22 22 -24 -25 -26 26 -28 28 -30 -31
leaf_value=-0.00054483224392421847 1.1144841471036598e-05 -0.0012764938018771524 -5.4368590886587359e-05 -8.2201273473894634e-05 -4.8173834752177592e-05 0.00035307016866965971 0.00035647229065565963 0.0001348399265996884 2.0983485839809469e-05 -0.00061221087983241067 0.00019088762634637496 -0.0011833728145522568 0.00023683365061092612 -0.00046406363028581401 -0.00068552898366480101 1.7125158536060794e-05 -0.00028134248315849446 6.2243015314827558e-06 7.4260211598247601e-05 -0.00033077769117388937 0.00014602247535420152 -3.2691237240110297e-05 -0.00015778244483804539 5.609860695419871e-05 -6.0470232497265183e-05 -0.0002465932141794246 -2.1205727516364088e-05 -8.4128156648950151e-05 0.00032638394568718136 -5.7707490494669913e-05
leaf_weight=60 10006 60 53 54 41 69 40 142 823 57 47 49 62 55 56 95 142 703 46 144 52 288 49 1101 186 48 377 44 85 320
leaf_count=60 10006 60 53 54 41 69 40 142 823 57 47 49 62 55 56 95 142 703 46 144 52 288 49 1101 186 48 377 44 85 320
internal_value=0.000254005 -0.00606383 -0.00271429 0.000352206 -0.00109709 0.00528571 0.000649713 -0.0015625 -0.00127706 -0.00247142 -0.00774194 -0.00888889 0.00195652 -0.00960076 -0.00745192 -0.00380795 -0.00108326 -0.00181159 -0.00081187 -0.00526316 0.00971074 0.000607806 0.00219054 0.00271778 0.000402133 0.000500919 -0.00323529 0.000652798 0.00794574 0.000561689
internal_weight=15354 235 175 15119 2575 175 12544 2400 2310 1487 310 90 115 263 208 151 1177 1035 893 190 121 12504 1438 1389 11066 10880 425 10455 129 10326
internal_count=15354 235 175 15119 2575 175 12544 2400 2310 1487 310 90 115 263 208 151 1177 1035 893 190 121 12504 1438 1389 11066 10880 425 10455 129 10326
is_linear=0
shrinkage=0.05


Tree=48
num_leaves=31
num_cat=0
split_feature=3 9 10 16 13 0 13 3 12 9 14 12 13 13 10 14 8 14 14 12 13 16 13 10 13 13 13 12 13 12
split_gain=3.2453 4.34496 3.68504 3.50374 3.05377 3.16842 2.97912 4.93778 3.79584 6.75832 3.20649 3.11768 4.54249 4.19205 3.23118 3.07257 3.07872 3.05181 3.17083 2.81092 3.13479 2.51261 2.85618 2.57268 2.46412 7.44808 2.42286 3.14082 2.34883 2.46362
threshold=-0.00025163459857963083 0.25078638086508581 0.015821655398191029 0.038263219159938473 20.814999580383304 0.0093587130277206238 18.904999732971195 -0.028884312790998731 -0.0067439083526363843 -0.12009656660450822 -0.073802250117532039 -0.067575667738432196 21.409999847412113 23.409999847412113 -0.0045416194752428965 -0.096084571305829466 -0.012137750566731996 -0.044602619567361605 -0.029883265784418574 -0.023732620371274545 15.074999809265138 0.0041488831544894697 14.614999771118166 -0.0045416194752428965 30.345000267028812 28.970000267028812 20.375000000000004 0.054230136510325939 19.055000305175785 0.025094394282717428
decision_type=2 8 2 2 2 2 2 2 2 10 2 2 2 2 2 2 10 2 2 2 2 2 2 2 2 2 2 2 2 2
left_child=2 24 6 4 21 -6 10 -8 9 -9 15 -11 14 -14 -13 16 -1 -10 -19 -5 -21 22 -3 -23 25 -2 -20 -28 29 -24
right_child=1 3 -4 19 5 -7 7 8 17 11 -12 12 13 -15 -16 -17 -18 18 26 20 -22 23 28 -25 -26 -27 27 -29 -30 -31
leaf_value=0.00028494864094038419 3.0411194710494758e-05 0.00013092802692809882 -0.00017466111777995696 0.00014040575116363143 -1.1237819932167874e-05 -0.00036467380648650191 -0.00042336169846354126 9.1605951415689709e-05 -6.2292934797138859e-05 6.125389767586694e-05 -2.446231922649746e-05 -0.00030507178272336151 -0.00053740324826150509 -0.00010441371294014285 0.00032365866617326244 0.0001771456586321483 -0.00010088224997923741 0.00042308311608132065 3.0960487635503606e-05 -3.0818239043433718e-05 -0.00035417572426052653 -0.00016100068839933115 2.8208514612110617e-05 -6.0034803494229964e-06 0.00024905060008841663 -0.00055291870127830627 0.00020012404530102818 -2.3060960047223153e-05 0.00011927069789174888 -0.00012344420981429683
leaf_weight=43 5423 246 116 43 141 83 115 349 124 111 4570 76 127 304 97 106 77 53 337 82 125 135 432 1347 97 40 205 74 152 165
leaf_count=43 5423 246 116 43 141 83 115 349 124 111 4570 76 127 304 97 106 77 53 337 82 125 135 432 1347 97 40 205 74 152 165
internal_value=0.000160766 0.000813653 -0.000646426 -0.000737038 -0.000212884 -0.00580357 -0.000494976 0.00114097 0.0017636 -0.00018797 -0.00116764 -0.00297203 -0.00438742 -0.00713457 0.00245665 0.00464602 -0.000833333 0.00438209 0.00571749 -0.0064 -0.00881643 0.000292693 0.00223618 -0.00101215 0.00163669 0.00149643 0.00470779 0.00815412 0.000700935 -0.000711893
internal_weight=15395 8511 6884 2951 2701 224 6768 1972 1857 1064 4796 715 604 431 173 226 120 793 669 250 207 2477 995 1482 5560 5463 616 279 749 597
internal_count=15395 8511 6884 2951 2701 224 6768 1972 1857 1064 4796 715 604 431 173 226 120 793 669 250 207 2477 995 1482 5560 5463 616 279 749 597
is_linear=0
shrinkage=0.05


Tree=49
num_leaves=31
num_cat=0
split_feature=6 4 6 15 15 12 12 12 5 2 12 4 14 16 10 9 10 8 12 6 10 16 6 1 12 12 14 15 0 15
split_gain=3.3067 4.52483 2.8773 2.2369 2.19334 2.19183 2.35221 2.34638 2.24424 2.19067 2.12207 2.09856 2.27988 2.22627 5.56088 3.85603 3.25031 2.29797 2.32585 3.11917 2.47742 3.22563 3.04668 2.58246 3.28876 2.29944 3.88194 2.9014 2.93973 3.87599
threshold=0.0080583954532518522 0.051698190700859133 0.087968334739671569 -0.035094807275896693 0.010194253420373946 0.047942612360438737 0.088558977923196683 0.044320359090521573 0.015993083564072742 0.12513314936667488 0.025891227529327935 0.015901266718052014 0.080215061359134712 0.036520666091114047 0.0095301107789625989 -0.063818447043527057 0.013014637430332267 0.10310477434702971 -0.0032252880989698247 -0.3953678462935214 -0.0066832750011283628 0.0052899636969454553 -1.0514769923894944 0.043773647055960992 0.023295857250901001 0.048519167358985434 0.022733060097011152 0.019813728809823797 0.012516587702727346 0.0040236590702711359
decision_type=2 2 2 2 2 2 2 2 2 2 2 2 2 2 2 10 2 10 2 2 2 2 2 2 2 2 2 2 2 2
left_child=11 2 9 -4 -3 7 8 -5 -7 10 -2 12 -1 17 15 -15 -16 25 19 -19 -20 -22 -23 24 -24 27 -27 28 -13 -30
right_child=1 4 3 5 -6 6 -8 -9 -10 -11 -12 13 -14 14 16 -17 -18 18 20 -21 21 22 23 -25 -26 26 -28 -29 29 -31
leaf_value=6.7531973085770613e-05 -0.00016554565646113406 -0.00031336146816483888 -0.0005988813801860427 7.9307505946324588e-06 6.1841884308379974e-05 -1.5873639253794578e-05 3.9824358387510061e-05 0.0001332096765789242 -0.00030973928865539842 -0.00019286004015413121 1.78016621039224e-05 1.9073683691171587e-05 -0.00011655938343768909 -0.00023776703103394592 0.00027416182139009129 -3.1208121671756868e-05 -1.6708436999137638e-05 -0.00018549207325674013 0.00035916832869264178 0.00014735784975037096 -9.7733055733446525e-06 -0.00018570948020665766 2.4885290610106607e-05 5.0662607987201143e-05 0.00022825294560833593 -5.866887475030093e-05 6.6018470218642347e-05 0.00021113355810274594 -0.00013583891819181237 1.3076191884010737e-05
leaf_weight=577 230 381 41 4128 75 395 123 91 193 44 161 5248 45 196 61 298 84 55 70 52 369 54 81 176 196 672 249 94 377 591
leaf_count=577 230 381 41 4128 75 395 123 91 193 44 161 5248 45 196 61 298 84 55 70 52 369 54 81 176 196 672 249 94 377 591
internal_value=0.000235283 -0.00069942 -0.000295967 4.52625e-05 -0.00548246 0.000141988 -0.00242616 0.000574781 -0.0037415 -0.0041954 -0.00300512 0.000809324 0.00361736 0.000613583 -0.00223005 -0.00475709 0.00637931 0.000832931 0.00301519 -0.00397196 0.0038055 0.00308219 0.00567061 0.00700883 0.0100181 0.000515143 -0.00181868 0.000855784 0.000723938 -0.00180785
internal_weight=15407 5862 5406 4971 456 4930 711 4219 588 435 391 9545 622 8923 639 494 145 8284 1053 107 946 876 507 453 277 7231 921 6310 6216 968
internal_count=15407 5862 5406 4971 456 4930 711 4219 588 435 391 9545 622 8923 639 494 145 8284 1053 107 946 876 507 453 277 7231 921 6310 6216 968
is_linear=0
shrinkage=0.05


Tree=50
num_leaves=31
num_cat=0
split_feature=3 9 11 11 13 8 1 9 4 8 3 13 11 11 11 2 13 13 7 6 1 15 1 13 13 6 3 11 11 1
split_gain=2.95873 3.13439 2.62615 3.51651 2.99529 2.52908 3.05929 3.15726 3.04852 2.6997 2.62469 2.62043 2.52621 5.53246 4.0609 3.6455 3.17543 3.0611 2.81539 2.88837 2.65462 2.94326 2.52429 3.09743 2.85844 3.61411 2.66781 4.66758 2.4974 2.48952
threshold=-0.00048318784463202697 0.26837401141737366 0.027529251962658655 0.023085155156340468 16.345000267028812 0.042795347623567077 -0.0083695479393372501 0.76331003180834511 0.024828562590148155 -0.027558455187830951 0.002998296436409698 17.914999961853031 0.0050783710414176184 -0.0042559728619938056 0.0057262753565265898 0.16372743981216845 18.94999980926514 19.585000038146976 0.054532656829997757 0.087968334739671569 1.0000000180025095e-35 0.0090200384088822156 0.066359779739644145 23.529999732971195 16.285000801086429 -1.0361281114877272 0.006261373218984235 0.011376560633504786 0.020401275171010317 -0.023044631198776085
decision_type=2 8 2 2 2 10 2 8 2 8 2 2 2 2 2 2 2 2 2 2 2 2 2 2 2 2 2 2 2 2
left_child=-1 12 3 5 -5 8 7 -7 9 11 -11 -3 13 15 -14 16 -2 -18 20 -20 21 -15 23 24 25 -16 27 -26 -8 -27
right_child=1 2 -4 4 -6 6 28 -9 -10 10 -12 -13 14 18 22 -17 17 -19 19 -21 -22 -23 -24 -25 26 29 -28 -29 -30 -31
leaf_value=-7.8026253567005637e-06 9.6365727810915827e-05 1.6269695048494548e-05 -0.00011925840977551506 1.3711167166911669e-05 0.00034308003648364938 3.0952442465658667e-05 7.5862938084801136e-06 0.00018606260187262278 -0.00017230487076000191 -8.991975691389585e-05 4.055509889865296e-05 0.00012878091417493649 0.00021454693024822313 -6.2243981431333616e-05 -3.8238881982364498e-05 -0.00019654658267981946 -0.00013620924798740734 5.5408693991308019e-05 0.00018064123121626656 -7.0441854595864302e-05 -8.2716982913270997e-05 9.9317746767216611e-05 -5.7561064428455484e-05 0.00019124075417594825 -0.00011524354592172792 -3.0640451714938984e-05 -8.9424607453657636e-05 6.6559230281859321e-05 -0.00038588131061414034 8.5668618257328248e-05
leaf_weight=6646 585 120 202 115 54 124 988 108 611 236 206 51 111 388 154 52 170 751 51 70 533 166 282 85 243 183 258 560 60 1248
leaf_count=6646 585 120 202 115 54 124 988 108 611 236 206 51 111 388 154 52 170 751 51 70 533 166 282 85 243 183 258 560 60 1248
internal_value=0.000306599 0.000909869 -0.000443478 -2.80584e-05 0.00695266 -0.000499201 0.00105469 0.00625 -0.00212418 0.000367047 -0.00169683 0.00570175 0.00157046 0.000469993 0.00254481 0.00243902 0.00288845 0.00105863 -0.00206954 0.00516529 -0.00287489 -0.000451264 0.00219881 0.00266386 0.00236206 0.00370662 0.00035344 0.0017746 -9.54198e-05 0.00448987
internal_weight=15411 8765 2875 2673 169 2504 1280 232 1224 613 442 171 5890 2766 3124 1558 1506 921 1208 121 1087 554 3013 2731 2646 1585 1061 803 1048 1431
internal_count=15411 8765 2875 2673 169 2504 1280 232 1224 613 442 171 5890 2766 3124 1558 1506 921 1208 121 1087 554 3013 2731 2646 1585 1061 803 1048 1431
is_linear=0
shrinkage=0.05


Tree=51
num_leaves=31
num_cat=0
split_feature=3 15 12 12 15 13 14 11 15 10 15 14 10 13 16 3 11 15 11 11 12 14 10 14 13 12 13 13 15 3
split_gain=2.495 2.89039 2.14588 4.40198 3.46873 3.3223 4.87048 3.60036 7.85719 7.22247 3.70823 5.06654 7.43994 5.84556 5.19974 5.06002 5.00064 4.74299 4.09301 4.19433 4.08351 5.60303 4.78345 4.40333 4.02922 3.96342 7.23432 3.96146 3.76146 3.74431
threshold=-0.028884312790998731 -0.01186960797000358 0.047942612360438737 0.046695407011373098 0.0023300286005453201 12.765000343322756 -0.0055188195568775513 0.016536757711404618 -0.0069374557914478876 -0.0019196939168492631 -0.0068216585720705094 0.005094684764536229 -0.002637490060104108 20.610000610351566 -0.013159128897653969 0.0029265353846412716 0.014880689278647387 0.0068691622865492139 -0.006088944680637364 -0.011693730673341061 -0.029032360146205412 0.15949463237792252 -0.0012184611818299438 0.01016731697942619 29.835000038146976 0.00075809453830288931 17.914999961853031 18.675000190734867 0.018381868172431041 -0.0035148105937829461
decision_type=2 2 2 2 2 2 2 2 2 2 2 2 2 2 2 2 2 2 2 2 2 2 2 2 2 2 2 2 2 2
left_child=1 -1 3 5 -4 6 -2 10 -9 -10 16 12 -12 15 -13 18 20 -17 19 27 21 -7 23 -22 -23 -16 -27 -14 -19 -28
right_child=2 -3 4 -5 -6 7 -8 8 9 -11 11 14 13 -15 25 17 -18 28 -20 -21 22 24 -24 -25 -26 26 29 -29 -30 -31
leaf_value=-0.00082553265376201232 6.9063716388312674e-06 -8.0560692058443892e-06 9.3068693713726197e-06 0.00016281526186045364 -4.3326510338003673e-05 2.1442943064952379e-05 -0.00015416107688139935 -0.00017191687975439833 -0.00015634807737625401 7.2757641608796415e-05 0.0001830482273852705 7.8235311303668552e-05 -5.7709003751732729e-05 -0.00010336331100807626 -0.00015476159769248202 0.0001140439422441816 -0.00031021153625996212 -9.5451067608721012e-06 -3.2623040768819726e-05 0.00013131852540679148 0.00018530929535243526 -0.00074308242179718295 -9.6836338436994987e-05 6.5747797245971273e-05 6.3759945181718615e-05 -5.6660051152690119e-05 0.00027641359925976571 0.00016440910548133812 0.00014601002458235055 4.8073636813612387e-05
leaf_weight=88 329 149 1142 111 1092 512 226 149 117 2023 315 323 234 712 475 757 49 694 1786 196 234 67 227 1311 43 1573 72 106 83 158
leaf_count=88 329 149 1142 111 1092 512 226 149 117 2023 315 323 234 712 475 757 49 694 1786 196 234 67 227 1311 43 1573 72 106 83 158
internal_value=0.000343581 -0.00474684 0.000423392 0.00067148 -0.00100716 0.00058531 -0.0031982 0.000757204 0.00254478 0.00331776 0.000345019 -0.000207108 0.000742371 0.00022986 -0.00198962 0.000998444 0.00203643 0.00322686 -0.00047373 0.00335821 0.00236007 -0.0011254 0.00358352 0.00457929 -0.0113636 -0.00283143 -0.00176095 0 0.000482625 0.00652174
internal_weight=15353 237 15116 12882 2234 12771 555 12216 2289 2140 9927 7484 4883 4568 2601 3856 2443 1534 2322 536 2394 622 1772 1545 110 2278 1803 340 777 230
internal_count=15353 237 15116 12882 2234 12771 555 12216 2289 2140 9927 7484 4883 4568 2601 3856 2443 1534 2322 536 2394 622 1772 1545 110 2278 1803 340 777 230
is_linear=0
shrinkage=0.05


Tree=52
num_leaves=31
num_cat=0
split_feature=0 9 12 5 13 13 13 13 15 4 0 0 15 4 10 10 1 9 0 9 1 15 0 0 10 10 15 16 0 14
split_gain=3.32047 2.69649 2.89709 2.69335 2.55567 5.35435 9.82725 2.86014 4.13197 2.88754 2.74353 2.66302 2.45907 2.39167 2.21724 2.84655 2.12264 1.93466 2.05962 1.92564 2.23946 2.40754 1.84218 1.73055 1.665 6.62422 4.75359 4.60614 3.31586 3.16302
threshold=0.068871630510889195 0.26837401141737366 0.0065049647434682898 0.01162594654848976 43.015001296997077 30.345000267028812 28.970000267028812 25.505000114440922 -0.01114244142995968 0.03815836527972756 0.0072716256781691921 0.018223041197056315 0.0080925860911369458 0.05237832617559398 -0.0066832750011283628 -0.0052298775975935232 -0.035199531836358204 0.34188549217134551 -0.012595983506786089 -0.15621683070644873 -0.015386464941646525 -0.0013375231963821397 0.0031022723098421694 0.011491428698025332 -0.0015877931982291591 -0.0022949060823098106 -0.0071042727344979842 0.042518195138268718 0.0040355439802418633 -0.034719790282674072
decision_type=2 10 2 2 2 2 2 2 2 2 2 2 2 2 2 2 2 10 2 8 2 2 2 2 2 2 2 2 2 2
left_child=1 4 3 -3 5 6 7 9 16 24 -10 -12 13 -2 -4 -16 -9 23 -19 20 21 -11 -20 -5 25 27 28 -1 -26 -28
right_child=12 2 14 17 -6 -7 -8 8 10 19 11 -13 -14 -15 15 -17 -18 18 22 -21 -22 -23 -24 -25 26 -27 29 -29 -30 -31
leaf_value=1.8597842890615047e-05 0.00018959805931855964 0.00012121578968777457 0.00019763590911624809 -0.00021771365527124329 -0.00022769395809602093 0.00021512851941276066 -0.00056663934033312113 0.00011216375291547907 0.00027602273466037323 0.00015735249988877223 -6.2067319169686015e-05 0.00021829517486743663 -0.00072032651229337284 -0.0003701483178043662 -0.00044189372526200644 -8.0577573028809808e-06 -0.00032404537512555981 -0.00036578663410337354 0.00010723825410680184 -0.00011567738651580771 0.0001716244622599212 -0.00048658943572046036 -0.00014505186108737991 -0.00040884491364017524 -0.00018652961105934359 0.00011456101086871549 3.1720811301341315e-05 -0.00019555912565970689 4.6783346546058155e-05 -2.5891628180714152e-06
leaf_weight=3292 42 42 79 103 54 166 77 53 136 88 47 41 98 40 43 1032 53 73 74 1349 118 87 109 47 264 423 3021 98 70 4170
leaf_count=3292 42 42 79 103 54 166 77 53 136 88 47 41 98 40 43 1032 53 73 74 1349 118 87 109 47 264 423 3021 98 70 4170
internal_value=0.000362272 0.000442172 -0.00149813 -0.00491071 0.000670611 0.000713864 0.000603197 0.000706236 0.00530303 0.000589368 0.00915179 0.00227273 -0.00638889 0 -0.00017331 -0.000767442 -0.00283019 -0.00615764 -0.00351563 -0.00137028 0.00230375 -0.00128571 -0.00068306 -0.0106667 0.00087317 0.00172436 0.00044186 0.000988201 -0.00538922 0.000712696
internal_weight=15389 15209 1602 448 13607 13553 13387 13310 330 12980 224 88 180 82 1154 1075 106 406 256 1642 293 175 183 150 11338 3813 7525 3390 334 7191
internal_count=15389 15209 1602 448 13607 13553 13387 13310 330 12980 224 88 180 82 1154 1075 106 406 256 1642 293 175 183 150 11338 3813 7525 3390 334 7191
is_linear=0
shrinkage=0.05


Tree=53
num_leaves=31
num_cat=0
split_feature=1 11 10 14 10 11 16 15 16 11 11 7 3 2 16 11 11 15 14 15 14 16 14 11 15 10 15 10 11 15
split_gain=2.77506 2.91739 5.44559 3.76471 2.76793 7.68005 4.29192 3.90739 3.66978 6.54544 4.91541 4.23525 4.34609 3.639 3.60248 3.48643 3.91571 3.37993 3.54198 6.17351 5.82708 4.34429 5.78172 5.33732 3.70027 6.48674 4.16804 3.86668 3.81392 3.63277
threshold=0.092968154013707963 0.023520134037107735 9.4862369999448873e-05 0.054359057666468209 -0.0012184611818299438 -0.023775986944761848 0.03201337084648704 -0.0048008402280325093 0.00032420430881796586 -0.0082271714572738613 0.012763464240655777 0.052707135822553937 -0.028884312790998731 0.063485202291538437 0.048601365330311681 0.0025776305361616685 0.0053137197237489451 -0.004417710357906556 -0.067583665573298909 0.004171492473531103 -0.055909224672121997 -0.00029760478202328628 -0.033482886717690945 -0.014526452350843598 -0.0015933420902779492 -0.00036102601396903461 0.0013919975744821624 -0.00050289752288518164 0.00036207217257600016 0.011670332350873116
decision_type=2 2 2 2 2 2 2 2 2 2 2 2 2 2 2 2 2 2 2 2 2 2 2 2 2 2 2 2 2 2
left_child=1 4 3 -3 8 -6 7 13 10 -10 11 12 -1 -7 -8 -14 -17 -9 19 -19 29 23 -23 -22 28 27 -27 -26 -24 -20
right_child=-2 2 -4 -5 5 6 14 17 9 -11 -12 -13 15 -15 -16 16 -18 18 20 -21 21 22 24 -25 25 26 -28 -29 -30 -31
leaf_value=-0.00041037038352868393 -0.00011715360289222353 -0.00015546519336277713 5.3887826466514489e-05 6.8202096394523205e-05 -0.00023898334853012903 -0.00011812887357699676 -0.00018765037592988161 0.00014220427773570642 -0.00019689838389966887 5.9632377889619772e-06 0.00021468016143079053 -0.00016834313649082423 6.6556620091311365e-05 2.6541891991561149e-05 7.2998358618232761e-05 -0.00015355241106065223 4.9886705912523256e-05 0.00021654447452432317 -0.00020088348390407651 1.6988501774395154e-05 0.00011486429835620301 8.1692056289705891e-05 -0.00010241207209287264 -7.6004874828434506e-05 -0.00022009225625553515 -8.3348785576802071e-05 1.582687179328482e-05 -0.00060959816049663187 0.00016938632724556853 -2.1934490611710844e-05
leaf_weight=100 663 153 1501 51 252 487 248 85 265 1912 55 228 2483 195 58 210 178 225 245 1073 200 887 54 1242 54 364 1491 50 167 196
leaf_count=100 663 153 1501 51 252 487 248 85 265 1912 55 228 2483 195 58 210 178 225 245 1073 200 887 54 1242 54 364 1491 50 167 196
internal_value=0.000185402 0.00032803 0.00227273 -0.00539216 7.30544e-05 -0.000544698 -0.000249283 3.56379e-06 0.00093445 -0.000654571 0.00199754 0.00174273 0.00224672 -0.00359238 -0.00604575 0.00260362 -0.00180412 0.00039081 0.000256082 0.00258089 -0.000353535 0.000182967 0.00124715 -0.00208044 -0.000137615 -0.000829505 -0.000148248 -0.0129808 0.00599548 -0.005839
internal_weight=15372 14709 1705 204 13004 7573 7321 7015 5431 2177 3254 3199 2971 682 306 2871 388 6333 6248 1298 4950 4509 3067 1442 2180 1959 1855 104 221 441
internal_count=15372 14709 1705 204 13004 7573 7321 7015 5431 2177 3254 3199 2971 682 306 2871 388 6333 6248 1298 4950 4509 3067 1442 2180 1959 1855 104 221 441
is_linear=0
shrinkage=0.05


Tree=54
num_leaves=31
num_cat=0
split_feature=4 6 10 12 16 6 1 8 10 15 14 15 13 13 6 16 10 12 13 8 15 10 7 14 14 10 14 14 14 12
split_gain=3.4205 3.65454 3.38643 3.03783 4.16936 2.70398 2.49536 2.40002 2.39653 2.32513 2.18077 2.11656 2.59869 4.82296 2.40518 2.34202 2.00982 7.98292 2.79375 2.27878 6.98141 4.58875 2.26862 1.9905 3.6137 3.55827 4.14939 3.47485 4.51669 4.31071
threshold=0.055034239073292489 1.0722318403377236 0.0059451726660438861 -0.0039943818994799254 -0.017391050753871481 -0.41252653676368906 0.092968154013707963 0.32832643803623246 0.0035639063533827735 0.027949092010838287 -0.0051066036826416519 -0.035094807275896693 30.345000267028812 28.970000267028812 -0.49536325009945464 -0.049916190430789091 -0.017312021268647334 -0.0075921300584320664 25.505000114440922 0.41201347911188896 0.0094018981615522374 0.001595000535659419 -0.11143903767980222 0.12545643875506987 0.11013706290812876 -0.013788046856732237 0.15949463237792252 0.08366532037956588 0.07643058808250093 0.026970088301631837
decision_type=2 2 2 2 2 2 2 10 2 2 2 2 2 2 2 2 2 2 2 8 2 2 2 2 2 2 2 2 2 2
left_child=9 2 3 4 5 -2 7 8 10 11 -5 -1 13 15 -14 -13 17 -17 19 22 21 -21 -18 24 27 26 -25 28 -24 -29
right_child=1 -3 -4 6 -6 -7 -8 -9 -10 -11 -12 12 14 -15 -16 16 18 -19 -20 20 -22 -23 23 25 -26 -27 -28 29 -30 -31
leaf_value=-0.00038796892604098037 0.00025794988862288485 -0.00067044299720059428 0.00010924317654988167 -0.00044720948643041245 -0.00081586055002997216 -0.00066522749861455872 -0.00032215824003226697 0.00019850344070891006 0.00024069361333361956 -0.0002683012510492623 -4.0004209752637739e-06 0.00018023688686249659 0.00024076330840937899 -0.00037732141429754708 9.9279034623871691e-05 -0.0005234640005942284 0.00021264309846441036 6.9511880981950455e-05 0.00013723717754441606 -6.5682676702611033e-05 0.00012617399651460503 -0.00034265951564369911 4.6462097963330314e-06 -0.00019098638416658949 -0.00019411320754600625 0.00013452267296236572 9.0243498214655237e-05 3.0549802414629955e-05 -0.0001772437510854836 0.0001708037278483818
leaf_weight=67 67 118 233 82 105 54 84 47 64 90 190 68 49 42 121 113 80 126 261 255 95 88 11691 77 202 211 82 297 283 141
leaf_count=67 67 118 233 82 105 54 84 47 64 90 190 68 49 42 121 113 80 126 261 255 95 88 11691 77 202 211 82 297 283 141
internal_value=3.39082e-05 -0.00272989 -0.00167387 -0.00342713 -0.00818584 -0.0018595 -0.0011242 0.000587467 -0.000892857 0.000233742 -0.00294118 0.000283992 0.000325585 0.000251559 0.00647059 0.000302061 0.000257106 -0.0042887 0.000336046 0.000237002 -0.0033105 -0.00663265 0.00035594 0.000304221 0.000198192 0.00391892 -0.00172956 0.000306155 0.00014615 0.00468037
internal_weight=15483 1044 926 693 226 121 467 383 336 14439 272 14349 14282 14112 170 14070 14002 239 13763 13502 438 343 13064 12984 12614 370 159 12412 11974 438
internal_count=15483 1044 926 693 226 121 467 383 336 14439 272 14349 14282 14112 170 14070 14002 239 13763 13502 438 343 13064 12984 12614 370 159 12412 11974 438
is_linear=0
shrinkage=0.05


Tree=55
num_leaves=31
num_cat=0
split_feature=16 16 12 4 15 2 10 15 8 6 6 16 4 7 6 0 16 16 16 10 10 12 14 12 15 16 12 14 12 12
split_gain=2.66133 2.55022 2.99658 2.89304 3.41974 2.6387 1.83223 2.47934 2.73485 2.10563 1.99039 1.93246 1.98147 2.7233 4.14507 2.03052 1.71326 8.24131 4.0069 4.65922 3.93621 3.69848 3.45423 4.15274 3.26831 2.79945 2.73925 2.7128 2.4538 9.36268
threshold=0.060479507106665505 -0.06385256357355705 -0.080083523859072289 0.03815836527972756 0.020902669666787447 -0.089928784668196635 0.0090874919991018616 0.011875677230032468 -0.11398969768179505 0.51094375806957426 0.018139694319447734 0.046549164153621099 0.075071325175703058 -0.11143903767980222 -0.46751368634352414 0.025646552179915742 0.013774180564645857 0.013445671121782745 0.014370333828073069 0.0028352827684376973 0.0092344567550487495 0.056550546731705904 -0.098691693357393515 0.032681428867271885 0.013434200616782578 0.015170713412593574 0.082959712719514869 -0.016862044087486924 -0.0039943818994799254 1.0000000180025095e-35
decision_type=2 2 2 2 2 2 2 2 8 2 2 2 2 2 2 2 2 2 2 2 2 2 2 2 2 2 2 2 2 2
left_child=1 -1 5 16 6 -3 11 10 -9 -10 -8 12 13 14 -5 -14 17 26 19 -18 21 25 24 27 -22 -20 28 -24 -4 -30
right_child=-2 2 3 4 -6 -7 7 8 9 -11 -12 -13 15 -15 -16 -17 18 -19 20 -21 22 -23 23 -25 -26 -27 -28 -29 29 -31
leaf_value=-0.00020172398520634292 -0.00017584246149323791 0.00039213606443557256 -1.2313923810457272e-05 0.00038677248477700919 -0.00093492615653380066 -1.7032281491051482e-05 0.00022663800927160105 0.00015324728127176523 -0.0002059812215066566 0.00012879195800432963 -6.5518606009484e-06 -0.00038420422060262939 -0.00028450070182244345 -7.9185921642592439e-05 -4.4885034325595034e-06 -0.0010918444956270687 0.00019518408266924506 -0.00012451722284520609 -0.00021581378859512787 -5.7109356331145781e-05 0.00012006343800464574 5.7860727381847623e-05 0.00015305494955747555 1.8903846794800446e-05 -0.00015179006910795296 -8.5093408429609207e-07 -7.3147411032394816e-05 -1.1149951307063497e-05 0.00018084806339929319 7.7366344751525654e-06
leaf_weight=75 88 50 2242 42 45 42 118 42 114 40 64 51 181 1756 81 46 120 136 88 50 45 325 334 307 102 2975 231 48 188 5389
leaf_count=75 88 50 2242 42 45 42 118 42 114 40 64 51 181 1756 81 46 120 136 88 50 45 325 334 307 102 2975 231 48 188 5389
internal_value=0.000147584 0.000197364 0.000242591 0.000187995 -0.00133721 0.00923913 -0.00109467 0.0021164 -0.00178571 -0.00487013 0.00631868 -0.00165739 -0.0014245 -0.000891432 0.00630081 -0.005837 0.000500795 7.32959e-05 0.00129722 0.00882353 0.000994318 0.000236128 0.00406699 0.00555152 -0.00289116 -0.000301992 0.000279503 0.00903141 0.000438036 0.000999641
internal_weight=15415 15327 15252 15160 2580 92 2535 378 196 154 182 2157 2106 1879 123 227 12580 8186 4394 170 4224 3388 836 689 147 3063 8050 382 7819 5577
internal_count=15415 15327 15252 15160 2580 92 2535 378 196 154 182 2157 2106 1879 123 227 12580 8186 4394 170 4224 3388 836 689 147 3063 8050 382 7819 5577
is_linear=0
shrinkage=0.05


Tree=56
num_leaves=31
num_cat=0
split_feature=0 5 13 14 4 8 9 15 15 10 14 3 15 15 9 13 10 10 9 15 15 15 11 11 15 14 14 10 5 5
split_gain=2.65488 2.04571 4.39307 2.96618 2.32607 2.50063 2.13725 1.91475 3.46232 1.84191 8.03217 2.87219 2.09593 4.37727 3.64192 3.56273 3.46182 4.83651 3.76555 3.50571 3.24416 3.16224 3.27128 2.90611 2.6534 3.16471 2.64075 2.58588 2.50207 3.97059
threshold=-0.073670833239381325 0.010781690642152763 19.295000076293949 0.079538209541853658 0.017446412487285432 -0.057904689065318864 -0.044737190701807976 -0.002063472265828314 -0.0030238786428388727 0.018049187231064859 -0.16769008837329388 0.0049125878088797101 0.013578383081203628 0.015589516254144177 0.12289604508471953 14.494999885559084 0.0077407225334993343 0.0072752635808988062 -0.18045920052565914 0.011875677230032468 0.015179489830756345 0.0098776689762274401 0.0038135025222709733 0.048884011617049812 0.018381868172431041 -0.069744182185856193 -0.0092975524944055015 0.0070088316945141624 0.017026496870833577 0.01266335257880544
decision_type=2 2 2 2 2 8 8 2 2 2 2 2 2 2 8 2 2 2 10 2 2 2 2 2 2 2 2 2 2 2
left_child=-1 2 4 -4 5 -2 -7 8 -8 12 -11 -12 16 20 24 -16 17 23 -18 21 28 22 -20 27 25 -15 -25 -3 29 -14
right_child=1 9 3 -5 -6 6 7 -9 -10 10 11 -13 13 14 15 -17 18 -19 19 -21 -22 -23 -24 26 -26 -27 -28 -29 -30 -31
leaf_value=-0.0003986892332239596 -0.00013025283635447523 -1.4420882948426411e-06 0.00012874305276177968 4.8683396350514585e-06 5.9766594555027597e-05 0.00012064995025188024 7.218370477687572e-06 -1.8359533869744872e-05 0.00013903938563209186 -0.00047022136602507608 4.9311530240661945e-07 0.00014313404654906324 -0.00014993323930324304 -0.00013647669619716495 9.7240952068476747e-05 -9.7095678653577147e-05 0.00017370089411578276 -0.00016769219924947466 -6.8486694402226239e-05 -0.00012539496536004605 -0.00019134186899377777 0.00012802115359962079 6.7686837610596756e-05 -0.00033604725227648965 0.00024309854186809491 0.0001166939301180745 1.2837698332005357e-05 0.00025111938825417762 -0.00027798022569605168 7.4824721463560064e-05
leaf_weight=121 40 10323 169 80 363 87 361 742 52 69 79 161 40 48 125 304 298 173 205 146 103 292 500 58 97 61 52 88 101 96
leaf_count=121 40 10323 169 80 363 87 361 742 52 69 79 161 40 48 125 304 298 173 205 146 103 292 500 58 97 61 52 88 101 96
internal_value=0.000145782 0.000204075 0.00174234 0.00793173 0.000805471 -0.000195008 0.000201288 -0.000367965 0.00236077 -1.30412e-05 0.00380259 0.008125 -0.000102975 -0.00233333 0.00011811 -0.00250583 7.62258e-05 -0.000233776 0.00237682 0.00107174 -0.00691176 0.00213139 0.000319149 -9.74242e-05 0.00558252 0.000229358 -0.00818182 -1.20065e-05 -0.00369198 0.000735294
internal_weight=15434 15313 1894 249 1645 1282 1242 1155 413 13419 309 240 13110 975 635 429 12135 10694 1441 1143 340 997 705 10521 206 109 110 10411 237 136
internal_count=15434 15313 1894 249 1645 1282 1242 1155 413 13419 309 240 13110 975 635 429 12135 10694 1441 1143 340 997 705 10521 206 109 110 10411 237 136
is_linear=0
shrinkage=0.05


Tree=57
num_leaves=31
num_cat=0
split_feature=1 3 0 3 11 15 11 13 7 9 4 6 1 15 13 5 10 11 13 13 15 2 16 7 13 16 16 11 13 15
split_gain=2.49896 2.5321 2.53168 3.46026 2.76086 4.41192 3.89382 2.67482 2.51972 2.46769 2.42187 2.35256 2.79263 2.61378 3.99762 5.59028 2.70781 4.07097 3.19685 3.00907 2.64403 2.53283 2.48456 2.33776 2.33036 3.77594 5.2733 5.76859 3.60307 5.06859
threshold=0.092968154013707963 0.00037019898512369315 0.021117321098332868 -0.0058580835004279899 0.016655619165508066 -0.0071042727344979842 0.014880689278647387 17.914999961853031 0.052707135822553937 0.1320986550055824 0.037791625372770143 -0.077001637880118795 0.082368309343170867 -0.0025964661286315689 15.684999942779543 0.010500306210392838 0.0056894670229157293 -0.0033635936199310486 17.945000648498539 17.615000724792484 0.0072476363859168566 0.074327196650357266 -0.015429597825660111 0.058563425381570895 22.330000877380375 -0.049916190430789091 -0.017391050753871481 -0.010482853286563341 19.115000724792484 -0.018490797347056439
decision_type=2 2 2 2 2 2 2 2 2 8 2 2 2 2 2 2 2 2 2 2 2 2 2 2 2 2 2 2 2 2
left_child=1 2 4 7 6 -6 24 -4 -2 -10 -5 13 21 -3 -15 -16 18 -18 23 -19 -21 22 -13 -17 28 -26 -27 -28 -1 -30
right_child=8 11 3 10 5 -7 -8 -9 9 -11 -12 12 -14 14 15 16 17 19 -20 20 -22 -23 -24 -25 25 26 27 -29 29 -31
leaf_value=-8.9451545371744236e-06 -0.00052998387763836773 6.4710297263271462e-05 0.00019432420865446895 -7.6039184959710547e-05 -0.00017918307552996159 4.5713969454773194e-05 -0.00011171090108226994 -0.00030807612080972822 0.0001552948709491721 -0.00012122772705436789 -0.00061391474278074784 8.122901879989101e-05 0.00024944222652492024 5.7963747665666643e-05 9.3802945735386604e-05 -4.790101228529507e-05 0.00012399912198762935 -8.0868916442394952e-05 -0.00014123632337630036 0.00012827648079819296 -1.4535735854538851e-05 -5.7972259996587214e-05 -5.5963196972877268e-06 0.00012254667893678108 -0.00044395845838790857 5.0274690748214446e-05 -0.00032824409659589269 3.8468655719857154e-05 -0.00037464785093423267 6.4546069583669435e-05
leaf_weight=4027 69 988 51 171 103 1188 314 50 136 445 73 387 69 1291 148 439 233 226 394 106 204 677 1759 54 54 374 162 109 57 988
leaf_count=4027 69 988 51 171 103 1188 314 50 136 445 73 387 69 1291 148 439 233 226 394 106 204 677 1759 54 54 374 162 109 57 988
internal_value=0.000110778 0.000244965 -0.000378837 -0.00456522 -0.000183026 0.00191712 -0.000628595 0.00321782 -0.00292308 -0.00185026 -0.00778689 0.000935484 -0.000155602 0.0017083 0.000993538 -0.000526608 -0.0013587 0.000812744 -0.00324126 -0.00158582 0.0016129 -0.000398512 0.000442684 -0.000557809 -0.000333564 -0.00304006 -0.00197674 -0.00728782 3.94322e-05 0.0026555
internal_weight=15346 14696 7721 345 7376 1291 6085 101 650 581 244 6975 2892 4083 3095 1804 1656 769 887 536 310 2823 2146 493 5771 699 645 271 5072 1045
internal_count=15346 14696 7721 345 7376 1291 6085 101 650 581 244 6975 2892 4083 3095 1804 1656 769 887 536 310 2823 2146 493 5771 699 645 271 5072 1045
is_linear=0
shrinkage=0.05


Tree=58
num_leaves=31
num_cat=0
split_feature=10 0 1 11 13 13 10 12 13 12 12 10 13 3 15 15 15 14 15 11 9 4 12 11 12 13 14 11 7 10
split_gain=2.73004 2.5606 2.6009 2.23239 1.7114 4.41145 2.31536 8.11859 3.55995 2.22306 3.40393 4.3414 3.86611 3.08032 2.70469 3.12751 2.66904 4.23108 4.47929 4.65216 4.29206 3.88916 2.9192 2.71997 4.48962 7.54469 5.33207 7.62973 4.65311 4.0548
threshold=-0.029463617054616639 0.068871630510889195 0.019693264149004523 0.011376560633504786 30.345000267028812 28.970000267028812 -0.017312021268647334 -0.0067439083526363843 25.505000114440922 -0.042339714563459634 -0.03157965321165878 -0.0045416194752428965 17.289999961853031 -0.0023755790809084627 0.0027665050027915199 0.0077842246859040074 -0.0099569665718974281 -0.013346627210452431 -0.012177305536096915 0.00066759209085187632 -0.34554497534073986 0.020217777723798864 0.035394075274519328 0.016655619165508066 -0.0018734111574215115 21.409999847412113 -0.028098713009304607 0.0036681658206255689 0.0017694226411859584 -0.0077272822899705487
decision_type=2 2 2 2 2 2 2 2 2 2 2 2 2 2 2 2 2 2 2 2 10 2 2 2 2 2 2 2 2 2
left_child=-1 4 -3 -4 5 6 7 -2 9 14 11 13 -13 -11 -8 -16 17 -12 21 -20 -21 22 -19 24 26 29 28 -28 -18 -26
right_child=1 2 3 -5 -6 -7 8 -9 -10 10 16 12 -14 -15 15 -17 23 18 19 20 -22 -23 -24 -25 25 -27 27 -29 -30 -31
leaf_value=-0.00040909291831981722 -0.00052845074875645871 -0.00087417019879793803 7.172345731966436e-05 -0.00045402795824977773 0.00016784796703239122 -0.00033357718993648911 2.5239724265649835e-05 7.3148415684334839e-05 0.00014707184963405227 4.9995051132315475e-05 -0.00031051862522007962 0.00024316564799855579 5.2111800627256268e-05 -0.00028538276473980012 -0.00048878995202586417 -2.4640084040966106e-05 6.5906476412912201e-05 -0.00018860591619904125 0.00021592755537650366 9.8147150388394223e-05 -0.00030318565510906463 7.3812331584696865e-05 9.6931714199075556e-05 1.6516526429173096e-05 8.3386790281067316e-05 0.00017969173878532694 -8.0099570634810556e-05 -0.00035411039227580666 -7.6602470101063989e-05 -6.6739311109788009e-06
leaf_weight=69 125 45 73 68 192 60 216 111 278 103 91 143 282 77 108 175 337 138 269 70 56 535 58 2945 304 161 715 188 227 7081
leaf_count=69 125 45 73 68 192 60 216 111 278 103 91 143 282 77 108 175 337 138 269 70 56 535 58 2945 304 161 715 188 227 7081
internal_value=0.000140523 0.000185477 -0.00564516 -0.00230496 0.000257561 0.00019693 0.000251808 -0.00466102 0.000331456 0.000222355 0.000341074 0.00400826 0.00676471 -0.0025 -0.00305611 -0.00627208 0.000172676 0.00240345 0.00324156 0.00753165 -0.000396825 0.000923393 -0.00510204 -5.43569e-05 -0.00048541 6.62603e-06 -0.00301636 -0.00539867 0.000797872 -0.000226811
internal_weight=15300 15231 186 141 15045 14853 14793 236 14557 14279 13780 605 425 180 499 283 13175 1217 1126 395 126 731 196 11958 9013 7546 1467 903 564 7385
internal_count=15300 15231 186 141 15045 14853 14793 236 14557 14279 13780 605 425 180 499 283 13175 1217 1126 395 126 731 196 11958 9013 7546 1467 903 564 7385
is_linear=0
shrinkage=0.05


Tree=59
num_leaves=31
num_cat=0
split_feature=5 13 8 13 3 4 8 0 3 5 2 5 14 8 14 6 0 13 4 13 3 9 16 16 12 15 13 14 16 16
split_gain=2.49838 3.74105 3.452 3.34932 2.61077 2.45918 2.45522 1.96164 2.68346 3.05095 3.59275 3.14222 2.87187 3.16236 2.39129 2.43568 2.07868 2.07321 2.24173 1.95758 1.92755 2.98214 3.85308 3.69973 3.27293 6.71256 4.01277 3.23341 3.10514 2.92844
threshold=0.010877375108804677 19.295000076293949 0.043431319438879908 20.714999198913578 -0.028884312790998731 0.018418081556075609 -0.10925684318894606 0.010495070526677421 -1.0000000180025095e-35 0.012264403121565034 0.035922606435330857 0.013062665550289157 0.013406221047230662 -0.038569946920127489 0.01016731697942619 -1.1236029906725398 0.049183601029372699 21.409999847412113 0.037443705586911256 27.855000495910648 -0.013705176684760343 0.35035816961011174 0.013774180564645857 0.013445671121782745 0.039535429678634555 -0.010359412373121544 21.295000076293949 0.12226142207695113 0.0051337386282448447 0.0077021933601947321
decision_type=2 2 8 2 2 2 10 2 2 2 2 2 2 10 2 2 2 2 2 2 2 8 2 2 2 2 2 2 2 2
left_child=1 5 3 -3 6 -1 -2 20 9 10 -9 -11 14 -14 15 -10 -13 18 -15 -17 -6 22 23 24 -22 -26 -27 -24 -23 -30
right_child=4 2 -4 -5 7 -7 -8 8 12 11 -12 16 13 17 -16 19 -18 -19 -20 -21 21 28 27 -25 25 26 -28 -29 29 -31
leaf_value=3.4937430041340072e-06 -0.00041470049019653337 0.00016624232631634578 -7.2197248592109937e-05 4.8727733957833545e-05 6.4608949880325467e-05 9.2922980237692126e-05 -2.1341010986489609e-05 -0.00029679485086347139 -0.00010009388760290734 8.1036036344290304e-05 -9.5401110246508056e-06 -8.1954279817451567e-05 -0.00033550349879695883 2.708615604006179e-05 0.00017997907213583429 9.8363677711937974e-06 -0.00080207311756657317 -0.00044154968644593336 -0.00024555731460705073 0.000186633928125434 1.6547975168089511e-05 8.3369287945293929e-06 6.055384428655026e-05 -0.00011835574902181154 0.00023683171385159075 -0.00010246828083879042 0.00015131171795243486 -0.00021679148294318938 -0.00028026559225528288 -4.2563406816964643e-05
leaf_weight=1578 85 97 65 107 497 179 146 46 80 61 40 735 105 304 46 1987 53 45 81 64 3399 1334 1923 80 78 769 43 45 125 1135
leaf_count=1578 85 97 65 107 497 179 146 46 80 61 40 735 105 304 46 1987 53 45 81 64 3399 1334 1923 80 78 769 43 45 125 1135
internal_value=0.000215236 0.00185094 0.00734201 0.0105392 -3.38193e-05 0.00101024 -0.00530303 5.92734e-05 -0.000925418 -0.00323529 -0.0122093 -0.00232627 -0.000129056 -0.00341121 0.000677538 0.000434069 -0.00317259 -0.00151163 -0.000324675 0.000767918 0.000440178 0.000271526 0.000856083 2.86107e-05 0.000227326 -0.00247191 -0.00381773 0.00269309 -0.00115652 -0.00293651
internal_weight=15332 2026 269 204 13306 1757 231 13075 3647 935 86 849 2712 535 2177 2131 788 430 385 2051 9428 8931 6337 4369 4289 890 812 1968 2594 1260
internal_count=15332 2026 269 204 13306 1757 231 13075 3647 935 86 849 2712 535 2177 2131 788 430 385 2051 9428 8931 6337 4369 4289 890 812 1968 2594 1260
is_linear=0
shrinkage=0.05


Tree=60
num_leaves=31
num_cat=0
split_feature=15 4 6 15 13 13 13 10 1 3 14 13 12 10 0 13 11 14 3 3 14 13 11 14 9 1 3 11 8 13
split_gain=3.27649 2.93441 2.2662 2.50713 3.33611 2.27728 4.07449 2.98027 2.60277 2.96298 2.35179 3.0441 2.26117 2.21245 2.20957 2.08219 1.94811 3.28597 1.94218 2.91035 2.38021 1.92936 4.96491 1.86301 3.00255 1.9208 1.84742 3.42819 2.59602 2.18903
threshold=0.027949092010838287 0.075071325175703058 -0.16784262469418063 -0.035094807275896693 25.505000114440922 30.345000267028812 28.970000267028812 0.010927081535675788 -0.015386464941646525 0.0042238758687490616 -0.069744182185856193 18.904999732971195 -0.080083523859072289 0.018049187231064859 -0.00025937204702758393 16.260000228881839 -0.0029128349712003172 -0.093449770795740669 -0.028884312790998731 -0.011317170978936695 -0.029024117731617279 23.265000343322757 0.011915728697621366 -0.061929277885563232 -0.040756043627075238 -0.0079812498158663408 -0.013705176684760343 0.00081107941047609 inf 19.585000038146976
decision_type=2 2 2 2 2 2 2 2 2 2 2 2 2 2 2 2 2 2 2 2 2 2 2 2 10 2 2 2 8 2
left_child=1 2 5 -4 13 6 7 10 -9 -10 11 -1 -6 21 -14 -15 -11 -18 -3 -20 -21 -5 -23 24 -12 -26 27 -25 -28 -30
right_child=-2 18 3 4 12 -7 -8 8 9 16 23 -13 14 15 -16 -17 17 -19 19 20 -22 22 -24 26 25 -27 28 -29 29 -31
leaf_value=0.00010976792824025023 -0.00028641142459698879 -0.00088656520400496588 -0.00068392735581926324 -6.2799359882413471e-06 -0.00019836903535197159 0.00016906929874684171 -0.00041947220212363667 -0.00010599293853582539 -3.5496673816482483e-05 0.00015184846805864604 0.00012606426965301168 -1.3107921533473366e-05 0.00026895716511343113 0.0001321344376274244 7.0377491196849072e-05 4.1894164189500153e-05 -0.00028376708192378187 8.0773335262825837e-05 0.00033037640569794411 4.6305101516423697e-05 -0.00063025026321200401 -0.00029247433455922817 0.0001826416281931375 0.00019685014025242677 -0.00039569389168210654 -0.00010447098915293161 1.6344896045152957e-05 -6.6189161241781352e-06 -0.00034222536844221688 -3.2032395221079368e-05
leaf_weight=357 87 43 46 6205 45 102 43 142 209 42 41 138 127 41 96 97 45 133 41 87 120 184 56 115 41 61 6359 106 55 149
leaf_count=357 87 43 46 6205 45 102 43 142 209 42 41 138 127 41 96 97 45 133 41 87 120 184 56 115 41 61 6359 106 55 149
internal_value=0.000193019 0.000247945 0.000344197 -0.000322604 -0.00024449 0.000909314 0.000815082 0.00089766 -0.00258319 -0.000641026 0.00116545 0.00449495 0.00522388 -0.000467112 0.007287 0.0057971 0.00340909 0.0011236 -0.00472509 -0.00302419 -0.00543478 -0.000601241 -0.005 0.00092753 -0.00472028 -0.00931373 0.00104658 0.00554299 0.00089517 -0.00465686
internal_weight=15413 15326 15035 6897 6851 8138 8036 7993 571 429 7422 495 268 6583 223 138 220 178 291 248 207 6445 240 6927 143 102 6784 221 6563 204
internal_count=15413 15326 15035 6897 6851 8138 8036 7993 571 429 7422 495 268 6583 223 138 220 178 291 248 207 6445 240 6927 143 102 6784 221 6563 204
is_linear=0
shrinkage=0.05


Tree=61
num_leaves=31
num_cat=0
split_feature=4 6 15 12 8 6 10 7 14 10 9 12 16 10 1 10 9 0 6 4 6 11 14 11 16 12 0 9 0 5
split_gain=2.01679 2.58801 1.89515 1.87662 1.91493 1.64126 1.99868 2.59696 1.87846 2.01951 2.06127 1.82938 1.80636 3.50618 2.10927 4.62135 3.06197 2.41025 2.39082 2.07637 2.05582 2.1028 1.96613 1.97263 2.00957 1.85713 1.80624 1.71628 2.24184 2.27259
threshold=0.060845310230755817 1.181279303078713 0.01464548177550762 0.0033715078329863428 -0.047282100858846869 -0.16784262469418063 -0.017312021268647334 -0.044368866553715185 0.10649963286549492 0.0091384979590398725 0.098926413845938824 0.11925831623489137 0.038263219159938473 0.00038115432096208496 -0.017950287166933473 -7.4925284761662145e-05 0.18851093268415778 -0.027465703620683509 -0.20728393911182427 0.049570865367463725 -0.98555481694314973 0.021311766036096306 0.028971532531295811 0.02151980988562963 0.017658691523949836 -0.0067439083526363843 -0.024488764803153259 0.16194809715077632 -0.015780794731751421 0.010451552396337696
decision_type=2 2 2 2 10 2 2 2 2 2 8 2 2 2 2 2 10 2 2 2 2 2 2 2 2 2 2 10 2 2
left_child=5 2 3 4 -2 11 -7 8 9 -8 -11 12 14 -14 15 16 17 -1 19 22 -15 -22 23 24 -17 -18 -19 28 -16 -30
right_child=1 -3 -4 -5 -6 6 7 -9 -10 10 -12 -13 13 20 27 18 25 26 -20 -21 21 -23 -24 -25 -26 -27 -28 -29 29 -31
leaf_value=-8.313761236990961e-05 -0.0002774390073863393 -0.00070504047690332552 0.00027052237816065333 1.4774150170900666e-05 -0.0004455560697365857 -0.00020856657854801034 1.8288399402851838e-05 -4.1752324130461125e-06 0.00021994464999383005 0.00027200591626524442 -7.130387093276073e-05 -0.00013157158163011194 -0.00029296143371234583 -0.00017307756392060471 9.6172409255986928e-05 -4.5645579725751888e-05 -0.00035826955738921988 0.00017786181461713985 0.00016078537056994979 5.788657746309692e-05 -0.00022379795037862755 6.5515710674813986e-05 -0.00018119010778471046 0.00017760171953246692 -0.00017873955818554197 -8.6811211276647225e-06 5.4566161746498003e-05 4.6558394944842303e-05 5.8026972864401346e-05 5.7823767285072967e-06
leaf_weight=90 193 59 50 348 71 207 595 5791 98 74 40 63 89 69 236 679 43 42 41 62 42 245 66 51 66 93 725 1330 510 3330
leaf_count=90 193 59 50 348 71 207 595 5791 98 74 40 63 89 69 236 679 43 42 41 62 42 245 66 51 66 93 725 1330 510 3330
internal_value=0.000327965 -0.00225381 -0.00135952 -0.00212418 -0.00530303 0.000454793 -0.000113887 3.78903e-05 0.00269517 0.00179831 0.00789474 0.000946392 0.00101485 -0.00207865 0.00120179 -0.00020429 0.00219033 0.00329638 -0.00266839 -0.00319264 0.000140449 0.00200348 -0.00382831 -0.0031407 -0.00379195 -0.00477941 0.00420469 0.00171106 0.00120216 0.000911458
internal_weight=15398 721 662 612 264 14677 6805 6598 807 709 114 7872 7809 445 7364 1958 993 857 965 924 356 287 862 796 745 136 767 5406 4076 3840
internal_count=15398 721 662 612 264 14677 6805 6598 807 709 114 7872 7809 445 7364 1958 993 857 965 924 356 287 862 796 745 136 767 5406 4076 3840
is_linear=0
shrinkage=0.05


Tree=62
num_leaves=31
num_cat=0
split_feature=4 6 11 16 11 15 11 11 11 3 8 10 3 11 11 15 15 15 15 9 14 12 3 10 7 8 6 15 7 16
split_gain=2.40141 2.07486 2.34098 1.6597 4.64361 3.85996 2.98047 2.85935 2.44649 2.97091 2.46563 2.47891 2.43405 3.20889 3.8729 3.30321 2.87708 3.45875 2.82334 7.19102 2.78161 2.77457 2.87844 2.40112 2.34313 4.0055 2.27953 2.26101 2.25893 2.81732
threshold=0.075071325175703058 -0.43842993916350231 0.00081107941047609 0.03201337084648704 0.0096614740003820882 0.0047845980506155969 0.025879857572445378 0.013370913918319573 0.021311766036096306 -0.012638872256690524 0.16205580988535154 9.4862369999448873e-05 -0.00025163459857963083 0.022829804472753183 0.016424334506672137 -0.0068216585720705094 0.014295559525425052 0.0092336126125633928 0.0072476363859168566 0.29779470910910905 -0.018785167459125836 0.033050973600154306 -0.0019871663033195204 0.0047289439423483523 -0.0063424280595507634 0.0048190758933615028 -1.3998878851295906 0.0029161072656109792 -0.022451064071725087 0.045149984217891855
decision_type=2 2 2 2 2 2 2 2 2 2 10 2 2 2 2 2 2 2 2 8 2 2 2 2 2 10 2 2 2 2
left_child=3 2 -2 6 5 -5 12 -6 -9 -10 11 -11 13 14 16 -16 17 18 26 20 -20 -17 27 -19 28 -26 -1 -23 29 -13
right_child=1 -3 -4 4 7 -7 -8 8 9 10 -12 24 -14 -15 15 21 -18 23 19 -21 -22 22 -24 -25 25 -27 -28 -29 -30 -31
leaf_value=7.3079028673553274e-05 0.00018994209588604519 -0.0006591153512117494 -0.00048888478301605226 -0.00048004238247265199 0.00011384812934641144 1.0936048588930207e-05 7.3136325566254551e-05 -0.00011690658772411743 0.00022477563164239003 -0.00012307849194725663 -0.00017592156604181411 -0.0001349651699733924 1.7399990959313496e-05 -0.00015446375599763478 -0.00019162716792043289 0.00020692311403174631 -0.00011297680147574199 -9.7048664024631352e-05 -0.00011105644046505541 -0.00042130963166728302 9.4012792194585112e-05 0.00011947456866276277 -0.00011191863592861364 0.00013114018991731578 -0.00015893557030319271 3.8025969664217582e-05 -8.844962826382247e-06 -3.9176114756904646e-06 0.00019851644776198269 0.0001692187383253857
leaf_weight=84 65 174 66 96 149 56 670 220 52 148 54 49 6967 138 47 166 186 84 87 93 87 63 65 218 205 427 4524 61 87 43
leaf_count=84 65 174 66 96 149 56 670 220 52 148 54 49 6967 138 47 166 186 84 87 93 87 63 65 218 205 427 4524 61 87 43
internal_value=0.000212235 -0.00418033 0.000572519 0.000300807 -0.00122951 -0.00953947 0.000480059 -0.000348675 -0.00110895 -0.000117371 -0.000715696 -0.000130344 0.0003108 -0.000436219 -0.000255854 0.00447761 -0.000610666 -0.000391153 -0.000712821 -0.00571161 0.000287356 0.00612676 0.00198413 0.00480132 0.00095561 -0.000474684 -0.000423177 0.00645161 0.00600559 0.000543478
internal_weight=15431 305 131 15126 1586 152 13540 1434 1285 1065 1013 959 12870 5903 5765 402 5363 5177 4875 267 174 355 189 302 811 632 4608 124 179 92
internal_count=15431 305 131 15126 1586 152 13540 1434 1285 1065 1013 959 12870 5903 5765 402 5363 5177 4875 267 174 355 189 302 811 632 4608 124 179 92
is_linear=0
shrinkage=0.05


Tree=63
num_leaves=31
num_cat=0
split_feature=13 13 10 10 1 13 14 1 4 15 10 13 9 1 13 8 14 9 0 0 0 11 3 6 11 11 13 7 3 13
split_gain=2.70903 3.89883 5.00461 6.63559 3.09125 4.2807 3.41523 2.782 2.78031 2.64776 2.66007 2.51416 3.80862 2.79929 2.45882 2.42432 2.36336 2.29674 2.22087 2.19185 2.17654 2.14676 2.24948 2.22516 2.09096 2.90714 2.67011 2.58447 2.0506 2.04601
threshold=12.765000343322756 13.84500026702881 -0.0072745157566194698 -0.004589498987258799 0.02465162377657271 13.13000011444092 0.048986719728816526 0.042359863937019744 0.075071325175703058 0.0082741197875687584 0.003828515736470917 13.934999942779543 0.26460286485330281 0.0046487771472195636 19.159999847412113 0.092440539372112288 0.023650626144740231 0.12289604508471953 0.011645249652696423 0.00082876093278527751 0.0044594720673154517 0.0080419016501751556 0.0010707275036400123 -0.55203309476155449 0.016276968490692715 0.01246418622804202 12.494999885559084 0.026583270472084867 -0.0032274230054810111 13.484999656677248
decision_type=2 2 2 2 2 2 2 2 2 2 2 2 8 2 2 8 2 8 2 2 2 2 2 2 2 2 2 2 2 2
left_child=16 2 -2 -4 5 9 18 15 11 10 20 12 -3 -14 -10 17 21 -6 29 -12 -5 22 23 -1 25 27 -26 -23 -9 -7
right_child=1 8 3 4 7 6 -8 28 14 -11 19 -13 13 -15 -16 -17 -18 -19 -20 -21 -22 24 -24 -25 26 -27 -28 -29 -30 -31
leaf_value=0.0001401688126724229 0.00017904904681609215 -0.00035913942261452705 -0.00028511440649276848 3.6038190653417684e-05 -1.6866686508010742e-05 0.00019263566727923694 -0.00015978499989375761 0.00025816594732936646 -0.0008951375456590872 -0.00014000372053358883 2.23799443160427e-05 2.0459536253048495e-06 6.469930004564077e-05 -0.00014717648397177585 -0.00012628002904058571 6.4153601118479965e-05 -0.0001685261141968255 -0.0001081555516516847 1.0608368674593344e-05 0.00015141175262039345 -0.00013515817075837166 -0.00015102025405357386 -8.1096687754929082e-05 4.3457969127510149e-05 3.3945243441865524e-05 -0.00017455673050002126 -7.1969604702426467e-05 9.6602626629592068e-05 1.3627956885098086e-05 7.8510884904719073e-05
leaf_weight=52 84 64 69 154 111 274 43 45 115 88 48 12124 59 57 145 72 94 122 105 50 51 68 63 89 197 73 198 46 252 333
leaf_count=52 84 64 69 154 111 274 43 45 115 88 48 12124 59 57 145 72 94 122 105 50 51 68 63 89 197 73 198 46 252 333
internal_value=7.98306e-05 0.000243692 0.00235402 0.00180242 0.00240275 0.0039267 0.00612583 -0.000498339 -7.56129e-05 -0.000319693 0.00189769 3.25098e-05 -0.00583333 -0.000431034 -0.00519231 -0.00385246 -0.00261364 -0.00633047 0.00695225 0.00867347 -0.00134146 -0.00171756 0.00269608 0.00620567 -0.0032646 -0.00762032 -0.00120253 -0.00263158 0.00294613 0.00811367
internal_weight=15345 14465 1901 1817 1748 1146 755 602 12564 391 303 12304 180 116 260 305 880 233 712 98 205 786 204 141 582 187 395 114 297 607
internal_count=15345 14465 1901 1817 1748 1146 755 602 12564 391 303 12304 180 116 260 305 880 233 712 98 205 786 204 141 582 187 395 114 297 607
is_linear=0
shrinkage=0.05


Tree=64
num_leaves=31
num_cat=0
split_feature=0 9 12 1 15 15 12 12 14 15 0 12 11 3 9 11 16 12 10 12 5 16 12 10 0 14 10 13 14 13
split_gain=2.74177 2.75777 2.40695 1.94511 2.33951 5.05398 3.16527 4.54201 4.01853 5.91957 4.0283 3.95934 3.60061 4.09929 2.98724 2.58386 5.38804 4.48233 4.1183 3.26522 2.7568 3.43385 2.75626 2.46934 2.29346 2.21544 2.23327 2.17726 3.79325 3.72846
threshold=-0.047417370333871382 -0.17316374114250796 0.11925831623489137 0.045513813310423486 -0.0094917962189466337 -0.0088458774130980005 -0.029032360146205412 -0.067575667738432196 -0.013346627210452431 -0.012177305536096915 -0.016545817353894928 0.041818066300965857 -0.010150131634666435 -0.0013620886059509949 0.039202716445708836 0.023520134037107735 0.03201337084648704 0.0077064293796303982 0.0069016161963192388 0.016002648636263554 0.014195203356290171 0.020116031645117331 -0.026063444497110119 0.015821655398191029 -0.021630560592506672 0.016378333086022993 -0.016935557307996004 17.695000648498539 -0.077913276979976895 17.914999961853031
decision_type=2 10 2 2 2 2 2 2 2 2 2 2 2 2 10 2 2 2 2 2 2 2 2 2 2 2 2 2 2 2
left_child=1 -1 3 4 6 -6 7 14 -8 10 -10 24 -9 -14 -2 16 27 18 22 -19 -21 -22 -17 -20 -11 -12 -27 28 -7 -29
right_child=2 -3 -4 -5 5 15 8 12 9 11 25 -13 13 -15 -16 17 -18 19 23 20 21 -23 -24 -25 -26 26 -28 29 -30 -31
leaf_value=6.4434392863498e-05 0.0001563401761935665 -0.00029419224397667445 -8.6413444490107821e-05 -2.2023034319293185e-05 -0.00015485931049965274 8.1728675025094754e-05 -0.00011236674528464597 -0.0002533016804403371 0.00013132413541062674 4.5076936769897303e-05 0.00014978956461216128 3.0172166769928001e-05 0.00010959542062549456 -0.00023704577499642838 -1.3116547446549547e-05 8.5442017603549382e-05 -0.00013024643551883515 0.00024157365740868484 0.00010299544310087846 9.9566825199240959e-05 -0.00017854800194237535 2.5516358658140335e-05 -0.00012885309282833547 -2.9485479927253422e-05 0.00024832216108117746 9.1547285165522309e-05 -9.5620668090798744e-05 -0.00020527035669147707 6.6787433039190021e-06 -5.9817181947311592e-06
leaf_weight=108 88 198 121 2220 166 530 96 285 284 45 53 136 94 47 57 41 359 96 77 309 61 267 227 63 261 54 315 163 5692 2881
leaf_count=108 88 198 121 2220 166 530 96 285 284 45 53 136 94 47 57 41 359 96 77 309 61 267 227 63 261 54 315 163 5692 2881
internal_value=0.000110433 -0.00457516 0.000205461 0.000262244 0.000500118 0.000224113 0.00216253 -0.00091944 0.00357717 0.00439895 0.00155807 0.00893665 -0.00352113 0.00301418 0.00672414 0.000357607 9.09091e-05 0.00260736 -0.00159314 0.00494543 0.00364992 0.000457317 -0.00522388 0.00535714 0.0120915 -0.00154028 -0.00291328 0.000323764 0.000859852 -0.000772011
internal_weight=15394 306 15088 14967 12747 10932 1815 571 1244 1148 706 442 426 141 145 10766 9625 1141 408 733 637 328 268 140 306 422 369 9266 6222 3044
internal_count=15394 306 15088 14967 12747 10932 1815 571 1244 1148 706 442 426 141 145 10766 9625 1141 408 733 637 328 268 140 306 422 369 9266 6222 3044
is_linear=0
shrinkage=0.05


Tree=65
num_leaves=31
num_cat=0
split_feature=6 4 1 7 10 11 6 13 13 6 10 11 16 16 12 12 8 16 16 16 11 16 16 16 13 13 16 3 1 16
split_gain=1.90467 2.12938 2.02628 2.28425 2.13262 2.0098 2.00118 1.96374 4.94938 2.70669 2.01166 2.0503 2.53587 5.43482 2.22233 2.00967 2.52752 3.52154 1.9659 5.39594 2.93537 3.05726 2.42445 4.71828 2.39119 2.24348 2.93784 2.20117 2.16242 2.15203
threshold=-0.16784262469418063 0.051698190700859133 0.074275568474045608 0.11072701431075684 0.0078106861969216021 0.0070123774375431278 1.181279303078713 30.345000267028812 28.970000267028812 -0.49536325009945464 0.010927081535675788 0.028861286562295255 0.038263219159938473 0.043352445287890513 0.11925831623489137 -0.0097422430740965443 -0.036502509424662925 0.02600406963130342 0.021845398059611502 0.021326283792006632 0.020636811984425688 0.007999781867832902 0.017658691523949836 0.017012830952881978 16.614999771118168 22.330000877380375 -0.028422736345097007 -0.0044501530371557343 0.0079262560459900672 0.020237258589728805
decision_type=2 2 2 2 2 2 2 2 2 2 2 2 2 2 2 2 10 2 2 2 2 2 2 2 2 2 2 2 2 2
left_child=2 -2 3 7 5 -4 -3 8 10 -9 11 12 14 -14 18 -13 -17 -18 19 20 22 -22 23 25 28 26 -1 -24 -23 -29
right_child=1 6 4 -5 -6 -7 -8 9 -10 -11 -12 15 13 -15 -16 16 17 -19 -20 -21 21 24 27 -25 -26 -27 -28 29 -30 -31
leaf_value=7.8789267475794017e-05 -5.2699420244165658e-06 -9.8611182266596803e-05 9.9222439142803833e-05 0.00023539393513357463 0.00015842717243606461 -0.00020885596666687543 -0.00037723720465966605 0.00021753892194096089 -0.00036986152302856455 -4.9784770388207562e-05 -2.2663333565832619e-05 0.00020997326092685758 -0.00041534639813041864 8.1267334859935156e-05 -0.00015186425742780052 -0.00015383256377930217 0.00014604759023148869 2.1953401634454246e-05 4.6122341686225846e-05 -0.00030770820985093233 -0.00041407754571068112 7.1573473027662302e-06 -0.00048383875237952186 0.00029130630656868419 7.3906661598096505e-05 -4.7892035375840266e-05 1.2720914493166247e-05 -5.3384986629254596e-05 -0.00018381821865486107 9.4130747988318766e-05
leaf_weight=338 6465 422 53 103 69 164 139 63 45 44 559 80 87 69 52 75 49 222 762 61 56 46 44 45 53 433 4354 238 59 73
leaf_count=338 6465 422 53 103 69 164 139 63 45 44 559 80 87 69 52 75 49 222 762 61 56 46 44 45 53 433 4354 238 59 73
internal_value=-4.89492e-05 -0.000654711 0.000464079 0.000611735 -0.00367133 -0.00610599 -0.00360963 0.000515366 0.000423077 0.00724299 0.00051902 0.000743469 0.000531758 -0.00576923 0.000680375 0.00410798 0.00245665 0.0047048 0.000761963 0.000448276 0.000605506 -0.00514019 0.000828054 0.00110251 -0.00158228 0.000960976 0.00127877 -0.00316901 -0.00595238 -0.0016881
internal_weight=15322 7026 8296 8010 286 217 561 7907 7800 107 7755 7196 6770 156 6614 426 346 271 6562 5800 5739 214 5525 5170 158 5125 4692 355 105 311
internal_count=15322 7026 8296 8010 286 217 561 7907 7800 107 7755 7196 6770 156 6614 426 346 271 6562 5800 5739 214 5525 5170 158 5125 4692 355 105 311
is_linear=0
shrinkage=0.05


Tree=66
num_leaves=31
num_cat=0
split_feature=5 6 12 11 12 6 10 7 13 10 13 13 12 1 12 11 7 12 2 4 14 4 8 6 13 5 13 11 4 9
split_gain=2.34528 2.14621 3.17312 3.58147 2.9553 2.71949 2.6794 3.59344 2.10517 5.50769 3.72887 2.377 3.13466 2.35815 2.88607 2.70792 2.57584 2.58438 2.22855 2.62361 2.05158 1.99526 1.96877 1.93325 1.92776 1.84749 2.76625 3.22873 3.09425 2.58237
threshold=0.023746819635614556 -0.49536325009945464 -0.015132588219615826 0.0069505416363979675 -0.01880570925502428 0.22190139877261142 0.0056131776840985257 0.024577404586173971 13.84500026702881 -0.0072745157566194698 12.84500026702881 13.795000076293947 0.018069599592430267 0.023777974216021795 0.028951929172189476 -0.00023800871931395348 0.017191427565269261 0.052412040834153968 0.080502220812547889 0.022054482939463358 0.035115678917499234 0.032051354007645499 -0.024961873237112405 -0.98555481694314973 12.994999885559084 0.010877375108804677 19.295000076293949 0.016655619165508066 0.017721396521822096 0.071844277841347184
decision_type=2 2 2 2 2 2 2 2 2 2 2 2 2 2 2 2 2 2 2 2 2 2 10 2 2 2 2 2 2 10
left_child=8 6 4 -4 5 -3 -2 23 9 -1 21 13 -13 14 22 -16 17 24 -18 -20 -15 -11 -12 -8 -17 26 27 28 29 -10
right_child=1 2 3 -5 -6 -7 7 -9 25 10 11 12 -14 20 15 16 18 -19 19 -21 -22 -23 -24 -25 -26 -27 -28 -29 -30 -31
leaf_value=0.00022007321220131215 -3.0182913071966339e-05 -0.00026464736022193059 5.4560175999685514e-05 -0.00014490842073144728 -0.00091842672940016913 3.7615103255896067e-05 6.9996135769521616e-06 -8.2563662602992008e-05 1.1209740042130312e-06 -1.8027436912960864e-05 7.2248492966871774e-06 -7.3149143959650846e-06 0.00015731070440804483 -2.238922053378594e-05 -7.6682022166634815e-05 7.5887419254261476e-05 0.00016883728831989251 0.00017824772447802586 -0.00012373484687442052 0.00021393640536118794 0.00020261472537991935 0.00017954460360951899 0.0001715446500246085 0.00024040211139186841 -5.8267073250084603e-05 -3.59176981632541e-06 8.4856373538774824e-05 6.2048387689356109e-05 7.5696798104789222e-05 -7.704229136322116e-05
leaf_weight=81 669 207 595 684 59 143 58 85 505 794 57 47 93 439 90 71 95 54 45 46 45 46 170 136 274 8875 256 195 187 240
leaf_count=81 669 207 595 684 59 143 58 85 505 794 57 47 93 439 90 71 95 54 45 46 45 46 170 136 274 8875 256 195 187 240
internal_value=8.63699e-05 -0.00127086 -0.00234005 -0.00111415 -0.00617359 -0.00442857 0.000632911 0.0047491 0.000367965 0.00168574 0.00124683 0.00271953 0.00892857 0.00209235 0.0036031 0.00196296 0.00320513 0.00093985 0.00806452 0.00247253 -0.00072314 -0.00142857 0.00848018 0.00850515 -0.000652174 5.36167e-05 0.00175343 0.000687666 -0.000536481 -0.00197987
internal_weight=15341 2636 1688 1279 409 350 948 279 12705 2447 2366 1526 140 1386 902 675 585 399 186 91 484 840 227 194 345 10258 1383 1127 932 745
internal_count=15341 2636 1688 1279 409 350 948 279 12705 2447 2366 1526 140 1386 902 675 585 399 186 91 484 840 227 194 345 10258 1383 1127 932 745
is_linear=0
shrinkage=0.05


Tree=67
num_leaves=31
num_cat=0
split_feature=4 15 10 16 3 9 14 14 3 1 5 7 13 13 7 13 12 12 7 13 15 7 16 9 4 7 7 14 3 10
split_gain=2.87045 1.99215 1.92623 1.84322 1.81328 2.00173 1.94085 1.8005 1.80989 2.4874 2.87371 2.39338 2.3925 2.7939 2.84285 2.59702 2.33815 4.60227 2.4496 2.35572 3.21111 2.32909 2.44453 2.36893 2.26152 2.02502 3.64168 3.20376 3.9327 3.85513
threshold=0.075071325175703058 -0.035094807275896693 -0.023232584216571036 -0.031096458040999416 -0.028884312790998731 -0.17316374114250796 -0.025500905241679968 0.23397195059943568 0.00037019898512369315 0.038730449964199394 0.010781690642152763 0.14204400683121601 15.684999942779543 26.284999847412113 0.086546077527969958 15.775000095367433 0.00075809453830288931 0.0065049647434682898 -0.045619433048698969 12.325000286102297 0.0016602950990917134 0.079574986350516866 0.043352445287890513 0.10203155538447663 0.025708461219736817 0.032607460754966795 0.029680047689702008 -0.017647948149660749 -0.019156438619702339 0.0077407225334993343
decision_type=2 2 2 2 2 8 2 2 2 2 2 2 2 2 2 2 2 2 2 2 2 2 2 8 2 2 2 2 2 2
left_child=1 -1 3 -3 -2 -6 -7 8 11 12 -11 25 16 14 15 -14 -10 -18 -19 20 -20 -12 23 -23 -25 26 -4 29 -29 -27
right_child=4 2 7 -5 5 6 -8 -9 9 10 21 -13 13 -15 -16 -17 17 18 19 -21 -22 22 -24 24 -26 27 -28 28 -30 -31
leaf_value=-0.00039456555399602043 -0.0010660277713027623 5.6580308026230042e-06 -5.2652034760639073e-06 0.00037167427735448303 0.00027136774635914501 2.2948892865066758e-05 -0.00055641576706040184 -0.0002549888345186638 0.00015474902712046506 0.00010860415138943248 -7.1046219090263778e-05 -0.00022699949901206973 -9.9669440940244696e-05 0.00016476157916894631 0.00010711501584923178 4.7969618673423392e-06 -0.00013877997280619468 0.00019273584398299531 -0.00011286049752544841 4.470000568536877e-05 3.9117469779876477e-05 0.00026463500627359768 -0.00013310444432375253 -0.00013184916280800814 8.2695378927053099e-05 -8.0028869013341024e-05 -9.874155699559351e-05 0.00032197618259277458 3.1076701403923222e-05 9.0154984299153188e-05
leaf_weight=71 45 51 5545 50 54 96 114 79 158 74 1021 128 78 168 58 3161 92 102 45 1654 45 84 62 66 347 419 135 55 1108 132
leaf_count=71 45 51 5545 50 54 96 114 79 158 74 1021 128 78 168 58 3161 92 102 45 1654 45 84 62 66 347 419 135 55 1108 132
internal_value=0.000158528 0.000256872 0.000296641 0.00717822 -0.00461165 -0.0030303 -0.0052381 0.00024973 0.000290086 0.000855856 -0.000846433 -0.000252592 0.00136217 0.000555556 0.000235062 3.85922e-05 0.00269561 0.00221878 0.00276273 0.00232225 -0.00555556 -0.00129747 0.00129696 0.00246479 0.00090799 -0.000135245 -0.000589789 0.00137106 0.00285899 -0.00176951
internal_weight=15297 14988 14917 101 309 264 210 14816 14737 7215 1654 7522 5561 3465 3297 3239 2096 1938 1846 1744 90 1580 559 497 413 7394 5680 1714 1163 551
internal_count=15297 14988 14917 101 309 264 210 14816 14737 7215 1654 7522 5561 3465 3297 3239 2096 1938 1846 1744 90 1580 559 497 413 7394 5680 1714 1163 551
is_linear=0
shrinkage=0.05


Tree=68
num_leaves=31
num_cat=0
split_feature=4 3 1 16 8 8 16 12 9 16 5 6 14 10 14 10 11 10 8 8 11 6 11 10 10 14 10 8 2 8
split_gain=2.80665 3.21836 1.70101 2.38184 3.06813 2.36232 2.77571 2.5074 3.83796 2.59454 2.28822 1.94451 1.78415 5.57075 5.52663 3.86965 3.66176 5.01741 3.59309 3.29828 2.87127 4.66257 3.55545 3.66277 4.53826 3.38577 3.22608 2.92051 2.8874 2.81217
threshold=0.060845310230755817 -0.028884312790998731 0.045513813310423486 0.050640398860144493 -0.14039918345342253 0.093788974062793753 0.047342817138807732 0.0090148119717247139 0.34188549217134551 0.027591150218278519 0.017918223241561532 -1.2254648465746325 0.005094684764536229 -0.0015877931982291591 0.0053913947730825926 -0.00060295425766809785 -0.023775986944761848 0.004196080427128269 0.042795347623567077 0.061621189170240738 0.016655619165508066 -1.2254648465746325 0.00066759209085187632 0.0025856716208269019 0.0011106399623194154 -0.036818887874406285 0.0043510899210761353 -0.29151509447658536 0.037571702550484705 0.030005655492338915
decision_type=2 2 2 2 10 10 2 2 8 2 2 2 2 2 2 2 2 2 8 10 2 2 2 2 2 2 2 10 2 10
left_child=2 -2 3 5 -5 6 12 8 10 11 -7 -9 13 18 -14 -15 17 -17 29 -20 22 -22 23 24 -18 26 -25 -24 -28 -1
right_child=1 -3 -4 4 -6 7 -8 9 -10 -11 -12 -13 14 15 -16 16 20 -19 19 -21 21 -23 27 25 -26 -27 28 -29 -30 -31
leaf_value=0.00010322041389822191 -0.00098647464135342262 -6.1623217834457994e-05 -2.2292736550153828e-05 -4.3298615461108937e-07 0.00024826096168616222 -1.5589272100841133e-05 -0.00016169723782650776 -0.00016514140057291988 0.00011097504787378442 0.00014367709137461202 -0.00025145933028269534 5.7945508538288697e-05 -0.00045723785398850972 -0.00014715496755611011 -5.3142830105207178e-06 4.3835292803095412e-05 5.977996557783106e-06 -0.00038373775095140267 -9.3586732019996981e-05 4.8959471429525134e-05 -9.5602893857780433e-05 4.8005359656020472e-05 -0.00016737588942172425 -0.00017886168382587255 0.00017658772094238288 -7.6027415549885947e-05 3.2789939532513916e-05 -9.7198466121337658e-06 9.9690410593024793e-05 0.00021613842758731606
leaf_weight=551 68 662 2053 60 53 115 98 45 141 82 66 881 53 277 4612 74 200 120 119 108 71 1150 50 45 226 333 546 2348 135 68
leaf_count=551 68 662 2053 60 53 115 98 45 141 82 66 881 53 277 4612 74 200 120 119 108 71 1150 50 45 226 333 546 2348 135 68
internal_value=0.000149254 -0.00287671 0.000299728 0.00051675 0.00774336 0.000451494 0.000214592 0.00244361 -0.00139752 0.00367063 -0.00621547 0.00291577 0.000288652 0.00082931 -0.00045552 0.000255605 0.000556814 -0.00618557 0.00460993 -0.000770925 0.000813088 0.00292793 0.000148081 0.00207071 0.00598592 0.000495751 0.00241047 -0.00104254 0.00326725 0.0065832
internal_weight=15410 730 14680 12627 113 12514 11184 1330 322 1008 181 926 11086 6421 4665 5575 5298 194 846 227 5104 1221 3883 1485 426 1059 726 2398 681 619
internal_count=15410 730 14680 12627 113 12514 11184 1330 322 1008 181 926 11086 6421 4665 5575 5298 194 846 227 5104 1221 3883 1485 426 1059 726 2398 681 619
is_linear=0
shrinkage=0.05


Tree=69
num_leaves=31
num_cat=0
split_feature=6 10 16 11 12 11 11 16 11 0 16 12 12 12 8 14 10 11 1 9 14 14 16 0 9 2 2 11 11 14
split_gain=1.95264 3.04269 2.02773 1.98029 2.91083 2.33078 4.43297 3.85856 3.33625 4.45067 3.22315 2.0387 3.15709 2.5959 2.21263 2.74422 2.61209 2.28306 2.10812 2.09006 2.06841 3.70312 2.29993 2.52917 3.40274 3.0272 2.48302 2.32026 2.14162 2.09555
threshold=-0.55203309476155449 0.025167554477566693 -0.06385256357355705 -0.017686145420045315 0.028818741117549677 -0.011129796687205316 -0.0094650122743183945 -0.011023719730051727 -0.013447724126553815 -0.010108982468594039 -0.014323591974326309 0.064838978376420955 0.048519167358985434 0.078665433833488688 0.0040045506329782219 -0.012869754487188577 0.00034887818574524948 0.013766768537239795 0.079446885778118218 0.12601065734668962 0.017639326626862298 0.08366532037956588 -0.00095214374271307401 -0.00052404431768587878 -0.07795811523496636 0.022083536840975086 -0.011999747879890886 0.011376560633504786 0.0048631682962346776 0.015727597801877272
decision_type=2 2 2 2 2 2 2 2 2 2 2 2 2 2 8 2 2 2 2 10 2 2 2 2 10 2 2 2 2 2
left_child=3 2 -2 4 -1 8 -7 10 9 -5 -8 12 18 -13 17 -16 -17 -14 20 -20 29 22 -22 24 26 -25 -24 28 -26 -9
right_child=1 -3 -4 5 -6 6 7 11 -10 -11 -12 13 14 -15 15 16 -18 -19 19 -21 21 -23 23 25 27 -27 -28 -29 -30 -31
leaf_value=3.2998077996609488e-05 -0.00020247614686117363 -0.00030782283637573627 -3.8124133140918923e-07 -0.00032979068969639158 0.00024456956503372145 0.00011990096448207756 -1.5216351146238359e-05 3.3551705213730448e-05 -0.0002224163359912097 8.7628870691114621e-05 -0.00016427999651647541 0.00019484101856698141 8.4705709244016147e-05 1.7869751348539766e-05 -0.00019905692735060687 -0.00024016301032900181 2.5081774950541712e-05 -0.00019275410575119849 -0.00036001257437799709 2.0618184008226565e-05 9.3192464761910487e-05 8.1848838136884365e-05 9.7776556252405933e-05 -7.6539714534228654e-05 -0.00024782742644426857 0.00010967002066943673 -0.00013060076750659179 -0.00031818953655313967 5.3459228537171322e-05 0.00019351647368370177
leaf_weight=441 70 77 10528 60 42 146 225 2083 115 136 78 85 50 155 101 47 86 46 50 49 105 133 62 102 91 104 54 69 41 40
leaf_count=441 70 77 10528 60 42 146 225 2083 115 136 78 85 50 155 101 47 86 46 50 49 105 133 62 102 91 104 54 69 41 40
internal_value=0.000214918 -0.000161593 -8.96396e-05 0.00105296 0.00408903 0.000712961 0.00103698 0.000713174 -0.00345659 0.000510204 -0.00470297 0.00117506 0.000852701 0.005625 -0.00378788 -0.00641026 -0.00169173 0.00260417 0.00136607 -0.00580808 0.00161234 -0.000624179 -0.0022293 -0.00358509 -0.00638801 0.000728155 0.000431034 -0.0103234 -0.00643939 0.00241404
internal_weight=15471 10675 10598 4796 483 4313 4002 3856 311 196 303 3553 3313 240 330 234 133 96 2983 99 2884 761 628 523 317 206 116 201 132 2123
internal_count=15471 10675 10598 4796 483 4313 4002 3856 311 196 303 3553 3313 240 330 234 133 96 2983 99 2884 761 628 523 317 206 116 201 132 2123
is_linear=0
shrinkage=0.05


Tree=70
num_leaves=31
num_cat=0
split_feature=14 14 10 11 8 10 10 9 16 11 11 3 1 4 5 16 11 9 5 9 3 8 8 1 16 2 4 6 16 16
split_gain=2.07175 3.84435 3.18183 2.91725 3.54796 3.75995 3.19056 4.76201 2.88462 2.61559 2.4991 3.27749 2.91861 2.48843 2.35238 2.5825 2.30132 2.06747 1.90615 2.94276 2.68573 2.16965 1.90116 1.87991 2.98813 1.83988 2.27055 1.81451 1.7778 1.95186
threshold=-0.067583665573298909 -0.061929277885563232 0.014457964096994848 -0.023324980459216712 0.012330605406712937 0.0071561281563717891 0.010927081535675788 -0.0083142970563359047 0.0054964220582622856 -0.028866681392767265 0.0062002267466610981 -0.0056094149536720641 -0.023044631198776085 0.079408233858903596 0.013184008410788381 0.00032420430881796586 0.0038135025222709733 -0.18045920052565914 0.0093865147086005726 0.093717374122378141 0.00075462302699602646 0.0040045506329782219 -0.12151627971319771 -0.027781162834782155 -0.00059450693864904192 -0.044586008818055571 0.031350845830867745 -0.49536325009945464 0.02276216208716875 -0.0086769368061152524
decision_type=2 2 2 2 10 2 2 8 2 2 2 2 2 2 2 2 2 8 2 8 2 10 8 2 2 2 2 2 2 2
left_child=3 14 13 9 6 8 10 -8 -6 -1 11 -5 -13 18 -2 -16 -17 -15 19 21 -21 -3 28 -9 -25 26 -12 -14 29 -20
right_child=1 2 -4 4 5 -7 7 23 -10 -11 25 12 27 17 15 16 -18 -19 22 20 -22 -23 -24 24 -26 -27 -28 -29 -30 -31
leaf_value=-2.8968883416839559e-06 -0.00018970983334697333 0.00013907411326139664 8.9588745413588422e-05 -0.00014812699244850922 0.00015447498801184566 -2.5967230154794014e-05 0.0001436287269852745 -0.00027951650348909969 3.3777932200713787e-07 -0.00081594979898129958 -2.9540013672354256e-07 0.00019728452813258578 -6.8991690587218071e-05 0.00013574883225432252 -0.00023334043452203219 0.00012537951216792001 -9.1293069816461228e-05 -0.00053988323082154114 0.00013359495977708762 -2.635084931771419e-05 0.00010065809910198871 3.5640962408645051e-05 -8.5616708268877741e-07 9.2123717588072417e-05 -0.0001033657289080483 0.0002055034100011332 0.00024061133241759722 0.00012439266205598439 0.00024024591062678133 -5.4101247050931947e-05
leaf_weight=73 110 94 110 40 91 595 167 63 98 40 78 80 53 41 55 43 95 145 192 170 110 124 12041 71 123 158 68 76 45 175
leaf_count=73 110 94 110 40 91 595 167 63 98 40 78 80 53 41 55 43 95 145 192 170 110 124 12041 71 123 158 68 76 45 175
internal_value=0.000256094 4.05904e-05 0.000167963 0.0018143 0.00231403 -0.000191327 0.00432446 0.00106132 0.00595238 -0.00597345 0.0068264 0.00311245 0.00562201 9.70541e-05 -0.00552805 -0.00220207 0.00144928 -0.00564516 0.000179523 0.00321285 -0.000178571 0.00756881 5.82189e-05 -0.00321012 -0.000773196 0.00986842 0.00582192 0.000968992 0.00339806 0.00224796
internal_weight=15424 13550 13247 1874 1761 784 977 424 189 113 553 249 209 13137 303 193 138 186 12951 498 280 218 12453 257 194 304 146 129 412 367
internal_count=15424 13550 13247 1874 1761 784 977 424 189 113 553 249 209 13137 303 193 138 186 12951 498 280 218 12453 257 194 304 146 129 412 367
is_linear=0
shrinkage=0.05


Tree=71
num_leaves=31
num_cat=0
split_feature=15 14 16 13 12 13 16 16 14 16 15 13 12 14 12 3 16 12 6 12 12 16 13 4 13 16 4 0 13 13
split_gain=2.04675 2.56463 1.81776 2.68582 2.40308 5.65275 3.91908 4.96153 9.34329 4.36983 4.15225 3.67828 5.52237 4.89631 4.63885 3.49779 2.81495 2.81211 2.79244 3.28386 2.71966 2.72502 2.71162 2.56256 3.25395 2.83012 2.63525 2.51837 2.46246 2.59756
threshold=-0.035094807275896693 0.26245601507157795 -0.032224910553068413 18.904999732971195 -0.0039943818994799254 21.409999847412113 0.021845398059611502 0.0041488831544894697 -0.024814171369005541 0.029138477276080325 0.015179489830756345 21.409999847412113 -0.023732620371274545 0.054359057666468209 -0.052281388412141021 0.0027977257096459822 0.0065336300403817668 -0.0080789894590868033 -0.085640568605180406 -0.028469952569234454 -0.033690121396823418 -0.0074848641545211527 23.409999847412113 0.02121317176784485 19.329999923706058 0.00032420430881796586 0.01931091384627992 0.011645249652696423 24.779999732971195 26.284999847412113
decision_type=2 2 2 2 2 2 2 2 2 2 2 2 2 2 2 2 2 2 2 2 2 2 2 2 2 2 2 2 2 2
left_child=-1 2 3 -2 6 -6 7 11 10 15 -9 12 20 23 -13 -8 -10 18 19 -18 -4 -22 -16 26 25 -25 -14 -7 -11 -30
right_child=1 -3 4 -5 5 27 9 8 16 28 -12 14 13 -15 22 -17 17 -19 -20 -21 21 -23 -24 24 -26 -27 -28 -29 29 -31
leaf_value=-0.00034476339487590475 0.00014738548693195758 0.00014862885979417779 2.9929456007103284e-05 3.0537666470442801e-05 6.6228603883737927e-07 0.00013591554301938457 0.00024809716745839429 0.00011319094859676251 -0.00047387249405616769 -9.8694113063324762e-05 -9.8804672560522463e-05 8.1814065729025941e-05 -9.4458873863509667e-05 6.9736043690545903e-05 -0.00030024854682352014 1.5454449559287876e-05 -0.00028793110530643708 -0.00030347322142152192 -0.00029819759307156152 2.4776273376818979e-05 8.2234452518581985e-05 0.00037464818962135377 -0.00011146061464479049 -0.0003483527817939286 1.9343581862989354e-05 -6.9501488071582306e-05 9.028359358983526e-05 -2.1600094534819107e-05 0.00026811675521088378 -4.1183595461444125e-05
leaf_weight=77 108 93 323 617 10963 246 112 224 59 258 92 186 76 197 206 75 70 54 102 123 161 55 405 143 85 62 40 54 73 72
leaf_count=77 108 93 323 617 10963 246 112 224 59 258 92 186 76 197 206 75 70 54 102 123 161 55 405 143 85 62 40 54 73 72
internal_value=1.46e-05 5.54324e-05 4.92094e-06 0.00244828 -0.000117112 0.000228625 -0.00131417 -0.00213106 -0.00566298 0.00237288 0.000791139 -0.000812274 0.00100701 -0.00228027 -0.00341907 0.00868984 -0.0106618 -0.00895415 -0.0070339 -0.00349741 0.0046846 0.00902778 -0.00552373 -0.00541872 -0.00793103 -0.0113415 0.000862069 0.007 -0.000558313 0.00465517
internal_weight=15411 15334 15241 725 14516 11263 3253 2663 724 590 316 1939 1142 603 797 187 408 349 295 193 539 216 611 406 290 205 116 300 403 145
internal_count=15411 15334 15241 725 14516 11263 3253 2663 724 590 316 1939 1142 603 797 187 408 349 295 193 539 216 611 406 290 205 116 300 403 145
is_linear=0
shrinkage=0.05


Tree=72
num_leaves=31
num_cat=0
split_feature=10 14 15 2 16 12 14 15 15 16 1 2 14 16 15 10 11 11 16 15 0 9 11 11 9 16 7 14 9 6
split_gain=3.00357 2.10402 4.82303 4.97019 4.24258 4.78878 4.10882 3.50091 4.85844 3.9017 3.55006 3.90059 3.23121 3.43301 3.22512 3.04416 2.95338 4.45604 3.41974 3.11721 2.87169 2.95967 2.82274 2.60485 2.5396 2.50228 2.47481 2.40145 2.41077 2.31429
threshold=-0.029463617054616639 -0.067583665573298909 0.0033433943637545265 0.056342629237007731 0.050640398860144493 0.027516727716061066 -0.054330610723124943 0.011792866509671153 0.0094900961229438269 -0.0017124172178553663 -0.014365137994346798 -0.0026690104533975685 -0.052338025823469685 0.044609897103047975 0.0025356599788466387 0.0056441913648181971 0.023520134037107735 0.022469788955672868 0.038263219159938473 -0.00070738313490598104 0.0029515938606846652 0.043537120186775365 0.019077343251583171 0.017805824608493896 -0.34554497534073986 0.013024917475660704 0.0050129115700185975 -0.021590127132527389 0.09723285425439078 0.22190139877261142
decision_type=2 2 2 2 2 2 2 2 2 2 2 2 2 2 2 2 2 2 2 2 2 8 2 2 10 2 2 2 8 2
left_child=-1 2 3 29 5 7 -3 8 15 10 -9 -12 14 16 -8 -4 17 18 20 26 22 23 -14 -22 -24 -21 -18 28 -15 -2
right_child=1 6 4 -5 -6 -7 12 9 -10 -11 11 -13 13 27 -16 -17 19 -19 -20 25 21 -23 24 -25 -26 -27 -28 -29 -30 -31
leaf_value=-0.00028005509959389729 0.00020765393543241704 -7.1378725746318666e-05 -0.00042023836015477305 -1.2284823567322882e-05 0.00026120809926079823 7.8923486291336737e-05 -4.6932790853227447e-05 -0.00010470226800660607 0.00017112702834555212 -0.00013414113649776521 0.00018970544142551897 -3.7905260658641085e-05 7.8476742784979854e-06 -0.00025017758476519896 0.000251412549800583 -2.7052594922051795e-06 -0.00011861930144398143 -0.00014759383106678045 -0.000389302976641842 0.00027041669152132376 -4.3629368957927685e-05 -1.3066626550388992e-06 -6.1442785095070646e-05 -0.00019117318637341962 0.0001561878622761269 6.309571197284352e-05 2.5323459549901098e-05 -2.5105370021142034e-05 -4.263836911055181e-05 0.0001665456577387899
leaf_weight=71 133 799 51 96 41 361 54 142 190 304 67 63 6332 82 68 344 146 169 86 56 1016 2904 49 99 226 825 162 302 56 54
leaf_count=71 133 799 51 96 41 361 54 142 190 304 67 63 6332 82 68 344 146 169 86 56 1016 2904 49 99 226 825 162 302 56 54
internal_value=4.88663e-05 9.65504e-05 0.00167931 0.00768551 0.000591811 0.000164258 -0.000120989 -0.00139966 0.00132479 -0.00416667 0.000183824 0.00615385 9.8955e-05 1.9984e-05 0.00819672 -0.00183544 0.000178128 -8.04154e-05 4.66766e-05 0.00254415 0.000127047 -0.000926847 0.000768125 -0.00311659 0.00572727 0.00405789 -0.00178571 -0.00431818 -0.00978261 0.0124332
internal_weight=15348 15277 1846 283 1563 1522 13431 1161 585 576 272 130 12632 12510 122 395 12070 10881 10712 1189 10626 4019 6607 1115 275 881 308 440 138 187
internal_count=15348 15277 1846 283 1563 1522 13431 1161 585 576 272 130 12632 12510 122 395 12070 10881 10712 1189 10626 4019 6607 1115 275 881 308 440 138 187
is_linear=0
shrinkage=0.05


Tree=73
num_leaves=31
num_cat=0
split_feature=5 15 1 13 2 0 6 6 6 9 8 0 3 5 13 5 7 8 2 15 6 13 13 2 8 7 0 0 13 13
split_gain=2.11179 2.88277 2.30831 2.59288 2.86887 2.21717 1.93925 1.78932 1.72604 1.69753 3.17793 2.75393 3.50739 2.97758 2.5928 2.17652 2.0927 2.27188 2.06551 1.96641 1.92678 1.92076 1.95785 2.0062 1.99434 2.11836 1.97362 3.22361 1.89892 2.99852
threshold=0.01801998998963434 -0.02860664357134118 0.068232868927962223 17.530000686645511 0.10613115407735176 0.042694987471898822 -1.2254648465746325 0.46037712280393017 0.71577407330467102 0.25694894576418364 0.093788974062793753 0.00024322337950311026 -0.0013018877665965654 0.024912487646652035 30.345000267028812 0.01939248778986102 0.075735526764595731 0.07326006286005228 -0.057765786204241047 0.013578383081203628 1.601420068661729 12.88000011444092 14.119999885559084 -0.0018611240637940727 0.41201347911188896 0.079574986350516866 0.0077578933093530597 -0.010524008398901772 17.744999885559086 15.074999809265138
decision_type=2 2 2 2 2 2 2 2 2 8 8 2 2 2 2 2 2 10 2 2 2 2 2 2 8 2 2 2 2 2
left_child=2 -2 5 4 -4 -1 -3 -6 -5 11 18 15 13 -13 16 -8 28 -18 -11 20 -20 -12 -23 -24 25 -25 27 -26 29 -14
right_child=1 6 3 8 7 -7 9 -9 -10 10 21 12 14 -15 -16 -17 17 -19 19 -21 -22 22 23 24 26 -27 -28 -29 -30 -31
leaf_value=7.4544938291223538e-06 -0.00029965696729580723 -0.0001193769846392666 -0.00020738189930115072 9.1559461195034157e-05 0.00011461792229161892 0.00016461667180455117 -7.444701182484804e-05 -0.00010720804944126008 -9.7228703715721368e-05 -1.0183243426342606e-05 -0.00034631647618492412 -4.048109108964974e-05 -6.7008367600097409e-05 -0.00039858045190724762 0.00022339496160713514 9.0082519139395706e-05 0.00031489172681091211 0.00010070583798602209 -0.00021053643275325325 -0.00038017805197863879 7.6950695414345493e-05 0.00021242954760850128 0.0001949160064991018 -9.9347337538333678e-05 -0.00032496401648172269 6.2881740822131297e-05 -0.00038242388705022473 0.00014161217802128478 -9.258293528896077e-05 0.00014920886124035728
leaf_weight=10275 73 172 149 57 48 53 220 73 45 378 41 207 184 158 41 965 41 122 421 44 43 127 105 267 73 353 103 79 371 168
leaf_count=10275 73 172 149 57 48 53 220 73 45 378 41 207 184 158 41 965 41 122 421 44 43 127 105 267 73 353 103 79 371 168
internal_value=0.000119695 -0.000756939 0.000509346 -0.00336022 -0.00592593 0.000648722 -0.000603246 -0.000206612 0.00343137 -0.000404567 -0.00147493 0.000474364 -0.00112229 -0.00527397 0.000512406 0.00221519 -5.64334e-05 0.00506135 -0.0037246 -0.00580709 -0.00484914 0.000261324 0.000654923 -0.000102041 -0.000885714 0.000645161 -0.00460784 -0.000986842 -0.00121024 0.00142045
internal_weight=15456 4756 10700 372 270 10328 4683 121 102 4511 2034 2477 1292 365 927 1185 886 163 886 508 464 1148 1107 980 875 620 255 152 723 352
internal_count=15456 4756 10700 372 270 10328 4683 121 102 4511 2034 2477 1292 365 927 1185 886 163 886 508 464 1148 1107 980 875 620 255 152 723 352
is_linear=0
shrinkage=0.05


Tree=74
num_leaves=31
num_cat=0
split_feature=11 16 0 16 14 16 12 12 14 12 16 11 14 14 10 1 13 11 15 16 11 13 13 15 15 11 13 13 12 15
split_gain=2.20812 2.81763 3.36545 3.35859 2.84431 2.51154 2.33776 1.86963 1.75643 1.74889 1.72025 4.31837 3.86939 3.61402 2.04019 1.98413 1.92383 3.10865 3.49323 3.97553 4.75233 5.23401 6.24708 6.10774 5.22695 5.01177 4.49878 4.32538 4.2604 3.6006
threshold=0.023520134037107735 0.052240919921549452 0.00082876093278527751 0.017012830952881978 0.016378333086022993 0.013713971415617589 0.024727587984372471 0.029508747441176267 -0.057429826622899353 0.11925831623489137 0.037632157480453017 0.0090107413395309494 0.035115678917499234 -0.015155298785694047 0.013014637430332267 0.026473021641088893 22.330000877380375 -0.0015054392328701092 -0.013448448220354512 0.0086585952570235065 0.0029094818078184708 15.75500011444092 15.984999656677248 -0.0018388303088866518 -0.008550010424789976 0.015830592814055747 17.195000648498539 19.105000495910648 0.031113893842954491 -0.010006436847375231
decision_type=2 2 2 2 2 2 2 2 2 2 2 2 2 2 2 2 2 2 2 2 2 2 2 2 2 2 2 2 2 2
left_child=9 2 3 -2 7 -4 -6 8 -5 10 16 -12 13 14 -13 -15 17 -1 -19 20 -20 23 -23 29 -24 -25 28 -28 -26 -22
right_child=1 -3 5 4 6 -7 -8 -9 -10 -11 11 12 -14 15 -16 -17 -18 18 19 -21 21 22 24 25 26 -27 27 -29 -30 -31
leaf_value=2.2730127254351778e-05 -0.00019776102261499152 -0.00010308957509847263 0.00016992233607505887 6.6947398162804615e-05 0.00028375498044154836 4.1261488964020955e-05 -8.3163626508394896e-06 4.9736543792825534e-05 -0.00010614068254157379 -0.00010425867888498296 -0.00042508369358885587 0.00012676564450864151 0.00020295843808047976 -0.00051680418261908906 -0.00015299515717993276 -0.00012604183253123462 -3.4976803205896473e-05 8.9294484485762614e-05 -9.5648740367876167e-05 7.0273819181275806e-06 -0.00047473349730980051 -0.00019796303182154242 0.0002691895055618293 0.00016599651031388277 0.00018861549204743239 -6.3985307004420344e-05 -0.00022791838718813585 1.9862123384440517e-06 -5.618586382968643e-05 -1.7253382558506635e-06
leaf_weight=4397 93 95 74 67 70 1023 44 167 195 96 74 80 50 42 50 48 1298 330 832 3803 55 167 76 420 152 124 420 230 331 456
leaf_count=4397 93 95 74 67 70 1023 44 167 195 96 74 80 50 42 50 48 1298 330 832 3803 55 167 76 420 152 124 420 230 331 456
internal_value=0.000174165 0.00180525 0.00226486 -0.000628931 0.00087477 0.00394257 0.00789474 -0.000990676 -0.00362595 -4.61902e-05 1.86081e-06 -0.00348837 -0.000555556 -0.00340909 0.00192308 -0.0111111 9.35757e-05 0.000294666 -0.00033126 -0.000566091 -0.00184646 -0.000730152 -0.00276163 0.00191943 -0.00150951 0.00560662 -0.00236099 -0.00507692 0.001294 -0.00200587
internal_weight=15359 1828 1733 636 543 1097 114 429 262 13531 13435 344 270 220 130 90 13091 11793 7396 7066 3263 2431 1376 1055 1209 544 1133 650 483 511
internal_count=15359 1828 1733 636 543 1097 114 429 262 13531 13435 344 270 220 130 90 13091 11793 7396 7066 3263 2431 1376 1055 1209 544 1133 650 483 511
is_linear=0
shrinkage=0.05


Tree=75
num_leaves=31
num_cat=0
split_feature=4 7 6 6 14 4 10 13 12 0 12 9 10 13 11 13 15 0 11 12 2 15 7 11 13 12 4 5 14 11
split_gain=2.24653 2.6359 2.57294 2.13963 2.49495 1.98806 1.94192 3.39038 5.71296 1.9174 2.02961 1.90461 1.82005 1.69902 3.0907 2.80599 6.72153 4.07902 3.37259 3.21777 3.06992 3.38366 3.02977 2.71853 3.7187 2.50908 2.48793 3.59613 3.39566 3.63496
threshold=0.075071325175703058 -0.11143903767980222 -0.50799192273447125 -0.43842993916350231 -0.059018092002264926 0.012754837953063576 -0.017312021268647334 31.844999313354496 -0.0075921300584320664 0.0036239180047512591 0.042111122308508782 -0.15154762361709381 -0.016935557307996004 12.84500026702881 0.0080419016501751556 13.605000019073488 -0.0056034147660765634 0.0046282645766655426 0.028348480505392851 0.027193526781664649 -0.057765786204241047 -0.0015933420902779492 0.0017694226411859584 0.016276968490692715 12.454999923706056 0.048152428754814187 0.016695084254014836 0.011095072784417686 -0.023061386097975475 0.0032511788494672404
decision_type=2 2 2 2 2 2 2 2 2 2 2 10 2 2 2 2 2 2 2 2 2 2 2 2 2 2 2 2 2 2
left_child=1 2 -1 4 -2 9 7 8 -7 10 -3 -6 -8 14 25 16 17 -15 19 22 -21 -22 -18 -16 -25 -14 -23 -28 -29 -30
right_child=3 5 -4 -5 11 6 12 -9 -10 -11 -12 -13 13 15 23 -17 18 -19 -20 20 21 26 -24 24 -26 -27 27 28 29 -31
leaf_value=0.00025569625643864389 0.00031833027215194315 5.0101282477779415e-05 4.7176808608609924e-05 -0.00048969440141448026 0.00015521429209679064 -0.00058486834006261543 0.00011944192362359908 0.00011893660331736695 2.3035683255347251e-05 -9.378728198010779e-06 0.00010171635948093223 -0.00056295579826374045 4.9627163807462309e-05 -0.00019233113990216755 -0.00010176709127037374 1.1386990727813104e-06 0.00020299666003653844 6.462164540087809e-05 -0.00010559632558963458 -0.0001547208931997602 0.00021120215122169626 -3.4906394742109443e-05 8.6574585470138856e-05 5.1145344951732732e-05 -7.6785124478191647e-05 -0.00011503910585207731 0.00012282211149335426 0.00014628874766426766 -0.00011610926723323104 3.239300199701187e-05
leaf_weight=50 40 67 120 178 40 132 69 77 119 69 43 41 207 153 247 12068 81 55 87 54 123 119 187 159 283 44 62 120 64 246
leaf_count=50 40 67 120 178 40 132 69 77 119 69 43 41 207 153 247 12068 81 55 87 54 123 119 187 159 283 44 62 120 64 246
internal_value=0.000194755 0.000279709 0.00647059 -0.00409699 0.00103306 0.00020924 0.000145703 -0.00365854 -0.0064741 0.00544693 0.00954545 -0.00401235 0.000232187 0.000193259 -0.0018617 0.000337208 0.00249815 -0.00576923 0.00400262 0.0047822 0.00317259 0.00401907 0.00951493 -0.00359216 -0.00124434 0.00288845 0.00249591 0.00406504 0.00244186 -0.000322581
internal_weight=15404 15105 170 299 121 14935 14756 328 251 179 110 81 14428 14359 940 13419 1351 208 1143 1056 788 734 268 689 442 251 611 492 430 310
internal_count=15404 15105 170 299 121 14935 14756 328 251 179 110 81 14428 14359 940 13419 1351 208 1143 1056 788 734 268 689 442 251 611 492 430 310
is_linear=0
shrinkage=0.05


Tree=76
num_leaves=31
num_cat=0
split_feature=6 9 13 11 14 1 5 13 10 10 15 14 7 5 13 6 12 4 14 12 14 11 10 16 14 13 2 16 11 7
split_gain=2.87416 2.60191 2.55331 4.88782 3.60589 2.73912 2.61635 2.15842 6.22026 4.08303 2.37628 2.30051 2.23156 2.14298 2.85274 4.40906 2.1017 2.08659 2.18942 2.08419 4.34975 2.27839 3.61996 3.61641 3.58318 3.94282 3.13559 3.0957 2.69379 2.66361
threshold=0.018139694319447734 0.25694894576418364 12.765000343322756 0.01114825799222008 -0.022508843870219172 -0.003993973112482784 0.010500306210392838 13.84500026702881 -0.0057060977224409606 -0.0036629291182346808 0.00035370137955836883 -0.04841526643133464 0.00079279891764472154 0.010451552396337696 19.295000076293949 -0.54464178089498561 -0.017226371227650025 0.017876031678818304 0.031770832380203846 0.041818066300965857 0.021941009830483863 0.02151980988562963 0.0069016161963192388 0.036520666091114047 -0.019219245464752229 14.920000076293947 0.084089503197476892 0.036887810956601881 0.020636811984425688 -0.018994526732387159
decision_type=2 10 2 2 2 2 2 2 2 2 2 2 2 2 2 2 2 2 2 2 2 2 2 2 2 2 2 2 2 2
left_child=2 -2 3 4 -1 -5 -7 8 -4 -10 -11 12 -12 14 17 -16 -3 18 -9 21 -21 23 24 28 27 -26 -24 -23 -15 -27
right_child=1 16 7 5 -6 6 -8 13 9 10 11 -13 -14 19 15 -17 -18 -19 -20 20 -22 22 26 -25 25 29 -28 -29 -30 -31
leaf_value=0.00013207624656812406 -3.905267270377369e-06 -0.00039527227467112325 0.00021971019427586706 -0.00015060067560126864 -5.4389744053878064e-05 4.5991850145244506e-05 -9.6542611696982033e-05 4.3807620056036493e-05 -0.00017828328807522871 9.4668065761607432e-05 0.00021305228900945244 2.7601235479736119e-06 3.2290207842271183e-05 9.6758624363015036e-06 0.00014678672609977911 3.8146046263025716e-07 -4.8954416297586802e-05 0.00011235392512869026 -4.5948219932302053e-05 -8.0233748182039803e-05 4.9475965073871644e-05 4.1777548821334478e-05 0.00012491725529698871 -0.0002959314282511292 -0.00011977878611745888 -0.00010241926594087622 -0.0001025961543818215 -0.00021351691744157659 -0.00019339841283075093 0.00012665343371385388
leaf_weight=102 5042 93 54 118 118 42 211 336 57 348 46 652 60 5074 63 59 670 59 121 823 337 48 302 98 48 53 53 79 45 252
leaf_count=102 5042 93 54 118 118 42 211 336 57 348 46 652 60 5074 63 59 670 59 121 823 337 48 302 98 48 53 53 79 45 252
internal_value=0.000160059 -0.000719208 0.000688548 -0.00249577 0.00340909 -0.0059973 -0.00306324 0.000896107 0.00285538 0.00208512 0.00275769 0.00118734 0.00801887 0.000592357 0.00336991 0.0102459 -0.00344037 0.00174419 0.000601751 0.000346644 -0.00159483 0.000718771 0.00314371 0.00033065 0.0003125 0.00290368 0.00697183 -0.00688976 0.000512795 0.005
internal_weight=15463 5805 9658 591 220 371 253 9067 1217 1163 1106 758 106 7850 638 122 763 516 457 7212 1160 6052 835 5217 480 353 355 127 5119 305
internal_count=15463 5805 9658 591 220 371 253 9067 1217 1163 1106 758 106 7850 638 122 763 516 457 7212 1160 6052 835 5217 480 353 355 127 5119 305
is_linear=0
shrinkage=0.05


Tree=77
num_leaves=31
num_cat=0
split_feature=6 4 5 11 12 13 13 3 2 1 15 3 10 10 8 12 10 8 13 12 15 8 9 2 14 14 10 11 10 11
split_gain=2.66191 3.0442 2.53524 2.11488 1.74973 1.93331 5.52134 1.72094 3.10174 1.96751 3.1595 3.2028 2.52925 2.40353 2.26603 2.24468 2.58181 1.86272 2.89262 2.26185 2.13709 2.01735 2.32022 2.08695 1.80297 4.00085 2.50446 2.44033 2.44509 2.37466
threshold=-0.010934560855522349 0.051698190700859133 0.01082993598514622 0.050492682028646547 -0.080083523859072289 28.970000267028812 30.345000267028812 0.0029265353846412716 -0.034378650794973535 -0.0064264702009497734 0.0048661545419957939 0.0065382527717262615 0.0056894670229157293 0.0057742821370848638 -0.01357982157939641 -0.0039943818994799254 0.010706297735196714 0.032284871270745759 14.715000152587892 -0.012168113641692622 0.0012991450795589723 0.048189431365479603 0.056767905392448144 0.027279887435846976 0.08366532037956588 0.080215061359134712 -0.0018375943073612453 -0.023324980459216712 -0.015857529403489442 -0.010482853286563341
decision_type=2 2 2 2 2 2 2 2 2 2 2 2 2 2 8 2 2 8 2 2 2 10 8 2 2 2 2 2 2 2
left_child=2 3 -1 -2 -4 7 -7 24 9 10 11 -9 14 -12 -11 -14 -17 18 -10 20 -20 22 -19 -23 25 -6 27 -26 -29 -30
right_child=1 -3 4 -5 5 6 -8 8 17 12 13 -13 15 -15 -16 16 -18 21 19 -21 -22 23 -24 -25 26 -27 -28 28 29 -31
leaf_value=3.9685341315515961e-05 -2.4196239299108073e-06 -0.00016707861338988804 0.00015685337042235922 -0.00011881193697001678 -1.9413449015388481e-06 -0.00033033961802137732 4.2370945539880756e-05 0.00014897957894779892 0.00012725032262541152 7.2423205530946708e-06 -0.00038915805742861147 -0.00016655324335163019 0.00018964155843118736 -6.500158862375603e-05 -0.000237330831015429 0.00017548820482537642 -0.00020734065995959476 5.591795301738258e-05 0.00024977054059349322 9.0135397028236121e-06 3.2664935439240585e-05 -9.5769755251140908e-05 -0.00010953231479366522 5.7405671530772704e-05 0.00013312550130211372 -0.00029413022700379107 0.00010973893622999139 -0.00022329048708442267 -8.3960346885939273e-05 7.3777311594447261e-05
leaf_weight=1096 5479 461 74 41 4965 64 92 102 182 129 46 121 62 123 46 50 41 43 52 368 73 93 176 783 117 78 62 80 110 244
leaf_count=1096 5479 461 74 41 4965 64 92 102 182 129 46 121 62 123 46 50 41 43 52 368 73 93 176 783 117 78 62 80 110 244
internal_value=0.000228111 -0.000597726 0.000749578 -0.000271739 0.000453677 0.000385449 -0.00512821 0.000491039 0.00158635 -0.00118056 -0.00357143 0.000336323 0.00167683 -0.00872781 -0.00242857 0.00637255 0.00137363 0.00271186 0.00477778 0.00278905 0.0086 0.00143836 -0.00285388 0.00251142 8.84017e-06 -0.000302399 0.00256933 0.00149728 -0.000230415 0.00155367
internal_weight=15453 5981 9472 5520 8376 8302 156 8146 2490 720 392 223 328 169 175 153 91 1770 675 493 125 1095 219 876 5656 5043 613 551 434 354
internal_count=15453 5981 9472 5520 8376 8302 156 8146 2490 720 392 223 328 169 175 153 91 1770 675 493 125 1095 219 876 5656 5043 613 551 434 354
is_linear=0
shrinkage=0.05


Tree=78
num_leaves=31
num_cat=0
split_feature=13 12 2 11 15 0 15 1 6 3 6 14 12 14 15 12 13 13 12 11 13 5 14 15 11 13 14 15 12 14
split_gain=2.33294 3.3065 2.78396 1.94715 3.67411 3.71813 2.64206 2.59106 2.46232 2.94135 2.45251 2.86088 4.13152 2.37865 2.53329 2.35043 2.33716 5.39137 3.56028 3.16943 3.07076 3.58169 3.55258 3.14235 3.43705 3.68607 4.21701 5.23879 5.93053 4.06787
threshold=43.015001296997077 -0.080083523859072289 -0.089928784668196635 0.016655619165508066 -0.0069374557914478876 -0.011449698889784031 -0.0050009324562593207 0.074275568474045608 1.4432176708498095 0.012464564883187481 -1.4541050089878229 0.023650626144740231 0.025891227529327935 0.021941009830483863 -1.0000000180025095e-35 0.027516727716061066 13.744999885559084 13.234999656677248 0.029587850258833818 0.00053834779161687784 20.865000724792484 0.013898619253809861 -0.086337752297859935 0.015179489830756345 0.0029094818078184708 15.425000190734865 0.027028120883943799 0.00065418345073575701 -0.0032252880989698247 -0.010554721432184831
decision_type=2 2 2 2 2 2 2 2 2 2 2 2 2 2 2 2 2 2 2 2 2 2 2 2 2 2 2 2 2 2
left_child=1 2 -1 16 5 -5 -6 10 9 -9 -8 13 -13 14 -12 -7 17 18 -3 -18 22 -22 -21 24 -24 -26 27 28 -27 -30
right_child=-2 3 -4 4 6 15 7 8 -10 -11 11 12 -14 -15 -16 -17 19 -19 -20 20 21 -23 23 -25 25 26 -28 -29 29 -31
leaf_value=0.00039607574736533961 -0.00020151312166909047 -8.2449249137192711e-05 3.0942100089009458e-05 5.4755916116007572e-05 0.00020684907285928842 -0.00027856264266721919 -0.00012001448271892033 -6.5460988699395426e-05 -0.00036857027782669723 0.00023950760304277535 8.5471729436444483e-05 9.6890468133107368e-05 -0.00010090955615765321 0.00017585039666099793 2.7697375502802256e-05 -0.0001074642646871099 4.9974011180903799e-06 0.0001028392192005758 8.5491231164129544e-06 5.3304177174471522e-05 0.00013299155173437772 7.4928520405389073e-06 -0.0001257911734355109 -0.00013023360989155219 2.7884274959391609e-05 -0.00065142741374343393 2.4733130004863867e-05 -1.419313155235412e-05 -3.5561702017301164e-05 -0.00025249220365940607
leaf_weight=52 54 243 42 76 88 66 59 261 88 64 294 115 238 58 1815 78 5495 635 963 232 59 174 626 219 953 50 641 822 397 377
leaf_count=52 54 243 42 76 88 66 59 261 88 64 294 115 238 58 1815 78 5495 635 963 232 59 174 626 219 953 50 641 822 397 377
internal_value=0.000189122 0.000225785 0.00957447 0.000167918 0.00124242 -0.005 0.00168831 0.00143717 -0.00223971 -0.000230769 0.00202598 0.0022619 -0.00191218 0.00294186 0.00266714 -0.00972222 -0.000130406 0.00150733 -0.000456053 -0.000430562 -0.00140659 0.00418455 -0.00170836 -0.00205018 -0.00172012 -0.00106481 -0.00215348 -0.00349332 -0.00631068 -0.00523256
internal_weight=15334 15280 94 15186 3300 220 3080 2992 413 325 2579 2520 353 2167 2109 144 11886 1841 1206 10045 4550 233 4317 4085 3866 3240 2287 1646 824 774
internal_count=15334 15280 94 15186 3300 220 3080 2992 413 325 2579 2520 353 2167 2109 144 11886 1841 1206 10045 4550 233 4317 4085 3866 3240 2287 1646 824 774
is_linear=0
shrinkage=0.05


Tree=79
num_leaves=31
num_cat=0
split_feature=0 15 15 5 0 12 14 8 11 5 10 9 13 12 13 3 11 0 8 15 9 3 9 3 14 14 14 10 10 10
split_gain=1.97081 2.32534 2.37602 1.90162 1.61224 1.6232 2.3854 1.7751 1.72513 1.99843 1.99411 2.83419 2.03025 2.44036 2.3987 2.04552 1.84984 2.0717 1.5012 1.37912 1.84758 1.93762 1.47481 1.86154 1.78946 1.28997 1.81204 1.525 2.14772 1.80284
threshold=-0.047417370333871382 -0.024803186440556287 -0.016558923548547041 0.035551728594651888 0.017856534353671964 0.055910575939094771 -0.073050802278400592 0.00063769280930037209 -0.025492128925019227 0.021405620011485455 0.0092344567550487495 -0.067535101103585279 16.469999313354496 0.019260536210570115 17.090000152587894 -0.0037450235279912754 0.03466296969686667 0.018619188491862174 -0.032864968601961024 0.011875677230032468 0.045437660352030125 0.0095110485766164449 0.16843429017094905 0.011964653177679143 -0.075454415356713087 0.060254427512154048 0.030785511680663128 0.0067212422926850044 0.0078926496087117232 0.0050045116923761465
decision_type=2 2 2 2 2 2 2 10 2 2 2 8 2 2 2 2 2 2 10 2 10 2 10 2 2 2 2 2 2 2
left_child=1 -1 -3 18 -2 8 -7 -8 9 -6 12 -12 16 14 -14 -16 17 -10 -4 20 -13 -22 23 -21 -24 26 27 29 -29 -19
right_child=4 2 3 -5 5 6 7 -9 10 -11 11 19 13 -15 15 -17 -18 25 -20 22 21 -23 24 -25 -26 -27 -28 28 -30 -31
leaf_value=-0.00054528339960057618 5.7140640601971441e-06 0.00034955929195447822 7.89563838516469e-05 -0.00042459779483910586 -6.2684984756594857e-05 9.1383663665785741e-05 -0.00036061988263607004 -8.1532739430214545e-05 -0.00021002164181358913 -0.0007193094313173473 0.00019214133963358908 -1.216932190122315e-05 0.00011294705250799284 0.00010785860697196382 0.00010824613926635339 -0.00012149149476580147 -0.00021317870086560149 -5.018095905221084e-05 -0.00018402399499670909 -3.1851223138519486e-05 0.0002684573941359912 3.6845181658749482e-05 4.5671886416194088e-06 0.00019386909416784962 -0.00020810675065448736 0.00020320238742679533 -0.00028928273594539466 -0.00024404661650588301 -8.5703773413250455e-06 0.00010870081944507225
leaf_weight=49 12912 41 81 83 52 42 70 129 42 50 79 42 69 142 64 282 45 319 57 180 43 51 44 80 49 48 59 42 81 119
leaf_count=49 12912 41 81 83 52 42 70 129 42 50 79 42 69 142 64 282 45 319 57 180 43 51 44 80 49 48 59 42 81 119
internal_value=0.000161854 -0.00377814 -0.0019084 -0.00395928 0.000242815 -0.0010009 -0.00487552 -0.0071608 -0.000529768 -0.00686275 -0.00018617 0.00228873 -0.00125762 0.00103232 -0.000903614 -0.00260116 -0.00294702 -0.00232394 -0.000362319 0.000869121 0.00514706 0.00904255 -0.000779037 0.00115385 -0.0061828 -0.00164671 -0.00225806 -0.00138146 -0.00630081 0
internal_weight=15446 311 262 221 15135 2223 241 199 1982 102 1880 568 1312 557 415 346 755 710 138 489 136 94 353 260 93 668 620 561 123 438
internal_count=15446 311 262 221 15135 2223 241 199 1982 102 1880 568 1312 557 415 346 755 710 138 489 136 94 353 260 93 668 620 561 123 438
is_linear=0
shrinkage=0.05


Tree=80
num_leaves=31
num_cat=0
split_feature=13 13 6 13 15 16 0 0 8 7 16 12 12 14 0 6 14 3 6 14 6 13 15 15 6 3 12 14 13 12
split_gain=2.33169 6.18631 3.1335 2.74536 2.82979 2.23241 1.95287 2.38243 1.78881 2.16708 1.96859 1.79977 3.55443 1.71312 2.56042 2.02016 1.9819 1.63262 1.61929 2.10952 1.83605 2.90581 2.5011 4.19059 2.9654 2.81583 3.88752 2.85204 2.86691 2.43606
threshold=28.970000267028812 30.345000267028812 -0.47313058122191431 25.505000114440922 -0.01114244142995968 -0.025446392617508137 0.0072716256781691921 0.018619188491862174 -0.17220954717422107 -0.11143903767980222 -0.045986060510601105 -0.036140161148324239 -0.02797294646846021 -0.06426442822534599 0.0072716256781691921 -0.89010452567454224 -0.0046275643275077152 -0.00094752353890392705 3.5367760005084103 -0.0051066036826416519 -0.16784262469418063 12.765000343322756 0.0053022035834134904 0.0050966053355054894 -0.3049737907601468 0.0015963815634388869 -0.037333173257957868 -0.034719790282674072 22.330000877380375 -0.024522730965398139
decision_type=2 2 2 2 2 2 2 2 10 2 2 2 2 2 2 2 2 2 2 2 2 2 2 2 2 2 2 2 2 2
left_child=3 -2 -3 8 -5 17 -6 -8 10 -10 -1 -12 -13 -14 15 -15 -17 -4 20 -20 21 -11 23 25 -24 26 -23 28 -27 -28
right_child=1 2 5 4 6 -7 7 -9 9 18 11 12 13 14 -16 16 -18 -19 19 -21 -22 22 24 -25 -26 27 29 -29 -30 -31
leaf_value=0.00012504521793996865 -0.00046144028509555684 0.00015019334734406959 -0.00026467591956412084 -4.1414788057028352e-05 0.00025363344119531332 9.7303112339793961e-05 -6.2015147550902413e-05 0.00016343791919082542 0.00029593649024164123 -3.2771839878086453e-05 -0.00035692584528413014 7.7703648562527493e-05 0.00022285233920737638 -0.00025457544325762445 -0.00027780089681632235 -0.00012923142874254521 7.5024364540924809e-05 -7.0328287859147045e-07 0.00018503581213214285 -2.4676703449440295e-05 -7.4232353737812081e-06 0.00010586133249161773 -1.8125390576026643e-05 0.00021190684353748608 6.120094982470074e-05 9.8128852690350165e-05 -0.00012327800672140565 3.5795008823721192e-05 -1.6762772181957509e-05 7.3210731874623177e-06
leaf_weight=62 76 73 74 115 131 52 46 40 108 511 113 82 47 40 131 144 167 44 119 90 6139 175 1837 85 294 291 188 1209 57 2882
leaf_count=62 76 73 74 115 131 52 46 40 108 511 113 82 47 40 131 144 167 44 119 90 6139 175 1837 85 294 291 188 1209 57 2882
internal_value=0.000233433 -0.00399687 -0.000102881 0.000322784 0.00481928 -0.00382353 0.00817972 0.00232558 0.000221718 0.000352163 -0.00209924 -0.00283149 -0.00175941 -0.00326087 -0.00414938 -0.00192308 -0.000562701 -0.00762712 0.000297254 0.00466507 0.000230465 0.000753752 0.00101881 0.00164211 -0.000410605 0.00144731 0.000608629 0.00319525 0.00718391 0.00019544
internal_weight=15422 319 243 15103 332 170 217 86 14771 13985 786 724 611 529 482 351 311 118 13877 209 13668 7529 7018 4887 2131 4802 3245 1557 348 3070
internal_count=15422 319 243 15103 332 170 217 86 14771 13985 786 724 611 529 482 351 311 118 13877 209 13668 7529 7018 4887 2131 4802 3245 1557 348 3070
is_linear=0
shrinkage=0.05


Tree=81
num_leaves=31
num_cat=0
split_feature=1 4 15 16 7 7 8 10 12 7 5 16 16 4 12 11 9 3 8 16 3 16 8 16 15 11 8 9 16 15
split_gain=1.41121 1.83359 1.83993 1.72812 1.87654 1.57584 2.95906 4.39917 2.13025 1.91608 2.48229 2.43467 2.71367 2.03622 2.36656 2.43829 2.01203 2.80722 2.52754 2.3648 3.59903 2.51718 2.39859 2.11662 2.11656 2.11096 1.99205 1.96767 1.90547 2.61078
threshold=0.092968154013707963 0.054155031795349438 0.013578383081203628 0.023707546913211423 0.1331350368429304 0.022886571049284935 0.013061812491950932 -0.0048173776949359528 -0.017626690580154977 -0.0017613387303797576 0.01217678738582848 -0.020694668288096848 -0.017391050753871481 0.020081964900545386 0.041818066300965857 -0.021243764887310997 -0.061602628739608249 -0.025732236266514826 -0.018688823319859157 0.021845398059611502 0.0068788536182829993 0.021085184560570628 -0.0046033158861362713 0.024645408531789096 0.0061874209344676698 0.012589162192508276 0.083358847051501664 -0.046980373717618255 -0.013159128897653969 0.0073493837312634822
decision_type=2 2 2 2 2 2 8 2 2 2 2 2 2 2 2 2 8 2 10 2 2 2 10 2 2 2 8 10 2 2
left_child=5 2 -2 4 -3 9 7 -7 -9 10 13 -11 27 14 15 -1 17 -12 28 21 22 26 23 -21 -24 -25 -18 -13 29 -19
right_child=1 3 -4 -5 -6 6 -8 8 -10 11 16 12 -14 -15 -16 -17 19 18 -20 20 -22 -23 24 25 -26 -27 -28 -29 -30 -31
leaf_value=7.072221874564137e-05 1.6331586808315291e-05 -0.00091164811309916321 -0.00016465059152815064 -4.1359248892920008e-05 -0.00028613093138946891 -0.00023523648234279884 2.1685180318507457e-05 -0.00025442737940739655 2.1104542114996126e-05 -9.6739638156664309e-05 -0.00021804411619643412 0.00022497728618607068 -1.1102043915990363e-05 6.6919869474367464e-05 9.3107453193206583e-05 -6.7435561103268687e-06 -3.7542676509615648e-05 5.7481052472793133e-05 -0.00011150101531533707 0.00020840262267569451 -0.00017317329687110552 -0.00023850956689138469 -0.00011245875114758476 -7.1962717048835482e-05 9.2131403292131233e-05 0.00015809727494786355 4.2211460854837439e-05 1.6064137292416853e-05 2.2192228968135471e-05 0.00043234419430668303
leaf_weight=150 411 41 68 76 63 70 4347 46 366 300 62 40 3093 305 177 950 2647 316 134 49 95 40 65 61 47 233 356 46 795 41
leaf_count=150 411 41 68 76 63 70 4347 46 366 300 62 40 3093 305 177 950 2647 316 134 49 95 40 65 61 47 233 356 46 795 41
internal_value=0.000177534 -0.00208649 -0.000469729 -0.00638889 -0.0105769 0.000278134 0.00101988 -0.0026971 -0.000728155 -7.9984e-05 0.000425418 -0.00102759 -0.000621265 0.00214918 0.00127251 0.000409091 -0.000126493 0.00152077 0.00202177 -0.000744503 0.00227273 -0.00128985 0.00412088 0.00619534 -0.00223214 0.00459184 -0.00112388 0.00813953 0.00277778 0.00581232
internal_weight=15490 659 479 180 104 14831 4829 482 412 10002 6523 3479 3179 1582 1277 1100 4941 1348 1286 3593 550 3043 455 343 112 294 3003 86 1152 357
internal_count=15490 659 479 180 104 14831 4829 482 412 10002 6523 3479 3179 1582 1277 1100 4941 1348 1286 3593 550 3043 455 343 112 294 3003 86 1152 357
is_linear=0
shrinkage=0.05


Tree=82
num_leaves=31
num_cat=0
split_feature=11 10 9 11 11 7 12 12 2 7 10 0 10 12 16 12 12 9 8 12 12 16 10 10 16 0 12 0 13 5
split_gain=1.45165 1.58321 3.23704 1.57519 1.92772 2.38595 1.83344 2.09605 2.65004 1.7377 1.60648 3.60806 3.49676 3.26983 3.03271 3.0702 2.94097 2.55782 2.46496 2.41257 4.88625 3.88746 6.6876 8.47778 4.52557 3.04053 4.44919 2.91095 2.85629 2.85107
threshold=0.048884011617049812 0.0095301107789625989 0.10203155538447663 0.039736205730229186 0.035554584073814406 0.012870257545666288 0.016002648636263554 0.0077064293796303982 -0.036299607871684562 0.053602638629216 0.0083489150088474923 0.079986837515350309 0.0071561281563717891 0.055910575939094771 0.0095596426677571084 -0.040334955259991249 0.070121894171726221 0.067702232996393233 -0.033683868830822854 -0.0018734111574215115 1.0000000180025095e-35 -0.017391050753871481 0.0057742821370848638 -0.00050289752288518164 0.025261974253169121 -0.009252666315381906 -0.01880570925502428 0.0041779991216825971 21.555000305175785 0.023539263784842585
decision_type=2 2 10 2 2 2 2 2 2 2 2 2 2 2 2 2 2 10 8 2 2 2 2 2 2 2 2 2 2 2
left_child=3 2 -2 4 10 -6 7 8 -5 -7 12 13 19 14 15 17 -15 18 -12 21 -21 -1 23 29 25 -25 -27 -28 -22 -23
right_child=1 -3 -4 6 5 9 -8 -9 -10 -11 11 -13 -14 16 -16 -17 -18 -19 -20 20 28 22 -24 24 -26 26 27 -29 -30 -31
leaf_value=1.778012191733739e-05 -0.00017308983744098762 3.0685018599114614e-05 2.4651555264500149e-05 0.00019475993259373081 -0.00015444214364981597 0.00010020321126917849 -5.2669122442228216e-06 0.00025079332859250756 -6.0324256882324064e-06 -0.00015277314216649118 0.00017046088147211897 -0.00073281713162329752 -6.427892595226763e-05 -0.0001526973979604629 7.3429209333799675e-05 -7.7443776679892238e-06 3.38214919480934e-05 0.00021273119980038912 -9.2936823438972545e-05 0.00016048128244043131 2.3667835422348057e-06 6.3515148395509528e-06 0.00016816957281613808 -0.00044728233448858014 -1.701875530471476e-06 -0.00045717089246242478 4.2430554443905357e-05 -0.00014749310012260065 0.00010210040984682102 -0.00018000824879975654
leaf_weight=1403 79 71 42 47 65 62 149 49 87 42 57 42 585 162 910 819 150 60 50 203 8256 838 131 75 126 139 85 108 212 198
leaf_count=1403 79 71 42 47 65 62 149 49 87 42 57 42 585 162 910 819 150 60 50 203 8256 838 131 75 126 139 85 108 212 198
internal_value=0.000153575 -0.00416667 -0.00764463 0.000208471 0.000131953 -0.00517751 0.00361446 0.00696721 0.00373134 -0.000480769 0.000193374 0.00142222 -3.03423e-05 0.00169837 0.0024789 0.000557809 -0.00304487 0.00673653 0.0021028 0.000157126 0.000585284 -0.00103932 -0.00264706 -0.00355322 -0.0086773 -0.0112408 -0.00918675 -0.00427461 0.000401512 -0.000916988
internal_weight=15302 192 121 15110 14778 169 332 183 134 104 14609 2250 12359 2208 1896 986 312 167 107 11774 8671 3103 1700 1569 533 407 332 193 8468 1036
internal_count=15302 192 121 15110 14778 169 332 183 134 104 14609 2250 12359 2208 1896 986 312 167 107 11774 8671 3103 1700 1569 533 407 332 193 8468 1036
is_linear=0
shrinkage=0.05


Tree=83
num_leaves=31
num_cat=0
split_feature=13 14 14 12 12 8 4 13 4 9 10 14 0 3 3 0 7 5 8 7 6 13 11 9 10 3 10 14 14 15
split_gain=1.39339 1.68426 2.31865 5.87111 1.58379 2.67663 1.59708 3.39757 1.66446 1.53305 2.50756 2.25936 2.22097 2.78362 1.82933 1.7794 3.16706 1.49781 2.07934 1.61824 1.47256 2.18941 1.98118 1.45664 1.84934 1.6499 2.56083 2.79886 2.25902 2.16558
threshold=43.015001296997077 0.45247854199056486 0.23397195059943568 -0.0067439083526363843 -0.075828254732232245 -0.046359105375409319 0.051698190700859133 28.970000267028812 0.050914430170902358 0.26837401141737366 0.0095301107789625989 0.2082855213392413 -0.011236215176265383 -0.010993586418793331 0.011286060373339792 0.0029515938606846652 0.0079993446663561025 0.011841731282897722 0.095381312052655445 0.0179923720178129 -0.61426645900341226 14.244999885559084 0.01314891866926249 0.2317567285929816 0.0069016161963192388 0.0029265353846412716 0.0207430020860534 -0.036136320679139293 0.15245074482965074 0.013578383081203628
decision_type=2 2 2 2 2 10 2 2 2 10 2 2 2 2 2 2 2 2 10 2 2 2 2 10 2 2 2 2 2 2
left_child=1 2 4 -4 5 -1 8 20 9 11 12 23 -11 -14 -12 17 -17 -15 19 -19 21 -8 -23 25 -25 26 27 29 -27 -6
right_child=-2 -3 3 -5 6 -7 7 -9 -10 10 14 -13 13 15 -16 16 -18 18 -20 -21 -22 22 -24 24 -26 28 -28 -29 -30 -31
leaf_value=0.00023616965821655146 -0.00016289539793096274 0.00023247747299181285 -0.0010716723405751452 6.1507523108248049e-05 3.9264899312080848e-05 -9.516986886761673e-06 0.00033038944502253553 -0.00042053456813644677 0.00021868300723903932 -0.00017554724407817005 -7.350430581062775e-05 0.00015299899679766858 0.00028371890070015142 0.00012862289485486542 -0.00019371930344480039 -0.00023436954367190817 -1.8422679750899202e-05 1.8273072035714859e-05 0.00013366116990259108 -0.00027718237296552094 -7.2879262513497571e-05 -0.00013421406448615848 0.00025146285179000809 5.2894215665341609e-05 -3.0499777207746122e-05 1.6141617248500213e-05 -0.00024120617903024855 -5.8011632001673398e-06 0.00020591185878648328 -3.6174162368937844e-05
leaf_weight=82 55 41 52 59 1591 93 49 48 61 219 79 58 55 41 45 61 505 62 199 42 843 163 70 392 80 3565 43 6475 44 270
leaf_count=82 55 41 52 59 1591 93 49 48 61 219 79 58 55 41 45 61 505 62 199 42 843 163 70 392 80 3565 43 6475 44 270
internal_value=0.000216941 0.000245337 0.000218298 -0.00698198 0.000270758 0.005 0.000215803 -0.00155584 0.00036545 0.00032909 -0.00129969 0.000499281 -0.000591216 0.000440415 -0.00806452 -0.00021978 -0.00194346 0.00261628 0.00140264 -0.00432692 -0.001 0.00212766 0.000107296 0.000453451 0.00317797 0.00034618 -3.87874e-05 2.39923e-05 0.00123996 0.00173294
internal_weight=15442 15387 15346 111 15235 175 15060 1173 13887 13826 1308 12518 1184 965 124 910 566 344 303 104 1125 282 233 12460 472 11988 8379 8336 3609 1861
internal_count=15442 15387 15346 111 15235 175 15060 1173 13887 13826 1308 12518 1184 965 124 910 566 344 303 104 1125 282 233 12460 472 11988 8379 8336 3609 1861
is_linear=0
shrinkage=0.05


Tree=84
num_leaves=31
num_cat=0
split_feature=14 14 10 13 15 2 6 1 8 6 2 15 15 15 1 4 15 10 1 13 14 11 5 8 13 15 14 13 14 4
split_gain=1.58402 3.42152 3.18172 2.67386 2.1138 3.64695 2.51663 2.29682 3.47724 1.83897 1.81967 1.79425 5.45778 3.82112 3.56528 3.11818 2.5975 3.92714 3.51768 3.0124 5.55357 3.52435 4.20954 3.01006 2.94879 3.76617 3.13674 3.77254 3.52808 3.40247
threshold=-0.067583665573298909 -0.062752290881895975 0.014457964096994848 31.844999313354496 0.0033433943637545265 0.056342629237007731 -1.1825274013543663 -0.014365137994346798 -0.099507444853256063 -0.20728393911182427 -0.10435834361031469 0.013578383081203628 0.015589516254144177 0.011457362879825574 -0.014365137994346798 0.027600180032237697 0.0068691622865492139 0.0093970870418219627 0.041477271946070322 14.444999694824221 0.014555585659076444 -0.0038431021214298529 0.023102979306769817 0.038918557854703113 18.105000495910648 -0.035094807275896693 0.044810362746474881 17.164999961853031 0.080215061359134712 0.025899177039503101
decision_type=2 2 2 2 2 2 2 2 10 2 2 2 2 2 2 2 2 2 2 2 2 2 2 8 2 2 2 2 2 2
left_child=3 -2 11 4 5 -1 -6 9 -9 10 -8 13 -13 16 15 -14 19 18 -18 20 -3 -22 -23 -20 26 -26 27 -21 29 -28
right_child=1 2 -4 -5 6 -7 7 8 -10 -11 -12 12 14 -15 -16 -17 17 -19 23 24 21 22 -24 -25 25 -27 28 -29 -30 -31
leaf_value=0.0001757549096564118 -0.0001578138745769953 3.925797308071779e-05 7.7685664036418543e-05 -0.00061262982280149518 -6.9852771575464607e-05 -1.4336335399665457e-05 -0.00016500982671631225 0.00027516583162434801 2.1820935800066518e-05 3.2549392806018625e-05 -3.4316607159565586e-05 -0.00011336185774123271 0.00020292404031709731 0.00010016152132029149 -2.2310937745193818e-05 -4.6449003375001378e-05 -2.9148102981244733e-05 8.9425233941911435e-05 -0.00032292317601152401 -1.921411235326397e-05 7.4557145779850591e-05 -2.4877066882056031e-05 -0.00035747447996354622 -0.00018737009375309184 -0.00052598713181410759 1.7730397075280623e-05 1.2430655912196555e-05 -9.5486050841996602e-05 -2.3780683387907792e-05 0.00021535658803922798
leaf_weight=190 232 1812 112 40 71 89 45 73 958 250 153 240 70 285 319 40 1037 184 62 2650 177 573 90 196 52 3610 337 745 470 213
leaf_count=190 232 1812 112 40 71 89 45 73 958 250 153 240 70 285 319 40 1037 184 62 2650 177 573 90 196 52 3610 337 745 470 213
internal_value=0.000173984 -1.48082e-05 9.04023e-05 0.00153826 0.00181793 0.00582437 0.00109677 0.0015382 0.00283705 -0.00145089 -0.00505051 1.89941e-05 -0.00250374 0.000154086 0.000874126 0.00863636 2.04784e-05 -0.00194388 -0.00291506 0.000291267 0.00175339 -0.00160714 -0.00328054 -0.00813953 -0.000188808 0.000860186 -0.00105889 -0.0017894 0.00137255 0.00409091
internal_weight=15375 13506 13274 1869 1829 279 1550 1479 1031 448 198 13162 669 12493 429 110 12208 1479 1295 10729 2652 840 663 258 8077 3662 4415 3395 1020 550
internal_count=15375 13506 13274 1869 1829 279 1550 1479 1031 448 198 13162 669 12493 429 110 12208 1479 1295 10729 2652 840 663 258 8077 3662 4415 3395 1020 550
is_linear=0
shrinkage=0.05


Tree=85
num_leaves=31
num_cat=0
split_feature=3 10 15 14 14 10 13 1 15 13 13 1 13 2 10 6 14 9 14 11 13 16 6 11 10 11 15 13 15 15
split_gain=1.83337 2.4843 3.59797 3.1486 2.88041 3.35561 2.94235 2.989 2.91364 2.65012 2.67083 2.63582 2.46073 3.53835 2.43515 2.43203 2.39631 3.12784 2.70103 2.34138 3.72721 2.56855 2.89088 2.6768 2.28609 3.19798 2.10296 2.0688 6.09042 4.34744
threshold=0.00037019898512369315 0.017342720778944835 0.0034565042590316568 -0.16769008837329388 -0.029024117731617279 0.0059228912076465532 14.960000038146974 -0.028929265593347128 -0.011514097748596129 14.00500011444092 13.744999885559084 -0.014365137994346798 20.060000419616703 0.046813439111827788 0.015821655398191029 -0.33730328923763236 0.099229703636582692 0.16580266236307997 -0.015155298785694047 0.0038135025222709733 19.585000038146976 -0.0019095330576279765 0.7875957100007388 0.010325592829658616 0.0044510616341220119 -0.020756034341227022 0.00327709557545719 18.94999980926514 -0.014125257579819304 -0.0032618373088419968
decision_type=2 2 2 2 2 2 2 2 2 2 2 2 2 2 2 2 2 10 2 2 2 2 2 2 2 2 2 2 2 2
left_child=14 2 4 -3 19 6 7 -6 -9 10 -10 -5 26 16 24 -15 18 -18 -14 20 -2 23 -23 -21 27 -26 -8 -1 -29 -30
right_child=1 3 -4 11 5 -7 12 8 9 -11 -12 -13 13 15 -16 -17 17 -19 -20 21 -22 22 -24 -25 25 -27 -28 28 29 -31
leaf_value=-2.419184986843879e-05 0.00017140105429434835 -0.00010195839496061146 -1.2034125311990866e-05 -3.5849893033787671e-06 0.00015440656090693814 -0.00028434180192395738 -2.1606627183829648e-05 -7.8304008641265574e-05 3.603290626197414e-05 0.00014538847372345338 -0.00021505656027822305 9.8418342002285465e-05 -8.4272287138435515e-05 0.00015325391811477619 -9.011287055955601e-05 -0.0002946331184130002 8.8384966928823508e-05 -0.00031884250638640585 0.00013811983949127963 2.1028581789737804e-05 1.5601784555481154e-05 9.9159713363528273e-05 -6.0960282690412405e-05 -0.00017531598266107946 -0.00022300350173144634 1.7872209509463646e-05 0.00012523812988762774 -8.3737695154760281e-05 8.8431221990022089e-05 -2.9407113558455569e-06
leaf_weight=4366 155 54 3388 72 76 82 1586 63 397 162 85 153 42 45 120 102 139 42 177 67 118 322 70 55 65 1690 41 496 598 671
leaf_count=4366 155 54 3388 72 76 82 1586 63 397 162 85 153 42 45 120 102 139 42 177 67 118 322 70 55 65 1690 41 496 598 671
internal_value=9.51674e-05 0.00065728 0.000478237 0.00528674 0.00152901 0.000830865 0.00110754 0.00373563 0.00272277 0.00372671 0.00186722 0.00788889 0.000160994 0.00306216 -0.000430927 -0.00357143 0.0055 0.00124309 0.00901826 0.0042249 0.00796703 0.00223735 0.00420918 -0.00409836 -0.000323358 0.00126781 -0.000814382 -0.000778829 0.000665722 0.00250197
internal_weight=15499 7493 7214 279 3826 3039 2957 783 707 644 482 225 2174 547 8006 147 400 181 219 787 273 514 392 122 7886 1755 1627 6131 1765 1269
internal_count=15499 7493 7214 279 3826 3039 2957 783 707 644 482 225 2174 547 8006 147 400 181 219 787 273 514 392 122 7886 1755 1627 6131 1765 1269
is_linear=0
shrinkage=0.05


Tree=86
num_leaves=31
num_cat=0
split_feature=0 6 11 3 11 4 6 13 13 13 11 11 11 15 12 13 11 6 12 15 15 12 14 7 6 5 15 6 1 0
split_gain=1.58922 1.53988 1.40526 1.90004 1.82765 1.52927 1.32834 2.88234 2.98907 2.85216 3.71255 2.60453 2.55863 2.40816 2.20869 2.20339 2.32682 2.22256 2.10805 2.70517 2.97499 3.47146 4.23793 3.20129 2.33844 2.30992 2.34457 1.99765 1.84657 1.82434
threshold=-0.073670833239381325 1.8601648996619291 0.048884011617049812 -1.0000000180025095e-35 0.047486891888397505 0.027917336235188214 -0.49536325009945464 16.469999313354496 16.614999771118168 15.944999694824221 0.0023966928807116488 0.034492837663602567 -0.009991025776769134 0.0031071029731062354 0.0048491469985487709 30.345000267028812 0.023342843832676267 -0.97260015595505334 0.027193526781664649 -0.0041797156409668626 0.0063905789328954085 0.033122955176995934 0.022733060097011152 0.0050129115700185975 -0.62740054461384742 0.010133343852497428 0.012137628576769035 -0.52594678312701426 0.0015966809140683937 -0.0025192968061403804
decision_type=2 2 2 2 2 2 2 2 2 2 2 2 2 2 2 2 2 2 2 2 2 2 2 2 2 2 2 2 2 2
left_child=1 -1 4 -4 6 -5 7 9 -9 11 12 13 -11 27 -12 16 18 -18 24 -20 21 -21 29 -22 25 -10 -27 -2 -19 -23
right_child=2 -3 3 5 -6 -7 -8 8 15 10 14 -13 -14 -15 -16 -17 17 28 19 20 23 22 -24 -25 -26 26 -28 -29 -30 -31
leaf_value=-0.00036901908481467454 1.4115515296336465e-05 -6.3527418478220684e-06 -0.00018081655660406144 -6.291550879752957e-05 0.00014413673775215833 1.5534369643579055e-05 -1.424709185227839e-06 0.00018450901702284184 0.00014433503504625457 -0.00010934488976802925 -0.00026868412633630371 0.00015598002304622501 0.00021502185101224356 -2.066613403043276e-05 -0.00014732700115339698 0.00015202443431083267 -2.3317645998100629e-07 2.0825748679547385e-05 5.7561526143199219e-05 -0.0003268631967427299 6.3249924828592848e-05 -5.190311150507247e-05 6.8795689583584754e-05 -8.926058067372225e-05 8.752858262763275e-05 1.0687247630083042e-05 -0.00013119636818395043 0.00014312271614853731 0.00010396840524869791 -0.00018575836883348974
leaf_weight=56 1137 67 51 53 57 102 9850 92 51 43 52 41 64 930 175 53 101 44 203 64 78 84 66 85 396 1055 79 64 143 129
leaf_count=56 1137 67 51 53 57 102 9850 92 51 43 52 41 64 930 175 53 101 44 203 64 78 84 66 85 396 1055 79 64 143 129
internal_value=0.000172971 -0.0054878 0.000218355 -0.0038835 0.000274181 -0.00112903 0.000240401 0.00088449 0.00201065 -0.000339186 -0.00464072 0.000322284 0.00303738 8.21211e-05 -0.00825991 0.00170087 0.00149341 0.00572917 0.000960699 -0.00130465 -0.00326087 -0.00590379 -0.00349462 0.00230061 0.0019766 0.000864979 0.000396825 0.0015612 0.00895722 -0.00692488
internal_weight=15465 123 15342 206 15136 155 15079 5229 2723 2506 334 2172 107 2131 227 2631 2578 288 2290 709 506 343 279 163 1581 1185 1134 1201 187 213
internal_count=15465 123 15342 206 15136 155 15079 5229 2723 2506 334 2172 107 2131 227 2631 2578 288 2290 709 506 343 279 163 1581 1185 1134 1201 187 213
is_linear=0
shrinkage=0.05


Tree=87
num_leaves=31
num_cat=0
split_feature=13 13 3 13 15 13 11 12 1 12 13 13 8 15 13 14 12 11 15 15 12 12 12 8 15 13 13 11 15 14
split_gain=1.58021 5.4743 2.13874 2.13175 2.55017 2.46527 3.60193 3.14486 3.02225 2.74481 2.72289 2.58164 2.38327 2.35289 3.44342 2.54771 6.68001 5.5829 4.03318 3.70005 4.27472 3.38095 6.17837 3.30642 3.29144 3.17009 3.048 2.96914 6.14989 3.04859
threshold=28.970000267028812 30.345000267028812 -0.015691600687243897 25.505000114440922 -0.01114244142995968 22.330000877380375 0.011915728697621366 -0.024522730965398139 0.022159039442377296 -0.032202147577946531 23.409999847412113 17.289999961853031 0.0072535765405844508 -0.0099569665718974281 20.814999580383304 -0.034719790282674072 -0.0023464357994545377 -0.020171836765592806 -0.0033797478290387146 0.0033433943637545265 0.034436805865122662 0.070121894171726221 0.05735486248043898 0.015312470458954121 -0.002063472265828314 21.555000305175785 13.869999885559084 0.0036681658206255689 0.0099803371649324086 0.049481808267930923
decision_type=2 2 2 2 2 2 2 2 2 2 2 2 8 2 2 2 2 2 2 2 2 2 2 8 2 2 2 2 2 2
left_child=3 -2 -3 5 -5 9 7 8 10 11 -7 -1 -13 14 -11 18 27 -18 23 20 -20 22 -21 -15 -22 -19 -26 29 -29 -17
right_child=1 2 -4 4 -6 6 -8 -9 -10 13 -12 12 -14 15 -16 16 17 25 19 21 24 -23 -24 -25 26 -27 -28 28 -30 -31
leaf_value=0.00014105963600884709 -0.00044905292056356626 -0.00015541887686112491 7.8974638185561871e-05 -4.8182542398532318e-05 0.00014468136664806108 -0.00057410030657973515 5.7955694862983115e-05 -1.0028342783571267e-05 0.00011955421498932502 1.7071013743755801e-05 -0.00024325605382629224 5.9310230974533539e-05 -5.0821907335007068e-05 2.0230901725041303e-05 0.00026369858855084747 -9.9348631080413985e-05 0.00025124141935837211 -2.9215276360692981e-06 0.00014235163406464384 1.107965766125917e-05 -0.00013932760205232321 0.00010453854752737688 -0.00016285051325401655 -0.00015396201520313245 9.9429374310220988e-05 0.00014772695928360214 3.4412672743778377e-06 -0.00025169362339109503 6.6490278116576991e-05 7.6528735469685367e-05
leaf_weight=209 78 69 168 120 224 78 197 360 50 1104 218 388 207 122 117 456 72 7263 395 2185 91 128 142 162 77 59 220 232 74 168
leaf_count=209 78 69 168 120 224 78 197 360 50 1104 218 388 207 122 117 456 72 7263 395 2185 91 128 142 162 77 59 220 232 74 168
internal_value=0.000251085 -0.00325397 0.000527426 0.000324117 0.00421512 0.000233518 -0.0022979 -0.00396601 -0.00736994 0.000398313 -0.00929054 0.00323383 0.00155462 0.000223846 0.00231368 8.44167e-06 -0.000468525 3.38112e-05 0.00113572 0.00163681 0.00462963 0.000682281 0.000247099 -0.00457746 0.000902062 -0.000102431 0.00345118 -0.00446237 -0.00849673 -0.00248397
internal_weight=15433 315 237 15118 344 14774 903 706 346 13871 296 804 595 13067 1221 11846 8324 7394 3522 3238 783 2455 2327 284 388 7322 297 930 306 624
internal_count=15433 315 237 15118 344 14774 903 706 346 13871 296 804 595 13067 1221 11846 8324 7394 3522 3238 783 2455 2327 284 388 7322 297 930 306 624
is_linear=0
shrinkage=0.05


Tree=88
num_leaves=31
num_cat=0
split_feature=15 6 13 14 3 15 16 11 7 7 4 13 9 14 11 15 15 15 12 11 14 11 5 12 12 6 14 14 12 9
split_gain=2.51025 1.45385 2.66994 2.68068 2.33027 2.68978 4.10994 4.47576 2.53203 2.48379 2.3392 2.51934 3.74139 2.21501 2.59856 3.04292 2.78067 2.30251 2.31408 2.22055 2.4289 2.30448 2.12509 2.07804 2.60936 2.34392 2.57407 4.24239 3.0344 2.34596
threshold=-0.035094807275896693 -0.49536325009945464 12.765000343322756 -0.029024117731617279 0.0021153362356511889 -0.0032354892655641061 0.0018161999650528895 0.0019507680783907857 -0.11143903767980222 -0.040349628330080871 0.044380641207001956 19.440000534057621 0.22864118934511793 -0.10344834121785244 0.0054539861003950483 0.015589516254144177 0.0063905789328954085 0.0088263904680433453 0.0062346335449628984 -0.0074119318443301432 0.0071322940265206034 -0.023775986944761848 0.014073064087898031 0.021370265681364468 0.020012431826022529 -0.47966338514726148 0.08366532037956588 0.080215061359134712 0.032488818587014141 0.35977241350390005
decision_type=2 2 2 2 2 2 2 2 2 2 2 2 8 2 2 2 2 2 2 2 2 2 2 2 2 2 2 2 2 8
left_child=-1 2 3 -2 8 6 7 9 -4 -6 11 -10 -13 -7 15 16 19 -18 -19 21 -21 -15 -23 24 -3 -25 27 29 -28 -27
right_child=1 23 4 -5 5 13 -8 -9 10 -11 -12 12 -14 14 -16 -17 17 18 -20 20 -22 22 -24 25 -26 26 28 -29 -30 -31
leaf_value=-0.00028466627655282761 1.8014603104374046e-05 -1.7175327568252736e-05 0.00021368756105827319 -8.2716018877118278e-05 -4.2176226481327938e-05 -6.8486829305982089e-05 0.0001751102279723757 -0.00020669612451476029 -2.4527922662905164e-06 0.00015610717817830146 -8.0036772470324865e-05 2.0329997858065913e-05 0.00013015576730325451 -3.3694796311606864e-05 5.8442014787890402e-05 0.0001779908381691623 -0.0002804682488463015 6.301184438882676e-05 -0.00016066817434212731 1.8209312971834495e-05 -0.00011258996799894621 0.00010490224574795323 0.00014080000291021388 -0.00011855157821879787 -0.00020443195580520639 1.5285642504133878e-05 -4.3840725339020428e-05 -0.00035940049302284169 0.00014590382623816178 -2.9503890385776649e-05
leaf_weight=73 83 5105 51 228 40 120 106 72 2241 134 315 500 184 47 697 53 41 41 57 105 62 44 81 96 95 3272 68 42 154 1169
leaf_count=73 83 5105 51 228 40 120 106 72 2241 134 315 500 184 47 697 53 41 41 57 105 62 44 81 96 95 3272 68 42 154 1169
internal_value=3.25182e-06 4.73763e-05 0.000716711 -0.00377814 0.000996794 0.0025 0.00639205 0.00284553 0.000220298 0.00718391 4.62963e-05 0.000487179 0.00314327 0.00148368 0.00211726 -0.000517891 -0.00177824 -0.00773381 -0.00357143 0.000663717 -0.00344311 0.00465116 0.0082 -0.000307469 -0.001 0.000442616 0.000600425 0.000340174 0.00585586 0.000489755
internal_weight=15376 15303 5302 311 4991 1700 352 246 3291 174 3240 2925 684 1348 1228 531 478 139 98 339 167 172 125 10001 5200 4801 4705 4483 222 4441
internal_count=15376 15303 5302 311 4991 1700 352 246 3291 174 3240 2925 684 1348 1228 531 478 139 98 339 167 172 125 10001 5200 4801 4705 4483 222 4441
is_linear=0
shrinkage=0.05


Tree=89
num_leaves=31
num_cat=0
split_feature=15 1 13 15 16 14 5 3 13 13 13 5 3 13 15 1 13 16 15 16 3 8 12 12 3 3 13 0 2 9
split_gain=1.75268 1.55448 2.62823 2.36227 1.98111 1.82298 1.64336 1.90775 1.43987 2.2034 4.66727 1.6552 1.77502 1.54604 4.13729 2.60429 1.90085 4.32688 2.60407 2.40975 2.2804 2.20293 2.19899 2.14951 3.13751 2.04754 2.60322 3.14678 2.45565 2.93623
threshold=0.027949092010838287 0.088752533928663127 17.154999732971195 0.025316554732412348 -0.001331171631091421 -0.048867405145294966 0.016609514099709431 0.0172039570581114 43.015001296997077 30.345000267028812 28.970000267028812 0.026137318258816388 -0.0032274230054810111 26.494999885559086 -0.0080796766223675803 -0.039965859649273731 22.330000877380375 0.01536707972878182 0.0072476363859168566 0.012299242792761846 0.014664414409994555 -0.033683868830822854 -0.0087284048739240654 -0.052281388412141021 -0.0026744783711458715 0.015197305544548458 15.694999694824221 -0.002380314894424473 0.035064921045662618 0.48194769352716099
decision_type=2 2 2 2 2 2 2 2 2 2 2 2 2 2 2 2 2 2 2 2 2 10 2 2 2 2 2 2 2 8
left_child=1 3 4 8 -3 -6 -4 -8 9 10 13 12 -11 16 15 -15 25 19 21 20 22 -19 23 -18 -25 -1 28 -28 -27 -30
right_child=-2 2 6 -5 5 -7 7 -9 -10 11 -12 -13 -14 14 -16 -17 17 18 -20 -21 -22 -23 -24 24 -26 26 27 -29 29 -31
leaf_value=2.8840216830392213e-06 -0.00025010069618766037 -0.0003219462839112524 0.00024150184244889429 0.00017416133195949582 0.00015561053839092129 -0.00014397827572007289 -6.3500519778943951e-05 0.00017194407975844794 -0.00014905743019566064 0.00034550639530292541 -0.00030670680603810102 1.014020990333616e-05 3.8659010628205947e-05 0.00013046850034169826 0.00019484629841957763 -0.00020765745784535341 3.4368107411438542e-05 0.00025371435859243427 -0.00010599818075582857 -0.00040109969875308342 -0.00036566729397462857 9.3790558523680283e-06 4.4107420329283034e-05 -0.00045052845857657798 -7.1290573887492422e-05 0.0002461493244746348 -0.00048553047183114303 4.9497950921098371e-05 -3.8345848278720663e-05 0.00021018810726312491
leaf_weight=12619 93 53 42 73 69 298 195 47 60 43 72 67 42 46 112 63 66 99 64 53 43 154 130 123 200 79 47 301 63 40
leaf_count=12619 93 53 42 73 69 298 195 47 60 43 72 67 42 46 112 63 66 99 64 53 43 154 130 123 200 79 47 301 63 40
internal_value=0.00012293 0.000164356 -0.00213068 0.000274575 -0.00464286 -0.00333787 0.00158451 0 0.000229672 0.0002616 0.000198275 0.00625 0.0108824 0.000262201 0.00441176 -0.00252294 0.000197074 -0.00198498 0.00276025 -0.00443089 -0.00346975 0.00503953 -0.00255299 -0.00443445 -0.00611455 0.000351738 0.00339623 0.000862069 0.00824176 0.00315534
internal_weight=15456 15363 704 14659 420 367 284 242 14586 14526 14374 152 85 14302 221 109 14081 932 317 615 562 253 519 389 323 13149 530 348 182 103
internal_count=15456 15363 704 14659 420 367 284 242 14586 14526 14374 152 85 14302 221 109 14081 932 317 615 562 253 519 389 323 13149 530 348 182 103
is_linear=0
shrinkage=0.05


Tree=90
num_leaves=31
num_cat=0
split_feature=6 13 6 16 14 0 9 9 3 3 10 8 13 13 16 11 2 6 0 6 2 7 14 16 11 15 16 10 6 16
split_gain=1.57755 2.89864 2.76882 2.9179 2.41397 2.53971 2.66874 2.38261 3.29834 2.7966 2.27293 2.21975 2.18384 2.91941 2.47784 2.00723 2.70027 2.23828 2.35841 2.27284 2.01307 1.94296 1.9279 2.78203 2.62713 2.00699 1.91796 1.88286 1.77861 1.76388
threshold=-0.49536325009945464 19.440000534057621 -0.79109828363723633 0.0047304629733119228 -0.0062634959442488527 -0.026532419045447894 -0.10118766290735924 -0.16207728117731904 -0.0012334766417667618 -0.002047002325732405 0.0056441913648181971 -0.10925684318894606 28.970000267028812 26.284999847412113 -0.025446392617508137 -0.004952198143755914 -0.049120756966877614 -0.70457592153523085 0.0097174256844787549 -0.75129981520455824 -0.089928784668196635 -0.040349628330080871 -0.019219245464752229 0.032317227014212697 0.0019507680783907857 0.0015390396956456167 0.0072856916513563972 0.010927081535675788 -0.91869332501620693 -0.0086769368061152524
decision_type=2 2 2 2 2 2 8 10 2 2 2 10 2 2 2 2 2 2 2 2 2 2 2 2 2 2 2 2 2 2
left_child=1 2 -1 15 7 -6 -7 9 -9 -3 -10 -5 13 -2 21 16 20 19 -19 -17 -4 -14 23 27 25 -24 -26 -13 -12 -11
right_child=12 4 3 11 5 6 -8 8 10 29 28 22 14 -15 -16 17 -18 18 -20 -21 -22 -23 24 -25 26 -27 -28 -29 -30 -31
leaf_value=-8.447933528450301e-06 -2.0165914163287759e-06 0.00022642552622260706 1.2051974055066413e-05 -0.00010881597172879444 -2.4718124349759283e-05 -1.8064246654789175e-05 9.3930578771113436e-05 -0.0001186223946844864 -5.7105791536990821e-05 0.00018328522469084077 -1.7107675403799441e-05 0.00010982541601778631 -5.9235628825577476e-05 0.00012365602701947169 4.0136552830799608e-05 -3.5082188608616566e-05 -1.4576540068407616e-06 -4.581853940342747e-05 -0.00020138695119638794 0.00010835881814776111 0.00016103999722861704 -0.00063949252668478842 1.8220353785402146e-05 -8.5373095993936552e-05 0.00026787632183214319 -0.00021445537181294643 3.7599876593998747e-05 -7.131754769188728e-06 0.00010075465799316706 -0.00016548318601030949
leaf_weight=2053 9738 56 49 69 72 94 421 159 135 51 64 315 70 190 76 62 296 324 64 72 57 64 59 53 44 63 469 50 111 43
leaf_count=2053 9738 56 49 69 72 94 421 159 135 51 64 315 70 190 76 62 296 324 64 72 57 64 59 53 44 63 469 50 111 43
internal_value=0.000173218 0.000871819 0.000237863 0.00153959 0.00302653 0.00532368 0.0065534 0.000848142 -0.000906183 0.00633333 0.00209677 0.00325312 -0.000192346 -8.56164e-05 -0.0052381 -0.000541126 0.00211443 -0.00258621 -0.00451031 0.00298507 0.00896226 -0.00932836 0.00382241 0.00645933 0.00208661 -0.0045082 0.00365497 0.0080137 0.00585714 0.00106383
internal_weight=15443 5305 4099 2046 1206 587 515 619 469 150 310 1122 10138 9928 210 924 402 522 388 134 106 134 1053 418 635 122 513 365 175 94
internal_count=15443 5305 4099 2046 1206 587 515 619 469 150 310 1122 10138 9928 210 924 402 522 388 134 106 134 1053 418 635 122 513 365 175 94
is_linear=0
shrinkage=0.05


Tree=91
num_leaves=31
num_cat=0
split_feature=4 0 13 8 12 6 2 8 2 9 12 14 12 9 5 16 12 6 9 13 12 14 0 13 9 3 0 4 0 16
split_gain=2.15223 1.97937 1.62383 1.77812 1.40833 1.3411 2.11664 1.31754 3.68559 2.0645 2.05524 4.73061 3.67428 1.9444 1.86273 2.24933 1.97486 2.1932 2.2851 2.31397 1.87707 1.84184 1.82673 2.1708 1.81546 2.11868 3.06096 2.7491 2.67407 2.41819
threshold=0.012754837953063576 -0.073670833239381325 16.875000000000004 0.014547548425357772 0.0065049647434682898 3.8916620624673803 0.064581865065375679 0.11820993125086678 0.28504415572462144 0.48194769352716099 0.066825608086901869 -0.030661999778822443 0.076145599776237818 0.030009592844437164 0.019276707993620443 0.050640398860144493 0.048152428754814187 -1.3590353659674517 0.50194534857692086 13.605000019073488 0.041391549965092096 0.0017102699334086149 -0.047417370333871382 26.284999847412113 -0.036379151976925921 0.0095110485766164449 -0.0029299052312095615 0.045427418102484955 0.024382007457932179 -0.0034365165819414396
decision_type=2 2 2 10 2 2 2 10 2 8 2 2 2 10 2 2 2 2 10 2 2 2 2 2 8 2 2 2 2 2
left_child=2 4 3 -1 -2 7 -7 8 10 -9 14 13 -13 -12 15 22 17 -16 19 20 -19 -20 -3 -24 25 26 27 -21 -27 -29
right_child=1 5 -4 -5 -6 6 -8 9 -10 -11 11 12 -14 -15 16 -17 -18 18 21 24 -22 -23 23 -25 -26 28 -28 29 -30 -31
leaf_value=-7.3631370086689376e-05 -0.0005122774942932887 -0.00022364624940895465 6.6110889419769892e-05 6.8819101293929292e-05 -1.0236904422146823e-05 0.00020609739602724217 -9.4617510609147377e-06 -6.8510475508954621e-06 -0.00059241829570267138 8.9078932329183505e-05 8.7935441467104712e-05 0.00026998970847746598 -3.4755198622642884e-05 0.00012598182279436424 -0.00037123975007330966 0.00010412591994596603 -0.00016306445313461591 2.5592890104490872e-05 -0.00012029192028817603 0.00012832924993189614 0.000285883060617736 -0.00038799710544555697 1.2217272476214466e-06 0.00010318680420350634 -3.2766131161094143e-05 4.1806230900080488e-05 -0.0001168258763697607 0.00010253451048467736 0.00033849348143324975 -0.00040115744010674491
leaf_weight=41 60 46 84 58 60 53 40 831 46 768 144 79 404 70 76 72 228 164 84 165 42 63 9578 192 1448 60 271 72 48 53
leaf_count=41 60 46 84 58 60 53 40 831 46 768 144 79 404 70 76 72 228 164 84 165 42 63 9578 192 1448 60 271 72 48 53
internal_value=0.000211039 0.000146218 0.00560109 0.00126263 -0.00625 0.000197059 0.0061828 0.000159957 -1.86498e-06 0.00151657 4.67849e-05 0.0026901 -5.17598e-05 0.0088785 -9.87206e-05 0.000222492 -0.00124369 -0.000844462 -0.000587045 -0.000204477 0.00485437 -0.00663265 0.000157905 0.000204708 -0.000696741 0.0014574 0.000222816 0.0037931 0.00787037 -0.0018
internal_weight=15400 15217 183 99 120 15097 93 15004 13405 1599 13359 697 483 214 12662 9888 2774 2546 2470 2323 206 147 9816 9770 2117 669 561 290 108 125
internal_count=15400 15217 183 99 120 15097 93 15004 13405 1599 13359 697 483 214 12662 9888 2774 2546 2470 2323 206 147 9816 9770 2117 669 561 290 108 125
is_linear=0
shrinkage=0.05


Tree=92
num_leaves=31
num_cat=0
split_feature=14 14 12 3 10 13 11 11 16 7 13 10 11 10 10 9 3 13 11 12 7 14 14 10 10 1 7 3 4 0
split_gain=1.65824 1.70479 4.21094 1.59455 2.88248 2.27834 3.8795 2.32907 2.20642 2.36486 2.80056 2.13961 2.40519 2.12982 2.1231 3.20078 2.55846 2.88055 2.49705 3.65971 2.06616 2.04142 3.63695 1.91742 3.67717 2.29592 1.87068 2.10165 1.85997 2.24648
threshold=0.45247854199056486 0.23397195059943568 -0.0067439083526363843 0.00037019898512369315 0.015549884952093642 26.284999847412113 0.0033857375272920991 -0.028866681392767265 -0.027608070780477886 -0.0029794022891371781 18.719999313354496 0.0044510616341220119 -0.020756034341227022 0.0048530562532616015 0.0018426326691356467 0.28677395296679081 -0.014904301791503259 24.855000495910648 -0.001015473404730127 -0.0063801320517133378 0.0025028565648237415 0.009860755526874045 0.027028120883943799 -0.017312021268647334 -0.016935557307996004 -0.0064264702009497734 -0.097687931818552662 -0.004860638809744521 0.042255959064846103 -0.00052404431768587878
decision_type=2 2 2 2 2 2 2 2 2 2 2 2 2 2 2 10 2 2 2 2 2 2 2 2 2 2 2 2 2 2
left_child=1 3 -3 4 11 7 -7 -5 9 -9 -11 14 -13 20 16 28 17 18 19 -1 -14 -15 -23 25 -25 -18 27 -26 -16 -30
right_child=-2 2 -4 5 -6 6 -8 8 -10 10 -12 12 13 21 15 -17 23 -19 -20 -21 -22 22 -24 24 26 -27 -28 -29 29 -31
leaf_value=5.049076500026565e-06 0.00018470214507200949 -0.0010046344064588836 4.8593386584790459e-05 -9.0864466136292342e-05 -9.9687136343553509e-05 0.00020178679731070045 -4.9744002362625574e-05 0.00013768880981112458 5.6761725810826166e-06 0.00019726544835599208 -0.00028615983766262521 -0.0001891125818166922 3.3472283469826904e-05 6.6361973721022245e-06 -2.629000678404832e-05 -0.00026311328948859622 -0.00021751360667656615 -6.9955857288426463e-05 1.1570620473619342e-05 0.00034339189739831421 0.00019791550530347821 0.00019599091223270455 -3.313612810063862e-05 0.00038106213146440202 0.00040360182487039385 3.8564096319686566e-05 -1.0257724833692445e-05 -4.0213380724921305e-05 -1.3736248203467111e-05 -0.0006674058568880239
leaf_weight=83 53 58 62 172 135 164 72 154 6760 40 50 65 48 1380 803 96 72 73 191 116 56 78 54 42 43 49 4268 42 49 40
leaf_count=83 53 58 62 172 135 164 72 154 6760 40 50 65 48 1380 803 96 72 73 191 116 56 78 54 42 43 49 4268 42 49 40
internal_value=0.000133394 0.00010284 -0.00583333 0.00014972 -0.000350122 0.000674582 0.00550847 0.000515608 0.000656768 0.00532787 -0.00111111 -0.00022228 0.00135336 0.00173267 -0.000666164 -0.0027834 -0.000246033 0.00329374 0.005 0.0089196 0.00865385 0.00125661 0.00719697 -0.000608946 -0.000437998 -0.00681818 -0.00058006 0.00676471 -0.00184978 -0.00870787
internal_weight=15368 15315 120 15195 7783 7412 236 7176 7004 244 90 7648 1681 1616 5967 988 4979 463 390 199 104 1512 132 4516 4395 121 4353 85 892 89
internal_count=15368 15315 120 15195 7783 7412 236 7176 7004 244 90 7648 1681 1616 5967 988 4979 463 390 199 104 1512 132 4516 4395 121 4353 85 892 89
is_linear=0
shrinkage=0.05


Tree=93
num_leaves=31
num_cat=0
split_feature=10 10 0 12 12 13 8 4 3 10 7 3 10 10 3 10 16 16 13 1 2 12 16 16 10 11 3 13 10 10
split_gain=1.88387 1.62818 2.88896 2.88986 2.238 2.27989 3.15097 2.77221 2.24606 2.11237 2.12824 2.10265 2.10029 2.0853 2.28339 2.6064 2.46111 3.06503 2.13121 3.08811 2.56056 1.92351 6.06868 6.79604 4.21548 2.82979 3.21755 2.7637 2.69014 3.04064
threshold=-0.029463617054616639 0.0091384979590398725 0.079986837515350309 -0.0018734111574215115 0.0061046403867389696 19.115000724792484 -0.039560960864040422 0.015584794762052899 0.004996204806425931 0.010289395182288665 0.0079993446663561025 0.0019252191017257172 0.018049187231064859 0.0066461218839984912 -0.0021237686940132612 0.0077044516601155752 0.038263219159938473 -0.0011551940487501964 18.564999580383304 0.00050975844124856462 0.069026463429257903 -0.0039943818994799254 0.0041488831544894697 0.0077021933601947321 0.0025856716208269019 -0.0016854647487856698 0.00075462302699602646 21.555000305175785 -0.013932246020769588 -0.010966438049946124
decision_type=2 2 2 2 2 2 10 2 2 2 2 2 2 2 2 2 2 2 2 2 2 2 2 2 2 2 2 2 2 2
left_child=-1 13 3 9 8 7 -7 -6 -5 10 -3 -11 -9 21 -15 18 17 -17 19 -16 -21 22 24 -24 -2 -25 -27 28 -23 -30
right_child=1 2 -4 4 5 6 -8 12 -10 11 -12 -13 -14 14 15 16 -18 -19 -20 20 -22 27 23 25 -26 26 -28 -29 29 -31
leaf_value=-0.00022905825966431682 2.2168399249968693e-05 0.00017989632847048857 -0.00060663236992756055 7.7682524826333799e-06 -0.00011268445742893114 -6.1199422626276485e-05 0.00013614595257652176 1.0169103306907276e-06 -0.00031638684376982581 -7.5615694696262553e-06 2.3681069759481262e-05 5.9794552770220781e-05 6.6066014110859007e-05 2.4211995063025361e-05 9.5183969758427111e-05 -8.6658372672272256e-05 -0.00021978377816234834 4.3126256637665627e-05 -0.00022443276607365159 -0.00026138733940118199 -3.0532502456603887e-07 -8.3538622032418845e-05 -0.00022474923085567282 -0.00024482095028317938 -0.00011912070949360597 2.0646610470963496e-05 -7.3194525290968266e-05 9.0593797809859536e-05 8.9049199441624993e-05 5.9542983092378439e-06
leaf_weight=75 1775 123 41 56 70 40 107 883 74 202 64 329 144 292 72 87 67 392 137 62 60 178 124 94 262 354 228 266 248 8509
leaf_count=75 1775 123 41 56 70 40 107 883 74 202 64 329 144 292 72 87 67 392 137 62 60 178 124 94 262 354 228 266 248 8509
internal_value=0.000238404 0.000277053 0.00155884 0.00181644 0.000473071 0.0011254 0.00697279 0.000341841 -0.00576923 0.00438719 0.00895722 0.00277778 0.000998053 7.00386e-05 -0.00194611 -0.00322121 -0.0010989 0.000156576 -0.00672205 -0.00335052 -0.00819672 0.000265825 -0.0008724 -0.0045625 0.000576829 -0.00258876 -0.00128866 0.000616781 0.000467264 0.000590956
internal_weight=15415 15340 2133 2092 1374 1244 147 1097 130 718 187 531 1027 13207 1169 877 546 479 331 194 122 12038 2837 800 2037 676 582 9201 8935 8757
internal_count=15415 15340 2133 2092 1374 1244 147 1097 130 718 187 531 1027 13207 1169 877 546 479 331 194 122 12038 2837 800 2037 676 582 9201 8935 8757
is_linear=0
shrinkage=0.05


Tree=94
num_leaves=31
num_cat=0
split_feature=0 1 4 3 3 14 3 10 10 0 9 1 0 6 9 8 6 2 1 13 2 8 2 4 13 11 6 1 2 8
split_gain=1.91809 1.48761 1.30159 1.22512 1.94166 1.964 1.75929 2.34239 2.07872 3.00017 3.7125 1.76895 1.75053 1.31725 1.20863 1.58976 1.20537 4.07774 1.34657 1.50995 1.23106 2.58312 2.53053 3.3954 2.75392 2.61192 2.63603 1.95108 1.92169 1.87774
threshold=-0.073670833239381325 -0.092907441298808444 0.012138110633161439 0.03220174430948209 0.015197305544548458 -0.098691693357393515 0.012464564883187481 0.025167554477566693 0.0050045116923761465 0.013284429755785034 0.16843429017094905 0.0046487771472195636 0.021699199965688146 3.8916620624673803 0.14212566476861813 0.066780512866840183 -1.0514769923894944 0.15153877801330976 0.035347567425732758 12.765000343322756 -0.11153269192083641 -0.035517809037088725 -0.13825745944427378 0.033071766206255182 19.085000038146976 0.0070123774375431278 -0.50230348514460943 0.017027068539066107 -0.039130660697473001 -0.20529686831395796
decision_type=2 2 2 2 2 2 2 2 2 2 8 2 2 2 10 10 2 2 2 2 2 8 2 2 2 2 2 2 2 10
left_child=1 -1 -2 4 6 12 7 13 11 -10 -11 -8 -6 16 15 -5 17 18 19 -4 22 28 25 24 -24 26 -18 -27 -22 -28
right_child=2 -3 3 14 5 -7 8 -9 9 10 -12 -13 -14 -15 -16 -17 20 -19 -20 -21 21 -23 23 -25 -26 27 29 -29 -30 -31
leaf_value=-1.6497731212469434e-05 2.747628504634462e-05 -0.00048802449336612393 -4.4248528075796972e-05 -6.057199437871585e-05 -0.0003495330390430783 0.00010329832132761324 -2.6645458655841486e-05 -0.00035367987847759381 -0.00016939128417831821 0.0002926895579661273 -0.00012206866441957406 -0.00031890905223440921 4.6380963096666558e-05 0.00014876591954791617 -0.00033704826404513878 0.00017587803177949264 0.00011566566338038168 -0.0001787480120404388 -0.00010725794532979489 1.0213803287839543e-05 -6.1893506893934533e-06 7.9939027371303362e-06 6.0275819700313398e-05 0.00020118144133678798 -0.00010939399622683887 -0.0001659983321854702 -0.00014438772080231576 9.5607834595316625e-05 -6.1594671280309693e-05 5.1499354606517669e-05
leaf_weight=65 120 52 72 86 45 470 62 54 55 48 40 82 58 46 86 49 112 48 144 826 1502 9957 102 133 68 125 50 49 678 178
leaf_count=65 120 52 72 86 45 470 62 54 55 48 40 82 58 46 86 49 112 48 144 826 1502 9957 102 133 68 125 50 49 678 178
internal_value=0.000181089 -0.00619658 0.000229717 0.000188834 0.000243268 0.00309773 0.000129929 0.000208569 -0.00374564 0.000524476 0.00625 -0.00798611 -0.00315534 0.000248403 -0.00350679 -0.000555556 0.000220735 -0.00137615 -0.00071977 0 0.000355103 0.00022864 0.00223378 0.00585809 0.00117647 9.72763e-05 0.00264706 -0.00488506 -0.00133028 -0.000438596
internal_weight=15462 117 15345 15225 15004 573 14431 14144 287 143 88 144 103 14090 221 135 14044 1090 1042 898 12954 12137 817 303 170 514 340 174 2180 228
internal_count=15462 117 15345 15225 15004 573 14431 14144 287 143 88 144 103 14090 221 135 14044 1090 1042 898 12954 12137 817 303 170 514 340 174 2180 228
is_linear=0
shrinkage=0.05


Tree=95
num_leaves=31
num_cat=0
split_feature=16 13 11 11 11 4 4 10 16 0 12 14 14 15 10 15 12 11 14 10 16 3 3 4 2 16 16 10 13 12
split_gain=1.70635 2.1727 1.41664 3.28477 2.19985 1.79431 3.12951 2.22118 1.63512 1.50352 1.42907 3.39343 3.66242 2.63059 4.19426 3.18443 3.04884 3.63302 3.63332 3.34002 3.48821 3.33992 2.84468 2.74984 3.44165 2.722 3.52416 2.63496 2.69066 2.57567
threshold=-0.06385256357355705 33.719999313354499 0.048884011617049812 0.039736205730229186 0.06367032576841726 0.025626442852376939 0.032282564218477076 0.0051414850057577297 0.052240919921549452 0.017856534353671964 0.021370265681364468 0.08366532037956588 0.10333272396106032 -0.010359412373121544 0.00090086264031330476 -0.011514097748596129 0.028951929172189476 0.034492837663602567 -0.073050802278400592 0.0067212422926850044 -0.0011551940487501964 0.00178945128223329 -0.01032681717606959 0.028012372284667981 0.23872201306941135 0.0086585952570235065 0.0054964220582622856 0.0072752635808988062 19.625000000000004 0.017813204473167369
decision_type=2 2 2 2 2 2 2 2 2 2 2 2 2 2 2 2 2 2 2 2 2 2 2 2 2 2 2 2 2 2
left_child=-1 2 3 10 8 7 -7 -5 -4 -8 29 13 -13 15 23 -12 25 18 -18 22 21 -21 -20 -15 -25 26 -16 -22 -29 -2
right_child=1 -3 4 5 -6 6 9 -9 -10 -11 11 12 -14 14 16 -17 17 -19 19 20 27 -23 -24 24 -26 -27 -28 28 -30 -31
leaf_value=-0.00010069731604681905 -2.111244253573527e-06 0.00017371309946164057 -2.3187605932367859e-05 0.00010031752170864758 3.8734922455522028e-05 0.0001823606101522111 -1.9251177100785201e-05 -1.8579910669342923e-05 -0.00021168430865760313 0.00021725304873110082 1.9090992822124939e-05 0.00017286028607190772 7.3845655835364655e-06 -6.6705352983709342e-06 6.0773175075332435e-05 0.00022816590168968592 8.596507546543465e-05 0.00022057776904573008 -0.00015121950285696577 -4.2465748084960901e-05 -8.3166779475673646e-05 -0.0003470249199384913 1.3461585960189058e-05 -0.00019083570218186965 9.7348558258068303e-05 1.6637438591889488e-05 0.00026178403401543222 -2.8990580634774468e-05 9.4784174331810441e-05 -7.0452154974851198e-05
leaf_weight=72 6882 71 91 50 55 101 78 68 40 40 261 149 183 1793 225 72 286 86 84 46 87 64 1864 578 101 509 78 637 58 744
leaf_count=72 6882 71 91 50 55 101 78 68 40 40 261 149 183 1793 225 72 286 86 84 46 87 64 1864 578 101 509 78 637 58 744
internal_value=4.04452e-05 7.6393e-05 3.59242e-05 8.92621e-05 -0.00430108 0.00497033 0.0076484 0 -0.00782443 0.00211864 -2.19788e-05 0.000485267 0.00542169 0.000245277 2.30911e-05 0.00457958 0.00101889 0.000326899 4.79846e-05 -0.000492958 -0.00302691 -0.0113636 0.000667351 -0.0015979 -0.00430781 0.00375616 0.00750825 -0.00185422 -0.000827338 -0.000498295
internal_weight=15453 15381 15310 15124 186 337 219 118 131 118 14787 7161 332 6829 6496 333 4024 3212 3126 2840 892 110 1948 2472 679 812 303 782 695 7626
internal_count=15453 15381 15310 15124 186 337 219 118 131 118 14787 7161 332 6829 6496 333 4024 3212 3126 2840 892 110 1948 2472 679 812 303 782 695 7626
is_linear=0
shrinkage=0.05


end of trees

feature_importances:
vix_level=323
spy_ret_5d=298
vix_chg_1d=270
spy_ret_20d=266
spy_ret_1d=261
sector_ret_1d=254
sector_ret_5d=207
overnight_gap=122
dist_ma200=121
dvol_z_20=120
atr_pct=113
dist_ma50=110
parkinson_20=108
ret_1d=102
ret_5d=89
dist_ma20=66
ret_20d=50

parameters:
[boosting: gbdt]
[objective: quantile]
[metric: quantile]
[tree_learner: serial]
[device_type: cpu]
[data_sample_strategy: bagging]
[data: ]
[valid: ]
[num_iterations: 120]
[learning_rate: 0.05]
[num_leaves: 31]
[num_threads: -1]
[seed: 0]
[deterministic: 0]
[force_col_wise: 1]
[force_row_wise: 0]
[histogram_pool_size: -1]
[max_depth: -1]
[min_data_in_leaf: 40]
[min_sum_hessian_in_leaf: 0.001]
[bagging_fraction: 0.85]
[pos_bagging_fraction: 1]
[neg_bagging_fraction: 1]
[bagging_freq: 1]
[bagging_seed: 3]
[bagging_by_query: 0]
[feature_fraction: 0.85]
[feature_fraction_bynode: 1]
[feature_fraction_seed: 2]
[extra_trees: 0]
[extra_seed: 6]
[early_stopping_round: 0]
[early_stopping_min_delta: 0]
[first_metric_only: 0]
[max_delta_step: 0]
[lambda_l1: 0]
[lambda_l2: 0]
[linear_lambda: 0]
[min_gain_to_split: 0]
[drop_rate: 0.1]
[max_drop: 50]
[skip_drop: 0.5]
[xgboost_dart_mode: 0]
[uniform_drop: 0]
[drop_seed: 4]
[top_rate: 0.2]
[other_rate: 0.1]
[min_data_per_group: 100]
[max_cat_threshold: 32]
[cat_l2: 10]
[cat_smooth: 10]
[max_cat_to_onehot: 4]
[top_k: 20]
[monotone_constraints: ]
[monotone_constraints_method: basic]
[monotone_penalty: 0]
[feature_contri: ]
[forcedsplits_filename: ]
[refit_decay_rate: 0.9]
[cegb_tradeoff: 1]
[cegb_penalty_split: 0]
[cegb_penalty_feature_lazy: ]
[cegb_penalty_feature_coupled: ]
[path_smooth: 0]
[interaction_constraints: ]
[verbosity: -1]
[saved_feature_importance_type: 0]
[use_quantized_grad: 0]
[num_grad_quant_bins: 4]
[quant_train_renew_leaf: 0]
[stochastic_rounding: 1]
[linear_tree: 0]
[max_bin: 255]
[max_bin_by_feature: ]
[min_data_in_bin: 3]
[bin_construct_sample_cnt: 200000]
[data_random_seed: 1]
[is_enable_sparse: 1]
[enable_bundle: 1]
[use_missing: 1]
[zero_as_missing: 0]
[feature_pre_filter: 1]
[pre_partition: 0]
[two_round: 0]
[header: 0]
[label_column: ]
[weight_column: ]
[group_column: ]
[ignore_column: ]
[categorical_feature: ]
[forcedbins_filename: ]
[precise_float_parser: 0]
[parser_config_file: ]
[objective_seed: 5]
[num_class: 1]
[is_unbalance: 0]
[scale_pos_weight: 1]
[sigmoid: 1]
[boost_from_average: 1]
[reg_sqrt: 0]
[alpha: 0.5]
[fair_c: 1]
[poisson_max_delta_step: 0.7]
[tweedie_variance_power: 1.5]
[lambdarank_truncation_level: 30]
[lambdarank_norm: 1]
[label_gain: ]
[lambdarank_position_bias_regularization: 0]
[eval_at: ]
[multi_error_top_k: 1]
[auc_mu_weights: ]
[num_machines: 1]
[local_listen_port: 12400]
[time_out: 120]
[machine_list_filename: ]
[machines: ]
[gpu_platform_id: -1]
[gpu_device_id: -1]
[gpu_device_id_list: ]
[gpu_use_dp: 0]
[num_gpu: 1]

end of parameters

pandas_categorical:[]
