tree
version=v4
num_class=1
num_tree_per_iteration=1
label_index=0
max_feature_idx=16
objective=quantile
feature_names=ret_1d ret_5d ret_20d overnight_gap atr_pct parkinson_20 dvol_z_20 dist_ma20 dist_ma50 dist_ma200 spy_ret_1d spy_ret_5d spy_ret_20d vix_level vix_chg_1d sector_ret_1d sector_ret_5d
feature_infos=[-0.19367687328852379:0.19129235618597318] [-0.29323308270676685:0.25542406311637067] [-0.33865895081142272:0.43964026288481484] [-0.21994025392083649:0.24208443271767832] [0.0090554637629026383:0.10937742873447648] [0.0059984329622390841:0.055930872373900473] [-2.7456737460734493:4.3248322039490974] [-0.29509790306901829:0.30859826033407756] [-0.33396490325695882:0.4434180138568129] [-0.4390127015160854:1.1183611665059368] [-0.058542947643003718:0.10501933612632941] [-0.11496158439845272:0.082843216242346029] [-0.12265592443394913:0.15756596870864792] [11.859999656677246:52.330001831054688] [-0.35753873962348437:0.74039073966007019] [-0.062590274434280224:0.087237479806139051] [-0.13928157589803014:0.088314485729671599]
tree_sizes=2928 2999 2992 3047 2990 3030 3019 3028 3018 2998 3026 3017 3016 3020 2968 3025 2983 3047 3013 3007 3051 3005 3054 3023 2983 3066 3039 3050 3007 3048 2986 2986 3025 3055 3027 3068 2995 3014 3001 3026 3024 2999 2984 2998 3040 3061 3019 3032 3012 3041 3036 2993 3015 3044 3019 3005 2987 3052 3025 3010 2985 3002 3043 3044 3019 2982

Tree=0
num_leaves=31
num_cat=0
split_feature=4 4 12 13 4 1 14 4 12 16 16 6 6 16 16 10 10 13 13 13 15 6 8 10 10 10 13 6 14 7
split_gain=90.2435 31.7226 19.6419 17.0924 11.6337 6.94057 7.88691 6.62795 6.35757 6.01842 6.12175 5.7104 5.05354 4.92713 4.85287 4.37159 4.72563 4.91595 4.22644 4.18555 4.15296 4.1455 4.05295 3.9954 4.6723 5.75646 4.32174 4.28992 3.81123 3.75885
threshold=0.021181092863532733 0.040648899556958336 0.0061046403867389696 25.19999980926514 0.015971032451447421 0.018780462861948014 0.18763840935801293 0.02807363056532939 -0.071455492513037885 -0.036990187372662291 -0.045362527441307303 -1.1273466569398851 -0.37684873248938616 0.024044459876041317 0.029027153437388712 -0.0034865446870830925 0.00063381300570131149 19.880000114440922 20.255000114440922 12.84500026702881 -0.012736511235709734 0.53813975302795736 0.086655742079976297 -0.013327773622425541 -0.0080075865289204722 -0.00010102094958625017 14.920000076293947 -0.34094038263881138 -0.014609583018452553 0.013453300124517399
decision_type=2 2 2 2 2 2 2 2 2 2 2 2 2 2 2 2 2 2 2 2 2 2 8 2 2 2 2 2 2 2
left_child=2 3 11 7 18 6 28 21 -3 10 -9 -1 -6 -11 23 -15 -17 -18 20 -14 -4 22 -2 -13 -25 26 -26 -27 -5 -21
right_child=1 8 4 5 12 -7 -8 9 -10 13 -12 14 19 15 -16 16 17 -19 -20 29 -22 -23 -24 24 25 27 -28 -29 -30 -31
leaf_value=0.0091911851661279804 0.00937310247682035 0.010489076655358077 0.0094128254801034931 0.0096163609065115455 0.0092321480857208375 0.0093624306144192808 0.0094504317268729217 0.0097575632855296142 0.0097895517945289605 0.0094918687362223857 0.0089579126040916883 0.0095479610608890653 0.0091936163837090142 0.0090834914240986112 0.0095454341731965545 0.0097237442620098594 0.0093959842342883348 0.0090500475373119123 0.0093934160191565755 0.0093685111030936234 0.0091777024790644646 0.0094491249881684773 0.0092754429904744022 0.0092497189296409481 0.0091946685221046213 0.0092580836499109864 0.0094913575332611806 0.0093933919910341498 0.010158884059637784 0.009262513765133918
leaf_weight=121 3261 118 65 73 1513 94 93 51 1381 2969 122 194 217 63 125 125 407 68 77 993 1313 1171 683 167 61 261 329 361 173 987
leaf_count=121 3261 118 65 73 1513 94 93 51 1381 2969 122 194 217 63 125 125 407 68 77 993 1313 1171 683 167 61 261 329 361 173 987
internal_value=0.00941356 0.0122415 0.0048899 0.0111592 0.00338361 0.0208606 0.024194 0.0106883 0.0189941 0.0122685 0.00315716 0.0096953 0.00486968 0.0127025 0.0105393 0.00880542 0.010121 0.00784471 -0.000405603 0.00640107 -0.00104261 0.00951277 0.00873715 0.00968057 0.00858647 0.0098651 0.0146274 0.00687907 0.0288832 0.00712355
internal_weight=17636 10852 6784 9353 5165 433 339 8920 1499 3805 173 1619 3710 3632 1498 663 600 475 1455 2197 1378 5115 3944 1373 1179 1012 390 622 246 1980
internal_count=17636 10852 6784 9353 5165 433 339 8920 1499 3805 173 1619 3710 3632 1498 663 600 475 1455 2197 1378 5115 3944 1373 1179 1012 390 622 246 1980
is_linear=0
shrinkage=1


Tree=1
num_leaves=31
num_cat=0
split_feature=4 11 4 10 12 12 4 8 13 11 16 16 16 14 13 13 13 10 11 13 13 10 10 10 10 12 12 10 16 14
split_gain=80.893 26.6728 22.8576 18.7604 18.2294 12.9702 10.4297 8.48961 8.09769 5.49452 9.36552 5.22589 6.61413 7.90935 7.46753 6.42174 6.12669 6.0229 6.205 6.56418 6.79966 5.90672 6.26032 4.93586 5.89594 5.3933 4.9079 4.828 6.23091 4.43687
threshold=0.021181092863532733 -0.022310337551763478 0.040648899556958336 0.0041080553382388816 0.0033715078329863428 -0.05023266322533259 0.015785929567430818 inf 30.345000267028812 0.014627059991814352 0.021833836258731146 0.026373932631703848 -0.0088873205784771297 -0.067583665573298909 17.445000648498539 25.505000114440922 22.625000000000004 0.013109315021302749 0.029572012228067938 19.880000114440922 17.32499980926514 0.010655373456526786 0.0084135321607602415 0.0027132699597303138 0.0063549494884102007 0.044456932771925313 0.047608041860818802 0.012727051103036626 0.023163056153858167 -0.001242221342315941
decision_type=2 2 2 2 2 2 2 8 2 2 2 2 2 2 2 2 2 2 2 2 2 2 2 2 2 2 2 2 2 2
left_child=4 3 7 8 9 -5 -6 11 -2 10 -1 12 15 14 -14 16 23 18 19 20 -13 22 -15 25 -25 -3 -16 28 -9 -8
right_child=1 2 -4 5 6 -7 29 27 -10 -11 -12 17 13 21 26 -17 -18 -19 -20 -21 -22 -23 -24 24 -26 -27 -28 -29 -30 -31
leaf_value=1.3543627574108541e-05 0.0003069396503269673 4.1850167326629514e-06 0.00040802183793857698 0.00045917068258859216 -0.00016775713302195073 -0.00033883337513543663 -0.00012169633642770353 -0.00019362282240763305 0.00097024959046393639 -0.00011801877291873096 0.00024426579941064117 -2.5330074131488809e-05 0.00035059137386269875 5.3206175798550283e-05 9.3271486693993248e-05 0.00054316889960318807 -0.0002660629060119391 0.00015297535806894303 -0.00020979410735890271 -0.00030130956904031339 0.00033521435165312146 -0.00015061057871207595 0.00029944239882752306 -0.00020962309325113894 1.9550961442291748e-05 0.00024745777714997537 -0.00026090532308444382 -0.00048015998289884009 0.00043306655948981647 -5.510335438884797e-05
leaf_weight=1152 794 1111 1294 56 1377 128 2145 221 183 235 94 532 382 3773 225 64 160 206 353 90 126 140 185 265 276 121 42 70 61 1747
leaf_count=1152 794 1111 1294 56 1377 128 2145 221 183 235 94 532 382 3773 225 64 160 206 353 90 126 140 185 265 276 121 42 70 61 1747
internal_value=-7.95093e-05 0.00259256 0.00173507 0.00975452 -0.00437778 -0.0048913 -0.00575536 0.000782459 0.0125128 0.000523295 0.00184591 0.00111477 0.00167556 0.00269117 0.00781972 -0.000738608 -0.00125453 -0.00177888 -0.00324705 -0.000668449 0.00106383 0.00187897 0.00223598 -0.000408911 -0.00439002 0.00133929 0.00140449 -0.00681818 -0.00390071 -0.00443217
internal_weight=17608 10858 9697 1161 6750 184 5269 8403 977 1481 1246 8051 6744 4747 649 1997 1933 1307 1101 748 658 4098 3958 1773 541 1232 267 352 282 3892
internal_count=17608 10858 9697 1161 6750 184 5269 8403 977 1481 1246 8051 6744 4747 649 1997 1933 1307 1101 748 658 4098 3958 1773 541 1232 267 352 282 3892
is_linear=0
shrinkage=0.05


Tree=2
num_leaves=31
num_cat=0
split_feature=4 11 4 12 4 12 13 8 13 4 3 16 6 12 13 11 11 13 16 13 11 5 6 13 16 4 11 16 0 8
split_gain=76.0831 26.3042 21.2793 19.0585 10.1617 8.59232 14.8724 8.15748 6.54325 6.51677 5.82474 5.33413 5.20503 4.89524 4.76141 5.74587 4.72442 4.48967 5.08407 4.48926 4.30397 4.29492 4.24729 4.19469 4.05233 4.01576 3.90628 4.05858 5.53664 4.2718
threshold=0.021181092863532733 -0.023324980459216712 0.040648899556958336 0.0061046403867389696 0.016581316866919261 -0.067575667738432196 27.855000495910648 inf 26.284999847412113 0.027965455810260196 -0.0016319796275199303 0.020180930376424103 -0.75142160607180897 -0.040334955259991249 19.329999923706058 -0.010607926324274484 0.0090107413395309494 25.505000114440922 -0.036990187372662291 16.164999961853031 -0.0080581536357283139 0.011903877202631799 -0.39034802505818927 19.520000457763675 0.029639803565773785 0.013913653661930746 0.048369816433799014 -0.0059095793040746516 -0.023214021989041097 -0.045088058277310043
decision_type=2 2 2 2 2 2 2 8 2 2 2 2 2 2 2 2 2 2 2 2 2 2 2 2 2 2 2 2 2 10
left_child=3 5 7 12 20 -2 8 9 10 26 13 17 16 -7 -9 -16 -1 18 -11 -18 -5 -14 -22 -13 -25 -24 27 -3 -29 -30
right_child=1 2 -4 4 -6 6 -8 14 -10 11 -12 23 21 -15 15 -17 19 -19 -20 -21 22 -23 25 24 -26 -27 -28 28 29 -31
leaf_value=-7.7684542338829841e-06 0.00078260353521909559 -5.1534358528442698e-05 0.00037224798870738596 -5.1391271408647316e-05 -9.3771557614672976e-05 -2.8045551851391735e-05 -0.00075865755014820025 -0.00030035716590123232 0.0006852680984884502 -0.00020766074530547486 9.5178891671821519e-05 3.5566252539865652e-05 -4.0521837945561858e-06 0.00047393027564976371 -0.00045927139807463383 7.7528508729301409e-05 -0.00032752862700726837 0.00054515665560029452 0.00011224704462802042 -3.4251526580192111e-05 -0.00020659482805058363 0.00013465586560778322 -0.00025392337236553432 -0.00036204506782814861 -1.4293145562987825e-05 -9.7579703986411953e-05 -0.00031577932846266784 0.000269414292590227 8.113394625252112e-05 -6.7076108534821009e-06
leaf_weight=233 216 1432 1337 193 3308 59 54 150 90 109 338 713 841 268 52 170 64 76 2533 67 711 423 246 84 98 674 61 166 455 2449
leaf_count=233 216 1432 1337 193 3308 59 54 150 90 109 338 713 841 268 52 170 64 76 2533 67 711 423 246 84 98 674 61 166 455 2449
internal_value=-8.48896e-05 0.00249771 0.00170713 -0.00425296 -0.00574825 0.010122 0.00775649 0.000789658 0.00956954 0.00111913 0.00785714 0.00270551 0.000460688 0.0126147 -0.00645161 -0.0018018 -0.00480769 0.00380795 0.00346329 -0.0124046 -0.00874452 0.00197785 -0.00958001 -0.000642458 -0.00741758 -0.00733696 -0.000136971 3.33185e-05 0.00105863 0.000550964
internal_weight=17670 10910 9885 6760 5132 1025 809 8548 755 8176 665 3613 1628 327 372 222 364 2718 2642 131 1824 1264 1631 895 182 920 4563 4502 3070 2904
internal_count=17670 10910 9885 6760 5132 1025 809 8548 755 8176 665 3613 1628 327 372 222 364 2718 2642 131 1824 1264 1631 895 182 920 4563 4502 3070 2904
is_linear=0
shrinkage=0.05


Tree=3
num_leaves=31
num_cat=0
split_feature=11 13 12 10 12 12 8 9 13 6 16 11 13 12 14 12 16 13 12 16 10 16 10 11 6 9 16 16 6 3
split_gain=43.5899 15.1126 13.7573 16.2373 12.2446 11.0666 10.7132 9.76685 8.6764 8.37057 8.48648 10.1123 7.60693 7.36706 9.98908 6.76664 8.89612 9.39296 8.20302 7.63085 8.51166 8.64027 6.1233 5.90939 6.48259 6.17873 5.80583 7.46527 6.27857 5.75159
threshold=-0.020171836765592806 14.340000152587892 -0.067575667738432196 0.0041080553382388816 -0.062212446145613214 -0.018676010215707358 -0.10516048435416274 0.28801814491259464 25.960000038146976 -0.88070528539557791 -0.0037840779945287335 -0.0073194328445433934 26.284999847412113 -0.0077541062485576564 0.065842641676127869 0.017951110302837473 0.038508347291469687 14.84500026702881 0.018878595009899749 -0.0012309314714813444 0.0043154223195999162 0.03074235479593657 0.0025358686375718258 -0.011522991723745544 0.51667447005468914 -0.089892046054419736 -0.03802707131220278 -0.045362527441307303 -1.0663533447914582 -0.0041735996599694394
decision_type=2 2 2 2 2 2 8 10 2 2 2 2 2 2 2 2 2 2 2 2 2 2 2 2 2 10 2 2 2 2
left_child=2 9 -1 4 -4 8 -3 15 -5 -2 11 -11 13 14 -6 26 17 -17 -19 23 21 22 -21 24 -20 -25 27 -8 -28 -27
right_child=1 6 3 5 12 -7 7 -9 -10 10 -12 -13 -14 -15 -16 16 -18 18 19 20 -22 -23 -24 25 -26 29 28 -29 -30 -31
leaf_value=0.00071841462515876634 -0.00017127742481825412 0.00024272932648309513 -0.00033537993104109775 -0.00011099949021590875 0.00018887545581092128 -0.00036093980121222553 0.00013819814501912325 0.00026204306565196016 0.00058606580438790848 0.00012457804168734582 -2.4387321465474139e-05 -0.00018427734373835849 0.00072830425254651358 0.00032376732459524649 -8.9086287561804007e-05 0.00010884296123695086 -0.00024580545888456992 -0.00033490194506885019 -0.00029656204898928994 -0.00011112831092614222 -2.9026118863843819e-07 0.00015289610226463984 -0.00028230413140991001 0.00011310442728281485 9.7895327839069013e-05 0.00011814652330358516 -6.8671849156817189e-05 -0.00043573132306046317 3.2773847445059791e-05 -8.0346901781013042e-05
leaf_weight=300 668 576 68 65 470 125 47 523 42 156 2343 976 143 357 297 531 132 122 96 1153 950 139 306 579 51 271 554 137 4710 712
leaf_count=300 668 576 68 65 470 125 47 523 42 156 2343 976 143 357 297 531 132 122 96 1153 950 139 306 579 51 271 554 137 4710 712
internal_value=-3.26723e-05 -0.000889906 0.00719068 0.0053127 0.00743446 -0.00689655 3.66727e-05 -0.000310996 0.00490654 -0.00348178 -0.0024964 -0.00605124 0.0085438 0.00716192 0.00440026 -0.00064347 -0.00196351 -0.00161914 -0.00238068 -0.00201433 -0.00374804 -0.00597622 -0.00711103 0.000570509 -0.00901361 0.00147247 0.000578194 -0.00815217 0.000883359 -0.000940997
internal_weight=17599 15732 1867 1567 1335 232 11589 11013 107 4143 3475 1132 1267 1124 767 10490 5042 4910 4379 4257 2548 1598 1459 1709 147 1562 5448 184 5264 983
internal_count=17599 15732 1867 1567 1335 232 11589 11013 107 4143 3475 1132 1267 1124 767 10490 5042 4910 4379 4257 2548 1598 1459 1709 147 1562 5448 184 5264 983
is_linear=0
shrinkage=0.05


Tree=4
num_leaves=31
num_cat=0
split_feature=4 4 13 4 6 6 13 16 16 13 13 16 16 14 8 5 4 7 16 5 15 0 2 13 3 13 16 6 13 13
split_gain=62.0051 19.3601 16.9873 10.7932 9.77101 6.64806 5.64745 5.53376 5.30856 5.21079 9.77984 6.92424 4.9311 4.61027 4.27845 4.10899 3.60106 3.39673 4.03849 3.73124 3.958 3.86532 4 3.37555 3.7964 3.52712 3.3389 3.08642 2.97054 5.38614
threshold=0.027163046856228043 0.016727423346683559 33.719999313354499 0.040648899556958336 -0.87114543916992548 -0.36920234233687677 16.550000190734867 0.024044459876041317 -0.059217304841470579 25.505000114440922 27.855000495910648 -0.036990187372662291 -0.045362527441307303 0.004407866869301503 0.063012782662097769 0.014606423291073844 0.013729836960551916 -0.040758547250242798 -0.034118146873849058 0.01199233726927504 -0.018201043557521442 -0.02256395581221526 -0.025773941743059688 20.375000000000004 -0.011829704429472341 22.429999351501468 -0.037661635570445599 -0.90044729096289189 18.035000801086429 18.675000190734867
decision_type=2 2 2 2 2 2 2 2 2 2 2 2 2 2 8 2 2 2 2 2 2 2 2 2 2 2 2 2 2 2
left_child=1 5 3 7 6 -1 15 9 -6 11 -11 12 -2 26 17 -3 -7 18 -10 -19 -21 22 -22 24 -16 -25 -5 -8 -26 -30
right_child=2 4 -4 13 8 16 27 -9 14 10 -12 -13 -14 -15 23 -17 -18 19 -20 20 21 -23 -24 25 28 -27 -28 -29 29 -31
leaf_value=-0.00017426982749162558 0.00027088486209540861 -0.0001674854799361491 0.001033368974813202 -0.00019972064072630016 0.00021372324589727222 -0.00017913341368963305 -1.6924845282192134e-05 -3.7315450620299028e-05 -6.3799744903662899e-05 0.00056640065781364676 -0.00035246413697277604 0.00010030693245644211 -0.0003359363742343339 0.00053226481202942521 -0.00033752035848377999 -4.3192731387243882e-05 -4.9862224859389265e-05 -5.1852090775682867e-05 0.0001073514337417873 -0.00022620264645054709 -3.6111476734240497e-05 9.6005562970094726e-06 0.00040476201202194716 0.00013603568685422942 -5.6023999270037175e-05 -0.00020101449043751922 0.00029920236218673382 -0.00015919444805937027 -0.00042001364197986164 -3.4713949383585742e-05
leaf_weight=984 58 579 129 81 79 269 588 816 130 124 43 3425 142 575 77 163 1027 1840 538 123 54 3185 108 140 1084 63 765 60 94 175
leaf_count=984 58 579 129 81 79 269 588 816 130 124 43 3425 142 575 77 163 1027 1840 538 123 54 3185 108 140 1084 63 765 60 94 175
internal_value=-9.41888e-05 -0.00228433 0.00394609 0.00356195 -0.00125 -0.00640351 -0.00510791 0.00238715 -0.000552666 0.00319093 0.0118263 0.0027931 -0.00625 0.00737157 -0.000686506 -0.00808625 -0.00405093 -6.6912e-05 0.00329341 -0.000489642 0.000475504 0.000799223 0.00833333 -0.00295468 -0.00381119 0.00307882 0.00502364 -0.00169753 -0.0031966 -0.00789963
internal_weight=17518 11360 6158 6029 9080 2280 1390 4608 7690 3792 167 3625 200 1421 7611 742 1296 5978 668 5310 3470 3347 162 1633 1430 203 846 648 1353 269
internal_count=17518 11360 6158 6029 9080 2280 1390 4608 7690 3792 167 3625 200 1421 7611 742 1296 5978 668 5310 3470 3347 162 1633 1430 203 846 648 1353 269
is_linear=0
shrinkage=0.05


Tree=5
num_leaves=31
num_cat=0
split_feature=4 4 12 11 11 10 16 10 6 6 16 4 15 5 8 11 9 4 12 12 11 11 15 6 16 9 12 11 3 10
split_gain=62.473 21.4387 21.3537 10.2466 8.37211 7.60298 7.19763 13.0669 6.90368 6.77002 7.06669 6.62247 6.43444 6.34025 5.56792 4.55357 5.06013 4.78391 4.43213 4.16778 4.08461 5.53371 7.2082 3.90597 3.73808 3.52174 3.49318 3.44469 3.38532 3.37246
threshold=0.02833030547285325 0.017388984201072898 -0.075828254732232245 -0.023324980459216712 -0.0080581536357283139 0.00048358737476139618 0.024400178605004878 0.016350157736673924 -0.37684873248938616 -0.057059497894024459 -0.018188877516676302 0.045219708653213155 0.025920841475384874 0.0086643778700397044 -0.060603633228801516 -0.0080581536357283139 -0.12572393167844417 0.021181092863532733 0.0090148119717247139 0.042234470374777462 -0.026323621770933166 -0.028186613773187038 -0.017480169727355329 -0.15484989754633441 -0.027380278057215764 0.15682241410059419 -0.011548235899129232 -0.022310337551763478 0.0040009792765141059 -0.0027475813947746004
decision_type=2 2 2 2 2 2 2 2 2 2 2 2 2 2 8 2 10 2 2 2 2 2 2 2 2 8 2 2 2 2
left_child=1 4 -2 5 28 20 7 11 -6 10 19 23 25 -10 -11 16 -12 -17 -18 -5 21 22 -3 -4 -24 26 -8 -25 29 -1
right_child=2 3 6 9 8 -7 12 -9 13 14 15 -13 -14 -15 -16 17 18 -19 -20 -21 -22 -23 24 27 -26 -27 -28 -29 -30 -31
leaf_value=7.2153911100538573e-05 0.00093189149317328152 -9.4446029518389072e-05 6.9930270730547006e-05 -0.00016296539032675624 -0.00017474091223079269 -0.00010863202521083894 -0.00024747168533844255 -0.00031765372002151712 -0.00019919339886764103 0.00012644667322122039 0.00025073001463846238 0.00054708217268700722 0.00048592252368098531 -6.1352798906860742e-05 -1.1329121775060245e-05 -9.5153112767297062e-05 9.1849229014314912e-05 -1.8492949830848382e-05 -0.00013375711111858436 0.00026205466087750751 0.00036928813254589657 -0.00015360375130600362 0.00037113437594043526 0.00043781781476028838 9.7021811800626902e-05 0.0001793651030943839 -2.7812074571742333e-05 0.00014888365374106805 -0.00014653869749009309 -5.8900835370704091e-05
leaf_weight=223 183 83 1865 590 1046 134 166 108 310 393 133 691 48 1051 3226 1655 240 2256 92 41 127 42 165 202 121 268 471 1431 94 188
leaf_count=223 183 83 1865 590 1046 134 166 108 310 393 133 691 48 1051 3226 1655 240 2256 92 41 127 42 165 202 121 268 471 1431 94 188
internal_value=-7.51006e-05 -0.00205979 0.00438524 -0.000887288 -0.00580357 0.00505952 0.0038 0.00467186 -0.00703157 -0.00135057 -0.00254144 0.00511459 -0.000131165 -0.00468406 0.000297043 -0.00182815 0.00284946 -0.0023843 -0.000451807 -0.00748811 0.00771375 0.00529197 0.00724932 0.00423099 0.011014 -0.00107735 -0.00310047 0.00601653 4.9505e-05 0.0020073
internal_weight=17643 12210 5433 9298 2912 672 5250 4297 2407 8626 5007 4189 953 1361 3619 4376 465 3911 332 631 538 411 369 3498 286 905 637 1633 505 411
internal_count=17643 12210 5433 9298 2912 672 5250 4297 2407 8626 5007 4189 953 1361 3619 4376 465 3911 332 631 538 411 369 3498 286 905 637 1633 505 411
is_linear=0
shrinkage=0.05


Tree=6
num_leaves=31
num_cat=0
split_feature=4 4 12 11 11 4 10 15 10 6 11 15 16 13 13 16 16 4 8 10 3 11 2 16 12 11 10 13 12 10
split_gain=61.1043 19.0695 16.469 9.78024 9.21376 8.83623 8.416 5.65964 8.1862 5.45397 5.49446 5.40819 4.86637 9.15201 4.97697 4.96936 6.51259 4.86011 4.74714 4.62589 4.65319 5.55637 4.29888 4.17345 7.7173 5.06681 8.32812 5.1137 5.05449 4.67093
threshold=0.027270983216864643 0.018186388759196717 -0.075828254732232245 -0.0080581536357283139 -0.020171836765592806 0.045219708653213155 0.00044089291237869871 0.012997098029130629 0.0022948798930048091 -0.75880372164298049 0.025734816417073651 0.012629228083315682 0.024400178605004878 25.505000114440922 28.970000267028812 -0.036990187372662291 -0.045362527441307303 0.013913653661930746 -0.025428435722902983 -0.0069332481569183138 0.0055383536883598658 -0.033420149013226534 0.018864513327920943 -0.018188877516676302 0.047942612360438737 0.0079966133143608582 -0.0022250967273709783 20.659999847412113 0.060736863464118891 -0.001746991736331027
decision_type=2 2 2 2 2 2 2 2 2 2 2 2 2 2 2 2 2 2 8 2 2 2 2 2 2 2 2 2 2 2
left_child=1 3 -2 -1 6 12 19 11 -9 -5 17 23 13 15 -15 16 -4 -11 -10 20 21 -3 -12 24 -6 28 -27 -28 29 -25
right_child=2 4 5 9 7 -7 -8 8 18 10 22 -13 -14 14 -16 -17 -18 -19 -20 -21 -22 -23 -24 25 -26 26 27 -29 -30 -31
leaf_value=8.9894449795240632e-06 0.00079749270439991775 -8.0559695708814707e-05 0.00028375983166835069 -0.00018576148567141443 -0.0001252446328799668 0.00043569766748296926 -0.0001251781062516122 0.00036210628189808317 0.00023242086279777935 -0.00020373349670330294 0.00031210576679225856 -0.0003824285891318436 -2.3121920046609117e-05 0.00063717462953577801 9.2875089084806502e-05 9.7804999686901267e-05 -0.00028118705791242048 -9.8026722468727136e-05 -5.6696289501614264e-05 0.00023512796195919181 -0.00024410089126912705 0.00018147754180009034 -6.7629527270149552e-05 4.9650492583720036e-05 0.00022107693447879478 -0.00017801410896967282 -4.9224597165036707e-05 0.0001470164768658731 0.00022647307558865522 -5.1875196344004003e-05
leaf_weight=622 187 101 70 682 738 896 179 98 115 339 75 44 857 130 56 3797 163 1781 461 229 51 217 98 1209 59 385 2396 109 112 1371
leaf_count=622 187 101 70 682 738 896 179 98 115 339 75 44 857 130 56 3797 163 1781 461 229 51 217 98 1209 59 385 2396 109 112 1371
internal_value=-4.68032e-05 -0.00220338 0.00397173 -0.00521963 -0.000825502 0.00351399 0.00434363 -0.00139143 0.00296736 -0.00641176 -0.00524422 -0.00184882 0.0027055 0.0034037 0.0142473 0.00290323 -0.00418455 -0.0059434 0.000694444 0.00719064 0.00372629 0.00597484 0.0033237 -0.00172833 -0.00511292 -0.00124507 -0.00269896 -0.00164671 0.00031575 -0.000135659
internal_weight=17627 11471 6156 3597 7874 5969 777 7097 674 2975 2293 6423 5073 4216 186 4030 233 2120 576 598 369 318 173 6379 797 5582 2890 2505 2692 2580
internal_count=17627 11471 6156 3597 7874 5969 777 7097 674 2975 2293 6423 5073 4216 186 4030 233 2120 576 598 369 318 173 6379 797 5582 2890 2505 2692 2580
is_linear=0
shrinkage=0.05


Tree=7
num_leaves=31
num_cat=0
split_feature=4 4 12 11 11 11 15 12 15 10 4 14 14 10 12 10 15 15 15 12 12 12 12 10 4 12 10 15 9 11
split_gain=51.1074 18.3336 15.5439 11.6704 9.76068 6.16404 5.95232 6.42542 6.38283 5.86413 5.46775 5.195 6.44537 5.98958 4.26192 3.97033 3.88067 6.1334 3.63854 4.73622 5.16676 4.52754 5.0825 4.68475 4.07409 3.58715 3.43712 3.68128 3.72095 3.47371
threshold=0.029405576728066467 0.018186388759196717 -0.075828254732232245 -0.0080581536357283139 -0.023324980459216712 0.050492682028646547 0.012927135230523802 0.070121894171726221 0.012629228083315682 0.00048358737476139618 0.046118407017878782 -0.083456210331023115 -0.00064785032559577782 0.0044649128256998303 0.053746463317020383 -0.0055859659212495463 0.013891952163897383 0.016914340818961485 -0.018665541071911592 -0.0086076797691169143 -0.01116014011506866 -0.067575667738432196 -0.015496668614707719 0.016350157736673924 0.021181092863532733 0.040854121966551922 0.0027897371119552932 -0.0069645053026807782 -0.15794781840450653 -0.015644740533217568
decision_type=2 2 2 2 2 2 2 2 2 2 2 2 2 2 2 2 2 2 2 2 2 2 2 2 2 2 2 2 10 2
left_child=1 3 -2 14 9 6 8 16 18 -3 15 -5 -13 -14 26 -4 -8 -18 25 20 21 -20 23 -23 -21 -6 27 28 -1 -28
right_child=2 4 10 11 5 -7 7 -9 -10 -11 -12 12 13 -15 -16 -17 17 -19 19 24 -22 22 -24 -25 -26 -27 29 -29 -30 -31
leaf_value=-0.00017531152449738239 0.00084990613583010789 0.00015927730113038664 0.00019806829480288553 4.2835382890308969e-05 -0.00024452313663472775 -0.00033685080147394871 0.00023402771862933124 -0.00026768781029218222 -0.00054778351426393573 -9.4239036946841206e-05 0.00040857563796801115 -0.00015282179112548634 -0.00010479880498853907 0.000103284513383935 -0.00011662413260041384 6.8540315633757335e-05 -9.4973592119963236e-05 0.00017964828484815431 -0.00033145451947118288 -6.4742453948678138e-05 0.00034759603093132541 6.672938544060137e-05 -0.00015076635646767527 -0.00022323218180179207 -1.2420098320855329e-05 7.5199450446376525e-05 -0.00018269233775481731 0.00014121957074985804 4.7298886062101735e-05 3.0583614707926659e-05
leaf_weight=62 173 547 719 155 157 51 181 55 43 139 837 1544 1141 152 46 3101 235 355 46 2242 71 898 106 52 3946 52 44 258 144 81
leaf_count=62 173 547 719 155 157 51 181 55 43 139 837 1544 1141 152 46 3101 235 355 46 2242 71 898 106 52 3946 52 44 258 144 81
internal_value=0.000120513 -0.00153284 0.00450311 -0.00454232 -0.000343287 -0.000806832 -0.000702097 0.0033293 -0.0011395 0.00539359 0.00395641 -0.00584893 -0.00633592 -0.00373163 0.00161417 0.00315445 0.00450713 0.00254237 -0.00103038 -0.000845673 0.00206735 0.00122505 0.00189394 0.00305263 -0.00139787 -0.00753589 0.00275891 0.00474138 -0.000242718 -0.0046
internal_weight=17633 12803 4830 3627 9176 8490 8439 826 7613 686 4657 2992 2837 1293 635 3820 771 590 7570 7361 1173 1102 1056 950 6188 209 589 464 206 125
internal_count=17633 12803 4830 3627 9176 8490 8439 826 7613 686 4657 2992 2837 1293 635 3820 771 590 7570 7361 1173 1102 1056 950 6188 209 589 464 206 125
is_linear=0
shrinkage=0.05


Tree=8
num_leaves=31
num_cat=0
split_feature=4 13 11 4 10 15 12 10 6 4 13 14 11 8 12 14 15 12 13 2 11 10 14 15 11 12 12 11 13 4
split_gain=55.1673 17.0203 16.3711 12.9217 11.1182 9.56976 8.80907 8.22239 5.89711 5.84041 5.72918 6.0555 6.33636 5.82078 5.59615 5.42774 5.29444 4.91632 4.59529 4.74595 4.41597 4.40327 11.1672 7.56547 6.37877 4.73715 4.1121 4.06225 3.90192 3.85606
threshold=0.027965455810260196 33.719999313354499 -0.0070947588285928389 0.019997471578861923 0.0025358686375718258 -0.018665541071911592 0.054230136510325939 0.011197941469223484 -0.75880372164298049 0.046118407017878782 20.610000610351566 -0.067583665573298909 0.048369816433799014 0.2617982091598397 -0.036045900478668118 -0.00064785032559577782 0.012038247328938325 -0.024923453703148576 13.34500026702881 0.087780665826507023 -0.0030472627630497291 -0.013327773622425541 0.10773003329269316 -0.0085592012851769522 -0.024572906939621272 -0.030100070000726505 0.021751379698535137 0.047360899032742883 22.429999351501468 0.015869492537619299
decision_type=2 2 2 2 2 2 2 2 2 2 2 2 2 8 2 2 2 2 2 2 2 2 2 2 2 2 2 2 2 2
left_child=2 9 4 8 5 -1 14 28 -4 27 11 17 13 20 -7 18 -17 -5 19 -10 -13 -16 23 24 -23 -25 -26 -2 -6 -20
right_child=1 -3 3 10 7 6 -8 -9 15 -11 -12 12 -14 -15 21 16 -18 -19 29 -21 -22 22 -24 25 26 -27 -28 -29 -30 -31
leaf_value=-0.00016752824547487988 0.00010000306647564903 0.00096132620257322748 -0.00016856808176805052 -0.00020775721690760292 -0.00015876197332788616 0.00023389977078382948 -0.0001554180776980732 0.00012719923575426912 -0.00018056933436387076 0.0004103497249699233 0.0001626041219248308 -0.00017166856550294361 -0.00035087806169404993 -0.00022654676232833956 0.00023698999910819093 -5.5563261555144354e-05 0.00033626825060671786 0.00014088843234879599 -0.00013406365871316951 9.8827402369858563e-05 -1.7241866166636465e-05 0.00034602793619438899 -0.00015420205076529983 -0.00014066177420458381 -0.0001825266413277427 0.00014720056157641574 4.6969530395528025e-05 -0.00019017715901846434 4.8274315745446213e-05 -5.8566162014652041e-05
leaf_weight=233 4593 124 966 47 416 339 79 159 448 856 266 331 59 145 196 1389 77 406 399 59 3561 55 138 42 130 812 77 133 72 1087
leaf_count=233 4593 124 966 47 416 339 79 159 448 856 266 331 59 145 196 1389 77 406 399 59 3561 55 138 42 130 812 77 133 72 1087
internal_value=0.000211936 0.00425868 -0.00171421 -0.00272186 0.00167394 0.00343884 0.00463062 -0.00405719 -0.00467232 0.00385167 -0.000929387 -0.00134645 -0.00195312 -0.00171538 0.00535215 -0.00370772 -0.00139836 0.00413907 -0.00540642 -0.00951677 -0.00134892 0.004 0.00291069 0.00456989 -0.0028626 0.00685012 -0.00688406 0.00316335 -0.00727459 -0.00400404
internal_weight=17694 5706 11988 9240 2748 2101 1868 647 4425 5582 4815 4549 4096 4037 1789 3459 1466 453 1993 507 3892 1450 1254 1116 262 854 207 4726 488 1486
internal_count=17694 5706 11988 9240 2748 2101 1868 647 4425 5582 4815 4549 4096 4037 1789 3459 1466 453 1993 507 3892 1450 1254 1116 262 854 207 4726 488 1486
is_linear=0
shrinkage=0.05


Tree=9
num_leaves=31
num_cat=0
split_feature=4 12 11 4 10 15 6 4 13 16 10 13 11 15 14 12 13 12 15 14 16 12 10 13 12 16 10 16 16 3
split_gain=50.3742 18.5668 14.5356 10.8014 6.52224 6.72633 6.33539 6.10039 5.56931 5.54058 8.43689 9.76492 5.22799 5.04898 4.82094 4.78616 5.49866 5.01002 4.65389 4.31547 4.2657 5.43684 4.49405 5.87078 4.32945 4.10506 3.83956 3.43698 4.1947 3.40055
threshold=0.027163046856228043 -0.075828254732232245 -0.020171836765592806 0.016234619620062812 0.0027897371119552932 -0.016389713440811079 -0.65829565200234985 0.045219708653213155 21.134999275207523 0.024044459876041317 0.016350157736673924 25.505000114440922 0.048369816433799014 0.012997098029130629 0.021982133330242685 -0.0077541062485576564 17.994999885559086 -0.016904021540445843 -0.015920747741414772 0.12307845124318741 -0.0088873205784771297 0.033460109151711277 -0.00071796458931633323 23.694999694824222 0.042111122308508782 0.03570487728321637 -0.0043670108035313007 0.035183239695553266 0.043182704494491582 0.0054484696365506577
decision_type=2 2 2 2 2 2 2 2 2 2 2 2 2 2 2 2 2 2 2 2 2 2 2 2 2 2 2 2 2 2
left_child=2 -2 4 26 5 -1 19 9 -6 10 11 20 -8 25 -9 16 -7 -18 -13 29 22 -22 23 24 -3 -11 -4 -15 -29 -5
right_child=1 7 3 6 8 15 12 14 -10 13 -12 18 -14 27 -16 -17 17 -19 -20 -21 21 -23 -24 -25 -26 -27 -28 28 -30 -31
leaf_value=-8.7479399159929712e-05 0.00072719433736205411 0.00010648103058332159 -1.2490123180673849e-05 -0.00010231398224246711 -0.00022258221695908655 -0.0001260109669367876 -1.6712374157311967e-05 0.00020640077699517732 5.5359456222739847e-05 -0.0001782883686176726 -0.00027138976130023371 0.00020781660642619858 -0.00032116867668971461 0.00030368474030542029 0.00061175911391171992 0.00032782024963161306 0.00018361773733560502 -9.9254278896457248e-05 0.00056682427251161327 0.00014151252003758095 0.00017556077569929219 4.0313731590044084e-05 -5.924956652106012e-05 -0.00035638275138528768 0.00060121817024239965 6.6155414010616798e-05 -0.00012334508967640711 -0.00040341506899091683 0.00016801346550438073 8.3487024204371301e-06
leaf_weight=144 199 621 306 1832 70 65 6283 606 93 424 105 59 50 134 291 184 312 74 115 69 1674 885 597 69 74 223 1532 48 55 361
leaf_count=144 199 621 306 1832 70 65 6283 606 93 424 105 59 50 134 291 184 312 74 115 69 1674 885 597 69 74 223 1532 48 55 361
internal_value=5.98154e-05 0.00369396 -0.00191429 -0.00245136 0.00403397 0.0059371 -0.00170739 0.00319398 -0.00506135 0.00252312 0.00328054 0.00363947 -0.0008961 -0.00107466 0.00699554 0.00814961 0.00537694 0.00764249 0.0152299 -0.00397878 0.003125 0.00432786 0.000863336 0.00340314 0.00478417 -0.00336167 -0.00593036 0.00516878 -0.00169903 -0.00436617
internal_weight=17554 6179 11375 10433 942 779 8595 5980 163 5083 4199 4094 6333 884 897 635 451 386 174 2262 3920 2559 1361 764 695 647 1838 237 103 2193
internal_count=17554 6179 11375 10433 942 779 8595 5980 163 5083 4199 4094 6333 884 897 635 451 386 174 2262 3920 2559 1361 764 695 647 1838 237 103 2193
is_linear=0
shrinkage=0.05


Tree=10
num_leaves=31
num_cat=0
split_feature=4 12 4 11 10 10 6 4 12 12 8 16 9 10 11 10 12 11 10 16 16 6 14 11 11 0 16 7 11 6
split_gain=42.2085 14.816 13.7727 7.57773 5.97522 5.94473 5.88975 5.09367 4.28589 4.17447 3.92804 5.18962 4.30796 3.87297 3.84443 5.06333 3.8046 3.56587 3.52473 3.48041 3.74026 3.45155 3.42688 4.14983 3.59238 3.35563 3.34909 5.43107 3.3472 3.3546
threshold=0.027965455810260196 -0.075828254732232245 0.016581316866919261 -0.023324980459216712 -0.0040208164286187889 0.0041080553382388816 -0.20084226088181609 0.037064254794276795 -0.062212446145613214 0.0033715078329863428 0.03138945921417869 -0.021546271267873059 -0.13115065969129999 0.0207430020860534 -0.023324980459216712 0.0041080553382388816 -0.0077541062485576564 -0.020171836765592806 0.0056232321882017109 -0.03802707131220278 -0.041762716359473755 -0.47098191879518364 -1.0000000180025095e-35 0.0028224343190543792 -0.0012355410470791248 -0.0097946139952810856 -0.034118146873849058 -0.038065650417047452 -0.01262108781240978 -1.2197232181120672
decision_type=2 2 2 2 2 2 2 2 2 2 8 2 10 2 2 2 2 2 2 2 2 2 2 2 2 2 2 2 2 2
left_child=2 -2 4 5 -1 16 10 8 -3 21 11 -5 18 17 15 -10 -4 -9 -13 20 -16 -6 -11 24 -24 -25 -8 -28 -14 -30
right_child=1 7 3 6 9 -7 26 13 14 22 -12 12 28 -15 19 -17 -18 -19 -20 -21 -22 -23 23 25 -26 -27 27 -29 29 -31
leaf_value=-1.5301982079516351e-06 0.00067157536922545196 -0.00026255928221976437 7.086393307038333e-05 -0.00014551307937326445 -0.00012108799688075023 -0.00012393266334766235 -0.0001954389217694596 0.00046430217375902858 0.00038187170971280219 -0.00013210691892295842 -9.0896431225304548e-05 9.2455725263652488e-06 0.00017572762950272765 -0.00028961416906195248 8.7813282052797223e-05 -0.00029026084754745499 0.00024401791659843793 0.00017708390264796017 0.00012549152039683541 4.7052359489550659e-05 -0.00051563133609329253 6.6094727859733999e-05 -4.2708910121973606e-05 0.00023196637451812713 -0.00029511156221206475 -6.9574023153329021e-05 0.00011926792063569041 -9.3506995701746032e-06 -0.000159659013584514 -3.6130818993405837e-05
leaf_weight=435 189 59 456 305 58 99 166 271 208 973 1642 600 123 64 44 41 166 1700 243 3043 56 101 99 42 93 353 449 3804 215 1538
leaf_count=435 189 59 456 305 58 99 166 271 208 973 1642 600 123 64 44 41 166 1700 243 3043 56 101 99 42 93 353 449 3804 215 1538
internal_value=1.27587e-05 0.00356388 -0.00167224 -0.000877014 -0.00529248 0.00405687 -0.00126857 0.00308968 0.00191973 -0.00661722 -0.0025075 -0.00143849 -0.000744759 0.00507371 0.00215212 0.00813253 0.00586817 0.00546677 0.0022242 0.00167833 -0.0075 0.00110063 -0.00740385 -0.00438671 -0.0104167 -0.0014557 3.96017e-05 0.000311545 -0.00207889 -0.00263833
internal_weight=17635 5675 11960 9806 2154 721 9085 5486 3451 1719 4666 3024 2719 2035 3392 249 622 1971 843 3143 100 159 1560 587 192 395 4419 4253 1876 1753
internal_count=17635 5675 11960 9806 2154 721 9085 5486 3451 1719 4666 3024 2719 2035 3392 249 622 1971 843 3143 100 159 1560 587 192 395 4419 4253 1876 1753
is_linear=0
shrinkage=0.05


Tree=11
num_leaves=31
num_cat=0
split_feature=4 12 12 4 10 10 9 11 6 8 4 10 10 15 10 11 10 12 16 10 15 12 11 16 10 11 10 10 10 15
split_gain=38.1969 15.872 13.7915 8.06534 7.03301 6.18347 6.04729 5.98812 5.47084 5.25674 5.07279 4.98809 5.14432 4.91878 9.34259 5.07974 6.36552 9.05154 7.94167 7.83715 7.13081 8.31816 9.21977 8.70133 6.5711 5.91611 5.865 5.60982 7.41522 6.24444
threshold=0.027965455810260196 -0.075828254732232245 0.0061046403867389696 0.021181092863532733 -0.01521359351313417 -0.0040208164286187889 0.19140532825781145 0.048369816433799014 -0.96242631719970462 0.18073210516428942 0.014627389880372795 -0.0050236559316604859 -0.0052693175336530054 -0.018201043557521442 -0.01425655493307104 -0.0082927789735435225 0.0056625653487155656 0.0020578799164406862 0.033315841322242863 0.010824096152379449 -0.0063375403130059285 -0.022997205585478738 0.025734816417073651 -0.00046949054578482302 9.4862369999448873e-05 0.01160523990497442 0.0041080553382388816 -0.0074311122071506466 -0.013327773622425541 -0.0009004998361991089
decision_type=2 2 2 2 2 2 10 2 2 8 2 2 2 2 2 2 2 2 2 2 2 2 2 2 2 2 2 2 2 2
left_child=2 -2 13 5 -3 11 8 -5 -6 -10 -7 12 -4 -1 -15 26 17 18 20 -18 -17 22 23 -22 -19 -21 27 28 -16 -30
right_child=1 4 3 7 6 10 -8 -9 9 -11 -12 -13 -14 14 15 16 19 24 -20 25 21 -23 -24 -25 -26 -27 -28 -29 29 -31
leaf_value=-0.00010743037064966091 0.00066175638649786431 0.00036718372564739838 -4.7430008189817099e-06 -1.0606012896733882e-05 -7.5488444353498041e-05 -0.00015844820084012575 0.00033460826279912048 -0.00031021502407602971 8.9750736167603168e-05 -0.00014472428461777923 -7.8732802712077124e-05 0.00017522493879079291 -0.0002986906193396836 0.00028083139148561757 0.0003502527383504434 3.5542499510789109e-05 0.00012884618112832201 0.00039551676369485123 0.00022494243175381348 2.941682494955536e-05 1.6368701074050186e-05 -0.00030845064906753436 0.00016446533622343102 -0.00035495136129039099 -5.4474358965775223e-05 -0.00018427070627087376 -7.904342885798368e-05 0.0001361903208105489 -0.00018476301748134762 9.4541882651105879e-05
leaf_weight=285 183 346 622 3394 553 590 649 53 3692 235 3679 161 63 215 41 139 416 69 47 129 128 333 54 105 62 111 320 714 178 68
leaf_count=285 183 346 622 3394 553 590 649 53 3692 235 3679 161 63 215 41 139 416 69 47 129 128 333 54 105 62 111 320 714 178 68
internal_value=2.55189e-05 0.0034111 -0.00157398 -0.00264541 0.00292694 -0.00390518 0.00246149 -0.000776037 0.00180804 0.00246371 -0.00467908 0 -0.00186131 0.00111306 0.00168584 0.00094372 -0.000957313 -0.00360192 -0.00558313 0.00282012 -0.00681818 -0.0091129 -0.00287456 -0.00718884 0.00858779 -0.004375 0.00323618 0.00511988 -0.000783972 -0.00406504
internal_weight=17634 5658 11976 8562 5475 5115 5129 3447 4480 3927 4269 846 685 3414 3129 2914 1593 937 806 656 759 620 287 233 131 240 1321 1001 287 246
internal_count=17634 5658 11976 8562 5475 5115 5129 3447 4480 3927 4269 846 685 3414 3129 2914 1593 937 806 656 759 620 287 233 131 240 1321 1001 287 246
is_linear=0
shrinkage=0.05


Tree=12
num_leaves=31
num_cat=0
split_feature=4 13 4 11 10 10 15 16 15 6 4 16 16 13 10 10 10 10 16 16 16 13 13 13 9 11 10 10 16 15
split_gain=36.6881 14.0433 11.2716 6.75298 7.06804 8.53599 7.17138 10.1982 7.45779 6.563 6.07644 5.78314 5.42423 4.89891 4.621 7.79646 9.45954 6.26268 6.39236 5.87585 5.65127 11.2252 6.7551 5.70859 7.77943 4.61828 5.19955 4.50135 4.23151 5.03379
threshold=0.02833030547285325 33.719999313354499 0.016581316866919261 -0.007196249019797262 0.0025358686375718258 0.011197941469223484 -0.0069645053026807782 -0.030157122994990789 -0.020859022640160093 0.53813975302795736 0.045219708653213155 -0.018188877516676302 -0.021994752792633406 20.500000000000004 0.0046724002397113837 0.010824096152379449 0.0095885339556018873 0.0032638072645684306 -0.014323967172068351 0.028161347309176191 0.030013021656405296 16.550000190734867 17.914999961853031 14.824999809265138 0.45146640967822677 -0.022672230022230119 0.0041080553382388816 -0.0028855785037933952 -0.0050171705602395913 0.0047221844092810725
decision_type=2 2 2 2 2 2 2 2 2 2 2 2 2 2 2 2 2 2 2 2 2 2 2 2 8 2 2 2 2 2
left_child=2 10 27 4 6 -6 7 8 -4 11 25 -5 -8 -11 17 16 20 18 -13 -17 22 -22 23 28 -25 26 -2 -1 -16 -30
right_child=1 -3 3 9 5 -7 12 -9 -10 13 -12 14 -14 -15 15 19 -18 -19 -20 -21 21 -23 -24 24 -26 -27 -28 -29 29 -31
leaf_value=-8.5956110788196205e-06 0.00034876666378984636 0.0008102487803774293 -9.648872027678635e-05 -0.00015384394768903876 -0.00012722208556478827 0.00013631313086508225 -1.0082606001584477e-05 -8.9826413358837234e-05 0.00026366516094496076 1.6859367885554328e-05 0.0003455421558374115 0.00037191583297038506 0.00015276130336682581 0.00030188321980498234 -0.00019580995980417239 -0.00017503620991847041 0.00022317525752704672 -0.00015311608624225565 -5.865773896327198e-05 5.2536948353530071e-05 -0.00019893768490507118 0.00022442442721045338 -0.00013107652095365247 8.2641639153603142e-05 0.00038136032959115457 4.1478279771733217e-05 -0.00015263091604287459 -0.000109581565661963 0.00021323313140840508 -3.9224901641258734e-05
leaf_weight=538 337 123 88 450 397 142 245 528 235 1660 912 57 688 75 88 308 210 491 2995 149 173 54 219 344 96 3944 85 1628 102 201
leaf_count=538 337 123 88 450 397 142 245 528 235 1660 912 57 688 75 88 308 210 491 2995 149 173 54 219 344 96 3944 85 1628 102 201
internal_value=-8.54117e-06 0.00342066 -0.00153154 -0.000822911 0.00153896 -0.00347866 0.00305493 -0.000264395 0.00673375 -0.00153806 0.00303145 -0.00232862 0.00608253 0.00116715 -0.00188172 7.71605e-05 0.00183255 -0.00295653 -0.00211337 -0.00563457 0.000215348 -0.00693833 0.0017619 0.0038207 0.00772727 0.00225607 0.00722749 -0.00480148 -0.000575448 0.00222772
internal_weight=17562 5401 12161 9995 2323 539 1784 851 323 7672 5278 5937 933 1735 5487 1944 1487 3543 3052 457 1277 227 1050 831 440 4366 422 2166 391 303
internal_count=17562 5401 12161 9995 2323 539 1784 851 323 7672 5278 5937 933 1735 5487 1944 1487 3543 3052 457 1277 227 1050 831 440 4366 422 2166 391 303
is_linear=0
shrinkage=0.05


Tree=13
num_leaves=31
num_cat=0
split_feature=4 13 12 4 4 14 15 12 14 14 13 13 15 14 16 15 15 15 15 12 14 14 6 12 13 15 14 13 12 12
split_gain=28.3952 16.0163 10.4935 8.40156 5.63747 5.62658 9.91914 5.96375 5.51079 16.0553 4.97698 5.93926 4.21063 4.11378 4.27603 4.09718 4.03326 3.90246 3.75218 3.63834 3.55596 4.69353 5.18034 4.22375 4.19414 6.3379 6.35594 3.86155 3.82509 4.21885
threshold=0.027965455810260196 33.719999313354499 0.0061046403867389696 0.016581316866919261 0.037064254794276795 -0.049735428455543622 0.001517771013362035 0.0082902198416674473 0.083142255535003332 0.10157519013318318 17.945000648498539 15.194999694824221 -0.011400120359479625 -0.0054293361358405115 -0.037661635570445599 0.01722578342598036 -0.0010282709896743401 0.0063598496815261427 0.022412393799575273 0.032816284988903439 0.076607678117126224 -0.001242221342315941 1.9794716894077273 0.012058038657318472 16.469999313354496 0.0011415365486247 -0.040011250304013861 12.494999885559084 0.0098181049461038023 0.037928196515582775
decision_type=2 2 2 2 2 2 2 2 2 2 2 2 2 2 2 2 2 2 2 2 2 2 2 2 2 2 2 2 2 2
left_child=2 4 -1 -4 -2 6 -5 16 18 -10 11 17 -11 14 -6 -13 -7 -8 20 -19 21 22 23 -9 27 26 -26 -25 -23 -30
right_child=1 -3 3 5 13 7 10 8 9 12 -12 15 -14 -15 -16 -17 -18 19 -20 -21 -22 28 -24 24 25 -27 -28 -29 29 -31
leaf_value=1.685625923917621e-05 3.3417571672235932e-05 0.0006605658994231925 -8.9057677107629458e-05 0.00024084185114437134 -0.00030485442665793892 -0.00025413518442121767 -0.00019317706130638865 -0.0002200745276163509 0.00026196209448529537 3.5423602246134523e-05 -0.00021319568079507809 8.0315645642947261e-05 -0.00028538621028900685 0.00029781743868147117 0.00016500027914501548 0.00062267300449761237 -2.9944635075838946e-05 -0.00014620035825279806 0.00019717208941874296 0.00018731677557125913 -0.00020882653451930085 0.0006556829633417165 0.00013875222955349209 2.1688834188102627e-05 0.000219559967693675 4.1799436178025255e-05 -0.00023903664270464887 -0.00012402440539964715 -5.1221311717259375e-05 5.4123408199942011e-05
leaf_weight=3457 3471 125 1811 148 97 115 122 138 136 95 132 372 116 915 1026 42 73 83 41 126 155 66 173 193 47 494 234 1344 1446 790
leaf_count=3457 3471 125 1811 148 97 115 122 138 136 95 132 372 116 915 1026 42 73 83 41 126 155 66 173 193 47 494 234 1344 1446 790
internal_value=-2.41711e-05 0.00290202 -0.00140388 -0.00234927 0.00250045 -0.00153046 0.00187805 -0.00214816 -0.00184711 0.00425072 -0.000142531 0.00144295 -0.00438389 0.00458783 0.00256011 0.00543478 -0.0109043 -0.00354985 -0.0022603 0.000598086 -0.00238189 -0.00214721 -0.00359321 -0.00418367 -0.00367647 -0.000677419 -0.0066726 -0.00518868 -0.000499566 -0.000849732
internal_weight=17583 5634 11949 8492 5509 6681 1025 5656 5468 347 877 745 211 2038 1123 414 188 331 5121 209 5080 4925 2623 2450 2312 775 281 1537 2302 2236
internal_count=17583 5634 11949 8492 5509 6681 1025 5656 5468 347 877 745 211 2038 1123 414 188 331 5121 209 5080 4925 2623 2450 2312 775 281 1537 2302 2236
is_linear=0
shrinkage=0.05


Tree=14
num_leaves=31
num_cat=0
split_feature=4 13 6 11 14 12 12 13 4 11 4 16 16 11 16 6 12 6 14 11 16 8 11 12 13 13 5 8 7 16
split_gain=28.0476 19.1142 9.03011 8.05495 8.25137 7.9795 7.22952 6.0191 5.62082 5.43913 5.48316 4.98521 5.4955 4.98318 4.60513 3.71174 3.59241 3.38458 3.76922 3.29063 3.18983 5.23717 4.37724 3.10175 3.00935 3.88331 3.19325 2.9848 2.96491 3.17877
threshold=0.023487889335877903 33.719999313354499 -0.87114543916992548 -0.023324980459216712 -0.017044659763988276 0.0061046403867389696 -0.018676010215707358 20.375000000000004 0.040648899556958336 0.047360899032742883 0.015485534831184582 -0.037661635570445599 -0.041762716359473755 0.039322955344760387 0.041046465577621045 0.20379226293512487 -0.062212446145613214 -1.0120311205656825 -0.069744182185856193 0.048369816433799014 -0.00066986855409506541 -0.061972822151250599 0.017632918740663531 0.03864981957839065 16.469999313354496 15.905000209808351 0.012453464088910795 inf -0.036743110860208365 0.014299574324878496
decision_type=2 2 2 2 2 2 2 2 2 2 2 2 2 2 2 2 2 2 2 2 2 8 2 2 2 2 2 8 2 2
left_child=2 3 24 4 6 14 -2 9 11 10 -7 12 15 27 16 -5 -4 -13 20 -20 21 -19 -22 -9 25 -1 -26 -10 -12 -30
right_child=1 -3 5 8 -6 7 -8 23 13 -11 28 17 -14 -15 -16 -17 -18 18 19 -21 22 -23 -24 -25 26 -27 -28 -29 29 -31
leaf_value=-0.00011163297070272703 0.0002369875423260641 0.00059045373549839256 -0.00023061338298767408 -0.00013706662752297597 0.00031882053191203507 -9.9062295447495402e-05 -0.0001972375651371419 0.00020051251700252111 0.00029788155290479189 -0.00026922269416915055 6.2520506892613324e-05 -5.2197388451185899e-05 -0.00038694073945055944 -0.00014859606794698284 0.00018227999448304253 0.00029721765848874011 1.9927941412492243e-05 0.00039222202755906892 2.395356057553668e-05 -0.00024810402877074769 0.00029893448038106316 -0.00010889131952257657 3.199907213678813e-05 -2.6439738010544711e-05 -8.8718882216286014e-05 -0.00020923880450161435 3.0784387344156162e-05 -0.00026395322318402816 -6.106206223581449e-05 -4.3958536379626673e-06
leaf_weight=673 116 154 48 57 532 951 121 118 1110 50 244 651 137 128 72 41 1802 61 5019 89 309 185 182 82 314 125 214 41 2590 1421
leaf_count=673 116 154 48 57 532 951 121 118 1110 50 244 651 137 128 72 41 1802 61 5019 89 309 185 182 82 314 125 214 41 2590 1421
internal_value=4.96116e-05 0.0020178 -0.00197036 0.00171147 0.00659948 -0.00128761 -0.00116034 -0.00226356 0.0012422 -0.00258752 -0.00242989 0.000664834 -0.00648936 0.00428069 0.00148283 0.00255102 0.001 0.000923645 0.00130453 0.00082224 0.00464722 0 0.00697556 0.00625 -0.00576923 -0.00770677 -0.00284091 0.00532146 -0.00166275 -0.00198828
internal_weight=17637 8933 8704 8779 769 7378 237 5456 8010 5256 5206 6731 235 1279 1922 98 1850 6496 5845 5108 737 246 491 200 1326 798 528 1151 4255 4011
internal_count=17637 8933 8704 8779 769 7378 237 5456 8010 5256 5206 6731 235 1279 1922 98 1850 6496 5845 5108 737 246 491 200 1326 798 528 1151 4255 4011
is_linear=0
shrinkage=0.05


Tree=15
num_leaves=31
num_cat=0
split_feature=4 13 12 4 11 10 14 14 10 10 14 14 12 16 12 12 11 16 16 14 15 15 10 10 10 12 16 11 14 13
split_gain=27.7075 14.8111 9.10911 8.26904 7.09331 5.00461 6.3142 4.64049 7.92027 6.36306 8.22316 5.3526 7.48552 5.27482 4.97728 6.45176 4.8621 8.95049 6.97754 7.87973 6.0206 5.90906 6.23971 8.70669 4.71898 4.724 4.54706 4.54747 4.52974 4.50931
threshold=0.027965455810260196 33.719999313354499 0.0061046403867389696 0.020117612450471906 0.048369816433799014 -0.001746991736331027 0.013406221047230662 -0.048319541899194234 0.0063549494884102007 0.0033676747236286446 -0.033937801347731548 -0.069744182185856193 -0.037333173257957868 0.023163056153858167 -0.0026166681708668089 -0.0086076797691169143 -0.0068475574788619533 0.00086615870058215372 -0.0012079056549824105 -0.0070547548707520216 0.00066555806767121261 -0.018665541071911592 -0.013327773622425541 -0.0074311122071506466 -0.0069332481569183138 -0.038043890036369758 0.0097419427662660558 -0.0047498302938579475 0.042440575684467692 17.224999427795414
decision_type=2 2 2 2 2 2 2 2 2 2 2 2 2 2 2 2 2 2 2 2 2 2 2 2 2 2 2 2 2 2
left_child=2 -2 7 5 -5 6 -4 11 9 13 -11 12 -1 16 15 -15 17 21 20 -20 -18 -9 -23 -24 -25 -26 27 -8 -28 -29
right_child=1 -3 3 4 -6 -7 26 8 -10 10 -12 -13 -14 14 -16 -17 18 -19 19 -21 -22 22 23 24 25 -27 28 29 -30 -31
leaf_value=-0.00020432497406316984 7.4943067045177113e-05 0.00057571644535650112 6.1274422741146217e-05 -1.0257013235537034e-05 -0.00027680511889966423 -9.169223785653147e-05 -1.0344519489758568e-05 -0.00015311076180761133 0.00021319209487075265 4.2332313568189867e-05 -0.00032265484171663781 -0.00015120605687862082 5.3828336709342822e-05 0.00022249504521760068 0.00041119330253479341 -0.00015961661193477142 0.00011878098093118248 0.00038578586841004156 0.00019489970355134837 -0.00023581304906213974 -0.00011767626984863986 0.00021777795754575739 -0.00013452011757055321 0.00047955647504053427 0.0002061971046513872 3.3816129360970605e-07 -0.00018317200033284172 -0.00022214983470704702 6.9385027703533234e-05 5.9811794379980092e-06
leaf_weight=128 5486 129 405 4091 61 3182 248 192 214 87 152 291 415 135 45 48 197 152 62 337 73 202 236 50 105 355 70 258 173 85
leaf_count=128 5486 129 405 4091 61 3182 248 192 214 87 152 291 415 135 45 48 197 152 62 337 73 202 236 50 105 355 70 258 173 85
internal_value=-7.3596e-05 0.00282725 -0.00142543 -0.00230083 -0.000698459 -0.0038057 -0.00110977 0.000733602 0.00176003 0.000947282 -0.00679916 -0.00251799 0.000414365 0.00179306 0.00899123 0.00532787 0.000956145 0.00274768 -0.00250374 -0.00670426 0.0037037 0.00122807 0.0028481 0.000737265 0.00441176 0.00282609 -0.00359712 -0.00596447 0.00216049 -0.00969388
internal_weight=17664 5615 12049 8573 4152 4421 1239 3476 2642 2428 239 834 543 2189 228 183 1961 1292 669 399 270 1140 948 746 510 460 834 591 243 343
internal_count=17664 5615 12049 8573 4152 4421 1239 3476 2642 2428 239 834 543 2189 228 183 1961 1292 669 399 270 1140 948 746 510 460 834 591 243 343
is_linear=0
shrinkage=0.05


Tree=16
num_leaves=31
num_cat=0
split_feature=4 13 12 4 10 12 12 13 4 6 14 13 13 12 3 11 10 13 6 15 13 13 7 12 14 10 8 10 15 14
split_gain=26.9194 18.3449 7.52278 7.14076 5.74857 7.27547 5.60843 6.93566 5.38544 5.68061 4.81105 4.26731 4.20069 4.48326 4.32213 4.18835 4.14584 4.10256 4.01184 4.64239 4.87643 4.33869 3.58061 3.56519 3.32206 4.69347 3.31671 3.98932 3.25697 3.40909
threshold=0.021181092863532733 33.719999313354499 0.0061046403867389696 0.032856572791844389 -0.0065884728107576387 0.027083039342927776 -0.075828254732232245 28.970000267028812 0.014627389880372795 1.2932491797089798 0.12307845124318741 15.694999694824221 26.494999885559086 -0.036045900478668118 -0.0089412895970431543 0.048369816433799014 -0.0028568001746795964 18.260000228881839 -0.65025117170917357 -0.018201043557521442 22.429999351501468 23.965000152587894 -0.02294346016475168 0.0066896649330910893 -0.037374592254897913 -0.0066375286305050954 inf 0.011197941469223484 -0.0079962086159806028 -0.011938112467112181
decision_type=2 2 2 2 2 2 2 2 2 2 2 2 2 2 2 2 2 2 2 2 2 2 2 2 2 2 8 2 2 2
left_child=2 3 -1 15 5 10 -5 12 -6 23 11 -4 13 -8 24 18 -9 -7 -2 20 22 26 -20 -10 -15 -26 -21 28 -28 -30
right_child=1 -3 4 6 8 17 7 16 9 -11 -12 -13 -14 14 -16 -17 -18 -19 19 21 -22 -23 -24 -25 25 -27 27 -29 29 -31
leaf_value=7.7400842776409459e-06 -3.2735462737122373e-05 0.00062212716523938867 7.8797708754878383e-06 0.00052796128739428705 -0.00013422554369868327 0.00019176350502847652 -7.5651617853165438e-05 7.8486704118915877e-05 -0.00019981068920035415 4.5173640361364591e-05 0.00011532700534873142 -0.0002587794342526828 0.00052260297687134558 0.00045321513088768619 0.00010175504742535149 -0.00022185857138722707 -0.00036345222901388631 -2.1955313531810217e-05 0.00022508220901989144 3.8378832234750804e-05 -0.00030023131817738199 0.00020724001156259705 -0.00014677817047755362 -7.3083869032576726e-05 0.00043837230152902286 5.8482724893202301e-05 -0.00018989958027725831 -0.00041786320322089831 -5.0991826549636176e-05 0.00031420863348934671
leaf_weight=1639 1863 146 64 84 670 161 261 48 92 432 62 94 118 122 1966 91 79 73 62 4816 102 258 105 3472 158 338 62 53 88 44
leaf_count=1639 1863 146 64 84 670 161 261 48 92 432 62 94 118 122 1966 91 79 73 62 4816 102 258 105 3472 158 338 62 53 88 44
internal_value=3.26278e-05 0.00157401 -0.00244489 0.0013342 -0.00338867 0.00198238 0.00332388 0.00297735 -0.00391127 -0.00321572 -0.00454545 -0.00917722 0.00346777 0.00308436 0.00371517 0.000497084 -0.00846457 0.00811966 0.000627264 0.00129696 -0.00511152 0.00162094 0.000149701 -0.00387205 0.00736246 0.00554435 0.00129864 -0.00435223 -0.00103093 0.00340909
internal_weight=17623 10864 6759 10718 5120 454 3174 3090 4666 3996 220 158 2963 2845 2584 7544 127 234 7453 5590 269 5321 167 3564 618 496 5063 247 194 132
internal_count=17623 10864 6759 10718 5120 454 3174 3090 4666 3996 220 158 2963 2845 2584 7544 127 234 7453 5590 269 5321 167 3564 618 496 5063 247 194 132
is_linear=0
shrinkage=0.05


Tree=17
num_leaves=31
num_cat=0
split_feature=5 11 10 6 12 16 10 14 14 10 16 11 12 15 7 6 14 16 8 14 16 12 12 10 14 12 5 11 11 11
split_gain=17.4548 10.3344 7.55107 7.10417 6.1537 6.29695 5.78632 8.28527 7.8031 6.35784 5.44423 6.33095 5.34842 5.33044 5.10712 5.18647 4.75134 5.17962 4.99424 4.7071 4.66962 4.53504 4.60366 4.51423 5.11722 5.05791 4.29962 4.09562 8.30572 7.32317
threshold=0.013419286643930583 -0.020171836765592806 -0.001746991736331027 -0.75880372164298049 -0.087458765142185854 -0.0045793897369454375 0.0042053175774743332 -0.036818887874406285 -0.025685626403374347 0.0033676747236286446 -0.036990187372662291 -0.0012355410470791248 -0.067575667738432196 0.0072229909335925777 0.021757880950640577 0.58799615170628916 0.00619378828642947 0.0069916964837620785 -0.059611536014907311 -0.069744182185856193 0.020883790744810175 -0.02797294646846021 0.078665433833488688 0.0028970492937452357 -0.014609583018452553 0.027544140346580596 0.0093937564704993214 0.003505922146060048 0.0056453064529209404 0.0013310073142193126
decision_type=2 2 2 2 2 2 2 2 2 2 2 2 2 2 2 2 2 2 8 2 2 2 2 2 2 2 2 2 2 2
left_child=2 4 13 26 -2 -6 7 9 -9 -5 11 -3 20 -1 15 27 18 -18 -8 -17 -12 -10 23 24 25 -23 -4 29 -29 -14
right_child=1 10 3 6 5 -7 16 8 21 -11 12 -13 14 -15 -16 19 17 -19 -20 -21 -22 22 -24 -25 -26 -27 -28 28 -30 -31
leaf_value=-1.7320868063938795e-06 0.00066014354468416395 -0.00010754619214757749 -0.00020587878378869321 0.00011521101558202861 0.00010236048731593617 0.0004365101942989441 0.00017182755124069295 -0.00023762443119092411 0.00021839456752229794 -0.00021572121944629695 0.00011318975823605819 -0.00048101602230444536 1.1917080133584885e-05 0.00023401300261815302 -6.6294242303658636e-06 0.00045046188384308816 -6.6668394482417849e-06 0.00039938921759329591 -2.8962987404050625e-05 0.00015238027531603389 -0.00049706831300277456 0.00013322046210278199 0.00022296434026834188 -0.00017811704741040849 -0.0001166360630798129 -8.2265797911344282e-05 -9.2244735607800374e-05 0.00038676559928321492 4.1883738090754428e-05 -0.00023622641742426415
leaf_weight=2373 77 237 135 269 1069 173 114 194 54 52 54 62 1430 101 3326 130 104 96 1585 826 61 148 44 238 907 141 902 204 2277 237
leaf_count=2373 77 237 135 269 1069 173 114 194 54 52 54 62 1430 101 3326 130 104 96 1585 826 61 148 44 238 907 141 902 204 2277 237
internal_value=-3.68899e-05 0.00131113 -0.00187408 -0.00299518 0.00543973 0.00458937 -0.00202737 -0.00387152 -0.00524334 0.00350467 0.000695387 -0.00593645 0.000927443 0.000383994 0.00107355 0.00206701 -3.94945e-05 0.00725 -0.000897587 0.00538703 -0.00978261 -0.004047 -0.00456698 -0.00505579 -0.00380435 0.00198962 -0.00667792 0.00130183 0.00258968 -0.000614877
internal_weight=17620 10163 7457 4983 1319 1242 3946 2047 1726 321 8844 299 8545 2474 8430 5104 1899 200 1699 956 115 1532 1478 1434 1196 289 1037 4148 2481 1667
internal_count=17620 10163 7457 4983 1319 1242 3946 2047 1726 321 8844 299 8545 2474 8430 5104 1899 200 1699 956 115 1532 1478 1434 1196 289 1037 4148 2481 1667
is_linear=0
shrinkage=0.05


Tree=18
num_leaves=31
num_cat=0
split_feature=4 13 10 15 6 11 4 8 10 15 14 12 12 15 11 15 14 10 10 12 12 12 3 12 15 11 10 10 10 2
split_gain=21.1692 15.7628 8.0099 6.88794 6.22626 6.0436 5.93838 5.08718 4.72635 5.1469 6.71245 4.53271 3.96529 4.31627 3.80013 4.65524 6.15588 4.63002 6.84558 5.50503 5.41825 5.92771 5.01776 4.50712 4.43444 5.33869 5.78347 3.77561 5.3136 4.47491
threshold=0.021114475132163361 33.719999313354499 -0.001746991736331027 0.0077840999183244062 -0.83124917559328038 0.050492682028646547 0.041172461415021122 inf 0.012727051103036626 -0.011247736462183354 -0.0059106162699663059 0.0072856362379064574 0.021636027658746174 0.018870217358282652 -0.023324980459216712 0.0069830795024258272 0.023650626144740231 0.0063549494884102007 0.0065983934065093628 0.055910575939094771 -0.026522918814270154 -0.0080596862952704278 0.0062951009771576869 0.0048491469985487709 0.0085734785399178576 0.021985300450528603 0.010824096152379449 -0.013327773622425541 -0.0080075865289204722 -0.033627495487213215
decision_type=2 2 2 2 2 2 2 8 2 2 2 2 2 2 2 2 2 2 2 2 2 2 2 2 2 2 2 2 2 2
left_child=2 5 3 27 -4 6 7 14 9 -9 -11 -6 -13 -14 15 -2 -17 -16 -19 20 22 -22 -20 -23 25 26 -25 29 -29 -1
right_child=1 -3 4 -5 11 -7 -8 8 -10 10 -12 12 13 -15 17 16 -18 18 19 -21 21 23 -24 24 -26 -27 -28 28 -30 -31
leaf_value=0.00023763339007428061 0.00020593752222761581 0.00056815804591339584 -0.00011491447107269573 0.00020683293021759187 1.5016657773904126e-05 -0.00023462499160951719 0.00024691405393339685 -0.00021230211915706818 -0.00038449897569184681 -7.3298292546132273e-05 0.00034078587112602252 -0.00011308485323489244 -4.862708684447697e-05 0.00024059134557212673 6.6173320702965156e-06 -0.00026111127738538784 0.00014594534052283386 0.00036170115528909763 -0.00014434110715685734 -6.3940033702533739e-05 0.00025626205294991685 -8.1462978006465608e-05 0.00012696785245374392 0.00019741169294406328 0.00018792346902340052 -0.00013501897269581437 -0.00017734052918959924 -9.8809703874472483e-05 1.372807570297792e-06 2.2505225579730079e-05
leaf_weight=98 563 156 824 85 738 150 1322 139 68 210 79 652 2284 58 6133 46 60 76 191 275 168 213 123 299 500 124 71 315 1455 227
leaf_count=98 563 156 824 85 738 150 1322 139 68 210 79 652 2284 58 6133 46 60 76 191 275 168 213 123 299 500 124 71 315 1455 227
internal_value=0.000172297 0.00152745 -0.00203385 0.000458716 -0.00322651 0.00129972 0.00143996 0.000995931 -0.00393145 -0.00198598 0.00181661 -0.00235798 -0.00322311 -0.00226302 0.00127234 0.00489537 -0.00471698 0.000975774 0.00303922 0.00246945 0.0035376 0.00489091 -0.00238854 0.00366611 0.00508048 0.00172065 0.00472973 -0.000107399 -0.00101695 0.00484615
internal_weight=17702 10966 6736 2180 4556 10810 10660 9338 496 428 289 3732 2994 2342 8842 669 106 8173 2040 1964 1689 1375 314 1207 994 494 370 2095 1770 325
internal_count=17702 10966 6736 2180 4556 10810 10660 9338 496 428 289 3732 2994 2342 8842 669 106 8173 2040 1964 1689 1375 314 1207 994 494 370 2095 1770 325
is_linear=0
shrinkage=0.05


Tree=19
num_leaves=31
num_cat=0
split_feature=4 13 13 5 11 15 10 15 8 16 16 15 15 13 15 16 16 15 13 10 16 11 10 14 14 11 16 2 2 12
split_gain=19.359 13.2175 6.70047 6.23452 4.95604 4.33675 9.5141 7.091 5.30505 4.87952 6.34514 4.96401 6.21354 5.60731 6.41675 7.55602 5.43757 5.41482 4.90553 4.83236 4.77025 8.12784 5.68906 5.38682 4.48786 6.14181 4.17149 5.49001 4.57927 3.78683
threshold=0.027965455810260196 33.719999313354499 12.00999975204468 0.0089843033458285298 0.048369816433799014 0.011942127654858805 0.0017576081132453238 0.010876529788940827 0.19908960427766823 0.041046465577621045 0.045759813015245572 0.0086741357081352461 0.008243301699756957 19.295000076293949 -0.018665541071911592 -0.031779629419698356 0.023944697739814117 -0.0069645053026807782 17.795000076293949 -0.010112214023305697 0.0097419427662660558 -0.012843904813593874 0.0039394347110435221 0.0080830591469587282 -0.083456210331023115 0.00081107941047609 0.01764254252073261 0.027559284469580895 -0.038072582173152951 -0.075828254732232245
decision_type=2 2 2 2 2 2 2 2 8 2 2 2 2 2 2 2 2 2 2 2 2 2 2 2 2 2 2 2 2 2
left_child=2 29 -1 -4 5 7 -7 9 20 11 -11 12 13 24 -15 -16 17 19 -13 -17 21 -8 -22 26 25 -5 27 -24 -28 -2
right_child=1 -3 3 4 -6 6 8 -9 -10 10 -12 18 -14 14 15 16 -18 -19 -20 -21 22 -23 23 -25 -26 -27 28 -29 -30 -31
leaf_value=-0.00030322979611578193 0.00036999472182085689 0.00059484376968395281 -8.8577514366151901e-05 -6.459564002029715e-05 -0.00020136879995429053 0.00033160091481245076 -0.00017626385697779701 -0.00016859625906984928 -0.00037741362306374269 0.000327006194344325 -2.6082701772937368e-05 0.00010047116949356054 -0.00027139056044437742 -0.00012716139256672621 0.00028516360912643111 8.1465430754847773e-05 -0.00026592555385892842 9.9034207059498644e-05 -8.1831704002569317e-05 -0.0001216426557431382 -0.0002013806686262781 0.0002561872714115915 -0.00031683191238456336 0.00067024463599538804 -4.1343607411158203e-05 0.00026399985295344502 0.00015708068218769423 3.4908805273203319e-06 -1.0029022006278252e-06 5.446296669786204e-05
leaf_weight=71 114 130 808 104 86 163 59 260 43 90 86 470 118 207 184 135 60 785 125 188 85 214 65 45 6893 125 50 82 364 5395
leaf_count=71 114 130 808 104 86 163 59 260 43 90 86 470 118 207 184 135 60 785 125 188 85 214 65 45 6893 125 50 82 364 5395
internal_value=-9.6569e-05 0.00231867 -0.00123485 -0.00114343 -0.000834386 -0.000740909 0.00213675 -0.00108342 0.000322741 -0.000862069 0.00738636 -0.00101661 -0.00131549 -0.00116058 0.00155548 0.00281065 0.00132705 0.00212094 0.00340336 -0.00332817 0.00108921 0.00668498 -0.00112156 0.000577558 -0.00175512 0.005131 -0.000757576 -0.0079932 0.00181159 0.00194681
internal_weight=17604 5639 11965 11894 11086 11000 1170 9830 1007 9570 176 9394 8799 8681 1559 1352 1168 1108 595 323 964 273 691 606 7122 229 561 147 414 5509
internal_count=17604 5639 11965 11894 11086 11000 1170 9830 1007 9570 176 9394 8799 8681 1559 1352 1168 1108 595 323 964 273 691 606 7122 229 561 147 414 5509
is_linear=0
shrinkage=0.05


Tree=20
num_leaves=31
num_cat=0
split_feature=4 12 4 11 4 15 14 0 7 11 12 1 11 16 15 3 12 14 12 15 15 12 14 14 12 12 15 16 14 15
split_gain=16.5227 12.4975 6.60699 5.83946 3.98377 3.58594 3.55202 3.64734 3.46179 4.11193 4.27539 4.52314 3.37089 5.01744 4.12176 3.91789 3.38401 3.32322 3.24102 3.23091 3.47594 3.16811 3.09056 4.13374 7.15727 4.91101 6.35982 5.16393 4.52417 4.79987
threshold=0.02833030547285325 -0.075828254732232245 0.016883876045527001 0.050492682028646547 0.046118407017878782 0.017534663375058383 -0.091137781806863202 0.014830661077598785 0.022585642389274633 0.0047087702577918175 0.061412556981192197 -0.0011403674234629622 -0.0080581536357283139 -0.0037840779945287335 -0.013368103190865841 0.0023418372807398895 0.0053623810378563572 -0.081825770158787711 -0.062212446145613214 -0.024563032599701825 -0.020859022640160093 0.033460109151711277 -0.14356568835631797 -0.036818887874406285 -0.038043890036369758 -0.026522918814270154 -0.018665541071911592 -0.02887608198923591 -0.039477048520880569 -0.0036251439726217023
decision_type=2 2 2 2 2 2 2 2 2 2 2 2 2 2 2 2 2 2 2 2 2 2 2 2 2 2 2 2 2 2
left_child=2 -2 12 5 18 8 7 -6 22 10 11 -10 15 -14 -15 -1 -16 -11 -3 -20 -21 -22 -4 24 -24 26 -25 -28 29 -26
right_child=1 4 3 -5 6 -7 -8 -9 9 17 -12 -13 13 14 16 -17 -18 -19 19 20 21 -23 23 25 28 -27 27 -29 -30 -31
leaf_value=4.0575352369352437e-05 0.00053891505694532557 -0.00020077025110497879 -0.00011204094652894061 -0.00022688554736129726 0.00018141345783807882 0.00012308325735780674 0.00029245090142952936 -0.00045676789791157014 -0.00017612639884116051 6.7783357148652488e-05 0.00023279422035321967 1.5433522741435885e-05 -0.00013452382643391479 0.00022684609123593119 2.9291654048952799e-05 -8.2181002709449003e-05 -6.8099538229531974e-05 -8.0135982082089538e-05 0.00023261452602762057 -0.00054485908608069148 5.8903263245485782e-05 -2.7152444999550484e-05 -0.00020158384060701515 -0.00016858001143476602 0.00017209163141622183 -2.785547045492912e-05 0.00044339361510799296 5.5139846815694622e-05 0.00021937933243580435 2.4662625305438019e-05
leaf_weight=303 181 106 94 52 56 331 741 44 154 101 65 910 580 46 127 111 1271 1685 72 55 3002 1169 141 101 203 4094 89 584 153 1000
leaf_count=303 181 106 94 52 56 331 741 44 154 101 65 910 580 46 127 111 1271 1685 72 55 3002 1169 141 101 203 4094 89 584 153 1000
internal_value=-0.000157483 0.00213785 -0.00117876 -0.000597007 0.00169209 -0.00050747 0.00484542 -0.004 -0.000688073 -0.00211835 0.000243578 -0.000516917 -0.00350697 -0.00434783 -0.00277008 0.000603865 -0.00325465 -0.00361142 0.00108992 0.00130293 0.00112399 0.00128866 -4.25763e-05 9.03378e-05 0.00238811 -0.00061627 0.00303618 0.00479198 0.00350295 0.00247298
internal_weight=17621 5426 12195 9757 5245 9705 841 100 9374 2915 1129 1064 2438 2024 1444 414 1398 1786 4404 4298 4226 4171 6459 6365 1497 4868 774 673 1356 1203
internal_count=17621 5426 12195 9757 5245 9705 841 100 9374 2915 1129 1064 2438 2024 1444 414 1398 1786 4404 4298 4226 4171 6459 6365 1497 4868 774 673 1356 1203
is_linear=0
shrinkage=0.05


Tree=21
num_leaves=31
num_cat=0
split_feature=4 13 6 12 16 12 15 12 15 15 16 13 13 16 10 12 14 12 15 13 6 14 14 13 10 8 13 14 12 12
split_gain=16.8516 11.2227 8.78723 5.76418 5.66787 4.66015 8.33695 6.97941 4.34999 5.87632 5.60907 4.1717 4.18612 11.163 8.48616 7.56083 6.25976 5.96636 5.54743 5.15589 4.82986 4.57452 6.93215 5.75201 5.29827 4.32415 4.30746 4.1708 4.11205 12.197
threshold=0.034838806685708733 33.719999313354499 -0.87114543916992548 0.0094949171636059555 0.046904867317988271 0.012544091383750124 -0.00022279171394512518 0.011040708270440904 0.022412393799575273 0.016914340818961485 0.019126617370329283 12.00999975204468 18.015000343322757 -0.0037840779945287335 -0.0065884728107576387 0.073733848686565309 -0.049735428455543622 0.017951110302837473 0.022412393799575273 12.119999885559084 1.2932491797089798 -0.019792958121071843 -0.01786915050429105 16.550000190734867 0.010824096152379449 0.026460671773668735 18.394999504089359 0.13092898697672287 0.046695407011373098 0.048519167358985434
decision_type=2 2 2 2 2 2 2 2 2 2 2 2 2 2 2 2 2 2 2 2 2 2 2 2 2 10 2 2 2 2
left_child=2 -2 27 4 8 6 7 -5 9 -4 -11 -7 14 15 17 -14 -16 25 19 -18 -19 23 -23 24 -21 -13 -15 -1 -24 -30
right_child=1 -3 3 5 -6 11 -8 -9 -10 10 -12 12 13 26 16 -17 18 20 -20 21 -22 22 28 -25 -26 -27 -28 -29 29 -31
leaf_value=-7.5434733338449695e-05 0.00010673799236756345 0.00061336668276361416 1.2249600370577543e-05 0.00033911048457286322 0.00043838430497483482 -0.00024059684650226074 -0.00024928160085233838 -0.0001406773548451261 -0.00019988057895365622 0.00045871917188897529 6.5358308281587154e-05 -0.00022048057511534641 -1.0983723764671372e-05 -0.00028831373365817312 7.4767664745011529e-05 0.00064037319926791929 0.00049296056049236495 0.00023454958582638536 0.00035721836669447624 -0.0001010739230445674 -9.9601502710248467e-05 0.00016999701638242628 -4.2407649504453383e-05 6.5823545454273989e-05 -0.00030028596565697709 0.00013333428087843239 -0.00010249449684208626 0.00030304631033966939 0.00037149623597090647 -2.5956596621577473e-05
leaf_weight=2202 2573 107 4090 57 53 62 175 127 57 76 94 62 533 202 1003 80 43 272 56 892 45 49 2834 214 85 58 595 56 182 635
leaf_count=2202 2573 107 4090 57 53 62 175 127 57 76 94 62 533 202 1003 80 43 272 56 892 45 49 2834 214 85 58 595 56 182 635
internal_value=-0.000123798 0.00352612 -0.000780778 -0.0002672 0.00120137 -0.00104406 -0.0066156 0.000815217 0.00100185 0.00118545 0.0102941 -0.000790939 -0.000688776 -0.00315603 -0.000147745 0.0019168 -0.000638245 0.00657895 -0.00136273 -0.00154033 0.0101735 -0.00169188 -0.000824324 -0.00438707 -0.00601331 -0.00291667 -0.00705772 -0.00365368 -0.00107505 0.00205018
internal_weight=17569 2680 14889 12631 4370 8261 359 184 4317 4260 170 7902 7840 1410 6430 613 5993 437 4990 4934 317 4891 3700 1191 977 120 797 2258 3651 817
internal_count=17569 2680 14889 12631 4370 8261 359 184 4317 4260 170 7902 7840 1410 6430 613 5993 437 4990 4934 317 4891 3700 1191 977 120 797 2258 3651 817
is_linear=0
shrinkage=0.05


Tree=22
num_leaves=31
num_cat=0
split_feature=4 12 10 12 16 10 11 13 16 13 10 14 13 9 2 14 15 10 10 14 14 14 14 16 12 12 12 14 14 16
split_gain=15.0303 10.3559 7.19171 5.97475 12.8676 7.53195 7.31664 5.94163 5.83031 5.54765 5.20724 5.88142 5.08873 4.78724 4.60545 4.50692 9.54146 8.64854 9.64966 8.00252 7.4068 7.13574 7.74763 10.0836 6.89949 8.46945 6.70481 6.46713 8.10547 7.27834
threshold=0.027163046856228043 -0.075828254732232245 -0.001746991736331027 0.048152428754814187 -0.015383420933689993 -0.0022250967273709783 0.014627059991814352 23.965000152587894 -0.011264638040924589 12.00999975204468 -0.0028568001746795964 -0.0099321131423574776 14.00500011444092 0.19140532825781145 -0.17187175782782607 -0.036818887874406285 -0.0036251439726217023 0.0044649128256998303 0.0028970492937452357 -1.0000000180025095e-35 -0.021011062487688355 -0.03897851358283843 -0.062752290881895975 -0.025864202673717803 0.034436805865122662 0.025521140781716415 0.060736863464118891 -0.026106823606350468 -0.017044659763988276 -0.014502772542062335
decision_type=2 2 2 2 2 2 2 2 2 2 2 2 2 10 2 2 2 2 2 2 2 2 2 2 2 2 2 2 2 2
left_child=2 -2 3 5 -5 6 8 9 12 -4 -10 -12 -1 14 -3 16 -11 18 27 20 -19 22 23 -18 25 -25 -20 -17 -29 -30
right_child=1 13 7 4 -6 -7 -8 -9 10 15 11 -13 -14 -15 -16 17 21 19 26 -21 -22 -23 -24 24 -26 -27 -28 28 29 -31
leaf_value=-0.00020915612356107858 0.00042112718004154909 0.00022074438863284985 -0.00027441365200581077 0.00021271957628367041 -0.00019349234402569031 0.00014736208782294711 -0.00015207409371139851 0.00022794270971889842 8.0074609217130593e-05 0.00013064705718342345 0.00014679425318069015 -0.00017725950874661361 -1.9978216543676102e-05 0.00024779970300699213 2.0505950062552851e-05 -0.00020336092403003671 -0.00019649379544757541 5.4788485039138822e-05 -0.0001618678755459387 0.00010977544565385538 -8.9834847528532877e-05 0.00014496326077905386 -8.9995576960876043e-05 3.5880883016131076e-05 -8.8813596031273034e-05 0.00021985733034326946 7.8364294250225027e-05 5.2917344291442993e-05 0.00012111063774488443 -9.5727656897080012e-05
leaf_weight=53 196 320 72 82 294 256 163 110 1538 230 47 159 1236 729 4956 226 100 351 633 445 583 175 1077 686 238 182 50 523 174 1755
leaf_count=53 196 320 72 82 294 256 163 110 1538 230 47 159 1236 729 4956 226 100 351 633 445 583 175 1077 686 238 182 50 523 174 1755
internal_value=-2.6929e-05 0.00195533 -0.00110159 0.000666144 -0.00531915 0.00131808 0.000657071 -0.0019908 0.00121167 -0.00216 0.00309633 -0.00436893 -0.00133825 0.00158618 0.00106141 -0.00202612 -0.000390625 -0.00295359 -0.00432163 0.000380711 -0.00224839 -0.00130187 -0.00204774 0.000704809 0.00207957 0.00414747 -0.00962665 -0.00296863 -0.00222268 -0.00371954
internal_weight=17639 6201 11438 3828 376 3452 3196 7610 3033 7500 1744 206 1289 6005 5276 7428 2688 4740 3361 1379 934 2458 2283 1206 1106 868 683 2678 2452 1929
internal_count=17639 6201 11438 3828 376 3452 3196 7610 3033 7500 1744 206 1289 6005 5276 7428 2688 4740 3361 1379 934 2458 2283 1206 1106 868 683 2678 2452 1929
is_linear=0
shrinkage=0.05


Tree=23
num_leaves=31
num_cat=0
split_feature=4 12 5 6 1 16 6 10 12 15 9 12 16 11 10 11 14 10 16 16 15 10 1 10 10 11 16 16 12 11
split_gain=13.676 9.83026 6.91063 5.6518 4.60067 4.83643 4.47114 4.37617 3.98499 4.3924 3.9263 3.95055 4.15139 3.57216 3.55182 5.51921 4.56519 5.27826 3.22442 3.48858 3.22273 4.48079 3.22166 3.17584 14.6665 4.83753 4.41297 4.4306 4.22164 5.43609
threshold=0.033931442688024047 -0.075828254732232245 0.011816531138096853 -1.2197232181120672 -0.060533578367455813 0.014385328797842269 -0.057059497894024459 0.0207430020860534 0.01493884956091618 -0.018201043557521442 -1.0000000180025095e-35 0.038282050085224013 0.01764254252073261 -0.017068833431084392 -0.001746991736331027 0.018972552338111019 0.0091478412114857095 -0.0038582878398281113 -0.036990187372662291 -0.041762716359473755 -0.0016993878742870836 0.0047561203387664905 -0.060533578367455813 0.010824096152379449 0.0095885339556018873 -0.0082927789735435225 0.031019835068471283 0.038508347291469687 -0.022997205585478738 0.025734816417073651
decision_type=2 2 2 2 2 2 2 2 2 2 8 2 2 2 2 2 2 2 2 2 2 2 2 2 2 2 2 2 2 2
left_child=2 -2 3 -1 -5 14 23 13 9 -8 -7 12 -12 -3 16 -16 -6 -18 19 -15 -17 -22 -21 24 28 -25 -27 -28 29 -4
right_child=1 7 6 4 5 10 8 -9 -10 -11 11 -13 -14 18 15 20 17 -19 -20 22 21 -23 -24 25 -26 26 27 -29 -30 -31
leaf_value=-0.00012815807028525471 0.00060840231747944927 0.00024433095138531489 2.6088006239295781e-05 0.00013909505571329972 4.5359324526592343e-05 8.8039916151687325e-05 -9.9811863090668119e-05 -0.00030016541887742539 -1.2741520322641018e-06 9.2913576837233046e-05 0.00018589759411485288 -9.8806922222698763e-05 -4.7678806932050047e-06 0.00019238433460323453 -9.1727967894286486e-05 0.00013813003003753876 -1.410736568345384e-05 -0.00015272269480698115 9.091729160329923e-05 -0.00063534918945846682 -0.00018584937416312114 0.00010901398923964064 -2.6543842406406774e-05 0.00019111940682951559 0.00021722499076602718 -0.00017598431361429872 0.00026096580219838941 -0.0001495321459733749 -3.4889518455824317e-05 0.00037524909628475781
leaf_weight=224 145 442 671 53 303 275 151 77 2254 1670 83 286 526 44 1838 62 801 181 2171 46 61 87 40 75 195 310 54 56 4372 64
leaf_count=224 145 442 671 53 303 275 151 77 2254 1670 83 286 526 44 1838 62 801 181 2171 46 61 87 40 75 195 310 54 56 4372 64
internal_value=-0.000103593 0.00299325 -0.000730276 -0.00229079 -0.00190957 -0.00208195 2.53241e-05 0.00234043 0.00129448 0.00303405 0.000683761 -0.000921788 0.00135468 0.00267043 -0.00305281 -0.0043457 -0.000992218 -0.00264766 0.00187962 -0.00576923 0.00333333 -0.000675676 -0.0116279 -0.000866828 -0.000509242 -0.00469697 -0.00678571 0.00181818 -0.00102311 0.00248299
internal_weight=17617 2965 14652 4780 4556 4503 9872 2820 4075 1821 1170 895 609 2743 3333 2048 1285 982 2301 130 210 148 86 5797 5302 495 420 110 5107 735
internal_count=17617 2965 14652 4780 4556 4503 9872 2820 4075 1821 1170 895 609 2743 3333 2048 1285 982 2301 130 210 148 86 5797 5302 495 420 110 5107 735
is_linear=0
shrinkage=0.05


Tree=24
num_leaves=31
num_cat=0
split_feature=13 14 5 14 13 8 8 10 6 14 3 11 6 5 7 2 13 15 15 16 13 14 11 1 14 15 15 16 3 11
split_gain=11.1138 11.8457 8.07973 7.913 8.25575 6.81128 6.21267 4.699 4.9214 4.61389 4.37466 4.36556 4.52939 4.7238 4.12697 5.07835 4.07805 3.8665 5.39757 3.6244 3.64188 5.43118 5.17513 3.62223 3.49214 3.85584 5.59974 6.17863 4.00205 4.03034
threshold=25.505000114440922 -0.02368562203831703 0.011816531138096853 0.12307845124318741 30.750000000000004 0.033366145842668622 inf -0.001746991736331027 -0.86112737013438589 0.0091478412114857095 0.012958061674639533 0.050492682028646547 -0.65829565200234985 0.024204884937540628 -0.023368590324348178 0.086210184006744864 14.244999885559084 0.012629228083315682 0.0031370137597132035 0.041046465577621045 14.340000152587892 -0.0092544987085180757 -0.0012355410470791248 0.0010336269055962746 -0.067583665573298909 0.0031370137597132035 0.012927135230523802 -0.0019078011094652567 0.023955105855289264 -0.0043480810751578827
decision_type=2 2 2 2 2 10 8 2 2 2 2 2 2 2 2 2 2 2 2 2 2 2 2 2 2 2 2 2 2 2
left_child=2 10 7 5 -5 -3 11 9 -9 -1 -2 12 19 24 -10 -16 -11 18 -8 20 21 22 -4 -23 25 -14 27 -27 29 -28
right_child=1 3 6 4 -6 -7 17 8 14 16 -12 -13 13 -15 15 -17 -18 -19 -20 -21 -22 23 -24 -25 -26 26 28 -29 -30 -31
leaf_value=5.0303756626438311e-05 -0.00021387180062460345 0.00057684922642522215 -0.00029103329169237859 -0.00014605550737675064 0.00034731950251519641 -0.00013460662627233388 -0.00021558417605806394 -0.00010854880326812219 3.3745156829393957e-05 -0.00012535778443583873 0.000458205083745854 -0.00021787113365748435 0.00025913384152476723 0.0003009551952858206 -6.9954956384268833e-05 6.1459509161335742e-05 -2.9640515096506512e-06 -0.00036501632383388312 2.11682851007383e-05 0.00020860831753090458 -7.3363908184267277e-06 -8.5498784089068941e-05 5.9928634423835758e-05 -0.00020147303953350939 1.0628943379155983e-05 -0.00014340850105128849 7.4564172548162715e-05 5.8578780584478369e-05 -7.8328602838070776e-05 0.00045897102666836876
leaf_weight=419 169 276 44 108 103 41 272 513 340 230 41 117 244 679 2102 229 918 58 216 80 2327 147 272 190 6755 148 93 284 40 153
leaf_count=419 169 276 44 108 103 41 272 513 340 230 41 117 244 679 2102 229 918 58 216 80 2327 147 272 190 6755 148 93 284 40 153
internal_value=-0.000247047 0.00575881 -0.000509781 0.00975379 0.00225118 0.0147476 0.000175345 -0.00225742 -0.00336055 -1.59541e-05 -0.00428571 0.000421239 0.000519378 0.00111958 -0.00249906 -0.00324968 -0.00165505 -0.00503663 -0.00358607 -0.00112745 -0.0014094 -0.00470904 0 -0.00912463 0.000767785 0.00358628 0.00174095 -0.00185185 0.00716783 0.00955285
internal_weight=17608 738 16870 528 211 317 12119 4751 3184 1567 210 11573 11456 8396 2671 2331 1148 546 488 3060 2980 653 316 337 7717 962 718 432 286 246
internal_count=17608 738 16870 528 211 317 12119 4751 3184 1567 210 11573 11456 8396 2671 2331 1148 546 488 3060 2980 653 316 337 7717 962 718 432 286 246
is_linear=0
shrinkage=0.05


Tree=25
num_leaves=31
num_cat=0
split_feature=5 12 5 8 6 0 14 10 14 13 15 12 12 10 10 10 13 9 10 10 14 15 1 16 10 16 10 13 14 15
split_gain=12.7548 9.1477 5.92614 4.53809 4.46839 4.39885 4.35245 6.20379 6.00335 5.2991 4.42378 4.17675 7.35793 4.79881 9.57018 7.11523 5.26027 4.09754 4.05232 6.46566 4.50694 6.59976 6.34481 5.39295 5.27564 4.88726 5.49158 4.67051 4.38809 4.17895
threshold=0.017053170220174173 -0.075828254732232245 0.0090842852538299771 -0.060603633228801516 -0.49895032256276978 -0.0050005566052746522 -0.001242221342315941 0.0044649128256998303 -0.0015377949631008578 12.494999885559084 0.013507838549774888 0.051085091732355654 0.049504484069908934 -0.001746991736331027 -0.0022250967273709783 -0.0026894294731198971 20.255000114440922 -0.14494146007853073 -0.0048383307689184299 -0.0036396197641281876 -0.021447279396770266 0.0098278371110328572 -0.022196810869815561 0.037952137453384334 0.0027897371119552932 -0.01794247451213243 -0.0012572661502254776 18.82499980926514 -0.016284077904727075 -0.0034827100471859769
decision_type=2 2 2 8 2 2 2 2 2 2 2 2 2 2 2 2 2 8 2 2 2 2 2 2 2 2 2 2 2 2
left_child=2 -2 5 -4 -3 -1 8 9 18 -8 11 12 13 14 15 -11 -15 -6 28 -20 25 22 -22 -23 27 -21 -27 -24 -5 -28
right_child=1 4 3 6 17 -7 7 -9 -10 10 -12 -13 -14 16 -16 -17 -18 -19 19 20 21 23 24 -25 -26 26 29 -29 -30 -31
leaf_value=1.7836514138963588e-05 0.00049859761559560708 -9.5733829568747666e-06 3.3209140640828166e-05 -0.00046812717927983895 0.00026379208950037461 -9.0178614075346348e-05 -0.00018527622509796366 0.00016368880585525825 -0.00034306224720168088 3.5477520582217864e-06 0.00030242049172302023 9.9413754864598718e-05 -0.00044864252108230509 -7.9873717103807947e-05 0.00019153320549400514 -0.00020751074692530771 0.00017823066488946784 6.3638593396026912e-05 0.00022073516613610033 -9.1381922507904726e-05 4.8243326919145128e-05 0.00019894709952844437 -3.8966381389844408e-05 -8.1594531086087249e-05 -0.00013423284498614643 0.00023194882174293829 9.7551662966141689e-05 -0.00025818786938379092 -2.9101658667760133e-05 -1.3438813428379528e-05
leaf_weight=259 171 1873 1373 51 588 672 75 389 83 2243 78 333 60 1047 190 94 65 2529 85 539 245 161 604 61 523 68 194 90 56 2824
leaf_count=259 171 1873 1373 51 588 672 75 389 83 2243 78 333 60 1047 190 94 65 2529 85 539 245 161 604 61 523 68 194 90 56 2824
internal_value=-0.000157465 0.00193276 -0.00102311 -0.000713295 0.00154309 -0.00486037 -0.00107797 6.55881e-05 -0.00201468 -0.000495818 -0.000255474 -0.000483631 -0.000966477 -0.000680132 0.000524337 -0.000353017 -0.00341727 0.00270292 -0.00181331 -0.00162217 -0.00184121 -0.00397862 -0.00519836 0.00405405 -0.00667625 -0.000848276 -8.1011e-05 -0.00381844 -0.0114486 -0.000397614
internal_weight=17623 5161 12462 11531 4990 931 10158 4574 5584 4185 4110 4032 3699 3639 2527 2337 1112 3117 5501 5394 5309 1684 1462 222 1217 3625 3086 694 107 3018
internal_count=17623 5161 12462 11531 4990 931 10158 4574 5584 4185 4110 4032 3699 3639 2527 2337 1112 3117 5501 5394 5309 1684 1462 222 1217 3625 3086 694 107 3018
is_linear=0
shrinkage=0.05


Tree=26
num_leaves=31
num_cat=0
split_feature=4 13 6 4 16 10 4 16 7 11 16 8 10 8 14 10 9 10 11 13 16 3 7 10 10 3 3 14 9 14
split_gain=11.3918 6.62597 6.00343 4.25845 3.89974 8.11522 5.57514 4.64015 4.12112 3.58578 3.37464 3.29991 3.28301 3.20052 3.33292 3.18335 5.58761 4.3203 3.5436 3.27178 3.11625 4.25692 3.05404 2.80368 3.94645 4.27195 3.81955 3.5326 3.8549 2.81568
threshold=0.027965455810260196 39.645000457763679 -0.30435743567194917 0.016883876045527001 -0.037661635570445599 0.016350157736673924 0.046118407017878782 -0.041762716359473755 0.034160178284019856 0.044463643697869822 -0.022967700345170591 0.032052232972634161 -0.0036396197641281876 -0.017728134366584655 0.13518549268873961 0.0056232321882017109 -0.15794781840450653 0.010824096152379449 -0.022672230022230119 19.010000228881839 0.014938255543623826 0.0076598930714837374 -0.026435141011178661 0.00038115432096208496 0.0007464509492582928 0.0010287404401815305 -0.015007441148915611 -0.0054293361358405115 -0.12326085393935753 -0.0092544987085180757
decision_type=2 2 2 2 2 2 2 2 2 2 2 8 2 8 2 2 10 2 2 2 2 2 2 2 2 2 2 2 10 2
left_child=2 4 3 -1 5 7 9 -2 -8 15 -5 -12 -13 14 20 18 17 -17 -6 22 21 -4 -19 26 -25 -26 -15 29 -29 -27
right_child=1 -3 13 10 6 -7 8 -9 -10 -11 11 12 -14 23 -16 16 -18 19 -20 -21 -22 -23 -24 24 25 27 -28 28 -30 -31
leaf_value=-7.7514804531782873e-05 0.00018276372478617906 0.001011160614518794 5.8881776100638312e-05 -8.0413011672605473e-05 0.00022040478345072367 -0.00060895801648494573 0.00034866843146718457 -0.00022350260510697694 -6.3371353212225532e-06 -0.00013707933322022522 4.8159937856416536e-06 4.5133582771902855e-05 -6.1980824560832915e-05 -0.00018999642774085199 -9.5088996540262157e-05 0.00037181916437601233 2.7971032692090253e-05 0.00014155794789497364 6.9744489690014295e-06 0.00034938760671513022 0.00020209058048566543 -0.00011737349800337392 -0.00016703259608020165 -0.00024484190513586999 2.5041620551698175e-05 -6.2079289804152938e-05 2.2205009417362172e-05 -0.00028166726210184911 8.453841600030233e-05 -0.00020547276327105449
leaf_weight=1133 184 70 1369 492 299 50 564 145 205 178 2485 241 1089 106 122 256 737 52 2722 48 291 149 79 139 1039 989 2027 68 234 40
leaf_count=1133 184 70 1369 492 299 50 564 145 205 178 2485 241 1089 106 122 256 737 52 2722 48 291 149 79 139 1039 989 2027 68 234 40
internal_value=-8.52176e-06 0.00185632 -0.000876134 -0.00210478 0.00166244 -0.00323219 0.00202335 -0.000379939 0.00594928 0.00133265 -0.00138728 -0.000884666 -0.00289474 0.000140727 0.00185137 0.00162771 0.00383959 0.00833333 0.000769613 0.0023743 0.00239082 0.00148221 -0.00171756 -0.000570875 -0.00170387 -0.00122363 0.000761838 -0.00309917 0.00165563 -0.00449466
internal_weight=17602 5589 12013 5440 5519 379 5140 329 769 4371 4307 3815 1330 6573 1931 4193 1172 435 3021 179 1809 1518 131 4642 2509 2370 2133 1331 302 1029
internal_count=17602 5589 12013 5440 5519 379 5140 329 769 4371 4307 3815 1330 6573 1931 4193 1172 435 3021 179 1809 1518 131 4642 2509 2370 2133 1331 302 1029
is_linear=0
shrinkage=0.05


Tree=27
num_leaves=31
num_cat=0
split_feature=4 13 11 10 10 15 11 11 15 13 11 10 14 15 14 10 13 10 14 13 15 10 15 15 10 14 6 15 15 15
split_gain=10.5864 6.94672 5.02673 5.40479 9.70686 7.32027 5.50477 5.2584 4.6352 6.57053 6.83476 6.16201 6.98156 5.15581 6.37495 11.1899 7.54743 8.82221 6.94734 6.31502 6.26608 7.14496 6.3714 6.03319 7.22717 5.95203 5.90443 5.74041 5.34519 5.21853
threshold=0.026584398306433981 39.645000457763679 -0.0070947588285928389 0.0025358686375718258 0.011197941469223484 -0.0069645053026807782 -0.023324980459216712 -0.0095143176561332515 0.0055846420100797997 20.500000000000004 -0.0066204658378158357 0.010824096152379449 -0.083456210331023115 -0.0057591058676004217 -0.001242221342315941 0.0023442699463880339 16.125000000000004 0.0047561203387664905 1.0000000180025095e-35 19.72500038146973 0.0029217902334981454 -0.00020807375643927537 -0.00050284464957123232 -0.0053008219967415884 -0.0013775123490141203 -0.0046169142462271764 0.25268468591544307 -0.0033479667655734176 -0.00067492055448659094 -0.0071704301425512531
decision_type=2 2 2 2 2 2 2 2 2 2 2 2 2 2 2 2 2 2 2 2 2 2 2 2 2 2 2 2 2 2
left_child=2 -2 3 5 -5 6 -1 -8 9 10 -4 12 -12 19 25 18 -17 -18 -16 29 21 22 23 -20 27 -15 -24 -25 -29 -14
right_child=1 -3 8 4 -6 -7 7 -9 -10 -11 11 -13 13 14 15 16 17 -19 20 -21 -22 -23 26 24 -26 -27 -28 28 -30 -31
leaf_value=9.3837302076484489e-05 3.6749499123536064e-05 0.0010028587457263079 -0.0003378993806163065 -0.00011375809706017006 0.00015844260944202675 9.0234131316941591e-05 -0.00011698749051686077 8.9283673583492185e-05 2.9888082468130032e-07 0.00010742735396844783 0.00015820233905861503 -0.00016501152208008211 -2.2247293833696851e-05 -7.4958137947291498e-05 0.00013963328982496406 0.00024500135484064082 -0.00028636162637394306 0.00041026736267046546 -0.00039182223007397967 -0.00039401235931131573 0.00011394279300429424 -0.00018897517995005903 -0.00020956787815744489 9.5757887692571927e-05 0.0006425170686226514 -0.0002599692622601006 -4.603424544543343e-07 -0.00013989945060673736 0.00018344840072664822 0.00013532609454156277
leaf_weight=311 6464 79 43 431 141 1025 430 130 2666 210 136 181 1339 1671 67 211 57 42 59 40 194 242 194 194 41 236 116 250 48 312
leaf_count=311 6464 79 43 431 141 1025 430 130 2666 210 136 181 1339 1671 67 211 57 42 59 40 194 242 194 194 41 236 116 250 48 312
internal_value=-0.000190774 0.00140226 -0.00113688 0.000850891 -0.00340909 0.00213608 -0.00123421 -0.00419643 -0.00171073 -0.00249448 -0.00281597 -0.0026643 -0.00236282 -0.00264916 -0.00371342 -0.00150146 0.00709677 -0.00429293 -0.00339858 -0.000369604 -0.00418535 -0.00559441 -0.00354767 -0.000506757 0.00117261 -0.00570267 -0.00935484 -0.00050813 -0.00486577 0.000105996
internal_weight=17560 6543 11017 2468 572 1896 871 560 8549 5883 5673 5630 5449 5313 3622 1715 310 99 1405 1691 1338 1144 902 592 533 1907 310 492 298 1651
internal_count=17560 6543 11017 2468 572 1896 871 560 8549 5883 5673 5630 5449 5313 3622 1715 310 99 1405 1691 1338 1144 902 592 533 1907 310 492 298 1651
is_linear=0
shrinkage=0.05


Tree=28
num_leaves=31
num_cat=0
split_feature=4 4 6 12 2 12 15 15 10 10 11 11 10 16 10 10 13 13 12 13 5 13 13 12 11 10 16 11 10 11
split_gain=9.63382 7.17737 6.45249 4.75433 4.11039 3.5122 6.71623 6.84841 5.77886 8.07277 5.48496 4.72274 6.48381 4.50799 4.35938 4.3439 3.91353 3.50442 4.77572 3.49307 3.46843 3.44071 3.33813 3.33137 4.67399 4.52595 9.69808 7.24717 4.15737 6.26873
threshold=0.045219708653213155 0.013913653661930746 -0.75880372164298049 -0.080083523859072289 -0.12116064231213984 0.0072856362379064574 0.022412393799575273 0.016914340818961485 0.016350157736673924 0.0092143368425633438 0.048369816433799014 -0.0082927789735435225 0.010824096152379449 0.019126617370329283 0.0072501689697913605 0.017875641087257036 20.500000000000004 16.469999313354496 -0.024923453703148576 16.819999694824222 0.027419500760335887 16.375000000000004 14.244999885559084 0.0082902198416674473 0.037714615631601174 0.010824096152379449 0.033315841322242863 0.032599070140324489 0.0087442348777118113 0.01562981784988882
decision_type=2 2 2 2 2 2 2 2 2 2 2 2 2 2 2 2 2 2 2 2 2 2 2 2 2 2 2 2 2 2
left_child=1 22 4 -2 -3 6 7 8 9 14 23 -11 -13 -9 20 -10 -14 18 -6 -19 -4 -20 -1 -7 25 27 -27 28 -25 -30
right_child=3 2 5 -5 17 10 -8 13 15 11 -12 12 16 -15 -16 -17 -18 19 21 -21 -22 -23 -24 24 -26 26 -28 -29 29 -31
leaf_value=-0.00010785642056578221 0.00086820348457308533 0.00016649148013544177 2.3250925754831656e-05 0.0001925610855589306 0.00023817203481761489 -0.00012523460965822527 -0.00022871516412551699 0.00045847759403707338 -0.00043303560943333178 0.00035178220720558074 -0.00022060210143371492 0.00028881836372595613 -0.00010790897916374658 5.4802236941307613e-05 -0.00010733843860111451 4.2892780800661209e-06 0.00040087364667030226 0.00012235322983141514 -7.1663793775038803e-05 -2.928796060916953e-05 0.00052418552649842898 -0.00032245132159719919 -4.181208102381688e-05 8.314835778074721e-07 0.00011496842488039126 -0.00018012473989355667 0.00018683677025867183 -0.00017269511979608822 1.2873108061943364e-05 0.00047546955329532276
leaf_weight=279 53 139 3267 926 43 125 99 93 65 135 86 160 153 65 211 68 40 146 1416 1466 57 59 281 6890 196 440 123 130 316 139
leaf_count=279 53 139 3267 926 43 125 99 93 65 135 86 160 153 65 211 68 40 146 1416 1466 57 59 281 6890 196 440 123 130 316 139
internal_value=-4.52847e-05 -0.0003281 -0.000134867 0.00477528 -0.00211838 0.00036942 0.00151258 0.00180807 0.00141963 0.00175864 -0.000227946 0.00778689 0.00474504 0.0120253 0.00092645 -0.00883459 -0.00142487 -0.00249201 -0.00421607 -0.000868486 0.00136883 -0.00469492 -0.00589286 -9.8696e-05 2.42895e-05 -0.000161732 -0.0044849 0.00016388 0.000371001 0.005
internal_weight=17666 16687 16127 979 3269 12858 4413 4314 4156 4023 8445 488 353 158 3535 133 193 3130 1518 1612 3324 1475 560 8359 8234 8038 563 7475 7345 455
internal_count=17666 16687 16127 979 3269 12858 4413 4314 4156 4023 8445 488 353 158 3535 133 193 3130 1518 1612 3324 1475 560 8359 8234 8038 563 7475 7345 455
is_linear=0
shrinkage=0.05


Tree=29
num_leaves=31
num_cat=0
split_feature=8 13 5 11 3 11 16 16 14 14 11 16 16 14 14 14 13 15 13 16 11 11 14 14 16 13 15 15 16 15
split_gain=9.53107 6.54245 5.66979 5.74803 4.4061 4.27939 4.01659 6.67896 5.98894 10.5736 6.81031 9.03733 6.0186 5.9306 8.20935 12.8369 4.51276 7.61913 5.65008 4.74446 4.73775 4.28902 4.00677 6.62761 6.87659 7.22414 6.55526 5.60843 6.08374 5.0902
threshold=-0.096055636392014851 30.345000267028812 0.0085607464279442661 0.050492682028646547 -0.021793002836040295 -0.0093898392090148147 -0.0088873205784771297 -0.01045449412028404 0.083812216488613714 0.093015395411206861 -0.0080581536357283139 -0.0012079056549824105 -0.0087038367390378495 -0.067583665573298909 -0.053534792570075034 -0.049735428455543622 16.260000228881839 0.0029217902334981454 13.305000305175783 0.003535694227796982 0.0033857375272920991 0.025734816417073651 -0.015974596701323503 0.06028471113356227 -0.015383420933689993 17.090000152587894 -0.020859022640160093 -0.0048913947452965947 -0.020490928339389532 0.0098278371110328572
decision_type=8 2 2 2 2 2 2 2 2 2 2 2 2 2 2 2 2 2 2 2 2 2 2 2 2 2 2 2 2 2
left_child=1 -1 5 4 -4 -2 7 22 12 -10 -11 -12 -8 16 -15 -16 18 -18 -14 -19 -21 -20 -6 29 25 -25 -27 -28 -29 -24
right_child=2 -3 3 -5 6 -7 8 -9 9 10 11 -13 13 14 15 -17 17 19 21 20 -22 -23 23 24 -26 26 27 28 -30 -31
leaf_value=8.4532726767348312e-05 3.9075437135983452e-05 0.00051275207969222753 0.00023796004052341118 -0.00018421954508003222 -5.8938946916650692e-05 -0.00010655299604030302 0.00035485071488860592 -0.00019909516846043 0.00034669746937407946 0.00037500665828908068 0.00025512424148131229 -0.00015764071117000986 -0.00015778560237527493 -0.00010586233722529684 0.00030044289669227002 -5.8486909218582544e-06 0.00022963204513547838 -0.00019659277441214123 0.00014901441116962268 0.00014456115728823626 -6.2412407655137143e-05 0.00081712545541424747 3.4851463340290332e-05 -0.00019203653041342101 -0.00019601794563784154 -0.00012351999446223746 0.00015327479390149252 -0.00024434972818516363 0.00031571776323898495 0.0005374181133277259
leaf_weight=1087 83 129 378 164 1380 461 60 373 127 181 74 288 40 584 191 7968 205 128 419 174 321 46 1466 202 213 192 447 81 41 57
leaf_count=1087 83 129 378 164 1380 461 60 373 127 181 74 288 40 584 191 7968 205 128 419 174 321 46 1466 202 213 192 447 81 41 57
internal_value=5.69476e-06 0.00427632 -0.000312041 -0.000139241 -4.15707e-05 -0.00533088 -0.000173679 -0.00143756 0.000347029 0.00492537 0.00188766 -0.00207182 4.43962e-05 -4.96229e-05 -0.000523276 -0.000113372 0.00305701 0.000785024 0.00678218 -0.00196629 0.000252525 0.00833333 -0.000851924 0.000268618 -0.00255102 -0.000752856 0.00147832 0.00417399 -0.00532787 0.00244583
internal_weight=17560 1216 16344 15800 15636 544 15258 4452 10806 670 543 362 10136 10076 8743 8159 1333 828 505 623 495 465 4079 2699 1176 963 761 569 122 1523
internal_count=17560 1216 16344 15800 15636 544 15258 4452 10806 670 543 362 10136 10076 8743 8159 1333 828 505 623 495 465 4079 2699 1176 963 761 569 122 1523
is_linear=0
shrinkage=0.05


Tree=30
num_leaves=31
num_cat=0
split_feature=5 12 8 13 11 8 16 12 13 16 15 6 13 0 12 12 16 13 15 6 13 11 11 16 1 13 12 3 4 15
split_gain=8.22681 7.44705 4.84255 4.48482 3.98038 3.87623 4.27125 5.04885 3.71662 3.71662 3.72741 3.7052 4.1957 3.40823 3.32614 3.67976 4.10671 3.29477 3.28696 3.0364 2.79393 3.45952 3.6071 2.96728 2.86478 2.76162 2.94825 2.66373 2.60528 3.84609
threshold=0.016238597411180961 -0.075828254732232245 -0.033643762361223788 12.00999975204468 0.050492682028646547 -0.015252804266463802 0.00046554458623127021 -0.05023266322533259 18.974999427795414 -0.024106528067454776 0.0053984652447951484 0.57305551020971712 29.835000038146976 0.037246039293260765 -0.023938003454768261 -0.0031637025986434027 0.020325794060934269 17.204999923706058 0.010097216569413871 -1.2646250553796154 19.880000114440922 -0.024572906939621272 -0.030384462612199011 -0.020936690252703557 -0.049013526005935885 25.19999980926514 -0.036045900478668118 0.0042490413850028172 0.05986718547630674 0.0040193496380456226
decision_type=2 2 10 2 2 8 2 2 2 2 2 2 2 2 2 2 2 2 2 2 2 2 2 2 2 2 2 2 2 2
left_child=3 2 -2 -1 5 6 8 -8 9 10 -5 13 25 28 -9 16 17 -16 -11 27 23 22 24 -10 -22 26 -13 -7 -3 -30
right_child=1 11 -4 4 -6 19 7 14 20 18 -12 12 -14 -15 15 -17 -18 -19 -20 -21 21 -23 -24 -25 -26 -27 -28 -29 29 -31
leaf_value=-0.00023292415432398856 0.00041988096282980419 -2.6193056174889705e-06 -3.875726215775031e-05 -4.9943631139492617e-05 -0.0001906891488988568 -0.00010691501834266971 -0.00027308510556944485 0.00019324609155278651 -4.2546900702667434e-05 -1.8128090733135137e-05 -0.00019096933946324441 -0.00015997281089968237 -0.00063300241540243936 0.00036810152983275896 -0.0004132837205384545 6.9660127103095973e-05 9.5626861146243597e-05 -7.7921561489946879e-05 0.00026752087655608519 -2.0433060365202504e-05 0.0002848172005990907 -4.8233971456156624e-05 0.00029021212205229739 0.00026000725762246674 -7.9666892315806252e-05 0.00044616526808412569 0.00014825898368229866 6.0197097029898927e-05 0.00046363104157539031 -0.00013875543729408948
leaf_weight=73 143 4368 44 388 50 257 47 177 52 1097 77 79 40 167 40 940 50 45 55 7499 42 303 81 91 77 85 1008 56 83 50
leaf_count=73 143 4368 44 388 50 257 47 177 52 1097 77 79 40 167 40 940 50 45 55 7499 42 303 81 91 77 85 1008 56 83 50
internal_value=-0.000216352 0.00127328 0.0110963 -0.00100244 -0.000923494 -0.000861614 0.000505334 0.00279061 -0.000806452 -0.0020872 -0.00586022 0.000960884 0.00342409 0.000321337 0.00339457 0.00234884 -0.00537037 -0.0120588 -0.000564236 -0.0014849 0.00239938 0.000646123 0.00575 0.00856643 0.000210084 0.00396758 0.00328887 -0.0063099 6.10975e-05 0.00695489
internal_weight=17564 6067 187 11497 11424 11374 3562 1299 2263 1617 465 5880 1212 4668 1252 1075 135 85 1152 7812 646 503 200 143 119 1172 1087 313 4501 133
internal_count=17564 6067 187 11497 11424 11374 3562 1299 2263 1617 465 5880 1212 4668 1252 1075 135 85 1152 7812 646 503 200 143 119 1172 1087 313 4501 133
is_linear=0
shrinkage=0.05


Tree=31
num_leaves=31
num_cat=0
split_feature=8 6 13 10 3 10 4 8 3 12 10 12 13 10 9 7 6 15 9 2 9 3 9 3 15 12 14 7 2 13
split_gain=8.82726 5.47474 4.58314 4.52939 4.57619 3.7823 3.69039 4.44972 4.51782 5.25129 4.17503 4.42349 4.26878 3.64145 3.45533 3.30469 2.83917 2.74045 2.73296 2.67774 2.66867 2.57225 2.5683 2.46752 2.96268 2.72933 2.35716 2.34722 2.29689 2.23919
threshold=-0.10516048435416274 0.58799615170628916 12.00999975204468 -0.01521359351313417 -0.0078095201091672442 0.0063179142328150259 0.018186388759196717 -0.10516048435416274 0.0014751598653307554 -0.019977139710358579 -0.0037293651666452927 0.032816284988903439 14.444999694824221 -0.0032352848591708501 0.17292582094028677 0.11688116917711257 -1.2197232181120672 -0.011247736462183354 -0.23349108993148329 0.15691941465333906 0.20691510545435846 -0.0071862435293684182 -0.075615731256555671 -0.0049347821712630293 -0.00045631460401390761 0.082959712719514869 -0.0066427814256201914 0.021757880950640577 0.1622004919182857 19.520000457763675
decision_type=8 2 2 2 2 2 2 10 2 2 2 2 2 2 10 2 2 2 8 2 10 2 8 2 2 2 2 2 2 2
left_child=3 2 -2 4 -1 18 10 8 9 21 11 12 -4 -12 16 19 -9 -11 26 22 -17 -8 -3 24 -16 -25 -5 -13 -18 -14
right_child=1 15 6 5 -6 -7 7 14 -10 17 13 27 29 -15 23 20 28 -19 -20 -21 -22 -23 -24 25 -26 -27 -28 -29 -30 -31
leaf_value=9.9446338297915122e-05 -0.00023934749073352714 0.00013144135621710507 -0.0002748710931347615 -3.7112059451134987e-05 0.0009560725066507632 0.00035273935633902266 0.00037824131095958059 -7.0203929954876498e-05 -0.00019545534621361776 -0.00031005224581318828 -0.00020340492132922265 0.00018495890940884065 -1.9610846223820299e-05 -5.3918387443601183e-05 8.2255687905585025e-05 -0.00031806506145053853 -1.790933321938696e-06 -4.4003311197556797e-05 -2.5112861326567849e-05 0.00032538430106636776 3.6079975094806872e-05 1.15351163105187e-05 1.3656231991492639e-05 1.0563024394134652e-05 0.00040076479652779643 0.00052089293744006602 0.00035077565871893053 -8.4223197095619793e-06 -0.000134553289373314 9.7361588888751895e-05
leaf_weight=56 73 577 41 49 84 236 42 594 138 65 49 96 307 2201 157 55 7787 165 452 116 57 71 2902 774 106 62 86 48 166 63
leaf_count=56 73 577 41 49 84 236 42 594 138 65 49 96 307 2201 157 55 7787 165 452 116 57 71 2902 774 106 62 86 48 166 63
internal_value=-0.00011174 -0.000379966 -0.00086313 0.00454309 0.0128571 0.0031288 -0.000792607 -0.000348079 -0.00504158 -0.00196793 -0.0023975 0.00148649 -0.00115572 -0.00335556 -0.000114037 0.00131508 -0.000453375 -0.00630435 0.000979557 0.00157858 -0.00714286 0.00685841 0.00132941 0.00252502 0.00674905 0.00119617 0.00722222 0.00902778 -0.000204325 0.000540541
internal_weight=17675 16712 13005 963 140 823 12932 10127 481 343 2805 555 411 2250 9646 3707 8547 230 587 3595 112 113 3479 1099 263 836 135 144 7953 370
internal_count=17675 16712 13005 963 140 823 12932 10127 481 343 2805 555 411 2250 9646 3707 8547 230 587 3595 112 113 3479 1099 263 836 135 144 7953 370
is_linear=0
shrinkage=0.05


Tree=32
num_leaves=31
num_cat=0
split_feature=4 13 11 4 8 10 11 6 3 11 12 16 11 11 11 9 15 13 9 10 16 16 16 11 12 12 13 13 11 11
split_gain=8.20001 5.9384 4.64166 5.02569 3.86516 5.88832 4.37253 3.50562 3.38705 3.95375 3.57829 3.35413 3.63126 4.42089 3.54385 3.46703 3.33836 6.64704 5.24901 4.39595 12.1884 4.60241 3.51454 5.24212 3.5664 4.13014 3.59624 7.48972 5.94365 7.5691
threshold=0.018765463589004612 33.719999313354499 0.050492682028646547 0.043752241814984612 0.16011575004379544 0.015605167538648159 0.00053834779161687784 -0.78207717716550518 -0.011203444153750184 -0.01262108781240978 0.028594674510006083 0.0098275492664066117 0.0015109645581827815 0.0028224343190543792 0.0038135025222709733 -0.10964868941028165 -0.018201043557521442 22.730000495910648 0.17527364548235494 -0.013327773622425541 0.0074912458278096903 0.032520483789034722 -0.021994752792633406 -0.028866681392767265 -0.062212446145613214 -0.075828254732232245 16.469999313354496 16.775000572204593 1.0000000180025095e-35 0.0015109645581827815
decision_type=2 2 2 2 8 2 2 2 2 2 2 2 2 2 2 10 2 2 8 2 2 2 2 2 2 2 2 2 2 2
left_child=7 2 3 4 16 6 8 -1 -6 -10 -11 15 -13 -14 -15 -9 17 18 -2 20 -18 -22 23 -21 25 -24 28 -28 -26 -30
right_child=1 -3 -4 -5 5 -7 -8 11 9 10 -12 12 13 14 -16 -17 19 -19 -20 22 21 -23 24 -25 26 -27 27 -29 29 -31
leaf_value=-7.2845880045345433e-05 0.00012353805658235311 0.00028073177983678666 -0.0001740344293837376 0.0002027369833948146 0.00042317419308034475 -0.00045458242155650675 -0.00012451619635985654 2.2251013678876477e-05 -8.0028263709358224e-05 0.00031051556210951885 -6.6909781322117484e-05 0.00010837680376082913 -0.00016473976619384509 0.00023175891410510036 -5.7526701791493433e-06 -5.9840942071603693e-05 0.00024440742094062901 -0.00031674362098100167 -0.00021055961219422766 0.00016831485010315286 -0.00038649011036299703 0.00010487402119262217 2.5544137825981186e-05 -7.317062059368448e-05 -6.8611255135924389e-05 -0.00029502880575091398 0.00021858360044029799 2.9568056293116306e-05 0.0002321811376595546 6.2554112300911235e-06
leaf_weight=844 204 153 162 965 41 49 379 513 165 119 73 193 66 43 856 1653 389 158 92 205 64 54 74 1051 944 73 377 3703 180 3726
leaf_count=844 204 153 162 965 41 49 379 513 165 119 73 193 66 43 856 1653 389 158 92 205 64 54 74 1051 944 73 377 3703 180 3726
internal_value=-0.000102459 0.0005 0.00038688 0.00049102 0.000214521 -0.00308717 -0.00202703 -0.00203935 0.00163317 7.0028e-05 0.00494792 -0.00130866 0.000863558 -0.000388601 0.000528365 -0.00246999 0.000455994 -0.00374449 0.000675676 0.000631919 0.00517751 -0.00889831 0.000408884 -0.00207006 0.0007519 -0.00697279 0.000879059 0.00197304 -4.12371e-05 0.000819252
internal_weight=17568 13400 13247 13085 12120 826 777 4168 398 357 192 3324 1158 965 899 2166 11294 454 296 10840 507 118 10333 1256 9077 147 8930 4080 4850 3906
internal_count=17568 13400 13247 13085 12120 826 777 4168 398 357 192 3324 1158 965 899 2166 11294 454 296 10840 507 118 10333 1256 9077 147 8930 4080 4850 3906
is_linear=0
shrinkage=0.05


Tree=33
num_leaves=31
num_cat=0
split_feature=4 13 11 15 13 13 8 9 13 15 16 15 13 5 10 10 10 15 16 15 10 15 12 10 11 9 16 16 11 12
split_gain=7.89715 5.8314 4.27067 3.69773 5.60185 5.33198 4.93197 5.30542 4.92697 3.77625 3.27416 4.86052 7.12769 3.84969 3.87694 7.74283 6.47667 7.78965 6.70091 8.32766 7.60622 9.62089 10.1302 7.67316 6.70366 5.46437 5.43198 7.56815 7.28092 5.03018
threshold=0.034838806685708733 38.065000534057624 0.048369816433799014 -0.018201043557521442 22.429999351501468 25.505000114440922 -0.062951847384937684 -0.063392672569885886 26.85000038146973 -0.022058673187391849 -0.035417919712842076 -0.0048913947452965947 18.974999427795414 0.0086643778700397044 0.0063549494884102007 0.0067105018630921895 0.0025358686375718258 0.012418668129143941 -0.0079974967225677745 -0.003875142527361763 0.0043154223195999162 0.0024260337014908599 0.060736863464118891 0.0059451726660438861 0.0039566049461625683 -0.23349108993148329 0.037952137453384334 0.032520483789034722 0.017027249014991756 0.10731206738905331
decision_type=2 2 2 2 2 2 10 10 2 2 2 2 2 2 2 2 2 2 2 2 2 2 2 2 2 10 2 2 2 2
left_child=2 -2 3 4 6 10 -1 -8 -7 -6 11 12 -5 -12 16 -16 17 26 25 -20 21 -21 24 -22 -23 -18 27 29 -29 -15
right_child=1 -3 -4 5 9 8 7 -9 -10 -11 13 -13 -14 14 15 -17 18 -19 19 20 23 22 -24 -25 -26 -27 -28 28 -30 -31
leaf_value=0.00024699527107245188 7.0556505603275359e-05 0.00087636763221244957 -0.00015668284224580392 -8.6069502517333469e-05 -6.8350572640515228e-05 0.00064346275407909054 -0.00019576823108951913 4.152684884246713e-05 1.3970037696914123e-05 -0.00041901389522885229 -6.7210138367460043e-05 -0.00024912218119218409 0.00018675025003176139 5.6810233332801891e-07 0.00020108626617288693 1.1191346601874915e-05 -0.00038228419647066806 0.00024538987087835738 0.00017045983858523324 2.597348346261761e-05 5.8634185667076949e-05 -3.6053343480534639e-05 9.2522219942413504e-05 -9.2268417474278405e-05 -0.00023113631010690148 -0.00010503315980899756 0.00010879875694226523 1.666373933635339e-05 -0.00038611951104373623 -0.00021470727882077283
leaf_weight=74 2616 64 148 191 116 79 125 161 118 100 584 185 131 6663 209 2776 79 225 151 273 728 148 61 256 424 464 192 117 150 109
leaf_count=74 2616 64 148 191 116 79 125 161 118 100 584 185 131 6663 209 2776 79 225 151 273 728 148 61 256 424 464 192 117 150 109
internal_value=-0.000224361 0.00227612 -0.000670014 -0.000586003 -0.00451389 -0.000427933 -0.000694444 -0.00367133 0.00774112 -0.0108796 -0.000541938 -0.00448718 -0.000776398 -0.000394959 -0.000216891 0.00136516 -0.000687251 6.03541e-05 -0.00284443 -0.00153111 -0.00243386 -0.00573951 -0.00912322 0.000609756 -0.0111888 -0.00778085 -0.000224727 -0.000451058 -0.00870787 -0.000125517
internal_weight=17717 2680 15037 14889 576 14313 360 286 197 216 14116 507 322 13609 13025 2985 10040 7456 2584 2041 1890 906 633 984 572 543 7231 7039 267 6772
internal_count=17717 2680 15037 14889 576 14313 360 286 197 216 14116 507 322 13609 13025 2985 10040 7456 2584 2041 1890 906 633 984 572 543 7231 7039 267 6772
is_linear=0
shrinkage=0.05


Tree=34
num_leaves=31
num_cat=0
split_feature=5 16 11 12 10 15 13 6 10 10 11 16 12 13 12 12 11 11 16 14 16 11 9 16 16 14 14 13 15 16
split_gain=6.54807 5.04537 4.78146 3.83844 5.97626 3.81972 3.80678 3.65545 2.85085 8.15529 4.30213 4.53442 3.61378 4.21766 4.43312 3.93213 4.2818 3.5334 3.45125 3.31753 3.14183 3.84363 3.23165 3.09624 6.32113 5.35343 4.94754 7.17362 4.9266 6.33943
threshold=0.018200090589065677 0.018185901231039473 0.050492682028646547 -0.067575667738432196 0.016350157736673924 0.016139814761435004 12.00999975204468 -0.057059497894024459 0.010824096152379449 0.0095885339556018873 -0.0082927789735435225 0.033315841322242863 -0.026522918814270154 16.935000419616703 -0.029032360146205412 -0.0080596862952704278 -0.020171836765592806 -0.0014608684005930626 -0.020490928339389532 -0.086337752297859935 -0.024500747065863634 -0.0040062881878700765 0.01819575709902788 0.029639803565773785 0.015130054081895496 0.042440575684467692 0.048234950984074383 16.469999313354496 0.0086741357081352461 -0.0033951737930159594
decision_type=2 2 2 2 2 2 2 2 2 2 2 2 2 2 2 2 2 2 2 2 2 2 10 2 2 2 2 2 2 2
left_child=2 3 6 -2 5 -5 -1 8 9 12 -10 -12 13 -8 -15 -14 -17 -11 20 -20 21 22 -18 24 28 -26 27 -25 -21 -30
right_child=1 -3 -4 4 -6 -7 7 -9 10 17 11 -13 15 14 -16 16 18 -19 19 23 -22 -23 -24 26 25 -27 -28 -29 29 -31
leaf_value=-0.00019429639268175826 0.00026294560902755587 -2.9807492707454796e-05 -0.00017862190780508293 7.7998489691244634e-05 -0.00029673849194639611 0.00054300839338539651 0.00021230857743099516 7.1865222517127071e-06 0.00013378236878367364 -7.4057839187436784e-05 -0.00013410026756061665 5.3602798232510811e-05 -0.00010273714308886524 -1.6078376638478317e-05 0.00023037675205334681 0.00013540666517787079 -3.0790811613140872e-05 0.00017599469878784016 0.00017153239073851363 -4.2631208526035854e-05 -0.00018492015633109671 -0.00015421251215713938 0.00016992982459929133 -0.00013285789433672355 1.7080969509446685e-05 0.00026267408779295369 -0.00025859607282979654 0.00011357587478153216 0.00032025716326999258 -4.9357411547361606e-06
leaf_weight=73 181 1189 62 2537 65 90 92 5868 89 48 369 92 518 592 89 150 87 196 44 3171 141 173 81 303 890 95 64 147 64 125
leaf_count=73 181 1189 62 2537 65 90 92 5868 89 48 369 92 518 592 89 150 87 196 44 3171 141 173 81 303 890 95 64 147 64 125
internal_value=-0.000137122 0.00162482 -0.000662483 0.00275844 0.00228455 0.00265512 -0.000599145 -0.000537515 -0.00125984 -0.000990099 -0.00472727 -0.00667028 -0.00131116 0.00190815 0.000550661 -0.00172229 -0.00133243 0.0079918 -0.00156453 -0.00116765 -0.00560166 -0.00300587 0.00238095 -0.00129142 -0.000857307 0.00266497 -0.00496109 -0.00311111 -0.00188988 0.00595238
internal_weight=17685 4062 13623 2873 2692 2627 13561 13488 7620 7070 550 461 6826 773 681 6053 5535 244 5385 4903 482 341 168 4859 4345 985 514 450 3360 189
internal_count=17685 4062 13623 2873 2692 2627 13561 13488 7620 7070 550 461 6826 773 681 6053 5535 244 5385 4903 482 341 168 4859 4345 985 514 450 3360 189
is_linear=0
shrinkage=0.05


Tree=35
num_leaves=31
num_cat=0
split_feature=4 8 12 6 3 10 10 10 12 8 11 10 10 10 10 11 11 13 11 10 11 11 8 11 12 12 11 14 13 13
split_gain=5.98337 3.89708 6.12807 4.77282 4.62168 4.0345 3.44086 9.2729 6.92384 6.80472 6.22354 4.37346 4.52419 3.56103 6.37769 6.69453 6.00239 5.91566 4.51381 5.63027 4.63249 6.41996 5.23628 4.95341 4.41697 11.1266 4.81535 4.78894 4.31435 5.85274
threshold=0.048682338839754237 -0.060603633228801516 -0.025750779649927887 -0.93093864527176962 -0.0021921053459741375 0.0065341735331239112 0.010824096152379449 0.0097369654771942721 0.032469111342934183 0.2617982091598397 0.0072949699106841246 0.0095076274836749537 0.0092143368425633438 -0.001746991736331027 -0.0022250967273709783 0.014627059991814352 0.012589162192508276 23.529999732971195 0.0091428951508856233 -0.0042544588401209329 0.0036681658206255689 0.0047087702577918175 0.0286169257637835 0.0026615603308526308 -0.0036881752830155707 -0.022997205585478738 0.0077476291069551459 -0.083456210331023115 14.244999885559084 15.105000019073488
decision_type=2 8 2 2 2 2 2 2 2 8 2 2 2 2 2 2 2 2 2 2 2 2 10 2 2 2 2 2 2 2
left_child=1 2 4 -4 -1 -5 7 11 9 -8 -10 12 13 14 15 16 18 24 20 -20 23 -22 -23 28 25 26 -15 -26 -3 -30
right_child=-2 6 3 5 -6 -7 8 -9 10 -11 -12 -13 -14 17 -16 -17 -18 -19 19 -21 21 22 -24 -25 27 -27 -28 -29 29 -31
leaf_value=2.2963067520650248e-05 0.00026201241660306742 -9.4023098549080128e-05 -9.2726997800518702e-05 -1.0662503728678343e-05 0.00020952746086116042 0.00015478663895350476 1.3497181356155689e-05 0.00011579056030833588 -0.00030691125501221077 -0.00051282693809564736 -0.00010011306360305697 -0.00018149393446870003 0.00017517502057187216 -7.0379948915924635e-05 0.00011394287524492064 -0.00012048012787546891 0.00018447169158197931 0.00016745769599840895 2.2087463785116797e-05 -0.0002127428438420264 0.00043437782723317183 0.00015779729650135254 -9.2788860802619621e-05 -0.00013428257638395188 0.0001207098876072869 -0.00017877748727293622 0.00012821377813546279 -2.9805472387016897e-05 0.00011999124284064576 -7.3335843164250988e-07
leaf_weight=351 694 376 236 1262 365 368 730 468 99 48 319 93 159 284 388 290 94 247 133 132 143 215 173 114 201 380 187 6479 324 2319
leaf_count=351 694 376 236 1262 365 368 730 468 99 48 319 93 159 284 388 290 94 247 133 132 143 215 173 114 201 380 187 6479 324 2319
internal_value=-0.000227774 -0.000413795 0.0013749 -0.000133976 0.00530726 0.000828221 -0.00073463 -0.000501932 -0.00330268 -0.000514139 -0.00849282 -0.000756029 -0.000676531 -0.000783316 0.000303127 -0.000249246 0.000279642 -0.00143996 -1.90888e-05 -0.00632075 0.000436681 0.00475518 0.00141753 -0.000295244 -0.00168968 -0.00508226 5.30786e-05 -0.00125749 9.10898e-05 0.000804011
internal_weight=17671 16977 2582 1866 716 1630 14395 13199 1196 778 418 12731 12638 12479 4701 4313 4023 7778 3929 265 3664 531 388 3133 7531 851 471 6680 3019 2643
internal_count=17671 16977 2582 1866 716 1630 14395 13199 1196 778 418 12731 12638 12479 4701 4313 4023 7778 3929 265 3664 531 388 3133 7531 851 471 6680 3019 2643
is_linear=0
shrinkage=0.05


Tree=36
num_leaves=31
num_cat=0
split_feature=8 6 5 12 10 6 9 13 15 15 10 13 9 3 13 11 11 15 10 3 14 15 9 11 15 14 11 8 13 14
split_gain=6.31209 4.63804 4.45402 3.94739 3.40794 3.34163 2.83269 2.71863 2.64883 2.42811 4.41936 5.56699 5.52466 4.52348 4.45915 4.12929 3.43739 3.3258 4.03292 2.99421 2.83915 3.62598 2.4704 2.39121 2.38289 2.4392 3.04762 2.37828 4.61377 3.0661
threshold=-0.10516048435416274 -0.75880372164298049 0.0090842852538299771 -0.071455492513037885 -0.0012572661502254776 -0.56903392384583851 -0.15794781840450653 12.00999975204468 0.0048791898516163954 -0.003948853201378443 0.0012830359695055196 14.444999694824221 0.10835016737330828 -0.003635039669312778 17.994999885559086 -0.011940064700992346 -0.0030472627630497291 0.0091118153898921434 0.0038763906562415689 -0.00063006919501507042 0.0053913947730825926 0.0054387302970873028 -0.012252583164191975 0.030772204717271049 -0.0050699953284292767 0.005094684764536229 0.012763464240655777 -0.10281748559341518 18.675000190734867 -0.048319541899194234
decision_type=8 2 2 2 2 2 8 2 2 2 2 2 8 2 2 2 2 2 2 2 2 2 10 2 2 2 2 10 2 2
left_child=3 2 -2 -1 8 -5 23 -8 -4 24 11 -11 14 -13 17 -16 -15 18 19 -12 21 -14 -21 -3 25 -6 -27 28 -9 -30
right_child=1 6 4 5 9 -7 7 27 -10 10 12 13 20 16 15 -17 -18 -19 -20 22 -22 -23 -24 -25 -26 26 -28 -29 29 -31
leaf_value=0.00060952496191459091 -0.00013488249235260269 0.00013707644837826355 -2.0882676166050081e-07 -2.6070041669794611e-05 2.8342131406502515e-05 0.00018898619947483968 -0.00020115233241155424 -0.00025201898925146206 0.00012929640657237987 -0.00024566981872905445 -0.00017518752811040582 -0.0002529014497765793 -6.5977184022935598e-05 -0.00016859115315549244 2.3020826664114925e-05 -0.0002522111976400402 6.162499110200963e-05 5.2823482984786516e-05 -0.00011425851354844031 0.00014081377422027949 0.00029148489984002606 3.7651727476521713e-05 -8.3323405700847213e-06 -0.00013904135866150795 0.00021806309785710163 -0.00014338669896649296 1.6728973178733227e-05 3.7898445444760693e-06 -0.00043405263332752956 1.713090331820215e-05
leaf_weight=90 134 508 973 248 166 618 49 121 105 151 62 103 230 55 62 217 162 140 249 52 84 334 61 41 41 42 42 12044 56 368
leaf_count=90 134 508 973 248 166 618 49 121 105 151 62 103 230 55 62 217 162 140 249 52 84 334 61 41 41 42 42 12044 56 368
internal_value=-2.83962e-05 -0.000255225 -0.00188312 0.00392259 -0.00152357 0.00288684 0.000172518 1.97816e-05 0.000788497 -0.00262983 -0.00326198 -0.00748408 -0.00192824 -0.00375 -0.00459668 -0.00976703 0.000345622 -0.00203901 -0.00424528 0.00157143 0.00154321 0.000265957 0.00641593 0.00368852 0.0016323 -0.0002 -0.00714286 6.55334e-05 -0.00316514 -0.000707547
internal_weight=17608 16652 3465 956 3331 866 13187 12638 1078 2253 1962 471 1491 320 843 279 217 564 424 175 648 564 113 549 291 250 84 12589 545 424
internal_count=17608 16652 3465 956 3331 866 13187 12638 1078 2253 1962 471 1491 320 843 279 217 564 424 175 648 564 113 549 291 250 84 12589 545 424
is_linear=0
shrinkage=0.05


Tree=37
num_leaves=31
num_cat=0
split_feature=4 8 2 4 12 13 14 8 3 11 13 15 13 16 11 11 12 16 13 15 12 16 11 14 12 1 1 12 0 8
split_gain=7.01554 4.20803 3.5898 3.1658 2.85029 4.25818 4.04719 2.74454 3.61966 2.61665 2.57079 2.45552 3.83235 3.82902 4.34441 3.236 5.25397 4.39138 5.69254 4.51426 4.09284 5.28826 4.03556 3.96943 3.49418 3.12831 3.01382 2.96616 2.73534 4.04492
threshold=0.028913229922468493 -0.20249898550854248 -0.13861579770329432 0.013913653661930746 -0.075828254732232245 28.970000267028812 -0.077913276979976895 -0.033643762361223788 -0.0045727607289520735 0.050492682028646547 14.244999885559084 -0.018665541071911592 24.855000495910648 -0.035417919712842076 -0.029337465505850421 -0.0073194328445433934 0.054230136510325939 -0.017261383906732038 22.330000877380375 0.00587493377323245 0.018681832940772639 -0.030553527616540063 -0.028186613773187038 0.059971774713864064 0.0033715078329863428 -0.011908241510769023 0.014066837826171132 0.016981710951886612 -0.0090128239913322954 -0.11439194089927017
decision_type=2 8 2 2 2 2 2 10 2 2 2 2 2 2 2 2 2 2 2 2 2 2 2 2 2 2 2 2 2 10
left_child=2 -2 -1 10 7 -6 -7 8 -3 11 -4 25 13 14 -13 16 17 19 23 20 21 -15 -23 -19 -25 -5 -14 -26 29 -17
right_child=1 4 3 9 5 6 -8 -9 -10 -11 -12 12 26 15 -16 28 -18 18 -20 -21 -22 22 -24 24 27 -27 -28 -29 -30 -31
leaf_value=0.00020508471271384206 0.00053062457310195505 1.9786896162848553e-05 -8.1069785101726217e-05 -3.9237938772978493e-05 3.8663917848042774e-05 -0.00048161358007187236 -8.1980931471764041e-06 -3.6919625236698024e-05 0.00048374767760851983 -0.00013907926035334881 -1.8832478480781132e-05 0.00010038157632376668 0.00024119970472762141 0.00014516982870334139 -0.0001487766940916983 -0.00020130401789224462 -0.0001689755529711823 5.4215420198109416e-05 -0.00015108808636181919 -0.00014692921336630646 0.00015777320835535093 4.1709972433838684e-05 -8.9179428597961898e-05 0.00041129900442593998 -9.2348702311911065e-05 -0.00019888696238140846 -9.0843044672806779e-05 0.00017389488716572298 -2.2602273090244034e-05 3.2185449452913524e-05
leaf_weight=74 67 42 284 229 4674 62 115 45 75 61 279 100 129 76 295 73 80 880 88 135 142 109 293 97 47 118 42 79 7181 1626
leaf_count=74 67 42 284 229 4674 62 115 45 75 61 279 100 129 76 295 73 80 880 88 135 142 109 293 97 47 118 42 79 7181 1626
internal_value=-0.000208842 0.00135827 -0.000844851 -0.00091015 0.0011919 0.000974026 -0.00663842 0.00771605 0.0117521 -0.000736532 -0.00457371 -0.000683222 -0.00055788 -0.000670295 -0.00550633 -0.00049514 0.001308 0.00182425 0.00371537 -0.00115894 0.000645161 -0.00156904 -0.00385572 0.00469175 0.0106502 -0.00482709 0.00687135 0.00515873 -0.000906532 0.000897587
internal_weight=17597 5080 12517 12443 5013 4851 177 162 117 11880 563 11819 11472 11301 395 10906 2026 1946 1191 755 620 478 402 1103 223 347 171 126 8880 1699
internal_count=17597 5080 12517 12443 5013 4851 177 162 117 11880 563 11819 11472 11301 395 10906 2026 1946 1191 755 620 478 402 1103 223 347 171 126 8880 1699
is_linear=0
shrinkage=0.05


Tree=38
num_leaves=31
num_cat=0
split_feature=4 13 10 16 13 13 10 15 15 16 16 15 11 10 10 16 9 14 12 14 14 13 12 13 2 16 10 16 1 14
split_gain=6.23055 5.15978 5.06829 5.19322 5.83955 4.98925 4.81909 4.56826 5.00993 4.44727 4.41368 3.93145 3.80393 3.71251 6.28986 3.58089 3.56997 5.24598 4.21378 3.85865 3.49979 6.14491 4.50821 3.46695 4.19425 3.36631 9.06278 5.57932 6.98241 4.7546
threshold=0.021114475132163361 38.065000534057624 -0.013327773622425541 0.014299574324878496 15.234999656677248 14.795000076293947 0.0022328849049373383 0.0054387302970873028 0.010157260030688177 0.030013021656405296 0.01422268507827529 0.012038247328938325 0.014319949991421945 -0.0080075865289204722 -0.0036396197641281876 0.037952137453384334 -0.12803684327628231 -0.083456210331023115 0.047942612360438737 -0.001390218635627771 0.01016731697942619 14.244999885559084 0.039535429678634555 16.085000038146976 0.019656418880900531 -0.036990187372662291 0.016350157736673924 -0.041762716359473755 -0.022736921098382431 0.17323568959812755
decision_type=2 2 2 2 2 2 2 2 2 2 2 2 2 2 2 2 10 2 2 2 2 2 2 2 2 2 2 2 2 2
left_child=2 25 -1 10 5 9 -6 -8 -9 -5 13 15 -10 -4 20 -11 17 -16 19 23 -15 22 -22 -19 -25 26 27 29 -29 -2
right_child=1 -3 3 4 6 -7 7 8 12 11 -12 -13 -14 14 16 -17 -18 18 -20 -21 21 -23 -24 24 -26 -27 -28 28 -30 -31
leaf_value=7.3860766136226753e-05 0.0001864224709330003 0.00047044146166196554 -0.00010817260693919875 1.9041152825115176e-05 0.00010570585174519247 -0.00015425571685206965 -0.00014506371530959713 9.6681782478265848e-05 0.00010988164761534698 -0.00028074756637254779 -0.00028975096680016713 4.7071434265197726e-05 -8.5241131191581747e-05 0.00015531429678181959 0.00031233139154648767 -5.0424246042035856e-05 -5.1834344533173969e-05 0.00012258308900322057 9.7017079156689175e-05 -0.00016613016388699036 -0.00025993628010949436 5.6271303241387659e-05 2.1333610891969071e-05 -3.162114842854627e-06 -0.00021104069798178154 1.6160958970742531e-05 -0.00050015509558841941 -0.00024844854905399456 0.00015770988453011364 -0.00013145955847888554
leaf_weight=317 264 102 282 635 415 160 102 129 40 96 41 86 109 117 63 82 2728 183 106 190 78 505 51 170 56 10173 63 188 79 65
leaf_count=317 264 102 282 635 415 160 102 129 40 96 41 86 109 117 63 82 2728 183 106 190 78 505 51 170 56 10173 63 188 79 65
internal_value=-0.000165488 0.000571611 -0.00136107 -0.00166563 0.000566343 -0.00186497 0.00380503 -0.000263158 0.00305755 -0.00041713 -0.00257112 -0.00587121 -0.00318792 -0.00242327 -0.00205439 -0.0101124 -0.00294622 6.51042e-05 -0.00117021 -0.00279633 0.0020972 0.000630915 -0.00910853 -6.11247e-05 -0.00420354 0.000466211 -0.00299697 -0.0010906 -0.00646067 0.00326748
internal_weight=17675 10934 6741 6424 1854 1059 795 380 278 899 4570 264 149 4529 4247 178 3496 768 705 599 751 634 129 409 226 10832 659 596 267 329
internal_count=17675 10934 6741 6424 1854 1059 795 380 278 899 4570 264 149 4529 4247 178 3496 768 705 599 751 634 129 409 226 10832 659 596 267 329
is_linear=0
shrinkage=0.05


Tree=39
num_leaves=31
num_cat=0
split_feature=4 12 10 13 11 12 13 13 4 10 14 14 10 14 14 11 10 14 13 12 13 12 6 9 3 14 14 14 3 11
split_gain=6.63441 5.00816 4.28514 4.05228 3.44268 3.41213 6.30648 3.35713 3.2934 3.53065 3.79341 7.39116 6.31338 4.90731 7.19821 5.39407 6.48787 5.02482 5.72313 5.36787 4.32021 4.36253 3.44886 3.67349 3.22457 3.11 3.07923 2.91355 2.80987 3.36963
threshold=0.033080494286040318 -0.075828254732232245 0.0207430020860534 12.00999975204468 0.050492682028646547 -0.062212446145613214 25.505000114440922 27.070000648498539 0.013913653661930746 -0.020247537407416468 0.11068884178819839 0.12307845124318741 -0.013932246020769588 0.083142255535003332 0.076607678117126224 0.005791561968896298 -0.0072745157566194698 0.099742575354610077 17.090000152587894 0.0086975765073127338 22.330000877380375 0.0017110127161689139 -0.057059497894024459 0.020812432254036509 0.0025304179199456826 0.031250907350716124 0.0250539094836888 0.042440575684467692 0.0079631961629998988 0.015980526956462796
decision_type=2 2 2 2 2 2 2 2 2 2 2 2 2 2 2 2 2 2 2 2 2 2 2 8 2 2 2 2 2 2
left_child=3 -2 -3 -1 5 24 8 -8 -7 -10 13 -12 -13 14 22 16 -16 19 -19 -15 21 -14 -11 27 -5 26 -25 28 29 -24
right_child=1 2 -4 4 -6 6 7 -9 9 10 11 12 20 17 15 -17 -18 18 -20 -21 -22 -23 23 25 -26 -27 -28 -29 -30 -31
leaf_value=-0.00017351699914946994 0.00031903397143450595 5.5672799415234718e-05 -0.00025344086792293666 -0.0001984509136183835 -0.00015270346486472797 -5.8876083284759735e-05 0.00042493246968754107 -4.1776646301050317e-06 0.00031227292209668584 -1.8061423321438438e-05 -0.00026317801584872693 -0.0001329881145813599 0.00032016357915400892 -2.5930192718705456e-05 0.00028116792087255971 -0.00043403051648419744 -0.000210587202892225 -0.00015105274719199636 0.00011191750785879479 0.00021142120999718251 -0.00013027097638538369 2.6606158062539517e-05 2.9063197945511117e-05 -1.993348279503808e-07 0.00010702116347740066 -7.5638239986330826e-05 0.00019385972166390569 0.00022323436676648873 -6.1041980134274307e-05 0.00018759141301446472
leaf_weight=83 145 2995 73 154 79 538 97 58 65 6846 150 229 68 93 50 106 103 75 143 185 48 138 1035 2605 61 545 107 184 275 279
leaf_count=83 145 2995 73 154 79 538 97 58 65 6846 150 229 68 93 50 106 103 75 143 185 48 138 1035 2605 61 545 107 184 275 279
internal_value=-0.000272541 0.00178182 0.00135267 -0.000730954 -0.000667086 -0.000609328 -0.000513479 0.00951613 -0.000625586 -0.000470778 -0.000527744 -0.0043049 -0.001294 -0.000338453 -0.000537701 -0.00878378 -0.00277778 0.00453629 -0.00114679 0.00899281 0.00413386 0.00728155 -0.000357865 0.000636183 -0.00686047 -0.000360761 0.000331858 0.00246757 0.00177785 0.00273973
internal_weight=17612 3213 3068 14399 14316 14237 14022 155 13867 13329 13264 633 483 12631 12135 259 153 496 218 278 254 206 11876 5030 215 3257 2712 1773 1589 1314
internal_count=17612 3213 3068 14399 14316 14237 14022 155 13867 13329 13264 633 483 12631 12135 259 153 496 218 278 254 206 11876 5030 215 3257 2712 1773 1589 1314
is_linear=0
shrinkage=0.05


Tree=40
num_leaves=31
num_cat=0
split_feature=8 0 4 9 8 15 10 14 10 14 10 14 10 10 13 15 11 15 10 10 15 15 10 10 8 15 13 11 15 6
split_gain=5.48054 4.34907 3.50092 3.3765 3.19018 4.09023 5.18542 4.21372 3.92542 2.87686 5.91833 3.09833 2.8438 5.70627 4.52611 2.73921 2.72354 3.02604 8.78827 7.00462 6.32082 5.93276 7.70853 4.619 4.33584 4.13947 6.08307 7.1062 4.24901 4.14678
threshold=-0.079600002541656154 -0.043304650791121994 0.013913653661930746 -0.23349108993148329 -0.075357215028518262 -0.011247736462183354 0.012727051103036626 0.0250539094836888 -0.013788046856732237 0.13518549268873961 -0.01425655493307104 0.093015395411206861 -0.0032352848591708501 -0.0026894294731198971 17.32499980926514 -0.0079962086159806028 0.050492682028646547 0.011942127654858805 0.0022328849049373383 0.0039394347110435221 0.010876529788940827 0.01415338979138714 0.0094657139240660344 0.0069471128667133461 -0.00062112798582714113 0.0091118153898921434 17.875000000000004 0.0047087702577918175 0.008243301699756957 -0.11111379200396465
decision_type=8 2 2 10 10 2 2 2 2 2 2 2 2 2 2 2 2 2 2 2 2 2 2 2 10 2 2 2 2 2
left_child=3 -2 -3 -1 5 8 7 -7 -4 10 15 12 14 -14 -12 -5 17 20 -19 -20 25 22 23 -21 -25 28 27 -27 -6 -29
right_child=1 2 4 9 16 6 -8 -9 -10 -11 11 -13 13 -15 -16 -17 -18 18 19 21 -22 -23 -24 24 -26 26 -28 29 -30 -31
leaf_value=0.00017438480613424451 0.00023053188877720398 -5.7187595561824981e-05 -2.519063559737716e-05 0.0011443350490974548 -7.4403736120351971e-06 -3.9335350612528182e-05 -0.00034663158250750905 0.00023683662723472253 -0.00026394177186195067 -0.00012696778902988724 -8.3419603485920425e-05 -0.00026451271018928559 -0.00028713331713277465 1.3476084581804435e-05 0.00032185121955256396 6.3527656491351071e-05 -0.00012437329803654959 0.00029527729442300072 -0.00021674718759431724 0.0001011748005936712 -0.000135782821651306 -1.3772984319217371e-05 0.00023204436108692362 -0.00021844506077356779 3.1648829887312957e-06 0.0002126912772339969 -9.1276192209827425e-05 0.00010594575466790708 -9.847900307554808e-05 -5.9318158193505696e-05
leaf_weight=673 205 561 82 52 11004 388 92 126 105 88 74 52 40 757 122 40 143 235 147 91 300 780 244 44 57 164 121 207 285 216
leaf_count=673 205 561 82 52 11004 388 92 126 105 88 74 52 40 757 122 40 143 235 147 91 300 780 244 44 57 164 121 207 285 216
internal_value=-0.000218634 -0.000527345 -0.000623701 0.00231823 -0.000477041 -0.00356242 -0.00156766 0.000389105 -0.0100267 0.000755102 0.0014292 0.000358852 0.000981873 -0.000345044 0.00637755 0.013587 -0.00030275 -0.000232098 0.00181477 0.000275128 -0.000498089 0.00152138 0.00619266 -0.00130208 -0.00866337 -0.00031883 0.00338983 0.00549404 -0.000551422 0.00206856
internal_weight=17495 15597 15392 1898 14831 793 606 514 187 1225 1137 1045 993 797 196 92 14038 13895 1598 1363 12297 1216 436 192 101 11997 708 587 11289 423
internal_count=17495 15597 15392 1898 14831 793 606 514 187 1225 1137 1045 993 797 196 92 14038 13895 1598 1363 12297 1216 436 192 101 11997 708 587 11289 423
is_linear=0
shrinkage=0.05


Tree=41
num_leaves=31
num_cat=0
split_feature=5 16 9 12 16 16 15 1 4 12 15 13 11 11 0 4 12 3 5 16 12 11 12 16 4 9 11 15 15 12
split_gain=5.65368 4.08248 4.07546 4.2734 3.92977 3.81836 4.41053 5.0655 3.6933 3.33104 3.29056 3.46911 3.21781 3.17356 2.90251 2.80982 2.75855 2.59418 2.55914 2.54608 2.52005 4.50589 2.99043 3.90012 3.15757 3.11426 2.4241 2.29228 2.21661 5.89995
threshold=0.018200090589065677 0.012408005783138722 -0.089892046054419736 -0.080083523859072289 0.0098275492664066117 -0.0088873205784771297 -0.0099012780121826554 -0.037970156123431235 0.013913653661930746 0.092854757865130991 -0.020859022640160093 28.970000267028812 0.047360899032742883 0.041951569626952907 -0.015213759563490524 0.041172461415021122 0.014344478951051955 -0.017187673229861863 0.0096198028878077772 0.031391906100559981 -0.038043890036369758 -0.0025546673887277822 0.032568541829068882 0.014299574324878496 0.055167065742812979 -0.14801591115132964 -0.0080581536357283139 0.016139814761435004 -0.018665541071911592 0.040854121966551922
decision_type=2 2 8 2 2 2 2 2 2 2 2 2 2 2 2 2 2 2 2 2 2 2 2 2 2 10 2 2 2 2
left_child=8 2 3 -2 10 6 17 -8 18 20 15 27 13 28 -7 -4 -15 -5 26 -14 21 -3 23 -22 -25 -24 -1 -12 29 -10
right_child=1 9 4 5 -6 14 7 -9 12 -11 11 -13 19 16 -16 -17 -18 -19 -20 -21 22 -23 25 24 -26 -27 -28 -29 -30 -31
leaf_value=4.1641594235463431e-05 0.00053255926169992805 0.00036238798405149495 -0.00034571248961066671 -9.9769825845448098e-05 0.00039247550658271955 0.00034650484882711892 -0.00022343724540141433 8.6470813813676174e-05 -0.00014723393738440456 -0.00028963342789772878 3.6144180671264474e-05 -0.00020868093487388852 -4.498654480571628e-05 4.2862321933338563e-06 0.00019165312447526727 0.0003375572676570068 0.00030025361785116335 0.00027337499270013634 6.3383989924555928e-05 -0.0001561396891028655 -0.00024172304244274442 -0.00023030227191479853 8.5639499283549886e-05 7.401016434842867e-05 0.00059518170472216763 -0.00018502050973904019 -0.00010571821145899222 0.00070172686338915765 -6.3613296665318742e-06 0.00014889089114117576
leaf_weight=84 70 53 46 42 104 106 147 78 333 54 1480 42 90 54 348 41 55 114 60 66 53 149 166 703 51 169 404 50 12349 86
leaf_count=84 70 53 46 42 104 106 147 78 333 54 1480 42 90 54 348 41 55 114 60 66 53 149 166 703 51 169 404 50 12349 86
internal_value=-0.000233751 0.00140187 0.00254873 0.00527624 0.00114861 0.00428144 0.000590551 -0.00388889 -0.000723437 -0.000786838 0.000557565 0.00108142 -0.000554362 -0.000467888 0.00737885 -0.00890805 0.00802752 0.00705128 -0.00474453 -0.00769231 -0.000297619 -0.00544554 0.00061296 0.00226146 0.00318302 -0.00335821 -0.00594262 0.00147059 -0.000540414 -0.00411695
internal_weight=17647 4066 2668 905 1763 835 381 225 13581 1398 1659 1572 13033 12877 454 87 109 156 548 156 1344 202 1142 807 754 335 488 1530 12768 419
internal_count=17647 4066 2668 905 1763 835 381 225 13581 1398 1659 1572 13033 12877 454 87 109 156 548 156 1344 202 1142 807 754 335 488 1530 12768 419
is_linear=0
shrinkage=0.05


Tree=42
num_leaves=31
num_cat=0
split_feature=11 5 10 3 7 10 14 16 9 16 16 14 14 10 3 15 14 15 8 15 6 14 16 10 11 7 6 10 16 4
split_gain=5.48435 4.73928 4.04361 5.84697 4.06112 4.2898 4.0333 3.64076 3.63445 3.52059 4.89723 4.11255 4.05957 4.05125 4.40195 3.42181 3.16769 3.21235 3.05822 2.99603 2.94693 3.39305 2.85544 4.5804 4.2224 6.45089 3.97293 3.63223 3.37493 3.45894
threshold=-0.020171836765592806 0.01573018638262071 0.0041080553382388816 0.011947594005801367 -0.10514466661709614 -0.0069332481569183138 0.017639326626862298 -0.037661635570445599 -0.25448692229006536 -0.0068951990121273168 -0.027380278057215764 0.054586954999164335 0.13092898697672287 -0.01521359351313417 -0.0027783664835783202 -0.015391583054626566 0.064380578257103652 0.012418668129143941 -0.16661895771040627 -0.0032689796931626987 0.60581276484625557 -0.14858037571203178 -0.022967700345170591 -0.0065884728107576387 0.0015109645581827815 -0.00087745919113529902 0.45167802463328544 0.0063549494884102007 0.026373932631703848 0.05986718547630674
decision_type=2 2 2 2 2 2 2 2 10 2 2 2 2 2 2 2 2 2 10 2 2 2 2 2 2 2 2 2 2 2
left_child=2 20 4 7 18 6 -6 -4 -9 10 11 -8 -11 14 -13 -12 17 -7 -1 -17 21 -2 23 26 25 27 -3 -25 29 -24
right_child=1 22 3 -5 5 16 9 8 -10 12 15 13 -14 -15 -16 19 -18 -19 -20 -21 -22 -23 28 24 -26 -27 -28 -29 -30 -31
leaf_value=0.00064272505114176457 -0.00015313725011332192 -2.4413858045921378e-05 -0.00029927220107973577 0.00022155669921852588 -0.00036743183403414534 5.9427048019026959e-05 0.00043484743456565314 -0.00023538103754105046 4.4670084572534825e-05 -0.00012545737320537268 -0.00031476000866899486 -4.8027956611373848e-06 0.0005243457702677045 -0.0001228968040532374 0.00034521302728935277 8.3602783453448279e-05 0.00030448162586958093 0.00041884312933724492 8.7712316694150115e-05 -0.00010724711784025443 7.6440542417182896e-06 -2.5110414056983035e-05 3.944085411372979e-05 -0.00025124258616976913 -0.00021233391159012523 0.00028340226105159292 0.00050724509501183632 5.3706955625192412e-05 -4.7132499117602881e-05 0.00066674602393195176
leaf_weight=57 49 108 49 55 43 449 40 41 133 42 77 126 80 127 101 120 97 41 52 122 2242 7657 4102 152 101 56 47 72 1059 80
leaf_count=57 49 108 49 55 43 449 40 41 133 42 77 126 80 127 101 120 97 41 52 122 2242 7657 4102 152 101 56 47 72 1059 80
internal_value=-0.000251749 -0.000554849 0.00232181 -0.00323741 0.00330368 0.00261092 0.000398633 -0.00683857 -0.00344828 0.00116766 -0.000175316 0.0035533 0.00901639 0.00183616 0.005837 -0.00478056 0.00591993 0.00428571 0.0126147 -0.0018595 -0.00121632 -0.00168051 0.000584213 -0.00289179 -0.0058399 -0.00267857 0.00435484 -0.00647321 0.000939706 0.00157819
internal_weight=17577 15725 1852 278 1574 1465 878 223 174 835 713 394 122 354 227 319 587 490 109 242 9948 7706 5777 536 381 280 155 224 5241 4182
internal_count=17577 15725 1852 278 1574 1465 878 223 174 835 713 394 122 354 227 319 587 490 109 242 9948 7706 5777 536 381 280 155 224 5241 4182
is_linear=0
shrinkage=0.05


Tree=43
num_leaves=31
num_cat=0
split_feature=11 10 12 6 12 12 14 14 14 13 12 9 5 12 4 10 10 10 11 11 13 11 0 1 9 11 8 6 13 10
split_gain=4.95806 7.62379 8.11386 5.8829 4.08928 10.1337 4.48059 4.04253 5.55914 4.32066 4.20552 4.24315 3.27175 3.24671 4.92892 4.06533 4.74361 5.16436 3.80228 3.11551 3.04211 2.96296 3.00357 2.88556 2.77636 3.97159 2.72113 2.71758 2.6791 2.66482
threshold=-0.020171836765592806 0.0041080553382388816 -0.018676010215707358 0.57305551020971712 -0.037333173257957868 -0.032606215925707109 0.016378333086022993 -0.083456210331023115 -0.14858037571203178 21.134999275207523 -0.019164236455942892 0.076333039758987545 0.01573018638262071 -0.0077541062485576564 0.03458674058967575 -0.017312021268647334 -0.01521359351313417 -0.0063062560979271201 -0.028186613773187038 0.048369816433799014 12.00999975204468 0.014107159275651539 1.0000000180025095e-35 -0.01857891850714893 1.0000000180025095e-35 0.036250351573326463 -0.14180204013993689 -0.76543791526379201 18.154999732971195 0.0098863943320696163
decision_type=2 2 2 2 2 2 2 2 2 2 2 8 2 2 2 2 2 2 2 2 2 2 2 2 10 2 10 2 2 2
left_child=1 13 -3 4 6 -6 27 8 -7 10 -10 21 19 14 15 -1 -17 18 -18 20 -9 22 -12 -20 25 -5 -15 -2 -19 -13
right_child=3 2 -4 24 5 7 -8 12 9 -11 11 29 -14 26 -16 16 17 28 23 -21 -22 -23 -24 -25 -26 -27 -28 -29 -30 -31
leaf_value=-0.00020542723917045015 -0.00021740680354197489 7.0702733042347582e-05 -0.00022235874787115731 7.489118150623906e-05 0.0001956118304520146 -0.000141590206891331 5.2289553434021837e-05 -0.00015834361185204329 0.00060196230555703849 -0.00014275920666887684 0.00011617365302326986 0.0003522778023205079 -1.9210421876241813e-06 -1.9502567606247137e-05 0.00026994744702934581 0.00025482578418408412 -5.6210488211540753e-06 -3.3459758083245666e-05 -0.0002905352484440851 -0.00011805352782453644 -2.6820218347616779e-05 0.00015879798497734008 -0.00011369130188927305 -3.8759373546730894e-05 -2.8460678870898853e-06 -0.00021674305232974547 0.00026986639918996587 -0.00010927217720919301 0.00014201853286433067 0.00010252205476294526
leaf_weight=115 159 161 132 1767 213 79 118 59 49 83 40 88 3881 78 348 80 175 81 62 54 6739 90 140 42 1643 53 294 352 296 123
leaf_count=115 159 161 132 1767 213 79 118 59 49 83 40 88 3881 78 348 80 175 81 62 54 6739 90 140 42 1643 53 294 352 296 123
internal_value=-0.000238718 0.00219957 -0.00520478 -0.000527654 -0.00104141 -0.00082918 -0.0049682 -0.00103063 0.00267341 0.00428222 0.0059434 0.00452183 -0.00126945 0.00358052 0.00231443 0.000264395 0.00163043 0.000228659 -0.00492832 -0.00192644 -0.00183142 0.00037037 -0.00333333 -0.0125 0.00129223 0.00263736 0.00766129 -0.00699609 0.00404509 0.00983412
internal_weight=17594 1864 293 15730 12267 11638 629 11425 692 613 530 481 10733 1571 1199 851 736 656 279 6852 6798 270 180 104 3463 1820 372 511 377 211
internal_count=17594 1864 293 15730 12267 11638 629 11425 692 613 530 481 10733 1571 1199 851 736 656 279 6852 6798 270 180 104 3463 1820 372 511 377 211
is_linear=0
shrinkage=0.05


Tree=44
num_leaves=31
num_cat=0
split_feature=4 6 4 11 16 12 11 14 11 15 12 15 14 11 12 11 13 12 15 13 14 14 12 12 13 14 14 16 13 13
split_gain=4.54005 4.33617 4.00518 2.93758 4.58373 5.09231 4.65528 4.52893 4.54588 4.09054 3.66918 8.50197 11.8625 7.93311 7.63301 9.5259 5.66221 5.22746 5.18069 4.68229 3.76884 5.81609 5.34724 7.35655 4.3318 4.04129 14.1324 5.51183 3.88041 4.944
threshold=0.057286227795735035 0.6858915968226581 0.013913653661930746 -0.023324980459216712 -0.018188877516676302 0.042234470374777462 0.00036207217257600016 0.017639326626862298 -0.026323621770933166 0.0074215698710801145 0.048519167358985434 0.00071292320817129007 -0.034475777702634207 0.0021655828678432969 0.04572357186415122 0.0093718166333225401 18.105000495910648 0.054230136510325939 0.0075739033997476177 14.00500011444092 -0.021447279396770266 -0.019792958121071843 -0.037333173257957868 -0.031709491768756808 24.385000228881839 0.040951993391927573 0.043372068741787458 -0.014794068143015536 12.434999942779543 13.194999694824221
decision_type=2 2 2 2 2 2 2 2 2 2 2 2 2 2 2 2 2 2 2 2 2 2 2 2 2 2 2 2 2 2
left_child=1 2 -1 7 5 6 -5 9 -9 -4 14 12 -12 18 20 -16 19 -14 -13 -15 22 -22 -6 -24 25 27 -27 -23 -29 -30
right_child=-2 -3 3 4 10 -7 -8 8 -10 -11 11 13 17 16 15 -17 -18 -19 -20 -21 21 24 23 -25 -26 26 -28 28 29 -31
leaf_value=-7.1999589620961972e-05 0.00028307620383326347 3.372318135947128e-05 -5.9812416859372779e-07 -3.8239226776241175e-05 -9.1018790182716461e-05 0.0001196871199590634 -0.00013738874014524797 3.7957815491358567e-05 0.00028098494017386055 -0.00012829558535943901 0.00033228199561371585 0.00062254831724850362 -0.00032381890913078305 -7.0196246337198798e-05 -2.0363755587280136e-05 0.00047075764439566316 -0.00020778686220137771 -0.00012252966998560301 -6.3322075811444742e-05 7.5257660469322044e-05 -0.00022692187652180592 0.00016573939064040439 0.00028994324057389639 1.9089830743140599e-05 0.00018751391608807296 0.00047853460677335717 -1.082633972809108e-05 -0.00024710105843717345 3.6192944823263154e-05 -5.4317801607028106e-05
leaf_weight=455 279 3561 338 1114 348 134 365 399 180 60 53 78 133 339 163 138 194 468 43 404 75 88 88 2827 155 134 1466 54 410 3124
leaf_count=455 279 3561 338 1114 348 134 365 399 180 60 53 78 133 339 163 138 194 468 43 404 75 88 88 2827 155 134 1466 54 410 3124
internal_value=-0.00032405 -0.000425581 -0.000826282 -0.000669309 -0.00087737 -0.0033633 -0.00420892 0.00197032 0.00479275 -0.00213568 -0.000505472 -0.0026285 -0.00711009 0.000141777 -0.000104741 0.00772425 -0.00141409 -0.00910982 0.0121901 0.000572005 -0.000373475 -0.00117145 0.000973031 0.00167238 -0.000980482 -0.00122252 0.000875 -0.00213547 -0.00243868 -0.00223543
internal_weight=17667 17388 13827 13372 12395 1613 1479 977 579 398 10782 1712 654 1058 9070 301 937 601 121 743 8769 5506 3263 2915 5431 5276 1600 3676 3588 3534
internal_count=17667 17388 13827 13372 12395 1613 1479 977 579 398 10782 1712 654 1058 9070 301 937 601 121 743 8769 5506 3263 2915 5431 5276 1600 3676 3588 3534
is_linear=0
shrinkage=0.05


Tree=45
num_leaves=31
num_cat=0
split_feature=4 6 9 14 16 16 6 16 16 4 14 1 16 11 16 16 10 9 14 11 3 0 14 14 10 16 16 12 12 16
split_gain=5.1998 3.38777 3.38017 3.08468 3.34734 2.96062 2.90453 2.79719 3.78202 3.74554 3.65081 2.67974 2.63147 2.47121 4.50815 5.59015 4.47981 3.87262 3.50657 3.84945 4.24533 4.39249 3.32771 6.06742 7.38018 5.10305 6.08331 8.61937 5.56842 6.63209
threshold=0.018186388759196717 -0.2902920452305931 -0.24242095503073288 -0.00064785032559577782 -0.006655986750924602 0.024044459876041317 0.58799615170628916 -0.035417919712842076 -0.031779629419698356 0.032038686172021873 -0.031629138048926246 0.12614803599335703 -0.041762716359473755 -0.023324980459216712 -0.0088873205784771297 -0.0091143073512788258 0.0041080553382388816 -0.17535549626179872 0.11068884178819839 0.010813393583964605 -0.0017942692714204009 0.010708741249406241 -0.016820561404990383 -0.001242221342315941 0.0047561203387664905 0.040530748414314706 -0.0019078011094652567 0.048519167358985434 -0.00052819005217041848 0.0020097677612290758
decision_type=2 2 8 2 2 2 2 2 2 2 2 2 2 2 2 2 2 8 2 2 2 2 2 2 2 2 2 2 2 2
left_child=1 3 5 -1 -5 -2 13 9 -9 12 -11 -10 -8 16 15 18 17 -4 19 20 -15 -22 -16 -24 25 26 -25 28 -28 -30
right_child=2 -3 6 4 -6 -7 7 8 11 10 -12 -13 -14 14 22 -17 -18 -19 -20 -21 21 -23 23 24 -26 -27 27 -29 29 -31
leaf_value=-7.5452753399058928e-05 0.00022640592346308849 -6.3985738825439975e-06 -0.00012672283260041912 -5.9824657573301225e-05 1.3415706483054652e-05 -0.00029971948709810533 -1.6327534575110098e-05 0.00046599746926788421 5.5938833922602758e-05 -0.00012581258257463694 0.00033835528350002964 -0.00027000115233974614 -0.00018708258776004596 2.8427982346269444e-05 2.3773609949512753e-05 -0.00047315668775131138 -0.00012682311864987633 0.00010291490636227508 -0.00016221629242640646 -0.00013148836833468065 -8.4879520730393306e-05 3.2901726676143415e-05 -7.534703882111384e-05 8.0385582840330995e-05 0.00023549190050038473 0.00019195484593593085 -0.00016315200256662935 -0.00022034612287739875 -0.00026851217153613479 5.0602915684388151e-05
leaf_weight=957 337 1909 49 270 489 55 104 61 2593 41 103 61 102 896 3170 46 113 656 245 219 863 259 1042 668 290 137 388 256 131 1130
leaf_count=957 337 1909 49 270 489 55 104 61 2593 41 103 61 102 896 3170 46 113 656 245 219 863 259 1042 668 290 137 388 256 131 1130
internal_value=-0.000167234 -0.00185517 0.000269354 -0.00346737 -0.00108696 0.00484694 0.000137635 0.00149266 0.00203499 -0.00271429 0.00347222 0.00175207 -0.00703883 -0.00025573 -0.000477413 -0.0022943 0.00238386 0.00386525 -0.00197421 -0.00135226 -0.000668979 -0.00271836 0.000159456 -0.000791687 0.00035 -0.000461255 -0.000961912 -0.00240157 -0.00107641 0.000535289
internal_weight=17640 3625 14015 1716 759 392 13623 3065 2715 350 144 2654 206 10558 9740 2528 818 705 2482 2237 2018 1122 7212 4042 3000 2710 2573 1905 1649 1261
internal_count=17640 3625 14015 1716 759 392 13623 3065 2715 350 144 2654 206 10558 9740 2528 818 705 2482 2237 2018 1122 7212 4042 3000 2710 2573 1905 1649 1261
is_linear=0
shrinkage=0.05


Tree=46
num_leaves=31
num_cat=0
split_feature=4 12 3 12 12 16 2 10 14 6 16 9 12 14 14 12 15 3 16 15 7 14 7 7 12 3 16 4 8 12
split_gain=4.51739 6.31382 3.19776 3.0918 4.52195 3.39912 4.98962 3.08835 4.27554 3.25909 3.44953 3.06427 3.02487 7.08365 3.31892 4.7619 3.63309 2.99836 2.82058 2.66488 2.54977 2.47913 2.38057 2.32744 3.37221 3.18249 2.35742 2.65719 2.56504 2.2987
threshold=0.03673999528522482 -0.080083523859072289 -0.010306696661880275 -0.062212446145613214 -0.057938720016513449 -0.0054959679959679644 -0.075767251299154945 -0.020247537407416468 0.18763840935801293 -0.45068583509634819 0.041046465577621045 -0.0726364762473765 -0.026522918814270154 -0.091137781806863202 -0.086337752297859935 -0.0036881752830155707 -0.016389713440811079 -0.0020062702154214902 0.003535694227796982 0.0064840063336956142 0.0080657396852471547 -0.0054293361358405115 -0.00042536104010726378 -0.037426232495510796 0.0033715078329863428 0.0013473449004680618 0.034454059845044134 0.01973094085267011 0.013131690864045311 0.082959712719514869
decision_type=2 2 2 2 2 2 2 2 2 2 2 8 2 2 2 2 2 2 2 2 2 2 2 2 2 2 2 2 8 2
left_child=3 -2 -3 5 -5 17 -7 -6 9 10 12 -11 13 -9 18 16 -16 -1 19 -14 -20 -12 -18 -17 25 -25 27 -26 -29 -4
right_child=1 2 29 4 7 6 -8 8 -10 11 21 -13 14 -15 15 23 22 -19 20 -21 -22 -23 -24 24 26 -27 -28 28 -30 -31
leaf_value=-0.00014244672375624302 0.00049960201594567352 0.00017797970777899219 -4.1907186034991982e-06 0.00020642648935872412 0.0001518336918993848 4.0789383286147807e-05 -0.00028641325046017046 -0.00017751835673331145 -0.00018680352124457136 4.3531572297622439e-05 9.8120266820402309e-06 -6.1820512916293396e-06 -0.00012986558336450745 3.9045754990951325e-05 5.8196875064450097e-05 -0.00011240714639626188 -0.00016329811210378685 0.00014496263558488233 0.00044152153313527817 4.9830930692454394e-05 5.0024629097584912e-05 0.00024405626056995023 -6.9275874697194697e-05 0.0001165790622163901 -5.0838260971740891e-05 -5.2912225633981914e-05 -9.6589882085830979e-05 2.3635432074884789e-05 -3.1869585792010727e-05 0.00036643356596884893
leaf_weight=83 92 482 1551 65 94 43 80 56 81 1383 91 7974 47 524 46 322 287 77 52 74 72 59 189 162 1413 102 160 914 974 91
leaf_count=83 92 482 1551 65 94 43 80 56 81 1383 91 7974 47 524 46 322 287 77 52 74 72 59 189 162 1413 102 160 914 974 91
internal_value=-0.000260771 0.00185018 0.00129473 -0.000564056 -0.000467274 -0.00574205 -0.0119919 -0.000524012 -0.000580697 -0.000518422 -0.00147908 5.07641e-05 -0.00168706 0.00172414 -0.00209805 -0.00240206 -0.00689655 -0.0009375 0.00357143 -0.0018595 0.00887097 0.006 -0.00819328 -0.00182234 -0.0014698 0.00397727 -0.00188529 -0.001598 -0.000370763 0.000243605
internal_weight=17640 2216 2124 15424 15141 283 123 15076 14982 14901 5544 9357 5394 580 4814 4569 522 160 245 121 124 150 476 4047 3725 264 3461 3301 1888 1642
internal_count=17640 2216 2124 15424 15141 283 123 15076 14982 14901 5544 9357 5394 580 4814 4569 522 160 245 121 124 150 476 4047 3725 264 3461 3301 1888 1642
is_linear=0
shrinkage=0.05


Tree=47
num_leaves=31
num_cat=0
split_feature=8 3 16 16 11 11 14 16 14 16 11 3 4 13 13 1 8 0 11 14 10 9 10 14 13 11 16 10 9 10
split_gain=4.4793 3.5798 3.28365 8.53946 4.2095 4.91817 5.82545 4.86468 6.45241 5.84451 5.7973 4.6843 4.59508 4.26291 4.79116 4.08947 3.93247 4.21995 4.09171 5.59177 4.56332 4.95611 3.97178 6.15681 5.31965 4.65478 4.03587 3.81207 5.87678 4.74969
threshold=-0.10516048435416274 0.0062951009771576869 -0.03802707131220278 -0.041762716359473755 -0.0080581536357283139 -0.010042466881963584 -0.071225645536492452 -0.030157122994990789 -0.11544121967691799 -0.0012309314714813444 -0.013447724126553815 0.0053226411368588753 0.018186388759196717 14.715000152587892 15.984999656677248 -0.0050355042259810903 -0.10281748559341518 -0.0092075837876677818 0.036250351573326463 -0.069744182185856193 0.0077313618831305062 -0.093710669332662519 0.0047561203387664905 0.009860755526874045 14.340000152587892 -0.004581313824033372 0.0069916964837620785 0.010824096152379449 -0.29796716111886734 0.010591418284257028
decision_type=8 2 2 2 2 2 2 2 2 2 2 2 2 2 2 2 10 2 2 2 2 10 2 2 2 2 2 2 10 2
left_child=1 -1 3 -2 5 7 -7 11 -9 13 -11 -4 -6 -10 -15 -5 -14 -18 22 -20 21 -21 -19 24 -24 -26 -25 28 -27 -30
right_child=2 -3 4 15 12 6 -8 8 9 10 -12 -13 16 14 -16 -17 17 18 19 20 -22 -23 23 26 25 27 -28 -29 29 -31
leaf_value=4.1768894558319798e-05 2.713459567858616e-06 0.00039791656372544556 0.0001774815441947908 -0.00036720585991056686 -3.5210165050708991e-05 -0.00014397800310007674 0.00015361111198229302 0.00024708060901810217 9.4917396826456162e-05 0.00025822079771694819 -0.00010616892476237591 -0.000108105374477278 -0.00010209892466272342 -0.00026108201793117048 -3.461065840454428e-05 0.00014255309151927966 4.2685033018810419e-05 -1.7748309827673049e-05 0.00011587597541730502 -0.00028490000854988409 -0.00017620635952640999 3.0619008686822923e-06 -3.9054888685780735e-05 7.0901973529241553e-06 -0.00019064770955925733 0.00021197053429616188 0.00053244086800809521 -1.9521712692604793e-05 5.8763555768234392e-05 0.00037163662980650063
leaf_weight=723 405 225 253 174 2970 64 407 99 190 296 116 100 391 124 1575 40 2208 4142 114 64 149 214 582 57 101 202 101 445 960 46
leaf_count=723 405 225 253 174 2970 64 407 99 190 296 116 100 391 124 1575 40 2208 4142 114 64 149 214 582 57 101 202 101 445 960 46
internal_value=-7.27034e-05 0.00327004 -0.000263729 -0.00383683 -0.000125235 0.00148883 0.00621019 0.000681075 -0.000125 -0.000662755 0.00473301 0.00616147 -0.000533501 -0.0018396 -0.0026339 -0.0119159 -1.02291e-05 0.000194459 -0.000393619 -0.00457486 -0.00720141 -0.00341727 -5.27426e-05 0.00152366 0.000877568 0.002252 0.0110759 0.00288869 0.00434603 0.0027833
internal_weight=17537 948 16589 619 15970 3224 471 2753 2400 2301 412 353 12746 1889 1699 214 9776 9385 7177 541 427 278 6636 2494 2336 1754 158 1653 1208 1006
internal_count=17537 948 16589 619 15970 3224 471 2753 2400 2301 412 353 12746 1889 1699 214 9776 9385 7177 541 427 278 6636 2494 2336 1754 158 1653 1208 1006
is_linear=0
shrinkage=0.05


Tree=48
num_leaves=31
num_cat=0
split_feature=4 13 12 10 14 14 12 10 12 14 13 10 10 16 16 12 13 10 10 12 5 13 10 12 0 10 13 12 12 3
split_gain=3.73161 3.83411 3.70734 3.07597 2.88968 7.01332 5.75759 4.81176 4.44824 4.99359 5.28138 3.83785 5.91286 4.52076 5.19133 4.21518 6.5616 4.57515 7.51476 6.1842 4.24932 3.9064 4.24098 3.77736 3.71055 3.59059 7.46018 4.9915 6.52501 4.65433
threshold=0.040648899556958336 12.00999975204468 -0.080083523859072289 0.0207430020860534 -0.036818887874406285 -0.039477048520880569 0.10731206738905331 -0.0026276635212834072 -0.037333173257957868 -0.043478201036805324 16.73499965667725 0.0052131672495069345 0.0044649128256998303 0.03074235479593657 0.021389659710220558 -0.031709491768756808 21.134999275207523 0.0092143368425633438 0.010824096152379449 0.047608041860818802 0.011685176719991702 19.010000228881839 0.018838458170826636 0.064838978376420955 0.017623189821947775 -0.0012572661502254776 24.385000228881839 -0.0011596324607267003 -0.025750779649927887 -0.0021230098853635133
decision_type=2 2 2 2 2 2 2 2 2 2 2 2 2 2 2 2 2 2 2 2 2 2 2 2 2 2 2 2 2 2
left_child=1 -1 -2 -4 5 7 25 -3 24 11 -11 12 13 14 23 -13 17 -17 20 21 -19 22 -20 -10 -9 -6 27 28 29 -27
right_child=2 4 3 -5 6 -7 -8 8 9 10 -12 15 -14 -15 -16 16 -18 18 19 -21 -22 -23 -24 -25 -26 26 -28 -29 -30 -31
leaf_value=-0.00014901343973714785 0.00060183981486835287 -0.00049814793140360171 9.3402636961576607e-05 -0.00040682228571491884 4.4503601774347791e-06 0.00012091367107374945 -0.0001969146516556164 -0.00014555438897627743 5.1536787908118512e-05 -0.00017088789691238485 1.1244548148247117e-05 0.00019606791144709777 0.00073567431202475409 0.00033871992997623829 -0.0001981455744580136 -2.5410747637589617e-05 -0.0001534824260364614 3.3109234238954323e-06 -3.4155346922198821e-05 -0.00013387235939375892 0.00027262511855154296 0.00018728335729935872 0.00027705805810518245 0.00036127186514569329 3.0885897710801644e-05 -0.00011397387160398845 0.00039014473406628799 -2.0846348101161845e-05 -0.00020262426557070582 6.7981729387299377e-05
leaf_weight=83 75 45 1404 49 5649 347 112 253 511 206 211 61 55 69 77 891 190 108 406 128 273 150 80 43 91 152 90 5263 367 171
leaf_count=83 75 45 1404 49 5649 347 112 253 511 206 211 61 55 69 77 891 190 108 406 128 273 150 80 43 91 152 90 5263 367 171
internal_value=-0.00020159 -0.000425942 0.00215969 0.00160014 -0.000370336 0.000756853 -0.000770925 0.000142931 0.000335262 0.00087453 -0.00425659 0.00157791 0.00466887 0.00342857 0.00209984 0.000557499 0.000202156 0.00103143 0.00312227 0.00026178 0.00885827 0.00227987 0.000102881 0.00379061 -0.00508721 -0.000662846 -0.00151001 -0.00172602 -0.00572464 -0.000541796
internal_weight=17610 16082 1528 1453 15999 4195 11804 3848 3803 3459 417 3042 755 700 631 2287 2226 2036 1145 764 381 636 486 554 344 11692 6043 5953 690 323
internal_count=17610 16082 1528 1453 15999 4195 11804 3848 3803 3459 417 3042 755 700 631 2287 2226 2036 1145 764 381 636 486 554 344 11692 6043 5953 690 323
is_linear=0
shrinkage=0.05


Tree=49
num_leaves=31
num_cat=0
split_feature=4 12 6 12 12 16 15 12 1 12 16 15 16 16 12 15 8 10 10 15 15 9 10 16 14 2 14 14 12 14
split_gain=5.16898 3.13255 2.94834 4.26987 5.14994 3.2262 3.07669 3.94277 2.98476 2.98043 6.50425 6.35057 5.07734 3.73392 3.46202 8.90915 4.97545 3.39227 5.14885 4.55336 3.89531 5.35785 3.61178 4.78735 5.59693 4.07462 4.88413 3.59925 3.82805 3.39122
threshold=0.037064254794276795 -0.080083523859072289 -0.84172645470224361 -0.062212446145613214 -0.057938720016513449 0.041046465577621045 -0.018201043557521442 0.042111122308508782 -0.02807543915811261 0.0098181049461038023 0.045759813015245572 0.022412393799575273 0.041046465577621045 0.046904867317988271 0.013329903509770149 -0.00022279171394512518 -0.047604930077262068 -0.01521359351313417 -0.0074311122071506466 -0.0032689796931626987 -0.0013628323152199415 -0.20718517064510181 -0.0014526684258500675 -0.037661635570445599 -0.066405515647089006 -0.081064462402138479 -0.073050802278400592 0.012431899030548645 -0.032606215925707109 0.025331387226238514
decision_type=2 2 2 2 2 2 2 2 2 2 2 2 2 2 2 2 10 2 2 2 2 10 2 2 2 2 2 2 2 2
left_child=2 -2 5 8 -5 -1 7 -6 -4 11 12 13 14 17 15 16 -11 -8 -19 -20 21 -21 -22 -24 25 -25 -27 28 -26 -23
right_child=1 -3 3 4 6 -7 9 -9 -10 10 -12 -13 -14 -15 -16 -17 -18 18 19 20 22 29 23 24 27 26 -28 -29 -30 -31
leaf_value=-3.7098662186624107e-05 0.00039904732424763756 6.1911294707811754e-05 2.5999235235209251e-05 0.00027763473801149834 -0.0001191022427218434 0.00011851842434195011 0.00021614079640052764 0.000139546506314462 -0.00020737047800994945 -0.00023847045848160225 -0.00010117048816508689 -0.00024720269578399072 0.00039817043334110464 0.00039207598939498063 -2.3411319892806781e-06 -0.00023948415016288808 9.2003559869907345e-05 -5.1777741880277076e-05 8.8330638246520755e-05 -0.00029005230489774091 9.0944200987656736e-05 5.7609438542412112e-05 -0.00016178524474632584 0.00040689927139546563 6.7860548568111486e-05 1.0438414262249271e-05 0.00030308489228963401 0.00010544870266309309 -6.4912918401455882e-05 -0.00017512164989573942
leaf_weight=2440 99 2054 85 67 376 70 213 77 135 49 184 68 43 53 7553 176 191 544 746 82 369 82 79 61 227 301 99 213 799 52
leaf_count=2440 99 2054 85 67 376 70 213 77 135 49 184 68 43 53 7553 176 191 544 746 82 369 82 79 61 227 301 99 213 799 52
internal_value=-0.000123671 0.00217139 -0.000443825 -0.000139276 -1.96788e-05 -0.00201195 -9.29809e-05 -0.00413907 -0.00704545 5.74524e-05 -0.000488043 0.00117854 -0.000274588 0.00144133 -0.000367047 -0.00480769 0.00145833 0.00126067 0.00090312 0.0016881 0.000613367 -0.00578704 0.00125698 0.000323215 0.000882353 0.00558568 0.00375 -0.000867635 -0.00209552 0.000373134
internal_weight=17587 2153 15434 12924 12704 2510 12637 453 220 12184 8196 3988 8012 3920 7969 416 240 3867 3654 3110 2364 216 2148 1779 1700 461 400 1239 1026 134
internal_count=17587 2153 15434 12924 12704 2510 12637 453 220 12184 8196 3988 8012 3920 7969 416 240 3867 3654 3110 2364 216 2148 1779 1700 461 400 1239 1026 134
is_linear=0
shrinkage=0.05


Tree=50
num_leaves=31
num_cat=0
split_feature=6 7 11 9 13 8 15 9 7 15 15 15 13 13 5 13 11 11 11 13 11 11 0 7 14 13 15 8 13 11
split_gain=3.66428 3.58481 3.13618 3.01051 3.0048 2.97896 2.80474 2.73279 3.49829 2.94057 4.20803 3.92294 7.08225 9.04565 5.41386 4.15877 3.64912 3.52473 4.92166 11.3197 5.33669 5.79322 5.19437 5.14777 4.21742 4.01805 3.81483 3.61276 3.52388 3.50064
threshold=-1.0795616562734618 -0.041474088434892524 -0.013447724126553815 -0.2254056759832456 12.00999975204468 -0.051555221575257097 -0.0048913947452965947 0.28801814491259464 0.129625991132894 -0.00741688046331651 -0.0078024621285809328 -0.0057591058676004217 16.345000267028812 13.414999961853029 0.016600784689665533 12.325000286102297 -0.0022568172628349421 -0.007196249019797262 0.00023772449314352076 13.554999828338625 0.0015109645581827815 0.003505922146060048 -0.0054414164424160796 0.053851891579150386 -0.086337752297859935 21.82499980926514 0.022412393799575273 0.06083241331701484 17.394999504089359 0.032599070140324489
decision_type=2 2 2 8 2 8 2 10 2 2 2 2 2 2 2 2 2 2 2 2 2 2 2 2 2 2 2 8 2 2
left_child=2 3 6 -2 -3 -4 -1 8 9 10 -6 12 13 -11 28 -13 -15 26 19 -19 -20 23 24 -22 -23 -21 -17 29 -14 -24
right_child=1 4 5 -5 7 -7 -8 -9 -10 11 -12 15 14 16 -16 17 -18 18 20 25 21 22 27 -25 -26 -27 -28 -29 -30 -31
leaf_value=-9.2333536124321422e-05 0.0002441064489094723 -0.00014144571115082643 -0.00015907636786173241 2.1846165488801587e-05 -2.1223568125011868e-05 -3.6757920682397881e-05 0.00019905729950809702 0.00015353481866769346 -0.00027775280481971465 -0.00013914421118885274 -0.00026647480856657242 0.00014703990012526229 -7.038215631076837e-05 2.5395697691268406e-05 -0.00032755130888775227 3.2718950423031062e-05 0.00033673246351334572 -0.00030443500418207979 0.00012315267715559431 -6.0383729004321246e-05 -0.00016276493046154682 0.00035710058884330848 9.1129220729387582e-06 0.00018827002119738384 4.7660976116693314e-05 0.00042809521710552396 -0.00015924771524611136 -5.5356971081821214e-05 0.00015374800183415484 -6.8981778938283811e-05
leaf_weight=72 231 67 234 2215 2401 1033 112 560 65 69 80 153 70 63 97 1659 219 155 378 983 474 44 3187 92 1050 83 76 1192 110 429
leaf_count=72 231 67 234 2215 2401 1033 112 560 65 69 80 153 70 63 97 1659 219 155 378 983 474 44 3187 92 1050 83 76 1192 110 429
internal_value=-0.000160029 5.55487e-05 -0.0025672 0.0018193 -0.000258069 -0.00345304 0.00353261 -0.00020637 -0.000352274 -0.000294703 -0.00184401 6.85061e-05 0.00390127 0.00861823 -0.00207581 -0.00017328 0.0125887 -0.000300959 -0.000740672 -0.00366503 -0.000219106 -0.000556586 -9.31887e-05 -0.00538869 0.00301645 -0.00182927 0.00174352 -0.000800749 0.00305556 -1.38274e-05
internal_weight=17653 16202 1451 2446 13756 1267 184 13689 13129 13064 2481 10583 628 351 277 9955 282 9802 8067 1221 6846 6468 5902 566 1094 1066 1735 4808 180 3616
internal_count=17653 16202 1451 2446 13756 1267 184 13689 13129 13064 2481 10583 628 351 277 9955 282 9802 8067 1221 6846 6468 5902 566 1094 1066 1735 4808 180 3616
is_linear=0
shrinkage=0.05


Tree=51
num_leaves=31
num_cat=0
split_feature=4 2 13 15 10 16 10 12 14 11 11 16 11 16 13 15 10 10 12 0 3 16 9 9 11 16 2 16 16 0
split_gain=3.01695 3.22302 2.63683 3.50526 2.54269 9.03371 8.4206 5.44476 6.48708 4.94326 4.36216 4.23549 8.58617 7.53283 7.48241 6.97157 6.02647 5.12997 4.0704 3.57802 3.45 3.40101 3.67166 3.33217 3.11594 4.62942 3.05267 3.0518 6.70707 3.36859
threshold=0.017388984201072898 0.087780665826507023 39.645000457763679 -0.031369913793905684 0.010824096152379449 -0.037661635570445599 0.0092143368425633438 0.032469111342934183 -0.025685626403374347 0.040036365268930958 0.018680357320368105 0.032520483789034722 0.015830592814055747 0.03570487728321637 18.625000000000004 0.013891952163897383 0.0081956956278671517 0.0031270568470502806 0.015760978706321874 0.0081027687826240608 0.012609001162793955 0.041046465577621045 0.099476111931663627 0.17292582094028677 0.0028224343190543792 -0.025864202673717803 -0.081064462402138479 0.033315841322242863 0.037547364442055982 0.0043399518471335394
decision_type=2 2 2 2 2 2 2 2 2 2 2 2 2 2 2 2 2 2 2 2 2 2 8 8 2 2 2 2 2 2
left_child=1 -1 3 -2 6 -6 11 24 -9 10 19 15 14 -14 -13 -5 20 -15 23 -8 -17 22 -16 -19 25 -7 -27 29 -29 -26
right_child=2 -3 -4 4 5 7 9 8 -10 -11 -12 12 13 17 21 16 -18 18 -20 -21 -22 -23 -24 -25 27 26 -28 28 -30 -31
leaf_value=-2.8730437172099466e-05 -0.000486518943661555 6.2326072090510047e-05 0.00047619928736835596 1.0486713000336379e-06 -0.00046196615494768805 -0.00011988432443003228 0.0001685336011269612 -0.00016566797348478547 3.7719569325857721e-05 -8.8907387985459157e-05 0.0003967480776583846 0.00015470954698905707 -0.00038245249057889134 1.9394162183096909e-05 -0.00040967441597868559 0.00033758738431243071 -0.00015806357218391273 -7.4379034222606723e-05 -0.00023924678734170987 1.1796060452537102e-05 -8.3084244159202777e-05 0.00012826862119347422 -9.9801258204138086e-05 0.00022476039865507608 7.4890687201742244e-05 0.00050628905000041065 0.00012600468741435453 0.0002035623631898242 -0.00013685644203253303 -0.00014442434633285466
leaf_weight=2619 45 237 84 11127 64 65 241 248 146 62 171 280 136 165 55 230 47 76 186 273 46 41 52 40 123 60 228 110 79 230
leaf_count=2619 45 237 84 11127 64 65 241 248 146 62 171 280 136 165 55 230 47 76 186 273 46 41 52 40 123 60 228 110 79 230
internal_value=-0.000193556 -0.00168067 9.51734e-05 4.44414e-05 8.74426e-05 -0.00197709 0.000298609 -0.00106672 -0.00596447 0.00545515 0.00667883 -1.00152e-05 -0.00307953 -0.00692371 0.00233645 0.000266376 0.00750774 -0.00390792 -0.00778146 0.00437743 0.0103261 -0.00675676 -0.0114486 -0.000431034 0.00108939 0.00474504 0.00746528 -0.00129151 0.00383598 -0.00403683
internal_weight=17566 2856 14710 14626 14581 1353 13228 1289 394 747 685 12481 1031 603 428 11450 323 467 302 514 276 148 107 116 895 353 288 542 189 353
internal_count=17566 2856 14710 14626 14581 1353 13228 1289 394 747 685 12481 1031 603 428 11450 323 467 302 514 276 148 107 116 895 353 288 542 189 353
is_linear=0
shrinkage=0.05


Tree=52
num_leaves=31
num_cat=0
split_feature=4 0 13 8 12 16 12 13 9 13 14 14 14 14 12 12 10 16 16 10 10 15 8 15 16 16 16 13 12 16
split_gain=3.36987 2.54341 2.50714 2.21925 2.57378 4.68776 4.19394 2.71039 2.67775 2.63217 3.04989 7.85792 10.318 7.84556 5.33522 6.41758 5.18018 5.8577 5.0051 4.33073 4.72256 3.37321 2.97516 2.96775 2.81088 2.72107 2.62987 4.11223 4.73131 5.93749
threshold=0.045219708653213155 -0.059530527786735447 12.00999975204468 -0.08270935935125838 -0.062212446145613214 0.012066988215749698 -0.057938720016513449 26.85000038146973 -0.063392672569885886 24.855000495910648 0.11068884178819839 0.083142255535003332 0.076607678117126224 0.12307845124318741 0.0086975765073127338 0.0033715078329863428 -0.00045044795983173452 0.0069916964837620785 0.030013021656405296 -0.013932246020769588 -0.020247537407416468 -0.010134790799597724 -0.046713985331754519 0.018870217358282652 -0.016321343668697082 -0.023235605009345402 0.014299574324878496 12.434999942779543 0.035394075274519328 0.018119568995481287
decision_type=2 2 2 8 2 2 2 2 10 2 2 2 2 2 2 2 2 2 2 2 2 2 10 2 2 2 2 2 2 2
left_child=2 -2 -1 -4 5 7 -6 -5 -7 10 11 12 26 -12 15 24 17 -14 22 20 -15 -21 -16 -11 -13 -22 -8 -28 29 -29
right_child=1 -3 3 4 6 8 9 -9 -10 23 13 14 16 19 18 -17 -18 -19 -20 21 25 -23 -24 -25 -26 -27 27 28 -30 -31
leaf_value=-0.0001323212008052307 0.00063590126351769922 8.8560753753568275e-05 2.6054696411986552e-05 0.00015192005654462927 0.00016609935210998945 -0.00033589552440601379 -1.4437261015176335e-05 -9.2913468599927548e-05 -0.00019196467377023923 0.0001059632721980619 -0.00026067915848243262 -1.6767102746841414e-05 -0.0002138782808969224 0.00013599354596762568 -8.3720214265402097e-06 -0.00016959200097643539 -0.00061351208349944171 0.00012790620442834294 -7.0740215601478094e-05 0.00019749118943421188 -1.293046426616264e-05 -1.270194053225814e-05 0.00025439352673489718 -0.00012722598471499844 0.00029875523226018591 -0.00023714387746498792 0.00054380202928051347 0.00013529324760855519 -4.0774474800825412e-05 1.16447760906671e-05
leaf_weight=89 69 891 1390 58 61 40 8850 122 65 225 146 105 145 71 40 50 60 56 44 115 91 130 221 43 80 174 61 336 1393 2362
leaf_count=89 69 891 1390 58 61 40 8850 122 65 225 146 105 145 71 40 50 60 56 44 115 91 130 221 43 80 174 61 336 1393 2362
internal_value=-0.000172041 0.00270833 -0.000338387 -0.000293335 -0.000468833 -0.00517544 -0.000378558 -0.000277778 -0.0135714 -0.000432491 -0.000523056 -0.000356806 -0.000597527 -0.0036795 0.00555556 -0.000106383 -0.0104406 -0.00659204 0.00991803 -0.00107573 -0.0047619 0.00397959 0.0125479 0.00447761 0.00418919 -0.00783019 -0.000399938 0.000638247 0.000446101 0.0016679
internal_weight=17583 960 16623 16534 15144 285 14859 180 105 14798 14530 13803 13263 727 540 235 261 201 305 581 336 245 261 268 185 265 13002 4152 4091 2698
internal_count=17583 960 16623 16534 15144 285 14859 180 105 14798 14530 13803 13263 727 540 235 261 201 305 581 336 245 261 268 185 265 13002 4152 4091 2698
is_linear=0
shrinkage=0.05


Tree=53
num_leaves=31
num_cat=0
split_feature=5 11 0 4 6 0 3 2 9 16 15 15 16 3 11 11 6 15 3 14 14 10 10 16 14 15 14 16 16 15
split_gain=3.27579 2.83072 2.74407 3.51796 2.9251 2.51765 2.98219 2.18919 3.29251 4.04677 3.58908 3.71886 5.37746 2.64979 2.33632 2.60802 2.27596 2.17986 4.05742 3.37821 4.5926 4.30922 3.79131 5.80809 4.12754 3.53096 3.45343 5.92743 4.07882 4.44202
threshold=0.008774751318458689 0.050492682028646547 0.062567884162299983 0.057286227795735035 -0.75880372164298049 -0.0050005566052746522 0.00040622741134666024 0.042038702277501734 0.09791966258282904 -0.0037840779945287335 -0.002009684754782803 -0.0036994887287083995 0.0046501884672340852 -0.0024663282834632145 -0.0041956054139185564 0.0038135025222709733 -0.77472345329560965 -0.018201043557521442 0.010634245571307101 -0.001242221342315941 -0.001390218635627771 -0.0067260257632843481 0.0044649128256998303 -0.0022207549797582655 0.0066946732173895915 -0.016389713440811079 -0.014609583018452553 -0.010256499271112439 -0.01794247451213243 -0.003875142527361763
decision_type=2 2 2 2 2 2 2 2 8 2 2 2 2 2 2 2 2 2 2 2 2 2 2 2 2 2 2 2 2 2
left_child=5 2 3 4 7 6 -1 8 10 -10 11 12 -2 -14 -11 -16 -9 18 -6 20 21 -19 25 -24 -25 -21 28 -28 -23 -30
right_child=1 -3 -4 -5 17 -7 -8 16 9 14 -12 -13 13 -15 15 -17 -18 19 -20 22 -22 26 23 24 -26 -27 27 -29 29 -31
leaf_value=-2.3013010192831156e-05 2.952041566715428e-05 -9.6850187566968097e-05 -0.00025282230532413028 0.00033733617920762209 -9.142398521597168e-05 -5.7869295764044398e-05 0.00012473458931525121 -3.9804401530234335e-05 -2.6666589808332659e-05 0.00023365022339226382 -5.6925791894805102e-05 0.00018616263954682007 -0.00030651576544652186 -4.8577651507031869e-05 -0.00010413839025904979 7.6894066017856857e-05 -0.00016475406099895505 -0.00037147941204805065 0.00073485685824374169 0.00027188629522504866 -0.00034940053590308377 -4.4263686690216896e-05 -7.7268074479292396e-05 3.3996263202957203e-05 0.00030469635218043539 1.725158029917337e-05 6.0043310713755581e-05 -6.9954049228932767e-05 0.00012043046696077237 9.5231561969779187e-06
leaf_weight=160 292 199 122 239 600 497 42 897 420 56 935 100 84 64 59 439 43 52 53 107 45 852 91 158 247 4885 327 1197 440 3905
leaf_count=160 292 199 122 239 600 497 42 897 420 56 935 100 84 64 59 439 43 52 53 107 45 852 91 158 247 4885 327 1197 440 3905
internal_value=-0.000115011 2.36574e-05 9.42606e-05 0.000149213 6.11696e-05 -0.00346924 0.00123762 -0.00124668 -0.000459371 0.00179671 -0.00194915 0.0012963 -0.000681818 -0.00844595 0.00460289 0.00351406 -0.00329787 0.000403195 -0.00241194 0.000552576 -0.000190672 -8.48959e-05 0.00147595 0.00564516 0.00820988 0.0010617 2.60378e-05 -0.00206693 0.000639792 0.00126007
internal_weight=17607 16908 16709 16587 16348 699 202 3389 2449 974 1475 540 440 148 554 498 940 12959 653 12306 6818 6773 5488 496 405 4992 6721 1524 5197 4345
internal_count=17607 16908 16709 16587 16348 699 202 3389 2449 974 1475 540 440 148 554 498 940 12959 653 12306 6818 6773 5488 496 405 4992 6721 1524 5197 4345
is_linear=0
shrinkage=0.05


Tree=54
num_leaves=31
num_cat=0
split_feature=4 6 16 10 16 16 10 10 11 6 12 13 10 12 13 16 7 11 10 15 14 10 12 1 15 9 15 7 13 14
split_gain=3.66747 3.02562 2.8533 3.33692 5.48914 4.4573 3.30389 5.65509 4.63196 5.42255 5.08558 4.33521 3.75986 3.57516 3.45167 3.89113 3.71104 3.25209 4.01499 3.86671 3.65329 4.28303 4.4312 3.97783 3.83058 4.65132 3.35419 3.13767 3.11776 2.87198
threshold=0.021181092863532733 -1.144518270328353 0.023839745758493795 0.016350157736673924 -0.035417919712842076 -0.0012079056549824105 0.0063549494884102007 0.0067105018630921895 0.029305077851743303 -0.18556685666657516 0.0094949171636059555 24.119999885559086 0.0034152998486263191 0.048152428754814187 22.330000877380375 0.020180930376424103 -0.0016596464741236991 -0.024572906939621272 -0.029463617054616639 -0.0079962086159806028 0.11365091649526195 -0.0063062560979271201 0.073733848686565309 -0.036595727346264199 -0.022058673187391849 0.21593974318417089 -0.0079962086159806028 -0.054170223929415999 21.724999427795414 -0.037374592254897913
decision_type=2 2 2 2 2 2 2 2 2 2 2 2 2 2 2 2 2 2 2 2 2 2 2 2 2 8 2 2 2 2
left_child=1 -1 3 6 -5 -6 8 -8 9 12 -10 -9 14 -12 15 28 -16 18 -11 -20 21 23 -23 -19 -22 -26 -25 -14 -2 -29
right_child=2 -3 -4 4 5 -7 7 11 10 17 13 -13 27 -15 16 -17 -18 20 19 -21 24 22 -24 26 25 -27 -28 29 -30 -31
leaf_value=-6.405605193840907e-05 8.6161521727001849e-06 -1.0807299742160351e-05 -2.5188704886616992e-05 -0.00044840754162225199 9.0094446177581462e-05 -0.00013589708391296152 0.00026285385507850606 3.1734626713162416e-05 0.00033066169399780237 -0.00024420032617391044 -0.00012985109914472517 0.00026595964389337766 -0.00022017945107595069 0.00029541266188904303 -5.3575073299388329e-05 -0.00015233241297620453 -0.0002458824631610991 0.00041262490887145813 0.00039283259387687392 3.8617851745317369e-05 0.00028223854437440529 4.7444338068681781e-06 0.00034013823367780847 -5.8958399520403584e-05 -0.00016934757777932615 0.00050284886117753984 0.00025514018325068199 6.9225500333044981e-06 0.00039598394538299631 -0.0001224628668301735
leaf_weight=462 2260 6334 1965 62 111 64 118 1486 129 41 87 163 56 72 299 116 71 148 227 171 40 1950 133 167 194 44 145 213 69 294
leaf_count=462 2260 6334 1965 62 111 64 118 1486 129 41 87 163 56 72 299 116 71 148 227 171 40 1950 133 167 194 44 145 213 69 294
internal_value=-5.22865e-05 -0.000963802 0.000516292 0.000895857 -0.00495781 -0.000428571 0.00105545 0.00298529 0.000563096 0.000293763 0.00677083 0.00222862 -0.00111012 0.000786164 -0.000364121 0.000316973 -0.00486486 0.00174847 0.00575171 0.00728643 0.00112549 0.00172041 0.000756121 0.00608696 -0.00431655 -0.00672269 0.00288462 -0.00484014 0.00076213 -0.00359961
internal_weight=17691 6796 10895 8930 237 175 8693 1767 6926 6638 288 1649 3378 159 2815 2445 370 3260 439 398 2821 2543 2083 460 278 238 312 563 2329 507
internal_count=17691 6796 10895 8930 237 175 8693 1767 6926 6638 288 1649 3378 159 2815 2445 370 3260 439 398 2821 2543 2083 460 278 238 312 563 2329 507
is_linear=0
shrinkage=0.05


Tree=55
num_leaves=31
num_cat=0
split_feature=4 15 6 12 3 12 14 14 14 14 8 12 10 15 15 16 0 12 12 0 16 0 16 16 0 3 16 12 15 12
split_gain=3.03549 2.86652 2.47957 3.44966 3.68287 3.37141 3.44057 4.76593 4.56298 7.91996 4.94645 5.99407 4.84214 3.78597 6.94444 3.572 3.59619 2.6379 6.0009 4.89968 3.47159 2.46388 2.7575 2.61677 2.27606 2.777 2.20189 6.22019 5.76189 4.191
threshold=0.046118407017878782 -0.022058673187391849 -0.75880372164298049 -0.062212446145613214 0.0094655337583565719 -0.057938720016513449 0.11068884178819839 0.11365091649526195 0.083812216488613714 0.076607678117126224 0.16011575004379544 0.027083039342927776 -0.0084264989475150136 -0.006523053685292989 -0.002009684754782803 -0.050417967283719049 -0.0077945090939775521 -0.029032360146205412 -0.016111224789670416 -0.016538070664236123 0.0074912458278096903 1.0000000180025095e-35 0.0069916964837620785 -0.013798374560573421 0.037246039293260765 0.0066771489649772873 -0.018188877516676302 0.042234470374777462 0.005006888557461898 0.029689581325769047
decision_type=2 2 2 2 2 2 2 2 2 2 8 2 2 2 2 2 2 2 2 2 2 2 2 2 2 2 2 2 2 2
left_child=2 -2 -1 4 -4 -5 8 -8 9 15 11 12 -10 -14 -15 16 -7 19 -19 -9 -20 22 23 -11 26 -26 27 28 29 -17
right_child=1 -3 3 5 -6 6 7 17 10 21 -12 -13 13 14 -16 24 -18 18 20 -21 -22 -23 -24 -25 25 -27 -28 -29 -30 -31
leaf_value=-2.1130704601901153e-05 0.00083410783292510123 8.5276772196426269e-05 -0.00013480971449039038 0.00024390421723808082 0.00045195725935509069 0.00047387457256691559 -0.00023720224150293665 -0.00032662257485990544 0.0001846740054539935 -4.1763834596511001e-05 -0.00027282218797064061 0.00026099437812588565 -0.00026505207868895005 0.00027390569700343345 -0.00015809818525023349 9.9543262051533365e-06 -4.7549764939399613e-06 0.00044074652782663971 -2.4234672542229956e-06 0.00011477189721578064 -0.00026457725213296403 -0.00025226956933732561 0.00010884197047391223 -0.00045386611082666667 0.00034740043536997834 2.0016384030852304e-05 5.8960199169978088e-06 0.00014479112471525949 -0.00011638754549797998 -0.00015301251835100148
leaf_weight=3397 42 858 240 74 50 44 90 67 172 75 41 135 53 45 45 906 42 67 443 61 87 85 42 49 93 282 9419 132 346 137
leaf_count=3397 42 858 240 74 50 44 90 67 172 75 41 135 53 45 45 906 42 67 443 61 87 85 42 49 93 282 9419 132 346 137
internal_value=-0.000106419 0.00272222 -0.000258688 4.87915e-05 -0.00534483 0.000168815 0.000108041 -0.00303681 0.000319114 0.000120151 0.00504073 0.00655556 0.00277778 -0.00402098 0.00222222 0.000313569 0.0104651 -0.00168966 -0.000293132 -0.00820313 -0.00207547 -0.00866534 -0.00512048 -0.00887097 0.000236412 0.00406667 0.000105119 -0.00166009 -0.00264579 -0.000790988
internal_weight=17619 900 16719 13322 290 13032 12958 815 12143 11652 491 450 315 143 90 11401 86 725 597 128 530 251 166 124 11315 375 10940 1521 1389 1043
internal_count=17619 900 16719 13322 290 13032 12958 815 12143 11652 491 450 315 143 90 11401 86 725 597 128 530 251 166 124 11315 375 10940 1521 1389 1043
is_linear=0
shrinkage=0.05


Tree=56
num_leaves=31
num_cat=0
split_feature=11 14 14 15 9 10 14 10 14 10 13 7 15 4 11 2 15 13 3 10 10 10 3 14 13 8 15 13 15 13
split_gain=4.6721 3.29815 6.58381 6.72902 7.41844 5.37255 5.32765 4.98615 4.40222 4.81935 6.21882 2.89335 4.20498 2.99358 3.71027 2.75378 3.34765 2.61062 3.61133 2.59803 3.23828 4.19325 3.11248 3.04458 2.85742 2.67304 2.53729 2.7728 2.38817 2.35488
threshold=-0.020171836765592806 0.11068884178819839 0.083142255535003332 -0.0096585751381613166 -0.11410292120817588 -0.0014526684258500675 0.082777995482000835 -0.013788046856732237 0.12307845124318741 -0.013932246020769588 21.555000305175785 -0.023368590324348178 0.013272289651159565 0.024368497829229088 0.00909053299113405 -0.064484096687725243 -0.017480169727355329 19.295000076293949 0.0001896813421811139 0.0041080553382388816 -0.0052693175336530054 -0.0050236559316604859 0.00089726352738472858 0.017639326626862298 25.960000038146976 -0.04223229890623597 -0.011600247746665125 17.744999885559086 -0.013368103190865841 38.065000534057624
decision_type=2 2 2 2 10 2 2 2 2 2 2 2 2 2 2 2 2 2 2 2 2 2 2 2 2 10 2 2 2 2
left_child=19 2 6 7 -5 -6 11 -4 -3 28 17 12 15 -14 -15 16 -2 18 -11 20 23 -22 -21 -1 -24 -23 -9 -28 -10 -25
right_child=1 8 3 4 5 -7 -8 26 9 10 -12 -13 13 14 -16 -17 -18 -19 -20 22 21 25 24 29 -26 -27 27 -29 -30 -31
leaf_value=-0.00013607237187358216 0.00021998957332257783 -0.00025254830782347207 0.00023467414431047694 0.00054631405568003209 0.00019040066656059331 -9.1698878832101888e-05 -0.00032598561672650861 1.3710095593686117e-05 -5.5753508464480209e-05 0.00013588548244762228 -0.00015144326602966566 -1.3507916549153798e-05 0.00040334269399073879 -2.9070560484188281e-05 0.00033965484527641304 2.7383554183171042e-05 -2.6397259592077097e-05 0.00026191596150480578 -0.00011960391532664537 -0.00018243409614787285 0.00052180512802481836 0.00019461475771173289 -4.3043588827821647e-05 3.1779398140998308e-05 0.0004259624539533274 1.181080162826146e-05 -0.00027484037309513973 -3.0185957400071917e-05 -0.0002473337855037975 0.00043029121541365996
leaf_weight=86 74 126 55 114 131 60 64 89 103 92 91 11244 54 98 95 1380 1626 67 41 124 42 274 119 853 51 210 45 59 107 82
leaf_count=86 74 126 55 114 131 60 64 89 103 92 91 11244 54 98 95 1380 1626 67 41 124 42 274 119 853 51 210 45 59 107 82
internal_value=-0.000116108 -0.000393614 -0.000246905 0.0051085 0.010082 0.00405759 -0.000449265 -0.00100806 -0.00394737 -0.00184631 0.00231959 -0.000386041 0.000909228 0.00718623 0.00427461 0.000405844 -0.000941176 0.00725 0.00319549 0.00226779 0.00308662 0.00627376 -0.00204082 0.00144466 0.00235294 0.00495868 -0.00479275 -0.0100962 -0.00761905 0.00227273
internal_weight=17656 15815 15188 553 305 191 14635 248 627 501 291 14571 3327 247 193 3080 1700 200 133 1841 1547 526 294 1021 170 484 193 104 210 935
internal_count=17656 15815 15188 553 305 191 14635 248 627 501 291 14571 3327 247 193 3080 1700 200 133 1841 1547 526 294 1021 170 484 193 104 210 935
is_linear=0
shrinkage=0.05


Tree=57
num_leaves=31
num_cat=0
split_feature=11 4 6 16 15 13 13 9 16 11 16 16 16 15 15 15 4 11 13 13 16 15 13 15 16 15 11 15 9 15
split_gain=2.95211 2.97273 2.86878 3.06953 2.55222 3.22274 5.42014 4.81429 3.19688 4.26633 3.96035 2.85848 5.54065 5.22771 4.10634 4.08708 3.49655 3.23969 3.60487 3.43496 7.8814 6.67892 9.00468 6.7932 6.02234 5.96112 5.30594 6.1469 4.83714 4.48805
threshold=0.050492682028646547 0.040648899556958336 -0.24792936825945611 -0.027380278057215764 -0.018665541071911592 23.965000152587894 23.694999694824222 -0.34956807612374341 -0.035417919712842076 -0.0036909172011733156 -0.031779629419698356 -0.017261383906732038 -0.015383420933689993 0.0031370137597132035 -0.0079962086159806028 0.011541783997564116 0.025630747329457724 -0.019621602504463761 21.724999427795414 18.015000343322757 -0.0037840779945287335 0.016914340818961485 15.425000190734865 0.01415338979138714 -0.0088873205784771297 0.012927135230523802 -0.0087471822006088256 0.0024260337014908599 0.079402275724636887 0.00071292320817129007
decision_type=2 2 2 2 2 2 2 10 2 2 2 2 2 2 2 2 2 2 2 2 2 2 2 2 2 2 2 2 10 2
left_child=1 4 3 -3 -1 6 8 -7 9 -6 -10 13 16 14 -12 -15 -13 18 -14 21 24 23 -23 25 -21 -19 27 -26 -27 -22
right_child=-2 2 -4 -5 5 7 -8 -9 10 -11 11 12 17 15 -16 -17 -18 19 -20 20 29 22 -24 -25 26 28 -28 -29 -30 -31
leaf_value=-9.0999602984027239e-05 -0.00011179718335511476 -0.00023570006332674384 0.00024652252053373769 4.8773677598311711e-05 -7.9141174304783738e-06 0.00024927700372906345 -0.00032414413368067748 3.481636574076594e-05 0.00012843831749006118 -0.00021914787730970445 -4.948022573670638e-05 0.00023956576792195854 0.00022787692262069264 -0.00011498548914072403 2.2311439892542477e-05 4.9826206430212829e-05 4.0166142091902251e-05 1.7291576046656564e-07 -7.6281599122391113e-05 -6.4424175330033944e-05 -0.00014695841601700444 2.2711323069041049e-05 0.00047992728688685385 -0.00011243707560525232 0.00017438513364148529 0.00032816450147705675 0.00017896234740075799 -0.00024673266066192165 -2.9811329086952685e-05 -2.9036637992970165e-05
leaf_weight=546 192 82 703 645 312 48 49 522 155 162 596 120 217 271 709 78 98 8430 69 310 737 316 146 230 62 151 350 51 78 1098
leaf_count=546 192 82 703 645 312 48 49 522 155 162 596 120 217 271 709 78 98 8430 69 310 737 316 146 230 62 151 350 51 78 1098
internal_value=-8.41271e-05 -1.58584e-05 0.00216783 -3.43879e-05 -0.000212117 -9.27432e-05 -0.000234877 0.00359649 -0.00017971 -0.00421941 -4.55437e-05 -0.000132819 0.000126374 -0.00208585 -0.000632184 -0.00752149 0.00802752 -1.42915e-05 0.00524476 -0.000140062 -0.00174463 0.000307454 0.00616883 2.81246e-06 0.0024903 0.000228086 0.00610151 -0.00331858 0.00818777 -0.00352861
internal_weight=17533 17341 1430 727 15911 15365 14795 570 14746 474 14272 14117 12463 1654 1305 349 218 12245 286 11959 2608 9351 462 8889 773 8659 463 113 229 1835
internal_count=17533 17341 1430 727 15911 15365 14795 570 14746 474 14272 14117 12463 1654 1305 349 218 12245 286 11959 2608 9351 462 8889 773 8659 463 113 229 1835
is_linear=0
shrinkage=0.05


Tree=58
num_leaves=31
num_cat=0
split_feature=13 3 15 13 11 7 9 15 14 13 15 12 10 10 14 12 13 14 10 9 13 12 14 3 3 14 11 11 15 11
split_gain=2.64305 3.29485 2.78441 7.00195 4.22672 3.8827 3.73985 3.39957 7.63717 5.26852 3.99589 6.11154 3.67046 5.99933 4.79888 6.34658 6.18001 6.07636 5.23752 4.80283 4.42962 4.22176 4.05796 3.97745 3.84253 3.6309 5.34816 3.44294 3.39212 6.45336
threshold=38.065000534057624 -0.015007441148915611 -0.018665541071911592 22.429999351501468 -0.020171836765592806 -0.02294346016475168 0.066319793238526117 -0.013368103190865841 0.0250539094836888 23.409999847412113 -0.011247736462183354 0.050491890140625724 -0.0012572661502254776 -0.0013775123490141203 0.0091478412114857095 0.043947964103387645 17.530000686645511 0.023268635347166725 -0.0080075865289204722 -0.0012604103025304345 18.625000000000004 -0.062212446145613214 0.06920052511090892 -0.0023135666848616006 -0.019196650307643167 0.054586954999164335 0.0091428951508856233 0.0036681658206255689 -0.0099012780121826554 -0.010198884987834665
decision_type=2 2 2 2 2 2 8 2 2 2 2 2 2 2 2 2 2 2 2 10 2 2 2 2 2 2 2 2 2 2
left_child=2 -2 3 4 -1 -6 -7 8 -4 25 11 -9 13 14 15 21 28 -18 23 22 -21 -12 27 -19 -14 -10 -27 -20 -16 -30
right_child=1 -3 7 -5 5 6 -8 10 9 -11 12 -13 24 -15 16 -17 17 18 19 20 -22 -23 -24 -25 -26 26 -28 -29 29 -31
leaf_value=0.00033466035199497003 -1.1718842476086261e-07 0.001316549221430428 -8.50771616556002e-05 -0.00019798867446993353 8.1609758905941071e-05 2.9599548137098505e-05 -0.00023369892047500059 -3.0892383316546502e-05 0.00021599317387342755 0.000492818136117929 -0.00016144204925886579 -0.00035981221404635452 0.00021335549197537334 0.00043107134819832287 -0.00014812701289492028 -0.00010095632908775034 -0.00012045583729743456 5.0591699497294943e-05 2.9566580469924658e-05 0.00024617834547708341 -3.3909346724491285e-05 9.7086868709370808e-05 0.00032233513135161511 -0.00010018714814552786 -1.3680345475249566e-05 4.3457232951908503e-05 -0.0002808568381907687 0.00031655931836840656 0.00018546033086469613 -5.2476467231882962e-05
leaf_weight=62 62 47 256 252 107 77 87 616 153 105 62 64 220 101 105 173 109 356 158 123 230 1099 132 310 10484 357 45 104 165 1282
leaf_count=62 62 47 256 252 107 77 87 616 153 105 62 64 220 101 105 173 109 356 158 123 230 1099 132 310 10484 357 45 104 165 1282
internal_value=-0.000192824 0.00756881 -0.000241463 -0.00363248 0.00112613 -0.00156827 -0.00640244 -0.000123446 0.00283843 0.00568182 -0.000294155 -0.00404412 -0.000126537 0.00107008 0.000794011 0.00329835 -0.000292778 0.00197109 0.00284855 0.00572289 0.00148725 0.00462963 0.00951777 -0.000375375 -0.000630605 0.00373874 0.00124378 0.00591603 -0.00251289 -0.00188321
internal_weight=17503 109 17394 585 333 271 164 16809 916 660 15893 680 15213 4509 4408 1334 3074 1522 1413 747 353 1161 394 666 10704 555 402 262 1552 1447
internal_count=17503 109 17394 585 333 271 164 16809 916 660 15893 680 15213 4509 4408 1334 3074 1522 1413 747 353 1161 394 666 10704 555 402 262 1552 1447
is_linear=0
shrinkage=0.05


Tree=59
num_leaves=31
num_cat=0
split_feature=6 0 0 5 16 16 4 16 13 14 8 14 14 7 2 5 15 15 16 12 16 14 14 15 3 16 12 6 13 4
split_gain=2.88539 3.60965 2.65089 3.50486 2.77134 2.71326 2.57145 2.39376 2.33312 2.19925 4.48019 2.42616 2.96804 2.88193 2.21553 2.18598 2.47362 3.39279 2.16516 4.11823 4.11766 3.69874 4.99984 3.25358 6.98965 3.21224 3.21213 4.20167 3.45482 3.12966
threshold=0.58799615170628916 0.037246039293260765 0.062567884162299983 0.019754867066583241 -0.034118146873849058 -0.031779629419698356 0.013913653661930746 -0.041762716359473755 12.00999975204468 -0.12096344977185801 0.011714320840334082 -0.10344834121785244 -0.067583665573298909 0.020840979137249253 0.092184392664518958 0.0097361565236513906 0.008243301699756957 0.0046097577523931408 0.029639803565773785 0.028594674510006083 0.029027153437388712 0.023650626144740231 0.003286853869637119 0.0063598496815261427 0.00024835551211077617 0.03074235479593657 0.013959702571110679 -0.54849858343889768 17.494999885559086 0.057286227795735035
decision_type=2 2 2 2 2 2 2 2 2 2 10 2 2 2 2 2 2 2 2 2 2 2 2 2 2 2 2 2 2 2
left_child=1 6 3 4 7 -6 15 -2 -8 10 -7 -11 13 -13 -14 16 17 -1 20 25 29 22 23 -21 -25 -20 -27 -28 -29 -10
right_child=2 -3 -4 -5 5 9 8 -9 18 11 -12 12 14 -15 -16 -17 -18 -19 19 21 -22 -23 -24 24 -26 26 27 28 -30 -31
leaf_value=-9.4270348923639131e-05 3.0434424356012935e-05 0.00022964462123730217 -0.00022583590240507517 0.00016950937003374993 0.00022174058882778598 0.00035532738949999439 -0.0001446827436694278 -0.00012812078764223232 -6.1918678133080294e-06 -9.7608462672460882e-05 -2.8878619494517469e-05 0.00021288798618446453 -4.8833668156444101e-06 -2.8617021033520161e-05 9.4150716240856092e-05 4.789675375060218e-05 -8.4011597446789191e-05 0.00010848445660938927 -0.0001250143003957393 -0.00023934910202582971 0.00022803991625621481 -0.00021739892064168216 9.5228529262784414e-05 0.00020014380654916343 -0.00011194048415218085 -1.7783597050810432e-05 0.00025676550900849583 0.00015993143907266612 -0.00021995331302141846 0.00036308748628582807
leaf_weight=288 140 197 109 560 49 52 66 153 11275 58 44 135 2193 74 362 51 50 54 49 153 102 64 98 46 128 616 106 96 50 140
leaf_count=288 140 197 109 560 49 52 66 153 11275 58 44 135 2193 74 362 51 50 54 49 153 102 64 98 46 128 616 106 96 50 140
internal_value=-0.000156624 -0.00050077 0.00103716 0.00125654 0.000628834 0.00108696 -0.000599315 -0.00401024 -0.000471553 0.000891021 0.00833333 0.000637845 0.000850217 0.00657895 0.000381605 -0.00434537 -0.00561224 -0.00409357 -0.000423663 -0.00227596 -0.000197534 -0.0059816 -0.00429412 -0.007263 -0.00258621 -0.000299891 0.000403226 0.00515873 -0.000342466 -0.000286903
internal_weight=17558 13629 3929 3820 3260 2967 13432 293 12989 2918 96 2822 2764 209 2555 443 392 342 12923 1406 11517 489 425 327 174 917 868 252 146 11415
internal_count=17558 13629 3929 3820 3260 2967 13432 293 12989 2918 96 2822 2764 209 2555 443 392 342 12923 1406 11517 489 425 327 174 917 868 252 146 11415
is_linear=0
shrinkage=0.05


Tree=60
num_leaves=31
num_cat=0
split_feature=0 6 13 8 9 11 3 1 12 13 15 15 1 13 15 13 13 14 8 1 7 14 14 14 15 9 11 11 14 14
split_gain=2.60491 2.02586 2.98154 2.36115 2.34881 2.51526 3.37183 3.03452 2.47225 2.16001 2.26054 3.29979 2.07996 2.3571 2.177 3.33208 4.26146 3.13657 2.92612 2.40688 2.12128 2.10613 2.49357 3.45297 4.4899 4.30153 3.42696 2.99236 2.92233 2.54979
threshold=-0.052591120550935226 -0.75880372164298049 12.644999980926515 0.033366145842668622 -0.0726364762473765 0.030772204717271049 -0.001346092956750977 0.0034856869047917853 0.024521717099064925 17.795000076293949 -0.00096077464709509719 -0.005978730218645866 0.12614803599335703 17.32499980926514 -0.018201043557521442 25.505000114440922 26.85000038146973 0.0250539094836888 0.021157238474057264 -0.10216759964911747 -0.030328960346704011 0.15436855290822041 0.11068884178819839 0.083812216488613714 -0.0097561724259447851 0.54028135191600946 -0.0070947588285928389 0.0015109645581827815 0.076607678117126224 0.11927434384443127
decision_type=2 2 2 10 8 2 2 2 2 2 2 2 2 2 2 2 2 2 8 2 2 2 2 2 2 8 2 2 2 2
left_child=-1 2 3 -2 5 7 -7 -3 -8 -9 11 -11 14 -14 17 19 20 -6 -19 -16 -17 22 23 28 26 -26 -25 29 -21 -24
right_child=1 4 -4 -5 12 6 8 9 -10 10 -12 -13 13 -15 15 16 -18 18 -20 21 -22 -23 27 24 25 -27 -28 -29 -30 -31
leaf_value=0.00022153829959795492 -5.2099757927320545e-05 1.7245780961113681e-05 -1.4395481246075835e-05 -0.00014602020687192187 0.00014144172030914462 9.18855153332317e-05 -4.4931849245736377e-05 0.0001488656385114971 -0.00022327112070461431 4.3249271243751395e-06 -5.130244719238862e-05 0.00031226751342490065 -0.00026332198271628574 -9.0475762826506413e-06 -0.00016190571261383985 0.00045709019987064326 3.0587252747758809e-06 -0.00013836789395569674 -1.6695463480099604e-05 4.0091470341089772e-07 0.0003993869325292867 0.00018867206082944234 -0.00023122042121303494 7.9112861432827696e-05 5.7279094118269878e-05 0.00042894632955825068 -0.00012624784490412221 -0.00034110227247950123 -0.000128860201917317 6.9375982982792383e-08
leaf_weight=206 117 1563 3481 74 82 90 71 483 58 74 148 41 41 65 65 59 133 222 161 9347 40 163 46 49 145 98 64 46 203 202
leaf_count=206 117 1563 3481 74 82 90 71 483 58 74 148 41 41 65 65 59 133 222 161 9347 40 163 46 49 145 98 64 46 203 202
internal_value=-7.08737e-06 -7.31455e-05 -0.00111656 -0.00719895 0.00020532 0.00158228 -0.00353881 0.00206799 -0.00872093 0.00469169 0.00104563 0.00630435 -0.000104621 -0.00707547 -3.82022e-05 0.00010788 0.00603448 -0.0033871 -0.00528721 -2.39739e-05 0.0138889 3.61864e-05 -5.39216e-05 8.07591e-05 0.00491573 0.00874486 -0.00331858 -0.00459184 -9.94764e-05 -0.00241935
internal_weight=17637 17431 3672 191 13759 2528 219 2309 129 746 263 115 11231 106 11125 10660 232 465 383 10428 99 10363 10200 9906 356 243 113 294 9550 248
internal_count=17637 17431 3672 191 13759 2528 219 2309 129 746 263 115 11231 106 11125 10660 232 465 383 10428 99 10363 10200 9906 356 243 113 294 9550 248
is_linear=0
shrinkage=0.05


Tree=61
num_leaves=31
num_cat=0
split_feature=5 1 16 14 6 14 15 12 15 9 14 14 14 16 6 15 6 8 10 10 0 7 14 12 10 8 12 9 5 10
split_gain=3.05709 3.39434 2.99333 4.88691 4.41045 3.71509 3.27685 3.45998 3.13056 3.06953 2.7217 3.2196 3.47309 3.65729 3.1209 2.64729 2.61712 3.04669 3.40628 4.6704 2.69818 2.5823 2.92548 2.47301 3.97784 2.38158 2.33656 2.67719 2.22727 2.20824
threshold=0.011948253972003798 -0.060533578367455813 0.0074912458278096903 -0.001242221342315941 -1.1780397633203494 0.039162482689633411 0.013507838549774888 0.028594674510006083 0.012927135230523802 0.17799117446684212 -0.05546753287916955 -0.043478201036805324 -0.037778052319122728 0.023839745758493795 0.34980269687016835 0.019782603782965372 0.55462383950148297 0.077991223212204211 0.0002101400880069049 0.00097855070405028521 0.024209978264648883 0.11688116917711257 0.21504170766917155 0.0082902198416674473 -0.001991975985961902 0.19908960427766823 -0.015496668614707719 0.16203979776088898 0.01082099443577742 -0.0060493286934151782
decision_type=2 2 2 2 2 2 2 2 2 8 2 2 2 2 2 2 2 8 2 2 2 2 2 2 2 10 2 10 2 2
left_child=1 -1 8 4 -4 -5 7 9 28 -6 -9 -12 -13 -14 -15 -8 17 -2 20 -20 26 22 -18 -7 -25 -21 29 -28 -3 -19
right_child=16 2 3 5 6 23 15 10 -10 -11 11 12 13 14 -16 -17 21 18 19 25 -22 -23 -24 24 -26 -27 27 -29 -30 -31
leaf_value=8.5292033585692274e-05 4.8221932743528453e-06 -2.0772609112893435e-05 -0.00011572014607405916 9.0669322863730023e-05 0.00011364367025609381 -0.00018627468014128633 -9.6255628339188533e-05 -0.00010689197253627411 0.00013772407359794893 -5.468578418735288e-05 0.00014734147193368663 -0.00019269415158701714 4.2984262235543583e-05 -0.00013991284234531377 6.3196579012497937e-05 7.0327468852816142e-05 5.4510979998361864e-05 1.5244010674469133e-05 -0.00020805598845557473 -6.8751926052698954e-05 0.00045697132066145271 -0.00015325738892472417 -0.00011035674799880326 0.00011825605623941947 -9.5224344688785091e-05 0.00036222376966399991 -6.0224373455998485e-05 0.00010112618209132091 -6.7018817327629297e-05 0.00031515553620721417
leaf_weight=52 7913 1927 80 493 225 46 138 103 71 113 75 46 188 97 40 48 2609 96 118 894 52 112 91 113 104 61 433 202 1043 50
leaf_count=52 7913 1927 80 493 225 46 138 103 71 113 75 46 188 97 40 48 2609 96 118 894 52 112 91 113 104 61 433 202 1043 50
internal_value=-0.000123348 -0.00116953 -0.00130303 0.000248821 -0.00179965 0.00337302 -0.000955266 0.000310034 -0.00227721 0.00428994 -0.00214026 -0.00044843 -0.00235849 -0.000538462 -0.00675182 -0.00698925 0.000290951 -9.42051e-05 -0.00188877 -0.00375116 0.000510204 0.00163585 0.00194444 -0.00142586 0.000806452 -0.00259162 -0.000224072 -0.00153543 -0.00252525 0.00547945
internal_weight=17633 5002 4950 1909 1153 756 1073 887 3041 338 549 446 371 325 137 186 12631 9819 1906 1073 833 2812 2700 263 217 955 781 635 2970 146
internal_count=17633 5002 4950 1909 1153 756 1073 887 3041 338 549 446 371 325 137 186 12631 9819 1906 1073 833 2812 2700 263 217 955 781 635 2970 146
is_linear=0
shrinkage=0.05


Tree=62
num_leaves=31
num_cat=0
split_feature=9 9 11 15 15 8 10 12 3 6 16 15 11 11 11 14 13 10 12 10 10 12 16 16 15 16 12 14 16 14
split_gain=2.56434 2.73605 2.78293 2.59838 4.04198 2.1505 4.68781 5.04903 4.70269 4.42469 3.07228 2.38816 2.28842 12.856 8.8825 6.20148 10.611 3.98583 7.16235 5.60829 5.93782 5.5933 4.44413 3.94185 9.13156 6.52659 7.46239 5.5932 4.85963 5.73099
threshold=0.26915628841471234 -0.23349108993148329 0.027231937128701426 -0.031369913793905684 -0.026265544650550917 0.15301576657071161 0.014545922873123287 -0.019977139710358579 0.00011182484085059398 0.60581276484625557 -0.063867813313447361 -0.0094274806923788628 0.0036681658206255689 0.0047087702577918175 0.0023966928807116488 -0.022573745611405568 13.84500026702881 0.012020703086552011 0.027728982804785422 0.0025358686375718258 0.0012830359695055196 -0.0014831774620820968 -0.025864202673717803 -0.0051352347780867494 0.016139814761435004 -0.003189438163291924 0.024727587984372471 0.08570124221832566 -0.011133905955413524 -0.015974596701323503
decision_type=10 8 2 2 2 8 2 2 2 2 2 2 2 2 2 2 2 2 2 2 2 2 2 2 2 2 2 2 2 2
left_child=1 2 -1 -3 -5 10 7 8 -7 11 -6 -9 14 -14 17 -16 -17 19 22 20 -12 -21 -19 24 27 26 -25 28 -15 -30
right_child=-2 3 -4 4 5 6 -8 9 -10 -11 12 -13 13 23 15 16 -18 18 -20 21 -22 -23 -24 25 -26 -27 -28 -29 29 -31
leaf_value=0.00016141144453390738 0.00010252721540228614 -0.00017493189252673765 -0.00023951292523759389 0.00043772647381330954 -0.00017420802250724747 0.00017581216832672887 -0.00038096223112154827 -0.00019306253573546229 -9.0359166105084474e-05 7.0114261202068614e-05 -3.3967100318691923e-06 -9.6034779106160767e-05 0.00022153655452227693 -1.1534403581381945e-05 -0.00020812998918716939 0.00028923097044514278 -0.00010772485922429974 -0.00012726513904218694 -0.00021798829002377839 -0.00011447944969559276 0.00012303400772182007 -7.5856933540504462e-06 0.00029723310089375629 -2.8469410801684663e-05 0.00039644894244098017 1.023831196847241e-06 0.00028076652979936492 0.00040843153694829866 -1.8247237138027066e-05 -0.00020425238183689127
leaf_weight=378 764 75 53 63 49 132 80 130 57 148 4410 280 370 486 300 93 298 42 52 632 238 874 206 99 59 6407 186 42 242 407
leaf_count=378 764 75 53 63 49 132 80 130 57 148 4410 280 370 486 300 93 298 42 52 632 238 874 206 99 59 6407 186 42 242 407
internal_value=-0.000150125 -0.000278304 0.00365429 -0.000381297 -0.000338786 -0.000387585 -0.00287183 -0.00163989 0.00542328 -0.00403226 -0.00025497 -0.00670732 -0.000215308 0.000349482 -0.000871239 -0.00625904 -0.00210997 -0.000294391 0.00533333 -0.000568736 0.000290448 -0.00322045 0.00887097 -7.56811e-05 -0.0026699 0.000403467 0.00780702 -0.00363212 -0.00429515 -0.00712635
internal_weight=17652 16888 431 16457 16382 16319 827 747 189 558 15492 410 15443 8298 7145 691 391 6454 300 6154 4648 1506 248 7928 1236 6692 285 1177 1135 649
internal_count=17652 16888 431 16457 16382 16319 827 747 189 558 15492 410 15443 8298 7145 691 391 6454 300 6154 4648 1506 248 7928 1236 6692 285 1177 1135 649
is_linear=0
shrinkage=0.05


Tree=63
num_leaves=31
num_cat=0
split_feature=6 11 6 13 0 14 10 7 9 9 13 15 13 10 1 10 10 10 14 11 11 11 15 11 14 10 13 14 14 10
split_gain=2.75448 2.88005 4.64197 2.82218 3.7005 3.69666 4.35934 5.04376 3.9023 3.2284 9.4205 8.10374 3.97859 3.37502 3.3339 2.84477 3.10042 4.86857 4.21353 6.21149 4.3542 9.22881 5.22768 4.01377 5.30153 4.18706 4.38046 4.62842 5.66934 5.91688
threshold=0.58799615170628916 -0.020171836765592806 -0.26315427127311136 17.795000076293949 0.037246039293260765 -0.05546753287916955 0.0070711772695752914 -0.011159780521141081 0.20691510545435846 -0.32239102069381076 18.94999980926514 -0.0079962086159806028 18.510000228881839 -0.013788046856732237 0.0047708927068836901 -0.012508695811735191 0.006255058441205553 0.0059451726660438861 -0.017376391061688031 0.030772204717271049 -0.0073194328445433934 -0.0065232483108689778 -0.0085592012851769522 0.0021655828678432969 -0.001242221342315941 0.0044649128256998303 12.494999885559084 0.0091478412114857095 0.009860755526874045 0.0028970492937452357
decision_type=2 2 2 2 2 2 2 2 10 10 2 2 2 2 2 2 2 2 2 2 2 2 2 2 2 2 2 2 2 2
left_child=1 2 -1 4 15 8 9 -8 -5 10 12 13 -7 -12 -13 -3 17 18 19 -17 22 -22 -20 -23 -25 26 -26 -28 -29 -30
right_child=-2 3 -4 5 -6 6 7 -9 -10 -11 11 14 -14 -15 -16 16 -18 -19 20 -21 21 23 -24 24 25 -27 27 28 29 -31
leaf_value=-1.1127443135527069e-05 1.7483056723413722e-05 0.00013190125499394729 0.00010523982823283477 -0.00010619136687328289 0.0003731862223332208 -0.00012022111616757092 0.00026872781626102244 7.1422001536230156e-06 0.00016190312063866816 -5.7923532876293486e-05 7.316470462016539e-05 0.00025982993836542442 -0.00026807106813978802 -0.00018311635328370937 0.00010263390115384658 8.0572997573873446e-06 2.1061042460299403e-05 -0.00010798307220030999 -5.3992744495494436e-05 0.00025081869875056434 -0.0002450634852272128 -0.0001035323696760254 9.4835486513946381e-05 -6.6777955504755072e-05 -0.00017495757164458952 0.00018891570157865647 0.00011886501300384204 -0.00022038528458842959 1.5102344921110486e-05 -0.00015451291059754031
leaf_weight=735 3955 112 565 765 109 129 107 223 62 1872 61 176 65 88 145 1556 1884 184 185 130 113 991 368 900 68 179 379 45 1246 155
leaf_count=735 3955 112 565 765 109 129 107 223 62 1872 61 176 65 88 145 1556 1884 184 185 130 113 991 368 900 68 179 379 45 1246 155
internal_value=-0.000131039 -0.000468853 0.00176923 -0.000705457 -0.000209205 -0.00186163 -0.00101186 0.00439394 -0.00480653 -0.0017153 0.00128012 0.00510638 -0.00798969 -0.0045302 0.00957944 -0.000326663 -0.000432423 -0.000950146 -0.000716548 0.00142349 -0.001496 -0.00206084 0.00266727 -0.0016591 -0.000740242 0.000651544 -3.96197e-05 0.000424658 -0.000864454 -0.000303355
internal_weight=17552 13597 1300 12297 8604 3693 2866 330 827 2536 664 470 194 149 321 8495 8383 6499 6315 1686 4629 4076 553 3963 2972 2072 1893 1825 1446 1401
internal_count=17552 13597 1300 12297 8604 3693 2866 330 827 2536 664 470 194 149 321 8495 8383 6499 6315 1686 4629 4076 553 3963 2972 2072 1893 1825 1446 1401
is_linear=0
shrinkage=0.05


Tree=64
num_leaves=31
num_cat=0
split_feature=0 14 9 13 16 9 11 16 10 16 12 10 13 12 1 12 16 14 15 16 14 14 15 16 14 14 14 15 12 12
split_gain=2.94889 3.4455 2.92556 2.6984 4.42378 2.93904 3.01032 2.72601 2.68847 5.87679 4.31913 3.84132 5.70857 2.64982 5.29601 3.58774 5.06214 4.53036 3.55504 7.06146 6.55066 4.49363 4.16219 3.73333 3.68836 6.79888 6.23497 5.14468 3.97329 3.75605
threshold=-0.02256395581221526 -0.044623986751606441 0.27871653989270911 22.429999351501468 -0.027380278057215764 0.27871653989270911 0.011742981145945632 -0.03802707131220278 0.016350157736673924 -0.022363453584645029 -0.042339714563459634 0.017875641087257036 17.445000648498539 -0.022997205585478738 -0.0081735523205680987 -0.037333173257957868 0.004038078429422721 0.075303566395644742 0.012927135230523802 0.0097419427662660558 -0.0091057157714133346 -0.044623986751606441 0.012629228083315682 0.028161347309176191 0.099742575354610077 0.083812216488613714 0.076607678117126224 -0.011759141395043192 0.0086975765073127338 0.021636027658746174
decision_type=2 2 10 2 2 8 2 2 2 2 2 2 2 2 2 2 2 2 2 2 2 2 2 2 2 2 2 2 2 2
left_child=1 -1 8 5 7 -3 -7 -5 13 -10 -11 -12 -13 14 -2 -16 17 -17 22 21 -21 -20 24 -22 25 26 -15 -26 -27 -28
right_child=2 3 -4 4 -6 6 -8 -9 9 10 11 12 -14 18 15 16 -18 -19 19 20 23 -23 -24 -25 27 28 29 -29 -30 -31
leaf_value=0.0003190471017723355 8.6367973304577174e-05 9.9563948480738091e-05 9.3223353291922205e-05 -6.5180597586911822e-05 -0.00019035013415843739 3.3854699708685874e-05 -0.00014781574935372171 0.00016983022201704379 -0.00028827705485608509 0.00019515469508729372 -0.0002317007357002879 0.00012145116298183296 -0.0001663078952496899 -9.5971607388419549e-06 -7.7253122732790823e-05 -9.5927467028492531e-05 0.00013964385962012013 7.0974362055304006e-05 0.00051015197901487354 -4.5616965413942424e-05 0.0003231661536907891 9.1141383514348206e-06 -0.00026157234595888037 2.9596809824083581e-05 4.8172350303206119e-05 -3.6216561483486814e-05 -0.00040327799101271981 -0.00012498357687266848 0.00017291332853584731 -6.805693308637962e-05
leaf_weight=138 966 730 619 156 113 232 85 54 91 78 65 148 115 10554 567 211 305 89 135 547 120 73 42 160 265 67 116 428 170 169
leaf_count=138 966 730 619 156 113 232 85 54 91 78 65 148 115 10554 567 211 305 89 135 547 120 73 42 160 265 67 116 428 170 169
internal_value=-0.00022433 0.00188992 -0.00042236 0.00113139 -0.00286378 0.0023639 -0.00165615 0.00142857 -0.000557135 -0.00417505 -0.00160099 -0.00411585 -0.00142586 -0.000437133 0.0011927 -0.00106655 0.00161157 -0.003 -0.000708392 0.00210145 3.02297e-05 0.0103365 -0.000954619 0.00625 -0.000898547 -0.00067714 -0.000860319 -0.00443723 0.00770042 -0.00815789
internal_weight=17608 1508 16100 1370 323 1047 317 210 15481 497 406 328 263 14984 2138 1172 605 300 12846 1035 827 208 11811 280 11769 11076 10839 693 237 285
internal_count=17608 1508 16100 1370 323 1047 317 210 15481 497 406 328 263 14984 2138 1172 605 300 12846 1035 827 208 11811 280 11769 11076 10839 693 237 285
is_linear=0
shrinkage=0.05


Tree=65
num_leaves=31
num_cat=0
split_feature=10 12 0 3 9 6 14 3 10 10 11 9 10 6 16 9 3 1 13 10 10 13 10 10 1 11 11 11 8 12
split_gain=2.8424 4.87361 3.2007 2.93548 2.81756 2.61711 3.20286 4.13084 2.51005 3.52695 3.55284 2.95769 2.44913 2.4078 2.35995 3.2719 3.47941 2.80442 2.35457 2.27872 3.69265 5.48478 3.56264 3.31424 3.03867 2.9 3.92864 3.42613 2.86744 3.17017
threshold=0.0207430020860534 -0.039191737143437648 0.028828900538354078 0.0064037813013101417 -0.020717176695566771 -0.039980930486031713 -0.067583665573298909 0.0045970506611743298 0.010151750455751786 0.0059228912076465532 -0.004581313824033372 -0.080131258621846654 0.010510729988004066 0.70618649068430017 0.030013021656405296 0.21081288377912358 0.00024835551211077617 0.03544642828125933 21.134999275207523 0.0044649128256998303 0.0027132699597303138 13.84500026702881 0.00090086264031330476 0.00034887818574524948 0.028561623875434931 0.013766768537239795 0.011258246929470419 0.022655282977909755 0.021157238474057264 -0.024923453703148576
decision_type=2 2 2 2 8 2 2 2 2 2 2 10 2 2 2 8 2 2 2 2 2 2 2 2 2 2 2 2 10 2
left_child=2 -2 5 -4 -5 -1 7 8 9 -7 -11 -12 14 -10 19 17 -17 -16 -9 20 22 -22 23 28 -25 26 -21 -27 -8 -30
right_child=1 -3 3 4 -6 6 12 18 13 10 11 -13 -14 -15 15 16 -18 -19 -20 25 21 -23 -24 24 -26 27 -28 -29 29 -31
leaf_value=-9.7521326417901118e-06 0.0001754568791663022 -0.00018203967119640585 0.00018906941161942115 0.0002077262405610663 -3.5711268211816551e-05 0.00017103855145535944 -1.0281859824348055e-05 1.4057872252136775e-05 0.00014472329370548943 -0.00011101239546567232 0.0003182274276067661 -7.0755003886524388e-07 -0.000125404647309737 0.00034431342038706864 6.8686813148225633e-05 1.3504750213210403e-05 -0.00028902723038140213 -8.2948266107264051e-05 -0.00019197468227992126 6.8785874946491804e-05 0.00011648439705338647 -9.9757023231609494e-05 9.2631278123658626e-05 -0.00018532086383300897 5.0178622090837075e-05 0.00027526727354261092 -0.0001784599398377329 3.6185112954477084e-05 -0.00019685146142325505 8.8589782311654857e-05
leaf_weight=9943 64 116 303 159 421 85 2029 224 81 74 40 83 240 102 180 56 80 157 40 436 115 345 499 192 47 136 107 164 67 984
leaf_count=9943 64 116 303 159 421 85 2029 224 81 74 40 83 240 102 180 56 80 157 40 436 115 345 499 192 47 136 107 164 67 984
internal_value=-0.000138027 -0.00638889 -7.33222e-05 0.00285957 0.000775862 -0.000230219 0.00054472 0.00366941 0.00650538 0.0035461 -0.000126904 0.0050813 0.000154268 0.0110656 0.000366464 -0.00301268 -0.00955882 -0.00037092 -0.00132576 0.000678578 0.000210379 -0.00402174 0.000720272 0.000128051 -0.00554393 0.00305457 0.00087477 0.007 0.000568182 0.00268792
internal_weight=17569 180 17389 883 580 16506 6563 729 465 282 197 123 5834 183 5594 473 136 337 264 5121 4278 460 3818 3319 239 843 543 300 3080 1051
internal_count=17569 180 17389 883 580 16506 6563 729 465 282 197 123 5834 183 5594 473 136 337 264 5121 4278 460 3818 3319 239 843 543 300 3080 1051
is_linear=0
shrinkage=0.05


end of trees

feature_importances:
spy_ret_1d=246
sector_ret_5d=222
spy_ret_20d=221
vix_level=207
spy_ret_5d=200
vix_chg_1d=200
sector_ret_1d=188
atr_pct=106
dvol_z_20=80
dist_ma200=64
dist_ma50=60
overnight_gap=54
ret_1d=30
parkinson_20=30
dist_ma20=28
ret_5d=24
ret_20d=20

parameters:
[boosting: gbdt]
[objective: quantile]
[metric: quantile]
[tree_learner: serial]
[device_type: cpu]
[data_sample_strategy: bagging]
[data: ]
[valid: ]
[num_iterations: 120]
[learning_rate: 0.05]
[num_leaves: 31]
[num_threads: -1]
[seed: 0]
[deterministic: 0]
[force_col_wise: 1]
[force_row_wise: 0]
[histogram_pool_size: -1]
[max_depth: -1]
[min_data_in_leaf: 40]
[min_sum_hessian_in_leaf: 0.001]
[bagging_fraction: 0.85]
[pos_bagging_fraction: 1]
[neg_bagging_fraction: 1]
[bagging_freq: 1]
[bagging_seed: 3]
[bagging_by_query: 0]
[feature_fraction: 0.85]
[feature_fraction_bynode: 1]
[feature_fraction_seed: 2]
[extra_trees: 0]
[extra_seed: 6]
[early_stopping_round: 0]
[early_stopping_min_delta: 0]
[first_metric_only: 0]
[max_delta_step: 0]
[lambda_l1: 0]
[lambda_l2: 0]
[linear_lambda: 0]
[min_gain_to_split: 0]
[drop_rate: 0.1]
[max_drop: 50]
[skip_drop: 0.5]
[xgboost_dart_mode: 0]
[uniform_drop: 0]
[drop_seed: 4]
[top_rate: 0.2]
[other_rate: 0.1]
[min_data_per_group: 100]
[max_cat_threshold: 32]
[cat_l2: 10]
[cat_smooth: 10]
[max_cat_to_onehot: 4]
[top_k: 20]
[monotone_constraints: ]
[monotone_constraints_method: basic]
[monotone_penalty: 0]
[feature_contri: ]
[forcedsplits_filename: ]
[refit_decay_rate: 0.9]
[cegb_tradeoff: 1]
[cegb_penalty_split: 0]
[cegb_penalty_feature_lazy: ]
[cegb_penalty_feature_coupled: ]
[path_smooth: 0]
[interaction_constraints: ]
[verbosity: -1]
[saved_feature_importance_type: 0]
[use_quantized_grad: 0]
[num_grad_quant_bins: 4]
[quant_train_renew_leaf: 0]
[stochastic_rounding: 1]
[linear_tree: 0]
[max_bin: 255]
[max_bin_by_feature: ]
[min_data_in_bin: 3]
[bin_construct_sample_cnt: 200000]
[data_random_seed: 1]
[is_enable_sparse: 1]
[enable_bundle: 1]
[use_missing: 1]
[zero_as_missing: 0]
[feature_pre_filter: 1]
[pre_partition: 0]
[two_round: 0]
[header: 0]
[label_column: ]
[weight_column: ]
[group_column: ]
[ignore_column: ]
[categorical_feature: ]
[forcedbins_filename: ]
[precise_float_parser: 0]
[parser_config_file: ]
[objective_seed: 5]
[num_class: 1]
[is_unbalance: 0]
[scale_pos_weight: 1]
[sigmoid: 1]
[boost_from_average: 1]
[reg_sqrt: 0]
[alpha: 0.5]
[fair_c: 1]
[poisson_max_delta_step: 0.7]
[tweedie_variance_power: 1.5]
[lambdarank_truncation_level: 30]
[lambdarank_norm: 1]
[label_gain: ]
[lambdarank_position_bias_regularization: 0]
[eval_at: ]
[multi_error_top_k: 1]
[auc_mu_weights: ]
[num_machines: 1]
[local_listen_port: 12400]
[time_out: 120]
[machine_list_filename: ]
[machines: ]
[gpu_platform_id: -1]
[gpu_device_id: -1]
[gpu_device_id_list: ]
[gpu_use_dp: 0]
[num_gpu: 1]

end of parameters

pandas_categorical:[]
