tree
version=v4
num_class=1
num_tree_per_iteration=1
label_index=0
max_feature_idx=16
objective=quantile
feature_names=ret_1d ret_5d ret_20d overnight_gap atr_pct parkinson_20 dvol_z_20 dist_ma20 dist_ma50 dist_ma200 spy_ret_1d spy_ret_5d spy_ret_20d vix_level vix_chg_1d sector_ret_1d sector_ret_5d
feature_infos=[-0.19367687328852379:0.19129235618597318] [-0.29323308270676685:0.25542406311637067] [-0.33865895081142272:0.43964026288481484] [-0.21994025392083649:0.24208443271767832] [0.0090554637629026383:0.10937742873447648] [0.0059984329622390841:0.055930872373900473] [-2.7456737460734493:4.3248322039490974] [-0.29509790306901829:0.30859826033407756] [-0.33396490325695882:0.4434180138568129] [-0.4390127015160854:1.1183611665059368] [-0.058542947643003718:0.10501933612632941] [-0.11496158439845272:0.082843216242346029] [-0.12265592443394913:0.15756596870864792] [11.859999656677246:52.330001831054688] [-0.35753873962348437:0.74039073966007019] [-0.062590274434280224:0.087237479806139051] [-0.13928157589803014:0.088314485729671599]
tree_sizes=2995 3009 3001 3012 2986 3036 3004 3041 3004 3000 3024 3041 3033 3013 2984 3028 3023 3002 3013 3013 3002 3034 3043 2988 3015 3016 3014 2990 3031 3017 3020 3016 2994 3040 2986 3004 3021 3028 3024 3029 3003

Tree=0
num_leaves=31
num_cat=0
split_feature=5 16 16 16 13 5 10 15 15 15 13 10 14 10 15 12 12 15 13 14 10 12 14 13 10 15 13 13 14 15
split_gain=81.9543 17.8535 14.6337 14.071 10.3033 9.53758 8.22806 8.06925 8.50035 14.7632 9.31268 8.40811 9.42409 11.7767 7.3787 7.18477 7.02547 6.70821 8.9565 9.86925 6.5787 9.11654 8.02838 6.36099 11.7071 10.2687 7.70034 6.03552 5.88472 5.77907
threshold=0.014652368193594943 -0.03802707131220278 0.014299574324878496 0.030013021656405296 31.844999313354496 0.021928582885883841 0.010824096152379449 -0.018665541071911592 -0.0058221483635261797 -0.0053008219967415884 20.060000419616703 0.0056625653487155656 -0.03839547318596314 0.011197941469223484 -0.010558255359063682 0.032816284988903439 0.040854121966551922 -0.0009004998361991089 18.335000038146976 -0.077913276979976895 0.0025358686375718258 0.033234533088993386 -0.037374592254897913 15.234999656677248 0.0095076274836749537 0.0053984652447951484 17.494999885559086 15.085000038146974 0.020125848996620292 -0.006523053685292989
decision_type=2 2 2 2 2 2 2 2 2 2 2 2 2 2 2 2 2 2 2 2 2 2 2 2 2 2 2 2 2 2
left_child=2 -2 7 6 5 -3 14 16 10 -10 15 20 17 -14 -4 -9 -1 -13 19 -19 22 28 -11 24 -5 -25 -27 -21 -22 -16
right_child=1 4 3 23 -6 -7 -8 8 9 11 -12 12 13 -15 29 -17 -18 18 -20 27 21 -23 -24 25 -26 26 -28 -29 -30 -31
leaf_value=-0.0093179382150992748 -0.0097278621513396495 -0.0090550526510924101 -0.0092071717139333483 -0.0091487844008952372 -0.0085484052557148974 -0.0092372640501707792 -0.0090528711210936304 -0.0089530370198190219 -0.0094536250457167622 -0.0088107326999306672 -0.0086934201128315187 -0.0087885705986991518 -0.0087418771814554933 -0.0091921558370813734 -0.0086721811094321311 -0.0087971194996498518 -0.0088523586979135874 -0.0088136868202127513 -0.0091874054167419665 -0.0090903738513588902 -0.0091941662132740028 -0.008894022996537387 -0.0089773685205727823 -0.0091028900351375341 -0.0087615665630437437 -0.0086946656170766804 -0.0090202043764293187 -0.00892195466440171 -0.0089163930620998148 -0.0087861726991832253
leaf_weight=224 487 5685 44 343 71 1865 132 1191 108 235 330 95 469 50 123 414 51 306 241 182 335 297 2119 139 76 208 95 211 91 1419
leaf_count=224 487 5685 44 343 71 1865 132 1191 108 235 330 95 469 50 123 414 51 306 241 182 335 297 2119 139 76 208 95 211 91 1419
internal_value=-0.00899827 -0.0126931 -0.00585406 -0.00263757 -0.0121 -0.0122783 -2.3017e-05 -0.0070478 -0.00670194 -0.00784217 -0.00390941 -0.00741599 -0.00441807 0.00108051 0.00097524 -0.00548226 -0.0154415 -0.00717533 -0.00845501 -0.00558922 -0.00893005 -0.0131017 -0.00764878 -0.00785452 -0.0122686 -0.00367019 0.00149162 -0.0108317 -0.0177897 0.00155133
internal_weight=17636 8108 9528 2579 7621 7550 1718 6949 6674 4739 1935 4631 1554 519 1586 1605 275 1035 940 699 3077 723 2354 861 419 442 303 393 426 1542
internal_count=17636 8108 9528 2579 7621 7550 1718 6949 6674 4739 1935 4631 1554 519 1586 1605 275 1035 940 699 3077 723 2354 861 419 442 303 393 426 1542
is_linear=0
shrinkage=1


Tree=1
num_leaves=31
num_cat=0
split_feature=5 16 16 12 16 4 12 8 16 10 12 13 13 14 10 11 14 12 10 14 10 13 13 16 12 3 16 10 11 13
split_gain=76.8513 16.4667 13.8065 13.0885 8.96759 8.17651 6.91201 6.37394 5.99506 5.87374 5.87366 7.82656 6.36016 8.67439 11.7618 9.04587 7.57502 6.75897 6.7287 5.56987 5.50879 8.76961 7.15585 6.30519 5.40433 5.38507 5.34359 5.20121 5.13611 14.5378
threshold=0.014305841274832825 0.014299574324878496 -0.03802707131220278 -0.075828254732232245 0.030013021656405296 0.030663805990981365 0.050491890140625724 -0.10083193775135539 0.016855035752112339 -0.020247537407416468 0.044320359090521573 16.98499965667725 12.925000190734865 -0.034895651013681799 -0.001746991736331027 0.010325592829658616 -0.03897851358283843 0.026209959433217581 0.0010681409799049304 -0.069744182185856193 0.0095076274836749537 15.234999656677248 16.32499980926514 0.034880061024600513 0.012058038657318472 0.0014751598653307554 0.0097419427662660558 -0.0019500004630599863 -0.017068833431084392 28.970000267028812
decision_type=2 2 2 2 2 2 2 10 2 2 2 2 2 2 2 2 2 2 2 2 2 2 2 2 2 2 2 2 2 2
left_child=1 7 28 -4 6 19 8 -1 -3 -7 12 -12 17 16 27 -16 -14 -9 24 -5 21 23 -22 -6 -17 -25 -20 -15 29 -2
right_child=2 4 3 5 20 9 -8 10 -10 -11 11 -13 13 14 15 18 -18 -19 26 -21 22 -23 -24 25 -26 -27 -28 -29 -30 -31
leaf_value=-0.00014308273617643868 8.9217848144471616e-05 0.00032427035999717192 0.0003769985982580693 8.2895299419760712e-05 -0.0006287499587051571 0.00036315979094069922 3.0232411809265597e-05 -0.00035115011036396026 0.00017761881928890944 -0.00019802242750301959 0.00017551417113281786 -5.2933092229067932e-06 7.613946974743157e-05 7.5557252275757462e-05 -0.00011372162611223754 0.00011448638630099598 0.00035675335442647338 -2.699207165278491e-05 0.00020467116555664689 -6.3344126101583245e-05 0.00030353176232893024 0.00011781973851611839 -0.00014358620392158629 7.5994674116373038e-05 -0.00016498225508257744 -0.00016882482683286076 -0.00019144278601743278 0.00032807676121592526 -0.00082256461260840305 -0.0015731640881858765
leaf_weight=236 170 196 136 494 50 55 268 75 1182 3673 596 319 1139 2001 1022 50 107 410 270 3798 101 315 51 128 158 131 78 65 210 124
leaf_count=236 170 196 136 494 50 55 268 75 1182 3673 596 319 1139 2001 1022 50 107 410 270 3798 101 315 51 128 158 131 78 65 210 124
internal_value=-1.98773e-05 0.00322977 -0.0033776 -0.00288131 0.00675062 -0.00314214 0.00883961 0.00192308 0.0102685 -0.00485515 0.00222576 0.00592896 0.00159535 0.00213701 0.000905598 -0.00234474 0.00573836 -0.00386598 0.00278777 -0.00165424 0.00231959 0.000240385 0.0108553 -0.00574434 -0.00432692 -0.00260618 0.00704023 0.00338819 -0.0114087 -0.00714286
internal_weight=17608 8948 8660 8156 2422 8020 1646 6526 1378 3728 6290 915 5375 4890 3644 1578 1246 485 556 4292 776 624 152 309 208 259 348 2066 504 294
internal_count=17608 8948 8660 8156 2422 8020 1646 6526 1378 3728 6290 915 5375 4890 3644 1578 1246 485 556 4292 776 624 152 309 208 259 348 2066 504 294
is_linear=0
shrinkage=0.05


Tree=2
num_leaves=31
num_cat=0
split_feature=5 16 16 12 16 5 12 16 6 12 16 5 13 11 13 13 16 12 13 7 12 11 12 13 13 16 13 13 13 11
split_gain=67.36 13.5472 13.5246 11.2912 10.2501 9.47244 7.31618 6.05836 5.84319 6.5683 5.67227 5.7422 5.15475 5.06972 5.22918 6.74509 9.23768 6.73825 6.22806 5.56093 5.05691 7.16203 7.49567 7.0348 6.33116 5.19991 4.69806 4.62637 4.66801 6.55707
threshold=0.014262069798451909 0.014299574324878496 -0.063867813313447361 -0.075828254732232245 0.030013021656405296 0.021928582885883841 0.048519167358985434 0.0097419427662660558 -0.39034802505818927 -0.031709491768756808 0.01422268507827529 0.012453464088910795 31.844999313354496 -0.023324980459216712 25.505000114440922 21.134999275207523 -0.013650314333673695 0.0011335469917099774 23.409999847412113 -0.009981635075113791 0.037928196515582775 -0.0078155489533487926 -0.026522918814270154 16.875000000000004 20.375000000000004 0.0061326030174331256 17.445000648498539 15.105000019073488 14.734999656677248 0.031328767211223359
decision_type=2 2 2 2 2 2 2 2 2 2 2 2 2 2 2 2 2 2 2 2 2 2 2 2 2 2 2 2 2 2
left_child=1 10 -2 -4 6 7 -3 13 9 -9 11 20 -7 -5 15 19 -17 18 -18 -15 21 -1 26 -22 -24 -25 -23 28 29 -6
right_child=2 4 3 5 27 12 -8 8 -10 -11 -12 -13 -14 14 -16 16 17 -19 -20 -21 23 22 24 25 -26 -27 -28 -29 -30 -31
leaf_value=0.00011501111168763599 -0.0011760191982029937 0.00019473428116179999 0.00037099780572862073 5.1676900475285982e-05 -0.00010468072044022849 -0.00027289098536130039 2.5050681782886385e-05 -0.0002460669266292825 -6.5756729454733405e-05 8.2880123518407382e-05 -0.0003543129042664077 -2.3577982210549327e-07 0.00022171238490227555 -3.5208947956562062e-05 0.00045512577315093956 -0.00075893898133654156 -0.00050433353288099165 0.00042187223094515509 0.00014240937132854018 -0.00013806127419229596 0.00015033574629342184 0.00024943818940664645 -1.163163842284121e-05 -8.396701145102267e-05 0.0002923573790758383 0.00022221739450469609 7.6813929161289723e-05 0.0001073098805645714 -0.00029574347386369487 0.00021408532057830599
leaf_weight=997 142 1329 156 451 262 1973 281 67 1501 938 44 2137 54 1445 62 170 122 40 52 1658 749 110 2019 213 51 44 94 415 46 48
leaf_count=997 142 1329 156 451 262 1973 281 67 1501 938 44 2137 54 1445 62 170 122 40 52 1658 749 110 2019 213 51 44 94 415 46 48
internal_value=8.48896e-05 0.00317061 -0.00300362 -0.00275348 0.00639437 -0.00299719 0.0086646 -0.00206732 -0.000139665 0.00281095 0.00198204 0.00210477 -0.00598175 -0.003275 -0.00390955 -0.00416547 -0.0104167 -0.00350467 -0.00775862 -0.00339188 0.00316226 0.0022088 0.000659631 0.00626243 -0.000241546 -0.000875486 0.00980392 0.0016537 -0.00252809 -0.000322581
internal_weight=17670 8839 8831 8689 2381 8533 1610 6506 2506 1005 6458 6414 2027 4000 3549 3487 384 214 174 3103 4277 3271 2274 1006 2070 257 204 771 356 310
internal_count=17670 8839 8831 8689 2381 8533 1610 6506 2506 1005 6458 6414 2027 4000 3549 3487 384 214 174 3103 4277 3271 2274 1006 2070 257 204 771 356 310
is_linear=0
shrinkage=0.05


Tree=3
num_leaves=31
num_cat=0
split_feature=13 14 16 11 10 16 10 13 14 10 8 16 16 0 12 12 10 11 10 11 11 10 11 13 11 12 13 16 10 16
split_gain=27.6951 15.6582 11.0734 17.1623 30.5149 14.5503 11.1933 10.7483 10.1031 9.72918 9.15105 8.32088 13.316 11.8935 10.7627 10.9191 10.8054 9.95718 9.93754 7.45235 7.43547 7.15 7.07034 11.1915 7.8893 6.77438 6.40196 7.16373 5.66994 5.6267
threshold=16.875000000000004 -0.077913276979976895 -0.063867813313447361 -0.023324980459216712 0.0027897371119552932 -0.03802707131220278 -0.029463617054616639 16.469999313354496 0.079615825148664734 0.018838458170826636 0.11544568902718645 0.030013021656405296 0.014299574324878496 0.009918247341826782 0.037928196515582775 -0.027486536479514653 0.010510729988004066 0.0065559076404506653 0.0095076274836749537 0.0051016705998240272 -0.017068833431084392 -0.0066375286305050954 0.00023772449314352076 13.795000076293947 0.0044457206101340416 0.03728924944291568 16.260000228881839 0.019126617370329283 -0.015857529403489442 0.01358918928201547
decision_type=2 2 2 2 2 2 2 2 2 2 8 2 2 2 2 2 2 2 2 2 2 2 2 2 2 2 2 2 2 2
left_child=1 -1 -2 4 6 20 -4 9 -9 11 28 12 14 17 15 -3 21 -14 -13 -12 -5 -16 23 -23 -24 29 27 -19 -7 -17
right_child=2 7 3 5 -6 10 -8 8 -10 -11 19 18 13 -15 16 25 -18 26 -20 -21 -22 22 24 -25 -26 -27 -28 -29 -30 -31
leaf_value=0.00022594988932978598 -0.00097778618092270349 0.00025216690831657621 -0.0014951185956306292 2.8979847372102074e-05 -0.00022231498379114787 -0.00023637415286357282 0.00026730619381560254 0.00017322041987645205 -0.00050012307731522019 0.0004077878257179691 -7.0792335231089926e-05 -0.00015201686223044811 4.0394781390205164e-06 -3.0275198275921903e-05 0.00038100932377201384 -2.9596527713874819e-05 -0.00052624123815403435 0.00028910690465709188 0.00026928006446760264 -0.00037235788227699232 -0.00063669136564349182 -0.00032892432844528233 0.00024145442353838009 0.00018859068081656001 6.4210071708657726e-05 -0.00035571774983982323 -0.00010483567590126777 0.00012428275089478111 -3.4174409141996855e-05 -0.00032366004894283836
leaf_weight=573 173 104 44 83 233 266 927 798 43 67 433 700 367 552 84 3392 42 304 98 418 264 144 200 68 889 105 53 642 5409 124
leaf_count=573 173 104 44 83 233 266 927 798 43 67 433 700 367 552 84 3392 42 304 98 418 264 144 200 68 889 105 53 642 5409 124
internal_value=3.26723e-05 0.00189592 -0.00207879 -0.0018107 0.00369601 -0.00277535 0.00759526 0.00137306 0.00674792 0.000803403 -0.00224487 0.00064184 0.00118812 0.00474453 -0.00013587 -0.00155034 0.00355641 0.00724744 -0.00419799 -0.00707991 -0.0127522 0.00431408 0.00340123 -0.00495283 0.00502755 -0.00200911 0.00983483 0.0107822 -0.00151982 -0.00163538
internal_weight=17599 9349 8250 8077 1204 6873 971 8776 841 7935 6526 7868 7070 1918 5152 3725 1427 1366 798 851 347 1385 1301 212 1089 3621 999 946 5675 3516
internal_count=17599 9349 8250 8077 1204 6873 971 8776 841 7935 6526 7868 7070 1918 5152 3725 1427 1366 798 851 347 1385 1301 212 1089 3621 999 946 5675 3516
is_linear=0
shrinkage=0.05


Tree=4
num_leaves=31
num_cat=0
split_feature=5 16 16 13 16 15 13 5 5 6 2 16 13 15 15 13 16 15 14 6 6 1 16 13 15 14 15 13 14 14
split_gain=66.1985 11.9533 9.7167 8.6701 8.53094 6.82785 8.92805 6.67143 5.77648 6.00502 5.75871 5.90931 5.16344 4.92921 6.44405 4.91399 4.50722 4.17693 4.35631 4.1647 4.11138 3.99244 3.94566 3.91801 3.90429 3.90337 3.86635 10.2045 3.81212 5.62231
threshold=0.014262069798451909 -0.036990187372662291 0.014299574324878496 30.345000267028812 0.030013021656405296 0.0046097577523931408 15.234999656677248 0.019898928276502498 0.012538280865818796 2.5166251893518465 -0.11491198896696496 0.0097419427662660558 17.494999885559086 -0.0096585751381613166 -0.006523053685292989 18.035000801086429 0.03570487728321637 -0.018201043557521442 0.022797718540964799 0.058936264463572037 -0.39034802505818927 0.034163960897059871 0.010739436879134924 28.970000267028812 0.012629228083315682 -0.083456210331023115 -0.015920747741414772 26.494999885559086 0.12307845124318741 0.14228104891203866
decision_type=2 2 2 2 2 2 2 2 2 2 2 2 2 2 2 2 2 2 2 2 2 2 2 2 2 2 2 2 2 2
left_child=2 24 8 7 13 16 -7 10 9 28 -3 -12 -8 -4 -15 20 -6 -10 -19 -16 -13 -5 -22 -9 26 -17 -2 -28 -1 -30
right_child=1 3 4 21 5 6 12 23 17 -11 11 15 -14 14 19 25 -18 18 -20 -21 22 -23 -24 -25 -26 -27 27 -29 29 -31
leaf_value=6.967557384901739e-05 -0.00081111966666043379 0.00010947250119184901 -0.00011101919710054071 0.00042170693403216324 -0.0002795595486482762 -4.0836370651941343e-05 0.00028835011284467337 -0.00018799718875918189 -0.0001868312355329544 -0.0001413250359173981 -8.8093964742547552e-05 0.00011015201662026818 1.8426594537595577e-05 0.00029885012403494326 0.00017467142653913479 0.00019840985271293897 5.3674738326844626e-06 -2.5523299162159668e-05 8.4973252873169278e-05 0.00010182554811035503 0.00025638967136743304 -2.5244231448004907e-05 -2.9290947184636021e-05 -0.00055695424465084214 -0.0013888480400748814 -0.00016848552377341552 -0.00029981436810241576 0.00051899575004264069 0.00032152457073876577 8.5245774578652372e-05
leaf_weight=3953 225 311 43 90 98 262 190 2554 105 190 3020 609 79 102 909 56 132 1311 628 541 55 56 882 41 61 434 277 52 83 169
leaf_count=3953 225 311 43 90 98 262 190 2554 105 190 3020 609 79 102 909 56 132 1311 628 541 55 56 882 41 61 434 277 52 83 169
internal_value=9.13346e-05 -0.00299496 0.00315236 -0.0024852 0.00589983 0.00154402 0.00466102 -0.00270661 0.00214707 0.00316837 -0.0017002 -0.00210641 0.0110595 0.00797806 0.00844072 -2.4558e-05 -0.00565217 -4.89237e-05 0.00047705 0.00758621 0.00135834 0.00958904 -0.000720384 -0.00478805 -0.00971545 -0.00438776 -0.0083935 -0.00493921 0.00356124 0.00952381
internal_weight=17518 8723 8795 8108 2356 761 531 7962 6439 4395 5367 5056 269 1595 1552 2036 230 2044 1939 1450 1546 146 937 2595 615 490 554 329 4205 252
internal_count=17518 8723 8795 8108 2356 761 531 7962 6439 4395 5367 5056 269 1595 1552 2036 230 2044 1939 1450 1546 146 937 2595 615 490 554 329 4205 252
is_linear=0
shrinkage=0.05


Tree=5
num_leaves=31
num_cat=0
split_feature=5 16 16 12 5 16 8 10 16 6 15 16 15 15 12 16 15 15 15 10 15 11 12 10 10 12 11 12 12 10
split_gain=56.5139 11.0722 10.0465 12.1939 8.25262 7.31828 6.14786 6.12123 6.10438 8.86276 5.36843 6.01644 4.97802 12.5926 7.53672 8.60359 5.6051 9.90741 9.30271 7.28441 6.49865 6.92958 6.20602 9.83687 5.20705 5.18971 9.93004 5.25995 5.05089 5.43593
threshold=0.014262069798451909 0.014299574324878496 -0.063867813313447361 -0.075828254732232245 0.021928582885883841 0.030013021656405296 0.15301576657071161 0.013109315021302749 0.0057737720586520389 -0.39034802505818927 0.0046097577523931408 0.035183239695553266 0.0086741357081352461 0.008243301699756957 0.0048491469985487709 0.010462787145727239 -0.0058221483635261797 -0.0053008219967415884 -0.0069645053026807782 0.0092143368425633438 -0.017480169727355329 -0.017686145420045315 0.026873376718857592 0.0038486575209699674 0.011197941469223484 -0.031331813818551983 0.0023966928807116488 -0.016904021540445843 0.0020578799164406862 0.010263940972428777
decision_type=2 2 2 2 2 2 8 2 2 2 2 2 2 2 2 2 2 2 2 2 2 2 2 2 2 2 2 2 2 2
left_child=1 6 -2 -4 8 7 12 -3 -5 -10 11 -7 13 16 24 -16 18 -18 20 25 -1 -22 -23 -24 -14 26 -19 -27 -21 -30
right_child=2 5 3 4 -6 10 -8 -9 9 -11 -12 -13 14 -15 15 -17 17 19 -20 28 21 22 23 -25 -26 27 -28 -29 29 -31
leaf_value=-6.8503698870852605e-05 -0.00091573928696170055 0.00015796584666146371 0.00038240023471058048 -0.00010035391344375422 -0.00023690359742600689 -0.00023310750563347972 -0.00020045190075616118 -0.00011927607997880849 6.5659991396605559e-05 -7.6263941125362264e-05 0.00010174978806223277 1.2588035742627617e-05 -0.00014773030172544898 -0.00028095844156414385 0.0002317208946139781 -8.800784330025638e-05 -0.00041860491058869233 4.9206616192610469e-05 0.00023645383530434627 0.00035885052000777433 0.00026856956430311771 4.0318404172646864e-07 0.00018480829582234222 -0.00010858440118960796 0.00012565930154549276 -0.00020280298315398612 0.00036303212422583974 6.8184929448763393e-06 0.00023348032819114998 -1.3054008808456325e-05
leaf_weight=308 147 1537 156 3551 2028 94 145 73 1197 1686 548 143 129 117 364 82 102 216 241 80 237 806 326 60 76 150 68 2765 74 137
leaf_count=308 147 1537 156 3551 2028 94 145 73 1197 1686 548 143 129 117 364 82 102 216 241 80 237 806 326 60 76 150 68 2765 74 137
internal_value=-7.08496e-06 0.00280469 -0.00285511 -0.00263402 -0.00288939 0.00570981 0.00173145 0.00763975 -0.00201274 -0.000303503 0.00175159 -0.00453586 0.00196434 0.00149024 0.00610599 0.00975336 0.00183124 0.000654232 0.00396866 0.00110315 0.00269142 0.00411127 0.00255872 0.00777202 -0.00182927 0.000414192 0.0068662 -0.000214408 0.00867698 0.00462085
internal_weight=17643 8878 8765 8618 8462 2395 6483 1610 6434 2883 785 237 6338 5687 651 446 5570 3592 1978 3490 1737 1429 1192 386 205 3199 284 2915 291 211
internal_count=17643 8878 8765 8618 8462 2395 6483 1610 6434 2883 785 237 6338 5687 651 446 5570 3592 1978 3490 1737 1429 1192 386 205 3199 284 2915 291 211
is_linear=0
shrinkage=0.05


Tree=6
num_leaves=31
num_cat=0
split_feature=4 16 16 13 11 15 16 10 11 12 10 7 15 15 11 12 13 11 11 16 12 13 13 10 10 4 15 13 15 9
split_gain=48.1975 10.1544 8.37346 10.7054 8.69483 14.0121 7.82936 6.79116 6.75927 6.10937 10.1007 6.56036 5.99045 5.7606 5.50361 6.35375 5.50243 8.32162 7.33777 7.17334 6.82732 8.26886 5.43751 5.32135 5.37265 5.26022 5.23466 5.12028 4.95938 4.90707
threshold=0.022984551312832276 0.014299574324878496 -0.03802707131220278 31.844999313354496 -0.017068833431084392 -0.015920747741414772 0.030013021656405296 0.0074825472221409237 0.050492682028646547 0.039147436974305568 0.010510729988004066 -0.036743110860208365 -0.020062328134948789 -0.010558255359063682 0.023193320881576888 0.076145599776237818 21.664999961853031 0.0091428951508856233 -0.0025546673887277822 0.018185901231039473 -0.017558025574422261 23.409999847412113 21.954999923706058 -0.0016894208297127398 0.0207430020860534 0.031719860446975189 0.0066106161653930471 16.819999694824222 1.0000000180025095e-35 0.15682241410059419
decision_type=2 2 2 2 2 2 2 2 2 2 2 2 2 2 2 2 2 2 2 2 2 2 2 2 2 2 2 2 2 8
left_child=1 9 4 8 5 -2 13 -7 14 11 27 -1 -13 -3 16 23 25 18 20 -19 21 26 -22 -16 -25 -4 -18 -11 -15 -8
right_child=2 6 3 -5 -6 7 29 -9 -10 10 -12 12 -14 28 15 -17 17 19 -20 -21 22 -23 -24 24 -26 -27 -28 -29 -30 -31
leaf_value=0.00012358107822787288 -0.0007722705060055926 -0.00017235143277672993 -5.3177324834632631e-05 0.00034843636073043536 -0.00065930254676257495 0.00039233684997858238 7.6934831944261439e-05 -0.00080773093819814894 -0.00038348028447700338 0.00015084844156962028 -0.0003641303886567293 -0.00032293797475272269 1.1956110040555348e-05 0.0002169986252109301 -0.00040774858380005028 -0.00019007118962478857 -0.00071392604844467517 0.00049092130561982931 -0.00051247081548769257 -0.00017174406455182321 0.0008644110340814301 3.8472597305416486e-05 4.9645540605468103e-05 0.00010864238970149012 -0.00035128330744529283 -0.00020564845585020441 -5.0060146905677507e-06 1.1713971644723536e-05 0.0001161759953039035 -0.00011490699974076352
leaf_weight=552 156 48 4083 80 231 139 550 43 147 824 58 78 4019 436 60 202 101 127 71 54 44 457 149 916 41 2176 56 387 1104 238
leaf_count=552 156 48 4083 80 231 139 550 43 147 824 58 78 4019 436 60 202 101 127 71 54 44 457 149 916 41 2176 56 387 1104 238
internal_value=0.000126227 0.00289969 -0.00233848 -0.00195687 -0.00821617 -0.00310651 0.00566077 0.00631868 -0.0021246 0.00179115 0.00486604 0.000951818 0.000262387 0.00768262 -0.00194155 0.00116899 -0.00245969 0.000873466 -0.00113895 0.0106354 0.000216853 -0.00236156 0.00841969 0.00277778 0.00368339 -0.00302365 -0.0122611 0.00584228 0.00821429 0.00158629
internal_weight=17627 8294 9333 8764 569 338 2376 182 8684 5918 1269 4649 4097 1588 8537 1219 7318 1059 878 181 807 614 193 1017 957 6259 157 1211 1540 788
internal_count=17627 8294 9333 8764 569 338 2376 182 8684 5918 1269 4649 4097 1588 8537 1219 7318 1059 878 181 807 614 193 1017 957 6259 157 1211 1540 788
is_linear=0
shrinkage=0.05


Tree=7
num_leaves=31
num_cat=0
split_feature=5 8 5 12 15 10 15 0 15 11 10 11 10 14 11 15 12 7 15 10 11 14 11 14 11 14 11 14 11 12
split_gain=50.1571 7.37068 6.03324 6.46788 7.29039 7.01333 4.87801 4.71278 4.64913 6.5181 9.49847 9.08813 8.11754 7.14485 5.66495 5.29428 5.08677 5.08313 4.94188 7.14258 9.11335 6.0271 5.3572 9.20625 7.66748 4.89746 4.55996 5.29988 4.46053 5.95618
threshold=0.014262069798451909 -0.10083193775135539 0.019536704325281058 -0.071455492513037885 -0.015391583054626566 -0.0028966146153551193 -0.017480169727355329 0.027059510992672901 -0.0057591058676004217 0.003505922146060048 0.0041080553382388816 0.0015109645581827815 0.0035414662136331603 0.009860755526874045 0.0047087702577918175 -0.00045631460401390761 0.035088543452977745 0.00077253822348799528 0.0086741357081352461 0.0034152998486263191 -0.0078155489533487926 -0.034895651013681799 0.00023772449314352076 -0.012700650003930223 -0.00075478711004894883 -0.040011250304013861 0.016655619165508066 -0.015974596701323503 -0.017686145420045315 0.032365057631658763
decision_type=2 10 2 2 2 2 2 2 2 2 2 2 2 2 2 2 2 2 2 2 2 2 2 2 2 2 2 2 2 2
left_child=1 -1 7 4 -4 -6 -3 26 28 11 12 18 14 15 -11 25 -14 -13 19 20 -10 -21 24 -24 -22 -12 -2 -28 -8 -30
right_child=2 6 3 -5 5 -7 8 -9 9 10 13 17 16 -15 -16 -17 -18 -19 -20 21 22 -23 23 -25 -26 -27 27 -29 29 -31
leaf_value=-0.00011521148672192527 -4.9764154710328682e-05 -4.7634397194027023e-05 -0.00079844373891985751 -0.00019528772940545061 0.00041473146592207598 -7.2853449528007946e-05 0.00023933097820397206 -0.00017796670683102405 0.00015004671657110883 0.00021187911885905348 0.00010784272590859037 -0.00034397837319363728 -0.00037148535781288589 0.00032305174656285248 4.9893061545878709e-05 0.00011863063972291271 2.2734203504971506e-07 -3.6699630233423285e-05 0.00012283580629784564 8.2378377660861053e-06 -2.6586334210565878e-05 -0.00021864993315691417 -0.00041904513855421351 0.00024175733305820875 -0.00042362380043573427 -0.00028111440742619023 0.00013728837486418066 -3.8590043082267945e-05 4.0646094342764073e-05 0.00016030239181576207
leaf_weight=288 4038 288 43 3055 92 55 264 428 535 116 55 113 94 194 1797 1470 87 273 426 287 497 185 45 130 50 59 545 551 1156 417
leaf_count=288 4038 288 43 3055 92 55 264 428 535 116 55 113 94 194 1797 1470 87 273 426 287 497 185 45 130 50 59 545 551 1156 417
internal_value=0.000168718 0.00283254 -0.00250085 -0.00421418 0.00473684 0.010034 0.00309792 -0.00150126 0.00332121 0.00268595 0.00397727 0.000718221 0.00169532 0.00666479 0.0026529 0.00555556 -0.00842541 -0.00634715 0.00198376 0.000795257 0.00276452 -0.00444915 -0.000900277 0.00671429 -0.00333638 -0.00482456 -0.00108103 0.0017792 0.00553892 0.00452956
internal_weight=17633 8826 8807 3245 190 147 8538 5562 8250 6413 3872 2541 2094 1778 1913 1584 181 386 2155 1729 1257 472 722 175 547 114 5134 1096 1837 1573
internal_count=17633 8826 8807 3245 190 147 8538 5562 8250 6413 3872 2541 2094 1778 1913 1584 181 386 2155 1729 1257 472 722 175 547 114 5134 1096 1837 1573
is_linear=0
shrinkage=0.05


Tree=8
num_leaves=31
num_cat=0
split_feature=4 15 10 13 4 13 13 6 13 14 12 11 11 13 13 11 12 12 12 2 8 11 10 14 11 10 15 10 14 13
split_gain=37.9021 9.62312 11.338 9.31105 7.409 7.51812 5.36736 5.22543 5.90741 7.03514 5.61868 4.65882 4.65725 4.84454 7.383 4.50069 4.31677 4.44547 4.07427 4.05881 4.04698 5.08181 7.07453 4.16532 4.81797 5.38099 3.81471 4.03065 5.72521 3.72062
threshold=0.02280678057525894 -0.017480169727355329 -0.01853412807423643 22.429999351501468 0.033472951817184793 25.010000228881839 38.065000534057624 0.29491023916241693 21.134999275207523 -0.083456210331023115 -0.0077541062485576564 -0.016340293761251231 -0.020171836765592806 17.164999961853031 19.295000076293949 0.050492682028646547 0.039147436974305568 -0.027486536479514653 -0.051373886546093366 -0.063211628650471849 0.13415382698123515 0.01562981784988882 -0.0019500004630599863 -0.037374592254897913 -0.0078155489533487926 0.0040309236924269696 0.010251175274316073 -0.0036396197641281876 0.10370151545599839 12.230000019073488
decision_type=2 2 2 2 2 2 2 2 2 2 2 2 2 2 2 2 2 2 2 2 8 2 2 2 2 2 2 2 2 2
left_child=7 3 -3 11 5 15 -5 8 9 -1 18 -2 -11 16 26 20 17 -14 -10 -13 21 23 -23 -4 25 -25 27 28 -15 -19
right_child=1 2 4 6 -6 -7 -8 -9 10 12 -12 19 13 14 -16 -17 -18 29 -20 -21 -22 22 -24 24 -26 -27 -28 -29 -30 -31
leaf_value=0.00017190398559423882 0.00056986255358414551 0.00040243340992229912 2.5812405281646929e-05 -0.00089924135107071358 -0.00016885487615095446 0.00022544543643346403 -0.00019380727894938773 1.593189532748153e-05 8.8143564058976948e-05 0.00020706702712174757 0.00010131704198299979 4.5988375288229245e-05 0.00023820399438760002 0.00016011692918784022 0.00014409798078186689 -0.00043685745199954708 0.00011924998762749664 -0.00023126887070138853 -0.00021733379185966806 -0.00026130849730657675 -0.00012001054598029027 -0.00030546443807804484 6.765041847416708e-05 6.3690098609657354e-05 -0.00010706530315842869 -0.00026421902037997993 0.00017006791987843534 -0.00012579387735676744 -0.00016758752382709684 5.3273895122211721e-05
leaf_weight=294 45 101 1043 209 2813 186 79 2435 45 235 130 94 78 184 340 56 985 40 131 171 584 96 1256 671 2047 52 82 482 67 2663
leaf_count=294 45 101 1043 209 2813 186 79 2435 45 235 130 94 78 184 340 56 985 40 131 171 584 96 1256 671 2047 52 82 482 67 2663
internal_value=0.000178026 -0.00197043 -0.00155811 -0.00811037 -0.0017492 -0.0007553 -0.0145833 0.00267061 0.00349201 0.00387156 -0.00326797 -0.00209677 0.00344259 0.0031142 0.000281385 -0.00107235 0.00398301 0.00297555 -0.00909091 -0.00462264 -0.000934945 -0.000488867 0.00214497 -0.00142276 -0.00243682 0.00107192 -0.00230061 -0.00344475 0.00169323 0.00263596
internal_weight=17694 9503 8905 598 8804 5991 288 8191 5756 5450 306 310 5156 4921 1155 5805 3766 2781 176 265 5749 5165 1352 3813 2770 723 815 733 251 2703
internal_count=17694 9503 8905 598 8804 5991 288 8191 5756 5450 306 310 5156 4921 1155 5805 3766 2781 176 265 5749 5165 1352 3813 2770 723 815 733 251 2703
is_linear=0
shrinkage=0.05


Tree=9
num_leaves=31
num_cat=0
split_feature=5 16 13 16 11 13 5 16 15 14 16 11 10 13 12 13 15 15 11 11 11 15 12 12 13 3 6 14 14 11
split_gain=40.7481 11.5244 10.2245 8.07351 7.89109 14.3073 7.05624 6.29189 6.10709 5.50239 10.356 5.90049 14.3832 8.293 6.94168 9.89756 6.72488 6.62836 6.27646 6.14047 7.3547 6.05084 6.16264 5.96849 5.69447 5.13545 5.01277 4.62703 6.98256 4.52805
threshold=0.01299741694852927 -0.03802707131220278 31.844999313354496 0.0081348525300412051 -0.020171836765592806 29.835000038146976 0.022799545597452318 -0.045362527441307303 -0.020062328134948789 -0.071225645536492452 -0.00066986855409506541 -0.022310337551763478 0.0041080553382388816 17.164999961853031 -0.0062518627133230633 21.724999427795414 0.0048791898516163954 0.0067908038477773056 -0.020756034341227022 0.0060643551052425035 0.0038135025222709733 0.0106140044009031 -0.031331813818551983 -0.0014831774620820968 25.010000228881839 0.02201862861287596 0.3092965145476248 0.12307845124318741 0.11068884178819839 -0.029337465505850421
decision_type=2 2 2 2 2 2 2 2 2 2 2 2 2 2 2 2 2 2 2 2 2 2 2 2 2 2 2 2 2 2
left_child=3 4 6 27 5 8 9 -6 -2 10 -3 12 29 26 16 17 18 19 -15 20 23 -18 -23 -16 -20 -12 -13 28 -1 -11
right_child=1 2 -4 -5 7 -7 -8 -9 -10 11 25 13 -14 14 15 -17 21 -19 24 -21 -22 22 -24 -25 -26 -27 -28 -29 -30 -31
leaf_value=4.1828701604124502e-05 -0.00023523644034369802 -7.0023372194038654e-05 0.00034262895409514576 0.0001009476307971522 -2.1462848285918592e-05 -0.0013320842709546757 -0.00018980673319675585 -0.00070358483213330306 0.0002694856019465554 1.868080709116135e-05 0.00021931961723801208 1.476259668366231e-05 -0.00051289025026978743 -0.00056906020283496034 0.00054206965372869428 0.0002228506602720149 -0.00066650226739444754 0.00010186172457358573 -9.5449144773002072e-05 -0.0002249742599549835 0.00027245174062653671 1.7303816078443083e-05 -0.00050785450624058978 -0.00014623146255174029 0.00063184868509553766 -0.00011400654554418492 -9.0756574336648115e-05 0.0001333652056085346 -0.00020356956764414422 0.0002569252015239345
leaf_weight=3840 44 355 81 2518 68 127 1660 208 157 195 534 3064 56 70 48 116 158 349 531 671 87 104 45 498 41 49 1167 303 88 322
leaf_count=3840 44 355 81 2518 68 127 1660 208 157 195 534 3064 56 70 48 116 158 349 531 671 87 104 45 498 41 49 1167 303 88 322
internal_value=0.000170901 -0.00173299 -0.00133565 0.003219 -0.00844371 -0.00320122 -0.00147727 -0.0146739 0.0050995 -0.000892435 0.00271855 -0.00134273 0.00353403 -0.00174486 -0.00389993 -0.00204918 -0.00734984 -0.00303993 -0.00443925 -0.00467791 -0.00114534 -0.0134365 -0.00620805 -0.0032967 -0.00270979 0.00681818 -0.000360435 0.0018849 0.00142566 0.0061412
internal_weight=17554 10805 10201 6749 604 328 10120 276 201 8460 938 7522 573 6949 2718 1769 949 1653 642 1304 633 307 149 546 572 583 4231 4231 3928 517
internal_count=17554 10805 10201 6749 604 328 10120 276 201 8460 938 7522 573 6949 2718 1769 949 1653 642 1304 633 307 149 546 572 583 4231 4231 3928 517
is_linear=0
shrinkage=0.05


Tree=10
num_leaves=31
num_cat=0
split_feature=5 16 16 10 11 10 14 14 11 3 5 16 5 16 10 0 12 3 10 10 11 14 14 5 16 16 6 14 12 12
split_gain=35.0221 9.14479 7.69939 6.98307 6.8108 17.8019 6.87238 6.02562 6.62557 6.63901 5.56479 5.00591 4.90636 4.64225 5.09955 4.51953 4.12634 4.04576 4.23081 5.88869 4.56015 3.98416 6.28817 3.92472 4.1091 6.10451 5.24543 5.28316 4.75541 4.27819
threshold=0.013968152650991683 0.0081348525300412051 -0.03802707131220278 0.010151750455751786 -0.023324980459216712 0.0038486575209699674 -0.036136320679139293 0.23397195059943568 -0.017686145420045315 -0.015675704087426686 0.019898928276502498 -0.045362527441307303 0.010740357196168423 0.029639803565773785 0.012727051103036626 0.0014895184994068169 0.12384637745116912 0.008610081358080059 0.0056625653487155656 0.0034152998486263191 -0.0040062881878700765 0.099742575354610077 0.070306169308441371 0.034965321510453541 -0.0091741602529761806 -0.007416886465500371 -0.396891718898921 -0.083456210331023115 0.034436805865122662 -0.0031637025986434027
decision_type=2 2 2 2 2 2 2 2 2 2 2 2 2 2 2 2 2 2 2 2 2 2 2 2 2 2 2 2 2 2
left_child=1 12 3 7 5 15 23 8 9 -2 16 -10 -1 14 21 -4 -8 18 19 20 -14 22 -3 24 -6 28 29 -28 -26 -27
right_child=2 13 4 -5 6 -7 10 -9 11 -11 -12 -13 17 -15 -16 -17 -18 -19 -20 -21 -22 -23 -24 -25 25 26 27 -29 -30 -31
leaf_value=6.8634421271346251e-05 -0.00034622412526671146 0.00010270558212095786 0.00032152487557106455 -0.0010085372280779 -0.00011097568266563493 -0.00039344904036731217 -5.3739656476209027e-05 -0.0016297177642194554 3.2176979221199865e-05 0.00019827290814489196 -0.00023749865218703248 -0.00073112425290171475 4.1764876136718251e-05 1.6998696506429367e-05 -0.00012808794949825385 3.5554528024417781e-05 -0.00023478169407360907 -0.00013606070495353705 8.5961216343541808e-05 -0.00015891585142569742 -5.0619289428384699e-05 -0.00023566099141722566 0.00030605284455831777 -0.00034283434264234649 0.00049850253337631388 -2.3969747495795283e-05 0.00010526881348132998 -0.00010398353876796122 3.2907922929920804e-05 0.00014410476547497064
leaf_weight=1941 59 2164 326 73 437 114 3946 62 48 171 1704 130 1001 736 84 172 51 241 643 229 1178 52 112 52 77 302 306 706 66 452
leaf_count=1941 59 2164 326 73 437 114 3946 62 48 171 1704 130 1001 736 84 172 51 241 643 229 1178 52 112 52 77 302 306 706 66 452
internal_value=2.40998e-05 0.00236547 -0.00209639 -0.00787293 -0.00173631 0.00334967 -0.00212063 -0.0056383 -0.00343137 0.00217391 -0.00306525 -0.0106742 0.00108446 0.00449492 0.00555556 0.00742972 -0.00204528 -9.113e-05 0.000401508 -0.000560631 0.000240936 0.00599227 0.00630492 0.000125104 0.000426257 0.00142745 0.000622877 -0.00172925 0.0113636 0.00377984
internal_weight=17635 8381 9254 543 8711 612 8099 470 408 230 5701 178 5233 3148 2412 498 3997 3292 3051 2408 2179 2328 2276 2398 2346 1909 1766 1012 143 754
internal_count=17635 8381 9254 543 8711 612 8099 470 408 230 5701 178 5233 3148 2412 498 3997 3292 3051 2408 2179 2328 2276 2398 2346 1909 1766 1012 143 754
is_linear=0
shrinkage=0.05


Tree=11
num_leaves=31
num_cat=0
split_feature=5 16 12 15 5 10 16 11 10 16 12 8 12 11 8 8 16 10 16 11 11 11 16 8 16 4 12 2 8 16
split_gain=31.4612 8.91632 9.79422 8.81771 6.31577 5.25733 5.12362 5.10817 6.38431 8.49831 7.05471 5.66254 5.33526 5.64351 8.06373 4.70758 4.84993 6.95564 4.38001 4.95158 4.33771 6.24587 5.32576 4.22246 4.09405 3.94593 4.30362 3.94033 3.90927 3.85981
threshold=0.015227516071510563 -0.063867813313447361 -0.075828254732232245 -0.017480169727355329 0.01078266499737641 -0.0057060977224409606 -0.0088873205784771297 -0.021243764887310997 0.0041080553382388816 -0.007416886465500371 -0.062212446145613214 0.007027751748815759 0.055910575939094771 -0.0068475574788619533 0.099299308987908411 0.14743209682306938 0.0057737720586520389 -0.013327773622425541 0.0050918266011183997 0.025734816417073651 0.0029094818078184708 -0.0022568172628349421 -0.0059095793040746516 0.13741129679697953 0.048495216498712364 0.025984727244555823 0.046695407011373098 0.081136617871701358 0.22578351931294174 0.006471409452645239
decision_type=2 2 2 2 2 2 2 2 2 2 2 8 2 2 8 8 2 2 2 2 2 2 2 8 2 2 2 2 8 2
left_child=3 -2 -3 -1 5 -5 -4 11 10 -10 -9 -8 13 14 -11 16 17 -6 19 -19 21 -7 -22 25 28 -15 -27 -23 -12 -18
right_child=1 2 6 4 15 20 7 8 9 12 24 -13 -14 23 -16 -17 29 18 -20 -21 22 27 -24 -25 -26 26 -28 -29 -30 -31
leaf_value=-0.00010088213325947569 -0.0011003275365589098 0.00034620485496334342 -0.00015302223089289806 0.00015509434394208566 0.00023629697071914335 7.5155916867139958e-05 -5.2583101714771733e-06 -0.00064685503408210899 0.00041555070339168061 -0.00045676996908756588 -7.8333359944311265e-05 0.00033527363095721592 -0.00016640484816806534 0.00020797493972221499 0.00023078150130200793 -0.00012582345308119477 0.00027300908896579366 -1.2491174065571311e-06 -0.00028997898531242034 0.00027268746977804245 -2.5391357021994824e-05 -0.00013936833586002752 0.00011168517048670682 -0.00021086303299729464 -0.00046927864992559951 2.4018620878810691e-05 0.00025881161709020512 0.00020655132084100095 -0.00039102061647608677 6.2999022582785168e-05
leaf_weight=426 130 139 2050 399 195 587 94 50 83 130 2584 64 336 187 41 267 75 3366 107 61 281 335 1294 144 44 1016 73 43 158 2875
leaf_count=426 130 139 2050 399 195 587 94 50 83 130 2584 64 336 187 41 267 75 3366 107 61 281 335 1294 144 44 1016 73 43 158 2875
internal_value=9.92401e-05 -0.0024068 -0.00217225 0.00187906 0.0021826 0.00412555 -0.00243124 -0.00156875 -0.0018572 0.000298507 -0.00338505 0.00727848 -0.000376232 0.00083281 -0.00774854 0.0013605 0.00162075 0.000422365 -8.48896e-05 0.000226145 0.0032874 0.000647668 0.00490476 0.0018662 -0.00305097 0.00278213 0.00162994 -0.00436508 -0.00280817 0.00313559
internal_weight=17634 7323 7193 10311 9885 2939 7054 5004 4846 2010 2836 158 1927 1591 171 6946 6679 3729 3534 3427 2540 965 1575 1420 2786 1276 1089 378 2742 2950
internal_count=17634 7323 7193 10311 9885 2939 7054 5004 4846 2010 2836 158 1927 1591 171 6946 6679 3729 3534 3427 2540 965 1575 1420 2786 1276 1089 378 2742 2950
is_linear=0
shrinkage=0.05


Tree=12
num_leaves=31
num_cat=0
split_feature=5 16 13 16 11 10 11 11 3 11 10 16 16 13 15 11 16 13 10 10 11 13 11 10 15 10 11 15 11 10
split_gain=30.7304 7.63053 7.03644 6.96426 10.1143 6.7815 7.41592 6.68558 10.1333 6.42224 6.24769 8.10343 7.5616 7.83949 6.76973 5.87545 5.78891 7.49968 5.19034 5.04612 10.7552 6.83004 6.22936 5.92433 5.37419 5.05612 7.29631 5.02209 5.00524 4.83915
threshold=0.014262069798451909 -0.03802707131220278 31.844999313354496 -0.0051352347780867494 0.00909053299113405 0.0041080553382388816 -0.013447724126553815 -0.020171836765592806 -0.015675704087426686 0.050492682028646547 0.0035414662136331603 -0.0042747792519021712 0.009216645987190521 13.194999694824221 -0.0078024621285809328 0.0039566049461625683 0.031989125357969835 13.934999942779543 -0.00025977690608347531 0.0038486575209699674 -0.023324980459216712 17.154999732971195 -0.0043480810751578827 0.0075491306904977859 -0.013075205337648775 0.010824096152379449 -0.0025546673887277822 -0.0010282709896743401 0.030456421062291409 0.0030128499392588774
decision_type=2 2 2 2 2 2 2 2 2 2 2 2 2 2 2 2 2 2 2 2 2 2 2 2 2 2 2 2 2 2
left_child=3 7 9 4 29 6 -5 8 -2 19 11 -8 13 -13 18 -12 -14 -18 -15 20 24 28 23 -21 -3 -24 -27 -10 -22 -1
right_child=1 2 -4 5 -6 -7 10 -9 27 -11 15 12 16 14 -16 -17 17 -19 -20 22 21 -23 25 -25 -26 26 -28 -29 -30 -31
leaf_value=5.984852741418674e-05 -0.0010126724490770022 0.00051801983723836207 0.00037165685675409155 0.00025146536351605263 -0.00010357365012235235 0.00010720899614928771 0.00024057761220058901 -0.00053416208856900524 0.00024945454991359602 -0.00030587491072519641 0.00017447403369753582 0.00013234714178405485 9.6245689942007617e-05 6.7599278252862809e-06 -0.0001191549612567993 -0.00025090999869672667 -0.00046971193510738312 5.0747838166958962e-05 0.00020127165328378272 -0.00031258280776432163 -5.2035982972598303e-05 -0.00017243928077611507 8.36675959425489e-05 -2.3843298323536837e-06 5.7689057641980608e-05 0.00031666491342841258 -0.00011696194422821903 -0.00058892668345671226 0.0002321920239739496 -2.4048521237126287e-05
leaf_weight=2077 86 83 75 132 465 1989 85 228 146 147 49 273 1295 234 868 171 94 231 61 247 2405 2105 1747 304 338 52 590 41 128 816
leaf_count=2077 86 83 75 132 465 1989 85 228 146 147 49 273 1295 234 868 171 94 231 61 247 2405 2105 1747 304 338 52 590 41 128 816
internal_value=0.000162282 -0.00194336 -0.00157828 0.00223982 0.000446694 0.0033382 0.00201117 -0.00793413 -0.00265568 -0.00171863 0.0015546 0.00212512 0.00170157 -0.000940111 -0.00273001 -0.00659091 0.00404321 -0.00192308 0.00381356 -0.00152832 -0.00248567 -0.00318025 0.000119048 -0.00467332 0.00516627 0.00122436 -0.00257009 0.00387701 -0.00143111 0.00154684
internal_weight=17562 8722 8221 8840 3358 5482 3493 501 273 8146 3361 3141 3056 1436 1163 220 1620 325 295 7999 5059 4638 2940 551 421 2389 642 187 2533 2893
internal_count=17562 8722 8221 8840 3358 5482 3493 501 273 8146 3361 3141 3056 1436 1163 220 1620 325 295 7999 5059 4638 2940 551 421 2389 642 187 2533 2893
is_linear=0
shrinkage=0.05


Tree=13
num_leaves=31
num_cat=0
split_feature=4 16 16 13 13 15 16 16 15 12 5 12 16 16 12 13 3 12 15 15 15 15 3 16 14 7 15 8 15 15
split_gain=29.9044 8.58074 7.231 7.53128 7.14719 7.03596 6.47131 7.57327 5.91893 5.53225 5.51515 5.54814 5.48581 5.14648 4.89923 4.82027 4.78416 4.43628 6.39452 4.68345 6.98693 5.86047 4.67222 4.01801 4.4383 4.24134 5.15242 5.00357 4.19389 6.04723
threshold=0.02280678057525894 -0.03802707131220278 -0.041762716359473755 28.970000267028812 31.844999313354496 -0.024563032599701825 0.014299574324878496 0.029639803565773785 -0.0063375403130059285 0.039147436974305568 0.019296827079295868 -0.075828254732232245 -0.015383420933689993 0.013442700444580848 0.048519167358985434 13.174999713897707 -0.0093614242872565017 0.040854121966551922 0.012147791159214274 0.00071292320817129007 0.003701817145865705 -0.0041556755034371498 -0.0030209078614212843 0.0098275492664066117 0.070306169308441371 -0.036120313615827397 -0.018665541071911592 -0.052642381589053704 -0.0058221483635261797 -0.0053008219967415884
decision_type=2 2 2 2 2 2 2 2 2 2 2 2 2 2 2 2 2 2 2 2 2 2 2 2 2 2 2 10 2 2
left_child=6 2 3 5 10 -2 9 14 -7 13 -3 -12 -11 23 15 -8 -5 -14 19 21 -21 22 -19 25 -25 -1 -27 -28 -29 -30
right_child=1 4 -4 16 -6 8 7 -9 -10 12 11 -13 17 -15 -16 -17 -18 18 -20 20 -22 -23 -24 24 -26 26 27 28 29 -31
leaf_value=9.9540639912602032e-05 -0.00044154509249405251 -2.0122534611503831e-05 -0.00067210290124016425 -0.0011191275098827434 0.00027644992462702502 0.000259279168860837 0.00026739603621615701 6.5941598616431948e-06 -0.00014645196069836344 0.00018876009261756724 0.00024181931766083139 -0.00013990100021595543 0.0002267102184030312 -0.00027438827499601687 5.9810083763093456e-06 0.00011287777821584301 -8.6693326693239496e-05 -4.5319681140771137e-05 -0.00026980330615385893 0.00023353433236407507 6.2455199450164823e-05 -0.00013044149364958512 0.00020215002706450264 5.1886701360213041e-05 0.00032730055516872446 -0.00023105338482944747 -0.00010467559509589193 5.8354896671595119e-05 -0.00051095368797333973 -2.4726649556113847e-06
leaf_weight=561 43 5750 195 77 84 161 111 782 81 165 72 2932 112 98 280 1182 41 99 43 117 368 210 121 250 61 107 289 992 49 2150
leaf_count=561 43 5750 195 77 84 161 111 782 81 165 72 2932 112 98 280 1182 41 99 43 117 368 210 121 250 61 107 289 992 49 2150
internal_value=0.000103793 -0.00181221 -0.0076087 -0.00378412 -0.00142 0.000614035 0.00232294 0.00453291 0.00392562 0.00142438 -0.00155929 -0.00329561 0.00439271 0.000619925 0.0065321 0.00783063 -0.0144068 0.00308411 0.0019833 0.00286885 0.00623711 -0.000930233 0.00477273 0.000869029 0.00635048 0.000458052 -0.00017424 0.000158046 0.000728612 -0.000488859
internal_weight=17583 9436 598 403 8838 285 8147 2355 242 5792 8754 3004 1235 4557 1573 1293 118 1070 958 915 485 430 220 4459 311 4148 3587 3480 3191 2199
internal_count=17583 9436 598 403 8838 285 8147 2355 242 5792 8754 3004 1235 4557 1573 1293 118 1070 958 915 485 430 220 4459 311 4148 3587 3480 3191 2199
is_linear=0
shrinkage=0.05


Tree=14
num_leaves=31
num_cat=0
split_feature=4 16 8 16 11 13 13 11 6 16 7 8 3 5 16 12 11 14 3 13 16 13 11 13 0 16 16 11 11 11
split_gain=26.8919 6.32929 7.07884 6.26304 7.92623 11.876 7.5766 6.91413 6.25477 5.80407 5.35112 6.17376 5.1506 4.92806 4.41879 3.9695 6.77242 5.20046 4.86341 4.49859 7.69816 4.43323 5.50106 4.71608 4.62819 3.64352 5.53203 4.94357 4.67325 3.66096
threshold=0.022984551312832276 0.014299574324878496 -0.051555221575257097 -0.03802707131220278 -0.020171836765592806 29.835000038146976 31.844999313354496 0.050492682028646547 -0.36271504441393804 -0.045362527441307303 -0.036743110860208365 -0.038881257054503064 -0.0093614242872565017 0.010740357196168423 0.016855035752112339 0.048519167358985434 0.021459813769517781 -0.11544121967691799 0.01125320193381252 21.82499980926514 0.0026665797139686647 19.159999847412113 0.0079966133143608582 13.34500026702881 0.011339335306036704 0.034880061024600513 0.033315841322242863 0.022655282977909755 0.025734816417073651 0.036250351573326463
decision_type=2 2 8 2 2 2 2 2 2 2 2 10 2 2 2 2 2 2 2 2 2 2 2 2 2 2 2 2 2 2
left_child=1 10 -3 4 5 -2 7 15 14 -6 -1 -12 -7 -13 -4 16 17 -5 -19 21 -21 22 23 -17 -25 26 27 -18 -29 -27
right_child=3 2 8 6 9 12 -8 -9 -10 -11 11 13 -14 -15 -16 19 25 18 -20 20 -22 -23 -24 24 -26 29 -28 28 -30 -31
leaf_value=0.00010937575213747263 0.00016341383003693106 0.00028313598988127748 0.00015248872231827726 0.00010725226406785105 7.9521517836016627e-06 -0.0013902911041852755 0.00029549393118506056 -0.00030970634596525295 3.5927102460198383e-05 -0.00060532520867658294 -7.157555705055475e-05 6.8214214059253864e-05 2.3237813218453773e-05 6.579844652179149e-06 9.8461442206561019e-05 -0.00030594833497022463 0.0004749470283175294 -3.4275461278584922e-05 -0.00017885865227149902 0.00071364720340534517 -0.00020555792377198562 -0.00027961061173016984 -0.00015514162737303536 0.00030010131797729737 -0.00010462538026553272 8.7551776415983971e-05 0.00052772993517157625 -0.00025393765764210075 9.6333722139585557e-05 -0.00025969262247688238
leaf_weight=579 197 90 129 295 68 81 87 147 1314 208 677 1935 40 2719 842 48 97 5180 713 51 49 158 809 127 53 121 45 123 545 110
leaf_count=579 197 90 129 295 68 81 87 147 1314 208 677 1935 40 2719 842 48 97 5180 713 51 49 158 809 127 53 121 45 123 545 110
internal_value=0.000324602 0.00239891 0.00457895 -0.00151305 -0.00648148 -0.00110063 -0.00117607 -0.00132338 0.0040372 -0.0126812 0.00152284 0.00102701 -0.0134298 0.00167598 0.00708033 -0.00113796 -0.000681284 -0.00130899 -0.00163329 -0.00368726 0.0065 -0.00453975 -0.00335101 0.00350877 0.00722222 0.00304995 0.00462963 0.00362745 0.00209581 -0.00248918
internal_weight=17637 8285 2375 9352 594 318 8758 8671 2285 276 5910 5331 121 4654 971 8524 7229 6188 5893 1295 100 1195 1037 228 180 1041 810 765 668 231
internal_count=17637 8285 2375 9352 594 318 8758 8671 2285 276 5910 5331 121 4654 971 8524 7229 6188 5893 1295 100 1195 1037 228 180 1041 810 765 668 231
is_linear=0
shrinkage=0.05


Tree=15
num_leaves=31
num_cat=0
split_feature=5 13 14 13 11 10 10 14 11 3 16 11 14 10 2 15 15 15 14 10 13 16 11 16 14 10 12 14 14 13
split_gain=25.1764 6.58865 8.60915 6.97779 5.43936 11.2666 8.12035 5.79836 5.18288 5.08922 4.83765 5.71982 4.62109 4.1971 4.15689 4.12493 9.07703 5.63631 7.32168 5.04263 10.5246 11.7491 7.31423 6.55677 6.23693 5.31271 5.84086 7.22411 5.12272 8.01307
threshold=0.01380698558617772 16.875000000000004 -0.077913276979976895 16.550000190734867 -0.022310337551763478 -0.0018123893917819098 -0.029463617054616639 0.11365091649526195 -0.023775986944761848 0.0044162536958061169 0.0081348525300412051 -0.0078155489533487926 0.083812216488613714 0.017102355769033965 -0.10399084113906608 -0.0058221483635261797 -0.0052083856814519871 -0.017480169727355329 0.090336443973437111 0.0056625653487155656 17.945000648498539 -0.0039322943810212166 0.0051016705998240272 -0.019869338298856228 -0.015974596701323503 0.00040263484850655567 0.025891227529327935 -0.044386160859696593 0.01016731697942619 16.164999961853031
decision_type=2 2 2 2 2 2 2 2 2 2 2 2 2 2 2 2 2 2 2 2 2 2 2 2 2 2 2 2 2 2
left_child=10 2 -2 13 5 6 -3 12 -7 -9 15 -12 -6 -4 -14 17 -17 -1 -19 25 21 23 -22 -21 -25 28 -27 -28 -18 -30
right_child=1 4 3 -5 7 8 -8 9 -10 -11 11 -13 14 -15 -16 16 19 18 -20 20 22 -23 -24 24 -26 26 27 -29 29 -31
leaf_value=-7.6292786903935398e-05 0.00021495469307420475 -0.00095731887366749195 -4.679390841486999e-05 0.00011955734838949624 -9.7968986764057544e-05 -0.00028193798039001202 0.00016886658140496049 -0.00047498875512856409 0.0001235694957082317 3.4857263571673027e-05 0.00021726488370249703 6.7550902483809637e-05 0.00053143143829357425 0.0002536055919934586 3.9494241950040459e-06 -0.0003760942940670809 9.3344160960956877e-05 3.9252169874331266e-05 0.00021920206811963509 0.00014597870679504394 -0.00020758738887397075 0.00022661691646233881 8.9643220471428801e-05 -8.4923731451343369e-05 0.00021815273038047127 -0.00016545194294511755 0.00025832747020071981 -3.9713165523113178e-05 -0.00020572289863891245 5.1219929771132446e-05
leaf_weight=258 279 68 3473 354 3820 250 644 241 54 69 131 2943 55 55 162 112 533 1212 294 100 187 353 109 236 80 393 61 503 203 432
leaf_count=258 279 68 3473 354 3820 250 644 241 54 69 131 2943 55 55 162 112 533 1212 294 100 187 353 109 236 80 393 61 503 203 432
internal_value=0.000101902 -0.00164322 -0.000150204 -0.000759918 -0.0028016 0.000492126 0.00393258 -0.00357143 -0.00756579 -0.0101613 0.00214373 0.00370852 -0.0030654 -0.00143141 0.00403226 0.00119424 0.000151423 0.00314626 0.00431607 0.000642633 0.0034507 0.00653446 -0.00456081 0.000841346 -0.00268987 -0.000764706 -0.00352665 -0.000265957 0.00149829 -0.00153543
internal_weight=17664 9524 4161 3882 5363 1016 712 4347 304 310 8140 3074 4037 3528 217 5066 3302 1764 1506 3190 1065 769 296 416 316 2125 957 564 1168 635
internal_count=17664 9524 4161 3882 5363 1016 712 4347 304 310 8140 3074 4037 3528 217 5066 3302 1764 1506 3190 1065 769 296 416 316 2125 957 564 1168 635
is_linear=0
shrinkage=0.05


Tree=16
num_leaves=31
num_cat=0
split_feature=4 8 11 11 11 10 3 15 11 10 15 13 14 14 14 12 15 14 13 10 3 15 11 10 13 13 14 14 15 14
split_gain=19.0862 6.90761 5.03166 5.04379 4.87941 4.75452 4.31529 4.23858 4.95053 7.38919 6.44533 5.5591 8.04569 4.29391 4.96546 5.2813 4.61863 4.20662 9.7498 7.92024 4.80351 4.07687 3.88365 5.80296 5.00632 3.87683 3.83491 5.08592 4.65387 3.62916
threshold=0.026277382647271533 0.15301576657071161 0.01723808414084094 0.050492682028646547 0.0072949699106841246 -0.0019500004630599863 0.00069161195570766065 0.031510877045435433 -0.022310337551763478 -0.0018123893917819098 -0.031369913793905684 16.875000000000004 -0.12096344977185801 -0.081825770158787711 0.11365091649526195 -0.057938720016513449 0.014617775565999415 -0.083456210331023115 17.204999923706058 0.012727051103036626 0.0076598930714837374 -0.018665541071911592 -0.020171836765592806 0.0027897371119552932 26.494999885559086 16.579999923706058 0.083142255535003332 0.097330549043375028 -0.010558255359063682 -0.086337752297859935
decision_type=2 8 2 2 2 2 2 2 2 2 2 2 2 2 2 2 2 2 2 2 2 2 2 2 2 2 2 2 2 2
left_child=1 2 17 5 6 -4 -3 8 9 10 -2 25 -13 16 15 -15 -14 18 -1 22 -20 -16 23 24 -19 26 28 -28 -10 -30
right_child=7 4 3 -5 -6 -7 -8 -9 11 -11 -12 12 13 14 21 -17 -18 19 20 -21 -22 -23 -24 -25 -26 -27 27 -29 29 -31
leaf_value=0.00017427296816123676 -0.00076294076900631201 0.00012484207693131417 -0.00013192716045775854 -0.00011925312458980292 -0.00026983411662636687 8.8447921706385425e-05 -0.00022319032097772967 -0.00083525260898262288 -0.00020478014892180937 -0.00023836376794866452 0.00019121565176573693 9.6415485370809223e-05 -0.00044124755416554437 0.00017760433982243206 -0.0011960014882133304 -0.00012413996855904576 0.00012563427063392779 0.00018011714116083393 2.4825029007576225e-05 -0.00019290371874125935 -0.00014373021405084788 -0.0002729853157187239 1.5627733447634659e-05 -0.00013793958848001112 -0.00020556174430569571 0.00011238329239104429 0.00053261781250714369 -2.6078769484999631e-05 0.00021292692637116858 -6.0707118188670866e-05
leaf_weight=335 66 132 135 42 161 1794 110 48 166 209 515 209 165 107 67 2527 42 584 169 108 51 154 7087 78 82 241 46 56 120 2017
leaf_count=335 66 132 135 42 161 1794 110 48 166 209 515 209 165 107 67 2527 42 584 169 108 51 154 7087 78 82 241 46 56 120 2017
internal_value=0.000225558 0.00152282 0.00177019 0.00404617 -0.00490074 0.00441939 -0.000413223 -0.00186158 -0.00175563 0.00196203 0.00486231 -0.00225199 -0.00363039 -0.00427825 -0.00377408 -0.00317008 -0.0112319 0.00124205 0.00545045 0.000947852 -0.00272727 -0.0109729 0.00113332 0.00456989 0.00608108 -0.000547997 -0.00115385 0.00833333 -0.00157403 -0.00094759
internal_weight=17623 10868 10465 1971 403 1929 242 6755 6707 790 581 5917 3271 3062 2855 2634 207 8494 555 7939 220 221 7831 744 666 2646 2405 102 2303 2137
internal_count=17623 10868 10465 1971 403 1929 242 6755 6707 790 581 5917 3271 3062 2855 2634 207 8494 555 7939 220 221 7831 744 666 2646 2405 102 2303 2137
is_linear=0
shrinkage=0.05


Tree=17
num_leaves=31
num_cat=0
split_feature=5 16 12 8 11 6 11 11 3 14 12 11 10 16 15 16 14 10 16 12 3 14 10 10 10 12 14 11 12 10
split_gain=20.791 6.65837 9.36798 6.26051 5.38784 5.46116 5.47988 5.35951 4.56599 6.57486 5.55059 5.14503 6.83663 6.72543 5.69961 5.40911 5.03986 4.98794 4.44531 4.51685 4.02572 4.01408 3.98207 3.56377 6.02885 5.41956 4.63866 4.56152 5.25386 6.61951
threshold=0.015873893454755664 -0.063867813313447361 -0.075828254732232245 0.14743209682306938 0.023193320881576888 1.9094058539098882 0.050492682028646547 0.0072949699106841246 0.010138562467965075 -0.083456210331023115 -0.037333173257957868 -0.020171836765592806 0.0027897371119552932 -0.034118146873849058 -0.013733637246819528 -0.027380278057215764 -0.096084571305829466 0.012727051103036626 0.011730460563602387 -0.016111224789670416 0.0001896813421811139 0.03011365738187333 0.015426136544852588 0.0092143368425633438 0.010363669081824291 0.033795250994550281 -0.03839547318596314 0.021985300450528603 0.030225182467667037 -0.0060493286934151782
decision_type=2 2 2 8 2 2 2 2 2 2 2 2 2 2 2 2 2 2 2 2 2 2 2 2 2 2 2 2 2 2
left_child=3 -2 -3 4 8 6 18 -5 9 10 -1 12 14 -13 15 -11 -12 23 21 -20 -16 -6 -19 27 26 -26 -25 28 -15 -30
right_child=1 2 -4 7 5 -7 -8 -9 -10 11 16 13 -14 17 20 -17 -18 22 19 -21 -22 -23 -24 24 25 -27 -28 -29 29 -31
leaf_value=-5.8166649277985148e-05 -0.00075047990472969705 0.00030852804537875086 -7.4218647417576174e-05 3.1477868042507909e-06 0.00021948743459601432 -0.0001442399500724157 -0.00014985674821101113 -0.00026208667258580267 -6.3583025673798608e-05 8.0799954797671858e-05 7.5629385809759293e-05 -0.00019010811464754263 -0.00013104260905601054 7.40024185774419e-07 0.00023882219812645814 -0.00047014343978271308 0.00022948240692327677 -0.00024860185752517125 -0.00036982953615521469 0.00011060015165987799 0.00011318970122658757 -4.7356775980052055e-06 -1.464958344670345e-05 0.00010910688623991298 7.7107456199416316e-05 -0.00030308244082751759 0.00030684616670674362 -0.00021188639710607358 0.00019072718502348204 3.7927712667170907e-05
leaf_weight=79 105 127 6241 255 202 55 40 166 578 122 327 185 56 4041 305 53 152 65 65 775 227 54 68 116 196 51 93 117 210 2494
leaf_count=79 105 127 6241 255 202 55 40 166 578 122 327 185 56 4041 305 53 152 65 65 775 227 54 68 116 196 51 93 117 210 2494
internal_value=0.000218502 -0.00203538 -0.00182946 0.00152732 0.00176207 0.00493283 0.00567782 -0.00445368 0.00136602 0.00164397 0.00689964 0.0012948 0.0052097 0.000903614 0.00654173 -0.00128571 0.00892484 0.00113743 0.00634124 0.00458333 0.00911654 0.0121094 -0.00845865 0.00131183 0.00559211 0.000303644 0.0118421 0.0010274 0.00119718 0.00290311
internal_weight=17620 6473 6368 11147 10726 1191 1136 421 9535 8957 558 8399 763 7636 707 175 479 7451 1096 840 532 256 133 7318 456 247 209 6862 6745 2704
internal_count=17620 6473 6368 11147 10726 1191 1136 421 9535 8957 558 8399 763 7636 707 175 479 7451 1096 840 532 256 133 7318 456 247 209 6862 6745 2704
is_linear=0
shrinkage=0.05


Tree=18
num_leaves=31
num_cat=0
split_feature=4 11 11 6 10 10 14 14 13 4 2 2 10 0 8 11 13 13 12 11 11 11 12 15 14 15 11 15 15 14
split_gain=18.0089 4.78745 5.64281 5.59872 5.18899 7.48111 6.80817 6.46944 5.24021 4.83601 4.56989 4.37502 4.33485 4.20252 4.05522 3.72027 3.69376 8.19455 5.1342 4.60399 3.89418 3.64641 4.50236 4.74928 4.75434 4.74787 4.15424 3.50059 7.57982 4.36175
threshold=0.026277382647271533 0.023193320881576888 0.050492682028646547 1.9094058539098882 0.012727051103036626 0.019654358049072344 -0.069744182185856193 -0.12096344977185801 16.935000419616703 0.016505400526429549 0.12334106637542987 -0.03178297554591019 -0.0028966146153551193 0.053224958266526741 -0.15567109995571513 0.0038135025222709733 30.345000267028812 28.970000267028812 -0.075828254732232245 -0.043674056524097109 0.050492682028646547 0.003505922146060048 0.062788606761277746 -0.0078024621285809328 -0.037374592254897913 -0.013075205337648775 0.0039566049461625683 -0.002009684754782803 -0.0010282709896743401 -0.13532199000438486
decision_type=2 2 2 2 2 2 2 2 2 2 2 2 2 2 10 2 2 2 2 2 2 2 2 2 2 2 2 2 2 2
left_child=1 4 3 -3 6 7 8 -6 11 10 12 -1 -8 14 -2 -13 17 18 -16 -18 21 27 25 -24 -25 -23 -27 -20 -29 -30
right_child=13 2 -4 -5 5 -7 9 -9 -10 -11 -12 15 -14 -15 16 -17 19 -19 20 -21 -22 22 23 24 -26 26 -28 28 29 -31
leaf_value=0.00026928178134070705 -0.00019852822383523849 0.00010588755234551763 -0.00013864729357158432 -0.00019786904716133586 9.6336338504984982e-05 0.00014478717920609585 0.00011800409799923532 -0.00024448679503293155 1.2703003030018184e-05 1.1233821693066052e-05 0.0002028213652606836 7.2858030533108464e-06 2.7894891278306378e-05 -0.00050593263060404864 0.00029310164310981327 0.00019294488365933552 -0.00040161777416340038 -0.00057234100632534452 -1.2850822454272713e-05 0.00018135912480676233 -0.00033455821386519226 -9.9183356948231568e-05 0.00029464758286994197 0.00013796426942254422 -0.00026274187494253702 0.00044422749508877223 3.1815645616278639e-05 -0.00053830685332446654 8.7061909580224208e-05 -0.00014368405504254673
leaf_weight=105 596 1114 45 59 74 78 488 200 283 6891 58 129 1244 175 81 158 49 62 1222 150 76 162 56 72 302 58 2344 75 134 1162
leaf_count=105 596 1114 45 59 74 78 488 200 283 6891 58 129 1244 175 81 158 49 62 1222 150 76 162 56 72 302 58 2344 75 134 1162
internal_value=0.000386962 0.00164287 0.0045977 0.00526428 0.00127215 -0.0046875 0.00149637 -0.00857664 0.00633333 0.00112026 0.00343575 0.0100765 0.00297344 -0.00163813 -0.00143539 0.00688153 -0.00104496 -0.00127454 -0.00107939 0.00565327 -0.00125817 -0.00110524 8.35003e-05 -0.00465116 -0.00668449 0.000877535 0.0014363 -0.00247782 -0.00421225 -0.0033179
internal_weight=17702 10926 1218 1173 9708 352 9356 274 675 8681 1790 392 1732 6776 6601 287 6005 5806 5744 199 5663 5587 2994 430 374 2564 2402 2593 1371 1296
internal_count=17702 10926 1218 1173 9708 352 9356 274 675 8681 1790 392 1732 6776 6601 287 6005 5806 5744 199 5663 5587 2994 430 374 2564 2402 2593 1371 1296
is_linear=0
shrinkage=0.05


Tree=19
num_leaves=31
num_cat=0
split_feature=5 16 12 8 11 10 10 11 12 16 16 11 12 10 16 16 13 10 3 14 14 16 13 11 11 15 14 11 10 10
split_gain=16.3377 6.0966 8.96688 5.34084 4.19358 6.3799 7.60356 5.60362 7.71934 5.09241 5.07987 6.74789 5.54024 5.62426 7.65605 5.44818 5.39694 6.93132 5.98939 5.24641 6.53986 6.6307 4.78126 5.7216 6.41892 4.78893 5.98079 4.85709 9.98625 6.4392
threshold=0.015072844640799112 -0.063867813313447361 -0.075828254732232245 -0.10083193775135539 0.003505922146060048 -0.008698781123315567 -0.0072745157566194698 0.0015109645581827815 0.060736863464118891 -0.025341666632008427 -0.0059095793040746516 0.0096931856558561975 0.0048491469985487709 0.018838458170826636 0.026891840286478511 -0.011133905955413524 15.085000038146974 0.0065983934065093628 0.0014751598653307554 0.049298283120689408 0.035115678917499234 0.0055174749545728883 13.34500026702881 0.00023772449314352076 -0.0022568172628349421 -0.018665541071911592 0.039671535485110161 -0.0078155489533487926 -0.008698781123315567 -0.013932246020769588
decision_type=2 2 2 10 2 2 2 2 2 2 2 2 2 2 2 2 2 2 2 2 2 2 2 2 2 2 2 2 2 2
left_child=3 -2 -3 -1 7 -6 -7 22 9 -9 11 -8 -12 14 19 -13 18 -18 -16 20 -14 -22 23 24 -5 -24 -27 28 29 -28
right_child=1 2 -4 4 5 6 10 8 -10 -11 12 15 13 -15 16 -17 17 -19 -20 -21 21 -23 25 -25 -26 26 27 -29 -30 -31
leaf_value=-6.9414587118649809e-05 -0.0006481314397524953 0.00029419982812228026 -5.5942886516304004e-05 1.7037630139979994e-05 -0.00032431832140599343 0.00027910462506571665 7.4074701416694755e-05 -0.00039949543312234987 0.00023190611366680336 -7.4559890064316564e-05 0.00014756485503990074 3.2435913013744486e-05 6.31800466658884e-05 0.00030048878464643123 1.0440903354493438e-05 -0.00017235911773245068 0.00010004260393456082 -0.0002092364198041666 -0.00017399184073084935 0.00024129222050727381 0.00026095869867086589 -0.00023816772657911573 -0.00014819716395206664 0.0001963548740108863 -0.00030746196172954992 1.5251724367326648e-05 0.00017951197473499737 3.6904475472440084e-05 0.00022140419362192559 -7.6117131688487538e-05
leaf_weight=429 136 145 7207 93 90 87 306 66 49 439 685 175 2453 54 194 276 300 78 243 126 43 114 192 48 127 2300 165 509 287 188
leaf_count=429 136 145 7207 93 90 87 306 66 49 439 685 175 2453 54 194 276 300 78 243 126 43 114 192 48 127 2300 165 509 287 188
internal_value=0.000127812 -0.00164263 -0.00144859 0.00143832 0.00168009 0.00264165 0.002873 0.00055456 -0.00415162 -0.0059901 0.00262037 -0.00115588 0.00328671 0.00250347 0.00225993 -0.00504435 -0.00199387 0.00238095 -0.00577803 0.00352705 0.00304598 -0.00684713 0.00122154 -0.00522388 -0.00863636 0.00169596 0.0021238 0.00506963 0.00796875 0.00233711
internal_weight=17604 7488 7352 10116 9687 5224 5134 4463 554 505 5047 757 4290 3605 3551 451 815 378 437 2736 2610 157 3909 268 220 3641 3449 1149 640 353
internal_count=17604 7488 7352 10116 9687 5224 5134 4463 554 505 5047 757 4290 3605 3551 451 815 378 437 2736 2610 157 3909 268 220 3641 3449 1149 640 353
is_linear=0
shrinkage=0.05


Tree=20
num_leaves=31
num_cat=0
split_feature=5 16 16 16 13 11 11 14 11 11 15 14 14 0 13 16 1 13 9 11 9 12 11 13 16 15 16 11 16 15
split_gain=17.6031 6.89 7.80073 7.44416 6.21425 5.94497 5.91431 4.47007 7.41239 7.14792 6.79512 4.81177 5.41399 5.16876 4.41472 5.70383 4.51803 5.67109 3.85171 3.69535 4.65253 3.61222 3.50315 4.14998 4.41349 3.91126 3.43395 3.31367 3.28408 3.139
threshold=0.01380698558617772 -0.063867813313447361 -0.050417967283719049 -0.036990187372662291 31.844999313354496 -0.017068833431084392 0.050492682028646547 -0.036136320679139293 -0.023324980459216712 0.0038135025222709733 -0.013075205337648775 -0.053534792570075034 -0.060408912479391223 0.0094221675592458549 17.164999961853031 0.039085346270987482 -0.020478842939355976 25.505000114440922 -0.27947213126646275 0.030456421062291409 0.077727510904130895 0.020229769594439787 -0.020756034341227022 17.860000610351566 0.0039086564017489786 -0.0042789990342118603 0.045759813015245572 -0.030384462612199011 0.0087418122270742655 0.001517771013362035
decision_type=2 2 2 2 2 2 2 2 2 2 2 2 2 2 2 2 2 2 10 2 8 2 2 2 2 2 2 2 2 2
left_child=-1 -2 -3 5 6 -4 7 9 10 27 -9 12 13 -11 19 16 17 22 -15 -10 -21 -14 -16 25 -25 -24 -17 -5 -26 -29
right_child=1 2 3 4 -6 -7 -8 8 14 11 -12 -13 21 18 15 26 -18 -19 -20 20 -22 -23 23 24 28 -27 -28 29 -30 -31
leaf_value=3.3991014338036286e-05 -0.00066046844879741752 0.00017102121632882068 -4.0165247649104863e-05 -0.00045505831444313835 0.00031060526648877412 -0.00052257362518315245 -0.00026534185171522053 0.00041501722856896275 -3.2013956919932711e-05 0.00017026567424879214 3.0948161766746871e-05 0.00013955234664606836 -0.00034087847922398631 -0.00031068372036600927 -0.00071434525394187493 0.00032872515030699806 -0.0001655511420313151 0.00045098700748594169 2.4201596568623841e-05 9.7577197903650676e-06 0.00027280246839760461 3.6142026464590191e-05 -0.00049528927136046578 9.9961589267562507e-05 -0.00075735518164608568 1.2565957565512965e-05 -9.9857232237777867e-05 6.3425989404150172e-05 -0.00010831133847259713 -0.00012292707117348675
leaf_weight=8080 147 119 168 65 60 210 142 90 3037 373 388 542 129 74 50 69 1592 42 305 146 68 88 68 439 42 53 52 234 92 657
leaf_count=8080 147 119 168 65 60 210 142 90 3037 373 388 542 129 74 50 69 1592 42 305 146 68 88 68 439 42 53 52 234 92 657
internal_value=0.000120595 -0.00133372 -0.00116564 -0.00132884 -0.00103687 -0.00820106 -0.00114575 -0.000980449 -0.00169396 0.000820835 0.0042887 0.00296161 0.000851393 0.00285904 -0.0021913 -0.00377151 -0.00431034 -0.00120865 -0.0012533 -0.000976623 0.00537383 -0.00610599 -0.00221774 -0.00129683 0.00047993 -0.00971074 0.00681818 -0.00256276 -0.00746269 -0.00176768
internal_weight=17621 9541 9394 9275 8897 378 8837 8695 6228 2467 478 1511 969 752 5750 2499 2378 786 379 3251 214 217 744 694 573 121 121 956 134 891
internal_count=17621 9541 9394 9275 8897 378 8837 8695 6228 2467 478 1511 969 752 5750 2499 2378 786 379 3251 214 217 744 694 573 121 121 956 134 891
is_linear=0
shrinkage=0.05


Tree=21
num_leaves=31
num_cat=0
split_feature=4 8 10 16 13 7 13 6 10 16 10 16 12 6 14 15 10 12 3 10 2 16 15 10 16 13 13 16 16 13
split_gain=14.1464 4.53655 5.33923 5.11816 5.47146 4.37728 4.70966 6.51733 6.38696 5.21418 4.60595 4.27289 5.97847 4.8278 5.01045 4.55914 9.66178 8.43955 4.23515 4.17045 3.97322 3.91314 4.28365 4.96728 4.61002 6.46975 3.87453 6.97671 4.68401 4.40984
threshold=0.02280678057525894 0.13741129679697953 0.015021948045267798 -0.063867813313447361 31.844999313354496 -0.036743110860208365 17.164999961853031 -0.084262891308263768 -0.0036396197641281876 -0.025864202673717803 0.017875641087257036 -0.0054959679959679644 0.062788606761277746 -0.39034802505818927 -0.083456210331023115 -0.017480169727355329 -0.012508695811735191 -0.026522918814270154 0.0020177735390231048 -0.0080075865289204722 -0.068236649861398699 0.014299574324878496 0.0086741357081352461 0.0034152998486263191 -0.0039322943810212166 15.97499990463257 23.409999847412113 -0.021994752792633406 -0.040349054095086483 22.330000877380375
decision_type=2 8 2 2 2 2 2 2 2 2 2 2 2 2 2 2 2 2 2 2 2 2 2 2 2 2 2 2 2 2
left_child=5 3 -3 -2 11 -1 7 21 19 -9 -11 15 13 18 -15 17 -17 -5 -13 -8 -19 22 23 -7 -25 -26 29 28 -28 -18
right_child=1 2 -4 4 -6 6 8 9 -10 10 -12 12 -14 14 -16 16 26 20 -20 -21 -22 -23 -24 24 25 -27 27 -29 -30 -31
leaf_value=0.00010694272799172522 -0.00063245464630608207 -0.00010263159630368833 -0.00061001493093343091 -0.0011618559902701884 0.00023663359213088719 5.8610190155287956e-05 -6.5252572159957452e-06 -0.00023624145627917323 -4.7633403462301664e-05 6.1364196522754186e-06 0.00022876107664893233 1.1937659687237362e-05 -0.00011366631289422571 0.00018617333775598299 -4.4644697644756704e-05 0.00028722671858965991 -7.9432885725092521e-05 0.00010427811799854246 0.00011925116438064798 0.0001297844424498068 -0.000188783072979272 8.9919115179565041e-05 0.00016411676913864225 -8.7453658985234631e-05 0.00013773826981058372 -0.00017266676237854474 0.00017517809678843979 0.00038369424188531935 -0.00015536401173818287 -0.00048672362557047367
leaf_weight=578 118 1026 54 99 103 1308 467 74 1400 2116 43 1119 556 218 2360 203 2171 69 827 371 132 1067 144 283 190 69 43 104 161 96
leaf_count=578 118 1026 54 99 103 1308 467 74 1400 2116 43 1119 556 218 2360 203 2171 69 827 371 132 1067 144 283 190 69 43 104 161 96
internal_value=0.000243326 -0.00107041 -0.00412037 -0.000677288 -0.000529597 0.00177559 0.0014538 0.00226672 -0.000469169 0.000212718 0.000660028 -0.000674185 0.000216535 0.00081786 -0.000601241 -0.00214425 -0.00151188 -0.008 0.00269784 0.00298329 -0.00211443 0.00376511 0.00245737 0.00181081 -0.00221402 0.00260618 -0.00233981 0.00292208 -0.00245098 -0.0030547
internal_weight=17569 9459 1080 8379 8261 8110 7532 5294 2238 2233 2159 8158 5080 4524 2578 3078 2778 300 1946 838 201 3061 1994 1850 542 259 2575 308 204 2267
internal_count=17569 9459 1080 8379 8261 8110 7532 5294 2238 2233 2159 8158 5080 4524 2578 3078 2778 300 1946 838 201 3061 1994 1850 542 259 2575 308 204 2267
is_linear=0
shrinkage=0.05


Tree=22
num_leaves=31
num_cat=0
split_feature=4 16 12 8 11 16 11 11 10 10 11 13 15 13 14 10 11 15 14 1 16 16 15 10 11 12 16 10 10 13
split_gain=12.4417 5.22346 8.92256 5.03753 5.04624 5.55596 4.83121 9.18854 6.6588 7.15157 6.54183 10.8993 8.17533 6.44156 7.28146 16.717 7.93487 8.71671 5.92574 5.5076 7.35617 6.29069 5.40799 6.71488 5.33458 6.78841 8.07131 7.84944 8.02663 6.78362
threshold=0.030965491448134392 -0.063867813313447361 -0.075828254732232245 0.14743209682306938 -0.0033089038449953807 -0.010728886611824582 0.003505922146060048 0.0047087702577918175 0.0041080553382388816 0.0039394347110435221 0.0023966928807116488 14.994999885559084 0.012147791159214274 14.244999885559084 0.014555585659076444 -0.0057060977224409606 0.00023772449314352076 0.001517771013362035 0.013406221047230662 -0.026942943846074093 0.0087418122270742655 0.0057737720586520389 -0.018665541071911592 0.0025358686375718258 0.030456421062291409 -0.0033130275344189215 1.0000000180025095e-35 -0.0072745157566194698 -0.008698781123315567 14.870000362396242
decision_type=2 2 2 8 2 2 2 2 2 2 2 2 2 2 2 2 2 2 2 2 2 2 2 2 2 2 2 2 2 2
left_child=3 -2 -3 6 5 -5 10 -8 9 24 13 12 -12 14 16 -16 17 -1 -10 -15 21 22 -21 -24 25 26 -9 28 -27 -26
right_child=1 2 -4 4 -6 -7 7 8 18 -11 11 -13 -14 19 15 -17 -18 -19 -20 20 -22 -23 23 -25 29 27 -28 -29 -30 -31
leaf_value=4.7846652798495126e-05 -0.00071093353186963987 0.00028128513404851642 -9.4387888010959555e-05 -0.00011863491353490945 -0.00015640054521133206 0.00020361781303587738 0.0001650823330039972 0.00021286053868992615 5.6539989466280857e-05 -0.00039989276156691359 0.00011564158208195973 -0.00025726558901198834 -0.00032599341430114657 8.6185012803140142e-05 0.00015834441269774061 -0.0003023657039644563 0.00023748510652995609 -0.0001971969368426878 0.00020953036420275572 -0.00029812202890872974 8.4666160706253256e-05 -0.00025857796293750172 4.16511759358397e-05 -7.5805524953808393e-05 0.00030090417118113703 -0.00019901828398174458 -0.00029261520402976262 3.8996778860484263e-07 0.00027449109395861229 1.2132346356465369e-05
leaf_weight=230 100 119 3834 173 402 118 411 61 2553 89 177 295 69 1236 93 262 142 150 228 129 711 149 1567 682 116 43 186 2972 126 216
leaf_count=230 100 119 3834 173 402 118 411 61 2553 89 177 295 69 1236 93 262 142 150 228 129 711 149 1567 682 116 43 186 2972 126 216
internal_value=0.000216849 -0.00221441 -0.00192891 0.000942146 -0.00321068 0.00180412 0.00116536 0.00205328 0.00160091 0.000242846 0.000110319 -0.00512939 0.00264228 0.000640067 -0.00327822 -0.00880282 0.000478927 -0.00328947 0.00346099 0.00140814 0.000324274 -0.00093985 -0.000315391 0.000255669 0.000577957 -1.4758e-05 -0.00799595 0.000612862 0.0110947 0.00662651
internal_weight=17639 4053 3953 13586 693 291 12893 7001 6590 3809 5892 541 246 5351 877 355 522 380 2781 4474 3238 2527 2378 2249 3720 3388 247 3141 169 332
internal_count=17639 4053 3953 13586 693 291 12893 7001 6590 3809 5892 541 246 5351 877 355 522 380 2781 4474 3238 2527 2378 2249 3720 3388 247 3141 169 332
is_linear=0
shrinkage=0.05


Tree=23
num_leaves=31
num_cat=0
split_feature=5 16 12 16 14 14 15 16 15 13 13 13 16 15 13 15 16 12 12 15 13 14 14 13 11 15 15 13 13 12
split_gain=9.73786 4.7727 7.24381 7.47292 6.09875 5.09103 4.63327 4.53788 6.90742 4.3274 6.15333 5.7135 3.97321 3.81187 10.5956 8.13737 4.82022 4.62753 6.76373 5.06897 4.84144 5.65604 5.17166 4.76889 4.68772 4.50197 7.52919 4.9992 5.81642 5.24649
threshold=0.01492508217155151 0.014299574324878496 0.048519167358985434 0.016855035752112339 0.035115678917499234 0.10157519013318318 0.031510877045435433 0.031989125357969835 0.0053395826095865581 15.295000076293947 17.494999885559086 14.570000171661379 0.01422268507827529 0.0086741357081352461 17.875000000000004 0.008243301699756957 0.010462787145727239 0.0061046403867389696 0.039147436974305568 -0.017480169727355329 16.819999694824222 0.038811658900465458 -0.044386160859696593 16.644999504089359 0.00023772449314352076 -0.0058221483635261797 -0.0050699953284292767 13.744999885559084 20.255000114440922 0.036024205160495655
decision_type=2 2 2 2 2 2 2 2 2 2 2 2 2 2 2 2 2 2 2 2 2 2 2 2 2 2 2 2 2 2
left_child=1 12 3 -3 -4 7 -2 -5 -9 11 -11 -10 13 15 16 17 -15 -1 19 -19 21 22 -20 24 -24 27 -27 -21 29 -29
right_child=6 2 4 5 -6 -7 -8 8 9 10 -12 -13 -14 14 -16 -17 -18 18 20 25 -22 -23 23 -25 -26 26 -28 28 -30 -31
leaf_value=4.8092161566211899e-05 -3.9362227771057393e-05 0.00020538436280830659 -5.2067504730772851e-06 9.202685124643825e-05 -0.00050068776456535762 -0.00031275906224585638 -0.0007166510374391939 -0.00014852971921092844 6.1216833736563341e-05 0.00022117716150999602 -2.0469463491156784e-05 -0.00017197599641733936 -0.00036031385620814341 0.0001658156246995984 -8.4622661589853082e-05 -0.000216677281095064 -8.9845798266221643e-05 -0.00044371650062053681 0.00021462072966951605 0.00012628853247805723 -3.4725632799308996e-05 0.00026135100791790494 -0.00025019411063361492 0.00025267510402354943 4.8265121142018888e-05 -0.00038341536314766202 -4.3145956889969769e-05 -5.5294305246800583e-05 0.00021267007190438659 0.00021732460126544764
leaf_weight=1974 7681 213 366 1374 61 44 48 177 147 143 97 65 46 418 225 129 89 58 83 208 470 73 62 50 566 95 1862 660 84 49
leaf_count=1974 7681 213 366 1374 61 44 48 177 147 143 97 65 46 418 225 129 89 58 83 208 470 73 62 50 566 95 1862 660 84 49
internal_value=0.000149004 0.00118831 0.0029866 0.00411504 -0.00298595 0.00318759 -0.00118062 0.00355716 3.97456e-05 0.00331858 0.00791667 -0.00188679 0.000517289 0.000611461 0.00403005 0.000221859 0.00803748 0.000476644 -0.000439815 -0.00174072 0.00256902 0.00485612 0.00358081 0.00213864 0.000955414 -0.00145368 -0.00284875 0.00127373 -0.000535939 -0.00200987
internal_weight=17617 9888 2687 2260 427 2047 7729 2003 629 452 240 212 7201 7155 732 6423 507 6294 4320 3016 1304 834 761 678 628 2958 1957 1001 793 709
internal_count=17617 9888 2687 2260 427 2047 7729 2003 629 452 240 212 7201 7155 732 6423 507 6294 4320 3016 1304 834 761 678 628 2958 1957 1001 793 709
is_linear=0
shrinkage=0.05


Tree=24
num_leaves=31
num_cat=0
split_feature=5 8 10 11 10 5 10 8 14 16 7 8 3 14 10 16 16 6 16 16 10 10 13 16 11 11 13 14 14 1
split_gain=13.4131 6.25611 5.03716 4.74944 5.68536 4.1052 4.77548 3.87749 3.69993 8.32685 3.73083 3.69826 3.60858 5.12059 5.39246 4.40054 3.39945 3.37261 4.41117 4.68525 4.23427 3.09141 4.20861 3.78253 3.67132 6.35391 4.99008 6.17076 4.59827 3.19911
threshold=0.015873893454755664 -0.10083193775135539 0.014365364117936543 0.023193320881576888 0.0094657139240660344 0.022799545597452318 -0.020247537407416468 1.0000000180025095e-35 -0.069744182185856193 0.011730460563602387 0.11688116917711257 -0.0054684492569455614 0.010138562467965075 -0.083456210331023115 0.012727051103036626 -0.03802707131220278 0.048495216498712364 1.7235955893290533 0.040530748414314706 0.031391906100559981 0.0020115894720359466 0.00063381300570131149 16.819999694824222 -0.0088873205784771297 -0.023324980459216712 -0.029337465505850421 25.19999980926514 0.11068884178819839 0.023814289245349455 0.044217133998214926
decision_type=2 10 2 2 2 2 2 10 2 2 2 8 2 2 2 2 2 2 2 2 2 2 2 2 2 2 2 2 2 2
left_child=1 2 -1 12 16 8 -7 -6 9 11 21 -2 13 15 -15 -3 17 18 19 -5 -21 24 29 -24 25 28 27 -26 -10 -23
right_child=5 3 -4 4 7 6 -8 -9 10 -11 -12 -13 -14 14 -16 -17 -18 -19 -20 20 -22 22 23 -25 26 -27 -28 -29 -30 -31
leaf_value=-4.7713115506502639e-05 3.2579019172401718e-05 -0.00014936579902532335 -0.00068165789304163241 7.2062075329106236e-05 0.00030588172962958096 0.00017298157029829736 -0.00017144439267137166 0.00011018685896483465 0.00022353473391014515 0.00027976212929962133 -0.00046750060767549785 -0.00030172879829911217 -5.6339862680469836e-05 2.3374847015634247e-05 -0.00016180055839028784 0.00011172836186085938 -0.00013940554506541958 -0.00022700070794653808 0.00030530590095682463 -0.00058695006585413967 3.5737081984139367e-05 2.347972300855688e-05 -0.00035990343000642626 -0.00012035505877620494 -1.1221898133991372e-05 0.00036155771820163709 0.00038761978944600793 -0.00040182013533266022 -0.00030269527487250737 -0.00016036348369311145
leaf_weight=477 197 42 40 621 120 65 1775 148 74 237 50 123 572 8168 134 498 48 53 55 61 70 809 150 643 1609 122 78 184 130 255
leaf_count=477 197 42 40 621 120 65 1775 148 74 237 50 123 572 8168 134 498 48 53 55 61 70 809 150 643 1609 122 78 184 130 255
internal_value=0.000107905 0.00116368 -0.00420696 0.00142587 0.00442177 -0.00169589 -0.00369565 0.0108209 -0.000906458 0.00291741 -0.00142544 -0.00234375 0.00105163 0.00130061 0.000993736 0.00601852 0.00253304 0.00325581 0.00405824 0.00305851 -0.00553435 -0.00125802 -0.00275983 -0.00551702 1.13792e-05 0.00490798 -0.000841796 -0.00138037 -0.000490196 -0.000704887
internal_weight=17608 11107 517 10590 1176 6501 1840 268 4661 557 4104 320 9414 8842 8302 540 908 860 807 752 131 4054 1857 793 2197 326 1871 1793 204 1064
internal_count=17608 11107 517 10590 1176 6501 1840 268 4661 557 4104 320 9414 8842 8302 540 908 860 807 752 131 4054 1857 793 2197 326 1871 1793 204 1064
is_linear=0
shrinkage=0.05


Tree=25
num_leaves=31
num_cat=0
split_feature=5 0 16 10 16 16 16 3 14 16 3 14 16 12 12 13 15 10 13 15 2 9 15 12 13 13 16 16 14 15
split_gain=9.46572 5.71703 6.08848 5.14407 5.02316 6.59807 5.02516 5.4415 4.874 4.79692 4.68625 4.88071 4.5899 6.39206 6.99038 5.08013 4.47001 14.7655 6.34419 6.79689 5.57497 5.18285 4.1948 4.1704 7.95956 6.25515 6.11386 6.71716 10.7294 6.41689
threshold=0.010562544387924117 0.016558524476525397 -0.03318339815614673 0.0063549494884102007 0.0057737720586520389 0.026373932631703848 0.029027153437388712 0.0090348221263407708 -0.086337752297859935 0.029467216781017828 -0.0019345928504095886 0.070306169308441371 0.0039086564017489786 -0.0062518627133230633 0.024150484969903577 14.960000038146974 -0.017480169727355329 -0.013327773622425541 22.429999351501468 -0.022058673187391849 -0.064484096687725243 -0.0726364762473765 -0.0048913947452965947 0.044320359090521573 21.409999847412113 19.159999847412113 -0.012646253542390349 -0.006655986750924602 0.021982133330242685 -0.0015297479372438081
decision_type=2 2 2 2 2 2 2 2 2 2 2 2 2 2 2 2 2 2 2 2 2 8 2 2 2 2 2 2 2 2
left_child=-1 4 -3 -4 12 8 7 22 -6 -8 -10 -12 16 -14 -15 -16 18 21 20 -20 -2 -18 -7 -19 25 26 -25 29 -29 -28
right_child=1 2 3 -5 5 6 9 -9 10 -11 11 -13 13 14 15 -17 17 23 19 -21 -22 -23 -24 24 -26 -27 27 28 -30 -31
leaf_value=5.1553862108820048e-05 0.00015837935065820646 -0.00033119668426448098 -9.832248525309534e-05 2.3641410953894987e-05 0.00018701992573943494 1.7033852494122757e-05 0.00030256234605870175 0.00013705314671251528 -6.4450282309638094e-06 -1.0598838258342047e-05 5.9028627187796088e-05 0.00025981083196691975 -0.00075757872685113567 0.00027371153036137059 2.0630522412774627e-05 -0.00029310470473446179 0.00033654502040417845 -2.4148956700198195e-05 -0.00015008495429619028 -0.0007841118815380228 -7.0587710292795928e-05 0.00015427782154573701 -0.00018698178987907915 0.00024217332470364276 0.00047378516135073351 -0.00018827306112822315 -0.0002970430768116705 0.00019463612296052629 -0.00035848307666192089 0.0001153103334478386
leaf_weight=2750 90 124 1291 989 175 65 42 40 1221 1290 1941 138 85 54 111 196 131 4992 181 131 233 285 192 133 93 145 158 232 46 69
leaf_count=2750 90 124 1291 989 175 65 42 40 1221 1290 1941 138 85 54 111 196 131 4992 181 131 233 285 192 133 93 145 158 232 46 69
internal_value=0.000214209 -0.000284072 -0.00251664 -0.00192982 0.000146363 0.00135188 -0.00127379 -0.00715488 0.00258273 3.75375e-05 0.00215152 0.00359548 -0.00068907 -0.00560538 -0.00270083 -0.00561889 -0.000372164 3.18269e-05 -0.00437008 -0.00945513 0.000541796 0.00913462 -0.0098249 -0.000613497 0.00256849 0.000925926 0.00305643 0.000544554 0.0057554 -0.005837
internal_weight=17623 14873 2404 2280 12469 5104 1629 297 3475 1332 3300 2079 7365 446 361 307 6919 6284 635 312 323 416 257 5868 876 783 638 505 278 227
internal_count=17623 14873 2404 2280 12469 5104 1629 297 3475 1332 3300 2079 7365 446 361 307 6919 6284 635 312 323 416 257 5868 876 783 638 505 278 227
is_linear=0
shrinkage=0.05


Tree=26
num_leaves=31
num_cat=0
split_feature=5 5 10 13 13 13 1 14 3 14 11 11 10 11 14 14 11 11 11 11 13 11 11 8 11 13 10 3 11 2
split_gain=9.61718 4.26736 4.16869 5.79628 6.27074 5.069 6.36996 5.02441 4.15951 3.95087 5.5011 6.64747 4.67693 4.45552 4.20619 6.37546 8.45012 4.9601 4.83661 5.87771 4.76829 4.33306 4.11461 4.2496 3.87741 5.1727 3.80805 3.78051 4.21404 3.85853
threshold=0.012453464088910795 0.022140359718291164 -0.029463617054616639 25.19999980926514 22.330000877380375 27.365000724792484 -0.025362803562754607 0.15797637088179853 -0.0085221088002623829 -0.069744182185856193 -0.0028065328855473855 -0.015498633596874143 0.010824096152379449 0.048369816433799014 -0.054330610723124943 -0.037374592254897913 0.0053660199298344322 0.0056453064529209404 -0.020756034341227022 -0.025492128925019227 21.82499980926514 0.0038135025222709733 0.037714615631601174 -0.026399390218027615 0.0065559076404506653 16.32499980926514 -0.020247537407416468 -0.0031832124102702526 -0.0078155489533487926 0.084890180652002281
decision_type=2 2 2 2 2 2 2 2 2 2 2 2 2 2 2 2 2 2 2 2 2 2 2 10 2 2 2 2 2 2
left_child=27 2 -2 4 9 6 -5 -6 -7 10 11 -4 -12 14 17 16 -16 21 19 -17 22 -11 -20 -24 -14 -26 -3 28 -1 -29
right_child=1 26 3 5 7 8 -8 -9 -10 13 12 -13 24 -15 15 18 -18 -19 20 -21 -22 -23 23 -25 25 -27 -28 29 -30 -31
leaf_value=7.0094451091127271e-05 -0.0012174214159178527 0.00010777855237996976 0.00019074877732929248 0.00036063953476804674 -0.00012947406616724795 -0.00032329799251950685 8.9742180306428502e-05 -0.00095509281673528546 0.00014433658884897314 -0.00011551937638508945 0.00020437776672526561 -0.00020765778241870197 0.00028111570282418808 -0.00017502882230732068 -8.3664651508584499e-05 -4.4739122883493033e-05 0.00013949722522386054 -0.00021883786369875365 -2.5064491959429848e-05 0.00019279106916983096 0.00040893472982644289 0.00020966266524047569 -5.7803272074904858e-05 0.00021820837547273432 0.00013503704004251476 -0.00018937166824154603 -0.00011652695041161586 3.7607483424885457e-05 -3.5091842491627142e-05 0.00012807014376496818
leaf_weight=380 46 75 63 106 457 58 93 57 105 175 417 226 76 97 274 231 497 288 5730 248 43 62 42 100 69 128 1954 4015 1112 378
leaf_count=380 46 75 63 106 457 58 93 57 105 175 417 226 76 97 274 231 497 288 5730 248 43 62 42 100 69 128 1954 4015 1112 378
internal_value=0.000190319 -0.000637962 -0.00020128 -0.000129641 -0.000371767 0.00607735 0.0114322 -0.0057393 -0.000460123 -5.70386e-05 0.00293667 -0.00285467 0.00536232 -0.000433415 -0.00029909 1.74459e-05 0.00431258 -0.00461905 -0.000500469 0.00433194 -0.000891801 0.000738397 -0.00101328 0.00739437 0.000274725 -0.0034264 -0.00272302 0.00183942 -0.000335121 0.00257796
internal_weight=17602 11717 9688 9642 9280 362 199 514 163 8766 979 289 690 7787 7690 7165 771 525 6394 479 5915 237 5872 142 273 197 2029 5885 1492 4393
internal_count=17602 11717 9688 9642 9280 362 199 514 163 8766 979 289 690 7787 7690 7165 771 525 6394 479 5915 237 5872 142 273 197 2029 5885 1492 4393
is_linear=0
shrinkage=0.05


Tree=27
num_leaves=31
num_cat=0
split_feature=5 3 12 14 13 11 11 12 11 10 10 14 12 10 13 15 13 15 13 13 10 10 10 3 13 13 2 5 13 13
split_gain=10.7564 5.60043 4.42179 3.84919 5.38919 4.97964 6.02046 5.74059 5.37342 9.16583 5.94843 4.9401 4.92728 4.42367 4.40481 5.20663 4.51958 3.98184 5.23849 9.19227 3.89228 5.18316 3.8178 8.44439 3.77805 3.72803 3.64842 4.05978 4.2009 5.19018
threshold=0.018031257478104853 0.012958061674639533 -0.080083523859072289 -0.086337752297859935 16.32499980926514 0.048369816433799014 0.025734816417073651 -0.025750779649927887 -0.020171836765592806 0.0041080553382388816 -0.0077272822899705487 0.004407866869301503 -0.0072815226745224218 0.015605167538648159 16.085000038146976 0.0067908038477773056 15.654999732971193 0.011942127654858805 15.425000190734865 13.659999847412111 -0.017312021268647334 -0.01425655493307104 -0.020247537407416468 -0.016348295072296012 14.244999885559084 17.369999885559086 -0.12845508754626708 0.010895184256312166 19.295000076293949 18.564999580383304
decision_type=2 2 2 2 2 2 2 2 2 2 2 2 2 2 2 2 2 2 2 2 2 2 2 2 2 2 2 2 2 2
left_child=1 2 -1 4 24 6 8 -8 9 10 12 -12 20 17 16 -16 -9 26 19 -19 -5 -22 23 -2 -4 -3 -10 28 29 -28
right_child=22 25 3 5 -6 -7 7 14 13 -11 11 -13 -14 -15 15 -17 -18 18 -20 -21 21 -23 -24 -25 -26 -27 27 -29 -30 -31
leaf_value=-0.00047057470938832708 -0.00048950612318994231 -9.9855548688213186e-06 4.4925529198318761e-06 -0.00030845708820092317 1.8515554677509332e-05 -0.00014681693930332579 0.00036211286594070786 9.5626826479740679e-05 0.00014346175941139323 -0.00019744286429773696 8.7360007733008546e-05 0.00030796670590281505 0.00018284154406666734 -0.00025444909454746498 -0.00012660072894704456 0.00016347625175842345 0.00039308733608703995 0.0002360189597317076 0.00017858279231008477 -7.8705143753339757e-05 0.00018358537376880012 -9.9848625413337435e-05 -8.1861809150263551e-05 0.00036207922930650576 0.00028609535216440814 -0.00021695406739920178 2.7907569783421375e-05 -1.3178700748072478e-05 0.00011325121040041483 -0.00014933604998203627
leaf_weight=52 51 380 68 85 443 81 55 449 130 81 235 220 152 78 291 146 47 125 261 274 126 135 4060 65 206 263 2163 6489 251 98
leaf_count=52 51 380 68 85 443 81 55 449 130 81 235 220 152 78 291 146 47 125 261 274 126 135 4060 65 206 263 2163 6489 251 98
internal_value=0.000167995 0.000859235 0.001089 0.00114863 0.00470711 0.000935516 0.00101968 0.00475709 0.000681005 0.00411025 0.00548269 0.00961538 0.00170683 0.000321714 0.00383173 0.000171625 0.00705645 0.000416199 0.00416667 0.00056391 -0.0015896 0.00143678 -0.00204741 0.00689655 0.010219 -0.00369362 0.00014511 2.49972e-05 0.00173169 0.00105042
internal_weight=17560 13384 12741 12689 717 11972 11891 988 10903 1034 953 455 498 9869 933 437 496 9791 660 399 346 261 4176 116 274 643 9131 9001 2512 2261
internal_count=17560 13384 12741 12689 717 11972 11891 988 10903 1034 953 455 498 9869 933 437 496 9791 660 399 346 261 4176 116 274 643 9131 9001 2512 2261
is_linear=0
shrinkage=0.05


Tree=28
num_leaves=31
num_cat=0
split_feature=5 16 12 16 2 12 12 10 15 16 13 10 13 13 15 10 10 15 11 11 10 13 13 13 15 16 10 10 12 10
split_gain=10.0253 4.59183 6.73472 6.7241 5.09606 5.95008 3.96624 6.08468 5.64257 6.0815 5.85121 5.58319 5.99831 7.34303 7.8541 7.13225 7.73891 6.7613 5.85957 5.59223 5.14909 4.94669 7.49611 6.82241 5.93693 4.8381 4.82005 4.45694 4.07025 3.99194
threshold=0.015873893454755664 0.014299574324878496 0.048519167358985434 0.016855035752112339 0.0057618939745875961 -0.046452019388258541 0.037928196515582775 0.010510729988004066 0.012927135230523802 0.013442700444580848 14.715000152587892 0.012727051103036626 19.295000076293949 21.134999275207523 0.0051090508374295194 0.0057642081998183778 0.0028970492937452357 -0.020859022640160093 -0.0040062881878700765 -0.0034482783257907541 0.0093708689462960199 16.819999694824222 12.925000190734865 12.88000011444092 0.0070839874644254017 -0.0022207549797582655 0.0052648731180522388 -0.0034865446870830925 -0.0077541062485576564 0.0046724002397113837
decision_type=2 2 2 2 2 2 2 2 2 2 2 2 2 2 2 2 2 2 2 2 2 2 2 2 2 2 2 2 2 2
left_child=1 6 3 -3 5 -5 8 20 9 11 -10 12 15 14 -14 16 17 -1 -19 -20 21 22 23 -8 27 -17 28 -23 -15 -18
right_child=-2 2 -4 4 -6 -7 7 -9 10 -11 -12 -13 13 26 -16 25 29 18 19 -21 -22 24 -24 -25 -26 -27 -28 -29 -30 -31
leaf_value=-0.00038559351274606299 -4.0149845974387593e-05 0.00018003798413961547 -3.7776023170811189e-05 -0.00025449801898052329 2.332033683226137e-05 0.00013133094249910966 2.8429076414631782e-05 -0.00026855635872087184 -6.9885930939060431e-05 -0.00034917544434239758 0.00017114590099963787 -0.00018928251812791723 0.00022957411653851684 -3.9082729674587858e-05 -5.3294013558859637e-05 -4.6970713429425697e-06 -0.00024591843725237539 3.9622128543120864e-05 -0.00031371223216251345 -4.1474824016924169e-05 0.00021489697650575168 3.8633424694967698e-05 0.00012291814001138599 -0.00029174762252614492 0.00026365723603997721 0.00010686490620585234 -0.00028447045556721681 -0.00013683205916089968 0.00010709003297406706 -1.4863424465802164e-05
leaf_weight=50 6512 252 484 40 1519 773 382 76 64 100 214 127 435 364 171 412 299 1179 62 1869 77 226 720 47 40 420 83 311 190 168
leaf_count=50 6512 252 484 40 1519 773 382 76 64 100 214 127 435 364 171 412 299 1179 62 1869 77 226 720 47 40 420 83 311 190 168
internal_value=0.000376429 0.00128653 0.00293351 0.00394737 0.00310892 0.00630381 0.000661637 0.00267429 5.23602e-05 -0.000274077 0.00701439 -6.43335e-05 0.000166608 0.00323813 0.00717822 -0.000689617 -0.00164737 -0.000759494 -0.000466238 -0.00216209 0.00325846 0.00269409 0.00459095 -0.000641026 -0.00108319 0.00348558 -0.000510204 -0.00246741 0.00117329 -0.00765525
internal_weight=17666 11154 3068 2584 2332 813 8086 1879 6207 5929 278 5829 5702 1243 606 4459 3627 3160 3110 1931 1803 1726 1149 429 577 832 637 537 554 467
internal_count=17666 11154 3068 2584 2332 813 8086 1879 6207 5929 278 5829 5702 1243 606 4459 3627 3160 3110 1931 1803 1726 1149 429 577 832 637 537 554 467
is_linear=0
shrinkage=0.05


Tree=29
num_leaves=31
num_cat=0
split_feature=5 16 11 15 14 14 14 15 14 16 16 16 16 3 13 13 7 16 11 14 14 13 13 13 15 14 14 15 9 9
split_gain=7.92701 4.93018 5.11414 9.21285 5.50949 5.32592 9.41051 5.58468 5.09508 4.74286 4.77346 7.14133 4.93237 5.25378 4.78807 5.72782 4.61765 4.56481 6.62224 6.79358 4.50348 4.32727 4.32583 7.82961 5.31953 5.29266 4.01943 4.45825 3.93903 3.93068
threshold=0.012918621003941753 -0.075504238021103495 -0.023324980459216712 -0.0078024621285809328 -0.041810588725082691 0.11068884178819839 0.083812216488613714 -0.015920747741414772 -0.036136320679139293 -0.01666422043590576 0.034880061024600513 0.033315841322242863 0.025478280932691558 0.009743995077019842 18.335000038146976 16.775000572204593 -0.062304575659981258 -0.0070692130950461554 -0.0015936662875054017 0.010891009150098998 0.093015395411206861 17.695000648498539 20.500000000000004 17.860000610351566 0.011942127654858805 -0.03839547318596314 -0.067583665573298909 -0.0041556755034371498 0.38584380104797394 -0.17535549626179872
decision_type=2 2 2 2 2 2 2 2 2 2 2 2 2 2 2 2 2 2 2 2 2 2 2 2 2 2 2 2 8 10
left_child=17 -2 3 -3 -5 6 8 -7 9 28 11 12 22 -14 15 -12 -9 18 -1 -20 -8 -21 23 25 -24 26 -11 -28 -4 -10
right_child=1 2 5 4 -6 7 20 16 29 10 14 -13 13 -15 -16 -17 -18 -19 19 21 -22 -23 24 -25 -26 -27 27 -29 -30 -31
leaf_value=2.7877997446135955e-05 -0.00068299639484486379 0.00020776746922787664 -2.1770176121872071e-05 -0.00045711957039070513 2.8110049327202422e-05 -0.00041813063119304516 0.00039728051599622477 0.00032148860065084784 -0.0001040607527243252 0.00016296115567772864 -0.00010550012222933615 0.00039392847615134181 -0.00030020567897902427 9.4696213089772243e-05 -0.0002585352237681641 0.00022791218555579841 -0.00011648770671461311 4.4692939955448692e-05 -4.4803945038741215e-06 -0.00021792857393476044 8.4819057189692871e-05 0.0001533161751583731 0.00026924361880585059 -0.00014812722354988524 5.7233344865782921e-06 0.00019856902557524394 0.00021338296937488009 -4.9112106869097454e-05 -0.00045641242401592844 -1.6837012996667776e-05
leaf_weight=1435 90 408 319 117 397 189 98 62 1762 486 132 91 149 79 109 45 284 4280 607 228 221 47 187 337 149 97 84 569 90 4412
leaf_count=1435 90 408 319 117 397 189 98 62 1762 486 132 91 149 79 109 45 284 4280 607 228 221 47 187 337 149 97 84 569 90 4412
internal_value=0.000256264 -0.000567819 -0.000471351 0.00309111 -0.00136187 -0.000801427 -0.000525701 -0.00565421 -0.000821699 0.00089805 0.00171042 0.00249102 0.00190688 -0.00504386 -0.00437063 0.000706215 -0.00187861 0.00162574 -0.000161847 -0.00357143 0.00791536 -0.0100909 0.00273704 0.001637 0.0078869 0.00347896 0.00252414 -3.82848e-05 -0.00409535 -0.00163589
internal_weight=17560 10963 10873 922 514 9951 9416 535 9097 2923 2514 2228 2137 228 286 177 346 6597 2317 882 319 275 1909 1573 336 1236 1139 653 409 6174
internal_count=17560 10963 10873 922 514 9951 9416 535 9097 2923 2514 2228 2137 228 286 177 346 6597 2317 882 319 275 1909 1573 336 1236 1139 653 409 6174
is_linear=0
shrinkage=0.05


Tree=30
num_leaves=31
num_cat=0
split_feature=4 5 16 12 8 11 12 13 15 15 11 11 13 11 11 11 12 11 12 15 15 3 11 12 13 16 6 13 11 15
split_gain=9.45269 4.98286 4.04983 7.19335 3.532 3.80412 4.00007 3.36111 3.15805 3.10242 3.81094 5.38311 5.08797 6.56394 4.03397 7.20117 5.36585 4.12325 4.46297 7.26545 5.80193 4.00843 3.7874 6.59862 5.45523 7.01545 3.58799 3.24373 3.27886 3.18204
threshold=0.031111594389777505 0.010859294164846935 -0.063867813313447361 -0.075828254732232245 0.13415382698123515 0.0077476291069551459 -0.0045413720184895303 31.844999313354496 -0.018201043557521442 -0.013368103190865841 0.003505922146060048 0.0023966928807116488 16.164999961853031 0.0028224343190543792 0.0056453064529209404 0.0058629709615137813 0.023412732121494976 0.0065559076404506653 0.048519167358985434 0.00071292320817129007 0.0036724215006606058 -0.0011094607249364505 0.00023772449314352076 0.032816284988903439 13.34500026702881 -0.0085021295264323098 0.22809216493770626 19.440000534057621 0.024405039123864495 -0.005978730218645866
decision_type=2 2 2 2 8 2 2 2 2 2 2 2 2 2 2 2 2 2 2 2 2 2 2 2 2 2 2 2 2 2
left_child=1 -1 -2 -4 8 -6 -7 -5 -3 -10 11 22 13 -13 -12 16 -16 -17 26 27 -21 -15 24 -24 25 -11 29 28 -20 -19
right_child=2 4 3 7 5 6 -8 -9 9 10 14 12 -14 21 15 17 -18 18 19 20 -22 -23 23 -25 -26 -27 -28 -29 -30 -31
leaf_value=3.9870059643190746e-05 -0.00068039776691187939 -0.00011163851098911545 0.00026140195003042827 -8.9976767540554802e-05 -6.4596648712914652e-06 -0.00054053077970598164 -7.7523039010217118e-05 0.00012957785061750069 8.7045698101574165e-05 -1.870347375300891e-05 0.00013671122372628538 -0.00041211844627386254 -0.00027189307005974945 -6.5640241639696074e-05 -0.00059216116765264948 0.00019569915513476576 5.1002544590082743e-05 0.00012914869987915866 -0.0002679810700051746 0.0001206865854009436 -2.6912312265604073e-05 0.00015669497550563672 4.7604084015125291e-06 0.00022852873520864565 -4.0004149676555608e-06 -0.00039220158622532594 -1.9038899386838787e-05 0.00012040882581343107 1.4240792370328292e-05 4.2615751547907516e-05
leaf_weight=3180 100 347 119 3696 464 52 236 68 394 115 412 69 144 47 64 135 43 279 218 156 444 87 308 142 2912 78 962 45 40 2208
leaf_count=3180 100 347 119 3696 464 52 236 68 394 115 412 69 144 47 64 135 43 279 218 156 444 87 308 142 2912 78 962 45 40 2208
internal_value=7.68618e-05 0.000705029 -0.00206503 -0.00180917 0.000175464 -0.003125 -0.00763889 -0.00219182 0.000432687 0.000607396 0.000415357 -0.000756023 -0.00670029 -0.00160099 0.00132841 0.000903352 -0.0119159 0.00120905 0.000942096 -0.00218715 0.001 0.00485075 -0.000175809 0.00411111 -0.000797101 -0.00893782 0.00176138 -0.00849835 -0.0106589 0.00276437
internal_weight=17564 13581 3983 3883 10401 752 288 3764 9649 9302 8908 3902 347 203 5006 4594 107 4487 4352 903 600 134 3555 450 3105 193 3449 303 258 2487
internal_count=17564 13581 3983 3883 10401 752 288 3764 9649 9302 8908 3902 347 203 5006 4594 107 4487 4352 903 600 134 3555 450 3105 193 3449 303 258 2487
is_linear=0
shrinkage=0.05


Tree=31
num_leaves=31
num_cat=0
split_feature=8 10 4 15 1 12 14 8 6 15 12 13 10 15 10 10 10 15 12 12 12 13 13 8 15 13 15 12 14 15
split_gain=6.48577 5.31321 4.73633 4.49782 4.72532 3.96743 3.85111 4.1988 3.69867 4.3414 8.56617 4.88694 5.11586 4.3068 4.58455 4.21758 5.89952 4.57117 4.14453 4.66317 7.02725 6.0716 6.23483 4.77841 4.19373 4.79261 4.14257 9.10961 6.49832 6.36568
threshold=0.14743209682306938 0.015426136544852588 0.03371155984598672 0.0019518951073649318 -0.020918557695426328 -0.075828254732232245 0.01016731697942619 0.22578351931294174 0.29491023916241693 0.012038247328938325 0.05549660890243658 17.164999961853031 0.0087442348777118113 0.0045235945889920979 0.0095076274836749537 0.0017576081132453238 0.0039394347110435221 0.01415338979138714 -0.026522918814270154 -0.0021779989337359913 0.0033715078329863428 17.050000190734867 16.819999694824222 -0.024753806588201862 0.0022369903785145477 16.550000190734867 0.0026851838267895061 -0.0031637025986434027 0.043372068741787458 0.00071292320817129007
decision_type=8 2 2 2 2 2 2 8 2 2 2 2 2 2 2 2 2 2 2 2 2 2 2 10 2 2 2 2 2 2
left_child=2 3 8 6 -5 -4 7 -2 9 11 15 12 18 -14 -15 -11 -17 -18 -1 23 -21 22 24 -20 -22 -26 29 -28 -29 -13
right_child=1 -3 5 4 -6 -7 -8 -9 -10 10 -12 26 13 14 -16 16 17 -19 19 20 21 -23 -24 -25 25 -27 27 28 -30 -31
leaf_value=0.00018134963331989411 -0.00010609386831158808 -0.00053324190590329839 0.00020804183535534041 0.00017732816499298911 -4.6358640546795631e-05 -6.8101591233036938e-05 -6.9199856682146445e-05 -0.00044908726127938515 -7.5049532959006135e-06 0.00028245372174471781 -0.0001426630883377091 -7.6112935295844824e-06 2.0817266171800632e-05 0.0002827695128071084 0.00010371123275933024 -0.00014233436011907617 0.00017410735917920881 4.3234280280166595e-05 -0.00027078704878709164 0.00016477522261475403 4.0714022374837819e-05 0.00022049543086390973 -0.00016234021360595123 -3.9496997070826056e-06 -3.3450393841006567e-05 0.00012489873719428364 -0.00019788327758060213 3.7970432200475777e-05 -0.0002170364140361813 0.00018213554890921524
leaf_weight=145 84 58 131 90 456 2507 356 111 4140 103 83 1979 185 80 242 77 247 379 112 250 2694 124 127 196 1441 101 327 535 58 257
leaf_count=145 84 58 131 90 456 2507 356 111 4140 103 83 1979 185 80 242 77 247 379 112 250 2694 124 127 196 1441 101 327 535 58 257
internal_value=0.000267327 -0.00335498 0.000520581 -0.00257521 0.000641026 -0.00142153 -0.00576225 -0.0114103 0.000889641 0.00142168 0.00475253 0.0010872 0.00196156 0.00675542 0.0102484 0.00632754 0.0049431 0.00654952 0.00149326 0.00125372 0.00164133 0.00118676 0.00087669 -0.00470779 0.00120397 -0.000875486 -0.000491128 -0.00331522 0.000379427 0.000670841
internal_weight=17675 1155 16520 1097 546 2638 551 195 13882 9742 889 8853 5697 507 322 806 703 626 5190 5045 4737 4487 4363 308 4236 1542 3156 920 593 2236
internal_count=17675 1155 16520 1097 546 2638 551 195 13882 9742 889 8853 5697 507 322 806 703 626 5190 5045 4737 4487 4363 308 4236 1542 3156 920 593 2236
is_linear=0
shrinkage=0.05


Tree=32
num_leaves=31
num_cat=0
split_feature=4 3 15 16 16 12 11 10 12 11 15 15 16 15 8 13 9 13 12 8 11 10 11 11 13 12 15 16 16 12
split_gain=6.16828 3.9317 4.72184 7.79892 8.26514 5.26291 5.31304 5.18772 4.50192 4.24833 4.35506 7.86983 7.57176 4.97452 4.93675 4.49645 6.45531 11.7041 7.11127 4.90877 4.44287 4.14067 5.48096 5.51527 6.8075 5.29994 9.91412 5.27482 7.14857 5.2787
threshold=0.031111594389777505 0.012233096511065857 0.011942127654858805 0.037952137453384334 0.043182704494491582 0.05549660890243658 0.022371671990612522 0.0076785995621447842 0.038282050085224013 0.050492682028646547 0.0031370137597132035 0.002607894944354983 -0.017261383906732038 0.0036724215006606058 0.057071265925963129 17.695000648498539 0.19474856446940395 18.82499980926514 0.029255274233742638 0.033366145842668622 -0.0098148245313025555 0.0055837889125804905 0.028003241711031971 -0.023324980459216712 27.855000495910648 0.052412040834153968 -0.0015992718168361673 0.0030039035776087135 0.029027153437388712 0.039535429678634555
decision_type=2 2 2 2 2 2 2 2 2 2 2 2 2 2 8 2 8 2 2 8 2 2 2 2 2 2 2 2 2 2
left_child=1 2 9 5 -5 6 7 -4 -9 10 11 21 -12 14 -14 -15 18 -18 20 -19 -17 22 23 24 -1 27 -27 29 -29 -23
right_child=-2 -3 3 4 -6 -7 -8 8 -10 -11 12 -13 13 15 -16 16 17 19 -20 -21 -22 25 -24 -25 -26 26 -28 28 -30 -31
leaf_value=0.00013783401870867256 -5.5505034277989618e-05 -7.0816405204115861e-05 0.00019616731461992245 -0.00045187939859654615 6.761360117597294e-06 -8.1524515658247711e-05 0.00025136383898692876 3.1640345226363957e-05 -0.00016471825062785647 -0.00020989920963774436 -0.00012719341651168189 0.00020544950928089818 -0.00028312826458409666 2.9227396929058533e-05 0.00015599753377697851 -7.3320131433934519e-05 -0.00026367986741039412 0.00043770020733526139 3.5681424402155339e-05 0.00010017473264133138 -0.00040778076790468434 2.2352969784073235e-05 0.00011922032953390739 -1.3292020659133945e-06 -0.00093878980792252054 -0.00052210981244877697 6.8063511516239497e-05 0.00034696119756146975 -3.9610689046998077e-05 0.00020272409569546432
leaf_weight=575 3987 766 320 55 161 98 157 329 61 47 317 269 90 2379 40 131 97 75 155 131 180 379 292 5983 52 75 85 157 54 71
leaf_count=575 3987 766 320 55 161 98 157 329 61 47 317 269 90 2379 40 131 97 75 155 131 180 379 292 5983 52 75 85 157 54 71
internal_value=0.000230533 0.000738164 0.000946157 0.00395851 -0.00462963 0.00588083 0.00712226 0.00528169 0.00141026 0.000640364 0.000701217 0.00135135 -0.000744089 -3.05064e-05 -0.00961538 0.000365311 -0.00295839 0.00272277 -0.00665236 0.00946602 -0.0110129 0.00105853 0.000659229 0.000363086 0.00482456 0.00441535 -0.00375 0.00639183 0.0129147 0.00333333
internal_weight=17568 13581 12815 1181 216 965 867 710 390 11634 11587 7992 3595 3278 130 3148 769 303 466 206 311 7723 6902 6610 627 821 160 661 211 450
internal_count=17568 13581 12815 1181 216 965 867 710 390 11634 11587 7992 3595 3278 130 3148 769 303 466 206 311 7723 6902 6610 627 821 160 661 211 450
is_linear=0
shrinkage=0.05


Tree=33
num_leaves=31
num_cat=0
split_feature=5 16 11 15 15 14 14 10 15 14 14 15 14 14 11 15 3 14 14 14 16 14 14 11 9 11 10 12 10 10
split_gain=7.54985 6.22559 6.53756 6.71346 8.83413 5.25276 8.34638 7.14021 6.19692 8.74926 5.81369 9.97611 7.98795 6.60087 5.67191 7.0974 5.34096 4.89136 11.644 6.56999 6.72437 5.69669 5.29605 4.96876 4.96708 5.15647 5.15125 6.42439 4.80206 4.72972
threshold=0.010740357196168423 -0.036990187372662291 -0.0036909172011733156 0.0095327183537736743 -0.013564362034547249 -0.037374592254897913 -0.03839547318596314 -0.0026276635212834072 -0.0036251439726217023 -0.061929277885563232 -0.069744182185856193 0.0057516027426874903 -0.053534792570075034 -0.05212825080923577 -0.023324980459216712 -0.013075205337648775 0.00082620249152831626 0.11068884178819839 0.083142255535003332 0.076607678117126224 0.0069916964837620785 0.12307845124318741 0.093015395411206861 -0.020756034341227022 -0.19417920481414033 -0.0075284506861215674 0.0038486575209699674 0.02953543879256915 0.014365364117936543 -0.013788046856732237
decision_type=2 2 2 2 2 2 2 2 2 2 2 2 2 2 2 2 2 2 2 2 2 2 2 2 10 2 2 2 2 2
left_child=-1 2 3 4 -2 6 7 -3 9 -9 -10 -12 16 -14 15 -7 -13 18 19 23 -21 -19 -20 -16 25 -25 -27 -28 -15 -23
right_child=1 5 -4 -5 -6 14 -8 8 10 -11 11 12 13 28 17 -17 -18 21 22 20 -22 29 -24 24 -26 26 27 -29 -30 -31
leaf_value=3.4650629035891912e-05 -0.00021877220027436851 -0.00035534359465021925 -0.00041502818138237842 -0.00039406337225002448 0.00014044817242538822 0.00037492710366405043 0.00022045440919038112 -0.00019405016746840717 5.6704835594401266e-05 0.0002309012995997101 -0.00014316646105399025 7.1579197254212706e-05 0.00031434555912491195 2.9962604309442462e-05 0.00020712649461868718 3.3637971262554748e-05 -0.00013319674148794602 -0.00041755779989517553 0.00028803596114405981 -0.0003511931046321806 0.00011356583043494068 -0.00021743115618577061 7.1988161960961924e-05 8.7501552669912684e-05 -5.1436155557331315e-06 -0.00015418944632812848 0.00020809972038329309 -7.4207192236351108e-05 0.00025784357158992194 5.3492740995517504e-05
leaf_weight=3015 347 40 135 109 236 141 156 71 1532 238 691 133 81 444 96 574 312 105 170 183 66 295 271 337 5864 1392 132 288 57 206
leaf_count=3015 347 40 135 109 236 141 156 71 1532 238 691 133 81 444 96 574 312 105 170 183 66 295 271 337 5864 1392 132 288 57 206
internal_value=0.000117119 -0.000350292 -0.00456469 -0.00260116 -0.000471698 -9.90991e-05 0.001498 0.00100722 0.00124333 0.00800971 0.0006 -0.00139697 0.00172833 0.00558419 -0.0006917 0.0036014 -0.00331461 -0.00101808 -0.000718832 -0.00113664 -0.00913655 -0.00536304 0.00719955 -0.000890985 -0.00102646 -0.00308283 -0.00413907 0.000714286 0.00344311 -0.00314371
internal_weight=17717 14702 827 692 583 13875 3755 3599 3559 309 3250 1718 1027 582 10120 715 445 9405 8799 8358 249 606 441 8109 8013 2149 1812 420 501 501
internal_count=17717 14702 827 692 583 13875 3755 3599 3559 309 3250 1718 1027 582 10120 715 445 9405 8799 8358 249 606 441 8109 8013 2149 1812 420 501 501
is_linear=0
shrinkage=0.05


Tree=34
num_leaves=31
num_cat=0
split_feature=8 10 5 15 14 10 11 16 16 15 10 14 10 10 13 12 13 12 10 11 13 15 12 14 12 16 16 13 2 11
split_gain=6.92695 6.46579 5.2172 3.94039 3.84647 5.39224 5.4385 6.63591 5.68387 4.44156 4.14135 5.06744 3.6301 4.99766 4.16436 4.09384 5.72419 4.25237 9.4332 8.70885 6.26002 6.085 5.78798 4.94706 4.61878 4.54506 5.3367 4.48041 5.25495 6.40335
threshold=-0.15567109995571513 0.015605167538648159 0.014652368193594943 0.031510877045435433 0.17323568959812755 -0.01521359351313417 -0.0019312644635973706 -0.022967700345170591 -0.030157122994990789 -0.013564362034547249 0.0038763906562415689 0.009860755526874045 0.017875641087257036 0.015605167538648159 17.445000648498539 0.0072856362379064574 13.795000076293947 0.024727587984372471 -0.0065884728107576387 0.00023772449314352076 13.34500026702881 -0.0082974278558353137 0.023812281741097733 0.14228104891203866 0.025521140781716415 0.031989125357969835 0.035183239695553266 15.355000019073488 0.039647310680747234 -0.0084964938619227475
decision_type=10 2 2 2 2 2 2 2 2 2 2 2 2 2 2 2 2 2 2 2 2 2 2 2 2 2 2 2 2 2
left_child=1 4 12 -4 5 -1 7 8 9 -7 11 -8 13 15 -14 16 -2 22 23 20 -20 -22 -17 -19 -21 -26 -27 -23 29 -29
right_child=2 -3 3 -5 -6 6 10 -9 -10 -11 -12 -13 14 -15 -16 17 -18 18 19 24 21 27 -24 -25 25 26 -28 28 -30 -31
leaf_value=0.00029551967629800171 0.00019751158404470088 -0.00047689915885540461 -1.5869520728360124e-05 -0.00049832278708775884 -0.0006689201146008795 -0.00020661715475636953 -0.00049559976047119426 0.00015189948770602231 -0.00040330890137681277 0.00043132006851077307 7.4380199032537608e-08 -6.120091887409042e-05 0.00020574226132644477 -0.00028042457582614516 -5.0778488370453738e-05 -1.2212157123184156e-05 3.954551821750761e-05 0.00018851664880206707 -0.00023300576416842596 0.00013118528169196015 0.0001771865622300722 7.7148900117277399e-05 -0.00023538700920813953 -5.6329175263844862e-05 3.1206946336427765e-05 -0.0005648079925252321 -1.0434015447244533e-05 -0.00034856848414751201 -0.0002853546453761215 7.7810022050467398e-05
leaf_weight=64 88 60 7475 43 45 57 155 202 62 42 116 89 84 60 45 1904 2552 255 189 82 42 119 120 51 3068 70 259 41 146 100
leaf_count=64 88 60 7475 43 45 57 155 202 62 42 116 89 84 60 45 1904 2552 255 189 82 42 119 120 51 3068 70 259 41 146 100
internal_value=0.000145604 -0.00414798 0.000373668 -0.000605214 -0.00300481 -0.00219187 -0.00342324 0.000895317 -0.00667702 0.000757576 -0.00777778 -0.0114754 0.00116712 0.00104964 0.00949612 0.00114462 0.00280303 0.000465405 0.00133424 0.000704568 -0.00467033 -0.00145089 -0.00143281 0.00980392 0.0016887 0.00140565 -0.00417933 -0.00332512 -0.00670732 0.000177305
internal_weight=17685 892 16793 7518 832 787 723 363 161 99 360 244 9275 9146 129 9086 2640 6446 4422 4116 637 448 2024 306 3479 3397 329 406 287 141
internal_count=17685 892 16793 7518 832 787 723 363 161 99 360 244 9275 9146 129 9086 2640 6446 4422 4116 637 448 2024 306 3479 3397 329 406 287 141
is_linear=0
shrinkage=0.05


Tree=35
num_leaves=31
num_cat=0
split_feature=4 6 13 11 11 10 1 10 14 7 4 2 10 11 8 11 2 11 3 14 10 3 12 11 9 10 10 14 7 13
split_gain=6.40669 3.57532 3.85128 3.3148 3.18659 3.0914 5.67348 4.8547 4.11813 3.07001 3.15974 3.20636 3.48811 2.99795 2.96747 3.53614 2.92432 2.89944 5.77228 4.62079 3.51738 2.96775 3.34759 4.36846 2.83768 2.89351 4.36031 3.38758 3.28487 2.83692
threshold=0.024874986904560432 -0.36920234233687677 30.345000267028812 0.01723808414084094 0.048369816433799014 0.015605167538648159 -0.016326626377803518 0.017875641087257036 -0.068623004427642229 -0.036743110860208365 0.016234619620062812 0.12585258948482783 -0.0028966146153551193 0.003505922146060048 0.03138945921417869 0.0026615603308526308 -0.012931971579826894 -0.022310337551763478 -0.032628758068055201 0.17323568959812755 -0.0021138824674655772 0.010972889489539674 -0.02797294646846021 0.0047087702577918175 0.15682241410059419 0.0025358686375718258 -0.0077272822899705487 -0.060408912479391223 -0.047696281565600122 21.134999275207523
decision_type=2 2 2 2 2 2 2 2 2 2 2 2 2 2 10 2 2 2 2 2 2 2 2 2 10 2 2 2 2 2
left_child=3 2 13 9 5 8 -7 -8 -3 -1 11 12 -11 14 15 24 -9 18 -10 21 -20 22 23 -19 25 26 28 -27 -2 -29
right_child=1 4 -4 -5 -6 6 7 16 17 10 -12 -13 -14 -15 -16 -17 -18 19 20 -21 -22 -23 -24 -25 -26 27 -28 29 -30 -31
leaf_value=6.1565740403089029e-05 6.0521811492242908e-05 7.6071365603676196e-05 0.00020045786778790861 4.7513230079123706e-05 -0.00023729368606591639 -0.0005769985262543538 -0.00038673967430126363 0.00024910357568931835 -0.0010995627842985017 8.0831776485569648e-05 -4.7727254021881672e-06 0.00015578985603949982 4.7882435682869085e-06 2.9976461368862781e-05 5.2653444246618386e-05 -0.00055262275370615273 -5.5662019480809052e-05 -4.3945901210712359e-05 0.0001651645907452609 -0.00043909578615552319 -0.00012051301397469644 -0.00019869748695726066 -6.3189758884165016e-05 0.00024176836918117498 -0.00051449754526470572 -8.9877485362323617e-07 8.3331062670785735e-05 -0.00013762351121805844 -0.0002363171360147584 -0.0003947630299287129
leaf_weight=790 96 431 110 1838 82 86 40 45 43 432 5660 43 1117 1746 381 74 65 176 340 58 95 539 2380 85 58 145 438 80 126 72
leaf_count=790 96 431 110 1838 82 86 40 45 43 432 5660 43 1117 1746 381 74 65 176 340 58 95 539 2380 85 58 145 438 80 126 72
internal_value=0.000176843 -0.000895264 0.000345761 0.00102227 -0.00181971 -0.00163701 -0.00720339 -0.00133333 -0.00132023 0.000584432 0.000261997 0.0022299 0.00185604 3.10945e-05 -0.00163265 -0.00296143 0.00409091 -0.00185684 0.00177824 -0.00239345 0.00350575 -0.00213836 -0.00144832 0.0039272 -0.00219212 -0.00154127 0.00030303 -0.00563973 -0.00540541 -0.0108553
internal_weight=17671 7791 3326 9880 4465 4383 236 150 4147 8042 7252 1592 1549 3216 1470 1089 110 3716 478 3238 435 3180 2641 261 1015 957 660 297 222 152
internal_count=17671 7791 3326 9880 4465 4383 236 150 4147 8042 7252 1592 1549 3216 1470 1089 110 3716 478 3238 435 3180 2641 261 1015 957 660 297 222 152
is_linear=0
shrinkage=0.05


Tree=36
num_leaves=31
num_cat=0
split_feature=5 10 5 3 13 13 11 14 10 10 6 11 10 9 13 12 14 11 14 14 14 10 12 14 11 14 7 12 9 10
split_gain=7.14147 5.23101 4.5447 3.9167 4.55087 5.62935 5.14033 4.47917 4.80752 7.81255 4.24703 4.10662 4.10203 3.31974 3.28064 7.55624 5.41955 4.41644 4.26198 9.89716 9.93626 7.04168 7.21364 6.23774 5.41528 4.64566 3.21889 4.48633 3.30772 3.3473
threshold=0.022799545597452318 -0.029463617054616639 0.010562544387924117 0.015479590082036922 25.19999980926514 26.85000038146973 0.050492682028646547 -0.086337752297859935 0.018838458170826636 0.015605167538648159 1.0313918760079919 0.016655619165508066 0.013109315021302749 -0.033103860514476939 22.330000877380375 -0.0041728615781457248 0.15436855290822041 -0.023324980459216712 0.11068884178819839 0.083142255535003332 0.076607678117126224 -0.0042544588401209329 0.021636027658746174 0.093015395411206861 0.0015109645581827815 0.11927434384443127 -0.041474088434892524 -0.027198367137832798 -0.0081243099470305041 0.013844787315234976
decision_type=2 2 2 2 2 2 2 2 2 2 2 2 2 10 2 2 2 2 2 2 2 2 2 2 2 2 2 2 10 2
left_child=1 -1 -3 4 6 13 7 11 9 14 -7 -4 -13 -6 16 17 18 -16 19 20 26 22 -22 -21 25 -20 27 -9 29 -28
right_child=-2 2 3 -5 5 10 -8 8 -10 -11 -12 12 -14 -15 15 -17 -18 -19 24 23 21 -23 -24 -25 -26 -27 28 -29 -30 -31
leaf_value=-0.00087259729678948461 -8.304358725813818e-05 3.8577235800847571e-05 3.9259851367232963e-05 -8.8938521325363868e-05 0.00046372827879185771 7.694311775459378e-05 -0.00018578660261915067 0.00015509599130135064 0.00029531176721586108 -0.00029246769891131649 -0.00037236699200524564 0.00032896338561030848 -1.2198904841671453e-05 9.5014031208640227e-05 5.572447007134592e-05 0.00016395341261552245 0.00016055667741563521 -0.00026442000748728972 -0.00019768450176612523 0.00029186194775256423 -0.00028092476183368955 -0.00058920645463891213 0.00019322770511620864 6.6339131657761844e-05 -0.00063570559471793167 2.4250791692043445e-05 -1.9396020060475459e-05 3.022914214541846e-05 1.9847352338013981e-05 0.00013365085205596774
leaf_weight=62 1876 2771 589 619 95 183 68 187 58 70 40 113 51 57 102 78 233 265 76 159 66 121 44 245 49 142 4251 916 3940 82
leaf_count=62 1876 2771 589 619 95 183 68 187 58 70 40 113 51 57 102 78 233 265 76 159 66 121 44 245 49 142 4251 916 3940 82
internal_value=0.000437301 0.000785024 0.000842374 0.000447709 0.000643322 0.00606667 0.000472491 0.000551238 0.000297726 0.000222202 0.00100897 0.00428287 0.0112805 0.0134868 0.000328587 -0.0038764 0.000506612 -0.00688011 0.000335668 0.000501948 0.000179557 -0.0100649 -0.000909091 0.00816832 -0.00589888 -0.00252294 0.000431954 0.00296917 9.36782e-05 -0.000859682
internal_weight=17608 15732 15670 12899 12280 375 11905 11837 11084 11026 223 753 164 152 10956 445 10511 367 10278 10011 9607 231 110 404 267 218 9376 1103 8273 4333
internal_count=17608 15732 15670 12899 12280 375 11905 11837 11084 11026 223 753 164 152 10956 445 10511 367 10278 10011 9607 231 110 404 267 218 9376 1103 8273 4333
is_linear=0
shrinkage=0.05


Tree=37
num_leaves=31
num_cat=0
split_feature=8 16 11 16 16 11 3 16 13 13 13 14 13 11 1 11 16 11 11 11 14 14 14 15 11 13 15 11 15 13
split_gain=5.47181 6.53076 5.79836 5.24645 5.15585 6.35896 3.98629 5.58672 5.50912 3.95565 5.4491 4.09358 5.73631 5.6847 3.62694 3.56394 3.49692 4.5578 3.42178 5.12907 3.55133 9.21675 10.6561 9.07758 11.9124 5.46125 6.88482 5.84436 5.04857 4.62176
threshold=0.13741129679697953 -0.063867813313447361 0.0077476291069551459 -0.050417967283719049 -0.03802707131220278 -0.013447724126553815 -0.0015539577000012737 -0.0088873205784771297 20.659999847412113 30.345000267028812 28.970000267028812 -0.086337752297859935 16.32499980926514 0.0079258183849449954 -0.0062361837510860876 -0.014686681817186851 0.0077673341880165623 0.021151799211171721 0.047360899032742883 0.040036365268930958 -0.054330610723124943 -0.037374592254897913 -0.039477048520880569 -0.0036251439726217023 0.016424334506672137 17.795000076293949 0.0024260337014908599 0.017632918740663531 0.0070839874644254017 13.934999942779543
decision_type=8 2 2 2 2 2 2 2 2 2 2 2 2 2 2 2 2 2 2 2 2 2 2 2 2 2 2 2 2 2
left_child=1 -1 6 -3 5 -5 -2 15 -9 10 11 12 13 14 -6 -8 -14 -18 19 20 25 22 23 -22 -25 27 -27 28 -13 -26
right_child=2 3 -4 4 9 -7 7 8 -10 -11 -12 18 16 -15 -16 -17 17 -19 -20 -21 21 -23 -24 24 29 26 -28 -29 -30 -31
leaf_value=-0.00047808519349614516 9.9528738178530658e-05 0.0001422327451798466 -0.00019170440503234423 1.9745883640982181e-05 0.00011912244202840002 -0.00034143891475874521 -0.00030532312334919011 -6.0105911436867136e-05 0.00025008254724866993 0.00017867917428420296 -0.00029107329104416049 -2.2388473503058214e-05 -3.4854060544024745e-05 0.00033789206440514079 -5.2040133678578545e-05 2.7477524696026356e-06 0.00020211595194371515 -5.304419388408037e-05 -9.9268795121664865e-05 0.00014735896928960349 0.00017884029000542076 3.0213297105096459e-06 0.00019693200709650977 -6.812230208792501e-05 -7.5789552400118122e-05 4.284871986911282e-05 -0.00019711045830457624 -0.0001855992847036899 0.00013373918378382062 0.00024654780508908352
leaf_weight=127 357 169 463 181 73 184 144 196 54 155 41 503 428 167 134 68 147 82 226 247 205 11134 294 634 40 141 385 167 284 167
leaf_count=127 357 169 463 181 73 184 144 196 54 155 41 503 428 167 134 68 147 82 226 247 205 11134 294 634 40 141 385 167 284 167
internal_value=0.000220208 0.000467361 -0.00292512 0.000555967 0.000463512 -0.00541096 -0.000396825 -0.0034632 0.0016 0.000600485 0.000521001 0.000569285 0.003613 0.00855615 0.00301932 -0.00943396 0.000799087 0.00578603 0.000351771 0.000448912 0.000322488 0.000597242 0.00451493 0.00215105 -0.000148633 -0.00199324 -0.00608365 0.000262055 0.0020648 0.0102657
internal_weight=17597 16315 1282 16188 16019 365 819 462 250 15654 15499 15458 1031 374 207 212 657 229 14427 14201 13954 12474 1340 1046 841 1480 526 954 787 207
internal_count=17597 16315 1282 16188 16019 365 819 462 250 15654 15499 15458 1031 374 207 212 657 229 14427 14201 13954 12474 1340 1046 841 1480 526 954 787 207
is_linear=0
shrinkage=0.05


Tree=38
num_leaves=31
num_cat=0
split_feature=4 12 14 16 14 16 14 11 9 4 12 10 15 12 13 11 11 10 10 16 11 16 15 10 10 11 14 10 9 2
split_gain=5.07903 4.22689 3.97125 7.0586 6.12896 6.641 6.61667 4.50288 4.63437 4.16352 4.28491 7.46199 7.61976 5.15707 5.953 4.43356 6.34031 5.09391 4.53953 7.34431 5.71372 5.43187 4.32079 4.29937 4.60759 4.42851 6.69989 9.78789 4.1392 3.87492
threshold=0.031111594389777505 -0.080083523859072289 -0.069744182185856193 -0.0019078011094652567 -0.054330610723124943 -0.0044911562248470252 -0.05212825080923577 -0.004581313824033372 0.013995059214479856 0.016234619620062812 0.0062346335449628984 0.0063549494884102007 0.0096663768842523163 0.0011335469917099774 14.920000076293947 0.0083592252538529106 0.01723808414084094 -0.001746991736331027 -0.00045044795983173452 0.0068412010286609268 0.003505922146060048 0.0032733237193178781 -0.0054122494088177367 -0.0074311122071506466 -0.009254911904007011 -0.014686681817186851 0.01016731697942619 -0.0055859659212495463 -0.030198463925585225 -0.028704370328801406
decision_type=2 2 2 2 2 2 2 2 10 2 2 2 2 2 2 2 2 2 2 2 2 2 2 2 2 2 2 2 10 2
left_child=1 -1 3 29 5 -4 -6 28 -9 -8 11 13 -13 14 -11 18 22 -18 20 21 23 -20 -17 24 -16 -25 -27 -28 -5 -3
right_child=-2 2 4 7 6 -7 9 8 -10 10 -12 12 -14 -15 15 16 17 -19 19 -21 -22 -23 -24 25 -26 26 27 -29 -30 -31
leaf_value=-0.00045711862228631618 -4.7766310536877852e-05 3.1186981908673377e-05 9.3429783117758059e-06 -0.00029947886585644161 0.00020929241191160322 -0.00013847178147170734 3.8076193190813627e-05 0.00018504243448089739 6.1960932172317346e-05 -0.00021253557747585893 -9.4820908342360764e-06 0.00033529518372828345 -1.5143902847876986e-05 0.00012260412184276047 1.4154206926223152e-05 -4.5239444543039321e-05 -0.00028047796853399796 0.00010228061302899918 -5.1654979192087294e-05 0.00011415313216333114 0.00026711311865396949 -0.0011778817221439995 -0.00040239351349382252 0.00019723234392841481 -0.0001734436991442749 0.00014719012525075761 0.00033913875656143248 -0.00033306403385715427 7.264312223259689e-05 -9.2111975532869179e-05
leaf_weight=47 4001 238 401 40 156 422 1616 415 339 144 6736 141 78 384 652 62 43 112 259 88 138 45 94 289 95 155 41 78 75 291
leaf_count=47 4001 238 401 40 156 422 1616 415 339 144 6736 141 78 384 652 62 43 112 259 88 138 45 94 289 95 155 41 78 75 291
internal_value=0.000148515 0.000606991 0.000658619 0.00318312 0.000370022 -0.00379708 0.0006707 0.00595512 0.00736074 0.000528889 0.000134939 0.00174258 0.0106164 0.00101717 0.000119826 0.000778708 -0.00474277 0.00241935 0.00171196 -0.00306122 0.00300414 -0.00674342 -0.011859 0.00198473 -0.000502008 0.00528419 0.000729927 -0.00819328 -0.00326087 -0.00137051
internal_weight=17675 13674 13627 1398 12229 823 11406 869 754 11250 9634 2898 219 2679 2295 2151 311 155 1840 392 1448 304 156 1310 747 563 274 119 115 529
internal_count=17675 13674 13627 1398 12229 823 11406 869 754 11250 9634 2898 219 2679 2295 2151 311 155 1840 392 1448 304 156 1310 747 563 274 119 115 529
is_linear=0
shrinkage=0.05


Tree=39
num_leaves=31
num_cat=0
split_feature=8 10 3 3 11 10 14 12 14 12 13 12 13 13 11 11 10 11 12 11 10 12 10 14 11 14 7 14 13 4
split_gain=5.02405 4.95778 4.07519 4.36495 4.71693 5.63247 7.06843 5.46182 6.67869 5.34946 4.91073 4.40106 5.46124 5.13321 5.58516 8.51231 6.36815 6.28125 5.7432 12.8247 8.12681 5.49344 5.15851 4.96722 4.83178 6.97931 4.36346 4.3374 9.52334 5.77532
threshold=-0.15567109995571513 0.015605167538648159 0.015479590082036922 -0.002866678125550914 -0.043674056524097109 -0.0066375286305050954 0.035115678917499234 0.027083039342927776 0.14228104891203866 0.015760978706321874 14.194999694824221 0.0072856362379064574 13.795000076293947 21.409999847412113 0.00023772449314352076 0.00081107941047609 0.018838458170826636 -0.00075478711004894883 0.024727587984372471 0.0074730260687776448 -0.0077272822899705487 0.023201691607264822 0.0007464509492582928 0.038811658900465458 0.0084762123288910658 -0.073050802278400592 0.043877088141084271 0.0080830591469587282 13.894999980926515 0.022722156821330903
decision_type=10 2 2 2 2 2 2 2 2 2 2 2 2 2 2 2 2 2 2 2 2 2 2 2 2 2 2 2 2 2
left_child=1 -1 3 4 -2 7 -7 9 -9 -6 -8 12 -5 14 17 -16 18 23 19 -17 -20 26 -19 -13 -22 -26 -21 -27 29 -29
right_child=2 -3 -4 11 5 6 10 8 -10 -11 -12 13 -14 -15 15 16 -18 22 20 21 24 -23 -24 -25 25 27 -28 28 -30 -31
leaf_value=-6.3273674402745741e-05 -0.0011084729127347965 -0.00053853784080077911 -8.4168557202909339e-05 0.00020195632064165978 4.8297612446281937e-05 -5.5327709482907736e-06 -0.0003227299364506926 0.00027218504144341753 -5.0806952253652092e-05 -0.00012185567816560255 -9.195803363469101e-05 -8.1228503997430476e-05 4.698062391909775e-05 0.00024059530427373226 0.00020921084698116469 -0.0001789548951610179 0.00027051554264469619 -0.00038388666016517952 0.00028862469165709588 9.1202451634568148e-05 6.3353166907080579e-05 -0.00020562862188120584 -4.1212683326522947e-05 5.2837055966303012e-05 0.00021108912128290876 -2.8472202228610076e-05 -6.7609851260742786e-05 0.00018752167437066463 -6.4059803724314944e-05 -9.8016728568069839e-06
leaf_weight=817 64 56 867 110 818 3176 151 202 67 165 607 1020 3279 96 154 531 73 77 52 683 1077 79 68 362 145 2020 119 215 374 88
leaf_count=817 64 56 867 110 818 3176 151 202 67 165 607 1020 3279 96 154 531 73 77 52 683 1077 79 68 362 145 2020 119 215 374 88
internal_value=0.000232796 -0.00346506 0.000425653 0.000607989 -0.000571429 -0.000404936 -0.00133452 0.00251597 0.008829 0.000788403 -0.00567282 0.00119092 0.00267778 0.000494262 0.000339779 0.00106952 0.000742302 -0.00234119 0.000543377 -0.00219547 0.00151725 0.00150397 -0.0122414 -0.00130246 0.0012567 0.000175932 0.00274314 -0.000398591 0.00306499 0.00965347
internal_weight=17612 873 16739 15872 5250 5186 3934 1252 269 983 758 10622 3389 7233 7137 5610 5456 1527 5383 1412 3971 881 145 1382 3919 2842 802 2697 677 303
internal_count=17612 873 16739 15872 5250 5186 3934 1252 269 983 758 10622 3389 7233 7137 5610 5456 1527 5383 1412 3971 881 145 1382 3919 2842 802 2697 677 303
is_linear=0
shrinkage=0.05


Tree=40
num_leaves=31
num_cat=0
split_feature=0 13 5 10 10 11 9 13 12 11 12 14 15 14 11 15 10 13 15 11 13 12 15 5 14 13 11 11 8 15
split_gain=5.09405 3.91202 3.87163 3.29633 5.58628 4.08664 7.13352 4.60874 4.50775 3.88125 5.06786 3.81569 3.72217 5.75744 5.42525 4.43308 6.06322 4.68428 6.22856 5.0687 4.56446 6.44354 4.0408 3.938 3.89386 3.84484 4.81864 4.69187 3.93702 3.67437
threshold=0.042021598417050006 25.319999694824222 0.01199233726927504 0.0092143368425633438 0.010824096152379449 0.023193320881576888 -0.25448692229006536 20.500000000000004 0.082959712719514869 -0.01368273436962064 0.04833072164899422 -0.075454415356713087 -0.003037323423123572 -0.048564324883399894 0.048369816433799014 -0.017480169727355329 -0.01853412807423643 22.429999351501468 -0.022058673187391849 -0.020171836765592806 24.385000228881839 -0.080083523859072289 -0.0099012780121826554 0.019296827079295868 0.29251442523831755 20.865000724792484 0.030456421062291409 0.022655282977909755 -0.14861800984687176 -0.0045687481805748989
decision_type=2 2 2 2 2 2 10 2 2 2 2 2 2 2 2 2 2 2 2 2 2 2 2 2 2 2 2 2 10 2
left_child=2 -2 -1 12 9 6 -6 11 -7 -5 -11 -8 13 -4 15 17 -17 19 24 -15 25 -22 -23 -14 -19 26 27 28 -18 -24
right_child=1 -3 3 4 5 8 7 -9 -10 10 -12 -13 23 14 -16 16 20 18 -20 -21 21 22 29 -25 -26 -27 -28 -29 -30 -31
leaf_value=2.2714446261703483e-05 -0.00010421566255610906 -0.00054750211046388051 0.00014606357703561679 -2.8108507662429844e-05 -0.00018561905922414063 0.00011009285366720163 4.5489302552787983e-05 0.00024389119053940813 -0.00023506196573951752 0.00021537953438353119 -9.7165756637788593e-05 -0.00012431705207639738 -1.2090899581578648e-05 0.00047695855095028408 -0.00027643999038483102 0.0002547123815509899 -0.00020167367810434864 0.00010628784876575574 -0.0006458734548334098 -4.5757005327433375e-05 -0.00052518624707435118 0.00041049711881265726 -2.5378888234528843e-05 -0.00014626028203083095 -0.00078165515828668608 -0.00011143429861704578 0.00015311434673665245 -0.00037284402507883798 1.9427412505873632e-05 0.00039246561336898607
leaf_weight=5067 359 48 209 71 250 268 223 111 42 438 100 161 4713 48 59 99 170 95 127 319 41 97 95 1440 72 202 163 82 2268 58
leaf_count=5067 359 48 209 71 250 268 223 111 42 438 100 161 4713 48 59 99 170 95 127 319 41 97 95 1440 72 202 163 82 2268 58
internal_value=0.000184338 -0.00534398 0.000316011 -0.000172615 0.00189303 -0.000308057 -0.00231544 0.00116162 0.00451613 0.00570608 0.00715613 -0.00143229 -0.00050449 0.000642245 0.000219024 0.000444614 0.00119847 -0.00329047 -0.0079932 0.000476839 0.00081864 0.00678694 0.0098 -0.00128799 -0.00164671 0.000216638 0.00071748 0.000178571 0.000574241 0.00473856
internal_weight=17495 407 17088 12021 1664 1055 745 495 310 609 538 384 10357 4204 3995 3936 3275 661 294 367 3176 291 250 6153 167 2885 2683 2520 2438 153
internal_count=17495 407 17088 12021 1664 1055 745 495 310 609 538 384 10357 4204 3995 3936 3275 661 294 367 3176 291 250 6153 167 2885 2683 2520 2438 153
is_linear=0
shrinkage=0.05


end of trees

feature_importances:
spy_ret_5d=180
vix_level=159
sector_ret_5d=158
spy_ret_1d=154
vix_chg_1d=129
sector_ret_1d=127
spy_ret_20d=115
parkinson_20=45
dist_ma50=34
overnight_gap=33
atr_pct=21
dvol_z_20=18
ret_20d=15
dist_ma200=14
dist_ma20=12
ret_1d=8
ret_5d=8

parameters:
[boosting: gbdt]
[objective: quantile]
[metric: quantile]
[tree_learner: serial]
[device_type: cpu]
[data_sample_strategy: bagging]
[data: ]
[valid: ]
[num_iterations: 120]
[learning_rate: 0.05]
[num_leaves: 31]
[num_threads: -1]
[seed: 0]
[deterministic: 0]
[force_col_wise: 1]
[force_row_wise: 0]
[histogram_pool_size: -1]
[max_depth: -1]
[min_data_in_leaf: 40]
[min_sum_hessian_in_leaf: 0.001]
[bagging_fraction: 0.85]
[pos_bagging_fraction: 1]
[neg_bagging_fraction: 1]
[bagging_freq: 1]
[bagging_seed: 3]
[bagging_by_query: 0]
[feature_fraction: 0.85]
[feature_fraction_bynode: 1]
[feature_fraction_seed: 2]
[extra_trees: 0]
[extra_seed: 6]
[early_stopping_round: 0]
[early_stopping_min_delta: 0]
[first_metric_only: 0]
[max_delta_step: 0]
[lambda_l1: 0]
[lambda_l2: 0]
[linear_lambda: 0]
[min_gain_to_split: 0]
[drop_rate: 0.1]
[max_drop: 50]
[skip_drop: 0.5]
[xgboost_dart_mode: 0]
[uniform_drop: 0]
[drop_seed: 4]
[top_rate: 0.2]
[other_rate: 0.1]
[min_data_per_group: 100]
[max_cat_threshold: 32]
[cat_l2: 10]
[cat_smooth: 10]
[max_cat_to_onehot: 4]
[top_k: 20]
[monotone_constraints: ]
[monotone_constraints_method: basic]
[monotone_penalty: 0]
[feature_contri: ]
[forcedsplits_filename: ]
[refit_decay_rate: 0.9]
[cegb_tradeoff: 1]
[cegb_penalty_split: 0]
[cegb_penalty_feature_lazy: ]
[cegb_penalty_feature_coupled: ]
[path_smooth: 0]
[interaction_constraints: ]
[verbosity: -1]
[saved_feature_importance_type: 0]
[use_quantized_grad: 0]
[num_grad_quant_bins: 4]
[quant_train_renew_leaf: 0]
[stochastic_rounding: 1]
[linear_tree: 0]
[max_bin: 255]
[max_bin_by_feature: ]
[min_data_in_bin: 3]
[bin_construct_sample_cnt: 200000]
[data_random_seed: 1]
[is_enable_sparse: 1]
[enable_bundle: 1]
[use_missing: 1]
[zero_as_missing: 0]
[feature_pre_filter: 1]
[pre_partition: 0]
[two_round: 0]
[header: 0]
[label_column: ]
[weight_column: ]
[group_column: ]
[ignore_column: ]
[categorical_feature: ]
[forcedbins_filename: ]
[precise_float_parser: 0]
[parser_config_file: ]
[objective_seed: 5]
[num_class: 1]
[is_unbalance: 0]
[scale_pos_weight: 1]
[sigmoid: 1]
[boost_from_average: 1]
[reg_sqrt: 0]
[alpha: 0.5]
[fair_c: 1]
[poisson_max_delta_step: 0.7]
[tweedie_variance_power: 1.5]
[lambdarank_truncation_level: 30]
[lambdarank_norm: 1]
[label_gain: ]
[lambdarank_position_bias_regularization: 0]
[eval_at: ]
[multi_error_top_k: 1]
[auc_mu_weights: ]
[num_machines: 1]
[local_listen_port: 12400]
[time_out: 120]
[machine_list_filename: ]
[machines: ]
[gpu_platform_id: -1]
[gpu_device_id: -1]
[gpu_device_id_list: ]
[gpu_use_dp: 0]
[num_gpu: 1]

end of parameters

pandas_categorical:[]
