tree
version=v4
num_class=1
num_tree_per_iteration=1
label_index=0
max_feature_idx=16
objective=quantile
feature_names=ret_1d ret_5d ret_20d overnight_gap atr_pct parkinson_20 dvol_z_20 dist_ma20 dist_ma50 dist_ma200 spy_ret_1d spy_ret_5d spy_ret_20d vix_level vix_chg_1d sector_ret_1d sector_ret_5d
feature_infos=[-0.28271675998116264:0.26213022710131573] [-0.2823308270676691:0.3392872404068028] [-0.35242628992628999:0.87801899592944355] [-0.19371042854900322:0.19478260869565212] [0.0038556599110232477:0.11596638268174814] [0.0026905570036636615:0.055294172765416885] [-2.7766085648473053:4.3476992857154855] [-0.26404824844262709:0.38707193372219617] [-0.33207791903359141:0.56173132038002382] [-0.39165408213588848:1.2092229859042423] [-0.058542947643003718:0.10501933612632941] [-0.11496158439845272:0.082843216242346029] [-0.12265592443394913:0.15756596870864792] [11.859999656677246:52.330001831054688] [-0.35753873962348437:0.74039073966007019] [-0.055499239736441885:0.039932885906040161] [-0.11075949367088611:0.072664359861591699]
tree_sizes=2856 2901 2916 2961 2966 2982 2953 2975 2967 2994 2961 2986 2967 2964 2968 2982 2962 2989 2990 2995 2962 2975 2968 3011 2983 3002 2985 2969 2986 2981 2981 3007 2975 3023 3025 3013 3001 3002

Tree=0
num_leaves=31
num_cat=0
split_feature=4 4 13 16 5 13 6 13 16 16 6 6 9 15 10 16 6 3 1 10 5 10 4 13 5 12 13 9 15 15
split_gain=183.274 20.296 16.1948 14.9816 13.9421 12.9444 6.1775 4.54871 4.36129 6.13113 4.10994 3.80171 3.68634 3.20415 7.40833 3.02717 2.99709 2.99094 2.83839 2.70463 2.6492 2.64329 2.63742 2.11496 1.95382 1.84743 7.53885 1.75928 1.84695 5.05527
threshold=0.029144417935802656 0.021321837359248658 33.719999313354499 -0.056920326002612258 0.025724245364013628 22.429999351501468 0.77586570672702904 24.19999980926514 -0.027191314272929642 -0.028125627946072925 1.7272816564766607 0.67447810240975969 0.13996383579239527 -0.0077433345325178529 -0.0018713980649029403 0.048942541026914428 0.49343702682938989 0.0037315833648640111 -0.013086806550927086 -0.00032911889046416393 0.0115039373057632 0.0035916087266854029 0.026499012064281301 24.695000648498539 0.013492503063151797 0.088558977923196683 18.595000267028812 -0.036774255717448349 -0.011157420173863506 -0.013578676257963105
decision_type=2 2 2 2 2 2 2 2 2 2 2 2 10 2 2 2 2 2 2 2 2 2 2 2 2 2 2 8 2 2
left_child=1 11 4 5 10 -3 7 -6 9 13 12 24 18 14 -5 20 -10 -9 -2 -14 -13 -8 -18 -20 25 27 -27 28 29 -1
right_child=2 3 -4 8 6 -7 21 17 16 -11 -12 15 19 -15 -16 -17 22 -19 23 -21 -22 -23 -24 -25 -26 26 -28 -29 -30 -31
leaf_value=0.022339282156225625 0.023299390335847225 0.022577239545615857 0.025653617514098493 0.022642717586295456 0.023937529334585993 0.02336666623281598 0.024675145540170362 0.024272424212461764 0.02252448495369519 0.023789285708451669 0.023981309168398357 0.022387953263753712 0.023540014450296808 0.02252951509413641 0.023484883012644266 0.02323662227721246 0.02264293606597554 0.025035909303270154 0.022876157241542783 0.023253551412435923 0.022613890843118122 0.024303880295922519 0.02312960248917386 0.022400243556873412 0.02251777971447878 0.022075393805015296 0.022926526625831944 0.022289686948585619 0.022428690877752989 0.023202380365860399
leaf_weight=64 354 52 75 157 711 57 109 51 2661 47 110 2367 153 199 62 59 747 46 408 286 874 75 146 110 604 170 79 10365 617 50
leaf_count=64 354 52 75 157 711 57 109 51 2661 47 110 2367 153 199 62 59 747 46 408 286 874 75 146 110 604 170 79 10365 617 50
internal_value=0.0225629 0.0209226 0.035338 0.0240327 0.0346268 0.0423232 0.0391756 0.0372927 0.0235367 0.0280902 0.0314513 0.0200806 0.0306724 0.026165 0.030338 0.0215829 0.0229409 0.0474495 0.0287911 0.0344091 0.0213786 0.0474439 0.0254473 0.0264329 0.0196657 0.0195182 0.0237775 0.0194226 0.0217934 0.0276403
internal_weight=21865 19377 2488 4128 2413 109 992 808 4019 465 1421 15249 1311 418 219 3300 3554 97 872 439 3241 184 893 518 11949 11345 249 11096 731 114
internal_count=21865 19377 2488 4128 2413 109 992 808 4019 465 1421 15249 1311 418 219 3300 3554 97 872 439 3241 184 893 518 11949 11345 249 11096 731 114
is_linear=0
shrinkage=1


Tree=1
num_leaves=31
num_cat=0
split_feature=4 4 11 11 1 8 5 13 13 13 12 0 4 3 8 8 9 12 12 5 1 16 16 9 13 7 10 13 3 0
split_gain=160.4 19.9865 18.5504 14.868 8.84663 8.36536 7.85234 5.35307 4.97972 4.40154 7.16182 4.0038 3.88972 2.94299 2.83684 2.66332 2.49713 2.42952 2.40836 2.39392 2.23987 2.80532 2.36224 2.1915 2.748 2.29669 2.17827 4.88565 6.1419 2.08832
threshold=0.029144417935802656 0.019533540464626745 -0.036898876616972491 -0.022672230022230119 -0.050723072916919791 0.022515686883679557 0.025724245364013628 22.625000000000004 33.719999313354499 18.394999504089359 -0.029032360146205412 0.040124615155746286 0.039471994594066424 0.024064522187052243 0.014453680815071703 -0.088538640091428797 0.027377779189181831 -0.017558025574422261 -0.052281388412141021 0.013618327200981018 -0.062709233711797471 -0.01409802761523926 -0.0076046514022693459 0.60550340633053057 16.404999732971195 -0.0047433257947606658 0.015605167538648159 16.98499965667725 -0.00049305620946127327 -0.0084640987337357681
decision_type=2 2 2 2 2 10 2 2 2 2 2 2 2 2 8 10 10 2 2 2 2 2 2 10 2 2 2 2 2 2
left_child=1 26 5 8 9 14 7 16 12 15 -11 19 -2 20 -3 -4 -5 18 -14 -6 21 -8 -22 24 25 -24 -1 28 -28 -26
right_child=3 2 4 6 11 -7 13 -9 -10 10 -12 -13 17 -15 -16 -17 -18 -19 -20 -21 22 -23 23 -25 29 -27 27 -29 -30 -31
leaf_value=-0.00023522066245933819 0.00078481416868470769 0.00058351475699192198 0.0002166016346918534 0.00058903951545368871 -9.6210039514665386e-05 0.0001447698039473128 0.0021753002265395625 -9.8766086006252605e-06 0.0036049046817479983 4.265349915138834e-05 0.00079991004094734038 0.00112527498595921 0.002355525615026065 0.0020524113048644376 0.0012074612622593995 1.3061117345845227e-05 0.00089707698306463936 0.0022239097586749992 0.00083822378242970569 3.2493170092195993e-05 0.00063235337242355759 0.0011282982792129581 -0.000121648745620182 0.0017596064344914918 0.0016529106365371215 0.00095803971013535226 4.4166164318115602e-05 -0.00026596316619075259 0.00055914685615657495 0.0013070979455594347
leaf_weight=12322 110 71 41 587 3159 86 71 180 41 58 85 60 40 69 54 162 551 40 42 2990 171 66 54 75 88 100 66 142 42 211
leaf_count=12322 110 71 41 587 3159 86 71 180 41 58 85 60 40 69 54 162 551 40 42 2990 171 66 54 75 88 100 66 142 42 211
internal_value=-0.000101677 -0.00164133 0.000549807 0.0118269 8.00903e-05 0.0151422 0.0104746 0.00801214 0.0228388 0.00786127 0.0145804 -0.00035352 0.02 0.0140608 0.0234 0.00312808 0.00927944 0.0261475 0.0212195 -0.000478941 0.0132416 0.0190876 0.0120959 0.01375 0.0124393 0.00701299 -0.00282055 0.0018 0.00981481 0.0152341
internal_weight=21834 19338 6766 2496 6555 211 2223 1318 273 346 143 6209 232 905 125 203 1138 122 82 6149 836 137 699 528 453 154 12572 250 108 299
internal_count=21834 19338 6766 2496 6555 211 2223 1318 273 346 143 6209 232 905 125 203 1138 122 82 6149 836 137 699 528 453 154 12572 250 108 299
is_linear=0
shrinkage=0.05


Tree=2
num_leaves=31
num_cat=0
split_feature=4 4 16 13 13 11 5 16 9 12 11 2 6 6 4 6 6 2 11 11 13 2 13 4 9 3 13 13 16 4
split_gain=132.732 20.6634 11.238 11.6661 13.5524 10.6403 8.08007 5.06933 4.63354 4.40558 4.39142 3.97279 3.84492 3.6382 4.59584 3.40075 3.39552 2.6714 2.56652 2.35506 4.15289 2.2932 2.26989 3.52357 2.1243 2.03995 1.99896 1.98736 1.97507 1.95728
threshold=0.030337407327070784 0.020664556524963521 -0.027191314272929642 22.429999351501468 25.319999694824222 -0.033420149013226534 0.027165614564544683 -0.045637540420825067 0.10856870549736365 -0.017790362048334726 -0.017686145420045315 -0.059484431663263053 0.59911460331846145 0.22671431877870646 0.026499012064281301 1.2398575962829341 0.67447810240975969 0.097935602304455097 -0.022310337551763478 0.010325592829658616 16.035000801086429 -0.085307489336655926 19.440000534057621 0.035701508275130765 0.18234808908915759 0.0069409529969569625 17.394999504089359 24.695000648498539 0.02364417110383266 0.01641612284031875
decision_type=2 2 2 2 2 2 2 2 10 2 2 2 2 2 2 2 2 2 2 2 2 2 2 2 10 2 2 2 2 2
left_child=1 15 3 8 -5 11 9 -6 18 26 -8 -2 22 -4 -15 29 27 -17 -3 21 -21 -20 -11 -24 -16 -14 -7 -12 -19 -1
right_child=5 2 13 4 7 6 10 -9 -10 12 16 -13 25 14 24 17 -18 28 19 20 -22 -23 23 -25 -26 -27 -28 -29 -30 -31
leaf_value=-0.0003090200086524773 0.0031749574944840708 0.00036901546411474478 -4.4118456126699372e-05 0.0011342065266475129 0.00060030160175871493 0.00058365864849860597 0.0020023150890347836 -3.9314585683102728e-05 0.00060808787371389593 0.00064237885291885542 0.00098674328266289287 0.00079894380192028374 0.0011652766267292 4.0259951604394895e-05 0.00042417313467407416 -7.9168874532915985e-05 0.0019983063564211014 4.5624403194043096e-05 0.0003016644699568447 0.0013286573481777564 -9.5109723620395402e-05 -0.00017174588785213256 0.00011215240593943973 0.0011081418901353068 0.00077293720251368325 0.0019638084092903816 5.2676806956179749e-05 0.0013441782626415974 0.00078292104463133911 -0.00016857476234949915
leaf_weight=5536 65 65 3079 55 59 43 118 67 41 690 507 51 180 1217 192 1732 124 43 53 41 44 290 48 62 57 79 236 41 40 6995
leaf_count=5536 65 65 3079 55 59 43 118 67 41 690 507 51 180 1217 192 1732 124 43 53 41 44 290 48 62 57 79 236 41 40 6995
internal_value=-0.000231122 -0.00154953 0.00113118 0.00695804 0.0179282 0.0112879 0.010484 0.00888889 0.0032397 0.00811659 0.0144937 0.0260345 0.00958923 0.00021452 0.00226466 -0.00253241 0.0129315 -0.000509643 0.00189655 0.000490653 0.00794118 -0.00135569 0.007875 0.0145455 0.00845381 0.0148842 0.00252688 0.0112409 0.00825301 -0.00282539
internal_weight=21850 19606 5260 715 181 2244 2128 126 534 1338 790 116 1059 4545 1466 14346 672 1815 493 428 85 343 800 110 249 259 279 548 83 12531
internal_count=21850 19606 5260 715 181 2244 2128 126 534 1338 790 116 1059 4545 1466 14346 672 1815 493 428 85 343 800 110 249 259 279 548 83 12531
is_linear=0
shrinkage=0.05


Tree=3
num_leaves=31
num_cat=0
split_feature=1 9 9 11 12 1 16 14 2 3 13 13 10 1 6 0 9 16 16 13 0 1 16 11 6 13 14 9 11 16
split_gain=38.1715 31.228 17.5471 14.4096 10.2676 9.79053 8.19769 8.74001 5.57875 4.25281 4.25163 3.77948 3.59171 3.50424 3.25023 3.2389 3.2332 4.75228 3.18345 2.87976 2.76552 2.7369 4.91995 5.60697 2.62468 2.5399 3.07817 4.23637 2.33134 2.28104
threshold=-0.062709233711797471 0.33177196943666926 -0.089125165101897927 -0.029337465505850421 -0.062212446145613214 0.059954581238024336 -0.027723753543463011 0.11927434384443127 0.1172246242368269 -0.00098371944559461056 31.844999313354496 14.340000152587892 -0.01425655493307104 -0.043639698324640368 0.37432923971817805 0.045671114334168823 0.097112194306364988 -0.01409802761523926 0.039077276341116358 18.595000267028812 0.019726872272567645 -0.026391557334838941 -0.0079432020979924838 -0.013447724126553815 1.0940376449596563 19.814999580383304 0.014555585659076444 -0.028383059841882659 0.035212880845506785 -0.031559920993046879
decision_type=2 10 8 2 2 2 2 2 2 2 2 2 2 2 2 2 10 2 2 2 2 2 2 2 2 2 2 10 2 2
left_child=4 2 11 6 -1 8 7 9 12 -4 20 -2 18 -13 -3 21 19 -18 -5 -6 -8 22 25 -24 -10 28 -27 -28 -14 -23
right_child=1 14 3 5 16 -7 10 -9 24 -11 -12 13 15 -15 -16 -17 17 -19 -20 -21 -22 29 23 -25 -26 26 27 -29 -30 -31
leaf_value=0.0029125634034994708 3.0019882877504352e-05 0.00088185402714686739 0.00042960810486511225 5.9112497177743581e-05 0.00022168004252187511 0.00050547637000511621 1.1115515437520356e-05 4.1219281669221489e-05 0.00013353190435686711 0.0010903363001007111 0.00039349416796848633 0.00091502297207788318 -0.00018426254502671235 0.0006820564340660985 0.00189072496528186 0.0010820002948066791 0.0019233102320025408 0.00082563668779681877 0.00050747961045799852 0.00079710131744800737 0.00094775464329954089 0.00014920656239129928 0.0014839657338328019 0.00020416567703393789 0.0010935380518336962 -4.605546472164057e-05 0.000642233414677791 -6.4150411990106135e-05 0.00028467190018371323 -0.00018848166469126026
leaf_weight=60 274 311 50 581 253 536 492 66 339 52 62 65 1435 598 136 46 48 63 50 190 52 254 40 349 43 235 53 54 42 15025
leaf_count=60 274 311 50 581 253 536 492 66 339 52 62 65 1435 598 136 46 48 63 50 190 52 254 40 349 43 235 53 54 42 15025
internal_value=-0.00027089 -0.000626178 -0.000907278 -0.00122281 0.0120195 -0.00149408 0.00546512 0.0152381 -0.00168662 0.0244118 0.00275577 0.00577908 -0.00181238 0.00782051 0.0124497 -0.00194576 0.0098917 0.0175225 0.00189382 0.00797968 0.00134191 -0.00198062 -0.000335146 0.00476864 0.00429319 -0.00142661 0.00245614 0.00948598 -0.00232566 -0.00221841
internal_weight=21854 21240 20793 19856 614 19082 774 168 18546 102 606 937 18164 663 447 17533 554 111 631 443 544 17487 2208 389 382 1819 342 107 1477 15279
internal_count=21854 21240 20793 19856 614 19082 774 168 18546 102 606 937 18164 663 447 17533 554 111 631 443 544 17487 2208 389 382 1819 342 107 1477 15279
is_linear=0
shrinkage=0.05


Tree=4
num_leaves=31
num_cat=0
split_feature=4 5 4 1 16 4 13 6 6 14 14 16 14 16 15 14 0 1 7 6 16 5 6 15 15 9 15 16 4 13
split_gain=97.4791 16.062 10.9314 6.47015 6.31324 5.99848 4.07856 4.04149 3.70948 2.67504 2.58713 6.21497 7.80705 3.33478 2.53668 3.80715 3.86999 2.87523 2.47353 2.27081 2.25005 2.1331 2.26576 2.07067 2.0541 2.03792 1.92467 2.24263 1.88671 1.99666
threshold=0.026499012064281301 0.029874274768867445 0.019533540464626745 -0.050723072916919791 -0.056920326002612258 0.030337407327070784 18.394999504089359 1.0142294607991797 -0.32431682326750261 -0.048564324883399894 0.093015395411206861 -0.020790926260876249 0.11365091649526195 0.039077276341116358 0.0095885528141878024 0.13518549268873961 0.014974058669107728 -0.030682542570925227 0.028061892812129233 0.24054716406422169 -0.013690158822483976 0.013057901279684437 1.3723675414484418 0.0096242293895473247 -0.0082332335083019608 0.058079637934747359 0.0054619360008300042 0.01115127598205712 0.01641612284031875 12.119999885559084
decision_type=2 2 2 2 2 2 2 2 2 2 2 2 2 2 2 2 2 2 2 2 2 2 2 2 2 8 2 2 2 2
left_child=2 4 14 6 -2 18 -4 9 -3 25 21 12 -12 -13 28 17 -17 -16 -6 -20 -9 -5 -23 -19 -10 -7 27 -22 29 -1
right_child=1 8 3 10 5 7 -8 20 24 -11 11 13 -14 -15 15 16 -18 23 19 -21 26 22 -24 -25 -26 -27 -28 -29 -30 -31
leaf_value=0.00079490675649857663 0.001410109496447531 0.00091917509297133196 3.3261067257183816e-05 -0.00012853459377750739 9.1831909376035868e-05 0.00065172669289107529 0.00037891101530780435 0.00041643978248975138 0.0029301240782358159 0.00082417677072571657 0.0010582334833021407 -3.7342046875393821e-05 0.0001187270044450955 0.00071061158622396725 0.00036458658477362261 -6.6674043402212629e-05 0.00065733907236732118 0.00031785734436982221 0.00019997107956120898 0.00077104411589448056 0.0017062306377524207 -1.3793307247502752e-05 0.00027359553148031436 -0.00011168143417415005 0.0017686895721790536 -1.9924832297836348e-05 0.0017744581488314773 0.00062138601795061173 -0.000163947695515532 -0.00031078546764279298
leaf_weight=99 43 244 169 2215 765 153 121 57 57 1097 42 449 52 46 42 40 41 66 159 96 86 2592 290 1712 212 186 73 47 5294 5151
leaf_count=99 43 244 169 2215 765 153 121 57 57 1097 42 449 52 46 42 40 41 66 159 96 86 2592 290 1712 212 186 73 47 5294 5151
internal_value=-0.000215709 0.00773282 -0.00162885 0.000128848 0.00622375 0.00592313 0.00741379 0.00774279 0.0158577 0.00669916 -0.000242703 0.00289474 0.0146808 0.000656564 -0.00247288 -0.00079169 0.00981481 -0.00126374 0.00289216 0.00715686 0.0134411 -0.000605259 0.000291463 -0.00156918 0.0199071 0.00281711 0.0158738 0.0122932 -0.00277599 -0.00344762
internal_weight=21696 3275 18421 5976 2762 2719 290 1699 513 1436 5686 589 94 495 12445 1901 81 1820 1020 255 263 5097 2882 1778 269 339 206 133 10544 5250
internal_count=21696 3275 18421 5976 2762 2719 290 1699 513 1436 5686 589 94 495 12445 1901 81 1820 1020 255 263 5097 2882 1778 269 339 206 133 10544 5250
is_linear=0
shrinkage=0.05


Tree=5
num_leaves=31
num_cat=0
split_feature=4 4 11 5 16 11 6 8 3 16 6 11 10 15 9 4 6 10 11 10 1 4 6 9 9 10 9 11 4 11
split_gain=88.8954 14.7074 11.9766 9.09584 7.89141 6.72401 4.82553 4.65068 3.87738 3.41654 2.91545 2.88662 2.7874 8.13125 2.68821 2.36402 2.35606 2.26224 4.65982 3.25244 2.37944 2.13335 2.07435 2.05064 1.77581 1.77253 1.92935 1.70608 1.64084 2.30135
threshold=0.029518597492201652 0.019533540464626745 -0.040606280288626444 0.027165614564544683 -0.027723753543463011 -0.017068833431084392 1.039395176430882 -0.039382354492045184 0.024064522187052243 -0.056920326002612258 1.2033794995609177 0.034061321951450181 0.015605167538648159 0.013076443120155547 0.17870463179475762 0.023439167889221516 0.56144249629521925 -0.00010102094958625017 0.032599070140324489 -0.00025977690608347531 -0.04919331273357818 0.024345960913581873 0.37432923971817805 -0.080425019228973924 0.16452654000917402 0.0014013952122059472 0.15500679544472809 0.010167867285780898 0.016796987412514858 0.026483483019392965
decision_type=2 2 2 2 2 2 2 10 2 2 2 2 2 2 10 2 2 2 2 2 2 2 2 8 10 2 10 2 2 2
left_child=1 12 4 6 7 -5 11 -3 22 15 17 25 16 -14 -12 -4 -1 18 19 20 -11 -6 -7 -19 -22 26 -2 -28 -18 -30
right_child=3 2 9 5 21 8 -8 -9 -10 10 14 -13 13 -15 -16 -17 28 23 -20 -21 24 -23 -24 -25 -26 -27 27 -29 29 -31
leaf_value=-0.0002252632515876226 0.00050972688099844938 0.0012289299655501079 4.1482486367585292e-05 0.0021899890206739402 -8.1213316586715132e-05 0.00080794507629192581 0.0011545959747957524 0.00030675573818944937 0.001743595036621289 0.00038460985393512016 0.00012295582707053579 -8.503151029117743e-05 -0.00020008177658920411 0.00051130132683876311 0.00074826907463967007 0.00057688893436496312 -0.00017638592658698397 0.00018695849009332314 0.00072990591877334602 0.00068981351437243695 -5.1199551302017366e-05 0.00034048050163717385 0.0014270014968480777 -0.00013377611912872425 0.00024218704200387601 0.00035257499616192707 0.0007698463114454362 0.0012628022069200787 -5.6277310794861584e-05 0.00033078147716538169
leaf_weight=9468 417 41 48 158 59 473 246 40 59 124 837 128 186 70 63 40 1576 297 63 55 1945 40 129 3070 147 558 163 64 1188 129
leaf_count=9468 417 41 48 158 59 473 246 40 59 124 837 128 186 70 63 40 1576 297 63 55 1945 40 129 3070 147 558 163 64 1188 129
internal_value=-0.000416116 -0.00153341 0.000328285 0.00867432 0.0130556 0.0129487 0.00645304 0.0246296 0.0107337 -1.42036e-05 -0.000144676 0.00526316 -0.00254696 0.00261719 0.0025 0.00977273 -0.00265391 -0.000562183 0.000634103 0.000261998 -3.61023e-05 0.00358586 0.00953488 -0.00139145 -0.000434992 0.00602329 0.00781056 0.0115198 -0.00140512 -0.000102507
internal_weight=21881 19486 6869 2395 180 819 1576 81 661 6689 6601 1330 12617 256 900 88 12361 5701 2334 2271 2216 99 602 3367 2092 1202 644 227 2893 1317
internal_count=21881 19486 6869 2395 180 819 1576 81 661 6689 6601 1330 12617 256 900 88 12361 5701 2334 2271 2216 99 602 3367 2092 1202 644 227 2893 1317
is_linear=0
shrinkage=0.05


Tree=6
num_leaves=31
num_cat=0
split_feature=4 4 16 11 4 11 15 10 14 6 9 12 3 10 15 3 6 14 10 11 11 13 6 9 11 15 16 11 15 2
split_gain=77.7401 10.5112 8.8903 9.57766 8.55269 5.75437 5.06469 7.50527 13.8135 4.9226 4.11075 3.80117 2.52563 2.4847 6.47225 2.34341 2.16431 2.05451 1.88212 1.85638 2.2728 1.82234 1.77528 1.93355 1.64666 1.5906 1.57248 1.67294 1.74066 1.99553
threshold=0.028099181761611209 0.019775600945835831 -0.027191314272929642 -0.030384462612199011 0.036545290976373372 -0.022672230022230119 -0.0077433345325178529 -0.001095493805140457 0.014555585659076444 -0.056936636364211868 0.096005376578901527 -0.016904021540445843 0.024064522187052243 0.015605167538648159 0.013076443120155547 -0.01038101329185148 0.56144249629521925 -0.077913276979976895 0.010151750455751786 0.045591132552592513 0.029305077851743303 12.454999923706056 1.3723675414484418 0.16681428081686459 -0.026323621770933166 -0.0084400762755243979 -0.027059603609215884 0.017632918740663531 0.010993752680108717 0.037387642445868126
decision_type=2 2 2 2 2 2 2 2 2 2 8 2 2 2 2 2 2 2 2 2 2 2 2 10 2 2 2 2 2 2
left_child=1 13 3 10 9 15 7 11 -9 24 -3 -5 18 16 -15 -6 -1 -11 19 20 25 -4 -23 -24 -2 -7 -27 28 -28 -30
right_child=4 2 21 6 5 12 -8 8 -10 17 -12 -13 -14 14 -16 -17 -18 -19 -20 -21 -22 22 23 -25 -26 26 27 -29 29 -31
leaf_value=-0.0002092919391635187 0.00035497623158590259 0.00031191276895025082 0.00082742998417149622 0.00044227513846378791 0.0024630513641480173 0.00096034907916946882 -6.541003668425741e-05 0.00015793198178313037 0.0009437575958430492 -4.5373064179739628e-05 0.0009275007238228344 -9.2748159210320302e-05 0.0016364312189307449 -0.00019742651468787452 0.00046492719729634486 0.0019437658781147984 -9.5139665223463552e-05 0.00063664811730447892 0.00027460490005907855 -0.00014997375936096123 0.0013909082433944335 -7.048441609092899e-05 6.0750759398111247e-05 0.00074649348100590544 6.6226902112928574e-05 -6.7268200403211556e-05 0.00095915710927883813 8.10330862269521e-05 0.0019365200950687137 0.00081348208288432649
leaf_weight=9754 56 76 62 51 50 163 360 84 42 58 40 176 77 186 76 108 2985 469 139 41 66 4592 569 49 717 42 609 72 49 40
leaf_count=9754 56 76 62 51 50 163 360 84 42 58 40 176 77 186 76 108 2985 469 139 41 66 4592 569 49 717 42 609 72 49 40
internal_value=-0.00044103 -0.00157366 0.000138501 0.00495175 0.00740929 0.0100412 0.00278401 0.00703966 0.0168254 0.00446154 0.0182759 0.00160793 0.00894453 -0.00237713 0.00244275 0.0190506 -0.00247626 0.00818785 0.00839066 0.00909427 0.00950528 -0.000618362 -0.000719771 0.00179612 0.00192109 0.00889743 0.00799261 0.00850649 0.00925501 0.0157865
internal_weight=21858 19102 6101 829 2756 1456 713 353 126 1300 116 227 1298 13001 262 158 12739 527 1221 1082 1041 5272 5210 618 773 975 812 770 698 89
internal_count=21858 19102 6101 829 2756 1456 713 353 126 1300 116 227 1298 13001 262 158 12739 527 1221 1082 1041 5272 5210 618 773 975 812 770 698 89
is_linear=0
shrinkage=0.05


Tree=7
num_leaves=31
num_cat=0
split_feature=4 5 5 12 11 10 15 1 11 0 11 12 15 15 4 11 1 1 11 15 15 15 10 10 1 12 9 4 5 11
split_gain=70.0947 11.3479 6.65674 6.24617 6.0996 5.48416 10.03 5.35687 2.76831 2.73694 2.64031 2.5483 8.36005 3.43137 2.2041 2.18433 2.97959 2.14567 3.21965 2.36746 2.12828 5.36794 2.93536 4.37895 2.71567 1.93701 1.70681 1.69102 1.46381 1.45533
threshold=0.029144417935802656 0.013008091127388306 0.025724245364013628 -0.05023266322533259 -0.035697705395590577 -0.013932246020769588 0.011063466063931051 -0.031995960168325392 -0.040606280288626444 0.036377096870905852 -0.043674056524097109 0.088558977923196683 -1.0000000180025095e-35 -0.0048959899972514367 0.070088052681743937 -0.030384462612199011 -0.021532020375096935 -0.050723072916919791 -0.0073194328445433934 -0.0094085689311054748 0.0074541937545147272 0.0075178081953565243 0.015605167538648159 0.018838458170826636 -0.030682542570925227 -0.036853049265853803 -0.29141021327575795 0.023738876906525614 0.014742221301618308 0.020527349767636042
decision_type=2 2 2 2 2 2 2 2 2 2 2 2 2 2 2 2 2 2 2 2 2 2 2 2 2 2 10 2 2 2
left_child=1 5 8 14 7 6 10 27 -2 17 -1 15 13 -13 -4 16 -7 18 19 -6 -17 -22 24 -24 -23 -10 -5 -3 -9 -26
right_child=2 4 3 26 9 11 -8 28 25 -11 -12 12 -14 -15 -16 20 -18 -19 -20 -21 21 22 23 -25 29 -27 -28 -29 -30 -31
leaf_value=0.00089705918581553545 0.0016522897413920165 0.00032155994903726107 0.0016262580152296363 8.5117489905938467e-05 0.0005800182472129777 0.00035933776598386557 0.00069165439537627045 -0.00011138595715210929 5.9907688555510183e-05 0.00094697988300894713 -2.7330715066424219e-05 0.00023489413244240148 -0.00030859649645401175 0.00042911139893481523 0.0032275984958660582 -0.00021058411028159689 -7.2695574179649364e-06 -1.6028997394392105e-06 -5.5665461744171696e-05 0.00032938101530501893 0.00040370364010439787 0.00037165382473422574 0.00045839282464661403 -6.8542641493054418e-05 -0.00020779433820461175 0.00054622573600733755 0.0011333902611953472 0.00082424273957954234 0.00024971504503996353 4.351954846488117e-06
leaf_weight=48 41 44 57 58 49 45 60 65 214 74 643 68 229 51 43 10535 195 4173 86 46 42 71 65 95 2089 1212 849 40 66 515
leaf_count=48 41 44 57 58 49 45 60 65 214 74 643 68 229 51 43 10535 195 4173 86 46 42 71 65 95 2089 1212 849 40 66 515
internal_value=-0.000415677 -0.00142673 0.0075101 0.0106405 0.000729053 -0.00210528 0.00205726 0.00895349 0.00536128 0.000329719 0.000354557 -0.00232857 0.00189655 0.0126471 0.0225 -0.00243627 0.00229167 0.000167661 0.00549724 0.0118421 -0.00252088 -0.00131561 -0.00157848 0.005 -0.00197196 0.00499299 0.00933296 0.0188095 0.00263359 -0.00223502
internal_weight=21868 19394 2474 1007 4643 14751 751 215 1467 4428 691 14000 348 119 100 13652 240 4354 181 95 13412 2877 2835 160 2675 1426 907 84 131 2604
internal_count=21868 19394 2474 1007 4643 14751 751 215 1467 4428 691 14000 348 119 100 13652 240 4354 181 95 13412 2877 2835 160 2675 1426 907 84 131 2604
is_linear=0
shrinkage=0.05


Tree=8
num_leaves=31
num_cat=0
split_feature=4 4 10 15 12 12 12 6 4 11 1 14 4 1 9 6 9 9 1 14 13 13 11 10 13 12 12 13 10 10
split_gain=62.9088 9.50368 7.56317 10.7842 5.94606 9.8735 5.86525 5.42288 5.28741 2.96256 5.01378 2.77692 2.96981 2.68081 2.35039 2.32342 2.3508 2.20203 2.59654 2.16246 2.04198 1.89179 2.54454 1.88463 2.34484 1.94338 4.30448 4.24162 2.42613 5.27269
threshold=0.026499012064281301 0.035701508275130765 -0.013932246020769588 0.014593314443484441 -0.049048441539310476 -0.052281388412141021 -0.075828254732232245 0.26646032616238458 0.017058177756213235 -0.030384462612199011 -0.031269743302183843 0.18763840935801293 0.021043764097485856 -0.056757336503852555 -0.13773845102587109 2.6612310811487245 0.60550340633053057 -0.080425019228973924 -0.076856456266828008 0.0017102699334086149 20.659999847412113 15.684999942779543 -0.035697705395590577 0.015605167538648159 16.98499965667725 0.044456932771925313 0.044995713413884093 12.119999885559084 0.0092143368425633438 0.010263940972428777
decision_type=2 2 2 2 2 2 2 2 2 2 2 2 2 2 10 2 10 8 2 2 2 2 2 2 2 2 2 2 2 2
left_child=2 7 3 4 5 11 -3 13 23 10 -10 12 -1 14 -2 16 19 -11 -19 -8 -12 -9 -23 25 -25 -4 -27 -28 -29 -30
right_child=1 6 8 -5 -6 -7 15 21 9 17 20 -13 -14 -15 -16 -17 -18 18 -20 -21 -22 22 -24 24 -26 26 27 28 29 -31
leaf_value=4.3389961929836248e-05 0.00086667819782453937 0.0029518416520478924 -0.00023844188392812646 0.00066906142542679848 -3.4245850737948622e-05 0.00095697831912862753 0.00060673522026860323 0.00093785357528548038 0.00042957110270139867 0.00011997284967788462 0.00024391877627597143 -0.00023558585469826154 0.00046990456643635772 5.6842387848841458e-05 4.5349640013805634e-05 0.0015955886992581128 0.0014481782322175495 0.00030759843020328539 -0.00011288714245573039 0.0010175985510379318 -5.0948104183732897e-05 0.00034479344535419528 0.00035129617261579787 0.00034832560304792325 -0.00019045189826077523 0.00042049778483826093 0.0010109254832913516 -0.0002931528370215162 0.00041717376925503577 -0.00038697751087598447
leaf_weight=68 43 58 6156 44 728 45 775 157 60 502 41 86 41 1115 44 40 127 45 9399 576 217 40 318 52 58 58 58 792 71 112
leaf_count=68 43 58 6156 44 728 45 775 157 60 502 41 86 41 1115 44 40 127 45 9399 576 217 40 318 52 58 58 58 792 71 112
internal_value=-0.000468851 0.00590191 -0.00159475 0.00260869 0.00150826 0.00833333 0.00870558 0.00332848 -0.00183616 -0.00110289 0.0036478 0.00346154 0.00876147 0.00148918 0.00994253 0.00810935 0.00778755 -0.00125478 -0.0014263 0.00717616 0.000620154 0.00762136 0.00561452 -0.00285918 0.00363636 -0.00295778 -0.00101283 -0.00175702 -0.00253846 0.00265027
internal_weight=21926 3293 18633 1012 968 240 1576 1717 17621 10264 318 195 109 1202 87 1518 1478 9946 9444 1351 258 515 358 7357 110 7247 1091 1033 975 183
internal_count=21926 3293 18633 1012 968 240 1576 1717 17621 10264 318 195 109 1202 87 1518 1478 9946 9444 1351 258 515 358 7357 110 7247 1091 1033 975 183
is_linear=0
shrinkage=0.05


Tree=9
num_leaves=31
num_cat=0
split_feature=4 4 5 12 16 11 6 13 4 10 0 11 7 15 10 15 10 10 11 12 6 5 14 14 15 16 10 11 13 13
split_gain=54.2598 8.00398 7.67496 5.77168 5.42235 6.58293 3.42052 2.91526 2.70474 2.34205 3.12628 2.33212 2.55512 2.51672 4.91134 5.23339 4.30917 3.92799 3.63325 3.31095 2.1638 2.4127 2.30381 2.08013 5.66118 4.68729 4.21228 1.98952 1.80877 11.2143
threshold=0.026499012064281301 0.036545290976373372 0.011738598968218682 -0.080083523859072289 -0.022870319379798273 -0.029337465505850421 1.0000000180025095e-35 17.369999885559086 0.021628026584570501 -0.013327773622425541 -0.008097796514095033 -0.030384462612199011 0.009957204184032455 0.0095885528141878024 -0.0060493286934151782 0.0096242293895473247 -0.0066375286305050954 0.015605167538648159 0.0069843130840521192 0.0011335469917099774 -0.3006471001789518 0.029874274768867445 0.016378333086022993 -0.069744182185856193 0.0086421904563601677 0.020179441484516673 0.016350157736673924 -0.0034482783257907541 19.010000228881839 18.974999427795414
decision_type=2 2 2 2 2 2 2 2 2 2 2 2 2 2 2 2 2 2 2 2 2 2 2 2 2 2 2 2 2 2
left_child=2 6 11 -3 5 8 27 -8 -4 10 -6 12 -1 -13 16 -16 19 -17 -19 -15 22 -22 -5 24 -11 26 -26 -2 29 -25
right_child=1 3 4 20 9 -7 7 -9 -10 23 -12 13 -14 14 15 17 -18 18 -20 -21 21 -23 -24 28 25 -27 -28 -29 -30 -31
leaf_value=0.00014180083308004462 0.00031863289856251986 0.0035531826788973335 0.00052345408590139604 0.00035526925014010943 -0.00011641141141098192 9.1621927717894756e-05 0.0006988282113512042 0.0001400002492468489 0.00058626051096656183 -0.00010254017565949161 0.00028770033875329348 -0.00019734338294417325 -0.00017504435238544229 0.00053243270617927055 0.00042023842753796361 -0.00018837100376055917 0.00063961069499633737 -0.00023253509895246023 0.00043271282111871249 -0.00018148736120515507 0.00085657024074808636 0.0014503148563695749 0.00090807672271311978 -0.0001068799823898674 0.00025740650538697338 -2.9868983997965387e-05 0.00043506214837011112 1.8716037242274685e-05 -0.00022275352873307028 0.00075931130157461048
leaf_weight=175 314 41 66 445 150 854 317 354 78 598 233 9594 104 45 40 1404 42 46 54 89 509 258 200 3330 95 93 40 793 1331 48
leaf_count=175 314 41 66 445 150 854 317 354 78 598 233 9594 104 45 40 1404 42 46 54 89 509 258 200 3330 95 93 40 793 1331 48
internal_value=-0.00051748 0.00546116 -0.00156113 0.00821404 -0.000242916 0.00316633 0.00321147 0.00602831 0.0130556 -0.000817845 0.00296345 -0.00234754 0.00216846 -0.0024589 -0.000697676 -0.00159974 0.00721591 -0.00207447 0.0075 0.00283582 0.00767705 0.00947197 0.00554263 -0.0010795 0.00123487 0.0079386 0.0138889 0.00150406 -0.00148545 -0.000870339
internal_weight=21740 3231 18509 1453 6916 998 1778 671 144 5918 383 11593 279 11314 1720 1544 176 1504 100 134 1412 767 645 5535 826 228 135 1107 4709 3378
internal_count=21740 3231 18509 1453 6916 998 1778 671 144 5918 383 11593 279 11314 1720 1544 176 1504 100 134 1412 767 645 5535 826 228 135 1107 4709 3378
is_linear=0
shrinkage=0.05


Tree=10
num_leaves=31
num_cat=0
split_feature=4 5 4 11 16 8 12 6 16 5 9 1 9 10 16 12 11 11 11 1 6 10 10 14 8 10 10 10 1 5
split_gain=49.2175 8.30378 7.19164 6.09005 6.6336 6.30041 5.03676 4.06836 4.19634 4.12872 3.25568 2.37504 2.24621 2.10185 3.31877 1.96805 2.85199 2.02449 1.79245 2.17252 1.72812 1.6763 3.04828 1.83712 1.61454 1.44885 2.42017 1.44169 1.42299 1.41679
threshold=0.026499012064281301 0.030791385430588663 0.018568680264070884 -0.028866681392767265 -0.027723753543463011 0.02158989102704079 -0.05023266322533259 3.2140280950228788 -0.056920326002612258 0.01999144991626604 0.27281879333120646 -0.054293212067539336 -0.074806764158910952 0.015605167538648159 0.0097392109317250303 0.025155883078146649 0.0038135025222709733 0.012763464240655777 0.044463643697869822 0.088549517361341326 -0.34489515998580428 0.0083253127378262199 -0.0012214211173433573 0.005094684764536229 0.043088789706859927 -0.0021138824674655772 -0.012001982718326086 0.0052648731180522388 -0.044813093427655208 0.013057901279684437
decision_type=2 2 2 2 2 8 2 2 2 2 10 2 8 2 2 2 2 2 2 2 2 2 2 2 8 2 2 2 2 2
left_child=2 7 13 4 5 28 -3 8 -2 27 -8 21 15 -1 -15 16 -13 -18 19 -11 -12 22 -5 -24 25 26 -6 -10 -4 -14
right_child=1 6 3 11 24 -7 10 -9 9 18 20 12 29 14 -16 -17 17 -19 -20 -21 -22 -23 23 -25 -26 -27 -28 -29 -30 -31
leaf_value=-0.00016378129231588146 0.0007734066954765375 0.0020465441382131197 0.00025780306756750332 -4.1938222406289875e-05 0.00013091846906331068 0.00088571563947056084 0.00050966828592875887 0.0015502684294538566 0.00017281309900325366 0.00061030521560706075 0.00047423559561218678 9.8472531578804495e-05 -0.00011670298276810544 -0.0002878886855833224 0.00031318424428022988 -9.2598049516574878e-06 0.0011901144864621487 0.00051617699863720226 -0.00014878919819166547 0.0014152990072982957 0.0014891469633482369 -0.00025996979915085262 0.00010744637173401319 0.00061658728581341681 -5.2132784548156883e-05 0.00031946718295968639 -0.00026018787066345143 -4.7816775395530387e-05 4.6766178759289868e-05 -1.7681004098750204e-05
leaf_weight=10663 46 76 42 89 63 40 181 49 792 1355 76 128 3638 111 69 323 40 46 80 97 104 40 52 50 220 44 56 422 47 2853
leaf_count=10663 46 76 42 89 63 40 181 49 792 1355 76 128 3638 111 69 323 40 46 80 97 104 40 52 50 220 44 56 422 47 2853
internal_value=-0.000475517 0.00517389 -0.0014704 -0.000309485 0.00496094 0.0147674 0.0115904 0.0041869 0.00393625 0.00368536 0.00912742 -0.000681225 -0.000845192 -0.00230241 0.00305555 0.00226257 0.00598131 0.0130233 0.00541123 0.00581267 0.0138889 0.00430736 0.00625654 0.0121569 0.00165796 0.00542945 0.00256302 0.00150741 0.00735955 -0.0011023
internal_weight=21892 3278 18614 7771 512 129 437 2841 2792 2746 361 7259 7028 10843 180 537 214 86 1532 1452 180 231 191 102 383 163 119 1214 89 6491
internal_count=21892 3278 18614 7771 512 129 437 2841 2792 2746 361 7259 7028 10843 180 537 214 86 1532 1452 180 231 191 102 383 163 119 1214 89 6491
is_linear=0
shrinkage=0.05


Tree=11
num_leaves=31
num_cat=0
split_feature=4 11 4 10 5 10 16 15 6 11 1 9 15 6 10 16 15 6 9 6 8 5 16 15 9 6 16 16 10 15
split_gain=38.8086 7.66224 6.77123 6.49588 5.97654 4.39052 8.4856 5.49072 4.26906 2.98084 2.86074 2.38485 2.23717 2.16571 2.09874 3.70444 2.07953 1.80909 2.12533 1.71352 1.70283 1.48556 1.80368 1.44388 1.842 1.65646 1.43624 2.07204 1.42833 1.95671
threshold=0.026499012064281301 -0.043674056524097109 0.017682942978117532 -0.013932246020769588 0.025724245364013628 -0.016459345362290764 -0.027723753543463011 0.0070831629175186492 0.16727240693393852 -0.017068833431084392 -0.050723072916919791 -0.074806764158910952 -0.003867928750447613 3.2140280950228788 0.015605167538648159 0.0097392109317250303 -0.0053687660245037563 0.18023191858972332 0.22319982478116032 0.37432923971817805 -0.048747288284964156 0.013618327200981018 -0.030685283191732412 -0.0033197747957014463 0.15708960360238469 -0.52546250532143357 -0.0025773726505944334 -0.006464447775873238 -0.0048383307689184299 -0.0058610859069575518
decision_type=2 2 2 2 2 2 2 2 2 2 2 8 2 2 2 2 2 2 10 2 10 2 2 2 10 2 2 2 2 2
left_child=2 -2 14 5 8 -4 -7 16 23 -6 12 -12 -5 20 -1 -16 -8 21 -19 -11 -10 -13 -23 25 -25 -3 27 -22 -21 -30
right_child=1 4 3 10 9 6 7 -9 13 19 11 17 -14 -15 15 -17 -18 18 -20 28 26 22 -24 24 -26 -27 -28 -29 29 -31
leaf_value=-0.00016757945267487036 0.002406761616090066 0.00054762808893108839 5.3449780238709243e-05 0.00020791414941003381 0.0012605797274310021 0.00079037374968891579 -0.00013525361052987319 0.00058221735266568105 0.00014678508816455213 0.00057859548348801319 0.00010358406365568314 -0.00015988532493828322 -6.7735642954250646e-05 0.0014453314587484967 -0.00025314845103233086 0.00030951531062943337 0.00038250659484671254 -3.2767318939385149e-05 0.0003943921396413455 0.00030493670933494994 0.00048783294774722727 0.00014688769773312088 -7.8186197753126916e-05 -4.7754707710530645e-05 0.00034025522957308849 9.6211082227744854e-05 0.00033678922986508805 0.0010850038316890986 0.0015830256961811883 0.0012891599398388125
leaf_weight=8924 53 208 339 212 172 46 99 44 228 625 572 3712 130 41 86 52 92 2684 83 48 120 40 1440 773 271 231 306 47 44 126
leaf_count=8924 53 208 339 212 172 46 99 44 228 625 572 3712 130 41 86 52 92 2684 83 48 120 40 1440 773 271 231 306 47 44 126
internal_value=-0.000557947 0.00444427 -0.0014457 -0.000512484 0.0041358 0.00443548 0.00905694 0.00521276 0.00268539 0.00731527 -0.000858223 -0.00103798 0.00362573 0.00578167 -0.00242331 0.00369565 0.0015445 -0.00126209 -0.000229492 0.00609134 0.00512839 -0.0018124 -0.000472974 0.00113621 0.00012452 0.00354214 0.00683932 0.0105689 0.00990826 0.0120588
internal_weight=21848 3293 18555 9493 3240 620 281 235 2225 1015 8873 8531 342 742 9062 138 191 7959 2767 843 701 5192 1480 1483 1044 439 473 167 218 170
internal_count=21848 3293 18555 9493 3240 620 281 235 2225 1015 8873 8531 342 742 9062 138 191 7959 2767 843 701 5192 1480 1483 1044 439 473 167 218 170
is_linear=0
shrinkage=0.05


Tree=12
num_leaves=31
num_cat=0
split_feature=5 4 11 8 6 1 4 15 16 13 15 15 9 15 15 10 13 10 13 2 11 11 10 16 16 13 6 11 16 16
split_gain=32.3465 9.49716 5.83974 4.99457 3.69613 2.7714 2.23144 2.17787 2.22679 2.1329 2.04659 2.34519 5.41883 2.28568 5.70959 2.3528 4.55615 1.95497 1.80521 1.97404 1.78194 1.74065 1.60747 1.95759 5.74495 9.248 1.53908 2.35705 1.51455 1.41936
threshold=0.01999144991626604 0.019533540464626745 -0.043674056524097109 -0.010830797824924297 0.20285697232221192 -0.050723072916919791 0.047550322428516978 -0.0040013679890560363 -0.056920326002612258 30.750000000000004 -0.011157420173863506 -0.011296798571325482 0.053868302128101904 0.0074541937545147272 0.0075178081953565243 0.015605167538648159 16.98499965667725 -0.0018123893917819098 25.19999980926514 -0.034917497848136518 0.030023706466371539 -0.017068833431084392 -0.013788046856732237 -0.0056260631084868997 -0.009601450748951244 15.97499990463257 -0.19355887366559335 0.045591132552592513 0.02117327203975328 0.017997773053952896
decision_type=2 2 2 10 2 2 2 2 2 2 2 2 8 2 2 2 2 2 2 2 2 2 2 2 2 2 2 2 2 2
left_child=1 10 3 17 6 7 -2 8 -4 -7 11 29 -13 26 -15 22 -17 -3 19 -6 28 -8 -16 24 -24 -26 -12 -28 -21 -1
right_child=4 2 5 -5 18 9 21 -9 -10 -11 13 12 -14 14 15 16 -18 -19 -20 20 -22 -23 23 -25 25 -27 27 -29 -30 -31
leaf_value=-9.9765535256362919e-05 0.00042408018229865975 0.00071399680823575745 0.00056593529953232336 -3.3217268813564531e-05 0.00059448350268753497 -1.5343385451974106e-05 0.001468019906652944 -4.9256119701498405e-05 0.00020225206348972589 0.00019093429794784787 -0.00022667140163793635 0.00055885398647541275 -0.00032802903029892236 0.00044127198848988307 0.00041448348929924597 0.00038346181907157378 -0.00010047046669168575 0.00018386239222930873 0.0021232157444457055 0.001230324852874043 0.0015004712676418997 0.00045715259323286908 -0.00025945447704410658 -0.0001534592991577053 0.00055234890527247138 -3.2598433952066232e-05 -0.0001307816698485534 0.00026994565102329355 0.00046141333090540554 0.00025259736063507228
leaf_weight=1204 1020 53 46 59 182 6487 80 183 218 88 4620 40 46 51 76 42 76 43 48 277 43 319 234 2045 45 80 3884 45 75 53
leaf_count=1204 1020 53 46 59 182 6487 80 183 218 88 4620 40 46 51 76 42 76 43 48 277 43 319 234 2045 45 80 3884 45 75 53
internal_value=-0.00059094 -0.00121158 0.000238957 0.00983871 0.00539628 2.70566e-05 0.0039852 0.00383669 0.00674242 -0.00023194 -0.0020417 -0.000197321 0.0077907 -0.00226291 -0.000979616 -0.00130485 0.00559322 0.016875 0.0086 0.00782496 0.00981013 0.00715539 -0.00163307 -0.0018594 0.00154596 0.0102 -0.00266055 -0.00193306 0.00863636 -0.000743836
internal_weight=21762 19718 7177 155 2044 7022 1419 447 264 6575 12541 1343 86 11198 2649 2598 118 96 625 577 395 399 2480 2404 359 125 8549 3929 352 1257
internal_count=21762 19718 7177 155 2044 7022 1419 447 264 6575 12541 1343 86 11198 2649 2598 118 96 625 577 395 399 2480 2404 359 125 8549 3929 352 1257
is_linear=0
shrinkage=0.05


Tree=13
num_leaves=31
num_cat=0
split_feature=4 16 5 4 6 16 12 13 8 15 15 12 14 14 8 14 13 13 16 7 14 15 5 1 15 4 16 13 14 5
split_gain=30.8134 7.21781 6.05175 4.94548 3.92473 2.67548 5.62048 4.50466 7.3035 2.40881 4.26448 7.06987 2.98388 3.19033 3.2656 3.31968 2.46583 5.29666 3.33655 2.1125 1.94591 1.79925 2.55041 2.38008 2.70996 1.69433 1.60081 1.5668 5.66575 1.52694
threshold=0.025480027047513561 -0.056920326002612258 0.020354865512129908 0.01641612284031875 0.34665745942533582 -0.021252267387521503 0.082959712719514869 22.429999351501468 0.042517739719826982 0.0086421904563601677 0.0088827709652943305 0.0033715078329863428 0.13518549268873961 -0.069744182185856193 -0.032464328272138181 -0.075454415356713087 15.050000190734865 14.824999809265138 -0.00040785437260415497 0.035708926549636207 -0.13532199000438486 -0.0063532075486203978 0.028435169354351822 0.021657956878433641 0.010423810831923676 0.021785074920184989 0.0076697196060696591 12.119999885559084 -0.034895651013681799 0.030791385430588663
decision_type=2 2 2 2 2 2 2 2 8 2 2 2 2 2 10 2 2 2 2 2 2 2 2 2 2 2 2 2 2 2
left_child=3 -2 -3 27 29 6 7 -5 25 -7 11 -11 13 14 -12 20 17 18 -15 -14 -16 22 -6 -23 26 -9 -25 28 -1 -4
right_child=1 2 4 5 21 9 -8 8 -10 10 12 -13 19 16 15 -17 -18 -19 -20 -21 -22 23 -24 24 -26 -27 -28 -29 -30 -31
leaf_value=0.0010381757540201904 0.0011454710487645251 7.7028805757355676e-05 0.00045073865387556476 -2.7016720152973794e-05 0.00055990952186439798 -0.00011157166026224477 0.00051581848281231088 -3.4166065323062931e-06 0.00075513426506175778 0.00042329339269405711 0.00044063654439818203 -0.00022826763190496159 3.2018446097815538e-06 0.00025467824954504537 0.00013912705808085025 0.00052665753411350932 -0.00020445674337568555 0.00081688339876386505 -9.519061450173807e-05 0.00056467454616257137 -0.00028628244356570756 0.00043734216178044653 0.0016271853053719744 0.0019240740717216768 0.0014299849421867249 0.00043032158567280604 0.00034150337543941838 -0.0001768334482932808 -0.00041405282721678486 0.00069241282946518924
leaf_weight=41 66 1722 1125 1760 81 7672 45 161 48 42 40 44 40 60 49 79 1002 55 518 40 143 199 48 68 55 61 91 6056 74 290
leaf_count=41 66 1722 1125 1760 81 7672 45 161 48 42 40 44 40 60 49 79 1002 55 518 40 143 199 48 68 55 61 91 6056 74 290
internal_value=-0.000515501 0.00361148 0.00331748 -0.00137271 0.00521972 -0.000775362 0.00085542 0.000467979 0.00648148 -0.00112122 0.000374052 0.0112791 -8.88462e-05 -0.000477905 0.00416399 0.00219557 -0.00136086 0.00108215 -0.000328721 0.009375 -0.00135417 0.00883764 0.0139922 0.0072276 0.0108878 0.00265766 0.00757862 -0.00252066 0.00326087 0.00383392
internal_weight=21775 3745 3679 18030 1957 11859 2075 2030 270 9784 2112 86 2026 1946 311 271 1635 633 578 80 192 542 129 413 214 222 159 6171 115 1415
internal_count=21775 3745 3679 18030 1957 11859 2075 2030 270 9784 2112 86 2026 1946 311 271 1635 633 578 80 192 542 129 413 214 222 159 6171 115 1415
is_linear=0
shrinkage=0.05


Tree=14
num_leaves=31
num_cat=0
split_feature=5 5 11 16 13 13 4 0 13 6 1 6 16 6 13 11 4 6 5 3 13 13 12 2 11 13 5 0 12 12
split_gain=25.2883 6.61301 4.95525 4.01915 6.47209 10.2617 3.45421 2.61553 2.33135 2.09929 1.99924 1.99853 1.97134 2.98202 1.82257 1.80612 1.79604 1.50631 1.41443 2.44978 1.37594 2.07474 2.12413 1.95681 1.33936 2.20142 1.28194 1.83849 1.26951 2.90132
threshold=0.017186956927867838 0.0115039373057632 -0.043674056524097109 -0.022870319379798273 22.429999351501468 24.855000495910648 0.036545290976373372 0.040124615155746286 17.369999885559086 1.2033794995609177 -0.036608342608541393 2.5573979079918563 -0.0029530820532139286 0.029963985735062471 30.750000000000004 0.021151799211171721 0.015366405468723298 2.5573979079918563 0.032081442218170532 0.00011994015464611431 25.960000038146976 20.335000038146976 -0.028469952569234454 0.024818750647046198 -0.030384462612199011 18.675000190734867 0.020354865512129908 0.0084911268337430918 0.044456932771925313 0.047942612360438737
decision_type=2 2 2 2 2 2 2 2 2 2 2 2 2 2 2 2 2 2 2 2 2 2 2 2 2 2 2 2 2 2
left_child=1 16 -2 4 15 -6 7 8 12 10 -5 18 13 -4 -12 -3 28 24 20 -20 21 -8 -23 -24 25 -18 -14 -28 -1 -30
right_child=2 3 6 9 5 -7 11 -9 -10 -11 14 -13 26 -15 -16 -17 17 -19 19 -21 -22 22 23 -25 -26 -27 27 -29 29 -31
leaf_value=-0.00023297010588732545 0.0021491970858668985 1.0672750793463365e-05 0.00044931061376974761 0.00026725121500396622 0.00068509017461968217 9.7082119813902631e-05 0.00051080195080865454 0.0013174101658512665 -4.2497899426063917e-05 8.7105503609252797e-05 -9.6618644458719655e-05 0.0012067275029528342 -2.3717216345450456e-05 0.00070210981430381266 0.00016730169807432688 0.00056033895122836123 0.00018534545329690916 0.00011242854670944676 0.00087038574948786153 0.0004497326791779959 -0.00012072610016880981 -9.4223227276233053e-05 0.0013360231000629915 0.00063935728865369189 -0.00011935173754203008 -8.5891728281909112e-05 -4.8069610674833858e-05 0.00063808169443479946 0.00028183290969940915 -0.00015104470437048075
leaf_weight=3310 43 982 153 172 75 190 819 50 696 868 5669 40 296 66 60 41 58 259 137 178 85 41 59 63 6580 131 98 90 107 425
leaf_count=3310 43 982 153 172 75 190 819 50 696 868 5669 40 296 66 60 41 58 259 137 178 85 41 59 63 6580 131 98 90 107 425
internal_value=-0.000602309 -0.00126988 0.0037337 -0.000184313 0.00237578 0.00933962 0.00348136 0.00176328 0.00136169 -0.000671445 -0.00100915 0.00523207 0.0033926 0.00732877 -0.00116862 0.000571846 -0.00207452 -0.00159932 0.00491317 0.00785714 0.00404405 0.0045723 0.00972393 0.0130328 -0.0017425 0.00240741 0.00161157 0.00484042 -0.00294378 -0.000676693
internal_weight=21841 18927 2914 8057 1288 265 2871 1449 1399 6769 5901 1422 703 219 5729 1023 10870 7028 1382 315 1067 982 163 122 6769 189 484 188 3842 532
internal_count=21841 18927 2914 8057 1288 265 2871 1449 1399 6769 5901 1422 703 219 5729 1023 10870 7028 1382 315 1067 982 163 122 6769 189 484 188 3842 532
is_linear=0
shrinkage=0.05


Tree=15
num_leaves=31
num_cat=0
split_feature=5 5 16 12 13 13 9 5 15 10 15 12 11 13 16 13 12 16 13 13 13 13 2 16 5 9 13 13 13 13
split_gain=24.9821 6.0741 4.09842 6.38029 4.33196 7.08084 5.61925 3.81666 4.06712 2.54786 5.47145 2.09268 1.94303 2.61006 1.93804 1.76824 2.35286 1.87717 1.76402 10.8993 1.68836 1.71767 1.6872 1.50671 1.54427 1.91673 1.55996 1.46028 2.14471 1.42915
threshold=0.020354865512129908 0.011738598968218682 -0.014389111877511128 0.082959712719514869 22.429999351501468 25.319999694824222 0.050192043853637409 0.030791385430588663 -0.0037267514744582782 -0.013327773622425541 0.0072230993093329596 -0.071455492513037885 -0.030384462612199011 18.675000190734867 -0.015336414121764006 22.625000000000004 0.0048491469985487709 -0.0054324738481985593 15.234999656677248 14.340000152587892 23.770000457763675 23.604999542236332 0.1172246242368269 0.035833868986294155 0.013618327200981018 -0.067235541818215935 15.375000000000002 13.444999694824221 13.085000038146974 46.145000457763679
decision_type=2 2 2 2 2 2 10 2 2 2 2 2 2 2 2 2 2 2 2 2 2 2 2 2 2 8 2 2 2 2
left_child=1 12 3 4 18 6 -6 15 -9 10 11 -4 13 -1 -15 16 17 -2 19 27 21 23 -14 24 25 26 -11 28 -3 -7
right_child=7 2 9 -5 5 29 -8 8 -10 20 -12 -13 22 14 -16 -17 -18 -19 -20 -21 -22 -23 -24 -25 -26 -27 -28 -29 -30 -31
leaf_value=0.00016022539895298464 0.00020882114246100343 -0.00024199060461798315 0.0001659361549604608 0.00038562616221917367 0.00081401333819830556 -1.1425437773385027e-05 0.00017321026028795875 0.0017411195829416318 0.00063002120389371368 5.5126423532408628e-05 0.00060842713271700441 -3.0492965786277149e-05 -0.00013229319029423923 0.00015973985825122491 -0.00015164042282098044 -4.192321181927877e-05 0.00046544411494844228 0.0010574906282721983 -3.8625933896145601e-05 0.0011805120258830482 -0.00024757436906748168 0.00033669091575381306 0.00023812625939830879 -0.00025689193958436748 1.8566681635006548e-05 -0.00012254681826005936 0.00033837839548287807 -0.0001897992137681126 0.00059423825424118309 0.00041038751421230936
leaf_weight=66 88 107 62 42 79 197 44 135 292 144 45 342 11339 70 149 252 968 234 1126 62 478 53 77 458 2326 2387 55 153 53 45
leaf_count=66 88 107 62 42 79 197 44 135 292 144 45 342 11339 70 149 252 968 234 1126 62 478 53 77 458 2326 2387 55 153 53 45
internal_value=-0.000622037 -0.00115211 -0.00011383 0.00191824 0.00148446 0.00636986 0.0161382 0.00475114 0.00893443 -0.000724411 0.00290646 0.00106436 -0.00188488 0.00219298 -0.000433791 0.00359274 0.00434108 0.00804348 0.000296468 0.00326667 -0.00100068 -0.000749586 -0.00198669 -0.00083799 -0.000582249 -0.00142305 0.00329146 -0.000527158 0.0028125 0.00140496
internal_weight=21928 19959 8258 1908 1866 365 123 1969 427 6350 449 404 11701 285 219 1542 1290 322 1501 375 5901 5423 11416 5370 4912 2586 199 313 160 242
internal_count=21928 19959 8258 1908 1866 365 123 1969 427 6350 449 404 11701 285 219 1542 1290 322 1501 375 5901 5423 11416 5370 4912 2586 199 313 160 242
is_linear=0
shrinkage=0.05


Tree=16
num_leaves=31
num_cat=0
split_feature=4 4 10 15 4 11 12 13 11 13 1 13 3 13 15 11 10 7 11 15 8 10 13 10 11 7 12 15 0 6
split_gain=19.3125 4.73397 4.70445 7.09928 4.0246 2.93322 2.70612 7.76312 2.21892 5.11106 2.23707 2.03279 1.98452 1.96528 1.95887 2.07418 14.5294 4.37203 2.26773 2.88821 1.93017 1.89661 2.44257 1.77272 1.72957 1.50417 1.40331 1.34803 2.74638 1.49235
threshold=0.024673541834639375 0.01641612284031875 -0.013932246020769588 0.011063466063931051 0.036545290976373372 -0.020171836765592806 -0.049048441539310476 26.494999885559086 -0.029337465505850421 18.675000190734867 -0.021063312640856032 17.530000686645511 0.011229707238381128 26.284999847412113 -0.023194394568429363 0.025734816417073651 -0.0020521313117868862 -0.027259952390864369 0.029572012228067938 0.0041521599219891412 -0.088538640091428797 0.015605167538648159 16.98499965667725 0.018838458170826636 0.044463643697869822 0.0060317929112980737 -0.052281388412141021 -0.0084400762755243979 -0.0012745890578016448 0.49343702682938989
decision_type=2 2 2 2 2 2 2 2 2 2 2 2 2 2 2 2 2 2 2 2 8 2 2 2 2 2 2 2 2 2
left_child=1 21 3 6 12 20 7 -3 9 -4 -11 -8 -2 -13 -10 -16 -17 24 19 -19 26 -1 -23 -20 -18 -22 -6 28 29 -7
right_child=4 2 8 -5 5 27 11 -9 14 10 -12 13 -14 -15 15 16 17 18 23 -21 25 22 -24 -25 -26 -27 -28 -29 -30 -31
leaf_value=-0.00016934736236833871 6.9537786901421284e-05 0.000698303909581626 0.0003445507914723821 0.00056050167623346509 0.0024831356750057449 6.8785616409043613e-05 0.00037326973264399925 2.6773679764370497e-05 0.00015065614688918586 0.0002563075952085914 -9.9341220886501875e-05 -0.00012365707407864282 0.00073579446759931681 0.00014046151206490863 -9.8742551367505876e-05 0.00081908346738984641 0.00012263771655225792 0.00019807565735163024 -0.00029619220450305135 -0.00013417510703942859 0.00024670064552092955 0.00042671693745134252 -0.00031290706415581409 0.00012038044983819628 0.00028675734955413917 0.0010684978372289854 0.0016905804370156885 0.00048266937984623668 0.0014196455849633514 0.0011009206184992894
leaf_weight=6130 2405 56 44 40 40 98 65 141 63 76 241 339 180 45 9145 58 89 133 824 120 80 44 41 54 56 40 53 1066 42 61
leaf_count=6130 2405 56 44 40 40 98 65 141 63 76 241 339 180 45 9145 58 89 133 824 120 80 44 41 54 56 40 53 1066 42 61
internal_value=-0.000594221 -0.0013042 -0.000707137 0.00330904 0.00251537 0.00459459 0.00204334 0.00692893 -0.000959829 0.00289474 0.000678232 -0.000100224 0.00132495 -0.00148438 -0.00109182 -0.00114467 0.00069715 -0.000415362 -0.00146331 0.00270751 0.0100235 -0.00241754 0.005 -0.00266515 0.00775862 0.00583333 0.0154301 0.00368192 0.00743781 0.00443396
internal_weight=21869 17804 11589 686 4065 1480 646 197 10903 361 317 449 2585 384 10542 10479 1334 1276 1131 253 213 6215 85 878 145 120 93 1267 201 159
internal_count=21869 17804 11589 686 4065 1480 646 197 10903 361 317 449 2585 384 10542 10479 1334 1276 1131 253 213 6215 85 878 145 120 93 1267 201 159
is_linear=0
shrinkage=0.05


Tree=17
num_leaves=31
num_cat=0
split_feature=5 16 12 11 11 11 14 10 14 10 12 16 10 15 12 6 1 11 11 10 11 8 15 10 1 15 15 9 15 15
split_gain=18.8536 4.56046 4.89262 4.97499 4.19732 3.90476 3.59516 3.89043 3.55448 6.97597 9.05588 10.3404 2.96872 8.3988 4.31595 2.95675 2.731 4.60952 2.56333 2.97674 2.39936 2.05313 2.0208 3.37606 3.98847 4.55808 3.52999 2.0549 1.95234 2.99042
threshold=0.017186956927867838 -0.022870319379798273 0.082959712719514869 -0.030384462612199011 -0.043674056524097109 0.027231937128701426 0.10600204873107434 -0.0018123893917819098 0.013406221047230662 -0.0032352848591708501 0.014776412045584443 -0.027191314272929642 -0.013327773622425541 0.014593314443484441 -0.071455492513037885 0.20285697232221192 -0.036608342608541393 -0.013447724126553815 0.025024628746897374 0.0065983934065093628 -0.0048868884818967775 0.037749049205525027 0.0074541937545147272 0.015605167538648159 0.015899119986268587 0.015116900588344031 0.0075178081953565243 0.22319982478116032 -0.0058610859069575518 0.0012661151860644539
decision_type=2 2 2 2 2 2 2 2 2 2 2 2 2 2 2 2 2 2 2 2 2 8 2 2 2 2 2 10 2 2
left_child=1 2 3 6 -2 8 7 -1 -5 20 11 -11 13 14 -3 -6 17 -14 -19 -20 21 -10 -18 26 -25 -26 -24 -28 -17 -30
right_child=4 12 -4 5 15 -7 -8 -9 9 10 -12 -13 16 -15 -16 28 22 18 19 -21 -22 -23 23 24 25 -27 27 -29 29 -31
leaf_value=0.00062950612591841475 0.0021766762629639195 0.00020475381114135689 0.00038318711234700914 -0.00011783823689996206 0.00021182713887114816 0.00049723038456911666 7.5968782458743186e-05 0.0003690034651457235 4.1251302323633603e-06 0.0011307252391021241 -0.00015118131914554161 0.0001008535536956434 0.00060255796842394139 0.00058882233527519576 -2.5558078401844765e-05 0.00099271088602855364 -0.00014579666731273256 -0.00019905182193588513 0.00035389842549839298 -0.00017956083862802723 -0.00031970867542282697 0.00041891229846539949 0.00043511450414169135 -1.5829207690175995e-05 0.00032560522042870185 1.7935579440461714e-05 -9.1466474822876826e-05 0.00044302285204832068 -4.0933882543920373e-05 0.00064817660622387306
leaf_weight=45 45 52 49 1373 1994 70 127 78 326 47 144 94 47 43 812 231 11128 214 43 43 313 54 70 162 55 44 3467 70 211 459
leaf_count=45 45 52 49 1373 1994 70 127 78 326 47 144 94 47 43 812 231 11128 214 43 43 313 54 70 162 55 44 3467 70 211 459
internal_value=-0.000545414 -0.00112283 0.000772058 0.000484836 0.00318027 -0.000208593 0.0072 0.0132927 -0.000555084 0.00174847 0.00833333 0.0173404 -0.00144 0.00133958 0.000266203 0.00294473 -0.00160432 0.00278098 0.000499999 0.0077907 -0.000959597 0.00171053 -0.00170579 -0.000721304 0.00477011 0.0126768 -0.00111866 -0.00133871 0.00532186 0.00395522
internal_weight=21910 18970 2720 2671 2940 2421 250 123 2351 978 285 141 16250 907 864 2895 15343 347 300 86 693 380 14996 3868 261 99 3607 3537 901 670
internal_count=21910 18970 2720 2671 2940 2421 250 123 2351 978 285 141 16250 907 864 2895 15343 347 300 86 693 380 14996 3868 261 99 3607 3537 901 670
is_linear=0
shrinkage=0.05


Tree=18
num_leaves=31
num_cat=0
split_feature=4 4 6 11 15 4 11 9 0 10 0 9 13 15 15 10 1 15 15 9 11 10 10 15 15 13 2 4 15 11
split_gain=17.1772 5.15507 3.37164 4.51381 3.31211 3.77006 3.15 2.76529 2.62422 2.48272 2.47846 2.12976 2.02658 1.61999 3.85507 3.7663 2.61224 1.56142 2.69126 5.51661 3.17702 2.53154 6.96642 1.8193 3.79935 1.95045 5.36977 2.05705 1.72758 1.62892
threshold=0.021785074920184989 0.034889833291222923 0.3329036592932339 0.045591132552592513 -0.010711272387763036 0.051169171550889382 -0.035697705395590577 0.37383077950743443 -0.024788908661618755 -0.00064234175836136431 0.0038191043828790243 0.24015082448936534 16.095000267028812 -0.010243370128972694 -0.012892699802028671 -0.0022250967273709783 -0.031995960168325392 -0.011157420173863506 -0.016171307707066592 -0.029742034139050352 -0.01930721697732057 -0.0018713980649029403 0.00038115432096208496 0.0074541937545147272 0.0075178081953565243 12.119999885559084 -0.0048725551064754949 0.015931020404740974 -0.014095122758495946 0.020527349767636042
decision_type=2 2 2 2 2 2 2 10 2 2 2 10 2 2 2 2 2 2 2 8 2 2 2 2 2 2 2 2 2 2
left_child=2 6 17 11 5 9 8 13 -2 -3 -10 -4 -6 14 -8 -16 -17 18 -1 -20 -21 -22 -23 25 -25 26 -19 -27 -24 -26
right_child=1 4 3 -5 12 -7 7 -9 10 -11 -12 -13 -14 -15 15 16 -18 23 19 20 21 22 28 24 29 27 -28 -29 -30 -31
leaf_value=-0.00013402215365956242 -0.00010275763835300805 8.3394578728202599e-06 -3.4346066571757851e-05 0.00032939190684211004 0.00013497546389892713 0.0012819379539546029 1.7565997376639356e-05 0.00075721462229528635 0.00038349998305226224 0.0011500122357965483 -6.5293546702041131e-07 0.00028772851838877213 0.00057649999010983425 -2.2121540042363834e-06 -0.0001314873618010206 0.0006546031382902392 0.00043475388107645606 -0.00033709812561765135 0.00054691134269842787 0.00036991792632799049 -0.00027646779657685333 0.00058782802833459453 7.6117293106757713e-05 0.00038459514098884516 -0.00011489467385116409 -0.00024650742551838846 0.0010496824686820406 -0.0001185562594537966 -0.00037861311187305512 5.4169471502191121e-05
leaf_weight=541 40 85 4606 69 461 58 457 108 128 59 56 41 962 3606 47 49 49 69 68 48 217 42 57 51 1731 2680 40 4888 159 443
leaf_count=541 40 85 4606 69 461 58 457 108 128 59 56 41 962 3606 47 49 49 69 68 48 217 42 57 51 1731 2680 40 4888 159 443
internal_value=-0.000546431 0.001691 -0.00142222 -0.000303224 0.00410769 0.010099 0.00082599 0.000525949 0.00660714 0.00576389 0.00913043 -0.000491716 0.0032572 0.000323193 0.00272425 0.00982759 0.0154082 -0.00190049 -0.000141344 0.0021912 0.00044933 -0.000789475 0.00255814 -0.0021016 -0.000842698 -0.00246646 0.00417431 -0.0025621 -0.00106482 -0.00115915
internal_weight=21915 6165 15750 4716 1625 202 4540 4316 224 144 184 4647 1423 4208 602 145 98 11034 1132 591 523 475 258 9902 2225 7677 109 7568 216 2174
internal_count=21915 6165 15750 4716 1625 202 4540 4316 224 144 184 4647 1423 4208 602 145 98 11034 1132 591 523 475 258 9902 2225 7677 109 7568 216 2174
is_linear=0
shrinkage=0.05


Tree=19
num_leaves=31
num_cat=0
split_feature=4 4 12 4 16 13 13 13 13 14 15 15 4 10 10 10 16 16 11 16 13 11 11 15 15 5 15 11 12 11
split_gain=15.6496 5.82286 2.73015 2.14487 1.92136 3.0814 4.56694 2.06129 1.74456 1.58936 2.26224 1.5177 1.71017 1.55985 1.5 5.38098 6.61369 3.23043 2.47204 7.49311 2.18381 4.25352 3.73001 3.28337 2.81196 1.90687 1.70385 2.21285 6.57124 5.23604
threshold=0.021321837359248658 0.036545290976373372 -0.080083523859072289 0.014658929776263209 -0.020146070425507697 22.429999351501468 25.319999694824222 19.115000724792484 31.844999313354496 0.11365091649526195 -0.0053687660245037563 -0.010711272387763036 0.051169171550889382 -0.0022250967273709783 -0.00010102094958625017 -0.00025977690608347531 0.017997773053952896 0.042645289690583572 0.027231937128701426 0.0092847338947306141 15.684999942779543 -0.0048868884818967775 -0.0073194328445433934 -0.0056137929721391524 0.016837504339256463 0.010024456525702408 0.0012357872537372974 0.0029094818078184708 0.025155883078146649 0.011634039633228179
decision_type=2 2 2 2 2 2 2 2 2 2 2 2 2 2 2 2 2 2 2 2 2 2 2 2 2 2 2 2 2 2
left_child=3 4 -3 -1 5 -2 -7 -6 9 -9 -11 12 13 -4 15 17 -17 18 20 -20 21 22 23 -5 26 -24 27 -23 29 -29
right_child=1 2 11 14 7 6 -8 8 -10 10 -12 -13 -14 -15 -16 16 -18 -19 19 -21 -22 24 25 -25 -26 -27 -28 28 -30 -31
leaf_value=-0.00017513789250452893 6.7946926513067998e-05 0.0021294410703445502 -0.00014145328117399567 0.00028537631330241944 6.4227803236605017e-05 0.00067257062558852472 0.00011227356994907943 -0.00013249861772707288 9.450424633036072e-05 -0.00021528651775282173 0.00041838155613769959 0.00050933686856724102 0.00086945028044467824 0.00096097965584425482 -0.00010672336711368379 8.1389799506186315e-05 0.00066117572129368966 0.0005079612521762711 -0.00040079324008325588 0.00086816308813969587 -9.6749999006880941e-05 -0.00020867055491463604 0.00028993914867017525 -7.8152369293559281e-05 0.00052626044634616843 0.00017968388137993879 -0.00029939818958898973 0.00070808268274561023 -6.0634686402888232e-05 7.1646560664451143e-05
leaf_weight=2695 729 41 64 62 2730 74 153 1244 70 88 103 1258 53 52 7171 142 52 51 79 50 3317 354 44 190 52 57 505 41 284 40
leaf_count=2695 729 41 64 62 2730 74 153 1244 70 88 103 1258 53 52 7171 142 52 51 79 50 3317 354 44 190 52 57 505 41 284 40
internal_value=-0.00057107 0.00144992 0.00423024 -0.00145726 0.000663647 0.00268828 0.00777533 0.00020661 -0.00127907 -0.00165505 0.00259162 0.00386475 0.00831361 0.00491379 -0.00118125 -0.000545114 0.00762886 -0.000854469 -0.000980297 0.00585271 -0.00115851 0.000340699 0.0051983 0.00194444 -0.00100314 0.0133168 -0.00148693 7.64939e-05 0.00280822 0.0153704
internal_weight=21845 6659 1468 15186 5191 956 227 4235 1505 1435 191 1427 169 116 12491 5320 194 5126 5075 129 4946 1629 353 252 1276 101 1224 719 365 81
internal_count=21845 6659 1468 15186 5191 956 227 4235 1505 1435 191 1427 169 116 12491 5320 194 5126 5075 129 4946 1629 353 252 1276 101 1224 719 365 81
is_linear=0
shrinkage=0.05


Tree=20
num_leaves=31
num_cat=0
split_feature=4 5 4 12 16 4 15 12 14 12 13 9 9 13 13 13 13 14 11 13 16 16 11 9 16 5 11 3 9 11
split_gain=14.5461 5.10749 2.77244 2.6012 2.25283 2.13956 2.12654 3.85351 7.46912 9.29288 2.35639 1.90461 1.61864 1.51998 1.48638 3.97704 1.47968 1.57912 1.46783 1.93529 1.73943 2.30073 1.69561 5.83001 5.42747 5.13903 1.86468 2.95823 1.73654 2.03834
threshold=0.021466562587182852 0.020354865512129908 0.070088052681743937 -0.05023266322533259 -0.020146070425507697 0.01641612284031875 0.0074541937545147272 0.040552119316072284 0.005094684764536229 0.048426853318079395 12.119999885559084 0.035542642792901098 0.37383077950743443 31.844999313354496 22.429999351501468 25.319999694824222 22.625000000000004 0.13936216153879713 -0.029337465505850421 18.675000190734867 -0.01722601376630328 -0.028125627946072925 0.025734816417073651 0.27281879333120646 -0.01722601376630328 0.013113706552605164 0.029572012228067938 -0.0018500247795622535 0.31331332208352874 0.017946069561085468
decision_type=2 2 2 2 2 2 2 2 2 2 2 10 10 2 2 2 2 2 2 2 2 2 2 8 2 2 2 2 8 2
left_child=5 4 16 -4 14 6 10 -8 -9 11 -1 -10 13 -6 -2 -16 17 -3 19 -7 21 -21 28 24 -24 -25 27 -26 29 -20
right_child=1 2 3 -5 12 18 7 8 9 -11 -12 -13 -14 -15 15 -17 -18 -19 22 20 -22 -23 23 25 26 -27 -28 -29 -30 -31
leaf_value=0.00083215064428323856 9.6443405023686327e-05 0.00047941050716507523 0.0018079066482989644 0.00066863334972317497 -2.4557855980429108e-05 0.0001431435448503666 -0.0001096321848194278 -0.00012130947632156266 0.00042025349789245154 -0.00025148812292715567 -0.00017204425153145842 0.00061744715754158159 0.00059518949321107949 9.1163633659974597e-05 0.00040461459631818653 7.1376965658913173e-05 -4.9520687725033023e-05 0.0011810400672430006 -3.6121795468713687e-05 1.9386679780234538e-05 -0.00011505266743948593 0.00066002027995530057 0.00022850240977664128 0.0001364194608752065 0.00068573190134816144 0.00058372760325850991 -0.00026074214145286402 -0.0001261980746410453 -0.00014400509876118226 -0.00027483571869369898
leaf_weight=77 689 1498 42 45 3475 49 1004 175 40 47 4858 41 62 59 68 132 312 52 5072 82 217 43 73 127 51 40 606 84 2147 577
leaf_count=77 689 1498 42 45 3475 49 1004 175 40 47 4858 41 62 59 68 132 312 52 5072 82 217 43 73 127 51 40 606 84 2147 577
internal_value=-0.000616646 0.00138017 0.00351719 0.0122414 0.000451504 -0.00145036 -0.00216437 -0.00037108 0.00457096 0.01375 -0.00263931 0.0240123 -0.000105674 -0.000246181 0.00270529 0.0065 0.00310956 0.00374193 -0.000964225 0.00203325 0.000701753 0.0054 -0.00109776 0.000861365 -0.000884522 0.00937126 -0.00216599 0.00314815 -0.00134428 -0.000884228
internal_weight=21844 6434 1949 87 4485 15410 6242 1307 303 128 4935 81 3596 3534 889 200 1862 1550 9168 391 342 125 8777 981 814 167 741 135 7796 5649
internal_count=21844 6434 1949 87 4485 15410 6242 1307 303 128 4935 81 3596 3534 889 200 1862 1550 9168 391 342 125 8777 981 814 167 741 135 7796 5649
is_linear=0
shrinkage=0.05


Tree=21
num_leaves=31
num_cat=0
split_feature=4 4 6 6 16 13 12 10 3 14 16 3 14 14 13 10 12 12 8 13 12 16 16 15 15 7 2 0 15 1
split_gain=13.649 3.8279 3.54443 2.3961 2.36954 3.23703 1.93537 1.51489 1.64075 1.5073 7.7781 1.81866 1.55145 4.23664 6.59087 2.95551 2.75394 2.49437 4.03872 1.66871 6.3493 1.52683 3.94891 1.59616 3.57238 1.49506 1.4632 1.44815 1.42362 1.3629
threshold=0.022238066583651083 0.036545290976373372 0.61768356050399642 2.5573979079918563 -0.056920326002612258 22.429999351501468 -0.080083523859072289 0.0067105018630921895 0.024064522187052243 -0.13532199000438486 0.019344740143780185 0.007241760260988662 0.0037598780805861991 0.0053913947730825926 13.605000019073488 0.0098863943320696163 -0.051373886546093366 0.092854757865130991 0.0066422931529300797 12.119999885559084 0.054230136510325939 -0.031559920993046879 -0.034415026574221456 0.013307424002325654 0.013980157591128696 -0.057263492189316638 0.1172246242368269 0.040124615155746286 -0.023562262162224675 0.0088921835104190956
decision_type=2 2 2 2 2 2 2 2 2 2 2 2 2 2 2 2 2 2 10 2 2 2 2 2 2 2 2 2 2 2
left_child=2 4 9 6 5 -2 -3 -8 -9 10 11 -1 19 14 -14 16 29 21 -19 20 -11 22 -18 28 -25 -4 -27 -6 -23 -15
right_child=1 3 25 -5 27 -7 7 8 -10 12 -12 -13 13 15 -16 -17 17 18 -20 -21 -22 23 -24 24 -26 26 -28 -29 -30 -31
leaf_value=-0.00030183985063983302 -0.00015866965334363045 0.0025622034480592172 0.00013063517111223827 0.00099408712489957424 2.7100536445965426e-05 0.00035514246840339124 0.00053560737162638636 -0.00017433344464420919 0.00049963123293690354 -0.00036622254842017129 0.00043468092973980474 0.00027929076241444166 0.00052402501985921227 0.00038330587770302844 -0.000103690779510954 0.00037249638849425716 -0.00014069867043183009 0.000534474832560392 -0.00013155617734072231 -0.00014472166173382106 0.00089614140509883624 0.00016299025796499199 0.00050298840411549855 0.00044977378375942909 -3.4933806774688897e-05 -1.1625673980973448e-05 0.00030888777580216848 0.0010682715368832566 -0.00012774799748373647 4.4503719064599454e-07
leaf_weight=152 43 42 74 41 4015 68 1064 281 47 91 47 41 78 62 113 62 200 41 50 6888 40 42 61 42 175 3582 70 93 4165 62
leaf_count=152 43 42 74 41 4015 68 1064 281 47 91 47 41 78 62 113 62 200 41 50 6888 40 42 61 42 175 3582 70 93 4165 62
internal_value=-0.000483695 0.001621 -0.0012263 0.00381356 0.000854467 0.00806306 0.0034728 0.00315373 0.000182926 -0.00163229 0.00229167 -0.00215026 -0.00170966 -0.00105085 0.00625654 -0.00133213 -0.00146939 -0.00166039 0.00653846 -0.00219333 0.00339695 -0.00181964 0.00189655 -0.00203888 0.00214286 0.000126139 -1.64305e-05 0.000659687 -0.00225458 0.0058871
internal_weight=21832 5694 16138 1475 4219 111 1434 1392 328 12412 240 193 12172 5153 191 4962 4900 4776 91 7019 131 4685 261 4424 217 3726 3652 4108 4207 124
internal_count=21832 5694 16138 1475 4219 111 1434 1392 328 12412 240 193 12172 5153 191 4962 4900 4776 91 7019 131 4685 261 4424 217 3726 3652 4108 4207 124
is_linear=0
shrinkage=0.05


Tree=22
num_leaves=31
num_cat=0
split_feature=4 4 16 15 10 14 16 4 10 10 16 10 0 13 12 13 16 9 15 10 16 13 11 11 15 13 13 0 13 8
split_gain=11.1504 4.23466 2.61002 3.62138 3.71728 8.53841 4.8618 2.10491 1.9939 1.92484 1.96705 1.8698 3.13771 2.269 1.81319 1.69372 3.43348 1.83489 1.63447 2.16287 1.57971 1.5467 1.59492 1.92847 1.59183 2.28876 1.95111 1.99383 1.74107 1.54939
threshold=0.020377069838546358 0.03340808747301531 -0.027191314272929642 -0.0077433345325178529 -0.001746991736331027 0.014555585659076444 -0.028125627946072925 0.016127981042556614 0.015605167538648159 -0.013932246020769588 0.042645289690583572 -0.013327773622425541 -0.0074579437893711456 19.105000495910648 -0.075828254732232245 18.974999427795414 0.035833868986294155 0.16452654000917402 0.0049065701803452386 0.00034887818574524948 0.0058026218147626549 23.694999694824222 -0.017068833431084392 -0.024572906939621272 -0.0058610859069575518 20.714999198913578 17.050000190734867 -0.018510636536119781 14.920000076293947 -0.082656676586926089
decision_type=2 2 2 2 2 2 2 2 2 2 2 2 2 2 2 2 2 10 2 2 2 2 2 2 2 2 2 2 2 10
left_child=7 2 3 4 6 -6 -2 8 -1 10 -9 12 -4 15 -3 17 -17 -13 -19 -20 -14 22 23 -16 26 -26 27 -24 -29 -25
right_child=1 14 11 -5 5 -7 -8 9 -10 -11 -12 13 20 -15 21 16 -18 18 19 -21 -22 -23 24 29 25 -27 -28 28 -30 -31
leaf_value=-0.00014682099891252584 -1.5881113450163519e-05 0.0017415893135143475 -8.6970082282733594e-05 -1.5118392687817469e-05 0.00011130192215762311 0.00061959096615905711 0.00058292021992672842 3.1141106645675701e-05 0.00028952327240633948 -7.2963553683140202e-05 0.00039987669567605996 -3.0031387422254049e-05 5.6933435851519649e-05 -0.00012123994918328045 0.00032094316134628851 0.00064992679106850334 -0.0002887882445028823 6.1014361195787691e-05 0.00065473461064446709 0.00044653390807001045 0.0005671895707019261 -9.4969268814872521e-05 0.00015858773592244995 0.0011590057738155228 0.000178230522086994 0.0012167947120213509 0.00019178760642546742 0.0010855790384593992 0.0011608955023345517 0.0010952077066084713
leaf_weight=5528 243 65 176 359 105 45 40 374 73 7901 43 2845 98 1548 76 72 50 265 41 126 96 225 72 40 998 58 148 60 52 42
leaf_count=5528 243 65 176 359 105 45 40 374 73 7901 43 2845 98 1548 76 72 50 265 41 126 96 225 72 40 998 58 148 60 52 42
internal_value=-0.000648099 0.000846443 0.000213618 0.00289141 0.00596998 0.0123333 0.00259717 -0.00150119 -0.00225049 -0.000996635 0.00231415 -0.000185256 0.00324324 -0.000441683 0.00295207 0.000280964 0.00606557 6.56076e-05 0.00310185 0.00697605 0.00762886 0.00265104 0.00321475 0.00797468 0.00267291 0.00172348 0.00569277 0.00913043 0.0133036 0.0132927
internal_weight=21864 7945 6109 792 433 150 283 13919 5601 8318 417 5317 370 4947 1836 3399 122 3277 432 167 194 1771 1546 158 1388 1056 332 184 112 82
internal_count=21864 7945 6109 792 433 150 283 13919 5601 8318 417 5317 370 4947 1836 3399 122 3277 432 167 194 1771 1546 158 1388 1056 332 184 112 82
is_linear=0
shrinkage=0.05


Tree=23
num_leaves=31
num_cat=0
split_feature=4 5 6 16 15 11 15 6 6 6 11 11 9 14 12 11 11 12 10 9 11 15 15 5 11 14 12 12 11 15
split_gain=11.5704 3.4419 2.99024 2.25443 2.69258 2.57197 2.40578 1.87147 1.82467 1.77142 1.70895 6.14478 5.97972 2.42457 6.10003 2.22147 5.76247 9.92674 13.0773 2.53264 5.86742 2.22456 5.26657 2.19478 1.77038 1.73953 2.14681 4.26229 1.78945 3.12122
threshold=0.021466562587182852 0.025724245364013628 0.61768356050399642 -0.027191314272929642 -0.0085851799619650598 -0.026323621770933166 -0.016376787897799724 -0.3006471001789518 -0.4749860045945154 -0.1836565892858126 -0.01262108781240978 -0.01368273436962064 0.071351322668986264 -0.13532199000438486 0.00075809453830288931 0.015980526956462796 0.016536757711404618 0.040552119316072284 0.0044649128256998303 0.30125858992127624 0.026101750474282651 0.0095885528141878024 0.011343408620848041 0.011932988607590426 0.013034559844421813 -0.015974596701323503 -0.028469952569234454 -0.032606215925707109 0.0028224343190543792 -0.010418914199785244
decision_type=2 2 2 2 2 2 2 2 2 2 2 2 8 2 2 2 2 2 2 8 2 2 2 2 2 2 2 2 2 2
left_child=2 3 10 4 6 -6 -2 -3 -8 -5 11 -1 -13 14 -12 24 17 -17 -19 21 -21 -18 -23 -22 25 -15 27 -27 -28 -30
right_child=1 7 -4 9 5 -7 8 -9 -10 -11 13 12 -14 15 -16 16 19 18 -20 20 23 22 -24 -25 -26 26 28 -29 29 -31
leaf_value=-5.0220295320690567e-05 0.00013029913211266877 0.00027457795909994136 -1.4258792893149234e-06 -3.8844265897743774e-05 0.00064502682112273441 -7.7993230994065547e-05 0.00053049786919843567 0.00081544227917686662 0.00030191930818390076 9.9690828656705905e-05 0.00033729254241716538 0.0005687561911215626 7.0864749654823845e-05 -0.00018933188870918658 -0.00042570322278116275 -0.00028220964577098417 -0.0002333110496163188 -0.0005489928644467196 0.00086638977960891515 -5.8772595109718624e-05 9.0583165079683521e-05 0.00064835473224554227 -7.2003952634802052e-05 0.00060541809692528381 -0.00028260607266784491 -0.0001810607983843656 -0.00014453050249465515 0.0002876478452871102 0.00031967154935240146 -6.8260060171090211e-05
leaf_weight=1638 148 482 3510 2489 47 285 47 535 171 2233 77 45 82 2499 105 95 1512 40 68 386 71 45 317 43 805 99 1994 76 201 1640
leaf_count=1638 148 482 3510 2489 47 285 47 535 171 2233 77 45 82 2499 105 95 1512 40 68 386 71 45 317 43 805 99 1994 76 201 1640
internal_value=-0.000549691 0.00122961 -0.00129594 0.000728781 0.00338109 0.000120481 0.0063388 0.00389872 0.0096789 0.000336721 -0.00167596 -0.000240794 0.0103543 -0.00192743 0.00379121 -0.00203266 -0.000770277 0.00731527 0.0176852 -0.00146167 0.0017 -0.00230523 0.00121547 0.0116667 -0.00247744 -0.00220387 -0.0015586 0.00385714 -0.00180574 -0.000681696
internal_weight=21785 6437 15348 5420 698 332 366 1017 218 4722 11838 1765 127 10073 182 9891 2577 203 108 2374 500 1874 362 114 7314 6509 4010 175 3835 1841
internal_count=21785 6437 15348 5420 698 332 366 1017 218 4722 11838 1765 127 10073 182 9891 2577 203 108 2374 500 1874 362 114 7314 6509 4010 175 3835 1841
is_linear=0
shrinkage=0.05


Tree=24
num_leaves=31
num_cat=0
split_feature=5 5 6 16 13 13 5 10 14 15 10 5 6 6 14 15 14 7 15 6 14 11 15 15 11 7 10 10 13 10
split_gain=10.353 3.96679 2.73452 2.57706 2.46312 7.20875 2.4386 1.99421 4.02998 5.75 1.96511 1.57792 1.55135 1.51154 1.47885 2.60888 1.4194 1.24794 1.18988 1.6538 1.64194 1.07303 1.15242 2.76796 1.84061 3.19152 4.00835 1.49933 3.86015 1.06478
threshold=0.01999144991626604 0.011599881658385285 -0.252534477590663 -0.020146070425507697 22.429999351501468 25.319999694824222 0.029874274768867445 -0.004502832663512756 0.040951993391927573 -0.010761689004817164 -0.0037293651666452927 0.013960925157143421 0.73591335142813208 0.20285697232221192 0.0017102699334086149 0.0033182918776138996 -0.042370343814534299 0.031967785001031042 -0.0027104837766478425 -0.82024811220823501 0.047546513885702975 -0.033420149013226534 0.0074541937545147272 0.0075832736686030086 0.020527349767636042 0.0085078210184486042 0.0080340487242571718 -0.0060493286934151782 16.125000000000004 0.0053455325599094392
decision_type=2 2 2 2 2 2 2 2 2 2 2 2 2 2 2 2 2 2 2 2 2 2 2 2 2 2 2 2 2 2
left_child=1 13 18 4 7 11 14 -3 10 -10 -9 -6 29 21 17 -16 -8 -4 19 -2 -20 -1 -23 -24 27 26 -26 28 -25 -5
right_child=2 3 6 12 5 -7 16 8 9 -11 -12 -13 -14 -15 15 -17 -18 -19 20 -21 -22 22 23 24 25 -27 -28 -29 -30 -31
leaf_value=7.2815344059278003e-05 0.00052282193107841578 -0.00012047270060067057 -0.00012102368200015149 -2.6142388145998573e-05 0.00063263758937768633 5.3265309771082413e-06 0.00023042664607799448 0.0002990470720632501 0.00094444088788828368 -7.4260502262381354e-05 3.0360911581888002e-06 0.00032056140180706746 6.055023959271628e-05 -4.2809184081022591e-05 0.0002062808902019229 0.0013249926583046704 0.0011997679273028472 0.00087087880095847365 -9.4102252509343988e-05 7.9855236597129137e-05 0.00066404936422558274 -0.00014033283144746536 0.00025545826592812047 0.00044873244533363593 5.2454719241754299e-05 -0.00011557941398192059 0.000355652835233382 -0.00014713521998790472 -0.00013841112584671726 -8.7885507170787738e-05
leaf_weight=79 138 283 241 3908 55 200 70 53 46 46 741 50 1387 3899 239 96 185 180 603 191 96 5821 41 41 70 164 45 990 90 1795
leaf_count=79 138 283 241 3908 55 200 70 53 46 46 741 50 1387 3899 239 96 185 180 603 191 96 5821 41 41 70 164 45 990 90 1795
internal_value=-0.000545485 -0.00089477 0.00284698 -8.40741e-05 0.00181818 0.00581967 0.00469337 0.000774165 0.00194131 0.0118478 0.00079345 0.0164286 -0.00047955 -0.00151246 0.00326719 0.00574627 0.00892157 0.00129454 0.00103113 0.00351064 -0.00013591 -0.00193502 -0.00199807 -0.000732132 -0.00110714 0.00252688 0.00891304 -0.0020116 0.00301527 -0.000844294
internal_weight=21843 19804 2039 8564 1474 305 1011 1169 886 92 794 105 7090 11240 756 335 255 421 1028 329 699 7341 7262 1441 1400 279 115 1121 131 5703
internal_count=21843 19804 2039 8564 1474 305 1011 1169 886 92 794 105 7090 11240 756 335 255 421 1028 329 699 7341 7262 1441 1400 279 115 1121 131 5703
is_linear=0
shrinkage=0.05


Tree=25
num_leaves=31
num_cat=0
split_feature=5 16 13 12 13 1 6 10 15 6 3 16 15 10 10 0 15 10 10 14 14 15 16 8 13 14 13 15 12 10
split_gain=9.47603 3.27391 5.5976 5.65637 5.46527 2.67595 2.6558 2.64628 4.73018 2.49928 2.35273 2.31012 2.27267 3.46359 4.99228 3.29496 3.22122 2.20321 4.99926 7.6137 2.36556 2.17505 2.35639 1.99141 1.96992 2.64722 3.86623 6.61901 4.67317 4.289
threshold=0.01999144991626604 -0.022870319379798273 22.429999351501468 0.082959712719514869 25.319999694824222 -0.036608342608541393 -0.16730962369483651 -0.013327773622425541 0.0023307014818950704 -0.45272300870947518 -0.00086200704417216379 0.01335446088750414 0.0074541937545147272 0.015605167538648159 0.018838458170826636 0.011955919634277225 0.0075178081953565243 0.00038115432096208496 -0.001095493805140457 0.028010740507291913 -0.029587498132827402 0.012380953082820502 -0.013779281433601407 0.050637958164715287 19.055000305175785 -0.01759756320211869 15.295000076293947 0.010633547695277914 0.037030604996718515 -0.0057060977224409606
decision_type=2 2 2 2 2 2 2 2 2 2 2 2 2 2 2 2 2 2 2 2 2 2 2 10 2 2 2 2 2 2
left_child=1 2 3 17 9 21 -2 8 -7 -4 -11 -10 -9 16 15 -15 -14 18 20 -20 -1 22 -3 -22 25 -18 27 28 -27 -29
right_child=6 5 4 -5 -6 7 -8 12 11 10 -12 -13 13 14 -16 -17 24 -19 19 -21 23 -23 -24 -25 -26 26 -28 29 -30 -31
leaf_value=0.00023716488107593413 0.00015933233439206922 0.00013779986121395592 0.00031982503360637195 0.0004159155420901971 4.2252186352862803e-05 -3.0559139966607264e-05 0.00053384047974757039 -0.00011139627853368043 4.9411559796814472e-05 2.0888156060263877e-05 0.0006129230327489196 0.00035198180726472768 0.00032658669985496995 0.0003817855576435915 -2.6346850023261761e-05 0.00010121125625709717 -0.00010927410945322461 -0.00014494100712420923 0.00011733857234172963 0.00086568549080309255 -7.5039337566784947e-05 0.00044806825149218757 -9.8881864590488671e-05 0.00023372613702323953 -0.00016738134155669729 0.00064708088876401016 -6.6702701661622182e-05 0.00051959282537993447 0.00045076898897138877 -4.9057198011616891e-05
leaf_weight=49 1104 166 40 52 239 685 956 11592 97 41 52 116 71 60 146 67 1433 1001 148 50 1069 44 257 69 914 66 750 71 75 370
leaf_count=49 1104 166 40 52 239 685 956 11592 97 41 52 116 71 60 146 67 1433 1001 148 50 1069 44 257 69 914 66 750 71 75 370
internal_value=-0.000533182 -0.000869127 0.000711743 -0.000159968 0.00642473 -0.00113074 0.00269417 -0.0012363 0.00140312 0.0145489 0.0100538 0.0079108 -0.00138809 -0.000364157 0.00507326 0.0123228 -0.000760001 -0.000515508 0.000776172 0.00813131 -0.000450717 0.00260171 0.00150118 -0.000913885 -0.000963578 -0.000298374 0.00130631 0.00436426 0.0137943 0.00134921
internal_weight=21850 19790 2810 2438 372 16980 2060 16513 898 133 93 213 15615 4023 273 127 3750 2386 1385 198 1187 467 423 1138 3679 2765 1332 582 141 441
internal_count=21850 19790 2810 2438 372 16980 2060 16513 898 133 93 213 15615 4023 273 127 3750 2386 1385 198 1187 467 423 1138 3679 2765 1332 582 141 441
is_linear=0
shrinkage=0.05


Tree=26
num_leaves=31
num_cat=0
split_feature=4 6 11 11 6 5 9 4 16 10 10 10 4 14 16 11 11 9 11 11 3 9 11 3 2 10 16 10 13 11
split_gain=10.8488 5.04527 3.04333 4.32219 2.42304 2.7179 2.34569 2.15461 2.11762 1.72719 1.57653 1.57467 1.44368 1.36698 5.37203 1.44422 4.76779 3.1928 1.55294 3.9916 15.0479 2.30328 4.25576 2.0532 1.60195 1.48543 2.75335 1.80373 1.34017 1.3368
threshold=0.03340808747301531 0.20285697232221192 0.045591132552592513 0.048369816433799014 -0.3006471001789518 0.029874274768867445 0.19919019095512538 0.021043764097485856 0.012017378930722968 0.00038115432096208496 -0.0055859659212495463 -0.0052693175336530054 0.017682942978117532 -0.13532199000438486 0.0097392109317250303 -0.01262108781240978 -0.01368273436962064 0.076634007374878479 0.015980526956462796 0.016536757711404618 0.0021721294931819073 0.30125858992127624 0.025734816417073651 0.0037315833648640111 0.012731185976488814 0.0080340487242571718 0.02117327203975328 0.0081956956278671517 14.00500011444092 0.014880689278647387
decision_type=2 2 2 2 2 2 10 2 2 2 2 2 2 2 2 2 2 8 2 2 2 8 2 2 2 2 2 2 2 2
left_child=1 7 6 -4 -2 -6 12 13 -7 10 -9 -12 -3 14 -1 16 -15 -18 -17 20 -20 25 23 -23 -24 -21 27 -27 -8 -13
right_child=4 2 3 -5 5 8 28 9 -10 -11 11 29 -14 15 -16 18 17 -19 19 21 -22 22 24 -25 -26 26 -28 -29 -30 -31
leaf_value=-0.00050815700313078043 0.00018214449942392623 -4.3451647666972409e-05 0.00064541274877101085 -0.0002595897556110567 0.00037778207326654941 0.0011596925635422607 0.00067698146959140038 -2.6141581844069228e-05 0.00029788453038089805 -7.3645220645967267e-05 0.00058076443998312816 0.00014327979468019888 3.019805069900025e-05 -3.9498510594074129e-05 0.00030561370869474546 -0.00013186565478138452 0.00020368734106509116 7.7917688947292492e-05 -0.00022787511053785599 -0.00023461361429336831 0.00059868227113651917 -0.00022199066200470012 0.00010994218078847374 0.00021727933320371626 0.00051666844499409503 0.00012117080657568464 0.00035505760165277316 -0.00018626704304603603 0.00010285987012838488 -0.00024603989666985483
leaf_weight=101 829 2849 63 59 721 187 78 649 90 1925 45 595 3615 1292 77 6095 43 50 139 1243 46 258 56 56 47 44 70 237 162 117
leaf_count=101 829 2849 63 59 721 187 78 649 90 1925 45 595 3615 1292 77 6095 43 50 139 1243 46 258 56 56 47 44 70 237 162 117
internal_value=-0.000478067 -0.000814803 0.000288601 0.00811475 0.00321018 0.00486974 0.00014618 -0.00138605 0.00907942 -0.000286702 0.00104552 0.00259577 -3.40358e-05 -0.00175766 0.00258427 -0.00183754 -0.000342961 0.0105914 -0.0020872 -0.000947178 0.00608108 -0.00159374 0.00171463 -0.00117835 0.010534 -0.00245922 0.000413104 -0.00179715 0.005 0.00202247
internal_weight=21838 20011 6826 122 1827 998 6704 13185 277 3331 1406 757 6464 9854 178 9676 1385 93 8291 2196 185 2011 417 314 103 1594 351 281 240 712
internal_count=21838 20011 6826 122 1827 998 6704 13185 277 3331 1406 757 6464 9854 178 9676 1385 93 8291 2196 185 2011 417 314 103 1594 351 281 240 712
is_linear=0
shrinkage=0.05


Tree=27
num_leaves=31
num_cat=0
split_feature=4 9 11 6 13 1 11 15 10 13 10 5 3 13 0 1 6 9 3 3 3 5 5 6 11 14 14 13 12 9
split_gain=9.76008 2.6625 2.79526 2.53423 2.44411 2.25632 2.24064 1.8997 3.51517 2.217 2.12541 1.87458 1.99595 1.66556 1.60514 1.56531 1.46452 1.43109 1.56643 1.31722 1.65481 1.28583 1.19335 1.17534 1.16238 1.13035 2.11035 2.40971 1.28895 1.15795
threshold=0.022238066583651083 0.54430134934203622 -0.016340293761251231 0.20285697232221192 17.369999885559086 -0.099446697111486057 0.045591132552592513 -0.0082332335083019608 -0.0018713980649029403 16.469999313354496 0.00048358737476139618 0.020354865512129908 0.0032581904381653319 16.644999504089359 -0.0028004258987011084 0.0029019554898482851 0.16727240693393852 0.11368928809255098 -0.0048166338440847048 0.00073112798441465909 0.0097816191089142874 0.013682087305882768 0.04145080043145967 3.2140280950228788 0.0015109645581827815 0.023814289245349455 0.031770832380203846 14.870000362396242 0.088558977923196683 0.22319982478116032
decision_type=2 10 2 2 2 2 2 2 2 2 2 2 2 2 2 2 2 10 2 2 2 2 2 2 2 2 2 2 2 10
left_child=3 2 5 -1 7 -2 25 8 24 16 -10 13 -13 -11 -12 -8 -9 21 -19 -3 -21 -7 23 -6 -4 29 27 -27 -28 -5
right_child=1 19 4 6 22 17 15 9 10 11 14 12 -14 -15 -16 -17 -18 18 -20 20 -22 -23 -24 -25 -26 26 28 -29 -30 -31
leaf_value=-8.7914044829323968e-05 0.0015067100170808505 0.00085108231707443742 0.00028261261619414948 -5.2135336802991476e-05 -7.7417179800879881e-05 0.00022776285246467302 0.00026522152912488681 -8.4636389289480203e-05 0.0016866276990837468 0.00055241354821888497 0.0001250609102492146 0.0011222362603590709 0.00031506124006064915 -3.8269769021313115e-06 0.00028975114365726277 0.00020278936983383531 0.00033717500916744615 0.00064157955940318792 0.00037642090602318956 -0.00011316573524527935 0.00087470664480558029 0.00010847212456609301 0.00062363913885062159 0.00069285464874170436 -0.00021934455615161389 0.00023566461893646213 -1.8039654143531092e-05 4.9295355073028307e-05 0.00063817847366663899 0.00015411484969759615
leaf_weight=10619 74 84 53 3562 2141 78 40 1014 47 41 125 78 81 216 50 41 496 42 136 70 48 616 44 58 110 63 1493 205 40 46
leaf_count=10619 74 84 53 3562 2141 78 40 1014 47 41 125 78 81 216 50 41 496 42 136 70 48 616 44 58 110 63 1493 205 40 46
internal_value=-0.000534365 0.00124342 0.00103636 -0.00116364 0.000522616 0.00350951 -0.00029144 0.00166378 0.00487013 0.00102284 0.00896396 0.00425481 0.00852201 0.00161478 0.00642857 0.00796296 0.000132449 0.00279816 0.00679775 0.00688119 0.00347458 0.00177233 -0.000653144 -0.000816281 -0.000705523 -0.00041505 0.000607994 0.00470149 -0.000107633 -0.000925722
internal_weight=21811 5702 5500 16109 4554 946 5490 2311 385 1926 222 416 159 257 175 81 1510 872 178 202 118 694 2243 2199 163 5409 1801 268 1533 3608
internal_count=21811 5702 5500 16109 4554 946 5490 2311 385 1926 222 416 159 257 175 81 1510 872 178 202 118 694 2243 2199 163 5409 1801 268 1533 3608
is_linear=0
shrinkage=0.05


Tree=28
num_leaves=31
num_cat=0
split_feature=4 1 6 7 4 16 13 15 10 4 15 13 13 13 12 13 16 11 11 13 6 10 3 13 4 10 10 10 16 15
split_gain=6.83865 2.42563 2.26246 1.73417 2.11182 1.85887 1.70223 1.682 1.65487 1.59244 1.518 1.13855 2.73009 1.52501 1.65856 4.36364 1.50949 1.32666 1.2393 1.4738 1.22146 1.69186 1.6249 1.16852 2.76962 1.11269 2.04129 3.56698 1.09326 2.86052
threshold=0.021043764097485856 -0.076856456266828008 -0.11076263726595781 0.069607221431382663 0.051169171550889382 0.028177163036115286 25.505000114440922 0.015992223043885038 -0.0029742102449409331 0.014768812757182916 0.0044371742904060216 14.194999694824221 16.875000000000004 17.615000724792484 0.088558977923196683 18.595000267028812 0.034076731407139634 -0.01262108781240978 -0.015853203269672541 21.555000305175785 0.93956578338100349 0.015605167538648159 0.0026588729691227058 16.32499980926514 0.017026666923606253 0.010824096152379449 0.0098863943320696163 0.010151750455751786 -0.027191314272929642 -0.0085851799619650598
decision_type=2 2 2 2 2 2 2 2 2 2 2 2 2 2 2 2 2 2 2 2 2 2 2 2 2 2 2 2 2 2
left_child=2 6 25 5 7 28 -2 -5 10 -4 -7 -11 20 -14 16 -16 17 18 -15 -20 21 22 -13 -22 -25 26 -1 -28 29 -3
right_child=1 3 9 4 -6 8 -8 -9 -10 11 -12 12 13 14 15 -17 -18 -19 19 -21 23 -23 -24 24 -26 -27 27 -29 -30 -31
leaf_value=-9.1622736602891094e-05 0.00043728012061916143 0.00026199622830057041 -0.00011663474556076732 0.00018976935785913583 0.001171959688498006 -5.4150368505621351e-05 0.0013465816667904231 0.00060293152133515107 -0.00019680331756322133 -7.2091016007020333e-05 0.00044624425554875267 9.0986287479594911e-05 -0.00017380026370769752 -5.7339229508533856e-06 -0.00027206572853559664 0.00052968084500112358 0.00028800411461390703 -0.00011820935655891871 0.00029829180882217033 -1.275758444453919e-06 0.00011061040754733246 0.00030565857064652059 -0.00010067222863221955 -3.466383437535636e-05 0.00045541700145477543 -0.00021425585303124081 0.00031374948801871398 -4.0358789208237955e-05 2.3688693040911031e-05 -4.7900447049439133e-05
leaf_weight=7264 275 387 1214 516 54 84 48 50 644 1385 61 766 541 695 50 60 113 886 55 40 501 41 341 62 76 567 50 175 4552 362
leaf_count=7264 275 387 1214 516 54 84 48 50 644 1385 61 766 541 695 50 60 113 886 55 40 501 41 341 62 76 567 50 175 4552 362
internal_value=-0.000455169 0.000829659 -0.00106236 0.00062593 0.00314516 0.000369457 0.00506192 0.00224382 -0.0018948 -0.000392618 0.00293103 -3.7421e-05 0.000370238 -0.000717214 -5.00275e-05 0.00590909 -0.000416435 -0.000793557 0.000696201 0.00605263 0.00185506 0.00087979 0.000510387 0.0036072 0.00768116 -0.00162984 -0.00146815 0.00322222 0.000706469 0.00247663
internal_weight=21915 7033 14882 6710 620 6090 323 566 789 6826 145 5612 4227 2440 1899 110 1789 1676 790 95 1787 1148 1107 639 138 8056 7489 225 5301 749
internal_count=21915 7033 14882 6710 620 6090 323 566 789 6826 145 5612 4227 2440 1899 110 1789 1676 790 95 1787 1148 1107 639 138 8056 7489 225 5301 749
is_linear=0
shrinkage=0.05


Tree=29
num_leaves=31
num_cat=0
split_feature=4 13 5 4 7 13 13 2 9 11 9 5 7 14 14 13 7 9 5 13 16 13 13 15 14 11 9 13 15 16
split_gain=6.68364 2.7771 2.47246 2.05985 1.76108 1.65756 1.81055 4.37144 1.52562 3.23468 6.60099 3.66705 1.89537 1.66878 3.31419 4.76519 2.59766 1.73698 1.70286 1.6693 5.08925 1.64038 2.07034 3.46695 3.72468 3.09375 1.89243 2.50096 2.48488 2.39024
threshold=0.021954407628145076 46.145000457763679 0.025724245364013628 0.014716459511778711 -0.063528103261715027 12.84500026702881 12.119999885559084 0.014481582299794795 0.092798667825992567 0.025734816417073651 0.27281879333120646 0.013394032421419589 0.0039902944910047431 0.024414321868059811 0.035115678917499234 14.715000152587892 0.0042742194138438725 0.20977203497396682 0.012365960378609672 20.154999732971195 -0.020790926260876249 14.340000152587892 13.305000305175783 -0.0049768901466530893 0.0080830591469587282 0.01613839302739695 -0.038236851264747289 14.765000343322756 -0.0053687660245037563 0.00090960997569233825
decision_type=2 2 2 2 2 2 2 2 8 2 8 2 2 2 2 2 2 10 2 2 2 2 2 2 2 2 10 2 2 2
left_child=3 2 -2 -1 -5 6 7 -6 21 13 12 -12 -11 17 15 16 -15 -10 -19 -16 -21 22 23 24 -7 -25 27 29 -29 -23
right_child=1 -3 -4 4 5 8 -8 -9 9 10 11 -13 -14 14 19 -17 -18 18 -20 20 -22 26 -24 25 -26 -27 -28 28 -30 -31
leaf_value=-0.00012785729610177685 1.0442498101704742e-05 0.00068179714363365439 0.00041740456228553044 0.00012522037689563145 -0.00027205192842341566 0.00046160701495172085 -0.00025679457509964978 0.0010013663502173636 -0.00014405355504740238 0.00038435511705259631 0.00012883471388001422 0.00047731392707275628 -0.00021029224793063509 0.00028373518234939033 -0.00014073584070682386 -3.3799658527921822e-05 0.00017045375508824379 -4.7846582587472753e-05 0.00041231799366727502 0.00068071599413115232 -5.1996042406250354e-05 0.00056152729428759378 -0.00018435787298358945 -0.00020867146221086215 -5.7620190772103417e-05 0.00053700721233555413 -1.1447096451878074e-05 -0.00013468857134549153 0.0001616507447036985 1.7927980370644962e-05
leaf_weight=2756 4879 52 1005 65 73 71 823 40 3254 50 170 42 302 52 942 140 50 66 42 53 303 41 878 382 77 56 4556 189 358 41
leaf_count=2756 4879 52 1005 65 73 71 823 40 3254 50 170 42 302 52 942 140 50 66 42 53 303 41 878 382 77 56 4556 189 358 41
internal_value=-0.000627752 0.00080357 0.000701902 -0.00116306 -0.000901953 -0.000942841 -0.00297009 0.0029646 -0.000786217 -0.00140505 0.00218085 0.00915094 -0.00201705 -0.00181763 -0.000454547 0.00491735 0.0131373 -0.002442 0.0037963 -0.00145609 0.00146067 -0.000277487 -0.00175547 0.000546074 0.00716216 -0.0016895 0.000139825 0.00271065 0.00148994 0.0108537
internal_weight=21808 5936 5884 15872 13116 13051 936 113 12115 5466 564 212 352 4902 1540 242 102 3362 108 1298 356 6649 1464 586 148 438 5185 629 547 82
internal_count=21808 5936 5884 15872 13116 13051 936 113 12115 5466 564 212 352 4902 1540 242 102 3362 108 1298 356 6649 1464 586 148 438 5185 629 547 82
is_linear=0
shrinkage=0.05


Tree=30
num_leaves=31
num_cat=0
split_feature=4 4 11 13 12 16 6 5 9 1 9 6 1 9 6 8 16 16 13 13 0 13 12 12 15 2 13 13 6 11
split_gain=6.98086 2.37865 2.02223 2.37501 2.35249 3.18941 1.84738 2.14213 1.68004 2.16477 1.53113 1.4816 1.39519 1.26956 1.57562 1.45046 1.45244 1.23774 1.22766 2.52591 1.42857 2.02859 1.13952 3.63482 2.42703 3.92945 2.58188 1.0265 1.07131 1.01119
threshold=0.025480027047513561 0.015967612197708828 -0.028866681392767265 27.664999961853031 -0.039191737143437648 -0.01722601376630328 0.053030597685922026 0.029874274768867445 -0.035191635235197354 -0.021063312640856032 -0.069669099004854781 0.24054716406422169 -0.076856456266828008 0.17870463179475762 1.8373390092361352 0.055787162252736729 0.0048278019038252582 -0.015336414121764006 14.175000190734865 14.765000343322756 0.0041195039961146049 16.935000419616703 0.040552119316072284 0.040854121966551922 0.0095885528141878024 0.014993073447792772 12.119999885559084 12.84500026702881 0.20285697232221192 0.045591132552592513
decision_type=2 2 2 2 2 2 2 2 10 2 8 2 2 10 2 10 2 2 2 2 2 2 2 2 2 2 2 2 2 2
left_child=1 22 3 4 5 -3 -2 -8 -6 -10 18 -7 -12 27 15 16 -15 -9 -4 -20 -21 -22 -1 -24 26 -26 -25 -14 -29 -30
right_child=6 2 10 -5 8 11 7 17 9 -11 12 -13 13 14 -16 -17 -18 -19 19 20 21 -23 23 24 25 -27 -28 28 29 -31
leaf_value=-0.00011711489412802243 4.6620589510584083e-05 0.00049798457614268763 -5.3233702260580813e-05 -6.5491489913751521e-05 -3.7235589203340474e-05 0.0001177203550235836 0.00016377880197731887 0.0012583823553366251 0.00025124195780114133 3.3595622937352193e-05 0.00012318053393043675 -3.9018252318118925e-05 -0.00025078856484881941 -0.00016309618995844331 0.00034413424708722227 -6.9828956334916595e-05 0.00044801109231555234 0.00060167239094832648 0.00042613480088918803 -2.4271046103874419e-05 0.00032368450034009973 -1.3034300931057998e-06 0.00015142026129381334 0.00073323157264718432 0.00052919988290065368 -5.3036843839124076e-05 -0.00016003891594677317 -5.436997767028351e-05 -1.2838816270626061e-05 0.00021805552386961345
leaf_weight=4227 2310 40 286 170 216 66 1173 48 45 91 41 42 605 55 40 291 64 147 66 210 47 58 65 70 45 94 779 6767 3558 82
leaf_count=4227 2310 40 286 170 216 66 1173 48 45 91 41 42 605 55 40 291 64 147 66 210 47 58 65 70 45 94 779 6767 3558 82
internal_value=-0.000474357 -0.000877485 -0.000510126 0.00216418 0.0039 0.00918919 0.00151169 0.00296784 0.00167614 0.00602941 -0.000657355 0.00472222 -0.000792403 -0.000825337 0.00177778 0.000853657 0.0055042 0.00782051 0.00167166 0.00353018 0.00166667 0.00642857 -0.00177083 -0.000299146 -0.00105263 0.00507194 -0.00205536 -0.000931712 -0.000815318 -0.000123628
internal_weight=21798 18120 12840 670 500 148 3678 1368 352 136 12170 108 11503 11462 450 410 119 195 667 381 315 105 5280 1053 988 139 849 11012 10407 3640
internal_count=21798 18120 12840 670 500 148 3678 1368 352 136 12170 108 11503 11462 450 410 119 195 667 381 315 105 5280 1053 988 139 849 11012 10407 3640
is_linear=0
shrinkage=0.05


Tree=31
num_leaves=31
num_cat=0
split_feature=4 10 10 13 13 10 10 13 9 1 12 6 0 12 15 15 12 15 10 15 12 10 12 3 15 10 15 12 13 12
split_gain=6.42457 2.40537 6.93876 6.14479 12.3018 2.43897 2.90155 9.06288 3.98497 2.67896 2.42171 2.23162 2.06486 1.96663 3.40739 9.98338 3.24986 3.63206 4.13869 4.73979 2.96262 5.48849 2.81621 2.07856 1.85227 4.63122 3.4018 2.0716 6.6404 5.2805
threshold=0.0262829552906064 -0.00010102094958625017 -0.00025977690608347531 17.615000724792484 19.814999580383304 0.0010681409799049304 0.0014013952122059472 16.614999771118168 -0.12910162680925072 0.0084188589551552635 0.054230136510325939 3.2140280950228788 -0.0029221551840007405 0.033234533088993386 -0.014095122758495946 -0.016171307707066592 0.0037861814309102519 0.011343408620848041 0.010655373456526786 0.013980157591128696 0.033921054671782865 0.0079281372903893272 -0.023938003454768261 0.0056473971973217693 0.013307424002325654 -0.0063062560979271201 0.015054216885234785 0.026209959433217581 13.554999828338625 0.025891227529327935
decision_type=2 2 2 2 2 2 2 2 10 2 2 2 2 2 2 2 2 2 2 2 2 2 2 2 2 2 2 2 2 2
left_child=1 2 10 12 -5 -3 7 8 -7 -9 24 -2 -4 14 15 -8 17 -16 22 -20 21 -15 -19 -21 27 26 -26 28 -1 -30
right_child=11 5 3 4 -6 6 13 9 -10 -11 -12 -13 -14 20 16 -17 -18 18 19 23 -22 -23 -24 -25 25 -27 -28 -29 29 -31
leaf_value=0.0006714147447523201 0.00014830511800230871 -0.00020096406178193263 0.00015869337258495451 0.00099295080813049529 -5.0984576929106619e-05 0.00016576241098068575 -3.3816623505982911e-05 0.00034976491659954016 -0.00018201523448681093 0.0006475573356891902 -0.00022147070565738176 0.00082029873037074783 -0.00010338099441250452 0.00023708387402815857 -6.9385452331007096e-05 0.00042530961548072641 -0.00018337958946883719 0.00028655176193717705 0.00051510638119709861 -9.6086990406139426e-05 -3.5622839112270897e-05 -3.0409853457397232e-05 -0.00048275743599426532 0.00025076364111562948 0.00049318112955770341 -6.4820005769251429e-05 0.00014170072156949816 -9.592451149923637e-05 -1.0153873489335378e-05 0.0006016896504021091
leaf_weight=49 3264 1583 75 48 42 79 129 41 306 46 580 54 118 71 1649 44 3103 62 65 57 3125 118 133 47 74 269 112 1812 4718 42
leaf_count=49 3264 1583 75 48 42 79 129 41 306 46 580 54 118 71 1649 44 3103 62 65 57 3125 118 133 47 74 269 112 1812 4718 42
internal_value=-0.00044148 -0.000803088 -0.000144226 0.00754417 0.0183333 -0.00129386 -0.000977963 0.00283898 -0.000454547 0.0174138 -0.000428423 0.00158529 0.00251295 -0.00118738 -0.00178578 0.00511561 -0.00201916 -0.000454547 0.00406593 0.0097929 -0.000232349 0.00584656 -0.000897437 0.00317308 -0.000173828 0.00291209 0.00897849 -0.000385895 0.000156996 -3.15138e-05
internal_weight=21915 18597 7939 283 90 10658 9075 472 385 87 7656 3318 193 8603 5289 173 5116 2013 364 169 3314 189 195 104 7076 455 186 6621 4809 4760
internal_count=21915 18597 7939 283 90 10658 9075 472 385 87 7656 3318 193 8603 5289 173 5116 2013 364 169 3314 189 195 104 7076 455 186 6621 4809 4760
is_linear=0
shrinkage=0.05


Tree=32
num_leaves=31
num_cat=0
split_feature=4 4 11 6 10 16 15 15 6 9 6 11 15 12 11 9 9 12 11 13 8 10 10 10 10 9 7 11 9 13
split_gain=5.77191 3.17812 2.24041 1.72032 1.66329 2.0224 2.74658 1.69946 1.6403 1.59656 1.91448 1.49866 1.45687 3.00069 1.6091 1.62 1.38901 1.9081 1.70376 1.24892 1.09887 1.04255 1.3248 1.00543 4.33565 2.99138 1.38301 1.37274 4.28824 1.65811
threshold=0.030831908089132731 0.015366405468723298 -0.028866681392767265 3.0543967086600028 0.0055837889125804905 -0.027723753543463011 -0.023562262162224675 -0.015309736241797709 0.20285697232221192 0.19919019095512538 1.9412885967038862 -0.040606280288626444 0.0093608867568876226 0.044456932771925313 0.017370539138914069 0.092798667825992567 -0.080425019228973924 0.025155883078146649 0.010325592829658616 18.675000190734867 0.076731110411702899 -0.012001982718326086 -0.015449561797136633 -0.00010102094958625017 -0.00025977690608347531 0.051199853308474437 0.001931404129724035 0.032599070140324489 0.037958471621213914 15.784999847412111
decision_type=2 2 2 2 2 2 2 2 2 10 2 2 2 2 2 8 8 2 2 2 10 2 2 2 2 10 2 2 10 2
left_child=1 12 4 11 5 6 -3 -8 23 16 20 -2 -1 14 -14 -16 17 18 -10 -7 -11 22 -21 24 27 26 -26 29 -29 -4
right_child=3 2 8 -5 -6 19 7 -9 9 10 -12 -13 13 -15 15 -17 -18 -19 -20 21 -22 -23 -24 -25 25 -27 -28 28 -30 -31
leaf_value=-0.00012814165884076666 0.0012723496886851995 -0.00058349403033408674 3.3572165169061489e-05 0.00091539501081738253 0.00025484387879606363 0.00015276361611824162 0.00046492540235981413 0.00018557976282190363 0.00015221244775561209 0.00023402558080910953 0.00055893025507585629 0.00020387802555636112 -0.00014262659593399356 0.00036066397685404443 -0.00036537483988973877 0.00022409774154415424 -8.9719024307999169e-06 -0.00011374914157783012 0.0010301890305259886 -3.7440914536679839e-05 -0.00010213266396364295 -0.00012641061703154557 6.6499826130292093e-05 -6.7521208976523213e-05 0.00029691691678260793 0.00046032032938017549 -0.00026190108424433122 0.00058051076151931517 -0.00048341924673964994 -6.7757395611894801e-05
leaf_weight=3399 58 45 1166 41 46 59 42 111 72 47 50 2022 403 65 40 50 4708 104 46 140 90 302 61 6024 40 43 45 40 45 2381
leaf_count=3399 58 45 1166 41 46 59 42 111 72 47 50 2022 403 65 40 50 4708 104 46 140 90 302 61 6024 40 43 45 40 45 2381
internal_value=-0.000547396 -0.000814688 -0.00049564 0.00193069 0.00207196 0.00151316 0.00585858 0.00905229 -0.000634522 9.08724e-05 0.00462567 0.00173077 -0.00208112 0.000286737 -0.00104463 0.005 -8.11371e-05 0.00378378 0.00813559 -1.77948e-05 0.00156934 -0.000825051 0.00196517 -0.0010139 -0.000372342 0.00867187 0.00323529 -0.00069108 0.00558823 -0.000841557
internal_weight=21785 19664 15707 2121 806 760 198 153 14901 5117 187 2080 3957 558 493 90 4930 222 118 562 137 503 201 9784 3760 128 85 3632 85 3547
internal_count=21785 19664 15707 2121 806 760 198 153 14901 5117 187 2080 3957 558 493 90 4930 222 118 562 137 503 201 9784 3760 128 85 3632 85 3547
is_linear=0
shrinkage=0.05


Tree=33
num_leaves=31
num_cat=0
split_feature=5 4 10 15 16 14 14 1 10 16 11 15 11 11 14 14 14 10 10 11 8 9 16 10 5 11 11 12 9 12
split_gain=5.48657 2.62512 1.96467 3.94202 1.91047 1.94702 3.28678 2.31877 2.09671 4.8722 3.79333 9.03952 2.81843 4.40145 8.66955 2.2834 2.12888 3.84483 19.0333 4.6756 4.17672 3.29517 3.01248 1.92743 1.81285 1.81248 3.47158 2.80708 4.142 8.8511
threshold=0.020716819337812088 0.015891226881874543 -0.013932246020769588 0.014593314443484441 0.035833868986294155 0.058009640559056781 0.054586954999164335 -0.010843763268702731 -0.00010102094958625017 0.034869142310652863 0.027231937128701426 0.0047321081360277581 0.013034559844421813 0.010325592829658616 0.040951993391927573 -0.0066427814256201914 -0.062752290881895975 0.0052131672495069345 0.0047561203387664905 0.041951569626952907 -0.12176422800190732 -0.039529954575620134 -0.0031347923177756916 0.010824096152379449 0.0093220325144377208 0.01562981784988882 0.01613839302739695 0.030878633072902176 0.48127731595198792 0.042111122308508782
decision_type=2 2 2 2 2 2 2 2 2 2 2 2 2 2 2 2 2 2 2 2 10 8 2 2 2 2 2 2 8 2
left_child=1 -1 3 -3 5 6 8 -8 9 10 12 -12 13 24 15 -15 17 18 -10 20 -19 22 -22 -24 -4 -18 -27 -28 -29 -30
right_child=-2 2 4 -5 -6 -7 7 -9 16 -11 11 -13 -14 14 -16 -17 25 19 -20 -21 21 -23 23 -25 -26 26 27 28 29 -31
leaf_value=-9.7313688808537357e-05 0.00023884337292884837 3.8859925028144017e-05 0.00020250524331479622 0.00043185169351615056 -0.00019194939217854017 -0.00010642464704893453 0.00010027553668171538 0.00053962718985148251 -0.00029272560168316312 0.0010306219782681575 -0.00028505653272456162 0.00077385666464631494 -0.00021506702938849285 -0.00016616928609733373 0.001118995174256705 0.00031547005866231951 -7.9412433574493153e-05 0.00032220871121251991 0.00047123081884709381 0.00047861883541831747 -0.0003046087309728145 -9.4118377103065594e-05 0.0003919963779612911 0.00012863951559630911 -2.8008663390060146e-07 0.00050228949922048727 -0.00016607515506045255 -2.2605564784741661e-05 0.00035418715133753815 -6.5867417536909478e-05
leaf_weight=5121 1876 863 47 41 809 1729 40 41 94 42 60 49 496 110 41 142 3754 51 44 62 79 1333 75 44 2706 64 905 954 90 145
leaf_count=5121 1876 863 47 41 809 1729 40 41 94 42 60 49 496 110 41 142 3754 51 44 62 79 1333 75 44 2706 64 905 954 90 145
internal_value=-0.000549369 -0.000791524 -0.000456071 0.0018031 -0.000601886 -0.000457302 -0.000221487 0.00981481 -0.000292879 0.000686433 0.000491645 0.0096789 0.00020892 0.000778068 0.00660409 0.00313492 -0.000762933 0.000751963 0.00876811 7.90742e-05 -0.0004488 -0.000917702 0.00510101 0.010126 0.000158008 -0.00121955 -6.48761e-05 -0.000415474 0.00118166 0.00712766
internal_weight=21907 20031 14910 904 14006 13197 11468 81 11387 3693 3651 109 3542 3046 293 252 7694 1782 138 1644 1582 1531 198 119 2753 5912 2158 2094 1189 235
internal_count=21907 20031 14910 904 14006 13197 11468 81 11387 3693 3651 109 3542 3046 293 252 7694 1782 138 1644 1582 1531 198 119 2753 5912 2158 2094 1189 235
is_linear=0
shrinkage=0.05


Tree=34
num_leaves=31
num_cat=0
split_feature=5 11 9 13 13 16 13 15 10 15 10 16 8 13 10 11 15 10 14 11 6 11 5 15 15 6 6 14 11 12
split_gain=4.54445 2.66521 1.87144 1.9565 2.88214 4.72321 1.83074 1.74655 3.80145 4.33519 5.23031 4.33345 3.26535 2.49833 4.2818 7.06275 3.45404 1.90301 3.17627 4.21265 1.85938 2.31616 1.73716 1.70195 2.36981 1.5846 1.51457 1.27832 3.97486 1.72805
threshold=0.019598703653575304 -0.040606280288626444 -0.038236851264747289 14.340000152587892 14.765000343322756 -0.0013935821745773012 12.84500026702881 0.012156159077767461 -0.013327773622425541 0.013586961476260264 0.0080340487242571718 0.010933991372844122 -0.0029414816784166238 13.305000305175783 0.0057642081998183778 0.01613839302739695 -0.0086547425044391484 0.010824096152379449 -0.14356568835631797 1.0000000180025095e-35 0.47941787643716799 0.045591132552592513 0.011134950692542131 -0.0053687660245037563 -0.003867928750447613 0.30786031875117731 -0.16730962369483651 0.014555585659076444 0.032599070140324489 -0.051373886546093366
decision_type=2 2 8 2 2 2 2 2 2 2 2 2 10 2 2 2 2 2 2 2 2 2 2 2 2 2 2 2 2 2
left_child=2 -2 3 -1 5 -5 -4 13 -9 10 11 12 -10 14 16 -16 -8 18 19 -15 22 -22 -20 -6 -25 -26 -3 -24 29 -29
right_child=1 26 6 4 23 -7 7 8 9 -11 -12 -13 -14 17 15 -17 -18 -19 20 -21 21 -23 27 24 25 -27 -28 28 -30 -31
leaf_value=-6.8777599003499738e-05 0.0019074172678366853 4.7668177320518412e-06 -0.00021307760034689727 0.00058618188095736572 -6.8408248526626131e-05 4.0088634293400974e-06 0.00049745388762940826 0.00043627722877975696 4.903390614392826e-05 -5.0855441072385897e-05 0.00030687726505650821 -0.00022341748795153384 0.00042769372469930267 0.00040144693805939174 -1.9558473278045591e-06 0.0003500651965898414 -0.00016819966290541972 -0.00021135642684083026 -9.900731475138302e-05 -0.00018360032428006397 -1.4620385275452587e-05 0.00037662644938614128 -7.0532506874023489e-05 0.00030701752731903618 -1.4567870499234401e-06 0.00038278668516206053 0.00036048541861032486 0.00019612830677980125 0.00040233534064083084 -2.7537839775741422e-05
leaf_weight=807 46 1134 1111 63 377 81 64 49 65 1242 90 149 45 46 98 79 514 1122 4780 44 3347 52 2898 46 413 191 973 172 58 1718
leaf_count=807 46 1134 1111 63 377 81 64 49 65 1242 90 149 45 46 98 79 514 1122 4780 44 3347 52 2898 46 413 191 973 172 58 1718
internal_value=-0.000608943 0.00157222 -0.000847068 0.000611728 0.00191716 0.00854167 -0.0010097 -0.000878428 0.000670731 0.00024827 0.00517192 0.00156371 0.00909091 -0.00104789 0.00175497 0.00855932 -0.000328721 -0.00119653 -0.00102745 0.00833333 -0.00109213 -8.67914e-05 -0.00144712 0.000988314 0.00253846 0.0017053 0.00131229 -0.000780026 0.000210471 -0.000185186
internal_weight=21874 2153 19721 1978 1171 144 17743 16632 1640 1591 349 259 110 14992 755 177 578 14237 13115 90 13025 3399 9626 1027 650 604 2107 4846 1948 1890
internal_count=21874 2153 19721 1978 1171 144 17743 16632 1640 1591 349 259 110 14992 755 177 578 14237 13115 90 13025 3399 9626 1027 650 604 2107 4846 1948 1890
is_linear=0
shrinkage=0.05


Tree=35
num_leaves=31
num_cat=0
split_feature=4 6 11 9 11 10 10 8 10 12 11 12 8 12 12 2 14 12 13 8 13 14 14 9 14 11 14 14 11 2
split_gain=4.47361 2.26641 2.09976 2.94109 5.0062 2.70177 7.18386 6.41827 2.76745 2.21714 2.08116 1.78716 3.927 1.66561 5.50079 3.48446 2.18439 6.69296 4.59175 1.72421 2.33379 1.90801 4.73346 3.97439 3.13656 3.04869 2.81013 4.63546 2.82642 2.33164
threshold=0.025863045556265247 1.2398575962829341 -0.01262108781240978 0.10739177452501648 -0.01368273436962064 -0.0022250967273709783 -0.00032911889046416393 -0.014672046253250469 -0.013327773622425541 -0.031331813818551983 -0.043674056524097109 -0.05023266322533259 -0.16022351588398445 -0.032606215925707109 -0.029032360146205412 0.0098491606574012697 -0.12635401997537379 0.00075809453830288931 20.980000495910648 0.029012972334950374 12.119999885559084 0.0037598780805861991 0.0053913947730825926 0.12418038531387156 0.059971774713864064 0.032599070140324489 0.027028120883943799 0.031770832380203846 -0.004581313824033372 -0.0023101123311475287
decision_type=2 2 2 8 2 2 2 10 2 2 2 2 10 2 2 2 2 2 2 8 2 2 2 8 2 2 2 2 2 2
left_child=1 2 3 4 5 8 7 -7 -1 -8 -2 12 -5 -4 15 -15 17 18 -16 21 -21 -18 23 29 25 26 -24 28 -28 -23
right_child=10 -3 13 11 -6 6 9 -9 -10 -11 -12 -13 -14 14 16 -17 19 -19 -20 20 -22 22 24 -25 -26 -27 27 -29 -30 -31
leaf_value=7.2402269727656757e-05 0.0009375832831010596 2.8077988864839591e-05 -0.00018216739185962131 0.00042023556184608363 0.00032154628325434465 8.1729328093025041e-05 0.00012492392384453213 0.00034121484699673279 -0.00014648142568876666 -0.00012592187244631872 7.1690605930171611e-05 -0.00010222651921771745 -4.5694834943080318e-05 0.00010885795688136638 0.00045118809149802865 0.00052623558967615362 -9.0218470767509945e-05 -9.6641905342766493e-05 3.437213330333168e-05 0.00059494800460184222 -0.0001302619309308021 0.00039886163371278421 -5.5542450467281604e-05 -0.0003295339364690538 -0.00017527305924258554 0.00040939082513096066 0.00031789650137224734 1.8462089551305133e-05 0.00013692560528876565 0.00047944080952919024
leaf_weight=299 63 2345 617 46 91 47 117 46 544 239 3494 1020 100 93 41 40 4864 175 46 73 4207 45 1129 40 869 60 46 897 140 44
leaf_count=299 63 2345 617 46 91 47 117 46 544 239 3494 1020 100 93 41 40 4864 175 46 73 4207 45 1129 40 869 60 46 897 140 44
internal_value=-0.000550122 -0.000865176 -0.00107825 0.000237347 0.00179682 0.000998451 0.0041314 0.0165054 -0.000670227 0.000898875 0.00107253 -0.00161235 0.00356164 -0.00132802 -0.00120579 0.00890977 -0.00131193 0.00320611 0.0145402 -0.00140728 -0.00221963 -0.000979839 -4.58728e-05 0.00934108 -0.000431392 0.000545773 0.000244122 0.00206371 0.00924731 0.0152247
internal_weight=21877 18320 15975 2549 1383 1292 449 93 843 356 3557 1166 146 13426 12809 133 12676 262 87 12414 4280 8134 3270 129 3141 2272 2212 1083 186 89
internal_count=21877 18320 15975 2549 1383 1292 449 93 843 356 3557 1166 146 13426 12809 133 12676 262 87 12414 4280 8134 3270 129 3141 2272 2212 1083 186 89
is_linear=0
shrinkage=0.05


Tree=36
num_leaves=31
num_cat=0
split_feature=5 11 6 13 11 8 10 15 14 10 13 14 11 13 15 13 9 13 15 12 13 14 10 4 15 10 12 10 3 11
split_gain=4.0415 3.47868 2.1178 1.49514 1.61612 1.41079 1.31192 2.04361 1.74875 3.08714 5.66649 4.52367 4.10456 3.448 1.50728 1.58271 1.43262 2.65604 1.54647 6.15157 4.19296 1.71199 2.95966 1.40372 1.38354 1.23927 1.17583 1.48191 1.07016 1.0901
threshold=0.017186956927867838 -0.043674056524097109 0.20285697232221192 23.694999694824222 -0.018660879963565243 1.0000000180025095e-35 -0.01425655493307104 -0.023562262162224675 0.059971774713864064 -0.0054343681151217118 14.734999656677248 0.054586954999164335 0.021459813769517781 14.244999885559084 0.0070831629175186492 24.779999732971195 0.015250406558959375 12.119999885559084 -0.011157420173863506 0.024727587984372471 17.224999427795414 -0.075454415356713087 0.0091157700665586167 0.020206300923774023 -0.0077433345325178529 0.0095076274836749537 -0.02797294646846021 -0.0021138824674655772 -0.021119072920499523 0.045591132552592513
decision_type=2 2 2 2 2 10 2 2 2 2 2 2 2 2 2 2 8 2 2 2 2 2 2 2 2 2 2 2 2 2
left_child=2 -2 6 4 5 -3 14 -8 9 10 13 16 -12 -9 15 -1 17 -11 19 20 -19 22 -20 -10 -17 -6 27 -23 -4 -30
right_child=1 3 28 -5 25 -7 7 8 23 11 12 -13 -14 -15 -16 24 -18 18 21 -21 -22 26 -24 -25 -26 -27 -28 -29 29 -31
leaf_value=-7.8418220545751211e-05 0.0010655663519380148 0.00051796966316998211 0.00044471618854877734 -0.00015647296860390493 0.0001448476750374785 0.00087522489369536822 0.00019162927952868657 0.00015158171457828838 -0.00020799460718230411 0.0007973350453152659 -5.6890442023945474e-05 0.00035762830446711902 0.00046840143687847254 0.0004182948421207182 0.00013081200111001996 0.0002796709402686844 -8.5412871587161644e-05 0.00045709086166620459 0.00014154464714465222 -0.00020572529299185877 8.1808484621328161e-05 -0.00015018079266204597 -1.9529911637742935e-05 -3.4485619823092218e-05 3.5699122192238084e-06 -0.00012116251482617272 -8.420627475634059e-05 0.0001572041575764385 -7.9514714940532684e-06 0.00027430111105191795
leaf_weight=252 45 161 43 449 1893 50 40 71 1071 45 541 47 51 50 62 58 7190 41 68 136 43 46 126 404 76 294 1945 56 6384 106
leaf_count=252 45 161 43 449 1893 50 40 71 1071 45 541 47 51 50 62 58 7190 41 68 136 43 46 126 404 76 294 1945 56 6384 106
internal_value=-0.000534244 0.00120678 -0.000799917 0.000988759 0.00148457 0.00566351 -0.00118327 -0.00128268 -0.00132051 -0.00109315 0.00208275 -0.00132557 6.75664e-05 0.0119421 0.00147321 0.00031088 -0.00140058 -0.000371111 -0.000591224 0.00340909 0.0140476 -0.000983937 0.00350515 -0.0029322 0.00470149 0.00108139 -0.00140938 0.00382353 -7.11783e-05 -0.000123268
internal_weight=21844 2892 18952 2847 2398 211 12419 11971 11931 10456 713 9743 592 121 448 386 9696 2506 2461 220 84 2241 194 1475 134 2187 2047 102 6533 6490
internal_count=21844 2892 18952 2847 2398 211 12419 11971 11931 10456 713 9743 592 121 448 386 9696 2506 2461 220 84 2241 194 1475 134 2187 2047 102 6533 6490
is_linear=0
shrinkage=0.05


Tree=37
num_leaves=31
num_cat=0
split_feature=4 11 4 12 15 14 14 13 11 11 2 11 14 9 14 15 7 9 15 0 0 12 13 1 11 11 12 13 7 9
split_gain=3.91965 1.79263 1.57213 1.48075 1.96246 1.86893 4.86386 1.41461 1.55857 1.72838 1.3075 1.24672 1.77753 1.85607 2.05372 1.21715 1.0355 0.989703 1.07372 1.93539 1.02388 1.05521 1.59993 1.04577 0.977729 3.09347 2.40667 0.9666 0.948686 0.937497
threshold=0.0262829552906064 -0.043674056524097109 0.015489459081310974 0.044456932771925313 0.0095885528141878024 -0.034895651013681799 -0.044386160859696593 23.694999694824222 -0.020756034341227022 -0.024572906939621272 0.1172246242368269 -0.028866681392767265 -0.033937801347731548 -0.077437460677335743 -0.061929277885563232 0.0086421904563601677 0.044396231155143358 -0.29141021327575795 -0.0079927872230808866 -0.00068463451962902367 -0.012796012906019392 0.014344478951051955 17.445000648498539 0.074999618477879296 0.048369816433799014 0.045591132552592513 0.033795250994550281 13.824999809265138 -0.033479621944047182 -0.038236851264747289
decision_type=2 2 2 2 2 2 2 2 2 2 2 2 2 10 2 2 2 10 2 2 2 2 2 2 2 2 2 2 2 8
left_child=2 -2 3 -1 5 6 -5 8 9 -3 11 12 13 -4 -15 16 -12 -10 19 27 21 22 -20 -22 25 29 -27 -19 -14 -13
right_child=1 7 10 4 -6 -7 -8 -9 17 -11 15 24 28 14 -16 -17 -18 18 20 -21 23 -23 -24 -25 -26 26 -28 -29 -30 -31
leaf_value=-0.00010712343385424239 0.00083742583994733048 0.00014737223210505761 -0.00011440449895320274 -0.00030881884231543581 0.00028186337890192349 -0.00010680766281624816 0.00055094870376602299 -6.8887501781523606e-05 -4.3028392966544073e-05 0.00098199875240226374 0.00033791088398624203 2.2488930958334733e-05 0.00016816081211032041 1.0801782759971716e-05 0.00025775282217547894 0.00036295943993101164 -0.00011480738134854565 0.00033612882352161065 0.0020732988427073378 0.0009391474551252903 -2.9873223768412474e-05 0.0001362960348028813 0.00017650001410182345 0.00043971156872187403 -0.00041439338559538921 7.9774200298037175e-05 0.00058926909826980409 8.163103689719246e-05 -2.4694554893043695e-05 -4.4844399247865013e-05
leaf_weight=3660 53 118 44 89 71 378 63 554 454 63 56 1453 80 51 64 82 172 58 46 66 1231 217 62 216 182 60 40 228 452 11443
leaf_count=3660 53 118 44 89 71 378 63 554 454 63 56 1453 80 51 64 82 172 58 46 66 1231 217 62 216 182 60 40 228 452 11443
internal_value=-0.000597543 0.000971478 -0.000883949 -0.00172612 0.000574042 -0.000471699 0.00421053 0.000825535 0.00128851 0.00577348 -0.000630864 -0.000702647 0.00136758 0.00600629 0.00934782 0.00258064 0.000701753 0.000973622 0.00142655 0.00394886 0.000925507 0.00346154 0.0075 0.000355908 -0.000811202 -0.000760235 0.008 0.00216783 -1.87982e-05 -0.000828165
internal_weight=21806 3366 18440 4261 601 530 152 3313 2759 181 14179 13869 691 159 115 310 228 2578 2124 352 1772 325 108 1447 13178 12996 100 286 532 12896
internal_count=21806 3366 18440 4261 601 530 152 3313 2759 181 14179 13869 691 159 115 310 228 2578 2124 352 1772 325 108 1447 13178 12996 100 286 532 12896
is_linear=0
shrinkage=0.05


end of trees

feature_importances:
vix_level=138
spy_ret_5d=131
spy_ret_1d=114
sector_ret_1d=113
sector_ret_5d=89
atr_pct=84
spy_ret_20d=75
dvol_z_20=74
dist_ma200=68
vix_chg_1d=62
parkinson_20=55
ret_5d=38
overnight_gap=23
dist_ma50=23
ret_1d=21
ret_20d=16
dist_ma20=16

parameters:
[boosting: gbdt]
[objective: quantile]
[metric: quantile]
[tree_learner: serial]
[device_type: cpu]
[data_sample_strategy: bagging]
[data: ]
[valid: ]
[num_iterations: 120]
[learning_rate: 0.05]
[num_leaves: 31]
[num_threads: -1]
[seed: 0]
[deterministic: 0]
[force_col_wise: 1]
[force_row_wise: 0]
[histogram_pool_size: -1]
[max_depth: -1]
[min_data_in_leaf: 40]
[min_sum_hessian_in_leaf: 0.001]
[bagging_fraction: 0.85]
[pos_bagging_fraction: 1]
[neg_bagging_fraction: 1]
[bagging_freq: 1]
[bagging_seed: 3]
[bagging_by_query: 0]
[feature_fraction: 0.85]
[feature_fraction_bynode: 1]
[feature_fraction_seed: 2]
[extra_trees: 0]
[extra_seed: 6]
[early_stopping_round: 0]
[early_stopping_min_delta: 0]
[first_metric_only: 0]
[max_delta_step: 0]
[lambda_l1: 0]
[lambda_l2: 0]
[linear_lambda: 0]
[min_gain_to_split: 0]
[drop_rate: 0.1]
[max_drop: 50]
[skip_drop: 0.5]
[xgboost_dart_mode: 0]
[uniform_drop: 0]
[drop_seed: 4]
[top_rate: 0.2]
[other_rate: 0.1]
[min_data_per_group: 100]
[max_cat_threshold: 32]
[cat_l2: 10]
[cat_smooth: 10]
[max_cat_to_onehot: 4]
[top_k: 20]
[monotone_constraints: ]
[monotone_constraints_method: basic]
[monotone_penalty: 0]
[feature_contri: ]
[forcedsplits_filename: ]
[refit_decay_rate: 0.9]
[cegb_tradeoff: 1]
[cegb_penalty_split: 0]
[cegb_penalty_feature_lazy: ]
[cegb_penalty_feature_coupled: ]
[path_smooth: 0]
[interaction_constraints: ]
[verbosity: -1]
[saved_feature_importance_type: 0]
[use_quantized_grad: 0]
[num_grad_quant_bins: 4]
[quant_train_renew_leaf: 0]
[stochastic_rounding: 1]
[linear_tree: 0]
[max_bin: 255]
[max_bin_by_feature: ]
[min_data_in_bin: 3]
[bin_construct_sample_cnt: 200000]
[data_random_seed: 1]
[is_enable_sparse: 1]
[enable_bundle: 1]
[use_missing: 1]
[zero_as_missing: 0]
[feature_pre_filter: 1]
[pre_partition: 0]
[two_round: 0]
[header: 0]
[label_column: ]
[weight_column: ]
[group_column: ]
[ignore_column: ]
[categorical_feature: ]
[forcedbins_filename: ]
[precise_float_parser: 0]
[parser_config_file: ]
[objective_seed: 5]
[num_class: 1]
[is_unbalance: 0]
[scale_pos_weight: 1]
[sigmoid: 1]
[boost_from_average: 1]
[reg_sqrt: 0]
[alpha: 0.9]
[fair_c: 1]
[poisson_max_delta_step: 0.7]
[tweedie_variance_power: 1.5]
[lambdarank_truncation_level: 30]
[lambdarank_norm: 1]
[label_gain: ]
[lambdarank_position_bias_regularization: 0]
[eval_at: ]
[multi_error_top_k: 1]
[auc_mu_weights: ]
[num_machines: 1]
[local_listen_port: 12400]
[time_out: 120]
[machine_list_filename: ]
[machines: ]
[gpu_platform_id: -1]
[gpu_device_id: -1]
[gpu_device_id_list: ]
[gpu_use_dp: 0]
[num_gpu: 1]

end of parameters

pandas_categorical:[]
