tree
version=v4
num_class=1
num_tree_per_iteration=1
label_index=0
max_feature_idx=16
objective=quantile
feature_names=ret_1d ret_5d ret_20d overnight_gap atr_pct parkinson_20 dvol_z_20 dist_ma20 dist_ma50 dist_ma200 spy_ret_1d spy_ret_5d spy_ret_20d vix_level vix_chg_1d sector_ret_1d sector_ret_5d
feature_infos=[-0.28271675998116264:0.26213022710131573] [-0.2823308270676691:0.3392872404068028] [-0.35242628992628999:0.87801899592944355] [-0.19371042854900322:0.19478260869565212] [0.0038556599110232477:0.11596638268174814] [0.0026905570036636619:0.055294172765416885] [-2.7766085648473053:4.3476992857154855] [-0.26404824844262709:0.38707193372219617] [-0.33207791903359141:0.56173132038002382] [-0.39165408213588848:1.2092229859042423] [-0.058542947643003718:0.10501933612632941] [-0.11496158439845272:0.082843216242346029] [-0.12265592443394913:0.15756596870864792] [11.859999656677246:52.330001831054688] [-0.35753873962348437:0.74039073966007019] [-0.055499239736441885:0.039932885906040161] [-0.11075949367088611:0.072664359861591699]
tree_sizes=2987 3031 3049 3037 3015 3076 3057 3061 3038 3037 3055 3061 3058 3032 3033 3041 3031 3049 3044 3056 3042 3047 3050 3025 3041 3014 3050 3013 3041 3045 3011 3003 3040 3006 3021 3039 3044 3044 3033 3027 3082 3024 3068 3013 3042 3055 3049

Tree=0
num_leaves=31
num_cat=0
split_feature=4 12 10 14 10 14 15 14 10 15 15 10 15 12 14 12 15 10 10 10 13 10 15 13 12 14 9 15 10 10
split_gain=147.085 46.7402 26.0182 36.0764 21.9817 20.8393 20.8057 16.5858 17.9141 16.3723 28.2775 18.2714 16.167 15.8582 15.667 13.6265 13.576 12.7016 12.8662 12.3635 22.7679 12.2026 13.1411 30.091 22.0069 13.3309 12.1709 11.9266 11.6394 11.2863
threshold=0.024673541834639375 -0.026522918814270154 -0.0041029098949924561 0.049298283120689408 -0.010705867226747377 -0.0066427814256201914 -0.023194394568429363 -0.025685626403374347 0.0052648731180522388 0.0086421904563601677 0.0043381488092767437 0.015605167538648159 0.0002488804252200883 0.0048491469985487709 0.055948056460050417 0.027464825873152136 -0.003798506663206302 0.010824096152379449 0.015426136544852588 0.0092143368425633438 19.105000495910648 0.0086193521775437282 -0.0078272753055728655 12.925000190734865 -0.0041728615781457248 -0.086337752297859935 -0.077437460677335743 0.0088827709652943305 0.00044089291237869871 0.010151750455751786
decision_type=2 2 2 2 2 2 2 2 2 2 2 2 2 2 2 2 2 2 2 2 2 2 2 2 2 2 10 2 2 2
left_child=1 7 3 5 12 -3 -4 8 -1 10 17 27 -5 26 -15 -6 -17 19 -19 21 29 22 23 -8 -24 -26 -12 -11 -2 -21
right_child=28 2 6 4 15 -7 9 -9 -10 11 13 -13 -14 14 -16 16 -18 18 -20 20 -22 -23 24 -25 25 -27 -28 -29 -30 -31
leaf_value=0.0081660037860274322 0.0087383694015443318 0.0082371081924065941 0.0086570959072560065 0.0083547946531325572 0.008207806863356381 0.0085462615825235844 0.008159787300974131 0.0085421537514775991 0.0084292934508994229 0.008537352015264333 0.0081901076482608914 0.0088713061064481739 0.0087120795156806711 0.0081533571938052773 0.008609036868438124 0.0085498692467808717 0.0082428716821596019 0.0080601118737831708 0.0084079412277787927 0.0087313133757561442 0.0081449134217109528 0.0081261979881674055 0.0080681031569838531 0.0084286588942632072 0.0086184180807322257 0.0083104599267244342 0.0084430853370577093 0.0083432623301632706 0.0085561193758621808 0.0084045987576246255
leaf_weight=180 1779 126 75 745 724 1122 233 1371 552 128 97 157 217 1810 43 94 223 334 126 199 68 147 355 1382 65 4659 229 2164 2252 209
leaf_count=180 1779 126 75 745 724 1122 233 1371 552 128 97 157 217 1810 43 94 223 334 126 199 68 147 355 1382 65 4659 229 2164 2252 209
internal_value=0.00837936 0.00642969 0.00549378 0.00947788 0.0053203 0.0161507 0.00445594 0.0134305 0.00735363 0.0042972 0.0033963 0.00795968 0.0107691 -0.00163785 -0.00342696 0.000285037 0.00893027 0.00480679 -0.00325222 0.00531344 0.0131051 0.00477129 0.00508422 0.00901289 0.003835 0.00473723 0.00853159 0.00682935 0.0170051 0.0175694
internal_weight=21865 17834 15731 3251 2003 1248 12480 2103 732 12405 9956 2449 962 2179 1853 1041 317 7777 460 7317 476 6841 6694 1615 5079 4724 326 2292 4031 408
internal_count=21865 17834 15731 3251 2003 1248 12480 2103 732 12405 9956 2449 962 2179 1853 1041 317 7777 460 7317 476 6841 6694 1615 5079 4724 326 2292 4031 408
is_linear=0
shrinkage=1


Tree=1
num_leaves=31
num_cat=0
split_feature=4 12 4 16 13 13 13 11 16 10 12 13 12 10 13 0 14 12 13 11 12 11 10 12 11 9 10 9 16 13
split_gain=136.312 37.4506 30.7741 22.3382 19.8889 24.6763 23.8809 16.5519 15.5342 13.6886 14.1916 12.48 11.0612 21.0621 11.9607 15.4328 13.5244 12.4895 11.5839 11.7259 11.2669 10.7676 10.4668 10.2849 10.2268 11.4936 10.3784 10.6034 9.37424 14.3017
threshold=0.020784652471889719 0.0037861814309102519 0.026499012064281301 -0.016739511421553496 16.85000038146973 16.510000228881839 20.060000419616703 -0.011940064700992346 -0.016984030177060735 -0.013327773622425541 0.0027925982816148225 20.335000038146976 0.016981710951886612 -0.0052693175336530054 13.085000038146974 -0.0023066150580787199 0.031770832380203846 0.05549660890243658 12.454999923706056 0.017370539138914069 0.057873596393828615 -0.022310337551763478 -0.0049441493240062187 0.082959712719514869 0.0036681658206255689 -0.024886388905783704 0.00063381300570131149 0.094802909072314825 -0.014737831600570626 19.72500038146973
decision_type=2 2 2 2 2 2 2 2 2 2 2 2 2 2 2 2 2 2 2 2 2 2 2 2 2 10 2 8 2 2
left_child=1 9 3 -2 5 12 8 -8 23 28 -11 -9 24 -14 16 20 18 -17 19 -15 -16 -4 -5 -6 25 -3 27 -26 29 -1
right_child=2 4 21 22 6 -7 7 11 -10 10 -12 -13 13 14 15 17 -18 -19 -20 -21 -22 -23 -24 -25 26 -27 -28 -29 -30 -31
leaf_value=-0.00028697460540570317 0.00020578254479914905 -6.8335118703544148e-05 0.00074345615226775416 0.00013243232329841707 -2.8073286521248513e-05 9.4507560133934049e-05 0.00022680778405629096 0.00019885278656147422 -0.0001909615891054273 -1.2100804597139394e-05 0.00018529104185290637 -8.4997944068163609e-05 0.00015672541747335347 -6.5202108817175028e-05 4.5945934252813493e-05 -9.9973877368029221e-05 -0.00037071433034725488 0.00013950395397841929 -0.00013091618719045074 8.5683180368505409e-05 -0.00027137074037455024 0.00024759067688137295 -2.1222432260401556e-05 0.00071309115912299614 0.00014925783500075341 -0.0002374161186162382 -0.00010043092595878991 -0.00013400770520092921 0.00024901918368414044 0.00025388629874214532
leaf_weight=58 947 245 385 691 374 522 125 54 2209 3047 162 359 428 355 1333 2214 141 165 922 133 66 2869 2376 42 151 411 453 68 407 122
leaf_count=58 947 245 385 691 374 522 125 54 2209 3047 162 359 428 355 1333 2214 141 165 922 133 66 2869 2376 42 151 411 453 68 407 122
internal_value=-0.00010992 -0.00290059 0.00548294 0.00255356 -0.00440576 -0.00302024 -0.00773791 0.00185874 -0.00970476 0.00136986 8.56965e-05 -0.0029661 -0.00379323 -0.00284436 -0.00370144 -0.0021837 -0.00739845 -0.0046343 -0.00592199 0.000307377 0.00198356 0.0090965 0.000480926 -0.000841346 -0.00790663 -0.0123476 -0.00357143 0.0053653 0.00839012 -0.00111111
internal_weight=21834 14566 7268 4014 10770 7607 3163 538 2625 3796 3209 413 7085 5757 5329 3778 1551 2379 1410 488 1399 3254 3067 416 1328 656 672 219 587 180
internal_count=21834 14566 7268 4014 10770 7607 3163 538 2625 3796 3209 413 7085 5757 5329 3778 1551 2379 1410 488 1399 3254 3067 416 1328 656 672 219 587 180
is_linear=0
shrinkage=0.05


Tree=2
num_leaves=31
num_cat=0
split_feature=4 11 4 11 16 11 11 0 0 11 4 12 9 13 16 4 9 13 13 12 12 12 11 9 13 16 12 13 12 13
split_gain=122.473 37.8071 19.4285 16.9351 15.9702 13.571 21.8191 15.24 15.8029 16.8697 13.1986 12.5126 12.1149 16.2013 15.4121 12.0875 11.0452 10.0023 20.2639 14.493 19.8403 12.9534 16.5674 18.5018 12.5083 11.1282 9.55808 12.6415 9.22868 11.2593
threshold=0.022435179596751554 -0.0061809109481818494 0.032187354367411179 0.00036207217257600016 -0.013690158822483976 0.0038135025222709733 0.003505922146060048 0.017873503733023991 -0.010630136120190812 0.029572012228067938 0.016081768914882399 -0.015496668614707719 0.088998948827243254 15.105000019073488 -0.030220936792579974 0.018309346653493472 0.24015082448936534 16.875000000000004 15.425000190734865 0.0037861814309102519 -0.0033130275344189215 0.030501708894694394 0.017370539138914069 0.12133832182410866 18.904999732971195 0.028177163036115286 -0.037333173257957868 20.659999847412113 0.0033715078329863428 13.444999694824221
decision_type=2 2 2 2 2 2 2 2 2 2 2 2 8 2 2 2 8 2 2 2 2 2 2 8 2 2 2 2 2 2
left_child=1 12 4 10 -2 6 11 8 9 -7 -3 -5 14 -14 -1 16 -15 18 21 20 25 -10 -23 -24 -21 -19 -16 -28 -13 -30
right_child=2 3 -4 5 -6 7 -8 -9 17 -11 -12 28 13 15 26 -17 -18 19 -20 24 -22 22 23 -25 -26 -27 27 -29 29 -31
leaf_value=0.00033022515894845137 0.00021990067209117121 -0.00017483732121763748 0.00041966444393619898 0.00015973850387672432 3.8679355522617741e-05 6.246526510221891e-05 0.00028481850090611259 9.321926502161658e-05 -0.00010678445515804923 -0.00019504019082523883 -6.3255161512643107e-05 -0.00028672039322555061 0.00020841562552959656 -2.9751498950645337e-05 0.00023742720438167458 3.9875280810520047e-05 -0.00022626327164471148 -0.00011440167840919453 1.8998729377926783e-05 -0.00019584586401470003 0.00037921521067619331 -0.00011964860682201111 -6.3179346267133997e-05 0.0002660983953974209 -3.5900139715522482e-05 0.00032923724333522845 7.6418715878389797e-05 -9.8903355625225203e-05 -0.00019224945115274753 2.3806403412891073e-05
leaf_weight=201 953 835 1986 152 2589 891 183 429 1482 167 1265 70 260 624 214 881 406 347 1390 1268 111 1223 439 279 397 58 1201 356 237 956
leaf_count=201 953 835 1986 152 2589 891 183 429 1482 167 1265 70 260 624 214 881 406 347 1390 1268 111 1223 439 279 397 58 1201 356 237 956
internal_value=-0.000118993 -0.00229751 0.00631331 -0.00370104 0.00409373 -0.00284999 0.00137672 -0.00364639 -0.00413562 0.00155955 -0.00778571 -0.000724382 0.00182839 -0.000748503 0.00466531 -0.00234171 -0.00601942 -0.00499714 -0.00372429 -0.00780605 -0.000484496 -0.0057917 -0.00310407 0.00292479 -0.0100751 -0.00561728 0.00317617 0.00181439 -0.0023555 -0.0013202
internal_weight=21850 16322 5528 12179 3542 10079 1598 8481 8052 1058 2100 1415 4143 2171 1972 1911 1030 6994 4813 2181 516 3423 1941 718 1665 405 1771 1557 1263 1193
internal_count=21850 16322 5528 12179 3542 10079 1598 8481 8052 1058 2100 1415 4143 2171 1972 1911 1030 6994 4813 2181 516 3423 1941 718 1665 405 1771 1557 1263 1193
is_linear=0
shrinkage=0.05


Tree=3
num_leaves=31
num_cat=0
split_feature=11 9 14 10 8 12 13 0 14 9 11 9 0 14 10 13 13 10 10 16 12 10 10 0 6 0 3 14 12 11
split_gain=65.0938 38.1705 31.094 21.2123 20.2029 19.0844 18.3384 17.3717 17.0192 20.7541 15.9525 14.6628 18.1871 13.9255 23.7961 13.5378 22.833 18.3008 16.6884 14.2209 14.2798 13.2016 12.7305 12.4791 11.9103 10.8073 10.7428 9.84217 9.62434 12.6013
threshold=-0.0070947588285928389 0.24892784017405026 -0.013287751267225366 -0.011742889521192066 -0.040172666899277558 -0.049048441539310476 17.994999885559086 0.017873503733023991 0.068214198873392098 inf -0.0084964938619227475 0.061628408477238723 0.003601131810748948 0.059971774713864064 -0.0052693175336530054 17.369999885559086 15.425000190734865 0.0046724002397113837 0.0019017774860140559 -0.01722601376630328 0.022797262083818274 -0.0066375286305050954 -0.029463617054616639 -0.010187852115323024 -0.89404755595142371 0.0019577454472050619 -0.0010903146980154597 0.040951993391927573 0.030501708894694394 0.024405039123864495
decision_type=2 10 2 2 8 2 2 2 2 8 2 8 2 2 2 2 2 2 2 2 2 2 2 2 2 2 2 2 2 2
left_child=2 3 6 -2 -5 22 -1 13 -7 -10 11 -8 -13 14 21 16 23 18 25 26 -21 -6 -4 27 -19 -18 -17 -16 -25 -30
right_child=1 -3 5 4 7 8 10 -9 9 -11 -12 12 -14 -15 15 19 17 24 -20 20 -22 -23 -24 28 -26 -27 -28 -29 29 -31
leaf_value=-0.00013791189211187884 0.0001740451913785364 0.00028370050920639191 -0.00016159879243350588 5.6219411466736353e-05 -6.1243302858201079e-06 0.00013425320541718975 0.00019781362468493174 6.5255461948982021e-05 9.564301898935812e-05 -0.00015311414513271302 0.00038484256683150311 -0.00015108808997320007 0.00012558219773927708 -0.00014256114042946136 -1.2481336902419499e-05 -0.00011343188112368803 8.517706969232674e-05 -8.0644449242208791e-05 -0.00014346932423122782 -7.4671403953470883e-05 -0.00021493045339448141 0.00022810374244581913 0.00048613983443647154 -0.00011642417310795284 0.00014347094318363819 -7.5633997186014357e-05 0.0001487151713808999 0.0003239209955121624 -7.6287709361349672e-05 0.00016995300916314589
leaf_weight=565 377 747 56 1885 324 1651 511 872 1127 289 79 407 319 957 702 129 672 194 566 1370 1234 263 530 2026 839 525 261 66 2100 211
leaf_count=565 377 747 56 1885 324 1651 511 872 1127 289 79 407 319 957 702 129 672 194 566 1370 1234 263 530 2026 839 525 261 66 2100 211
internal_value=-0.000114396 -0.00170343 0.00457174 -0.00223303 -0.00252369 0.00726116 -0.000651249 -0.00320975 0.00568145 0.0016596 0.00258359 0.0011924 -0.00337466 -0.003688 -0.00320502 -0.00373336 -0.0026484 0.000983548 -0.00211288 -0.00659653 -0.00793011 0.00660136 0.015529 -0.00463761 0.00626815 0.00123225 0.00230769 0.00123698 -0.00567789 -0.00347252
internal_weight=21854 16320 5534 15573 15196 3653 1881 13311 3067 1416 1316 1237 726 12439 11482 10895 7901 2796 1763 2994 2604 587 586 5105 1033 1197 390 768 4337 2311
internal_count=21854 16320 5534 15573 15196 3653 1881 13311 3067 1416 1316 1237 726 12439 11482 10895 7901 2796 1763 2994 2604 587 586 5105 1033 1197 390 768 4337 2311
is_linear=0
shrinkage=0.05


Tree=4
num_leaves=31
num_cat=0
split_feature=4 4 16 15 15 14 13 14 8 13 15 13 15 15 15 7 15 13 4 16 16 14 15 13 15 16 16 9 16 13
split_gain=105.768 25.118 17.6456 14.579 24.2929 19.2577 19.7299 21.4906 18.3211 17.7192 16.0036 11.6476 11.2299 11.1162 10.2904 12.7364 12.2583 14.1726 10.2382 10.1699 11.0062 10.0149 8.89551 9.14696 8.13796 11.489 7.89926 7.83692 10.5863 7.76951
threshold=0.020784652471889719 0.0262829552906064 -0.016739511421553496 0.0085132820201773169 -0.0051394484859333947 0.010891009150098998 19.440000534057621 0.059971774713864064 0.017128863146383514 12.84500026702881 -0.0062533178290654625 18.365000724792484 -0.0086547425044391484 0.0044371742904060216 -0.0042872535863091579 -0.0094852511203685191 -0.00058000534834123918 19.085000038146976 0.016081768914882399 0.042645289690583572 0.028873323067544313 -0.031629138048926246 0.0085132820201773169 20.555000305175785 -0.002537275259892668 0.020460719501841921 0.00306978284617121 0.019794022630506228 0.020179441484516673 14.570000171661379
decision_type=2 2 2 2 2 2 2 2 8 2 2 2 2 2 2 2 2 2 2 2 2 2 2 2 2 2 2 8 2 2
left_child=3 2 -2 4 9 14 7 8 -7 -1 12 -12 -11 -10 -6 -16 17 -17 -9 20 -18 -3 -4 -24 -8 -26 -20 -14 -29 -28
right_child=1 21 22 -5 5 6 24 18 13 10 11 -13 27 -15 15 16 19 -19 26 -21 -22 -23 23 -25 25 -27 29 28 -30 -31
leaf_value=-0.00013582234616980708 0.00015827867364052512 0.00012147505498840478 -2.6297053048792744e-05 1.0868801303658919e-05 -0.00022926017397277066 8.2231948888525025e-05 -0.00010381996124226127 -0.00024248836861719603 -2.6904377756290995e-05 2.9907439069138537e-05 0.00021121121563173805 -5.4654616095940576e-05 6.8151752241537959e-05 -0.00023839149629482565 -2.6517245181576119e-05 8.7907761521637328e-06 -0.00014152003327795679 -0.00024433693448434499 -0.00021249487276189029 0.00012616574449646575 -0.00023762788769221517 0.0003266973638569471 3.5161994668305841e-05 0.00032013177805951273 0.00028370386293798225 -0.00016829278011222407 0.0001970288779703334 -0.00011343569266027777 0.00016525726318643134 -8.9485952667600936e-05
leaf_weight=346 953 1153 2268 2601 160 788 85 329 511 2009 270 83 218 196 1373 681 2616 170 188 67 292 2213 599 128 309 81 81 683 62 183
leaf_count=346 953 1153 2268 2601 160 788 85 329 511 2009 270 83 218 196 1373 681 2616 170 188 67 292 2213 599 128 309 81 81 683 62 183
internal_value=-6.22235e-05 0.0048332 0.00212766 -0.0025518 -0.0032998 -0.00482737 -0.00142675 -0.00336116 0.000150502 7.49115e-05 0.00119549 0.0112606 0 -0.00569307 -0.00657305 -0.00618869 -0.0076712 -0.00237955 -0.0100832 -0.00918487 -0.00962861 0.00800654 0.00024207 0.00505502 0.00784211 0.0108974 -0.00519912 -0.00443925 -0.00687919 0.000378788
internal_weight=21696 7314 3948 14382 11781 8110 2751 2276 1495 3671 3325 353 2972 707 5359 5199 3826 851 781 2975 2908 3366 2995 727 475 390 452 963 745 264
internal_count=21696 7314 3948 14382 11781 8110 2751 2276 1495 3671 3325 353 2972 707 5359 5199 3826 851 781 2975 2908 3366 2995 727 475 390 452 963 745 264
is_linear=0
shrinkage=0.05


Tree=5
num_leaves=31
num_cat=0
split_feature=4 11 4 10 15 15 16 12 10 16 15 10 11 11 15 11 11 16 10 10 11 15 8 16 10 10 11 11 16 10
split_gain=97.7528 28.4379 27.8571 23.0323 18.9733 29.5649 18.0423 15.8864 15.8641 14.5371 14.0253 13.699 11.6973 19.3252 14.3992 11.4587 13.6352 18.9532 11.4523 18.2596 10.9574 13.8917 10.4518 10.4312 12.8117 10.4253 14.9817 10.2255 11.248 10.9382
threshold=0.020784652471889719 -0.0061809109481818494 0.032187354367411179 0.0002101400880069049 0.0093608867568876226 -1.0000000180025095e-35 -0.015336414121764006 -0.034828232656023965 -0.0057060977224409606 0.042645289690583572 0.011063466063931051 -0.0016165810670417111 0.030023706466371539 0.026101750474282651 -0.023194394568429363 0.013034559844421813 -0.0014608684005930626 0.0041720222793487647 -0.0022250967273709783 -0.0026894294731198971 0.011915728697621366 0.0096242293895473247 0.037219577956932655 -0.002834949193654845 -0.00071796458931633323 -0.0067260257632843481 -0.028186613773187038 0.00023772449314352076 0.0025542103189161174 -3.2285238455664882e-05
decision_type=2 2 2 2 2 2 2 2 2 2 2 2 2 2 2 2 2 2 2 2 2 2 8 2 2 2 2 2 2 2
left_child=1 3 6 18 5 12 -2 -5 -6 15 20 -8 13 14 -3 16 -7 23 19 25 21 -10 -19 24 -18 -1 -27 28 -16 -29
right_child=2 4 -4 7 8 9 11 -9 10 -11 -12 -13 -14 -15 27 -17 17 22 -20 -21 -22 -23 -24 -25 -26 26 -28 29 -30 -31
leaf_value=3.2466190240706093e-05 0.00018354342183624791 0.00025365006851953153 0.00038467287529079478 0.00018786751380324768 0.00041985910550892372 -0.00019487095348842741 0.00011193029386558918 -9.9422977753885775e-05 0.00026147627047449704 0.00015441146077667877 -4.6939001745184257e-05 -1.8080164372777721e-05 -0.00014485345098725705 0.00039025784395950008 -0.00012944894215130903 -0.0001809950627498847 -0.00024837321717112719 -0.0002108352256646158 0.0002414624623183093 -0.0002232862547097302 0.00035725671920497181 -8.552513745266697e-05 -6.9268889854822235e-05 9.3145048196254703e-05 1.1615006973994666e-05 -0.00019700128048496664 0.00012993485263622031 4.503578965394536e-05 1.2154496178192875e-05 -4.6234379768018714e-05
leaf_weight=1293 1320 67 1967 198 93 591 1329 1044 58 77 1174 2673 332 90 646 1604 121 691 268 141 180 161 527 307 521 50 620 1392 346 2000
leaf_count=1293 1320 67 1967 198 93 591 1329 1044 58 77 1174 2673 332 90 646 1604 121 691 268 141 180 161 527 307 521 50 620 1392 346 2000
internal_value=-0.000115397 -0.00247738 0.00461312 0.00136967 -0.00374385 -0.00462307 0.00273393 -0.00414654 0.00117047 -0.0075749 -1.58932e-05 0.00106197 -0.00193413 -0.00127175 -0.00173557 -0.00795507 -0.00600073 -0.00416474 0.00425801 0.00301806 0.00808271 0.000570776 -0.00829228 0.00113277 -0.00249221 0.00426643 0.00932836 -0.00208714 -0.00655242 -0.00078125
internal_weight=21881 14592 7289 3614 10978 9312 5322 1242 1666 4439 1573 4002 4873 4541 4451 4362 2758 2167 2372 2104 399 219 1218 949 642 1963 670 4384 992 3392
internal_count=21881 14592 7289 3614 10978 9312 5322 1242 1666 4439 1573 4002 4873 4541 4451 4362 2758 2167 2372 2104 399 219 1218 949 642 1963 670 4384 992 3392
is_linear=0
shrinkage=0.05


Tree=6
num_leaves=31
num_cat=0
split_feature=4 12 15 11 12 4 13 13 16 13 10 16 12 14 11 12 14 12 15 12 16 10 11 12 15 14 9 10 16 2
split_gain=87.0436 32.424 21.6777 19.9389 18.2938 15.9806 13.8916 24.6633 20.5221 16.032 17.4866 16.4309 15.9643 14.3838 15.2256 16.6741 22.5692 18.8399 13.4263 12.9527 12.5071 12.393 22.4263 17.4826 12.1473 14.959 11.7435 14.0051 12.7054 14.0987
threshold=0.021785074920184989 0.0037861814309102519 -0.022585557374183492 -0.022310337551763478 0.0066896649330910893 0.034143914218675062 16.85000038146973 14.244999885559084 -0.024123115419493465 20.060000419616703 0.0042053175774743332 0.022578234020125935 0.049504484069908934 -0.01759756320211869 0.025024628746897374 0.035394075274519328 0.035115678917499234 0.042234470374777462 0.013076443120155547 -0.067575667738432196 0.034869142310652863 0.0043154223195999162 -0.0043480810751578827 0.03728924944291568 -0.00058000534834123918 0.023268635347166725 0.085962702299620122 -0.0037293651666452927 -0.030220936792579974 -0.032673322669375386
decision_type=2 2 2 2 2 2 2 2 2 2 2 2 2 2 2 2 2 2 2 2 2 2 2 2 2 2 8 2 2 2
left_child=1 18 -3 -2 -4 19 7 13 -8 -10 11 -11 20 -6 15 24 17 -17 26 -5 21 22 -9 -24 -15 -26 28 -28 -1 -30
right_child=3 2 4 5 6 -7 8 12 9 10 -12 -13 -14 14 -16 16 -18 -19 -20 -21 -22 -23 23 -25 25 -27 27 -29 29 -31
leaf_value=0.00031881942449474678 0.00044201404596912891 0.00015693232640044314 -0.0001965909159952077 -0.00029256703139525703 -0.00011820193323680778 0.00032838554740723629 6.050329445812146e-05 0.00015816723150858939 -0.0001433041181320061 0.00012087611383511839 -0.00015840009001375139 -0.00052573817695705045 0.00023090965129459013 -3.4074971918062259e-05 0.00027559898414710094 0.00021106256561665549 -0.00039988711739453119 -2.2226457914824481e-05 0.00017276728467854234 5.357628964305561e-05 -0.00023455301584940911 7.1939884520992329e-05 -2.24556660791405e-05 -0.00022731272641463964 -0.00027145769823903236 -2.2650884249024667e-05 5.2382569970925791e-05 -8.518028422315198e-05 -0.00010073998095162448 8.9009916460802566e-05
leaf_weight=163 730 153 506 84 1488 1511 387 442 2394 273 109 40 246 434 149 367 165 667 422 3775 130 920 1814 259 347 200 880 1242 273 1288
leaf_count=163 730 153 506 84 1488 1511 387 442 2394 273 109 40 246 434 149 367 165 667 422 3775 130 920 1814 259 347 200 880 1242 273 1288
internal_value=-0.000153262 -0.00211639 -0.00349869 0.00491803 -0.00375099 0.00386406 -0.00331687 -0.00215653 -0.00608024 -0.00756392 0.0014218 0.00742812 0.000688796 -0.00499738 -0.00254401 -0.00360092 0.000354462 0.00309478 0.00160497 0.00215729 -0.00016129 0.000414847 -0.00140159 -0.00358177 -0.00843527 -0.0133912 0.000676027 -0.00181433 0.0037413 0.00235426
internal_weight=21858 15758 11490 6100 11337 5370 10831 7628 3203 2816 422 313 3811 3817 2329 2180 1199 1034 4268 3859 3565 3435 2515 2073 981 547 3846 2122 1724 1561
internal_count=21858 15758 11490 6100 11337 5370 10831 7628 3203 2816 422 313 3811 3817 2329 2180 1199 1034 4268 3859 3565 3435 2515 2073 981 547 3846 2122 1724 1561
is_linear=0
shrinkage=0.05


Tree=7
num_leaves=31
num_cat=0
split_feature=4 12 11 15 14 15 4 15 14 10 15 11 0 15 12 11 0 12 10 11 15 15 15 10 10 14 15 12 10 10
split_gain=80.6918 43.5148 21.2733 23.5478 16.0411 16.3446 15.8561 14.5348 11.9387 20.5263 11.7741 11.5767 10.739 9.93055 10.9933 9.79873 9.05527 8.47484 8.3189 8.38537 8.31722 13.0867 22.3921 15.5771 13.2987 12.5391 12.0986 11.2183 10.5121 11.4029
threshold=0.025863045556265247 -0.026522918814270154 0.0077476291069551459 -0.007448064341106341 0.16071726291299396 -0.022585557374183492 0.016456904415004751 -0.0016193060591091488 0.06028471113356227 -0.0037293651666452927 0.013076443120155547 -0.022310337551763478 0.009079254960213114 -0.0092902250186009932 0.017951110302837473 0.048369816433799014 -0.0018467820416040446 -0.062212446145613214 -0.008698781123315567 -0.005386764577225033 0.016837504339256463 0.0050862550746449972 0.0086421904563601677 0.014365364117936543 0.010824096152379449 0.11068884178819839 0.0088827709652943305 -0.014960346116785426 -0.0042544588401209329 0.0092143368425633438
decision_type=2 2 2 2 2 2 2 2 2 2 2 2 2 2 2 2 2 2 2 2 2 2 2 2 2 2 2 2 2 2
left_child=1 2 10 -4 5 -3 8 16 9 18 -1 -2 13 14 -10 20 -6 -13 -7 -20 21 24 27 26 25 28 -24 -23 -8 -30
right_child=11 4 3 -5 7 6 15 -9 12 -11 -12 17 -14 -15 -16 -17 -18 -19 19 -21 -22 22 23 -25 -26 -27 -28 -29 29 -31
leaf_value=0.00010120244420407246 0.00058908845258368037 0.00019762829373383731 0.00037079401539306662 -0.00011534049823340228 6.9110724631322835e-05 -0.00013823094638515537 7.1037959693698565e-05 0.00034941357173006457 -0.00011048400518512544 -7.2117550821869942e-05 0.00032084650513113653 -0.00021589794463951632 5.3466320100070561e-05 -0.00021672629717217046 0.00012276103496018314 -0.00019254388477529108 -0.00018499044568344959 0.00018345624950006007 0.00031188503102313764 3.2076895469629981e-05 8.7542622262080591e-05 9.4603628279447797e-05 0.00045521662827392593 0.0003807443113177367 -0.00020203182778629673 -0.000210215882357066 -6.2618013579551602e-05 -0.00018688951814082764 -2.1008101263861499e-05 0.00015476819304866509
leaf_weight=1653 414 171 67 354 108 52 1308 137 105 4528 188 115 100 491 59 164 69 2972 160 298 459 82 88 103 328 222 1216 1077 4421 359
leaf_count=1653 414 171 67 354 108 52 1308 137 105 4528 188 115 100 491 59 164 69 2972 160 298 459 82 88 103 328 222 1216 1077 4421 359
internal_value=-0.000194348 -0.00152039 0.00497347 -0.00516627 -0.00243247 -0.00265499 -0.0028233 0.00875796 -0.00489815 -0.00401945 0.00729223 0.00676235 -0.0107616 -0.0130916 -0.00243902 -0.00160018 -0.000706215 0.00570943 0.0054902 0.00764192 -0.00139449 -0.00172208 -0.00475448 -0.000515281 -0.000549864 -3.96197e-05 -0.00199387 -0.00990078 0.000386005 -0.000700837
internal_weight=21868 18367 2262 421 16105 15791 15620 314 5793 5038 1841 3501 755 655 164 9827 177 3087 510 458 9663 9204 2566 1407 6638 6310 1304 1159 6088 4780
internal_count=21868 18367 2262 421 16105 15791 15620 314 5793 5038 1841 3501 755 655 164 9827 177 3087 510 458 9663 9204 2566 1407 6638 6310 1304 1159 6088 4780
is_linear=0
shrinkage=0.05


Tree=8
num_leaves=31
num_cat=0
split_feature=4 4 11 10 9 15 15 14 10 15 14 15 14 14 15 15 10 12 14 15 1 12 11 10 9 3 12 13 11 15
split_gain=71.1986 21.302 18.6538 16.5787 14.6735 13.3813 17.0147 18.493 25.1026 18.5023 16.8551 18.8374 14.942 13.657 11.416 10.6996 19.5665 12.2459 10.3816 10.0092 9.45834 8.92263 11.3683 11.8733 8.65736 9.19195 8.61416 11.6126 9.47132 8.28871
threshold=0.020263102999646548 0.034143914218675062 -0.0070947588285928389 -0.013327773622425541 -0.097314600074926691 0.0085132820201773169 0.0046919004912040494 0.06028471113356227 -0.0041029098949924561 -0.012083840038998704 0.040951993391927573 0.0017865049763647891 0.030785511680663128 0.028010740507291913 -0.003867928750447613 0.010633547695277914 0.010363669081824291 -0.062212446145613214 0.11068884178819839 -0.0019769203767976413 -0.0090583727717730694 -0.049048441539310476 -0.0093898392090148147 0.001595000535659419 0.016154544007050079 0.0025452714077759402 0.01743897700487718 13.194999694824221 -0.0017669803293580697 0.0048070620983114995
decision_type=2 2 2 2 10 2 2 2 2 2 2 2 2 2 2 2 2 2 2 2 2 2 2 2 8 2 2 2 2 2
left_child=3 2 21 4 18 6 7 8 14 -9 12 -12 13 24 26 16 17 -4 -1 -6 -21 -2 23 -23 25 -10 28 -28 -5 -19
right_child=1 -3 15 5 19 -7 -8 9 10 -11 11 -13 -14 -15 -16 -17 -18 29 -20 20 -22 22 -24 -25 -26 -27 27 -29 -30 -31
leaf_value=0.00011672588495511486 0.00033236652673816161 0.00036365800286977662 -0.00029185417976445547 1.09794874362152e-05 2.6386752482235147e-05 1.0615276321915887e-05 -0.00013276733037513458 4.3043321866104639e-05 3.1309628281486693e-05 -0.00015814899850406179 0.00020850412714076361 -7.5504165333266284e-05 -0.00022750905747567627 0.0002917785895474127 0.00015050376300422623 0.00010175978340589724 -0.00019596755157134192 4.3748049198920168e-05 -0.00028708557561221443 -6.5235859432603204e-05 0.00036207235041390304 9.8508400030082951e-05 0.00029300294147035832 -8.9247046564580785e-05 -6.029305108707769e-05 -9.4061947367064658e-05 -0.00013231113250142457 0.00018832582062416737 -0.00022432926756182759 -8.6112352698801593e-05
leaf_weight=65 469 1754 63 169 307 2349 1931 226 1218 881 234 129 190 57 432 688 457 2557 92 42 259 823 261 333 4632 286 57 175 79 711
leaf_count=65 469 1754 63 169 307 2349 1931 226 1218 881 234 129 190 57 432 688 457 2557 92 42 259 823 261 333 4632 286 57 175 79 711
internal_value=-0.000100337 0.00361631 0.0022713 -0.00228458 0.00486928 -0.0027041 -0.00345456 -0.00251854 -0.00164534 -0.00855917 -0.0026979 0.00778237 -0.00329391 -0.00287018 0.00614035 0.000513852 -0.000527983 0.000803062 -0.00875796 0.00838816 0.0148671 0.00644221 0.00446366 0.00233564 -0.00309648 0.000199468 0.000833333 0.00775862 -0.00564516 0.00122399
internal_weight=21926 8116 6362 13810 765 13045 10696 8765 7658 1107 6746 363 6383 6193 912 4476 3788 3331 157 608 301 1886 1417 1156 6136 1504 480 232 248 3268
internal_count=21926 8116 6362 13810 765 13045 10696 8765 7658 1107 6746 363 6383 6193 912 4476 3788 3331 157 608 301 1886 1417 1156 6136 1504 480 232 248 3268
is_linear=0
shrinkage=0.05


Tree=9
num_leaves=31
num_cat=0
split_feature=4 12 6 8 10 15 10 13 14 15 14 14 11 14 10 15 15 14 12 13 13 16 10 4 8 10 14 12 16 10
split_gain=71.1222 38.7104 19.1231 16.856 13.0687 15.0114 11.9948 10.8923 11.2932 10.5314 10.3563 10.9747 13.1634 14.1533 9.94272 11.0389 12.2033 14.0177 10.9821 9.87356 13.4693 11.3895 10.6971 9.61521 9.51906 9.46422 8.19741 8.14424 8.13938 8.94187
threshold=0.025863045556265247 -0.026522918814270154 -0.14259934478371963 0.030998502813454069 0.010824096152379449 0.0076542272887412119 -0.01425655493307104 33.719999313354499 -0.053534792570075034 0.0044371742904060216 0.17323568959812755 -0.025685626403374347 0.0079258183849449954 -0.041613677684134036 -0.0041029098949924561 0.011710297773622315 0.0050862550746449972 0.049298283120689408 0.027464825873152136 16.935000419616703 14.244999885559084 -0.034415026574221456 0.0092143368425633438 0.015239816179720126 -0.031310892866963307 -0.015857529403489442 -0.027760594315615391 -0.037333173257957868 0.0071535270211617883 0.010263940972428777
decision_type=2 2 2 10 2 2 2 2 2 2 2 2 2 2 2 2 2 2 2 2 2 2 2 2 8 2 2 2 2 2
left_child=1 3 4 10 23 -6 -5 8 27 -8 11 12 13 -1 15 16 17 -4 25 20 -16 -21 -22 -3 -13 -19 -11 -2 29 -24
right_child=7 2 14 6 5 -7 9 -9 -10 26 -12 24 -14 -15 19 -17 -18 18 -20 21 22 -23 28 -25 -26 -27 -28 -29 -30 -31
leaf_value=0.00017380091363094973 -0.00016861198064750937 -8.2301269828647175e-05 0.00014164718846628073 0.00027590110692696023 -0.00029131707276725503 -7.2584420915090653e-06 -0.00013409172668163609 0.00072532042734877974 0.00022512005315517239 0.00017639535201780139 -0.00018644182285971895 7.4691145163184079e-05 -0.00015262773039882108 -0.00010220262487214962 -4.9070092203919693e-05 0.00027161046602513773 -0.00011987499733638512 0.00012465845005726837 0.00015117034307978317 0.00024415446515686269 1.3571644941200645e-05 -8.6244206572186788e-05 0.00025676528960862148 -3.6907360540035568e-05 0.00023042873558179371 -0.00011342910292245531 -9.2655926205633104e-05 0.00012373742672304453 0.0002809280361456859 -0.00010328863567029218
leaf_weight=259 246 1886 570 166 352 218 316 115 2579 106 56 335 124 103 1685 154 261 166 170 81 1855 1795 43 5926 650 486 135 542 262 98
leaf_count=259 246 1886 570 166 352 218 316 115 2579 106 56 335 124 103 1685 154 261 166 170 81 1855 1795 43 5926 650 486 135 542 262 98
internal_value=-0.000158694 -0.0014076 -0.00227074 0.00473333 -0.00391911 -0.0112281 -0.00155602 0.00639001 0.00587318 -0.00507181 0.0077112 0.00851462 0.00236626 0.00718232 -0.000458956 0.00278085 0.00158802 0.00344828 -0.000729927 -0.00146503 -4.43824e-05 -0.00445096 0.00248007 -0.00338582 0.0115482 -0.00368098 0.00280083 0.000634518 0.00986352 0.000177305
internal_weight=21740 18258 16008 2250 8382 570 723 3482 3367 557 1527 1471 486 362 7626 1807 1653 1392 822 5819 3943 1876 2258 7812 985 652 241 788 403 141
internal_count=21740 18258 16008 2250 8382 570 723 3482 3367 557 1527 1471 486 362 7626 1807 1653 1392 822 5819 3943 1876 2258 7812 985 652 241 788 403 141
is_linear=0
shrinkage=0.05


Tree=10
num_leaves=31
num_cat=0
split_feature=4 11 12 12 11 4 12 16 10 10 16 12 16 14 14 12 12 10 16 16 8 14 10 16 12 5 14 16 11 16
split_gain=68.1214 20.2243 18.4114 17.4397 16.658 15.7383 14.9866 13.6107 10.609 14.8078 10.4951 10.4354 10.0603 10.0128 21.2704 15.2694 10.0025 9.81384 12.1645 9.72191 9.64979 10.2103 11.1501 9.63298 9.32627 9.00349 8.98206 8.39564 8.38715 8.17449
threshold=0.020263102999646548 -0.0070947588285928389 0.0037861814309102519 0.016981710951886612 -0.0080581536357283139 0.030337407327070784 0.018878595009899749 0.0064522728770125557 0.010824096152379449 0.0092143368425633438 0.033771624345270708 -0.05023266322533259 -0.0061252537872872317 -0.077913276979976895 -0.048915299030690522 0.0065049647434682898 0.0027925982816148225 -0.013327773622425541 -0.014737831600570626 -0.027191314272929642 0.029012972334950374 0.076607678117126224 -0.0074311122071506466 0.020179441484516673 0.024150484969903577 0.01090069132270177 -0.001242221342315941 0.0076697196060696591 0.017632918740663531 0.0045713302557610644
decision_type=2 2 2 2 2 2 2 2 2 2 2 2 2 2 2 2 2 2 2 2 8 2 2 2 2 2 2 2 2 2
left_child=2 11 16 13 7 26 12 -5 9 10 20 -2 19 -4 15 -15 17 18 -1 -6 21 22 -8 -9 -12 -16 -3 29 -10 -11
right_child=1 5 3 4 6 -7 8 23 28 27 24 -13 -14 14 25 -17 -18 -19 -20 -21 -22 -23 -24 -25 -26 -27 -28 -29 -30 -31
leaf_value=-5.5980316594153809e-05 0.00041977610928190483 -2.5621670257785276e-05 -0.00020687746048074582 0.00015826675656764917 9.3549745993026665e-05 0.00021941963362845623 0.00029009526419336622 -0.00019804434435222672 -0.00031310012562967926 5.8173454272029539e-05 3.2457327260467638e-05 0.00013082338818336289 0.00017252732750189166 -0.00018882438702353961 -0.00014141751144368218 0.00014961740518187224 0.00017543829740922988 -1.0781771175256192e-05 0.00017793753782734351 -0.00013764557135712233 -9.3368682375042205e-05 -0.00018779161325671877 -1.6343895854774653e-05 4.3549967194555978e-05 -0.00016568762335338269 -3.4352567012263787e-05 6.5729810506546475e-05 0.00024010956335527526 -6.4491502621469133e-05 -0.00014495544224642286
leaf_weight=166 547 2570 160 406 54 1586 68 109 203 203 68 1850 256 74 1207 217 160 2805 379 93 1830 247 3755 73 356 436 1565 145 251 53
leaf_count=166 547 2570 160 406 54 1586 68 109 203 203 68 1850 256 74 1207 217 160 2805 379 93 1830 247 3755 73 356 436 1565 145 251 53
internal_value=-7.30861e-05 0.00355999 -0.00221432 -0.00328332 -0.0022399 0.00194459 -0.00286864 0.00586735 -0.00339532 -0.00289591 -0.00348672 0.00741552 0.00651365 -0.00735435 -0.00635988 0.00609966 0.000911681 0.000328358 0.00646789 -0.00391156 -0.00294068 -0.00158477 -0.000948208 -0.00549451 -0.0110849 -0.00856665 0.000320435 0.00642145 -0.010793 0.000976562
internal_weight=21892 8118 13774 10264 8170 5721 7582 588 7179 6725 6324 2397 403 2094 1934 291 3510 3350 545 147 5900 4070 3823 182 424 1643 4135 401 454 256
internal_count=21892 8118 13774 10264 8170 5721 7582 588 7179 6725 6324 2397 403 2094 1934 291 3510 3350 545 147 5900 4070 3823 182 424 1643 4135 401 454 256
is_linear=0
shrinkage=0.05


Tree=11
num_leaves=31
num_cat=0
split_feature=4 11 4 12 15 16 10 12 12 16 15 15 11 9 15 10 16 12 11 9 15 11 11 9 12 12 10 11 16 16
split_gain=64.9802 19.7362 15.9595 15.7293 18.3596 14.1534 13.0669 11.9451 9.77999 9.68237 12.8675 22.588 11.9271 10.3417 9.08246 12.1498 8.89639 8.84045 9.8377 8.46269 8.2288 8.54391 11.0048 9.60015 8.18595 8.03931 7.83195 11.6675 9.86735 8.65546
threshold=0.020429973718708392 -0.035697705395590577 0.034889833291222923 0.0037861814309102519 -0.017481033476577031 -0.016739511421553496 -0.0016165810670417111 0.0066896649330910893 0.0027925982816148225 0.043360056119399311 0.0093608867568876226 0.0043381488092767437 0.027231937128701426 0.030349291396460146 -0.00026064196312514104 -0.0051366916161676426 -0.041184164499399205 0.00075809453830288931 -0.03145344780031472 0.0653562555113988 0.010633547695277914 0.028626445493023959 0.025734816417073651 -0.29141021327575795 0.052412040834153968 -0.032606215925707109 0.0040309236924269696 -0.010607926324274484 0.010341062464514496 -0.015546859150781188
decision_type=2 2 2 2 2 2 2 2 2 2 2 2 2 8 2 2 2 2 2 8 2 2 2 10 2 2 2 2 2 2
left_child=3 -2 5 8 24 -3 -7 -6 14 10 11 13 -12 16 19 17 -9 18 -16 -1 21 22 23 -8 -5 -25 27 -17 29 -28
right_child=1 2 -4 4 7 6 20 9 -10 -11 12 -13 -14 -15 15 26 -18 -19 -20 -21 -22 -23 -24 25 -26 -27 28 -29 -30 -31
leaf_value=3.1294681015893447e-05 0.00055652821713658349 0.00011680193655932469 0.00031148320532304328 8.9199974620049133e-05 -0.00017337493804783668 9.6930423142494034e-05 -0.00015301037261957002 -0.00016542400883971735 0.00017853218147379936 -0.00020111689652857272 -7.505120650595906e-06 -0.00013608758190124885 0.0002136945762484059 -5.2918318386934849e-05 -0.00026522658929499065 3.6205915517924929e-05 1.2500997724316241e-05 -0.00010055152295609831 0.00021635942280635252 -7.5365299605501765e-05 6.2261416240413494e-05 -0.00011808144569624632 0.0002870660918253024 -0.00017706668688314813 -5.0475133063381928e-05 2.272125805998027e-05 0.00032997355656050575 -0.00015885402169996609 0.00014939048071082952 -7.7686121914825282e-05
leaf_weight=567 363 1314 1579 272 460 1420 468 64 172 91 1236 1843 169 4134 44 296 2055 74 429 1040 618 529 86 132 89 1307 44 339 325 289
leaf_count=567 363 1314 1579 272 460 1420 468 64 172 91 1236 1843 169 4134 44 296 2055 74 429 1040 618 529 86 132 89 1307 44 339 325 289
internal_value=-0.000231142 0.00342247 0.00286797 -0.00226625 -0.00325315 0.00166837 0.000350877 -0.00365101 0.000573363 -0.00327356 -0.00311809 -0.00388463 0.00129893 -0.00245082 -7.25268e-06 0.0023913 0.000389335 0.00863803 0.0111522 -0.00275358 -0.00144904 -0.0027161 -0.00121676 -0.00200577 0.00782548 1.73732e-05 -0.000251353 -0.0042126 0.00357143 -0.00247748
internal_weight=21848 7816 7453 14032 10413 5874 4560 10052 3619 9592 9501 8096 1405 6253 3447 1840 2119 547 473 1607 3140 2522 1993 1907 361 1439 1293 635 658 333
internal_count=21848 7816 7453 14032 10413 5874 4560 10052 3619 9592 9501 8096 1405 6253 3447 1840 2119 547 473 1607 3140 2522 1993 1907 361 1439 1293 635 658 333
is_linear=0
shrinkage=0.05


Tree=12
num_leaves=31
num_cat=0
split_feature=4 11 10 13 16 13 11 10 11 10 16 11 15 15 6 9 10 10 13 15 15 15 15 2 11 11 11 13 11 16
split_gain=52.2426 23.0486 16.4176 14.9351 23.612 22.1625 22.3755 16.8534 14.6667 13.8807 13.8348 13.7956 15.1026 13.2718 13.2346 12.0493 17.5201 14.7329 11.4526 10.4499 26.0494 13.2768 12.5553 14.2776 11.2736 11.1382 17.3172 17.0847 13.2406 10.8471
threshold=0.024673541834639375 -0.0060505847997984188 -0.011231004293396683 16.935000419616703 -0.016984030177060735 15.425000190734865 0.00036207217257600016 0.0046724002397113837 -0.0043480810751578827 0.001595000535659419 -0.050833233603516985 0.00066759209085187632 -0.0057104927354155724 -0.0061317779410346432 -0.83032908816097273 0.092798667825992567 -0.0066375286305050954 -0.013327773622425541 31.844999313354496 0.0074541937545147272 0.011063466063931051 0.015520720535298406 0.0053542104853159253 -0.0095939633482156599 0.0051016705998240272 0.021985300450528603 0.018027323901660845 13.869999885559084 0.013034559844421813 0.0042364834636962065
decision_type=2 2 2 2 2 2 2 2 2 2 2 2 2 2 2 8 2 2 2 2 2 2 2 2 2 2 2 2 2 2
left_child=1 9 -3 5 -5 6 -4 8 -7 15 -11 -8 13 -13 -9 16 17 -1 -2 22 -21 -22 25 -24 -23 26 28 -27 -14 -29
right_child=18 2 3 4 -6 7 11 14 -10 10 -12 12 19 -15 -16 -17 -18 -19 -20 20 21 24 23 -25 -26 27 -28 29 -30 -31
leaf_value=0.00014640564878813837 0.00012634999011956993 0.00014945154491209837 -0.00014171711710437313 4.3310984309088627e-05 -0.00010494018435999675 0.00030526037358375542 0.00035029549296034619 -5.8343307260893188e-05 -3.1256311558908006e-05 0.00032777237960755111 -6.6483675441663274e-05 1.1538079324285747e-05 -6.7655121288973025e-06 0.00031521579132829546 0.00014338136689127199 4.6082694353103907e-06 0.00016383407244943034 -6.875545069467055e-05 0.00058952487234956489 0.00026211081039240311 -0.00016183648130531098 -0.0005616132972551983 -1.0497063821185774e-05 -0.00026770885649874695 9.2569987727365597e-05 -0.00030439278957315616 8.7284236661587896e-05 0.00020739071629881489 -0.00013619724871028347 -8.4928962941099346e-05
leaf_weight=413 3811 369 938 653 3252 93 47 156 1522 46 1169 1194 1167 93 748 1786 789 484 177 322 351 46 161 319 287 185 240 67 662 215
leaf_count=413 3811 369 938 653 3252 93 47 156 1522 46 1169 1194 1167 93 748 1786 789 484 177 322 351 46 161 319 287 185 240 67 662 215
internal_value=-0.000232056 -0.00139248 -0.00247001 -0.00277166 -0.00534571 -0.00163111 -0.00321735 0.00233227 -0.000727554 0.00161617 -0.00298354 -0.00196975 -0.00220851 0.00250583 0.00779867 0.00322581 0.00625741 0.00147715 0.00493982 -0.00371706 0.000695825 -0.00482456 -0.00518899 -0.0126042 0.00232733 -0.00378549 -0.00221121 -0.0107602 -0.00386823 -0.00301418
internal_weight=21762 17774 13087 12718 3905 8813 6294 2519 1615 4687 1215 5356 5309 1287 904 3472 1686 897 3988 4022 1006 684 3016 480 333 2536 2069 467 1829 282
internal_count=21762 17774 13087 12718 3905 8813 6294 2519 1615 4687 1215 5356 5309 1287 904 3472 1686 897 3988 4022 1006 684 3016 480 333 2536 2069 467 1829 282
is_linear=0
shrinkage=0.05


Tree=13
num_leaves=31
num_cat=0
split_feature=4 13 12 15 13 13 13 6 15 13 16 15 15 14 15 12 14 14 13 16 3 14 14 5 14 16 14 12 14 14
split_gain=44.542 18.1681 15.4822 15.9481 15.5492 24.1241 15.9686 11.8458 11.1542 10.9847 10.8776 10.6975 21.6298 14.3941 14.0649 12.5658 12.1488 15.5231 10.9182 9.54119 11.0839 9.05704 9.00792 8.44799 8.34201 8.25732 8.24294 8.11614 8.53061 18.4854
threshold=0.020784652471889719 33.719999313354499 0.0037861814309102519 -0.017481033476577031 16.85000038146973 20.060000419616703 16.510000228881839 -0.067212391621788728 0.013076443120155547 21.409999847412113 -0.027059603609215884 0.0091537234435125087 0.0044566681012526707 0.055948056460050417 0.011063466063931051 0.05549660890243658 0.06028471113356227 0.040951993391927573 16.285000801086429 0.0035627444417861702 0.0033729658959272828 0.031770832380203846 0.025331387226238514 0.021242891888376528 0.041854253665611248 -0.0038630513716917387 -0.14356568835631797 0.0062346335449628984 -0.043478201036805324 -0.021911996714153944
decision_type=2 2 2 2 2 2 2 2 2 2 2 2 2 2 2 2 2 2 2 2 2 2 2 2 2 2 2 2 2 2
left_child=2 7 8 -4 6 10 11 -2 26 -7 -6 12 16 15 -13 25 17 18 21 -18 -21 22 27 -9 -11 -14 -1 -5 -29 -30
right_child=1 -3 3 4 5 9 -8 23 -10 24 -12 14 13 -15 -16 -17 19 -19 -20 20 -22 -23 -24 -25 -26 -27 -28 28 29 -31
leaf_value=0.00020632802485359843 1.8429878165689834e-05 0.00059875150063580312 5.8389414881581617e-05 -0.00020987921083235488 3.9720361874542002e-05 0.00011360761419515875 8.5062189517676407e-05 7.7556249546844805e-05 0.00017161680648263393 -0.00025893785126589761 -0.00012557193798685864 0.00016006715096465219 -1.8883845087917124e-05 0.00017587182165875329 -2.130375285006275e-05 0.00019907021164789894 -0.0002256708698676661 0.00017968077707541491 0.00010507171603827701 -0.00013187724341601244 0.00023462372646417375 -0.00023365366072840445 0.00020307924391445853 0.00041066744162588005 4.7073850949865905e-05 -0.00018059824946184375 -4.2758800936243053e-06 3.5765880329116306e-05 -0.0001250504763208982 -6.9836323252755286e-06
leaf_weight=96 4020 164 371 68 112 351 500 2378 359 64 2398 316 160 48 835 69 300 201 199 176 57 106 63 764 80 978 3337 678 605 1922
leaf_count=96 4020 164 371 68 112 351 500 2378 359 64 2398 316 160 48 835 69 300 201 199 176 57 106 63 764 80 978 3337 678 605 1922
internal_value=-0.000118255 0.0030576 -0.00172849 -0.00270479 -0.00307214 -0.00609817 -0.00182324 0.00268082 0.0010153 0.0039899 -0.00808765 -0.00245908 -0.00335702 -0.00914343 0.0019331 -0.0102113 -0.00169714 -0.000715773 -0.00146251 -0.00877111 -0.00118026 -0.00212086 -0.00166367 0.0049809 -0.00763889 -0.0114675 0.000138363 -0.00202414 -0.00166147 -0.00299763
internal_weight=21775 7326 14449 10657 10286 3005 7281 7162 3792 495 2510 6781 5630 1255 1151 1207 4375 3842 3641 533 233 3442 3336 3142 144 1138 3433 3273 3205 2527
internal_count=21775 7326 14449 10657 10286 3005 7281 7162 3792 495 2510 6781 5630 1255 1151 1207 4375 3842 3641 533 233 3442 3336 3142 144 1138 3433 3273 3205 2527
is_linear=0
shrinkage=0.05


Tree=14
num_leaves=31
num_cat=0
split_feature=4 11 12 12 4 16 8 14 14 12 16 13 11 12 4 16 16 13 13 13 0 12 11 3 16 12 13 14 14 6
split_gain=43.3939 19.6639 14.0778 14.9782 11.6413 12.699 10.9445 9.54662 19.8025 10.4848 9.5689 13.9688 8.98363 8.35584 8.21399 8.91521 9.1462 7.96923 12.2053 9.05587 8.67581 8.81837 9.13673 7.95676 9.10714 7.68993 7.77218 9.46746 7.57116 7.46127
threshold=0.020545045812651808 -0.035697705395590577 0.0037861814309102519 0.0077064293796303982 0.035701508275130765 -0.016739511421553496 0.024918335257234529 0.059971774713864064 -0.0015377949631008578 0.0086975765073127338 0.0058026218147626549 12.84500026702881 -0.020171836765592806 0.013959702571110679 0.013646908396423041 0.033771624345270708 -0.036850905642938185 18.214999198913578 19.585000038146976 13.414999961853029 0.0011377283403016805 0.048426853318079395 0.0072949699106841246 0.0035035194765197235 0.0081854843905014869 0.05735486248043898 20.255000114440922 -0.012410493039419599 0.018287022450050875 -1.1339833707552989
decision_type=2 2 2 2 2 2 8 2 2 2 2 2 2 2 2 2 2 2 2 2 2 2 2 2 2 2 2 2 2 2
left_child=2 -2 -1 -4 5 -3 7 8 9 -5 11 -10 -8 -12 -11 16 -16 19 -19 -14 -21 -22 -23 24 -9 26 -7 -28 -15 -18
right_child=1 4 3 6 -6 25 12 23 10 14 13 -13 17 28 15 -17 29 18 -20 20 21 22 -24 -25 -26 -27 27 -29 -30 -31
leaf_value=8.9552349301720922e-06 0.00049830406875399163 0.00010525610396518462 -0.00012744021465929415 0.00018897756095064599 0.00028169323483941128 4.3048700591462019e-05 0.00013405252843250607 -5.7879881999432005e-05 -9.2007090969267846e-05 -0.0001018439361726152 -0.00019533724776350198 0.00012238233546379602 -0.00010365827154193219 -5.0954616571022076e-05 -0.00013304716622768051 -0.0001933056740627991 -0.00013472195244995682 -0.00020654086437470436 -1.332745507072828e-05 1.9880703427535434e-05 -8.3554573033217292e-05 0.00027749249867916416 -4.8532999209745851e-05 8.3975081556859432e-05 -0.00028761606124327042 -9.054940553398228e-05 -0.00013656462185775007 3.3021430591382389e-05 9.6199814272588706e-05 -6.4483268480646732e-06
leaf_weight=3653 357 1280 630 83 1471 3038 64 418 146 291 84 1067 912 467 140 150 192 369 251 891 1087 75 77 109 157 509 507 468 395 2503
leaf_count=3653 357 1280 630 83 1471 3038 64 418 146 291 84 1067 912 467 140 150 192 369 251 891 1087 75 77 109 157 509 507 468 395 2503
internal_value=-0.000282725 0.00275885 -0.00191577 -0.00284145 0.00219648 0.00118925 -0.00236704 -0.0010803 -0.000389634 -0.00279101 0.00334646 0.00628607 -0.00450886 -0.000422833 -0.00323565 -0.00245394 -0.0018254 -0.00483342 -0.01 -0.00378041 -0.00199531 -0.00470137 0.00657895 -0.00665205 -0.009 -5.52853e-05 0.000679043 -0.00320513 0.00104408 -0.00117811
internal_weight=21841 7630 14211 10558 7273 5802 9928 6202 5518 3359 2159 1213 3726 946 3276 2985 2835 3662 620 3042 2130 1239 152 684 575 4522 4013 975 862 2695
internal_count=21841 7630 14211 10558 7273 5802 9928 6202 5518 3359 2159 1213 3726 946 3276 2985 2835 3662 620 3042 2130 1239 152 684 575 4522 4013 975 862 2695
is_linear=0
shrinkage=0.05


Tree=15
num_leaves=31
num_cat=0
split_feature=4 11 12 15 13 13 13 13 15 16 16 15 5 15 15 15 10 14 16 14 11 13 14 16 11 14 15 12 16 16
split_gain=37.7155 19.7127 14.0191 17.0986 14.639 18.5516 16.1186 14.2321 13.7759 11.6148 20.532 12.2602 11.5109 11.4079 20.1073 12.6817 14.6426 11.9042 10.6458 10.6401 16.2445 13.2926 13.2152 12.013 11.9003 13.5468 10.8902 10.531 10.7586 10.3558
threshold=0.020545045812651808 -0.035697705395590577 0.0037861814309102519 -0.023194394568429363 16.85000038146973 20.060000419616703 16.510000228881839 20.814999580383304 -0.0076246439224209031 0.01115127598205712 0.010163365407607651 0.0021407822259859048 0.01999144991626604 0.0091537234435125087 0.0044566681012526707 0.01118099885149171 -0.0057060977224409606 0.055948056460050417 -0.016739511421553496 -0.043478201036805324 0.014107159275651539 15.75500011444092 -0.029587498132827402 -0.0077665113397038512 0.015047033906525955 -0.001242221342315941 -0.0071535438336489112 0.05549660890243658 -0.0038630513716917387 -0.015831211317022583
decision_type=2 2 2 2 2 2 2 2 2 2 2 2 2 2 2 2 2 2 2 2 2 2 2 2 2 2 2 2 2 2
left_child=2 -2 -1 -4 6 8 13 -7 -6 10 11 -10 18 14 19 -15 -17 27 -3 20 21 -5 29 -24 25 26 -25 28 -16 -21
right_child=1 12 3 4 5 7 -8 -9 9 -11 -12 -13 -14 15 17 16 -18 -19 -20 22 -22 -23 23 24 -26 -27 -28 -29 -30 -31
leaf_value=1.2756919819741693e-05 0.00044628441237091218 8.9550500421425362e-05 0.00017077742565667646 -7.2450290450380624e-05 1.0277928484961731e-05 0.00013787089944599227 9.1007626158774561e-05 -4.3991252968376016e-05 -3.6110276804797018e-05 -0.00017514539377815963 0.00037159098972788064 -0.00017096761565527077 0.0002251662223337462 0.00017207229293333731 2.4751819481255234e-05 0.00045447658014775502 -4.9637574692622022e-05 0.00013674271716063003 -6.2612528619575281e-06 9.9073014665641062e-05 0.00013757061084557087 0.00015865607053720869 -7.0017220186262836e-05 -5.367825694054633e-05 -8.7576876880095895e-05 -6.6787979913621179e-06 0.00015625601311227978 0.00020325529287123223 -0.00017300233984203305 -0.0002108287808887951
leaf_weight=3684 346 1248 88 393 386 264 510 276 820 725 56 534 1961 342 164 70 728 46 4081 42 318 96 1202 80 545 1079 431 62 1011 340
leaf_count=3684 346 1248 88 393 386 264 510 276 820 725 56 534 1961 342 164 70 728 46 4081 42 318 96 1202 80 545 1079 431 62 1011 340
internal_value=-0.000191536 0.00264536 -0.00170725 -0.00263009 -0.00281369 -0.00572525 -0.00161885 0.00268519 -0.00752678 -0.00909836 -0.0064539 -0.00768095 0.00209191 -0.00224852 -0.00314598 0.00232456 -0.00112782 -0.00867108 0.000886658 -0.00157976 0.00362454 -0.00209611 -0.00270906 -0.00170063 0.000550351 0.00273585 0.00944227 -0.00959984 -0.0106596 -0.0115183
internal_weight=21928 7636 14292 10608 10520 3061 7459 540 2521 2135 1410 1354 7290 6949 5809 1140 798 1283 5329 4526 807 489 3719 3337 2135 1590 511 1237 1175 382
internal_count=21928 7636 14292 10608 10520 3061 7459 540 2521 2135 1410 1354 7290 6949 5809 1140 798 1283 5329 4526 807 489 3719 3337 2135 1590 511 1237 1175 382
is_linear=0
shrinkage=0.05


Tree=16
num_leaves=31
num_cat=0
split_feature=4 12 6 13 10 15 15 11 11 11 15 15 14 14 14 7 15 11 14 10 10 15 15 10 11 15 12 12 14 14
split_gain=35.7278 25.717 12.9527 12.2868 12.0356 11.4276 18.0466 16.0683 10.396 10.0083 9.76532 9.71703 9.46477 9.32577 10.5552 8.56197 8.55956 8.25764 8.22185 18.8998 11.0185 9.81724 8.79824 10.3671 10.0884 19.403 14.5363 11.994 10.2789 9.92681
threshold=0.025863045556265247 -0.026522918814270154 -0.093193544068606415 33.719999313354499 0.010824096152379449 -0.0085851799619650598 -0.0063532075486203978 0.01160523990497442 -0.025492128925019227 -0.040606280288626444 0.013076443120155547 0.0076542272887412119 -0.053534792570075034 0.16071726291299396 0.13936216153879713 0.018460929022900422 0.0002488804252200883 0.048369816433799014 0.059971774713864064 -0.0052693175336530054 -0.008698781123315567 -0.012083840038998704 -0.0078272753055728655 0.0092143368425633438 0.021985300450528603 0.0076376693844083529 -0.01116014011506866 0.037030604996718515 -0.091137781806863202 -0.048915299030690522
decision_type=2 2 2 2 2 2 2 2 2 2 2 2 2 2 2 2 2 2 2 2 2 2 2 2 2 2 2 2 2 2
left_child=1 5 4 12 18 8 -7 10 9 -1 15 16 -2 14 -4 -8 -6 -14 19 20 -3 -20 -21 24 26 -26 -24 -27 -28 -25
right_child=3 2 13 -5 11 6 7 -9 -10 -11 -12 -13 17 -15 -16 -17 -18 -19 21 22 -22 -23 23 29 25 27 28 -29 -30 -31
leaf_value=0.0004273766412783589 -3.0932187042674502e-05 -5.9334541684709367e-05 -5.6663072971456769e-06 0.00058033327546549811 -2.769568942553413e-05 -0.00024081109512997064 6.5311588077511965e-05 -9.7620334307858662e-05 0.00027636110399886625 -0.00010398948759128072 0.00027301210024359331 -2.9843866246832395e-05 0.00016837380957795359 0.00012597509795638957 -0.00016942637663253254 -4.0962049307936062e-05 -0.00028661232285468727 -0.0001396670990650117 3.7046044193109849e-05 1.9254984500383881e-05 0.00017555995317677855 -0.0001109355403973022 -0.00029333849744954122 -3.9934898565755204e-05 -0.00018370076959420942 -6.8577661972247814e-05 0.0002898946867351817 0.00041025897941358521 -4.1126925774537684e-05 0.00022343387964944951
leaf_weight=95 766 95 6976 120 115 95 957 221 252 112 185 222 2587 203 83 333 256 78 186 943 379 1013 185 199 536 142 86 79 4193 177
leaf_count=95 766 95 6976 120 115 95 957 221 252 112 185 222 2587 203 83 333 256 78 186 943 379 1013 185 199 536 142 86 79 4193 177
internal_value=-0.000316658 -0.00120646 -0.00190752 0.00427344 -0.00319668 0.0038 0.00199609 0.00318396 0.0108388 0.00253623 0.0050678 -0.0100759 0.0037234 -0.000344258 -0.000648109 0.00352713 -0.015027 0.00513133 -0.00269999 -0.00204591 0.00759494 -0.00652627 -0.00274465 -0.00349741 -0.00407489 -0.00941215 -0.0031698 0.0030543 -0.00257654 0.00452128
internal_weight=21869 18318 16068 3551 8806 2250 1791 1696 459 207 1475 593 3431 7262 7059 1290 371 2665 8213 7014 474 1199 6540 5597 5221 757 4464 221 4279 376
internal_count=21869 18318 16068 3551 8806 2250 1791 1696 459 207 1475 593 3431 7262 7059 1290 371 2665 8213 7014 474 1199 6540 5597 5221 757 4464 221 4279 376
is_linear=0
shrinkage=0.05


Tree=17
num_leaves=31
num_cat=0
split_feature=5 11 10 15 9 14 8 14 14 11 15 11 12 11 15 12 11 12 9 10 15 16 15 16 16 11 15 7 12 10
split_gain=32.5397 15.607 13.3678 11.7385 11.3699 13.4669 10.4988 12.7874 18.3116 14.1878 10.3619 9.93423 13.4053 10.0002 12.0135 9.0342 9.01922 12.6633 8.84437 8.76195 8.43181 8.30334 7.70401 13.4245 12.1594 9.56577 7.65979 7.10511 6.77123 8.38086
threshold=0.012958901390826665 -0.0070947588285928389 -0.013327773622425541 -0.022585557374183492 -0.064898369545578302 0.11068884178819839 0.025372437751527092 0.059971774713864064 0.003286853869637119 -0.029337465505850421 0.018108238016097958 -0.0027153549187989841 0.039535429678634555 1.0000000180025095e-35 -1.0000000180025095e-35 -0.023938003454768261 -0.022310337551763478 -0.039191737143437648 0.13621856000157254 0.0025358686375718258 0.017786380286380247 -0.0076046514022693459 -0.0040895520339909721 -0.0099450045201294173 0.012017378930722968 1.0000000180025095e-35 0.018960841739885107 0.0066399824639711289 -0.037333173257957868 -0.008698781123315567
decision_type=2 2 2 2 10 2 8 2 2 2 2 2 2 2 2 2 2 2 10 2 2 2 2 2 2 2 2 2 2 2
left_child=2 28 4 -4 5 -1 7 8 9 -5 18 -10 13 -13 19 -9 -11 -18 27 -15 -8 -14 24 -24 25 -6 -22 -3 -2 -30
right_child=1 10 3 6 22 -7 20 15 11 16 -12 12 21 14 -16 -17 17 -19 -20 -21 26 -23 23 -25 -26 -27 -28 -29 29 -31
leaf_value=0.00015049874064190566 0.00027960949331662155 2.6672429281151189e-05 0.00012352967185117183 0.00036173601318695243 0.00012655749431134163 -0.00019921993437538164 -6.0624873282340417e-05 8.1890436257305024e-05 0.00010694100065282426 -0.00020472232955414668 0.00021157845095348449 -0.00018999119161767521 0.00021341572343375184 0.0001303557228929686 -5.6350091318038073e-05 -9.4631662882483682e-05 0.00017514607101627575 -3.8306640539751769e-05 0.00011212718017717082 -0.00012347689842398231 0.00033921032542786543 5.0245899131325625e-05 -0.00010301599403101572 0.00033335821008775461 -0.00021219834977307048 -0.00016002030801991657 1.4865963295694228e-05 -4.7350782958010233e-05 -5.2170246295711341e-05 0.00016311232709325074
leaf_weight=94 664 1994 185 94 218 139 4876 74 702 93 168 100 170 358 690 885 107 4830 1241 87 43 363 49 230 70 48 134 1759 416 1029
leaf_count=94 664 1994 185 94 218 139 4876 74 702 93 168 100 170 358 690 885 107 4830 1241 87 43 363 49 230 70 48 134 1759 416 1029
internal_value=-0.000371976 0.00236212 -0.00172997 -0.00210463 0.00436321 -0.00504292 -0.00227473 -0.00120718 -0.000520147 -0.00222482 0.000881441 0.00301619 0.0010181 -0.00184211 -0.000506608 -0.00664755 -0.00258449 -0.0022939 0.000470565 0.00589888 -0.00408173 0.0076454 0.00792683 0.0140681 0.00282738 0.00770677 0.00663842 -0.000739408 0.00598625 0.00406574
internal_weight=21910 7271 14639 13791 848 233 13606 8553 7594 5124 5162 2470 1768 1235 1135 959 5030 4937 4994 445 5053 533 615 279 336 266 177 3753 2109 1445
internal_count=21910 7271 14639 13791 848 233 13606 8553 7594 5124 5162 2470 1768 1235 1135 959 5030 4937 4994 445 5053 533 615 279 336 266 177 3753 2109 1445
is_linear=0
shrinkage=0.05


Tree=18
num_leaves=31
num_cat=0
split_feature=4 11 6 12 0 0 10 15 15 12 15 11 6 14 11 9 14 14 13 12 12 14 14 13 14 13 10 4 15 13
split_gain=33.1199 18.219 14.2715 10.2587 8.96355 10.02 7.28985 9.56295 12.2968 10.7946 11.8835 9.61719 7.22856 9.53308 6.38108 11.9172 13.7841 9.46552 8.01399 8.54968 13.7908 9.39655 13.037 8.13366 7.72614 10.5724 12.361 11.2871 9.15186 11.7047
threshold=0.020157893341131446 -0.035697705395590577 0.58283027715432423 0.048519167358985434 -0.013288387349122853 0.02538931747259288 0.0027897371119552932 0.0086421904563601677 0.0055185979138766559 0.0066896649330910893 0.0045410436204459401 0.030456421062291409 -1.5737407532438985 -0.013287751267225366 -0.01262108781240978 -0.12910162680925072 -0.0099321131423574776 0.11068884178819839 17.394999504089359 0.0037861814309102519 -0.0045413720184895303 -0.03839547318596314 -0.026973540467474796 17.795000076293949 0.059971774713864064 14.994999885559084 -0.0052693175336530054 0.015287322286815454 0.0044371742904060216 16.935000419616703
decision_type=2 2 2 2 2 2 2 2 2 2 2 2 2 2 2 10 2 2 2 2 2 2 2 2 2 2 2 2 2 2
left_child=2 -2 12 4 -3 6 -6 8 9 10 -8 -9 13 -1 15 16 -14 -18 24 20 23 -21 -23 -20 25 26 -16 -28 -27 -30
right_child=1 3 -4 -5 5 -7 7 11 -10 -11 -12 -13 14 -15 18 -17 17 -19 19 21 -22 22 -24 -25 -26 28 27 -29 29 -31
leaf_value=-0.00018752384534496724 0.00044075330557306137 0.00015578390054146992 1.8786136948047672e-05 -4.1349774658306198e-05 5.1799085205206033e-05 0.00025233165887451859 -0.00014731428527716642 8.4191664269797111e-06 -0.00015770245752192176 7.1863161908205768e-05 0.00023948215247070594 0.00035318755847297786 -0.00032597816658212092 1.9504617233635867e-05 0.00021154774384651701 4.9100852774891041e-05 3.947030985679849e-05 -0.00023197944071546656 -0.00029365318482564009 -0.00020466984783774753 0.00017490519840929208 0.00013748196368933223 -8.7504476422222604e-05 -3.5698163387905489e-05 -0.00011100185455080884 4.203547034859134e-05 -0.00010495100020301158 -3.1758046747340533e-05 -6.520899560981484e-06 -0.00013084394701374914
leaf_weight=137 372 1274 3153 1164 2743 574 530 547 347 600 51 122 97 103 124 1097 192 61 66 330 151 151 1019 412 574 1578 925 2410 857 154
leaf_count=137 372 1274 3153 1164 2743 574 530 547 347 600 51 122 97 103 124 1097 192 61 66 330 151 151 1019 412 574 1578 925 2410 857 154
internal_value=-0.000261237 0.00222249 -0.00178243 0.00171655 0.00246022 0.00158687 0.000860324 -0.00128584 -0.00346859 -0.00103726 -0.00589501 0.00369955 -0.00267293 -0.01125 -0.00247107 0.000604699 -0.00742857 -0.00128458 -0.00297966 -0.00564819 -0.000755167 -0.0077 -0.00559829 -0.00491632 -0.00212172 -0.00159557 -0.00340416 -0.00398051 0.00082078 -0.00289318
internal_weight=21915 8324 13591 7952 6788 5514 4940 2197 1528 1181 581 669 10438 240 10198 1447 350 253 8751 2129 629 1500 1170 478 6622 6048 3459 3335 2589 1011
internal_count=21915 8324 13591 7952 6788 5514 4940 2197 1528 1181 581 669 10438 240 10198 1447 350 253 8751 2129 629 1500 1170 478 6622 6048 3459 3335 2589 1011
is_linear=0
shrinkage=0.05


Tree=19
num_leaves=31
num_cat=0
split_feature=4 11 13 15 10 12 14 14 14 10 10 16 13 11 12 13 15 12 15 15 15 15 15 13 10 4 13 13 14 16
split_gain=28.5423 21.5182 13.9807 9.88822 9.15905 8.9886 15.0579 8.88305 10.1103 11.7801 14.8227 9.88438 8.75234 10.1933 12.3992 9.0504 8.68591 9.93928 8.53084 8.46506 14.7173 10.9096 8.89005 8.72623 8.50946 9.35462 8.78695 14.1955 9.63964 8.28725
threshold=0.018618603013336132 -0.0070947588285928389 17.875000000000004 0.011998955305282501 0.010363669081824291 0.048519167358985434 -0.042370343814534299 -0.033094273980848292 0.14228104891203866 -0.01425655493307104 -0.011742889521192066 0.010163365407607651 18.260000228881839 0.00036207217257600016 -0.062212446145613214 20.865000724792484 -0.013299157163673079 -0.037333173257957868 -0.0036486016831196451 -0.0051394484859333947 -0.0062533178290654625 -0.0048959899972514367 0.0093608867568876226 12.84500026702881 0.010824096152379449 0.016081768914882399 20.060000419616703 21.409999847412113 0.06028471113356227 -0.016739511421553496
decision_type=2 2 2 2 2 2 2 2 2 2 2 2 2 2 2 2 2 2 2 2 2 2 2 2 2 2 2 2 2 2
left_child=19 7 5 4 12 16 -7 11 9 -9 18 -2 -4 -14 -15 -16 -3 -18 -11 20 23 -21 24 -1 25 26 28 -28 -23 -12
right_child=1 2 3 -5 -6 6 -8 8 -10 10 29 -13 13 14 15 -17 17 -19 -20 21 -22 22 -24 -25 -26 -27 27 -29 -30 -31
leaf_value=-0.00010860616544764539 -6.0892721090293012e-05 0.00017205441351881152 -0.00017960060269526869 0.00011094494591532461 -0.00018383163041991581 0.00026439692004487885 -8.9146935947341619e-05 0.00047812427963424471 -1.1032816778706878e-05 -0.00023460656245612263 0.0002336490689524132 0.00020188604735432697 -0.00015304876967151411 -0.00027526091858450066 0.00011558726721185735 -4.7140334365219227e-05 -0.00038455093203638161 4.6798437221590768e-05 8.5117202562441611e-05 -0.00022189532821170253 0.00012105197710777496 -5.7443342575546312e-05 1.0859722540489115e-05 1.2069196803948108e-06 -0.00014356067846389156 -1.1836821546329021e-05 9.3770215349540858e-05 -0.00014276592426362242 -0.00015332890624149696 9.5034369930868502e-05
leaf_weight=284 637 306 285 236 403 162 699 301 384 100 512 201 338 97 846 404 44 3913 114 122 328 2534 1689 2127 372 2806 198 100 344 959
leaf_count=284 637 306 285 236 403 162 699 301 384 100 512 201 338 97 846 404 44 3913 114 122 328 2534 1689 2127 372 2806 198 100 344 959
internal_value=-0.000165942 0.00163833 0.000210138 -0.00276926 -0.00373999 0.00172717 -0.00293264 0.00508105 0.00664557 0.00808157 0.00645401 0.000656325 -0.00233503 -0.000964392 0.000983667 0.00232 0.00266831 0.00204069 -0.00584112 -0.00197634 0.000428989 -0.00278322 -0.00255813 -0.000922854 -0.00341517 -0.00295888 -0.00481738 0.0033557 -0.00566366 0.00824269
internal_weight=21845 10941 7733 2609 2373 5124 861 3208 2370 1986 1685 838 1970 1685 1347 1250 4263 3957 214 10904 2739 8165 8043 2411 6354 5982 3176 298 2878 1471
internal_count=21845 10941 7733 2609 2373 5124 861 3208 2370 1986 1685 838 1970 1685 1347 1250 4263 3957 214 10904 2739 8165 8043 2411 6354 5982 3176 298 2878 1471
is_linear=0
shrinkage=0.05


Tree=20
num_leaves=31
num_cat=0
split_feature=4 12 2 14 4 15 15 15 13 13 16 14 0 15 13 14 16 13 15 16 11 11 13 12 14 13 14 14 15 15
split_gain=29.3233 17.5862 13.7241 9.26245 8.84161 9.41784 13.2906 9.53108 13.1957 12.3425 9.60777 8.51849 9.27766 8.61871 8.50318 8.47036 8.3561 7.70513 7.64618 9.26852 7.62515 7.55487 11.2952 10.1685 12.2304 9.47418 13.4786 8.65243 7.91546 14.1358
threshold=0.027502131508710493 -0.026522918814270154 -0.0032991661492357545 0.066707247335420675 0.016456904415004751 -0.0051394484859333947 -0.0063037824284076218 0.0093608867568876226 20.060000419616703 21.409999847412113 0.015231168542990116 0.06028471113356227 0.00086309227833647484 -0.0042118174571774128 33.719999313354499 0.041854253665611248 0.005212364806023718 22.429999351501468 -0.017481033476577031 -0.0061252537872872317 0.048369816433799014 0.039322955344760387 14.920000076293947 0.05735486248043898 0.00619378828642947 18.675000190734867 -0.031629138048926246 -0.067583665573298909 0.0050862550746449972 0.0082859921183273694
decision_type=2 2 2 2 2 2 2 2 2 2 2 2 2 2 2 2 2 2 2 2 2 2 2 2 2 2 2 2 2 2
left_child=1 2 -1 -4 5 6 18 8 11 10 -10 12 13 -7 -2 -14 -17 -5 -3 -20 21 23 -23 28 25 27 -27 -25 -6 -30
right_child=14 4 3 17 20 7 -8 -9 9 -11 -12 -13 15 -15 -16 16 -18 -19 19 -21 -22 22 -24 24 -26 26 -28 -29 29 -31
leaf_value=9.5953473925742245e-05 0.0001328022804247626 4.9847566878685573e-05 -4.5843337962655577e-05 0.00034129090932342998 1.192556538602745e-05 -0.00019305011023770308 0.00016556354725812909 5.6383589368548021e-06 0.00016011675305892953 -0.00014157522322082676 -2.9662081550018567e-05 -0.00015493029225975864 -0.00011213444276033749 -2.0818127965354946e-05 0.00054492683914152183 0.00025440616593485916 -5.4618502042982305e-05 4.9664272482029525e-05 -7.1746142557604339e-05 9.7493797576453378e-06 -0.00014840964185924756 -0.00019207059278333188 0.00030370664399099741 5.5695250642557803e-05 2.5269768613573383e-05 -0.00029568597255720113 0.00018620622805148117 -0.00019136631588550387 -0.00010258720687872082 6.6055000556376756e-06
leaf_weight=1257 2800 177 834 76 5992 69 179 885 144 69 75 396 1577 1225 95 49 83 226 506 570 159 68 221 83 402 56 104 628 1006 1833
leaf_count=1257 2800 177 834 76 5992 69 179 885 144 69 75 396 1577 1225 95 49 83 226 506 570 159 68 221 83 402 56 104 628 1006 1833
internal_value=-0.000187695 -0.000903742 0.0031028 -0.000880282 -0.00148285 -0.00301466 0.000523743 -0.00412292 -0.00524139 0.00503472 0.0108447 -0.00611209 -0.00520313 -0.00200927 0.00449914 -0.00762142 0.00454545 0.00662252 -0.00129689 -0.00288104 -0.000611259 -0.000445011 0.00752595 -0.000673001 -0.00485075 -0.00818025 0.0028125 -0.010654 -7.07734e-05 -0.00224551
internal_weight=21844 18949 2393 1136 16556 6004 1432 4572 3687 288 219 3399 3003 1294 2895 1709 132 302 1253 1076 10552 10393 289 10104 1273 871 160 711 8831 2839
internal_count=21844 18949 2393 1136 16556 6004 1432 4572 3687 288 219 3399 3003 1294 2895 1709 132 302 1253 1076 10552 10393 289 10104 1273 871 160 711 8831 2839
is_linear=0
shrinkage=0.05


Tree=21
num_leaves=31
num_cat=0
split_feature=4 6 13 16 10 10 10 12 12 15 14 15 13 13 10 14 15 12 10 10 15 14 12 15 14 14 16 10 14 16
split_gain=25.9275 15.3566 12.0962 11.1831 18.7672 16.3629 14.3872 13.0402 13.0249 13.0242 15.3668 11.3293 11.4262 12.3124 10.9946 16.722 11.7088 10.9727 11.0138 16.891 18.865 15.2189 10.6094 13.7859 9.93524 14.705 9.5812 9.56942 9.45506 10.2791
threshold=0.024673541834639375 0.84142454601754135 33.719999313354499 0.0039629574884485494 0.015426136544852588 0.010655373456526786 0.0090796320143422555 0.042234470374777462 -0.026522918814270154 -0.0086547425044391484 0.053057710402313336 -0.023194394568429363 24.630000114440922 12.84500026702881 -0.0041029098949924561 0.058009640559056781 0.0050862550746449972 0.027464825873152136 0.001595000535659419 -0.0022250967273709783 0.0012357872537372974 0.018287022450050875 0.026209959433217581 -0.0040013679890560363 0.013234785210327617 0.021982133330242685 -0.0025773726505944334 -0.0060493286934151782 0.013234785210327617 0.0048278019038252582
decision_type=2 2 2 2 2 2 2 2 2 2 2 2 2 2 2 2 2 2 2 2 2 2 2 2 2 2 2 2 2 2
left_child=1 3 -2 5 7 6 8 9 -1 10 -5 -10 13 -13 15 16 -11 18 19 20 21 -15 23 -21 -9 -26 27 -19 29 -16
right_child=2 -3 -4 4 -6 -7 -8 24 11 14 -12 12 -14 17 28 -17 -18 26 -20 22 -22 -23 -24 -25 25 -27 -28 -29 -30 -31
leaf_value=8.037913220011202e-05 8.5958865111112216e-05 3.4842696729761893e-05 0.00048435108357350776 0.00012518044532385742 0.0001862240387085045 -0.00014866919084912335 0.00015254988748763504 -0.00014263135223628503 0.00019090283657974733 0.00028443437089394183 -0.00015015217492854175 -9.7265312646687346e-05 -0.00026181172264257678 -0.00025554053485957531 -0.00020620380492698028 -7.4122389575762958e-05 -4.9985576481410577e-06 0.00012150185669356655 -6.6186477580922637e-05 0.00034998618500357376 0.00013741234152666947 -3.7091743507957866e-05 -0.00016710831138653322 2.3794814579550869e-05 0.00027053219813947572 -8.5269077149075431e-05 0.00013010626533113662 -8.099360521130849e-06 -9.8406668406583967e-05 -3.0099345341587803e-05
leaf_weight=801 3929 3372 127 322 191 458 314 1121 78 198 76 597 80 156 127 412 136 254 928 239 236 944 59 400 67 353 406 1288 875 3288
leaf_count=801 3929 3372 127 322 191 458 314 1121 78 198 76 597 80 156 127 412 136 254 928 239 236 944 59 400 67 353 406 1288 875 3288
internal_value=-9.38989e-05 -0.000916967 0.00351331 -0.00162802 -0.00302819 -0.000241779 0.000376106 -0.00345161 -0.000131457 -0.00230033 0.00640704 -0.000975287 -0.00123948 -0.000966951 -0.00298848 0.00261394 0.0109281 -0.000142566 -0.00205942 0 -0.00329341 -0.00604545 0.00630372 0.00817684 -0.00751136 -0.000952381 0.00277207 0.000972763 -0.0039627 -0.00277452
internal_weight=21832 17776 4056 14404 7166 7238 6780 6975 6466 5434 398 5665 5587 5507 5036 746 334 4910 2962 2034 1336 1100 698 639 1541 420 1948 1542 4290 3415
internal_count=21832 17776 4056 14404 7166 7238 6780 6975 6466 5434 398 5665 5587 5507 5036 746 334 4910 2962 2034 1336 1100 698 639 1541 420 1948 1542 4290 3415
is_linear=0
shrinkage=0.05


Tree=22
num_leaves=31
num_cat=0
split_feature=4 11 10 15 15 12 13 10 12 13 11 12 15 13 11 10 15 15 12 11 11 15 15 14 9 8 10 13 12 13
split_gain=25.367 15.438 10.7799 14.1718 10.3355 13.9149 13.0486 15.4259 11.9588 11.2217 17.7135 13.5313 16.4166 10.7746 10.4746 19.5318 12.4532 15.7114 11.9475 14.1355 12.5433 11.2743 16.3975 10.2647 10.3993 10.2264 10.0473 10.0323 11.1936 10.7818
threshold=0.020784652471889719 -0.035697705395590577 -0.013327773622425541 0.0002488804252200883 -0.0078272753055728655 -0.01116014011506866 16.85000038146973 0.015605167538648159 -0.0077541062485576564 17.050000190734867 0.012210524759260101 0.031326678595768549 -0.003867928750447613 12.925000190734865 0.012763464240655777 0.012396471332785432 -0.0071535438336489112 -0.0041834097358540148 0.030501708894694394 0.015980526956462796 0.014880689278647387 -0.00031338387806417728 0.0074541937545147272 0.11068884178819839 -0.053419348099790924 0.036714004072328173 -0.0072745157566194698 13.234999656677248 0.04833072164899422 12.454999923706056
decision_type=2 2 2 2 2 2 2 2 2 2 2 2 2 2 2 2 2 2 2 2 2 2 2 2 10 10 2 2 2 2
left_child=2 -2 3 23 5 -4 7 14 -7 10 -8 12 26 -10 15 16 -6 -18 -16 20 -20 -21 -23 -1 -25 -14 -11 29 -29 -19
right_child=1 -3 4 -5 6 8 9 -9 13 11 -12 -13 25 -15 18 -17 17 27 19 21 -22 22 -24 24 -26 -27 -28 28 -30 -31
leaf_value=0.00019014628377827245 0.00038287688945441185 3.386142405578212e-05 0.00018017572079411231 0.00027041140313428726 -0.00020345459234220778 -0.00043525825145239027 -0.00015222483793920366 0.00033238421306858797 -0.00012362292151419448 1.3706890226832186e-05 0.00023414942613397133 -0.00013562874676981363 2.353770838524833e-05 1.7852202424610251e-05 -7.4308838473032956e-05 -0.00039964720558272 0.00016485059716290067 6.2772772167356492e-05 6.8390986128671982e-06 0.00016653263675661157 -0.00025447318250145038 -9.2401885793615634e-05 0.00015644944871581352 -0.00025392474299881649 5.1276113842556316e-06 -5.6598499702892328e-05 -0.00020963639079900687 2.3798717790843481e-06 0.00013734196701550565 -0.00011909743239806237
leaf_weight=154 346 7009 247 264 117 51 377 117 285 113 43 1070 1481 1725 1209 88 420 154 121 237 149 520 299 111 272 835 350 2877 282 541
leaf_count=154 346 7009 247 264 117 51 377 117 285 113 43 1070 1481 1725 1209 88 420 154 121 237 149 520 299 111 272 835 350 2877 282 541
internal_value=-0.000274424 0.00211761 -0.00148701 0.00415106 -0.00181646 0.00123484 -0.00243421 -0.00112537 -0.00010917 -0.00462052 -0.012381 -0.00377371 -0.00193415 0.000497512 -0.00142572 2.7908e-05 0.000495331 0.000935891 -0.00399408 -0.00071644 -0.0109259 0.00189394 -0.000885226 -0.000512104 -0.00489556 -0.000215889 -0.0105292 -6.48677e-05 0.00113169 -0.0055036
internal_weight=21864 7355 14509 801 13708 2308 11400 7131 2061 4269 420 3849 2779 2010 7014 4479 4391 4274 2535 1326 270 1056 819 537 383 2316 463 3854 3159 695
internal_count=21864 7355 14509 801 13708 2308 11400 7131 2061 4269 420 3849 2779 2010 7014 4479 4391 4274 2535 1326 270 1056 819 537 383 2316 463 3854 3159 695
is_linear=0
shrinkage=0.05


Tree=23
num_leaves=31
num_cat=0
split_feature=4 11 13 6 6 15 15 14 11 7 15 13 15 15 5 12 12 15 13 13 13 15 15 10 10 16 10 16 11 11
split_gain=23.1265 17.8904 10.5023 9.36383 8.68604 8.11412 7.73893 13.1479 8.62385 7.61556 7.60248 12.0769 7.41298 10.7896 8.36532 6.89179 6.77024 11.574 10.75 16.4693 11.6522 9.60051 7.81682 9.57452 8.57198 7.75105 8.0923 7.59064 6.71949 6.36777
threshold=0.019533540464626745 -0.0070947588285928389 17.875000000000004 -0.067212391621788728 -0.59037358334925638 0.011998955305282501 -0.011536542489731514 0.14228104891203866 -0.0093898392090148147 0.024461529808242347 1.0000000180025095e-35 31.844999313354496 0.0049529187722558996 0.0046919004912040494 0.029874274768867445 -0.023938003454768261 0.0037861814309102519 -0.017481033476577031 16.819999694824222 20.060000419616703 16.510000228881839 0.013076443120155547 0.0021407822259859048 0.0080340487242571718 0.010151750455751786 0.0022696551102643352 -0.0054954783327307846 -0.041184164499399205 -0.011940064700992346 0.001067718638755544
decision_type=2 2 2 2 2 2 2 2 2 2 2 2 2 2 2 2 2 2 2 2 2 2 2 2 2 2 2 2 2 2
left_child=4 6 3 15 -1 12 7 -2 10 -10 11 -8 13 14 -4 -3 21 -18 20 22 27 -6 25 -24 -25 26 -20 -19 -21 -26
right_child=1 2 5 -5 16 -7 8 -9 9 -11 -12 -13 -14 -15 -16 -17 17 18 19 28 -22 -23 23 24 29 -27 -28 -29 -30 -31
leaf_value=-4.4351933247900037e-05 0.0002979539014275828 0.00020941955523824923 -5.7318575487102155e-05 9.7725883842868797e-05 4.5583241246266967e-06 0.00011427459762629408 -7.3068167952809388e-05 -0.00012831039579912435 0.00031468600939920386 -4.8800729055918257e-05 0.0001062425612085556 0.00044025866797501245 -0.00016107498538896962 0.00056143400192506805 0.0006110305252205071 -1.9522300822707138e-05 6.4723083381656136e-05 -0.00016842826358020043 -0.00014819042143239902 0.00016581932058750741 0.00010162423874924805 0.00019626524944734168 -0.00018744260258834737 0.00020014350494077754 1.8619396956501885e-05 -9.9193031933692219e-05 3.7064051060339011e-05 -1.5894437137893636e-05 9.8086838673459509e-06 -0.00014136781467567953
leaf_weight=3785 431 130 1338 1858 1905 227 685 96 240 62 1144 75 592 66 95 2170 252 88 108 86 326 261 437 58 69 459 383 4078 209 72
leaf_count=3785 431 130 1338 1858 1905 227 685 96 240 62 1144 75 592 66 95 2170 252 88 108 86 326 261 437 58 69 459 383 4078 209 72
internal_value=-0.00025591 0.00164784 0.000216183 0.00171958 -0.00164997 -0.00248059 0.00504025 0.0104839 0.0037398 0.0115894 0.00249475 -0.00138158 -0.00345528 -0.00158439 -0.00249477 -0.000413043 -0.000787737 -0.00158113 -0.0019967 -0.00517012 -0.000667854 0.00163897 -0.00718789 -0.011478 -0.00238693 -0.00431579 5.09165e-05 -0.00138022 0.00567797 -0.00904255
internal_weight=21785 9209 6476 4158 12576 2318 2733 527 2206 302 1904 760 2091 1499 1433 2300 8791 6625 6373 1881 4492 2166 1586 636 199 950 491 4166 295 141
internal_count=21785 9209 6476 4158 12576 2318 2733 527 2206 302 1904 760 2091 1499 1433 2300 8791 6625 6373 1881 4492 2166 1586 636 199 950 491 4166 295 141
is_linear=0
shrinkage=0.05


Tree=24
num_leaves=31
num_cat=0
split_feature=5 10 16 14 13 11 14 15 10 11 10 13 13 11 11 15 10 16 13 13 16 15 15 16 16 13 11 14 11 16
split_gain=21.7999 14.7559 12.8608 12.5583 12.8402 12.4326 11.8643 11.0097 15.3121 14.9603 12.0884 11.8074 12.178 11.3621 18.3625 12.6692 14.0821 14.0169 10.8606 14.2973 10.9216 12.9705 10.3529 18.4019 13.7586 12.409 10.0263 19.0991 8.60246 8.4299
threshold=0.017809274036632541 -0.013327773622425541 -0.018856238504875552 0.11068884178819839 21.954999923706058 0.023488197271316905 0.11068884178819839 0.0093608867568876226 0.010824096152379449 0.030456421062291409 0.010591418284257028 12.00999975204468 12.230000019073488 0.030023706466371539 0.026101750474282651 -0.0086547425044391484 -0.0066375286305050954 0.011293564583880202 20.814999580383304 18.394999504089359 -0.036850905642938185 -0.019899482180932068 0.0002488804252200883 -0.0099450045201294173 0.012017378930722968 20.060000419616703 0.021590263312926242 -0.086337752297859935 0.022655282977909755 -0.031559920993046879
decision_type=2 2 2 2 2 2 2 2 2 2 2 2 2 2 2 2 2 2 2 2 2 2 2 2 2 2 2 2 2 2
left_child=1 6 3 4 5 18 -1 8 10 -9 11 -4 -13 14 15 16 -14 28 19 20 21 -3 24 -24 25 -8 -17 -28 -18 -22
right_child=-2 2 7 -5 -6 -7 22 9 -10 -11 -12 12 13 -15 -16 26 17 -19 -20 -21 29 -23 23 -25 -26 -27 27 -29 -30 -31
leaf_value=0.00018379175633176609 0.00013928942703375272 0.00028300419170612987 -0.00024436137881053883 -0.00032954115636472242 0.00031584129901769643 0.00033292348565630412 -0.00012833535168847176 -4.2469271918190063e-06 -0.00013538854816542599 0.00018454245036673519 0.00013917718344280276 0.00017928306105720172 -0.00011156643816379124 -9.3807551326515696e-05 0.00022135555877615242 -3.3607874942275029e-05 2.9895854838558024e-05 0.00016815294321946832 -9.3990600733565716e-05 0.00014747704942267247 0.00015601569322257701 -0.00010354598497398365 -0.00021725163123156822 0.00032750012243913575 -0.00024964153334769255 0.00011551049633341101 0.00031986085494407017 -0.00015832417623294875 -0.00029904126832696942 1.2062007696592679e-06
leaf_weight=384 2647 52 77 70 213 116 165 2619 907 301 93 96 212 847 235 8032 679 251 214 500 194 411 71 233 123 296 47 460 45 1253
leaf_count=384 2647 52 77 70 213 116 165 2619 907 301 93 96 212 847 235 8032 679 251 214 500 194 411 71 233 123 296 47 460 45 1253
internal_value=-0.000371973 -0.000958533 -0.00132783 0.00164572 0.00214189 0.00122263 0.00424528 -0.00193108 -0.00260204 0.000821918 -0.00209048 -0.00224251 -0.00210473 -0.00226221 -0.00178948 -0.00212317 0.00271693 0.00525641 0.000514482 0.00147303 -0.000497382 -0.00718143 0.00106982 0.00855263 -0.00282534 0.00113883 -0.00279599 -0.00961538 0.00172652 0.00164133
internal_weight=21843 19196 17924 3023 2953 2740 1272 14901 11981 2920 11074 10981 10904 10808 9961 9726 1187 975 2624 2410 1910 463 888 304 584 461 8539 507 724 1447
internal_count=21843 19196 17924 3023 2953 2740 1272 14901 11981 2920 11074 10981 10904 10808 9961 9726 1187 975 2624 2410 1910 463 888 304 584 461 8539 507 724 1447
is_linear=0
shrinkage=0.05


Tree=25
num_leaves=31
num_cat=0
split_feature=5 12 6 15 15 10 15 14 10 15 15 14 14 10 16 15 15 16 12 12 12 12 13 12 12 13 10 16 16 10
split_gain=19.7543 13.668 13.2321 12.9043 12.8763 10.559 10.2446 11.2189 16.9317 10.1112 8.60712 8.08483 7.99313 7.03209 7.09634 6.83048 6.68557 6.29942 6.16 5.8633 11.3634 7.45786 7.14153 7.65464 8.86689 6.66858 7.46849 12.6152 7.3689 8.38622
threshold=0.01906374647730533 -0.026522918814270154 -0.14259934478371963 -0.0085851799619650598 -0.0063532075486203978 0.010824096152379449 0.011608285339632209 -0.026973540467474796 0.0043826949132023127 0.0076542272887412119 -0.028077405864876556 0.11927434384443127 -0.11544121967691799 0.010591418284257028 0.0081854843905014869 0.0082859921183273694 -0.0079927872230808866 0.009186236572219177 -0.036045900478668118 0.058395912438342197 0.054230136510325939 0.04279380650356613 13.59500026702881 0.035088543452977745 0.027224900336564887 16.355000495910648 0.0046724002397113837 0.022868034575391664 0.015231168542990116 0.0053455325599094392
decision_type=2 2 2 2 2 2 2 2 2 2 2 2 2 2 2 2 2 2 2 2 2 2 2 2 2 2 2 2 2 2
left_child=1 3 5 10 -5 13 7 8 -6 -7 11 -1 -11 14 -3 -9 -2 -16 -17 20 21 22 23 24 -19 -24 27 -27 -28 -30
right_child=16 2 -4 4 6 9 -8 15 -10 12 -12 -13 -14 -15 17 18 -18 19 -20 -21 -22 -23 25 -25 -26 26 28 -29 29 -31
leaf_value=0.00019383663205969844 0.00033482224354101296 -1.4741092692858658e-05 7.1317401041312567e-07 -0.00020925685841780039 -0.00023877503148500369 -0.00021317847120546634 0.00017034038915010745 6.0945294419953099e-05 -8.789655464554268e-06 0.00040640541722613546 0.00023680935880205148 -0.00023379007315956044 -6.0336420279724725e-05 0.000143288506701677 -0.00024007831995576275 -0.00027438171982285364 0.00010993249696468252 9.577074938906545e-05 6.5554164034556815e-05 -9.7586707412469136e-05 0.00025875244884861258 -0.00015511725179414058 -0.00010838838487443872 0.00028921741907316016 -0.00014763619171492064 -0.00010803704571936842 0.0002830662603847789 8.8390060828527029e-05 0.000277721125682405 -5.8978513456354328e-05
leaf_weight=51 408 4803 8049 124 120 392 323 851 497 55 432 50 178 62 194 84 1915 79 67 358 96 298 1071 124 132 497 88 256 59 137
leaf_count=51 408 4803 8049 124 120 392 323 851 497 55 432 50 178 62 194 84 1915 79 67 358 96 298 1071 124 132 497 88 256 59 137
internal_value=-0.000366133 -0.000884673 -0.001403 0.00249134 0.000701839 -0.00273398 0.00169928 7.72082e-05 -0.0052269 -0.009 0.00942777 -0.00371287 -0.000751073 -0.00225951 -0.00238647 0.00334331 0.00399268 -0.00413839 -0.00645695 -0.0036072 -0.00284632 -0.00343853 -0.00252763 0.00425373 -0.00154028 -0.00360531 -0.000747348 -0.00335325 0.00616197 0.000765306
internal_weight=21850 19527 16928 2599 2066 8879 1942 1619 617 625 533 101 233 8254 8192 1002 2323 3389 151 3195 2837 2741 2443 335 211 2108 1037 753 284 196
internal_count=21850 19527 16928 2599 2066 8879 1942 1619 617 625 533 101 233 8254 8192 1002 2323 3389 151 3195 2837 2741 2443 335 211 2108 1037 753 284 196
is_linear=0
shrinkage=0.05


Tree=26
num_leaves=31
num_cat=0
split_feature=4 13 6 13 11 5 11 13 16 16 13 16 14 11 10 14 9 13 14 10 10 10 13 16 11 14 14 7 13 14
split_gain=19.7909 12.298 11.3462 11.5777 10.1409 8.27192 7.70573 7.10865 8.17483 10.2925 8.49737 6.65803 9.28686 10.8025 10.8908 8.07276 6.43471 8.30739 7.30613 10.1669 6.99683 6.26351 7.81439 12.4031 17.1861 11.1819 9.74774 12.1229 6.86487 7.69383
threshold=0.035701508275130765 30.750000000000004 0.84142454601754135 27.855000495910648 -0.029337465505850421 0.010121069213658254 0.048369816433799014 16.765000343322757 0.01115127598205712 0.010019560882216784 17.250000000000004 -0.016462298318551057 -0.056340529311790281 -0.023324980459216712 -0.0012572661502254776 -0.010794703163862494 0.13115497792474576 24.630000114440922 -0.041810588725082691 -0.012001982718326086 -0.0021138824674655772 -0.0016165810670417111 16.935000419616703 0.0086548385312381643 0.00036207217257600016 -0.037778052319122728 -0.12096344977185801 -0.0088558906341659731 16.510000228881839 -0.034895651013681799
decision_type=2 2 2 2 2 2 2 2 2 2 2 2 2 2 2 2 8 2 2 2 2 2 2 2 2 2 2 2 2 2
left_child=1 2 3 4 16 7 11 -6 9 10 -9 12 -7 -14 15 -15 18 -18 -1 -20 -21 -13 25 -24 -25 -23 -26 -28 29 -27
right_child=-2 -3 -4 -5 5 6 -8 8 -10 -11 -12 21 13 14 -16 -17 17 -19 19 20 -22 22 23 24 26 28 27 -29 -30 -31
leaf_value=0.00044621360778040309 0.00024532055705319794 0.00025238739840109642 3.0811354808346325e-05 -0.00024248420807168689 -2.0451535277765839e-05 -0.00011849519632806381 -0.00015240733920199187 -0.00013612383884695428 -0.00011711726783104845 0.00022568723243857831 -1.7890721642564854e-05 1.1684522735447637e-05 -0.00011245761348510977 -0.00023312829408415035 0.000128655867979876 2.2522371492688776e-05 -8.4053666494143746e-05 0.00070820937316972712 0.00032377023070419162 -0.00026957245387276786 0.00024309806679535104 5.6072467589134798e-05 -0.00012240054272750361 0.00013006056877045091 0.00020115872597838017 -0.0002061829682164753 0.00011363980817240857 -0.00011619792379326428 8.8101478688685955e-05 -4.0192776836473198e-05
leaf_weight=104 1564 230 3724 121 3084 244 168 282 477 70 782 2583 141 57 892 777 142 48 70 70 55 1120 1026 404 57 120 158 761 194 2313
leaf_count=104 1564 230 3724 121 3084 244 168 282 477 70 782 2583 141 57 892 777 142 48 70 70 55 1120 1026 404 57 120 158 761 194 2313
internal_value=-0.000208352 -0.000626418 -0.000758332 -0.00132659 -0.00121149 -0.00143221 -0.000683159 -0.00318956 -0.00588144 -0.00357143 -0.00479323 -0.000518577 0.00200142 0.00320032 0.00428737 0.000179856 0.00587935 -0.00131579 0.0104515 0.00474359 -0.0038 -0.00112752 -0.00199496 -0.00421862 -0.00112319 -0.00056712 -0.00471311 -0.00595756 -0.00235059 -0.00307234
internal_weight=21838 20274 20044 16320 16199 15710 11015 4695 1611 1134 1064 10847 2111 1867 1726 834 489 190 299 195 125 8736 6153 2406 1380 3747 976 919 2627 2433
internal_count=21838 20274 20044 16320 16199 15710 11015 4695 1611 1134 1064 10847 2111 1867 1726 834 489 190 299 195 125 8736 6153 2406 1380 3747 976 919 2627 2433
is_linear=0
shrinkage=0.05


Tree=27
num_leaves=31
num_cat=0
split_feature=5 4 10 15 10 9 12 14 13 9 10 10 12 13 11 15 10 11 10 15 14 11 11 15 13 15 13 15 10 10
split_gain=19.0583 10.8428 10.359 9.56104 10.2553 15.5947 13.0455 11.9497 11.8209 10.4548 10.8713 10.5002 11.5013 9.71792 9.10714 8.96542 17.9098 12.0237 11.8411 13.2102 15.1448 9.4819 9.36158 10.3804 8.07436 7.8693 7.70764 7.6989 7.67546 8.11763
threshold=0.01999144991626604 0.013410189583071845 -3.2285238455664882e-05 0.011998955305282501 -0.00025977690608347531 -0.16441095859326318 0.042234470374777462 0.018287022450050875 14.960000038146974 0.002004031929509043 -0.0055512367619247596 -0.01425655493307104 0.013329903509770149 30.750000000000004 0.0036681658206255689 0.0093608867568876226 0.010824096152379449 0.030456421062291409 0.0092143368425633438 -0.010761689004817164 -0.037983330078441173 0.022371671990612522 -0.018660879963565243 -0.014095122758495946 14.904999732971193 0.0096242293895473247 27.664999961853031 0.0065839552933743004 0.014365364117936543 0.0063179142328150259
decision_type=2 2 2 2 2 10 2 2 2 8 2 2 2 2 2 2 2 2 2 2 2 2 2 2 2 2 2 2 2 2
left_child=1 -1 3 4 6 -6 9 -8 14 10 11 -3 -13 26 -7 16 18 25 22 -20 21 24 -4 -24 -21 -17 -11 -22 29 -19
right_child=-2 2 15 -5 5 8 7 -9 -10 13 -12 12 -14 -15 -16 17 -18 28 19 20 27 -23 23 -25 -26 -27 -28 -29 -30 -31
leaf_value=-5.0510613422340669e-05 0.00017821706289031117 0.00026693521176645576 -0.0001263137373602413 0.00012086790833799023 -0.0001299399050875407 -0.00024009823211781976 -0.00017318042892954557 -1.368287743301745e-05 0.00033939421882388802 -3.2096041426202434e-06 0.0001437391946396106 -0.00010524242105922239 8.9605063056869873e-05 0.00027991593486816952 0.00015220888427356223 0.00020158529209694131 -0.000129266653390061 0.00019716500623457288 -0.00049230633552162933 5.624470830140351e-05 0.00030907099994726035 0.00018282245927811022 0.00012046361201583211 -2.8379139728752173e-05 -6.718531504694841e-05 -1.3001917906097296e-05 -0.00017134402082156697 -1.1870173042247416e-05 0.00035243240670351707 -4.5884664236912811e-05
leaf_weight=1117 2070 159 271 538 47 42 325 523 178 4709 714 281 160 134 60 92 1027 116 49 94 212 96 274 6090 331 1747 113 50 81 111
leaf_count=1117 2070 159 271 538 47 42 325 523 178 4709 714 281 160 134 60 92 1027 116 49 94 212 96 274 6090 331 1747 113 50 81 111
internal_value=-0.000264775 -0.000743377 -0.0004564 0.000905048 0.000439893 0.00909786 4.21467e-05 -0.0057783 0.0135714 0.000829346 0.00479452 -0.000166667 -0.00413832 -0.000221953 0 -0.00147777 -0.00220744 0.00140894 -0.00135597 0.00426683 0.00584291 0.000911708 -0.00206104 -0.00167348 -0.00229412 -0.000122349 -0.000591041 0.0156489 0.0105519 0.005837
internal_weight=21811 19741 18624 7983 7445 327 7118 848 280 6270 1314 600 441 4956 102 10641 8494 2147 7467 832 783 521 6635 6364 425 1839 4822 262 308 227
internal_count=21811 19741 18624 7983 7445 327 7118 848 280 6270 1314 600 441 4956 102 10641 8494 2147 7467 832 783 521 6635 6364 425 1839 4822 262 308 227
is_linear=0
shrinkage=0.05


Tree=28
num_leaves=31
num_cat=0
split_feature=4 4 16 10 12 16 12 12 12 13 11 15 15 11 12 10 13 16 11 11 10 16 11 12 12 7 12 13 16 7
split_gain=19.8751 12.9059 12.0297 11.8857 10.686 9.2905 9.07837 8.92714 18.1021 7.24432 7.0372 7.014 9.98931 7.61948 6.76753 6.3403 6.10736 15.9358 17.5465 13.6765 13.6163 9.59152 9.21851 9.01879 14.9334 9.12191 8.81699 8.70575 8.44088 11.3127
threshold=0.01629913438547476 0.034143914218675062 -0.016462298318551057 -0.0016165810670417111 0.082959712719514869 -0.01409802761523926 0.12384637745116912 -0.017790362048334726 -0.0077541062485576564 30.750000000000004 -0.017068833431084392 0.0053169871655436305 0.0015614399062202635 0.021459813769517781 -0.067575667738432196 -0.0018713980649029403 16.935000419616703 0.0073070766052951716 0.0025776305361616685 0.0083592252538529106 0.015605167538648159 0.011799358693682318 0.013766768537239795 0.0048491469985487709 -0.0026166681708668089 0.0060317929112980737 0.0061046403867389696 17.82499980926514 0.017832485818288894 0.030640493136382178
decision_type=2 2 2 2 2 2 2 2 2 2 2 2 2 2 2 2 2 2 2 2 2 2 2 2 2 2 2 2 2 2
left_child=-1 2 4 5 7 -4 9 15 -9 14 -3 12 13 -10 -7 -2 20 22 -19 -20 28 27 26 24 25 -23 -18 -21 -5 -30
right_child=1 10 3 16 -6 6 -8 8 11 -11 -12 -13 -14 -15 -16 -17 17 18 19 21 -22 23 -24 -25 -26 -27 -28 -29 29 -31
leaf_value=-2.7939938311305913e-05 4.6204355063486161e-05 0.00054820833627117346 -0.0001124989584155695 8.5720534522676198e-06 0.00067656901263875822 -0.00014272084541466957 -0.00016181511835398397 -0.0003220295057951075 3.5822856249482368e-06 0.00026670066622496645 0.00013671738658275223 -0.00010509070999850943 0.0001614962428904602 0.00028485174536853976 4.1157196197000404e-05 0.00022742145890514658 -0.0001572243779112438 0.00013000664221789459 -0.00024973201463708024 -8.5723994185353189e-05 0.00029085663201965632 9.9409332748710323e-05 -0.00019682280412161259 -0.00012479646463109479 0.00048037581566951122 -8.9497641743277416e-05 -1.0894985034798095e-06 0.0002170801825359386 -0.00013615377443118625 8.0346324084990641e-06
leaf_weight=5952 492 295 194 2949 63 134 43 112 1537 74 1428 167 302 58 3204 495 440 548 160 47 134 143 383 396 74 277 473 125 706 510
leaf_count=5952 492 295 194 2949 63 134 43 112 1537 74 1428 167 302 58 3204 495 440 548 160 47 134 143 383 396 74 277 473 125 706 510
internal_value=-8.78394e-05 0.000831611 0.000337079 -0.000449428 0.00302232 0.00188408 0.00248191 0.00261619 0.000827206 0.00276964 0.00491875 0.00188953 0.00275435 0.00117555 0.0024266 0.00656028 -0.00160557 -0.0033105 -0.000225989 -0.00355974 -0.000389625 -0.00150659 -0.00752315 -0.00359551 0.000910931 -0.0027381 -0.00479189 0.00930233 -0.000894358 -0.00439967
internal_weight=21915 15963 14240 11014 3226 3649 3455 3163 2176 3412 1723 2064 1897 1595 3338 987 7365 3066 1770 1222 4299 1062 1296 890 494 420 913 172 4165 1216
internal_count=21915 15963 14240 11014 3226 3649 3455 3163 2176 3412 1723 2064 1897 1595 3338 987 7365 3066 1770 1222 4299 1062 1296 890 494 420 913 172 4165 1216
is_linear=0
shrinkage=0.05


Tree=29
num_leaves=31
num_cat=0
split_feature=4 13 15 9 11 14 16 13 15 11 11 15 15 16 14 13 14 14 15 15 14 13 16 8 16 16 11 13 15 15
split_gain=18.8793 11.9448 10.9933 11.0675 11.6675 8.93289 10.0164 9.20131 8.25846 11.8892 13.5463 12.671 13.9313 14.3707 10.5467 10.3243 9.47801 9.4586 8.53571 8.42828 8.03781 7.04151 6.8839 6.77999 10.5638 9.27794 7.57688 10.8693 6.73544 6.43832
threshold=0.025863045556265247 33.719999313354499 0.013076443120155547 -0.022592341918854061 0.030023706466371539 0.06920052511090892 0.039757734985351963 14.059999942779543 -0.0051394484859333947 0.030023706466371539 0.025024628746897374 -0.0062533178290654625 -0.0078921159811177737 0.019344740143780185 0.11068884178819839 22.330000877380375 -0.16769008837329388 0.093015395411206861 -0.0048959899972514367 -0.0044457407298776888 -0.14858037571203178 12.925000190734865 0.032911091958075185 0.020612213421596363 0.0081854843905014869 0.039757734985351963 0.019998315354098021 17.250000000000004 0.011434191336160861 -0.0071535438336489112
decision_type=2 2 2 8 2 2 2 2 2 2 2 2 2 2 2 2 2 2 2 2 2 2 2 8 2 2 2 2 2 2
left_child=2 -2 3 4 28 6 7 22 9 10 11 12 14 29 17 -16 -10 21 -18 -20 -21 -5 -4 24 26 -26 -22 -28 -1 -14
right_child=1 -3 5 8 -6 -7 -8 -9 16 -11 -12 -13 13 -15 15 -17 18 -19 19 20 23 -23 -24 -25 25 -27 27 -29 -30 -31
leaf_value=4.8266842339869536e-05 7.7627573838689708e-05 0.00040523523066862915 -6.546965581009871e-05 -7.3023827094123938e-05 -0.00016566801518918045 0.00029087138258926143 -6.9116617614925748e-05 9.5819879915967317e-05 0.00015081607976081036 -0.00010883605868432174 0.00030796805718721247 0.00011381492951552811 -0.00017147310636002647 0.0001684961720101015 -0.00019109701554460005 1.7292052978556353e-05 -0.00019905074904714794 0.0002753433680879521 0.00045756502173168492 -0.00019849451728384118 -4.2639980726017457e-06 3.0582594019729069e-05 0.00024742704647514463 -5.0087774002470328e-05 -7.8605921988595886e-05 0.0001867296832522428 0.00012241906206138329 -0.00014397964495994973 -0.00014410427394388224 -4.599449347615914e-05
leaf_weight=2030 3414 126 329 220 141 117 196 842 89 240 116 402 329 96 191 207 175 125 53 56 2811 1819 71 5070 1639 60 323 116 68 337
leaf_count=2030 3414 126 329 220 141 117 196 842 89 240 116 402 329 96 191 207 175 125 53 56 2811 1819 71 5070 1639 60 323 116 68 337
internal_value=-0.000206346 0.00313559 -0.000853952 -0.00122809 0.00204332 0.0031672 0.00208623 0.00374396 -0.00173414 0.000171485 0.000845914 0.000322061 -0.000691937 -0.0066273 0.00107338 -0.00640704 -0.00248268 0.00244917 -0.00262302 -0.00243385 -0.00253846 0.0016307 -0.0025 -0.00243288 -0.00111639 -0.00431136 0.000553846 0.00666287 0.00297903 -0.00923423
internal_weight=21808 3540 18268 16713 2239 1555 1438 1242 14474 4082 3842 3726 3324 762 2562 398 10392 2164 10303 10128 10075 2039 400 10019 4949 1699 3250 439 2098 666
internal_count=21808 3540 18268 16713 2239 1555 1438 1242 14474 4082 3842 3726 3324 762 2562 398 10392 2164 10303 10128 10075 2039 400 10019 4949 1699 3250 439 2098 666
is_linear=0
shrinkage=0.05


Tree=30
num_leaves=31
num_cat=0
split_feature=11 16 6 4 15 16 16 11 15 4 16 11 11 12 12 12 13 1 16 12 12 16 16 16 15 16 3 11 11 11
split_gain=18.3031 15.4397 12.2898 10.7064 10.0476 12.8866 9.66174 8.72148 7.09504 7.02215 6.82946 6.29421 6.03155 7.36901 5.95701 7.75481 8.96491 5.53761 6.34765 5.44994 5.31323 9.55687 6.18537 6.25091 12.7824 5.89688 5.80298 5.26292 16.197 6.34958
threshold=-0.029337465505850421 0.02076474043561383 -0.14259934478371963 0.028099181761611209 -0.028077405864876556 -0.027723753543463011 -0.0052280028074342946 -0.043674056524097109 -0.023194394568429363 0.013410189583071845 -0.0081243363376238258 0.048369816433799014 0.041951569626952907 0.014344478951051955 0.05735486248043898 0.054230136510325939 18.444999694824222 0.015569875482352559 0.020179441484516673 0.04279380650356613 0.092854757865130991 0.028873323067544313 0.0045713302557610644 -0.0039647489012512574 -0.0012575965044297475 0.013161791334048935 -0.0006801564556458416 0.029572012228067938 0.025734816417073651 0.030456421062291409
decision_type=2 2 2 2 2 2 2 2 2 2 2 2 2 2 2 2 2 2 2 2 2 2 2 2 2 2 2 2 2 2
left_child=1 4 9 8 -1 -6 10 -8 -4 -2 -7 12 27 -14 15 17 -17 18 -11 -19 22 -22 23 24 -16 -24 -27 28 -10 -29
right_child=2 -3 3 -5 5 6 7 -9 11 14 -12 -13 13 -15 20 16 -18 19 -20 -21 21 -23 25 -25 -26 26 -28 29 -30 -31
leaf_value=-0.00019504824125240691 -6.6024830815845933e-05 -0.0002541268009228663 0.00018271714374658819 0.00020375918616753077 0.00055374044224741018 7.7003004983661021e-05 -4.643202642696052e-05 0.00026811481751393314 1.342111338537011e-07 -7.0334759042355907e-06 -0.00025054904530987475 -0.00016629517585356034 -0.00017174201597840085 0.00036523937755128332 3.7193323064169988e-05 0.00029333631624549284 -0.00014253868311355216 -3.1341180175548015e-05 9.6286156322265062e-05 -0.0001412382983913503 0.00010630103510248954 -0.0001470776276424939 -0.00027783464449595262 7.589496049400634e-05 -0.00024610413779028632 -0.0001940941693392742 1.4193984725027754e-05 -0.00019470418227773151 0.00022278011158246918 -2.9667993728923864e-05
leaf_weight=51 646 56 103 1155 186 230 80 270 7517 6003 76 83 40 99 155 92 54 2583 432 285 181 46 145 127 151 91 112 104 252 393
leaf_count=51 646 56 103 1155 186 230 80 270 7517 6003 76 83 40 99 155 92 54 2583 432 285 181 46 145 127 151 91 112 104 252 393
internal_value=-7.34012e-05 0.0067176 -0.000382512 0.000913195 0.00831467 0.00961995 0.00632622 0.012 0.000305552 -0.00151986 -0.000163399 0.000147267 0.00028257 0.0106115 -0.00120733 -0.000817547 0.0106164 -0.00099699 -0.000182595 -0.00282427 -0.00486111 0.00187225 -0.00681818 -0.0028291 -0.00669935 -0.0117816 -0.00628079 0.00010888 0.000427983 -0.00487928
internal_weight=21798 949 20849 9746 893 842 656 350 8591 11103 306 8488 8405 139 10457 9449 146 9303 6435 2868 1008 227 781 433 306 348 203 8266 7769 497
internal_count=21798 949 20849 9746 893 842 656 350 8591 11103 306 8488 8405 139 10457 9449 146 9303 6435 2868 1008 227 781 433 306 348 203 8266 7769 497
is_linear=0
shrinkage=0.05


Tree=31
num_leaves=31
num_cat=0
split_feature=4 12 10 6 10 1 14 14 12 13 13 13 10 15 10 13 12 15 13 10 10 1 12 13 4 12 12 14 10 9
split_gain=14.6982 12.0088 10.7435 8.76294 7.89477 8.97286 6.82787 7.42943 6.51508 6.46 6.15968 11.2298 12.5742 10.7213 10.297 10.2068 9.34685 11.0712 11.5905 10.8365 12.9413 10.4805 9.48605 9.1809 7.96793 7.18216 12.6992 10.3192 6.81929 6.9336
threshold=0.018348735237006152 0.048519167358985434 -0.01425655493307104 -0.10165662167357155 0.012727051103036626 0.0065233510283909677 0.14228104891203866 0.063421642021299643 0.078665433833488688 22.429999351501468 16.775000572204593 15.425000190734865 -0.0065884728107576387 -0.022585557374183492 -0.0054343681151217118 20.060000419616703 0.0037861814309102519 0.001099684049429839 18.214999198913578 0.0077313618831305062 0.010824096152379449 -0.0087651908936289252 0.073733848686565309 21.409999847412113 0.013953140997894032 0.020704081019033652 0.060339670934961183 -0.015515001009757 -0.0067260257632843481 0.11368928809255098
decision_type=2 2 2 2 2 2 2 2 2 2 2 2 2 2 2 2 2 2 2 2 2 2 2 2 2 2 2 2 2 8
left_child=10 2 6 -4 5 8 7 -2 -3 -8 11 12 28 -14 -13 16 21 18 25 -19 -21 -12 -20 -17 -15 27 -27 -18 29 -1
right_child=1 4 3 -5 -6 -7 9 -9 -10 -11 15 14 13 24 -16 23 17 19 22 20 -22 -23 -24 -25 -26 26 -28 -29 -30 -31
leaf_value=0.0001499284910156223 -6.7482770940794753e-05 -3.0620661045211362e-05 -1.5329727634681364e-06 5.805049607523444e-05 -0.00022652692416017797 -8.5466688379207042e-05 0.00030147941836500795 0.00033382145193063732 0.00010250291668583252 -6.0840528357955119e-05 -0.00010629156136217678 -8.4850454692853453e-05 0.00016976595873568904 -7.5230783411671306e-05 5.652416299001492e-05 6.1889514740785711e-05 0.00019222179254131937 -0.00016486165160622913 -0.00011458937830912166 0.00012520427834023377 -0.00011919365997259054 5.5119623961663328e-05 0.00013970751360848231 -3.9257876527446728e-05 -2.5860735082857942e-05 9.1106881380286861e-05 -0.00010863679552967087 -9.9602768820091154e-05 0.00050810310784777713 -0.00011799997254442946
leaf_weight=153 54 574 4888 4160 165 661 92 365 315 216 396 183 63 658 1711 464 55 527 420 126 153 507 70 621 3577 260 104 210 78 89
leaf_count=153 54 574 4888 4160 165 661 92 365 315 216 396 183 63 658 1711 464 55 527 420 126 153 507 70 621 3577 260 104 210 78 89
internal_value=-0.000158567 0.00107485 0.00175192 0.00128205 -0.00278426 -0.00167742 0.00759972 0.0117542 0.00160292 0.00194805 -0.00151799 -0.00057586 -0.00190559 -0.0026175 0.00266631 -0.00308587 -0.00466761 -0.00663636 -0.00341823 -0.0111042 -0.0031362 -0.000470653 -0.00918367 0.00103687 -0.00292208 0.00107313 0.00563187 -0.00518868 0.00765625 0.0035124
internal_weight=21915 11490 9775 9048 1715 1550 727 419 889 308 10425 6512 4618 4298 1894 3913 2828 1925 1119 806 279 903 490 1085 4235 629 364 265 320 242
internal_count=21915 11490 9775 9048 1715 1550 727 419 889 308 10425 6512 4618 4298 1894 3913 2828 1925 1119 806 279 903 490 1085 4235 629 364 265 320 242
is_linear=0
shrinkage=0.05


Tree=32
num_leaves=31
num_cat=0
split_feature=4 11 8 8 11 15 12 10 8 16 6 10 10 10 16 15 13 12 16 15 13 10 15 15 16 12 10 10 9 13
split_gain=14.6293 12.7073 8.55766 6.53421 8.04304 6.36003 7.63248 7.00178 6.09778 12.1897 5.86555 6.60306 15.7697 14.6969 12.2616 9.7942 11.5252 10.6826 8.82188 11.0127 15.1698 8.25863 8.19664 7.79679 7.50592 7.19628 9.23009 18.7247 7.40571 7.12253
threshold=0.019533540464626745 -0.0070947588285928389 0.12007698659247613 0.03835981590314242 -0.035697705395590577 0.0055185979138766559 -0.0059221070934643008 -0.013327773622425541 0.12007698659247613 0.020460719501841921 0.88184777654261237 0.0043826949132023127 0.0052648731180522388 0.0040309236924269696 0.0081854843905014869 0.0062571402403210916 16.125000000000004 -0.030100070000726505 0.032911091958075185 0.0052800491165181382 15.295000076293947 0.0057158340565321994 0.011063466063931051 -0.00031338387806417728 0.006792316643834507 0.039535429678634555 -3.2285238455664882e-05 -0.00053947236916002106 0.1756900494727858 17.605000495910648
decision_type=2 2 10 10 2 2 2 2 8 2 2 2 2 2 2 2 2 2 2 2 2 2 2 2 2 2 2 2 8 2
left_child=10 3 8 4 -2 6 7 -5 -3 -10 11 13 -13 14 15 24 -17 -18 19 29 -21 23 -22 -14 25 26 27 -1 -27 -16
right_child=1 2 -4 5 -6 -7 -8 -9 9 -11 -12 12 21 -15 18 16 17 -19 -20 20 22 -23 -24 -25 -26 28 -28 -29 -30 -31
leaf_value=-3.1745827880443014e-05 0.00036953656548265203 -3.9967076996671321e-07 0.00021336049599873956 0.00010273103481617877 7.2585072369824811e-05 0.00012922386895469572 0.00010814772209552672 -0.00020669216503176846 -0.00017778734476453988 0.0003050945777433723 1.3744915223074623e-05 0.00013241797415047322 1.3001319231008605e-05 -0.00017393193845946303 -2.7863893014894258e-05 0.00018102218880370718 0.00013200306242884844 -6.6889517274879048e-05 2.6555255060629371e-05 -0.00027127347279236818 -0.00010837901261495258 -3.9861369964604071e-06 7.6267816801035845e-05 -0.00017345593871946472 6.4029997602180639e-05 -1.2356112334566128e-05 -7.6914949216498835e-05 0.00011463964168248178 0.000102989730701584 -0.00010425001206958696
leaf_weight=1740 290 5723 458 95 1745 246 153 218 302 43 2164 339 80 210 1211 273 90 250 350 296 328 2558 130 173 203 360 903 172 200 482
leaf_count=1740 290 5723 458 95 1745 246 153 218 302 43 2164 339 80 210 1211 273 90 250 350 296 328 2558 130 173 203 360 903 172 200 482
internal_value=-0.000235254 0.00126982 6.89549e-05 0.00412268 0.00556511 0 -0.00343348 -0.00790735 -0.000428477 -0.00688406 -0.0013507 -0.00184577 6.34921e-05 -0.0026813 -0.00228964 -0.000578621 0.00526101 -0.000882353 -0.00485341 -0.00591541 -0.0109416 -0.00116507 -0.00524017 -0.00978261 -0.00157909 -0.00214074 -0.00317052 -0.00120293 0.00303571 -0.0036769
internal_weight=21785 9273 6526 2747 2035 712 466 313 6068 345 12512 10348 3150 7198 6988 4191 613 340 2797 2447 754 2811 458 253 3578 3375 2815 1912 560 1693
internal_count=21785 9273 6526 2747 2035 712 466 313 6068 345 12512 10348 3150 7198 6988 4191 613 340 2797 2447 754 2811 458 253 3578 3375 2815 1912 560 1693
is_linear=0
shrinkage=0.05


Tree=33
num_leaves=31
num_cat=0
split_feature=5 11 13 13 14 10 13 10 11 15 13 11 14 11 10 14 15 4 13 11 16 13 8 16 14 16 15 10 15 11
split_gain=13.7476 12.0478 8.38664 11.311 11.6645 13.504 10.7385 9.14133 8.81813 9.05357 8.0191 10.8919 9.72775 8.52213 11.9457 9.31159 9.22153 7.90004 7.74535 7.70718 7.69816 8.47261 7.4318 11.3743 11.2309 8.39189 8.28866 13.7028 10.7789 10.8105
threshold=0.011235192525176166 -0.0070947588285928389 16.775000572204593 16.510000228881839 0.059971774713864064 -0.0052693175336530054 17.154999732971195 -0.0067260257632843481 0.014319949991421945 0.0033182918776138996 14.994999885559084 -0.010042466881963584 -0.096084571305829466 0.018972552338111019 0.0039394347110435221 0.020125848996620292 0.0026122084837985064 0.013646908396423041 15.694999694824221 0.025734816417073651 -0.0048938497744849254 15.295000076293947 inf 0.020460719501841921 -0.040011250304013861 -0.014976486243791385 0.010633547695277914 0.015605167538648159 0.0050862550746449972 0.044463643697869822
decision_type=2 2 2 2 2 2 2 2 2 2 2 2 2 2 2 2 2 2 2 2 2 2 8 2 2 2 2 2 2 2
left_child=2 -2 3 4 5 7 8 -1 -4 -10 12 -12 -7 14 15 20 19 -14 -16 -15 -13 -22 25 24 -24 -3 28 -28 29 -27
right_child=1 22 6 -5 -6 10 -8 -9 9 -11 11 13 17 16 18 -17 -18 -19 -20 -21 21 -23 23 -25 -26 26 27 -29 -30 -31
leaf_value=4.0243085078008841e-05 7.2129177316086158e-05 5.3860794372714502e-05 -0.00011295931410390762 8.7233778858914968e-05 -9.4709648350836618e-05 -0.00016996542982907674 -2.4621935155790628e-05 0.00037640656570985019 0.00012814865272265381 -0.00012034623076299423 -0.00022019034359356817 -0.00014903605095605173 -9.9146472893370393e-05 -9.0927319230001081e-05 2.7994590069026044e-05 0.00014192414478743582 -0.0001913283018269103 -1.4048555084732836e-05 0.00018778678433161854 0.0001822377809367678 0.00017720419665086772 -1.539885987244501e-05 0.0001232844697179035 0.00022270947983517935 -0.00024564839102734484 8.591339663433125e-06 2.1565433444664249e-05 0.00044000716156888101 -9.2610822801007282e-05 -0.00017976442659064696
leaf_weight=155 3305 1437 410 429 608 91 3167 131 72 54 65 188 361 68 171 187 116 2839 291 81 63 421 72 49 273 4120 1004 119 1372 188
leaf_count=155 3305 1437 410 429 608 91 3167 131 72 54 65 188 361 68 171 187 116 2839 291 81 63 421 72 49 273 4120 1004 119 1372 188
internal_value=-0.000179166 0.000965324 -0.00154996 -0.000434956 -0.00101097 -0.000248661 -0.0034364 0.0103147 -0.00998134 0.0015873 -0.000859976 0.00198365 -0.00228654 0.0028058 0.00444739 0.000960419 -0.00537736 -0.00182812 0.0109307 0.00285235 -0.00178571 0.00154959 -1.73732e-05 -0.00672589 -0.00992754 0.000303398 -0.000429957 0.0034951 -0.00120599 2.32126e-05
internal_weight=21907 11939 9968 6265 5836 5228 3703 286 536 126 4942 1651 3291 1586 1321 859 265 3200 462 149 672 484 8634 394 345 8240 6803 1123 5680 4308
internal_count=21907 11939 9968 6265 5836 5228 3703 286 536 126 4942 1651 3291 1586 1321 859 265 3200 462 149 672 484 8634 394 345 8240 6803 1123 5680 4308
is_linear=0
shrinkage=0.05


Tree=34
num_leaves=31
num_cat=0
split_feature=13 5 16 16 14 11 10 15 16 12 14 10 10 13 10 12 12 8 14 13 13 13 13 10 11 15 12 16 13 15
split_gain=13.3486 10.3988 7.93244 8.16882 6.91286 6.61289 7.2227 14.3452 6.60922 6.15765 8.88785 12.737 7.55278 7.99574 9.04668 7.54133 10.4365 7.58409 7.37172 6.99173 11.8641 9.37284 14.445 11.4617 10.5057 7.81646 10.0971 35.2595 10.1381 9.20083
threshold=33.719999313354499 0.013057901279684437 -0.070608736806686542 -0.056920326002612258 0.45247854199056486 0.048369816433799014 0.012727051103036626 0.010079965280282101 0.0080189043223286589 -0.026522918814270154 -0.02817624153510306 0.0043826949132023127 0.0074825472221409237 21.664999961853031 -0.01425655493307104 -0.022997205585478738 -0.017790362048334726 0.037749049205525027 0.15797637088179853 16.775000572204593 16.510000228881839 20.060000419616703 20.865000724792484 -0.0037293651666452927 -0.018660879963565243 -0.0036486016831196451 0.0048491469985487709 -0.0044118472245665554 17.204999923706058 0.0021407822259859048
decision_type=2 2 2 2 2 2 2 2 2 2 2 2 2 2 2 2 2 8 2 2 2 2 2 2 2 2 2 2 2 2
left_child=1 2 -1 -4 -2 6 -3 -8 -9 10 11 -5 13 -12 18 -11 17 -17 -15 20 -18 25 23 -23 -24 -21 27 -27 -29 -28
right_child=4 5 3 9 -6 -7 7 8 -10 15 12 -13 -14 14 -16 16 19 -19 -20 21 -22 22 24 -25 -26 26 29 28 -30 -31
leaf_value=0.00021589557927561035 0.0003573656450312695 4.5648687482887676e-05 -0.00037842394234475428 -0.00022824239338137666 -5.9348075014691333e-05 -7.7238654357733412e-05 -0.00016511575622975432 -9.0661028618566289e-05 0.00027433698346801284 -0.0001065014129466832 7.9924592400541005e-05 4.5014097335729012e-06 0.00019638395511209603 0.00026520473930485941 -0.00011342753432208169 0.00040280788668253797 -1.3346127330496208e-05 1.2882851146190159e-05 -5.867218742497283e-05 -7.8853855962455258e-06 8.3389628780111173e-05 0.00020862286871135111 2.7373459624279243e-05 6.8621461838108607e-06 -0.00011682816774032865 -0.00031609261415049535 -3.6050090100419911e-05 -6.889522623725843e-05 0.00025012654347787792 -0.00011474417015397286
leaf_weight=56 133 6055 47 76 54 198 373 88 144 212 535 336 62 105 184 86 7883 104 74 1150 517 195 277 325 272 132 834 55 287 1025
leaf_count=56 133 6055 47 76 54 198 373 88 144 212 535 336 62 105 184 86 7883 104 74 1150 517 195 277 325 272 132 834 55 287 1025
internal_value=-6.62887e-05 -0.000180984 -0.000925551 -0.000996751 0.0132353 0.00142899 0.0016967 -0.0035124 0.00625 -0.000930327 0.00225948 -0.0038835 0.00489583 0.00373051 -0.00199725 -0.00125805 -0.00110714 0.0105263 0.00600559 -0.00127779 -0.000422619 -0.00285589 0.00123948 0.00721154 -0.00441712 -0.00411283 -0.00577583 0.000738397 0.00921053 -0.00743679
internal_weight=21874 21687 14829 14773 187 6858 6660 605 232 14726 1372 412 960 898 363 13354 13142 190 179 12952 8400 4552 1069 520 549 3483 2333 474 342 1859
internal_count=21874 21687 14829 14773 187 6858 6660 605 232 14726 1372 412 960 898 363 13354 13142 190 179 12952 8400 4552 1069 520 549 3483 2333 474 342 1859
is_linear=0
shrinkage=0.05


Tree=35
num_leaves=31
num_cat=0
split_feature=13 0 10 14 10 14 11 10 13 13 11 10 10 0 12 11 13 11 4 10 11 1 12 3 10 10 12 12 13 8
split_gain=12.3896 9.83388 9.32993 12.6553 11.0248 11.4677 11.4864 11.1985 10.4455 10.0897 10.5822 12.0592 17.2387 12.8297 9.84709 9.0769 8.43203 9.67716 8.41021 8.27743 11.49 8.63543 8.02146 7.96173 7.696 9.97921 7.49481 7.44882 7.33356 7.16158
threshold=30.750000000000004 0.02538931747259288 0.010824096152379449 -0.040011250304013861 0.0092143368425633438 -0.047825209867674183 0.0087351921378735504 0.0077874097766411641 23.409999847412113 27.664999961853031 -0.0060505847997984188 0.0044649128256998303 0.0052131672495069345 -0.00024007012779531098 0.05735486248043898 0.040036365268930958 15.574999809265138 -0.010042466881963584 0.014352245361765265 0.0057158340565321994 0.0040071134155756924 0.0029019554898482851 0.061412556981192197 -0.0047054210823713185 0.010591418284257028 0.0095885339556018873 0.10123019596275297 0.020229769594439787 16.425000190734867 -0.053763827956873005
decision_type=2 2 2 2 2 2 2 2 2 2 2 2 2 2 2 2 2 2 2 2 2 2 2 2 2 2 2 2 2 10
left_child=1 2 4 22 7 6 8 9 -6 10 16 13 -13 -12 19 23 17 27 -15 -14 29 -22 -4 -7 25 -8 -16 -1 -18 -21
right_child=-2 -3 3 -5 5 15 24 -9 -10 -11 11 12 14 18 26 -17 28 -19 -20 20 21 -23 -24 -25 -26 -27 -28 -29 -30 -31
leaf_value=-0.00013632865475481481 0.00022348462728705973 0.00011003447030640832 -1.1681949248735363e-05 -0.00021727577029569852 -0.00015526947643883357 -7.5465184177463384e-05 0.00023568549258700186 -8.3845450326242219e-05 0.00011334170682913339 -0.00020382817846004728 1.5167193643900353e-06 0.00015249080273223683 -6.1136815586591798e-05 -8.9458009288865721e-05 -0.00013444205914444531 -8.5807885925884275e-05 -6.5455167026067133e-05 0.00021116416123634371 -4.1813356262229035e-05 -1.5483422453118095e-05 5.9695930837122114e-05 -3.9171503469757897e-05 -0.00019806953692638103 0.00024664255049052013 0.0001653036347268498 -5.9147882846411626e-05 3.8853922498138556e-05 0.00011758088772719768 2.5418178420745944e-05 0.00021574914625391981
leaf_weight=127 293 842 1256 334 174 58 74 886 75 181 4967 426 436 656 159 52 361 293 4282 50 481 509 76 324 124 147 48 187 3713 286
leaf_count=127 293 842 1256 334 174 58 74 886 75 181 4967 426 436 656 159 52 361 293 4282 50 481 509 76 324 124 147 48 187 3713 286
internal_value=-0.000229693 -0.000368328 -0.000583357 -0.00417167 -0.000269973 0.00476654 0.000252525 -0.000556848 -0.00793173 -0.000273861 -0.000148696 -0.000918699 0.00226514 -0.00168854 0.000292026 0.0109447 0.0018746 0.00737232 -0.00349332 0.00150397 0.00346908 0.000757576 -0.00198949 0.0136126 0.00615942 0.000565611 -0.0100242 0.00127389 0.00105547 0.0114583
internal_weight=21877 21584 20742 1666 19076 1028 594 18048 249 17162 16981 12300 2395 9905 1969 434 4681 607 4938 1762 1326 990 1332 382 345 221 207 314 4074 336
internal_count=21877 21584 20742 1666 19076 1028 594 18048 249 17162 16981 12300 2395 9905 1969 434 4681 607 4938 1762 1326 990 1332 382 345 221 207 314 4074 336
is_linear=0
shrinkage=0.05


Tree=36
num_leaves=31
num_cat=0
split_feature=4 10 9 14 6 10 13 11 13 7 10 10 15 15 10 13 13 10 15 11 14 10 10 15 14 10 15 14 11 11
split_gain=14.2588 9.10392 10.7402 13.2327 7.97912 7.75271 6.58893 9.04571 7.66511 7.00127 6.96663 6.89679 6.63563 6.44332 12.0437 17.5229 6.42432 6.40088 9.22727 8.91378 7.64537 8.51136 11.4445 8.03922 11.8958 10.1925 9.52111 8.90025 8.95083 8.57402
threshold=0.038382915744222777 -0.013327773622425541 -0.093429754226986447 0.11068884178819839 -0.14259934478371963 -0.01521359351313417 16.775000572204593 -0.0070947588285928389 16.614999771118168 0.0039902944910047431 0.0092143368425633438 -0.011231004293396683 0.0085132820201773169 -0.0040895520339909721 -0.017312021268647334 22.730000495910648 14.494999885559084 0.010824096152379449 0.010869800496443928 0.0069843130840521192 0.059971774713864064 -0.010966438049946124 -0.0052693175336530054 0.0031096858849046787 0.040951993391927573 0.0047561203387664905 0.0029897362644540908 0.031250907350716124 0.030023706466371539 0.016536757711404618
decision_type=2 2 10 2 2 2 2 2 2 2 2 2 2 2 2 2 2 2 2 2 2 2 2 2 2 2 2 2 2 2
left_child=1 2 3 5 17 -1 8 9 10 -8 -6 -9 -11 -4 15 -15 -12 20 -19 -20 21 -3 -23 24 26 -25 27 28 -24 -27
right_child=-2 4 13 -5 6 -7 7 11 -10 12 16 -13 -14 14 -16 -17 -18 18 19 -21 -22 22 23 25 -26 29 -28 -29 -30 -31
leaf_value=-3.9968790495961652e-05 0.0002060783456697927 -0.00030847095510332968 3.3890408656953684e-05 -0.00017437040175871297 6.2987716274069598e-06 0.00026931208288261262 8.4376460488905152e-05 0.0001939301587984077 0.00012859723161716296 -8.9020883909809358e-05 -7.3072439514459967e-06 -4.5635612361945283e-05 4.2695068927192577e-05 0.00029608703620204679 0.00032240588639010108 -0.00018147522678916848 0.00017719747317644695 -0.00013368846139606323 -0.00013809788169652024 0.00015099734073753475 -6.94741242173726e-05 9.2537045967733538e-05 2.485919784538538e-06 -8.1018125228815452e-05 0.00015265951904180951 2.900938748655014e-05 0.00045953373041450354 -0.00013370472804554308 -0.00010459342300653757 -5.8560465126087035e-05
leaf_weight=117 1274 44 518 216 4004 77 863 56 223 432 237 2380 307 78 244 116 375 643 88 127 1130 586 3918 1765 254 788 54 185 275 470
leaf_count=117 1274 44 518 216 4004 77 863 56 223 432 237 2380 307 78 244 116 375 643 88 127 1130 586 3918 1765 254 788 54 185 275 470
internal_value=-0.000148782 -0.000466699 0.00347731 -0.00329268 -0.00074724 0.00618557 0.000352033 -0.00113918 0.0015964 0.00177903 0.00115901 -0.00305829 -0.00179296 0.00638075 0.0108447 0.00154639 0.00612745 -0.00169217 -0.00582751 0.00313953 -0.00131746 -0.00079446 -0.000678119 -0.00119017 0.000106701 -0.00320046 -0.00049639 -0.000753769 -0.000280229 0.000238474
internal_weight=21844 20570 1366 410 19204 194 8877 4038 4839 1602 4616 2436 739 956 438 194 612 10327 858 215 9469 8339 8295 7709 4686 3023 4432 4378 4193 1258
internal_count=21844 20570 1366 410 19204 194 8877 4038 4839 1602 4616 2436 739 956 438 194 612 10327 858 215 9469 8339 8295 7709 4686 3023 4432 4378 4193 1258
is_linear=0
shrinkage=0.05


Tree=37
num_leaves=31
num_cat=0
split_feature=11 16 14 4 15 14 16 11 9 13 15 14 15 13 13 13 11 13 16 13 14 11 16 11 14 12 14 12 11 16
split_gain=12.0979 12.3564 8.45284 8.21447 7.45502 7.69686 12.5043 13.1792 8.6026 7.31821 7.2752 11.1655 9.52203 23.7321 16.0792 12.1717 8.50031 8.32587 11.1302 8.26801 18.2683 11.3514 10.1139 8.75543 8.46223 8.29098 19.6381 13.3707 15.9286 10.7123
threshold=-0.029337465505850421 0.02076474043561383 0.14228104891203866 0.038382915744222777 0.012156159077767461 0.13518549268873961 0.037174646310568223 0.028626445493023959 0.049501753170089875 13.869999885559084 0.0050862550746449972 0.15436855290822041 0.0074541937545147272 14.315000057220461 13.894999980926515 27.070000648498539 0.048369816433799014 15.984999656677248 0.0086548385312381643 20.814999580383304 -0.02817624153510306 -0.025492128925019227 -0.045637540420825067 -0.020756034341227022 0.06028471113356227 0.05735486248043898 0.00619378828642947 0.064838978376420955 0.0093718166333225401 -0.0094401384909800195
decision_type=2 2 2 2 2 2 2 2 8 2 2 2 2 2 2 2 2 2 2 2 2 2 2 2 2 2 2 2 2 2
left_child=1 2 -1 4 10 6 7 8 -6 -10 16 12 13 -12 -14 17 19 18 -15 21 -21 -2 -22 -23 25 -25 27 -27 -29 -30
right_child=3 -3 -4 -5 5 -7 -8 -9 9 -11 11 -13 14 15 -16 -17 -18 -19 -20 20 22 23 -24 24 -26 26 -28 28 29 -31
leaf_value=0.00021883030054612937 -0.00022358886440265597 -0.00022756958232222045 -4.4884997381349459e-05 0.00014854261587179008 -3.5092866504833579e-05 0.00062773611038602903 -7.4661854729735498e-05 0.00021292340553812083 -6.5118783029023561e-05 9.7892321846845525e-05 -0.00019494530531884697 0.00028286538635293053 0.00012255827080613567 0.00015180684818128507 -3.6412875125855716e-05 0.00029636050138492399 -0.0001941384890473228 -7.3307801663317646e-05 -4.8855394101853838e-05 -0.00015915818670833384 0.00023570065828774973 0.00011997248599242921 -2.024093294900357e-05 1.3017697051479275e-05 -3.4206724583415048e-05 -0.00021529270475911105 0.00010946023209616471 0.00014238177621096767 6.1801103660602495e-05 -0.00013006873507486516
leaf_weight=701 144 55 192 1205 605 52 272 207 137 694 419 80 375 176 2013 45 120 857 275 444 99 196 973 8649 1541 311 337 129 94 409
leaf_count=701 144 55 192 1205 605 52 272 207 137 694 419 80 375 176 2013 45 120 857 275 444 99 196 973 8649 1541 311 337 129 94 409
internal_value=-0.000249931 0.00527426 0.00669093 -0.000501007 -0.000746705 0.00217336 0.00165796 0.00330189 0.00160167 0.00490373 -0.00107147 -0.00287736 -0.00323317 -0.00601016 -0.00117253 -0.0027901 -0.000502008 -0.00366972 0.00182927 -0.00038271 -0.00385884 6.35055e-05 -0.000326493 0.000235728 5.66696e-05 0.000591701 -0.00316406 -0.00686638 -0.00268987 -0.00670974
internal_weight=21806 948 893 20858 19653 1967 1915 1643 1436 831 17686 4240 4160 1772 2388 1353 13446 1308 451 13326 1516 11810 1072 11666 11470 9929 1280 943 632 503
internal_count=21806 948 893 20858 19653 1967 1915 1643 1436 831 17686 4240 4160 1772 2388 1353 13446 1308 451 13326 1516 11810 1072 11666 11470 9929 1280 943 632 503
is_linear=0
shrinkage=0.05


Tree=38
num_leaves=31
num_cat=0
split_feature=4 15 10 12 10 16 16 12 15 11 15 14 16 12 11 10 10 15 12 16 11 10 14 14 13 13 13 14 16 11
split_gain=12.1413 8.73933 11.8952 13.4907 10.9417 10.3562 11.5258 10.8914 11.4876 13.0599 11.091 11.552 14.903 12.381 11.8672 10.7348 14.4442 9.04522 11.7965 8.96896 8.16593 7.90115 8.79166 10.447 11.7435 9.41611 13.0775 12.6277 9.38614 9.33193
threshold=0.032187354367411179 0.011710297773622315 -0.0063062560979271201 0.023201691607264822 0.012020703086552011 0.0039629574884485494 0.0034241245965662697 0.04279380650356613 -0.0086547425044391484 0.031976499172701407 -0.012469312586387281 0.013234785210327617 0.013181884257017497 0.086474155307740067 0.026101750474282651 0.010655373456526786 0.0090796320143422555 0.0076542272887412119 -0.0021779989337359913 0.029139844929926609 0.031328767211223359 0.0078861998307097076 -0.042837654521053752 -0.071225645536492452 21.134999275207523 20.060000419616703 20.659999847412113 0.11068884178819839 -0.045637540420825067 0.00023772449314352076
decision_type=2 2 2 2 2 2 2 2 2 2 2 2 2 2 2 2 2 2 2 2 2 2 2 2 2 2 2 2 2 2
left_child=1 4 -3 -4 5 6 15 8 9 -7 -9 14 13 -13 -12 16 21 -6 -19 -14 -16 22 23 -1 -25 27 -27 29 -28 -24
right_child=-2 2 3 -5 17 7 -8 10 -10 -11 11 12 19 -15 20 -17 -18 18 -20 -21 -22 -23 25 24 -26 26 28 -29 -30 -31
leaf_value=-4.7344582477092376e-05 0.00012348300881109774 0.00020747973436139314 7.87469889350862e-05 -3.8933747034989452e-05 -0.00013277990098623074 8.4829774213536025e-05 0.00015697841823457642 -0.000433220525042815 -2.3035319651307751e-05 -0.00014249664308410437 -0.00012507806875434251 -0.00020319258344137685 0.00034435312450237937 0.00012958645838520675 0.00031050420527676105 -0.00017588705291535526 0.00012944671371237378 -0.00016229949640986346 0.00020836397425874457 -1.1475645998880761e-05 -5.0200023354888844e-05 -9.5546742912045693e-05 -3.6469159390139561e-05 0.00010365835188146994 -0.00012273620017504367 0.00017368214035015964 0.00038186690893819307 -0.00017663240370748264 -1.7353214817201254e-06 1.0694864114130774e-05
leaf_weight=189 1990 240 961 913 725 536 274 98 5657 67 982 159 144 74 51 129 418 78 125 79 47 343 2112 660 82 197 114 301 964 3210
leaf_count=189 1990 240 961 913 725 536 274 98 5657 67 982 159 144 74 51 129 418 78 125 79 47 343 2112 660 82 197 114 301 964 3210
internal_value=-0.000231534 -0.000603392 0.00243614 0.00109392 -0.000964075 -0.000673595 0.000486489 -0.00199519 -0.00104633 0.0055141 -0.00563035 -0.00458984 0.00208333 -0.00675966 -0.00740741 0.000169171 0.000384168 -0.00625 0.00307882 0.0113229 0.00918367 -7.95399e-05 0.000245881 0.00480666 0.00747978 -0.000369672 0.0035098 -0.00124933 0.00134508 -0.000685832
internal_weight=21919 19929 2114 1874 17815 16887 8993 7894 6260 603 1634 1536 456 233 1080 8719 8590 928 203 223 98 8172 7829 931 742 6898 1275 5623 1078 5322
internal_count=21919 19929 2114 1874 17815 16887 8993 7894 6260 603 1634 1536 456 233 1080 8719 8590 928 203 223 98 8172 7829 931 742 6898 1275 5623 1078 5322
is_linear=0
shrinkage=0.05


Tree=39
num_leaves=31
num_cat=0
split_feature=5 13 14 10 3 11 4 11 11 11 13 11 10 11 12 13 14 9 11 14 11 12 13 11 8 2 13 11 14 10
split_gain=12.2191 8.17645 9.30192 7.03834 7.67111 6.05799 5.89842 5.37433 6.71107 21.4838 8.87953 8.51715 21.3874 7.02835 7.12862 6.48408 5.96344 6.64665 8.21366 8.08697 8.33363 6.04398 6.03803 5.6335 8.87367 7.34225 7.13172 5.9104 7.96799 5.56053
threshold=0.012958901390826665 33.719999313354499 0.18763840935801293 0.012020703086552011 0.015426202221143994 0.048369816433799014 0.013410189583071845 0.037714615631601174 0.029572012228067938 0.026101750474282651 16.98499965667725 0.021985300450528603 0.0081956956278671517 0.023858934510878397 0.041026522292009988 14.920000076293947 -0.015974596701323503 0.071351322668986264 -0.022024013564940267 -0.021011062487688355 0.016655619165508066 0.12384637745116912 15.050000190734865 -0.0087471822006088256 -0.041074662382016784 -0.049349980003246301 16.404999732971195 0.001067718638755544 -0.041031725575055404 0.012396471332785432
decision_type=2 2 2 2 2 2 2 2 2 2 2 2 2 2 2 2 2 8 2 2 2 2 2 2 8 2 2 2 2 2
left_child=5 3 -3 -2 -5 6 -1 8 9 11 29 16 13 -13 -15 -9 17 18 -8 20 22 -18 -19 25 -25 -24 -26 -28 -29 -10
right_child=1 2 -4 4 -6 -7 7 15 10 -11 -12 12 -14 14 -16 -17 21 19 -20 -21 -22 -23 23 24 26 -27 27 28 -30 -31
leaf_value=-4.4642661239322144e-05 3.1975780113698613e-05 0.00038455750093260198 -6.4994622398185326e-05 -8.7174737224274035e-05 0.00045187703331204604 -0.00013613301764444825 0.00027077171135345493 -9.982701086164545e-05 -5.0016095436803592e-05 0.00024801343022425276 -0.00012909577206456112 -0.00018717856149630592 0.00010000939345203783 -0.00011508249859079011 0.00022784032572551504 0.00011642622182538276 4.2984671966255893e-06 -9.7418075608753058e-05 -7.4684622164599998e-06 -0.00014409855409457163 5.4300042680201812e-05 -0.00010280535563730537 -0.00024078490557283185 0.00018053323220374484 7.3663510480994704e-05 -3.8530309106889118e-05 2.2354365600314948e-05 -0.00011000985816066676 1.0738977334008583e-06 0.00010761296765487306
leaf_weight=1147 6411 107 60 586 67 96 83 54 219 276 190 213 144 198 41 221 7137 517 2186 194 258 53 73 86 187 350 206 250 179 60
leaf_count=1147 6411 107 60 586 67 96 83 54 219 276 190 213 144 198 41 221 7137 517 2186 194 258 53 73 86 187 350 206 250 179 60
internal_value=-0.000191084 0.00149011 0.0124251 0.0012316 -0.00371363 -0.00102271 -0.000939953 -0.00064486 -0.000790076 -0.000572005 -0.00666311 -0.00088021 -0.00671141 -0.0120575 -0.00617155 0.00627273 -0.000584659 -0.00199715 -7.71265e-05 -0.0038913 -0.00299145 0.000312935 -0.00416667 -0.00238542 -0.000165198 -0.0071513 -0.00176399 -0.00429134 -0.00763403 -0.000985663
internal_weight=21849 7231 167 7064 653 14618 14522 13375 13100 12631 469 12355 596 452 239 275 11759 4569 2269 2300 2106 7190 1848 1331 908 423 822 635 429 279
internal_count=21849 7231 167 7064 653 14618 14522 13375 13100 12631 469 12355 596 452 239 275 11759 4569 2269 2300 2106 7190 1848 1331 908 423 822 635 429 279
is_linear=0
shrinkage=0.05


Tree=40
num_leaves=31
num_cat=0
split_feature=4 10 15 1 14 9 12 11 15 4 11 10 15 15 13 10 10 13 10 15 14 11 12 14 10 10 2 14 14 15
split_gain=12.1963 7.88529 7.73113 12.0504 8.6504 10.2739 7.25816 7.97425 7.19967 7.29822 7.02614 6.66277 5.88603 18.1579 18.1649 13.3589 11.8196 14.5043 8.78435 10.3274 8.6755 7.87172 8.76704 7.80946 12.5248 8.43061 8.78806 8.64784 15.6499 14.1475
threshold=0.035701508275130765 -0.013327773622425541 0.0023307014818950704 -0.0093578119743201165 0.11068884178819839 -0.29141021327575795 -0.062212446145613214 -0.035697705395590577 -0.023562262162224675 0.013410189583071845 -0.0080581536357283139 -0.012508695811735191 0.0093608867568876226 0.0050862550746449972 13.174999713897707 0.015605167538648159 0.010655373456526786 16.85000038146973 -0.0063062560979271201 0.0096242293895473247 -0.036136320679139293 0.028626445493023959 -0.030100070000726505 0.068214198873392098 -0.0041029098949924561 0.0099554586299021048 -0.034153986981162725 0.040951993391927573 0.030785511680663128 -0.0079927872230808866
decision_type=2 2 2 2 2 10 2 2 2 2 2 2 2 2 2 2 2 2 2 2 2 2 2 2 2 2 2 2 2 2
left_child=1 2 4 -4 -1 -6 -3 -8 -9 -10 -7 -11 13 16 -15 18 23 20 -14 -20 -18 22 -21 24 -13 27 -27 28 -26 -29
right_child=-2 6 3 -5 5 10 7 8 9 11 -12 12 15 14 -16 -17 17 -19 19 21 -22 -23 -24 -25 25 26 -28 29 -30 -31
leaf_value=0.00012748253249185359 0.00016060343991057633 -0.00011887036083296854 -0.00013026874200190868 0.00032926576727893773 -0.00016521548790996126 5.5378761717777989e-05 0.00031803733783495534 0.00022202925574171451 -4.2410528177356041e-05 -0.00018256235102564685 -0.00019486133494430073 7.3755158956255887e-05 0.00017744758947337808 -0.0001840134216465993 -4.3565032664462295e-05 0.00027067566780217966 7.0957551226351353e-05 -0.00019537011682209491 0.00024363078444773192 0.00011850200740932344 -0.00020927212428251856 8.3502468905997853e-05 -3.704722401562319e-05 -4.556390156418445e-05 -1.662009133876377e-06 -0.00033773054929108935 0.00013911350708873107 0.00064417331919511614 -0.00014983762550521164 8.5289480285361506e-06
leaf_weight=369 1542 275 72 183 149 436 72 74 1059 91 89 1474 168 217 2305 264 240 422 117 202 49 318 1923 1113 7444 51 284 112 271 341
leaf_count=369 1542 275 72 183 149 436 72 74 1059 91 89 1474 168 217 2305 264 240 422 117 202 49 318 1923 1113 7444 51 284 112 271 341
internal_value=-0.000168001 -0.000495442 0.00327427 0.0110784 0.00136625 -0.00200297 -0.000754527 -0.000635377 -0.000699876 -0.000762253 0.00128571 -0.000517063 -0.000446145 -0.000867486 -0.00471848 0.00157086 -4.44878e-05 -0.00629395 0.000531525 -0.000195313 0.00233564 -0.000890299 -0.00198824 0.000356177 0.000799338 6.17429e-05 0.00783582 -0.000257101 -0.000651329 0.00645695
internal_weight=21726 20184 1298 255 1043 674 18886 18611 18539 18465 525 17406 17315 14323 2522 2992 11801 711 2728 2560 289 2443 2125 11090 9977 8503 335 8168 7715 453
internal_count=21726 20184 1298 255 1043 674 18886 18611 18539 18465 525 17406 17315 14323 2522 2992 11801 711 2728 2560 289 2443 2125 11090 9977 8503 335 8168 7715 453
is_linear=0
shrinkage=0.05


Tree=41
num_leaves=31
num_cat=0
split_feature=4 11 16 15 16 15 15 15 11 11 13 5 12 12 15 11 12 11 14 14 16 11 13 13 13 1 15 16 16 3
split_gain=13.5077 7.32545 12.9946 7.94797 12.6457 7.46474 6.87893 6.45952 5.50505 5.30728 5.83144 5.75332 5.89096 7.16293 6.97256 8.62218 6.95464 10.2836 6.59067 6.29538 6.0341 7.85161 7.69193 9.08108 8.19417 5.6664 5.62744 5.5401 5.80678 5.46457
threshold=0.038382915744222777 -0.029337465505850421 0.02076474043561383 -0.028077405864876556 -0.027723753543463011 0.0055185979138766559 -0.0051394484859333947 -0.023562262162224675 -0.019621602504463761 0.048369816433799014 25.010000228881839 0.010093430627568805 0.016981710951886612 0.0037861814309102519 -0.012469312586387281 -0.014686681817186851 0.022394613632646724 0.0070762605113673391 0.028010740507291913 -0.001242221342315941 0.033771624345270708 0.0028224343190543792 14.244999885559084 18.365000724792484 20.714999198913578 -0.0038307378426740142 -0.00152382431485909 0.034076731407139634 0.010163365407607651 0.001905392726381683
decision_type=2 2 2 2 2 2 2 2 2 2 2 2 2 2 2 2 2 2 2 2 2 2 2 2 2 2 2 2 2 2
left_child=1 2 3 -1 -5 6 -6 -3 -2 11 -11 12 13 14 -9 25 17 19 -17 -14 21 22 -18 -24 26 -16 -25 28 29 -15
right_child=8 7 -4 4 5 -7 -8 9 -10 10 -12 -13 16 27 15 18 20 -19 -20 -21 -22 -23 23 24 -26 -27 -28 -29 -30 -31
leaf_value=-0.0001989945330418806 0.00060205436230054219 0.00018906061116399941 -0.00021613286120083513 0.00041329316759005844 7.9273088983505783e-05 0.0002202072358647265 -9.4537010390654272e-05 -0.00010772671159285904 0.00011894283238346954 -0.00012096144898120242 4.547427820121601e-05 -7.2366177727390896e-07 3.67238209489227e-05 -1.9638258019700627e-05 -0.00022763357437244596 -1.5179344340284733e-06 -0.00014804205394023116 -4.2462260104854729e-05 0.00014510083354364007 0.00017576384016607048 -0.00011117961022470571 6.6046091195449793e-06 3.127217651088779e-05 -2.8446484521614113e-05 3.4392724884492464e-05 -5.4132063153842542e-06 -0.00027318860288334823 0.00015204244437007293 -0.0001289937690485026 -9.0490689368378675e-05
leaf_weight=47 205 100 52 163 231 201 167 69 1080 199 82 13652 147 516 148 379 255 222 220 200 151 1955 324 72 63 201 127 47 291 305
leaf_count=47 205 100 52 163 231 201 167 69 1080 199 82 13652 147 516 148 379 255 222 220 200 151 1955 324 72 63 201 127 47 291 305
internal_value=-0.000168031 -0.000478481 0.004036 0.00559333 0.00682415 0.00346411 -0.000502513 -0.000675539 0.00480545 -0.000740127 -0.00756228 -0.000641026 -0.00197646 -0.00402114 -0.000958702 0.000158228 -0.000711035 0.00434974 0.003798 0.00972622 -0.00168816 -0.00116237 -0.00520214 -0.00204778 -0.00896947 -0.00608883 -0.0139447 -0.00670837 -0.00741906 -0.00526797
internal_weight=21871 20586 861 809 762 599 398 19725 1285 19625 281 19344 5692 2176 1017 948 3516 569 599 347 2947 2796 841 586 262 349 199 1159 1112 821
internal_count=21871 20586 861 809 762 599 398 19725 1285 19625 281 19344 5692 2176 1017 948 3516 569 599 347 2947 2796 841 586 262 349 199 1159 1112 821
is_linear=0
shrinkage=0.05


Tree=42
num_leaves=31
num_cat=0
split_feature=6 4 14 16 15 15 10 15 10 15 2 11 7 14 11 10 16 14 16 10 4 5 10 9 14 14 15 16 14 10
split_gain=10.7514 9.15246 6.87683 7.26349 6.34296 10.2449 6.3797 6.14254 6.96787 7.85799 7.12999 8.60505 5.93957 5.6438 12.1215 6.42973 6.3501 10.7686 7.76786 7.36527 6.82025 6.32922 6.18581 5.53579 6.10301 5.43197 5.91474 6.88214 8.10412 5.39438
threshold=-0.14259934478371963 0.028099181761611209 -0.0022749768251851816 -0.031559920993046879 -0.00044026537448504927 -0.0010993892092221456 -0.0018713980649029403 0.00086811253846552649 0.0059451726660438861 0.0012661151860644539 0.075247090428570931 -0.0048868884818967775 -0.020254639159211604 0.048234950984074383 -0.022310337551763478 -0.0041029098949924561 0.011529537025637417 0.031770832380203846 0.01261854820658004 0.0011106399623194154 0.016213125890389167 0.010456324782865059 -0.010705867226747377 -0.29141021327575795 -0.0078563959177023728 -0.0054293361358405115 -0.0032612641089849177 0.013559806155772349 -0.044623986751606441 0.0035916087266854029
decision_type=2 2 2 2 2 2 2 2 2 2 2 2 2 2 2 2 2 2 2 2 2 2 2 10 2 2 2 2 2 2
left_child=2 -2 4 -4 5 6 -1 29 9 -9 11 -11 -10 15 21 22 -17 18 -18 20 -20 -15 -5 24 -8 26 27 28 -25 -6
right_child=1 -3 3 13 7 -7 23 8 12 10 -12 -13 -14 14 -16 16 17 -19 19 -21 -22 -23 -24 25 -26 -27 -28 -29 -30 -31
leaf_value=-0.00015528496113357063 4.6555084982056323e-06 0.00017402849909681643 0.00012007347388261914 -0.00016315330355694114 -4.6543067760008933e-05 8.7978677419848017e-05 -0.00010844306984930468 0.0001254953974895696 0.00014398931058587282 6.9445558950106268e-07 5.544545424153464e-05 -0.00010823368650523168 -1.6073354254990336e-05 -0.00011758529253790519 -4.7309804048381028e-05 2.8997077380452096e-05 -0.00024200014801908028 -0.00020682873889095663 -9.4929805699926114e-05 7.1011528607671038e-05 2.066207666719241e-06 0.00020373909059297034 0.00010344510035726544 -6.1827082930512788e-05 6.2022378600065141e-05 -0.00013530791183032876 -6.7537591543942886e-05 0.00010993730217032571 6.0139963783004475e-05 -0.00017541445009147932
leaf_weight=189 9054 1253 316 71 200 166 337 68 205 351 227 1262 1544 77 1641 1124 58 127 179 325 391 220 628 275 45 110 241 137 689 264
leaf_count=189 9054 1253 316 71 200 166 337 68 205 351 227 1262 1544 77 1641 1124 58 127 179 325 391 220 628 275 45 110 241 137 689 264
internal_value=-0.000208965 0.000962938 -0.00126232 9.21078e-05 -0.00236926 -0.000194153 -0.001174 -0.00352463 -0.00283702 -0.00492662 -0.00554348 -0.0067111 -0.000557461 -0.000387317 -0.00247678 0.00100758 -0.000317604 -0.00305556 -0.00123295 -8.37989e-05 -0.00350877 0.00681818 0.00518598 -0.000272628 -0.00562827 0.00113636 0.00201192 0.00356494 0.00207469 -0.00894397
internal_weight=21774 10307 11467 5157 6310 2189 2023 4121 3657 1908 1840 1613 1749 4841 1938 2903 2204 1080 953 895 570 297 699 1834 382 1452 1342 1101 964 464
internal_count=21774 10307 11467 5157 6310 2189 2023 4121 3657 1908 1840 1613 1749 4841 1938 2903 2204 1080 953 895 570 297 699 1834 382 1452 1342 1101 964 464
is_linear=0
shrinkage=0.05


Tree=43
num_leaves=31
num_cat=0
split_feature=11 9 14 10 10 10 13 13 11 13 13 14 10 13 13 10 14 11 12 13 9 13 14 12 14 12 12 11 6 14
split_gain=11.0072 9.95834 6.72269 9.48298 16.1513 10.4436 11.4164 9.38835 11.211 10.3041 10.121 9.55031 8.75536 8.34526 12.1497 11.8799 10.8896 10.5646 7.57973 10.456 7.51323 7.50676 7.44883 11.7448 11.2541 8.32664 8.06454 7.31913 7.19325 7.05576
threshold=-0.029337465505850421 0.22319982478116032 -0.0067330833557224237 0.0044649128256998303 0.0052131672495069345 0.0034738887417754554 20.659999847412113 12.84500026702881 0.01160523990497442 12.88000011444092 12.325000286102297 0.035942894407802857 0.013844787315234976 14.340000152587892 16.125000000000004 0.0057158340565321994 -0.015974596701323503 -0.0091308486085681078 0.045280709361418599 15.574999809265138 -0.093429754226986447 12.119999885559084 -0.037374592254897913 0.037928196515582775 -0.017044659763988276 0.040854121966551922 0.078665433833488688 -0.0095143176561332515 0.84142454601754135 0.058009640559056781
decision_type=2 10 2 2 2 2 2 2 2 2 2 2 2 2 2 2 2 2 2 2 10 2 2 2 2 2 2 2 2 2
left_child=-1 2 3 5 20 6 21 8 11 -9 -10 -4 28 16 15 -15 -6 -17 19 -19 -5 -2 23 -16 25 -24 -25 -8 29 -11
right_child=1 -3 7 4 13 -7 27 9 10 12 -12 -13 -14 14 22 17 -18 18 -20 -21 -22 -23 24 26 -26 -27 -28 -29 -30 -31
leaf_value=0.00010304975825373895 -0.00021490566815116449 0.0001255598469839885 0.00016047216776429323 -1.8211989720959429e-05 -7.0878984730131294e-05 -0.00010640903720677262 1.3844395148395438e-05 0.00040498476675952973 7.9855775793540032e-05 1.2613243440146287e-05 -0.00017002551618716113 -0.00027484466591398053 -0.00033077798776641302 -0.00028641531352061099 -1.5352217335030691e-05 -0.00015569916598129728 0.00031730534357970758 4.5173467250563674e-06 0.00029109579015983383 0.00016872266180969586 0.00035776907165634722 -1.295857402789577e-05 0.00021386688956174171 -0.00026222076205022432 -5.2949225210867978e-05 2.6356651008973417e-05 8.7037838089278417e-06 -0.00026618678057259648 5.4441579330418228e-05 -2.76544155494642e-05
leaf_weight=950 66 1031 115 66 823 721 73 47 53 5195 353 46 48 48 2080 47 51 527 129 376 184 3395 143 236 277 232 103 210 1740 2447
leaf_count=950 66 1031 115 66 823 721 73 47 53 5195 353 46 48 48 2080 47 51 527 129 376 184 3395 143 236 277 232 103 210 1740 2447
internal_value=-0.000210893 -0.00045058 -0.000699662 -0.00163227 -0.000206689 -0.00333147 -0.0022703 0.00020908 -0.00604056 0.00058299 -0.010468 0.00512422 0.000466596 -0.000818218 0.000107194 0.00454747 -0.00526316 0.00563021 0.00668605 0.00506645 0.0122 -0.00148079 -0.00152231 -0.00280074 0.00322086 0.00886667 -0.0114307 -0.0119258 0.00057557 -8.50563e-05
internal_weight=21812 20862 19831 9787 5322 4465 3744 10044 567 9477 406 161 9430 5072 4198 1127 874 1079 1032 903 250 3461 3071 2419 652 375 339 283 9382 7642
internal_count=21812 20862 19831 9787 5322 4465 3744 10044 567 9477 406 161 9430 5072 4198 1127 874 1079 1032 903 250 3461 3071 2419 652 375 339 283 9382 7642
is_linear=0
shrinkage=0.05


Tree=44
num_leaves=31
num_cat=0
split_feature=1 0 13 12 13 16 13 13 13 13 11 12 16 12 16 11 11 13 13 15 14 14 11 11 16 16 15 14 11 4
split_gain=9.98459 7.41042 7.30365 8.48278 7.28356 7.04509 6.06267 5.64307 9.63853 8.33721 7.15743 6.25562 6.04295 11.7238 11.3116 10.304 12.3037 15.2076 11.3116 14.1342 12.5469 9.97454 9.58718 9.23693 11.1943 11.2351 10.0928 8.7288 9.49903 8.66411
threshold=-0.050723072916919791 0.018793312868119031 30.750000000000004 -0.067575667738432196 39.645000457763679 0.064675615437763026 23.965000152587894 12.84500026702881 12.454999923706056 12.00999975204468 0.0021655828678432969 0.10123019596275297 0.0039629574884485494 0.037528562351318968 0.00306978284617121 0.022371671990612522 0.0065559076404506653 13.84500026702881 13.484999656677248 0.0002488804252200883 -0.0046169142462271764 -0.14356568835631797 0.0026615603308526308 0.044463643697869822 0.022868034575391664 0.017832485818288894 -0.00082400209658234347 -0.071225645536492452 0.022371671990612522 0.013801570598675246
decision_type=2 2 2 2 2 2 2 2 2 2 2 2 2 2 2 2 2 2 2 2 2 2 2 2 2 2 2 2 2 2
left_child=6 2 3 -2 -4 7 -1 8 9 -5 -11 -10 14 21 27 16 17 -15 -18 20 -20 -14 -19 24 25 -23 -26 28 -9 -28
right_child=1 -3 4 5 -6 -7 -8 12 11 10 -12 -13 13 15 -16 -17 18 22 19 -21 -22 23 -24 -25 26 -27 29 -29 -30 -31
leaf_value=6.4578443085013156e-05 -0.00011510298920148622 5.7267258592788844e-05 0.00020736405909353912 -0.00016017655180608362 -0.00024336481074626969 -0.00033834151399260415 0.00036514462324615588 -8.6116135841632688e-05 -9.0330885387460624e-05 -0.00013099079386524651 6.9813202765733718e-05 0.00012039223654976535 0.00018604484086216756 -0.00015806091652949912 0.00013816108380461302 2.5006774521955239e-05 0.00016876667372287265 -2.4327582319728969e-05 0.00014030990863822253 -0.00021043799969410411 -0.00013262410142101763 -4.2643979324058676e-06 0.00020496725625989088 -0.00011999789174274418 0.00016816096423393561 -8.5371867368049881e-05 -8.9687887963233687e-05 7.1405381481330981e-06 0.00010202718228755886 3.4117559982524332e-05
leaf_weight=872 282 1577 138 100 41 48 167 638 679 79 388 53 154 197 354 463 98 288 132 685 150 3559 218 267 300 833 121 7505 95 1442
leaf_count=872 282 1577 138 100 41 48 167 638 679 79 388 53 154 197 354 463 98 288 132 685 150 3559 218 267 300 833 121 7505 95 1442
internal_value=-0.000188159 -0.000426164 -0.000695344 -0.000789419 0.00935754 -0.000660618 0.00459577 -0.000611767 -0.00379138 0.00110229 0.00390792 -0.00758197 -0.000375736 -0.00128831 0.000570298 -0.00442627 -0.00616516 -0.00103129 -0.00955399 -0.0111944 -0.00177305 -0.000239664 0.00355731 -0.000536645 -0.000147882 -0.0015255 0.00309984 0.000194222 -0.00501364 0.00148752
internal_weight=21923 20884 19307 19128 179 18846 1039 18798 1299 567 467 732 17499 8907 8592 2231 1768 703 1065 967 282 6676 506 6522 6255 4392 1863 8238 733 1563
internal_count=21923 20884 19307 19128 179 18846 1039 18798 1299 567 467 732 17499 8907 8592 2231 1768 703 1065 967 282 6676 506 6522 6255 4392 1863 8238 733 1563
is_linear=0
shrinkage=0.05


Tree=45
num_leaves=31
num_cat=0
split_feature=1 15 10 10 10 16 16 4 12 14 14 11 14 9 14 3 15 10 15 14 12 12 16 9 14 15 15 14 15 15
split_gain=8.36871 8.1268 13.3042 12.8006 10.3401 10.485 10.6425 8.3335 7.25221 9.89536 13.2268 6.88134 6.86657 6.80771 6.61565 7.21232 6.22651 9.98418 11.79 6.12415 6.10954 6.18507 9.73183 9.48818 8.21056 8.0389 6.06899 7.05452 9.8232 5.93563
threshold=-0.050723072916919791 0.012156159077767461 0.015605167538648159 -0.0063062560979271201 0.012020703086552011 0.0071535270211617883 0.026198741674589136 0.016081768914882399 -0.030100070000726505 -0.042837654521053752 -0.033094273980848292 -0.055970636302615777 -0.021911996714153944 0.0071585816908947839 -0.10344834121785244 -0.0052123412259978399 0.0050862550746449972 -0.013788046856732237 0.010302766187873071 -0.056340529311790281 -0.062212446145613214 0.0086975765073127338 0.0080189043223286589 -0.20892225546394363 -0.054330610723124943 0.0061215016418697541 -0.0051394484859333947 0.06028471113356227 0.0053880330337218183 -0.0063037824284076218
decision_type=2 2 2 2 2 2 2 2 2 2 2 2 2 10 2 2 2 2 2 2 2 2 2 10 2 2 2 2 2 2
left_child=-1 4 3 -3 7 -6 14 26 -5 -10 -11 -9 13 -12 -7 -16 -13 18 -18 -4 -19 -22 24 -24 -23 -26 29 -28 -29 -2
right_child=1 2 19 8 5 6 -8 11 9 10 12 16 -14 -15 15 -17 17 20 -20 -21 21 22 23 -25 25 -27 27 28 -30 -31
leaf_value=0.00010543451901858896 -3.3151015899003181e-06 0.00023933415916208473 0.00034766032933582946 0.00014655291030930069 -0.00012914956904076853 0.00019801247803932027 -0.00016666646954355616 -0.0002466486499460903 -9.2475442926560566e-05 0.00015560309749136454 -0.00019417215815315967 1.1508633971525368e-05 1.6880510514839452e-05 -2.0419672666783639e-06 0.00015664972967437 -0.00011373405906314082 0.00027355512958575329 -0.00026309570813682237 -0.00020268334809774911 -3.0774724885806796e-05 8.8816075716943377e-06 0.00051603224865317014 -0.00032252911472002189 -7.7934865391249129e-05 -0.00015038313761720368 1.8342042007076042e-05 -2.6662210780625372e-05 -0.00012599383530808567 4.4697394698140635e-05 9.5249181033208873e-05
leaf_weight=1061 1126 205 215 160 567 129 106 51 421 191 118 9749 671 108 58 145 92 49 47 48 1053 40 177 810 110 566 3095 401 117 182
leaf_count=1061 1126 205 215 160 567 129 106 51 421 191 118 9749 671 108 58 145 92 49 47 48 1053 40 177 810 110 566 3095 401 117 182
internal_value=-0.000208067 -0.000428942 0.00249181 0.00101387 -0.000763257 -0.00569652 0.000114155 -0.000482593 -0.000434392 -0.00150762 0.00101103 0.000192247 -0.00153289 -0.0090708 0.00451807 -0.00110837 0.000265895 -0.00174932 0.0113309 0.0130228 -0.0023975 -0.00208636 -0.00394891 -0.00716819 0.000488827 -0.000813609 -0.00223024 -0.00328674 -0.00868726 0.000688073
internal_weight=21868 20807 2137 1874 18670 1005 438 17665 1669 1509 1088 12744 897 226 332 203 12693 2944 139 263 2805 2756 1703 987 716 676 4921 3613 518 1308
internal_count=21868 20807 2137 1874 18670 1005 438 17665 1669 1509 1088 12744 897 226 332 203 12693 2944 139 263 2805 2756 1703 987 716 676 4921 3613 518 1308
is_linear=0
shrinkage=0.05


Tree=46
num_leaves=31
num_cat=0
split_feature=4 10 9 14 10 16 15 10 16 10 9 15 16 10 15 10 4 9 14 10 10 8 4 14 16 10 10 12 10 12
split_gain=8.6691 6.06261 8.38575 10.2595 7.8894 7.22784 8.86219 8.33064 8.22015 13.2398 12.9891 12.4999 18.5387 14.4227 9.2157 8.89291 8.20782 8.07464 7.99572 10.3262 10.4717 7.88546 7.67403 7.52635 7.00818 14.0629 6.88452 6.83093 6.71169 6.60158
threshold=0.038382915744222777 -0.013327773622425541 0.33177196943666926 0.11068884178819839 -0.012508695811735191 0.043360056119399311 0.012156159077767461 0.012020703086552011 0.0081854843905014869 0.0092143368425633438 -0.29141021327575795 0.0052800491165181382 0.030768837832469757 0.0059228912076465532 0.010993752680108717 0.0014013952122059472 0.024179444294476691 -0.017807407509678571 0.083812216488613714 -0.0041029098949924561 -0.010112214023305697 -0.082656676586926089 0.014815856920475821 -0.10816573528732347 0.005438284821009721 0.014365364117936543 0.00034887818574524948 -0.0021779989337359913 0.013109315021302749 0.10123019596275297
decision_type=2 2 8 2 2 2 2 2 2 2 10 2 2 2 2 2 2 10 2 2 2 10 2 2 2 2 2 2 2 2
left_child=1 2 -1 -4 -3 6 7 8 22 11 -11 18 13 17 16 -14 -15 -13 19 20 -10 -9 -6 -21 28 -26 -19 -27 -23 -24
right_child=-2 4 3 -5 5 -7 -8 21 9 10 -12 12 15 14 -16 -17 -18 26 -20 23 -22 24 29 -25 25 27 -28 -29 -30 -31
leaf_value=8.5191090308762385e-05 0.00015723382518290278 -0.00018764418415843356 9.3382648325526709e-05 -0.00016365402842671652 -2.3571571891381916e-05 -8.5684984522683174e-05 4.0231766149590115e-05 -0.00033466131410553437 -0.00025498591655183611 -0.00019152451626089663 0.00011392711117658145 -0.00026862602462880469 0.00016235060596586062 0.00021608482907306306 -0.00022493168909916699 -4.7769187961364554e-05 -3.644192417443207e-05 -5.8471899746336101e-05 -0.00018245398834427573 0.00037823645625522582 0.00010867021133960436 7.3117025206883604e-06 7.3607630355555788e-06 -2.7345818861415845e-05 -0.00017333840375771917 -2.8129700747144689e-05 -0.00016471868639993917 0.00016233040410677116 -0.00012421050828941143 0.0001302281188062449
leaf_weight=989 1283 99 176 188 1537 326 1812 67 49 52 475 339 226 121 51 231 50 452 124 48 537 149 8191 3098 107 133 346 182 337 53
leaf_count=989 1283 99 176 188 1537 326 1812 67 49 52 475 339 226 121 51 231 50 452 124 48 537 149 8191 3098 107 133 346 182 337 53
internal_value=-0.000343595 -0.000592602 0.00264228 -0.00384615 -0.000820654 -0.000747656 -0.000619438 -0.000974639 -0.000700876 -0.00212534 0.00545541 -0.00282969 -0.00625 -0.00917954 0.00247748 0.00246171 0.00804094 -0.0114556 -0.00121888 -0.000803859 0.0052901 -0.00546154 0.000201922 -0.00193897 -0.00424009 0.000473934 -0.00870927 0.00579365 -0.00833333 0.000806647
internal_weight=21828 20545 1353 364 19192 19093 18767 16955 15980 6199 527 5672 1816 1359 222 457 171 1137 3856 3732 586 975 9781 3146 908 422 798 315 486 8244
internal_count=21828 20545 1353 364 19192 19093 18767 16955 15980 6199 527 5672 1816 1359 222 457 171 1137 3856 3732 586 975 9781 3146 908 422 798 315 486 8244
is_linear=0
shrinkage=0.05


end of trees

feature_importances:
sector_ret_1d=205
spy_ret_1d=192
vix_level=176
spy_ret_5d=173
vix_chg_1d=165
spy_ret_20d=152
sector_ret_5d=142
atr_pct=66
dist_ma200=39
dvol_z_20=19
dist_ma50=18
ret_1d=16
parkinson_20=14
ret_5d=9
overnight_gap=9
dist_ma20=9
ret_20d=6

parameters:
[boosting: gbdt]
[objective: quantile]
[metric: quantile]
[tree_learner: serial]
[device_type: cpu]
[data_sample_strategy: bagging]
[data: ]
[valid: ]
[num_iterations: 120]
[learning_rate: 0.05]
[num_leaves: 31]
[num_threads: -1]
[seed: 0]
[deterministic: 0]
[force_col_wise: 1]
[force_row_wise: 0]
[histogram_pool_size: -1]
[max_depth: -1]
[min_data_in_leaf: 40]
[min_sum_hessian_in_leaf: 0.001]
[bagging_fraction: 0.85]
[pos_bagging_fraction: 1]
[neg_bagging_fraction: 1]
[bagging_freq: 1]
[bagging_seed: 3]
[bagging_by_query: 0]
[feature_fraction: 0.85]
[feature_fraction_bynode: 1]
[feature_fraction_seed: 2]
[extra_trees: 0]
[extra_seed: 6]
[early_stopping_round: 0]
[early_stopping_min_delta: 0]
[first_metric_only: 0]
[max_delta_step: 0]
[lambda_l1: 0]
[lambda_l2: 0]
[linear_lambda: 0]
[min_gain_to_split: 0]
[drop_rate: 0.1]
[max_drop: 50]
[skip_drop: 0.5]
[xgboost_dart_mode: 0]
[uniform_drop: 0]
[drop_seed: 4]
[top_rate: 0.2]
[other_rate: 0.1]
[min_data_per_group: 100]
[max_cat_threshold: 32]
[cat_l2: 10]
[cat_smooth: 10]
[max_cat_to_onehot: 4]
[top_k: 20]
[monotone_constraints: ]
[monotone_constraints_method: basic]
[monotone_penalty: 0]
[feature_contri: ]
[forcedsplits_filename: ]
[refit_decay_rate: 0.9]
[cegb_tradeoff: 1]
[cegb_penalty_split: 0]
[cegb_penalty_feature_lazy: ]
[cegb_penalty_feature_coupled: ]
[path_smooth: 0]
[interaction_constraints: ]
[verbosity: -1]
[saved_feature_importance_type: 0]
[use_quantized_grad: 0]
[num_grad_quant_bins: 4]
[quant_train_renew_leaf: 0]
[stochastic_rounding: 1]
[linear_tree: 0]
[max_bin: 255]
[max_bin_by_feature: ]
[min_data_in_bin: 3]
[bin_construct_sample_cnt: 200000]
[data_random_seed: 1]
[is_enable_sparse: 1]
[enable_bundle: 1]
[use_missing: 1]
[zero_as_missing: 0]
[feature_pre_filter: 1]
[pre_partition: 0]
[two_round: 0]
[header: 0]
[label_column: ]
[weight_column: ]
[group_column: ]
[ignore_column: ]
[categorical_feature: ]
[forcedbins_filename: ]
[precise_float_parser: 0]
[parser_config_file: ]
[objective_seed: 5]
[num_class: 1]
[is_unbalance: 0]
[scale_pos_weight: 1]
[sigmoid: 1]
[boost_from_average: 1]
[reg_sqrt: 0]
[alpha: 0.5]
[fair_c: 1]
[poisson_max_delta_step: 0.7]
[tweedie_variance_power: 1.5]
[lambdarank_truncation_level: 30]
[lambdarank_norm: 1]
[label_gain: ]
[lambdarank_position_bias_regularization: 0]
[eval_at: ]
[multi_error_top_k: 1]
[auc_mu_weights: ]
[num_machines: 1]
[local_listen_port: 12400]
[time_out: 120]
[machine_list_filename: ]
[machines: ]
[gpu_platform_id: -1]
[gpu_device_id: -1]
[gpu_device_id_list: ]
[gpu_use_dp: 0]
[num_gpu: 1]

end of parameters

pandas_categorical:[]
