tree
version=v4
num_class=1
num_tree_per_iteration=1
label_index=0
max_feature_idx=16
objective=quantile
feature_names=ret_1d ret_5d ret_20d overnight_gap atr_pct parkinson_20 dvol_z_20 dist_ma20 dist_ma50 dist_ma200 spy_ret_1d spy_ret_5d spy_ret_20d vix_level vix_chg_1d sector_ret_1d sector_ret_5d
feature_infos=[-0.40658320903586309:0.70247658502878108] [-0.48522207271728168:1.1923076993614967] [-0.55919169116950818:2.0453514967557029] [-0.38803893431823377:0.81091037918768527] [0.0032988724806232487:0.25940783354984664] [0:0.13861703702934206] [-3.2907615304949616:4.3555401053871661] [-0.45021050561011611:0.92528536579546561] [-0.4985650227331605:1.2951162182452984] [-0.69597616361624726:3.8068149082611287] [-0.058542971330535654:0.10501930183911301] [-0.11496151859245618:0.082843162776128354] [-0.1226559005192206:0.15756591020035837] [11.859999656677246:52.330001831054688] [-0.35753873962348437:0.74039073966007019] [-0.091999030713283303:0.13425697132599002] [-0.18680848466589095:0.11773217696052685]
tree_sizes=2962 3069 3047 3094 3063 3078 3069 3083 3072 3089 3080 3090 3090 3080 3105 3103 3098 3118 3100 3111 3082 3079 3101 3059 3141 3080 3076 3049 3098 3077 3113 3098 3100 3115 3085 3087 3095 3103 3114 3155 3117 3119 3120 3131 3091 3143 3080 3076 3112 3119 3053 3106 3121 3143 3143 3128 3120 3095 3129 3091 3126 3140 3111 3120 3107 3086 3109 3115 3189 3140 3108 3130 3162 3101 3133 3120

Tree=0
num_leaves=31
num_cat=0
split_feature=4 12 4 4 13 6 6 9 8 4 5 4 6 4 5 5 6 16 4 6 6 14 13 12 6 15 10 4 5 16
split_gain=2067.93 405.384 333.972 270.421 76.9003 62.8492 62.145 58.5673 55.8518 48.1077 31.8853 30.1856 28.4735 24.8611 23.8518 21.42 20.9957 18.3477 17.4293 16.6066 15.8155 12.9998 14.7174 14.1832 14.4399 13.5042 12.9463 12.6908 11.493 11.0889
threshold=0.033934197549299508 -0.0800835440536906 0.024160639707335493 0.046515811191498856 46.145000457763679 0.41938765991951704 0.8636673458108538 0.29827916298152096 -0.065272580757976803 0.019820937296665824 0.01737695540823014 0.060598832020862366 0.96429047813523139 0.063747665434541897 0.020237641789320703 0.016718338664395694 0.68483611175122794 -0.078513862776937768 0.04845784315964826 -0.21749881767015089 0.6449298955119197 -0.086337752297859935 28.970000267028812 -0.050232690438178178 0.48457120854598429 0.0081679755311742114 0.06903334451863076 0.047450167942258203 0.023369548690167725 0.069376244606318763
decision_type=2 2 2 2 2 2 2 8 10 2 2 2 2 2 2 2 2 2 2 2 2 2 2 2 2 2 2 2 2 2
left_child=2 8 9 6 5 10 14 13 17 16 -4 20 -11 19 -3 -7 -1 -2 -19 -5 -9 22 -15 25 29 -23 -21 -10 -8 -25
right_child=1 3 4 7 -6 15 28 11 27 12 -12 -13 -14 21 -16 -17 -18 18 -20 26 -22 23 -24 24 -26 -27 -28 -29 -30 -31
leaf_value=0.028615893175751372 0.035550201925910761 0.029331953792423704 0.029033116890163545 0.029929579641734528 0.031112134636895928 0.029307144069086456 0.030065126821351828 0.03039378887466615 0.029783070899115405 0.028864820314740858 0.029264149690124919 0.032122322749148544 0.02916586510848056 0.031281154523906805 0.029719744509926517 0.029640652669142752 0.028837890551864899 0.030247941701462368 0.031864375149548076 0.030514489196965044 0.031532007647643613 0.031578286660635467 0.029080940063432537 0.030594856563946095 0.031977097759775662 0.031286601560079987 0.027399152249970603 0.031700904687605426 0.030665413042374513 0.028831425633439656
leaf_weight=93493 610 6793 41796 4345 255 14187 3892 3309 427 66390 28128 2528 12605 287 22922 11433 23088 329 563 3705 956 342 275 1302 415 224 118 118 2284 133
leaf_count=93493 610 6793 41796 4345 255 14187 3892 3309 427 66390 28128 2528 12605 287 22922 11433 23088 329 563 3705 956 342 275 1302 415 224 118 118 2284 133
internal_value=0.0291275 0.0379385 0.0274378 0.037108 0.0298565 0.0297833 0.0346026 0.0421207 0.0597779 0.0262531 0.0290071 0.0457803 0.0272057 0.0398904 0.0336541 0.0319019 0.0256076 0.0647529 0.060183 0.0384646 0.0432142 0.0438012 0.0369518 0.0453945 0.0432755 0.0523206 0.0408681 0.046067 0.0391663 0.0408999
internal_weight=347252 55877 291375 53830 95799 95544 35891 17939 2047 195576 69924 6793 78995 11146 29715 25620 116581 1502 892 8168 4265 2978 562 2416 1850 566 3823 545 6176 1435
internal_count=347252 55877 291375 53830 95799 95544 35891 17939 2047 195576 69924 6793 78995 11146 29715 25620 116581 1502 892 8168 4265 2978 562 2416 1850 566 3823 545 6176 1435
is_linear=0
shrinkage=1


Tree=1
num_leaves=31
num_cat=0
split_feature=4 12 4 4 13 4 4 5 9 4 11 16 11 11 4 10 5 11 10 10 14 13 12 5 10 14 10 11 0 14
split_gain=1773.37 350.263 319.691 229.304 73.3237 51.6891 42.8087 42.5349 38.4925 37.3518 31.6908 31.4318 19.6535 19.5211 17.9967 17.3793 15.9603 15.4886 14.6374 14.1666 16.4708 20.6785 15.1216 12.6102 12.0692 11.8268 11.4117 18.3839 11.3597 11.9778
threshold=0.03420930218971608 -0.0800835440536906 0.023316612104127703 0.052248758723188703 46.145000457763679 0.028193918341469764 0.042710905805497426 0.024219000362201027 0.093667491834417263 0.018318195387297415 0.045591167028525621 -0.057777378858500032 0.063670328165119208 -0.023458930823045284 0.06800934784226316 0.020743044846024853 0.01797107711901973 -0.040606283895635913 0.0041080829558171059 0.0091384647102960032 -0.026973540467474796 23.770000457763675 -0.075828258528587975 0.030250635276028979 -0.0018123772327252594 -0.024483541073895273 0.0147813626331208 -0.023458930823045284 0.040970773622930785 0.041106720448919616
decision_type=2 2 2 2 2 2 2 2 8 2 2 2 2 2 2 2 2 2 2 2 2 2 2 2 2 2 2 2 2 2
left_child=2 6 9 7 5 28 11 13 12 -1 26 -2 15 18 -10 19 -7 -8 -3 20 21 -5 -22 -19 -6 -24 27 -9 29 -4
right_child=1 3 4 8 24 16 17 10 14 -11 -12 -13 -14 -15 -16 -17 -18 23 -20 -21 22 -23 25 -25 -26 -27 -28 -29 -30 -31
leaf_value=-0.0005064798795188963 0.0028627917413514494 0.00088828945030650086 -0.00010950741797692029 0.0014596529827366131 0.0022861498734162524 7.2474734345264662e-05 0.0065531428444212825 0.001323492340583694 0.0017659126842746228 -0.00027083168156769581 -4.0782318714598438e-05 0.00037799666475906639 3.3824569914092664e-05 0.00044037147095241883 0.0029884869635935247 0.00014367916905776526 0.0002914953723028143 0.00094569161636775644 2.5160483461160868e-05 0.0015980526475625556 0.0029241092828855095 -0.00021066051617586254 0.0040920791289624694 0.0026934701792479653 0.00090799827138442256 0.0014563574786544452 0.0004075677918715725 0.00093278793162969518 0.00053861775938289123 7.2642513822611575e-05
leaf_weight=86169 277 2144 49877 705 130 20876 462 1026 3798 95526 1167 416 433 21433 1878 354 23917 393 461 907 54 497 42 465 159 2658 1056 13740 1229 14769
leaf_count=86169 277 2144 49877 705 130 20876 462 1026 3798 95526 1167 416 433 21433 1878 354 23917 393 461 907 54 497 42 465 159 2658 1056 13740 1229 14769
internal_value=-0.000103569 0.00818931 -0.00164414 0.00740234 0.000470587 0.000404904 0.0286562 0.00566371 0.0137003 -0.00293555 0.00757873 0.0185931 0.0107788 0.00431026 0.0166085 0.0116283 0.00171533 0.0339394 0.00839731 0.0124069 0.0111148 0.00623128 0.0132462 0.029965 0.0256228 0.0127222 0.00816521 0.00852431 -0.000486149 -0.00057668
internal_weight=347018 54366 292652 52353 110957 110668 2013 41027 11326 181695 16989 693 5650 24038 5676 5217 44793 1320 2605 4863 3956 1202 2754 858 289 2700 15822 14766 65875 64646
internal_count=347018 54366 292652 52353 110957 110668 2013 41027 11326 181695 16989 693 5650 24038 5676 5217 44793 1320 2605 4863 3956 1202 2754 858 289 2700 15822 14766 65875 64646
is_linear=0
shrinkage=0.05


Tree=2
num_leaves=31
num_cat=0
split_feature=4 12 4 4 6 4 6 13 13 6 13 5 5 5 4 11 13 6 13 6 5 3 13 13 11 13 7 6 5 13
split_gain=1589.66 306.586 268.667 209.734 70.0739 65.0043 64.524 44.7748 43.8519 40.7649 33.9964 32.8026 30.4106 29.3406 28.9002 21.6838 21.2668 19.6803 18.687 18.5024 18.1316 15.804 13.5457 13.4966 12.9725 11.7357 14.3615 11.5947 10.9209 10.1496
threshold=0.033440214748724301 -0.075828258528587975 0.023316612104127703 0.052248758723188703 0.6449298955119197 0.047450167942258203 0.41938765991951704 28.970000267028812 49.655000686645515 1.4970487305177531 49.655000686645515 0.011586421913565724 0.024219000362201027 0.016244268225707303 0.074804746029014726 0.045591167028525621 24.630000114440922 0.41938765991951704 35.690000534057624 1.8174561930188755 0.026009873099736468 0.007164781957402889 46.145000457763679 27.855000495910648 0.037935675142188215 27.664999961853031 -0.017689657450324022 0.13860145449130487 0.01797107711901973 29.835000038146976
decision_type=2 2 2 2 2 2 2 2 2 2 2 2 2 2 2 2 2 2 2 2 2 2 2 2 2 2 2 2 2 2
left_child=2 5 9 4 12 8 13 14 25 11 19 -1 -3 -4 17 -14 -7 24 -9 28 -6 -18 -15 -16 -5 -2 -27 -13 -8 -22
right_child=1 3 6 7 20 16 10 18 -10 -11 -12 27 15 22 23 -17 21 -19 -20 -21 29 -23 -24 -25 -26 26 -28 -29 -30 -31
leaf_value=-0.00049039165095576646 0.00041993434194705206 0.00032283203570601042 -0.00015086222005601777 0.0013586585712487022 0.00088093855758153677 0.0017589724708122535 8.0982450768882539e-05 9.0221793439333633e-05 0.0035634673222267642 -7.568927141113677e-05 0.0021858020104499362 -0.00032221233827215584 0.00069361294958937103 5.0624010582280015e-05 0.0029430464933600676 -0.00010044524956168735 0.002494233376295658 0.0023549099246046104 0.00090837540165482128 0.00049011481777987555 0.0016695266414453081 0.0063427236018824204 0.0018321312005066511 0.0029295349636293965 0.00072922460830430894 0.0010522904600998668 0.00047204578033210442 -0.00015505972286570074 0.00042322800328843652 -0.00029435944785531913
leaf_weight=83557 595 21523 37345 5129 7176 182 15714 1006 143 17297 68 60280 12818 40654 1895 1050 593 2052 427 8383 2066 487 46 92 645 548 214 20795 4531 97
leaf_count=83557 595 21523 37345 5129 7176 182 15714 1006 143 17297 68 60280 12818 40654 1895 1050 593 2052 427 8383 2066 487 46 92 645 548 214 20795 4531 97
internal_value=-0.000157568 0.00734039 -0.00168324 0.00653798 0.00500335 0.0236025 0.000308175 0.0126418 0.0165667 -0.00285164 0.00233552 -0.00309424 0.00398675 -0.000437249 0.0138474 0.00581266 0.0319651 0.0124802 0.0043859 0.00225164 0.00885587 0.0346296 0.000491399 0.0192325 0.0109855 0.0137915 0.0179003 -0.00237774 0.00143369 0.0128687
internal_weight=347408 58738 288670 55976 44730 2762 106741 11246 1500 181929 28696 164632 35391 78045 9813 13868 1262 7826 1433 28628 9339 1080 40700 1987 5774 1357 762 81075 20245 2163
internal_count=347408 58738 288670 55976 44730 2762 106741 11246 1500 181929 28696 164632 35391 78045 9813 13868 1262 7826 1433 28628 9339 1080 40700 1987 5774 1357 762 81075 20245 2163
is_linear=0
shrinkage=0.05


Tree=3
num_leaves=31
num_cat=0
split_feature=12 9 7 8 0 9 3 6 13 3 7 9 14 9 8 8 1 0 11 13 1 2 13 0 12 14 13 8 6 8
split_gain=393.837 304.685 203.228 164.711 153.608 93.4649 75.8582 55.5227 47.8961 46.8134 38.5098 38.3428 28.6592 24.6224 23.9246 23.8755 21.6272 21.1482 19.1092 17.9629 17.5061 17.3708 17.0366 15.9883 15.8759 15.6663 15.3721 15.3041 14.5777 14.0953
threshold=-0.075828258528587975 0.4089583385849746 -0.076193895581896029 -0.099398129488967688 0.029032392462394644 -0.098906635400188611 -0.015895561130785604 0.41938765991951704 49.655000686645515 0.015143137631862815 -0.13878676119832808 0.60179492356890141 -0.098691693357393515 -0.24421241487427423 0.15291921699618929 -0.018105021336766666 -0.04888768368899598 0.040970773622930785 -0.022762768939498131 27.664999961853031 0.04300389391861293 0.1692624369274667 30.345000267028812 0.018277103279167987 0.015481737814256992 -0.19490876951167976 21.555000305175785 -0.16701689072090306 1.8814433813252869 0.27233459710649349
decision_type=2 10 2 10 2 8 2 2 2 2 2 10 2 10 10 10 2 2 2 2 2 2 2 2 2 2 2 10 2 10
left_child=3 2 10 8 5 13 18 14 12 15 -2 26 -1 -4 16 22 -8 -6 -7 -11 -18 24 -5 27 28 -19 -3 -14 -9 -20
right_child=1 11 4 9 17 6 7 21 -10 19 -12 -13 23 -15 -16 -17 20 25 29 -21 -22 -23 -24 -25 -26 -27 -28 -29 -30 -31
leaf_value=0.00053596513381740768 0.0013553232253292024 0.00071584620664295797 0.00064331154370014245 0.00028042561493883732 0.00028576086048489929 0.00063380732277935046 5.1612592338023093e-05 -6.0698549435540729e-06 0.0073273487651983318 0.00034455585588714438 0.00044629095210566521 0.0019830342511225579 0.0022862801904523413 0.00012615595804993336 0.00020520407627100965 4.0654056511969618e-06 -0.00028521890513679533 -0.00060322922207303373 0.00025300922626751075 0.0021585492919227608 -8.7146489149484503e-05 0.00065059519683506161 0.00087135583235871871 0.0028519586646995713 -0.00015159445721073746 0.00091361212669265491 0.001452200444957058 0.00098917504619210907 0.0003878424700517472 0.0045390287684260585
leaf_weight=199 2265 3822 3463 810 8381 1180 8421 20070 288 96 11175 3146 429 24321 4747 1394 175722 439 6552 265 19012 1966 721 199 35527 6160 347 679 5386 63
leaf_count=199 2265 3822 3463 810 8381 1180 8421 20070 288 96 11175 3146 429 24321 4747 1394 175722 439 6552 265 19012 1966 721 199 35527 6160 347 679 5386 63
internal_value=-0.00020742 -0.000412595 -0.00063312 0.0136122 -0.000885008 -0.00112669 -0.00140243 -0.00154238 0.0257971 0.00695983 0.00539062 0.00968216 0.0222244 0.00163871 -0.0019363 0.00486325 -0.00201829 0.00405874 0.00346055 0.0239474 -0.00212557 -0.000241387 0.00917374 0.0249158 -0.00039052 0.00617593 0.00653754 0.0225722 0.000562538 0.00241496
internal_weight=347245 342165 334850 5080 321410 306430 278646 270851 1794 3286 13440 7315 1506 27784 207902 2925 203155 14980 7795 361 194734 62949 1531 1307 60983 6599 4169 1108 25456 6615
internal_count=347245 342165 334850 5080 321410 306430 278646 270851 1794 3286 13440 7315 1506 27784 207902 2925 203155 14980 7795 361 194734 62949 1531 1307 60983 6599 4169 1108 25456 6615
is_linear=0
shrinkage=0.05


Tree=4
num_leaves=31
num_cat=0
split_feature=4 4 4 13 13 6 4 6 6 5 3 5 6 5 5 6 9 5 14 15 16 8 6 5 9 16 15 13 14 13
split_gain=1282.29 265.329 195.001 113.267 91.1476 52.7772 46.6234 46.4211 31.2688 27.9727 23.9363 23.7668 20.7372 19.4933 18.6663 13.5892 11.3585 10.6806 9.66979 14.106 9.89347 9.55305 9.26278 9.06423 8.77486 8.79835 10.3571 13.6641 10.338 9.43892
threshold=0.03130239693286143 0.046515811191498856 0.022222717390628418 43.015001296997077 43.015001296997077 0.27560346675720138 0.06800934784226316 0.96429047813523139 0.68483611175122794 0.015990192698443349 0.011992101381791855 0.021069224554105204 -0.16967927893325305 0.020237641789320703 0.011625541410164352 2.3623521788401312 0.064742469930811578 0.01730193173140478 -0.12096344977185801 0.023106094162926864 0.0014897743088578832 -0.0041605974699998041 -0.22532388702937403 0.011424851538022552 0.29827916298152096 0.010855713171509797 0.017292285179578041 30.345000267028812 0.039279507962591616 24.779999732971195
decision_type=2 2 2 2 2 2 2 2 2 2 2 2 2 2 2 2 8 2 2 2 2 10 2 2 10 2 2 2 2 2
left_child=2 4 8 6 5 11 12 9 14 -4 -6 -2 24 -7 -1 -15 -14 -9 -8 21 -21 -20 -11 -10 25 26 -3 -28 29 -27
right_child=1 3 7 -5 10 13 18 17 23 22 -12 -13 16 15 -16 -17 -18 -19 19 20 -22 -23 -24 -25 -26 28 27 -29 -30 -31
leaf_value=-0.00046817042708058651 0.000123189779412205 0.00079432346343618471 -0.00015178526073119508 0.006392210940769809 0.00087085703235388774 0.00043653839045664102 0.001323267185025968 0.00016833403042840924 -0.0002951965347076607 -2.6610882044575848e-05 0.0029484383753178188 0.00043394807330269787 0.0010205824661755146 0.00082963013091786903 -0.00029398564255605342 0.0015561190497861074 0.0016607229677027173 0.00055812513317262682 0.0017689976477985713 0.0028730230972086094 0.0030105575718403139 0.0030478045548588345 0.00013436534865655773 -7.2187400745394109e-05 0.0012558167588281681 0.00065777890001528759 0.00085051600930174855 0.0013152127140401287 0.0012968056385748122 -0.00015257462365826581
leaf_weight=73742 16755 3624 53188 381 325 6501 299 14615 18645 25364 146 20206 3067 7599 56352 1517 3491 3475 2373 124 75 1125 15451 13798 1526 1500 156 104 271 710
leaf_count=73742 16755 3624 53188 381 325 6501 299 14615 18645 25364 146 20206 3067 7599 56352 1517 3491 3475 2373 124 75 1125 15451 13798 1526 1500 156 104 271 710
internal_value=-0.000247833 0.00569774 -0.00180388 0.0107973 0.00388801 0.00369185 0.0102399 -0.000199523 -0.00291032 -0.000645885 0.0257856 0.00266213 0.00891792 0.0061289 -0.00325665 0.00762067 0.0109957 0.00211995 0.01502 0.0157195 0.0286683 0.0149828 0.000338722 -0.00152159 0.0071911 0.0063747 0.00786045 0.0175 0.00404877 0.00291855
internal_weight=346505 71875 274630 18826 53049 52578 18445 112093 162537 94003 471 36961 14449 15617 130094 9116 6558 18090 3996 3697 199 3498 40815 32443 7891 6365 3884 260 2481 2210
internal_count=346505 71875 274630 18826 53049 52578 18445 112093 162537 94003 471 36961 14449 15617 130094 9116 6558 18090 3996 3697 199 3498 40815 32443 7891 6365 3884 260 2481 2210
is_linear=0
shrinkage=0.05


Tree=5
num_leaves=31
num_cat=0
split_feature=4 4 4 12 11 6 6 5 5 3 6 6 16 11 5 10 5 11 5 12 11 6 10 9 12 12 10 11 10 6
split_gain=1125.17 255.726 161.923 143.89 87.7184 47.2832 42.5509 35.0548 28.4258 27.222 23.7676 22.7814 21.8905 21.6805 21.3778 19.8592 19.8188 14.3262 12.9557 12.4338 11.4692 11.3656 11.3326 10.9997 10.9248 12.0017 10.8733 9.4902 9.39526 9.3078
threshold=0.030401000020682373 0.045637972279072368 0.020854214098023273 -0.075828258528587975 -0.055970662091911087 0.18610334624200817 0.96429047813523139 0.037536498782870763 0.015031333329241661 0.016827089216288064 1.1784783515133146 0.35848948689248855 -0.057777378858500032 0.037935675142188215 0.021598527740396268 0.025167554774320647 0.020394473898100045 0.044869078606498143 0.011139079601675301 -0.050232690438178178 -0.022762768939498131 -0.22532388702937403 0.06903334451863076 0.12588263335829 -0.028754212853801194 -0.027486551032664949 -0.01378806518059311 -0.043674023036412872 -0.029463592833469218 2.4620962077618
decision_type=2 2 2 2 2 2 2 2 2 2 2 2 2 2 2 2 2 2 2 2 2 2 2 8 2 2 2 2 2 2
left_child=2 4 10 12 9 14 8 11 -4 -2 18 23 26 -9 -6 -14 -7 20 -1 -15 -16 -10 -13 24 -5 -26 -3 28 -8 -18
right_child=1 3 6 7 5 16 27 13 21 -11 -12 22 15 19 17 -17 29 -19 -20 -21 -22 -23 -24 -25 25 -27 -28 -29 -30 -31
leaf_value=-0.00045514848718511674 0.00094051872350865522 0.0065551117992619819 -0.00019360525101043532 0.00019210384680072107 0.00011473108220746178 0.00036737806357428859 -0.00011514862379335802 0.0022169413303084057 -8.6800812573302911e-05 0.0028198132399290493 -0.00017026964075943072 0.0014747363062769003 0.001373917191233942 0.0015770937498127127 0.00067001328939999345 0.0023128740139326544 0.0007519736284630718 -0.00022042151373289102 -0.00031513135070380764 0.00023379689225539984 0.00040081794484850242 7.7128141466010006e-05 -0.0016206107271947842 0.00088564308789737469 0.0020780055606779879 0.00079222016055416485 0.0018488916176637562 0.00015616324468075996 0.00078013768931471845 0.0014748086864476285
leaf_weight=66933 469 272 55931 2047 22290 9375 167 3991 33281 170 17144 3709 663 73 1246 248 8220 1155 52878 625 14505 20787 118 4642 103 3542 220 20599 387 1331
leaf_count=66933 469 272 55931 2047 22290 9375 167 3991 33281 170 17144 3709 663 73 1246 248 8220 1155 52878 625 14505 20787 118 4642 103 3542 220 20599 387 1331
internal_value=-0.000315756 0.00492799 -0.00186114 0.00977312 0.00325803 0.00305547 -0.000605482 0.00862334 -0.00100042 0.0216823 -0.0030636 0.0073826 0.025221 0.0123704 0.0020645 0.0206312 0.00510779 0.0034053 -0.00331276 0.00424069 0.00379944 -0.000182919 0.0106781 0.00616218 0.00468904 0.00633059 0.0337195 0.00144826 0.00790614 0.00671081
internal_weight=347121 79014 268107 20253 58761 58122 131152 18850 109999 639 136955 14161 1403 4689 39196 911 18926 16906 119811 698 15751 54068 3827 10334 5692 3645 492 21153 554 9551
internal_count=347121 79014 268107 20253 58761 58122 131152 18850 109999 639 136955 14161 1403 4689 39196 911 18926 16906 119811 698 15751 54068 3827 10334 5692 3645 492 21153 554 9551
is_linear=0
shrinkage=0.05


Tree=6
num_leaves=31
num_cat=0
split_feature=4 4 4 13 12 4 6 6 13 6 6 13 4 13 4 4 6 10 11 13 11 4 12 13 10 11 9 11 6 7
split_gain=999.707 215.639 158.597 120.803 110.657 52.5056 43.2991 31.3889 29.1667 23.974 22.185 21.2666 20.4857 19.9536 18.1928 15.745 15.1635 13.1432 12.7412 12.3131 11.295 10.8795 10.1938 9.52637 9.47935 8.98876 9.74476 8.70618 8.70295 8.39605
threshold=0.030401000020682373 0.050812554306583317 0.020854214098023273 49.655000686645515 -0.075828258528587975 0.039398197299710148 0.13860145449130487 1.1098323547072753 28.970000267028812 0.66441613923216714 0.15045959386775479 49.655000686645515 0.074804746029014726 49.655000686645515 0.02516813526371086 0.026179503706335771 0.41938765991951704 0.025167554774320647 0.044869078606498143 35.690000534057624 -0.023458930823045284 0.017009849313211617 -0.075828258528587975 27.855000495910648 0.0041080829558171059 -0.013447702851804742 0.021730994910160398 0.042684586959819588 1.9494177281186085 -0.12304137799786367
decision_type=2 2 2 2 2 2 2 2 2 2 2 2 2 2 2 2 2 2 2 2 2 2 2 2 2 2 10 2 2 2
left_child=2 3 9 5 11 7 14 20 12 21 18 17 16 15 -4 28 25 29 22 -10 24 -1 -7 -14 -2 26 -6 -24 -8 -3
right_child=1 4 6 -5 8 10 13 -9 19 -11 -12 -13 23 -15 -16 -17 -18 -19 -20 -21 -22 -23 27 -25 -26 -27 -28 -29 -30 -31
leaf_value=-0.00047025602104599834 0.00045587130010755052 0.0023267340084476605 -0.00020877966828485308 0.0027189230164692537 0.00086479155713699806 0.00060329738870362336 -4.7497866979497006e-05 0.00064476006923897434 -5.7784099472842087e-05 -0.00021365433979571489 0.00089710205413314869 0.0080410832578833493 0.0024849549641740628 0.0016229688519267137 -4.5677851406039512e-05 0.00022028311358293832 0.0019867050453039464 0.0023004647242071455 -0.00017580402485104136 0.00069461989594785979 0.00017883303730424516 -0.00031348392523793535 0.00047034993900140593 0.0025848807551513749 -0.00019640201795505989 0.00099235908387699601 0.0017086171584535792 0.0033269265285229624 0.0002470624143281673 0.0015318513233047615
leaf_weight=48543 2994 303 47799 213 672 502 24336 6340 1073 27774 6662 127 1899 64 37156 15457 2334 212 885 440 35041 60620 12239 85 557 5620 472 68 6009 423
leaf_count=48543 2994 303 47799 213 672 502 24336 6340 1073 27774 6662 127 1899 64 37156 15457 2334 212 885 440 35041 60620 12239 85 557 5620 472 68 6009 423
internal_value=-0.000328738 0.00460763 -0.00178815 0.0034159 0.0103221 0.00329325 -0.000543148 0.00233887 0.0090135 -0.00297754 0.00539988 0.0257981 0.00990254 0.000694849 -0.00121152 0.000655865 0.00889866 0.0231983 0.00424857 0.00250165 0.00180322 -0.00331124 0.00464946 0.014506 0.00449028 0.00769958 0.0117395 0.00436459 -5.7682e-06 0.02
internal_weight=346919 79161 267758 65501 13660 65288 130821 44932 12595 136937 20356 1065 11082 45866 84955 45802 9098 938 13694 1513 38592 109163 12809 1984 3551 6764 1144 12307 30345 726
internal_count=346919 79161 267758 65501 13660 65288 130821 44932 12595 136937 20356 1065 11082 45866 84955 45802 9098 938 13694 1513 38592 109163 12809 1984 3551 6764 1144 12307 30345 726
is_linear=0
shrinkage=0.05


Tree=7
num_leaves=31
num_cat=0
split_feature=4 4 5 12 11 5 3 4 9 3 14 11 11 4 14 11 11 11 5 10 14 11 5 8 12 4 11 10 12 10
split_gain=883.731 191.241 140.103 101.358 76.3303 40.4523 27.5266 27.4595 26.1448 21.0167 27.5073 20.0611 21.6714 16.5494 13.512 17.9709 15.138 13.4963 13.1686 12.6934 12.4238 18.2052 12.0959 11.3955 11.1535 9.45494 9.36728 11.3467 9.29097 9.25942
threshold=0.029907461360518427 0.047450167942258203 0.013026463763041179 -0.075828258528587975 -0.055970662091911087 0.020237641789320703 0.01900250198508802 0.02516813526371086 0.47528513967341363 0.0054167937468002645 -0.098691693357393515 0.044869078606498143 0.042684586959819588 0.017147901746104619 0.03328086000020148 0.042684586959819588 -0.023458930823045284 0.063670328165119208 0.031818325098719645 0.020743044846024853 0.039279507962591616 0.042684586959819588 0.025633501062852029 -0.12659727830685383 0.12832311924221709 0.086164500836124092 -0.017414661079240442 0.0040309091899630731 -0.037790064931983496 -0.0070887111791633197
decision_type=2 2 2 2 2 2 2 2 8 2 2 2 2 2 2 2 2 2 2 2 2 2 2 10 2 2 2 2 2 2
left_child=2 4 13 9 6 20 -2 -4 17 25 -11 12 22 -1 -9 16 -16 19 -10 -5 -6 -22 26 -12 -24 -3 27 29 -28 -7
right_child=1 3 7 8 5 11 -8 14 18 10 23 -13 -14 -15 15 -17 -18 -19 -20 -21 21 -23 24 -25 -26 -27 28 -29 -30 -31
leaf_value=-0.00042034321642480424 0.00088305767961431461 0.0011867345142850723 -0.00013129146093733348 0.0009382970149731095 8.3084976659495729e-05 0.00049405983540849849 0.0025467124617302482 -1.6447553007625217e-05 0.00078541658350264924 0.00089704693064278818 0.0058829050213037659 -0.00013371297062065958 0.0020090171946763979 -0.00026360026187107133 0.00048888817476717289 0.0016026980778710927 0.00010077303041557311 -0.00013586199553384051 0.0020450162061554956 -5.6926562343625513e-05 0.00029435706538020871 0.0022245982890749692 0.0006513212484752733 0.0018604626498246594 0.0014134313316833927 0.0030899566406696116 -6.8583386687172941e-05 7.1335773547158898e-05 0.00041664387026864904 0.00087084506305480029
leaf_weight=61773 560 558 69110 10101 21859 2173 149 38714 1770 118 274 1992 177 80834 1993 76 11495 552 3380 558 7093 54 8477 227 126 74 1548 1027 19317 1014
leaf_count=61773 560 558 69110 10101 21859 2173 149 38714 1770 118 274 1992 177 80834 1993 76 11495 552 3380 558 7093 54 8477 227 126 74 1548 1027 19317 1014
internal_value=-0.000379394 0.00411479 -0.0017954 0.00874063 0.00287222 0.00269385 0.019189 -0.000546925 0.00769177 0.022458 0.0290065 0.00381705 0.00410393 -0.0028581 0.000317723 0.00167576 0.00153914 0.00633708 0.0106408 0.00673187 0.00130559 0.00311529 0.00401223 0.0341218 0.00563001 0.0160443 0.00345727 0.0056075 0.003023 0.00708033
internal_weight=347173 83178 263995 17612 65566 64857 709 121388 16361 1251 619 35851 33859 142607 52278 13564 13488 11211 5150 10659 29006 7147 33682 501 8603 632 25079 4214 20865 3187
internal_count=347173 83178 263995 17612 65566 64857 709 121388 16361 1251 619 35851 33859 142607 52278 13564 13488 11211 5150 10659 29006 7147 33682 501 8603 632 25079 4214 20865 3187
is_linear=0
shrinkage=0.05


Tree=8
num_leaves=31
num_cat=0
split_feature=4 13 4 4 12 6 6 8 6 4 4 11 4 13 6 6 6 4 13 13 13 4 11 9 0 13 13 12 12 12
split_gain=796.073 195.603 168.391 122.557 48.0976 40.0672 39.4837 31.709 21.2074 18.4505 17.3152 15.6663 15.0538 13.0702 12.2051 11.1832 11.1361 11.1213 10.6786 17.8665 10.8982 10.4437 9.89659 9.46375 9.00204 7.81911 13.1282 9.14168 7.77088 12.5837
threshold=0.029448228180249825 49.655000686645515 0.042710905805497426 0.02036282464323513 -0.075828258528587975 0.26187798368343235 0.48457120854598429 0.05168392099196862 1.3685334032054841 0.057845957875629218 0.06800934784226316 -0.01634028611874094 0.02555849888515593 49.655000686645515 1.7583104612647695 1.8174561930188755 -0.029071973827777819 0.017009849313211617 28.970000267028812 26.494999885559086 35.690000534057624 0.036974314449015812 -0.036898887484870739 0.72338133977310071 -0.039303606086541647 25.505000114440922 26.85000038146973 -0.028754212853801194 -0.028754212853801194 -0.027486551032664949
decision_type=2 2 2 2 2 2 2 10 2 2 2 2 2 2 2 2 2 2 2 2 2 2 2 8 2 2 2 2 2 2
left_child=3 2 6 8 10 12 21 9 17 16 -4 -9 25 14 -7 -8 28 -1 19 -11 -20 -2 24 -13 -12 -5 27 -27 -6 -30
right_child=1 -3 4 5 7 13 15 11 -10 18 22 23 -14 -15 -16 -17 -18 -19 20 -21 -22 -23 -24 -25 -26 26 -28 -29 29 -31
leaf_value=-0.00042143883599629774 0.00010968224123978868 0.0047768324186193206 0.0008360443625446386 -0.00019783115436244132 4.1234772578065953e-05 1.8392604711395853e-06 0.00040912094533254034 0.0019214733788261243 -0.00013477756224545068 0.0012444285315124735 0.0038637734656825646 0.0010045927869173222 -4.7129519691543626e-05 0.0012949944947586397 0.00025657358753767965 0.00078827869771202054 0.00071207610245316636 -0.00028617243052050679 -3.0288813881992595e-05 0.0017843380836802807 0.00089693391658646454 0.00032192306950249962 0.0024564996118642962 0.0018166509905665552 0.0012673077547250451 8.4425102977472855e-05 -0.00010871753235311905 0.00092779673353365541 0.0018261643187449704 0.00046144800812205391
leaf_weight=54405 33799 357 1061 60014 2103 30404 10341 558 13344 3823 66 4103 29965 47 10751 4801 4332 59795 739 313 327 12404 165 2384 164 175 801 171 144 5227
leaf_count=54405 33799 357 1061 60014 2103 30404 10341 558 13344 3823 66 4103 29965 47 10751 4801 4332 59795 739 313 327 12404 165 2384 164 175 801 171 144 5227
internal_value=-0.000409889 0.00372367 0.00357186 -0.00179708 0.00698596 -0.000731063 0.00215217 0.00645179 -0.00290308 0.00528339 0.0158104 0.00927253 -0.00131609 0.000562836 0.000532741 0.00436798 0.00419024 -0.00312347 0.00776432 0.00891441 0.00330206 0.00142599 0.0247468 0.00858101 0.0180435 -0.00176591 0.00232345 0.0104624 0.00302114 0.00402997
internal_weight=347083 87211 86854 259872 25509 132328 61345 24053 127544 17008 1456 7045 91126 41202 41155 15142 11806 114200 5202 4136 1066 46203 395 6487 230 61161 1147 346 7474 5371
internal_count=347083 87211 86854 259872 25509 132328 61345 24053 127544 17008 1456 7045 91126 41202 41155 15142 11806 114200 5202 4136 1066 46203 395 6487 230 61161 1147 346 7474 5371
is_linear=0
shrinkage=0.05


Tree=9
num_leaves=31
num_cat=0
split_feature=5 13 4 5 6 12 6 6 4 13 11 13 16 6 6 11 5 11 11 5 13 13 11 4 13 10 11 12 5 12
split_gain=700.265 176.112 140.448 129.849 50.6709 40.0197 33.9874 30.8893 30.7337 20.2187 15.6971 13.85 13.1061 13.0702 12.4874 12.3575 11.5182 11.1657 14.5128 10.3041 10.1856 23.6428 12.6028 10.1075 9.78864 8.96946 8.80127 9.62136 8.7703 8.69352
threshold=0.01797107711901973 49.655000686645515 0.053828170401661199 0.012985133433005265 0.6449298955119197 -0.075828258528587975 0.15045959386775479 0.6449298955119197 0.039398197299710148 28.970000267028812 -0.036898887484870739 49.655000686645515 -0.078513862776937768 0.41938765991951704 1.9494177281186085 -0.043674023036412872 0.01030995691824034 0.044869078606498143 0.042684586959819588 0.021997169569171707 25.505000114440922 25.960000038146976 -0.026952288378731145 0.028321546932490536 26.85000038146973 -0.020247544478179221 -0.023458930823045284 -0.028146521993507308 0.015470880750858677 -0.075828258528587975
decision_type=2 2 2 2 2 2 2 2 2 2 2 2 2 2 2 2 2 2 2 2 2 2 2 2 2 2 2 2 2 2
left_child=3 2 4 7 8 10 20 16 23 13 15 14 -6 -7 -8 -4 -1 18 29 -14 25 -22 24 -2 -23 -5 -25 -28 -27 -10
right_child=1 -3 5 6 12 9 11 -9 17 -11 -12 -13 19 -15 -16 -17 -18 -19 -20 -21 21 22 -24 26 -26 28 27 -29 -30 -31
leaf_value=-0.00041614425723199028 -5.7369138524486077e-05 0.0047813659463263559 0.0023456012752478884 0.0003995077526992983 0.00075607799593317877 0.0011417660344780506 1.986481736286679e-05 -0.00015909578863745335 0.00047956392487297244 0.00029125326120513386 0.0019183083273456953 0.0011536433449005257 0.00047108270057282512 0.0021280031630302836 0.00028910048993580328 0.00066276979371009104 -0.00028264928222141144 -0.00014009445047569286 0.0027955151023805018 0.00094164241169827207 0.0014186790297402575 0.00093308470413203896 -0.00018646734311812089 0.00038177603803035888 0.00014822815936683549 -0.00018114438146405256 -8.0883565970103443e-05 0.00019919361448137701 -6.720150919697691e-05 0.00042927740111284004
leaf_weight=40653 7276 351 163 284 331 6448 33151 30957 692 1338 340 64 8098 2193 8148 290 69572 1143 92 6031 152 171 1097 2539 706 46278 4136 27116 31423 16083
leaf_count=40653 7276 351 163 284 331 6448 33151 30957 692 1338 340 64 8098 2193 8148 290 69572 1143 92 6031 152 171 1097 2539 706 46278 4136 27116 31423 16083
internal_value=-0.000423333 0.00353118 0.00338404 -0.00169796 0.00260297 0.00871611 -0.00049945 -0.00272917 0.00195364 0.007857 0.0195271 0.000664482 0.00525588 0.00874262 0.000628464 0.0134327 -0.00312112 0.00367573 0.00399982 0.00502548 -0.00110041 0.0023142 0.000851063 0.00119841 0.00531927 -0.0011935 0.0015624 0.00133239 -0.00122592 0.00389121
internal_weight=347316 84660 84309 262656 73537 10772 121474 141182 59077 9979 793 41363 14460 8641 41299 453 110225 18010 16867 14129 80111 2126 1974 41067 877 77985 33791 31252 77701 16775
internal_count=347316 84660 84309 262656 73537 10772 121474 141182 59077 9979 793 41363 14460 8641 41299 453 110225 18010 16867 14129 80111 2126 1974 41067 877 77985 33791 31252 77701 16775
is_linear=0
shrinkage=0.05


Tree=10
num_leaves=31
num_cat=0
split_feature=5 11 4 5 3 6 4 6 6 11 12 6 11 5 10 5 6 14 11 14 11 10 5 12 12 14 11 14 11 4
split_gain=634.709 128.126 117.649 110.369 52.9078 33.4096 31.9433 31.639 25.5266 21.055 18.3018 16.1154 15.1939 13.0751 13.0247 12.9922 12.4235 10.359 15.7769 15.7807 16.851 10.0373 9.40613 9.15431 11.7574 8.73525 30.1627 22.2058 29.4787 8.46898
threshold=0.01797107711901973 -0.055970662091911087 0.020854214098023273 0.026009873099736468 0.0222043191021476 0.050915958724376854 0.06800934784226316 0.16285474999486063 0.68483611175122794 0.045591167028525621 -0.0800835440536906 0.99057864206502544 -0.043674023036412872 0.010449763630937045 -0.01378806518059311 0.013758206964758461 2.4620962077618 0.041106720448919616 0.042684586959819588 0.042177860659315065 0.010325604265528312 0.06903334451863076 0.014170320017455341 0.12832311924221709 0.10513811707285482 0.041106720448919616 0.042684586959819588 0.042177860659315065 0.010325604265528312 0.060598832020862366
decision_type=2 2 2 2 2 2 2 2 2 2 2 2 2 2 2 2 2 2 2 2 2 2 2 2 2 2 2 2 2 2
left_child=2 4 8 5 29 17 9 15 13 11 14 23 -9 -1 -8 -4 -7 -3 19 20 -19 -13 -14 24 -5 -17 27 28 -27 -2
right_child=1 3 7 6 -6 16 10 12 -10 -11 -12 21 22 -15 -16 25 -18 18 -20 -21 -22 -23 -24 -25 -26 26 -28 -29 -30 -31
leaf_value=-0.00039142322445844153 0.00083746953535514452 7.1834108826573516e-05 -0.00021924466370385382 0.00065217100628331306 0.0045849035904951809 0.00038047543959467242 0.00088525045780155293 0.00051246554931536764 -0.00016278454956960943 -7.9724131811411135e-05 0.0016623470773257907 0.0016179707080135428 -6.004474539862614e-05 -0.0002693665506234482 0.0022840235468929815 -0.00011662676119444011 0.00094170752892289936 0.00020108344614931133 0.0021665936930526349 0.00022770749752771039 0.0023742036216065528 -0.0015649692996206528 0.00010941834509460243 0.0010035692907943391 -0.00028001769597170065 7.7661400130290555e-05 0.0015047309604914018 -1.6609745045653081e-05 0.0017162435397453262 0.003137682415009245
leaf_weight=44228 619 29996 23084 15239 315 18625 95 1023 27294 1510 3678 2514 17202 65341 153 45922 2503 121 98 8210 65 125 26143 141 597 187 126 12050 123 107
leaf_count=44228 619 29996 23084 15239 315 18625 95 1023 27294 1510 3678 2514 17202 65341 153 45922 2503 121 98 8210 65 125 26143 141 597 187 126 12050 123 107
internal_value=-0.000452375 0.0033112 -0.00166588 0.0030943 0.0207445 0.00194086 0.00595335 -0.000562531 -0.00268053 0.00514856 0.010079 0.00560915 0.000511854 -0.00302134 0.0232258 -0.00114748 0.00353843 0.00106391 0.00260537 0.00237256 0.0167742 0.00922887 0.000369707 0.00501127 0.00489833 -0.000750583 0.000422072 0.000173947 0.0133871 0.0133196
internal_weight=347434 84711 262723 83670 1041 59618 24052 125860 136863 20126 3926 18616 44368 109569 248 81492 21128 38490 8494 8396 186 2639 43345 15977 15836 58408 12486 12360 310 726
internal_count=347434 84711 262723 83670 1041 59618 24052 125860 136863 20126 3926 18616 44368 109569 248 81492 21128 38490 8494 8396 186 2639 43345 15977 15836 58408 12486 12360 310 726
is_linear=0
shrinkage=0.05


Tree=11
num_leaves=31
num_cat=0
split_feature=5 4 4 11 6 5 6 12 10 6 12 10 6 5 11 6 11 10 12 11 5 11 10 12 12 11 9 11 5 10
split_gain=578.332 122.253 94.3216 87.3288 33.3778 33.3646 30.5473 22.9635 21.7126 18.9668 18.3255 18.0325 17.3586 17.0064 13.692 12.2196 10.8718 9.70989 8.84878 8.88565 8.82383 8.51038 8.78266 8.46055 11.4274 18.9409 8.05472 7.78783 7.58507 7.47268
threshold=0.017455750283924862 0.039892233154506705 0.019820937296665824 -0.055970662091911087 1.0490182409364888 0.037536498782870763 -0.19360791540514027 -0.087458748104097359 -0.006703838533231087 -0.047342632783188156 -0.0800835440536906 -0.015857538372193832 0.83869435647910506 0.013803933889690938 0.037935675142188215 1.8174561930188755 0.063670328165119208 -0.010871604764900454 -0.075828258528587975 -0.036898887484870739 0.010213986801100567 -0.023458930823045284 0.00048355916176134889 -0.028754212853801194 -0.023427957262836582 0.042684586959819588 0.3160298549881983 0.021563069340693967 0.028362698452789843 0.06903334451863076
decision_type=2 2 2 2 2 2 2 2 2 2 2 2 2 2 2 2 2 2 2 2 2 2 2 2 2 2 8 2 2 2
left_child=2 6 9 8 13 12 -2 -8 11 -1 17 -3 16 -4 -12 -9 18 -7 19 -5 -11 22 -15 26 25 -25 -20 -28 -26 -14
right_child=1 3 4 5 -6 10 7 15 -10 20 14 -13 29 21 -16 -17 -18 -19 23 -21 -22 -23 -24 24 28 -27 27 -29 -30 -31
leaf_value=-0.00034462676921263836 6.2657531166769768e-05 0.0020288414378707067 -0.00018551502097640684 0.00022761883578604859 0.00011617431149136404 0.00097431747247495547 0.00088217144213321498 0.00025926792378530778 0.00077923241518509944 -0.00031350303904759873 0.0016730864195465831 0.0049312813891661108 0.0010744605169714157 0.00018563207570583223 0.00020405867080038368 0.00068125180318389386 -0.00041050022718854755 0.0023715508592314269 6.9910714306511482e-05 0.0008835839115043676 -0.00015459030706351052 -9.0094434087661509e-05 -0.00021811013410425736 0.00053091972596230582 0.0003861053195949386 0.0027642894573956809 0.00050831459792513296 0.0012307090462706114 0.00069319219091693507 -0.0014797618680253586
leaf_weight=68086 33008 126 46089 400 21442 90 358 22781 276 21675 4260 228 4407 4416 731 4078 591 105 3586 515 26630 64881 1158 621 9490 126 773 87 5976 147
leaf_count=68086 33008 126 46089 400 21442 90 358 22781 276 21675 4260 228 4407 4416 731 4078 591 105 3586 515 26630 64881 1158 621 9490 126 773 87 5976 147
internal_value=-0.000474266 0.00290535 -0.00170666 0.00537498 -0.000822403 0.00501097 0.00157119 0.00281129 0.0238095 -0.00275498 0.00868106 0.0320056 0.00429863 -0.00115596 0.00809357 0.00264362 0.00372096 0.0237179 0.00390424 0.00871585 -0.00199721 -0.000667448 0.00120739 0.00369113 0.00422099 0.010261 0.00175888 0.00610465 0.00392926 0.00711023
internal_weight=347137 92760 254377 32535 137986 31905 60225 27217 630 116391 5186 354 26719 116544 4991 26859 22165 195 21574 915 48305 70455 5574 20659 16213 747 4446 860 15466 4554
internal_count=347137 92760 254377 32535 137986 31905 60225 27217 630 116391 5186 354 26719 116544 4991 26859 22165 195 21574 915 48305 70455 5574 20659 16213 747 4446 860 15466 4554
is_linear=0
shrinkage=0.05


Tree=12
num_leaves=31
num_cat=0
split_feature=4 13 5 5 6 6 5 5 6 11 11 15 10 11 5 11 13 13 10 2 10 13 6 6 5 6 16 11 9 10
split_gain=515.21 152.033 111.122 75.0715 33.0723 25.7901 24.2711 23.6544 23.2369 20.8499 13.6942 13.8156 13.9851 13.1919 12.3779 10.1439 10.9359 20.3934 17.4854 16.5971 10.6117 10.1417 9.64113 8.97389 8.92868 8.71033 8.25897 8.22176 7.68047 7.46465
threshold=0.02755542484038832 49.655000686645515 0.027323091389524341 0.01278458068683642 1.6456586584831265 1.4970487305177531 0.049498377170743256 0.020237641789320703 -0.24816586704976665 0.037935675142188215 -0.013447702851804742 0.037331228257165068 -0.01378806518059311 -0.055970662091911087 0.01030995691824034 -0.023458930823045284 22.330000877380375 21.82499980926514 0.0042130189286166972 -0.077401078452590241 0.0041080829558171059 30.345000267028812 1.8174561930188755 0.88667351739423772 0.032808904072337546 -0.19360791540514027 -0.013154780380618568 -0.023458930823045284 -0.019333181727871681 0.00048355916176134889
decision_type=2 2 2 2 2 2 2 2 2 2 2 2 2 2 2 2 2 2 2 2 2 2 2 2 2 2 2 2 10 2
left_child=3 2 4 5 7 14 9 27 -5 10 11 12 13 -4 -1 20 17 -17 19 -19 -9 28 -10 -12 -23 -16 -8 29 -14 -2
right_child=1 -3 6 8 -6 -7 26 15 22 -11 23 -13 21 -15 25 16 -18 18 -20 -21 -22 24 -24 -25 -26 -27 -28 -29 -30 -31
leaf_value=-0.00035083841563794959 0.00027078961620881332 0.003792189571922617 0.0025696728965569015 -0.00016027954087149615 0.00059301727661127831 -6.2776489062660957e-05 0.0028960842440288489 0.00056154495086052278 -3.2696628580711949e-05 7.7501583162314989e-05 0.00062076924374122606 -0.0015597922565317619 0.00073620119807540842 0.00047091289101786071 -0.00028030511562000435 0.00028822241722832815 -2.7517646800900898e-05 9.0947798933061454e-05 -0.00045954016577428604 0.0032707150501393523 -0.00023045251419786871 0.00076684735934858059 0.00021900143082604416 0.0013877510731548836 0.0015420019730367608 -0.00018133859759226172 0.0022421183594973633 2.696902031206643e-05 0.0015633409056967412 -0.00013843556967446912
leaf_weight=46925 3880 373 47 54237 7905 13591 359 2552 45066 2159 10805 192 1033 1386 41512 23851 4862 49 93 122 491 159 7369 1906 169 32242 954 41090 982 909
leaf_count=46925 3880 373 47 54237 7905 13591 359 2552 45066 2159 10805 192 1033 1386 41512 23851 4862 49 93 122 491 159 7369 1906 169 32242 954 41090 982 909
internal_value=-0.000488526 0.00241056 0.00229838 -0.0017679 0.00151368 -0.00255456 0.00563967 0.00120098 -0.000777712 0.00518155 0.00578002 0.00834425 0.00900953 0.00511863 -0.00278711 0.00224391 0.00195552 0.00239166 0.0162121 0.0257018 0.00499014 0.0113892 -2.71777e-05 0.00497954 0.0195427 -0.00238319 0.0122125 0.000473091 0.010062 0.0024337
internal_weight=347270 106328 105955 240942 85804 134270 20151 77899 106672 18838 16679 3968 3776 1433 120679 32020 28977 24115 264 171 3043 2343 52435 12711 328 73754 1313 45879 2015 4789
internal_count=347270 106328 105955 240942 85804 134270 20151 77899 106672 18838 16679 3968 3776 1433 120679 32020 28977 24115 264 171 3043 2343 52435 12711 328 73754 1313 45879 2015 4789
is_linear=0
shrinkage=0.05


Tree=13
num_leaves=31
num_cat=0
split_feature=4 13 4 4 5 6 12 6 14 6 6 8 6 5 6 5 5 14 5 13 13 14 14 14 6 13 13 3 12 12
split_gain=466.846 123.518 103.205 72.5165 31.4534 25.9287 25.5346 21.7868 13.7675 12.3026 11.8875 11.2455 11.1938 10.8378 10.2829 9.35031 9.05793 8.878 8.6111 7.44587 10.122 7.31662 7.23184 6.38042 6.27489 6.2289 9.09736 6.14913 6.09167 7.12151
threshold=0.027313219355367086 49.655000686645515 0.039892233154506705 0.018672063756566878 0.031818325098719645 -0.24816586704976665 -0.075828258528587975 0.22256051252088896 0.45247854199056486 0.41938765991951704 0.040318684127224079 -0.12175841055077317 1.8174561930188755 0.013068678060342965 -0.21749881767015089 0.018547997891771483 0.013711755470261466 -0.19490876951167976 0.01797107711901973 23.604999542236332 23.409999847412113 0.13707002754001543 -0.098691693357393515 0.048986719728816526 2.7985908549568483 25.505000114440922 26.85000038146973 0.039993885020982785 -0.075828258528587975 -0.035951697828215494
decision_type=2 2 2 2 2 2 2 2 2 2 2 10 2 2 2 2 2 2 2 2 2 2 2 2 2 2 2 2 2 2
left_child=3 2 7 10 8 13 21 15 14 19 -1 -3 16 -5 28 -2 -7 -11 -9 20 -8 22 -6 -20 -16 -15 -27 -21 -4 -30
right_child=1 11 4 5 6 12 9 18 -10 17 -12 -13 -14 25 24 -17 -18 -19 23 27 -22 -23 -24 -25 -26 26 -28 -29 29 -31
leaf_value=-0.00032699706874654241 -1.9530710567027606e-05 0.0046094721966840014 0.00049536908010414647 -0.00024289043562706147 0.0010474069037111834 -0.00012018559354213541 0.0010037319950935741 0.00014569351391025383 0.0010733258194132759 -0.0014615192361435647 -0.00022293643440887169 0.0010955138113920352 0.00013540935681643994 -0.00014343563245716745 0.00049740954493684931 0.00014000947913802683 -8.0441672022265665e-07 0.0019517793753217735 0.00035333021199543418 0.00033640489431897413 0.0019315449500049227 0.0014010957652432336 0.001757566734876868 0.00052556840471430137 0.0014526012353024069 0.00071129046568091511 -2.8847166352106135e-05 0.0012530510698701123 -6.2861067209571506e-05 0.00034512935154300614
leaf_weight=58379 23984 257 559 24528 60 33287 4936 10600 217 121 35121 132 11091 44799 9988 27804 30118 2137 11000 2185 116 170 329 3005 792 226 601 86 2059 8643
leaf_count=58379 23984 257 559 24528 60 33287 4936 10600 217 121 35121 132 11091 44799 9988 27804 30118 2137 11000 2185 116 170 329 3005 792 226 601 86 2059 8643
internal_value=-0.000484843 0.00222248 0.00212191 -0.00172601 0.0044867 -0.00102454 0.00679487 0.00111901 0.00343517 0.00618881 -0.00281123 0.030347 -0.000374921 -0.00171437 0.00331178 0.000536996 -0.000631261 0.00941541 0.00234403 0.00519391 0.00626286 0.0171825 0.020964 0.0031578 0.00441558 -0.00125871 0.00304111 0.00281594 0.00225513 0.00198935
internal_weight=347330 109180 108791 238150 32398 144650 10140 76393 22258 9581 93500 389 74496 70154 22041 51788 63405 2258 24605 7323 5052 559 389 14005 10780 45626 827 2271 11261 10702
internal_count=347330 109180 108791 238150 32398 144650 10140 76393 22258 9581 93500 389 74496 70154 22041 51788 63405 2258 24605 7323 5052 559 389 14005 10780 45626 827 2271 11261 10702
is_linear=0
shrinkage=0.05


Tree=14
num_leaves=31
num_cat=0
split_feature=4 13 5 4 12 6 6 6 14 11 4 4 11 6 5 5 5 11 12 12 14 11 11 13 13 6 5 5 11 11
split_gain=426.959 112.522 89.2836 67.2544 27.9668 25.9003 24.7288 17.2924 14.1576 37.195 12.9215 12.0393 11.8999 11.1741 9.86819 9.68621 9.31836 9.12094 9.02438 10.1297 18.6764 30.328 9.875 9.75948 8.87682 9.22604 8.57627 8.4064 7.96693 12.9056
threshold=0.027313219355367086 49.655000686645515 0.025633501062852029 0.018672063756566878 -0.075828258528587975 -0.20946661683174692 0.50077852343187346 -0.23313487529723359 0.03328086000020148 0.042684586959819588 0.086164500836124092 0.053828170401661199 -0.023458930823045284 0.6077863497468704 0.013026463763041179 0.018755452933874952 0.014170320017455341 0.063670328165119208 -0.0067438381246153192 0.01159583409138454 0.042707148571172311 0.010325604265528312 1.0000000180025095e-35 22.730000495910648 29.835000038146976 1.8174561930188755 0.020237641789320703 0.043333070395091586 -0.023458930823045284 -0.029337474403061222
decision_type=2 2 2 2 2 2 2 2 2 2 2 2 2 2 2 2 2 2 2 2 2 2 2 2 2 2 2 2 2 2
left_child=3 2 6 13 10 14 8 17 15 18 -4 -3 -7 -1 -5 -2 -14 27 28 20 21 -20 23 -22 25 -9 -8 -6 29 -10
right_child=1 11 4 5 7 12 26 24 9 -11 -12 -13 16 -15 -16 -17 -18 -19 19 -21 22 -23 -24 -25 -26 -27 -28 -29 -30 -31
leaf_value=-0.00029478284454720138 -5.2869946623893074e-05 0.001329058404185367 0.00094208825169690691 -0.00022663036000301597 0.00036631954396439028 0.00014570633708977827 0.00022541551808341636 0.00089296633244267715 8.8496579508959741e-05 0.0019671386610047924 0.0028249165129233689 0.0062762539677135827 -0.00010612810619315419 -0.00018826687854904621 -0.0001329814318544263 0.00012263487729993034 2.5791085190903805e-05 -0.00036467529403515068 0.00045861654956275892 0.00017550103647554399 0.00064168621563976585 0.0020566422422970041 -0.00013171365310184273 -0.00030629758320872 7.5683140696629749e-05 0.0018984296702827979 0.00056448306300086739 0.0013818614495498018 -7.1130348101460382e-05 0.00099907770386039197
leaf_weight=73654 21576 286 918 25106 11131 6267 14013 8931 1326 149 134 120 40234 19779 48123 25273 25049 591 225 6302 1429 165 850 274 789 1551 6925 1261 4560 397
leaf_count=73654 21576 286 918 25106 11131 6267 14013 8931 1326 149 134 120 40234 19779 48123 25273 25049 591 225 6302 1429 165 850 274 789 1551 6925 1261 4560 397
internal_value=-0.000488331 0.00210092 0.00200285 -0.00167502 0.00460444 -0.00100011 0.00121406 0.00425827 0.000716021 0.00201665 0.0125856 0.0283744 -0.000323551 -0.00272083 -0.00166116 0.000280795 -0.000523338 0.00301433 0.00177808 0.00277177 0.00519368 0.0153846 0.0036369 0.00583382 0.00569115 0.00607613 0.00270131 0.00330374 0.000315931 0.00321242
internal_weight=347388 109176 108770 238212 25306 144779 83464 24254 62526 15677 1052 406 71550 93433 73229 46849 65283 12983 15528 9245 2943 390 2553 1703 11271 10482 20938 12392 6283 1723
internal_count=347388 109176 108770 238212 25306 144779 83464 24254 62526 15677 1052 406 71550 93433 73229 46849 65283 12983 15528 9245 2943 390 2553 1703 11271 10482 20938 12392 6283 1723
is_linear=0
shrinkage=0.05


Tree=15
num_leaves=31
num_cat=0
split_feature=4 13 4 4 4 14 11 12 14 11 5 5 14 11 11 9 11 11 11 11 9 5 12 12 10 14 11 10 4 10
split_gain=374.495 95.5169 74.5232 65.6797 28.1388 16.9743 20.819 15.5977 12.1814 26.1677 11.8671 11.7818 11.5392 30.8161 13.4956 12.0731 11.46 22.0432 11.2648 21.5066 11.0624 10.1315 10.0614 12.5633 18.6017 10.7854 10.1722 9.37589 9.14628 8.58077
threshold=0.02755542484038832 49.655000686645515 0.038975983887381778 0.018672063756566878 0.057845957875629218 0.0250539094836888 0.042684586959819588 -0.075828258528587975 0.03406338940495391 0.042684586959819588 0.013664419710900157 0.027840313723526421 0.02729978908146902 0.022279480121840559 -0.023458930823045284 0.068670956736710101 -0.023458930823045284 -0.029337474403061222 0.044869078606498143 0.042684586959819588 0.14190318661078219 0.019211925873981479 -0.0063801556439739273 0.01159583409138454 -0.0010410794067141624 0.035942894407802857 -0.0013567736689930052 -0.0018123772327252594 0.0160170098264578 0.0014689335949455986
decision_type=2 2 2 2 2 2 2 2 2 2 2 2 2 2 2 10 2 2 2 2 8 2 2 2 2 2 2 2 2 2
left_child=3 2 8 28 18 10 12 -6 21 16 -5 -3 13 -7 -14 -15 17 27 19 -4 -9 -2 -18 24 25 -24 -27 -10 -1 -26
right_child=1 11 4 5 7 6 -8 20 9 -11 -12 -13 14 15 -16 -17 22 -19 -20 -21 -22 -23 23 -25 29 26 -28 -29 -30 -31
leaf_value=-0.00032343224881329681 -5.9609409447358991e-06 0.0012949418376079749 0.000407880263413686 -0.00018298207468652361 0.0013953925432169706 -2.2430456115530189e-05 0.00087706583565709713 0.00065604281167993433 1.5747130278170444e-05 0.0017422846946242897 -8.592688284139724e-05 0.0060174921979933276 0.000159253704464062 0.0013391845536707321 -6.6884638461327554e-05 0.00037239191566255827 -3.6521216172722299e-05 0.00082343131007403298 -0.00012653345429687634 0.0028577097161327086 0.0014718536578369552 0.00017347157708068542 0.0011983802151142352 0.00013661481173756667 0.0021133923698149091 0.00058975089228742656 -1.8179469819019849e-05 0.00060974987042271885 -0.00021123937779892805 0.00051103993391645093
leaf_weight=42417 29934 294 25404 51009 653 940 181 3888 1701 126 53806 96 5608 241 35734 139 5084 1051 1630 135 3515 22680 76 7225 104 1500 1099 259 50788 61
leaf_count=42417 29934 294 25404 51009 653 940 181 3888 1701 126 53806 96 5608 241 35734 139 5084 1051 1630 135 3515 22680 76 7225 104 1500 1099 259 50788 61
internal_value=-0.000501156 0.00196756 0.0018768 -0.00159288 0.00375656 -0.000936896 -9.83837e-05 0.00635179 0.000942876 0.00205458 -0.00127964 0.0266667 -0.000170176 0.00443182 -0.000317112 0.0164474 0.00189703 0.00471438 0.00298704 0.00324425 0.00569836 0.000556505 0.00133705 0.00225286 0.00507042 0.00406542 0.00352251 0.00158163 -0.0026321 0.0213636
internal_weight=347378 106515 106125 240863 35225 147658 42843 8056 70900 18286 104815 390 42662 1320 41342 380 18160 3011 27169 25539 7403 52614 15149 10065 2840 2675 2599 1960 93205 165
internal_count=347378 106515 106125 240863 35225 147658 42843 8056 70900 18286 104815 390 42662 1320 41342 380 18160 3011 27169 25539 7403 52614 15149 10065 2840 2675 2599 1960 93205 165
is_linear=0
shrinkage=0.05


Tree=16
num_leaves=31
num_cat=0
split_feature=4 13 4 4 4 6 6 6 12 6 4 14 11 8 11 11 11 11 13 11 11 11 12 13 6 12 13 10 12 11
split_gain=345.882 93.2246 73.1074 51.7318 26.9311 20.7803 15.7553 14.7666 13.8192 10.8712 10.866 9.73639 31.3719 9.52865 8.34012 15.1185 8.19401 15.2882 12.2915 9.14241 8.16314 11.4904 19.5127 8.95697 7.86442 7.8314 27.3535 49.761 10.0603 16.7784
threshold=0.026179503706335771 49.655000686645515 0.037736830229972824 0.0186025565620908 0.060598832020862366 0.0099774695882014486 1.0187008372850193 1.6995892994676665 -0.075828258528587975 -0.0098674415442890611 0.057845957875629218 0.03328086000020148 0.042684586959819588 0.015563719891964702 0.044869078606498143 0.042684586959819588 -0.023458930823045284 -0.029337474403061222 20.840000152587894 -0.028866673855592325 -0.0084964669653203023 -0.0087472165989830857 0.059758748559170745 25.505000114440922 1.9494177281186085 0.045605778399391624 21.82499980926514 0.0041080829558171059 0.04851916087108233 0.022279480121840559
decision_type=2 2 2 2 2 2 2 2 2 2 2 2 2 8 2 2 2 2 2 2 2 2 2 2 2 2 2 2 2 2
left_child=3 2 7 9 6 20 14 11 -6 -1 -3 25 16 -10 15 -4 17 -13 -18 -19 21 -5 -23 -22 -7 -2 28 -28 29 -27
right_child=1 10 4 5 8 24 -8 -9 13 -11 -12 12 -14 -15 -16 -17 18 19 -20 -21 23 22 -24 -25 -26 26 27 -29 -30 -31
leaf_value=-0.00028714696824774316 -9.6926493767377696e-06 0.0013779310670915073 0.00031504842047387524 -6.5732123198337762e-05 0.0013023184818819109 -5.7267587551492274e-05 0.00076930512616632237 0.00037836435061865408 0.00067823962896037962 -0.00018983857909401935 0.0058000047665856501 8.4474093057924042e-05 0.0015770725283987402 0.0017197675168496265 -0.00012168792784794721 0.0023415396611094793 0.00018933417281177586 0.0013335521001978084 -0.00017352637874291446 0.00055445539032708969 -0.0001874329656425975 0.0026027307558704662 -0.00046955104812628233 0.00063069559467527324 0.00013278461780020094 0.00013641313574937333 0.0029870769574321179 0.00015310029268002429 2.2461010057906491e-05 0.0015181623353576284
leaf_weight=55491 47320 299 25574 16272 571 43305 4989 7238 3948 36665 91 1789 148 2170 1740 131 12771 123 3680 1059 63292 145 140 118 9021 887 178 383 7437 246
leaf_count=55491 47320 299 25574 16272 571 43305 4989 7238 3948 36665 91 1789 148 2170 1740 131 12771 123 3680 1059 63292 145 140 118 9021 887 178 383 7437 246
internal_value=-0.000514961 0.00161877 0.00154099 -0.0016821 0.00332375 -0.00104854 0.002728 0.000703286 0.00621244 -0.00259159 0.0260256 0.000497822 0.00145886 0.00551814 0.00225815 0.00248492 0.00128411 0.00370077 0.000847668 0.00811337 -0.00155546 -0.000566831 0.00938596 -0.0018136 -0.000273861 0.000164655 0.00150531 0.0122014 0.000805133 0.00519417
internal_weight=347221 122772 122382 224449 39123 132293 32434 83259 6689 92156 390 76021 19570 6118 27445 25705 19422 2971 16451 1182 79967 16557 285 63410 52326 56451 9131 561 8570 1133
internal_count=347221 122772 122382 224449 39123 132293 32434 83259 6689 92156 390 76021 19570 6118 27445 25705 19422 2971 16451 1182 79967 16557 285 63410 52326 56451 9131 561 8570 1133
is_linear=0
shrinkage=0.05


Tree=17
num_leaves=31
num_cat=0
split_feature=5 16 5 5 6 6 10 5 11 6 15 5 5 11 11 12 11 6 12 10 6 12 11 10 10 14 8 12 11 9
split_gain=317.577 70.5334 60.6099 52.2098 24.7216 21.5814 19.4592 16.0453 15.161 14.2957 13.5611 12.1042 8.91608 8.87615 10.419 14.4898 12.0343 8.65159 7.84715 7.40771 8.21973 7.93352 9.05678 7.29707 11.9495 6.93482 6.54553 6.38141 6.3227 6.30683
threshold=0.016244268225707303 -0.078513862776937768 0.031011111127916931 0.011705002477131561 -0.24043829262582214 -0.047342632783188156 -0.015213589282174643 0.020394473898100045 0.027231962502118127 -0.10967439815330464 -0.024128000889990283 0.049498377170743256 0.020720633616708121 -0.0084964669653203023 -0.0093898338584641455 0.0066896408709551389 -0.0087472165989830857 1.9494177281186085 -0.0800835440536906 0.0038619915499665818 0.79169908696947111 -0.0800835440536906 0.021392341691460984 0.0023061717874046654 0.001263056843109345 0.039991521680157301 -0.18288691250150843 -0.050232690438178178 0.019286705415067943 0.1776709394252585
decision_type=2 2 2 2 2 2 2 2 2 2 2 2 2 2 2 2 2 2 2 2 2 2 2 2 2 2 10 2 2 10
left_child=3 6 4 9 12 13 10 -6 11 -1 -2 19 -3 14 23 16 -16 25 -13 20 -4 -21 -23 24 27 -7 -12 -5 -14 -9
right_child=1 2 8 5 7 17 -8 29 -10 -11 26 18 28 -15 15 -17 -18 -19 -20 21 -22 22 -24 -25 -26 -27 -28 -29 -30 -31
leaf_value=-0.00027420366125655021 0.00093759335109811241 -1.6907649695815555e-05 0.00053420259596074777 0.00015746342694471406 0.00014047079755918324 -8.2460389712742905e-05 0.00059787635501977996 0.00035734059019735159 0.00026686962813422913 -0.00017705765892687917 0.0048682018087993495 0.0028731950210767561 0.00020644614877512359 -0.00017806963133614956 0.00033651294813582893 -0.00029313467215964523 0.0032161769889080087 0.00015544404110627002 0.0023729477759752535 0.0010888764458631545 0.0015692132162114358 0.00080805342450936471 0.0011194054177202028 -0.00026957903249914025 0.00040960395684902848 5.9532894713918979e-05 0.0013072054198449642 -7.6348568665986081e-05 -5.2516675460570943e-05 0.00058984638131956933
leaf_weight=51955 296 31523 4576 1315 29579 35208 574 15527 2489 45441 113 64 16666 61602 466 351 137 9059 990 144 869 2450 395 3783 539 11617 155 9664 4822 4738
leaf_count=51955 296 31523 4576 1315 29579 35208 574 15527 2489 45441 113 64 16666 61602 466 351 137 9059 990 144 869 2450 395 3783 539 11617 155 9664 4822 4738
internal_value=-0.000497211 0.00163792 0.00151517 -0.00156849 0.00112318 -0.000927204 0.0140246 0.0019226 0.00488144 -0.00244908 0.0206206 0.00579258 0.000371525 -0.00146532 -0.000426024 0.0046436 0.00934494 -0.000177512 0.0108444 0.00516125 0.00406336 0.00716126 0.00658172 -0.00074211 -0.000116341 -0.000451149 0.0287687 -0.000473177 0.00115692 0.00300641
internal_weight=347107 115970 114832 231137 102855 133741 1138 49844 11977 97396 564 9488 53011 77857 16255 954 603 55884 1054 8434 5445 2989 2845 15301 11518 46825 268 10979 21488 20265
internal_count=347107 115970 114832 231137 102855 133741 1138 49844 11977 97396 564 9488 53011 77857 16255 954 603 55884 1054 8434 5445 2989 2845 15301 11518 46825 268 10979 21488 20265
is_linear=0
shrinkage=0.05


Tree=18
num_leaves=31
num_cat=0
split_feature=4 4 13 4 4 6 6 12 6 13 6 8 11 11 6 8 11 11 12 6 0 10 10 10 11 14 11 13 8 14
split_gain=281.107 73.4869 47.1872 38.0911 20.9216 20.2382 16.8962 12.39 10.8728 10.0049 8.0502 7.84674 7.59981 9.93957 7.54101 7.41688 7.39906 8.69467 16.2514 7.16024 6.96479 9.06961 6.86738 11.8881 6.11561 6.03754 5.57987 5.47767 5.30923 6.21974
threshold=0.024975802280084811 0.037736830229972824 49.655000686645515 0.017284741809091734 0.060598832020862366 -0.10091413440210741 -0.19360791540514027 -0.075828258528587975 0.41938765991951704 46.145000457763679 1.7583104612647695 0.012258248348494096 0.044869078606498143 0.042684586959819588 1.5431763923773161 -0.20427992361061606 -0.0084964669653203023 -0.0087472165989830857 0.059758748559170745 1.8174561930188755 -0.061616856218680287 -0.010871604764900454 0.0023061717874046654 0.001263056843109345 0.04888400580692865 -0.10344834121785244 -0.0091308536723364014 25.19999980926514 0.043831747806800887 0.041106720448919616
decision_type=2 2 2 2 2 2 2 2 2 2 2 8 2 2 2 10 2 2 2 2 2 2 2 2 2 2 2 2 10 2
left_child=3 6 4 10 8 16 24 20 12 19 -1 -9 13 28 -7 -4 17 22 -19 -8 -6 -22 23 26 -2 -10 -5 -13 -3 -30
right_child=1 2 15 5 7 14 9 11 25 -11 -12 27 -14 -15 -16 -17 -18 18 -20 -21 21 -23 -24 -25 -26 -27 -28 -29 29 -31
leaf_value=-0.00025912167271500383 -6.5142699652479094e-06 0.00019847215161500681 0.0052520208381240316 -6.9380805069377594e-05 0.0027818520872152034 -8.4770153575875531e-05 9.4291780990127626e-05 0.00059789577498883025 -2.9519646873193357e-05 0.00058826729491152831 -9.8677975894451489e-05 0.0015210248137421656 -0.00018087084345010549 0.0021509257548110779 6.017487712300402e-05 0.0016094065548322143 -0.00019210258679067094 0.0025184302993140977 -0.00040857620997017684 0.00036553415888464355 0.00015461916156298669 0.0013476835052336795 -0.00027116317300056374 0.00040442334322982585 -0.00050956620355419448 0.00064195750081435079 0.00045031123965346613 0.0023966424470579853 0.00034663088534754756 0.00071855236847124246
leaf_weight=61265 50252 16064 91 10960 59 49381 40379 3959 829 316 4647 2039 1577 122 13401 155 63360 151 144 7846 171 316 3900 543 1020 7542 152 146 4892 1320
leaf_count=61265 50252 16064 91 10960 59 49381 40379 3959 829 316 4647 2039 1577 122 13401 155 63360 151 144 7846 171 316 3900 543 1020 7542 152 146 4892 1320
internal_value=-0.000523619 0.00121625 0.00304821 -0.00168766 0.00291065 -0.00122655 0.000495275 0.0054559 0.00238422 0.00116386 -0.002681 0.00481445 0.00184254 0.00207876 -0.000556052 0.024878 -0.00175799 -0.000791799 0.00771186 0.00110575 0.012674 0.0107084 -0.000953071 -0.000345347 -0.000137698 0.00393561 -0.000698345 0.00721968 0.00200081 0.00324211
internal_weight=346999 139095 39282 207904 39036 141992 99813 6690 32346 48541 65912 6144 23975 22398 62782 246 79210 15850 295 48225 546 487 15555 11655 51272 8371 11112 2185 22276 6212
internal_count=346999 139095 39282 207904 39036 141992 99813 6690 32346 48541 65912 6144 23975 22398 62782 246 79210 15850 295 48225 546 487 15555 11655 51272 8371 11112 2185 22276 6212
is_linear=0
shrinkage=0.05


Tree=19
num_leaves=31
num_cat=0
split_feature=5 4 4 13 4 11 14 11 11 11 16 5 12 14 12 3 13 14 11 11 11 1 12 11 4 11 11 10 12 10
split_gain=250.424 52.0878 46.9054 37.8396 16.035 15.6626 13.7503 25.5966 14.1262 12.172 12.7445 11.6356 11.56 13.4672 11.352 11.5971 10.1597 14.9154 9.63811 9.5944 9.40086 9.30207 8.98557 8.3424 8.19119 7.90032 11.9224 10.7193 12.1942 7.77652
threshold=0.016244268225707303 0.042710905805497426 0.018318195387297415 49.655000686645515 0.086164500836124092 -0.023458930823045284 0.049481808267930923 0.042684586959819588 -0.023458930823045284 -0.029337474403061222 -0.078513862776937768 0.013664419710900157 -0.0063801556439739273 0.052093484772870687 0.0011335726897910849 -0.0077212854894234675 23.265000343322757 0.16190048637044233 0.063670328165119208 -0.0070304120206733925 0.04888400580692865 0.0097978440667063644 -0.0800835440536906 -0.028866673855592325 0.031485995300759399 -0.0084964669653203023 -0.0087472165989830857 -0.0041028973297421159 0.0033715039290467268 0.011920444986762148
decision_type=2 2 2 2 2 2 2 2 2 2 2 2 2 2 2 2 2 2 2 2 2 2 2 2 2 2 2 2 2 2
left_child=2 6 19 4 18 14 20 8 9 10 -8 -7 13 -10 16 -16 17 -4 -3 29 24 -9 -6 -11 -2 26 27 -14 -29 -1
right_child=1 3 5 -5 22 11 7 21 12 23 -12 -13 25 -15 15 -17 -18 -19 -20 -21 -22 -23 -24 -25 -26 -27 -28 28 -30 -31
leaf_value=-0.00012149599946280917 8.1722692947539807e-06 0.00045231197454465743 -0.00014888164377138352 0.0037615777186938526 0.0025043051011284794 -0.00014432439613695159 0.00076641442710469242 0.00092494739033711438 0.00078855979697679064 0.001353528685322662 0.00010451346110485431 -6.051619435300161e-05 0.00029970532710810871 -0.00010095246819227635 0.00057624758697664795 0.00016991224322577647 0.0001812705064578661 0.00036678543365578848 -0.00039657706684651656 -0.00025328480864529395 -0.00041871880119609688 0.0016814751394389343 0.0015597089678369255 0.00056849287198201164 0.00014864077813811515 0.00014704398319372063 0.0013764096000517751 0.0015407965636639862 0.00043941911170555445 0.00073502794229196643
leaf_weight=16859 37384 23628 5659 192 105 72794 291 61 96 162 1751 61098 1809 5250 326 806 3939 737 654 68551 1936 110 1197 1046 33432 6180 185 121 402 673
leaf_count=16859 37384 23628 5659 192 105 72794 291 61 96 162 1751 61098 1809 5250 326 806 3939 737 654 68551 1936 110 1197 1046 33432 6180 185 121 402 673
internal_value=-0.000523755 0.00137242 -0.00147406 0.00335467 0.00318871 -0.000926294 0.000806064 0.00206596 0.00187561 0.00484615 0.00249265 -0.00107818 0.00118814 -0.000641602 0.000847213 0.00560071 0.000326559 -0.000903691 0.00289885 -0.00239902 0.000503628 0.0213158 0.00859447 0.0088245 0.000597604 0.00231287 0.00467421 0.00370497 0.0100096 -0.00135524
internal_weight=347434 115992 231442 25776 25584 145359 90216 17464 17293 3250 2042 133892 14043 5346 11467 1132 10335 6396 24282 86083 72752 171 1302 1208 70816 8697 2517 2332 523 17532
internal_count=347434 115992 231442 25776 25584 145359 90216 17464 17293 3250 2042 133892 14043 5346 11467 1132 10335 6396 24282 86083 72752 171 1302 1208 70816 8697 2517 2332 523 17532
is_linear=0
shrinkage=0.05


Tree=20
num_leaves=31
num_cat=0
split_feature=4 5 5 11 14 11 4 14 11 5 11 12 12 14 11 14 11 11 16 13 13 12 12 11 5 9 9 12 13 11
split_gain=229.933 50.8804 39.5956 32.3361 14.9752 28.2022 14.4465 13.9392 17.5897 13.3822 13.0807 12.405 15.2948 14.9645 26.6583 11.7078 19.2403 11.1242 12.0037 11.0494 12.5325 12.8006 10.4759 10.1911 10.1092 9.7395 8.97323 8.36716 50.8875 23.2624
threshold=0.026179503706335771 0.024219000362201027 0.011546541121164343 -0.055970662091911087 0.03328086000020148 0.042684586959819588 0.074804746029014726 0.0250539094836888 0.042684586959819588 0.032808904072337546 -0.023458930823045284 -0.0063801556439739273 0.01159583409138454 0.042707148571172311 0.010325604265528312 0.02729978908146902 0.022279480121840559 -0.030384470516343128 -0.078513862776937768 22.330000877380375 21.755000114440922 0.051085048604070045 0.12832311924221709 1.0000000180025095e-35 0.0092499387933557536 -0.02682680686942562 0.18523932658087486 0.045605778399391624 21.82499980926514 0.011893359495945945
decision_type=2 2 2 2 2 2 2 2 2 2 2 2 2 2 2 2 2 2 2 2 2 2 2 2 2 10 8 2 2 2
left_child=2 4 24 9 27 10 19 -4 15 -3 17 -12 13 14 -13 16 -9 18 -6 20 -5 -22 26 -15 -1 -18 -21 -2 -29 -30
right_child=1 3 7 6 5 -7 -8 8 -10 -11 11 12 -14 23 -16 -17 25 -19 -20 22 21 -23 -24 -25 -26 -27 -28 28 29 -31
leaf_value=-0.00028977536098845672 -1.3610446166115777e-06 0.00096284832998138985 -0.00012393924955810917 0.00046001157554443272 0.00060915249094893684 0.0013597033862069432 0.0012816564299419162 0.00011924099365926606 0.00066962495900027509 0.0041780330179980963 -6.8497135627219191e-05 0.00038953857673264779 9.2641702887430303e-05 0.00050974678784762855 0.0017705501897751987 -3.1674604165411387e-05 0.001389805222788923 0.00063003235851296561 3.884978011946607e-05 -8.8384328227510461e-06 0.0010936259692528288 0.0034077314041221496 0.0006470963396051025 -7.8866415360586922e-05 -0.0001753319696677453 0.00056007014517624578 0.00058013336928335209 0.00011327029870568102 0.0026556465286275517 7.9532833408516539e-05
leaf_weight=24848 57065 267 94281 19348 618 165 2588 930 143 141 6750 326 9205 1992 228 36435 116 1699 2198 6918 311 62 192 1237 67018 224 1180 10037 196 95
leaf_count=24848 57065 267 94281 19348 618 165 2588 930 143 141 6750 326 9205 1992 228 36435 116 1699 2198 6918 311 62 192 1237 67018 224 1180 10037 196 95
internal_value=-0.000536789 0.00120186 -0.0014901 0.00295304 0.000610438 0.00167131 0.00276659 -0.000935791 -0.000125239 0.0169363 0.00153115 0.000975782 0.00187943 0.00455591 0.012148 -0.00019162 0.00452756 0.00395902 0.00203125 0.00243636 0.00308022 0.0121582 0.000904703 0.00325333 -0.00228735 0.0147059 0.000631019 0.000226061 0.00153563 0.0221478
internal_weight=346813 122818 223995 31007 91811 24418 30599 132129 37848 408 24253 19738 12988 3783 554 37705 1270 4515 2816 28011 19721 373 8290 3229 91866 340 8098 67393 10328 291
internal_count=346813 122818 223995 31007 91811 24418 30599 132129 37848 408 24253 19738 12988 3783 554 37705 1270 4515 2816 28011 19721 373 8290 3229 91866 340 8098 67393 10328 291
is_linear=0
shrinkage=0.05


Tree=21
num_leaves=31
num_cat=0
split_feature=4 4 4 13 6 4 6 6 4 6 12 10 6 6 13 6 4 14 8 12 13 12 10 14 10 14 10 12 15 13
split_gain=210.597 48.8474 32.845 32.2823 17.0983 15.635 14.0971 13.4317 13.0323 12.5942 7.62763 6.58032 6.6463 6.28482 5.8986 5.56854 4.96865 4.89288 4.72538 4.61894 5.66551 5.12726 13.9997 4.98186 5.86824 7.96687 6.67052 4.87552 5.09736 4.84026
threshold=0.025265636760809899 0.036974314449015812 0.018672063756566878 49.655000686645515 -0.22532388702937403 0.086164500836124092 0.13860145449130487 0.10519599971692835 0.063747665434541897 -0.10967439815330464 -0.0800835440536906 0.06903334451863076 2.2717813738307084 1.9494177281186085 49.655000686645515 1.7583104612647695 0.014217082771844943 0.003286853869637119 0.043831747806800887 -0.075828258528587975 19.520000457763675 0.066825641747697576 -0.0013492483316671631 -0.069744182185856193 0.0040309091899630731 -0.073050802278400592 0.0030954007204008209 -0.087458748104097359 -0.015635328439555504 19.214999198913578
decision_type=2 2 2 2 2 2 2 2 2 2 2 2 2 2 2 2 2 2 10 2 2 2 2 2 2 2 2 2 2 2
left_child=2 7 9 5 17 6 18 -2 -5 16 -7 12 -8 -6 -9 -11 -1 -4 19 27 23 -22 -23 24 26 -26 -21 -3 -29 -25
right_child=1 3 4 8 13 10 11 14 -10 15 -12 -13 -14 -15 -16 -17 -18 -19 -20 20 21 22 -24 29 25 -27 -28 28 -30 -31
leaf_value=-0.00034128023898771131 -6.7301955830003e-06 -0.00014044547947804112 -0.0001853314379253392 0.0012569828381704849 -5.2177736987690532e-05 0.0021484006610664216 0.00049730360316250501 0.00013670595491729564 0.0053085824406988204 -0.00015701211585592264 0.0014826171885687816 -0.0014759941779692906 0.0011429850647625211 0.00011987355405962244 0.00069301814232295995 -3.3164016893130412e-05 -0.0002084357934916899 -8.3112772462584986e-05 0.00037484159405169802 2.9597802442015377e-05 -2.2215261242901491e-05 -0.00024648146957481691 0.0027384270465392086 0.00016270680451272251 0.00031163447514972982 0.0018286201553917225 0.0015456025726006545 0.00097792114976921513 0.00032266889694344765 0.00063029578459866935
leaf_weight=10164 59097 315 34634 199 51402 108 11245 33482 64 34529 1187 259 2122 8097 114 6607 42087 24538 7176 52 8664 127 75 8251 1141 83 67 135 732 299
leaf_count=10164 59097 315 34634 199 51402 108 11245 33482 64 34529 1187 259 2122 8097 114 6607 42087 24538 7176 52 8664 127 75 8251 1141 83 67 135 732 299
internal_value=-0.000509752 0.00103397 -0.00149247 0.0024419 -0.000940458 0.00233265 0.00216074 0.000391452 0.0199049 -0.00219394 0.00774131 0.00347277 0.00362572 -0.00034194 0.00118972 -0.00153953 -0.00270914 -0.00154228 0.00150146 0.00110551 0.000914493 -3.38491e-06 0.00787129 0.00173709 0.00456813 0.00353758 0.0151681 0.00413705 0.00607266 0.0012924
internal_weight=347052 134994 212058 42301 118671 42038 40743 92693 263 93387 1295 13626 13367 59499 33596 41136 52251 59172 27117 19941 18759 8866 202 9893 1343 1224 119 1182 867 8550
internal_count=347052 134994 212058 42301 118671 42038 40743 92693 263 93387 1295 13626 13367 59499 33596 41136 52251 59172 27117 19941 18759 8866 202 9893 1343 1224 119 1182 867 8550
is_linear=0
shrinkage=0.05


Tree=22
num_leaves=31
num_cat=0
split_feature=4 4 13 4 4 14 11 11 4 11 12 12 10 14 10 11 11 10 13 10 12 13 0 9 11 13 11 13 11 14
split_gain=186.472 50.5675 30.0409 25.3629 15.0031 13.1802 35.828 12.1049 11.636 11.2335 12.3786 19.2127 24.9791 18.8529 15.3521 11.989 10.9952 12.3538 10.8747 9.48873 19.8753 14.9053 9.09274 8.83165 9.93094 8.62319 8.29174 35.1609 23.1234 23.9504
threshold=0.023476130216725431 0.037736830229972824 49.655000686645515 0.0160170098264578 0.06800934784226316 0.03406338940495391 0.042684586959819588 -0.0070304120206733925 0.074804746029014726 -0.023458930823045284 -0.0063801556439739273 0.01159583409138454 -0.0010410794067141624 0.035942894407802857 0.0014689335949455986 -0.0013567736689930052 -0.030384470516343128 -0.001437784202310832 26.284999847412113 -0.0086458787594095848 0.0033715039290467268 25.19999980926514 0.026370270787921871 0.14939038607509905 -0.015853229563171863 33.719999313354499 0.02573480883905466 12.454999923706056 0.029607295958135497 -0.081825770158787711
decision_type=2 2 2 2 2 2 2 2 2 2 2 2 2 2 2 2 2 2 2 2 2 2 2 10 2 2 2 2 2 2
left_child=3 5 4 -1 23 22 9 -5 -4 16 -11 12 13 -12 -14 19 17 25 -18 -15 21 -21 -2 -3 -25 -7 -9 -28 29 -29
right_child=1 2 8 7 -6 6 -8 26 -10 10 11 -13 14 15 -16 -17 18 -19 -20 20 -22 -23 -24 24 -26 -27 27 28 -30 -31
leaf_value=-0.00023951661782161123 -2.8146166054199611e-05 0.00019481883188052961 0.0013625204130002918 -3.7210298483236965e-05 0.00099768201736871276 -0.00017598170157791661 0.0012731466197494011 -0.00015776531520015182 0.0052277827808328075 -9.4650890201499114e-05 0.00082783584672114347 3.4673077491932635e-05 0.0018268099864461225 0.00011751586101196735 0.00039421189228752728 -9.1291053340236258e-05 0.00043981928106597153 0.00059517932091817836 0.0011999771402897248 0.0010853535009389069 4.6280873755367373e-05 -0.00016116173256751424 0.00017013325108051821 0.00080881768560447692 0.00040019166855637919 0.00037469713266673996 0.0017305399109605137 0.00084490368287974595 -0.00021477915587717105 0.00014002566508954103
leaf_weight=42527 82615 26084 213 33004 4091 1854 219 95863 44 8197 143 13262 191 1114 118 1975 1785 209 177 756 662 181 8794 1150 7902 876 184 201 8830 3654
leaf_count=42527 82615 26084 213 33004 4091 1854 219 95863 44 8197 143 13262 191 1114 118 1975 1785 209 177 756 662 181 8794 1150 7902 876 184 201 8830 3654
internal_value=-0.00051092 0.000723131 0.00228016 -0.00159997 0.00216853 0.000223831 0.00110202 -0.00127865 0.0193191 0.000961904 0.000556599 0.00127649 0.00387159 0.00299006 0.0176537 0.00244454 0.0031616 0.00122661 0.00606014 0.00460192 0.00707004 0.0117556 -8.09013e-05 0.00183487 0.00318051 0.000329669 -0.00153322 -0.00034152 -0.000656288 0.00257458
internal_weight=346875 162612 39484 184263 39227 123128 31719 141736 257 31500 26599 18402 5140 4831 309 4688 4901 2939 1962 2713 1599 937 91409 35136 9052 2730 108732 12869 12685 3855
internal_count=346875 162612 39484 184263 39227 123128 31719 141736 257 31500 26599 18402 5140 4831 309 4688 4901 2939 1962 2713 1599 937 91409 35136 9052 2730 108732 12869 12685 3855
is_linear=0
shrinkage=0.05


Tree=23
num_leaves=31
num_cat=0
split_feature=5 5 5 13 6 6 6 5 11 14 10 11 13 13 5 10 13 10 11 10 11 13 12 11 14 12 15 4 11 2
split_gain=180.524 38.5133 30.511 25.0852 23.5366 15.4551 11.9028 10.4958 10.3592 9.85799 13.0294 8.75706 10.1551 7.74341 7.56507 7.63745 7.43312 17.1935 7.3809 7.16941 7.0348 26.0057 11.009 10.8698 15.4431 8.2093 6.92078 6.89599 6.88205 6.77407
threshold=0.015415151025119528 0.024219000362201027 0.01030995691824034 49.655000686645515 0.0099774695882014486 0.10519599971692835 0.37292835908811367 0.030250635276028979 0.022575504509470105 0.066380812843571571 0.00040263082252767207 -0.0070304120206733925 25.505000114440922 22.625000000000004 0.040094754043393042 0.025167554774320647 12.230000019073488 0.013536418677164265 0.04888400580692865 0.06903334451863076 0.02573480883905466 12.454999923706056 0.01159583409138454 0.029607295958135497 -0.081825770158787711 -0.0075921435528307204 0.010566402693574896 0.06800934784226316 0.021392341691460984 0.07963245083281946
decision_type=2 2 2 2 2 2 2 2 2 2 2 2 2 2 2 2 2 2 2 2 2 2 2 2 2 2 2 2 2 2
left_child=2 5 -1 6 11 18 8 -5 14 13 -11 -4 -13 -10 -3 28 17 -7 -2 27 22 29 25 24 26 -6 -23 -8 -16 -22
right_child=1 3 4 7 20 16 19 -9 9 10 -12 12 -14 -15 15 -17 -18 -19 -20 -21 21 23 -24 -25 -26 -27 -28 -29 -30 -31
leaf_value=-0.00021023803335116185 1.4845972029983911e-05 0.00027871940912352989 -4.767019954297536e-05 0.0011208593624233828 -3.7275028292249665e-05 0.0004978955409134496 0.00067811288318980778 0.0046686522884596075 0.00024518972520570635 3.2485895395122852e-05 0.0028982257618754828 -0.00016808188018844404 0.00071644960940275859 -0.00037489116523667181 0.00086711568015835532 0.0015762022389381896 0.00015180324074618936 0.0026409661935273116 -0.00045039039679551035 -0.0015008564822433187 0.0010902507002589531 0.00046729970743927812 -0.00010666179587506622 -5.6318714535388396e-05 0.0002428812900559904 0.00015046909355649526 0.0014528536232279194 0.0017712195060284109 0.0013363316372612521 0.0019199660133070832
leaf_weight=52192 66556 15997 21922 113 12537 189 6459 67 2418 105 61 73788 122 2665 2080 73 35723 58 1294 241 87 55 34915 4481 1665 10143 70 919 85 80
leaf_count=52192 66556 15997 21922 113 12537 189 6459 67 2418 105 61 73788 122 2665 2080 73 35723 58 1294 241 87 55 34915 4481 1665 10143 70 919 85 80
internal_value=-0.000467077 0.000961376 -0.00137715 0.00249928 -0.00103447 0.000497976 0.00239157 0.0211111 0.00183444 -0.000122882 0.0118675 -0.00153039 -0.00179069 -0.000514461 0.00239786 0.00512064 0.00133583 0.00997976 5.37939e-05 0.00410881 -0.000292272 0.00127524 -0.00046749 0.000756656 0.00405028 0.00039021 0.021 0.00438601 0.00458429 0.0207485
internal_weight=347160 135103 212057 31283 159865 103820 31103 180 23484 5249 166 95832 73910 5083 18235 2238 35970 247 67850 7619 64033 6438 57595 6271 1790 22680 125 7378 2165 167
internal_count=347160 135103 212057 31283 159865 103820 31103 180 23484 5249 166 95832 73910 5083 18235 2238 35970 247 67850 7619 64033 6438 57595 6271 1790 22680 125 7378 2165 167
is_linear=0
shrinkage=0.05


Tree=24
num_leaves=31
num_cat=0
split_feature=5 5 5 13 6 6 6 13 6 11 5 5 6 11 5 5 10 10 14 11 11 10 14 2 13 11 14 11 11 11
split_gain=158.471 34.6489 32.2522 25.7161 17.7712 15.2865 15.0691 11.8172 8.92259 8.74432 7.38288 6.78509 6.58015 6.54056 5.3184 5.04789 5.02259 6.27701 4.97219 4.96496 6.61885 11.6713 6.825 6.50038 6.38492 5.90515 4.94026 14.9807 5.25151 6.21971
threshold=0.016244268225707303 0.011825792336146803 0.031818325098719645 49.655000686645515 -0.25552415672495804 -0.029071973827777819 -0.24816586704976665 49.655000686645515 1.8174561930188755 0.045591167028525621 0.049498377170743256 0.020394473898100045 1.9494177281186085 0.04888400580692865 0.020720633616708121 0.0091857495931439975 0.01075261894328672 0.0091384647102960032 -1.0000000180025095e-35 0.02573480883905466 0.029607295958135497 0.00040263082252767207 -0.081825770158787711 0.017519005063116436 12.454999923706056 -0.0071356742395810571 0.039991521680157301 0.042684586959819588 -0.024017017663553627 -0.029337474403061222
decision_type=2 2 2 2 2 2 2 2 2 2 2 2 2 2 2 2 2 2 2 2 2 2 2 2 2 2 2 2 2 2
left_child=1 5 4 9 13 15 18 8 11 10 -4 -6 26 14 -2 -1 17 -16 -3 25 21 23 -23 -21 -22 -7 -8 28 29 -28
right_child=2 6 3 -5 7 19 12 -9 -10 -11 -12 -13 -14 -15 16 -17 -18 -19 -20 20 24 22 -24 -25 -26 -27 27 -29 -30 -31
leaf_value=-0.00027156338953729581 -2.473448619165639e-05 -0.00016035302266244285 0.00055800336036408704 0.0043599241926042349 6.6216331821873436e-05 -3.3172801546833376e-05 -6.1576329259668461e-05 0.00096645125308156407 0.00045744713263198958 -0.00016852953111622061 0.0018536626331731683 0.00025683754173421672 0.00014523069690628481 -0.00034415505801725952 0.00011190758611909888 -0.00017750625431234453 -0.00016468611099726023 0.00046776336908680387 -6.513975903351352e-05 0.00095201500791444293 0.00076598234916063759 0.00076293246324107052 7.4032112175883341e-05 0.00031609326789464108 -0.00019312975092506074 -0.00016807605190275607 6.2232607882984763e-05 0.0012166822658789659 -9.2000022674601522e-06 0.00043591270440880938
leaf_weight=13382 30479 36019 8543 63 25807 10462 43478 314 7733 1041 1177 18390 8744 1532 17820 44548 2130 970 27291 48 174 91 1011 40 2106 29642 1416 48 11804 838
leaf_count=13382 30479 36019 8543 63 25807 10462 43478 314 7733 1041 1177 18390 8744 1532 17820 44548 2130 970 27291 48 174 91 1011 40 2106 29642 1416 48 11804 838
internal_value=-0.000482528 -0.00123933 0.00102548 0.00362435 0.000758021 -0.00193116 -0.000697636 0.00141222 0.00135374 0.00343788 0.00390432 0.0010796 -0.00017097 0.000112315 0.000208271 -0.00246332 0.000822179 0.00108302 -0.00124941 -0.00122367 0.000590777 0.00361344 0.00221415 0.0211364 -0.000986843 -0.00138066 -0.000365033 0.000448035 0.000352823 0.00256433
internal_weight=347141 231142 115999 10824 105175 101504 129638 52244 51930 10761 9720 44197 66328 52931 51399 57930 20920 18790 63310 43574 3470 1190 1102 88 2280 40104 57584 14106 14058 2254
internal_count=347141 231142 115999 10824 105175 101504 129638 52244 51930 10761 9720 44197 66328 52931 51399 57930 20920 18790 63310 43574 3470 1190 1102 88 2280 40104 57584 14106 14058 2254
is_linear=0
shrinkage=0.05


Tree=25
num_leaves=31
num_cat=0
split_feature=5 5 13 5 6 6 5 6 6 10 6 5 6 10 14 14 13 13 13 14 14 14 10 9 9 12 14 14 12 12
split_gain=147.292 36.5756 26.1728 22.5244 17.3311 14.3646 13.4333 11.8762 9.38103 10.4606 6.99853 6.99544 6.68265 6.42749 5.64217 11.6802 12.2263 5.5393 12.2617 6.69526 20.3023 7.87127 9.90008 11.3944 6.88286 6.86717 6.10096 38.8501 19.0355 8.11771
threshold=0.017080460612376305 0.01278458068683642 49.655000686645515 0.031818325098719645 -0.029071973827777819 -0.16129799673502279 0.031011111127916931 -0.44399104822832774 0.79169908696947111 0.025167554774320647 1.6456586584831265 0.0093148936864248053 1.4970487305177531 0.06903334451863076 0.041106720448919616 0.042177860659315065 16.095000267028812 18.005000114440922 17.914999961853031 0.041106720448919616 0.042177860659315065 -0.093449770795740669 0.0099108597244759195 0.054192845468503122 0.056839289506616215 -0.019407613730768488 -0.026973540467474796 -0.025685626403374347 0.073733903664651171 -0.075828258528587975
decision_type=2 2 2 2 2 2 2 2 2 2 2 2 2 2 2 2 2 2 2 2 2 2 2 10 10 2 2 2 2 2
left_child=1 4 3 5 11 17 -4 14 9 -5 -7 -1 -6 -10 -3 16 -16 18 19 21 24 22 23 -2 -21 -24 -19 28 -28 -29
right_child=2 7 6 8 12 10 -8 -9 13 -11 -12 -13 -14 -15 15 -17 -18 26 -20 20 -22 -23 25 -25 -26 -27 27 29 -30 -31
leaf_value=-0.0002488633533401501 0.0012377705313078545 -0.00013368749773177933 0.00072906062003597364 0.00040048860745049285 -0.00011447347979815875 0.00016287374642899848 0.0039694376749346448 -6.4320272122121746e-06 0.0017585549660996168 0.0010807758513801176 0.00048711280364559223 -0.00015848713617964039 -7.8028866795050018e-06 -0.0019945683038525642 0.001593456049691993 -2.0297837133161994e-05 7.1198877564847877e-06 -0.00014836518640909627 0.00061130141490870849 0.0023376489082759986 0.00023084713473396496 2.4310617814024258e-06 0.0014272299072530443 0.00020335033832245884 0.00024293285183332638 -3.3641828766634772e-05 0.00025442760887080484 0.00036360531681984648 0.0025378272052277097 -2.8776786829537384e-05
leaf_weight=14935 226 34479 310 8790 43739 31839 65 70294 1616 205 7454 61976 13571 111 101 8128 118 8866 536 85 3863 20583 61 184 45 766 86 783 130 12958
leaf_count=14935 226 34479 310 8790 43739 31839 65 70294 1616 205 7454 61976 13571 111 101 8128 118 8866 536 85 3863 20583 61 184 45 766 86 783 130 12958
internal_value=-0.000474961 -0.00112863 0.00114893 0.00109908 -0.00168681 0.00083677 0.0143333 -0.00046632 0.00326338 0.00261534 0.00154951 -0.00217726 -0.00102862 0.00663868 -0.00112268 4.37271e-05 0.0114384 0.000267224 0.000761128 0.000605701 0.0024881 0.000261227 0.004135 0.0104878 0.0219231 0.000985489 -0.000302985 0.000348569 0.0213889 1.78287e-05
internal_weight=346903 247341 99562 99187 134221 88465 375 113120 10722 8995 39293 76911 57310 1727 42826 8347 219 49172 26349 25813 3993 21820 1237 410 130 827 22823 13957 216 13741
internal_count=346903 247341 99562 99187 134221 88465 375 113120 10722 8995 39293 76911 57310 1727 42826 8347 219 49172 26349 25813 3993 21820 1237 410 130 827 22823 13957 216 13741
is_linear=0
shrinkage=0.05


Tree=26
num_leaves=31
num_cat=0
split_feature=4 5 4 13 6 9 6 11 11 13 5 10 9 14 11 14 6 5 11 10 11 11 10 10 14 16 11 11 16 11
split_gain=136.467 39.6419 20.4261 20.1575 16.3954 13.0555 10.7865 9.00085 15.2188 9.21153 8.96986 8.58257 8.68797 8.40634 26.1997 7.81433 7.64541 7.60596 7.05377 11.9618 6.90471 10.0183 6.718 9.66273 24.1809 7.80639 6.64697 9.59631 6.6397 5.97779
threshold=0.023476130216725431 0.020891522573337717 0.016095914603067821 49.655000686645515 -0.4103886213703723 0.47528513967341363 1.0804693750662639 0.044869078606498143 0.042684586959819588 15.654999732971193 0.031011111127916931 0.012115371045727909 -0.24421241487427423 0.03328086000020148 0.042684586959819588 0.23397195059943568 1.8174561930188755 0.049498377170743256 -0.023458930823045284 -0.0086458787594095848 0.01583058355048839 0.0074730309850676866 -0.0029742003737800999 0.0029098937384879346 0.042177860659315065 0.022882514427525095 -0.029337474403061222 -0.028186654574093969 -0.04626393186547189 -0.021594422824346479
decision_type=2 2 2 2 2 10 2 2 2 2 2 2 10 2 2 2 2 2 2 2 2 2 2 2 2 2 2 2 2 2
left_child=2 6 -1 5 -4 7 13 8 17 -10 -5 -9 -13 -2 18 -7 29 -3 26 -20 21 28 -23 24 -24 -26 -15 -28 -21 -6
right_child=1 3 4 10 16 15 -8 11 9 -11 -12 12 -14 14 -16 -17 -18 -19 19 20 -22 22 23 -25 25 -27 27 -29 -30 -31
leaf_value=-0.00019571498456631608 -4.3288102624509005e-05 0.00020650726907612508 -0.00014464228868814604 0.0010134898170537508 5.103093708485606e-05 0.00069412924639851957 0.00016338156840970441 -0.00034830928664061352 -0.00071290946721516452 0.0023870872884189285 0.0040471222062439553 0.0013070203494417476 0.00011886431449163523 0.00010104720533716196 0.0012365116262623075 0.002239752994961017 6.7853072121971781e-05 0.0017643328862590735 -0.00011724515536458571 0.0010070491696757518 -0.00020966171578119309 2.7180842761536312e-05 0.0013485983997833209 4.4185868135805428e-05 0.0001498274588978702 0.00084051084130679933 0.00088999213409889837 0.00026588933361928021 7.1686203831485671e-05 -8.667666159061108e-05
leaf_weight=43844 70323 42585 55665 183 6300 4394 16794 2747 53 160 65 67 387 2215 174 45 10327 861 8047 71 2200 573 276 472 575 149 252 1197 7880 68076
leaf_count=43844 70323 42585 55665 183 6300 4394 16794 2747 53 160 65 67 387 2215 174 45 10327 861 8047 71 2200 573 276 472 575 149 252 1197 7880 68076
internal_value=-0.000453905 0.000601093 -0.00138596 0.00174724 -0.0010917 0.00167849 6.97842e-05 0.00143299 0.00162063 0.0149531 0.0159677 -0.00112621 0.00524229 -0.000137919 0.000668368 0.0042701 -0.000653638 0.00155526 0.000527669 0.000162277 0.00114956 0.00170768 0.00482885 0.00661685 0.0094 0.00459945 0.0025464 0.00517943 0.000904916 -0.000830645
internal_weight=346957 162745 184212 51547 140368 51299 111198 46860 43659 213 248 3201 454 94404 24081 4439 84703 43446 23907 20243 12196 9996 2045 1472 1000 724 3664 1449 7951 74376
internal_count=346957 162745 184212 51547 140368 51299 111198 46860 43659 213 248 3201 454 94404 24081 4439 84703 43446 23907 20243 12196 9996 2045 1472 1000 724 3664 1449 7951 74376
is_linear=0
shrinkage=0.05


Tree=27
num_leaves=31
num_cat=0
split_feature=5 4 4 6 13 4 6 5 6 11 11 13 11 14 13 15 12 9 10 9 12 11 15 13 13 3 11 4 6 11
split_gain=126.244 32.188 21.9711 17.8504 16.731 12.7374 9.83225 9.57807 8.03656 7.96678 8.86229 22.7702 19.4938 16.4564 12.5039 10.8569 9.7088 14.9406 9.68513 9.73705 6.7918 8.31829 8.90706 7.26284 9.06161 6.34406 6.19877 5.40845 5.36313 5.09854
threshold=0.014828701726050103 0.033440214748724301 0.015416558336693894 -0.41678598746229772 49.655000686645515 0.055622488400604832 -0.2628167847286747 0.034061442274999985 -0.24816586704976665 -0.023458930823045284 0.02573480883905466 12.454999923706056 0.029607295958135497 -0.081825770158787711 25.505000114440922 0.010566402693574896 0.048021249302454556 -0.029897529064949576 0.00040263082252767207 0.056839289506616215 -0.0075921435528307204 -0.030384470516343128 -0.016575349151752957 24.779999732971195 26.85000038146973 0.0038272760712245728 -0.025066538168062032 0.017564466515304519 1.8814433813252869 -0.0084964669653203023
decision_type=2 2 2 2 2 2 2 2 2 2 2 2 2 2 2 2 2 8 2 10 2 2 2 2 2 2 2 2 2 2
left_child=2 6 -1 29 5 8 -2 -6 -3 20 -11 27 13 15 -14 -13 18 -18 19 -15 23 -22 26 -5 25 -25 -23 -12 -7 -4
right_child=1 4 3 9 7 28 -8 -9 -10 10 11 12 14 16 -16 -17 17 -19 -20 -21 21 22 -24 24 -26 -27 -28 -29 -30 -31
leaf_value=-0.00021160847822536671 -4.6623905246368524e-05 6.5111382321873251e-05 -5.592581683323744e-05 -8.0833028657431968e-05 0.00086710090677500663 0.00050400676213970203 6.865491237534171e-05 0.004146089689268391 0.00026476908210693858 -8.6332147241669282e-05 0.00028964672011632411 0.00029120046316095748 -0.00014740769810366755 0.00081375032132644941 0.0005763253105656069 0.0011525764441080353 0.0014089764457471609 0.00036842114740073795 3.5979610519939395e-05 0.00011038384204782536 -6.2747931362012958e-05 0.00074168350324022502 0.00017301165392617698 0.00028164712522930733 -2.3246705773596538e-05 0.00087018000907956102 0.00030134809584076003 0.0016884176926417309 0.0016893790606057836 -0.00016433313016223842
leaf_weight=32850 46389 24093 12181 4187 258 8795 45325 42 24530 84154 71 91 6454 97 64 108 65 316 2077 99 953 244 1051 566 934 95 244 142 634 50041
leaf_count=32850 46389 24093 12181 4187 258 8795 45325 42 24530 84154 71 91 6454 97 64 108 65 316 2077 99 953 244 1051 566 934 95 244 142 634 50041
internal_value=-0.000454848 0.000637851 -0.00128686 -0.00105076 0.0015559 0.00149504 5.37529e-05 0.0133333 0.00116889 -0.000643651 -0.000774927 0.000665692 0.000298259 0.00374518 -0.0012105 0.0176131 0.00270535 0.0100919 0.00146722 0.0120918 0.000843605 0.00302568 0.00529889 -9.68535e-05 0.00277429 0.00725416 0.0108811 0.016831 0.0031769 -0.0017182
internal_weight=347150 150066 197084 164234 58352 58052 91714 300 48623 102012 93738 9584 9371 2853 6518 199 2654 381 2273 196 8274 2492 1539 5782 1595 661 488 213 9429 62222
internal_count=347150 150066 197084 164234 58352 58052 91714 300 48623 102012 93738 9584 9371 2853 6518 199 2654 381 2273 196 8274 2492 1539 5782 1595 661 488 213 9429 62222
is_linear=0
shrinkage=0.05


Tree=28
num_leaves=31
num_cat=0
split_feature=5 4 5 6 13 11 11 5 5 11 13 10 4 6 6 10 13 10 6 15 12 11 13 10 10 11 10 3 3 12
split_gain=116.795 26.9025 20.4371 16.8285 12.9731 10.1757 12.8419 10.975 9.69332 8.45937 8.30769 8.07761 7.79228 7.35001 7.05351 6.50176 5.70717 12.1639 5.59503 5.2457 6.72367 4.48237 10.7575 8.2361 11.3467 6.88548 14.1582 6.39507 5.41639 4.2953
threshold=0.016244268225707303 0.017009849313211617 0.021795835401276459 0.96429047813523139 49.655000686645515 0.044869078606498143 0.042684586959819588 0.049498377170743256 0.01246276847462428 -0.0070304120206733925 15.654999732971193 0.014185279443120093 0.074804746029014726 0.32974678741621238 0.093551548156869127 0.012115371045727909 12.230000019073488 0.013536418677164265 -0.83998298950428385 0.011799151437055901 0.027464748071709514 -0.014526458794264228 25.505000114440922 0.0015734385152941235 0.001263056843109345 -0.015236039284217738 -0.0040208105245407846 0.007164781957402889 -0.00094937454277776989 -0.046451976604296834
decision_type=2 2 2 2 2 2 2 2 2 2 2 2 2 2 2 2 2 2 2 2 2 2 2 2 2 2 2 2 2 2
left_child=1 9 14 8 5 6 7 11 -3 19 -8 13 -6 -4 -2 -7 17 -5 -11 -1 -21 23 29 24 25 -10 -27 -26 -24 -23
right_child=2 3 4 16 12 15 10 -9 21 18 -12 -13 -14 -15 -16 -17 -18 -19 -20 20 -22 22 28 -25 27 26 -28 -29 -30 -31
leaf_value=-7.7056874589545658e-05 -4.7714040690067941e-06 -0.00012131989164906358 0.00018864701090509742 -1.2258471823114711e-05 0.00088858086953565597 -0.00033583119597668017 -0.00081070800495234479 0.0016508987203678511 2.0816367859370364e-05 -0.00026451909997244466 0.0023894057764333398 -9.2168994894281978e-05 0.0038362371014649468 0.00051220201141272017 0.00012516747326925723 0.00031344418275130353 3.2182881413733265e-05 0.0019908833349883814 -0.00017246119253478895 0.00019991944287416405 0.00058342383308648425 -0.0003764014251551716 0.001050087448469465 -0.00019362341625618032 0.00036219148578307977 2.4060515138591242e-05 0.00098551328393410294 0.0012793856730262062 -0.00012067746330469544 -7.1489996222491077e-05
leaf_weight=11098 45978 53729 27261 166 181 2610 52 1174 9538 8568 156 3563 40 9634 24899 453 28071 82 39915 685 50 1494 116 2863 348 327 123 48 59 73957
leaf_count=11098 45978 53729 27261 166 181 2610 52 1174 9538 8568 156 3563 40 9634 24899 453 28071 82 39915 685 50 1494 116 2863 348 327 123 48 59 73957
internal_value=-0.000432673 -0.00108216 0.000862017 -0.000761786 0.00169378 0.0016343 0.00183795 0.00177604 -0.000982877 -0.00199002 0.0142308 0.00163775 0.0137783 0.0018573 0.000332476 -0.00114757 0.00035153 0.00790322 -0.00228255 -0.000791432 0.00329932 -0.000662351 -0.000810966 0.000186079 0.000840715 0.000511613 0.00655555 0.00914141 0.0115714 -0.000839685
internal_weight=347238 231237 116001 170921 45124 44903 41840 41632 142602 60316 208 40458 221 36895 70877 3063 28319 248 48483 11833 735 88873 75626 13247 10384 9988 450 396 175 75451
internal_count=347238 231237 116001 170921 45124 44903 41840 41632 142602 60316 208 40458 221 36895 70877 3063 28319 248 48483 11833 735 88873 75626 13247 10384 9988 450 396 175 75451
is_linear=0
shrinkage=0.05


Tree=29
num_leaves=31
num_cat=0
split_feature=4 4 4 11 11 14 8 11 11 13 13 8 14 14 14 13 11 2 11 9 4 9 2 5 0 13 14 14 11 8
split_gain=101.466 22.4058 22.2265 11.6517 10.5004 9.66014 9.57677 7.33891 6.50858 11.1562 20.4066 8.83103 8.41262 6.62261 47.0899 41.6377 11.9502 13.7255 11.5707 10.1404 6.33307 6.33272 7.41309 6.14932 6.0884 13.2256 6.08271 6.2841 13.2008 11.323
threshold=0.02516813526371086 0.039398197299710148 0.018183116595654965 -0.043674023036412872 -0.0070304120206733925 -0.00055695222357982066 0.043088479590060798 0.04888400580692865 -0.023458930823045284 18.005000114440922 17.914999961853031 inf -0.012700650003930223 -0.026973540467474796 -0.024970108459849868 21.82499980926514 0.042684586959819588 0.028624472052986797 -0.0049522354803098181 0.047763229534263603 0.074804746029014726 0.18017566956888212 0.024100994179978245 0.015415151025119528 0.019883405096517096 12.434999942779543 -0.011298954547856009 -0.011513166785666882 0.027231962502118127 -0.0090795771729867952
decision_type=2 2 2 2 2 2 10 2 2 2 2 8 2 2 2 2 2 2 2 10 2 8 2 2 2 2 2 2 2 10
left_child=2 7 4 20 -1 26 -5 8 -2 10 11 23 -12 -11 15 18 -16 -18 -15 -17 -3 22 -14 -10 -7 -26 27 -4 -29 -30
right_child=1 3 5 6 -6 24 -8 -9 9 13 12 -13 21 14 16 19 17 -19 -20 -21 -22 -23 -24 -25 25 -27 -28 28 29 -31
leaf_value=-4.5142050420627542e-05 0.00014753729163994252 0.00060758291527448398 -8.2642617945184686e-05 0.00015875399144963664 -0.00016748823600767372 -2.875059817367386e-05 0.00051595496198425636 -0.00039311194623339695 -6.5339823889550637e-05 -0.00016160408658661232 9.7961071751790767e-05 0.0011191963714063545 0.0010206504991557203 0.0009765822851851738 -6.1099120472982697e-05 0.0026087377993139864 0.0010962640121236892 -0.00037048529145332668 3.5988916248301184e-05 0.0011071666452861337 0.0027454341962325161 0.00050031542005110391 0.0010676896830472038 8.3556594125690036e-05 0.0016734233101012128 0.00011301738984083739 -0.00019345916643228291 -8.999902685780651e-05 0.00085355809990249646 0.0003449754249144809
leaf_weight=17050 9466 781 54893 23336 66809 53813 9796 1829 10465 12574 321 205 160 85 19556 171 206 171 369 54 116 340 141 46577 108 3229 14353 321 75 109
leaf_count=17050 9466 781 54893 23336 66809 53813 9796 1829 10465 12574 321 205 160 85 19556 171 206 171 369 54 116 340 141 46577 108 3229 14353 321 75 109
internal_value=-0.000421163 0.000639668 -0.00110932 0.00175159 -0.00174096 -0.000691919 0.00159936 0.000271203 0.000328124 0.000198861 0.000615969 0.00049461 0.00783784 -0.000532756 1.89198e-05 0.0129676 -0.000422165 0.00839522 0.0042511 0.0305556 0.00737458 0.0111466 0.0164286 0.000457381 -0.000209975 0.00186245 -0.0010868 -0.000849129 0.00470297 0.0153804
internal_weight=347479 136719 210760 34029 83859 126901 33132 102690 100861 91395 58209 57247 962 33186 20612 679 19933 377 454 225 897 641 301 57042 57150 3337 69751 55398 505 184
internal_count=347479 136719 210760 34029 83859 126901 33132 102690 100861 91395 58209 57247 962 33186 20612 679 19933 377 454 225 897 641 301 57042 57150 3337 69751 55398 505 184
is_linear=0
shrinkage=0.05


Tree=30
num_leaves=31
num_cat=0
split_feature=4 4 4 6 6 16 6 11 5 11 9 15 15 12 12 11 13 13 11 11 8 11 12 11 11 15 13 3 8 16
split_gain=95.1197 23.2796 20.6754 16.1026 12.9866 10.608 8.76069 8.40557 7.7524 7.15121 6.69026 6.34309 6.23391 5.32831 22.692 20.0232 7.93247 13.8995 7.28727 5.2622 5.24301 5.18916 5.79593 5.07537 9.13388 7.99382 5.04765 8.30334 5.61317 4.41931
threshold=0.024342639761257511 0.049579412444731817 0.014473947627983133 -0.67772055915945584 1.1437785093588035 -0.064834121283380716 1.4970487305177531 0.04888400580692865 0.01797107711901973 -0.0070304120206733925 0.020440824413765494 -0.017821274354511748 -0.020780690645910978 0.047870780278131859 0.04851916087108233 0.022279480121840559 12.119999885559084 12.00999975204468 0.0072949527951166057 -0.0070304120206733925 -0.011887717646737959 -0.023458930823045284 -0.037182022150964049 0.0037058913144433219 0.0038400738335032662 -0.0091298011501825798 30.345000267028812 0.0088987092927148587 -0.061221512733860277 0.026086064507230059
decision_type=2 2 2 2 2 2 2 2 2 2 8 2 2 2 2 2 2 2 2 2 8 2 2 2 2 2 2 2 10 2
left_child=2 4 -1 19 7 11 9 8 26 -5 13 12 -3 23 15 -15 17 -16 -18 -4 -7 -10 -23 -11 25 -25 -2 -28 -29 -17
right_child=1 5 3 6 -6 20 -8 -9 21 10 -12 -13 -14 14 16 29 18 -19 -20 -21 -22 22 -24 24 -26 -27 27 28 -30 -31
leaf_value=-0.00021463275256115044 -2.9283289636229514e-05 0.00140415065252109 -4.8891423793346543e-05 -9.7646999467736539e-06 0.00023214297378629538 0.00022372183753690007 4.4282538275346056e-05 -0.00035020253694610263 0.00023403899192528957 -0.00016206672778745467 -0.00011199560364359008 0.00033255939517692207 0.0027721262746223181 0.00010090870934284216 -0.00042782558376054468 0.0012044391833276147 0.00018766602165724421 0.0013739729621416404 -0.00020172734563011715 -0.00017509101659845364 0.0006979819182728567 -0.00013177615174679382 7.7314792000819811e-05 0.00096917737370786098 -2.3789013877932144e-05 0.00012801925862018353 0.00013765772731563335 0.00084653213527028824 0.00029002710648065285 0.00092063473847309662
leaf_weight=20499 54921 260 8731 27780 18438 8284 17176 2464 4919 6956 63705 245 94 275 73 149 1151 75 2458 34966 6041 4663 47511 76 14057 115 485 59 55 107
leaf_count=20499 54921 260 8731 27780 18438 8284 17176 2464 4919 6956 63705 245 94 275 73 149 1151 75 2458 34966 6041 4663 47511 76 14057 115 485 59 55 107
internal_value=-0.000409156 0.000548069 -0.00112552 -0.000952208 0.000338725 0.00242093 -0.000680679 0.000141339 0.000204549 -0.000835507 -0.00105368 0.0089399 0.0132203 -0.000369137 0.00123834 0.0109134 -0.000129094 0.0112162 -0.000594349 -0.00178582 0.00214834 0.000613647 0.000467281 -0.00069421 -0.000153707 0.0107068 -0.00021614 0.00434891 0.0164912 0.0209766
internal_weight=346788 148439 198349 177850 133515 14924 134153 115077 112613 116977 89197 599 354 25492 4288 531 3757 148 3609 43697 14325 57093 52174 21204 14248 191 55520 599 114 256
internal_count=346788 148439 198349 177850 133515 14924 134153 115077 112613 116977 89197 599 354 25492 4288 531 3757 148 3609 43697 14325 57093 52174 21204 14248 191 55520 599 114 256
is_linear=0
shrinkage=0.05


Tree=31
num_leaves=31
num_cat=0
split_feature=4 4 4 6 6 4 13 6 6 14 12 12 12 1 9 13 10 1 13 9 14 10 13 10 15 14 14 13 13 8
split_gain=83.9421 21.5377 17.2453 14.6238 10.6462 8.32628 9.23515 7.64255 7.4905 5.77439 5.46131 7.1293 9.55777 8.46775 7.78561 8.29474 14.7455 5.38272 5.1652 5.09643 4.88589 4.81113 4.65976 4.61218 5.89201 3.9767 10.8511 11.9183 6.75121 10.6405
threshold=0.023476130216725431 0.032966753112822177 0.015222748538095575 -0.67772055915945584 0.10519599971692835 0.060598832020862366 49.655000686645515 -0.16967927893325305 1.5431763923773161 0.003286853869637119 -0.075828258528587975 -0.028754212853801194 -0.027486551032664949 0.083945589395897705 0.33778722576160197 24.119999885559086 0.0095301201573585476 -0.04765703350298111 23.694999694824222 0.020440824413765494 0.11526544225394954 -0.020247544478179221 17.125000000000004 0.00040263082252767207 0.00026144529876281913 0.041106720448919616 0.042177860659315065 16.095000267028812 30.345000267028812 -0.022606322917355755
decision_type=2 2 2 2 2 2 2 2 2 2 2 2 2 2 8 2 2 2 2 8 2 2 2 2 2 2 2 2 2 10
left_child=2 7 -1 9 10 17 -7 25 19 -4 -3 14 13 20 22 -16 -17 -6 21 -5 23 -14 -12 -13 -25 28 27 -27 -2 -30
right_child=1 4 3 8 5 6 -8 -9 -10 -11 11 12 18 -15 15 16 -18 -19 -20 -21 -22 -23 -24 24 -26 26 -28 -29 29 -31
leaf_value=-0.00017911226057156692 -7.1254470165453356e-05 0.00028304143713835496 -0.0001849766116992637 -2.0338964035380042e-05 8.6205427449695924e-05 0.00099618525020187909 0.0031086644543876197 4.421724579234782e-05 4.6194259013180023e-05 -7.1782634964315053e-05 0.00089509920154380845 -2.3188440401245263e-05 0.00071572253324916294 0.0021719391861968126 3.2839802681204925e-05 0.00022683498830670568 0.00097890535154680249 0.00036666457007107482 -0.00023418806427860655 -8.1868096642311798e-05 0.00114927206027492 0.00012073804056396368 -0.00020497135832448239 0.0016067640437391296 0.00049675021954490365 0.0015738428351901698 1.1750550319263793e-05 5.776615321339209e-05 0.0007645162063422673 -0.00019801496024123588
leaf_weight=30118 41912 1722 22731 29358 6215 2170 52 48097 14420 15188 87 275 119 41 936 246 125 13001 1943 72993 73 27812 6245 68 123 127 10819 185 114 109
leaf_count=30118 41912 1722 22731 29358 6215 2170 52 48097 14420 15188 87 275 119 41 936 246 125 13001 1943 72993 73 27812 6245 68 123 127 10819 185 114 109
internal_value=-0.000418855 0.000409676 -0.0011479 -0.000934774 0.0011499 0.00204823 0.00494599 -3.76382e-05 -0.000657742 -0.00178789 0.000666205 0.000541699 0.000884283 0.00724138 -0.000824062 0.00268936 0.00901617 0.00171315 0.000760861 -0.000808054 0.00557514 0.000934265 -0.00154927 0.00369099 0.00965968 -0.000450195 0.00039035 0.00958333 -0.000672245 0.00800448
internal_weight=347424 162616 184808 154690 61253 21438 2222 101363 116771 37919 39815 38093 30454 580 7639 1307 371 19216 29874 102351 539 27931 6332 466 191 53266 11131 312 42135 223
internal_count=347424 162616 184808 154690 61253 21438 2222 101363 116771 37919 39815 38093 30454 580 7639 1307 371 19216 29874 102351 539 27931 6332 466 191 53266 11131 312 42135 223
is_linear=0
shrinkage=0.05


Tree=32
num_leaves=31
num_cat=0
split_feature=4 4 6 4 6 13 16 11 4 11 11 13 11 10 12 10 16 9 9 13 11 10 11 11 12 9 0 15 13 10
split_gain=81.6151 19.6496 16.6708 12.9756 12.1706 10.215 9.53522 8.51548 7.92643 7.61202 6.72291 21.8844 20.2705 11.7329 10.4825 11.1833 7.07172 6.84258 6.6097 5.66915 7.2569 14.7062 7.61925 26.1725 26.0293 8.61084 7.45817 6.60357 5.15098 9.72631
threshold=0.023476130216725431 0.055622488400604832 -0.68524735087716671 0.014923384575920689 1.9494177281186085 49.655000686645515 -0.064834121283380716 0.04888400580692865 0.033440214748724301 -0.0070304120206733925 0.02573480883905466 12.454999923706056 0.029607295958135497 0.00040263082252767207 0.033816848191430944 0.0046996475927222345 -0.017407192905137255 -0.059317918185199263 0.067341276976014455 18.510000228881839 0.042684586959819588 0.001263056843109345 -0.0033635921331804926 -0.004414694893693615 0.073733903664651171 0.047763229534263603 -0.021321602890125853 0.00045995356907679868 18.904999732971195 -0.0042544467454991288
decision_type=2 2 2 2 2 2 2 2 2 2 2 2 2 2 2 2 2 8 10 2 2 2 2 2 2 10 2 2 2 2
left_child=2 4 -1 -4 6 -3 -2 8 19 -5 -11 -12 13 18 -15 -16 -14 -17 -13 -8 22 27 23 28 26 -26 -25 -22 29 -21
right_child=1 5 3 9 -6 -7 7 -9 -10 10 11 12 16 14 15 17 -18 -19 -20 20 21 -23 -24 24 25 -27 -28 -29 -30 -31
leaf_value=-0.00015756082915616859 0.00039257193311624338 0.00045938092857811643 -0.00016712711066669951 2.043532407301514e-06 0.00030463644678616492 0.0025056459502615226 1.7217842309549693e-05 -0.0003353133373337111 9.580930921521431e-05 -8.9272761708446326e-05 0.0012734900512412941 0.00081730356193196506 0.0003956388410747079 2.4924014995668394e-05 -0.00031213285536000474 0.0013084294538547273 -0.00016197405440925938 0.00041878239322110615 0.00040230550293346781 -0.00019849587768762367 0.0010853584181238403 -0.00019993410352962357 -0.000171494845314465 0.00091216221073033119 0.0022599256928508412 0.00072577783291186409 -5.8546537110142466e-05 0.00037535736276281869 -5.1787617662032182e-05 0.00073371805550971061
leaf_weight=44798 1583 9455 19672 28844 10858 100 62706 2923 43146 80804 228 104 129 1930 181 43 7157 753 88 308 105 236 12886 47 144 46 258 63 17539 184
leaf_count=44798 1583 9455 19672 28844 10858 100 62706 2923 43146 80804 228 104 129 1930 181 43 7157 753 88 308 105 236 12886 47 144 46 258 63 17539 184
internal_value=-0.000413426 0.000403567 -0.00113249 -0.000863736 0.000266218 0.00260335 0.000142993 9.95429e-05 0.000156244 -0.000669004 -0.00089245 0.00029068 -4.57402e-05 0.0033414 0.00255074 0.00677073 -0.00148641 0.00932161 0.0153125 -0.000100084 -0.000643702 0.00601485 -0.00072934 -7.98889e-05 0.0112626 0.0257895 0.00221311 0.0173214 -0.000391272 0.00465447
internal_weight=347318 162587 184731 139933 153032 9555 142174 140591 137668 120261 91417 10613 10385 3099 2907 977 7286 796 192 94522 31816 404 31412 18526 495 190 305 168 18031 492
internal_count=347318 162587 184731 139933 153032 9555 142174 140591 137668 120261 91417 10613 10385 3099 2907 977 7286 796 192 94522 31816 404 31412 18526 495 190 305 168 18031 492
is_linear=0
shrinkage=0.05


Tree=33
num_leaves=31
num_cat=0
split_feature=4 5 11 4 14 11 10 14 10 10 5 12 13 15 16 11 12 12 14 15 11 10 11 13 10 11 11 12 14 11
split_gain=77.6778 23.7953 16.622 10.3604 10.094 24.1446 9.59005 64.2933 10.1558 12.5086 8.87443 8.3366 12.9802 8.66762 11.2983 8.07213 6.97606 8.76884 10.7939 8.53324 6.71887 10.7763 9.18759 11.3803 8.57156 8.19182 12.8954 12.1128 23.8792 8.90246
threshold=0.021995453231815471 0.020237641789320703 -0.0070304120206733925 0.015125600988155375 0.03406338940495391 0.042684586959819588 0.011920444986762148 -0.068623004427642229 0.0027897617515871835 0.001263056843109345 0.031818325098719645 -0.00096374803615406613 19.159999847412113 0.0022717112189452053 0.0060251137378591899 -0.055970662091911087 0.054230156972347017 0.04039448953611325 0.039991521680157301 0.013355749131082508 -0.023458930823045284 -0.0086458787594095848 -0.030384470516343128 26.284999847412113 -0.001437784202310832 0.01583058355048839 0.0074730309850676866 0.023117382956200586 0.04320040155148664 0.010571725721311933
decision_type=2 2 2 2 2 2 2 2 2 2 2 2 2 2 2 2 2 2 2 2 2 2 2 2 2 2 2 2 2 2
left_child=2 4 6 -4 -2 20 8 -8 9 16 -3 12 13 -11 -15 -12 17 -1 19 -19 22 -22 24 -24 -6 26 -23 28 -28 -30
right_child=1 10 3 -5 5 -7 7 -9 -10 11 15 -13 -14 14 -16 -17 -18 18 -20 -21 21 25 23 -25 -26 -27 27 -29 29 -31
leaf_value=-2.1726751829527185e-05 -3.4866964122366965e-05 0.00011727740134239378 -0.00018679199386873602 -0.00010293022203395541 -2.721132844739863e-05 0.0010121317232763506 -7.9925396777353924e-05 0.0025393477119453095 -0.00022649260385581335 0.00028390342326635129 0.0019342481466557435 3.6409427784866107e-05 9.8409170786693445e-06 0.00090522504599351212 0.0001044446624578122 0.00042063655506153846 -0.00035048485735752566 0.00036016389353335656 4.6654317458777748e-05 0.00053874272968787126 -7.7782079194936546e-05 7.4052842629051456e-05 0.00034717639462133342 0.0010045270226682142 0.00044201641655156249 -0.00018498516904810758 0.0010800659840841046 0.00016361337854917015 0.00041621799089923428 -0.00035817383803980919
leaf_weight=22751 97882 46349 23547 100486 2951 225 1232 236 5801 159 162 993 404 300 122 10622 1394 257 963 50 11405 10925 1972 179 230 3036 373 1745 197 307
leaf_count=22751 97882 46349 23547 100486 2951 225 1232 236 5801 159 162 993 404 300 122 10622 1394 257 963 50 11405 10925 1972 179 230 3036 373 1745 197 307
internal_value=-0.000388261 0.000297782 -0.00120341 -0.00147392 -7.2551e-05 0.000675956 -0.000235417 0.00371934 -0.000410316 -7.84991e-06 0.00114968 0.00382204 0.00708122 0.0118675 0.0156161 0.00244158 -0.000305923 -0.000106366 0.00393701 0.012101 0.000565725 0.000255823 0.00219242 0.00471641 0.000485695 0.00106947 0.00159556 0.00474447 0.0095382 0.00244047
internal_weight=347255 188560 158695 124033 131427 33545 34662 1468 33194 27393 57133 1978 985 581 422 10784 25415 24021 1270 307 33320 27988 5332 2151 3181 16583 13547 2622 877 504
internal_count=347255 188560 158695 124033 131427 33545 34662 1468 33194 27393 57133 1978 985 581 422 10784 25415 24021 1270 307 33320 27988 5332 2151 3181 16583 13547 2622 877 504
is_linear=0
shrinkage=0.05


Tree=34
num_leaves=31
num_cat=0
split_feature=5 5 5 6 6 6 14 11 1 14 11 10 9 11 11 12 12 14 13 13 11 15 13 13 11 11 15 1 14 13
split_gain=69.7314 17.0986 16.8474 12.8202 11.4963 8.29834 8.25272 22.9568 8.88815 7.73854 9.89889 7.57911 20.4615 6.51834 11.1192 10.2737 14.1684 17.2929 17.4636 14.6753 9.10194 7.73077 6.8554 6.66929 6.38902 17.0063 14.01 8.01282 6.55146 6.38798
threshold=0.014828701726050103 0.0097714747673674062 0.026854026905107287 -0.029071973827777819 1.407896503738338 -0.55952155824632244 0.03328086000020148 0.042684586959819588 0.033904686128545365 0.003286853869637119 0.042684586959819588 0.0097813604305170294 0.15736640561971141 -0.023458930823045284 -0.029337474403061222 -0.0063801556439739273 0.01159583409138454 0.044075030691926538 14.765000343322756 16.345000267028812 -0.028866673855592325 -0.0079628069248066074 14.920000076293947 17.224999427795414 -0.014526458794264228 -0.015236039284217738 -0.0059582993481768201 0.0052243612150275629 0.004407866869301503 49.655000686645515
decision_type=2 2 2 2 2 2 2 2 2 2 2 2 8 2 2 2 2 2 2 2 2 2 2 2 2 2 2 2 2 2
left_child=1 -1 4 9 6 -4 -2 13 -9 -3 11 24 -13 14 -8 -15 17 18 -17 -19 -16 22 -20 -21 25 28 -27 -28 -11 -7
right_child=2 3 5 -5 -6 29 7 8 -10 10 -12 12 -14 15 20 16 -18 19 21 23 -22 -23 -24 -25 -26 26 27 -29 -30 -31
leaf_value=-0.00014908068098901735 -1.9515793094088689e-05 -0.00012435953917751331 6.8318030054826445e-05 -2.3290008346717508e-05 0.0002539538958282806 0.00043355923469122416 6.1479819399976052e-05 0.00086941545841093867 0.0013382857830052429 0.00056133691781450154 0.00054364701131878474 0.00076448743580005425 -0.0002364388997439139 -0.00012026591019287726 0.0010485518694400577 0.0015899597308877411 1.2612580175256599e-05 -0.0002785185500522866 -0.00023447119425551812 0.0011288618686427045 0.00035324902837241963 0.0002817698363436396 0.0012116252398941421 0.00032403031782069424 -7.8071861169528678e-05 9.9363141498461376e-05 0.0011595220398631823 0.00054256216702684983 -1.6854018392585017e-05 0.0019115416481963448
leaf_weight=37007 85379 54067 7587 66952 13471 13949 2865 131 99 107 161 187 302 7715 188 174 12393 1397 71 236 1484 710 264 1823 31438 213 104 96 6194 107
leaf_count=37007 85379 54067 7587 66952 13471 13949 2865 131 99 107 161 187 302 7715 188 174 12393 1397 71 236 1484 710 264 1823 31438 213 104 96 6194 107
internal_value=-0.000365858 -0.00098482 0.000446104 -0.000760571 0.000228581 0.00173659 6.66051e-05 0.000786801 0.0165217 -0.0011408 -0.000602032 -0.000653582 0.0055317 0.000663369 0.00240577 0.000344388 0.00102882 0.00337433 0.00849467 0.00156829 0.00564593 0.00605263 0.0123134 0.00425206 -0.000732859 0.000667261 0.0104964 0.02 2.3011e-05 0.00245589
internal_weight=346871 196828 150043 159821 128400 21643 114929 29550 230 92869 38802 38641 489 29320 4537 24783 17068 4675 1219 3456 1672 1045 335 2059 38152 6714 413 200 6301 14056
internal_count=346871 196828 150043 159821 128400 21643 114929 29550 230 92869 38802 38641 489 29320 4537 24783 17068 4675 1219 3456 1672 1045 335 2059 38152 6714 413 200 6301 14056
is_linear=0
shrinkage=0.05


Tree=35
num_leaves=31
num_cat=0
split_feature=4 4 4 6 6 14 10 9 13 13 11 10 12 9 2 13 11 11 14 11 10 12 13 12 10 11 8 9 12 10
split_gain=61.3487 15.6145 15.0607 12.9998 8.704 6.38839 7.68464 18.2177 6.06906 5.93324 21.5143 15.4581 6.99602 8.44877 6.56526 6.2376 6.15731 13.9641 8.59028 7.02919 5.72183 11.1689 11.4797 13.6082 11.0976 5.62673 5.87557 5.55589 5.22945 10.321
threshold=0.024160639707335493 0.014473947627983133 0.055622488400604832 -0.14437434061717103 0.071480028677144078 0.003286853869637119 0.0097813604305170294 0.21474835979686194 49.655000686645515 12.230000019073488 0.016424352534066825 0.0045002913127230046 0.0098181061212317972 0.43897987645954911 0.099069170610730631 24.779999732971195 0.024405077895535147 0.028003232862589215 -0.086337752297859935 0.027231962502118127 0.010000560194363352 -0.011339323936739419 20.375000000000004 -0.0042212478114914123 0.025167554774320647 0.04888400580692865 inf 0.26364610709941877 0.0086975784270316731 -0.00015260304164599334
decision_type=2 2 2 2 2 2 2 8 2 2 2 2 2 8 2 2 2 2 2 2 2 2 2 2 2 2 8 10 2 2
left_child=1 -1 4 5 25 -3 -7 -8 -4 10 -5 -12 13 20 -13 -15 -14 18 -18 -20 28 -22 23 -23 -24 26 -2 -6 -11 -30
right_child=2 3 8 9 27 6 7 -9 -10 12 11 14 16 15 -16 -17 17 -19 19 -21 21 22 24 -25 -26 -27 -28 -29 29 -31
leaf_value=-0.00016971254234317843 1.2144602373328502e-05 -0.00012125988368349201 0.00042714317975878712 -0.00026066620734585847 7.697839556388958e-05 -5.6494467562557293e-05 0.0006142274986439283 -0.00024670626068541089 0.0025511089955968873 2.0382736271436857e-05 -0.00027514778625253503 0.00090771365410184245 -7.9994050586058542e-05 -0.00013730407319921143 0.0015526332258129574 0.00021785118709290014 0.00077766961501219724 -4.5818949278157444e-05 0.00011366172992087511 0.00046790420901147078 -1.9524357630221645e-05 0.00059620829341656327 0.002617548518986523 4.5919079983212048e-05 7.0540510207855753e-05 -0.00032590300707031851 -0.00023879443268371806 0.00029949404892803174 0.00075833784583049504 3.6927082135202123e-05
leaf_weight=20514 83620 54903 9452 623 46943 38910 214 289 107 15520 135 229 46282 7781 120 504 167 4542 823 317 1241 350 126 741 73 2124 3799 5718 362 827
leaf_count=20514 83620 54903 9452 623 46943 38910 214 289 107 15520 135 229 46282 7781 120 504 167 4542 823 317 1241 350 126 741 73 2124 3799 5718 362 827
internal_value=-0.00035779 -0.000943108 0.000396571 -0.000790187 0.000267432 -0.00118888 -0.000703196 0.00543737 0.00231771 -0.000324593 0.00331075 0.011219 -0.000375114 0.000269754 0.0167765 -0.00106518 -0.000715602 0.000812958 0.00536725 0.00381579 0.000844593 0.00306005 0.00631783 0.00430339 0.0173618 -3.25554e-05 2.92259e-05 0.000777519 0.000509006 0.00370479
internal_weight=347356 195593 151763 175079 142204 94316 39413 503 9559 80763 1107 484 79656 27525 349 8285 52131 5849 1307 1140 19240 2531 1290 1091 199 89543 87419 52661 16709 1189
internal_count=347356 195593 151763 175079 142204 94316 39413 503 9559 80763 1107 484 79656 27525 349 8285 52131 5849 1307 1140 19240 2531 1290 1091 199 89543 87419 52661 16709 1189
is_linear=0
shrinkage=0.05


Tree=36
num_leaves=31
num_cat=0
split_feature=5 4 11 4 6 11 14 6 12 12 14 13 10 11 13 15 9 4 6 7 10 10 8 8 8 11 8 10 13 10
split_gain=58.2005 16.4882 13.0387 10.9322 9.87172 8.4672 8.17974 8.05183 7.15266 10.2335 11.758 9.97094 11.7569 41.0256 9.96324 8.69616 7.06583 7.01096 6.89701 6.69649 6.61955 14.3695 6.36383 6.01137 5.96135 5.4281 5.49939 5.37293 5.29515 13.2191
threshold=0.013758206964758461 0.033440214748724301 -0.0070304120206733925 0.086164500836124092 -0.56619410043390139 -0.055970662091911087 0.15522193331306103 -0.10967439815330464 0.054230156972347017 0.04039448953611325 0.039991521680157301 17.945000648498539 0.011920444986762148 -0.0087472165989830857 18.105000495910648 0.013355749131082508 -0.24421241487427423 0.015027413536617388 -0.24043829262582214 -0.012313587519027057 0.0036023274720613512 0.0018205725839071098 0.040161992773754103 0.030899288745465773 inf -0.043674023036412872 0.068771810300360295 0.0067105474305927401 12.230000019073488 0.013536418677164265
decision_type=2 2 2 2 2 2 2 2 2 2 2 2 2 2 2 2 10 2 2 2 2 2 10 10 8 2 8 2 2 2
left_child=2 7 8 18 6 -5 -4 24 9 11 15 16 14 -14 19 -11 -1 -6 -3 -13 21 -18 -23 -15 -2 -16 27 -27 29 -9
right_child=1 3 4 5 17 -7 -8 28 -10 10 -12 12 13 23 25 -17 20 -19 -20 -21 -22 22 -24 -25 -26 26 -28 -29 -30 -31
leaf_value=-0.00021854777870781032 -3.2553633898289455e-05 3.9274759436709147e-05 -0.00015363697846427593 0.0030470282768885431 -0.00014891648614264884 0.00093651993684931495 0.00028426751193164437 0.00016849791204725565 -0.00033156637231791981 0.00038881450406776157 7.8085214463468193e-05 3.7015167416303528e-05 -6.095820485185212e-06 0.0018232073904582394 0.00029397361950850753 0.0006657947647744078 7.2800834893929188e-06 -6.5761551104756715e-05 0.00020652805838733973 0.00040411107152126278 -0.00022063113143049474 0.00047077441353554752 0.00095490423141287293 0.0037489113080853248 -0.00026834327725578836 3.0745701994052648e-05 -0.00015010702930643501 -0.00026354360336158398 3.83595422808544e-05 0.0021080155464699973
leaf_weight=6431 67156 28462 39122 46 15095 1270 155 345 1380 249 977 326 819 191 673 48 5856 73261 28629 390 2582 189 58 85 3134 13274 3235 1373 51820 98
leaf_count=6431 67156 28462 39122 46 15095 1270 155 345 1380 249 977 326 819 191 673 48 5856 73261 28629 390 2582 189 58 85 3134 13274 3235 1373 51820 98
internal_value=-0.000368574 0.000251436 -0.0010454 0.00094278 -0.0012878 0.00544833 -0.00194732 -7.80491e-05 -0.000234163 -0.000101481 0.00430141 -0.000259569 0.000462534 0.00550228 0.00017617 0.0130135 -0.00123247 -0.000994614 0.000838923 0.00596369 -0.000302246 0.000595608 0.0124089 0.0221739 -0.000427516 -4.71583e-05 -0.000213065 0.000199016 0.000391959 0.00583521
internal_weight=346729 180960 165769 58407 127633 1316 39277 122553 38136 36756 1274 35482 20366 1095 19271 297 15116 88356 57091 716 8685 6103 247 276 70290 18555 17882 14647 52263 443
internal_count=346729 180960 165769 58407 127633 1316 39277 122553 38136 36756 1274 35482 20366 1095 19271 297 15116 88356 57091 716 8685 6103 247 276 70290 18555 17882 14647 52263 443
is_linear=0
shrinkage=0.05


Tree=37
num_leaves=31
num_cat=0
split_feature=4 4 11 14 11 14 11 15 9 9 3 4 11 13 12 12 0 11 11 8 3 14 4 12 9 11 11 13 13 12
split_gain=55.3091 19.2313 11.0431 9.18732 20.9661 19.6327 20.4613 11.3753 8.79835 7.9559 7.64153 7.49096 7.06788 7.52652 6.94686 7.72174 8.99823 6.80941 9.5947 7.33212 6.90144 6.52101 6.35081 6.32774 7.24206 8.14319 36.454 8.85182 23.3149 6.57917
threshold=0.020575624134609009 0.032966753112822177 -0.0070304120206733925 0.041106720448919616 0.042684586959819588 0.042177860659315065 0.010325604265528312 0.0057218102651546152 0.47528513967341363 -0.034566688926529691 -0.0036466700567038819 0.014473947627983133 -0.023458930823045284 20.840000152587894 -0.049048436065559579 -0.052281358654850445 -0.0020702036133385944 -0.029337474403061222 -0.028186654574093969 0.002099270049288116 -0.005191226264199377 0.15522193331306103 0.086164500836124092 0.054230156972347017 -0.23202707924096208 -0.0087472165989830857 -0.0084964669653203023 14.699999809265138 14.454999923706056 0.012544135938263425
decision_type=2 2 2 2 2 2 2 2 10 8 2 2 2 2 2 2 2 2 2 10 2 2 2 2 10 2 2 2 2 2
left_child=2 3 23 -2 5 6 -5 9 22 -8 -6 -4 17 -14 15 -15 -17 -7 -19 -20 -21 -13 -3 24 -1 27 -27 28 -26 -28
right_child=1 8 11 4 10 12 7 -9 -10 -11 -12 21 13 14 -16 16 -18 18 19 20 -22 -23 -24 -25 25 26 29 -29 -30 -31
leaf_value=-9.8211721681607607e-05 -3.4365222747109346e-05 8.9886754464267861e-05 -0.00017469609027562336 9.2085805848663471e-05 0.00093813260071832203 4.7799607273104281e-05 0.0015373069273134162 -0.00014237556276599023 0.00058314535850770798 0.001137038493308483 0.00034479131314423374 -9.7343294493014223e-05 3.4157508528875732e-05 -1.5178235477744152e-05 -0.00030165184664418055 7.3398787633382782e-05 0.0011559459932354774 0.0008154817930579926 -6.4214714657271721e-05 0.00050719637634636739 0.00013756998226569636 0.00018546906095372393 0.00092723016297051254 -0.00031632087926648425 -6.062136584579348e-05 0.0020721901829505694 0.00026201081884838994 -1.8084987538805259e-05 0.00056508031868546195 -0.00016890664585562251
leaf_weight=8932 119657 55894 16832 441 116 3050 90 43 4467 107 107 86058 23143 1120 4204 121 93 394 868 385 430 478 1081 1245 1006 254 733 14382 557 990
leaf_count=8932 119657 55894 16832 441 116 3050 90 43 4467 107 107 86058 23143 1120 4204 121 93 394 868 385 430 478 1081 1245 1006 254 733 14382 557 990
internal_value=-0.000340766 0.000151729 -0.00114922 -0.000146047 0.000570119 0.000471309 0.00887665 0.020625 0.000899872 0.0257107 0.015852 -0.00138815 0.000301998 -3.66215e-06 -0.00165945 0.00148426 0.0101869 0.0020119 0.00422003 0.00257576 0.00598159 -0.00120043 0.000732338 -0.000270296 -0.000108737 0.000470928 0.00349772 9.56401e-05 0.00366922 0.000890887
internal_weight=347278 215811 131467 154369 34712 34489 681 240 61442 197 223 103368 33808 28681 5538 1334 214 5127 2077 1683 815 86536 56975 28099 26854 17922 1977 15945 1563 1723
internal_count=347278 215811 131467 154369 34712 34489 681 240 61442 197 223 103368 33808 28681 5538 1334 214 5127 2077 1683 815 86536 56975 28099 26854 17922 1977 15945 1563 1723
is_linear=0
shrinkage=0.05


Tree=38
num_leaves=31
num_cat=0
split_feature=4 4 14 9 10 9 6 11 11 13 13 12 14 6 13 10 11 11 11 13 10 14 11 14 13 13 15 14 12 1
split_gain=46.979 17.4936 10.0266 9.85471 8.73699 35.591 7.82181 7.75941 7.53125 7.27212 23.2148 56.5292 8.17325 7.13376 6.83708 6.93047 9.4762 6.8322 7.75566 22.6554 6.67113 10.7674 13.3733 13.2051 8.90124 17.8822 8.51134 7.64801 6.79171 6.39725
threshold=0.027803993450422063 0.017492900705610711 0.003286853869637119 0.4089583385849746 0.0088263757382542902 0.21474835979686194 -0.47684688994895047 0.042684586959819588 -0.043674023036412872 22.330000877380375 21.755000114440922 0.073733903664651171 0.098456899427642589 1.8174561930188755 18.510000228881839 0.018351280015906694 0.042684586959819588 -0.028186654574093969 -0.036898887484870739 30.345000267028812 0.014185279443120093 -0.049354087797768446 0.02573480883905466 -0.066405515647089006 17.914999961853031 18.005000114440922 0.010566402693574896 -1.0000000180025095e-35 0.057354881634701156 -0.028985493684284821
decision_type=2 2 2 10 2 8 2 2 2 2 2 2 2 2 2 2 2 2 2 2 2 2 2 2 2 2 2 2 2 2
left_child=1 -1 6 8 7 -6 -3 -4 -2 10 13 12 -12 14 15 20 -17 18 -11 -20 21 22 -10 26 27 -26 -24 -23 -27 -9
right_child=3 2 4 -5 5 -7 -8 29 9 17 11 -13 -14 -15 -16 16 -18 -19 19 -21 -22 24 23 -25 25 28 -28 -29 -30 -31
leaf_value=-0.00010162534220203666 0.00034678531642772236 -0.00011165576828360462 -1.2516059730513165e-05 0.00042939750945092647 0.0010660376775220497 -8.1950269782074393e-05 -4.2789809739107038e-05 0.00044916664041627912 0.00019371785749890089 -0.00011506520843904761 0.00010249971475590162 0.0026596458910955446 0.00095263787075121386 0.0003923982026610112 -6.1820672550369387e-05 0.00022306218850334759 0.00099564157407640058 -0.00011682151402909878 0.00013971785951256657 0.0011186930351965625 -0.00033316177250539397 -8.9334052735397519e-05 0.0012185216562309205 -3.4136566582986711e-05 0.00087228643238315196 0.00028647860308931233 0.0016077036412003949 0.00010345915357502874 -0.0003690840612911321 0.00024056724583805577
leaf_weight=69842 2071 36993 72688 6347 373 1020 62324 52 7319 1660 1292 205 366 5763 19730 587 140 15063 1940 218 1643 16815 270 240 686 1738 128 18244 1089 410
leaf_count=69842 2071 36993 72688 6347 373 1020 62324 52 7319 1660 1292 205 366 5763 19730 587 140 15063 1940 218 1643 16815 270 240 686 1738 128 18244 1089 410
internal_value=-0.000348678 -0.000727775 -0.000459279 0.000543483 -2.09958e-05 0.00390165 -0.000788235 -9.5695e-05 0.000418847 0.000353913 0.000571437 0.00608427 0.00302171 0.000433379 0.000291494 0.000608498 0.00545392 -0.000524603 0.00136459 0.00334106 0.000535372 0.00064594 0.0023206 0.00926332 0.000300476 0.00269997 0.0148492 6.00405e-05 0.000942694 0.00636364
internal_weight=347256 243702 173860 103554 74543 1393 99317 73150 97207 95136 76255 1863 1658 74392 68629 48899 727 18881 3818 2158 48172 46529 7957 638 38572 3513 398 35059 2827 462
internal_count=347256 243702 173860 103554 74543 1393 99317 73150 97207 95136 76255 1863 1658 74392 68629 48899 727 18881 3818 2158 48172 46529 7957 638 38572 3513 398 35059 2827 462
is_linear=0
shrinkage=0.05


Tree=39
num_leaves=31
num_cat=0
split_feature=5 6 5 6 9 11 11 12 14 10 9 12 12 10 10 10 13 11 9 11 10 14 11 10 11 10 13 11 12 11
split_gain=48.9451 13.3155 12.3444 11.0866 7.65065 7.32316 6.78019 6.30991 6.09758 7.0814 10.5398 6.02844 7.73999 6.24006 9.45066 9.71949 21.6303 12.5481 16.4174 9.42311 7.66843 7.13231 22.6372 9.33836 8.40829 7.02885 6.42157 11.925 15.7385 7.03323
threshold=0.013758206964758461 0.13860145449130487 0.030250635276028979 -0.39679102805222172 -0.17982363007672333 -0.023458930823045284 0.04888400580692865 -0.0075921435528307204 0.003286853869637119 0.0097813604305170294 0.15736640561971141 -0.075828258528587975 -0.062212447341067838 0.013083392794018491 0.0090874894167111159 0.01075261894328672 20.375000000000004 0.021563069340693967 -0.17982363007672333 0.042684586959819588 0.0093971056981060359 0.03328086000020148 0.042684586959819588 -0.0080075928939195556 0.01583058355048839 0.0097813604305170294 14.234999656677248 0.0074730309850676866 0.023117382956200586 -0.013447702851804742
decision_type=2 2 2 2 8 2 2 2 2 2 8 2 2 2 2 2 2 2 10 2 2 2 2 2 2 2 2 2 2 2
left_child=3 4 -3 8 -2 7 11 -5 -1 -10 -11 -6 -13 14 21 17 -17 20 -19 -15 -16 -14 23 -23 26 -20 -25 29 -29 -28
right_child=1 2 -4 5 6 -7 -8 -9 9 10 -12 12 13 19 15 16 -18 18 25 -21 -22 22 -24 24 -26 -27 27 28 -30 -31
leaf_value=-0.00013315494005706785 0.0001872903194546623 8.2272792622859478e-05 0.00079778201242503748 -1.3648442767161582e-05 0.0001930573500314422 -5.9088403288979408e-05 -0.00033025997867466752 0.00017937107338026454 -6.1285416188170915e-05 0.00051593517245433946 -0.00023741338821517394 -0.00029783637896871562 -4.4246334554792008e-05 -0.00023673524212318217 0.00037760435127997313 -0.00015198966789860624 0.0029310483817484717 0.00083264449850256454 -1.3770721270573515e-05 0.00073411893890291827 4.7411268525792562e-05 -8.0996406981318785e-05 0.0011733855930850612 -0.00020046156000239545 -0.00017850429096177194 0.00059553145161259384 0.00041389488705530258 0.00086575456397309082 0.00020466159188616061 7.3641267073102005e-05
leaf_weight=38474 8871 56538 4067 4889 2216 93668 2631 2397 26230 129 130 2611 64977 5842 804 2951 102 453 579 95 3285 10298 221 1452 2626 368 1728 583 1025 7123
leaf_count=38474 8871 56538 4067 4889 2216 93668 2631 2397 26230 129 130 2611 64977 5842 804 2951 102 453 579 95 3285 10298 221 1452 2626 368 1728 583 1025 7123
internal_value=-0.000325496 0.000242054 0.000846876 -0.000946167 -6.12801e-05 -0.000618303 -0.000173262 0.000908591 -0.00145568 -0.000871873 0.00735521 -0.000112907 -0.000166305 -9.91286e-05 -4.31263e-06 0.00158511 -0.000676385 0.00284296 0.00692857 -0.00167341 0.00144412 -0.000155111 0.000561541 0.000419769 0.00123581 0.00318374 0.00180044 0.002233 0.00619403 0.00151339
internal_weight=347363 181446 60605 165917 120841 100954 111970 7286 64963 26489 259 109339 107123 104512 98575 8542 3053 5489 1400 5937 4089 90033 25056 24835 14537 947 11911 10459 1608 8851
internal_count=347363 181446 60605 165917 120841 100954 111970 7286 64963 26489 259 109339 107123 104512 98575 8542 3053 5489 1400 5937 4089 90033 25056 24835 14537 947 11911 10459 1608 8851
is_linear=0
shrinkage=0.05


Tree=40
num_leaves=31
num_cat=0
split_feature=5 5 5 6 11 5 14 11 13 13 0 13 13 12 14 11 14 11 11 6 6 8 13 15 10 12 12 12 10 13
split_gain=43.1186 14.117 10.6354 8.59429 7.76323 7.4773 6.9457 6.59553 7.00074 7.47333 11.1664 6.45735 15.5192 35.411 7.86136 7.11224 22.5223 10.7114 6.76563 6.34703 5.93061 5.79087 19.1053 5.45263 5.39899 5.33164 5.46206 7.94807 8.01818 5.29679
threshold=0.013711755470261466 0.020891522573337717 0.0097189464883686103 0.6077863497468704 -0.0070304120206733925 0.049498377170743256 0.15522193331306103 0.04888400580692865 30.345000267028812 30.750000000000004 0.0062262165216296914 22.330000877380375 21.755000114440922 0.073733903664651171 0.098456899427642589 0.022575504509470105 0.066380812843571571 0.011893359495945945 -0.013447702851804742 2.7985908549568483 1.6995892994676665 inf 18.214999198913578 0.023106094162926864 0.0095301201573585476 -0.062212447341067838 0.098377714114368922 0.093566605009263407 0.0099108597244759195 15.775000095367433
decision_type=2 2 2 2 2 2 2 2 2 2 2 2 2 2 2 2 2 2 2 2 2 8 2 2 2 2 2 2 2 2
left_child=2 7 -1 4 -4 11 29 8 20 10 -10 12 19 14 -14 17 -17 18 -13 -3 21 25 -23 -20 -19 -2 27 -27 -29 -6
right_child=1 5 3 -5 6 -7 -8 -9 9 -11 -12 15 13 -15 -16 16 -18 24 23 -21 -22 22 -24 -25 -26 26 -28 28 -30 -31
leaf_value=-0.00012035471129037623 -0.00019949053061288767 0.0001250573298054537 -9.1335984262804112e-06 4.2085864361454721e-06 -6.7335600059149998e-05 0.0011358124873762148 0.00026559877783737066 -0.00042980782750467713 0.00078418734284410509 0.00011547823133224732 2.6366727310109468e-05 0.00011712304922754955 0.00012475658653011049 0.0026965852650641044 0.0011889267787603276 -0.00036226164736442379 0.0020350505698476253 0.00024174421459687126 -0.00042344032350015648 0.00091778796626801524 0.00016146209388377168 0.00091889795011244825 -0.00024910138102342386 0.00043881361245357931 0.00088793467618822732 -4.7574283557351484e-06 -0.00030717874950604031 0.00053606207851441526 -0.00046246133919505724 -0.00012457335634818818
leaf_weight=35779 2804 34562 22655 29027 42955 1337 385 1631 138 1396 131 6221 557 105 184 3620 115 760 2779 1238 10306 222 5177 156 73 106159 1974 495 165 33863
leaf_count=35779 2804 34562 22655 29027 42955 1337 385 1631 138 1396 131 6221 557 105 184 3620 115 760 2779 1238 10306 222 5177 156 73 106159 1974 495 165 33863
internal_value=-0.000345839 0.000183894 -0.000932324 -0.000720605 -0.000940737 0.000883148 -0.00117955 -9.29582e-05 -5.29992e-05 0.00316817 0.0107993 0.000785188 0.00113164 0.00782506 0.00397436 -0.000139902 -0.00200134 0.000556111 6.22531e-05 0.000973462 -9.51293e-05 -0.000196418 -0.0017957 -0.00191653 0.00598439 -0.000119046 -6.35623e-05 -1.54011e-05 0.00545454 -0.00121313
internal_weight=346969 182305 164664 128885 99858 51707 77203 130598 128967 1665 269 50370 36646 846 741 13724 3735 9989 9156 35800 127302 116996 5399 2935 833 111597 108793 106819 660 76818
internal_count=346969 182305 164664 128885 99858 51707 77203 130598 128967 1665 269 50370 36646 846 741 13724 3735 9989 9156 35800 127302 116996 5399 2935 833 111597 108793 106819 660 76818
is_linear=0
shrinkage=0.05


Tree=41
num_leaves=31
num_cat=0
split_feature=4 5 11 4 11 11 13 14 9 15 13 12 9 13 9 13 13 12 12 11 11 11 13 13 3 2 12 14 12 11
split_gain=37.8065 14.0073 10.8729 8.07074 8.05602 8.17978 16.9488 14.4074 13.6983 7.86109 7.55094 7.13786 6.80377 6.85472 6.67053 6.53322 12.0679 19.0462 7.86346 7.71892 6.40362 32.6649 7.72996 21.4811 6.33667 7.06596 5.89621 5.85527 5.83109 6.07957
threshold=0.021560474191925794 0.022634337331660762 -0.0070304120206733925 0.014084381277138427 0.04888400580692865 0.042684586959819588 25.505000114440922 -0.066405515647089006 -0.06116182274197262 0.00045995356907679868 30.345000267028812 0.054230156972347017 0.60179492356890141 18.214999198913578 0.24312797851486992 22.330000877380375 21.755000114440922 0.073733903664651171 0.12832311924221709 -0.043674023036412872 -0.0087472165989830857 -0.0084964669653203023 14.699999809265138 14.454999923706056 0.0074685311641663485 -0.094340236887100401 0.012544135938263425 0.098456899427642589 -0.062212447341067838 0.036862788200682568
decision_type=2 2 2 2 2 2 2 2 8 2 2 2 8 2 10 2 2 2 2 2 2 2 2 2 2 2 2 2 2 2
left_child=2 4 11 -4 5 10 7 8 -7 -8 28 12 20 -14 -9 16 -3 27 19 -17 22 -22 23 -1 -12 -26 -23 -18 -2 -30
right_child=1 15 3 -5 -6 6 9 14 -10 -11 24 -13 13 -15 -16 18 17 -19 -20 -21 21 26 -24 -25 25 -27 -28 -29 29 -31
leaf_value=-4.1902088526465956e-05 -0.00019968303095317295 0.00021263665314358201 -0.00015887262139582713 -7.7658732319824431e-05 -0.00038255988522568993 0.0012922436821764796 0.0010179844121458376 -0.00013683356300401412 0.00028556328491090793 0.00029314446046667912 9.3133112242658409e-05 -0.00029521872693973706 -0.00016804351801248907 3.9037837777243838e-05 0.00046850965251112286 0.00066446329196617477 0.0002803401425858521 0.0026265106205501428 0.00050283324509235369 -4.6469463100147116e-05 0.0018921842584505256 0.00023254498125307584 -3.6331957490423893e-06 0.00052737336676301095 0.00064375351653847015 0.00020281221508665847 -0.00014281740856471472 0.001137908072334686 -1.9093953671709661e-06 -0.00026725364121758425
leaf_weight=1140 3810 26935 13614 104290 1996 146 162 1877 402 102 1640 1346 6089 4087 162 764 416 70 245 10952 308 862 17027 580 174 310 1117 139 143536 2680
leaf_count=1140 3810 26935 13614 104290 1996 146 162 1877 402 102 1640 1346 6089 4087 162 764 416 70 245 10952 308 862 17027 580 174 310 1117 139 143536 2680
internal_value=-0.000310078 0.000146601 -0.000906554 -0.0011299 -6.51935e-05 -2.45494e-05 0.0026289 0.00139737 0.00859489 0.014697 -7.427e-05 -9.7679e-05 5.60706e-05 -0.00100531 -0.000537029 0.000987955 0.00141146 0.00828 1.21215e-05 -0.000173269 0.000569553 0.00306734 0.000264841 0.0034593 0.00288606 0.00791322 0.000709953 0.00518018 -0.000116181 -6.58627e-05
internal_weight=346978 196518 150460 117904 156997 155001 2851 2587 548 264 152150 32556 31210 10176 2039 39521 27560 625 11961 11716 21034 2287 18747 1720 2124 484 1979 555 150026 146216
internal_count=346978 196518 150460 117904 156997 155001 2851 2587 548 264 152150 32556 31210 10176 2039 39521 27560 625 11961 11716 21034 2287 18747 1720 2124 484 1979 555 150026 146216
is_linear=0
shrinkage=0.05


Tree=42
num_leaves=31
num_cat=0
split_feature=5 5 6 6 5 14 14 11 11 15 9 6 10 11 14 10 5 5 11 10 11 11 14 11 11 14 11 10 11 14
split_gain=33.543 13.4981 9.92081 8.22993 7.07444 6.81445 16.6494 15.6227 12.2052 6.64552 7.10143 6.19054 5.64308 5.5678 5.3656 11.4725 5.31452 5.24289 5.17936 7.08119 7.30502 8.02995 8.80841 7.79963 6.41379 11.2174 7.65366 7.45575 5.44404 8.9716
threshold=0.012620389688474844 0.019333349466461175 -0.83113957949448503 0.11541117697646761 0.0093148936864248053 0.041106720448919616 0.042177860659315065 0.010325604265528312 0.042684586959819588 0.0057218102651546152 0.037374863232899964 -0.67772055915945584 0.06903334451863076 0.022575504509470105 0.059032058254143822 0.00040263082252767207 0.035668929112265997 0.037536498782870763 0.014880662239239896 -0.0086458787594095848 -0.023458930823045284 -0.029337474403061222 0.11526544225394954 -0.025066538168062032 -0.0084964669653203023 0.10240420019672193 -0.0091308536723364014 -0.007321192598677361 0.00036209902272010824 0.04320040155148664
decision_type=2 2 2 2 2 2 2 2 2 2 8 2 2 2 2 2 2 2 2 2 2 2 2 2 2 2 2 2 2 2
left_child=2 5 -1 13 -4 11 7 -7 18 10 -9 -2 16 17 -15 -16 -5 -3 19 20 21 -8 -23 -24 25 26 27 -21 -26 -30
right_child=1 3 4 12 -6 6 8 9 -10 -11 -12 -13 -14 14 15 -17 -18 -19 -20 24 -22 22 23 -25 28 -27 -28 -29 29 -31
leaf_value=-0.00013237123524780607 -9.2469978693344112e-05 4.3914905137864298e-05 -0.00010738168997506247 0.0001997080161194789 -4.0263163886012987e-05 0.00016075414985138199 -2.6192853679784146e-05 0.0014148496354990043 0.0007146913130058807 4.0124131276034399e-05 0.00055048209629114642 -1.5575128293338605e-05 -0.0013565204664144834 -0.00014385872946990366 -6.0996087933682264e-05 0.0015548377127893903 0.00099137320790371056 0.00054193013842063881 -0.00019085497645294138 -0.00038769543412002375 -8.7739721077073995e-05 -0.00033126458765630107 0.00063344797359133535 0.00017441488434922819 -0.00011445681887802045 -0.00023063681159930295 0.00081019526990472714 0.00034601589227566484 0.00054342150535087821 7.6101325701744677e-05
leaf_weight=21111 30395 33413 22237 19617 85262 404 2611 112 216 44 65 87072 363 8406 271 133 1924 2737 3294 325 11813 331 611 609 3348 921 393 2850 359 5549
leaf_count=21111 30395 33413 22237 19617 85262 404 2611 112 216 44 65 87072 363 8406 271 133 1924 2737 3294 325 11813 331 611 609 3348 921 393 2850 359 5549
internal_value=-0.000306175 7.13599e-05 -0.000946662 0.000662986 -0.000752055 -0.000190059 0.000434942 0.00852 0.000282876 0.0192081 0.0235311 -0.00037019 0.00145772 0.0002758 -0.000851307 0.00477723 0.0015619 0.000550483 0.000205366 0.000413862 -0.000302036 0.00149928 0.00434881 0.00631147 0.00124591 0.00279684 0.0040667 0.00325197 0.000493733 0.00140657
internal_weight=346796 218186 128610 66864 107499 151322 33855 625 33230 221 177 117467 21904 44960 8810 404 21541 36150 33014 29720 15975 4162 1551 1220 13745 4489 3568 3175 9256 5908
internal_count=346796 218186 128610 66864 107499 151322 33855 625 33230 221 177 117467 21904 44960 8810 404 21541 36150 33014 29720 15975 4162 1551 1220 13745 4489 3568 3175 9256 5908
is_linear=0
shrinkage=0.05


Tree=43
num_leaves=31
num_cat=0
split_feature=5 14 6 11 14 13 10 11 12 10 10 13 10 10 10 10 9 11 9 13 14 10 12 13 12 13 11 12 10 9
split_gain=33.6741 11.2814 10.8101 9.33136 8.00091 7.58956 35.4177 7.58911 13.259 9.82484 19.5552 25.1381 24.9451 11.076 8.45322 8.78458 7.56868 7.43116 13.0959 7.33711 19.4234 9.30491 7.12953 8.92548 7.11042 8.39099 9.89274 43.1072 44.7226 12.6772
threshold=0.014399049246916392 0.003286853869637119 2.4620962077618 0.034492851689025945 -0.036818887874406285 12.325000286102297 0.0065984432534260682 -0.023458930823045284 0.018069622589067861 0.0018675252252127186 0.0029098937384879346 13.605000019073488 0.0028352322367303233 0.0018978301535613753 0.0046996475927222345 0.0050726899190508554 0.47528513967341363 0.029305093404121577 -0.0043882875205435981 14.234999656677248 0.00619378828642947 0.001100973709686426 -0.035951697828215494 19.105000495910648 -0.075828258528587975 18.510000228881839 -0.0033635921331804926 0.073733903664651171 -0.0013492483316671631 -0.0073230501792511662
decision_type=2 2 2 2 2 2 2 2 2 2 2 2 2 2 2 2 10 2 10 2 2 2 2 2 2 2 2 2 2 10
left_child=1 4 16 7 5 6 -1 8 -3 19 11 -11 13 -13 -12 17 24 -16 -19 20 21 -9 23 -6 -2 -26 27 -27 -29 -30
right_child=2 3 -4 -5 22 -7 -8 9 -10 10 14 12 -14 -15 15 -17 -18 18 -20 -21 -22 -23 -24 -25 25 26 -28 28 29 -31
leaf_value=0.0011148852195208003 0.00017795575895865204 2.2583621563013204e-05 0.00035276766669465524 0.00034836292800777464 0.00018816950963696329 -5.6535073946686068e-05 -0.00027077646304733189 0.00037392926058218496 0.00034788648951662618 0.00071795936522068085 -0.00018950758594091436 0.00027027530970519714 0.00054468348464407196 -5.6621193946871013e-05 1.9907585423805665e-05 1.0354667040129379e-05 0.00033884212192661876 0.0012041228299540544 0.00022895753836542373 -3.5348602004263755e-05 -0.00018745848515432597 -0.00014398736480761078 -0.00013618975955116054 -0.00015382483000562792 3.5113811193332816e-05 -1.3581122162006122e-05 -0.00013624551266755406 -0.00061659000039801179 0.002329731563027283 0.00095968945845219776
leaf_weight=321 4092 6586 6929 851 1373 44992 606 580 838 610 4136 270 273 2096 269 5322 4792 107 168 44582 13024 313 55788 1213 90656 29851 25142 225 208 130
leaf_count=321 4092 6586 6929 851 1373 44992 606 580 838 610 4136 270 273 2096 269 5322 4792 107 168 44582 13024 313 55788 1213 90656 29851 25142 225 208 130
internal_value=-0.000321402 -0.000783647 0.000204443 -0.000337083 -0.0011263 -0.000632528 0.00384574 -0.00039306 0.00112877 -0.000550524 0.000678816 0.00404894 0.00193444 0.000283177 -0.000415918 0.000804636 0.000118119 0.00685662 0.0126364 -0.00082899 -0.00183121 0.00530235 -0.00151472 0.00105182 5.57525e-05 -1.77943e-06 -0.000485637 0.000120996 0.0138277 0.0253254
internal_weight=346343 184318 162025 80025 104293 45919 927 79174 7424 71750 13251 3249 2639 2366 10002 5866 155096 544 275 58499 13917 893 58374 2586 150304 146212 55556 30414 563 338
internal_count=346343 184318 162025 80025 104293 45919 927 79174 7424 71750 13251 3249 2639 2366 10002 5866 155096 544 275 58499 13917 893 58374 2586 150304 146212 55556 30414 563 338
is_linear=0
shrinkage=0.05


Tree=44
num_leaves=31
num_cat=0
split_feature=4 4 11 6 11 11 13 6 14 11 11 13 13 0 16 14 15 13 13 11 15 13 14 14 6 13 8 1 12 13
split_gain=28.3384 12.0466 8.79719 8.55908 6.74722 14.26 7.85965 6.64068 6.63753 8.0391 5.92915 5.6001 6.19968 7.99424 7.915 5.56577 7.89873 8.01578 12.8716 8.09107 10.7303 5.80996 9.89501 19.463 5.46219 5.43184 5.42154 5.70853 5.41454 5.27565
threshold=0.020159928880226823 0.032966753112822177 -0.0070304120206733925 -0.83113957949448503 0.02573480883905466 0.029607295958135497 12.454999923706056 1.6995892994676665 -0.081825770158787711 0.027231962502118127 0.04888400580692865 30.345000267028812 30.750000000000004 0.0062262165216296914 -0.010096267535724122 0.0017102699334086149 0.0069823467915689505 13.194999694824221 12.84500026702881 0.0090657625478496335 0.010407174637498963 12.494999885559084 -0.043478201036805324 -0.055141973533754989 0.15045959386775479 20.154999732971195 0.038015882854799517 0.026613637587782128 0.054230156972347017 26.85000038146973
decision_type=2 2 2 2 2 2 2 2 2 2 2 2 2 2 2 2 2 2 2 2 2 2 2 2 2 2 10 2 2 2
left_child=2 7 28 -4 15 8 -7 10 -6 -10 11 29 13 14 -13 21 25 18 -18 -20 26 22 23 -5 -3 -17 27 -21 -1 -2
right_child=1 24 3 4 5 6 -8 -9 9 -11 -12 12 -14 -15 -16 16 17 -19 19 20 -22 -23 -24 -25 -26 -27 -28 -29 -30 -31
leaf_value=4.5223576372634836e-06 -2.2252487477647986e-05 3.8454464432002725e-05 -0.00015057878328991173 -0.00020329256484244475 0.00050607805170093962 0.00042483502624331864 -0.00012293512383066668 0.00012617466701242546 -3.3948525406668565e-05 0.00034263668968654507 -0.00038858445725399051 0.00091056132506065087 8.4204815841888128e-05 4.9437377833318046e-05 0.00013770874605628034 -7.1989953763607403e-05 -0.00015806736382181696 4.8821257631358503e-06 2.22417355812354e-06 0.00063183576500271251 0.00028066563845061067 -0.00011925358698596205 -9.7116849120287182e-05 0.00076593937867871999 0.00021578101946047605 0.00015203001585478688 0.00035387895188948278 0.00099478609534432976 -0.00026666689357577813 -0.00021641324667379848
leaf_weight=25124 143346 40862 17588 522 151 242 4745 13970 838 1382 1799 79 930 124 62 24664 408 3061 216 160 323 38543 2704 475 20434 966 71 61 1170 2202
leaf_count=25124 143346 40862 17588 522 151 242 4745 13970 838 1382 1799 79 930 124 62 24664 408 3061 216 160 323 38543 2704 475 20434 966 71 61 1170 2202
internal_value=-0.000296958 3.84693e-05 -0.000905247 -0.0011249 -0.000904166 0.000538189 -0.000979548 -0.000186818 0.00373049 0.00304054 -0.000284836 -0.00024986 0.00315899 0.00990566 0.0180496 -0.00105121 -0.00052957 0.00145349 0.00484665 0.00841757 0.0113415 -0.00142079 0.000471493 0.00472919 0.000635766 -0.000862272 0.0182877 0.0221493 -9.3939e-05 -0.000277848
internal_weight=347222 223808 123414 97120 79532 7358 4987 162512 2371 2220 148542 146743 1195 265 141 72174 29930 4300 1239 831 615 42244 3701 997 61296 25630 292 221 26294 145548
internal_count=347222 223808 123414 97120 79532 7358 4987 162512 2371 2220 148542 146743 1195 265 141 72174 29930 4300 1239 831 615 42244 3701 997 61296 25630 292 221 26294 145548
is_linear=0
shrinkage=0.05


Tree=45
num_leaves=31
num_cat=0
split_feature=5 5 6 6 5 9 6 14 14 11 3 11 11 10 10 10 10 16 10 12 16 16 14 14 15 12 14 10 10 11
split_gain=28.9352 13.8551 9.99146 8.8344 6.84966 5.76176 5.74489 5.1797 10.7167 11.5724 5.99661 4.65243 20.0499 14.4748 6.86346 22.1042 7.31717 8.57041 7.42173 6.17753 5.55133 6.11477 5.44871 23.4881 12.1717 4.98657 4.87766 7.89219 12.21 14.977
threshold=0.01737695540823014 0.0097189464883686103 -0.641665808790716 -0.29910636184233125 0.034061442274999985 -0.070268966333648306 2.5659287547780325 0.041106720448919616 0.042177860659315065 0.010325604265528312 -0.0013271673092434819 -0.0084964669653203023 -0.0087472165989830857 0.011920444986762148 0.0023061717874046654 0.0018205725839071098 -0.007321192598677361 -0.064834121283380716 -0.013327781970057238 -0.037182022150964049 -0.0037530525133465105 0.0035307550998565644 -0.12096344977185801 -0.13532199000438486 0.012203554078230485 0.00075812242422568243 -0.00055695222357982066 0.0023442869650027735 0.0029098937384879346 0.00053831818388905283
decision_type=2 2 2 2 2 8 2 2 2 2 2 2 2 2 2 2 2 2 2 2 2 2 2 2 2 2 2 2 2 2
left_child=1 -1 7 -2 -5 -4 11 -3 9 -9 -11 12 14 -14 15 16 18 -18 -7 -13 -15 -22 23 25 -25 -21 -24 -28 -29 -30
right_child=3 2 5 4 -6 6 -8 8 -10 10 -12 19 13 20 -16 -17 17 -19 -20 22 21 -23 26 24 -26 -27 27 28 29 -31
leaf_value=-0.00010087254995387247 -6.150732691235412e-06 -9.513768966117968e-05 5.754672339420834e-05 0.00010279413441936566 0.00067888562275492115 3.5562266392441312e-05 0.00012953557737606846 4.4044741404378158e-06 -1.9306327534714531e-05 0.0012776360162818762 0.00040165769582184885 -0.00024525086363863893 0.00018188450435777928 0.0031294358271217512 -0.00012953753799805354 0.00089577483007906062 0.00046899277653199588 5.7850907429347141e-05 -0.00019653335389191722 0.00014924168852349588 -7.8087685088109899e-05 0.0023943685602710162 -7.2806122140862305e-05 0.00041329936583715831 0.0011753843041154785 -0.00029669097006067551 -4.1407417207006171e-05 0.00043483323759519555 0.00075400159603101872 2.3963129755621692e-07
leaf_weight=35677 45815 46407 18460 44388 3873 6100 7621 155 10282 86 49 2792 259 82 6610 201 287 11609 4993 537 40 86 55954 360 98 1116 33846 1349 236 7821
leaf_count=35677 45815 46407 18460 44388 3873 6100 7621 155 10282 86 49 2792 259 82 6610 201 287 11609 4993 537 40 86 55954 360 98 1116 33846 1349 236 7821
internal_value=-0.000297807 -0.000576088 -0.000426242 0.000450911 0.000923001 -0.000224267 -0.000332297 -0.000995017 3.78239e-06 0.00948276 0.0201852 -0.000408035 0.000137607 0.0104176 -2.34911e-05 0.000381629 0.000237286 0.00109869 -0.00068647 -0.000566667 0.0202404 0.0136508 -0.00050273 0.00201089 0.0120306 -0.000765276 -0.000556218 -0.000157451 0.00112375 0.000386619
internal_weight=347189 253113 217436 94076 48261 160457 141997 56979 10572 290 135 134376 30267 467 29800 23190 22989 11896 11093 104109 208 126 101317 2111 458 1653 99206 43252 9406 8057
internal_count=347189 253113 217436 94076 48261 160457 141997 56979 10572 290 135 134376 30267 467 29800 23190 22989 11896 11093 104109 208 126 101317 2111 458 1653 99206 43252 9406 8057
is_linear=0
shrinkage=0.05


Tree=46
num_leaves=31
num_cat=0
split_feature=4 14 10 16 9 12 14 14 4 10 9 9 3 10 14 6 14 14 6 12 12 12 10 14 10 12 15 15 3 14
split_gain=24.2485 8.76118 11.848 14.0342 9.13284 19.1412 9.12357 8.57095 8.56297 7.84349 6.93704 7.33765 6.89963 6.67074 7.75532 6.29859 6.17801 5.92531 5.79062 5.65018 7.75327 6.12046 10.7245 7.14589 5.32498 5.10943 6.26446 5.80546 5.08729 5.47579
threshold=0.021489884655799246 0.049481808267930923 -0.0086458787594095848 -0.064834121283380716 0.72338133977310071 -0.017226382723054597 0.059032058254143822 0.10035719925481736 0.014217082771844943 -0.0068180084305178293 0.47528513967341363 -0.11810036389318605 -0.0043652821251907161 0.0097813604305170294 -0.14356568835631797 0.040318684127224079 0.054359057666468209 0.10240420019672193 -0.19360791540514027 -0.026063395053075141 0.015682487762849754 0.014742282761939564 0.015350411417454969 -0.10344834121785244 0.010636898013684839 0.1439114718548197 -0.0070455533213777946 -0.003181245165858992 -0.0039923476539567839 0.057570789081387914
decision_type=2 2 2 2 8 2 2 2 2 2 10 8 2 2 2 2 2 2 2 2 2 2 2 2 2 2 2 2 2 2
left_child=8 10 18 7 5 12 25 -4 -1 17 11 13 -5 -2 -15 -10 -6 -8 -3 -16 21 22 23 -21 -25 26 -7 28 29 -28
right_child=1 2 3 4 16 6 9 -9 15 -11 -12 -13 -14 14 19 -17 -18 -19 -20 20 -22 -23 -24 24 -26 -27 27 -29 -30 -31
leaf_value=-0.00011673649927480546 4.4116379779054263e-05 -9.2003602608435462e-05 0.001888305373553203 0.001487555328363356 0.00060603241571857279 -0.00022365971121199931 0.00044942292060756218 0.0001924014646759035 -6.2551734338201742e-05 -0.00010910765240107796 0.0003345531837348835 -2.8245951909790858e-05 0.00038371029014048596 -0.00049741279597552803 6.0518274871976416e-05 -1.674657151603977e-05 0.00030197209264682664 -0.00012469974840142594 8.0354106368279985e-05 0.0003334396940119313 0.00029027945573768371 0.0010659764253530535 -0.00021399218525334701 0.00039187380136218017 0.0016762767333532895 -0.00053371762571272226 0.0008429919458871701 0.00037158217497535812 0.00070198545774874908 0.001364188968844062
leaf_weight=17795 16997 10098 152 172 297 402 1353 95 81310 7340 4248 133426 171 568 1177 50043 3018 784 13515 227 1167 81 218 56 199 284 100 1332 416 90
leaf_count=17795 16997 10098 152 172 297 402 1353 95 81310 7340 4248 133426 171 568 1177 50043 3018 784 13515 227 1167 81 218 56 199 284 100 1332 416 90
internal_value=-0.000280457 8.22533e-05 0.000747241 0.00179745 0.00161209 0.000990838 0.000660688 0.0136235 -0.000761929 -6.17296e-05 -8.41112e-05 -0.000139052 0.0126385 0.00073707 0.00266315 -0.000622484 0.00394419 0.00260412 3.53607e-05 0.00364 0.00529261 0.00914853 0.00764286 0.011805 0.017549 0.00326982 0.00403846 0.00521672 0.00927393 0.0160526
internal_weight=347131 197983 39619 16006 15759 12444 12101 247 149148 9477 158364 154116 343 20690 3693 131353 3315 2137 23613 3125 1948 781 700 482 255 2624 2340 1938 606 190
internal_count=347131 197983 39619 16006 15759 12444 12101 247 149148 9477 158364 154116 343 20690 3693 131353 3315 2137 23613 3125 1948 781 700 482 255 2624 2340 1938 606 190
is_linear=0
shrinkage=0.05


Tree=47
num_leaves=31
num_cat=0
split_feature=5 6 4 6 8 11 5 11 11 13 14 13 1 11 13 11 11 10 11 16 8 5 14 10 1 16 6 14 14 13
split_gain=24.4491 10.8799 8.02455 7.23683 6.74559 6.90568 5.74202 5.30622 5.2771 11.3743 10.3058 14.0475 8.0933 5.04621 4.9602 5.17626 6.08436 5.08712 4.95074 4.8669 5.22755 4.6837 4.58908 6.81095 5.28487 4.32335 4.31506 4.12788 4.19267 16.7791
threshold=0.01737695540823014 0.13860145449130487 0.014473947627983133 -0.42356263334776023 0.27233459710649349 -0.035697741943328191 0.049498377170743256 0.04888400580692865 0.02573480883905466 12.454999923706056 -0.069744182185856193 18.105000495910648 0.049563829293898694 -0.023458930823045284 25.505000114440922 0.029607295958135497 0.029305093404121577 0.0020115949089920542 0.019286705415067943 -0.0014498693076491762 0.038758245628422346 0.012265535189652082 0.059032058254143822 0.00040263082252767207 0.050644836878452233 -0.02771668699777324 2.4620962077618 -0.098691693357393515 -0.067583665573298909 20.375000000000004
decision_type=2 2 2 2 8 2 2 2 2 2 2 2 2 2 2 2 2 2 2 2 8 2 2 2 2 2 2 2 2 2
left_child=1 2 -1 18 7 25 26 21 13 12 11 19 -10 -3 15 16 17 -12 -2 -11 -21 -4 -20 -24 -25 -6 -5 -15 29 -29
right_child=3 8 4 6 5 -7 -8 -9 9 10 14 -13 -14 27 -16 -17 -18 -19 22 20 -22 -23 23 24 -26 -27 -28 28 -30 -31
leaf_value=-0.00012219729703928235 2.6223337647636453e-05 7.9215187873371326e-05 -6.0208932959377678e-05 8.2121587860933159e-05 0.00012605398262774352 -0.00023466600457629317 0.0013219008765123911 -0.00042708027558008326 0.000444497413264281 -3.6834451677481814e-05 0.00030858430576218823 -0.00015481702655179214 0.0018044669962312668 -0.00019496200127840289 0.00058074930074290289 -8.1258445230662573e-05 0.00061663320055165851 -0.00013300589914844963 -0.00016127671196833085 0.0010756683811424278 0.0006466038692287899 -2.820225393827307e-05 -5.9393751696306199e-05 0.00024900561527426373 0.0018759580041735294 0.00097389932418633139 0.00044599900814873888 6.3282497701791924e-05 -3.1236476137287248e-05 0.0021418289028516885
leaf_weight=13740 29988 8058 59145 50429 165 5433 719 1087 175 60 511 361 84 4398 43 5273 548 1086 8525 247 233 84035 268 77 57 49 3896 4825 63282 123
leaf_count=13740 29988 8058 59145 50429 165 5433 719 1087 175 60 511 361 84 4398 43 5273 548 1086 8525 247 233 84035 268 77 57 49 3896 4825 63282 123
internal_value=-0.000274128 -0.000529945 -0.000772179 0.000414595 -0.000666183 -0.00236143 0.000783554 -0.000599827 -8.60527e-05 0.00108978 0.000770149 0.00582131 0.0114093 -0.000211686 0.000160165 6.20101e-05 0.00213287 0.000572948 -0.000107286 0.0109259 0.0126042 -0.000573405 -0.00114092 0.0040796 0.0132836 0.0064486 0.000724803 -0.000343395 -0.000247693 0.001154
internal_weight=346920 252961 163654 93959 149914 5647 55044 144267 89307 8621 8362 901 259 80686 7461 7418 2145 1597 38915 540 480 143180 8927 402 134 214 54325 72628 68230 4948
internal_count=346920 252961 163654 93959 149914 5647 55044 144267 89307 8621 8362 901 259 80686 7461 7418 2145 1597 38915 540 480 143180 8927 402 134 214 54325 72628 68230 4948
is_linear=0
shrinkage=0.05


Tree=48
num_leaves=31
num_cat=0
split_feature=5 4 14 14 13 10 13 10 12 9 13 13 14 10 14 13 10 10 13 13 14 4 1 13 16 16 12 0 12 12
split_gain=23.3176 11.4479 8.50703 8.19845 11.4787 7.84814 18.1996 9.48357 15.5359 21.243 8.64672 7.57464 21.0875 16.2737 21.2346 14.5441 9.16611 19.9707 6.98686 10.9973 9.56106 6.65025 6.24771 6.1416 6.39552 14.1801 6.12061 6.1091 5.85623 15.6803
threshold=0.01797107711901973 0.014473947627983133 -0.00055695222357982066 -0.036818887874406285 30.345000267028812 0.0046996475927222345 12.454999923706056 0.0050726899190508554 0.048021249302454556 -0.0015045836961378176 12.494999885559084 13.59500026702881 0.0091478412114857095 0.00090086479202544656 0.052814661982337315 14.234999656677248 0.0029098937384879346 0.0028352322367303233 17.445000648498539 17.355000495910648 -0.038683719112648444 0.086164500836124092 -0.0071058829226025568 13.500000000000002 -0.0054580335130081639 -0.0059110423098702727 -0.0800835440536906 0.0019933477076972132 -0.035951697828215494 -0.036665528025127118
decision_type=2 2 2 2 2 2 2 2 2 10 2 2 2 2 2 2 2 2 2 2 2 2 2 2 2 2 2 2 2 2
left_child=1 -1 3 18 28 10 -7 8 -8 27 -4 12 23 -14 -15 -13 17 -17 19 -3 -20 -2 -6 24 25 -12 -23 -10 29 -5
right_child=21 2 5 4 22 6 7 -9 9 -11 11 15 13 14 -16 16 -18 -19 20 -21 -22 26 -24 -25 -26 -27 -28 -29 -30 -31
leaf_value=-0.00011087974560110856 4.7931641030013595e-05 4.8214217221819977e-06 -0.00036608301506440823 -1.0312903150172151e-05 0.0006657346096565174 0.0013150428101585451 5.1962585157922275e-05 2.0228666532099377e-05 0.0017745275032942161 0.0002707827140055931 0.00053586119115996069 -0.00019413371204846151 -0.00013283742275755381 9.3382365130616993e-05 0.00085959212403791086 -1.8863640952304852e-06 -0.00031141184203730191 0.00051977612283466107 -0.00010778135849304799 0.0004425033743220076 0.00013926849521530174 0.0018235511632454745 9.7513808576089615e-05 3.7430350649393784e-05 0.00030381062571695726 0.0010344626809833614 0.00069398345182653811 0.00086744209276825874 -0.00010648934474233481 0.00048900296719341617
leaf_weight=20548 83371 39422 1856 3539 123 310 847 7528 85 195 246 8640 5126 1608 337 77125 3054 316 21339 455 1494 115 110 634 1289 43 1187 69 66031 325
leaf_count=20548 83371 39422 1856 3539 123 310 847 7528 85 195 246 8640 5126 1608 337 77125 3054 316 21339 455 1494 115 110 634 1289 43 1187 69 66031 325
internal_value=-0.000281217 -0.000513793 -0.000417642 -0.000686476 -0.00105792 -9.09369e-05 0.00132057 0.000897523 0.00503344 0.0139112 -0.000218104 -0.000154343 0.00120489 -0.000127989 0.00376607 -0.000295901 -8.66525e-05 1.93038e-05 -0.00027109 0.000128268 -0.000968555 0.00044034 0.0100215 0.00546564 0.00713561 0.0138581 0.00398617 0.0277922 -0.00109486 0.0007971
internal_weight=347367 262694 242146 132838 70128 109308 9034 8724 1196 349 100274 98418 9283 7071 1945 89135 80495 77441 62710 39877 22833 84673 233 2212 1578 289 1302 154 69895 3864
internal_count=347367 262694 242146 132838 70128 109308 9034 8724 1196 349 100274 98418 9283 7071 1945 89135 80495 77441 62710 39877 22833 84673 233 2212 1578 289 1302 154 69895 3864
is_linear=0
shrinkage=0.05


Tree=49
num_leaves=31
num_cat=0
split_feature=5 14 14 10 9 14 10 12 12 5 14 6 6 6 9 16 16 10 10 10 12 14 8 14 14 10 14 10 10 0
split_gain=20.5152 10.0685 9.01595 8.5315 26.5772 8.29817 12.4305 7.58608 8.66268 7.33011 7.2521 6.92658 5.96715 5.96102 5.79932 9.22971 6.02589 5.56451 12.0111 13.268 10.579 14.8668 13.7557 11.5405 9.40169 10.1311 22.4612 14.4325 15.1456 8.89491
threshold=0.016244268225707303 0.003286853869637119 -0.036818887874406285 0.0088263757382542902 0.14003205880824635 0.004407866869301503 -0.00033994198899656153 -0.035951697828215494 -0.036665528025127118 0.049498377170743256 -0.018674174310541299 -0.66331782061353439 1.7583104612647695 -1.1070381997785568 0.082216234051502815 -0.018776281503905753 -0.0037530525133465105 0.001263056843109345 0.0029098937384879346 0.0028352322367303233 0.035141540141213297 0.014555585659076444 0.050878058334886463 0.015727597801877272 0.03406338940495391 -0.001437784202310832 0.077019604552505241 -0.00041832988897705364 -0.0010410794067141624 -0.003883259559155305
decision_type=2 2 2 2 8 2 2 2 2 2 2 2 2 2 8 2 2 2 2 2 2 2 10 2 2 2 2 2 2 2
left_child=1 2 13 5 -5 6 14 8 10 11 -4 -2 17 -1 16 -16 -3 24 19 20 23 -22 -23 -19 -7 -26 27 28 -27 -30
right_child=9 3 7 4 -6 12 -8 -9 -10 -11 -12 -13 -14 -15 15 -17 -18 18 -20 -21 21 22 -24 -25 25 26 -28 -29 29 -31
leaf_value=-0.00016177342586443444 -4.7172884397079803e-05 0.00066360186049393022 -0.00020415760851285822 0.00090605375089795501 -5.3768906400281454e-05 -0.00010525693146398252 -0.00016432186752012772 -0.00010661605468559462 0.00035959309294116844 0.0009630293858135235 0.00010878629336855979 5.9260589583755127e-05 0.00011996617296365121 -1.3730789406149168e-05 0.0008110524946617426 5.6361298735238035e-05 0.00033187913025719846 0.00043992761413499324 -4.4391585997657831e-05 0.00049384460737624317 -0.00015629558371355891 0.00053220283693469837 1.8483908845341368e-05 -0.00012510802203689734 -2.4886097960652308e-05 0.00017792464892662434 -0.00028734266700818388 0.00013237076066399526 0.0013081874083176502 0.00059604337642135739
leaf_weight=4870 30508 57 1158 542 1379 26786 922 69005 314 1339 1982 84147 7697 53649 261 677 267 532 9888 303 480 799 382 2333 42372 516 1324 2139 93 171
leaf_count=4870 30508 57 1158 542 1379 26786 922 69005 314 1339 1982 84147 7697 53649 261 677 267 532 9888 303 480 799 382 2333 42372 516 1324 2139 93 171
internal_value=-0.000258612 -0.000531145 -0.000819528 -0.000153124 0.0031468 -0.00021781 0.00282967 -0.00119233 0.00109438 0.000283893 0.000302547 0.000240939 -0.000287274 -0.000357919 0.00605388 0.00406183 0.011821 -0.000403891 0.000483453 0.00252744 0.00184931 0.00502408 0.0080398 8.72481e-06 -0.000581805 -0.000152849 0.00217652 0.00462658 0.0104487 0.0201894
internal_weight=346892 230898 130978 99920 1921 97999 2184 72459 3454 115994 3140 114655 95815 58519 1262 938 324 88118 14717 4829 4526 1661 1181 2865 73401 46615 4243 2919 780 264
internal_count=346892 230898 130978 99920 1921 97999 2184 72459 3454 115994 3140 114655 95815 58519 1262 938 324 88118 14717 4829 4526 1661 1181 2865 73401 46615 4243 2919 780 264
is_linear=0
shrinkage=0.05


Tree=50
num_leaves=31
num_cat=0
split_feature=5 5 11 8 13 13 2 4 14 11 14 11 15 3 11 14 13 11 11 15 3 13 13 11 11 11 11 13 13 11
split_gain=20.1485 9.38656 7.33282 6.65466 18.5352 10.2821 7.49433 6.56171 5.6659 16.2538 15.7781 17.4014 9.49287 7.75167 6.36731 6.45197 12.9716 10.634 13.1995 6.29116 6.25858 5.98451 6.64859 6.04573 7.3995 5.91203 11.3937 13.9446 5.59453 5.12114
threshold=0.012423110144497358 0.025633501062852029 0.04888400580692865 inf 18.214999198913578 26.494999885559086 0.082185127206086631 0.012815106588995802 0.041106720448919616 0.042684586959819588 0.042177860659315065 0.010325604265528312 -0.0058561159043508107 -0.0043652821251907161 0.014880662239239896 0.063107496547525913 13.194999694824221 -0.011292664141508811 -0.015236039284217738 0.00045995356907679868 -0.0020414521979627005 14.920000076293947 15.105000019073488 -0.0016854433058603455 0.0040071098607011866 -0.023458930823045284 -0.033420125215974254 26.284999847412113 38.065000534057624 0.0037058913144433219
decision_type=2 2 2 8 2 2 2 2 2 2 2 2 2 2 2 2 2 2 2 2 2 2 2 2 2 2 2 2 2 2
left_child=7 2 3 8 6 -6 -5 -1 -2 10 11 -10 -13 19 15 16 -12 18 -18 -11 -14 -19 -23 -24 29 26 28 -28 -17 -25
right_child=1 -3 -4 4 5 -7 -8 -9 9 13 14 12 20 -15 -16 25 17 21 -20 -21 -22 22 23 24 -26 -27 27 -29 -30 -31
leaf_value=-0.00014881070154100905 -1.2170394503223865e-05 0.00016197990102867615 -0.00029356880810433293 0.0002408816272192447 -0.00022955554561596278 0.00039413082634977362 0.0010238047714487305 -4.6877149857462884e-05 8.5424308811040759e-05 0.0010694890358925748 0.00083402665620682106 0.0020012350991617418 0.0010590857669333876 0.00028250083844439939 -0.00019458381179140099 -0.00019353172611784591 0.00022397333409817497 -0.00045450541852670354 0.00096401797693290389 0.00036023556374912533 0.00023470311234509829 0.00077669902910637199 -0.00016092777647549482 0.00033307286747077621 2.1057843276438772e-05 -1.7251991175721168e-05 0.0002411822755052914 0.00090422248267315393 0.00018327780966650737 0.0010769592439970634
leaf_weight=6803 146049 25728 2807 199 8074 285 178 115454 525 98 183 42 160 161 3726 2159 538 759 263 42 93 194 1881 1526 2185 23495 2833 298 973 246
leaf_count=6803 146049 25728 2807 199 8074 285 178 115454 525 98 183 42 160 161 3726 2159 538 759 263 42 93 194 1881 1526 2185 23495 2833 298 973 246
internal_value=-0.00023993 4.00963e-05 -7.55618e-05 -3.94352e-05 -0.00138851 -0.00187762 0.00945623 -0.00075689 2.3111e-05 0.000532089 0.000449273 0.00731707 0.0170339 0.0121096 0.000312779 0.000508485 0.001791 0.00147392 0.0069226 0.0207143 0.0133794 0.000831246 0.00135776 0.00105515 0.00216452 0.000173398 0.0015384 0.00367135 -0.000593871 0.00456546
internal_weight=347957 225700 199972 197165 8736 8359 377 122257 188429 42380 42079 820 295 301 41259 37533 7775 7592 801 140 253 6791 6032 5838 3957 29758 6263 3131 3132 1772
internal_count=347957 225700 199972 197165 8736 8359 377 122257 188429 42380 42079 820 295 301 41259 37533 7775 7592 801 140 253 6791 6032 5838 3957 29758 6263 3131 3132 1772
is_linear=0
shrinkage=0.05


Tree=51
num_leaves=31
num_cat=0
split_feature=5 9 12 12 10 14 14 14 11 11 15 0 13 10 16 13 13 11 9 7 15 10 16 9 11 11 10 11 10 16
split_gain=16.2081 9.17101 8.63564 14.0745 8.6147 7.59256 7.57621 18.3292 17.0469 13.6261 8.36715 6.55579 9.95583 11.7914 7.26976 8.28076 29.8014 39.8789 13.6642 10.6928 8.77765 7.86395 6.41059 7.19308 6.23669 10.0079 9.73248 14.6192 25.0416 12.3861
threshold=0.012063527675924593 0.4089583385849746 0.098377714114368922 0.093566605009263407 0.0099108597244759195 -0.042564517769286651 0.041106720448919616 0.042177860659315065 0.010325604265528312 0.042684586959819588 -0.0058561159043508107 0.02561582585984579 12.230000019073488 0.013536418677164265 -0.033542306562645223 22.119999885559086 21.82499980926514 -0.004414694893693615 -0.057669860356883422 0.036767831426780979 0.0063747361330603889 0.0040309091899630731 0.020870171072508329 -0.38027368646786297 -0.023458930823045284 -0.029337474403061222 -0.0086458787594095848 -0.014526458794264228 -0.0040208105245407846 -0.04626393186547189
decision_type=2 10 2 2 2 2 2 2 2 2 2 2 2 2 2 2 2 2 10 2 2 2 2 10 2 2 2 2 2 2
left_child=-1 2 3 6 -5 -4 11 8 22 24 -10 14 13 -13 21 16 20 -18 -19 -20 -16 -2 -8 -24 25 -9 -26 28 29 -28
right_child=1 -3 5 4 -6 -7 7 9 10 -11 -12 12 -14 -15 15 -17 17 18 19 -21 -22 -23 23 -25 26 -27 27 -29 -30 -31
leaf_value=-5.2765706275050218e-05 0.00016964316074008916 0.00027718980507875708 0.00022861668438720791 0.00076509882686426074 -0.00032549608763956486 -0.00034443154304628272 -1.9990925335714048e-05 2.4982205365419364e-05 0.0019132485822744079 0.00071846244898084838 0.00091912012338205896 0.00016238604467608807 7.157209714041065e-05 0.0018115492708035191 -5.7060094511899852e-05 -0.00015824946589400147 0.00018676027422544444 0.0022296217535653058 0.0003326267958668629 0.0013892544163293789 2.8990374465065386e-05 -0.00010653456479350066 0.00087646095410355812 -0.00055251635657075141 -7.6950855997885611e-05 0.00035504108170947909 0.0019867510757235816 3.1134476415301066e-05 0.0010061501495652575 0.00013234399678157868
leaf_weight=109618 5618 7243 416 955 349 4249 472 5683 41 373 291 128 17082 89 93883 12835 639 128 99 109 39905 2610 76 42 18798 3004 69 19927 310 1897
leaf_count=109618 5618 7243 416 955 349 4249 472 5683 41 373 291 128 17082 89 93883 12835 639 128 99 109 39905 2610 76 42 18798 3004 69 19927 310 1897
internal_value=-0.000239641 -7.3752e-06 -6.25237e-05 -1.84563e-05 0.00516104 -0.00219186 -4.85938e-05 0.000487122 0.00747288 0.000358461 0.0165361 -0.000206355 0.000717092 0.0113594 -0.000308871 -0.000389505 -0.000273927 0.0084359 0.022381 0.0144712 -0.000337401 0.00113758 0.00237288 0.0127966 0.00028699 0.00150397 2.91444e-05 0.000737962 0.00453427 0.00245168
internal_weight=346938 237320 230077 225412 1304 4665 224108 50983 922 50061 332 173125 17299 217 155826 147598 134763 975 336 208 133788 8228 590 118 49688 8687 41001 22203 2276 1966
internal_count=346938 237320 230077 225412 1304 4665 224108 50983 922 50061 332 173125 17299 217 155826 147598 134763 975 336 208 133788 8228 590 118 49688 8687 41001 22203 2276 1966
is_linear=0
shrinkage=0.05


Tree=52
num_leaves=31
num_cat=0
split_feature=5 14 14 10 9 12 13 14 10 13 13 10 14 13 14 12 12 12 10 0 10 16 13 13 10 9 14 12 14 15
split_gain=16.1259 8.78466 9.09759 8.38408 27.2454 8.37289 9.90044 7.50075 11.0249 8.65957 8.48523 13.9755 22.5916 12.1887 11.3903 9.934 12.8428 27.9101 21.0505 12.459 10.8399 10.3409 9.44068 17.9962 15.431 22.3244 8.63705 8.11426 17.8088 7.70282
threshold=0.01737695540823014 0.003286853869637119 -0.036818887874406285 0.0088263757382542902 0.21474835979686194 -0.035951697828215494 19.105000495910648 0.004407866869301503 -0.00033994198899656153 19.055000305175785 14.340000152587892 0.00090086479202544656 0.052814661982337315 15.654999732971193 0.00619378828642947 0.044382759046859517 0.01720269272798958 0.0086975784270316731 -0.0032352755768272896 0.0022622311098898788 0.0066242968396955657 -0.010389314973225759 16.510000228881839 16.775000572204593 0.0018675252252127186 -0.033134200909562032 0.013327299702617259 0.018681855298992137 0.057570789081387914 -0.017119443642441608
decision_type=2 2 2 2 8 2 2 2 2 2 2 2 2 2 2 2 2 2 2 2 2 2 2 2 2 10 2 2 2 2
left_child=1 2 -1 7 -5 6 -4 8 9 -3 11 14 -13 15 -9 16 17 20 -19 21 -12 -20 -15 24 27 -26 -25 28 -24 -18
right_child=-2 3 5 4 -6 -7 -8 10 -10 -11 13 12 -14 22 -16 -17 29 18 19 -21 -22 -23 23 26 25 -27 -28 -29 -30 -31
leaf_value=-2.2969914990819074e-05 4.0918427420955539e-05 0.00048318652060686879 0.00020036858581290825 0.00078506853491493297 -9.0782689275600706e-05 -9.8869960730433703e-05 -8.6850019753402049e-05 0.00027316809168342031 -0.00014805986198841457 7.5749075380983691e-05 -2.9929718003873866e-05 1.5506101961285832e-06 0.00069114054216281304 -0.00014615855048282449 -0.00017061911800807288 0.00035389235914662311 0.00038024328588664373 -9.496288720294043e-05 0.0011083627950263216 0.00026752138200566869 0.0005822535017970937 0.00062980093991333566 0.00010722734444075896 -0.00021183267920850456 0.0011608598416854062 0.0002007552269771343 -3.5882345076679148e-06 -8.4994705069119591e-05 0.0008600141492878208 -4.7282636631113412e-05
leaf_weight=64720 94119 731 1756 667 1344 75129 2169 368 1009 651 3064 8988 381 11379 16504 376 327 357 117 490 338 659 2372 4581 188 512 45684 1561 298 6107
leaf_count=64720 94119 731 1756 667 1344 75129 2169 368 1009 651 3064 8988 381 11379 16504 376 327 357 117 490 338 659 2372 4581 188 512 45684 1561 298 6107
internal_value=-0.000248397 -0.00045638 -0.000713065 -0.000117971 0.00308056 -0.00107294 0.00117834 -0.000178062 0.00259096 0.00549204 -0.000241327 -0.00101959 0.000528871 1.9129e-05 -0.00187945 0.00149768 0.00123527 0.00312935 0.00852434 0.0115482 0.000555554 0.0154897 -0.000243711 2.66312e-05 0.00290915 0.00978571 -0.000256144 0.00177145 0.00344569 -0.000244017
internal_weight=346946 252827 143774 109053 2011 79054 3925 107042 2391 1382 104651 26241 9369 78410 16872 11835 11459 5025 1623 1266 3402 776 66575 55196 4931 700 50265 4231 2670 6434
internal_count=346946 252827 143774 109053 2011 79054 3925 107042 2391 1382 104651 26241 9369 78410 16872 11835 11459 5025 1623 1266 3402 776 66575 55196 4931 700 50265 4231 2670 6434
is_linear=0
shrinkage=0.05


Tree=53
num_leaves=31
num_cat=0
split_feature=5 6 6 5 6 11 9 14 14 11 11 1 14 10 2 1 16 9 10 14 5 10 10 11 11 14 4 15 10 11
split_gain=15.3249 9.3382 8.03903 7.12775 5.7539 5.22812 5.17525 5.15298 5.42585 4.85342 10.9949 5.11016 4.68487 7.57695 4.65606 4.41137 4.22248 3.973 3.95898 5.87674 3.85296 3.82633 5.55873 6.03543 4.6186 3.77531 3.75266 3.63641 5.73705 4.95787
threshold=0.01957125636073297 -0.67772055915945584 2.4620962077618 0.0087192873639101078 1.8174561930188755 0.027231962502118127 -0.062995717378930657 -0.098691693357393515 -0.067583665573298909 0.047954932638038301 0.045591167028525621 -0.03084064085362381 0.066380812843571571 0.00040263082252767207 0.0014886393045526749 0.014832960577780942 0.042748182376066486 -0.25887374184289808 0.0083489138297085947 0.009860755526874045 0.035668929112265997 -0.020247544478179221 -0.023232598164511228 -0.015644721758425569 -0.043674023036412872 -0.10344834121785244 0.017492900705610711 0.0059760337706101794 0.014185279443120093 0.042684586959819588
decision_type=2 2 2 2 2 2 8 2 2 2 2 2 2 2 2 2 2 8 2 2 2 2 2 2 2 2 2 2 2 2
left_child=1 26 5 -3 6 20 14 -6 16 10 21 -12 17 -14 18 -15 -9 -7 25 -20 -2 22 -8 -24 -23 -5 -1 -26 -29 -30
right_child=2 3 -4 4 7 12 9 8 -10 -11 11 -13 13 15 -16 -17 -18 -19 19 -21 -22 24 23 -25 27 -27 -28 28 29 -31
leaf_value=-9.3137216772625159e-05 4.9691000590306425e-05 -9.1055444404784729e-05 0.00069489698031105756 0.00038012778756221853 -0.00022869701601007904 0.00053782209391297177 -3.2239760173675235e-05 0.00047280839663244755 8.6448124849088854e-05 -0.00034618866017848766 0.00041603043738771493 0.00027155536541614801 -5.2960161010539612e-05 0.00016258795620917443 0.00014021562053510077 0.0019114133954781381 0.0011969926565390794 -0.00017446505194523897 0.00013944558592630143 0.00079483014113120726 0.00040605471621816375 0.00018081268916425426 0.00041927465886056373 -6.9462241288159531e-05 -4.4488857099644898e-05 -3.1948821779690866e-05 -5.5495518834529576e-05 1.8515813795528654e-05 -0.00016516486701937999 0.00030463593542911865
leaf_weight=17242 47478 11996 2684 175 1855 618 1103 1259 17100 1539 64 688 241 46 6579 90 40 7936 2498 41 5167 827 534 261 109247 14871 50975 38281 5519 180
leaf_count=17242 47478 11996 2684 175 1855 618 1103 1259 17100 1539 64 688 241 46 6579 90 40 7936 2498 41 5167 827 534 261 109247 14871 50975 38281 5519 180
internal_value=-0.000234838 -0.00039318 0.000462184 -0.000231231 -0.000161132 0.000345426 -0.000249909 0.000638391 0.000891623 -0.000353982 -0.00032654 0.00570479 -0.000773151 0.0046817 0.000431633 0.0141176 0.00400693 -0.00101356 7.10714e-06 0.0018334 0.000535187 -0.000355623 0.00187566 0.00506289 -0.000383114 -0.000301078 -0.000902782 -0.000403226 -1.93282e-05 -0.00149939
internal_weight=347134 282874 64260 214657 202661 61576 182407 20254 18399 158243 156704 752 8931 377 24164 136 1299 8554 17585 2539 52645 155952 1898 795 154054 15046 68217 153227 43980 5699
internal_count=347134 282874 64260 214657 202661 61576 182407 20254 18399 158243 156704 752 8931 377 24164 136 1299 8554 17585 2539 52645 155952 1898 795 154054 15046 68217 153227 43980 5699
is_linear=0
shrinkage=0.05


Tree=54
num_leaves=31
num_cat=0
split_feature=4 6 13 11 14 6 12 12 10 12 9 13 11 12 10 9 13 8 14 11 9 13 15 14 10 12 14 12 13 14
split_gain=13.508 8.46337 7.40985 7.34456 6.98263 6.76737 6.4322 13.386 7.43412 6.15764 6.23716 5.79362 12.2655 32.9265 46.3262 10.9494 8.07454 10.1788 7.34666 28.4251 32.7039 13.6693 14.4319 11.3752 21.7701 9.6262 8.47037 7.88859 14.1536 8.55143
threshold=0.020575624134609009 2.4620962077618 49.655000686645515 -0.0070304120206733925 0.15522193331306103 -0.83113957949448503 0.098377714114368922 0.093566605009263407 0.0099108597244759195 0.054230156972347017 -0.14967673737977069 18.510000228881839 -0.0033635921331804926 0.073733903664651171 -0.0013492483316671631 0.045177990134683606 18.429999351501468 0.11406715346157316 -0.067583665573298909 0.02573480883905466 -0.082636822185119294 18.105000495910648 0.010566402693574896 -0.071225645536492452 0.010636898013684839 0.027544134222988518 1.0000000180025095e-35 -0.0097422082030401685 17.530000686645511 0.035115678917499234
decision_type=2 2 2 2 2 2 2 2 2 2 10 2 2 2 2 10 2 8 2 2 10 2 2 2 2 2 2 2 2 2
left_child=3 2 6 9 5 -5 7 11 -9 10 -1 16 13 -13 -15 -16 18 -18 19 23 21 22 -21 25 -25 -2 -20 -28 -29 -30
right_child=1 -3 -4 4 -6 -7 -8 8 -10 -11 -12 12 -14 14 15 -17 17 -19 26 20 -22 -23 -24 24 -26 -27 27 28 29 -31
leaf_value=-6.2921925991490167e-05 -9.519016230802725e-05 0.00024641733609314124 0.00057765714606417874 -0.00011598748800169159 0.00020066563764979778 -4.8033195634858193e-05 -0.00024062703670581082 0.00070294013243190896 -0.00028911380721699314 -0.00024738950607432089 4.7568087259949655e-05 -5.341343920740389e-06 -0.00012842945147063082 -0.00055605717107685591 0.0019540857010714326 0.0006061852220998348 0.00045378344745287957 -0.00023647161549476836 -4.9653491818048195e-05 0.00085698527362169366 0.00017060252067385083 -0.00016382798330364672 0.0011146404318742888 0.00014759409945092256 0.0011328508462650749 0.00018930911539417791 -0.00014149502740281366 3.3777972529600572e-05 -1.2365541815878714e-05 0.00042492783631605294
leaf_weight=9164 9151 9919 413 18800 503 84204 4169 830 315 1234 17714 42677 29156 282 268 88 637 308 58705 336 1115 117 337 777 296 3263 4295 43204 1406 3372
leaf_count=9164 9151 9919 413 18800 503 84204 4169 830 315 1234 17714 42677 29156 282 268 88 637 308 58705 336 1115 117 337 777 296 3263 4295 43204 1406 3372
internal_value=-0.000243262 5.55818e-07 -6.82924e-05 -0.000642348 -0.000836998 -0.000865696 -8.17646e-05 -4.14325e-05 0.00534934 7.43443e-05 0.000232903 -7.23271e-05 -0.000429207 0.000104466 0.0113793 0.0233708 0.000130812 0.00473545 9.63794e-05 0.00112006 0.00683727 0.0146203 0.0173626 0.000312522 0.00525163 -0.000114388 -4.55942e-05 0.000417295 0.000601058 0.00318334
internal_weight=347055 215436 205517 131619 103507 103004 205104 200935 1145 28112 26878 199790 72471 43315 638 356 127319 945 126374 15392 1905 790 673 13487 1073 12414 110982 52277 47982 4778
internal_count=347055 215436 205517 131619 103507 103004 205104 200935 1145 28112 26878 199790 72471 43315 638 356 127319 945 126374 15392 1905 790 673 13487 1073 12414 110982 52277 47982 4778
is_linear=0
shrinkage=0.05


Tree=55
num_leaves=31
num_cat=0
split_feature=6 4 12 12 14 8 12 14 16 9 16 12 12 10 10 10 12 14 16 9 3 2 10 12 10 12 12 4 9 10
split_gain=13.4122 10.8251 6.22791 10.4564 7.79466 5.74381 7.48336 5.84911 9.98037 5.71028 5.63465 6.52025 7.41101 22.4513 16.6611 14.2412 12.8099 13.3002 6.8821 6.29388 6.17666 5.88766 5.51201 10.1378 7.39011 7.20533 21.9009 4.97386 4.96612 5.43084
threshold=0.99057864206502544 0.019958986605111011 0.098377714114368922 0.093566605009263407 -0.042564517769286651 inf -0.051373899775069835 -0.073802250117532039 0.011854344366347027 0.4089583385849746 -0.03225061232786796 -0.0013043868274282275 0.0048491257127185614 1.0000000180025095e-35 -0.0040208105245407846 -0.0022250853133904398 -0.00096374803615406613 -0.11544121967691799 -0.018117896874766001 -0.091346411818507597 -0.0027632179982057243 0.084946493127050507 0.0091384647102960032 -0.034576143725799417 -0.014256563971479506 -0.0042212478114914123 -0.011339323936739419 0.012545021560280574 0.14939038607509905 -0.0010410794067141624
decision_type=2 2 2 2 2 8 2 2 2 10 2 2 2 2 2 2 2 2 2 10 2 2 2 2 2 2 2 2 10 2
left_child=1 27 3 5 -4 10 -7 8 -8 -2 20 22 13 14 19 21 -15 18 -18 -13 -3 -16 24 -24 -12 26 -25 -1 29 -17
right_child=9 2 4 -5 -6 6 7 -9 -10 -11 11 12 -14 16 15 28 17 -19 -20 -21 -22 -23 23 25 -26 -27 -28 -29 -30 -31
leaf_value=-0.00014912210048781044 5.1099748628276808e-05 -1.9608675409836985e-05 0.00025747868035062523 0.00044208227367030311 -0.00033078872471923129 0.00042649880928897349 -0.00059680365191328813 -0.00022180004330682926 0.00084977271537611311 0.00069006750578672982 8.0146436224451921e-05 -7.3606123625625565e-05 -4.2339343787678788e-06 0.0016091067756712118 0.00098346524013715234 5.7745468342250437e-06 0.00066926303956634653 -0.00026235454599316465 0.00016501820047529564 0.00033101101536552708 0.00016057080004579225 -2.7141848450100382e-05 -8.8360708459528511e-05 0.0001349061747603345 -0.00010882432200630492 -0.00022562791959704239 0.00076065556207540299 -4.5494108998002649e-05 0.00069957344859898965 0.00064859489147148989
leaf_weight=4727 51842 5708 341 959 3581 446 254 7148 174 1404 5114 1145 106279 133 365 457 136 3950 695 1383 7035 48 4956 3965 36132 823 450 97078 208 185
leaf_count=4727 51842 5708 341 959 3581 446 254 7148 174 1404 5114 1145 106279 133 365 457 136 3950 695 1383 7035 48 4956 3965 36132 823 450 97078 208 185
internal_value=-0.000222705 -0.000354999 -0.000134067 -9.29599e-05 -0.00210607 -0.00011964 -0.00142857 -0.0017991 0.0038785 0.000507455 -6.10336e-05 -0.000138623 7.07043e-05 0.00147329 0.00436428 0.00905384 -0.000757022 -0.00118281 0.00456679 0.00202136 0.000952286 0.0166707 -0.000606533 0.000434568 -0.000863843 0.00196831 0.00276897 -0.00077182 0.00535294 0.00317757
internal_weight=347121 293875 192070 188148 3922 187189 8022 7576 428 53246 179167 166424 114984 8705 3791 1263 4914 4781 831 2528 12743 413 51440 10194 41246 5238 4415 101805 850 642
internal_count=347121 293875 192070 188148 3922 187189 8022 7576 428 53246 179167 166424 114984 8705 3791 1263 4914 4781 831 2528 12743 413 51440 10194 41246 5238 4415 101805 850 642
is_linear=0
shrinkage=0.05


Tree=56
num_leaves=31
num_cat=0
split_feature=5 9 11 14 14 10 11 8 10 15 10 13 9 11 15 8 13 13 14 10 15 10 6 2 4 11 13 13 14 11
split_gain=13.9103 7.73813 7.9387 9.50808 7.1131 11.544 33.604 7.74127 6.54438 9.09104 8.35279 9.45279 9.20885 7.9749 7.73335 6.09895 6.04549 5.76753 7.68751 32.3193 11.407 7.65803 5.76139 5.41673 5.39651 5.31553 8.24884 5.79404 8.0585 8.23661
threshold=0.018066726774017706 -0.045866056300704165 -0.0070304120206733925 0.15522193331306103 -0.13532199000438486 0.011920444986762148 -0.0087472165989830857 0.015563719891964702 0.0027897617515871835 0.037331228257165068 0.001263056843109345 20.255000114440922 0.011253691814833157 -0.0073061867364953006 -0.0097623222407970927 0.026785549289774283 19.625000000000004 16.935000419616703 -0.12096344977185801 0.011005278510049512 0.010566402693574896 -0.015857538372193832 -0.24043829262582214 -0.0073524872975881941 0.012545021560280574 -0.023458930823045284 17.945000648498539 18.904999732971195 0.0037598780805861991 -0.028866673855592325
decision_type=2 8 2 2 2 2 2 10 2 2 2 2 10 2 2 10 2 2 2 2 2 2 2 2 2 2 2 2 2 2
left_child=1 23 4 17 -3 8 16 -8 10 13 25 12 -12 -10 -13 -15 -7 18 19 20 -4 -20 -2 -1 -23 26 -6 28 -28 -30
right_child=22 2 3 -5 5 6 7 -9 9 -11 11 14 -14 15 -16 -17 -18 -19 21 -21 -22 24 -24 -25 -26 -27 27 -29 29 -31
leaf_value=-1.5150968480375692e-05 -5.9119701909685195e-06 -0.00025070465844118941 0.00044422955178774872 0.00025149607394214113 -0.0002290812087482982 0.00028292452783453822 0.001336938927474513 0.0033276674670027909 -0.00018251252408020904 0.001795761201139447 8.3572372944321725e-05 0.00039716159346996939 0.00054970844898104265 0.00011615456226618221 -0.00017397796632612244 0.00078834693351722662 -0.00014663638506477191 -9.3208103958666145e-05 0.0003095296107419329 -8.9424492807289432e-05 0.0010340866523042185 -0.000151530418098967 0.00011146465288556702 0.00010005229473663695 -4.1335902588125452e-05 -2.5101626565882405e-05 3.457938215163632e-05 5.3545196347316169e-05 -9.7457936085460474e-05 0.00048391639896437156
leaf_weight=25512 43214 1706 152 1077 1237 465 159 167 7853 40 1006 92 849 426 794 95 873 49815 321 1090 185 3704 40122 13929 114982 26550 1334 8227 306 979
leaf_count=25512 43214 1706 152 1077 1237 465 159 167 7853 40 1006 92 849 426 794 95 873 49815 321 1090 185 3704 40122 13929 114982 26550 1334 8227 306 979
internal_value=-0.000219735 -0.000397557 -0.00051104 -0.000676664 2.27611e-05 0.000128079 0.00422476 0.0186196 -8.83866e-06 -0.00128001 0.000249673 0.00291682 0.00494609 -0.0013936 -0.00133183 0.00459693 0.000717488 -0.00070629 -0.000519124 0.00312894 0.0166617 -0.000562867 0.000343428 0.000248344 -0.000583726 6.04394e-05 0.000929818 0.00137101 0.00341924 0.00624513
internal_weight=347261 263925 224484 171326 53158 51452 1664 326 49788 8414 41374 2741 1855 8374 886 521 1338 170249 120434 1427 337 119007 83336 39441 118686 38633 12083 10846 2619 1285
internal_count=347261 263925 224484 171326 53158 51452 1664 326 49788 8414 41374 2741 1855 8374 886 521 1338 170249 120434 1427 337 119007 83336 39441 118686 38633 12083 10846 2619 1285
is_linear=0
shrinkage=0.05


Tree=57
num_leaves=31
num_cat=0
split_feature=5 5 11 6 11 11 13 11 10 10 10 15 13 7 13 10 9 6 11 13 13 15 10 11 11 13 15 10 10 9
split_gain=12.9558 7.41945 6.86201 6.56993 6.48275 16.852 12.2976 10.2316 9.52204 10.0871 8.53663 9.29847 7.81713 7.63666 7.27478 6.85321 10.0679 5.94248 4.92142 5.51789 13.9846 19.9163 14.3412 9.55776 9.67617 7.27118 7.31911 5.9821 13.593 10.067
threshold=0.018256375181121803 0.0086365747014514951 0.04888400580692865 -0.641665808790716 0.02573480883905466 0.029607295958135497 12.454999923706056 0.042684586959819588 0.0094779140604006624 0.00040263082252767207 0.010000560194363352 0.010566402693574896 16.675000190734867 0.012108094667235171 13.434999942779543 0.0046996475927222345 -0.064842216754617418 1.8174561930188755 -0.0070304120206733925 20.500000000000004 20.375000000000004 0.0066284545769577105 -0.017312000709356064 -0.028186654574093969 -0.031453464626615406 23.965000152587894 -0.011433335309002477 0.0034641248169459131 0.0018205725839071098 0.029665215706867868
decision_type=2 2 2 2 2 2 2 2 2 2 2 2 2 2 2 2 8 2 2 2 2 2 2 2 2 2 2 2 2 10
left_child=1 -1 3 -3 18 8 -7 -8 9 13 11 -10 14 -6 -11 -14 -17 -2 19 20 22 -22 -5 24 -21 -26 -27 28 -24 -30
right_child=17 2 -4 4 5 6 7 -9 10 12 -12 -13 15 -15 -16 16 -18 -19 -20 23 21 -23 27 -25 25 26 -28 -29 29 -31
leaf_value=-9.820723074082852e-05 2.8457297420842229e-05 -5.24944172850074e-05 -0.00036384603600383986 0.00043438096211772105 0.00066956821396521138 0.0010761939860370895 -0.00011327951135592199 0.00016561310742093326 0.00030270629154216023 0.00019885921048602004 0.0003417525389262404 0.00099326191297641067 7.1663304121753817e-05 0.00037605153055047651 -0.00025824340180675715 0.0013189007666217416 0.00030616114880624418 0.00036487731561426974 -3.199684711746449e-05 1.9515312620240239e-06 0.00015707964416108452 0.002078466744703438 3.4842733462907579e-05 -0.00010864883142181951 0.00014959537392729948 0.00091287568910792052 0.00028116930707564194 -9.503222704614101e-05 0.00022399779599618203 0.0012398771682195673
leaf_weight=13856 74731 65432 1880 649 105 323 8824 2321 133 558 921 161 679 192 1355 65 571 5791 121050 4994 527 249 21126 11782 880 111 438 6549 380 145
leaf_count=13856 74731 65432 1880 649 105 323 8824 2321 133 558 921 161 679 192 1355 65 571 5791 121050 4994 527 249 21126 11782 880 111 438 6549 380 145
internal_value=-0.000208751 -0.000376819 -0.000314977 -0.000292393 -0.000140151 0.000815028 -0.000221487 -0.000500226 0.00332278 0.00200709 0.00713992 0.0145578 0.00119579 0.0108249 -0.000844225 0.0041635 0.00789308 0.000346985 -0.000231823 0.000197574 0.000618564 0.00724227 0.000440395 -0.000487505 0.00106414 0.00469209 0.00920765 0.000271275 0.000671792 0.00861905
internal_weight=346778 266256 252400 250520 185088 16208 11468 11145 4740 3525 1215 294 3228 297 1913 1315 636 80522 168880 47830 29625 776 28849 18205 6423 1429 549 28200 21651 525
internal_count=346778 266256 252400 250520 185088 16208 11468 11145 4740 3525 1215 294 3228 297 1913 1315 636 80522 168880 47830 29625 776 28849 18205 6423 1429 549 28200 21651 525
is_linear=0
shrinkage=0.05


Tree=58
num_leaves=31
num_cat=0
split_feature=5 5 12 12 10 13 13 13 11 12 12 13 13 10 11 15 0 5 14 14 10 13 12 13 12 4 12 11 9 13
split_gain=12.1164 8.26604 7.52957 8.628 7.76767 6.04447 5.93191 8.1437 5.90417 16.1798 22.0926 5.76757 17.7382 8.10575 7.76273 7.45039 5.45509 5.29682 4.61469 7.95484 7.78953 4.78022 4.44856 10.5361 20.2066 9.83657 8.09725 15.6569 13.0046 10.3574
threshold=0.019211925873981479 0.0097189464883686103 0.098377714114368922 0.093566605009263407 0.0099108597244759195 30.345000267028812 18.005000114440922 17.914999961853031 0.0024175413118870952 0.073733903664651171 0.08698424572651188 26.85000038146973 26.284999847412113 -0.020247544478179221 -0.025066538168062032 -0.011433335309002477 0.015089954487026437 0.040094754043393042 -0.053534792570075034 -0.04578454363779693 0.0095301201573585476 35.690000534057624 -0.0013043868274282275 21.82499980926514 0.073733903664651171 0.021919217395931671 0.0048491257127185614 0.017990384035390997 0.23417239728481845 19.085000038146976
decision_type=2 2 2 2 2 2 2 2 2 2 2 2 2 2 2 2 2 2 2 2 2 2 2 2 2 2 2 2 8 2
left_child=1 -1 3 5 -5 11 7 -2 9 17 -11 12 13 14 -3 -14 22 -8 21 20 -20 -10 -15 26 -25 -26 27 28 29 -24
right_child=6 2 -4 4 -6 -7 8 -9 18 10 -12 -13 15 16 -16 -17 -18 -19 19 -21 -22 -23 23 24 25 -27 -28 -29 -30 -31
leaf_value=-6.7335371942737912e-05 0.00011186166555764497 0.00041455836005279632 -0.0002781597811953109 0.00037815132668993429 -0.00035516073663393927 0.00016513587223436577 1.3231846276134731e-05 0.00061121296980052025 -0.00037868496585400984 0.0021666434600271598 0.00043784186529545406 -0.00018657969792133867 0.00070740009209640023 -5.7355519829833722e-05 -2.267222802033806e-05 0.00016793026403112533 2.5983713644210375e-05 0.00056456426436123639 0.00017168480573925157 -6.4599430074029296e-05 0.00089593621193363466 0.00018121798904345069 0.00033327229465295602 9.6102009533043933e-05 0.00044713701259095352 0.001345748154396613 -3.1958443481437081e-05 -0.00027529579780731641 -7.9230353646952623e-05 -2.092178037852854e-05
leaf_weight=35678 32269 667 3158 839 272 1660 18455 826 4224 142 231 3015 295 50169 583 599 33845 1203 482 9856 109 374 3990 1672 88 182 136832 1831 2276 1222
leaf_count=35678 32269 667 3158 839 272 1660 18455 826 4224 142 231 3015 295 50169 583 599 33845 1203 482 9856 109 374 3990 1672 88 182 136832 1831 2276 1222
internal_value=-0.00020522 -0.00035129 -0.000247025 -0.000215114 0.00418092 -0.000235555 0.000392321 0.000872487 -6.07265e-05 0.000501472 0.0108177 -0.000256591 -0.000228623 -0.000255554 0.00376 0.00680089 -0.000277179 0.000305727 -0.00080924 -0.000228296 0.00540609 -0.00212919 -0.00037733 -0.000239479 0.00341915 0.0161111 -0.000288094 0.001138 0.00215144 0.00352839
internal_weight=347044 278873 243195 240037 1111 238926 68171 33095 35076 20031 373 237266 234251 233357 1250 894 232107 19658 15045 10447 591 4598 198262 148093 1942 270 146151 9319 7488 5212
internal_count=347044 278873 243195 240037 1111 238926 68171 33095 35076 20031 373 237266 234251 233357 1250 894 232107 19658 15045 10447 591 4598 198262 148093 1942 270 146151 9319 7488 5212
is_linear=0
shrinkage=0.05


Tree=59
num_leaves=31
num_cat=0
split_feature=4 6 9 13 13 13 14 9 14 12 16 13 7 14 16 14 12 6 12 13 0 9 12 16 13 0 8 12 13 16
split_gain=11.2724 8.46068 6.18199 5.24758 4.99531 12.5562 8.10519 6.46759 6.30815 7.33147 6.39526 6.12197 5.85529 7.70501 6.40414 5.03206 16.1064 4.95696 4.46108 4.40428 4.35766 4.16922 4.12889 6.73893 6.52964 4.54202 4.07263 8.6819 8.83067 5.40606
threshold=0.029002610980408187 -0.94954886579022346 -0.068429141506979083 49.655000686645515 18.005000114440922 17.914999961853031 -0.055909224672121997 0.025681508322008554 -0.049354087797768446 0.076145654651098141 0.080133972222260277 17.355000495910648 -0.021717888081284328 -1.0000000180025095e-35 -0.064834121283380716 -0.052338025823469685 -0.0039943573579758742 1.7583104612647695 -0.039248351692988841 35.690000534057624 -0.0015405315117404947 -0.33205656528329586 -0.027486551032664949 -0.013433087029130762 25.19999980926514 0.021808412786680557 -0.24217407014603801 -0.051373899775069835 18.214999198913578 0.030280480151167136
decision_type=2 2 8 2 2 2 2 10 2 2 2 2 2 2 2 2 2 2 2 2 2 8 2 2 2 2 10 2 2 2
left_child=1 -1 -3 4 5 8 19 -7 9 10 18 -11 14 -14 -10 16 -8 26 -2 22 -13 -20 23 24 -6 -26 27 -4 29 -29
right_child=3 2 17 -5 6 7 15 -9 12 11 -12 20 13 -15 -16 -17 -18 -19 21 -21 -22 -23 -24 -25 25 -27 -28 28 -30 -31
leaf_value=-7.9519603300394771e-05 0.00071548079632527037 4.5803875709225358e-05 0.00030411109370234886 0.0006915045260985765 -0.00031705376996596444 0.00085830957440390934 0.00075655073020852379 7.5429775721214205e-05 0.0018667757381365193 0.00011723512580427676 0.0011793445056698974 0.00028955161289760315 -4.3867557191724379e-05 0.0002137210734554636 -0.0001099024409171108 2.6526640754997929e-05 -0.00026589195285075862 5.385474293796854e-05 0.0016786702802546766 0.00017598648655970601 0.001309647290386884 0.00013099671207488016 -5.2587694953505458e-05 -0.00047979618229978323 -1.5622702435321789e-06 0.0005326423771564435 -2.7624463785383706e-05 0.00015543959625689409 -0.00020613083309852257 0.00083215995295513609
leaf_weight=31675 85 22823 449 363 1060 703 187 378 42 194 43 79 11841 11995 12102 32912 341 17767 154 406 223 8241 5441 3917 356 334 176412 203 6264 83
leaf_count=31675 85 22823 449 363 1060 703 187 378 42 194 43 79 11841 11995 12102 32912 341 17767 154 406 223 8241 5441 3917 356 334 176412 203 6264 83
internal_value=-0.000181562 -0.000351931 -0.000243772 0.00029503 0.000271106 0.000636935 -0.000103885 0.00596207 0.00050901 0.00169143 0.00134753 0.00760081 0.000212617 0.000667896 -0.000680996 0.000290071 0.00513257 -0.000332244 0.00125 -0.00124805 0.012053 0.0011346 -0.001435 -0.00237957 0.000199999 0.00398551 -0.000409491 -0.00159237 -0.00205344 0.00653846
internal_weight=347073 255676 224001 91397 91034 46080 44954 1081 44999 9019 8523 496 35980 23836 12144 33440 528 201178 8480 11514 302 8395 11108 5667 1750 690 183411 6999 6550 286
internal_count=347073 255676 224001 91397 91034 46080 44954 1081 44999 9019 8523 496 35980 23836 12144 33440 528 201178 8480 11514 302 8395 11108 5667 1750 690 183411 6999 6550 286
is_linear=0
shrinkage=0.05


Tree=60
num_leaves=31
num_cat=0
split_feature=6 4 9 8 10 10 6 11 11 11 8 11 13 10 10 11 12 15 8 10 11 13 12 10 7 11 11 13 11 10
split_gain=9.5927 7.05103 5.83835 5.04766 5.70948 8.89531 4.88717 4.79985 5.94764 5.47569 4.48641 3.96128 3.8113 3.79448 9.63825 10.3595 18.0539 11.6259 9.65272 8.13788 7.95738 7.31087 8.92799 7.00252 5.3066 5.03311 5.71324 4.45669 4.30434 7.77616
threshold=-0.641665808790716 0.039398197299710148 -0.066621409341982671 -0.021878695832567126 0.010636898013684839 0.01075261894328672 1.6995892994676665 0.017027234780288007 0.015629796183489589 0.013298964163099282 0.047634151588933589 0.012168405530195938 12.230000019073488 0.01075261894328672 0.0088263757382542902 0.021563069340693967 0.033816848191430944 0.0069823467915689505 0.041629885256242678 0.0094779140604006624 0.040649708867645969 12.434999942779543 0.029085927178424512 0.010000560194363352 0.070088241263851284 0.0076914611036220668 0.042684586959819588 19.159999847412113 -0.017414661079240442 0.0027897617515871835
decision_type=2 2 8 10 2 2 2 2 2 2 10 2 2 2 2 2 2 2 10 2 2 2 2 2 2 2 2 2 2 2
left_child=7 2 3 4 -2 11 13 8 9 -1 -3 -6 -5 14 28 19 23 -18 20 27 -19 24 25 -17 -15 -23 -27 -16 29 -4
right_child=1 10 6 12 5 -7 -8 -9 -10 -11 -12 -13 -14 21 15 16 17 18 -20 -21 -22 22 -24 -25 -26 26 -28 -29 -30 -31
leaf_value=-3.0037837504289481e-05 -1.3678418973113439e-05 4.3769932593991914e-05 4.5864352270983088e-05 0.0010810789267548637 -0.00016263721219179374 0.000142164387807547 6.0088673139431041e-05 -0.00011375889339569292 0.00014540507158444845 -0.00016727850886546819 0.00035684006012047498 0.00070097600565302489 0.0001411595420134286 0.00038354155147866996 0.00024222460692230026 -0.00010678734638450928 0.00016105264275094171 0.00089769543718738851 0.00017750532371909889 -7.1903590776073236e-05 -0.00033513895104828403 4.7449738939477064e-05 -0.00024704549705025961 0.00040832322914671884 0.0013665940510069572 -0.00017308571151695897 0.00023463527121297381 -5.1686249909177749e-05 -3.621934766091745e-05 -0.0002311641260804871
leaf_weight=62473 19033 17319 18562 107 43 1750 22305 20709 3156 5529 7483 146 9053 239 1829 1344 400 479 139 5195 62 5827 5865 500 60 3807 261 694 130275 2591
leaf_count=62473 19033 17319 18562 107 43 1750 22305 20709 3156 5529 7483 146 9053 239 1829 1344 400 479 139 5195 62 5827 5865 500 60 3807 261 694 130275 2591
internal_value=-0.000193026 -3.54011e-05 -0.000121572 0.000527345 9.96555e-05 0.00268437 -0.000219126 -0.000631185 -0.000436214 -0.000534691 0.000765663 0.0129894 0.00150655 -0.000306493 -0.000233851 0.00122063 0.00375513 0.00888889 0.0128676 0.000260429 0.0158872 -0.00103961 -0.00118655 0.000748372 0.00670568 -0.00027034 -0.00161996 0.00259017 -0.000336068 0.000325485
internal_weight=347235 255368 230566 30132 20972 1939 200434 91867 71158 68002 24802 189 9160 178129 162070 10642 2924 1080 680 7718 541 16059 15760 1844 299 9895 4068 2523 151428 21153
internal_count=347235 255368 230566 30132 20972 1939 200434 91867 71158 68002 24802 189 9160 178129 162070 10642 2924 1080 680 7718 541 16059 15760 1844 299 9895 4068 2523 151428 21153
is_linear=0
shrinkage=0.05


Tree=61
num_leaves=31
num_cat=0
split_feature=5 12 5 8 11 12 10 5 10 10 0 9 10 11 12 10 10 14 12 15 10 16 10 0 14 14 14 12 12 16
split_gain=10.4378 7.3299 6.4596 7.428 6.72867 5.51565 5.76721 5.49846 5.15375 8.19116 5.249 6.31041 5.19218 6.44858 11.1692 7.92607 12.3123 32.7367 10.0276 9.30303 7.79505 13.5872 7.19632 6.85366 9.25695 10.101 6.27808 6.13876 9.44268 8.93473
threshold=0.01797107711901973 0.098377714114368922 0.00904496450700654 -0.24217407014603801 -0.043674023036412872 0.093566605009263407 0.0099108597244759195 0.040094754043393042 -0.015213589282174643 -0.015449557438202309 -0.010223937530094649 0.046472448450228916 -0.0086458787594095848 -0.0070304120206733925 -0.037182022150964049 0.0027897617515871835 0.011920444986762148 -0.068623004427642229 0.054230156972347017 0.037331228257165068 0.001263056843109345 -0.04626393186547189 -0.0080075928939195556 0.0090828852424968982 -0.018674174310541299 -0.029587498132827402 -0.12635401997537379 -0.013469657386432075 -0.036665528025127118 -0.03225061232786796
decision_type=2 2 2 10 2 2 2 2 2 2 2 10 2 2 2 2 2 2 2 2 2 2 2 2 2 2 2 2 2 2
left_child=1 2 -1 4 -4 8 -7 -2 9 -5 -11 -12 -10 15 -15 18 19 26 20 -17 27 -22 -16 -23 25 -25 -18 28 -14 -29
right_child=7 -3 3 5 -6 6 -8 -9 12 10 11 -13 13 14 22 16 17 -19 -20 -21 21 23 -24 24 -26 -27 -28 29 -30 -31
leaf_value=-7.4895405142034349e-05 2.4402682064346281e-05 -0.00026184740134709532 0.00024183215865641855 3.9889182254372961e-05 -0.00018152576494662217 0.00035003541075973791 -0.00032606557916340208 0.00048160615931345119 -9.6399735842559895e-05 9.1895241889860952e-05 0.00074365000204044019 0.00018556795699401204 9.2524715222681994e-05 -0.0002291197972740601 0.00026119158505706294 -0.00014544936249293511 -0.00030832583280300383 0.0022197997521164825 -0.0002811221058381589 0.0018847483367057682 0.00068494733300945203 8.5850300786249491e-05 -2.164682821869583e-05 4.448875860671061e-05 2.9374071007833724e-05 0.00083862844837742374 0.00011177176116790212 0.00031824979233969586 -0.00012403148878663642 6.1635117954685003e-05
leaf_weight=20744 80568 3004 638 8655 8482 807 251 4032 14677 379 237 169 3672 4593 342 9835 927 338 1211 43 79 1580 160808 187 426 327 1488 1596 4625 12392
leaf_count=20744 80568 3004 638 8655 8482 807 251 4032 14677 379 237 169 3672 4593 342 9835 927 338 1211 43 79 1580 160808 187 426 327 1488 1596 4625 12392
internal_value=-0.000191611 -0.000347262 -0.000318835 -0.000245306 -0.00164474 -0.00018973 0.0034121 0.00029137 -0.000206401 0.000937499 0.00582802 0.00977832 -0.000255675 -0.00019047 -0.000326199 0.000390434 -0.000637718 0.00231929 0.0008881 -0.00146184 0.00110432 0.00369565 -0.000256905 0.00305555 0.00643617 0.0109533 0.000279502 0.000802108 -0.000275402 0.00144123
internal_weight=347112 262512 259508 238764 9120 229644 1058 84600 228586 9440 785 406 219146 204469 165743 38726 12631 2753 26095 9878 24884 2599 161150 2520 940 514 2415 22285 8297 13988
internal_count=347112 262512 259508 238764 9120 229644 1058 84600 228586 9440 785 406 219146 204469 165743 38726 12631 2753 26095 9878 24884 2599 161150 2520 940 514 2415 22285 8297 13988
is_linear=0
shrinkage=0.05


Tree=62
num_leaves=31
num_cat=0
split_feature=6 5 4 12 12 12 12 13 12 15 9 8 7 12 11 9 3 12 13 13 11 14 14 16 14 14 10 13 13 12
split_gain=8.8895 8.8115 6.18754 5.68617 6.78575 4.41333 5.82327 7.93238 10.3603 20.2719 9.61423 9.51539 8.1102 7.98 18.7524 13.4187 7.79047 7.14437 14.2464 6.65828 7.27261 5.28669 9.64017 5.44393 5.12762 4.51199 7.38158 6.92271 7.89459 31.0668
threshold=-0.33459145527956852 0.030250635276028979 0.014473947627983133 0.098377714114368922 0.093566605009263407 -0.075828258528587975 -0.0013043868274282275 20.375000000000004 0.073733903664651171 -0.0051382874543578474 -0.078448664845844493 0.020181188578950574 0.036767831426780979 0.0033715039290467268 0.0070762794177224872 0.36691594074983419 -0.01685356772416274 0.019574400022136732 20.610000610351566 19.440000534057621 -0.015236039284217738 -0.13532199000438486 -0.12635401997537379 -0.0014498693076491762 -0.086337752297859935 -0.00055695222357982066 0.00090086479202544656 14.234999656677248 14.765000343322756 0.0098181061212317972
decision_type=2 2 2 2 2 2 2 2 2 2 10 10 2 2 2 8 2 2 2 2 2 2 2 2 2 2 2 2 2 2
left_child=2 -2 -1 4 5 -4 -7 13 11 -10 -11 -9 -12 14 15 19 -13 18 -18 20 -8 -15 23 -23 -24 -26 27 -27 29 -29
right_child=1 -3 3 -5 -6 6 7 8 9 10 12 16 -14 21 -16 -17 17 -19 -20 -21 -22 22 24 -25 25 26 -28 28 -30 -31
leaf_value=-9.5203192687978898e-05 -2.0892723004292462e-06 0.00040678205489499139 0.00012282023695321057 -0.0002463866209828981 0.00037543478124620327 -7.2843820601063277e-05 1.4302666280787715e-05 -4.9418630395300122e-05 -0.00026141511409248267 0.0019858360647642642 0.00016941082120487181 0.0005867414683535853 0.0013930349794375649 -0.00047191486605525923 -0.00024571679315773517 -5.2455744111560203e-05 0.003550761486135793 5.1085533025175867e-05 0.00025471565685138776 -4.1304041658964584e-05 0.00058662770912933473 0.00021831163494667722 0.00012850474321718204 0.00095387239477120024 -6.3741892775098544e-05 -0.00015793654436908338 7.7243883388607875e-05 0.0011301806094951908 -3.6807018725138338e-05 6.0523427512279554e-05
leaf_weight=9302 186933 6837 2177 2925 522 40745 295 2797 211 58 84 124 78 1164 1681 1075 81 1158 446 303 1561 85 2436 84 47561 6896 10669 272 16168 2441
leaf_count=9302 186933 6837 2177 2925 522 40745 295 2797 211 58 84 124 78 1164 1681 1075 81 1158 446 303 1561 85 2436 84 47561 6896 10669 272 16168 2441
internal_value=-0.000186927 3.81884e-05 -0.000471288 -0.000390606 -0.000345395 -0.000366514 -0.000401632 -0.00019227 0.00174012 0.00915313 0.0197727 0.00104646 0.0135185 -0.000297279 0.00166327 0.00388992 0.0038723 0.00298219 0.00780835 0.00616257 0.00728448 -0.00040706 -0.000362076 0.011568 -0.0003854 -0.000450976 -3.23779e-05 -0.000490167 5.03032e-06 0.00250092
internal_weight=347169 193770 153399 144097 141172 140650 138473 97728 5037 431 220 4606 162 92691 4915 3234 1809 1685 527 2159 1856 87776 86612 169 86443 84007 36446 25777 18881 2713
internal_count=347169 193770 153399 144097 141172 140650 138473 97728 5037 431 220 4606 162 92691 4915 3234 1809 1685 527 2159 1856 87776 86612 169 86443 84007 36446 25777 18881 2713
is_linear=0
shrinkage=0.05


Tree=63
num_leaves=31
num_cat=0
split_feature=5 11 11 13 10 10 13 10 11 11 11 9 10 8 14 11 15 13 14 10 10 11 11 13 10 14 14 13 13 11
split_gain=9.04161 6.50768 17.664 11.3127 10.3719 10.8761 11.562 9.13762 12.6375 12.8568 11.601 11.764 7.01855 6.82247 6.35587 7.95646 5.83321 9.95125 8.14092 11.4294 6.57533 7.47863 6.4005 5.84759 9.63014 8.43449 7.35135 6.153 19.8781 6.23313
threshold=0.014828701726050103 0.044869078606498143 0.042684586959819588 15.654999732971193 0.014185279443120093 0.0088263757382542902 12.434999942779543 0.01075261894328672 -0.0082927648313566565 -0.0087472165989830857 0.021563069340693967 -0.33205656528329586 0.012484790292373706 -0.016052624565148107 0.003286853869637119 0.042684586959819588 0.0069823467915689505 15.984999656677248 0.004407866869301503 -0.00033994198899656153 -0.01378806518059311 0.0053660058673883357 0.015296127885016332 14.340000152587892 0.00090086479202544656 0.00619378828642947 0.045982054922578681 15.400000095367433 15.375000000000002 0.019771226358341946
decision_type=2 2 2 2 2 2 2 2 2 2 2 10 2 10 2 2 2 2 2 2 2 2 2 2 2 2 2 2 2 2
left_child=14 2 4 -4 5 13 -7 10 9 12 -8 -12 -9 -2 -1 16 18 -18 19 22 21 -19 -16 24 25 -20 -26 28 29 -25
right_child=1 -3 3 -5 -6 6 7 8 -10 -11 11 -13 -14 -15 15 -17 17 20 23 -21 -22 -23 -24 27 26 -27 -28 -29 -30 -31
leaf_value=-4.7307862199373013e-05 -3.5755503828825962e-05 -0.00015357910700979375 -0.00025525018151316973 0.00090764711746087613 -0.00018984609120699272 0.0017157039440944594 0.00013005876725301951 2.1693102513081673e-05 -0.00017361666406461018 0.0026482014647972829 0.00084073435429046219 0.00032768914062071748 0.00091281358091118044 4.7454973498080308e-05 0.0004007027999682414 0.00038393598798700863 0.0001557419082020718 0.00012807161981159644 0.00032933519922368393 -0.00014541938243910261 -0.00011834952373631822 0.00055673948239774848 -0.00038160716161258438 8.3782743610056335e-05 1.2136320808549383e-06 -0.00015431745903027045 0.00031033299963294621 -1.9591646650818734e-05 0.00069177529896779014 -0.00043644075044421834
leaf_weight=111474 53917 5930 229 530 9343 103 5907 517 4287 118 679 1289 161 67148 906 271 6116 358 99 771 3842 108 131 6866 5446 12967 502 46357 229 516
leaf_count=111474 53917 5930 229 530 9343 103 5907 517 4287 118 679 1289 161 67148 906 271 6116 358 99 771 3842 108 131 6866 5446 12967 502 46357 229 516
internal_value=-0.000186639 0.000105621 0.000172365 0.00777997 0.000132118 0.000244321 0.00161511 0.00148248 -0.000170176 0.00561558 0.00254921 0.00587398 0.0029646 9.64346e-05 -0.000409452 -8.51038e-05 -0.000112307 0.000995778 -0.000266748 0.00304757 -0.000844941 0.00476395 0.00647541 -0.000348854 -0.00110287 -0.00186209 0.000564895 -8.31986e-05 0.0012344 0.000784339
internal_weight=347117 150158 144228 759 143469 134126 13061 12958 5083 796 7875 1968 678 121065 196959 85485 85214 10424 74790 1808 4308 466 1037 72982 19014 13066 5948 53968 7611 7382
internal_count=347117 150158 144228 759 143469 134126 13061 12958 5083 796 7875 1968 678 121065 196959 85485 85214 10424 74790 1808 4308 466 1037 72982 19014 13066 5948 53968 7611 7382
is_linear=0
shrinkage=0.05


Tree=64
num_leaves=31
num_cat=0
split_feature=6 11 10 4 10 11 10 10 11 11 13 11 9 15 10 13 13 10 13 10 3 13 11 14 11 14 4 3 0 10
split_gain=8.27148 6.89473 7.39381 7.08381 6.76511 13.1876 9.70244 12.0277 14.8867 17.9188 13.2592 11.6675 16.6655 9.82056 8.44658 9.05096 14.0691 8.0268 7.67136 7.14582 6.57759 9.18553 6.57736 6.80972 9.15953 6.05184 5.84374 5.74882 5.71634 5.63764
threshold=1.8174561930188755 0.04888400580692865 0.012115371045727909 0.019958986605111011 0.014185279443120093 0.042684586959819588 0.0088263757382542902 0.01075261894328672 -0.0082927648313566565 -0.0087472165989830857 12.434999942779543 0.021563069340693967 -0.33205656528329586 0.010566402693574896 0.0093971056981060359 16.765000343322757 16.875000000000004 0.012484790292373706 19.159999847412113 0.0097813604305170294 0.010582108412795723 30.345000267028812 0.011568828038764136 -0.12635401997537379 0.0010676984150611581 -0.10344834121785244 0.057845957875629218 -0.003729641024895924 0.013802541863331632 0.0067105474305927401
decision_type=2 2 2 2 2 2 2 2 2 2 2 2 10 2 2 2 2 2 2 2 2 2 2 2 2 2 2 2 2 2
left_child=1 3 -3 -1 6 22 20 11 9 17 -10 14 13 -13 18 -16 28 -9 -8 -14 29 -22 23 -6 -25 -2 -27 -11 -17 -5
right_child=25 2 -4 4 5 -7 7 8 10 27 -12 12 19 -15 15 16 -18 -19 -20 -21 21 -23 -24 24 -26 26 -28 -29 -30 -31
leaf_value=-3.6197331271041244e-05 -0.00026094959094597121 -0.00035851053312387315 0.00015400654043123312 -9.992767349898482e-06 -0.00025108124345573409 0.00056863063763629791 0.00040801144761322557 -4.7623698327338678e-05 0.0015449315459753245 0.0012446194267227272 -0.0002022664549058943 0.00052639257683194797 -2.3865381801402102e-05 0.0010147309023844102 -0.00018947207238746987 0.00086547654992231039 5.1831214338434126e-05 0.00068397015646261684 -4.8115342439330001e-05 0.00048829940209538475 8.487695021215243e-05 0.00051285012947481219 -0.0003013137043507523 1.1913201026812234e-05 0.00048054566676395625 0.00011402604089767509 0.0016894803726057988 0.0030861922990533456 0.00014169459805730167 -0.00012384198381444476
leaf_weight=110723 2307 3656 828 148717 2354 290 1681 824 154 61 6715 648 1175 277 2424 327 3493 244 558 740 12680 543 5737 2890 460 23196 450 169 154 12745
leaf_count=110723 2307 3656 828 148717 2354 290 1681 824 154 61 6715 648 1175 277 2424 327 3493 244 558 740 12680 543 5737 2890 460 23196 450 169 154 12745
internal_value=-0.000184898 -0.00025426 -0.00220116 -0.000226702 -5.33837e-05 -0.00121942 1.7006e-05 0.00107055 -0.000396107 0.00451464 -0.00132407 0.00211423 0.00489437 0.0104054 0.00120007 0.000275085 0.00174383 0.00178839 0.00384323 0.00223237 -0.00010147 0.000970656 -0.00148632 -0.000284012 0.00116418 0.000673717 0.000912204 0.0171739 0.00976091 -0.000189272
internal_weight=347220 321267 4484 316783 206060 11731 194329 19644 8167 1298 6869 11477 2840 925 8637 6398 3974 1068 2239 1915 174685 13223 11441 5704 3350 25953 23646 230 481 161462
internal_count=347220 321267 4484 316783 206060 11731 194329 19644 8167 1298 6869 11477 2840 925 8637 6398 3974 1068 2239 1915 174685 13223 11441 5704 3350 25953 23646 230 481 161462
is_linear=0
shrinkage=0.05


Tree=65
num_leaves=31
num_cat=0
split_feature=6 4 10 10 13 0 14 14 11 12 12 3 1 11 16 9 6 9 10 13 10 13 11 14 12 1 10 16 16 16
split_gain=7.68701 6.27962 4.69506 4.71779 11.1353 6.43942 5.34688 22.3871 11.1188 6.59535 7.74437 6.2416 6.01251 4.51201 4.5402 4.33453 4.83661 4.07705 4.06627 7.75665 7.62564 10.9139 9.70606 10.9882 7.42583 5.63276 5.50068 4.78699 5.55498 4.77369
threshold=-0.641665808790716 0.043369342628211384 -0.00010146286360712685 -0.0080075928939195556 30.345000267028812 0.0049297467510319723 0.041106720448919616 0.042177860659315065 0.010137995050555572 0.0027925929369287954 0.001711050909807055 -0.00082557132710353576 -0.0020393001983643462 0.0074730309850676866 -0.026636069321311347 -0.066621409341982671 1.7583104612647695 0.064742469930811578 0.01075261894328672 12.434999942779543 0.0092344351500740513 13.085000038146974 0.023193318891049478 -0.022343626602261631 0.032450211645906009 0.049563829293898694 0.0096244232411890635 -0.0014498693076491762 0.035048617085910234 0.0044262856169503548
decision_type=2 2 2 2 2 2 2 2 2 2 2 2 2 2 2 8 2 10 2 2 2 2 2 2 2 2 2 2 2 2
left_child=2 15 3 -1 6 -6 -5 11 9 10 -9 17 -12 14 -11 -2 18 -8 20 25 -17 29 -23 26 -21 -20 27 -24 -29 -22
right_child=1 -3 -4 4 5 -7 7 8 -10 13 12 -13 -14 -15 -16 16 -18 -19 19 24 21 22 23 -25 -26 -27 -28 28 -30 -31
leaf_value=-8.9111075907703538e-05 4.2834074472328834e-05 0.00015379067069192279 -6.7112364095288536e-05 -2.1098204314653534e-05 0.00079372155412879824 0.00020220702257843387 0.0012584487725422388 0.00017020899453172957 -0.0002406466967173142 0.00024287206211013148 0.0010141411815973026 0.00015181299131839375 0.00057364758650734046 0.00030996611823923959 -1.2406425782458352e-05 -2.1407496770330513e-05 7.311991493107833e-05 0.00047106974156297911 0.0002900308883246366 -3.4878129077477372e-05 -0.00010267468416576315 -7.4069260148337692e-06 0.00024845511270594507 -0.00021956284076093304 -0.00024209018228252795 0.0014159864988213711 0.00033929087177479034 0.00083968506429769765 0.00027169753757556593 0.00047809229663904021
leaf_weight=8387 32533 17778 56420 19316 78 62 107 1244 1775 424 125 48 117 325 3257 157501 21795 41 218 10874 98 6424 103 506 5503 96 899 186 67 453
leaf_count=8387 32533 17778 56420 19316 78 62 107 1244 1775 424 125 48 117 325 3257 157501 21795 41 218 10874 98 6424 103 506 5503 96 899 186 67 453
internal_value=-0.000161064 -1.98809e-05 -0.000553606 -0.0001014 0.000221218 0.0142857 0.000147689 0.00128433 0.000834594 0.00194647 0.00479139 0.0179592 0.0129752 0.000891162 0.000392555 -8.77967e-05 -0.000172991 0.0230405 -0.000256878 -0.00100084 -0.000182181 0.00125572 0.000797189 0.00408575 -0.00115009 0.00678344 0.00659362 0.0118539 0.0155534 0.00806715
internal_weight=346760 255034 91726 35306 26919 140 26779 7463 7267 5492 1486 196 242 4006 3681 237256 204723 148 182928 16691 166237 8736 8185 1761 16377 314 1255 356 253 551
internal_count=346760 255034 91726 35306 26919 140 26779 7463 7267 5492 1486 196 242 4006 3681 237256 204723 148 182928 16691 166237 8736 8185 1761 16377 314 1255 356 253 551
is_linear=0
shrinkage=0.05


Tree=66
num_leaves=31
num_cat=0
split_feature=6 12 12 8 13 13 14 5 13 11 11 10 10 9 1 3 14 11 2 13 10 1 12 12 12 13 10 10 14 14
split_gain=7.6071 7.42218 7.66539 6.5819 8.60598 7.22446 5.79579 5.59887 5.42392 5.33881 6.91268 7.07605 6.71329 6.66475 5.20055 4.48387 4.33108 8.56849 9.89327 8.28839 15.4452 11.9982 7.97627 22.9736 11.5683 14.6009 11.6456 11.065 10.5498 13.8875
threshold=1.7583104612647695 0.098377714114368922 0.093566605009263407 inf 24.779999732971195 18.214999198913578 -0.042564517769286651 0.0098743425495581901 17.355000495910648 0.04888400580692865 0.047360860375368914 0.0030954007204008209 0.012115371045727909 -0.24421241487427423 0.029003464554514639 0.0012035764069040502 -0.00055695222357982066 0.042684586959819588 0.052670161049587778 30.345000267028812 0.025167554774320647 -0.0040740853946077396 -0.00052816856958670655 0.0061045845958173093 0.0037862010061723299 16.510000228881839 -0.0029742003737800999 -0.015213589282174643 0.13707002754001543 0.11212440385738133
decision_type=2 2 2 8 2 2 2 2 2 2 2 2 2 8 2 2 2 2 2 2 2 2 2 2 2 2 2 2 2 2
left_child=1 2 3 7 5 14 -3 -1 -4 10 16 -12 -11 -14 -5 -10 19 22 -19 -9 21 -21 27 24 25 -24 -26 28 29 -18
right_child=-2 6 8 4 -6 -7 -8 9 15 12 11 -13 13 -15 -16 -17 17 18 -20 20 -22 -23 23 -25 26 -27 -28 -29 -30 -31
leaf_value=-4.6570203619054922e-05 9.5889523226199905e-05 0.00026837930810046871 3.2395271297974934e-05 1.3589370801198919e-06 0.00026347856924552082 -0.00018154616815632202 -0.00024626001983237082 -2.6824346427359803e-05 0.00023334107050579551 -0.00034170832793486939 -0.00024931722517530731 0.00030964184882139955 0.00094135419112514754 4.7069413357895824e-05 0.00084635074722487968 0.0008534582227416337 1.8830464918754771e-05 0.00056555621413758922 -0.00024851174468987387 0.00075795405501228566 -7.6013634711708477e-05 -8.1716049436223817e-06 -6.4700430233393766e-05 8.2031297439824704e-06 1.5301899778814639e-05 0.00032523663241792262 0.00074063475237277009 -9.3394524599651433e-05 -3.8541288813718068e-05 0.00042331610006866421
leaf_weight=35889 27176 397 708 277 681 10152 4823 140498 430 3226 380 1142 75 746 182 305 2455 523 287 279 668 140 2522 73812 316 3743 660 26906 5624 1779
leaf_count=35889 27176 397 708 277 681 10152 4823 140498 430 3226 380 1142 75 746 182 305 2455 523 287 279 668 140 2522 73812 316 3743 660 26906 5624 1779
internal_value=-0.000178648 -0.000246931 -0.000215885 -0.000232649 -0.00141782 -0.00176751 -0.00211686 -0.000188286 0.00341996 -0.000109132 -8.12669e-05 0.00327858 -0.00191129 0.00212546 0.00436819 0.00642857 -0.000100919 0.000121936 0.00524691 -0.000287638 0.00406164 0.0115871 8.67011e-05 0.000363773 0.00305137 0.00226257 0.00811475 -0.000524155 0.000908905 0.00279405
internal_weight=346801 319625 314405 312962 11292 10611 5220 301670 1443 265781 261734 1522 4047 821 459 735 260212 118627 810 141585 1087 419 117817 81053 7241 6265 976 36764 9858 4234
internal_count=346801 319625 314405 312962 11292 10611 5220 301670 1443 265781 261734 1522 4047 821 459 735 260212 118627 810 141585 1087 419 117817 81053 7241 6265 976 36764 9858 4234
is_linear=0
shrinkage=0.05


Tree=67
num_leaves=31
num_cat=0
split_feature=5 12 14 10 12 13 9 12 7 14 10 10 10 16 13 10 9 15 14 9 13 8 9 13 13 13 15 1 7 14
split_gain=8.34641 7.07132 6.00778 6.5035 6.2445 41.3595 12.4376 10.2266 7.55067 6.14174 8.73848 6.43991 6.12646 15.1088 11.2027 26.393 17.0299 11.6626 10.7708 6.704 6.04322 5.63728 6.41734 5.77449 7.75632 7.30937 8.65857 5.47248 5.34581 5.30672
threshold=0.025633501062852029 0.098377714114368922 -0.00055695222357982066 -0.0046973619314177864 0.073733903664651171 21.82499980926514 -0.072303634065055952 0.065852973944885443 0.034483859859596129 -0.0047382999563528308 0.007947904771433258 0.011920444986762148 -0.0024813117634456812 -0.038167717369513902 15.144999980926515 -0.0029742003737800999 0.066008515742498233 0.00099437590527773367 -0.0025026658800543773 0.13461641345116818 17.355000495910648 -0.018105021336766666 -0.042803149103995956 24.779999732971195 26.85000038146973 26.284999847412113 -0.011433335309002477 -0.0020393001983643462 0.006437594450711793 0.067869218609367357
decision_type=2 2 2 2 2 2 10 2 2 2 2 2 2 2 2 2 8 2 2 10 2 10 8 2 2 2 2 2 2 2
left_child=1 2 3 -1 7 9 28 12 -8 10 -6 20 13 -5 15 -15 17 -17 -14 27 -12 23 -23 29 25 -25 -27 -18 -7 -4
right_child=-2 -3 21 4 5 6 8 -9 -10 -11 11 -13 18 14 -16 16 19 -19 -20 -21 -22 22 -24 24 -26 26 -28 -29 -30 -31
leaf_value=-0.00019921629781902541 0.00011050909287126556 -0.0002105482265234832 -1.9599899958342074e-05 0.00066498579536141593 -0.00034593392237264092 0.001234216637419619 0.00041208651423666653 -0.00029667269305801023 0.0011612981206772987 0.00038941487541544248 -0.00032065289376740714 -0.00029858755536229636 -3.0766324275767442e-05 -1.3698546155744592e-05 -7.0831157310310069e-05 0.00039644383707824663 0.00063637443469862637 0.00085713906833970134 -0.00029323893628033291 -0.00023852414313399461 0.00049947132047092359 0.00014534757358494762 9.1329162820025274e-06 0.00011500951660236837 -4.7535660050617358e-05 0.00075678531900062534 0.00013981175340817533 0.00025189044814006082 0.0023854965468648151 -0.00012313165440849976
leaf_weight=3936 25754 4567 30378 251 1588 53 131 2829 140 407 376 763 148197 2790 5843 230 227 177 3653 248 1111 7875 84992 1811 3242 322 545 356 82 14342
leaf_count=3936 25754 4567 30378 251 1588 53 131 2829 140 407 376 763 148197 2790 5843 230 227 177 3653 248 1111 7875 84992 1811 3242 322 545 356 82 14342
internal_value=-0.000185419 -0.000254806 -0.000226654 -0.000424713 -0.000378043 0.00142872 0.0166749 -0.000429034 0.0104982 -2.94476e-05 -0.000648777 0.00135555 -0.00037698 0.000814067 0.000506027 0.00253476 0.00861066 0.0169902 -0.000456373 0.00450662 0.00327169 1.26463e-05 0.000244058 -0.000411731 0.00105574 0.00304705 0.00682237 0.00743568 0.0290741 -0.000605994
internal_weight=347216 321462 316895 173388 169452 4651 406 164801 271 4245 3838 2250 161972 10122 9871 4028 1238 407 151850 831 1487 143507 92867 50640 5920 2678 867 583 135 44720
internal_count=347216 321462 316895 173388 169452 4651 406 164801 271 4245 3838 2250 161972 10122 9871 4028 1238 407 151850 831 1487 143507 92867 50640 5920 2678 867 583 135 44720
is_linear=0
shrinkage=0.05


Tree=68
num_leaves=31
num_cat=0
split_feature=5 4 8 11 11 12 10 2 11 12 12 10 9 16 10 10 16 11 11 11 16 12 12 10 10 14 12 11 10 12
split_gain=8.35171 5.99688 6.18044 8.72891 5.77646 11.3711 10.0223 6.95612 5.59515 5.26256 6.66514 5.84669 5.1029 5.04595 4.60841 10.3611 6.95427 5.37725 4.27789 5.44696 4.5901 5.23412 13.2856 11.6472 6.04627 12.3073 7.69637 6.93895 6.24703 6.04579
threshold=0.025633501062852029 0.012545021560280574 -0.24217407014603801 -0.040606283895635913 -0.023458930823045284 -0.0078641653034789965 0.0074825257104576002 -0.020948937377327278 0.02306163879140322 0.098377714114368922 0.093566605009263407 0.0099108597244759195 -0.11810036389318605 -0.02074182001241098 0.010636898013684839 0.01075261894328672 0.014487029536452313 0.042684586959819588 0.04888400580692865 0.047360860375368914 -0.057777378858500032 -0.0013043868274282275 -0.00096374803615406613 0.0018205725839071098 0.0091384647102960032 -0.048319541899194234 -0.026063395053075141 0.042684586959819588 0.010636898013684839 0.0072856290131225751
decision_type=2 2 10 2 2 2 2 2 2 2 2 2 8 2 2 2 2 2 2 2 2 2 2 2 2 2 2 2 2 2
left_child=1 -1 3 -3 5 -4 7 -7 -5 10 12 -12 14 -9 -6 16 -16 -17 19 20 -14 24 23 -23 25 -22 28 -27 -26 -24
right_child=-2 2 4 8 9 6 -8 13 -10 -11 11 -13 18 -15 15 17 -18 -19 -20 -21 21 22 29 -25 26 27 -28 -29 -30 -31
leaf_value=-0.00011478183562436632 0.00011144936532847829 0.00027398684856899669 -9.3842717881893888e-07 -0.00018192241662603491 3.9077026750690373e-05 7.5415917992858957e-05 -0.00024778731138663855 0.00037947476798912702 0.00011349913031805446 -0.00018814406690956421 0.00040915987834969525 -0.00030076146504478645 0.00036785709936895932 0.00017702779673970485 0.0004897097518599833 7.4974537702605766e-05 0.0014539724352082492 0.00081121247742033196 -0.00022390835138243683 0.00017152090109161656 -0.00026334768124469313 8.1947843025846203e-06 5.0681389694739651e-05 0.00084432379181439152 0.00012511362254006726 -5.3830395606810316e-05 0.00010670309514526935 0.00046867309788538357 -0.00017065803591296389 -2.1513629085575769e-05
leaf_weight=5426 25828 813 16345 9824 16974 1740 768 1476 1225 4423 1107 387 478 1155 112 1646 82 192 2522 1456 6411 320 21301 332 1768 35866 5225 290 4549 177353
leaf_count=5426 25828 813 16345 9824 16974 1740 768 1476 1225 4423 1107 387 478 1155 112 1646 82 192 2522 1456 6411 320 21301 332 1768 35866 5225 290 4549 177353
internal_value=-0.000167736 -0.000237215 -0.000208928 -0.00132861 -0.000165278 0.000625115 0.00267659 0.00360215 -0.00169653 -0.000225324 -0.000198136 0.00313253 -0.000216108 0.00522425 0.000574554 0.0028248 0.0138144 0.00166485 -0.000274383 -0.000254144 -0.000271631 -0.000280865 -0.000162465 0.00696319 -0.00071698 -0.000992202 0.000298041 -0.000634197 -0.000876208 -0.000185852
internal_weight=347394 321566 316140 11862 304278 21484 5139 4371 11049 282794 278371 1494 276877 2631 19006 2032 194 1838 257871 255349 253893 253415 199306 652 54109 42567 11542 36156 6317 198654
internal_count=347394 321566 316140 11862 304278 21484 5139 4371 11049 282794 278371 1494 276877 2631 19006 2032 194 1838 257871 255349 253893 253415 199306 652 54109 42567 11542 36156 6317 198654
is_linear=0
shrinkage=0.05


Tree=69
num_leaves=31
num_cat=0
split_feature=11 11 3 10 10 10 14 11 3 12 10 10 14 14 10 9 10 16 2 11 12 10 14 9 9 12 14 10 14 14
split_gain=6.73485 7.55788 7.40097 6.8502 6.68409 6.52806 6.10999 8.47732 7.95381 7.0676 7.01566 18.8028 14.0315 24.4949 7.74954 6.93075 12.5764 6.7485 6.73078 6.53808 24.7458 21.4502 15.2195 12.4863 11.1804 10.119 9.54415 9.44059 9.99804 21.1323
threshold=0.04888400580692865 0.047360860375368914 0.010049085405455795 0.0030954007204008209 0.012115371045727909 -3.2316766858164751e-05 -0.00055695222357982066 0.042684586959819588 -0.0092250979862222842 0.098377714114368922 0.002139856175938371 0.0029098937384879346 0.02886495700878167 0.0250539094836888 0.013536418677164265 -0.034566688926529691 0.0066242968396955657 -0.0029771686475336119 0.10468527787673433 0.0064024073210000596 0.073733903664651171 0.0038619915499665818 -0.12635401997537379 -0.38027368646786297 -0.057669860356883422 -0.037790064931983496 -0.13532199000438486 0.011833675502069931 -0.066405515647089006 -0.068623004427642229
decision_type=2 2 2 2 2 2 2 2 2 2 2 2 2 2 2 10 2 2 2 2 2 2 2 10 10 2 2 2 2 2
left_child=1 2 6 -3 -2 -4 19 9 -9 10 -8 -12 13 14 -13 16 -15 -17 -16 20 26 24 23 -21 -22 -24 -1 -28 29 -29
right_child=4 3 5 -5 -6 -7 7 8 -10 -11 11 12 -14 15 18 17 -18 -19 -20 22 21 -23 25 -25 -26 -27 27 28 -30 -31
leaf_value=-0.00023780227605988433 -0.00031847503652102831 -0.00022475688099416239 0.00017287957744027756 0.00032863182140578672 0.00013503667635627852 1.1886957384367514e-05 -1.2854043054334462e-05 0.0016252426507497213 0.00029905225690539015 -0.000288358930858101 0.00032223721173386781 -9.373541580371976e-06 -0.00019943874274729926 0.0011514545140060904 0.00034366441424377381 0.00081637206763017067 0.00045882462929183439 0.00025293799098514042 0.0012676828611817945 0.00066774449473246177 0.0017153181431080512 0.00015439058272178751 -0.00041269698406699802 6.616113011953817e-05 0.00068451286648389025 -6.2113180428811668e-05 -2.2752817300901424e-05 0.00013036610913285955 -8.6985452185682746e-05 0.0018552172412503812
leaf_weight=4741 3821 437 8339 1275 862 22527 122197 86 742 2015 3531 10329 5187 118 543 154 261 1031 153 397 141 756 3019 891 245 81409 65893 3784 2242 393
leaf_count=4741 3821 437 8339 1275 862 22527 122197 86 742 2015 3531 10329 5187 118 543 154 261 1031 153 397 141 756 3019 891 245 81409 65893 3784 2242 393
internal_value=-0.000191199 -0.000165474 -0.000182105 0.00314836 -0.00207453 0.000556274 -0.000255563 -2.07396e-05 0.00502415 -4.94449e-05 -8.15427e-06 0.000829069 0.000167078 0.00106879 0.000238094 0.00692455 0.01281 0.00504219 0.00534483 -0.000465223 -0.000134601 0.00717163 -0.000766836 0.00462733 0.0167617 -0.000849127 -0.000242886 -0.000100399 0.00173002 0.00317572
internal_weight=347519 342836 341124 1712 4683 30866 310258 146347 828 145519 143504 21307 17776 12589 11025 1564 379 1185 696 163911 78195 1142 85716 1288 386 84428 77053 72312 6419 4177
internal_count=347519 342836 341124 1712 4683 30866 310258 146347 828 145519 143504 21307 17776 12589 11025 1564 379 1185 696 163911 78195 1142 85716 1288 386 84428 77053 72312 6419 4177
is_linear=0
shrinkage=0.05


Tree=70
num_leaves=31
num_cat=0
split_feature=6 5 13 11 11 10 13 11 9 13 10 14 14 11 7 10 9 13 14 13 13 10 16 14 9 11 11 10 10 9
split_gain=6.52459 5.69768 4.28284 6.19723 16.6036 26.5983 6.18876 6.10997 5.93777 5.60128 7.52011 5.00909 5.34111 6.04982 4.97915 4.7722 4.65768 4.65344 4.77998 4.53918 5.71234 8.53664 6.76569 5.14018 9.12741 5.94517 6.10129 6.4605 5.21366 5.37565
threshold=-0.94954886579022346 0.014399049246916392 18.510000228881839 -0.0033635921331804926 -0.004414694893693615 0.015350411417454969 20.500000000000004 -0.018933326059028085 0.47528513967341363 20.375000000000004 0.011920444986762148 -0.054330610723124943 -0.04578454363779693 0.011893359495945945 -0.053111681865825537 -0.015449557438202309 0.19631776926026803 35.690000534057624 -0.12096344977185801 16.469999313354496 16.875000000000004 0.010636898013684839 0.014487029536452313 -0.086337752297859935 -0.24421241487427423 0.017027234780288007 0.015296127885016332 -0.0021138805299539261 0.018351280015906694 -0.034566688926529691
decision_type=2 2 2 2 2 2 2 2 8 2 2 2 2 2 2 2 10 2 2 2 2 2 2 2 10 2 2 2 2 8
left_child=-1 -2 19 4 6 -6 8 16 9 15 -11 17 13 -13 -15 -4 -8 18 -5 23 21 -21 -23 24 -3 26 -25 -28 -27 -30
right_child=1 2 3 11 5 -7 7 -9 -10 10 -12 12 -14 14 -16 -17 -18 -19 -20 20 -22 22 -24 25 -26 28 27 -29 29 -31
leaf_value=-5.7161923651637858e-05 -1.9272115724354993e-05 0.00072804140570838206 0.0004870863838317547 1.3794811586176353e-05 0.0014373651340447784 4.3153115905363478e-05 -1.1462788916446974e-05 -0.00020799095822281307 0.00045967403515395893 0.0002276436285144148 0.0020021471105731228 -0.00022637937227130362 -7.2373280426361555e-05 0.00068463186912300045 0.00028379574391880865 -9.7102464480409504e-06 0.00030735287703105791 0.00015879461825515513 -0.00048135029276502968 0.00016902496957635728 5.1589904329647486e-05 0.00038664551023124644 0.0011887049106193918 1.4707810425916812e-05 0.00012589934700840371 -0.00014382654257707496 0.0015955962242779132 0.0002587679544541962 0.00065596743379427863 -3.1374778048348833e-05
leaf_weight=42601 162815 476 172 1292 372 695 14424 6857 1755 303 127 419 15749 97 516 6337 1181 384 4002 6110 24891 207 193 36546 2665 12858 149 2348 244 367
leaf_count=42601 162815 476 172 1292 372 695 14424 6857 1755 303 127 419 15749 97 516 6337 1181 384 4002 6110 24891 207 193 36546 2665 12858 149 2348 244 367
internal_value=-0.000156446 -7.53744e-05 0.000156416 -0.000190375 0.00025401 0.00638707 4.39711e-05 -0.000394445 0.00117667 0.000519526 0.00604651 -0.000827954 -0.000393601 0.00309108 0.00625612 0.0001544 0.000152194 -0.00211166 -0.00249717 0.000374249 0.000854908 0.00217358 0.00925 0.000103048 0.00206781 -1.44741e-05 0.000298004 0.00268923 -0.000920263 0.00359247
internal_weight=347152 304551 141736 54682 32223 1067 31156 22462 8694 6939 430 22459 16781 1032 613 6509 15605 5678 5294 87054 31401 6510 400 55653 3141 52512 39043 2497 13469 611
internal_count=347152 304551 141736 54682 32223 1067 31156 22462 8694 6939 430 22459 16781 1032 613 6509 15605 5678 5294 87054 31401 6510 400 55653 3141 52512 39043 2497 13469 611
is_linear=0
shrinkage=0.05


Tree=71
num_leaves=31
num_cat=0
split_feature=5 12 14 14 14 12 12 12 0 0 16 9 12 16 16 12 14 13 14 12 12 16 13 16 14 14 12 12 14 14
split_gain=6.15172 5.77329 5.48488 6.61391 17.8459 30.5678 11.7602 13.1283 8.6112 7.1751 7.65097 6.42222 6.95297 9.62148 5.74399 5.6334 6.26946 7.86238 16.5763 8.99313 37.9637 8.93635 8.85136 12.2186 10.1642 22.6994 21.213 20.4166 12.184 9.30856
threshold=0.029560531623036103 0.098377714114368922 -0.00055695222357982066 -0.011298954547856009 -0.015515001009757 0.060791249063014259 -0.040334954813934058 0.020115024475367619 -0.0028842503786525859 0.0062262165216296914 -0.010096267535724122 -0.039557435935942624 0.022857145298187723 0.0072982876641654046 0.028918482774700553 -0.062212447341067838 -0.036818887874406285 17.445000648498539 -0.038683719112648444 0.054230156972347017 0.05549664954164369 0.022572221797421802 15.050000190734865 -0.042844933292562941 -0.06305423233808731 -0.073050802278400592 0.033816848191430944 0.020528526804308837 -0.041361708055104078 -0.086337752297859935
decision_type=2 2 2 2 2 2 2 2 2 2 2 10 2 2 2 2 2 2 2 2 2 2 2 2 2 2 2 2 2 2
left_child=1 2 3 4 15 6 9 -8 -7 10 -6 12 13 -9 -15 -1 17 19 -19 22 21 -21 23 -17 25 26 29 -27 -26 -24
right_child=-2 -3 -4 -5 5 8 7 11 -10 -11 -12 -13 -14 14 -16 16 -18 18 -20 20 -22 -23 24 -25 28 27 -28 -29 -30 -31
leaf_value=-0.00025567974961659024 0.00014354510102033676 -0.00017965141224447501 4.4469230043343177e-06 -7.4768358489405627e-05 0.00075466940223853439 0.0011279715247534976 -0.0001293039402308051 -4.5357576812182727e-05 0.00044390229491846241 0.00011520651968261328 0.00031553695312659186 9.2687318371956201e-05 0.00019576209106281483 0.0012303845890373468 0.00076008875038540368 0.000676005275273916 -6.5984506032796284e-05 -7.8919225941330188e-05 0.00020626042552146064 0.0012679715734244291 0.00010020049960477904 0.00023470033098740547 0.00010778590807554141 -6.3883963873229249e-05 -0.00011000279771465767 0.00060049573349140795 0.00062328751015451004 0.00010685130492982698 0.00014292584002198667 -0.00013723232293388766
leaf_weight=2681 14793 4934 148142 35102 135 144 4064 108 252 165 84 3133 1502 121 108 106 46962 30276 1645 291 4522 120 6619 19667 9065 1615 405 1650 3673 4957
leaf_count=2681 14793 4934 148142 35102 135 144 4064 108 252 165 84 3133 1502 121 108 106 46962 30276 1645 291 4522 120 6619 19667 9065 1615 405 1650 3673 4957
internal_value=-0.000157058 -0.000201477 -0.000175887 -0.000362 -0.000212051 0.00184596 0.00127388 0.000909693 0.0154545 0.00984375 0.0157763 0.00263274 0.00497825 0.0114688 0.0172707 -0.000362523 -0.000316289 -5.91543e-05 -0.000678395 0.000315998 0.00234847 0.0168978 0.000106057 -0.000703739 0.000678244 0.00154926 0.000542107 0.00524502 -0.000364266 0.000148582
internal_weight=347041 332248 327314 179172 144070 9816 9420 9036 396 384 219 4972 1839 337 229 134254 131573 84611 31921 52690 4933 411 47757 19773 27984 15246 11981 3265 12738 11576
internal_count=347041 332248 327314 179172 144070 9816 9420 9036 396 384 219 4972 1839 337 229 134254 131573 84611 31921 52690 4933 411 47757 19773 27984 15246 11981 3265 12738 11576
is_linear=0
shrinkage=0.05


Tree=72
num_leaves=31
num_cat=0
split_feature=9 9 11 14 11 16 11 12 12 12 12 11 11 11 12 16 13 10 10 11 10 10 11 10 10 11 1 10 15 14
split_gain=6.2807 5.52332 6.21388 5.34006 4.70315 5.64681 4.7175 12.507 8.60352 8.51467 14.1278 9.50695 11.1718 19.3382 8.37363 7.98955 7.88506 7.53452 14.717 10.3905 17.153 10.6299 11.0982 12.8863 10.277 9.93001 9.02504 7.54674 8.13644 7.34524
threshold=0.27607562076091813 -0.23202707924096208 0.04888400580692865 0.16190048637044233 0.047360860375368914 0.080133972222260277 -0.0070304120206733925 -0.037182022150964049 -0.031612271859981604 0.054230156972347017 0.028915668765050032 -0.0093898338584641455 -0.0084964669653203023 -0.0087472165989830857 0.0037862010061723299 -0.04626393186547189 25.505000114440922 0.0023061717874046654 0.0018205725839071098 -0.014526458794264228 -0.0070887111791633197 -0.0068180084305178293 -0.015236039284217738 -0.0040208105245407846 -0.013327781970057238 -0.020756014565235011 0.0016460946978994475 0.0013745447553352721 -0.016181622553115223 0.15522193331306103
decision_type=10 8 2 2 2 2 2 2 2 2 2 2 2 2 2 2 2 2 2 2 2 2 2 2 2 2 2 2 2 2
left_child=1 -1 4 -2 6 -6 9 -8 -9 10 11 17 13 14 -13 -12 29 18 19 20 24 -22 25 -24 -3 27 -25 28 -23 -10
right_child=3 2 -4 -5 5 -7 7 8 16 -11 15 12 -14 -15 -16 -17 -18 -19 -20 -21 21 22 23 26 -26 -27 -28 -29 -30 -31
leaf_value=0.00016684702787779612 6.5579673683747653e-05 2.552332070654157e-05 -0.00020797903746481392 0.0004539328790205323 0.00013103994015466742 0.0010458182958006006 -0.0001889984864181859 0.00013063469811993417 -2.830805733438198e-05 -0.00023571572239497484 0.00065143153866454207 0.00029656176771353953 3.0435222641359754e-05 0.0012431555679736429 -0.00010936498005989445 0.00016430358069043571 0.00052392976631692779 -0.00010542149250881526 0.0006690970890758423 -0.00010224401048160603 0.00046169063320696311 0.00051606835918953712 5.8857960951037297e-06 0.00093784362068997831 -0.00020409154588889604 -4.2734787671352352e-05 0.00040157248999256784 0.00041150143428590204 7.9605371370182823e-05 0.00018259100260779984
leaf_weight=7537 18600 13891 4176 403 1470 53 9552 2949 218499 2379 109 1201 7650 745 1122 3519 354 16492 378 12185 418 828 353 219 7015 5147 191 399 7917 1555
leaf_count=7537 18600 13891 4176 403 1470 53 9552 2949 218499 2379 109 1201 7650 745 1122 3519 354 16492 378 12185 418 828 353 219 7015 5147 191 399 7917 1555
internal_value=-0.000163632 -0.000214788 -0.000246224 0.000720148 -0.000220949 0.00255089 -0.000234348 -0.000349258 -0.000273487 9.1408e-05 0.000179307 3.40758e-05 0.00141444 0.00396349 0.00171545 0.00322767 -0.000309382 -0.00019203 0.000119428 4.29327e-05 0.000466215 0.00172828 0.0015099 0.00738532 -0.000467809 0.00119621 0.0134146 0.00218504 0.00187821 -0.000321377
internal_weight=347306 328303 320766 19003 316590 1523 315067 232909 223357 82158 79779 76151 10718 3068 2323 3628 220408 65433 48941 48563 36378 15472 15054 763 20906 14291 410 9144 8745 220054
internal_count=347306 328303 320766 19003 316590 1523 315067 232909 223357 82158 79779 76151 10718 3068 2323 3628 220408 65433 48941 48563 36378 15472 15054 763 20906 14291 410 9144 8745 220054
is_linear=0
shrinkage=0.05


Tree=73
num_leaves=31
num_cat=0
split_feature=9 3 15 16 13 13 15 9 13 4 11 8 11 3 9 11 11 13 2 2 13 11 11 13 9 6 11 11 15 9
split_gain=6.25271 5.13994 4.80391 5.52223 4.4192 10.2346 7.16631 5.49805 4.96777 4.6386 4.59591 4.7794 8.96639 7.446 6.70651 6.24115 8.72767 10.077 10.7135 5.40393 4.64874 4.57203 13.4854 10.8608 11.1153 4.42831 4.05614 9.48011 15.104 5.05788
threshold=0.4089583385849746 0.0056107773030582573 -0.0079628069248066074 -0.039313397551275379 26.85000038146973 25.505000114440922 0.0007278617694199686 0.27607562076091813 35.690000534057624 0.030927243014439752 0.04888400580692865 -0.018879197431578894 -0.023458930823045284 -0.0085266516329578473 -0.064842216754617418 0.02573480883905466 0.028003232862589215 16.085000038146976 0.069840339155014655 -0.047903983255295039 17.914999961853031 0.0064024073210000596 0.006316587697854926 16.404999732971195 0.095117683032972314 -0.90788708950683616 0.0035321507356639308 0.0039565944761287284 -0.014405400313490078 0.097982313265681201
decision_type=10 2 2 2 2 2 2 8 2 2 2 10 2 2 8 2 2 2 2 2 2 2 2 2 10 2 2 2 2 10
left_child=1 4 3 -3 5 10 7 9 -6 -7 11 15 13 -13 -14 -1 17 19 -19 -17 -15 22 26 24 -24 -23 -16 28 29 -28
right_child=-2 2 -4 -5 8 6 -8 -9 -10 -11 -12 12 14 20 21 16 -18 18 -20 -21 -22 25 23 -25 -26 -27 27 -29 -30 -31
leaf_value=-5.8524094074334515e-05 0.00019228484324358054 0.0003869410508027733 5.3635199217376159e-06 9.1142219901888327e-05 -0.00020200754358402421 0.00028355605642530705 -5.7174091361540822e-05 0.00016050488495007316 6.1529613384144895e-05 0.00082894758349700908 -0.000240383478194923 0.0004430903464169903 0.00010264822297681733 -0.00027954663210339836 -1.7131112461066751e-05 0.00034513022230414441 -2.254748931374696e-06 -0.00016478598858630372 0.00081239182648177612 0.00074673632008589595 9.1304752348677774e-05 -0.00010267992586880029 5.6880654284440874e-05 7.0566645431674444e-05 0.00095575083230784808 -2.9708760447548635e-05 0.0013180767433711687 2.5823885814560701e-06 0.00012522086573249659 0.00063650051202443145
leaf_weight=83714 7339 1178 59686 5173 6176 451 878 955 2000 286 2558 958 10000 583 63793 297 6026 703 202 214 4682 12972 100 436 171 64027 58 9211 2530 42
leaf_count=83714 7339 1178 59686 5173 6176 451 878 955 2000 286 2558 958 10000 583 63793 297 6026 703 202 214 4682 12972 100 436 171 64027 58 9211 2530 42
internal_value=-0.000169245 -0.000200407 0.000195571 0.00150291 -0.000295834 -0.000260621 0.00287938 0.00478132 -0.0014408 0.00802578 -0.000291272 -0.00027058 -0.000113617 0.00174916 -0.000184585 -0.000562553 0.000825046 0.00435734 0.00118784 0.00997064 0.00101139 -0.000266403 7.79278e-06 0.00688119 0.0147417 -0.000538255 -5.64573e-05 0.000793428 0.00344106 0.0225
internal_weight=347399 340060 66037 6351 274023 265847 2570 1692 8176 737 263277 260719 169563 6223 163340 91156 7442 1416 905 511 5265 153340 76341 707 271 76999 75634 11841 2630 100
internal_count=347399 340060 66037 6351 274023 265847 2570 1692 8176 737 263277 260719 169563 6223 163340 91156 7442 1416 905 511 5265 153340 76341 707 271 76999 75634 11841 2630 100
is_linear=0
shrinkage=0.05


Tree=74
num_leaves=31
num_cat=0
split_feature=3 12 15 14 14 12 15 0 13 14 11 12 11 3 14 14 11 11 10 8 13 14 2 10 10 10 12 14 11 10
split_gain=6.18416 6.19566 5.36109 5.2932 6.83816 9.735 7.97649 6.17697 6.44338 4.72354 6.5905 19.9756 8.80539 12.7204 7.81654 9.32719 26.6681 16.4959 6.18778 5.83779 5.41963 25.9628 14.2216 5.47901 15.833 14.7896 9.10052 7.41882 7.22167 6.24702
threshold=0.0054167937468002645 0.098377714114368922 -0.0083147888950095821 -0.13532199000438486 -0.12096344977185801 0.033816848191430944 0.011799151437055901 0.040970773622930785 12.230000019073488 -0.00055695222357982066 0.0064024073210000596 0.073733903664651171 0.006316587697854926 -0.0027632179982057243 -0.01013918808565367 -0.013693091090924312 0.027231962502118127 0.034662910488433514 0.0045793186730533906 0.038758245628422346 12.119999885559084 -0.034895651013681799 0.067605143494898559 0.007947904771433258 0.01075261894328672 0.010636898013684839 0.038155390004223751 -0.086337752297859935 0.023193318891049478 0.0028352322367303233
decision_type=2 2 2 2 2 2 2 2 2 2 2 2 2 2 2 2 2 2 2 10 2 2 2 2 2 2 2 2 2 2
left_child=1 3 -2 -1 5 -5 -7 9 -9 10 11 12 -6 -14 15 20 18 19 -17 -18 21 22 -12 27 25 26 -25 -22 -27 -29
right_child=2 -3 -4 4 7 6 -8 8 -10 -11 14 -13 13 -15 -16 16 17 -19 -20 -21 23 -23 -24 24 -26 28 -28 29 -30 -31
leaf_value=-0.00016652401608602838 0.00015556840845550347 -0.00018640244767528411 1.0273380752395399e-05 6.6534558290284374e-05 -1.8796808389772495e-05 0.00018483047465276417 0.00096898507136786204 0.0015876601922323163 0.00033332881900719266 -3.0554439393058609e-06 0.0004875640232372034 0.00065896378090972148 0.0011959657569871641 9.8402792711968398e-05 -0.00016677730116208863 -0.00017391381620216259 0.00067504314023136098 0.00019769738252741585 9.3784155988431626e-05 0.00024274001986486295 0.00020252566341057225 -0.00020090013022867624 0.0012505947849914001 -5.3848762876766515e-05 -0.00014432063734584147 0.00085406956445848435 0.00020814977747575432 -4.517650741882304e-05 0.0001639919810208536 -0.00015610871319213238
leaf_weight=4556 6483 4614 64881 1932 58937 196 129 68 1718 130373 274 659 153 510 15093 2298 515 690 1727 182 1029 1131 226 4050 7246 344 3357 15676 278 17945
leaf_count=4556 6483 4614 64881 1932 58937 196 129 68 1718 130373 274 659 153 510 15093 2298 515 690 1727 182 1029 1131 226 4050 7246 344 3357 15676 278 17945
internal_value=-0.000160827 -0.000268136 0.000254048 -0.000237236 -0.000208372 0.00253212 0.0105385 -0.000231759 0.00269877 -0.000251683 -0.000462138 -7.62554e-05 -0.000171981 0.00555807 -0.000784822 -0.000516783 0.00145787 0.00743691 -0.000602486 0.0128623 -0.000724068 0.0021122 0.0116 -0.000816726 -2.78244e-05 0.00150143 0.000879572 -0.0011645 0.00890675 -0.0012925
internal_weight=347270 275906 71364 271292 266736 2257 325 264479 1786 262693 132320 60259 59600 663 72061 56968 5412 1387 4025 697 51556 1631 500 49925 15275 8029 7407 34650 622 33621
internal_count=347270 275906 71364 271292 266736 2257 325 264479 1786 262693 132320 60259 59600 663 72061 56968 5412 1387 4025 697 51556 1631 500 49925 15275 8029 7407 34650 622 33621
is_linear=0
shrinkage=0.05


Tree=75
num_leaves=31
num_cat=0
split_feature=5 13 13 12 14 11 11 12 14 6 11 12 13 13 12 12 2 12 14 13 13 11 13 13 12 13 15 9 12 10
split_gain=5.43233 5.39538 12.8078 19.2502 7.35139 4.78479 4.72833 5.30196 4.4478 4.00459 4.00067 8.11063 7.49095 10.1116 9.05799 8.43275 7.78266 7.23853 6.95361 6.87079 15.3406 11.6807 7.67628 12.3435 12.4731 8.6905 13.2882 9.24077 8.63686 7.71816
threshold=0.01957125636073297 22.330000877380375 21.755000114440922 0.073733903664651171 0.098456899427642589 0.04888400580692865 -0.028186654574093969 0.12832311924221709 0.26245601507157795 2.3623521788401312 -0.0070304120206733925 -0.037182022150964049 15.105000019073488 14.454999923706056 0.028915668765050032 1.0000000180025095e-35 0.028624472052986797 0.044382759046859517 0.15522193331306103 16.510000228881839 16.775000572204593 -0.015236039284217738 17.945000648498539 20.500000000000004 0.024150461568972496 20.375000000000004 0.0066284545769577105 0.60179492356890141 -0.049048436065559579 -0.017312000709356064
decision_type=2 2 2 2 2 2 2 2 2 2 2 2 2 2 2 2 2 2 2 2 2 2 2 2 2 2 2 8 2 2
left_child=5 2 8 4 -4 10 -3 -8 9 -2 12 -12 13 14 -1 16 -15 -17 -13 -14 21 -21 -22 24 25 27 -27 29 -25 -24
right_child=1 6 3 -5 -6 -7 7 -9 -10 -11 11 18 19 15 -16 17 -18 -19 -20 20 22 -23 23 28 -26 26 -28 -29 -30 -31
leaf_value=-0.00010723782795513179 3.3055428506726915e-05 8.0713480489542656e-05 0.00012323821900184749 0.0019761073863721799 0.00089123153966502169 -0.00023468736132830465 -0.00013557874217191807 0.00033053172055903649 0.00072956502330895107 0.0005608721694346895 -0.00015830407025149693 -2.3367608294041882e-05 -0.00012224786622953634 0.00040187318418445753 0.00017069843700517727 9.2024929214300636e-05 0.00083129809901356499 0.00034684622992456148 0.00019495812551306398 4.0204974992199765e-05 -0.00010708150522934259 0.00052058976663304417 0.00033699103191345232 7.3218356660492036e-05 -0.00015887004074791427 6.2421242097286057e-05 0.0016477339760823965 0.00021994374652656485 -7.1133667432910519e-05 3.4543977154684971e-05
leaf_weight=2747 44444 3758 761 135 223 2174 12157 318 198 2343 6619 202953 7873 269 1518 1919 127 395 1366 762 8535 736 729 6878 2498 394 351 3749 19434 10891
leaf_count=2747 44444 3758 761 135 223 2174 12157 318 198 2343 6619 202953 7873 269 1518 1919 127 395 1366 762 8535 736 729 6878 2498 394 351 3749 19434 10891
internal_value=-0.000154125 0.00026058 0.000526566 0.00581322 0.00338415 -0.000248431 -0.00052763 -0.000995993 0.000400659 0.000369012 -0.000230336 -0.000338916 9.77712e-05 0.00165233 0.000134817 0.00404059 0.0107828 0.00288677 -0.000283112 -7.48062e-05 0.000123095 0.00511348 -1.6743e-05 0.000244412 0.00122985 0.00173948 0.00701342 0.00148383 -0.000452646 0.000787434
internal_weight=347254 64337 48104 1119 984 282917 16233 12475 46985 46787 280743 210938 69805 6975 4265 2710 396 2314 204319 62830 54957 1498 53459 44924 18612 16114 745 15369 26312 11620
internal_count=347254 64337 48104 1119 984 282917 16233 12475 46985 46787 280743 210938 69805 6975 4265 2710 396 2314 204319 62830 54957 1498 53459 44924 18612 16114 745 15369 26312 11620
is_linear=0
shrinkage=0.05


end of trees

feature_importances:
spy_ret_5d=380
vix_level=283
spy_ret_1d=265
vix_chg_1d=233
spy_ret_20d=231
dvol_z_20=183
atr_pct=157
parkinson_20=154
dist_ma200=112
sector_ret_5d=62
sector_ret_1d=58
dist_ma50=50
overnight_gap=34
ret_1d=26
ret_5d=20
ret_20d=19
dist_ma20=13

parameters:
[boosting: gbdt]
[objective: quantile]
[metric: quantile]
[tree_learner: serial]
[device_type: cpu]
[data_sample_strategy: bagging]
[data: ]
[valid: ]
[num_iterations: 120]
[learning_rate: 0.05]
[num_leaves: 31]
[num_threads: -1]
[seed: 0]
[deterministic: 0]
[force_col_wise: 1]
[force_row_wise: 0]
[histogram_pool_size: -1]
[max_depth: -1]
[min_data_in_leaf: 40]
[min_sum_hessian_in_leaf: 0.001]
[bagging_fraction: 0.85]
[pos_bagging_fraction: 1]
[neg_bagging_fraction: 1]
[bagging_freq: 1]
[bagging_seed: 3]
[bagging_by_query: 0]
[feature_fraction: 0.85]
[feature_fraction_bynode: 1]
[feature_fraction_seed: 2]
[extra_trees: 0]
[extra_seed: 6]
[early_stopping_round: 0]
[early_stopping_min_delta: 0]
[first_metric_only: 0]
[max_delta_step: 0]
[lambda_l1: 0]
[lambda_l2: 0]
[linear_lambda: 0]
[min_gain_to_split: 0]
[drop_rate: 0.1]
[max_drop: 50]
[skip_drop: 0.5]
[xgboost_dart_mode: 0]
[uniform_drop: 0]
[drop_seed: 4]
[top_rate: 0.2]
[other_rate: 0.1]
[min_data_per_group: 100]
[max_cat_threshold: 32]
[cat_l2: 10]
[cat_smooth: 10]
[max_cat_to_onehot: 4]
[top_k: 20]
[monotone_constraints: ]
[monotone_constraints_method: basic]
[monotone_penalty: 0]
[feature_contri: ]
[forcedsplits_filename: ]
[refit_decay_rate: 0.9]
[cegb_tradeoff: 1]
[cegb_penalty_split: 0]
[cegb_penalty_feature_lazy: ]
[cegb_penalty_feature_coupled: ]
[path_smooth: 0]
[interaction_constraints: ]
[verbosity: -1]
[saved_feature_importance_type: 0]
[use_quantized_grad: 0]
[num_grad_quant_bins: 4]
[quant_train_renew_leaf: 0]
[stochastic_rounding: 1]
[linear_tree: 0]
[max_bin: 255]
[max_bin_by_feature: ]
[min_data_in_bin: 3]
[bin_construct_sample_cnt: 200000]
[data_random_seed: 1]
[is_enable_sparse: 1]
[enable_bundle: 1]
[use_missing: 1]
[zero_as_missing: 0]
[feature_pre_filter: 1]
[pre_partition: 0]
[two_round: 0]
[header: 0]
[label_column: ]
[weight_column: ]
[group_column: ]
[ignore_column: ]
[categorical_feature: ]
[forcedbins_filename: ]
[precise_float_parser: 0]
[parser_config_file: ]
[objective_seed: 5]
[num_class: 1]
[is_unbalance: 0]
[scale_pos_weight: 1]
[sigmoid: 1]
[boost_from_average: 1]
[reg_sqrt: 0]
[alpha: 0.9]
[fair_c: 1]
[poisson_max_delta_step: 0.7]
[tweedie_variance_power: 1.5]
[lambdarank_truncation_level: 30]
[lambdarank_norm: 1]
[label_gain: ]
[lambdarank_position_bias_regularization: 0]
[eval_at: ]
[multi_error_top_k: 1]
[auc_mu_weights: ]
[num_machines: 1]
[local_listen_port: 12400]
[time_out: 120]
[machine_list_filename: ]
[machines: ]
[gpu_platform_id: -1]
[gpu_device_id: -1]
[gpu_device_id_list: ]
[gpu_use_dp: 0]
[num_gpu: 1]

end of parameters

pandas_categorical:[]
