tree
version=v4
num_class=1
num_tree_per_iteration=1
label_index=0
max_feature_idx=16
objective=quantile
feature_names=ret_1d ret_5d ret_20d overnight_gap atr_pct parkinson_20 dvol_z_20 dist_ma20 dist_ma50 dist_ma200 spy_ret_1d spy_ret_5d spy_ret_20d vix_level vix_chg_1d sector_ret_1d sector_ret_5d
feature_infos=[-0.35837318199116441:0.39688958009331254] [-0.45452640402347022:0.78417653390742736] [-0.62151938636124826:2.2241490044958256] [-0.29215546767708522:0.37514422784963863] [0.0094537815126050379:0.24020187197588638] [0.0062281871911364509:0.076827739432514947] [-2.9553417213153583:4.3407480208754672] [-0.46610144369015494:0.65624355714383897] [-0.55112244313012959:1.3583022103210958] [-0.74650396096358052:3.9078919072636991] [-0.058542947643003718:0.10501933612632941] [-0.11496158439845272:0.082843216242346029] [-0.12265592443394913:0.15756596870864792] [11.859999656677246:52.330001831054688] [-0.35753873962348437:0.74039073966007019] [-0.068244726543857936:0.13419383554022479] [-0.13586538461538455:0.11772560364971629]
tree_sizes=2935 3070 3066 3054 3045 3064 3063 3049 3074 3076 3070 3071 3040 3047 3049 3069 3022 3095 3056 3083 3064 3038 3058 3065 3049 3058 3061 3078 3032 3064 3061 3037 3062 3055 3059 3066 3088 3061 3062 3054 3037 3032 3114 3078 3048 3056 3070 3023 3047 3073 3060 3081 3104 3093 3087 3035 3022 3045

Tree=0
num_leaves=31
num_cat=0
split_feature=4 4 12 4 13 16 16 10 13 6 16 4 14 16 14 12 15 16 12 13 12 12 13 13 5 13 14 16 13 12
split_gain=502.977 123.062 69.8061 49.8773 24.3687 23.7739 22.0949 21.6167 18.4217 15.4613 14.3733 13.4804 13.2197 12.466 12.3426 12.1914 11.5852 11.711 11.106 10.5052 15.2141 10.3767 11.0063 9.64421 9.59947 9.04715 8.89373 8.82456 8.74858 12.1292
threshold=0.029151851031082213 0.020826008870423299 -0.075828254732232245 0.046543141151139951 19.010000228881839 0.0943569582100965 -0.032598786515004856 0.069033394894507452 18.510000228881839 0.050114701462822799 -0.027221063177263912 0.016063635968638485 -0.028449828861296097 -0.02396285681473714 -0.098691693357393515 0.0027925982816148225 -0.015049215839636363 0.054779551976547831 0.0066896649330910893 16.510000228881839 0.028594674510006083 -0.062212446145613214 27.855000495910648 18.444999694824222 0.020775155369467488 18.154999732971195 -0.10816573528732347 0.085226878259233599 25.505000114440922 -0.028754202463148134
decision_type=2 2 2 2 2 2 2 2 2 2 2 2 2 2 2 2 2 2 2 2 2 2 2 2 2 2 2 2 2 2
left_child=1 10 14 9 6 7 19 -5 12 21 -1 -12 15 -14 -2 26 25 23 -17 20 -3 22 -4 -18 -11 -15 -8 -19 29 -6
right_child=2 4 3 5 28 -7 8 -9 -10 24 11 -13 13 16 -16 18 17 27 -20 -21 -22 -23 -24 -25 -26 -27 -28 -29 -30 -31
leaf_value=0.011406613630242646 0.01176632260903716 0.011308224033564329 0.010930112469941378 0.012033604690805078 0.011336148576810956 0.010945773869752883 0.011305898148566484 0.0093814447987824682 0.011160519334953278 0.011588097247295082 0.011228128056973218 0.01129141659475863 0.011119539244100451 0.011624193890020252 0.013168943859636784 0.011131496797315777 0.011344504496082663 0.011660446133464574 0.011432294477708637 0.011739208456128835 0.012065648892894387 0.011557708354666829 0.011656204238533974 0.011949697323143483 0.011802777461707593 0.011193807516247035 0.011630630167201162 0.011181463440880179 0.011854380182921887 0.011554292915388942
leaf_weight=1028 93 287 120 6504 613 113 123 50 522 3428 2998 7017 319 401 548 153 6659 298 2618 427 86 10301 75 45 3159 45 689 47 237 2193
leaf_count=1028 93 287 120 6504 613 113 123 50 522 3428 2998 7017 319 401 548 153 6659 298 2618 427 86 10301 75 45 3159 45 689 47 237 2193
internal_value=0.0114063 0.00667878 0.0166017 0.0161623 0.00951449 0.0198301 0.00855286 0.0202221 0.00801296 0.0147308 0.00263128 0.00205335 0.00843365 0.00728053 0.0328836 0.0109484 0.00769254 0.00719807 0.0093696 0.0165967 0.0104664 0.0135392 0.00211275 0.00673575 0.0166296 0.0155076 0.0163363 0.0161819 0.0135338 0.0127547
internal_weight=51196 26805 24391 23750 15762 6667 12719 6554 11919 17083 11043 10015 11397 7814 641 3583 7495 7049 2771 800 373 10496 195 6704 6587 446 812 345 3043 2806
internal_count=51196 26805 24391 23750 15762 6667 12719 6554 11919 17083 11043 10015 11397 7814 641 3583 7495 7049 2771 800 373 10496 195 6704 6587 446 812 345 3043 2806
is_linear=0
shrinkage=1


Tree=1
num_leaves=31
num_cat=0
split_feature=4 4 4 12 11 10 10 11 4 5 11 10 12 11 10 13 11 4 11 11 16 14 12 16 10 13 4 10 14 10
split_gain=470.076 111.054 52.2976 42.7224 28.7255 44.7563 20.4459 18.7757 18.2578 15.0592 14.9068 14.7413 14.2127 11.1854 10.6899 10.3211 9.81935 9.37534 9.18773 7.47203 7.37218 8.50622 7.91071 7.2085 7.51584 6.93791 6.88948 6.88403 6.8787 6.52692
threshold=0.025051981854477167 0.038585792356605593 0.020159657210697721 -0.080083523859072289 -0.023324980459216712 0.0041080553382388816 0.069033394894507452 0.077393041140555022 0.051294810970272074 0.017799924807101873 0.0015109645581827815 -0.0061038780912164295 -0.023427977904983906 0.001067718638755544 -0.0061038780912164295 17.615000724792484 -0.033420149013226534 0.015749645077396179 0.050492682028646547 0.045591132552592513 0.0042161092676532572 0.029438000999075457 -0.046452019388258541 -0.045377920304347001 -0.009254911904007011 20.335000038146976 0.033885533281050394 0.018838458170826636 -0.037511825146214865 -0.0053055981248319442
decision_type=2 2 2 2 2 2 2 2 2 2 2 2 2 2 2 2 2 2 2 2 2 2 2 2 2 2 2 2 2 2
left_child=2 4 10 -3 5 -2 7 8 14 18 13 -4 20 15 -5 23 -7 -12 -6 26 21 25 -22 -1 -25 -13 -11 -19 -14 -16
right_child=1 3 11 6 9 16 -8 -9 -10 19 17 12 28 -15 29 -17 -18 27 -20 -21 22 -23 -24 24 -26 -27 -28 -29 -30 -31
leaf_value=7.0255942409858116e-05 0.00037355382170062512 0.0018591445963829758 2.9115838115103535e-05 0.00046447726665064691 -2.0084271673113076e-05 0.00023233982559759167 -0.0018424752936698496 -0.00063606388051994144 0.00064583939267322428 3.8977761287242213e-05 -0.00025166790932416915 0.00016227993415668612 -7.5841938378289333e-05 0.00012343813432380557 -0.00020034791901707655 -7.0186260854825366e-05 -0.00069866655860096217 -0.00019508096156641843 -0.00043841900536790491 -0.00013586901186499745 -0.00038521242095157504 0.00050476818927563721 -4.9290736205876227e-06 -4.4823845382779667e-06 -0.00021294635953381658 -9.8148260731250036e-05 0.00016134326113387946 9.687974816188217e-05 -0.00014802658697590234 0.00022963864030316474
leaf_weight=103 1250 375 1464 1296 7856 42 53 60 4685 5573 1748 295 1984 139 201 1386 167 4329 43 250 71 76 297 212 1950 135 4142 55 5086 5800
leaf_count=103 1250 375 1464 1296 7856 42 53 60 4685 5573 1748 295 1984 139 201 1386 167 4329 43 250 71 76 297 212 1950 135 4142 55 5086 5800
internal_value=2.8852e-05 0.00376734 -0.00612002 0.00744587 0.00139342 0.00813914 0.00693055 0.00706693 0.00720664 0.000842476 -0.00865249 -0.00344919 -0.00429884 -0.00618734 0.00564273 -0.00671734 -0.0132775 -0.0101761 -0.000788074 0.00213497 0.00171625 0.00563241 -0.00366848 -0.00879691 -0.00941258 0.00290698 0.00235461 -0.00894161 -0.00504243 0.00475337
internal_weight=51123 31793 19330 12470 19323 1459 12095 12042 11982 17864 9922 9408 7944 3790 7297 3651 209 6132 7899 9965 874 506 368 2265 2162 430 9715 4384 7070 6001
internal_count=51123 31793 19330 12470 19323 1459 12095 12042 11982 17864 9922 9408 7944 3790 7297 3651 209 6132 7899 9965 874 506 368 2265 2162 430 9715 4384 7070 6001
is_linear=0
shrinkage=0.05


Tree=2
num_leaves=31
num_cat=0
split_feature=4 4 12 4 16 11 11 11 12 6 4 6 13 5 13 13 12 11 12 11 4 6 11 11 6 11 11 16 16 16
split_gain=413.686 100.75 67.9679 46.3298 20.4209 18.1105 13.974 13.6351 14.985 12.1449 11.9278 11.8496 10.4304 10.3939 10.2217 15.3037 11.6218 11.1695 9.68878 9.38073 9.29092 8.88561 9.52064 8.54367 8.50553 7.7212 7.53336 7.67434 7.23864 7.39868
threshold=0.028925652519664221 0.020604416637001938 -0.075828254732232245 0.040798452202210837 0.0943569582100965 -0.017638960680292966 0.0065559076404506653 -0.023324980459216712 -0.062212446145613214 2.2935792146413703 0.054556220342512861 1.7819793802761918 24.630000114440922 0.017652206449464983 19.010000228881839 18.510000228881839 0.0048491469985487709 -0.012158378238136978 -0.062212446145613214 -0.023324980459216712 0.016219439410387341 -0.42820665021483412 -0.007881044782755085 -0.025492128925019227 0.093641492775024537 -0.022672230022230119 0.045591132552592513 0.05629588516401219 0.049543215506382639 0.041810397896275393
decision_type=2 2 2 2 2 2 2 2 2 2 2 2 2 2 2 2 2 2 2 2 2 2 2 2 2 2 2 2 2 2
left_child=1 6 12 7 10 -3 -1 23 -9 14 18 13 19 -10 15 16 -7 -16 -5 -2 -8 -18 -23 -4 -20 -15 27 28 29 -27
right_child=2 5 3 4 -6 9 20 8 11 -11 -12 -13 -14 25 17 -17 21 -19 24 -21 -22 22 -24 -25 -26 26 -28 -29 -30 -31
leaf_value=-0.000135659325751476 -0.00026939915622642728 7.6563772629015134e-05 0.00017960338739794681 -0.00031039400084409874 -0.00041512618542765265 1.505434734281148e-05 -0.00024797817878425123 -0.00040887334430590277 -4.1363138123415392e-05 0.00011222189512045592 0.00064874019392300404 0.00028621827473398294 0.0016939387139864267 -0.00041656394151505082 -0.00023723420349415397 -0.0002883572853170335 -0.00014422503596870224 5.9488242492079704e-05 0.00021856280427891761 0.00071252796484623114 -0.00018276977766072374 -0.00026592070364858954 -5.7958503603003886e-05 0.00059414983179885894 0.00048003893287386742 8.1578941433690455e-05 -0.00017251631288672797 0.00030982876883354035 -0.00020927781506907195 0.00032648167666047813
leaf_weight=5607 46 1762 788 183 138 2009 1557 138 2223 816 3652 1109 499 45 249 449 3599 1698 3961 100 3469 269 4930 245 2197 8022 245 479 255 360
leaf_count=5607 46 1762 788 183 138 2009 1557 138 2223 816 3652 1109 499 45 249 449 3599 1698 3961 100 3469 269 4930 245 2197 8022 245 479 255 360
internal_value=-1.22312e-05 -0.00436132 0.00464148 0.00421173 0.00678363 -0.00182656 -0.0081233 0.00233841 0.001895 -0.00242706 0.00704743 0.00207254 0.0206589 0.0016016 -0.00279293 -0.00337154 -0.00299574 0.000552131 0.00573648 0.00890411 -0.0100378 -0.00377927 -0.0024572 0.00786544 0.0060734 0.0023283 0.00242763 0.00266016 0.00231851 0.00257099
internal_weight=51099 26414 24685 24040 10131 15781 10633 13909 12876 14019 9993 12738 645 11629 13203 11256 10807 1947 6341 146 5026 8798 5199 1033 6158 9406 9361 9116 8637 8382
internal_count=51099 26414 24685 24040 10131 15781 10633 13909 12876 14019 9993 12738 645 11629 13203 11256 10807 1947 6341 146 5026 8798 5199 1033 6158 9406 9361 9116 8637 8382
is_linear=0
shrinkage=0.05


Tree=3
num_leaves=31
num_cat=0
split_feature=13 9 12 16 0 0 14 14 16 11 16 8 10 10 9 14 11 13 12 10 10 12 13 14 16 11 16 11 16 16
split_gain=140.314 73.6151 61.9929 45.4966 35.6244 33.0835 22.2821 20.9986 22.3044 28.7494 26.0469 22.7804 20.8703 27.3132 20.6063 20.3749 18.3151 17.4871 16.7417 16.4207 17.6377 27.0521 24.8967 20.3303 20.3061 19.3131 17.1158 15.8678 18.2873 15.614
threshold=19.010000228881839 0.28248849232712386 -0.075828254732232245 -0.038655516264954108 0.024635203295009015 -0.011942369183845334 -0.037511825146214865 0.016378333086022993 0.018679916480525364 -0.023324980459216712 -0.039814674149056255 inf -0.0022466213089214477 -0.00019410634058175666 -0.24371553779234076 -0.039568606403770572 -0.025492128925019227 18.564999580383304 0.10731206738905331 0.069033394894507452 0.0077313618831305062 -0.049048441539310476 27.664999961853031 -0.054107623009077337 0.00084197427406007563 -0.01930721697732057 -0.038655516264954108 -0.016802988211636779 -0.020867793222817507 0.0042161092676532572
decision_type=2 10 2 2 2 2 2 2 2 2 2 8 2 2 10 2 2 2 2 2 2 2 2 2 2 2 2 2 2 2
left_child=1 3 -2 -1 5 -5 15 12 9 16 -11 14 29 -14 -12 17 -9 -7 -10 20 21 -15 23 24 25 -22 -23 -16 -29 -4
right_child=2 -3 7 4 -6 6 -8 8 18 10 11 -13 13 19 27 -17 -18 -19 -20 -21 22 26 -24 -25 -26 -27 -28 28 -30 -31
leaf_value=0.00022865837879216993 0.0010030476397601888 0.00016449244289688065 -2.26555978995748e-05 -4.504944954532818e-07 8.640236406063196e-05 -5.3235418307303903e-05 -0.00013537998814426829 0.00023890957177936795 0.0006316518924839329 -0.00036268105898634538 0.00048217376042739485 -0.00034597737510339358 0.00043479939332464714 -0.0008132591781613883 0.00043354673366411588 0.00022482507811218968 0.00076516672797733928 -0.00032777485664701084 -0.00010762998026330028 -0.0015528491114673673 -0.00024374738738988536 0.0003997044876858126 0.0008388069040782284 0.00030889070515986527 -0.00019147031811589843 0.00038413197831832805 -7.9132377461065002e-06 -0.00035481787770404486 7.0498877257341519e-05 -0.00044287890085834073
leaf_weight=1067 751 5428 480 5965 3166 5250 16467 1240 619 368 433 244 618 248 408 570 425 217 119 61 185 247 261 623 610 561 2721 181 1336 258
leaf_count=1067 751 5428 480 5965 3166 5250 16467 1240 619 368 433 244 618 248 408 570 425 217 119 61 185 247 261 623 610 561 2721 181 1336 258
internal_value=-2.2004e-05 -0.00155127 0.00446449 -0.00244633 -0.00278884 -0.00334838 -0.00422592 0.00360934 0.00595105 0.00466559 0.00171717 0.00347809 0.0017787 0.00273431 0.00498304 -0.00162746 0.00992492 -0.00256539 0.0140244 0.00161773 0.00190616 -0.000466418 0.0053125 0.00339818 -3.68732e-05 0.00549598 0.000859164 0.00276623 0.000411997 -0.00616531
internal_weight=51127 38130 12997 32702 31635 28469 22504 12246 5373 4635 2970 2602 6873 6135 2358 6037 1665 5467 738 5517 5456 3216 2240 1979 1356 746 2968 1925 1517 738
internal_count=51127 38130 12997 32702 31635 28469 22504 12246 5373 4635 2970 2602 6873 6135 2358 6037 1665 5467 738 5517 5456 3216 2240 1979 1356 746 2968 1925 1517 738
is_linear=0
shrinkage=0.05


Tree=4
num_leaves=31
num_cat=0
split_feature=4 4 4 13 13 16 13 4 6 13 0 15 16 16 16 6 6 4 5 14 0 13 16 14 14 13 15 15 14 14
split_gain=371.091 84.0824 45.9884 29.3544 17.9508 17.5687 15.5126 15.0774 12.4483 11.9828 11.0793 10.2629 9.97505 9.75691 8.80899 8.3667 7.8245 7.30409 7.29476 6.80551 8.63285 7.36446 7.14905 6.82153 7.81417 6.63633 11.4042 6.5587 6.22375 6.24157
threshold=0.025051981854477167 0.038585792356605593 0.018312818727845476 33.719999313354499 24.385000228881839 0.0943569582100965 31.844999313354496 0.051294810970272074 0.082788352728528788 23.965000152587894 -0.011942369183845334 -0.0034546770021388613 0.0048345471215708322 -0.027221063177263912 -0.032598786515004856 -0.056417931014878124 0.80952805642392778 0.022520201656411248 0.019136307556117789 0.045982054922578681 0.0022493507640424242 13.444999694824221 0.016896151919242101 0.07643058808250093 0.08366532037956588 33.719999313354499 -0.039779058568007945 -0.0089740652691568928 -0.015155298785694047 0.082924621878779262
decision_type=2 2 2 2 2 2 2 2 2 2 2 2 2 2 2 2 2 2 2 2 2 2 2 2 2 2 2 2 2 2
left_child=2 4 13 5 8 6 7 11 12 10 -4 -3 -2 -1 -12 -8 -15 -16 -10 20 21 -14 -23 -21 -25 26 -6 -24 -28 -30
right_child=1 3 9 -5 25 -7 15 -9 18 -11 14 -13 19 16 17 -17 -18 -19 -20 23 -22 22 27 24 -26 -27 28 -29 29 -31
leaf_value=-6.0595752161025316e-05 4.7530897473479879e-05 0.00038329220391839045 -1.6339869359217018e-05 0.0013582999374813515 -0.0010836251140585954 -0.00036442736913370034 0.00012092822715647342 0.00060796701419538299 4.1825542644037371e-05 0.00016561275139862121 2.0934417742973866e-05 0.00016234714899706877 3.9597074795019557e-05 -0.00020512529429841378 -0.00014037078142442629 -0.0014752066558939988 -0.00012101968012153525 -9.3564761964953522e-05 0.00016790233851133961 0.00026639827961440459 -1.2438393592456143e-05 -0.00028735669180321568 0.00034801715500449063 -0.00043710979296050946 0.00021409030661769066 0.0007865795909878944 4.7387521223572589e-05 -0.00013311608927760966 0.00056436465304053856 0.00017312748101674515
leaf_weight=578 5471 2399 1983 345 46 150 47 4582 4414 288 749 4773 440 5065 5866 73 984 3751 2444 368 3047 586 69 170 184 75 194 1255 261 306
leaf_count=578 5471 2399 1983 345 46 150 47 4582 4414 288 749 4773 440 5065 5866 73 984 3751 2444 368 3047 586 69 170 184 75 194 1255 261 306
internal_value=-0.000128034 0.00319805 -0.00560112 0.00641725 0.00113813 0.00600466 0.00621947 0.00640208 0.000804965 -0.003832 -0.00406713 0.00497072 -0.000194133 -0.00897465 -0.00472217 -0.0116667 -0.0095677 -0.00512894 0.00249344 -0.00158114 -0.00219103 -0.00446809 -0.00581152 0.00297784 -0.0019774 0.00810658 0.00678439 -0.00377644 0.00824573 0.0108907
internal_weight=50963 31699 19264 12369 19330 12024 11874 11754 18448 12637 12349 7172 11590 6627 10366 120 6049 9617 6858 6119 5397 2350 1910 722 354 882 807 1324 761 567
internal_count=50963 31699 19264 12369 19330 12024 11874 11754 18448 12637 12349 7172 11590 6627 10366 120 6049 9617 6858 6119 5397 2350 1910 722 354 882 807 1324 761 567
is_linear=0
shrinkage=0.05


Tree=5
num_leaves=31
num_cat=0
split_feature=4 4 12 4 10 10 11 15 9 11 10 12 11 6 16 12 6 11 16 11 16 12 11 10 11 10 11 16 12 12
split_gain=343.642 79.2927 59.5762 31.7177 19.1872 17.2285 15.1773 17.795 15.5392 15.0113 13.4743 12.4534 12.1659 10.8334 9.92027 14.1622 9.87513 9.63868 9.83307 9.63127 12.9959 14.7515 20.1844 9.51126 9.47837 13.7077 9.35934 9.09411 8.74669 8.46932
threshold=0.029289597572667529 0.020604416637001938 -0.075828254732232245 0.036518838477978439 0.069033394894507452 -0.0061038780912164295 -0.023324980459216712 0.014478509545612141 0.68204200940231374 0.011258246929470419 -0.029463617054616639 -0.023427977904983906 0.077393041140555022 0.65909254499805914 0.0042161092676532572 -0.046452019388258541 -0.2231160921783957 0.037714615631601174 0.05629588516401219 0.015047033906525955 -0.0052537915143780469 -0.0075921300584320664 -0.028186613773187038 -0.003907886329562015 -0.017638960680292966 0.0040309236924269696 0.010968315958417631 -0.047561302748266469 -0.0054605306842289139 -0.062212446145613214
decision_type=2 2 2 2 2 2 2 2 10 2 2 2 2 2 2 2 2 2 2 2 2 2 2 2 2 2 2 2 2 2
left_child=1 9 -2 17 6 19 7 10 12 23 -5 14 13 29 27 -16 -13 18 24 20 21 22 -3 -1 25 -4 -25 -7 -23 -8
right_child=2 5 3 4 -6 11 8 -9 -10 -11 -12 16 -14 -15 15 -17 -18 -19 -20 -21 -22 28 -24 26 -26 -27 -28 -29 -30 -31
leaf_value=-7.0498538257165796e-05 0.001201062090711017 0.00011881849896084908 0.00029201712861606386 -0.0018092267150538136 -0.0016127433732061039 -0.00021630614403022895 -0.00025370406653241488 -0.00084622533302751999 0.00081843282454417557 -0.00019381545594783535 0.00072348368928057611 -0.00011533257166079417 -0.00054960685344696686 0.00044688457956806085 -0.00032268165523365678 3.0159942706275588e-05 -4.3275610663378759e-05 -0.0001487584656917825 0.00030762069848730607 -0.00055688776247194165 0.0002151980060344068 0.0003602241490327342 -0.00025331353594534818 -0.00015570000558476024 3.3259291407659445e-05 -0.00024758374510658174 0.0001810274851765316 0.00018025073105403869 7.5570445975099674e-05 0.00018759445418897668
leaf_weight=2122 637 285 935 62 55 60 306 75 1283 3626 951 6255 59 2292 138 480 6056 371 287 96 879 111 424 4906 7732 221 73 783 772 8726
leaf_count=2122 637 285 935 62 55 60 306 75 1283 3626 951 6255 59 2292 138 480 6056 371 287 96 879 111 424 4906 7732 221 73 783 772 8726
internal_value=-9.499e-05 -0.00395699 0.00426184 0.00385035 0.00538236 -0.00176418 0.00550022 0.0111673 0.00501342 -0.00729701 0.0129072 -0.00246515 0.00442546 0.00454345 0.00189938 -0.00291262 -0.0029831 0.00163419 0.00195368 0.00199649 0.00260016 -9.42211e-05 -0.00546544 -0.00596043 0.00165954 0.00588235 -0.00715505 0.00542705 0.00421857 0.00376439
internal_weight=51058 27066 23992 23355 13809 16339 13754 1088 12666 10727 1013 13772 11383 11324 1461 618 12311 9546 9175 2567 2471 1592 709 7101 8888 1156 4979 843 883 9032
internal_count=51058 27066 23992 23355 13809 16339 13754 1088 12666 10727 1013 13772 11383 11324 1461 618 12311 9546 9175 2567 2471 1592 709 7101 8888 1156 4979 843 883 9032
is_linear=0
shrinkage=0.05


Tree=6
num_leaves=31
num_cat=0
split_feature=4 4 12 4 13 10 10 4 10 11 14 14 12 11 16 10 14 12 16 14 12 12 14 8 15 16 12 13 16 11
split_gain=325.785 79.6892 44.0398 33.7383 19.7633 19.4478 17.5675 14.9586 11.7064 18.5865 14.1068 12.175 11.5397 11.1003 11.0436 14.9424 10.9897 13.8391 10.6761 10.547 10.6107 12.8079 10.6898 10.2821 10.066 12.312 9.89275 26.9668 11.1395 10.9093
threshold=0.024333071983823881 0.034728666577579358 -0.080083523859072289 0.018056694664780288 24.385000228881839 -0.0061038780912164295 0.069033394894507452 0.051937766710410692 -0.0064885643523325811 0.015047033906525955 -0.037511825146214865 -0.039568606403770572 -0.046452019388258541 0.077393041140555022 0.0045404196142767592 -0.0053055981248319442 0.063107496547525913 -0.0080789894590868033 0.018042293405881708 0.057570789081387914 0.073733848686565309 0.050491890140625724 -0.0241559957087869 -0.17663657368529709 -0.046215760253004327 -0.058071440871324591 -0.00073998498694560755 19.585000038146976 -0.022290395743551791 -0.022310337551763478
decision_type=2 2 2 2 2 2 2 2 2 2 2 2 2 2 2 2 2 2 2 2 2 2 2 10 2 2 2 2 2 2
left_child=3 4 -3 -1 8 24 7 -7 9 16 11 12 -10 -9 15 -12 -2 -18 -16 20 21 22 -17 -19 -4 -26 27 -27 29 -29
right_child=1 2 5 -5 -6 6 -8 13 10 -11 14 -13 -14 -15 18 19 17 23 -20 -21 -22 -23 -24 -25 25 26 -28 28 -30 -31
leaf_value=-0.00016834817252689793 0.00029198931431566235 0.0014595245845055852 -0.00046117480348119148 -9.466763356283763e-05 0.0002860077503842792 0.00014214684294395962 -0.0014483599277615759 0.00050010775788585505 -0.00028268547685147987 -0.0006956720931349952 -0.00041408137116257508 0.00035129599366444836 5.0262009698700577e-05 -0.00077064626799187689 -0.00016179222002315471 0.00022554694984801816 -0.00011347324057083058 -0.00031343955750565708 -4.1833301100089026e-05 0.00045492041501207645 0.0012049992324040628 -0.00032295482113737627 2.3111456261372574e-06 0.00025234862710632038 0.0010772176632697287 -0.00030648981050879746 0.0005499169831901221 0.00031964181902904712 0.00075116867740674786 -0.00037831859354916711
leaf_weight=6301 637 399 113 11689 649 9441 55 3566 163 69 280 300 3700 41 1960 456 523 59 3869 182 67 226 2581 934 223 370 1073 432 511 147
leaf_count=6301 637 399 113 11689 649 9441 55 3566 163 69 280 300 3700 41 1960 456 523 59 3869 182 67 226 2581 934 223 370 1073 432 511 147
internal_value=-9.2128e-05 0.00285684 0.00533413 -0.00550584 0.000421795 0.00492424 0.00410784 0.0042267 7.49719e-05 0.00344284 -0.000467934 0.00196373 0.0012102 0.00696562 -0.00152011 0.000580169 0.0042615 0.00194591 -0.00288643 0.0014664 0.000825826 0.000421391 0.00127593 0.00541289 0.00865284 0.00925254 0.00826096 0.00558219 0.00954128 0.00479275
internal_weight=51016 33026 16371 17990 16655 15972 13103 13048 16006 2222 13784 4163 3863 3607 9621 3792 2153 1516 5829 3512 3330 3263 3037 993 2869 2756 2533 1460 1090 579
internal_count=51016 33026 16371 17990 16655 15972 13103 13048 16006 2222 13784 4163 3863 3607 9621 3792 2153 1516 5829 3512 3330 3263 3037 993 2869 2756 2533 1460 1090 579
is_linear=0
shrinkage=0.05


Tree=7
num_leaves=31
num_cat=0
split_feature=4 4 12 4 11 10 10 11 11 15 9 5 11 11 14 11 11 12 10 12 12 10 10 11 15 10 10 15 3 12
split_gain=290.955 68.5015 39.9279 31.675 21.6058 30.6105 18.6117 14.0229 11.7689 14.0029 10.3516 9.72813 9.54971 9.43043 9.07141 8.97169 8.95786 8.96043 22.9042 12.7068 10.355 8.79881 8.74968 8.3302 8.26687 17.537 8.63372 7.95102 8.70403 7.86352
threshold=0.025051981854477167 0.039267599005204622 -0.075828254732232245 0.018425736345862066 -0.023324980459216712 0.0041080553382388816 0.069033394894507452 0.0015109645581827815 -0.023324980459216712 0.014478509545612141 0.56934410196797258 0.017728868151507256 -0.0092896539430100105 -0.00034713630505139864 -0.098691693357393515 0.050492682028646547 0.077393041140555022 -0.062212446145613214 0.015426136544852588 -0.05023266322533259 -0.071455492513037885 -0.0077272822899705487 0.0092143368425633438 0.045591132552592513 0.0027123018439723094 0.0011106399623194154 -0.0012648702969264012 -0.034028724004971027 -0.037149442830758876 0.023999932623669954
decision_type=2 2 2 2 2 2 2 2 2 2 10 2 2 2 2 2 2 2 2 2 2 2 2 2 2 2 2 2 2 2
left_child=3 4 14 12 5 -2 8 13 9 27 16 15 -1 24 -3 -6 17 18 20 -19 -10 -14 -7 -21 25 -5 -26 28 -4 -15
right_child=1 2 6 7 11 22 -8 -9 10 -11 -12 -13 21 29 -16 -17 -18 19 -20 23 -22 -23 -24 -25 26 -27 -28 -29 -30 -31
leaf_value=-6.1754891825442331e-05 0.00029635817500493143 0.00017818197419341484 -0.0018526269529799281 -5.5314723065707805e-05 -1.7935430042638131e-05 -0.00068303164603332467 -0.001464791865185659 -0.00011421083063320433 0.00011643851640330368 -0.0010113730320434958 0.00063726714041336709 5.4033135288708658e-05 -1.7012429547466667e-05 -6.7439840905969249e-05 0.0016739331708329579 -0.00044187837740304018 -0.00049947532637023475 0.0008419067591412129 0.0017971351725111079 0.00023172549092262824 -0.00086643480841926005 -0.00017268257727781042 0.00014057372927877453 -0.00012125552086704218 0.00011607114166206127 0.00028468774959681875 -0.00016144996550044295 0.00076702703880493614 0.00035007983245243077 0.0002099571485976489
leaf_weight=1046 1299 70 42 2857 7631 153 54 7554 85 64 1574 10693 312 238 436 46 55 215 62 7891 141 5493 59 359 110 278 1138 657 140 355
leaf_count=1046 1299 70 42 2857 7631 153 54 7554 85 64 1574 10693 312 238 436 46 55 215 62 7891 141 5493 59 359 110 278 1138 657 140 355
internal_value=-0.0001355 0.00281315 0.00582313 -0.00496233 0.00101982 0.00676704 0.0052099 -0.00346768 0.00535002 0.010825 0.00487382 0.000547088 -0.00769596 -0.00140675 0.0195652 -0.000810864 0.0042064 0.0043328 -0.00434028 0.00462788 -0.0117257 -0.00848837 -0.0108491 0.00431515 -0.00220739 -0.000837321 -0.00564904 0.0125447 0.0032967 0.00451096
internal_weight=51107 31726 11845 19381 19881 1511 11339 12530 11285 903 10382 18370 6851 4976 506 7677 8808 8753 288 8465 226 5805 212 8250 4383 3135 1248 839 182 593
internal_count=51107 31726 11845 19381 19881 1511 11339 12530 11285 903 10382 18370 6851 4976 506 7677 8808 8753 288 8465 226 5805 212 8250 4383 3135 1248 839 182 593
is_linear=0
shrinkage=0.05


Tree=8
num_leaves=31
num_cat=0
split_feature=4 4 4 12 11 10 6 10 11 4 11 6 11 11 8 11 9 12 10 11 12 11 11 14 3 13 14 15 13 12
split_gain=275.833 60.1592 36.2952 29.0961 24.3591 41.8197 16.7995 16.6807 13.3046 13.1877 13.0115 9.52989 9.25002 8.81303 8.67252 8.36321 10.8039 8.10737 25.0068 8.06245 7.23676 9.04842 7.05121 7.03842 7.02091 6.70958 8.81564 10.5721 9.53782 8.66073
threshold=0.025051981854477167 0.044328310346211618 0.018056694664780288 -0.075828254732232245 -0.023324980459216712 0.0041080553382388816 1.7819793802761918 0.069033394894507452 0.0015109645581827815 0.030192785234340991 0.077393041140555022 -0.52167462362827022 0.045591132552592513 0.011258246929470419 -0.080775558083559004 -0.014879345686955035 -0.016978218228579419 -0.062212446145613214 0.015426136544852588 0.001067718638755544 -0.043864369041982591 0.044463643697869822 0.024405039123864495 -0.13532199000438486 0.00091372020620794647 16.935000419616703 -0.023371909944973176 0.0024412422748563149 16.675000190734867 -0.0097422430740965443
decision_type=2 2 2 2 2 2 2 2 2 2 2 2 2 2 10 2 10 2 2 2 2 2 2 2 2 2 2 2 2 2
left_child=2 4 13 -3 5 -2 9 10 19 -6 15 -10 14 -1 -11 16 -5 18 -17 23 -19 -22 -15 -4 -23 26 -25 28 -28 -27
right_child=1 3 8 7 6 -7 -8 -9 11 12 -12 -13 -14 22 -16 17 -18 20 -20 -21 21 24 -24 25 -26 29 27 -29 -30 -31
leaf_value=-0.00013103798832992449 0.00031775842007757474 0.0014828683336642367 -0.00020884367609346551 0.00030417897283751324 -2.7207217637614411e-05 -0.00052211599000952615 0.00023305752645060905 -0.0015475407844812805 -0.00014892316687540859 -3.2165522223969724e-05 -0.00046215917159808298 -8.2914246540313243e-05 -0.00015800281931509458 -0.00021971601572371233 9.6276831020060936e-05 -0.00083819077212298919 0.00094950778189514253 0.00068239909955129883 0.0018303380482993768 0.00029077648532873436 0.00032130527995491789 -0.00022315233391929083 -8.9881923258613999e-05 4.8509218774295954e-05 0.00022687607096655052 -5.6812789659557718e-05 -5.7398140800467377e-05 -0.00029195435540540327 -0.00041076986093732692 7.4130171392667891e-05
leaf_weight=4170 1594 407 122 773 7728 248 1896 47 2788 2098 54 5162 323 1624 9706 127 687 233 52 141 5621 158 469 544 123 1322 1249 325 94 1402
leaf_count=4170 1594 407 122 773 7728 248 1896 47 2788 2098 54 5162 323 1624 9706 127 687 233 52 141 5621 158 469 544 123 1322 1249 325 94 1402
internal_value=-9.21286e-05 0.00276941 -0.00479085 0.00643564 0.00148243 0.00700326 0.0010149 0.0057619 -0.00329873 0.000585495 0.00594021 -0.00458491 0.00161417 -0.00792352 0.0018426 0.00611011 0.00952055 0.00532151 -0.0051676 -0.00133199 0.00562755 0.00528634 -0.010571 -0.00166074 -0.00346975 -0.0013675 -0.0034132 -0.00521583 -0.00325763 0.000293686
internal_weight=51287 31875 19412 8282 23593 1842 21751 7875 13149 19855 7828 7950 12127 6263 11804 7774 1460 6314 179 5199 6135 5902 2093 5058 281 4936 2212 1668 1343 2724
internal_count=51287 31875 19412 8282 23593 1842 21751 7875 13149 19855 7828 7950 12127 6263 11804 7774 1460 6314 179 5199 6135 5902 2093 5058 281 4936 2212 1668 1343 2724
is_linear=0
shrinkage=0.05


Tree=9
num_leaves=31
num_cat=0
split_feature=4 4 12 4 12 10 12 16 14 11 10 11 4 13 11 10 11 16 12 14 13 10 10 16 14 12 13 6 12 13
split_gain=241.669 62.3689 47.25 24.7222 18.7851 14.9785 14.7555 14.7044 14.012 13.7898 16.1671 11.849 11.5537 11.3818 11.1603 12.1795 15.3316 14.2001 14.7616 12.6714 9.82613 9.78103 15.4096 9.04669 8.97827 10.7375 10.86 8.60576 10.2341 8.43209
threshold=0.030192785234340991 0.021665354080270028 -0.075828254732232245 0.046939696276949348 -0.062212446145613214 0.069033394894507452 -0.057938720016513449 0.0943569582100965 0.11724558011825138 -0.017638960680292966 0.0040309236924269696 0.045591132552592513 0.014870625879107131 30.750000000000004 -0.015698159014809029 -0.0064885643523325811 0.015047033906525955 -0.0052537915143780469 -0.022249506002163962 -0.037511825146214865 24.630000114440922 -0.0061038780912164295 -0.0053055981248319442 0.00022483155718189265 -0.0023991033821552095 -0.00073998498694560755 19.585000038146976 0.70138078674504978 0.016981710951886612 14.494999885559084
decision_type=2 2 2 2 2 2 2 2 2 2 2 2 2 2 2 2 2 2 2 2 2 2 2 2 2 2 2 2 2 2
left_child=1 8 20 4 13 7 -6 -5 12 10 -3 21 -1 -4 -11 16 17 18 -16 -17 -2 24 -23 -14 -8 26 -26 -25 -29 -21
right_child=2 9 3 5 6 -7 11 -9 -10 14 -12 -13 23 -15 15 19 -18 -19 -20 29 -22 22 -24 27 25 -27 -28 28 -30 -31
leaf_value=-0.00017398161700278889 0.00023648731937671362 0.00015088553152139668 -0.00053288335885084579 0.00039164760667784225 0.00071958731245213453 -0.0014536166111111222 -0.00058674145152177494 -0.00039654365820929394 3.1930080319519157e-05 -0.00031352108411902005 -0.00018575185274355804 -0.00012067052958359466 -6.9351465646641695e-05 0.00029486729354234108 -0.00024541374092676367 1.1947072255795964e-05 -0.00067155102567232662 0.00022809969289226277 4.8458469893395037e-05 -0.00013017526247446513 0.001371479198038235 -0.00031358327444402467 9.3937854079887738e-05 -0.00015227514454170378 -0.00014607649935340561 0.00038891881997183992 0.00020339154536373299 9.2329225272546958e-05 -0.00010446594362211763 -4.9753199519007391e-05
leaf_weight=1758 149 1473 235 6301 105 42 46 104 526 181 313 376 3849 62 135 3623 58 814 497 3236 492 393 12001 5313 405 1157 736 302 905 5350
leaf_count=1758 149 1473 235 6301 105 42 46 104 526 181 313 376 3849 62 135 3623 58 814 497 3236 492 393 12001 5313 405 1157 736 302 905 5350
internal_value=-0.000115339 -0.00319151 0.00374049 0.00334995 0.00226863 0.00595238 0.00251166 0.00614754 -0.00580297 -0.00108418 0.00305151 0.0023819 -0.0061495 -0.0101852 -0.00161581 -0.001453 0.00279255 0.0038036 -0.00181962 -0.001976 0.0171217 0.00260551 0.00204534 -0.00551403 0.00556741 0.00600522 0.00256354 -0.00664877 -0.00283761 -0.00302236
internal_weight=50937 28333 22604 21963 15516 6447 15219 6405 12653 15680 1786 15114 12127 297 13894 13713 1504 1446 632 12209 641 14738 12394 10369 2344 2298 1141 6520 1207 8586
internal_count=50937 28333 22604 21963 15516 6447 15219 6405 12653 15680 1786 15114 12127 297 13894 13713 1504 1446 632 12209 641 14738 12394 10369 2344 2298 1141 6520 1207 8586
is_linear=0
shrinkage=0.05


Tree=10
num_leaves=31
num_cat=0
split_feature=4 4 12 10 11 11 10 5 11 10 10 14 6 16 10 14 4 16 11 16 12 16 10 12 16 12 12 16 14 16
split_gain=207.755 66.654 32.6667 17.9951 15.2767 14.821 21.598 14.3234 11.579 14.8185 11.7237 11.3907 10.6194 10.3144 10.2396 9.82084 9.54918 9.50852 12.7074 12.4661 9.8767 8.80491 10.7597 15.7434 13.4068 12.1756 12.2635 14.9299 11.2117 10.6936
threshold=0.023031511615267689 0.034728666577579358 -0.080083523859072289 0.069033394894507452 0.0069117113136190076 -0.017638960680292966 0.0040309236924269696 0.034158924279506404 -0.023324980459216712 0.0041080553382388816 0.0092143368425633438 -0.13532199000438486 0.63880301623911562 0.0943569582100965 -0.029463617054616639 -0.037511825146214865 0.018312818727845476 0.054779551976547831 0.013973401641150464 0.076557041371474802 0.078665433833488688 -0.02396285681473714 -0.0064885643523325811 -0.022249506002163962 0.0053365077246346768 -0.031853242392431029 -0.02923523392979754 -0.014198485430909456 0.10333272396106032 -0.026166226050322813
decision_type=2 2 2 2 2 2 2 2 2 2 2 2 2 2 2 2 2 2 2 2 2 2 2 2 2 2 2 2 2 2
left_child=4 5 -3 7 11 6 -2 8 9 14 -11 -1 -10 -9 -4 -7 -6 18 21 -19 -20 29 23 24 -23 -24 -27 -28 -25 -17
right_child=1 2 3 -5 16 15 -8 13 12 10 -12 -13 -14 -15 -16 17 -18 19 20 -21 -22 22 25 28 -26 26 27 -29 -30 -31
leaf_value=-0.00024132323067960551 0.00017763969463804432 0.0010891047615055416 -0.0012439990544885272 -0.001152644468334594 -0.00016971945878997818 4.14731777345208e-05 -0.0001986813213059306 0.00057223267817461975 9.637953425048396e-05 -0.00077007622104681677 0.00045603037962881873 -7.2573106950968126e-05 0.00029848891995067615 -0.00041501350636086154 0.00056189769127141208 -6.8695170382613189e-05 -0.0001184696304764788 0.00023639858679454489 -0.00011031444023219193 -0.00010923650018629288 -0.00045190412286407356 -0.0002440265395127283 0.00026148408137777911 0.00029424011162311627 0.00016093475065355364 -0.00082913017650625999 0.00014558320169248234 -6.1351298053483223e-05 -2.1291995306281684e-05 -0.00040073082404557003
leaf_weight=135 1877 404 61 57 3022 4526 399 2755 9336 113 53 8120 2645 73 930 560 4074 493 2931 231 169 185 223 778 121 63 611 5557 447 184
leaf_count=135 1877 404 61 57 3022 4526 399 2755 9336 113 53 8120 2645 73 930 560 4074 493 2931 231 169 185 223 778 121 63 611 5557 447 184
internal_value=-0.000154988 0.00193254 0.00427497 0.00392093 -0.00502085 -5.55412e-05 0.00373462 0.00402104 0.00332623 0.00810285 -0.00572289 -0.00355845 0.00286495 0.00724894 0.0104188 -0.00056063 -0.0067221 -0.00128057 -0.00162102 0.00428177 -0.00437097 -0.000644404 -0.000159674 0.00360875 -0.00653595 -0.00105361 -0.00146445 -0.00124027 0.00614286 -0.00584677
internal_weight=51133 35782 16427 16023 15351 19355 2276 15966 13138 1157 166 8255 11981 2828 991 17079 7096 12553 11829 724 3100 8729 7985 1531 306 6454 6231 6168 1225 744
internal_count=51133 35782 16427 16023 15351 19355 2276 15966 13138 1157 166 8255 11981 2828 991 17079 7096 12553 11829 724 3100 8729 7985 1531 306 6454 6231 6168 1225 744
is_linear=0
shrinkage=0.05


Tree=11
num_leaves=31
num_cat=0
split_feature=4 4 4 12 10 16 11 10 6 6 10 10 16 6 6 11 5 4 16 8 6 10 11 10 11 10 10 11 11 12
split_gain=199.906 47.8918 28.0724 25.0548 15.9752 14.2145 13.7425 33.0764 13.4509 10.115 9.8333 11.4158 9.43127 9.38863 8.87259 7.97414 8.18867 7.2678 6.94059 6.74465 6.2367 6.16099 6.12341 6.63418 6.07007 9.67909 7.90856 7.16006 10.3085 6.06893
threshold=0.025051981854477167 0.042828532928703887 0.018312818727845476 -0.075828254732232245 0.069033394894507452 0.0943569582100965 -0.023324980459216712 0.0041080553382388816 1.7819793802761918 0.5070979120468081 -0.0056282491919848457 -0.0053055981248319442 -0.038655516264954108 0.72107661284203217 -0.89157214449494548 0.045591132552592513 0.016817370262651659 0.059059090390734571 -0.027221063177263912 0.013186765250994827 -0.5479307387175717 -0.017312021268647334 -0.055970636302615777 -0.029463617054616639 -0.017638960680292966 0.0040309236924269696 0.0012830359695055196 -0.012158378238136978 -0.0092896539430100105 -0.0075921300584320664
decision_type=2 2 2 2 2 2 2 2 2 2 2 2 2 2 2 2 2 2 2 10 2 2 2 2 2 2 2 2 2 2
left_child=2 6 13 -3 5 9 7 19 15 10 -5 -12 -9 18 -4 16 -8 -13 -1 22 21 -18 -2 -24 25 26 29 -26 -29 -16
right_child=1 3 14 4 -6 -7 8 12 -10 -11 11 17 -14 -15 24 -17 20 -19 -20 -21 -22 -23 23 -25 27 -27 -28 28 -30 -31
leaf_value=-3.1175270819836912e-05 0.00076127070396397184 0.0012500930367691906 -0.0001367680718054621 0.00044402497914953175 -0.0013233035571388364 -0.00038019036842384756 -3.1952460695268977e-05 -5.462185495815871e-05 0.00019710750503476604 0.00055555376586677622 -0.00068124882370568197 0.00012478535825318429 -0.00078452822864802363 -5.9035286858804498e-05 -3.9844270051647229e-05 -0.00014079251512431418 -0.00057697373613829251 0.00041768008085349612 -0.00014794328468229804 0.00056210236887632486 7.4663702661877237e-05 -4.0016313170391024e-06 -0.0012067151429276857 0.00021566196165790443 -0.00018879598900425006 -0.0001961405045491195 0.00060060661617210515 0.00012281897509544855 -6.6681722602945478e-05 0.00015219746881036137
leaf_weight=442 80 436 1782 1237 48 134 5046 109 1811 2081 107 3612 129 1200 586 434 46 1589 5038 246 8632 4840 48 1147 470 184 86 458 8663 407
leaf_count=442 80 436 1782 1237 48 134 5046 109 1811 2081 107 3612 129 1200 586 434 46 1589 5038 246 8632 4840 48 1147 470 184 86 458 8663 407
internal_value=-8.01909e-05 0.00235603 -0.00409246 0.00538728 0.00480813 0.00496575 0.00111441 0.00535816 0.000755683 0.00521679 0.00425134 0.00331575 -0.0119748 -0.00671407 -0.00270655 0.000363196 0.000519823 0.00364834 -0.00759124 0.00807035 0.00116141 -0.000266066 0.00660784 0.0057113 -0.00216971 0.00108868 0.0028962 -0.00259879 -0.00228867 0.00163646
internal_weight=51128 31812 19316 9244 8808 8760 22568 1759 20809 8626 6545 5308 238 6680 12636 18998 18564 5201 5480 1521 13518 4886 1275 1195 10854 1263 1079 9591 9121 993
internal_count=51128 31812 19316 9244 8808 8760 22568 1759 20809 8626 6545 5308 238 6680 12636 18998 18564 5201 5480 1521 13518 4886 1275 1195 10854 1263 1079 9591 9121 993
is_linear=0
shrinkage=0.05


Tree=12
num_leaves=31
num_cat=0
split_feature=4 4 13 4 10 13 16 11 6 13 10 10 11 10 10 1 11 11 10 15 16 11 11 16 10 16 13 10 9 13
split_gain=181.414 48.5746 34.9213 20.6613 15.2903 13.1434 12.5693 12.0713 11.8462 10.9318 17.8319 10.1288 9.45034 8.96915 18.6761 8.38885 8.25858 13.8019 12.9765 10.2027 9.71348 9.76337 9.26664 8.17669 7.93893 12.1459 16.9201 11.2598 7.42265 7.3806
threshold=0.029289597572667529 0.020491821744596985 35.690000534057624 0.051294810970272074 0.069033394894507452 16.469999313354496 0.0943569582100965 0.045591132552592513 1.9803596125833836 24.385000228881839 -0.017312021268647334 0.0239914392111974 0.011258246929470419 -0.0061038780912164295 -0.0053055981248319442 -0.023685273143165816 -0.023324980459216712 -0.022672230022230119 -0.011231004293396683 -0.010716798656859703 0.0048345471215708322 0.0023966928807116488 0.016424334506672137 -0.032598786515004856 -0.0072745157566194698 -0.013590146399885259 15.944999694824221 -0.0041401930522199084 0.56934410196797258 25.505000114440922
decision_type=2 2 2 2 2 2 2 2 2 2 2 2 2 2 2 2 2 2 2 2 2 2 2 2 2 2 2 2 8 2
left_child=1 12 3 7 6 8 11 9 24 13 23 28 -1 16 -15 -12 -2 -18 20 -20 21 -19 -21 -11 25 -3 -27 -26 -5 -7
right_child=2 5 -4 4 -6 29 -8 -9 -10 10 15 -13 -14 14 -16 -17 17 18 19 22 -22 -23 -24 -25 27 26 -28 -29 -30 -31
leaf_value=-9.1098394998038063e-05 0.00039412091551524616 -0.00012378753763506289 0.00098838116474223958 0.00027600825825283926 -0.0013499096095473926 4.9835983428917975e-07 -0.00040879591601829143 -0.00014731221404047678 7.2448830237224803e-05 -0.00054219264820742604 0.00048553445764026285 0.0018960964005055446 -0.00014003973484798997 -0.00034727865412722246 7.1155030479056784e-05 0.00023145675185433048 -0.00058601892558658502 -6.4521704257118444e-06 0.00040268470426955749 0.00016605987390497825 0.00041431483453640964 -0.000559031460429583 -0.00057209388430875207 0.00031630025327856158 -0.00029798261643947859 0.00042552876159056242 -0.00054106920976447514 -7.0406442983847985e-05 0.00070946144387137617 0.00029640250642427071
leaf_weight=6829 497 219 348 2886 40 7347 91 430 650 131 470 92 3541 447 14165 617 64 521 612 452 170 141 53 53 602 225 46 7189 1718 257
leaf_count=6829 497 219 348 2886 40 7347 91 430 650 131 470 92 3541 447 14165 617 64 521 612 452 170 141 53 53 602 225 46 7189 1718 257
internal_value=-6.23735e-05 -0.00288143 0.00309817 0.00286681 0.00578517 -0.00119897 0.00604241 0.00211842 -0.00249972 0.00231202 0.006786 0.00639906 -0.00556413 0.00197991 0.00150561 0.00922263 0.00474104 0.00331595 0.00406619 0.00758729 -0.000661058 -0.00339879 0.00232673 -0.0076087 -0.0030099 0.00316327 0.0102399 -0.00339815 0.00607081 0.000328774
internal_weight=50903 26905 23998 23650 4827 16535 4787 18823 8931 18393 1271 4696 10370 17122 14612 1087 2510 2013 1949 1117 832 662 505 184 8281 490 271 7791 4604 7604
internal_count=50903 26905 23998 23650 4827 16535 4787 18823 8931 18393 1271 4696 10370 17122 14612 1087 2510 2013 1949 1117 832 662 505 184 8281 490 271 7791 4604 7604
is_linear=0
shrinkage=0.05


Tree=13
num_leaves=31
num_cat=0
split_feature=5 12 4 4 13 16 12 15 13 15 13 14 16 13 5 12 3 16 12 12 13 16 12 14 13 14 13 13 13 14
split_gain=171.831 39.2508 29.3118 27.9969 12.5584 10.6734 10.3946 16.9989 17.3042 15.088 19.9302 14.144 13.458 10.8018 9.90782 9.89696 10.1507 8.67851 8.05925 10.0072 8.02664 8.53591 7.28082 7.20387 10.4627 12.3621 8.2332 8.02008 7.08742 6.93829
threshold=0.016062528989667747 -0.075828254732232245 0.018312818727845476 0.036518838477978439 25.319999694824222 0.11278019590618661 -0.062212446145613214 0.028465779121799154 30.750000000000004 0.022590322776027131 25.505000114440922 -0.093449770795740669 0.076557041371474802 31.844999313354496 0.03216530043325052 0.10123019596275297 -0.010532715052677053 -0.075489551112610673 -0.062212446145613214 -0.051373886546093366 19.585000038146976 -0.045377920304347001 -0.062212446145613214 -0.028449828861296097 16.469999313354496 -0.011313380079801037 16.644999504089359 13.554999828338625 14.72499990463257 0.12944562994235767
decision_type=2 2 2 2 2 2 2 2 2 2 2 2 2 2 2 2 2 2 2 2 2 2 2 2 2 2 2 2 2 2
left_child=2 17 20 18 15 6 7 8 -5 10 11 28 14 -11 -13 16 -4 -2 -3 -20 21 -1 -6 -18 27 -26 -27 -25 -8 -10
right_child=1 3 4 5 22 -7 9 -9 29 13 -12 12 -14 -15 -16 -17 23 -19 19 -21 -22 -23 -24 24 25 26 -28 -29 -30 -31
leaf_value=0.00011471075380490832 0.0020300798671079672 -0.00038527735342324917 4.9848410040826984e-05 -0.00060819244748461579 -3.1978395161871152e-05 -0.00041311045848752004 -0.00021463333358191628 0.0015337590602291374 -0.00010817926792742722 -3.9107454217401399e-05 0.0005969009048322968 0.0001515902464131792 -0.00018686399216007082 -0.0010450978633677755 0.00048116343263688389 -0.00028256879918730078 -2.2348563901555645e-05 0.00039477658918413134 0.0004590249441000169 1.8571417820590581e-05 -3.4469945502965065e-06 -0.00013205553831859034 0.00039773735986656922 -5.5501588100136463e-05 -0.00016719205457982832 0.0001720636823104182 -2.5300478032878406e-05 -0.00013994574867617085 0.00055697961838002328 0.00068779968090172542
leaf_weight=119 223 152 1245 315 87 62 47 61 60 803 608 8196 358 61 2423 130 4438 435 163 13824 568 5907 157 1781 736 250 3246 3654 693 84
leaf_count=119 223 152 1245 315 87 62 47 61 60 803 608 8196 358 61 2423 130 4438 435 163 13824 568 5907 157 1781 736 250 3246 3654 693 84
internal_value=-0.000124789 0.00244329 -0.00341204 0.00215872 -0.00223862 0.00376334 0.00385696 -0.00307692 -0.00637255 0.00413034 0.00457809 0.00412008 0.00366904 -0.00225694 0.00399049 -0.00241602 -0.00229967 0.0145137 0.00059587 0.000720312 -0.00621019 -0.00674577 0.00901639 -0.00268167 -0.00344729 -0.00158318 -0.000343249 -0.0048988 0.0108108 0.00798611
internal_weight=50886 28568 22318 27910 15724 13771 13709 520 459 13189 12325 11717 10977 864 10619 15480 15350 658 14139 13987 6594 6026 244 14105 9667 4232 3496 5435 740 144
internal_count=50886 28568 22318 27910 15724 13771 13709 520 459 13189 12325 11717 10977 864 10619 15480 15350 658 14139 13987 6594 6026 244 14105 9667 4232 3496 5435 740 144
is_linear=0
shrinkage=0.05


Tree=14
num_leaves=31
num_cat=0
split_feature=4 13 4 11 6 4 4 14 13 11 13 16 13 6 11 12 13 13 14 12 13 16 14 6 14 14 11 12 8 14
split_gain=161.635 45.1572 38.2039 16.1199 13.7327 12.6331 11.5911 11.3107 9.01484 9.02405 8.75823 9.72797 8.73994 8.22164 8.10062 7.08208 15.3417 14.0247 11.1601 7.09689 7.04685 6.87731 6.43195 6.30596 6.21896 13.048 8.92286 10.2053 9.17731 8.20015
threshold=0.023625337629447848 35.690000534057624 0.034728666577579358 0.045591132552592513 -0.64103566039316384 0.051294810970272074 0.017700458957730991 -0.066405515647089006 24.385000228881839 0.050492682028646547 14.734999656677248 0.00022483155718189265 31.844999313354496 1.7819793802761918 -0.023324980459216712 -0.075828254732232245 28.970000267028812 26.494999885559086 0.082924621878779262 -0.062212446145613214 25.505000114440922 -0.0038527680554427675 0.13367786858228273 0.65909254499805914 -0.028449828861296097 -0.027300254032733503 -0.017638960680292966 -0.0067439083526363843 -0.11255177520447827 -0.019636199294238706
decision_type=2 2 2 2 2 2 2 2 2 2 2 2 2 2 2 2 2 2 2 2 2 2 2 2 2 2 2 2 10 2
left_child=4 2 8 5 10 12 -6 -5 9 13 11 21 14 24 -4 -7 17 19 -18 -17 -8 -1 -10 -16 -2 -26 27 29 -29 -27
right_child=1 -3 3 7 6 15 20 -9 22 -11 -12 -13 -14 -15 23 16 18 -19 -20 -21 -22 -23 -24 -25 25 26 -28 28 -30 -31
leaf_value=-0.00013880763484993053 2.9839628353192998e-05 0.00087096912685184357 0.00029955666972360397 0.00039761681115920062 -0.0001040050452447607 0.00088257073412971628 -5.3240961726769028e-05 -0.00025683957461809098 0.0002305185131414382 -0.00029656730539655236 -9.2910596918287846e-05 -0.00020499460116181939 -0.0003171901059618959 0.00011589893816736745 7.526771301116405e-05 -0.00051516908823871939 -0.0011658670357436508 0.0012726318488603503 0.00014562375508780551 0.00039180845030652623 0.00039616190523492669 0.00017288683512790639 -0.00020509890008075881 0.00023182044043842088 -0.00042381896202565517 0.00041895999890439561 -4.1187008414434904e-05 -0.0001257105788441213 0.00034666510530199994 -5.1416680501634044e-05
leaf_weight=348 4944 374 915 97 4162 242 7839 459 540 112 2558 1399 53 1414 7859 53 85 188 86 3901 112 97 99 2190 159 45 9706 96 449 568
leaf_count=348 4944 374 915 97 4162 242 7839 459 540 112 2558 1399 53 1414 7859 53 85 188 86 3901 112 97 99 2190 159 45 9706 96 449 568
internal_value=-0.00010313 0.00183779 0.00164915 0.00341952 -0.00417348 0.00371821 -0.0033043 -0.00494604 7.4454e-05 -0.000138627 -0.0065652 -0.00919197 0.00280249 -4.74656e-05 0.0029004 0.00593304 0.00546603 0.00607195 -0.00921053 0.00543753 -0.00218526 -0.00275281 0.00590767 0.0024903 -0.000371078 -0.00103193 -0.000823822 0.0033247 0.00830275 -0.00110114
internal_weight=51149 34634 34260 16128 16515 15572 12113 556 18132 17493 4402 1844 11017 17381 10964 4555 4313 4142 171 3954 7951 445 639 10049 15967 11023 10864 1158 545 613
internal_count=51149 34634 34260 16128 16515 15572 12113 556 18132 17493 4402 1844 11017 17381 10964 4555 4313 4142 171 3954 7951 445 639 10049 15967 11023 10864 1158 545 613
is_linear=0
shrinkage=0.05


Tree=15
num_leaves=31
num_cat=0
split_feature=4 4 11 13 11 10 11 11 15 11 15 10 16 13 12 10 10 12 14 15 11 14 12 16 16 16 13 13 16 14
split_gain=139.095 42.1989 26.4918 13.4252 13.1933 12.5859 12.0781 11.0296 10.6052 10.2275 10.1852 21.2724 17.3049 8.85023 21.9722 11.3036 23.9093 15.0812 14.7075 13.793 14.1808 11.1301 9.68095 9.52092 15.5094 9.30258 8.78883 17.3953 15.2382 12.4495
threshold=0.023031511615267689 0.040798452202210837 -0.055970636302615777 38.065000534057624 0.0015109645581827815 0.069033394894507452 -0.019621602504463761 0.001067718638755544 0.0065597491056756949 -0.040606280288626444 0.0027123018439723094 0.0011106399623194154 0.016811876121497819 16.469999313354496 -0.0082551650527467029 -0.0072745157566194698 -0.0041401930522199084 0.029689581325769047 0.059032058254143822 -0.006748133747047357 0.011995424510659937 -0.0241559957087869 0.04031241424141075 -0.037953843014819293 -0.023187999784607834 -0.021069554269113885 17.994999885559086 19.010000228881839 -0.026548263206550623 -0.051474636784154308
decision_type=2 2 2 2 2 2 2 2 2 2 2 2 2 2 2 2 2 2 2 2 2 2 2 2 2 2 2 2 2 2
left_child=4 3 -3 13 7 6 9 10 -6 -4 11 -1 -12 14 21 17 -17 18 -16 20 22 -2 -18 -21 -25 -26 28 -28 -15 -29
right_child=1 2 5 -5 8 -7 -8 -9 -10 -11 12 -13 -14 26 15 16 19 -19 -20 23 -22 -23 -24 24 25 -27 27 29 -30 -31
leaf_value=-5.2398289655213303e-05 0.00039210395436953 0.0025392858533464131 -0.00010993085218778299 0.00064772823161833896 -0.00013221819998010046 -0.0010065226926397755 0.00017171440165683678 0.00017985942832237766 -6.0414390845537922e-05 0.00049223424233826071 -0.00015475459252674547 0.00018567425743874619 0.00050916787059901165 0.00042751980008515829 0.00058922695095048262 -0.00028436075643957563 0.00020944673168058958 0.00058841809769479665 -0.00012081138505071242 0.00060195580676880079 -0.0001897557944196153 1.7863499876633051e-06 0.00069567530010254599 -0.00045006268666422156 0.00045703605838504384 -3.4214260137233709e-05 -0.00011693972388942204 -8.7968556124683707e-05 7.2804601673292666e-05 9.6964046273356581e-05
leaf_weight=3787 406 162 196 89 5823 47 8685 187 3507 1528 1640 418 59 453 116 932 389 170 361 52 180 242 115 215 93 8960 2263 1297 4146 4661
leaf_count=3787 406 162 196 89 5823 47 8685 187 3507 1528 1640 418 59 453 116 932 389 170 361 52 180 242 115 215 93 8960 2263 1297 4146 4661
internal_value=-3.66361e-05 0.00167515 0.00431814 0.00055887 -0.0040059 0.00400727 0.00412384 -0.00219586 -0.00518757 0.00794664 -0.00257453 -0.00125446 -0.00584167 0.00049 -0.000472161 -0.000973409 -0.00135333 0.00544822 0.000890985 -0.000639744 0.00621345 0.00848765 0.0105159 -0.0011427 -0.00126241 -0.0009472 0.00140796 0.00042878 0.0031583 0.00184626
internal_weight=51179 35758 10618 25140 15421 10456 10409 6091 9330 1724 5904 4205 1699 25051 12231 11583 10936 647 477 10004 684 648 504 9320 9268 9053 12820 8221 4599 5958
internal_count=51179 35758 10618 25140 15421 10456 10409 6091 9330 1724 5904 4205 1699 25051 12231 11583 10936 647 477 10004 684 648 504 9320 9268 9053 12820 8221 4599 5958
is_linear=0
shrinkage=0.05


Tree=16
num_leaves=31
num_cat=0
split_feature=4 4 13 4 10 11 13 12 13 14 14 13 11 13 15 12 6 10 12 11 10 15 6 12 4 11 14 12 14 11
split_gain=124.843 30.1853 30.0816 16.5037 11.5827 11.7824 12.8153 12.2167 10.3917 10.3256 10.1387 9.6156 9.51752 12.1431 11.1194 9.32545 9.0958 9.05155 12.9875 13.3483 12.2917 8.37372 9.90562 7.95106 7.60623 7.46505 10.5112 8.21983 7.90614 7.36035
threshold=0.029289597572667529 0.021665354080270028 35.690000534057624 0.046543141151139951 0.069033394894507452 0.045591132552592513 24.385000228881839 -0.030461553479759148 16.469999313354496 0.11724558011825138 -0.037511825146214865 21.82499980926514 -0.0025925493959926822 26.284999847412113 -0.034028724004971027 -0.0082551650527467029 1.0258497430551048 -0.0064885643523325811 -0.0054605306842289139 -0.004779226382691181 -0.0041401930522199084 -0.004117012294325372 -0.29180998952133119 -0.049048441539310476 0.015587107014401863 0.010571722118832951 0.044075030691926538 0.025371474284221155 0.041398643260536445 -0.023324980459216712
decision_type=2 2 2 2 2 2 2 2 2 2 2 2 2 2 2 2 2 2 2 2 2 2 2 2 2 2 2 2 2 2
left_child=1 9 3 16 5 6 7 -5 15 10 -1 24 14 -14 -8 -3 -2 18 -17 -20 -19 25 -23 -4 -12 27 -27 28 -22 -9
right_child=2 8 23 4 -6 -7 12 29 -10 -11 11 -13 13 -15 -16 17 -18 20 19 -21 21 22 -24 -25 -26 26 -28 -29 -30 -31
leaf_value=-4.1462146561202685e-05 3.3302687037831818e-05 0.00015032652314376116 0.0012262399312427995 -0.00011968075815116378 -0.0010453156533630592 -0.00018578453857280011 -0.00012047449107425003 0.00080473696391512427 1.6822829269735365e-05 4.5416539093802883e-05 -0.00014565576250009381 0.00019923697306842883 0.0011958566612270145 -0.00052722816906775039 0.00091238345606776061 -0.0007583713059584826 0.00019584420081361064 -0.00027422607062384079 -1.8762672735959941e-05 0.00038554542618608859 -9.3976711557221479e-05 -0.00012110385208368757 -2.5127733428496631e-05 6.4545881262289759e-05 -0.00010070717036096437 2.9967524583967078e-05 -0.00078176836834998849 0.00042351041598840479 0.00095018258610037585 0.00026349412821348363
leaf_weight=2935 14340 405 278 591 43 310 95 241 6585 525 1947 145 82 97 697 44 2670 443 335 209 216 2601 2949 63 7101 173 68 229 44 4633
leaf_count=2935 14340 405 278 591 43 310 95 241 6585 525 1947 145 82 97 697 44 2670 443 335 209 216 2601 2949 63 7101 173 68 229 44 4633
internal_value=-0.000128195 -0.00246717 0.00248343 0.00227215 0.00435631 0.0045212 0.0049798 0.00403934 -0.000893294 -0.00424603 -0.00454321 -0.00536006 0.0102729 -0.000139665 0.0126263 -0.00213841 0.00144033 -0.00254753 0.00340136 0.00551471 -0.00306783 -0.0025 -0.00316216 0.0172287 -0.00556477 0.00253425 -0.00466805 0.00608384 0 0.00486254
internal_weight=51094 26954 24140 23799 6789 6746 6436 5465 14301 12653 12128 9193 971 179 792 7716 17010 7311 588 544 6723 6280 5550 341 9048 730 241 489 260 4874
internal_count=51094 26954 24140 23799 6789 6746 6436 5465 14301 12653 12128 9193 971 179 792 7716 17010 7311 588 544 6723 6280 5550 341 9048 730 241 489 260 4874
is_linear=0
shrinkage=0.05


Tree=17
num_leaves=31
num_cat=0
split_feature=5 5 11 10 11 6 14 15 16 12 10 12 11 14 14 10 8 12 15 15 5 15 10 10 16 16 10 16 15 10
split_gain=110.344 31.2289 27.3678 15.6037 14.197 13.6795 12.6358 11.9413 13.3827 11.8438 16.7091 13.5674 13.0586 12.8467 12.1065 11.9678 11.9241 11.588 11.44 11.3375 9.60204 9.50717 14.4177 12.1525 8.49065 11.3819 9.71861 8.60481 8.1526 7.99086
threshold=0.019228320925486365 0.012750643667510915 -0.055970636302615777 0.069033394894507452 -0.018044507294420583 -0.74629647358492535 0.13367786858228273 -0.046215760253004327 -0.062749583771881765 0.0048491469985487709 -0.0064885643523325811 0.0017110127161689139 0.048369816433799014 0.013234785210327617 0.026259504689798433 0.00090086264031330476 -0.20032853649179302 -0.030461553479759148 0.0079937992660296126 0.019218205340255871 0.031065427949834128 -0.013929997109712431 -0.0055253189012470774 -0.0052046497537361893 0.00022483155718189265 -0.0026142835683848338 0.0086193521775437282 0.054779551976547831 0.0030182424824202196 0.0090796320143422555
decision_type=2 2 2 2 2 2 2 2 2 2 2 2 2 2 2 2 10 2 2 2 2 2 2 2 2 2 2 2 2 2
left_child=1 6 -2 4 7 17 24 -4 -9 11 16 -3 13 -12 15 -15 -11 18 -6 -13 -7 -16 -23 -24 25 -1 27 -26 -27 -28
right_child=2 9 3 -5 5 20 -8 8 -10 10 12 19 -14 14 21 -17 -18 -19 -20 -21 -22 22 23 -25 26 28 29 -29 -30 -31
leaf_value=-7.0813781045297842e-05 0.0021519026637910567 1.0624849803922161e-05 -0.00058825845558946462 -0.0009338564878810338 -0.0004865824543565597 9.2731271328608348e-05 9.42961406365208e-05 0.0010198547820151707 0.00026118360266201714 -0.0004391181897295757 -2.3976583967827469e-05 0.00027613049489401843 -0.00025368276244537043 -0.00026994578421167103 -0.00050539880992348961 -4.1399636092081996e-05 0.00016223536484963669 2.4071208026646982e-05 6.2211395595029558e-05 -0.00036117734193037509 0.00037113834788130229 0.00046327742607104564 -0.00048966811765990186 -4.2983779148093224e-05 -0.00013310355143011064 0.00022632952597650396 0.0003240079480509211 6.9091686170469951e-05 -9.8944947853271857e-05 -4.0591559454696699e-05
leaf_weight=3713 177 5629 97 61 342 10147 379 223 2390 111 9382 461 163 775 145 457 1089 3194 186 66 2842 128 139 1832 5259 259 68 244 134 1031
leaf_count=3713 177 5629 97 61 342 10147 379 223 2390 111 9382 461 163 775 145 457 1089 3194 186 66 2842 128 139 1832 5259 259 68 244 134 1031
internal_value=-5.33028e-05 -0.00188946 0.00288545 0.00270763 0.00278693 0.00224253 -0.00402498 0.00614391 0.00678339 -0.000727536 -0.00152064 0.00110461 -0.00204093 -0.00186265 -0.00445915 -0.00844156 0.004125 -0.000429876 -0.00729167 0.00877609 0.00300831 -0.00227273 -0.00141734 -0.00247336 -0.00434255 -0.00255723 -0.00545289 -0.00631019 0.00553435 -0.00116015
internal_weight=51123 31464 19659 19482 19421 16711 11087 2710 2613 20377 14221 6156 13021 12858 3476 1232 1200 3722 528 527 12989 2244 2099 1971 10708 4106 6602 5503 393 1099
internal_count=51123 31464 19659 19482 19421 16711 11087 2710 2613 20377 14221 6156 13021 12858 3476 1232 1200 3722 528 527 12989 2244 2099 1971 10708 4106 6602 5503 393 1099
is_linear=0
shrinkage=0.05


Tree=18
num_leaves=31
num_cat=0
split_feature=4 13 4 4 10 11 13 15 8 14 11 11 15 11 13 12 14 12 14 10 15 12 15 14 12 12 10 14 13 10
split_gain=108.746 29.5743 23.3347 17.1302 16.1172 13.0943 12.5079 12.3053 11.4479 10.4434 8.1118 11.9632 13.6049 11.0459 11.591 9.9951 10.1169 9.66707 8.25865 11.404 11.3856 12.2452 11.487 10.8144 7.64152 10.0134 9.51929 9.9667 8.49273 7.94717
threshold=0.028123238689169463 35.690000534057624 0.019009323191083446 0.038161483404937149 0.069033394894507452 0.045591132552592513 24.385000228881839 -0.034028724004971027 0.097058234085552933 -0.066405515647089006 0.0015109645581827815 1.0000000180025095e-35 -0.0030237587630782543 0.00301412428072434 13.605000019073488 0.082959712719514869 -0.042495657697534488 0.023999932623669954 0.045982054922578681 -0.0072745157566194698 0.0079546058042078167 0.066100470646601531 0.0089961261667284038 -0.096084571305829466 -0.030461553479759148 -0.031853242392431029 -0.0061038780912164295 -0.081825770158787711 22.429999351501468 0.010263940972428777
decision_type=2 2 2 2 2 2 2 2 10 2 2 2 2 2 2 2 2 2 2 2 2 2 2 2 2 2 2 2 2 2
left_child=2 3 -1 -2 5 6 8 -8 24 -7 11 -4 -13 14 -12 18 -17 -14 19 -15 21 23 -22 -21 25 28 -26 29 -5 -28
right_child=1 -3 10 4 -6 9 7 -9 -10 -11 13 12 17 15 -16 16 -18 -19 -20 20 22 -23 -24 -25 26 -27 27 -29 -30 -31
leaf_value=-9.226398340490515e-05 2.2514777534630863e-05 0.00083587275488812964 -2.3234491573143317e-05 0.00014178989697340058 -0.0008572379509455821 0.00033092924319160259 -0.00020755440517136677 0.00046731702840773485 0.00030311999245086321 -0.00025144843198260782 0.00019051800222950148 0.00030193552613845266 -0.00021934939789943029 0.00054093845528860633 -0.00028595237330478928 0.00020887113065253356 -0.00023431817275019874 0.00013262404566373416 7.2709353886093658e-05 0.000336945485730502 0.00017959652469481488 0.00026539804067121078 -2.0973706298683253e-05 -0.00010182876094732918 0.00030905998976006219 -0.00076973426572717193 0.00054895151603669655 4.7029747759390343e-05 -0.00041130412386118843 3.4496992585812076e-05
leaf_weight=7829 13262 360 6075 595 57 90 123 1356 3366 382 120 244 172 62 530 50 396 332 864 53 383 153 2828 4894 1034 107 374 4583 251 245
leaf_count=7829 13262 360 6075 595 57 90 123 1356 3366 382 120 244 172 62 530 50 396 332 864 53 383 153 2828 4894 1034 107 374 4583 251 245
internal_value=-9.47821e-05 0.00215677 -0.00245447 0.00195837 0.00328146 0.00340237 0.00372279 0.00802907 0.00311937 -0.00476695 -0.00142224 -8.42738e-05 0.00588235 -0.00230572 -0.00861538 -0.00188216 -0.00919283 0.00119048 -0.00152918 -0.00200944 -0.00216881 -0.00363725 0.0001635 -0.00406812 0.00199263 -0.00217733 0.00262989 0.00175894 -0.00035461 0.00771405
internal_weight=51170 26185 24985 25825 12563 12506 12034 1479 10555 472 17156 6823 748 10333 650 9683 446 504 9237 8373 8311 5100 3211 4947 7189 953 6236 5202 846 619
internal_count=51170 26185 24985 25825 12563 12506 12034 1479 10555 472 17156 6823 748 10333 650 9683 446 504 9237 8373 8311 5100 3211 4947 7189 953 6236 5202 846 619
is_linear=0
shrinkage=0.05


Tree=19
num_leaves=31
num_cat=0
split_feature=5 12 4 10 5 12 12 13 11 10 11 13 12 12 13 14 12 15 10 11 10 8 12 14 11 16 16 12 13 12
split_gain=95.5094 24.944 22.6066 14.3552 13.7163 15.7127 15.7361 11.2419 10.97 29.8388 11.9961 10.953 10.4731 9.40532 8.61684 11.85 12.522 11.5017 10.5001 17.1377 13.1034 9.96086 9.82569 18.1075 10.9092 10.0942 14.4866 9.206 8.82789 8.80478
threshold=0.017728868151507256 -0.075828254732232245 0.019490900730733934 0.069033394894507452 0.034158924279506404 -0.062212446145613214 -0.057938720016513449 30.750000000000004 -0.023324980459216712 0.0041080553382388816 -0.022672230022230119 25.505000114440922 0.10123019596275297 -0.062212446145613214 16.469999313354496 -0.028449828861296097 1.0000000180025095e-35 0.002758709987229047 -0.0064885643523325811 -0.004779226382691181 -0.0041401930522199084 0.36626542103403231 -0.0097422430740965443 0.034817373929807223 -0.017638960680292966 0.015216562276099467 0.0068342400860517136 0.013959702571110679 14.059999942779543 0.041818066300965857
decision_type=2 2 2 2 2 2 2 2 2 2 2 2 2 2 2 2 2 2 2 2 2 8 2 2 2 2 2 2 2 2
left_child=2 -2 -1 4 5 7 -7 -3 9 -8 -10 12 14 -13 15 16 -4 -18 19 -17 27 22 -16 25 -25 26 29 -20 -19 -24
right_child=1 3 11 -5 -6 6 8 -9 10 -11 -12 13 -14 -15 21 18 17 28 20 -21 -22 -23 23 24 -26 -27 -28 -29 -30 -31
leaf_value=-8.242617033784325e-05 0.00069344839358015723 -0.00049702004527549964 0.00019496230823917065 -0.00074240297917073155 0.00038821460141300079 0.00076402223371277314 0.00035647549133160635 0.00018959150788039233 -0.00057497214325064635 -0.00058645954809041713 5.7647103667897914e-05 -3.8436222419307652e-05 -0.00025374732398145155 0.00039304612534068746 -5.1324127147864664e-05 -8.5844025221233725e-05 0.00010592931942634485 5.3280518373569152e-05 -4.2255828863432521e-05 0.00029984107150818204 -8.1036105415380202e-05 -0.00013679582532220977 4.0006070096405923e-05 0.00036660495884041785 0.00011432731937172188 8.559702807573095e-05 -0.00023121059650797464 -0.00036894399082197307 -0.00014651884923202888 -0.00014237273526765236
leaf_weight=8648 617 343 491 63 2795 126 1073 106 102 154 18330 143 182 211 2384 493 693 659 186 282 5588 784 1293 392 1114 1456 397 399 1219 398
leaf_count=8648 617 343 491 63 2795 126 1073 106 102 154 18330 143 182 211 2384 493 693 659 186 282 5588 784 1293 392 1114 1456 397 399 1219 398
internal_value=-4.93926e-05 0.00227445 -0.00205932 0.00200935 0.00207456 0.00162103 0.00183093 -0.00762806 0.00171804 0.00629584 0.0014133 -0.00108452 -0.00125204 0.00762712 -0.00113287 -0.00211788 0.000473547 -0.000923765 -0.00325993 0.00222581 -0.00394865 6.69263e-05 0.00063223 0.00188119 0.0064741 -7.05418e-05 -0.00229885 -0.0110684 -0.00295527 -0.000280899
internal_weight=51121 23709 27412 23092 23029 20234 19785 449 19659 1227 18432 18764 18410 354 18228 10010 3062 2571 6948 775 6173 8218 7434 5050 1506 3544 2088 585 1878 1691
internal_count=51121 23709 27412 23092 23029 20234 19785 449 19659 1227 18432 18764 18410 354 18228 10010 3062 2571 6948 775 6173 8218 7434 5050 1506 3544 2088 585 1878 1691
is_linear=0
shrinkage=0.05


Tree=20
num_leaves=31
num_cat=0
split_feature=4 4 11 16 16 15 15 12 14 13 12 13 12 0 16 11 11 15 14 13 13 14 12 12 14 14 11 12 13 12
split_gain=81.2472 30.792 17.4401 10.267 11.881 11.7414 11.4729 10.8349 10.2124 16.245 9.53295 9.43523 9.04295 8.45136 10.1612 18.1649 38.5173 16.0669 25.7634 18.8643 18.3106 18.3678 17.1853 15.9942 12.2797 15.8392 15.9975 15.5008 17.6936 16.94
threshold=0.023129998510773717 0.046543141151139951 -0.055970636302615777 0.00022483155718189265 -0.0028563414299949126 0.0068840746223075575 0.0089040322559191826 -0.040334955259991249 0.040467463007027978 14.734999656677248 0.024709767861485269 15.105000019073488 -0.042339714563459634 0.049819337256798553 0.0048345471215708322 0.003505922146060048 0.0021655828678432969 0.002758709987229047 -0.012869754487188577 15.984999656677248 17.394999504089359 0.068989760976132977 0.038546138655022773 0.073733848686565309 -0.0030341669122401211 0.0012326341754252958 -0.023324980459216712 -0.0063801320517133378 16.510000228881839 0.042234470374777462
decision_type=2 2 2 2 2 2 2 2 2 2 2 2 2 2 2 2 2 2 2 2 2 2 2 2 2 2 2 2 2 2
left_child=3 13 -3 4 7 8 10 -1 -5 -10 -7 -11 -8 14 15 16 17 18 22 -19 -21 -22 -2 -24 -20 -26 -27 -28 -29 -30
right_child=1 2 -4 5 -6 6 12 -9 9 11 -12 -13 -14 -15 -16 -17 -18 19 24 20 21 -23 23 -25 25 26 27 28 29 -31
leaf_value=0.00015511844599750649 0.00037651398173453316 0.0021669483735039848 0.00021382206718653462 -0.00012611806867555828 8.5826208101004746e-05 -8.8053989685024829e-05 -0.00029079878367127955 -6.0942484091480173e-05 -0.00027863710139745048 0.00047319126534905244 0.00014188393045464669 1.2207755494417738e-05 -5.726601321401938e-05 0.00025246324002158022 -1.8090073542066698e-05 0.0001860076078485513 -0.00033964276147656325 -0.0003027981493691605 -0.00017861584631969209 0.00020645500422896866 -9.4846790881442631e-05 0.00067455315139024457 -0.00020948768516909565 0.0020886906523959344 0.00034647097398857283 0.00021623518262524024 -0.0001323908773618771 -5.7601790286536136e-05 0.00032692256109336871 -0.00015759214046793439
leaf_weight=306 944 126 6881 4591 640 210 97 5158 303 61 479 840 2839 786 14276 2057 706 581 548 735 1955 70 196 43 225 1317 974 1639 1178 257
leaf_count=306 944 126 6881 4591 640 210 97 5158 303 61 479 840 2839 786 14276 2057 706 581 548 735 1955 70 196 43 225 1317 974 1639 1178 257
internal_value=-0.000103885 0.0012157 0.0041851 -0.00312097 -0.00152359 -0.00415605 -0.00192414 -0.00227855 -0.0055522 -0.00145349 0.00388244 0.00191454 -0.00328678 0.000485309 0.00034024 0.00132775 0.000545391 0.00129432 0.00260552 -0.00157887 0.000144928 -0.00230864 0.00936179 -0.00261506 0.00130336 0.00200358 0.00145853 -9.88142e-05 0.00164281 0.00569686
internal_weight=51018 35494 7007 15524 6104 9420 3625 5464 5795 1204 689 901 2936 28487 27701 13425 11368 10662 7321 3341 2760 2025 1183 239 6138 5590 5365 4048 3074 1435
internal_count=51018 35494 7007 15524 6104 9420 3625 5464 5795 1204 689 901 2936 28487 27701 13425 11368 10662 7321 3341 2760 2025 1183 239 6138 5590 5365 4048 3074 1435
is_linear=0
shrinkage=0.05


Tree=21
num_leaves=31
num_cat=0
split_feature=4 16 4 15 12 10 6 4 6 8 13 10 14 10 12 10 12 15 13 16 14 10 12 10 12 12 12 14 13 10
split_gain=82.3493 25.9146 20.7131 19.6325 14.547 13.9596 14.5199 11.5056 10.7732 8.57736 7.84769 7.78679 7.55258 7.115 9.90473 11.6338 9.58428 13.4603 8.4481 12.7074 9.47207 8.09191 6.95646 6.60519 6.30543 6.27625 7.55499 6.14297 6.02832 5.79483
threshold=0.023625337629447848 -0.062749583771881765 0.034049198580804067 -0.025970961947483325 -0.067575667738432196 0.069033394894507452 0.55950932834429745 0.080289648578235048 -0.64103566039316384 0.005336032090379029 16.085000038146976 -0.016459345362290764 0.12226142207695113 0.0077313618831305062 -0.062212446145613214 -0.0028933581985846608 -0.051373886546093366 0.021831788599057104 24.385000228881839 0.079611158282187469 -0.091137781806863202 -0.017312021268647334 -0.05023266322533259 0.015426136544852588 -0.039191737143437648 0.10731206738905331 0.073733848686565309 0.022588841649683337 27.664999961853031 0.0018426326691356467
decision_type=2 2 2 2 2 2 2 2 2 10 2 2 2 2 2 2 2 2 2 2 2 2 2 2 2 2 2 2 2 2
left_child=8 3 -3 4 -2 6 7 9 -1 13 29 -6 -10 14 15 21 28 -18 20 -20 -16 -4 -22 -9 -24 26 -12 -26 -15 -11
right_child=1 2 5 -5 11 -7 -8 23 12 10 25 -13 -14 16 18 -17 17 -19 19 -21 22 -23 24 -25 27 -27 -28 -29 -30 -31
leaf_value=-9.3391466078881314e-05 0.00070355070005645296 -6.3837376240881082e-07 -0.000219060805107108 0.0011620866196173328 -0.0015730431171852507 -0.00081980477898224539 0.00028829057104772909 0.00050557401361389371 -5.1122218955877276e-05 0.00011769079391800086 0.0001861991363698433 -1.9087786016117484e-05 7.707738091262598e-05 0.00015249974188179672 0.00068550649716183417 -0.00062901770724967132 0.00020948346203338822 -0.00020936414241000845 0.00037315355342153189 -0.00019786925596156687 0.00083942340276573217 0.00019550898052708555 -0.00054243337128905998 0.0017792842510666051 -9.2410271522116278e-05 -0.00029913348415578072 0.00065875448945900252 5.5567995514631483e-05 0.0010010630456462764 -8.1662389645066353e-05
leaf_weight=4470 117 17091 165 398 51 63 3835 520 11471 1034 3059 110 576 70 129 141 828 348 433 113 54 129 124 80 2442 115 299 1512 107 1097
leaf_count=4470 117 17091 165 398 51 63 3835 520 11471 1034 3059 110 576 70 129 141 828 348 433 113 54 129 124 80 2442 115 299 1512 107 1097
internal_value=1.0298e-05 0.00140146 0.00120753 0.0110947 0.000899281 0.00246002 0.002549 0.00174037 -0.00289247 0.0014079 0.00284618 -0.00885093 -0.00211463 0.000185747 -0.000648607 -0.00787356 0.00341833 0.00178571 5.20075e-06 0.00586081 -0.00074513 -0.00221088 -0.00116167 0.0085 -0.00139774 0.00431183 0.00470518 -0.00104957 0.0142655 0.000457532
internal_weight=50981 34464 33788 676 278 16697 16634 12799 16517 12199 5604 161 12047 6595 5242 435 1353 1176 4807 546 4261 294 4132 600 4078 3473 3358 3954 177 2131
internal_count=50981 34464 33788 676 278 16697 16634 12799 16517 12199 5604 161 12047 6595 5242 435 1353 1176 4807 546 4261 294 4132 600 4078 3473 3358 3954 177 2131
is_linear=0
shrinkage=0.05


Tree=22
num_leaves=31
num_cat=0
split_feature=4 13 11 4 13 16 13 13 10 4 14 16 16 12 10 12 8 11 16 10 10 13 9 10 16 10 11 12 10 13
split_gain=71.2994 20.8853 13.8545 14.6335 13.5169 13.4395 19.93 18.8472 14.5505 15.1077 11.7774 10.0347 18.0332 16.1064 11.556 11.2067 11.3864 10.7399 10.3033 8.74853 11.562 8.66155 8.40301 8.40294 11.4001 11.2452 16.5562 9.86098 14.1359 8.19298
threshold=0.028236965557914859 35.690000534057624 0.045591132552592513 0.051294810970272074 19.010000228881839 -0.038655516264954108 18.510000228881839 18.444999694824222 -0.012001982718326086 0.017579657117755668 -0.066405515647089006 0.015216562276099467 0.0038520990761102829 0.054230136510325939 0.010824096152379449 -0.0078641558377195424 -0.11882693123236891 0.0013310073142193126 -0.011222879521456728 0.0012830359695055196 -0.0043931564487666988 31.844999313354496 0.31162001559150571 -0.010112214023305697 0.03825472993959967 -0.0077272822899705487 -0.010255122029667938 -0.023427977904983906 -0.003907886329562015 24.385000228881839
decision_type=2 2 2 2 2 2 2 2 2 2 2 2 2 2 2 2 10 2 2 2 2 2 8 2 2 2 2 2 2 2
left_child=4 2 3 21 5 19 7 8 -7 -10 -4 12 13 15 -13 18 -17 -18 -6 20 -1 29 -15 24 -11 26 -25 28 -27 -2
right_child=1 -3 10 -5 11 6 -8 -9 9 23 -12 14 -14 22 -16 16 17 -19 -20 -21 -22 -23 -24 25 -26 27 -28 -29 -30 -31
leaf_value=0.0001569632309184335 3.555989736358069e-05 0.0006063613009877506 0.00031549140676325333 0.00029298623282327218 -8.773643341730064e-05 0.00012613259646705654 -0.00022724477587515455 0.00029745932123144392 -9.6700877006162224e-05 -0.00027414919866966292 -0.00021783440693829635 0.00016546680280111727 -0.00021841772201498791 -0.0002581841767868805 -0.00013427638855854958 -0.00023925047961976072 0.00018708554383461298 -7.0353153960682482e-05 0.0001114680566127996 0.0003679710456503183 -0.00018640786120887625 -0.00029308441999220723 0.00016394729929667943 -0.00032835987960201608 0.00016050720099066245 -0.00020520978254900355 0.00033911659527694729 -5.6348309196488281e-05 0.00011587464526318157 0.00017534869222114201
leaf_weight=298 18985 353 107 4520 979 476 807 116 4411 201 615 772 465 222 147 145 1059 145 261 141 151 58 42 60 58 130 214 13101 794 1296
leaf_count=298 18985 353 107 4520 979 476 807 116 4411 201 615 772 465 222 147 145 1059 145 261 141 151 58 42 60 58 130 214 13101 794 1296
internal_value=-0.000109038 0.00173132 0.00156464 0.00176294 -0.00200337 -0.0025241 -0.00273959 -0.00242191 -0.00254178 -0.00275845 -0.00526316 0.000572339 -0.000708258 0.000779881 0.00519587 0.00197953 0.00513343 0.00672757 -0.00145161 0.00491525 0.00150334 0.00119106 -0.0109848 -0.00198173 -0.0109073 -0.00182006 0.00821168 -0.00201604 0.00297619 0.00124624
internal_weight=51129 25934 25581 24859 25195 20958 20368 19561 19445 18969 722 4237 3318 2853 919 2589 1349 1204 1240 590 449 20339 264 14558 259 14299 274 14025 924 20281
internal_count=51129 25934 25581 24859 25195 20958 20368 19561 19445 18969 722 4237 3318 2853 919 2589 1349 1204 1240 590 449 20339 264 14558 259 14299 274 14025 924 20281
is_linear=0
shrinkage=0.05


Tree=23
num_leaves=31
num_cat=0
split_feature=5 12 4 12 10 13 12 10 6 6 11 14 5 15 16 16 13 12 12 10 6 16 15 11 14 16 15 14 16 10
split_gain=63.0163 21.6122 20.371 14.1102 15.2858 14.9155 14.0357 13.0786 11.4962 10.8465 9.96049 13.6978 9.8885 8.2099 9.32155 15.2744 11.7281 10.3035 8.38843 8.26918 8.14782 8.06002 9.26179 13.3215 11.909 12.5386 10.7065 9.97254 9.93665 9.74895
threshold=0.019136307556117789 -0.075828254732232245 0.020491821744596985 -0.062212446145613214 0.015426136544852588 30.750000000000004 -0.057938720016513449 0.069033394894507452 0.42582388101429208 -0.073508676305931123 0.044463643697869822 -0.066405515647089006 0.044494973811500728 0.021831788599057104 0.041810397896275393 0.034526607676413919 17.050000190734867 -0.0042212897871045643 0.059758756541204668 0.011197941469223484 -0.64103566039316384 -0.04304369717818151 0.0023424232082785994 0.00301412428072434 -0.058539441914538297 0.0048345471215708322 0.0081647516386068614 -0.086337752297859935 0.02629746337167416 9.4862369999448873e-05
decision_type=2 2 2 2 2 2 2 2 2 2 2 2 2 2 2 2 2 2 2 2 2 2 2 2 2 2 2 2 2 2
left_child=2 -2 20 4 5 -3 -5 8 10 -4 12 -12 13 14 15 18 -16 -17 19 21 -1 -8 24 27 -23 29 -25 -24 -27 -26
right_child=1 3 9 6 -6 -7 7 -9 -10 -11 11 -13 -14 -15 16 17 -18 -19 -20 -21 -22 22 23 26 25 28 -28 -29 -30 -31
leaf_value=-9.9369431893193196e-05 0.00068776240573491178 -0.00055144476618696077 -4.2892772045540103e-05 0.00089531880346660822 0.0011551217280963203 0.00019492360053532248 0.0002848080512907497 -0.00066187578844054671 0.00022088937969048556 1.9550918230682845e-05 0.00028631453780043962 -0.00021285240788126723 0.00076862672658277616 -0.00018244671401297272 -6.9834779338164708e-06 0.00046042667647752558 0.00040309362918964644 -0.00025746738078933154 0.00023755915182153075 0.00030171253190970035 -5.02407671591351e-05 0.00061225440355278495 0.00013097317769737512 -6.2911145110630239e-05 9.2325602961786113e-05 -0.00016109294534204103 0.00017437241330664911 -0.0002185997997761269 0.00053956305580315676 0.00035031070349871604
leaf_weight=2798 567 349 11428 136 58 137 603 59 4776 9299 134 502 523 637 443 73 614 663 615 276 7658 118 282 1167 2717 1225 1050 1502 149 527
leaf_count=2798 567 349 11428 136 58 137 603 59 4776 9299 134 502 523 637 443 73 614 663 615 276 7658 118 282 1167 2717 1225 1050 1502 149 527
internal_value=-0.000135558 0.00206261 -0.0015385 0.00178045 -0.00615809 -0.0090535 0.00201027 0.00189359 0.00196817 -0.00063082 0.00123734 -0.00487421 0.00153216 0.00125385 0.00154691 0.00111471 0.00603122 -0.00584239 0.00161519 0.00125312 -0.0033378 0.00100107 0.0006152 -0.00115596 0.00211149 0.0017107 0.00143212 -0.0043722 -0.00229258 0.00340629
internal_weight=51085 19902 31183 19335 544 486 18791 18655 18596 20727 13820 636 13184 12661 12024 10967 1057 736 10231 9616 10456 9340 8737 4001 4736 4618 2217 1784 1374 3244
internal_count=51085 19902 31183 19335 544 486 18791 18655 18596 20727 13820 636 13184 12661 12024 10967 1057 736 10231 9616 10456 9340 8737 4001 4736 4618 2217 1784 1374 3244
is_linear=0
shrinkage=0.05


Tree=24
num_leaves=31
num_cat=0
split_feature=5 11 5 10 5 10 16 16 15 10 13 13 13 14 14 14 8 14 10 15 13 13 15 10 11 10 16 11 10 14
split_gain=66.242 20.3208 16.7382 11.5609 11.3115 11.1019 10.8327 14.7386 12.4353 18.1288 20.4774 18.076 15.6852 13.7551 14.7422 13.8077 15.7301 12.562 11.6841 15.3081 12.8555 11.0173 10.7009 10.6564 10.4164 10.1157 12.9424 12.4378 9.76606 9.46077
threshold=0.017728868151507256 -0.055970636302615777 0.010219653460517947 0.069033394894507452 0.028934365699917985 0.0239914392111974 0.00022483155718189265 -0.0038527680554427675 0.0060337727642852954 -0.00019410634058175666 14.684999942779543 13.869999885559084 15.425000190734865 0.040467463007027978 0.07643058808250093 0.08366532037956588 -0.115565523810066 -0.096084571305829466 0.0059228912076465532 0.011820084506755981 15.085000038146974 16.085000038146976 0.0089040322559191826 -0.0019995726929346587 0.023193320881576888 0.0079281372903893272 0.0045404196142767592 0.001067718638755544 -0.0028933581985846608 -0.086337752297859935
decision_type=2 2 2 2 2 2 2 2 2 2 2 2 2 2 2 2 10 2 2 2 2 2 2 2 2 2 2 2 2 2
left_child=2 -2 -1 4 -3 -6 7 -4 9 10 11 28 -12 23 -15 -16 -17 -11 20 -20 -9 -22 24 -14 -10 29 -27 -28 -8 -24
right_child=1 3 6 -5 5 -7 8 18 22 17 12 -13 13 14 15 16 -18 -19 19 -21 21 -23 25 -25 -26 26 27 -29 -30 -31
leaf_value=-8.8223015018980023e-05 0.0016181267737858389 3.9931654492811158e-05 -2.0679733346007065e-05 -0.00072978941034030633 0.00020283791839268637 0.0014341909069515394 -0.00028120868160274958 0.00036845111996695878 2.2601378534358246e-05 0.00028518639169626802 0.00036220932556813848 -0.00038446146210630315 -0.00018547229099258848 0.00018998238679376656 -0.00046217065519337322 -0.00039696436005631915 0.00015283644768445518 -0.00012655629306244391 -0.00033625704289456189 0.00035929105500768929 -0.00021308551127418663 0.00016343799954332699 0.00024521654830387358 2.1270317933901616e-05 0.00030055432916552402 -0.00021158708503733715 0.00087720676935210389 1.8543749739555888e-05 2.0226742754960109e-05 -0.0001044886116740534
leaf_weight=3838 196 17717 8280 64 5630 86 227 344 920 113 412 367 584 580 155 79 417 4269 128 74 146 560 61 540 282 260 72 2233 658 1873
leaf_count=3838 196 17717 8280 64 5630 86 227 344 920 113 412 367 584 580 155 79 417 4269 128 74 146 560 61 540 282 260 72 2233 658 1873
internal_value=-0.00011287 0.00182438 -0.00178363 0.00169064 0.0017486 0.00368265 -0.00128628 1.57365e-05 -0.00216636 -0.00338948 -0.00096417 -0.00626997 0.00143657 -0.000138004 0.0035134 -0.00165131 0.00241935 -0.00561387 0.00507188 -0.00594059 0.00719048 0.00332861 -0.000363971 -0.00413701 0.00382696 -0.00148366 0.000575049 0.0017679 -0.00240113 -0.00421406
internal_weight=51165 23693 27472 23497 23433 5716 23634 9532 14102 8401 4019 1252 2767 2355 1231 651 496 4382 1252 202 1050 706 5701 1124 1202 4499 2565 2305 885 1934
internal_count=51165 23693 27472 23497 23433 5716 23634 9532 14102 8401 4019 1252 2767 2355 1231 651 496 4382 1252 202 1050 706 5701 1124 1202 4499 2565 2305 885 1934
is_linear=0
shrinkage=0.05


Tree=25
num_leaves=31
num_cat=0
split_feature=5 16 15 6 10 13 5 16 16 10 10 16 12 15 12 13 13 13 14 12 12 6 12 15 15 16 13 12 12 14
split_gain=54.9975 16.8034 16.6711 14.4316 13.4663 12.5143 11.6806 10.9343 14.373 14.0181 12.7428 11.5897 20.1552 17.3217 16.0855 16.0522 18.03 14.3488 14.2242 14.0854 11.3694 11.2874 10.8566 10.7352 10.6991 12.6404 10.5319 15.4112 9.64996 9.2087
threshold=0.016062528989667747 -0.062749583771881765 -0.025970961947483325 0.19801907119974935 0.069033394894507452 25.319999694824222 0.044494973811500728 -0.032598786515004856 -0.02396285681473714 0.012020703086552011 -0.012508695811735191 0.00022483155718189265 0.049504484069908934 0.0060337727642852954 -0.039191737143437648 14.734999656677248 14.835000038146974 13.869999885559084 0.040467463007027978 0.092854757865130991 -0.05023266322533259 0.65909254499805914 -0.067575667738432196 0.015816192061499316 0.013914744903358646 -0.035275543581110617 14.00500011444092 0.020012431826022529 -0.0067439083526363843 -0.073802250117532039
decision_type=2 2 2 2 2 2 2 2 2 2 2 2 2 2 2 2 2 2 2 2 2 2 2 2 2 2 2 2 2 2
left_child=5 2 22 6 -5 7 -3 24 9 10 -9 12 23 15 -15 17 -17 -13 29 -14 -12 -16 -2 -10 25 26 -1 -28 -25 -18
right_child=1 3 -4 4 -6 -7 -8 8 11 -11 20 13 19 14 21 16 18 -19 -20 -21 -22 -23 -24 28 -26 -27 27 -29 -30 -31
leaf_value=0.00058940759823366542 0.00081908101867427083 4.2266914773202505e-06 0.0010778349830574483 0.00013137698072654552 -0.00063025706038040896 0.00026516854677695729 0.00054061559042297303 4.9058662740611051e-05 2.7248226107587891e-05 0.0012961562944969374 0.00041460031711379529 -9.0470929322321753e-05 -0.00020131476749939348 -0.00024109210956476453 -3.2945488000391768e-05 0.00029792851238374371 0.00026638897641783872 -0.00024683887622845344 3.7870026810688138e-05 0.00044195216408848847 -0.00024981446867222874 0.00010566887788523031 -0.00050151552028507437 7.7292843734833551e-05 -0.00029629805856709298 0.00037354086611174385 6.6770178640644052e-05 -0.00017068035809825519 -0.00028688093409935488 -0.00010704106322407732
leaf_weight=49 100 18630 363 8780 63 256 653 186 4965 57 47 2722 460 213 3944 217 93 841 1232 42 844 1144 142 117 132 176 1099 357 242 2900
leaf_count=49 100 18630 363 8780 63 256 653 186 4965 57 47 2722 460 213 3944 217 93 841 1232 42 844 1144 142 117 132 176 1099 357 242 2900
internal_value=-0.00014589 0.00130086 0.00954545 0.00112352 0.002796 -0.00200694 0.000356532 -0.00213438 -0.00246719 -0.00793651 -0.00921541 -0.00214301 -0.000283213 -0.00295731 -0.000740426 -0.00442536 -0.00242008 -0.00692534 -0.00314201 -0.00986056 -0.0117003 -0.000176887 -0.000619835 0.000619835 0.00158577 0.00266211 0.0011794 0.000412088 -0.00772981 -0.00500334
internal_weight=51066 28731 605 28126 8843 22335 19283 22079 20266 1134 1077 19132 5826 13306 5301 8005 4442 3563 4225 502 891 5088 242 5324 1813 1681 1505 1456 359 2993
internal_count=51066 28731 605 28126 8843 22335 19283 22079 20266 1134 1077 19132 5826 13306 5301 8005 4442 3563 4225 502 891 5088 242 5324 1813 1681 1505 1456 359 2993
is_linear=0
shrinkage=0.05


Tree=26
num_leaves=31
num_cat=0
split_feature=5 11 4 6 10 5 13 6 8 11 14 5 10 16 13 10 6 14 11 3 11 10 10 16 11 13 14 10 16 10
split_gain=55.7446 16.3758 12.8648 11.1684 10.5537 8.21416 7.71908 6.78246 6.85465 6.38635 9.13445 7.18656 6.9359 7.87934 7.4496 6.24423 6.05677 6.02992 9.60661 7.42952 7.17338 5.52318 7.11502 12.1893 11.4004 7.69548 5.77907 5.39842 5.33869 8.04036
threshold=0.017728868151507256 -0.055970636302615777 0.020604416637001938 -0.58125731026032568 0.069033394894507452 0.031388503136489367 25.505000114440922 -0.21547996877279638 0.36626542103403231 0.044463643697869822 -0.066405515647089006 0.044494973811500728 -0.017312021268647334 -0.02064014268341002 28.970000267028812 -0.0064885643523325811 1.4224936777571175 0.047364702361241913 0.031976499172701407 0.00017425997829234599 0.022655282977909755 0.0087442348777118113 -0.0084264989475150136 -0.0092838063871949466 -0.023324980459216712 19.440000534057621 -0.086337752297859935 0.0239914392111974 0.0058507518293452474 0.0085213267487913597
decision_type=2 2 2 2 2 2 2 2 8 2 2 2 2 2 2 2 2 2 2 2 2 2 2 2 2 2 2 2 2 2
left_child=2 -2 16 9 5 -5 7 -4 21 11 -11 12 -3 -14 17 -8 -1 19 -19 20 -15 22 23 24 -9 -26 -24 -7 29 -28
right_child=1 3 6 4 -6 27 15 8 -10 10 -12 -13 13 14 -16 -17 -18 18 -20 -21 -22 -23 26 -25 25 -27 28 -29 -30 -31
leaf_value=-6.5890114687632351e-05 0.0016337240292077782 -0.00022767273582502813 -4.8917906928954048e-05 6.9680909989569385e-05 -0.00059698924843968725 0.00032029126648412459 2.1976047443239903e-05 0.0002121988926157969 -0.0001781948084893047 0.00030307784509252342 -0.00021382232822516405 0.00060149911289945391 0.0001737672111877503 -6.5029469611494958e-05 -0.00078498698595388548 0.000458358210151328 1.090610140595371e-05 6.6135279432481822e-05 0.0010076976248730124 2.9398511003791899e-05 -0.00024355642248154435 7.9301273546354871e-05 0.00026564768924282285 0.00028264776365786824 7.0027530944363418e-06 -0.00030139384354968307 2.0905745740694254e-05 0.0019325292980396159 -5.9305885631955178e-05 -0.00039991937829111874
leaf_weight=9549 205 135 8007 13409 67 2722 205 252 363 69 292 264 1036 1832 56 138 1045 782 65 2346 349 1331 127 291 284 150 2620 42 2994 48
leaf_count=9549 205 135 8007 13409 67 2722 205 252 363 69 292 264 1036 1832 56 138 1045 782 65 2346 349 1331 127 291 284 150 2620 42 2994 48
internal_value=-0.000116006 0.00166132 -0.00165122 0.0015384 0.00226601 0.00234805 -0.000791196 -0.000945831 4.13712e-05 -9.68724e-05 -0.00657895 0.000243991 -7.95334e-05 0.000154655 -0.000607735 0.00663265 -0.00301586 -0.000418683 0.00345336 -0.00114314 -0.00324392 0.00034272 -0.000236477 0.00371034 7.28863e-05 -0.00483871 -0.000902574 0.00482996 -0.00113917 0.000487256
internal_weight=51075 23671 27404 23466 16240 16173 16810 16467 8460 7226 361 6865 6601 6466 5430 343 10594 5374 847 4527 2181 8097 6766 977 686 434 5789 2764 5662 2668
internal_count=51075 23671 27404 23466 16240 16173 16810 16467 8460 7226 361 6865 6601 6466 5430 343 10594 5374 847 4527 2181 8097 6766 977 686 434 5789 2764 5662 2668
is_linear=0
shrinkage=0.05


Tree=27
num_leaves=31
num_cat=0
split_feature=4 4 6 11 9 13 10 10 12 6 11 10 10 11 4 9 14 10 15 10 10 13 14 15 1 14 12 10 10 10
split_gain=54.1154 18.5979 10.9757 9.77725 8.91289 9.66161 12.0253 12.109 14.2381 8.17386 8.66505 9.08505 10.2706 8.90358 7.61155 7.29346 7.29103 8.46638 8.22056 7.15781 6.82542 13.0191 11.019 8.52887 7.92525 7.65005 15.3875 12.2292 12.3005 9.90963
threshold=0.023129998510773717 0.054556220342512861 1.7243818197605025 -0.055970636302615777 0.1316043087076251 16.095000267028812 -0.0072745157566194698 -0.0045277768557969158 0.016981710951886612 1.3854379855434249 -0.017638960680292966 0.0028223734540476779 0.0012830359695055196 -0.015698159014809029 0.014667731131161153 0.25758725123550469 0.042306243871835354 0.0032283672299645576 0.0037384371506522522 0.004223429033710758 -0.017312021268647334 24.385000228881839 -0.015155298785694047 0.0047091317993352986 -0.026073102823209179 0.048155268237130573 0.029689581325769047 -0.012508695811735191 -0.0004674372383289826 -0.012508695811735191
decision_type=2 2 2 2 10 2 2 2 2 2 2 2 2 2 2 8 2 2 2 2 2 2 2 2 2 2 2 2 2 2
left_child=9 2 4 -3 20 6 -6 8 -8 10 11 12 -1 -12 -15 -5 17 -9 -18 -19 -2 25 24 -24 -23 29 -27 -28 -29 -22
right_child=1 3 -4 15 5 -7 7 16 -10 -11 13 -13 -14 14 -16 -17 18 19 -20 -21 21 22 23 -25 -26 26 27 28 -30 -31
leaf_value=2.1142676544516019e-05 -0.00018191908508818859 0.0023302562177116479 0.00013945235096677672 8.9552640998298927e-05 0.00041173397494437004 0.00013569213209181256 0.00024210046475683412 9.3890654862319533e-05 -0.00047585380064473919 1.2449608560546542e-05 -0.00035578218558351103 -0.00015803017264719827 0.00049047824443264462 -0.00010167958509744715 -5.6364708228391668e-05 0.00048342966340768226 -0.00037935991606996284 -0.00020237519676192706 0.00016911925087747615 -8.6021409465714307e-06 0.00090480141992097288 0.00023491866334276608 0.00018825186203509509 0.00075184241488247664 -0.00014514546162129786 -9.8187024673986402e-06 -0.00026869275548377006 0.00054618658516390165 -6.0008087475032713e-06 -3.441646286832098e-05
leaf_weight=999 569 104 2816 2052 264 3748 59 1971 202 1669 109 197 93 1350 11053 1901 214 280 117 1525 54 139 697 148 328 2433 100 473 201 15182
leaf_count=999 569 104 2816 2052 264 3748 59 1971 202 1669 109 197 93 1350 11053 1901 214 280 117 1525 54 139 697 148 328 2433 100 473 201 15182
internal_value=-0.000162106 0.000911403 0.000501269 0.00409786 0.00020903 0.00158115 5.39724e-05 -0.000572344 -0.0110153 -0.0026309 -0.00303058 0.00087277 0.00265568 -0.0034327 -0.00330767 0.00369972 9.13075e-05 0.000715042 -0.00702417 -0.001759 -0.000356721 -0.000201215 0.00461128 0.00801775 -0.00155246 -0.000543567 0.00167602 0.00781654 0.0102374 -0.00101076
internal_weight=51047 35577 31520 4057 28704 8380 4632 4368 261 15470 13801 1289 1092 12512 12403 3953 4107 3776 331 1805 20324 19755 1312 845 467 18443 3207 774 674 15236
internal_count=51047 35577 31520 4057 28704 8380 4632 4368 261 15470 13801 1289 1092 12512 12403 3953 4107 3776 331 1805 20324 19755 1312 845 467 18443 3207 774 674 15236
is_linear=0
shrinkage=0.05


Tree=28
num_leaves=31
num_cat=0
split_feature=4 4 16 15 10 6 12 10 6 12 15 10 16 12 16 13 16 16 11 12 16 13 13 10 12 13 13 6 11 3
split_gain=46.441 16.7902 14.5161 11.1888 10.9131 10.9021 10.1331 6.99328 6.74378 6.66172 8.11936 13.318 6.48932 7.07653 6.8517 9.19116 6.47261 14.654 6.69018 6.23476 6.10235 5.97585 13.1867 8.81685 5.95243 5.90026 6.56264 6.28272 6.62129 5.7287
threshold=0.023031511615267689 0.035084508963221482 -0.062749583771881765 -0.025970961947483325 0.069033394894507452 0.42582388101429208 -0.067575667738432196 0.0239914392111974 0.7668641883235302 -0.03157965321165878 0.010394186237980387 -0.0014592153640105574 0.079611158282187469 -0.05023266322533259 0.059699500075510066 17.914999961853031 0.049543215506382639 0.043555100389504948 0.02550883970860263 0.10123019596275297 0.029858517991518844 28.970000267028812 26.284999847412113 0.0014013952122059472 -0.043864369041982591 19.010000228881839 17.994999885559086 -0.64103566039316384 0.024405039123864495 -0.0086029856662172537
decision_type=2 2 2 2 2 2 2 2 2 2 2 2 2 2 2 2 2 2 2 2 2 2 2 2 2 2 2 2 2 2
left_child=8 19 3 6 5 7 -3 12 9 10 11 -1 14 -14 16 -16 17 18 21 -2 -21 22 -4 -23 -12 26 27 -11 -29 -8
right_child=1 2 4 -5 -6 -7 29 -9 -10 25 24 -13 13 -15 15 -17 -18 -19 -20 20 -22 23 -24 -25 -26 -27 -28 28 -30 -31
leaf_value=-4.264810908361687e-05 1.1689387669471668e-06 0.00080328884091119461 4.5566321940142741e-05 0.0014572395360422381 -0.00063513813716101198 0.00022949597830006585 -0.0013345959267399526 0.00085677465148622156 -3.9658497159436593e-06 -9.0751434043064049e-05 -0.00022325397439350888 0.00019252820758424187 0.00028632194014392362 -0.00018651161559228514 -6.6688477665633348e-05 0.00052313479674764417 -0.00017208227236817079 0.00041700467989165383 -0.00022191576242405381 1.4757527214377415e-05 -0.00034599628512282184 -4.0008724111553935e-05 0.00048715616625790836 -0.00088807515150788978 1.2707455483673258e-05 -5.3283230184109081e-06 -0.00018167540953552557 -5.7506061195888947e-05 2.951143188692218e-05 6.5263145325581472e-05
leaf_weight=420 19425 80 8768 302 61 3980 56 116 2733 3130 79 324 53 448 163 253 449 292 323 153 164 228 349 62 87 1553 726 5691 649 62
leaf_count=420 19425 80 8768 302 61 3980 56 116 2733 3130 79 324 53 448 163 253 449 292 323 153 164 228 349 62 87 1553 726 5691 649 62
internal_value=-7.47377e-05 0.000913041 0.00211437 0.0105 0.00184464 0.0019278 0.00126263 0.00114743 -0.00237136 -0.00285765 0.00126374 0.00349462 0.00102301 -0.00454092 0.00127905 0.00757212 0.00102903 0.00129216 0.000960946 -6.33168e-05 -0.00701893 0.00120389 0.00142865 -0.00586207 -0.00873494 -0.00317687 -0.00361416 -0.00326294 -0.00235804 -0.00805085
internal_weight=51179 35787 16045 500 15545 15484 198 11504 15392 12659 910 744 11388 501 10887 416 10471 10022 9730 19742 317 9407 9117 290 166 11749 10196 9470 6340 118
internal_count=51179 35787 16045 500 15545 15484 198 11504 15392 12659 910 744 11388 501 10887 416 10471 10022 9730 19742 317 9407 9117 290 166 11749 10196 9470 6340 118
is_linear=0
shrinkage=0.05


Tree=29
num_leaves=31
num_cat=0
split_feature=4 4 13 15 15 9 11 14 9 11 11 14 14 16 13 11 14 8 14 13 15 4 16 11 15 15 11 14 13 16
split_gain=43.5371 15.226 12.8545 8.31379 13.2676 10.7561 8.14386 7.7563 9.4589 7.70244 11.2899 8.1313 10.8005 7.66864 10.763 7.54945 7.53166 8.84846 7.3147 7.24997 6.58401 6.67433 6.40348 10.6507 10.0231 9.84437 9.13275 7.81112 7.2489 10.5773
threshold=0.033885533281050394 0.021665354080270028 49.655000686645515 -0.0057378863485706413 -0.005045725748366702 0.12725382024644741 0.011525540902406652 -0.041121066150655798 0.05860117013036626 -0.017638960680292966 -0.016157926908067829 -0.037511825146214865 -0.039568606403770572 0.021087285923196978 13.414999961853029 -0.018660879963565243 -0.041705576882284816 0.25355497173965819 0.12226142207695113 13.869999885559084 -0.0046722228005446889 0.069709672040587811 0.054779551976547831 0.015830592814055747 0.0081647516386068614 0.0089961261667284038 0.048369816433799014 0.013234785210327617 12.994999885559084 0.041810397896275393
decision_type=2 2 2 2 2 10 2 2 10 2 2 2 2 2 2 2 2 8 2 2 2 2 2 2 2 2 2 2 2 2
left_child=1 6 3 5 7 -2 -1 -5 -9 15 -11 12 16 14 -8 -3 17 -12 20 -14 -6 -22 23 -13 28 -26 -24 -27 -25 -30
right_child=2 9 -4 4 18 -7 13 8 -10 10 11 22 19 -15 -16 -17 -18 -19 -20 -21 21 -23 26 24 25 27 -28 -29 29 -31
leaf_value=-3.0657227568286082e-05 8.1470636446951718e-05 4.3440517190977867e-05 0.0047646495270626107 -0.00087778554495671242 0.0004435703429468259 0.00037203676427124797 -0.00023661184869550657 -0.00038490189906016984 0.00058761223486416495 -0.0003002549252979026 1.2649838652363566e-05 -1.9465396246265337e-05 -0.00013179336491659946 -5.6290370936351416e-05 -9.465918856825105e-05 0.00032054756746553953 -0.00020024985090221197 0.00026975682762142415 -0.00051916795828002723 0.00031362036347959876 3.9969302023017303e-05 0.00041633395185949608 0.00015336706498593228 -7.2464728853334411e-06 0.00036028054777760018 3.4980945929473809e-05 -0.0001562977237501964 -0.00030827937681134125 -0.0002648372093340447 -1.8374433406547627e-05
leaf_weight=8470 3409 2255 60 85 184 1584 310 160 54 170 4150 9947 54 3050 825 209 207 149 85 307 10851 993 627 414 127 478 94 210 1085 418
leaf_count=8470 3409 2255 60 85 184 1584 310 160 54 170 4150 9947 54 3050 825 209 207 149 85 307 10851 993 627 414 127 478 94 210 1085 418
internal_value=-0.000127889 -0.00118161 0.00189665 0.00181701 0.00112391 0.00353996 -0.00255038 -0.00928094 -0.00420561 -0.000352854 -0.000703748 -0.000584387 0.00116602 -0.00435484 -0.00786344 0.00227273 0.000499334 0.000947895 0.00138075 0.00948753 0.00148404 0.00133823 -0.00122015 -0.0014808 -0.00424597 0.000398773 0.00336338 -0.00196221 -0.00622066 -0.00783433
internal_weight=51021 33556 17465 17405 12412 4993 12655 299 214 20901 18437 18267 4867 4185 1135 2464 4506 4299 12113 361 12028 11844 13400 12679 2732 815 721 688 1917 1503
internal_count=51021 33556 17465 17405 12412 4993 12655 299 214 20901 18437 18267 4867 4185 1135 2464 4506 4299 12113 361 12028 11844 13400 12679 2732 815 721 688 1917 1503
is_linear=0
shrinkage=0.05


Tree=30
num_leaves=31
num_cat=0
split_feature=5 16 4 6 4 12 13 12 12 8 3 12 11 11 16 13 13 13 12 15 12 13 3 12 11 12 12 12 15 15
split_gain=33.4998 13.9145 12.2625 10.0824 9.34936 7.42909 7.80119 16.1095 10.4664 9.80563 7.99779 7.47149 8.76422 7.12568 8.03222 9.88502 8.12939 9.97189 7.95548 6.89905 7.93538 6.74536 6.6406 6.25034 10.56 9.72379 10.0893 20.6778 9.48308 11.3533
threshold=0.020889386201565906 -0.062749583771881765 0.021763170751067849 0.13895152458766385 0.080289648578235048 0.10123019596275297 16.510000228881839 -0.0082551650527467029 -0.0054605306842289139 -0.24171112956587223 0.0052228484335660194 -0.020341500579073798 0.023061662230793093 0.011525540902406652 0.021087285923196978 13.414999961853029 13.34500026702881 13.824999809265138 0.022559173972236727 -0.025970961947483325 -0.067575667738432196 31.844999313354496 0.0035800336815858817 -0.011339314302442725 -0.004105930210737129 -0.024129877186116751 -0.02923523392979754 -0.031853242392431029 -0.0208073828102831 0.0089961261667284038
decision_type=2 2 2 2 2 2 2 2 2 10 2 2 2 2 2 2 2 2 2 2 2 2 2 2 2 2 2 2 2 2
left_child=2 19 13 4 -3 6 7 10 -9 11 -4 22 -13 -1 15 -15 -16 18 -18 20 -2 -5 -8 25 -25 26 27 28 -11 -30
right_child=1 3 5 21 -6 -7 9 8 -10 23 -12 12 -14 14 16 -17 17 -19 -20 -21 -22 -23 -24 24 -26 -27 -28 -29 29 -31
leaf_value=-2.5156685911544845e-05 0.00091027136098596024 1.5108946859749944e-05 4.7979608484992159e-05 0.00019262539203799821 0.00050828300260211958 -0.00022104885402090602 9.7057965499540441e-05 -0.00048269208557295362 -3.7480070746004866e-05 -0.00031285116126902944 0.00035508959280398824 -0.00023700486775955654 0.00029789171059881156 -0.00020535452004146233 2.1017484312660809e-05 -8.8857581027991568e-05 1.1538652615510417e-05 -5.7108586691466401e-05 -0.00026692987640488481 0.0013551875779032347 -0.00037428594098138615 -0.00024634116335457218 -0.00024579899868767036 0.00013966202980633148 2.1171537245157688e-05 -0.0001234098664184587 0.00019179585826287261 -0.00044818696878982857 0.00014532179352665098 -0.00010963979197237193
leaf_weight=8556 62 10045 384 4968 527 238 258 170 10567 310 245 537 92 317 983 875 88 1759 267 276 94 120 89 2183 4079 767 404 193 1185 428
leaf_count=8556 62 10045 384 4968 527 238 258 170 10567 310 245 537 92 317 983 875 88 1759 267 276 94 120 89 2183 4079 767 404 193 1185 428
internal_value=-9.20378e-05 0.00179592 -0.000960714 0.00155172 0.000671585 -0.000247413 -0.000151889 -0.00106018 -0.00151579 0.000828979 0.00671701 -0.00394467 -0.00719396 -0.00218957 -0.00385288 -0.0073406 -0.00251049 -0.00425733 -0.0119014 0.0106481 0.00224359 0.0033805 0.00194524 0.00131689 0.00224369 -0.000448737 0.00105159 -0.000330813 0.00123505 0.00277433
internal_weight=51066 16092 34974 15660 10572 22129 21891 11366 10737 10525 629 976 629 12845 4289 1192 3097 2114 355 432 156 5088 347 9549 6262 3287 2520 2116 1923 1613
internal_count=51066 16092 34974 15660 10572 22129 21891 11366 10737 10525 629 976 629 12845 4289 1192 3097 2114 355 432 156 5088 347 9549 6262 3287 2520 2116 1923 1613
is_linear=0
shrinkage=0.05


Tree=31
num_leaves=31
num_cat=0
split_feature=4 4 13 10 6 10 14 15 14 14 14 15 15 12 14 12 13 12 14 13 10 12 15 13 9 13 8 12 12 10
split_gain=33.2321 12.4644 12.1744 8.85625 9.62131 7.9191 7.04769 7.53508 21.957 12.6641 13.9994 9.56477 9.03598 8.09328 6.3477 10.0789 7.0574 7.43147 6.28549 8.97898 10.7679 10.565 14.4298 8.73612 8.52675 6.59869 6.3913 6.2121 6.12292 6.06028
threshold=0.034728666577579358 0.023129998510773717 49.655000686645515 0.069033394894507452 0.55950932834429745 0.0239914392111974 -0.0052640766517011986 0.0081647516386068614 -0.093449770795740669 -0.05546753287916955 -0.012079756674524154 0.0083140359390915259 0.002758709987229047 -0.025044088341744538 -0.013975625369978871 0.0090148119717247139 27.664999961853031 -0.05023266322533259 0.0091478412114857095 17.090000152587894 0.00054085357346300722 -0.00073998498694560755 0.0047091317993352986 17.494999885559086 0.12120059427884845 20.865000724792484 -0.098590145389617898 -0.057938720016513449 0.10123019596275297 0.014545922873123287
decision_type=2 2 2 2 2 2 2 2 2 2 2 2 2 2 2 2 2 2 2 2 2 2 2 2 10 2 10 2 2 2
left_child=1 -1 3 4 5 6 7 8 -2 27 12 -9 13 -11 16 -16 29 -18 25 -20 21 22 -21 -22 -23 26 -8 -10 -3 -13
right_child=2 28 -4 -5 -6 -7 18 11 9 10 -12 14 -14 -15 15 -17 17 -19 19 20 23 24 -24 -25 -26 -27 -28 -29 -30 -31
leaf_value=-3.9487961656999552e-05 0.00064249905405570885 -1.4987192505661745e-06 0.0048488611630429484 -0.00051780701301200967 0.0002181356213069325 0.00078306791374940863 -0.00025671646265720133 0.00067116131630183529 -0.000666571116197697 0.00073053037890488659 -0.00031020706916123344 3.4871035063735802e-05 -0.00013037949143396142 5.8963837744064818e-05 -0.00023980904888993226 0.00056269108605893129 0.00060087591834156919 -5.1904112160910784e-05 -7.5525245412491794e-05 3.5000130341800596e-05 0.00025102456468850725 0.00026617653063970451 0.0010317036756920949 -0.00043701493480207559 0.00072572394768221846 0.00081502830707884269 0.00025451594459993237 -0.00035512158283172805 -0.00016570568653577852 -0.0002126326404302772
leaf_weight=15497 205 18863 56 63 3827 129 131 76 99 166 624 2099 902 1017 60 226 140 57 1636 1816 58 620 102 234 308 110 810 387 308 490
leaf_count=15497 205 18863 56 63 3827 129 131 76 99 166 624 2099 902 1017 60 226 140 57 1636 1816 58 620 102 234 308 110 810 387 308 490
internal_value=-0.000124227 -0.00100237 0.00172665 0.00164714 0.00171933 0.00104783 0.00091934 -0.00020617 -0.00183824 -0.00285603 -0.0015227 0.00155654 0.000443645 0.00331784 0.00112305 0.00821678 0.000394831 0.00951777 0.00218455 0.00141391 0.0029796 0.00391778 0.00179875 -0.00616438 0.00829741 0.00568506 0.0043305 -0.0102881 -0.000149966 -0.000299343
internal_weight=51116 34668 16448 16392 16329 12502 12373 6548 3400 3195 2709 3148 2085 1183 3072 286 2786 197 5825 4774 3138 2846 1918 292 928 1051 941 486 19171 2589
internal_count=51116 34668 16448 16392 16329 12502 12373 6548 3400 3195 2709 3148 2085 1183 3072 286 2786 197 5825 4774 3138 2846 1918 292 928 1051 941 486 19171 2589
is_linear=0
shrinkage=0.05


Tree=32
num_leaves=31
num_cat=0
split_feature=4 4 16 6 10 10 11 10 11 12 12 13 13 0 10 10 12 16 16 11 10 15 15 13 11 15 13 13 8 13
split_gain=32.709 17.0457 11.8398 9.61681 8.61063 14.1003 19.712 12.4021 11.6843 10.1084 19.666 17.6212 11.3006 8.2304 9.11019 17.2556 30.2077 15.2879 14.9921 35.9247 13.4352 12.4532 14.1796 11.0699 11.0386 10.9901 10.337 10.1331 10.0888 12.3016
threshold=0.023129998510773717 0.056218013470930139 -0.055360239142605343 1.3854379855434249 0.013844787315234976 0.012020703086552011 0.014319949991421945 0.018838458170826636 0.050492682028646547 -0.062212446145613214 -0.057938720016513449 30.345000267028812 25.505000114440922 -0.035892292803782581 0.0056232321882017109 0.0032283672299645576 0.037030604996718515 -0.038655516264954108 0.041810397896275393 0.020333032872676963 0.0059228912076465532 0.0081647516386068614 0.0071367324728232049 14.835000038146974 -0.012951386775020666 0.0089040322559191826 14.72499990463257 18.82499980926514 0.13583346816351785 13.34500026702881
decision_type=2 2 2 2 2 2 2 2 2 2 2 2 2 2 2 2 2 2 2 2 2 2 2 2 2 2 2 2 8 2
left_child=3 4 -3 -1 5 8 -7 -6 9 11 -11 -2 13 -12 15 18 17 -17 19 -15 -16 22 23 -22 -25 -23 -21 -20 29 -18
right_child=1 2 -4 -5 7 6 -8 -9 -10 10 12 -13 -14 14 20 16 28 -19 27 26 21 25 -24 24 -26 -27 -28 -29 -30 -31
leaf_value=-4.8103978432104648e-05 -0.00031727095751732924 0.0011520971787784666 0.00019978661977535021 3.5019639998281914e-05 -0.00018545684279087295 0.00073344829984970804 1.5997897658423175e-05 8.9166294535583063e-05 -0.00018793602566088012 0.00046700235317592172 0.0001566903769776842 0.0001753418463126242 0.00027819628488727472 1.2046874296580118e-05 0.0002773763170303266 0.00033182493669035537 -0.00012020147639698566 -0.00020195605370193186 8.5493543559304286e-05 -0.00019070214240903159 -0.00021523911261337971 0.00047683176633008662 -0.0018207431904913773 -0.00026015094097529899 0.00013817902580202875 5.4678943704451803e-05 -0.00041781916374352215 0.00045461722742183878 -0.00011132678621010366 0.00034440147275474853
leaf_weight=13895 566 222 3390 1618 1112 240 345 599 253 175 1509 289 534 14597 535 87 151 2398 1266 424 369 168 84 174 579 4188 293 286 292 508
leaf_count=13895 566 222 3390 1618 1112 240 345 599 253 175 1509 289 534 14597 535 87 151 2398 1266 424 369 168 84 174 579 4188 293 286 292 508
internal_value=-0.00018672 0.000647574 0.00390365 -0.00210307 0.000280285 0.000475091 0.00816239 -0.00317066 0.000323802 0.000415649 0.000575707 -0.00494152 0.000472892 0.000335029 0.00012974 -0.000379273 -0.00360885 -0.00650905 0.000278667 -0.000195899 0.00182467 0.00109673 -0.00339967 -0.00191622 0.00156042 0.0023416 -0.0111227 0.00496134 0.00396951 0.00739757
internal_weight=51146 35633 3612 15513 32021 30310 585 1711 29725 29472 28617 855 28442 27908 26399 20302 3436 2485 16866 15314 6097 5562 1206 1122 753 4356 717 1552 951 659
internal_count=51146 35633 3612 15513 32021 30310 585 1711 29725 29472 28617 855 28442 27908 26399 20302 3436 2485 16866 15314 6097 5562 1206 1122 753 4356 717 1552 951 659
is_linear=0
shrinkage=0.05


Tree=33
num_leaves=31
num_cat=0
split_feature=4 13 8 11 15 10 16 16 13 11 12 12 15 16 9 13 11 12 15 13 10 15 16 15 11 13 8 12 11 13
split_gain=28.9083 11.5249 10.8759 10.7236 16.6658 40.55 22.5371 19.9669 13.9086 13.7349 14.4891 13.0749 13.0301 13.8749 12.612 16.887 12.6052 11.9964 11.5188 11.2522 11.1864 11.1527 10.87 10.4604 10.0207 10.1349 9.93765 12.5746 14.3104 15.587
threshold=0.032196385626495801 49.655000686645515 0.050043392601640042 0.0015109645581827815 0.0027123018439723094 0.0010681409799049304 0.016811876121497819 -0.0038527680554427675 26.494999885559086 -0.017638960680292966 -0.0075921300584320664 0.051085091732355654 0.0047091317993352986 -0.0092838063871949466 -0.35850413889109756 16.98499965667725 0.00066759209085187632 -0.0042212897871045643 -0.024982183517057607 20.714999198913578 -0.0019771611584644684 0.0024412422748563149 0.0024378973533676356 -0.00055492739148838 0.044463643697869822 16.085000038146976 -0.10649418688626298 -0.03157965321165878 -0.0033635936199310486 19.880000114440922
decision_type=2 2 10 2 2 2 2 2 2 2 2 2 2 2 10 2 2 2 2 2 2 2 2 2 2 2 10 2 2 2
left_child=3 2 -2 4 5 7 8 9 14 10 -1 21 13 20 15 -6 23 -12 -15 -20 -5 26 -17 -11 25 -4 -9 -28 29 -29
right_child=1 -3 24 12 6 -7 -8 11 -10 16 17 -13 -14 18 -16 22 -18 -19 19 -21 -22 -23 -24 -25 -26 -27 27 28 -30 -31
leaf_value=-3.1655502476555381e-05 1.8869544000110328e-05 0.0040050499014066604 3.7068553601428715e-05 -0.00016018502777237844 -0.0004356847165561428 0.00025176140903923264 0.00071826230785130998 -0.00017722169640532775 0.00048378518550265521 -5.1294683285329441e-05 0.00031243831446607667 0.00068866868812892572 -6.6695553527502775e-06 0.0004788364882927391 -4.4327726298464423e-05 4.379132262222001e-05 0.00032920910619257856 6.6458364835957079e-05 -8.0753846203625242e-05 0.00012930330728490972 0.00038821103043264004 -0.00044864054179592853 -0.00017933373022178343 -0.00018992327552408498 -0.0002464812057279541 0.00025049395554873813 0.00035030220671717705 -0.0003100689117564603 0.00021199831896778046 0.00013559899154374781
leaf_weight=1291 12602 52 2628 107 336 765 99 121 74 3213 267 120 8835 55 2608 348 103 791 9362 333 230 57 320 431 231 4259 241 344 743 232
leaf_count=1291 12602 52 2628 107 336 765 99 121 74 3213 267 120 8835 55 2608 348 103 791 9362 333 230 57 320 431 231 4259 241 344 743 232
internal_value=-5.8596e-06 0.00149201 0.00143002 -0.000948259 0.00018794 0.00139064 -0.00258256 0.000333166 -0.00321487 -0.00104987 0.00194764 0.00487083 -0.00169908 -0.00292703 -0.00365449 -0.00841633 -0.00292901 0.00628544 -0.00327179 -0.00340124 0.00704748 0.0037687 -0.00381737 -0.00341658 0.00299241 0.003336 0.00450625 0.00557692 0.00365807 -0.00225694
internal_weight=51198 19772 19720 31426 12504 8719 3785 7954 3686 6096 2349 1858 18922 10087 3612 1004 3747 1058 9750 9695 337 1738 668 3644 7118 6887 1681 1560 1319 576
internal_count=51198 19772 19720 31426 12504 8719 3785 7954 3686 6096 2349 1858 18922 10087 3612 1004 3747 1058 9750 9695 337 1738 668 3644 7118 6887 1681 1560 1319 576
is_linear=0
shrinkage=0.05


Tree=34
num_leaves=31
num_cat=0
split_feature=5 16 12 5 10 10 6 13 13 13 13 11 13 10 14 14 14 15 13 15 12 13 1 10 15 11 13 9 12 13
split_gain=33.8718 13.2842 12.8946 10.1665 8.91025 9.22302 8.12898 7.56069 10.618 9.22801 10.6732 9.07032 7.79338 7.59937 7.18924 18.446 12.4523 14.6732 19.5831 15.5187 13.0624 11.9843 10.2394 10.0125 12.3413 12.8333 10.8421 10.3878 9.79217 14.846
threshold=0.02044807721509467 -0.062749583771881765 0.10123019596275297 0.0097619909836328452 0.069033394894507452 0.0239914392111974 0.55950932834429745 28.970000267028812 24.385000228881839 23.604999542236332 23.409999847412113 -0.023324980459216712 22.330000877380375 0.017102355769033965 -0.037511825146214865 -0.039568606403770572 0.048155268237130573 -0.005045725748366702 16.579999923706058 -0.0037811330086942592 0.026646487764570907 13.869999885559084 0.012090831974597151 -0.0017364567283589814 0.0026257793751673923 -0.013624952987961734 12.994999885559084 -0.25190727260494455 -0.0080789894590868033 17.090000152587894
decision_type=2 2 2 2 2 2 2 2 2 2 2 2 2 2 2 2 2 2 2 2 2 2 2 2 2 2 2 10 2 2
left_child=2 -2 3 -1 5 6 7 8 9 10 12 -11 -3 -9 15 23 -16 28 19 -19 -21 -17 -22 -5 26 27 -25 -26 -18 -30
right_child=1 4 -4 14 -6 -7 -8 13 -10 11 -12 -13 -14 -15 16 21 17 18 -20 20 22 -23 -24 24 25 -27 -28 -29 29 -31
leaf_value=-6.5653562202670949e-05 0.00060844886201219691 4.2593707825292279e-05 -0.00017475577022182774 -0.00018310747695011393 -0.00059692332726637987 0.00076461456890037141 0.00018288856582916645 -0.00019433908846956099 0.00020217951674033854 0.00052308303546897718 0.00055396675003891924 -0.00028420255926946933 -0.00025905714423763159 0.00022459685352228982 -4.2299505620711996e-05 -0.00011919185495500697 -8.5916724792631723e-05 0.00069052807129321356 0.0003353743101350537 -0.00018976242329112557 -7.7925882172041414e-05 0.00032556788828495565 0.0002630809473727915 -0.00018399172486221164 -0.00076364047598457608 5.0547076706462109e-06 0.00014641402685636236 -9.9582871772908442e-05 -9.0330385787421388e-05 0.00010619588274437586
leaf_weight=2829 438 10157 361 221 61 180 3520 411 1114 77 179 393 283 61 17332 73 1446 91 700 288 287 462 201 90 128 5365 907 535 1258 1641
leaf_count=2829 438 10157 361 221 61 180 3520 411 1114 77 179 393 283 61 17332 73 1446 91 700 288 287 462 201 90 128 5365 907 535 1258 1641
internal_value=-0.000153164 0.0016801 -0.00105728 -0.000957051 0.00145108 0.00152214 0.00139704 0.000806706 0.00104687 0.000579403 0.000882851 -0.0062766 0.000675287 -0.00540254 -0.000695407 0.0006201 -0.00113578 0.000845737 0.00499362 -2.88351e-05 -0.00231959 0.00957944 0.00266393 -4.14022e-05 0.000288256 -0.000564035 0.00544132 -0.0071267 -0.000650173 0.00102622
internal_weight=51089 16874 34215 33854 16436 16375 16195 12675 12203 11089 10619 470 10440 472 31025 7781 23244 5912 1567 867 776 535 488 7246 7025 6028 997 663 4345 2899
internal_count=51089 16874 34215 33854 16436 16375 16195 12675 12203 11089 10619 470 10440 472 31025 7781 23244 5912 1567 867 776 535 488 7246 7025 6028 997 663 4345 2899
is_linear=0
shrinkage=0.05


Tree=35
num_leaves=31
num_cat=0
split_feature=4 13 9 11 10 10 13 13 11 14 10 12 14 12 12 10 11 10 14 14 12 11 13 14 10 13 13 11 11 11
split_gain=24.2169 14.8072 12.0608 16.2974 8.67124 17.4211 11.2446 14.5761 12.0039 12.301 9.09051 14.6676 8.98411 8.85394 8.35614 8.35354 8.6251 8.33536 9.89122 13.1823 13.02 12.8763 10.1863 18.0205 24.7566 18.2332 16.1396 14.197 12.6607 18.3739
threshold=0.023129998510773717 49.655000686645515 0.15799562573366624 -0.014526452350843598 -0.0064885643523325811 -0.0052046497537361893 15.025000095367433 13.174999713897707 0.01613839302739695 0.044075030691926538 0.00044089291237869871 0.049504484069908934 0.068989760976132977 -0.022249506002163962 0.10123019596275297 -0.0004674372383289826 0.023061662230793093 0.069033394894507452 -0.067583665573298909 -0.066405515647089006 0.078665433833488688 0.045591132552592513 19.010000228881839 -0.051474636784154308 0.0093708689462960199 19.440000534057621 18.510000228881839 -0.013624952987961734 0.0049014258376020034 0.0013310073142193126
decision_type=2 2 10 2 2 2 2 2 2 2 2 2 2 2 2 2 2 2 2 2 2 2 2 2 2 2 2 2 2 2
left_child=-1 2 17 -4 13 -6 7 -7 9 -9 11 -8 14 -5 -12 -10 -17 18 20 -20 -2 22 26 24 -24 -25 -21 -28 29 -27
right_child=1 -3 3 4 5 6 10 8 15 -11 12 -13 -14 -15 -16 16 -18 -19 19 21 -22 -23 23 25 -26 28 27 -29 -30 -31
leaf_value=-3.4132586703998967e-05 5.5022611133883058e-05 0.004464273072112326 0.00041562160671675634 -0.00037410006757489179 -0.0003752162678847749 8.9527927276340888e-05 0.00017364891167182071 1.1671060120046346e-05 0.00024550199027574034 -0.00055260191540834993 8.5179367505859368e-05 0.00083564064936481823 -0.0015025210690878419 0.00026525846458976129 -0.00076314300568954517 -0.00049814114957933212 -0.00013863122190550803 -0.00048928061207573453 -0.00045390479025786971 -1.0716183135660003e-05 0.00079886042478646163 -0.00017516750592899387 -0.00051167103862837806 0.00025487134240564474 0.0003363683373594831 1.3743771500491749e-05 9.3058007300084964e-05 -0.00030701423751990098 0.00020070196102734003 -0.00054767315913040648
leaf_weight=15592 3454 62 969 52 254 1409 1394 1234 58 135 2886 216 46 711 69 258 301 58 160 13216 139 619 376 949 118 4134 235 796 1142 147
leaf_count=15592 3454 62 969 52 254 1409 1394 1234 58 135 2886 216 46 711 69 258 301 58 160 13216 139 619 376 949 118 4134 235 796 1142 147
internal_value=-0.000133329 0.000586426 0.00054383 0.00201661 0.00135487 0.000883777 0.00129278 -0.000891016 -0.00365055 -0.00104091 0.00290067 0.00593168 0.00127458 0.00645478 0.00161591 -0.00944084 -0.0113148 -3.22985e-05 1.07907e-05 -0.00038827 0.00244225 -0.000282993 -7.45986e-05 0.00150743 -0.00769231 0.00222065 -0.000837018 -0.00686227 0.00110179 -0.000145994
internal_weight=51189 35597 35535 9992 9023 8260 8006 3395 1986 1369 4611 1610 3001 763 2955 617 559 25543 25485 21892 3593 21732 21113 6866 494 6372 14247 1031 5423 4281
internal_count=51189 35597 35535 9992 9023 8260 8006 3395 1986 1369 4611 1610 3001 763 2955 617 559 25543 25485 21892 3593 21732 21113 6866 494 6372 14247 1031 5423 4281
is_linear=0
shrinkage=0.05


Tree=36
num_leaves=31
num_cat=0
split_feature=4 13 14 14 11 11 10 10 13 11 11 11 10 14 11 12 12 11 10 14 10 14 15 15 15 11 11 11 14 14
split_gain=21.1182 12.4119 9.79785 15.1112 12.4319 13.0737 12.123 11.0004 16.1448 14.944 14.3173 13.3518 13.3083 15.4197 17.8843 11.2781 17.179 12.5576 10.9152 14.8534 13.6626 10.919 10.8307 14.8214 14.7659 12.8043 19.056 19.3044 13.7694 11.4208
threshold=0.034728666577579358 49.655000686645515 -0.037511825146214865 -0.039568606403770572 -0.017638960680292966 -0.015698159014809029 0.0033239704024875531 -0.0064885643523325811 13.744999885559084 0.015047033906525955 -0.004779226382691181 0.0083817146667126714 -0.0051511191087051924 0.067441813523853492 -0.0042559728619938056 -0.031853242392431029 -0.02923523392979754 -0.010713711714103289 0.0012830359695055196 0.0037598780805861991 -0.0072745157566194698 0.060254427512154048 -0.0046722228005446889 -0.0030237587630782543 -0.0033677252785582197 0.015296140057879161 0.003505922146060048 0.0029094818078184708 -0.018785167459125836 0.044075030691926538
decision_type=2 2 2 2 2 2 2 2 2 2 2 2 2 2 2 2 2 2 2 2 2 2 2 2 2 2 2 2 2 2
left_child=2 -2 3 -1 6 -6 18 8 -7 10 -10 -12 13 -9 -15 17 -17 -14 19 -4 -21 -22 25 24 -24 26 27 -18 -28 -27
right_child=1 -3 4 -5 5 7 -8 12 9 -11 11 -13 15 14 -16 16 22 -19 -20 20 21 -23 23 -25 -26 29 28 -29 -30 -31
leaf_value=-7.2925523044806853e-07 5.5601932060839925e-05 0.0035642524515387681 -0.0001256643636054114 0.00016150515630975975 -0.00023755099223255101 0.00032260654316409966 -0.00015026223681853103 -0.0002102293325723614 -5.0594859936298416e-05 -0.00056720281721736674 0.00017867347103738161 -8.8689298052510059e-05 -0.00025419955962691993 -0.00047285634786997362 0.00038155496871862028 -0.00044704072872745978 1.5152589108311834e-05 0.0001812339362261892 0.00030539869904260388 9.7485019673423944e-06 7.5714732628914133e-05 0.00042808549058633694 -5.4193205835788363e-05 -4.4185532907033712e-05 -0.00030842465530237146 -6.4792949869533613e-05 -0.00041272919660818554 -0.00050688476307507002 0.00023202929941955349 -0.00071741512735330759
leaf_weight=7869 16394 55 346 652 305 163 256 1003 1462 79 1082 437 57 62 155 116 1103 425 141 1459 537 320 552 13930 427 343 58 164 1037 101
leaf_count=7869 16394 55 346 652 305 163 256 1003 1462 79 1082 437 57 62 155 116 1103 425 141 1459 537 320 552 13930 427 343 58 164 1037 101
internal_value=-0.000187904 0.00128731 -0.000888398 0.000583852 -0.00136868 -0.00176597 0.00162635 -0.00162814 0.00107819 0.000261438 0.000830258 0.00422976 -0.00207469 -0.00713115 0.00495392 -0.00173784 -0.00194184 0.00580913 0.0025776 0.0018595 0.00330311 0.00831389 -0.00181626 -0.00235261 -0.00829928 0.0010335 0.00249788 -0.00167719 0.00732877 -0.00675676
internal_weight=51090 16449 34641 8521 26120 23061 3059 22756 3223 3060 2981 1519 19533 1220 217 18313 17831 482 2803 2662 2316 857 17715 14909 979 2806 2362 1267 1095 444
internal_count=51090 16449 34641 8521 26120 23061 3059 22756 3223 3060 2981 1519 19533 1220 217 18313 17831 482 2803 2662 2316 857 17715 14909 979 2806 2362 1267 1095 444
is_linear=0
shrinkage=0.05


Tree=37
num_leaves=31
num_cat=0
split_feature=4 13 9 11 11 11 4 12 12 13 12 15 11 15 15 13 15 11 11 14 16 16 14 14 16 14 13 11 14 15
split_gain=23.6847 12.2592 10.3985 11.8585 8.53494 11.8044 8.52407 8.23773 15.6355 12.441 7.78859 7.73758 18.9166 16.0715 14.8639 14.7053 11.014 10.119 27.0547 15.466 11.1258 13.6144 10.3787 10.5753 8.67659 8.41286 11.097 10.3314 8.04778 8.61721
threshold=0.028925652519664221 49.655000686645515 0.12926062922860118 -0.014526452350843598 0.036250351573326463 0.035212880845506785 0.01591670672452877 0.048519167358985434 0.048426853318079395 12.119999885559084 0.12700675604743408 0.0081647516386068614 -0.023775986944761848 0.014478509545612141 0.002758709987229047 27.855000495910648 0.0083140359390915259 0.0021655828678432969 0.003505922146060048 -0.023371909944973176 0.0056315151293790952 0.014926226990776172 0.040467463007027978 -0.066405515647089006 -0.029885154720405756 0.005094684764536229 17.090000152587894 0.021459813769517781 -0.013975625369978871 0.019931461553697408
decision_type=2 2 10 2 2 2 2 2 2 2 2 2 2 2 2 2 2 2 2 2 2 2 2 2 2 2 2 2 2 2
left_child=6 2 4 -4 5 11 -1 8 -8 -9 -5 14 13 -13 17 16 -14 19 -19 -2 -20 -22 23 -23 -16 27 -27 -18 29 -29
right_child=1 -3 3 10 -6 -7 7 9 -10 -11 -12 12 15 -15 24 -17 25 18 20 -21 21 22 -24 -25 -26 26 -28 28 -30 -31
leaf_value=-5.6284010490794978e-05 0.00039151716116374947 0.0033598575451444959 0.00041593654569353593 7.5767190994980148e-05 -0.00011528814135531047 0.00077393501457263434 -1.341774749121635e-05 0.00031176182003324701 0.00051603399893820814 -7.8200192523610284e-05 -0.0010943678449426293 0.00024157098804845727 0.0005980098329939447 -0.00061611764590194067 0.00018517751633836618 0.0010149669455336977 6.0930362550384003e-05 -0.00050588379335774999 0.00027154178097619212 3.504296856723776e-05 -0.00026525859281593305 0.00077791294280879421 0.00026431075561228994 -9.3274733665282486e-05 -0.00016030042999875903 5.1432268387872302e-05 -0.00046535911353984098 -1.6949088328495604e-06 0.00072916302343390142 0.00068796654285195385
leaf_weight=2998 566 57 954 7238 1125 119 20041 118 123 3094 47 73 132 213 190 122 2791 405 619 4541 577 64 532 1139 2113 297 184 294 199 134
leaf_count=2998 566 57 954 7238 1125 119 20041 118 123 3094 47 73 132 213 190 122 2791 405 619 4541 577 64 532 1139 2113 297 184 294 199 134
internal_value=-0.000150199 0.000961577 0.000908059 0.00235769 0.000181082 0.000490068 -0.00119246 -0.000870551 -0.000495933 -0.00322229 0.00167124 0.000367139 0.00212323 -0.0103147 -0.000358273 0.00297977 0.00246217 0.000612934 -0.00152878 0.00201194 0.000145002 -0.00144896 0.000763689 -0.00180798 -0.0039188 0.00198128 -0.00420998 0.00285255 0.00865231 0.00478972
internal_weight=51099 24725 24668 8239 16429 15304 26374 23376 20164 3212 7285 15185 4439 286 10746 4153 4031 8443 3336 5107 2931 2312 1735 1203 2303 3899 481 3418 627 428
internal_count=51099 24725 24668 8239 16429 15304 26374 23376 20164 3212 7285 15185 4439 286 10746 4153 4031 8443 3336 5107 2931 2312 1735 1203 2303 3899 481 3418 627 428
is_linear=0
shrinkage=0.05


Tree=38
num_leaves=31
num_cat=0
split_feature=4 16 14 14 13 11 10 11 13 13 16 14 12 16 10 12 9 11 14 10 12 11 15 13 13 15 11 15 11 12
split_gain=21.3628 11.4306 10.3799 15.7062 15.0559 13.0996 12.0547 11.0142 10.5405 21.3623 16.1833 15.1274 9.55973 10.6144 12.3137 10.6692 9.38748 9.00881 8.9788 20.9604 31.0903 17.3439 17.132 14.0115 13.4509 12.7975 12.2707 11.1811 10.6678 9.86141
threshold=0.038161483404937149 -0.062749583771881765 -0.037511825146214865 -0.039568606403770572 13.869999885559084 -0.017638960680292966 0.0033239704024875531 -0.018660879963565243 13.525000095367433 12.994999885559084 0.0056315151293790952 -0.054805799949304061 0.10123019596275297 0.054779551976547831 0.013844787315234976 0.092854757865130991 0.28248849232712386 -0.016157926908067829 -0.067583665573298909 0.0077313618831305062 0.055910575939094771 0.0047087702577918175 0.016455068728796322 16.355000495910648 20.335000038146976 0.0024412422748563149 0.041951569626952907 -0.0075734906131195148 0.0056453064529209404 0.078665433833488688
decision_type=2 2 2 2 2 2 2 2 2 2 2 2 2 2 2 2 8 2 2 2 2 2 2 2 2 2 2 2 2 2
left_child=2 -2 3 8 -5 6 7 -4 9 10 -1 -12 13 14 15 17 -3 -7 25 22 21 24 27 -23 -21 -10 29 -20 -25 -27
right_child=1 16 5 4 -6 12 -8 -9 18 -11 11 -13 -14 -15 -16 -17 -18 -19 19 20 -22 23 -24 28 -26 26 -28 -29 -30 -31
leaf_value=-0.00024328171955632704 0.00057373108600824714 7.9592047955122369e-06 4.1828557417567148e-05 -0.0001145884526968487 0.0002621585028917865 -0.00024208643100886033 -0.00017244200830073919 0.0002589109817948518 0.00025610052897603007 0.00023667471090519775 -0.00012906236219075302 0.00040783859337082578 -0.00019341474263530356 7.6583030943331266e-05 -0.00036896452040049266 0.00042156897682290467 0.00015555430047897178 -3.8128085757645551e-05 -0.00036757664907358665 0.00049494343575250805 -0.00032010374157730582 -7.2237569304776491e-05 -0.00065958014379762723 -0.00024148265036993315 -0.00043040196511695723 -1.3790814935728691e-05 0.00064705128343475055 -7.1697391996549886e-05 0.00024149386893165033 0.00037372430631635279
leaf_weight=225 440 7432 2937 103 625 230 267 253 238 597 209 172 461 1169 162 117 5052 23097 96 322 281 529 154 63 51 3281 98 2032 329 127
leaf_count=225 440 7432 2937 103 625 230 267 253 238 597 209 172 461 1169 162 117 5052 23097 96 322 281 529 154 63 51 3281 98 2032 329 127
internal_value=-0.000132456 0.00162488 -0.000726619 0.000702896 0.00776099 -0.00120151 0.00168499 0.00253918 0.000119264 0.004468 -0.00214521 0.00413386 -0.00159693 -0.00146418 -0.00169448 -0.00159956 0.00134572 -0.0016751 -0.000569004 -0.00226212 0.0021746 0.00544822 -0.00532428 0.00176439 0.0145442 0.00117521 0.000413577 -0.00415883 0.00892857 -8.80282e-05
internal_weight=51149 12924 38225 9532 728 28693 3457 3190 8804 1203 606 381 25236 24775 23606 23444 12484 23327 7601 3857 1575 1294 2282 921 373 3744 3506 2128 392 3408
internal_count=51149 12924 38225 9532 728 28693 3457 3190 8804 1203 606 381 25236 24775 23606 23444 12484 23327 7601 3857 1575 1294 2282 921 373 3744 3506 2128 392 3408
is_linear=0
shrinkage=0.05


Tree=39
num_leaves=31
num_cat=0
split_feature=5 4 6 11 10 14 12 10 14 12 14 12 11 11 9 12 10 8 10 12 13 11 11 3 6 14 8 12 13 10
split_gain=17.9608 14.153 9.26773 8.22239 12.1751 7.9733 7.37902 6.35255 7.65084 10.6734 7.28779 9.25419 7.21077 7.46379 7.38691 6.91437 9.16918 8.11373 7.72087 7.46828 6.68964 10.8401 6.23426 6.14292 6.08016 7.45416 5.96125 5.87622 8.03786 6.8445
threshold=0.013402785243024174 0.069709672040587811 0.13895152458766385 0.036250351573326463 0.0037112028272787705 -0.16769008837329388 0.0094949171636059555 -0.0061038780912164295 -0.042495657697534488 0.078665433833488688 -0.0023991033821552095 0.029689581325769047 -0.013624952987961734 0.0069117113136190076 -0.33561249967207124 0.0053623810378563572 -0.0055253189012470774 -0.278929368744537 -0.0048549275429384245 0.0027925982816148225 38.065000534057624 -0.043674056524097109 -0.055970636302615777 0.0059778392960562208 -0.57469352793819106 -0.034191014747727892 -0.012325196550308391 0.012875876838212565 17.494999885559086 0.0086193521775437282
decision_type=2 2 2 2 2 2 2 2 2 2 2 2 2 2 10 2 2 10 2 2 2 2 2 2 2 2 10 2 2 2
left_child=24 2 3 5 6 -2 -5 10 9 12 -4 20 14 27 -9 16 -10 -17 -18 -20 21 -12 -3 -16 -1 -26 -25 29 -29 -14
right_child=1 22 7 4 -6 -7 -8 8 15 -11 11 -13 13 -15 23 17 18 -19 19 -21 -22 -23 -24 26 25 -27 -28 28 -30 -31
leaf_value=-5.6731869682282261e-05 0.00034655098925280223 0.0024393904235656496 -0.00034609263677426493 0.00023298512071602803 -0.00018547102631112137 -4.315266809639361e-06 -0.00014860445490593629 -0.0007620476197386022 -0.00033676448723984876 0.00066256888002184553 -0.00090465162694579023 0.00036430287818793068 4.1471222336125337e-05 5.7701500133481357e-06 -0.00015499970068035451 -0.00046501960728195644 0.00068585519854860461 -2.1792078639471058e-05 6.5332749573259125e-05 0.00041998466563940436 0.0007098174425570758 0.00010296972663813064 0.00032657677253113842 -0.0001560077204531437 2.2606338391532606e-05 -3.6096337821547172e-05 0.00066603884380733117 0.00017128333825493607 -0.00021451314690141963 0.00045361361783090716
leaf_weight=3852 119 52 80 239 852 22435 116 54 74 186 79 401 228 1166 222 123 95 5361 1158 127 129 1858 1540 63 2526 6941 56 425 115 476
leaf_count=3852 119 52 80 239 852 22435 116 54 74 186 79 401 228 1166 222 123 95 5361 1158 127 129 1858 1540 63 2526 6941 56 425 115 476
internal_value=-8.21146e-05 0.000473843 0.000271132 -0.000308278 -0.00432891 -9.31099e-05 0.0034507 0.00137464 0.000803203 0.00291708 0.00360228 0.00408391 0.00214795 0.00317427 -0.00411392 -0.0001081 0.00295736 -0.000920861 0.00387681 0.00285992 0.00273475 0.00200052 0.00508794 -0.00139296 -0.00166116 -0.000979719 0.00777311 0.00586817 0.00194444 0.00887784
internal_weight=51148 37829 36237 23761 1207 22554 355 12476 9929 2991 2547 2467 2805 2410 395 6938 1454 5484 1380 1285 2066 1937 1592 341 13319 9467 119 1244 540 704
internal_count=51148 37829 36237 23761 1207 22554 355 12476 9929 2991 2547 2467 2805 2410 395 6938 1454 5484 1380 1285 2066 1937 1592 341 13319 9467 119 1244 540 704
is_linear=0
shrinkage=0.05


Tree=40
num_leaves=31
num_cat=0
split_feature=4 13 4 11 5 11 11 11 8 12 13 14 13 10 10 15 14 14 11 15 13 9 0 13 14 14 14 12 9 15
split_gain=19.9228 10.7396 9.94958 8.01892 7.77845 7.77201 9.32583 11.2437 7.69935 11.4375 11.4406 11.1072 16.2693 7.67148 7.57288 10.3623 9.71517 12.8373 9.05036 8.96396 7.42711 7.52474 7.19586 7.10944 7.27052 7.01074 16.9669 9.15397 8.1104 9.17742
threshold=0.034728666577579358 49.655000686645515 0.080289648578235048 0.050492682028646547 0.010385270066945609 0.037714615631601174 0.030023706466371539 0.027231937128701426 0.36626542103403231 -0.052281388412141021 19.98499965667725 -0.040461984062780003 19.105000495910648 0.069033394894507452 -0.013327773622425541 -0.018121212412782247 0.13795776446892064 0.11013706290812876 -0.022672230022230119 -0.046215760253004327 16.98499965667725 -0.42553802625126236 -0.015790911102764312 20.335000038146976 -0.034191014747727892 0.08366532037956588 0.081923980519954323 0.051085091732355654 -0.19530396244296325 0.0039369828919734182
decision_type=2 2 2 2 2 2 2 2 8 2 2 2 2 2 2 2 2 2 2 2 2 10 2 2 2 2 2 2 10 2
left_child=3 2 5 4 -1 6 7 13 14 -10 11 -11 -13 -2 15 18 17 25 19 -6 -8 -22 -18 -12 -25 26 -16 28 -27 -30
right_child=1 -3 -4 -5 8 -7 20 -9 9 10 23 12 -14 -15 16 -17 22 -19 -20 -21 21 -23 -24 24 -26 27 -28 -29 29 -31
leaf_value=-4.7645973723665956e-05 5.6362532826544862e-05 0.0031955124923816803 0.00051656544813096406 -0.00016510743897039877 -0.00074720897067022038 -9.8591721232032395e-05 -3.2545438383974928e-05 -0.00036102076550548098 0.00048597064841160003 0.00020750443108263751 -0.00060365687814024666 -0.00032864529854032535 0.00011934304125194198 -0.00036205254007210642 -9.6039260733309973e-06 0.00020101198799992072 0.00042253029858668235 -0.00020121677378505572 -7.1432126799960563e-05 0.00025631859533176686 -0.00036067452156853593 0.00057809931871886076 4.8916196807840536e-05 -0.00068806835605547591 -7.0643681800912217e-05 0.00023000811149262139 -0.00048722639065715886 0.00047610448642266862 -6.6936243910524764e-05 0.00029314109065967363
leaf_weight=4252 13739 56 787 179 40 965 196 251 42 182 85 235 178 54 25741 374 115 401 742 319 45 380 154 91 458 240 156 81 437 88
leaf_count=4252 13739 56 787 179 40 965 196 251 42 182 85 235 178 54 25741 374 115 401 742 319 45 380 154 91 458 240 156 81 437 88
internal_value=-7.58866e-05 0.00135525 0.00128068 -0.000757444 -0.000702537 0.00100448 0.00129049 0.00102535 -0.000420273 -0.00422895 -0.00510578 -0.00012605 -0.00466102 0.0012162 -0.0002527 0.00323729 -0.000440484 -0.000534188 0.000794732 0.00731198 0.00728663 0.011 0.00901487 -0.00977918 -0.00769581 -0.00040104 -0.000547361 0.00407801 0.00238562 -0.00109524
internal_weight=51063 16473 16417 34590 34411 15630 14665 14044 30159 1271 1229 595 413 13793 28888 1475 27413 27144 1101 359 621 425 269 634 549 26743 25897 846 765 525
internal_count=51063 16473 16417 34590 34411 15630 14665 14044 30159 1271 1229 595 413 13793 28888 1475 27413 27144 1101 359 621 425 269 634 549 26743 25897 846 765 525
is_linear=0
shrinkage=0.05


Tree=41
num_leaves=31
num_cat=0
split_feature=5 13 5 13 13 13 13 13 11 16 16 16 13 15 11 12 12 12 3 14 16 13 13 16 13 13 16 16 13 11
split_gain=18.032 10.2181 9.56028 7.66501 6.57065 18.8574 11.7932 10.0749 6.25975 9.32873 8.01979 13.9749 12.7875 11.7314 13.7207 13.6763 12.6401 11.3748 7.73421 7.71663 7.58096 8.18272 7.2768 7.11856 10.9338 9.00528 6.93605 13.1035 17.2458 10.5037
threshold=0.016751940301935418 49.655000686645515 0.044494973811500728 25.505000114440922 28.970000267028812 30.345000267028812 25.505000114440922 30.750000000000004 0.037714615631601174 0.088128235511908751 0.043555100389504948 0.034526607676413919 24.385000228881839 0.0012438588386154417 0.031976499172701407 0.011040708270440904 0.020012431826022529 0.066825608086901869 -0.0053151363295894085 0.26245601507157795 0.029858517991518844 14.72499990463257 21.82499980926514 0.03825472993959967 18.015000343322757 16.775000572204593 0.0038520990761102829 0.014926226990776172 16.675000190734867 0.013609054079026685
decision_type=2 2 2 2 2 2 2 2 2 2 2 2 2 2 2 2 2 2 2 2 2 2 2 2 2 2 2 2 2 2
left_child=3 2 4 -1 6 -6 8 -7 10 -10 11 17 23 18 15 -15 -16 19 -12 20 26 -22 -19 -13 25 -25 -2 28 29 -28
right_child=1 -3 -4 -5 5 7 -8 -9 9 -11 13 12 -14 14 16 -17 -18 22 -20 -21 21 -23 -24 24 -26 -27 27 -29 -30 -31
leaf_value=-2.3378027048053581e-05 3.9969526358170533e-05 0.0036499315810641845 0.00043273730196381451 0.00017419384641019272 -0.00064273463573190056 0.00085627577895216404 0.00025371741855899322 -3.8671807580270211e-05 -0.00013847722024273846 0.000295661070547929 0.00061862532916662292 -0.00025128752837188221 0.00070116447648717805 0.00041993406096834247 -4.1524194707929586e-05 -0.00013357273102901972 0.00066902782349399195 0.00013837847979054213 0.00016622628929551279 0.001055932936678402 -0.00012203103463614466 0.00032474991548953318 0.00060145741844422243 -8.4325314274121257e-05 -0.00035273960842091773 0.0002665681985264704 7.7948493686872802e-05 3.5118300888208878e-05 -0.00028638552115372234 -0.00020724128887839033
leaf_weight=24271 10377 59 992 330 199 95 803 478 932 135 177 775 44 152 156 935 257 667 197 73 198 548 162 467 219 221 1441 3872 1536 365
leaf_count=24271 10377 59 992 330 199 95 803 478 932 135 177 775 44 152 156 935 257 667 197 73 198 548 162 467 219 221 1441 3872 1536 365
internal_value=-7.87163e-05 0.000825418 0.000779096 -0.00105382 0.000591617 -0.00395078 0.000733538 0.00065445 0.000533339 -0.00320993 0.000708218 0.000428094 -0.00388181 0.00384205 0.00186667 -0.00108096 0.0096247 0.000814751 0.0117647 0.000556763 0.000492174 0.00542895 0.00654403 -0.00457788 -0.00157111 0.00152616 0.000282815 -0.000907957 -0.00320168 0.000110742
internal_weight=51133 26532 26473 24601 25481 772 24709 573 23906 1067 22839 20965 1726 1874 1500 1087 413 19239 374 18410 18337 746 829 1682 907 688 17591 7214 3342 1806
internal_count=51133 26532 26473 24601 25481 772 24709 573 23906 1067 22839 20965 1726 1874 1500 1087 413 19239 374 18410 18337 746 829 1682 907 688 17591 7214 3342 1806
is_linear=0
shrinkage=0.05


Tree=42
num_leaves=31
num_cat=0
split_feature=9 11 6 11 10 10 10 11 15 15 10 10 11 15 9 10 15 11 15 16 14 14 16 16 16 15 10 15 15 15
split_gain=16.8617 14.7655 10.7064 10.5959 18.4892 28.9705 16.5674 15.1182 14.3711 16.964 12.6592 15.4555 11.7891 11.4329 16.5211 14.8444 10.687 17.4956 20.5946 18.7621 17.1886 15.2274 13.7129 17.6843 15.5841 13.0056 31.316 22.0534 16.9673 15.526
threshold=0.27781806788679791 -0.015698159014809029 1.8371877626796886 -0.017638960680292966 0.0040309236924269696 0.0063549494884102007 -0.0014592153640105574 -0.016157926908067829 0.0081647516386068614 0.0089040322559191826 -0.0024053740640374572 -0.0072745157566194698 0.0021655828678432969 0.021831788599057104 -0.12455015748623476 0.0080340487242571718 0.002758709987229047 0.014880689278647387 -0.0048669380085034067 0.02629746337167416 -0.042495657697534488 0.0012326341754252958 -0.010788204628560836 -0.0017475466136001037 0.022075777860051552 0.0011157674893422789 -0.0027125787190910851 -0.00055492739148838 0.00052216297545348855 -0.0014701475384556459
decision_type=10 2 2 2 2 2 2 2 2 2 2 2 2 2 8 2 2 2 2 2 2 2 2 2 2 2 2 2 2 2
left_child=2 -2 3 4 6 -6 10 -5 16 12 11 -1 -10 14 -11 -16 17 19 -19 25 -20 22 -18 -24 -25 27 -27 29 -29 -9
right_child=1 -3 -4 7 5 -7 -8 8 9 13 -12 -13 -14 -15 15 -17 21 18 20 -21 -22 -23 23 24 -26 26 -28 28 -30 -31
leaf_value=1.0604187802095182e-05 0.00063121336311869206 5.810530146571616e-05 7.2706508180447448e-05 -0.00025485229034783417 -0.00046058916999186121 3.6779857631057427e-05 0.00025643834552197318 -1.9618741015539187e-05 -0.0001262510172755289 0.0002231182936146806 -0.00014021324993217615 0.00022348398527087716 0.00028901729097498816 -9.4685497616278267e-05 -5.9653668787553772e-05 5.3245146982511133e-05 -0.00045557835837013765 -0.00033505410821665612 0.00024983449477748216 0.00020948997339605298 -6.9352506132110746e-05 7.7261601566013499e-06 9.1273083403719225e-05 -0.00019162267218013129 -5.3514564068745959e-05 -0.00024318381039978664 0.00011799302558687005 -0.00023598068756006856 -1.0272116076786437e-05 0.00018874824042285052
leaf_weight=2502 542 6235 3340 300 332 698 718 9013 171 993 420 957 714 1782 3528 3544 363 847 296 658 2507 1920 644 1768 2009 291 1796 885 613 629
leaf_count=2502 542 6235 3340 300 332 698 718 9013 171 993 420 957 714 1782 3528 3544 363 847 296 658 2507 1920 644 1768 2009 291 1796 885 613 629
internal_value=-9.06596e-05 0.00223181 -0.000446449 -0.000668737 0.00134619 -0.00470874 0.00270285 -0.00099019 -0.000894312 0.00062896 0.00141145 0.00240676 0.00725989 3.3005e-05 0.00083385 -1.41403e-05 -0.00156875 -0.000919589 -0.004 -0.000109831 -0.00193543 -0.00326671 -0.00477634 -0.00400927 -0.00531506 -0.00051977 0.00310254 -0.00119838 -0.00684246 -0.00032151
internal_weight=51015 6777 44238 40898 5627 1030 4597 35271 34971 10732 3879 3459 885 9847 8065 7072 24239 17535 3650 13885 2803 6704 4784 4421 3777 13227 2087 11140 1498 9642
internal_count=51015 6777 44238 40898 5627 1030 4597 35271 34971 10732 3879 3459 885 9847 8065 7072 24239 17535 3650 13885 2803 6704 4784 4421 3777 13227 2087 11140 1498 9642
is_linear=0
shrinkage=0.05


Tree=43
num_leaves=31
num_cat=0
split_feature=5 6 12 13 4 13 13 11 12 14 12 10 13 12 12 12 10 10 8 10 13 13 13 14 13 10 10 14 11 11
split_gain=16.84 10.7227 8.58794 9.64814 7.82799 7.20687 7.12073 6.88822 15.7752 15.1163 14.3686 15.8528 12.6821 17.4719 16.6786 16.3318 19.3704 10.9284 10.3807 10.2836 10.0107 9.93118 8.14851 8.10178 16.9006 15.078 23.8474 13.1266 19.8879 19.4024
threshold=0.028050557756837343 1.2268632233936434 -0.075828254732232245 28.970000267028812 0.014667731131161153 26.494999885559086 35.690000534057624 -0.007246212580143351 0.054230136510325939 0.14158374350827677 0.027728982804785422 -0.0069332481569183138 15.784999847412111 0.00075809453830288931 -0.0080789894590868033 -0.025044088341744538 -0.017312021268647334 0.00057746953586101945 -0.20032853649179302 -0.015857529403489442 18.154999732971195 19.055000305175785 15.105000019073488 0.013234785210327617 14.404999732971193 -0.0014016690125979168 -0.0064885643523325811 -0.00071597997566119609 0.01613839302739695 -0.0031311612165533238
decision_type=2 2 2 2 2 2 2 2 2 2 2 2 2 2 2 2 2 2 10 2 2 2 2 2 2 2 2 2 2 2
left_child=1 4 -2 5 -1 -4 -5 8 10 19 12 -12 13 -6 15 16 -14 -16 -19 -9 -17 -20 -15 27 25 26 -25 -21 29 -29
right_child=2 -3 3 6 7 -7 -8 9 -10 -11 11 -13 14 22 17 20 -18 18 21 23 -22 -23 -24 24 -26 -27 -28 28 -30 -31
leaf_value=-6.6487622408471431e-05 0.00079234682633700336 5.1050739717130574e-05 0.00011919802617326223 -0.00032025709113615576 0.00014323120069564206 0.0007330412600302993 0.00018275311619957645 0.00050467742386139589 -0.00019646069279325706 0.00027083057722299223 -9.6407119466673411e-05 0.00036726599326580107 -0.00029368026880826356 -0.0001046476695428132 0.00016743233944131595 -0.00029919017678748771 6.7176010395869626e-05 -0.00064471988901232229 -6.3937512341414067e-05 -2.8314363523587565e-05 -7.8743345990687626e-05 0.00022149523750780205 -0.0004374034157359268 0.00014003903288926494 -3.1103702276247474e-05 -6.199874896497798e-05 -0.00032297345170366433 -0.00042661013514926023 -6.6832680539207832e-05 0.00017260144322168004
leaf_weight=1423 290 5741 5677 291 268 197 109 94 270 228 180 367 425 375 2059 166 2511 55 640 16619 1070 366 265 142 5938 1120 899 164 1114 1917
leaf_count=1423 290 5741 5677 291 268 197 109 94 270 228 180 367 425 375 2059 166 2511 55 640 16619 1070 366 265 142 5938 1120 899 164 1114 1917
internal_value=-8.63084e-05 -0.000435654 0.00227757 0.00188875 -0.000734971 0.00240041 -0.005625 -0.000595941 0.000607186 -0.000980166 0.00097462 0.00882084 0.00045122 -0.00512115 0.00114509 -0.000922819 0.00110695 0.00391026 -0.000212064 -0.00108455 -0.00574434 0.000944334 -0.00960938 -0.00114015 -0.00247253 -0.00625868 -0.0105908 -0.000595539 0.00233959 0.00522585
internal_weight=50980 44416 6564 6274 38675 5874 400 37252 9017 28235 8747 547 8200 908 7292 4172 2936 3120 1061 28007 1236 1006 640 27913 8099 2161 1041 19814 3195 2081
internal_count=50980 44416 6564 6274 38675 5874 400 37252 9017 28235 8747 547 8200 908 7292 4172 2936 3120 1061 28007 1236 1006 640 27913 8099 2161 1041 19814 3195 2081
is_linear=0
shrinkage=0.05


Tree=44
num_leaves=31
num_cat=0
split_feature=4 13 8 15 14 14 13 3 13 15 12 15 13 15 14 11 16 6 12 12 13 12 13 15 15 16 14 14 16 14
split_gain=16.8216 8.64973 6.66428 6.96487 8.5323 10.6951 7.3476 8.93811 7.55348 7.29086 7.56782 7.16742 6.78974 8.8534 8.50761 7.88165 7.64734 6.63305 6.57754 11.2335 6.29432 11.4241 8.08528 7.32101 11.5094 9.6938 9.47228 11.6282 8.92335 7.54661
threshold=0.034728666577579358 49.655000686645515 0.051035057512527134 0.030837406373151802 -0.093449770795740669 -0.091137781806863202 24.385000228881839 0.019476354027765822 22.330000877380375 0.0044689216555962039 -0.080083523859072289 0.014478509545612141 16.085000038146976 0.001363623949622639 0.068989760976132977 0.045591132552592513 0.042975623023009397 -0.57469352793819106 -0.062212446145613214 -0.049048441539310476 19.010000228881839 -0.031853242392431029 17.875000000000004 -0.0035140668792823511 -0.0030237587630782543 0.027199960789394798 0.00619378828642947 -0.0052640766517011986 0.017182420175372529 0.0080830591469587282
decision_type=2 2 10 2 2 2 2 2 2 2 2 2 2 2 2 2 2 2 2 2 2 2 2 2 2 2 2 2 2 2
left_child=17 2 3 4 9 -6 8 -8 18 -2 -11 -10 -4 16 15 -15 -14 20 -7 -20 21 -1 23 25 -25 26 27 -23 29 -28
right_child=1 -3 12 -5 5 6 7 -9 11 10 -12 -13 13 14 -16 -17 -18 -19 19 -21 -22 22 -24 24 -26 -27 28 -29 -30 -31
leaf_value=9.4737322961884054e-05 0.00066271396781031615 0.0032977594386519476 1.2660022882622809e-05 -0.00025846520860683383 -0.0005717650675494296 -0.00029076089428543069 6.4123480406989847e-05 0.00076212523220284029 -8.6765988631291619e-05 0.00093952808621735164 6.2038160503828305e-05 -0.00086830196397204859 0.0003034943663279979 0.0001311838384497349 -0.00091693204522365086 -0.00048468351412237956 0.00067901524975558605 -6.4839562407277569e-06 0.00059395646932366162 4.5694476590533301e-06 1.005111549040095e-05 -4.7518754083873857e-05 -0.00018291765435863368 -0.00028709360902492233 -5.5226636607927895e-05 0.00032738787379663965 -0.00037476959434408204 0.00023115195506404366 -0.00067791966171892838 -2.4379212989626439e-05
leaf_weight=496 110 57 2135 323 92 174 1407 141 550 59 733 70 1464 2031 80 95 160 24306 109 6637 1990 283 703 222 5339 155 55 224 46 919
leaf_count=496 110 57 2135 323 92 174 1407 141 550 59 733 70 1464 2031 80 95 160 24306 109 6637 1990 283 703 222 5339 155 55 224 46 919
internal_value=-0.00014805 0.00117033 0.00110263 0.000338779 0.000570323 0.000114379 0.000286092 0.00342377 -0.00035809 0.00521064 0.00353535 -0.00564516 0.00243504 0.00369452 0.00163191 0.00223424 0.00649631 -0.000771489 0.000115607 0.000363178 -0.00182611 -0.00242241 -0.00288195 -0.00238506 -0.00325931 0.000505351 -0.000703995 0.00488166 -0.00348039 -0.00246407
internal_weight=51165 16427 16370 10405 10082 9180 9088 1548 7540 902 792 620 5965 3830 2206 2126 1624 34738 6920 6746 10432 8442 7946 7243 5561 1682 1527 507 1020 974
internal_count=51165 16427 16370 10405 10082 9180 9088 1548 7540 902 792 620 5965 3830 2206 2126 1624 34738 6920 6746 10432 8442 7946 7243 5561 1682 1527 507 1020 974
is_linear=0
shrinkage=0.05


Tree=45
num_leaves=31
num_cat=0
split_feature=5 6 5 12 10 10 15 14 14 11 15 9 14 11 10 14 9 15 16 11 16 14 9 12 16 5 12 10 16 16
split_gain=13.1888 12.4169 9.29837 6.8768 10.0456 15.4047 16.7598 7.43546 7.37034 7.15557 6.58567 8.77816 6.5839 6.48317 6.47523 6.38824 10.5188 7.00513 7.72359 8.81579 10.5526 7.59191 7.95344 6.53654 7.34022 5.9826 5.77214 5.76869 10.0771 10.1671
threshold=0.044494973811500728 -0.18417679314858151 0.021844927716509102 0.016981710951886612 0.0086193521775437282 0.013109315021302749 0.013249946087636856 0.08366532037956588 0.079538209541853658 0.0023966928807116488 0.011820084506755981 0.020901337441437965 -0.073050802278400592 0.01314891866926249 0.069033394894507452 -0.077913276979976895 -0.19530396244296325 0.012935024954175202 0.043555100389504948 0.034590351886677258 0.032039212360379883 -0.034658988562555441 0.17494926309702621 0.025371474284221155 0.0058507518293452474 0.0097619909836328452 -0.01880570925502428 -0.017312021268647334 -0.032598786515004856 -0.035275543581110617
decision_type=2 2 2 2 2 2 2 2 2 2 2 8 2 2 2 2 10 2 2 2 2 2 10 2 2 2 2 2 2 2
left_child=1 25 3 4 10 6 -6 8 15 -10 -3 -12 -7 -13 -4 16 -5 18 19 20 21 22 23 -17 -25 -1 -8 -27 29 -29
right_child=-2 2 14 7 5 12 26 -9 9 -11 11 13 -14 -15 -16 17 -18 -19 -20 -21 -22 -23 -24 24 -26 27 -28 28 -30 -31
leaf_value=-6.1606370566539659e-05 0.00040756389813539673 1.9516429921483377e-05 0.00012191974645302771 0.00043918151711807142 -1.168901619357076e-05 -0.00011706054529374475 8.3423957799844486e-05 0.00012620929549455066 -0.00057198026728398014 -1.004738854324225e-05 8.6395192380596874e-05 -0.00031642996306468986 0.00015237378114011762 0.00025161944910265499 -0.0002927017421071576 -0.00022159018700537936 2.3321406069027556e-06 -9.5049214011883916e-05 0.00010551998774057216 0.00030291029340995832 -0.00017491695844669918 -4.0998000581867578e-05 0.00028810464002626334 0.0001958480801581205 -6.6355024607059592e-05 -0.00019814241961210174 0.00044025182692545732 3.2394408597959634e-05 -2.6863446108440831e-05 0.00036327690786354161
leaf_weight=1416 1006 5749 6073 168 287 358 117 544 114 90 158 278 178 53 49 139 520 1485 727 131 608 4874 246 330 275 374 464 1823 22220 254
leaf_count=1416 1006 5749 6073 168 287 358 117 544 114 90 158 278 178 53 49 139 520 1485 727 131 608 4874 246 330 275 374 464 1823 22220 254
internal_value=-0.000101745 -0.00021556 0.00060483 2.93411e-05 0.00116462 0.00498575 0.00910138 -0.000816993 -0.00113578 -0.0105392 0.000304585 -0.00526585 -0.0016791 -0.00989426 0.00228683 -0.000933916 0.0037064 -0.00129609 -0.000661664 -0.00120021 -0.00146014 -0.000810027 0.00318182 0.000604839 0.00285124 -0.00097079 0.0139845 -0.000789388 -0.00069453 0.00263601
internal_weight=51108 50102 24015 17893 7642 1404 868 10251 9707 204 6238 489 536 331 6122 9503 688 8815 7330 6603 6472 5864 990 744 605 26087 581 24671 24297 2077
internal_count=51108 50102 24015 17893 7642 1404 868 10251 9707 204 6238 489 536 331 6122 9503 688 8815 7330 6603 6472 5864 990 744 605 26087 581 24671 24297 2077
is_linear=0
shrinkage=0.05


Tree=46
num_leaves=31
num_cat=0
split_feature=4 6 16 12 14 9 4 10 10 12 10 0 12 14 15 14 12 14 16 10 16 14 15 10 14 12 14 12 16 14
split_gain=12.9226 8.79334 7.66027 7.51353 10.6587 7.41717 7.28545 6.78765 10.7868 13.3961 7.68005 8.02069 5.98718 7.82165 8.77105 7.25244 9.53305 7.58106 7.36914 8.72755 6.78545 6.25374 6.5401 6.23271 6.18358 10.8037 6.11158 17.5543 5.93758 16.7754
threshold=0.046543141151139951 1.8371877626796886 -0.089491640519055657 0.10123019596275297 -0.042495657697534488 0.52498199247852673 0.023031511615267689 0.013844787315234976 0.012020703086552011 0.057873596393828615 0.017875641087257036 0.010177807026213738 -0.062212446145613214 -0.069744182185856193 0.0024412422748563149 -0.05546753287916955 -0.049048441539310476 -0.056340529311790281 -0.03602442714729303 0.0091157700665586167 -0.03107418430642683 -0.052571714153923192 0.0025696320638911589 0.0022948798930048091 -0.015155298785694047 -0.067575667738432196 -0.051474636784154308 0.013329903509770149 -0.032598786515004856 -0.017113211502094435
decision_type=2 2 2 2 2 8 2 2 2 2 2 2 2 2 2 2 2 2 2 2 2 2 2 2 2 2 2 2 2 2
left_child=1 3 -2 6 -5 -4 -1 8 12 -10 11 -9 24 14 -14 17 20 18 -15 23 -17 22 -18 -20 -8 -26 27 -23 29 -28
right_child=2 -3 5 4 -6 -7 7 10 9 -11 -12 -13 13 15 -16 16 21 -19 19 -21 -22 26 -24 -25 25 -27 28 -29 -30 -31
leaf_value=-2.807589694010656e-05 0.001322536259238458 5.557103083612507e-05 2.4502745689535151e-05 0.00039023579413221583 -0.00017497283852200524 0.00026624876998591028 -0.00029565284779652285 2.9776533979416871e-05 0.00051173716468528023 -5.2754384043504026e-05 2.6473131571914858e-05 -0.000230063686987168 0.00039322424550731469 -0.0005351061103978735 5.3654097788034301e-05 -0.00010570065295963374 0.00035177735010534196 -0.00051222188697148464 9.6139728411924659e-05 0.00056442362267557363 0.00029476332067601848 -0.00046563306943995478 4.970665194451848e-05 -0.0001610810341612235 8.3330238277314197e-05 -0.00052872246428848832 0.00028488463983098003 0.00018226357531499456 -1.3629772560091146e-05 1.0569082875072981e-05
leaf_weight=13992 130 3433 4578 50 573 2333 151 195 310 177 548 573 154 63 1680 95 98 96 154 91 338 128 273 610 320 138 297 101 17797 1592
leaf_count=13992 130 3433 4578 50 573 2333 151 195 310 177 548 573 154 63 1680 95 98 96 154 91 338 128 273 610 320 138 297 101 17797 1592
internal_value=-0.000167424 -0.000485498 0.00182147 -0.000690989 -0.00613965 0.00159528 -0.000606064 -0.000110666 7.60248e-05 0.00744353 -0.00360942 -0.00683594 -7.23858e-05 5.41011e-05 0.00318975 -0.000210509 -8.44635e-06 -0.00433925 -0.00294118 -0.00172515 0.00733256 -0.000165139 0.00626685 -0.00346859 -0.00496716 -0.00207424 -0.000284961 -0.00840611 -0.000190491 0.00247485
internal_weight=51068 44027 7041 40594 623 6911 39971 25979 24663 487 1316 768 24176 23567 1834 21733 20719 1014 918 855 433 20286 371 764 609 458 19915 229 19686 1889
internal_count=51068 44027 7041 40594 623 6911 39971 25979 24663 487 1316 768 24176 23567 1834 21733 20719 1014 918 855 433 20286 371 764 609 458 19915 229 19686 1889
is_linear=0
shrinkage=0.05


Tree=47
num_leaves=31
num_cat=0
split_feature=4 6 16 10 9 10 16 13 13 13 14 14 11 14 13 13 5 10 11 13 0 14 16 10 10 10 14 11 10 16
split_gain=14.3245 10.1167 9.41963 9.14465 8.85195 6.70591 11.5315 8.70869 7.98311 11.647 7.88649 8.25995 7.08305 6.77158 6.66999 6.36567 6.16252 6.04366 7.51497 9.99254 5.65235 5.62311 5.61023 5.42138 10.1727 6.2358 8.96531 7.82186 7.9544 6.50678
threshold=0.069709672040587811 1.8371877626796886 -0.062749583771881765 -0.029463617054616639 0.19231465195682798 -0.0072745157566194698 -0.03107418430642683 15.944999694824221 15.025000095367433 13.444999694824221 -0.043135883928100298 -0.035714459440522088 -0.023324980459216712 0.16537685982304043 12.88000011444092 15.085000038146974 0.016751940301935418 -0.0040528698401939281 0.012360960719592808 13.13000011444092 -0.0076676979186608421 0.009860755526874045 -0.038655516264954108 -0.0052046497537361893 -0.0056282491919848457 0.00044089291237869871 0.060254427512154048 0.0038135025222709733 -0.0012320349976599474 0.0042161092676532572
decision_type=2 2 2 2 10 2 2 2 2 2 2 2 2 2 2 2 2 2 2 2 2 2 2 2 2 2 2 2 2 2
left_child=1 2 3 -1 16 6 12 -8 9 10 -7 -12 -6 -9 -13 -10 -4 -16 19 -19 -5 -20 -17 24 -24 27 -27 28 29 -25
right_child=-2 -3 4 20 5 8 7 13 15 -11 11 14 -14 -15 17 22 -18 18 21 -21 -22 -23 23 25 -26 26 -28 -29 -30 -31
leaf_value=-0.00077064726965176376 0.00034006742694103666 6.6067077945443925e-05 -2.9555266929755505e-05 0.00050935583403334875 0.00027842862246559491 0.00030495457933248381 0.0004656173663314253 4.632173576646689e-05 0.00056484986223808797 -0.00012009410999248724 -0.00025750090162692131 9.8177789197130246e-05 -0.00020290280304565561 0.00068205257722228413 -0.00033648127263078309 0.00046893552087859012 -4.7708777580084131e-06 -8.4117173017698077e-05 -0.00028225802056842681 0.00041932375654489421 5.8975233839207719e-06 3.8352774511055559e-05 5.6699610631176164e-05 5.7734945974528053e-05 -0.0004829094051022444 2.4695265268576172e-05 -0.00070704173074671146 0.00029369033128034407 0.00029082890549481398 -0.00030604261900609516
leaf_weight=65 1596 3900 19249 294 73 248 213 383 62 1809 88 962 151 87 58 185 16449 218 196 175 145 103 123 318 104 2550 59 708 243 182
leaf_count=65 1596 3900 19249 294 73 248 213 383 62 1809 88 962 151 87 58 185 16449 218 196 175 145 103 123 318 104 2550 59 708 243 182
internal_value=-8.82422e-05 -0.000238866 -0.000448352 0.00634921 -0.000524491 0.000849645 0.00493385 0.00816252 0.000408175 -0.00126394 0.00131836 0.000166667 -0.00491071 0.0043617 0.000934579 0.00183061 -0.000882402 -0.0026 -0.00130058 0.00324427 0.00894077 -0.00727425 0.00161002 0.00124213 -0.00627753 0.00166256 0.000201227 0.00429014 0.000706595 -0.0029
internal_weight=50996 49400 45500 504 44996 9298 907 683 8391 3857 2048 1800 224 470 1712 4534 35698 750 692 393 439 299 4472 4287 227 4060 2609 1451 743 500
internal_count=50996 49400 45500 504 44996 9298 907 683 8391 3857 2048 1800 224 470 1712 4534 35698 750 692 393 439 299 4472 4287 227 4060 2609 1451 743 500
is_linear=0
shrinkage=0.05


Tree=48
num_leaves=31
num_cat=0
split_feature=13 9 13 10 10 13 16 16 3 8 13 13 13 16 14 13 16 16 16 13 12 16 16 16 16 8 12 12 16 12
split_gain=13.2675 11.645 12.3114 10.3562 12.9551 10.1219 8.05083 7.50035 6.9719 9.45714 7.25802 17.2758 25.4826 15.9925 15.1771 18.3419 15.1918 11.7634 28.1559 15.885 15.5592 11.3728 11.3295 17.3428 15.8339 10.4008 10.151 9.84209 9.3358 9.29433
threshold=49.655000686645515 0.17964044091279688 16.085000038146976 -0.0072745157566194698 -0.0033595116503372653 15.905000209808351 -0.016683500535042469 -0.04055171778576027 0.015003499857768389 inf 19.010000228881839 18.510000228881839 18.444999694824222 -0.013779813222093982 -0.068623004427642229 14.340000152587892 0.021330113486280004 0.015216562276099467 0.0065833714822400866 19.440000534057621 -0.034828232656023965 0.034945737456002386 -0.032598786515004856 -0.028125906615587833 -0.035275543581110617 0.005336032090379029 -0.019407610004685213 0.10123019596275297 -0.037151842402266481 -0.037333173257957868
decision_type=2 10 2 2 2 2 2 2 2 8 2 2 2 2 2 2 2 2 2 2 2 2 2 2 2 10 2 2 2 2
left_child=1 8 3 5 6 -3 -5 -4 10 -10 11 12 14 -13 15 -1 28 18 19 26 -19 -22 24 -24 -16 -21 -12 -25 -17 -18
right_child=-2 2 7 4 -6 -7 -8 -9 9 -11 17 13 -14 -15 22 16 29 20 -20 25 21 -23 23 27 -26 -27 -28 -29 -30 -31
leaf_value=-0.0001165747393945581 0.0030999448810591457 0.00035931895865166648 0.00043482094472582517 -0.00042086892866990272 -8.591243995943743e-07 -0.00039263614467756162 -0.00013831828897643093 8.7774476930573e-05 9.2348498000108508e-05 -0.00042928216612316754 0.00032414214185281826 3.7221374784537391e-05 0.00035296429798187099 -0.00021293491592024318 1.3514093613626287e-05 -0.00056303743540530584 -0.00018510268139188625 -6.8375418710386318e-05 -0.00036565089996014061 -4.769776418566182e-05 0.00023867011155124422 5.0447295786764263e-05 -0.00026561856781032986 -3.5037583139698208e-05 0.00036418127292558154 8.3743627880405547e-05 9.1247964528888049e-05 -0.0001898040340864637 5.7900345674014638e-05 0.0003760958482556657
leaf_weight=351 60 308 391 115 5450 41 449 4855 2767 139 173 463 216 1175 1063 60 43 707 439 4917 955 879 214 20431 227 1326 625 379 1345 550
leaf_count=351 60 308 391 115 5450 41 449 4855 2767 139 173 463 216 1175 1063 60 43 707 439 4917 955 879 214 20431 227 1326 625 379 1345 550
internal_value=-0.000164831 -0.000192447 0.0011995 -0.000278956 -0.000764882 0.00809456 -0.00797872 0.00299276 -0.000602119 0.00175499 -0.000789589 -0.0012228 -0.000895333 -0.00619658 -0.00104509 0.00277778 0.00462963 0.000356751 -0.000641711 0.000124272 0.00329595 0.00572519 -0.00144752 -0.0017266 0.00310078 -0.000724812 0.00676692 -0.00158097 0.00179715 0.0113406
internal_weight=51113 51053 11609 6363 6014 349 564 5246 39444 2906 36538 26517 24879 1638 24663 2349 1998 10021 7480 7041 2541 1834 22314 21024 1290 6243 798 20810 1405 593
internal_count=51113 51053 11609 6363 6014 349 564 5246 39444 2906 36538 26517 24879 1638 24663 2349 1998 10021 7480 7041 2541 1834 22314 21024 1290 6243 798 20810 1405 593
is_linear=0
shrinkage=0.05


Tree=49
num_leaves=31
num_cat=0
split_feature=5 10 6 14 14 16 10 10 14 10 14 9 14 12 12 12 16 12 10 10 10 1 16 10 14 12 12 10 12 10
split_gain=10.4929 7.96805 9.79566 6.95473 13.7928 10.3578 8.67407 9.99227 11.8195 11.3723 8.30408 9.6667 14.1467 14.0421 18.2962 11.6361 11.3243 11.8411 9.13304 8.86807 18.6671 7.37803 6.59696 6.43064 6.34858 6.10415 8.41632 11.8333 8.40691 6.08541
threshold=0.020889386201565906 0.069033394894507452 0.55950932834429745 -0.037511825146214865 -0.039568606403770572 0.049543215506382639 -0.0018259931499434166 0.0017576081132453238 -0.047332268196042963 0.0018732675411667901 0.039048416537089688 -0.28562101715422616 0.031451069873502109 -0.020341500579073798 -0.0054605306842289139 -0.051373886546093366 0.010766729997964021 0.037030604996718515 -0.0055253189012470774 0.0039394347110435221 0.0065341735331239112 -0.018759224509854785 0.05143129860293983 1.0000000180025095e-35 0.018846539562811352 -0.075828254732232245 -0.062212446145613214 0.015426136544852588 -0.057938720016513449 -0.015857529403489442
decision_type=2 2 2 2 2 2 2 2 2 2 2 10 2 2 2 2 2 2 2 2 2 2 2 2 2 2 2 2 2 2
left_child=3 2 25 4 6 -6 -1 8 21 -9 11 12 13 15 -15 -5 18 22 -16 -20 -21 -8 24 -23 -18 29 27 -27 -28 -2
right_child=1 -3 -4 10 5 -7 7 9 -10 -11 -12 -13 -14 14 16 -17 17 -19 19 20 -22 23 -24 -25 -26 26 28 -29 -30 -31
leaf_value=-0.00020089327522146579 -0.00011129615131647286 -0.00043081103161196122 0.000168772080942794 -0.00023550752611579539 0.00020474955721186354 -0.00018413781653060346 0.00029133804252648394 -0.00021799154938413812 -9.1679365467449517e-05 -3.7142153667128927e-07 9.8556850662831489e-06 -2.1566537714395311e-05 -0.00030314234562870464 -0.00025338930519964748 0.00019532336003295114 0.00011867744886961936 -4.2120403516244381e-05 -0.0003145633064999351 -5.6095019377014767e-05 0.00027652742041537638 -0.00025930317449065896 -5.1691234034839228e-05 0.00012151134851701396 0.00019122961543261731 -0.00025685240510115446 -0.00029479621211329687 0.00072322494639836697 0.00084602380094433614 1.1958804664275251e-05 0.00055879433971588025
leaf_weight=197 65 62 3574 54 579 41 255 100 177 6965 7945 13932 224 449 107 501 557 381 1587 200 102 157 97 216 211 370 53 57 11511 313
leaf_count=197 65 62 3574 54 579 41 255 100 177 6965 7945 13932 224 449 107 501 557 381 1587 200 102 157 97 216 211 370 53 57 11511 313
internal_value=-0.000106291 0.000954389 0.00102396 -0.000590855 0.000636008 0.00782258 8.36742e-05 0.000343075 0.00562112 -0.000258316 -0.000995369 -0.00157863 -0.00360179 -0.00295572 -0.00407071 0.00445946 -0.00276064 -0.0065008 -0.000425852 -0.00123081 0.00662252 0.00883758 -0.0032659 0.00435657 -0.00481771 0.000357749 0.000160537 -0.00673302 0.000415081 0.00661376
internal_weight=51039 16005 15943 35034 8687 620 8067 7870 805 7065 26347 18402 4470 4246 3691 555 3242 1246 1996 1889 302 628 865 373 768 12369 11991 427 11564 378
internal_count=51039 16005 15943 35034 8687 620 8067 7870 805 7065 26347 18402 4470 4246 3691 555 3242 1246 1996 1889 302 628 865 373 768 12369 11991 427 11564 378
is_linear=0
shrinkage=0.05


Tree=50
num_leaves=31
num_cat=0
split_feature=9 11 13 5 14 11 15 13 14 15 14 14 14 15 15 14 8 8 14 14 13 13 15 15 11 11 11 14 11 15
split_gain=12.0323 13.1999 11.7588 8.20663 7.70909 6.20995 15.3991 5.47409 5.30775 5.30398 7.17371 9.74535 5.31671 5.40545 6.13815 5.24846 4.84588 4.75134 6.5904 5.96533 5.57138 9.14468 5.20189 10.2651 4.95628 6.42559 5.96869 8.53215 7.47522 9.29459
threshold=0.28248849232712386 -0.015698159014809029 49.655000686645515 0.013825635516915149 -0.16769008837329388 0.050492682028646547 0.015977030689453778 25.319999694824222 0.012431899030548645 -0.0043985032042600505 -0.021271104882925714 0.0071322940265206034 0.089310650361053359 -0.0030237587630782543 -0.0021964409567692407 -0.13532199000438486 0.31236172712838678 0.17918867556275078 0.13795776446892064 -0.033000261342557839 21.82499980926514 21.295000076293949 -0.025970961947483325 -0.023004677631700995 0.025734816417073651 0.013609054079026685 0.014627059991814352 0.031451069873502109 0.018027323901660845 -0.0034546770021388613
decision_type=10 2 2 2 2 2 2 2 2 2 2 2 2 2 2 2 10 8 2 2 2 2 2 2 2 2 2 2 2 2
left_child=2 -2 3 7 -3 16 8 15 -7 10 -6 -12 13 -11 -15 -1 -5 18 19 -17 21 22 -21 -24 25 -25 -27 -28 29 -29
right_child=1 4 -4 5 9 6 -8 -9 -10 12 11 -13 -14 14 -16 17 -18 -19 -20 20 -22 -23 23 24 -26 26 27 28 -30 -31
leaf_value=-9.6240354834424647e-05 0.00054472943278761757 0.00069893006164265968 0.0022831335084640097 6.4665025091329405e-07 -0.00056262718691521497 -0.00021338079936947374 0.00033909062043975817 0.00018222793999196995 7.4578857457112315e-05 -0.00019712223491521769 0.00045478865985744307 9.9912285302441843e-05 -0.00066622907619927243 0.00042549864368572317 1.464564259381824e-05 3.0275129348198567e-06 0.00055181588736115904 -0.00012228130957932186 0.00012155857037616504 -0.00019263687092356823 0.00017747427538043534 -0.00024075975203401119 0.00027519856859588906 -3.3458046312676191e-05 3.5688953324454251e-05 -0.00018593436740900905 -3.4154666692078238e-05 -0.0005180854923754728 -0.00030150405039473696 4.4788232232115081e-05
leaf_weight=196 524 56 60 29606 96 313 103 127 58 171 271 965 50 86 4402 3483 196 430 379 114 135 102 105 6483 766 266 1230 71 137 155
leaf_count=196 524 56 60 29606 96 313 103 127 58 171 271 965 50 86 4402 3483 196 430 379 114 135 102 105 6483 766 266 1230 71 137 155
internal_value=-0.000157423 0.00183129 -0.000453218 -0.000483073 0.00117681 -1.81662e-05 -0.0056962 -0.00147577 -0.0104447 0.00100563 0.00379129 0.00481392 0.000217668 0.000391715 0.000724153 -0.00156917 7.21428e-05 -0.00145424 -0.00128854 -0.00147735 -0.00212254 -0.00226694 -0.00210411 -0.00197276 -0.00215195 -0.00250539 -0.00509683 -0.00393911 -0.0106749 -0.0050885
internal_weight=51136 6621 44515 44455 6097 30276 474 14179 371 6041 1332 1236 4709 4659 4488 14052 29802 13856 13426 13047 9564 9429 9327 9213 9108 8342 1859 1593 363 226
internal_count=51136 6621 44515 44455 6097 30276 474 14179 371 6041 1332 1236 4709 4659 4488 14052 29802 13856 13426 13047 9564 9429 9327 9213 9108 8342 1859 1593 363 226
is_linear=0
shrinkage=0.05


Tree=51
num_leaves=31
num_cat=0
split_feature=13 5 12 14 5 0 13 13 13 10 10 3 0 10 10 11 14 14 15 12 14 11 12 10 16 10 12 10 12 10
split_gain=11.1606 9.73774 8.64098 9.18302 8.4668 7.41882 8.0738 10.5898 8.09169 12.9434 10.3322 7.66499 7.35163 6.93543 18.2965 18.242 12.8533 16.9248 13.3808 12.3265 24.0284 11.9349 11.6366 15.567 11.3937 10.8187 10.5229 18.4635 14.6066 10.0529
threshold=49.655000686645515 0.044494973811500728 0.10123019596275297 -0.042495657697534488 0.010385270066945609 -0.021020286665287043 28.970000267028812 30.345000267028812 25.505000114440922 -0.0064885643523325811 0.010363669081824291 9.9009366617552899e-05 0.05635722346409789 0.013844787315234976 0.012020703086552011 0.014319949991421945 -0.069744182185856193 -0.05546753287916955 0.0014532466989143347 -0.031853242392431029 0.018846539562811352 0.026101750474282651 -0.02923523392979754 0.0077313618831305062 -0.046314945631433395 0.0056625653487155656 -0.027697499770916897 0.0091157700665586167 -0.0054605306842289139 0.017875641087257036
decision_type=2 2 2 2 2 2 2 2 2 2 2 2 2 2 2 2 2 2 2 2 2 2 2 2 2 2 2 2 2 2
left_child=1 2 4 -4 -1 -6 8 -8 12 11 -11 -10 13 14 16 -16 18 26 -7 20 24 25 23 -21 -19 -20 -18 28 -28 -15
right_child=-2 -3 3 -5 5 6 7 -9 9 10 -12 -13 -14 29 15 -17 17 19 21 22 -22 -23 -24 -25 -26 -27 27 -29 -30 -31
leaf_value=-3.8576144026928423e-05 0.0023554767043664766 0.00033935064868523789 0.00031841064814513292 -0.00016726606203876774 5.5048449609099204e-05 0.00037645957024714247 -0.00043008640484977056 -2.1303043553706251e-05 -0.00029473629729937406 0.00048673657173905658 -1.741464739708565e-05 0.00019034977196473528 0.00022084384732189139 -0.00015824667764686225 0.00050834257941821507 1.2450546818054774e-05 -0.00035503202239719366 -0.00032243775142704349 -0.00017172832394010099 -0.00037441863803947125 -9.2928083263143452e-05 0.00055304632954532849 -1.5000080865506215e-05 0.00030698901768218956 0.00021097478529722748 6.0484674925748338e-05 0.00020100782439263552 0.00032712795757745469 -0.0002088789646047972 3.1498646503795318e-05
leaf_weight=4165 69 993 52 651 6024 156 140 378 148 300 142 141 933 1148 343 445 356 42 326 268 795 150 27279 55 1183 2341 156 150 1038 730
leaf_count=4165 69 993 52 651 6024 156 140 378 148 300 142 141 933 1148 343 445 356 42 326 268 795 150 27279 55 1183 2341 156 150 1038 730
internal_value=-0.000167818 -0.000194991 -0.000292295 -0.00579659 -0.000213857 -1.49445e-05 -0.000266331 -0.00646718 -0.000183172 0.00502736 0.0104072 -0.00320069 -0.000283686 -0.000394335 -0.000235869 0.00729695 -0.000408952 -0.000707171 0.00273293 -0.000428735 0.00334158 0.00194356 -0.000704659 -0.0101393 0.00773469 0.00117173 -0.00555882 -0.00353423 -0.00561139 -0.00335463
internal_weight=51097 51028 50035 703 49332 45167 39143 518 38625 731 442 289 37894 36961 35083 788 34295 31322 2973 29622 2020 2817 27602 323 1225 2667 1700 1344 1194 1878
internal_count=51097 51028 50035 703 49332 45167 39143 518 38625 731 442 289 37894 36961 35083 788 34295 31322 2973 29622 2020 2817 27602 323 1225 2667 1700 1344 1194 1878
is_linear=0
shrinkage=0.05


Tree=52
num_leaves=31
num_cat=0
split_feature=13 5 5 16 10 12 12 12 14 10 12 14 15 15 15 16 16 14 14 15 12 15 15 9 14 12 14 14 15 12
split_gain=10.1639 9.18662 6.6506 6.16551 5.94191 14.0016 13.2055 17.6753 14.5147 14.514 13.1449 10.7408 10.0926 8.8388 27.5914 13.4796 15.8665 11.0474 14.4512 10.0375 9.18809 9.01512 8.41472 11.2443 12.2891 10.268 9.98339 16.1615 8.30096 8.1567
threshold=49.655000686645515 0.013402785243024174 0.046886415770526865 0.054779551976547831 0.013844787315234976 -0.051373886546093366 -0.062212446145613214 -0.05023266322533259 -0.067583665573298909 0.0014013952122059472 -0.067575667738432196 -0.06426442822534599 0.0024412422748563149 -0.00017474954493151837 0.00048515842204799325 -0.038655516264954108 -0.023187999784607834 0.089310650361053359 0.08366532037956588 -0.0014198002034864208 0.073733848686565309 0.037814814954919125 0.01118195563870328 -0.10008684067335498 -0.071225645536492452 -0.011339314302442725 -0.13532199000438486 -0.086337752297859935 0.0021355951155876966 0.037030604996718515
decision_type=2 2 2 2 2 2 2 2 2 2 2 2 2 2 2 2 2 2 2 2 2 2 2 10 2 2 2 2 2 2
left_child=1 3 4 -1 6 -6 9 -8 12 10 -3 -10 -9 19 -15 -16 28 18 21 -13 -21 29 26 -24 25 -25 -14 -28 -17 -18
right_child=-2 2 -4 -5 5 -7 7 8 11 -11 -12 13 22 14 15 16 17 -19 -20 20 -22 -23 23 24 -26 -27 27 -29 -30 -31
leaf_value=-2.6878417853579055e-05 0.0026255969829910185 5.4640921077892721e-05 0.00036450961350278661 9.7118587517554437e-05 0.00051878727082130683 -9.9065509292352568e-05 0.00026855182211903557 0.00031712527447236999 -0.00029179091545385882 -0.00039939875429145289 -0.00053842985609530347 1.8356142404084894e-05 -0.00022868699333443529 -0.00027958435502789623 0.00030065639567298277 1.8209424619945607e-05 -3.4165261694837217e-05 -0.0004815585831060001 0.00042757187844396266 0.00013692896323390423 0.001921586780855826 0.0019377436465069884 0.00048214893346494662 0.00033810615856453077 0.00062406236347755132 -7.1537862066024024e-05 0.00024177552440074682 -0.00013434108634991795 -0.00041807848979487925 3.8917494930800113e-05
leaf_weight=12915 62 678 800 383 157 1899 638 280 246 206 222 12475 155 611 311 132 9535 139 115 1125 62 43 442 182 148 737 610 566 339 4962
leaf_count=12915 62 678 800 383 157 1899 638 280 246 206 222 12475 155 611 311 132 9535 139 115 1125 62 43 442 182 148 737 610 566 339 4962
internal_value=-7.08354e-05 -9.53769e-05 0.000302129 -0.00122575 0.000204647 -0.00240759 0.000358277 0.000533926 0.000375583 -0.00501808 -0.00227778 3.9043e-05 0.00362179 0.000124795 -0.000665658 -0.000256805 -0.000466754 -0.000179127 -4.60594e-05 0.00106134 0.00545493 -0.000185695 0.00272887 0.00528496 0.00250703 0.000353645 -0.000169046 0.00140306 -0.00950106 -0.000253501
internal_weight=51175 51113 37815 13298 37015 2056 34959 33853 33215 1106 900 30095 3120 29849 16187 15576 15265 14794 14655 13662 1187 14540 2840 1509 1067 919 1331 1176 471 14497
internal_count=51175 51113 37815 13298 37015 2056 34959 33853 33215 1106 900 30095 3120 29849 16187 15576 15265 14794 14655 13662 1187 14540 2840 1509 1067 919 1331 1176 471 14497
is_linear=0
shrinkage=0.05


Tree=53
num_leaves=31
num_cat=0
split_feature=6 5 10 4 11 15 10 15 16 14 15 10 11 10 11 14 10 9 14 11 15 11 10 10 10 16 10 15 16 15
split_gain=9.97024 7.41753 6.44549 6.33397 6.01339 7.14599 11.4069 13.6696 11.221 9.00149 16.9042 12.9981 8.73726 7.86166 7.92553 8.36443 6.91016 8.80024 7.51491 6.49821 6.35234 10.3628 6.66131 19.7554 9.11607 7.5094 17.8492 27.0881 20.2003 19.1
threshold=0.13895152458766385 0.025657693638042756 0.069033394894507452 0.08984422855346165 0.050492682028646547 0.015717583502111058 0.013844787315234976 0.014109823043623517 0.037289661347420407 -0.086337752297859935 0.00048515842204799325 0.010363669081824291 -0.03145344780031472 0.002679663391510712 -0.012789085438800861 0.020125848996620292 0.0077313618831305062 -0.11840225953481497 -0.073050802278400592 -0.0023578954464546493 0.013057002183118784 0.0039566049461625683 0.0091157700665586167 0.0086193521775437282 0.010263940972428777 0.0045404196142767592 0.00090086264031330476 0.0031555683717793275 -0.0071969473149799948 0.00052216297545348855
decision_type=2 2 2 2 2 2 2 2 2 2 2 2 2 2 2 2 2 8 2 2 2 2 2 2 2 2 2 2 2 2
left_child=3 -2 -3 4 5 6 7 9 -9 10 -1 -12 -7 -14 -15 16 17 -16 -18 -20 22 -22 23 25 -24 26 -11 29 -29 -28
right_child=1 2 -4 -5 -6 12 -8 8 -10 20 11 -13 13 14 15 -17 18 -19 19 -21 21 -23 24 -25 -26 -27 27 28 -30 -31
leaf_value=-0.00053854295781978272 9.7246798189289458e-06 0.00018178440733087852 -0.00048684281455978976 0.00040163581778765569 -0.00013464932640388938 -0.00058897027108671988 -0.00029565863357670918 0.00027713868521604456 -7.0929402456743372e-05 -2.0559724806363482e-05 0.0002504412909609532 -0.00010158106729300904 0.00088043958226693021 0.00014576660300563029 0.00019356589734133409 0.00029621475896588124 -0.00014410975304964723 -0.00035462752414493068 0.00063400532917651904 -3.4953643002588832e-05 -0.00038006301836443994 -5.9740238681064836e-05 0.00027547786568608845 -0.00044673284521482839 -9.2109697962560095e-06 -3.8616375541389609e-05 7.4495106624943247e-05 -0.00014066031523592842 0.00011824886011746775 0.00030610017207584328
leaf_weight=56 14633 2848 49 295 379 82 148 750 302 9651 649 238 48 309 56 87 950 396 59 1355 131 496 247 154 362 12526 856 1027 938 913
leaf_count=56 14633 2848 49 295 379 82 148 750 302 9651 649 238 48 309 56 87 950 396 59 1355 131 496 247 154 362 12526 856 1027 938 913
internal_value=-9.31555e-05 0.00087279 0.00318433 -0.000599223 -0.000664104 -0.000591716 -0.000343024 -0.000273075 0.00532319 -0.000481518 0.00432131 0.00600338 -0.00278276 -0.0023773 -0.00267746 -0.00348777 -0.00395952 -0.00962389 -0.00287648 -0.000565771 -0.000647412 -0.00562201 -0.000530479 -0.000651256 0.00463875 -0.000545135 0.000278297 0.00321371 -0.000826972 0.00770209
internal_weight=50990 17530 2897 33460 33165 32786 29444 29296 1052 28244 943 887 3342 3260 3212 2903 2816 452 2364 1414 27301 627 26674 26065 609 25911 13385 3734 1965 1769
internal_count=50990 17530 2897 33460 33165 32786 29444 29296 1052 28244 943 887 3342 3260 3212 2903 2816 452 2364 1414 27301 627 26674 26065 609 25911 13385 3734 1965 1769
is_linear=0
shrinkage=0.05


Tree=54
num_leaves=31
num_cat=0
split_feature=13 4 9 11 14 15 11 14 16 16 15 15 11 14 13 12 15 12 16 16 10 10 14 14 10 12 12 11 16 12
split_gain=9.76399 8.54109 7.58552 10.8557 9.28332 6.5464 15.2075 12.8497 16.5439 16.7871 15.7924 15.1991 15.187 14.2859 14.0074 13.851 15.6913 13.9436 13.1702 14.1398 14.8268 12.6518 30.292 22.4629 18.994 12.705 18.0599 12.4056 12.3136 11.6599
threshold=49.655000686645515 0.016063635968638485 0.15799562573366624 -0.014526452350843598 -0.16769008837329388 0.0081647516386068614 -0.023775986944761848 0.045982054922578681 0.0056315151293790952 0.017632370145345248 -0.005045725748366702 0.0031555683717793275 0.018680357320368105 -0.073802250117532039 13.605000019073488 0.038133525920499241 0.0079937992660296126 -0.049048441539310476 -0.0082950886117140171 -0.0038527680554427675 -0.0043931564487666988 0.0010681409799049304 -0.05546753287916955 -0.0241559957087869 -0.002863706420939693 0.062788606761277746 0.028448833312794911 -0.0066597094494468259 0.059699500075510066 0.035783081956657366
decision_type=2 2 10 2 2 2 2 2 2 2 2 2 2 2 2 2 2 2 2 2 2 2 2 2 2 2 2 2 2 2
left_child=1 -1 5 -4 -5 7 -7 8 11 14 -9 21 -11 -14 -10 17 -17 -13 -12 -20 -21 23 -23 29 -25 26 -26 -16 -22 -3
right_child=-2 2 3 4 -6 6 -8 10 9 12 18 15 13 -15 27 16 -18 -19 19 20 28 22 -24 24 25 -27 -28 -29 -30 -31
leaf_value=-3.3431600889627463e-05 0.0020116806073952709 0.00025473904063445866 0.00023065985279829439 0.00063929711075693296 1.836504090815122e-05 -0.00028248449273427759 2.5158838860039024e-05 -4.7689583907514424e-06 3.8236762411521243e-05 1.914686675877856e-05 0.00039879222189860054 0.00015466221014556367 0.00085932694669254943 -0.00010775390621281687 0.00039600365196693532 0.00022098449191984711 -0.00067778100977779285 -0.00018232293908019285 -0.00027086530897220634 0.00029998784882581816 -7.0785824937431659e-05 -0.00026408521772949432 0.00018956935915631721 3.1613625957797616e-05 -7.6629399848986428e-05 0.00018920798733327671 -0.00034202560737485639 -0.00019699402134773104 0.00060557103015794304 -7.4648937909887856e-06
leaf_weight=3239 67 775 1171 87 11163 391 9931 5517 457 2903 307 223 48 2803 56 296 49 1464 133 453 628 228 1266 2789 1346 114 542 2106 105 443
leaf_count=3239 67 775 1171 87 11163 391 9931 5517 457 2903 307 223 48 2803 56 296 49 1464 133 453 628 228 1266 2789 1346 114 542 2106 105 443
internal_value=-4.50098e-05 -7.00527e-05 9.83387e-05 0.00116134 0.000684444 -0.000274927 0.000784732 -0.000711548 -0.00142674 -0.00304849 0.00108148 -2.62192e-06 -0.00153806 -0.00413013 -0.00636693 -0.00383858 0.00528986 -0.00570539 0.00541205 0.00324109 0.0049747 0.00103625 0.00515395 1.24813e-05 -0.00152891 -0.00524476 -0.00622352 -0.0080481 0.000579809 0.00607553
internal_weight=51100 51033 47794 12421 11250 35373 10322 25051 17908 8373 7143 9535 5754 2851 2619 2032 345 1687 1626 1319 1186 7503 1494 6009 4791 2002 1888 2162 733 1218
internal_count=51100 51033 47794 12421 11250 35373 10322 25051 17908 8373 7143 9535 5754 2851 2619 2032 345 1687 1626 1319 1186 7503 1494 6009 4791 2002 1888 2162 733 1218
is_linear=0
shrinkage=0.05


Tree=55
num_leaves=31
num_cat=0
split_feature=0 6 3 9 16 4 14 14 10 14 10 12 14 15 14 15 15 14 14 10 12 16 15 14 15 10 4 14 10 9
split_gain=11.2926 7.77014 6.16887 6.04186 7.29294 6.28451 5.39523 10.9454 9.3144 7.51144 6.88971 13.1984 8.27587 6.67777 21.6287 8.15786 7.67877 5.99974 5.8962 5.36659 6.11276 5.83095 5.0865 4.75734 5.72873 5.94146 4.85528 4.64743 12.4527 16.6788
threshold=-0.035892292803782581 1.8371877626796886 -0.001403521840251942 0.17964044091279688 -0.04055171778576027 0.029671911465500491 0.12944562994235767 0.079538209541853658 -0.0064885643523325811 0.08366532037956588 -0.0049765527549362467 0.016981710951886612 0.040467463007027978 -0.0046722228005446889 -0.021271104882925714 -0.0030237587630782543 -0.0021964409567692407 -0.019636199294238706 0.07643058808250093 -0.01853412807423643 -0.075828254732232245 -0.044138545292325797 -0.015049215839636363 0.030560716771395605 -0.014388402632961593 -0.0015128710794854448 0.042243751653029092 0.045982054922578681 -0.0080075865289204722 -0.29900747133361194
decision_type=2 2 2 10 2 2 2 2 2 2 2 2 2 2 2 2 2 2 2 2 2 2 2 2 2 2 2 2 2 10
left_child=2 3 19 27 5 -5 7 8 -6 -9 11 12 -10 14 -12 17 -17 -15 -18 20 -1 -22 -4 -16 -25 26 -26 -2 -29 -30
right_child=1 -3 22 4 6 -7 -8 9 10 -11 13 -13 -14 15 23 16 18 -19 -20 -21 21 -23 -24 24 25 -27 -28 28 29 -31
leaf_value=0.00050714597313223633 -2.3731980036861313e-05 6.4844074955748373e-05 0.00056670314064150918 2.1619043535607303e-05 0.00025722344018784467 0.00067991840788908314 0.00022797674848688157 -0.00058420907454220642 -0.00013318701485232309 -5.3089676673123655e-05 -0.00047202261368926043 -0.000334891303442847 0.00073695128785605259 0.00031145737329462938 0.00027740976227495713 0.00030628563598446442 3.7331117556604899e-06 -0.00030545733146584774 0.00066846267598639954 0.00013817476386723555 -0.00069268799174813315 -5.4955313772246661e-06 0.00010628714914012044 -0.00053827542610946884 0.00095062243473911269 -0.0002254939833467239 0.00012833050107082124 -3.5762017122214793e-05 0.00023101980043692259 1.0974098186094162e-05
leaf_weight=82 28381 3296 320 146 356 195 234 158 66 394 102 203 58 61 506 158 6892 292 48 1686 143 155 267 48 57 63 44 3426 928 2272
leaf_count=82 28381 3296 320 146 356 195 234 158 66 394 102 203 58 61 506 158 6892 292 48 1686 143 155 267 48 57 63 44 3426 928 2272
internal_value=-7.59253e-05 -0.000250083 0.00310026 -0.000421398 0.000657177 0.00784457 0.000405544 0.000220913 0.000642171 -0.00661232 0.000314027 -0.00680428 0.00604839 0.000595454 0.00487805 0.000124144 0.000493097 -0.00729462 0.000244957 0.0018151 -0.00355263 -0.00687919 0.00762351 0.00793872 0.00165094 0.00609756 0.0136139 -0.000731996 0.000460308 0.00270313
internal_weight=51037 48384 2653 45088 10081 341 9740 9506 8954 552 8598 327 124 8271 820 7451 7098 353 6940 2066 380 298 587 718 212 164 101 35007 6626 3200
internal_count=51037 48384 2653 45088 10081 341 9740 9506 8954 552 8598 327 124 8271 820 7451 7098 353 6940 2066 380 298 587 718 212 164 101 35007 6626 3200
is_linear=0
shrinkage=0.05


Tree=56
num_leaves=31
num_cat=0
split_feature=5 11 5 11 11 13 11 15 2 13 13 11 13 10 10 10 11 13 10 11 14 13 14 14 10 10 11 11 10 15
split_gain=11.3996 6.93845 6.1655 5.20531 8.12535 7.15769 7.14229 5.39586 7.16095 5.52103 5.25355 4.69053 6.14396 4.81611 10.5424 18.217 10.3073 12.8197 6.70547 6.61791 6.54455 12.982 10.1319 15.8002 6.96467 6.79897 6.49459 6.89968 7.81818 6.56895
threshold=0.031065427949834128 -0.055970636302615777 0.013402785243024174 0.022655282977909755 0.021459813769517781 31.844999313354496 -0.014879345686955035 0.028465779121799154 0.026066272329252075 25.505000114440922 35.690000534057624 0.050492682028646547 18.335000038146976 0.013844787315234976 0.0091157700665586167 0.0093708689462960199 -0.01930721697732057 15.944999694824221 0.017875641087257036 0.041951569626952907 -0.086337752297859935 24.19999980926514 -0.05546753287916955 -0.060408912479391223 0.0086193521775437282 0.0087442348777118113 0.026101750474282651 0.012360960719592808 0.012020703086552011 0.012935024954175202
decision_type=2 2 2 2 2 2 2 2 2 2 2 2 2 2 2 2 2 2 2 2 2 2 2 2 2 2 2 2 2 2
left_child=2 -2 -1 4 5 6 -3 8 9 -8 -5 13 -13 14 20 -16 -17 -18 -15 -20 21 -4 23 24 -22 -24 27 28 -19 -29
right_child=1 3 11 10 -6 -7 7 -9 -10 -11 -12 12 -14 18 15 16 17 26 19 -21 22 -23 25 -25 -26 -27 -28 29 -30 -31
leaf_value=-2.0466905684862671e-05 0.0019758861407630406 0.000566086738752033 0.00018592536102427437 -8.2829100102753238e-05 0.00083409810675532856 -0.00025896459654030731 -3.5434991141735945e-05 0.001197277014434538 0.00025364812285880595 -0.00079723830035051369 0.00049994682593162564 -0.0002040453031048448 9.4689376638597291e-06 -0.00012417183327531351 0.00064170583487843224 -0.00036912846228186506 -3.4524249116483271e-05 0.00013761008940829344 -2.574551172183047e-06 0.00074068728081041351 -1.401597821854856e-05 -0.0002769095396980981 2.7352625586764268e-06 -0.00037972393746883487 -0.00048284727684747513 0.0005424207616377346 0.00037109043664624924 0.00014358689182631963 0.00088311897586042807 -0.00015201652222114837
leaf_weight=13325 64 635 583 932 77 165 890 88 1450 40 41 136 152 970 193 133 1075 682 673 46 1348 108 25918 389 71 67 186 272 150 228
leaf_count=13325 64 635 583 932 77 165 890 88 1450 40 41 136 152 970 193 133 1075 682 673 46 1348 108 25918 389 71 67 186 272 150 228
internal_value=-3.08298e-05 0.00240758 -0.000259608 0.00216535 0.00310164 0.00272338 0.00326297 0.00204619 0.00159664 -0.00182796 -0.00105344 0.000103355 -0.00625 0.000158649 0.000298538 0.00316033 0.00210932 0.00280563 -0.00244227 0.00121697 5.26611e-06 0.00481187 -0.000114237 -0.00373341 -0.00128612 0.000137579 0.00576416 0.00454204 0.00733173 -0.0001
internal_weight=51087 4382 46705 4318 3345 3268 3103 2468 2380 930 973 33380 288 33092 31403 2919 2726 2593 1689 719 28484 691 27793 1808 1419 25985 1518 1332 832 500
internal_count=51087 4382 46705 4318 3345 3268 3103 2468 2380 930 973 33380 288 33092 31403 2919 2726 2593 1689 719 28484 691 27793 1808 1419 25985 1518 1332 832 500
is_linear=0
shrinkage=0.05


Tree=57
num_leaves=31
num_cat=0
split_feature=5 16 6 10 4 13 13 10 10 1 13 13 11 16 13 15 10 16 11 16 10 10 16 16 11 11 11 11 11 15
split_gain=9.27871 6.16201 5.20802 5.91676 5.70742 5.37491 8.80016 7.5755 5.68002 4.79036 4.69257 15.1447 13.7179 15.7678 13.3878 16.7025 21.2591 20.3699 20.7057 15.7192 15.4669 13.3225 11.2483 10.2004 20.2069 17.0982 15.5308 15.8315 10.9792 9.93817
threshold=0.024655453209842564 -0.055360239142605343 0.55950932834429745 0.0239914392111974 0.056218013470930139 28.970000267028812 27.664999961853031 0.017102355769033965 0.014545922873123287 -0.023685273143165816 13.444999694824221 13.234999656677248 0.012360960719592808 0.027813254847060768 14.404999732971193 -0.010896357868999893 -0.00022437714483986013 0.027199960789394798 -0.0038431021214298529 0.02629746337167416 0.004568837884475486 -0.0017364567283589814 0.036850188449187644 0.024204920507731712 0.011840837646133974 0.0086648703507659092 0.0047087702577918175 1.0000000180025095e-35 0.0025776305361616685 0.0051564155350091187
decision_type=2 2 2 2 2 2 2 2 2 2 2 2 2 2 2 2 2 2 2 2 2 2 2 2 2 2 2 2 2 2
left_child=10 -2 3 5 -5 6 8 9 -3 -7 11 23 -13 -14 15 -12 17 18 -17 20 -18 -19 -21 24 25 26 27 -1 -29 -22
right_child=1 2 -4 4 -6 7 -8 -9 -10 -11 14 12 13 -15 -16 16 19 21 -20 22 29 -23 -24 -25 -26 -27 -28 28 -30 -31
leaf_value=-0.00011785998764272978 0.00049242043769936376 2.5979310151925952e-05 0.00018860353293446378 -5.3513386156637049e-05 0.0012395578239121905 2.2289888280148733e-05 0.00068967326972018024 0.00026173504455578314 -0.00021050329913695773 -0.00027564687378695251 0.00010149257403334386 0.00025376233181169616 -0.00028943423937155538 0.00017072036862606434 -6.1636344627441502e-06 2.209784508919047e-06 0.00010986057692617346 -0.00018045525505448317 -0.00033034420973001547 -0.00025074917688522449 -0.00023508652334798083 0.00016817889993267932 -4.583418286612715e-05 4.9332865639200255e-05 -0.00016816113789921777 0.0002171386140069045 -0.00016011758870955524 0.00033906092799761232 1.2409706442100248e-05 -2.1630463582119762e-05
leaf_weight=703 380 6808 2055 41 59 127 90 43 334 239 495 638 173 224 29653 284 934 104 912 328 201 165 416 2246 615 330 445 343 447 1012
leaf_count=703 380 6808 2055 41 59 127 90 43 334 239 495 638 173 224 29653 284 934 104 912 328 201 165 416 2246 615 330 445 343 447 1012
internal_value=-9.73566e-05 0.00125295 0.00101062 0.000416613 0.0125 0.000258474 0.000573838 -0.00531785 0.000378045 -0.00765027 -0.000435232 0.000835496 0.00635266 -0.000944584 -0.000662242 -0.0030973 -0.00408632 -0.00899317 -0.0117893 -0.00159979 0.000570564 0.00343866 -0.0078629 -0.000277832 -0.00224592 -6.61376e-05 -0.00185759 0.000586068 0.00544304 -0.00315334
internal_weight=50844 10176 9796 7741 100 7641 7232 409 7142 366 40668 6164 1035 397 34504 4851 4356 1465 1196 2891 2147 269 744 5129 2883 2268 1938 1493 790 1213
internal_count=50844 10176 9796 7741 100 7641 7232 409 7142 366 40668 6164 1035 397 34504 4851 4356 1465 1196 2891 2147 269 744 5129 2883 2268 1938 1493 790 1213
is_linear=0
shrinkage=0.05


end of trees

feature_importances:
spy_ret_1d=247
spy_ret_5d=227
vix_level=224
spy_ret_20d=219
vix_chg_1d=203
sector_ret_5d=178
sector_ret_1d=139
atr_pct=107
dvol_z_20=57
parkinson_20=46
dist_ma200=35
dist_ma50=27
overnight_gap=13
ret_1d=12
ret_5d=5
ret_20d=1

parameters:
[boosting: gbdt]
[objective: quantile]
[metric: quantile]
[tree_learner: serial]
[device_type: cpu]
[data_sample_strategy: bagging]
[data: ]
[valid: ]
[num_iterations: 120]
[learning_rate: 0.05]
[num_leaves: 31]
[num_threads: -1]
[seed: 0]
[deterministic: 0]
[force_col_wise: 1]
[force_row_wise: 0]
[histogram_pool_size: -1]
[max_depth: -1]
[min_data_in_leaf: 40]
[min_sum_hessian_in_leaf: 0.001]
[bagging_fraction: 0.85]
[pos_bagging_fraction: 1]
[neg_bagging_fraction: 1]
[bagging_freq: 1]
[bagging_seed: 3]
[bagging_by_query: 0]
[feature_fraction: 0.85]
[feature_fraction_bynode: 1]
[feature_fraction_seed: 2]
[extra_trees: 0]
[extra_seed: 6]
[early_stopping_round: 0]
[early_stopping_min_delta: 0]
[first_metric_only: 0]
[max_delta_step: 0]
[lambda_l1: 0]
[lambda_l2: 0]
[linear_lambda: 0]
[min_gain_to_split: 0]
[drop_rate: 0.1]
[max_drop: 50]
[skip_drop: 0.5]
[xgboost_dart_mode: 0]
[uniform_drop: 0]
[drop_seed: 4]
[top_rate: 0.2]
[other_rate: 0.1]
[min_data_per_group: 100]
[max_cat_threshold: 32]
[cat_l2: 10]
[cat_smooth: 10]
[max_cat_to_onehot: 4]
[top_k: 20]
[monotone_constraints: ]
[monotone_constraints_method: basic]
[monotone_penalty: 0]
[feature_contri: ]
[forcedsplits_filename: ]
[refit_decay_rate: 0.9]
[cegb_tradeoff: 1]
[cegb_penalty_split: 0]
[cegb_penalty_feature_lazy: ]
[cegb_penalty_feature_coupled: ]
[path_smooth: 0]
[interaction_constraints: ]
[verbosity: -1]
[saved_feature_importance_type: 0]
[use_quantized_grad: 0]
[num_grad_quant_bins: 4]
[quant_train_renew_leaf: 0]
[stochastic_rounding: 1]
[linear_tree: 0]
[max_bin: 255]
[max_bin_by_feature: ]
[min_data_in_bin: 3]
[bin_construct_sample_cnt: 200000]
[data_random_seed: 1]
[is_enable_sparse: 1]
[enable_bundle: 1]
[use_missing: 1]
[zero_as_missing: 0]
[feature_pre_filter: 1]
[pre_partition: 0]
[two_round: 0]
[header: 0]
[label_column: ]
[weight_column: ]
[group_column: ]
[ignore_column: ]
[categorical_feature: ]
[forcedbins_filename: ]
[precise_float_parser: 0]
[parser_config_file: ]
[objective_seed: 5]
[num_class: 1]
[is_unbalance: 0]
[scale_pos_weight: 1]
[sigmoid: 1]
[boost_from_average: 1]
[reg_sqrt: 0]
[alpha: 0.5]
[fair_c: 1]
[poisson_max_delta_step: 0.7]
[tweedie_variance_power: 1.5]
[lambdarank_truncation_level: 30]
[lambdarank_norm: 1]
[label_gain: ]
[lambdarank_position_bias_regularization: 0]
[eval_at: ]
[multi_error_top_k: 1]
[auc_mu_weights: ]
[num_machines: 1]
[local_listen_port: 12400]
[time_out: 120]
[machine_list_filename: ]
[machines: ]
[gpu_platform_id: -1]
[gpu_device_id: -1]
[gpu_device_id_list: ]
[gpu_use_dp: 0]
[num_gpu: 1]

end of parameters

pandas_categorical:[]
