tree
version=v4
num_class=1
num_tree_per_iteration=1
label_index=0
max_feature_idx=16
objective=quantile
feature_names=ret_1d ret_5d ret_20d overnight_gap atr_pct parkinson_20 dvol_z_20 dist_ma20 dist_ma50 dist_ma200 spy_ret_1d spy_ret_5d spy_ret_20d vix_level vix_chg_1d sector_ret_1d sector_ret_5d
feature_infos=[-0.35837318199116441:0.39688958009331254] [-0.45452640402347022:0.78417653390742736] [-0.62151938636124826:2.2241490044958256] [-0.29215546767708522:0.37514422784963863] [0.0094537815126050379:0.24020187197588638] [0.0062281871911364509:0.076827739432514933] [-2.9553417213153583:4.3407480208754672] [-0.46610144369015494:0.65624355714383897] [-0.55112244313012959:1.3583022103210958] [-0.74650396096358052:3.9078919072636991] [-0.058542947643003718:0.10501933612632941] [-0.11496158439845272:0.082843216242346029] [-0.12265592443394913:0.15756596870864792] [11.859999656677246:52.330001831054688] [-0.35753873962348437:0.74039073966007019] [-0.068244726543857936:0.13419383554022479] [-0.13586538461538455:0.11772560364971629]
tree_sizes=2893 2966 2974 2965 2953 2957 2959 2979 2975 2986 2997 2981 2996 2985 2970 2959 2996 2989 2994 3005 2990 2998 2999 2991 2985 3015 3029 3005 3013 3001 3020 2991 3011 3038 3035 3036 3027 3016 3029 3000 3028 3044 3048 3026 3045 3021 3044 3039 3061 3066 3018 3004 3050 3062 3014 3024 3046 2994 3032 3009 2986 3016 3032 3025 3037 3036 3025 3063 2999 2995 3021 3018 2998 3040 3029 3055 2969 3022 3021 3059 3050 3039 3004 2999 3057 3018 3046 3009 3051 3037 3061 3017 3034 3008 3026 2972 3037 3054 3074 3026 3013 3005 3047 3033 3044 3023 3006 3032 2993 3002 3075 3075 3014 3026 3014 3045 3027 3035 3039 2984

Tree=0
num_leaves=31
num_cat=0
split_feature=4 16 4 4 9 6 12 6 6 6 16 5 3 13 5 15 4 9 16 10 13 13 16 5 5 1 14 1 15 12
split_gain=340.322 65.6088 56.235 50.0037 15.6092 15.0948 14.3976 13.7544 12.9482 8.58977 7.60377 7.48313 7.43874 6.08186 6.06557 5.65938 5.63636 5.61273 4.90397 4.39314 9.8257 6.06709 4.389 4.08253 3.95429 3.69702 3.54081 5.96005 6.07139 5.36343
threshold=0.042828532928703887 -0.089491640519055657 0.029532920229183374 0.059059090390734571 0.33233641778545669 0.55950932834429745 -0.080083523859072289 0.5070979120468081 1.8371877626796886 0.30221005762191561 -0.062749583771881765 0.021734179610952632 -0.003552793292488476 24.855000495910648 0.031760723347410869 0.03424436623808403 0.022185146919438559 0.64174498261548685 -0.04055171778576027 0.011197941469223484 27.855000495910648 28.970000267028812 -0.062749583771881765 0.018892247616860893 0.046886415770526865 0.086780341338433167 0.032869961540085708 0.072594823893846985 -0.00051835183721826706 -0.080083523859072289
decision_type=2 2 2 2 10 2 2 2 2 2 2 2 2 2 2 2 2 10 2 2 2 2 2 2 2 2 2 2 2 2
left_child=2 -2 8 7 6 22 12 10 16 19 -3 -7 -5 18 -9 -11 -1 26 -6 21 -21 25 -4 -24 -20 -8 29 -28 -29 -12
right_child=1 3 5 4 13 11 9 14 -10 15 17 -13 -14 -15 -16 -17 -18 -19 24 20 -22 -23 23 -25 -26 -27 27 28 -30 -31
leaf_value=0.037924870419775034 0.04604434733354399 0.041187463704786077 0.040527142916710404 0.039720898642445143 0.042326556766676585 0.039101875124873772 0.040067904367183438 0.039799864546588994 0.038907212170396652 0.041704110559088736 0.039602687374438263 0.039807016552676801 0.042017837889809687 0.042151677863607205 0.040852604620133494 0.038235570083429503 0.038333101038864739 0.039991275081692514 0.040689582768375934 0.039608260168124333 0.040628932926008957 0.0384382681684204 0.038505172590029682 0.038836681046871588 0.04209667987741765 0.038713938737976863 0.039376851385802422 0.039446195388437563 0.041404538301666308 0.03907742792992086
leaf_weight=12718 151 62 104 61 55 2378 806 1177 2079 442 41 1105 57 132 316 45 12617 331 582 113 55 178 3294 7658 307 113 969 64 74 3112
leaf_count=12718 151 62 104 61 55 2378 806 1177 2079 442 41 1105 57 132 316 45 12617 331 582 113 55 178 3294 7658 307 113 969 64 74 3112
internal_value=0.0387884 0.0474735 0.0368749 0.0469306 0.0522863 0.0393886 0.0495256 0.0443634 0.0355418 0.048387 0.0430235 0.042259 0.0664308 0.0570843 0.0485391 0.0540295 0.0352305 0.0427886 0.0556787 0.0462147 0.0537441 0.0450616 0.0384844 0.0383873 0.0547823 0.0466981 0.0423013 0.0447341 0.0544558 0.0414472
internal_weight=51196 9243 41953 9092 2946 14539 1870 6146 27414 1752 4653 3483 118 1076 1493 487 25335 4591 944 1265 168 1097 11056 10952 889 919 4260 1107 138 3153
internal_count=51196 9243 41953 9092 2946 14539 1870 6146 27414 1752 4653 3483 118 1076 1493 487 25335 4591 944 1265 168 1097 11056 10952 889 919 4260 1107 138 3153
is_linear=0
shrinkage=1


Tree=1
num_leaves=31
num_cat=0
split_feature=4 4 12 9 11 4 16 10 13 5 13 13 13 4 5 7 0 14 14 3 14 13 9 14 16 12 14 12 0 12
split_gain=293.358 64.5309 58.6154 35.6803 15.925 15.2384 12.778 14.2794 11.0102 9.02675 7.5033 19.3567 7.2626 6.5407 6.28926 6.04516 4.13583 3.65977 3.39533 4.16005 3.86535 3.25182 3.752 3.03794 3.26905 2.98266 3.61496 3.58667 3.07382 2.92367
threshold=0.044019013254322122 0.029532920229183374 -0.075828254732232245 0.56934410196797258 -0.014526452350843598 0.053212692381595747 -0.055360239142605343 0.0239914392111974 43.015001296997077 0.021095055330036038 28.970000267028812 27.664999961853031 35.690000534057624 0.023319729228064693 0.031760723347410869 0.15963603109510274 0.039660124749456134 -0.023857248245640224 -0.061929277885563232 0.023983516489934246 -0.071225645536492452 16.73499965667725 0.27781806788679791 0.065588142690931509 0.0016150271174418809 -0.02814648891975435 -0.048201737040391705 -0.025840805569586341 -0.07927430941609169 -0.043864369041982591
decision_type=2 2 2 10 2 2 2 2 2 2 2 2 2 2 2 2 2 2 2 2 2 2 8 2 2 2 2 2 2 2
left_child=1 13 6 5 -5 21 -2 -8 9 -3 11 15 -12 -1 -6 25 -11 18 20 -20 -16 -4 23 -23 -25 26 -7 -27 -29 -28
right_child=2 8 3 4 14 10 7 -9 -10 16 12 -13 -14 -15 17 -17 -18 -19 19 -21 -22 22 -24 24 -26 27 29 28 -30 -31
leaf_value=-0.00077479729057863475 0.0067390233034807694 -5.6272139471295969e-05 0.00022858259159498352 0.0030123590210437215 0.0010493090059492238 -0.00010264470576661431 0.0011893207166044082 0.0031966421872105322 0.0029386143997586003 0.00023461952986594207 -0.00049506579152038541 0.0021915004788239595 0.0013308032416431406 -0.00038188901599660742 0.001620197273052724 0.004080811522987394 0.00095099120043695251 0.002629087575581503 0.0012362749232634862 0.0019930535178737398 0.0025369377455068381 0.00031135186118266269 0.00083474619634533456 0.00049803388860558185 0.0012753088531319494 0.0026932056350074539 0.0018158973700159724 0.0024202352456302867 0.0010748492271851072 0.00050546593620471735
leaf_weight=15934 175 8271 1185 160 294 216 187 56 55 6363 242 94 101 11481 128 175 573 617 188 59 46 1187 679 401 81 65 96 106 1729 179
leaf_count=15934 175 8271 1185 160 294 216 187 56 55 6363 242 94 101 11481 128 175 573 617 188 59 46 1187 679 401 81 65 96 106 1729 179
internal_value=-6.9735e-05 -0.00175469 0.00844423 0.00749377 0.0144705 0.00590116 0.0266986 0.0192798 0.000851132 0.000770368 0.00851981 0.00941729 0.00155977 -0.00320536 0.0126802 0.00860093 0.00210063 0.0145087 0.0109145 0.00714575 0.0162644 0.00367535 0.00475298 0.00347813 0.00682572 0.00794437 0.00447047 0.0088421 0.00843324 0.00827273
internal_weight=51123 42677 8446 8028 1492 6536 418 243 15262 15207 3003 2660 343 27415 1332 2566 6936 1038 421 247 174 3533 2348 1669 482 2391 491 1900 1835 275
internal_count=51123 42677 8446 8028 1492 6536 418 243 15262 15207 3003 2660 343 27415 1332 2566 6936 1038 421 247 174 3533 2348 1669 482 2391 491 1900 1835 275
is_linear=0
shrinkage=0.05


Tree=2
num_leaves=31
num_cat=0
split_feature=4 5 12 5 6 9 6 16 11 11 6 13 6 4 8 5 12 11 13 3 0 11 3 4 9 9 16 7 4 8
split_gain=255.862 52.3659 49.1792 36.1492 14.2314 13.2674 11.7421 10.5043 9.28899 6.85186 6.38869 6.34471 6.12502 6.09601 5.93817 5.48457 5.36032 4.81864 4.73069 4.29681 4.13924 3.96829 4.35789 3.76748 3.71152 3.28664 3.55902 3.99289 3.23348 3.04955
threshold=0.042828532928703887 0.017946193288834497 -0.075828254732232245 0.031760723347410869 0.65909254499805914 0.46697193894523231 1.7819793802761918 -0.055360239142605343 -0.036898876616972491 -0.014137437602101231 0.47416976387582149 26.85000038146973 -0.082722961769756728 0.021665354080270028 -0.051135598811773868 0.046886415770526865 -0.075828254732232245 -0.043674056524097109 28.970000267028812 0.020193598598000077 -0.029457653714167805 0.057592518437268987 0.040713892669872694 0.033885533281050394 0.77275676294917717 -0.29900747133361194 -0.04304369717818151 -0.089248038436946772 0.054556220342512861 0.22955763857812986
decision_type=2 2 2 2 2 8 2 2 2 2 2 2 2 2 10 2 2 2 2 2 2 2 2 2 10 10 2 2 2 10
left_child=1 6 7 12 17 10 13 19 -9 14 21 -10 24 -1 -7 -11 -6 -3 -12 20 -2 22 25 -19 28 -5 27 -27 -4 -25
right_child=2 4 3 5 16 9 -8 8 11 15 18 -13 -14 -15 -16 -17 -18 23 -20 -21 -22 -23 -24 29 -26 26 -28 -29 -30 -31
leaf_value=-0.00082022931988812793 0.0039258194678226102 0.002042984736581108 0.00016441318496497446 0.0017301972308342104 0.0028786306563363998 0.00052624621559447236 9.4352199882922382e-05 0.00058878981358755566 0.0011434080126901428 0.0015181035993110385 0.0025385799993433212 0.0023781255723290266 0.00079359297364598683 -0.00044562293066097836 0.0032741390863924545 0.0032323973950181746 0.00052956640301837061 -0.00020325340970048933 0.00055843192638159185 0.0075915801716770542 0.0022042189904548926 -0.00053096019926755192 0.0017882646233241244 4.8263798459926779e-05 0.0013807885971163273 0.0022566153275355321 0.00065687918164882562 0.00040274733440573039 0.00069926805478491495 0.00076630463916038921
leaf_weight=11600 58 41 2362 230 44 48 2335 110 52 1132 302 82 2286 14068 200 376 2773 5061 77 69 56 103 47 5776 47 40 989 43 479 213
leaf_count=11600 58 41 2362 230 44 48 2335 110 52 1132 302 82 2286 14068 200 376 2773 5061 77 69 56 103 47 5776 47 40 989 43 479 213
internal_value=-0.00020343 -0.00186001 0.00735307 0.00654548 0.000647827 0.0104028 -0.00310556 0.0239227 0.0171311 0.013508 0.0074249 0.0259701 0.00387128 -0.00341437 0.0212097 0.0122414 0.00382144 -0.000158238 0.0132058 0.0329781 0.0270175 0.00591598 0.00663825 -0.000221721 0.00234072 0.00609831 0.0049347 0.0148795 0.00211017 0.000626982
internal_weight=51099 41911 9188 8761 13908 3587 28003 427 244 1756 1831 134 5174 25668 248 1508 2817 11091 379 183 114 1452 1349 11050 2888 1302 1072 83 2841 5989
internal_count=51099 41911 9188 8761 13908 3587 28003 427 244 1756 1831 134 5174 25668 248 1508 2817 11091 379 183 114 1452 1349 11050 2888 1302 1072 83 2841 5989
is_linear=0
shrinkage=0.05


Tree=3
num_leaves=31
num_cat=0
split_feature=9 12 6 1 11 2 10 8 0 0 9 1 13 2 1 3 9 12 10 7 16 16 0 3 16 12 16 14 14 11
split_gain=88.6558 68.8851 27.2466 26.7045 18.6861 17.221 13.4719 13.2244 10.9181 11.3276 9.23065 6.12546 5.9078 5.86629 5.85155 4.66845 4.43953 4.31066 4.30205 3.84737 4.63587 3.70801 3.55786 3.47915 3.25518 3.20067 3.71969 3.89274 3.19327 3.48548
threshold=0.46697193894523231 -0.075828254732232245 1.8371877626796886 -0.099753950109295206 -0.015698159014809029 -0.17249673678091973 0.0239914392111974 0.31236172712838678 0.022543498805571497 -0.027849422600859371 0.68204200940231374 0.051013380773794144 49.655000686645515 0.2726459256079517 -0.061144175075290012 0.036362484595095619 -0.19530396244296325 -0.024129877186116751 -0.0025114818253731959 -0.12512739848595719 -0.055360239142605343 -0.013590146399885259 -0.024285710917276767 0.012861321066768962 0.027813254847060768 0.073733848686565309 0.0056315151293790952 0.059032058254143822 0.16537685982304043 -0.020756034341227022
decision_type=10 2 2 2 2 2 2 10 2 2 10 2 2 2 2 2 8 2 2 2 2 2 2 2 2 2 2 2 2 2
left_child=1 3 5 12 28 15 19 8 9 -7 17 14 22 -4 -11 -3 -10 -6 25 -5 23 -18 -1 -21 -20 26 27 -12 29 -2
right_child=4 2 13 6 10 7 -8 -9 16 11 18 -13 -14 -15 -16 -17 21 -19 24 20 -22 -23 -24 -25 -26 -27 -28 -29 -30 -31
leaf_value=0.0028480150194086424 0.0018301070404186438 0.00049434033184112924 0.00063767302774590329 0.0014749273885265126 0.0024904631771647304 0.00019635252001532806 0.0023484153494692326 0.002538875827831332 0.0010961716010510878 6.7715593804605447e-05 0.0025036921912350335 -4.3095948907721157e-05 0.0089374337944778514 0.0030312338893572384 -0.0004359339047758655 0.0023646873509548731 0.00050050551236724796 0.00060065629485873224 0.0016580692087180297 0.00059439685507825177 0.00010798262997382396 -3.4929966774467079e-05 0.0011183321378684594 0.0032089530734089101 0.0012780591936899545 0.0054970839325315926 0.00052837859960787748 0.0013970236915979777 0.002973640718076714 0.0026963558231774087
leaf_weight=71 112 1241 3504 46 55 2604 53 224 265 1915 94 4166 51 140 29489 43 648 1086 619 93 320 3491 70 40 356 46 77 86 40 82
leaf_count=71 112 1241 3504 46 55 2604 53 224 265 1915 94 4166 51 140 29489 43 648 1086 619 93 320 3491 70 40 356 46 77 86 40 82
internal_value=-0.000254955 -0.000742048 -0.000977374 0.0143548 0.00864493 -0.00132083 0.00876811 -0.00149199 -0.00155573 -0.00182768 0.00733981 -0.00206073 0.0304167 0.00317783 -0.00229971 0.00438473 0.000801543 0.00407099 0.0102582 0.00622244 0.0048234 0.000399854 0.0251418 0.0126692 0.00864102 0.015462 0.0132879 0.0172222 0.0221368 0.0194845
internal_weight=51127 48474 47730 744 2653 44086 552 42802 42578 38174 2419 35570 192 3644 31404 1284 4404 1141 1278 499 453 4139 141 133 975 303 257 180 234 194
internal_count=51127 48474 47730 744 2653 44086 552 42802 42578 38174 2419 35570 192 3644 31404 1284 4404 1141 1278 499 453 4139 141 133 975 303 257 180 234 194
is_linear=0
shrinkage=0.05


Tree=4
num_leaves=31
num_cat=0
split_feature=4 5 16 5 15 6 4 13 6 6 6 5 4 15 13 15 6 13 9 13 9 13 4 13 14 16 8 13 8 1
split_gain=206.206 48.8328 42.7912 27.4647 15.4419 15.3993 9.23895 8.74481 8.42206 7.14763 6.07043 5.98022 5.4078 4.98 7.07352 4.93727 7.25224 7.08201 4.82609 4.47581 5.31175 4.19872 4.00478 3.72612 3.23689 3.16934 2.41567 3.95311 2.32205 2.2768
threshold=0.042828532928703887 0.016416753248774892 -0.062749583771881765 0.031760723347410869 -0.025970961947483325 0.49047747427594629 0.080289648578235048 38.065000534057624 1.8371877626796886 0.42582388101429208 1.8371877626796886 0.02044807721509467 0.029932076051363523 0.018497704236705274 27.855000495910648 0.019931461553697408 -0.028035985933095444 28.970000267028812 0.29135266868835025 49.655000686645515 -0.1615627202661172 25.319999694824222 0.021569139852151916 29.835000038146976 0.0080830591469587282 -0.051563566981462465 0.048993250825909891 17.195000648498539 0.2407235351121351 -0.091002544267687877
decision_type=2 2 2 2 2 2 2 2 2 2 2 2 2 2 2 2 2 2 8 2 8 2 2 2 2 2 10 2 10 2
left_child=1 8 4 10 7 12 9 -2 22 13 24 -7 -3 18 -15 17 -17 21 -5 20 -6 -8 -1 -11 -4 29 -26 -28 -27 -14
right_child=2 5 3 6 19 11 15 -9 -10 23 -12 -13 25 14 -16 16 -18 -19 -20 -21 -22 -23 -24 -25 26 28 27 -29 -30 -31
leaf_value=-0.00075715745244944494 -6.5992243851378381e-05 -0.00034981793257715844 0.00026149933244393593 0.00043429782436204401 0.0013974253229541217 0.00019570148132283592 0.0025121553923392131 0.0024345315175333718 -1.3572070886983674e-06 0.0025087607528538496 0.0016187629048161495 0.0006837890944217434 0.0015631244651989791 0.0012729389966533462 0.0015089525495718431 0.0028948038935187759 0.0022267428640804568 0.00033649355719026365 0.0012130116184065395 0.0084692921906466215 0.0029424522775026128 0.003331345188316296 -0.00045153395672753823 -0.00037722815009927845 0.0003425972050470562 -3.6902294909602029e-05 0.00043925683301691468 0.0011626043285798619 0.00087754414007851418 0.00035774432624436839
leaf_weight=11353 77 4110 2865 949 64 2621 440 55 1818 729 399 1755 48 183 63 71 55 126 946 47 118 41 10291 51 1302 9438 289 318 201 140
leaf_count=11353 77 4110 2865 949 64 2621 440 55 1818 729 399 1755 48 183 63 71 55 126 946 47 118 41 10291 51 1302 9438 289 318 201 140
internal_value=-0.000261269 -0.00175284 0.00652046 0.00583041 0.0233934 0.00018211 0.00914888 0.00977273 -0.00326315 0.00788942 0.00348637 0.00276965 -0.000630338 0.00639654 0.0130894 0.0141678 0.0231746 0.0122982 0.0055277 0.0312445 0.0276923 0.0150624 -0.0035377 0.0119872 0.0029912 6.61324e-06 0.00458617 0.0071911 -0.000118789 0.00643617
internal_weight=50963 41775 9188 8827 361 18313 3654 132 23462 2921 5173 4376 13937 2141 246 733 126 607 1895 229 182 481 21644 780 4774 9827 1909 607 9639 188
internal_count=50963 41775 9188 8827 361 18313 3654 132 23462 2921 5173 4376 13937 2141 246 733 126 607 1895 229 182 481 21644 780 4774 9827 1909 607 9639 188
is_linear=0
shrinkage=0.05


Tree=5
num_leaves=31
num_cat=0
split_feature=4 4 12 4 3 9 6 6 3 6 4 3 12 11 8 11 5 12 5 1 6 16 5 15 9 12 8 16 9 11
split_gain=187.709 45.5651 41.5009 21.5295 14.9584 10.6652 10.3707 9.77088 9.20899 7.60323 6.20941 5.90337 9.84991 5.32219 6.81484 4.93286 4.42823 4.3851 4.40761 3.98147 3.75507 4.38443 3.49421 3.48661 3.38596 3.24853 2.92524 2.83077 2.81304 2.76551
threshold=0.042828532928703887 0.029289597572667529 -0.080083523859072289 0.053212692381595747 -0.0011492331525788655 0.29661510521464857 1.9048087612464439 0.63880301623911562 -0.027627194464328594 0.13895152458766385 0.021665354080270028 0.028565218160521825 -0.05023266322533259 -0.016157926908067829 -0.011320633940985867 -0.020756034341227022 0.022068033818244306 0.088558977923196683 0.042839101698160388 -0.072712684901518596 2.4814768396656741 -0.055360239142605343 0.018892247616860893 -0.00177171553942268 0.3226692645249552 -0.0078641558377195424 -0.1268353041886103 -0.049112700925670542 0.60547811543091001 0.00081107941047609
decision_type=2 2 2 2 2 8 2 2 2 2 2 2 2 2 10 2 2 2 2 2 2 2 2 2 8 2 10 2 10 2
left_child=1 6 4 9 8 11 10 22 -2 27 -1 20 -13 14 -7 25 -9 18 -15 -20 21 -5 -3 24 -11 -16 -6 -4 -24 -22
right_child=2 7 3 5 26 13 -8 16 -10 23 -12 12 -14 17 15 -17 -18 -19 19 -21 29 -23 28 -25 -26 -27 -28 -29 -30 -31
leaf_value=-0.00070610281613310468 0.0027824114890721164 -0.00022742319255024342 0.00071999462418969673 0.0019141198675960076 0.0066212351589520855 0.00096484062829196729 0.00010171213331814785 0.00029844231914665864 0.00073900261181576114 0.00069938169629329538 -0.00039912869916241736 0.0016025198711642485 0.0014558072258087447 0.0010762251691874846 0.0014318838550244652 0.003832011351876774 0.00077944822769583774 0.0025824143516317939 0.0029899748291704908 0.002396802158813553 0.00042750452380012431 0.00066389635810958005 3.682188695019705e-05 0.0006273752407301744 0.0017765019725570382 0.0027427942670019698 0.0021620343746397773 0.00019122657080086465 0.0014848034501737982 0.0021850121622616655
leaf_weight=11892 63 3601 105 125 85 94 1936 2412 126 411 13238 71 148 1061 85 61 888 78 69 489 47 1768 7774 945 248 40 40 2965 142 51
leaf_count=11892 63 3601 105 125 85 94 1936 2412 126 411 13238 71 148 1061 85 61 888 78 69 489 47 1768 7774 945 248 40 40 2965 142 51
internal_value=-0.00036018 -0.00177912 0.00611717 0.00548414 0.0239809 0.00808813 -0.00299934 0.00044982 0.0151058 0.00315148 -0.00327099 0.00570136 0.0134931 0.0107562 0.0171429 0.0226882 0.00284848 0.00970241 0.00914453 0.0127419 0.0048443 0.00435024 -0.000237476 0.0059414 0.00873293 0.017 0.0374 0.00169381 0.000349923 0.0143878
internal_weight=51058 41883 9175 8861 314 4187 27066 14817 189 4674 25130 2210 219 1977 280 186 3300 1697 1619 558 1991 1893 11517 1604 659 125 125 3070 7916 98
internal_count=51058 41883 9175 8861 314 4187 27066 14817 189 4674 25130 2210 219 1977 280 186 3300 1697 1619 558 1991 1893 11517 1604 659 125 125 3070 7916 98
is_linear=0
shrinkage=0.05


Tree=6
num_leaves=31
num_cat=0
split_feature=4 4 12 4 13 3 6 6 9 4 6 3 11 12 4 3 12 16 13 4 11 12 15 9 6 6 10 15 9 14
split_gain=171.488 47.4083 27.8863 23.0978 12.4556 10.7345 10.5052 8.60051 8.33465 6.01343 5.1943 5.12197 5.12057 4.98562 4.8175 4.34638 3.79856 3.61782 3.44062 3.01458 2.93278 4.10139 2.75262 2.69258 2.55006 2.53791 1.94781 2.5444 3.14141 2.47262
threshold=0.036518838477978439 0.053880309483681089 -0.080083523859072289 0.028123238689169463 43.015001296997077 0.0060952694327252041 -0.18417679314858151 1.9803596125833836 0.25399334993219919 0.080289648578235048 0.24821703961542457 0.028565218160521825 -0.040606280288626444 -0.051373886546093366 0.021665354080270028 0.077051482004597119 -0.02814648891975435 -0.055360239142605343 21.555000305175785 0.048673969599637747 0.026483483019392965 0.070121894171726221 -0.025970961947483325 0.77275676294917717 0.65909254499805914 2.4814768396656741 0.0078861998307097076 0.03424436623808403 -0.2350824176948291 -0.10344834121785244
decision_type=2 2 2 2 2 2 2 2 8 2 2 2 2 2 2 2 2 2 2 2 2 2 2 10 2 2 2 2 10 2
left_child=3 4 5 7 6 12 -2 14 11 20 -5 17 -3 -13 -1 19 -15 22 -11 24 21 -10 -4 -22 -8 26 29 28 -28 -19
right_child=1 2 8 10 -6 -7 15 -9 9 18 -12 13 -14 16 -16 -17 -18 25 -20 -21 23 -23 -24 -25 -26 -27 27 -29 -30 -31
leaf_value=-0.00068365422353654334 0.00010401070943597347 0.0025458105085485942 0.00055368439132066243 -0.00015890083639329416 0.0025506894681464466 0.0070450569026200786 0.00031893267046023016 7.6568301386867804e-05 0.0013348519158133192 0.0023867243416071417 0.00016475424888676889 0.0016097135462417743 0.0010131866209450151 -0.00059960946886764726 -0.00039865556332705057 0.0021680908257002965 0.0024208440274884682 0.0016301542476641617 0.0031174733789155404 0.00110984707992918 0.0021251415929136666 0.00359461397078642 0.0020902160341806759 -0.00038892820813649586 0.00064870807300554064 0.0020374714664414999 0.0014706151319696958 -0.00028879598232877871 0.00077979501049840066 0.00041519598515578327
leaf_weight=11964 5197 47 54 7968 57 80 2232 1690 1290 279 3654 72 94 54 11368 74 98 44 117 868 90 99 47 78 1742 86 87 73 213 1200
leaf_count=11964 5197 47 54 7968 57 80 2232 1690 1290 279 3654 72 94 54 11368 74 98 44 117 868 90 99 47 78 1742 86 87 73 213 1200
internal_value=-0.000388703 0.00424019 0.00870776 -0.00220418 0.0023943 0.0259955 0.00226293 -0.00305971 0.00774805 0.0100794 -0.000362245 0.00550296 0.017695 0.0126339 -0.00330919 0.00391985 0.0075 0.00461752 0.0155808 0.00373606 0.00868015 0.00943484 0.0138119 0.00244047 0.00315299 0.00407222 0.00362709 0.00679625 0.00883333 0.00267685
internal_weight=51016 14372 4202 36644 10170 221 10113 25022 3981 1953 11622 2028 141 224 23332 4916 152 1804 396 4842 1557 1389 101 168 3974 1703 1617 373 300 1244
internal_count=51016 14372 4202 36644 10170 221 10113 25022 3981 1953 11622 2028 141 224 23332 4916 152 1804 396 4842 1557 1389 101 168 3974 1703 1617 373 300 1244
is_linear=0
shrinkage=0.05


Tree=7
num_leaves=31
num_cat=0
split_feature=4 11 5 5 10 9 4 4 4 10 12 15 11 8 5 11 8 11 12 9 2 10 11 4 0 3 15 14 11 2
split_gain=145.374 34.5681 30.3743 27.7668 10.8229 7.89607 5.87734 5.23116 5.13439 7.74516 7.57975 4.43512 5.12422 4.08826 3.98545 3.06991 2.92755 2.49242 3.79084 2.60145 2.37719 2.41036 2.34452 2.19643 2.07919 2.00392 2.19091 1.98301 3.05159 2.11258
threshold=0.039267599005204622 -0.055970636302615777 0.016416753248774892 0.031760723347410869 -0.0067260257632843481 0.46697193894523231 0.03085045730927554 0.020491821744596985 0.071917232079114435 0.015426136544852588 -0.046452019388258541 0.026596617355946543 -0.016157926908067829 0.2407235351121351 0.025817211633229503 -0.055970636302615777 -0.008478415129920867 0.0013310073142193126 0.073733848686565309 0.52498199247852673 0.62505912859809498 -0.00075297141436397863 0.053184240737224282 0.08984422855346165 0.044937733337293014 0.026887081859565457 0.013544504625533473 0.032246703719173715 0.031328767211223359 0.30261294744893324
decision_type=2 2 2 2 2 8 2 2 2 2 2 2 2 10 2 2 10 2 2 10 2 2 2 2 2 2 2 2 2 2
left_child=2 4 7 14 -2 8 24 -1 25 22 -11 12 13 -7 -3 -8 -17 18 19 -18 23 -22 -10 -14 -4 -5 -27 29 -29 -16
right_child=1 3 6 5 -6 11 15 -9 9 10 -12 -13 20 -15 27 16 17 -19 -20 -21 21 -23 -24 -25 -26 26 -28 28 -30 -31
leaf_value=-0.00067463573167105169 0.0054941169041471706 0.00018858515476677092 -0.00024028731197392697 0.00051061014879640911 0.0014757513456701275 0.0018049998397554918 0.0018917635795814378 -0.00037931304474448475 0.0014988359073675093 0.0016979105578023394 0.00086212461196605273 0.002926990755832669 0.0012255455862373319 0.0034935761161150208 0.00036278591417884224 -7.3488007730949844e-05 0.00022952501087114563 8.9447734631649498e-05 0.0027201368405351139 0.0019158381824138497 0.003789501312785189 0.0024795418353331078 -0.00040679655025448061 0.0026745680737061978 0.00057119823167341144 0.00026643171172371455 0.0013176945857588699 0.00065197129954746018 0.0024950913408257236 0.0013360517553954667
leaf_weight=10386 96 3714 6216 1246 79 172 42 13207 485 84 49 67 1227 42 2800 4089 1516 3534 45 63 49 94 57 113 164 44 82 1099 40 206
leaf_count=10386 96 3714 6216 1246 79 172 42 13207 485 84 49 67 1227 42 2800 4089 1516 3534 45 63 49 94 57 113 164 44 82 1099 40 206
internal_value=-0.000483986 0.00437104 -0.0019487 0.00404027 0.0264286 0.00754264 -0.000242199 -0.00308206 0.0054299 0.009 0.019812 0.00999433 0.00949617 0.016729 0.0023419 0.000560339 0.00049908 0.0012912 0.00291256 0.00250475 0.00845246 0.0145804 0.00634686 0.00779851 -0.00141066 0.00367347 0.00968254 0.00340772 0.00518437 0.00273453
internal_weight=51107 11845 39262 11670 175 3811 15669 23593 2047 675 133 1764 1697 214 7859 9289 9247 5158 1624 1579 1483 143 542 1340 6380 1372 126 4145 1139 3006
internal_count=51107 11845 39262 11670 175 3811 15669 23593 2047 675 133 1764 1697 214 7859 9289 9247 5158 1624 1579 1483 143 542 1340 6380 1372 126 4145 1139 3006
is_linear=0
shrinkage=0.05


Tree=8
num_leaves=31
num_cat=0
split_feature=4 11 4 4 6 13 4 6 9 6 13 0 13 13 11 8 9 11 1 12 4 1 15 8 15 13 9 4 12 1
split_gain=132.526 40.2136 25.1596 23.8591 8.95145 8.6825 8.32106 6.81604 6.40181 5.41654 4.89886 4.87748 4.18564 6.9705 4.05491 3.71289 3.36677 3.21454 3.95369 3.25138 3.13414 2.9288 2.87319 3.73031 2.74179 2.60253 2.50731 2.45696 2.21869 2.18252
threshold=0.036518838477978439 -0.055970636302615777 0.053880309483681089 0.025051981854477167 0.55950932834429745 49.655000686645515 0.08984422855346165 1.7243818197605025 0.52498199247852673 1.8371877626796886 25.19999980926514 -0.02638811610577679 25.505000114440922 26.85000038146973 -0.023324980459216712 0.21986564866943717 0.21729225302319058 0.026483483019392965 0.064662969150210206 0.070121894171726221 0.029671911465500491 -0.023161848867302656 0.020109878744193569 -0.10374899689695831 0.0015548319214788722 16.164999961853031 -0.3806495596218839 0.019723651969294945 -0.0047203156526431913 0.010458744083285955
decision_type=2 2 2 2 2 2 2 2 8 2 2 2 2 2 2 10 8 2 2 2 2 2 2 10 2 2 8 2 2 2
left_child=3 5 4 9 15 11 8 12 -4 27 14 -2 20 -14 -10 26 29 18 28 -20 -5 -9 23 -8 25 -18 -3 -1 -16 -6
right_child=1 2 6 7 16 -7 22 21 10 -11 -12 -13 13 -15 17 -17 24 -19 19 -21 -22 -23 -24 -25 -26 -27 -28 -29 -30 -31
leaf_value=-0.00068288442476752533 0.0020673423760456167 0.0016043859783203857 0.00064315723757643085 -0.00027194809264464656 0.00017994386474374808 0.0067546826811168042 0.0013612260111044272 -0.00013454592500884415 0.00238231501657838 -7.4003101628516586e-05 0.002362994579839336 0.0014038956072431039 0.00086061149326637778 -0.00013678755194060634 0.00046253631520314911 0.00075388465720098614 0.00070556595865181896 2.3335395325405748e-06 0.0017218284023789434 0.0032992964625658278 -7.9767736435335806e-05 0.000751917959323157 0.0033951784969813176 0.0024939005891188252 0.00072918165247345685 0.0014904469971275672 0.00010555553081027266 -0.0004485363207716044 0.001132683058224368 0.00088730043458131738
leaf_weight=8486 60 50 2334 7413 842 56 151 453 56 1429 91 68 112 256 184 470 174 140 386 46 8003 1082 55 186 617 319 7294 9497 500 477
leaf_count=8486 60 50 2334 7413 842 56 151 453 56 1429 91 68 112 256 184 470 174 140 386 46 8003 1082 55 186 617 319 7294 9497 500 477
internal_value=-0.000470588 0.00356691 0.00326955 -0.0020706 0.00194132 0.0267935 0.00656454 -0.000721463 0.00583757 -0.00327426 0.00850677 0.0196094 -0.00103079 0.00423913 0.00772866 0.00111722 0.00459242 0.00714172 0.00803763 0.0117824 -0.00115659 0.00245928 0.0134949 0.0117656 0.00662162 0.00940162 0.000841502 -0.0035097 0.00567251 0.00288476
internal_weight=51287 14556 14372 36731 10243 184 4129 17319 3737 19412 1403 128 15784 368 1312 7814 2429 1256 1116 432 15416 1535 392 337 1110 493 7344 17983 684 1319
internal_count=51287 14556 14372 36731 10243 184 4129 17319 3737 19412 1403 128 15784 368 1312 7814 2429 1256 1116 432 15416 1535 392 337 1110 493 7344 17983 684 1319
is_linear=0
shrinkage=0.05


Tree=9
num_leaves=31
num_cat=0
split_feature=5 11 4 4 10 6 5 6 16 13 6 10 6 4 13 13 4 11 4 5 8 12 11 11 6 14 11 3 15 8
split_gain=124.064 36.6607 27.388 16.6762 12.2129 11.0543 7.41449 5.62637 5.59686 5.25038 4.98934 4.85571 4.73197 3.98489 3.24281 4.26901 2.67212 2.65482 2.63069 2.49017 2.42509 3.02794 2.88114 2.39638 2.33762 2.12451 2.52433 2.10971 2.03665 2.03026
threshold=0.02044807721509467 -0.055970636302615777 0.055427747679159457 0.025051981854477167 -0.0067260257632843481 -0.1918360288435639 0.046886415770526865 1.9048087612464439 0.0069278923586365568 30.750000000000004 1.7243818197605025 0.0072501689697913605 -0.047157564976000287 0.043407200627809409 25.505000114440922 26.85000038146973 0.019490900730733934 -0.0086028731968339472 0.058057722424803941 0.017728868151507256 -0.0011035218416355905 -0.075828254732232245 -0.016157926908067829 -0.036898876616972491 0.65909254499805914 -0.069744182185856193 0.037714615631601174 0.0058647057765227615 0.027981188941879512 0.22955763857812986
decision_type=2 2 2 2 2 2 2 2 2 2 2 2 2 2 2 2 2 2 2 2 10 2 2 2 2 2 2 2 2 10
left_child=3 4 5 7 -2 29 20 16 9 11 14 12 17 24 19 -16 -1 -8 -6 -5 21 23 -22 -4 -7 -10 -27 -17 -12 -3
right_child=1 2 6 10 18 13 8 -9 25 -11 28 -13 -14 -15 15 27 -18 -19 -20 -21 22 -23 -24 -25 -26 26 -28 -29 -30 -31
leaf_value=-0.00064888391562544986 0.0060769811970690299 2.213006300930245e-05 0.00065221611118353477 -0.00029629280645740555 9.7622377657652907e-05 0.00018985943291467385 0.0021491414395748247 -3.6706883213448311e-05 0.0019525679496768115 -0.00014903374756469975 0.00028656777274100784 0.003163834259705664 0.0039058468666207085 0.00067371281463675446 0.00078556263638261822 -0.00040453026831616443 -0.00043614585690876577 0.00033693280168546928 0.0013519960043884222 -0.00011212754945424196 0.0014399407726689815 0.00061843896828978724 0.0011566260023240396 0.00089854059321205443 0.00054399291505944237 0.0019683724225786161 -0.0008202816440343654 0.00084998901853275746 0.0014903795535995625 0.00052696255990248989
leaf_weight=8095 89 6714 58 7509 42 2046 56 1304 54 50 1325 80 117 2347 94 187 9799 87 40 5709 165 1498 1173 77 1590 193 85 61 60 233
leaf_count=8095 89 6714 58 7509 42 2046 56 1304 54 50 1325 80 117 2347 94 187 9799 87 40 5709 165 1498 1173 77 1590 193 85 61 60 233
internal_value=-0.000557258 0.00296118 0.00272424 -0.00228788 0.0259942 0.0016396 0.0065218 -0.00326284 0.0110665 0.0151282 -0.00103546 0.0173529 0.0140385 0.00321494 -0.00132743 0.00347953 -0.00349391 0.00793706 0.0120732 -0.00145181 0.00541737 0.00412431 0.00699551 0.0112963 0.00217822 0.00629518 0.00453237 4.03214e-05 0.0018231 0.000282855
internal_weight=50937 16794 16623 34143 171 12930 3693 19198 722 390 14945 340 260 5983 13560 342 17894 143 82 13218 2971 1633 1338 135 3636 332 278 248 1385 6947
internal_count=50937 16794 16623 34143 171 12930 3693 19198 722 390 14945 340 260 5983 13560 342 17894 143 82 13218 2971 1633 1338 135 3636 332 278 248 1385 6947
is_linear=0
shrinkage=0.05


Tree=10
num_leaves=31
num_cat=0
split_feature=5 11 4 4 6 10 8 6 10 12 6 3 5 5 16 16 5 3 16 6 4 5 4 0 10 10 9 5 9 11
split_gain=109.966 30.9498 22.5197 14.2293 9.05924 6.86752 5.37479 5.08792 4.12333 11.0843 3.99914 3.85114 3.51165 3.44738 3.36952 3.17838 3.17111 3.00957 2.79636 2.74552 2.47176 2.20326 2.03646 1.89909 1.89725 2.7384 3.23659 2.52665 1.95597 2.39454
threshold=0.020162638824662047 -0.055970636302615777 0.060177518672462335 0.023527290966354721 0.13895152458766385 -0.0067260257632843481 0.01593643721236793 1.7243818197605025 0.015426136544852588 -0.046452019388258541 1.0902745447209099 0.0078372977027272323 0.025817211633229503 0.016238293984171179 0.0038520990761102829 0.0012731678001297599 0.04159200348692528 0.077051482004597119 -0.055360239142605343 1.8371877626796886 0.038161483404937149 0.03008229913476481 0.019723651969294945 -0.010620801671157474 0.014365364117936543 0.010591418284257028 -0.03324023577236556 0.023832232183159319 0.24636264296972923 -0.016157926908067829
decision_type=2 2 2 2 2 2 10 2 2 2 2 2 2 2 2 2 2 2 2 2 2 2 2 2 2 2 10 2 8 2
left_child=3 5 4 10 12 11 8 13 18 16 22 -2 -3 -5 15 -8 -10 24 -4 -20 -14 -7 -1 -9 25 27 -27 -6 -29 -30
right_child=1 2 6 7 17 21 14 23 9 -11 -12 -13 20 -15 -16 -17 -18 -19 19 -21 -22 -23 -24 -25 -26 26 -28 28 29 -31
leaf_value=-0.00061727943231722139 0.0016295570345264934 -5.8437528945421056e-06 0.0014883429488669797 -0.00033118622610861617 0.00031495463653362881 9.7433925903826023e-05 0.0016709483285915852 -9.80375112846073e-05 0.0010964818747855886 -0.00016761297466390165 -0.00030169988005229953 0.0057727757142363618 -0.00019721249203129764 -0.00014701509604704186 0.0018041017782384013 0.0028190544437308924 0.0016228022775884592 0.0018397713852999998 0.00046102179108257872 0.0020270433390217821 0.00032391046448997595 0.0018055616675425924 -0.00043183717355138606 0.00047936100190604361 -5.9415512234909429e-05 0.0012868320219937158 0.00077691836500320738 0.00040705148202632013 0.0013573788296052124 0.00066360361218451274
leaf_weight=7892 43 5589 75 6521 1901 41 540 600 40 111 2220 51 464 9216 580 48 79 100 1192 67 3625 40 6194 1039 336 117 124 1133 135 1020
leaf_count=7892 43 5589 75 6521 1901 41 540 600 40 111 2220 51 464 9216 580 48 79 100 1192 67 3625 40 6194 1039 336 117 124 1133 135 1020
internal_value=-0.000571354 0.00264999 0.00243806 -0.00224037 0.00165566 0.0235714 0.00660322 -0.00124482 0.0046867 0.0108696 -0.00330124 0.032766 0.000770819 -0.00152094 0.00916952 0.0118367 0.0214706 0.00341554 0.00362069 0.00306195 0.00188432 0.0129012 -0.0036121 0.00140634 0.00323542 0.00351016 0.00869294 0.00321198 0.00433129 0.00577922
internal_weight=51133 17451 17276 33682 14544 175 2732 17376 1564 230 16306 94 9678 15737 1168 588 119 4866 1334 1259 4089 81 14086 1639 4766 4430 241 4189 2288 1155
internal_count=51133 17451 17276 33682 14544 175 2732 17376 1564 230 16306 94 9678 15737 1168 588 119 4866 1334 1259 4089 81 14086 1639 4766 4430 241 4189 2288 1155
is_linear=0
shrinkage=0.05


Tree=11
num_leaves=31
num_cat=0
split_feature=5 16 4 4 15 6 10 0 6 10 6 11 11 12 6 10 5 12 4 4 5 5 6 12 11 1 15 16 4 1
split_gain=99.0017 28.4503 18.6171 16.0881 15.2443 7.51427 7.44773 5.62027 5.08075 4.79595 5.70735 4.77513 6.13117 6.48481 4.50118 4.12909 4.12661 3.90705 3.33962 2.68984 2.55279 2.34484 2.28395 2.18787 2.14758 1.97136 1.94265 3.29574 2.1543 1.92759
threshold=0.02044807721509467 -0.062749583771881765 0.059059090390734571 0.023319729228064693 -0.025970961947483325 0.55950932834429745 -0.012508695811735191 -0.030327581726230676 -0.14517838257263513 0.0072501689697913605 0.93729661911207862 0.011695347183510176 -0.022024013564940267 -0.043864369041982591 1.8371877626796886 0.010263940972428777 0.03216530043325052 -0.067575667738432196 0.046939696276949348 0.074541540916353718 0.026806873359424149 0.015956544279097245 1.7243818197605025 -0.036853049265853803 0.050492682028646547 0.049161799532029267 0.014478509545612141 0.059699500075510066 0.10200225379088555 -0.037592981848008571
decision_type=2 2 2 2 2 2 2 2 2 2 2 2 2 2 2 2 2 2 2 2 2 2 2 2 2 2 2 2 2 2
left_child=3 4 5 14 17 18 -6 -8 21 10 24 12 -11 -14 -1 19 -9 -2 -3 -15 29 -5 -10 -20 26 -12 27 28 -4 -7
right_child=1 2 9 8 6 20 7 16 22 11 25 -13 13 15 -16 -17 -18 -19 23 -21 -22 -23 -24 -25 -26 -27 -28 -29 -30 -31
leaf_value=-0.00050150831247676756 0.0015089943651635208 3.304168090329759e-05 0.00059721844458771305 -0.00037703902222775801 0.0054976771105903731 -3.9147904784977141e-05 0.0021437127511029137 0.0010896241044118544 -0.00011452183561364766 7.5534034008953814e-05 0.0011722029082628785 0.0011423862726192599 0.0022817590294504971 0.001566509698847363 -0.00010274753645622475 0.00094238122644820096 0.0022098649403992179 -0.00055582010635067583 -0.00018318130491214128 0.0024464934279996835 0.0010273454905438109 -0.00018876763151366211 0.00028033547836488952 0.0004187581467888933 -0.0013587053771591782 0.0028696106234652875 -0.00023744588562961562 0.0027710362430462231 0.002552557320801604 0.00052644307365124409
leaf_weight=14738 55 7778 1475 3286 55 489 80 102 7270 80 151 328 87 74 1140 112 43 98 417 52 1007 6140 1709 2418 69 139 113 53 99 1471
leaf_count=14738 55 7778 1475 3286 55 489 80 102 7270 80 151 328 87 74 1140 112 43 98 417 52 1007 6140 1709 2418 69 139 113 53 99 1471
internal_value=-0.000581679 0.00255714 0.00222337 -0.00212394 0.0152079 0.00145434 0.0221429 0.0181111 -0.0011179 0.00591102 0.00469509 0.0093929 0.0130247 0.0160769 -0.00329009 0.0118067 0.0122414 0.00251634 0.000832468 0.0180159 0.0036788 -0.00192871 -0.000266735 0.00230159 0.00365119 0.0112069 0.00399425 0.00443454 0.0040216 0.00262755
internal_weight=51128 16845 16412 34283 433 13580 280 225 18405 2832 2099 733 405 325 15878 238 145 153 10613 126 2967 9426 8979 2835 1809 290 1740 1627 1574 1960
internal_count=51128 16845 16412 34283 433 13580 280 225 18405 2832 2099 733 405 325 15878 238 145 153 10613 126 2967 9426 8979 2835 1809 290 1740 1627 1574 1960
is_linear=0
shrinkage=0.05


Tree=12
num_leaves=31
num_cat=0
split_feature=5 13 4 4 16 9 6 15 8 15 6 4 13 6 13 13 4 13 16 11 8 1 13 5 6 10 10 13 10 15
split_gain=90.2264 31.8103 24.6649 10.9771 9.57762 8.27456 5.90386 5.76107 5.4988 4.9365 4.40125 4.07215 3.82422 3.59877 3.58503 4.09564 2.89931 2.65169 4.69129 3.27088 3.08309 2.47472 2.42983 2.42718 2.12495 2.64237 3.25514 4.1762 3.76254 2.08452
threshold=0.018892247616860893 49.655000686645515 0.046939696276949348 0.021763170751067849 -0.062749583771881765 0.52498199247852673 0.93729661911207862 -0.025970961947483325 -0.17663657368529709 0.027981188941879512 1.7243818197605025 0.10200225379088555 38.065000534057624 0.67870776304362224 25.505000114440922 26.85000038146973 0.026548092624631415 25.010000228881839 -0.0036791351200036178 0.026483483019392965 0.53434162784045902 -0.015651023279464268 30.345000267028812 0.016352237727995086 -0.81878488087132861 0.00048358737476139618 -0.0014592153640105574 20.714999198913578 -0.0012648702969264012 -0.00063847277220191445
decision_type=2 2 2 2 2 8 2 2 10 2 2 2 2 2 2 2 2 2 2 2 10 2 2 2 2 2 2 2 2 2
left_child=3 2 6 13 7 11 24 12 -9 17 14 -6 -4 -1 23 16 -16 19 -19 20 -7 -12 -17 -5 -2 26 -26 29 -29 -28
right_child=1 -3 4 10 5 9 -8 8 -10 -11 21 -13 -14 -15 15 22 -18 18 -20 -21 -22 -23 -24 -25 25 -27 27 28 -30 -31
leaf_value=-0.0005181638197724025 -0.00015127787888518827 0.0054219993318953118 -0.00040512504740226104 -0.00033123982196799171 0.00039473183954959635 0.00094821601295924705 0.00048203360644882013 0.0010633978766196074 0.0023753736848226813 0.0022495299247586777 -0.00020995025730738328 0.002966152800942071 0.0014455961840349511 -0.00032600644095738692 5.7979809067138957e-05 -0.00042990554377516315 0.00075065304814647378 0.00091312669647071118 0.0027679102286750201 -0.00034436464521258583 0.0030614343824389339 0.00050205207388294394 0.00084776916354080238 -0.0001496409892375843 0.00010449248211448306 -4.1359911195225292e-05 0.00065987262959236537 0.0023837933298553222 0.0013126248874273097 7.6212958611099349e-05
leaf_weight=10311 2433 58 60 9512 4132 1706 2185 59 87 72 608 115 52 2440 41 151 65 99 43 188 146 1015 69 6339 3153 4841 302 40 101 480
leaf_count=10311 2433 58 60 9512 4132 1706 2185 59 87 72 608 115 52 2440 41 151 65 99 43 188 146 1015 69 6339 3153 4841 302 40 101 480
internal_value=-0.000589652 0.00198948 0.00188381 -0.00230778 0.00435049 0.00397554 0.000652012 0.0137984 0.0203425 0.00642413 -0.00150562 0.00267601 0.00526786 -0.00342758 -0.00175465 0.00343558 0.0115094 0.00599908 0.0126056 0.00553921 0.0061771 0.000976585 -0.000454547 -0.0018614 0.000193831 0.000551193 0.0014892 0.00410076 0.0120213 0.00267263
internal_weight=50903 20352 20294 30551 6759 6501 13535 258 146 2254 17800 4247 112 12751 16177 326 106 2182 142 2040 1852 1623 220 15851 11350 8917 4076 923 141 782
internal_count=50903 20352 20294 30551 6759 6501 13535 258 146 2254 17800 4247 112 12751 16177 326 106 2182 142 2040 1852 1623 220 15851 11350 8917 4076 923 141 782
is_linear=0
shrinkage=0.05


Tree=13
num_leaves=31
num_cat=0
split_feature=5 4 13 4 6 5 6 16 6 6 14 13 13 6 16 6 13 13 1 8 5 16 12 12 12 14 3 8 15 16
split_gain=86.2518 28.1592 19.956 9.42859 7.44647 6.15777 3.50764 3.43373 3.00745 2.96454 2.60207 2.535 5.64003 2.69194 2.50854 2.47265 2.40169 3.51475 2.02354 1.80733 1.80352 1.97753 1.7398 5.47803 5.48687 3.17067 2.51447 2.297 1.87553 3.64719
threshold=0.01823330985247712 0.051937766710410692 43.015001296997077 0.020491821744596985 0.13895152458766385 0.049550437091151207 1.2590150685582688 -0.013167587328986373 0.93729661911207862 0.67870776304362224 0.032246703719173715 30.750000000000004 30.345000267028812 0.42582388101429208 0.076557041371474802 1.7819793802761918 25.505000114440922 26.494999885559086 -0.014691868176716692 0.22955763857812986 0.031065427949834128 0.0943569582100965 -0.0067439083526363843 0.0061046403867389696 1.0000000180025095e-35 0.072256211824153885 0.0076820023545773894 -0.076851632593097227 -0.005589270363390463 0.032039212360379883
decision_type=2 2 2 2 2 2 2 2 2 2 2 2 2 2 2 2 2 2 2 10 2 2 2 2 2 2 2 10 2 2
left_child=3 4 5 9 10 11 16 -7 -9 -1 19 12 13 20 22 -6 -5 -18 -8 -2 -3 -22 26 24 -24 -26 -12 -28 29 -25
right_child=1 2 -4 6 15 7 18 8 -10 -11 14 -13 -14 -15 -16 -17 17 -19 -20 -21 21 -23 23 28 25 -27 27 -29 -30 -31
leaf_value=-0.00053894331309229076 -7.0805731972886597e-05 0.00018776337553359234 0.0046893678208584895 -0.00029324212989929811 0.00023580496978338158 0.0022898708405343442 -0.00025899768036561553 0.0013505606899727901 0.0039417319929668983 -0.00037711213559936055 -0.00011949434904646425 -0.00010069700181668236 0.00091971119905935822 0.0011899589508910626 0.0013746565989167148 0.00088884365783747715 0.00075411648046641556 -8.3369762678356038e-05 0.00020380557337361155 0.00063620776176529729 0.0007392494207817651 -0.0012840622228963735 9.8984881061406978e-05 0.00022798520089306699 0.001340324324116126 0.00066471750408367161 0.0012959188668367593 -0.00011327713890371522 -0.00018475136254305399 0.0010541897253202451
leaf_weight=8459 8322 904 85 15611 4415 168 908 334 73 1957 838 253 50 992 44 1394 60 207 1537 296 1883 57 171 803 90 80 40 49 765 41
leaf_count=8459 8322 904 85 15611 4415 168 908 334 73 1957 838 253 50 992 44 1394 60 207 1537 296 1883 57 171 803 90 80 40 49 765 41
internal_value=-0.000628465 0.00171648 0.00510627 -0.00243554 0.000778763 0.00467331 -0.00175272 0.00952174 0.00703931 -0.00363671 4.37634e-05 0.00399976 0.00431549 0.00409802 0.00133345 0.00223877 -0.00202419 0.0026779 1.02238e-05 -0.000393364 0.00331575 0.00417526 0.00115224 0.002 0.0077566 0.0141176 -0.000631069 0.00735955 0.000779986 0.00240521
internal_weight=50886 22147 4799 28739 17348 4714 18323 575 407 10416 11539 4139 3886 3836 2921 5809 15878 267 2445 8618 2844 1940 2877 1950 341 170 927 89 1609 844
internal_count=50886 22147 4799 28739 17348 4714 18323 575 407 10416 11539 4139 3886 3836 2921 5809 15878 267 2445 8618 2844 1940 2877 1950 341 170 927 89 1609 844
is_linear=0
shrinkage=0.05


Tree=14
num_leaves=31
num_cat=0
split_feature=4 4 4 13 16 5 12 6 6 14 3 8 6 14 6 6 1 6 14 14 13 0 14 5 16 5 4 16 8 3
split_gain=77.173 19.1692 12.763 10.7367 8.27341 6.73259 5.21272 4.74669 4.1719 3.42857 6.04774 3.27194 3.62388 3.11686 2.93608 2.84251 2.37183 2.29932 2.20243 1.9966 1.97004 2.63824 1.96308 1.95236 1.82452 1.80428 1.71594 1.56698 2.31802 1.60606
threshold=0.033094759232598803 0.065948714310706938 0.023527290966354721 43.015001296997077 -0.062749583771881765 0.025817211633229503 -0.0063801320517133378 0.63880301623911562 0.63880301623911562 0.11323714845592615 -0.030106728180438077 -0.010459123247511469 0.96693390968667614 0.004407866869301503 -0.14517838257263513 0.13895152458766385 0.010031054447691258 0.80952805642392778 -0.033161933899028544 -0.0052640766517011986 25.19999980926514 0.0016312453428424247 0.0012326341754252958 0.01110919075544186 0.068468149912723222 0.015848355548929674 0.10200225379088555 0.064880304254658197 0.53434162784045902 0.077051482004597119
decision_type=2 2 2 2 2 2 2 2 2 2 2 10 2 2 2 2 2 2 2 2 2 2 2 2 2 2 2 2 10 2
left_child=2 4 8 11 6 7 9 -6 23 13 -11 18 20 -2 25 19 -9 -12 26 -7 -13 -22 -14 -1 -21 -4 -3 28 29 -17
right_child=1 3 14 -5 5 15 -8 16 -10 10 17 12 22 -15 -16 27 -18 -19 -20 24 21 -23 -24 -25 -26 -27 -28 -29 -30 -31
leaf_value=-0.0005741380844926611 0.00067990674746141251 0.00066104942039312085 -0.00032689052168713466 0.0047040411400325905 -4.0842316951377375e-05 9.1125426650910828e-05 0.0021565830370722811 0.00010697883354225408 -0.00028502750288596348 0.00019118537222203224 0.0014291985935334683 0.001340828299957102 0.0019103644833259187 -0.00020608501087547565 -6.2341837018146137e-05 0.00071179306580789446 0.0005464877162330385 0.0024381658724111112 0.00046371971914033612 0.00036712175172678595 0.00087708751509484126 0.0020615236333501601 0.0039379095529255004 -0.00039225469198012259 0.0022029527867072542 -0.00016949758691983186 0.0032586944511288729 -0.00011066914343369762 0.0028853747313676509 0.0016924995642847935
leaf_weight=4833 40 400 2904 49 7329 2375 51 1192 3323 73 56 640 83 138 7660 1843 992 42 623 1938 40 41 70 8156 78 5832 58 186 50 54
leaf_count=4833 40 400 2904 49 7329 2375 51 1192 3323 73 56 640 83 138 7660 1843 992 42 623 1938 40 41 70 8156 78 5832 58 186 50 54
internal_value=-0.000626504 0.00196003 -0.00208481 0.00657685 0.00139715 0.00121999 0.0085 0.000371596 -0.00307504 0.00631805 0.0113743 0.00599744 0.00827231 0.00146067 -0.00109966 0.00245708 0.00241758 0.0194898 0.00415819 0.00172967 0.00678918 0.0141358 0.0152614 -0.00347948 0.0028869 -0.00172619 0.00679039 0.00395452 0.00437339 0.0040933
internal_weight=51149 18441 32708 2004 16437 16037 400 9513 16312 349 171 1955 874 178 16396 6524 2184 98 1081 4391 721 81 153 12989 2016 8736 458 2133 1947 1897
internal_count=51149 18441 32708 2004 16437 16037 400 9513 16312 349 171 1955 874 178 16396 6524 2184 98 1081 4391 721 81 153 12989 2016 8736 458 2133 1947 1897
is_linear=0
shrinkage=0.05


Tree=15
num_leaves=31
num_cat=0
split_feature=5 13 4 4 5 12 9 3 11 11 9 13 16 11 9 12 16 13 13 13 2 15 16 12 15 10 1 11 11 3
split_gain=68.3652 19.236 15.0337 13.8577 5.10582 4.09656 4.02107 3.80887 3.77191 3.25129 2.80175 3.70098 2.62483 3.89408 3.4226 2.60486 2.5305 2.37175 2.17324 5.27144 9.41129 2.15193 2.89558 2.19228 2.25326 1.84417 2.04478 1.84397 2.32978 2.36556
threshold=0.021205326574471984 49.655000686645515 0.020491821744596985 0.059059090390734571 0.016238293984171179 -0.080083523859072289 0.56934410196797258 0.077051482004597119 0.0047087702577918175 0.0036681658206255689 0.64174498261548685 25.010000228881839 -0.062749583771881765 -0.036898876616972491 -0.10945732021450104 -0.038043890036369758 0.0038520990761102829 43.015001296997077 22.330000877380375 21.82499980926514 0.002755101070048616 0.0037384371506522522 -0.055360239142605343 -0.0013043729558080417 -0.039779058568007945 0.0046724002397113837 0.074092362805107573 -0.01930721697732057 0.011634039633228179 0.036362484595095619
decision_type=2 2 2 2 2 2 10 2 2 2 10 2 2 2 8 2 2 2 2 2 2 2 2 2 2 2 2 2 2 2
left_child=2 3 -1 6 -4 -5 12 10 9 -8 21 16 13 -2 -15 -13 -12 -6 19 -14 -21 22 -7 24 -24 26 -23 -27 29 -29
right_child=1 -3 4 5 17 7 8 -9 -10 -11 11 15 18 14 -16 -17 -18 -19 -20 20 -22 25 23 -25 -26 27 -28 28 -30 -31
leaf_value=-0.00045903349151341067 -2.7922458333232662e-05 0.0050958662925960135 -0.00026524385346417398 0.0012367526200617444 -7.4363983981141771e-05 0.00126040762987111 0.00098743322471199144 0.001950205753807094 0.00039299200191279815 0.0026313135126883082 0.0013283809226455219 0.0010757971723165272 0.0001757139105307293 0.000128056079819545 0.0018814871456886283 0.0024637571701641241 0.00097061995938252431 0.001384687530125221 -6.1517293350846246e-05 -0.0004226075958486401 0.0031809263286721036 0.00092650311624004858 0.00142445599228633 0.0010879584138986809 -0.00035174399543438115 -0.00024650342308139616 0.0018331990820548737 0.0008341139712048515 0.00038671220428492941 0.0028009686069377614
leaf_weight=10562 99 52 12647 170 12470 105 272 43 531 43 326 43 9155 46 78 45 383 53 2098 53 58 160 63 434 459 127 41 205 318 40
leaf_count=10562 99 52 12647 170 12470 105 272 43 531 43 326 43 9155 46 78 45 383 53 2098 53 58 160 63 434 459 127 41 205 318 40
internal_value=-0.000638837 0.00214054 -0.00184037 0.002038 -0.001176 0.00511141 0.0013058 0.00465258 0.00463357 0.00896825 0.00442161 0.0069197 0.00106283 0.00643498 0.0123387 0.0165909 0.00571932 -0.000460354 0.000957408 0.00128642 0.0121171 0.00340164 0.0018803 0.00101464 -0.00116858 0.00521324 0.00942786 0.00398551 0.00521314 0.00887755
internal_weight=51179 15447 35732 15395 25170 2962 12433 2792 846 315 2749 797 11587 223 124 88 709 12523 11364 9266 111 1952 1061 956 522 891 201 690 563 245
internal_count=51179 15447 35732 15395 25170 2962 12433 2792 846 315 2749 797 11587 223 124 88 709 12523 11364 9266 111 1952 1061 956 522 891 201 690 563 245
is_linear=0
shrinkage=0.05


Tree=16
num_leaves=31
num_cat=0
split_feature=4 13 4 4 6 6 13 6 3 4 11 4 2 1 10 8 14 12 12 3 0 12 13 1 11 11 12 13 11 4
split_gain=62.4287 23.7276 16.3874 8.93382 4.8771 4.48934 3.31438 3.1914 2.78174 2.43087 2.42662 2.53205 2.37044 2.34811 2.19594 2.11229 2.42434 2.05621 2.80358 2.33249 1.86024 1.75317 1.70943 1.69615 1.61805 2.53473 1.57949 1.5218 1.58021 1.50019
threshold=0.031527819354478646 49.655000686645515 0.056218013470930139 0.020491821744596985 0.13895152458766385 1.7243818197605025 43.015001296997077 0.63880301623911562 0.077051482004597119 0.026436888551743285 0.057592518437268987 0.071917232079114435 0.62505912859809498 0.004834858545881727 0.0072501689697913605 0.048172328646820757 0.039367313902779928 0.017951110302837473 1.0000000180025095e-35 -0.017255418038802869 -0.029457653714167805 0.04031241424141075 21.555000305175785 0.20914295737209412 -0.0029128349712003172 -0.01930721697732057 0.10123019596275297 30.750000000000004 0.048369816433799014 0.03952977437502557
decision_type=2 2 2 2 2 2 2 2 2 2 2 2 2 2 2 10 2 2 2 2 2 2 2 2 2 2 2 2 2 2
left_child=3 2 4 7 15 9 8 -1 10 -5 11 12 27 29 23 -2 21 18 22 -20 -7 -17 -18 -13 25 -16 -23 28 -4 -6
right_child=1 -3 6 5 13 20 -8 -9 -10 -11 -12 14 -14 -15 24 16 17 -19 19 -21 -22 26 -24 -25 -26 -27 -28 -29 -30 -31
leaf_value=-0.00045252579255084457 -5.5277198342638083e-05 0.0043697367690657381 0.00053651261069237617 -0.00028866133590264544 -1.3366659647338702e-05 -0.00026265479866936645 0.0015799724165776298 -0.00030376099087048883 0.0015535354312946406 -0.00014094449357004806 -0.00092939033401515591 0.00094311477742675611 0.0027668723833855469 0.00050748964778000853 0.00076566619595365871 -3.658195151691367e-05 -0.00026405238433516214 0.00018069571609620672 0.0012144261804503242 0.0010620674958310009 0.00033997191036766179 0.00042550740731229749 0.00076014744816150191 0.0035508379656214485 0.0013720520720605855 0.0019578120664050761 -0.00065877863877216239 -0.00030664292912835225 0.0015567572694113205 0.00024836960234412843
leaf_weight=8426 7447 59 1894 10478 1511 251 43 2041 50 7737 101 933 69 3150 69 1972 83 412 42 134 1474 819 68 40 184 63 81 91 42 1330
leaf_count=8426 7447 59 1894 10478 1511 251 43 2041 50 7737 101 933 69 3150 69 1972 83 412 42 134 1474 819 68 40 184 63 81 91 42 1330
internal_value=-0.000646261 0.00147266 0.0013821 -0.00208784 0.000736406 -0.0014669 0.00445795 -0.00327076 0.00429016 -0.00169778 0.0041222 0.00435007 0.00327767 0.00188533 0.00609387 0.000113943 0.00110634 0.00366035 0.00662079 0.0109091 0.000971013 0.000449163 0.00162252 0.00491778 0.00971519 0.0139394 0.00227778 0.00296744 0.00326446 0.000843012
internal_weight=51094 20687 20628 30407 17049 19940 3579 10467 3536 18215 3486 3385 2096 5991 1289 11058 3611 739 327 176 1725 2872 151 973 316 132 900 2027 1936 2841
internal_count=51094 20687 20628 30407 17049 19940 3579 10467 3536 18215 3486 3385 2096 5991 1289 11058 3611 739 327 176 1725 2872 151 973 316 132 900 2027 1936 2841
is_linear=0
shrinkage=0.05


Tree=17
num_leaves=31
num_cat=0
split_feature=5 5 11 5 6 9 16 6 14 15 9 15 15 2 9 6 12 15 5 5 15 11 12 9 12 7 6 5 14 6
split_gain=57.3361 13.8726 13.9005 9.58082 4.60378 4.55196 4.31228 4.08919 3.80929 3.32245 3.17696 3.13269 4.82786 2.94196 3.42155 2.88967 2.50645 3.06773 3.95054 2.25862 2.24983 2.1771 2.19324 2.1535 1.81888 1.73422 1.65499 1.64685 1.64112 1.61481
threshold=0.019310675719530598 0.031760723347410869 -0.055970636302615777 0.012866936079228486 -0.14517838257263513 0.48474903243408424 -0.062749583771881765 1.7819793802761918 0.26245601507157795 0.028465779121799154 -0.3806495596218839 -0.025970961947483325 -0.016520049128507071 -0.045510958499638758 -0.17030043640628731 0.63880301623911562 -0.05023266322533259 0.0081647516386068614 0.039354874812641764 0.025817211633229503 0.0037384371506522522 -0.014879345686955035 -0.02814648891975435 0.5445526336629648 -0.067575667738432196 -0.11764722047122327 -0.92285581401847872 0.015556613989688358 0.032869961540085708 0.72107661284203217
decision_type=2 2 2 2 2 8 2 2 2 2 10 2 2 2 10 2 2 2 2 2 2 2 2 10 2 2 2 2 2 2
left_child=3 6 -3 15 27 10 11 8 19 21 20 24 13 14 -13 -1 17 25 -19 26 -4 22 -7 -24 -2 -12 -8 -5 -29 -18
right_child=1 2 5 4 -6 9 7 -9 -10 -11 16 12 -14 -15 -16 -17 29 18 -20 -21 -22 -23 23 -25 -26 -27 -28 28 -30 -31
leaf_value=-0.00043255719726356261 0.0008072091419618826 0.0039952023569853326 0.00073001365137687828 -0.00031945932078283841 -7.8026076040992216e-05 0.00042389966876921214 -0.00022113604792414483 0.00081248814754069666 0.00061627295783223861 0.0018588506838285103 0.00074217635734381599 0.0010508024618344242 -4.3236955922769825e-05 0.00051048022694426211 0.0018961517290150957 -0.00027184462955441379 4.2002696239189561e-05 0.00025895096301903006 0.0015024558566922319 0.00019154083509843704 0.0018534934714620806 0.00089573792334281298 0.00050190900330451902 0.0017372908463285095 -0.00078137515223462763 -0.00028321340104545974 2.7525819665823979e-05 -0.00025258770630909869 3.3155698036083733e-06 0.0015523730321703308
leaf_weight=9003 55 61 91 4804 9440 99 1426 1212 75 49 52 40 56 53 58 2479 1420 73 78 4323 70 1471 51 84 88 155 8065 4601 1340 251
leaf_count=9003 55 61 91 4804 9440 99 1426 1212 75 49 52 40 56 53 58 2479 1420 73 78 4323 70 1471 51 84 88 155 8065 4601 1340 251
internal_value=-0.000657533 0.00147872 0.00410112 -0.00197003 -0.0013141 0.00373479 0.000798976 0.000671809 0.000428755 0.00563284 0.00221461 0.00628571 0.0102174 0.0148675 0.02 -0.00312315 0.00167817 0.00547486 0.010894 0.000367742 0.00897515 0.00526393 0.00974359 0.0138889 0.000594404 0.00152174 -6.37458e-05 -0.00202187 -0.00146524 0.00086475
internal_weight=51123 19456 4005 31667 20185 3944 15451 15101 13889 1754 2190 350 207 151 98 11482 2029 358 151 13814 161 1705 234 135 143 207 9491 10745 5941 1671
internal_count=51123 19456 4005 31667 20185 3944 15451 15101 13889 1754 2190 350 207 151 98 11482 2029 358 151 13814 161 1705 234 135 143 207 9491 10745 5941 1671
is_linear=0
shrinkage=0.05


Tree=18
num_leaves=31
num_cat=0
split_feature=4 13 4 4 4 6 6 6 9 12 0 11 4 8 10 8 3 15 1 11 10 13 6 11 12 11 12 0 0 1
split_gain=51.4422 17.4847 10.8061 9.23068 4.67215 4.40808 3.50923 3.0426 2.9281 2.2578 2.34211 2.25318 2.16937 2.11127 3.23077 2.07567 1.9247 1.88238 1.85217 1.84913 2.54402 1.76396 1.67997 1.86366 1.65909 1.81975 3.17115 1.56193 1.76775 1.46468
threshold=0.032792717888477714 49.655000686645515 0.048673969599637747 0.020826008870423299 0.10200225379088555 1.7819793802761918 0.96693390968667614 0.63880301623911562 0.56934410196797258 -0.075828254732232245 -0.040820148284032735 0.027231937128701426 0.027765008028606295 0.047323571843736485 -0.016935557307996004 0.31236172712838678 -0.016639020569610027 0.03424436623808403 0.011275727965296191 0.034590351886677258 0.0065983934065093628 28.970000267028812 2.3752443082020434 -0.0062885376888598956 0.073733848686565309 -0.016157926908067829 -0.02731436709478002 0.021697339064612135 -0.048327429134572601 -0.011429154412230301
decision_type=2 2 2 2 2 2 2 2 10 2 2 2 2 10 2 10 2 2 2 2 2 2 2 2 2 2 2 2 2 2
left_child=3 2 5 7 8 13 12 -1 9 10 -4 24 -5 -2 -15 21 -16 29 -7 -9 -21 22 -11 -24 25 26 -10 28 -6 -8
right_child=1 -3 4 6 27 18 17 19 11 15 -12 -13 -14 14 16 -17 -18 -19 -20 20 -22 -23 23 -25 -26 -27 -28 -29 -30 -31
leaf_value=-0.00040879553349767799 -3.7704609827193467e-05 0.0045029896144925348 0.00088633478179812614 -0.00025580049180647541 0.0027727102254283056 0.00025413007529405526 -0.00024314047941977567 -0.00031461346034064759 0.00025757526026747615 0.00027908557410681286 0.00042925485222145368 -0.00029738778806645549 -0.00011835357420888909 0.00099644612761584715 0.00067559534823200093 0.0016583076630284667 0.00010485512142330056 0.0016278637538235071 0.0010919056710892033 -0.00016076682127068049 0.0015374712385707472 -0.00017854091495135883 -0.0002188617289023354 0.001709718851123177 0.0023933825985038896 0.0008365426620875159 0.0021539124729105584 0.0033999587150522477 0.0008512159817075307 0.00012405322815145457
leaf_weight=8888 7702 60 52 11188 50 523 1147 2078 61 3523 224 153 6596 51 275 165 3733 51 597 42 40 358 53 131 116 866 67 60 76 2244
leaf_count=8888 7702 60 52 11188 50 523 1147 2078 61 3523 224 153 6596 51 275 165 3733 51 597 42 40 358 53 131 116 866 67 60 76 2244
internal_value=-0.000686927 0.00138495 0.00129911 -0.00189998 0.00306045 0.000484821 -0.00128993 -0.00307205 0.00280898 0.0022126 0.0065942 0.00493666 -0.00157276 0.000199387 0.0011222 0.00192671 0.000963073 0.000171411 0.00348214 -0.00138889 0.00597561 0.00170357 0.00202724 0.00668478 0.00572072 0.00506036 0.010625 0.0108602 0.00769841 2.80141e-05
internal_weight=51170 18896 18836 32274 5955 12881 21226 11048 5769 4506 276 1263 17784 11761 4059 4230 4008 3442 1120 2160 82 4065 3707 184 1110 994 128 186 126 3391
internal_count=51170 18896 18836 32274 5955 12881 21226 11048 5769 4506 276 1263 17784 11761 4059 4230 4008 3442 1120 2160 82 4065 3707 184 1110 994 128 186 126 3391
is_linear=0
shrinkage=0.05


Tree=19
num_leaves=31
num_cat=0
split_feature=4 13 4 4 16 5 8 15 13 12 14 8 11 14 12 14 11 10 13 10 12 11 10 16 12 11 4 10 5 5
split_gain=48.7021 16.8801 11.3211 7.08801 3.89842 3.31615 2.89513 3.27465 3.1258 2.69982 3.51333 4.03028 2.41369 2.23785 3.49852 7.52621 7.47917 5.54167 6.15674 3.45338 2.91862 2.2317 2.20451 2.18493 2.12569 2.82644 2.14663 2.11849 2.06657 2.06303
threshold=0.029532920229183374 49.655000686645515 0.048673969599637747 0.018657464015751104 -0.062749583771881765 0.030706311715700669 0.073767644509762823 0.027981188941879512 25.505000114440922 -0.028754202463148134 0.26245601507157795 0.0061910534447197083 -0.036898876616972491 0.034817373929807223 0.014344478951051955 0.069818776796141915 0.0070460556257774263 -0.0048549275429384245 18.625000000000004 -0.0029934050487852577 0.011040708270440904 -0.023324980459216712 -0.0048549275429384245 0.023690754018063868 1.0000000180025095e-35 -0.014526452350843598 0.074541540916353718 -0.0047916131499655115 0.018383786993875145 0.014206901205356748
decision_type=2 2 2 2 2 2 10 2 2 2 2 10 2 2 2 2 2 2 2 2 2 2 2 2 2 2 2 2 2 2
left_child=3 2 9 -1 12 -6 -7 8 23 -2 13 -12 -4 28 15 16 17 18 -15 27 -17 -16 -14 24 26 -26 -8 -18 -11 -5
right_child=1 -3 4 29 5 6 7 -9 -10 10 11 -13 22 14 21 20 19 -19 -20 -21 -22 -23 -24 -25 25 -27 -28 -29 -30 -31
leaf_value=-0.00043273653086495174 -0.00011896012692533423 0.0042778401337679088 0.00051932430998881526 -0.00026842295100926687 0.00011866853048548166 0.00036883319490782561 -0.00012963594742026034 0.0020392895977984133 0.002081767327380944 -0.00016088964680480654 0.00044353913019845977 0.0014677946133443696 0.0017406735892890629 0.0012496839597683459 0.00051729078246134529 -3.6502091464421856e-05 0.00047316724705178168 -0.00028378170038157407 -1.9793675627707933e-05 0.0013477976246837691 0.00071453770283804992 -3.3012532114490167e-05 0.00036327445937201701 0.00043117523500414202 0.0019266065603867812 0.0010902316189178446 0.0014043729673758869 3.7045887957829033e-05 7.4504037440298248e-05 -0.00015233652871164194
leaf_weight=7276 2388 60 142 8793 1915 2141 193 64 57 2253 75 41 54 146 68 953 45 250 97 102 58 1772 46 546 40 633 111 44 9396 11362
leaf_count=7276 2388 60 142 8793 1915 2141 193 64 57 2253 75 41 54 146 68 953 45 250 97 102 58 1772 46 546 40 633 111 44 9396 11362
internal_value=-0.000647582 0.00101308 0.00094583 -0.00208177 0.00283406 0.00257017 0.003428 0.00500608 0.00455696 0.000311509 0.000555554 0.00922414 0.00904959 0.00048933 0.00159123 0.00323009 0.0072807 0.00402637 0.00940329 0.0156806 0.000489613 8.15205e-05 0.015 0.00412672 0.00554248 0.00710995 0.00207237 0.00848314 0.000154948 -0.00159886
internal_weight=51121 23690 23630 27431 5942 5700 3785 1644 1580 17688 15300 116 242 15184 3535 1695 684 493 243 191 1011 1840 100 1523 977 673 304 89 11649 20155
internal_count=51121 23690 23630 27431 5942 5700 3785 1644 1580 17688 15300 116 242 15184 3535 1695 684 493 243 191 1011 1840 100 1523 977 673 304 89 11649 20155
is_linear=0
shrinkage=0.05


Tree=20
num_leaves=31
num_cat=0
split_feature=4 13 4 5 5 16 12 12 16 12 0 1 16 16 16 15 16 1 9 15 9 13 13 15 3 9 15 9 13 11
split_gain=42.5977 15.2256 8.13917 7.61379 3.72068 2.40071 2.39796 2.3914 2.47527 3.89902 6.26946 2.43581 2.72431 5.1802 2.36565 2.27202 2.63108 2.24627 4.205 2.03207 4.45562 2.00275 2.56998 2.54615 1.872 1.85287 1.81484 1.80684 1.68576 4.50489
threshold=0.031527819354478646 49.655000686645515 0.020491821744596985 0.026587442181804598 0.049550437091151207 -0.0082950886117140171 -0.028754202463148134 -0.025840805569586341 -0.051563566981462465 0.016981710951886612 -0.021479226390966773 0.017599820817706172 0.0048345471215708322 0.0042161092676532572 -0.062749583771881765 0.0095681586507274669 0.037289661347420407 -0.0038293381911537745 0.081239191004466429 0.037814814954919125 0.17964044091279688 28.970000267028812 27.664999961853031 0.037814814954919125 0.030417070850828346 -0.013011860259414807 -0.031305386439318843 0.15592043785432144 13.444999694824221 0.0025776305361616685
decision_type=2 2 2 2 2 2 2 2 2 2 2 2 2 2 2 2 2 2 8 2 8 2 2 2 2 10 2 8 2 2
left_child=2 3 -1 6 14 24 -2 17 9 10 -9 -10 13 25 27 -7 -17 -8 -19 26 -21 22 23 -16 -6 -13 -4 -5 29 -28
right_child=1 -3 19 4 5 15 7 8 11 -11 -12 12 -14 -15 21 16 -18 18 -20 20 -22 -23 -24 -25 -26 -27 28 -29 -30 -31
leaf_value=-0.00035599497427640813 -0.00011437707573733812 0.0037144495577360799 0.00028654295627935191 0.00077492481497459039 0.0017871576801603535 0.00071814171224080132 0.00011491570593888472 0.0016350597739775313 -4.3244835131495535e-05 -0.00023758355727514005 0.00014808935085508702 -3.7996677394789628e-05 9.5853000085010184e-05 0.0026268754082699412 0.0003132456928232761 0.0030081381621894429 0.00065960601317915501 0.0012860072498020901 0.00079841066179369325 -0.00064212595811476375 0.0019456105056698939 -0.00017008477932702789 0.00056573341633193845 0.0015261707860065176 0.0034999207124775051 0.00050218153930691681 0.00033986038805259222 0.001243723631244085 -0.00021542791696677242 -0.00017680988705905145
leaf_weight=10467 1873 56 278 149 159 274 179 55 6324 81 65 338 3137 43 6467 59 71 40 50 55 40 411 78 66 45 582 587 55 16598 2336
leaf_count=10467 1873 56 278 149 159 274 179 55 6324 81 65 338 3137 43 6467 59 71 40 50 55 40 411 78 66 45 582 587 55 16598 2336
internal_value=-0.000644676 0.00110689 -0.0018364 0.00103611 0.00226321 0.00601974 0.000283151 0.000567284 0.000449411 0.00594527 0.0116667 0.000343437 0.00129268 0.0036189 0.00194713 0.00378713 0.00923077 0.00522305 0.0116667 -0.00124259 0.00605263 0.00179294 0.00200348 0.00189576 0.0104412 0.00282609 -0.00127759 0.0072549 -0.00133472 -0.000227507
internal_weight=51018 20657 30361 20601 7834 608 12767 10894 10625 201 120 10424 4100 963 7226 404 130 269 90 19894 95 7022 6611 6533 204 920 19799 204 19521 2923
internal_count=51018 20657 30361 20601 7834 608 12767 10894 10625 201 120 10424 4100 963 7226 404 130 269 90 19894 95 7022 6611 6533 204 920 19799 204 19521 2923
is_linear=0
shrinkage=0.05


Tree=21
num_leaves=31
num_cat=0
split_feature=4 13 4 6 4 16 4 6 12 2 13 14 10 12 12 1 12 13 15 12 10 12 12 7 12 6 3 1 4 12
split_gain=40.8019 14.6568 11.2376 5.06095 4.50457 3.83965 3.31351 3.06517 2.84399 2.38699 2.1397 2.02677 5.08379 4.75193 5.95437 2.2855 2.06797 8.57769 1.73283 3.87401 1.70596 2.07341 4.11813 4.92393 2.44154 1.92965 2.00841 1.86266 2.06345 1.83826
threshold=0.028123238689169463 49.655000686645515 0.047754550042808729 1.9803596125833836 0.017053601068707274 -0.062749583771881765 0.10200225379088555 -0.18417679314858151 -0.017626690580154977 0.62505912859809498 30.750000000000004 0.032246703719173715 -0.0080075865289204722 0.0065049647434682898 1.0000000180025095e-35 0.048237011081741728 0.058395912438342197 21.82499980926514 0.0024412422748563149 0.060339670934961183 0.0239914392111974 -0.028754202463148134 -0.02683756902577766 -0.028480688316592669 -0.05023266322533259 0.42582388101429208 -0.037149442830758876 0.016363206911074294 0.067747630366414582 -0.062212446145613214
decision_type=2 2 2 2 2 2 2 2 2 2 2 2 2 2 2 2 2 2 2 2 2 2 2 2 2 2 2 2 2 2
left_child=3 2 7 4 -1 8 9 11 -4 10 20 16 -13 14 15 -14 -2 18 -18 -20 21 24 23 -23 29 26 -24 -27 -29 -7
right_child=1 -3 5 -5 -6 6 -8 -9 -10 -11 -12 12 13 -15 -16 -17 17 -19 19 -21 -22 22 25 -25 -26 27 -28 28 -30 -31
leaf_value=-0.00041289133277496451 -0.00013080617113906106 0.0036633944075704361 0.00052294276486721664 0.000150575784846938 -0.00023839170822838101 0.00013423802769745385 0.0024976863160648694 0.00011543051109897222 0.0015480533548734104 0.0017209621390820184 -0.00024848624474984568 -0.00024008923468920966 4.9743562129857434e-05 0.00013901199369882003 0.0010720858844085986 0.0011254792516157757 -0.00048739185761280905 0.0020818796008194636 0.00087155259522846043 4.2696598789960411e-05 0.0011830990183036047 0.00040705872216642916 0.0012532582103836551 0.0022577627058296356 -0.00033808461124279856 0.00028065777515536396 0.00022988017441801512 0.0010230499701852286 0.0027427974363434925 0.0006182731884628841
leaf_weight=4335 7033 64 165 1674 18976 305 183 9532 89 155 270 947 183 1039 102 46 307 51 56 293 94 73 70 43 605 528 3054 469 107 133
leaf_count=4335 7033 64 165 1674 18976 305 183 9532 89 155 270 947 183 1039 102 46 307 51 56 293 94 73 70 43 605 528 3054 469 107 133
internal_value=-0.000597381 0.000789351 0.000730371 -0.00204023 -0.00223092 0.00255951 0.00230826 0.000138087 0.00858268 0.00210294 0.00193792 -0.000470818 0.000826499 0.00277372 0.00799094 0.00351528 -0.000859174 0.00171853 0.000182926 0.00259312 0.00215198 0.00203545 0.00251611 0.0118103 3.35559e-05 0.00226112 0.00162612 0.00405797 0.0060243 0.00287671
internal_weight=50981 25996 25932 24985 23311 6343 6089 19589 254 5906 5751 10057 2317 1370 331 229 7740 707 656 349 5481 5387 4344 116 1043 4228 3124 1104 576 438
internal_count=50981 25996 25932 24985 23311 6343 6089 19589 254 5906 5751 10057 2317 1370 331 229 7740 707 656 349 5481 5387 4344 116 1043 4228 3124 1104 576 438
is_linear=0
shrinkage=0.05


Tree=22
num_leaves=31
num_cat=0
split_feature=4 4 13 4 9 11 14 11 16 10 15 12 14 0 7 4 7 14 15 9 12 16 10 13 15 0 0 16 16 15
split_gain=37.8099 10.5905 6.95748 6.49517 3.32443 3.41686 2.66238 9.48805 2.78101 4.6928 2.66424 3.58486 5.46223 2.65279 2.53277 2.47027 2.41523 2.23807 4.54045 2.15652 2.15273 13.1531 3.30732 2.19014 2.859 2.6363 2.12259 2.10496 2.01389 1.9644
threshold=0.030192785234340991 0.065948714310706938 46.145000457763679 0.020159657210697721 0.56934410196797258 -0.016157926908067829 0.040467463007027978 0.041951569626952907 -0.062749583771881765 -0.015857529403489442 -0.014247366338755228 0.021751379698535137 0.044075030691926538 -0.021479226390966773 -0.0065350076361055933 0.10200225379088555 0.20645401041384739 0.074532352734606358 -0.013531387552056627 0.11130383990466676 0.073733848686565309 0.0045404196142767592 0.0079281372903893272 19.585000038146976 -0.018121212412782247 0.05635722346409789 -0.0063139313685349743 0.014628417625249914 0.085226878259233599 0.011289461559118698
decision_type=2 2 2 2 10 2 2 2 2 2 2 2 2 2 2 2 2 2 2 10 2 2 2 2 2 2 2 2 2 2
left_child=3 4 15 -1 6 -6 20 8 9 -8 -10 12 14 -11 -12 16 -3 -14 -19 -18 23 -22 -23 25 26 28 -25 -21 -2 -27
right_child=1 2 -4 -5 5 -7 7 -9 10 13 11 -13 17 -15 -16 -17 19 18 -20 27 21 22 -24 24 -26 29 -28 -29 -30 -31
leaf_value=-0.00033292315204507461 1.219340942613826e-05 0.00054213073445499491 0.0041091818877177179 -0.00017430715259500752 0.00087657433808140345 0.00048072978845686636 -2.1100719184485763e-06 0.0018471074994234182 -4.8785766824468718e-05 0.0017152845544487309 0.00074799150476484758 -2.1376495416462882e-05 0.00054987848899601475 0.0011003023012214133 0.0010267353022397595 0.0022646344985053977 0.00277588105375055 0.00091629484156540266 -0.00014884406125757982 0.0021106841345783392 0.0028727686676969025 -0.00021799380791767328 0.00066471572906271999 0.00069286677838778618 -0.00018606468880306504 0.0011448856625498195 -0.00020759304314941465 -0.00072525689497676107 0.0004427052856632648 0.00011970228669912814
leaf_weight=9886 10116 1641 40 18535 65 1161 144 44 2045 66 80 1022 504 65 68 192 41 42 549 48 49 524 280 71 3320 173 40 42 70 206
leaf_count=9886 10116 1641 40 18535 65 1161 144 44 2045 66 80 1022 504 65 68 192 41 42 549 48 49 524 280 71 3320 173 40 42 70 206
internal_value=-0.00063555 0.00088559 0.00435629 -0.00185092 0.000549651 0.00307504 0.000390696 0.00143767 0.00121592 0.00609091 0.000904871 0.00208609 0.00388978 0.0129389 0.0129054 0.00393584 0.00335214 0.00267123 0.000583755 0.00988549 6.43129e-05 0.00250293 0.000970148 -8.4311e-05 -0.00118187 0.000272124 0.00671171 0.00555555 0.000119771 0.00436675
internal_weight=51129 22708 2004 28421 20704 1226 19478 4629 4585 275 4310 2265 1243 131 148 1964 1772 1095 591 131 14849 853 804 13996 3431 10565 111 90 10186 379
internal_count=51129 22708 2004 28421 20704 1226 19478 4629 4585 275 4310 2265 1243 131 148 1964 1772 1095 591 131 14849 853 804 13996 3431 10565 111 90 10186 379
is_linear=0
shrinkage=0.05


Tree=23
num_leaves=31
num_cat=0
split_feature=4 4 11 4 6 6 5 6 1 5 6 14 14 13 11 13 13 5 11 4 15 14 9 1 11 16 15 9 4 6
split_gain=34.666 9.20961 6.73911 6.13365 4.26271 3.96555 2.96737 2.25998 1.99416 1.95778 1.85943 1.82474 1.97447 1.79391 3.0874 1.75435 2.60759 1.66407 1.63079 1.64269 1.57394 1.53427 2.25709 1.51645 1.49913 3.84254 1.70197 2.96152 3.55968 1.47715
threshold=0.029671911465500491 0.065948714310706938 -0.055970636302615777 0.020159657210697721 -0.073508676305931123 1.8371877626796886 0.024182653436233551 2.2935792146413703 -0.031131340818950855 0.021205326574471984 0.63880301623911562 -0.027300254032733503 -0.025186916390587507 18.904999732971195 0.048369816433799014 25.505000114440922 26.85000038146973 0.014806883007315603 0.057592518437268987 0.08984422855346165 -0.039779058568007945 0.26245601507157795 -0.010886457279669191 -0.014691868176716692 0.044463643697869822 0.076557041371474802 0.01347557108334785 0.29661510521464857 0.040299964072626392 1.8371877626796886
decision_type=2 2 2 2 2 2 2 2 2 2 2 2 2 2 2 2 2 2 2 2 2 2 10 2 2 2 2 8 2 2
left_child=3 4 -3 10 9 15 21 18 -9 -2 -1 13 -13 14 -11 20 17 -17 19 -4 -5 -6 -23 -7 25 26 -14 28 -28 -8
right_child=1 2 7 5 6 23 29 8 -10 11 -12 12 24 -15 -16 16 -18 -19 -20 -21 -22 22 -24 -25 -26 -27 27 -29 -30 -31
leaf_value=-0.00033643919354999944 -0.00012026803333300555 0.0026912797432529561 0.00051892259602232319 0.00066168483065285548 7.2088858809610197e-05 -0.00017297298988148589 0.0003233163698371303 0.00077706052980100774 0.0037186079266034416 3.5963742273333421e-07 -0.00020148997212128289 0.0017599444475279798 6.8454100033328374e-05 -0.00028558060233787691 0.00060016031963755826 0.00013039500673928976 -0.00016553072237969038 0.00064308600223364921 -0.0010024333025333589 0.0013823250127991634 -0.00019406799621392428 0.00032094354511939696 0.0011215045823319656 0.00054566866236970078 -0.0012693835695472295 0.0018433752893315066 0.00042864114864159817 -0.00017096962879609512 0.00095291998342887185 0.0012781002345336515
leaf_weight=7981 4519 64 1416 61 5690 430 2865 48 41 1565 1911 75 4376 1185 56 40 136 44 71 363 15998 94 45 958 108 51 61 105 64 664
leaf_count=7981 4519 64 1416 61 5690 430 2865 48 41 1565 1911 75 4376 1185 56 40 136 44 71 363 15998 94 45 958 108 51 61 105 64 664
internal_value=-0.000616131 0.000793589 0.00403644 -0.00181955 0.000491798 -0.00126139 0.00129408 0.00350954 0.0112921 -0.000125361 -0.00281642 0.00036228 0.000950412 -0.000652175 0.000428746 -0.00148013 0.00295454 0.00988095 0.00313513 0.0034317 -0.00154088 0.000601303 0.00579137 0.00130403 0.000823713 0.000958771 0.000807641 0.005 0.0102 0.00243837
internal_weight=51085 23526 2003 27559 21523 17667 9358 1939 89 12165 9892 7646 4840 2806 1621 16279 220 84 1850 1779 16059 5829 139 1388 4765 4657 4606 230 125 3529
internal_count=51085 23526 2003 27559 21523 17667 9358 1939 89 12165 9892 7646 4840 2806 1621 16279 220 84 1850 1779 16059 5829 139 1388 4765 4657 4606 230 125 3529
is_linear=0
shrinkage=0.05


Tree=24
num_leaves=31
num_cat=0
split_feature=5 13 5 5 6 6 5 6 6 13 1 6 11 1 8 13 13 13 13 11 16 13 13 10 10 13 16 16 13 13
split_gain=31.6988 8.66776 6.07875 5.75085 3.54393 2.96131 2.71483 2.17531 2.09092 1.952 2.00405 1.81576 1.65163 1.76449 1.58006 1.66038 3.34789 5.02495 1.84143 1.77409 2.32608 1.6127 3.08615 1.52097 2.73568 1.70291 1.50893 1.44937 1.43163 1.57493
threshold=0.017510487999514286 49.655000686645515 0.011867345877782291 0.025817211633229503 0.24821703961542457 -0.14517838257263513 0.049550437091151207 0.93729661911207862 0.63880301623911562 12.230000019073488 0.053888656335559622 -0.69953047474996144 0.016901254843129102 -0.062812435905860595 0.01236358933509585 20.375000000000004 22.330000877380375 21.82499980926514 20.814999580383304 0.01613839302739695 0.027642500576490429 18.260000228881839 18.214999198913578 0.014365364117936543 0.012727051103036626 14.734999656677248 -0.035587192829177543 0.0058507518293452474 25.505000114440922 27.070000648498539
decision_type=2 2 2 2 2 2 2 2 2 2 2 2 2 2 10 2 2 2 2 2 2 2 2 2 2 2 2 2 2 2
left_child=2 3 8 4 12 28 11 26 -1 10 -7 -5 14 -14 21 19 17 18 -17 -16 -21 22 -2 24 25 -13 -8 -9 -4 -30
right_child=1 -3 5 6 -6 9 7 27 -10 -11 -12 23 13 -15 15 16 -18 -19 -20 20 -22 -23 -24 -25 -26 -27 -28 -29 29 -31
leaf_value=-0.00035276847168583904 -1.1734010943436937e-05 0.002072875406348579 -0.0002174829951102471 3.1334557756897175e-05 0.00017645097199663729 3.4614038212975425e-05 0.0018414160646515758 0.0027424587747290965 -0.00021034620790592062 -9.1521706064542343e-05 0.00095181781209418669 -6.4003938854054535e-05 0.00062439260886001924 -0.00028129602423729777 4.1203576655131957e-06 0.00097017204733816382 -0.00021067113058014384 0.0020835379321766617 -0.00011942773823845818 -0.0002907775189117676 0.00076236061602173548 -0.00019248581995536115 0.0011803296624850806 -7.8777350765754057e-05 0.0019996481293783007 0.00042906440413326125 0.00060658185452536055 0.0020234700017034424 0.00056632728171525566 -0.0001065137886852937
leaf_weight=6635 2416 58 9809 2051 4784 62 69 74 1841 8365 40 761 40 2173 3229 73 151 57 101 61 65 2255 48 516 51 4822 402 49 43 64
leaf_count=6635 2416 58 9809 2051 4784 62 69 74 1841 8365 40 761 40 2173 3229 73 151 57 101 61 65 2255 48 516 51 4822 402 49 43 64
internal_value=-0.000614191 0.000694066 -0.00179809 0.000647887 6.69761e-05 -0.00128733 0.00166856 0.00493266 -0.00290585 -0.000600568 0.00627451 0.00143214 -0.000440061 -0.00165612 -0.000121808 0.000646239 0.00376963 0.00755411 0.00333333 0.00029061 0.00611111 -0.000730029 0.00015422 0.00186179 0.00209975 0.00199445 0.00338641 0.0108537 -0.00187374 0.0038785
internal_weight=51165 24306 26859 24248 15453 18383 8795 594 8476 8467 102 8201 10669 2213 8456 3737 382 231 174 3355 126 4719 2464 6150 5634 5583 471 123 9916 107
internal_count=51165 24306 26859 24248 15453 18383 8795 594 8476 8467 102 8201 10669 2213 8456 3737 382 231 174 3355 126 4719 2464 6150 5634 5583 471 123 9916 107
is_linear=0
shrinkage=0.05


Tree=25
num_leaves=31
num_cat=0
split_feature=5 13 5 5 6 6 10 6 14 14 9 10 13 1 6 10 10 10 12 16 12 13 10 12 14 12 14 13 12 13
split_gain=28.963 8.47082 6.74809 5.59214 3.38913 3.01373 2.72536 2.46321 1.79837 2.08357 4.95303 1.98687 1.62662 1.6893 1.52371 1.51836 2.11765 2.51996 1.51646 2.59358 3.34433 1.64145 1.47945 1.43834 1.794 7.2779 4.69409 2.51643 5.47181 1.97626
threshold=0.017799924807101873 49.655000686645515 0.029190348804670144 0.011867345877782291 0.57734411991196888 0.13895152458766385 0.0239914392111974 -0.14517838257263513 -0.19490876951167976 -0.061929277885563232 -0.22055036031757072 -0.010966438049946124 25.505000114440922 -0.029260336331364652 0.63880301623911562 0.013844787315234976 0.0086193521775437282 0.0090796320143422555 -0.028754202463148134 -0.04304369717818151 -0.02683756902577766 14.870000362396242 -0.0049765527549362467 -0.00022028284513159188 0.032246703719173715 0.0061046403867389696 0.072256211824153885 20.375000000000004 0.073733848686565309 21.134999275207523
decision_type=2 2 2 2 2 2 2 2 2 2 10 2 2 2 2 2 2 2 2 2 2 2 2 2 2 2 2 2 2 2
left_child=3 2 5 14 6 23 18 12 -6 10 -10 -11 -5 -14 -1 16 -9 -18 -4 -20 -21 -22 -13 -2 27 26 -26 -25 29 -29
right_child=1 -3 4 7 8 -7 -8 15 9 11 -12 22 13 -15 -16 -17 17 -19 19 20 21 -23 -24 24 25 -27 -28 28 -30 -31
leaf_value=-0.00032400143040528696 -0.0001169192276003299 0.0025495413370785246 -4.0866346110016039e-05 -0.000200961247714577 -0.0022835482410467002 0.00015625249531632112 0.0018188413751999014 -0.00010764688488706814 0.002200246755739418 0.0012011474524662917 0.00096448076088285746 -0.00015353058627304297 -0.00010525494629081404 0.00046327625177790635 -0.00021127597802040912 -0.00045651259607850557 0.00094740825346293549 0.00010801277764531593 0.0012050871689860453 0.0016891321932249173 -0.00012897222006289042 0.00035875540380847916 0.00094339602120508846 -8.7364086238891393e-05 0.0011614212067431794 3.2634375461453736e-05 0.00035952591515524984 0.00059711530661000144 0.0019562137619710627 -0.00028989176455693401
leaf_weight=6605 3748 59 1015 10179 48 6135 71 7290 42 166 162 124 52 55 1830 520 74 940 141 41 590 2532 655 5940 92 1613 81 114 49 103
leaf_count=6605 3748 59 1015 10179 48 6135 71 7290 42 166 162 124 52 55 1830 520 74 940 141 41 590 2532 655 5940 92 1613 81 114 49 103
internal_value=-0.000634083 0.00065452 0.000606938 -0.00173444 0.00212368 0.000132866 0.00148064 -0.00126112 0.00448204 0.00487815 0.00946078 0.00388889 -0.0017869 0.00434579 -0.00280676 -0.000648233 -0.000484105 0.0016568 0.00132091 0.00184019 0.00154442 0.0013581 0.00283055 -0.000336458 4.25414e-05 0.00143897 0.011185 -0.000359331 0.0043985 0.000990782
internal_weight=51066 23521 23462 27545 5587 17875 4390 19110 1197 1149 204 945 10286 107 8435 8824 8304 1014 4319 3304 3163 3122 779 11740 7992 1786 173 6206 266 217
internal_count=51066 23521 23462 27545 5587 17875 4390 19110 1197 1149 204 945 10286 107 8435 8824 8304 1014 4319 3304 3163 3122 779 11740 7992 1786 173 6206 266 217
is_linear=0
shrinkage=0.05


Tree=26
num_leaves=31
num_cat=0
split_feature=4 13 9 5 6 8 11 11 5 9 6 16 16 10 6 14 13 13 6 14 10 10 14 13 16 13 11 13 16 4
split_gain=27.1815 8.05456 6.41966 4.61534 3.5623 3.30447 3.18854 3.86472 2.99796 2.73089 2.69396 2.38872 2.67149 4.86161 2.15855 2.11468 1.90118 1.76053 1.71751 1.67671 3.02943 2.78499 3.28366 3.26046 2.29 2.23699 2.22369 1.88433 5.11508 1.88515
threshold=0.028123238689169463 49.655000686645515 0.42508925063987907 0.010758430825862687 -0.18417679314858151 0.53434162784045902 -0.016157926908067829 -0.020756034341227022 0.016007180970287201 -0.3806495596218839 0.13895152458766385 -0.026166226050322813 -0.027765974919875477 0.00038115432096208496 2.9165468072852376 0.15949463237792252 14.119999885559084 25.19999980926514 2.5824362701093202 0.032246703719173715 -0.0080075865289204722 -0.0061038780912164295 0.099229703636582692 25.505000114440922 0.025097495047379018 14.920000076293947 -0.013624952987961734 13.414999961853029 -0.022769625284648817 0.055427747679159457
decision_type=2 2 10 2 2 10 2 2 2 8 2 2 2 2 2 2 2 2 2 2 2 2 2 2 2 2 2 2 2 2
left_child=3 2 5 -1 11 8 7 15 -2 -10 19 12 16 -14 17 -4 -5 -8 -6 27 24 22 25 26 -21 -22 -23 28 -11 -29
right_child=1 -3 6 4 18 -7 14 -9 9 10 -12 -13 13 -15 -16 -17 -18 -19 -20 20 21 23 -24 -25 -26 -27 -28 29 -30 -31
leaf_value=-0.00033745244620710519 -0.00027845013414185758 0.0024299049604175268 6.5101499244809338e-05 0.00039941225679178633 -0.00011353206633726407 0.0025511399690059671 0.00030284608571376807 0.0012781035745279689 0.00098008214522943738 0.00092555005388727976 0.00015710437164936764 -0.00026078487628176776 -0.00010767601078126397 0.0014743301504460088 0.0033728691147349651 0.00075051010085596466 -0.00012244009888462849 0.0015992774513959706 0.00039925093084759874 -0.00014084143913281716 -0.00016909743074043911 0.00055757631108062399 -0.00014376846169604339 0.0016046755263787107 0.00056325415176948534 0.00074228500244876306 2.734028431383131e-05 -0.00011237120415210757 8.4185227638505073e-05 0.00014210307718005058
leaf_weight=5238 1226 65 140 46 8431 68 2546 89 293 46 7131 9448 74 57 116 40 903 63 814 1603 42 117 101 51 57 213 1390 8531 988 1148
leaf_count=5238 1226 65 140 46 8431 68 2546 89 293 46 7131 9448 74 57 116 40 903 63 814 1603 42 117 101 51 57 213 1390 8531 988 1148
internal_value=-0.000631915 0.000498004 0.000454055 -0.00180941 -0.00145982 0.000170614 0.00263193 0.00782528 0.000137985 0.000273823 0.000208235 -0.00208872 0.000138888 0.00683206 0.00211926 0.00361111 -0.000785038 0.00182254 -0.000743646 -0.000187934 0.000749859 0.00210554 0.0060955 0.00119384 -0.000813254 0.00911765 0.000773058 -0.000500795 0.00152805 -0.000717534
internal_weight=51075 26064 25999 25011 19773 23005 2994 269 22937 21711 21418 10528 1080 131 2725 180 949 2609 9245 14287 3574 1914 356 1558 1660 255 1507 10713 1034 9679
internal_count=51075 26064 25999 25011 19773 23005 2994 269 22937 21711 21418 10528 1080 131 2725 180 949 2609 9245 14287 3574 1914 356 1558 1660 255 1507 10713 1034 9679
is_linear=0
shrinkage=0.05


Tree=27
num_leaves=31
num_cat=0
split_feature=5 5 13 4 6 6 14 15 12 14 13 11 13 5 6 9 10 10 10 12 3 12 13 10 4 13 15 9 10 13
split_gain=23.9583 8.84009 6.68754 4.14059 3.37717 2.89408 2.59301 2.79217 3.58616 4.12201 3.61575 2.92569 2.6149 2.3525 3.7023 2.22684 1.92491 1.78227 1.71523 3.16774 1.75663 1.68417 2.53017 1.69909 1.58014 1.42146 3.23782 2.15384 1.71346 1.77593
threshold=0.016007180970287201 0.03039331493087841 43.015001296997077 0.016219439410387341 -0.2537310305445612 -0.16123329929476846 0.032246703719173715 -0.011393943156266793 0.0065049647434682898 0.069818776796141915 18.214999198913578 -0.010447904768034031 16.675000190734867 0.054299660830038302 0.93729661911207862 -0.33561249967207124 0.014365364117936543 0.00038115432096208496 0.012020703086552011 0.057873596393828615 0.0065824021503375638 0.018300585025284647 21.82499980926514 -0.0014016690125979168 0.026436888551743285 23.604999542236332 0.03424436623808403 0.20888908728921399 0.0087442348777118113 25.505000114440922
decision_type=2 2 2 2 2 2 2 2 2 2 2 2 2 2 2 8 2 2 2 2 2 2 2 2 2 2 2 8 2 2
left_child=3 4 13 -1 6 -5 15 -8 9 10 12 -10 -9 25 -15 -2 18 -16 24 20 -20 -17 23 -23 -6 26 -3 -27 29 -29
right_child=1 2 -4 5 16 -7 7 8 11 -11 -12 -13 -14 14 17 21 -18 -19 19 -21 -22 22 -24 -25 -26 27 -28 28 -30 -31
leaf_value=-0.00035814494401638299 0.00056202449248223473 0.00040668372340106845 0.0023162504072629961 -0.00021702797225492599 -0.00015662654393309143 -0.00011965449288143718 -0.00013347249397694676 0.0010342064181006981 0.00041952958156930479 8.8302782775452637e-06 0.0010906002046400789 -2.2509518122776478e-05 3.2767742630516882e-05 0.00089924738037958161 0.0027477353551363017 -0.00021104242570970261 -0.00027118936877109067 0.0030920323572079574 0.00033566748902301013 -0.00036387808553946238 0.0010799287322940145 -0.00045583336281729102 0.001257811414470735 -2.1239536509479283e-05 0.00011736455437278803 -0.0001096914376233929 0.0031641240725846899 -0.00031510200249381954 0.001945805243393687 0.0013827221668567455
leaf_weight=3409 115 3210 61 9809 911 8950 1195 74 118 172 73 1036 90 318 40 4253 778 52 79 140 83 847 78 3641 10346 866 43 119 40 101
leaf_count=3409 115 3210 61 9809 911 8950 1195 74 118 172 73 1036 90 318 40 4253 778 52 79 140 83 847 78 3641 10346 866 43 119 40 101
internal_value=-0.000576627 0.000372415 0.00231959 -0.00181297 -2.06013e-05 -0.00152167 -0.000629491 0.000710659 0.00210173 0.00612469 0.0104008 0.000675909 0.00628049 0.00211004 0.00573171 -0.00104321 0.000556455 0.0145652 0.000718487 0.00443708 0.00919753 -0.00113335 -0.000466493 -0.000621659 0.000618725 0.00177095 0.00230095 0.000239786 0.00423077 0.0025
internal_weight=51047 28879 4850 22168 24029 18759 11692 2758 1563 409 237 1154 164 4789 410 8934 12337 92 11559 302 162 8819 4566 4488 11257 4379 3253 1126 260 220
internal_count=51047 28879 4850 22168 24029 18759 11692 2758 1563 409 237 1154 164 4789 410 8934 12337 92 11559 302 162 8819 4566 4488 11257 4379 3253 1126 260 220
is_linear=0
shrinkage=0.05


Tree=28
num_leaves=31
num_cat=0
split_feature=5 5 4 13 6 5 6 6 13 13 13 10 11 11 11 10 4 16 11 13 15 6 11 16 10 10 11 0 0 15
split_gain=23.063 5.86762 5.59536 5.11857 2.62842 2.41718 2.22791 2.17901 2.04073 2.22545 2.07944 5.08974 3.81402 2.19719 5.72076 4.1925 2.00101 1.77605 3.67373 1.77011 1.71026 1.67448 1.64146 1.50223 1.48869 2.35457 4.30553 1.92499 1.7874 1.75317
threshold=0.017728868151507256 0.011788848339655199 0.046939696276949348 49.655000686645515 1.7819793802761918 0.054299660830038302 0.96693390968667614 1.7819793802761918 25.505000114440922 26.85000038146973 13.444999694824221 0.013109315021302749 -0.005582275565566174 0.0026615603308526308 0.00066759209085187632 9.4862369999448873e-05 0.028022642777196748 -0.062749583771881765 -0.023775986944761848 28.970000267028812 0.037814814954919125 0.54143644842982019 0.034590351886677258 -0.035587192829177543 0.014365364117936543 0.012020703086552011 0.0032511788494672404 0.05635722346409789 0.0048750633146819053 0.0079546058042078167
decision_type=2 2 2 2 2 2 2 2 2 2 2 2 2 2 2 2 2 2 2 2 2 2 2 2 2 2 2 2 2 2
left_child=1 21 4 5 16 17 23 8 10 -10 11 12 -3 14 -14 -16 -2 18 -4 20 -19 -1 -23 -7 25 27 -27 -18 -28 -29
right_child=2 7 3 -5 -6 6 -8 -9 9 -11 -12 -13 13 -15 15 -17 24 19 -20 -21 -22 22 -24 -25 -26 26 28 29 -30 -31
leaf_value=-0.00029375613016274554 -0.00024457527331786332 0.00062393182892463053 8.3468862245753049e-05 0.0032401601464574076 0.0004510592387908988 0.0022697605713301503 0.0028222512230242558 0.00015818536279173522 0.00045948666587014949 -5.0399961603918884e-05 -0.00017205625612745886 0.001347672975893081 -9.4628193129631227e-05 -0.00012564916798888905 -0.00022706300704433379 0.00097150827204504214 2.6696508263743748e-06 0.00023832699742676341 0.0012924719303063336 -0.00026873461781062451 0.001330343938359188 -0.00020422984747547245 0.00077921187353706053 0.00046550846321113731 -0.00028472080222403083 0.0013393716308050638 0.00051818179673381623 0.0011025143252009928 -9.691401419900646e-05 0.00067510585868112865
leaf_weight=6325 1320 40 175 41 1381 44 85 1538 95 187 14669 47 343 2122 46 100 13077 5610 76 427 75 1884 73 262 707 47 73 40 198 72
leaf_count=6325 1320 40 175 41 1381 44 85 1538 95 187 14669 47 343 2122 46 100 13077 5610 76 427 75 1884 73 262 707 47 73 40 198 72
internal_value=-0.000577289 -0.0015634 0.000565161 0.00177704 7.83316e-05 0.00167012 0.00548593 -0.00108329 -0.00124058 0.00297872 -0.00130909 -3.33592e-05 -0.000322521 -0.000557259 0.00246421 0.0107534 -0.000107507 0.00143564 0.00555777 0.00126636 0.00149956 -0.00267568 -0.00139755 0.00349673 6.54273e-05 0.000182497 0.00443396 7.99897e-05 0.00201107 0.00660714
internal_weight=51179 27469 23710 6795 16915 6754 391 19187 17649 282 17367 2698 2651 2611 489 146 15534 6363 251 6112 5685 8282 1957 306 14214 13507 318 13189 271 112
internal_count=51179 27469 23710 6795 16915 6754 391 19187 17649 282 17367 2698 2651 2611 489 146 15534 6363 251 6112 5685 8282 1957 306 14214 13507 318 13189 271 112
is_linear=0
shrinkage=0.05


Tree=29
num_leaves=31
num_cat=0
split_feature=4 4 5 7 14 3 13 16 14 15 15 13 14 3 4 15 11 13 7 14 15 11 1 0 13 16 13 5 13 7
split_gain=19.7811 8.16124 3.06554 2.60745 2.41524 2.25348 2.54085 5.25736 7.41905 2.82943 5.83408 4.88087 3.65092 2.98771 2.28047 2.24205 4.83504 7.28952 3.19821 2.89118 4.94836 2.30195 2.20517 2.09205 1.9646 1.82646 3.14152 2.13127 1.80675 1.7441
threshold=0.036702560077319479 0.018425736345862066 0.040540731723898944 -0.20128334917171334 0.049481808267930923 0.0078372977027272323 13.444999694824221 -0.0202185570096266 0.0091478412114857095 0.0084858565175797169 0.011289461559118698 12.454999923706056 -0.01262073301810107 -0.00042991048190704756 0.026665551290252856 -0.0073297806830554526 -0.00993475231595836 20.659999847412113 -0.0045397610648490452 0.079538209541853658 -0.0021964409567692407 -0.023324980459216712 0.016773597760760154 -0.00022267251564173082 14.00500011444092 -0.062749583771881765 18.625000000000004 0.03008229913476481 30.750000000000004 0.23710001630353186
decision_type=2 2 2 2 2 2 2 2 2 2 2 2 2 2 2 2 2 2 2 2 2 2 2 2 2 2 2 2 2 2
left_child=1 -1 25 -4 5 6 7 8 14 -9 11 -11 13 -13 -3 -6 17 18 -17 20 -18 -19 -22 -20 -24 26 -2 -28 -27 -5
right_child=2 4 3 29 15 -7 -8 9 -10 10 -12 12 -14 -15 -16 16 19 21 23 -21 22 -23 24 -25 -26 28 27 -29 -30 -31
leaf_value=-0.00027755691102986161 0.0015923988529291705 0.00041783584383079395 0.0029419407958363492 0.00051148518703069258 -7.7080091306043144e-05 -1.6108469210361241e-05 -0.00019561947455970196 -0.00017987533275006309 -0.0003510432552123642 0.0011909806222665182 -8.1090010797641452e-05 0.00085627633361813843 -0.00052593772015274839 0.00017456195909507088 0.0009374638624638095 0.00035663554495620961 0.00079866504895618855 0.00033789471769086045 0.0020408681597631349 -0.00031372013777768398 -0.00026097975287983589 -0.00034503608254688166 0.00065040723544356046 0.00081102748567199619 0.00015041254724770429 8.7341610426195989e-05 -5.2683537747267454e-06 0.0011060313173117196 -0.00039882751800972321 0.0014277603950741942
leaf_weight=6840 44 81 49 1432 3574 4966 16247 2266 100 70 481 41 86 74 65 96 166 83 49 629 322 164 45 57 249 11976 273 108 250 138
leaf_count=6840 44 81 49 1432 3574 4966 16247 2266 100 70 481 41 86 74 65 96 166 83 49 629 322 164 45 57 249 11976 273 108 250 138
internal_value=-0.000598872 -0.00121235 0.000981078 0.00302965 -0.000856041 -0.00106774 -0.00130978 -3.67659e-05 0.00699187 -0.000609676 0.00204787 0.00791513 0.00395522 0.00978261 0.0141781 9.75329e-05 0.00150538 0.0060245 0.0130693 6.73269e-05 0.00209719 0.000263157 3.24663e-05 0.0190566 0.00316326 0.000718914 0.00394118 0.00248031 0.000606902 0.00267516
internal_weight=51021 36751 14270 1619 29911 24477 19511 3264 246 3018 752 271 201 115 146 5434 1860 449 202 1411 782 247 616 106 294 12651 425 381 12226 1570
internal_count=51021 36751 14270 1619 29911 24477 19511 3264 246 3018 752 271 201 115 146 5434 1860 449 202 1411 782 247 616 106 294 12651 425 381 12226 1570
is_linear=0
shrinkage=0.05


Tree=30
num_leaves=31
num_cat=0
split_feature=4 5 5 16 6 6 16 16 11 12 12 2 4 12 12 8 11 13 16 6 12 15 3 12 5 16 3 11 15 11
split_gain=18.2448 4.85608 4.56316 3.88764 3.54844 2.71269 2.04573 2.80255 3.91295 3.18447 2.29594 1.90492 2.32686 1.61641 2.46002 1.57378 2.02873 1.52949 1.75356 1.51793 1.4499 2.65107 1.39656 1.6436 1.38578 1.40447 4.90255 1.74231 1.28096 2.05938
threshold=0.029532920229183374 0.034158924279506404 0.010758430825862687 -0.062749583771881765 -0.18417679314858151 -0.2231160921783957 -0.026166226050322813 -0.027765974919875477 -0.0088251429249220897 0.028818741117549677 0.053746463317020383 0.62505912859809498 0.077353357404901638 -0.03157965321165878 -0.036853049265853803 -0.012325196550308391 -0.016157926908067829 12.230000019073488 0.045115806410636401 2.1234114225731537 0.032077176044670981 0.03424436623808403 -0.015060279133624064 0.0011335469917099774 0.017031453004983623 -0.062749583771881765 -0.0038808201871107779 -0.023775986944761848 0.0081647516386068614 0.026483483019392965
decision_type=2 2 2 2 2 2 2 2 2 2 2 2 2 2 2 10 2 2 2 2 2 2 2 2 2 2 2 2 2 2
left_child=2 5 -1 -3 6 -2 7 9 -9 13 -11 28 -13 14 -4 24 22 18 -6 -18 21 -19 23 -17 -7 26 -26 -28 -5 -30
right_child=1 3 4 11 17 15 -8 8 -10 10 -12 12 -14 -15 -16 16 19 20 -20 -21 -22 -23 -24 -25 25 -27 27 -29 29 -31
leaf_value=-0.00027419693683739254 -4.2874552015654612e-05 0.0019010463894353223 -7.8116975444172425e-05 0.00019139267054380494 7.1771809486706372e-05 -0.00025563817262286135 -0.00020493762180560476 -2.4566114950804146e-05 0.001371775510109044 0.00047673600247607995 -0.00046078708234824117 0.0020664413189567239 -0.00035649359687553651 -0.00025877995702090301 0.00040109949335820848 0.00016458876176229185 0.00010571399665227047 -2.6783672872086799e-05 0.0010834620858796455 0.00088692892475336713 -0.00017258406156332886 0.0013664076295000786 0.00022515067299594388 0.00092040449198659143 -0.00012871649165455105 7.4660008605690752e-06 0.00090677026638364983 0.0013919300453077337 0.00057678695996969253 -4.6764624721553949e-05
leaf_weight=5199 10155 100 187 1764 119 506 10584 88 57 75 40 92 56 713 51 48 4622 6723 41 727 3398 63 361 64 189 3918 81 46 691 308
leaf_count=5199 10155 100 187 1764 119 506 10584 88 57 75 40 92 56 713 51 48 4622 6723 41 727 3398 63 361 64 189 3918 81 46 691 308
internal_value=-0.000584147 0.000430292 -0.00146463 0.00230654 -0.00115159 0.000157599 -0.00174438 0.000202311 0.00672414 -0.000684804 0.00717391 0.00197355 0.0075 -0.00163512 0.00193277 0.000718613 0.00126932 -0.000475639 0.004375 0.000991773 -0.000551847 -0.00012968 0.00440803 0.00928571 4.21929e-05 0.000337741 0.0035443 0.0111417 0.00167752 0.00310811
internal_weight=51066 23728 27338 3011 22139 20717 11795 1211 145 1066 115 2911 148 951 238 10562 5822 10344 160 5349 10184 6786 473 112 4740 4234 316 127 2763 999
internal_count=51066 23728 27338 3011 22139 20717 11795 1211 145 1066 115 2911 148 951 238 10562 5822 10344 160 5349 10184 6786 473 112 4740 4234 316 127 2763 999
is_linear=0
shrinkage=0.05


Tree=31
num_leaves=31
num_cat=0
split_feature=4 4 4 4 8 6 6 6 6 14 13 13 15 15 14 15 1 2 13 8 1 15 12 12 15 14 14 9 6 13
split_gain=17.3686 4.1337 3.49206 2.64596 2.58689 2.52105 2.2446 1.70681 1.67272 2.28252 1.8392 3.15191 4.10824 7.04167 1.70986 1.63907 2.30516 1.49184 1.45648 1.45581 1.39594 1.41918 1.39382 2.21469 2.14084 1.50376 1.37783 1.35168 1.31551 1.75346
threshold=0.026436888551743285 0.038387192491427018 0.016792563928163508 0.10200225379088555 -0.011320633940985867 2.2935792146413703 0.13895152458766385 -0.0094957212804455283 0.24821703961542457 0.13795776446892064 13.414999961853029 13.13000011444092 -0.0016100226822915451 0.0043412526805569627 -0.054805799949304061 0.0054428883871233688 0.027074021491225512 0.037916788570314115 12.88000011444092 0.056800020440145212 0.030392390628728009 0.0088234670476906602 0.042111122308508782 0.048519167358985434 -0.0066183457842569062 -0.01645331830647578 -0.11544121967691799 0.064222902070057333 -0.42087210398721536 12.434999942779543
decision_type=2 2 2 2 10 2 2 2 2 2 2 2 2 2 2 2 2 2 2 10 2 2 2 2 2 2 2 10 2 2
left_child=2 4 -1 6 -2 28 22 -5 10 -10 11 14 27 -14 -6 -7 -17 -11 20 -18 -16 -22 -3 24 -24 -26 -8 -13 -4 -30
right_child=1 3 5 7 8 15 26 -9 9 17 -12 12 13 -15 18 16 19 -19 -20 -21 21 -23 23 -25 25 -27 -28 -29 29 -31
leaf_value=-0.00029412633805206922 -0.00013236328533265671 6.2558345140421695e-06 -0.00018780538368714516 0.0012100560350421135 0.00093886769642507247 -6.799566909504108e-05 -0.00018012202345991688 0.0031831275067743881 0.00017327277292772731 0.0011303341850091018 -6.9767385719791595e-05 0.0013905710887199422 0.0010313967997084836 0.00011571482278423698 -0.00022190514136978784 4.1038726643739804e-05 0.0033465241420515771 0.00064718293793808728 -0.00036958506560690247 0.0010495821221915625 5.9067270926161485e-05 0.00047655059698499227 -0.00022814558743263175 5.2758205713611475e-05 0.00071942831011311166 0.0011319434008258728 0.00035444535628783506 -0.00019324071496947768 0.00028810571679360541 -0.0001281211838120732
leaf_weight=4230 6733 6893 7059 137 49 622 330 66 3061 44 5614 46 48 48 304 182 45 60 200 106 172 57 73 872 133 133 3994 84 248 9473
leaf_count=4230 6733 6893 7059 137 49 622 330 66 3061 44 5614 46 48 48 304 182 45 60 200 106 172 57 73 872 133 133 3994 84 248 9473
internal_value=-0.000566947 0.000233095 -0.00162873 0.00091402 -0.000287531 -0.00132084 0.000821531 0.00657635 0.000231428 0.00117693 -0.000220478 0.00174603 0.0069469 0.0147917 0.000242966 0.00117801 0.00400901 0.00846154 -0.000361529 0.00857616 0.00100375 0.00395196 0.0003307 0.00189513 0.00532448 0.00740601 0.00174144 0.00115384 -0.00146305 -0.00108579
internal_weight=51116 29151 21965 12631 16520 17735 12428 203 9787 3165 6622 1008 226 96 782 955 333 104 733 151 533 229 8104 1211 339 266 4324 130 16780 9721
internal_count=51116 29151 21965 12631 16520 17735 12428 203 9787 3165 6622 1008 226 96 782 955 333 104 733 151 533 229 8104 1211 339 266 4324 130 16780 9721
is_linear=0
shrinkage=0.05


Tree=32
num_leaves=31
num_cat=0
split_feature=4 4 8 10 16 15 15 4 11 12 12 11 6 10 11 11 15 13 12 9 10 13 11 11 11 12 13 6 10 11
split_gain=16.3616 5.19986 3.18165 2.76964 2.59567 3.26479 3.73229 2.50755 2.36938 2.34617 4.50646 4.02697 2.0808 1.99776 1.83339 3.24803 2.15095 1.99782 4.19428 4.64106 4.63934 2.4182 3.17763 1.87898 3.14289 1.77742 2.03527 1.72469 2.36357 1.64968
threshold=0.025051981854477167 0.041087548656152099 -0.008478415129920867 -0.020247537407416468 -0.062749583771881765 -0.025970961947483325 -0.016520049128507071 0.016219439410387341 0.011525540902406652 -0.02814648891975435 -0.025840805569586341 0.0044457206101340416 -0.62703866818661103 0.0239914392111974 0.010672251689981873 0.010798800902990015 -0.0048669380085034067 19.115000724792484 -0.016321427242386496 -0.058926119757461697 0.0097369654771942721 21.82499980926514 -0.0095678810617049175 -0.004952198143755914 -0.0026633366014910394 -0.05023266322533259 28.970000267028812 1.3009045229538752 0.014365364117936543 0.0086648703507659092
decision_type=2 2 10 2 2 2 2 2 2 2 2 2 2 2 2 2 2 2 2 10 2 2 2 2 2 2 2 2 2 2
left_child=7 2 -2 -4 5 -3 -7 -1 14 13 11 -11 -9 25 17 -16 -17 -5 -19 21 23 22 -20 -21 -25 26 -6 -12 -29 -26
right_child=1 4 3 8 9 6 -8 12 -10 10 27 -13 -14 -15 15 16 -18 18 19 20 -22 -23 -24 24 29 -27 -28 28 -30 -31
leaf_value=-0.00028545280102719965 -0.00013293986685726194 -0.00012258585718569258 0.00066919839178832159 1.2791799377418888e-05 0.00022265622187472912 0.0016531448335719194 -3.7705854439601036e-06 -0.00024186393038411709 -0.00011069891573393389 0.0010570744806406198 9.9090213065521418e-05 0.0018694432560956552 -0.00012452011323373425 0.0009846554274411134 0.0012326810637126031 0.00069131827610233567 -0.00017242229544212442 -0.00026598347760100434 0.0019983505785574232 -7.4952347057926461e-05 0.0012620201187453829 0.0016012690684418197 0.00026837652078312173 0.00087919314355178451 -0.0005218789047723402 -0.0002858887607112719 -0.00030407644895103436 0.0011239591701738556 -0.0008655898041806582 0.0010921167199108293
leaf_weight=3448 8963 145 55 5772 614 157 81 4365 4962 121 6760 41 11482 90 57 95 181 393 56 435 47 66 94 66 132 1132 277 893 126 40
leaf_count=3448 8963 145 55 5772 614 157 81 4365 4962 121 6760 41 11482 90 57 95 181 393 56 435 47 66 94 66 132 1132 277 893 126 40
internal_value=-0.000598875 9.717e-05 -0.000348838 0.000168258 0.00101226 0.00505222 0.00865546 -0.00174786 0.000118585 0.000858364 0.00125236 0.00950617 -0.00148199 -0.000622339 0.000683346 0.00430931 0.00206522 0.000513307 0.0022611 0.0040812 0.00215278 0.0105093 0.007 0.00109212 0.00466386 -0.000946615 0.000723905 0.00108047 0.00299804 0.00110465
internal_weight=51146 31851 21414 12451 10437 383 238 19295 12396 10054 7941 162 15847 2113 7434 333 276 7101 1329 936 720 216 150 673 238 2023 891 7779 1019 172
internal_count=51146 31851 21414 12451 10437 383 238 19295 12396 10054 7941 162 15847 2113 7434 333 276 7101 1329 936 720 216 150 673 238 2023 891 7779 1019 172
is_linear=0
shrinkage=0.05


Tree=33
num_leaves=31
num_cat=0
split_feature=5 9 4 4 12 12 13 13 11 11 12 10 10 14 13 8 15 13 15 11 15 11 11 16 1 10 9 11 11 8
split_gain=14.2506 3.76541 3.68133 2.44826 2.44577 2.98393 16.9001 2.14302 3.14407 5.92949 6.17013 3.83817 3.05075 2.07143 2.00035 2.02291 2.31725 4.10895 9.13239 7.38914 5.43201 2.65343 4.02582 3.55938 2.57374 2.06268 1.99866 1.99014 3.46162 1.88444
threshold=0.018019667246359356 0.60547811543091001 0.017579657117755668 0.028123238689169463 0.10123019596275297 0.073733848686565309 21.82499980926514 13.444999694824221 0.0026615603308526308 0.00066759209085187632 0.028951929172189476 9.4862369999448873e-05 0.012396471332785432 -0.037511825146214865 14.444999694824221 -0.026156524227438135 -0.004218846640015427 15.355000019073488 -0.0063584371598587311 0.016655619165508066 -0.0054105855777618053 -0.0086028731968339472 -0.0088251429249220897 0.010766729997964021 0.001676887731078547 -0.002449871581852225 -0.3806495596218839 0.0086648703507659092 0.0091074582734428384 0.53434162784045902
decision_type=2 10 2 2 2 2 2 2 2 2 2 2 2 2 2 10 2 2 2 2 2 2 2 2 2 2 8 2 2 10
left_child=2 3 -1 -2 5 26 13 8 9 10 -4 -11 27 -7 -9 -16 17 18 -17 20 -20 22 23 25 -22 -18 -5 -10 -29 -28
right_child=1 -3 7 4 -6 6 -8 14 12 11 -12 -13 -14 -15 15 16 21 -19 19 -21 24 -23 -24 -25 -26 -27 29 28 -30 -31
leaf_value=-0.00024509663454239599 -0.00022185304344214652 0.00054537258188746575 0.001085403636052573 0.00081422087296661506 -0.00048664105422661046 0.0010222078359145941 0.0027294052127676605 -0.00028181225324330409 -0.00042377126112413732 -8.9924186281836488e-05 -0.00016648679345540238 0.0015671792062473364 0.00070545380998647111 0.00012249940116663806 -0.0001730044254175658 -0.00023013227321216608 0.00027494738888544224 -2.835296929754119e-05 0.0011865101632093972 -0.00044828043536813836 0.00075455578345002996 -0.0001803093130460697 0.0014520086515467726 0.0010476958488735541 0.00038525311265180109 -9.6834443991623511e-05 1.897107701574787e-05 0.00057333910086091269 -7.4091702378327747e-05 0.001277426495461092
leaf_weight=5444 1249 1703 58 287 376 149 40 2985 552 48 424 125 67 690 5770 249 138 2776 53 62 45 6290 58 48 65 889 18376 85 2031 66
leaf_count=5444 1249 1703 58 287 376 149 40 2985 552 48 424 125 67 690 5770 249 138 2776 53 62 45 6290 58 48 65 889 18376 85 2031 66
internal_value=-0.000554515 0.000371467 -0.001306 0.000190033 0.000324258 0.000400856 0.00324801 -0.00102726 0.000132742 0.00324427 0.00039419 0.011185 -0.000612433 0.00173421 -0.00122967 -0.0010135 -0.000605735 0.000507691 0.00481013 0.0121111 0.0176994 -0.00109322 0.00113416 0.000441859 0.0113636 -0.000180138 0.000267231 -0.000877063 -0.000179585 0.000202797
internal_weight=51198 22936 28262 21233 19984 19608 879 22818 3390 655 482 173 2735 839 19428 16443 10673 3250 474 225 163 7423 1133 1075 110 1027 18729 2668 2116 18442
internal_count=51198 22936 28262 21233 19984 19608 879 22818 3390 655 482 173 2735 839 19428 16443 10673 3250 474 225 163 7423 1133 1075 110 1027 18729 2668 2116 18442
is_linear=0
shrinkage=0.05


Tree=34
num_leaves=31
num_cat=0
split_feature=5 5 5 1 6 10 15 10 15 10 14 14 9 14 10 11 12 12 13 11 10 13 15 16 14 14 14 10 16 9
split_gain=14.7214 5.20449 3.1704 2.2895 2.27654 2.1174 2.96289 4.06099 3.12903 4.59029 2.61086 5.72237 7.61905 3.33742 3.26278 7.04049 4.59717 9.60763 4.93618 5.55934 3.28839 3.05717 2.65691 2.62837 2.89269 2.54982 2.52469 6.29298 11.884 3.65705
threshold=0.02044807721509467 0.011788848339655199 0.040540731723898944 -0.15477414440795714 1.7243818197605025 0.0018426326691356467 0.0081647516386068614 0.0025358686375718258 0.0089040322559191826 0.0091157700665586167 -0.024601750905799354 -0.02620315994355665 0.045547892438790101 0.032246703719173715 -0.0074311122071506466 -0.00993475231595836 0.0098181049461038023 0.0094949171636059555 17.945000648498539 -0.0013567724610701324 -0.0069332481569183138 18.625000000000004 -0.014388402632961593 0.025097495047379018 0.10549228584154947 0.0071322940265206034 -0.0052640766517011986 0.00044089291237869871 0.029229359819895277 0.18742278913999069
decision_type=2 2 2 2 2 2 2 2 2 2 2 2 8 2 2 2 2 2 2 2 2 2 2 2 2 2 2 2 2 10
left_child=1 -1 -2 -4 5 10 -7 -8 9 -9 11 -3 -13 25 23 20 17 18 19 -17 -16 -20 -22 -15 -25 26 -12 -28 29 -29
right_child=2 4 3 -5 -6 6 7 8 -10 -11 13 12 -14 14 15 16 -18 -19 21 -21 22 -23 -24 24 -26 -27 27 28 -30 -31
leaf_value=-0.00020659841804023568 6.2908705695228058e-05 2.6438104851504357e-05 0.0018041713900325167 0.00049921093105737317 0.00013383816026816373 -0.00028698227094449576 0.00060446400734269989 3.5624607699126023e-05 -0.00016498712368611968 0.0012726212945234059 -0.00023304876596473377 0.0011963828833964126 0.00014328534347746633 -0.00013662657234023439 0.0016264387921080562 0.00069679353022816131 -0.00015188953598892078 0.00094709540879861921 0.00073433584065423201 -0.00048887479413218973 0.00079954734286376359 0.00030823959707017485 0.00018307965519671072 0.00047251675992090097 -0.00037432198965811088 -0.00029787623739476967 -6.4626536632141082e-05 0.00062790173239724587 -0.00079622768302978371 0.0013533895732984699
leaf_weight=8271 15282 1382 73 1519 2201 4425 114 394 5634 75 2013 56 84 2558 70 55 1628 40 68 351 72 74 430 76 53 2496 1335 89 106 65
leaf_count=8271 15282 1382 73 1519 2201 4425 114 394 5634 75 2013 56 84 2558 70 55 1628 40 68 351 72 74 430 76 53 2496 1335 89 106 65
internal_value=-0.000543073 -0.00113912 0.00066552 0.00278894 -0.000790936 -0.000933539 -0.00145743 -0.00075358 -0.000928233 0.00299573 -0.000507978 0.00143889 0.0110714 -0.000763884 0.000132419 0.0013307 5.41504e-05 0.00384354 0.00211679 -0.000689656 0.00627622 0.0101408 0.00486056 -0.00111091 0.00585271 -0.00156783 -0.00071785 0.000768024 0.00788461 0.0167532
internal_weight=51089 34215 16874 1592 25944 23743 10642 6217 6103 469 13101 1522 140 11579 5475 2788 2216 588 548 406 572 142 502 2687 129 6104 3608 1595 260 154
internal_count=51089 34215 16874 1592 25944 23743 10642 6217 6103 469 13101 1522 140 11579 5475 2788 2216 588 548 406 572 142 502 2687 129 6104 3608 1595 260 154
is_linear=0
shrinkage=0.05


Tree=35
num_leaves=31
num_cat=0
split_feature=4 13 4 6 4 6 7 8 14 10 10 14 10 12 12 3 13 11 13 12 10 10 10 12 14 11 11 9 3 3
split_gain=14.0794 4.56014 3.31865 2.94452 2.66118 2.47196 1.70624 2.17427 1.92158 1.56005 1.83937 1.53957 3.11935 3.7992 5.83623 4.3652 4.10406 2.13494 4.05139 1.42198 1.4104 1.45658 5.73397 2.71211 1.6909 1.92994 6.5213 2.44535 1.35452 1.32934
threshold=0.026436888551743285 49.655000686645515 0.065948714310706938 -0.2231160921783957 0.015426887697213501 -0.1764044450174462 -0.031312358161219016 0.05203334565653573 0.26245601507157795 0.0025358686375718258 0.0046724002397113837 0.032246703719173715 -0.0080075865289204722 0.0065049647434682898 1.0000000180025095e-35 -1.0000000180025095e-35 25.505000114440922 -0.00993475231595836 17.154999732971195 0.015576171273286367 -0.010705867226747377 -0.0022466213089214477 -0.0021666666697506827 0.018878595009899749 0.013234785210327617 -0.0042559728619938056 -0.006088944680637364 0.060481185216970108 0.014269005426335914 -0.017255418038802869
decision_type=2 2 2 2 2 2 2 10 2 2 2 2 2 2 2 2 2 2 2 2 2 2 2 2 2 2 2 10 2 2
left_child=4 2 3 11 -1 -6 7 -5 -8 -4 19 20 -13 14 16 -16 -14 18 -15 -11 -2 28 -23 -24 25 26 27 -25 -22 -27
right_child=1 -3 9 6 5 -7 8 -9 -10 10 -12 12 13 17 15 -17 -18 -19 -20 -21 21 22 23 24 -26 29 -28 -29 -30 -31
leaf_value=-0.00026547341987813851 0.00018706519771231496 0.0024171764487999192 0.00025857127510038684 -5.1035791867997499e-05 -0.00015793247967408556 -8.5971413656590976e-05 0.00012650802389484425 0.00042621784024786716 0.0003813066002798731 0.0019510726515774811 0.00047453031099697717 -0.00014925884743532532 -3.7331529959941253e-05 -1.7574859293273816e-05 0.00041778853612440864 0.001124671060220697 0.0011225002756084536 -1.7565875109935148e-05 0.00092165498595870535 0.0010576926842287408 -0.00032912724459075848 0.0011305734541798079 -0.00018702800824736641 -0.00054576747898122605 -0.00035345452356573076 0.0008925320969998227 0.0015029535098986138 0.00096256162730217951 0.00027521463757130779 9.8275776254434745e-06
leaf_weight=2425 78 61 1151 3861 10471 9155 9753 40 71 53 727 1313 263 91 86 62 50 1192 51 50 1420 61 4308 140 457 71 78 67 76 3507
leaf_count=2425 78 61 1151 3861 10471 9155 9753 40 71 53 727 1313 263 91 86 62 50 1192 51 50 1420 61 4308 140 457 71 78 67 76 3507
internal_value=-0.000525407 0.000195963 0.000167313 2.28804e-05 -0.00147862 -0.00128554 0.000537339 -0.000347348 0.000888639 0.00214286 0.00379518 -0.000505199 0.000469754 0.00182451 0.00573753 0.0139189 0.00186901 0.000472263 0.0062676 0.0100485 -0.000800449 -0.000851744 -0.000603638 -0.000711638 0.00017361 0.000513848 0.00447368 -0.000169083 -0.00229278 0.000198434
internal_weight=51189 29138 29077 27096 22051 19626 13725 3901 9824 1981 830 13371 3108 1795 461 148 313 1334 142 103 10263 10185 8689 8628 4320 3863 285 207 1496 3578
internal_count=51189 29138 29077 27096 22051 19626 13725 3901 9824 1981 830 13371 3108 1795 461 148 313 1334 142 103 10263 10185 8689 8628 4320 3863 285 207 1496 3578
is_linear=0
shrinkage=0.05


Tree=36
num_leaves=31
num_cat=0
split_feature=5 5 11 5 8 10 10 11 9 6 14 14 13 11 1 6 11 11 14 13 15 13 10 14 15 12 9 14 10 15
split_gain=12.5016 3.50592 2.7667 2.45833 2.15257 2.07021 3.10017 9.17046 2.3127 2.23209 2.00497 1.95555 3.09924 1.84964 1.75445 1.86273 1.73002 4.78695 1.93929 1.58796 1.90478 1.71621 1.87588 2.45688 2.10898 4.05504 2.33215 2.10277 1.56155 1.55209
threshold=0.016062528989667747 0.03039331493087841 -0.055970636302615777 0.012866936079228486 0.53434162784045902 0.014365364117936543 0.012020703086552011 -0.0015054392328701092 0.1632139500066542 2.1234114225731537 1.0000000180025095e-35 0.16537685982304043 20.375000000000004 0.014319949991421945 -0.031791752915630737 -0.14517838257263513 0.044463643697869822 0.041951569626952907 -0.066405515647089006 28.970000267028812 0.037814814954919125 27.664999961853031 0.014545922873123287 -0.061929277885563232 0.0056076358807538593 -0.0082551650527467029 -0.20094074956593069 -0.071225645536492452 0.01216187619022502 -0.00063847277220191445
decision_type=2 2 2 2 10 2 2 2 8 2 2 2 2 2 2 2 2 2 2 2 2 2 2 2 2 2 10 2 2 2
left_child=3 5 -3 -1 19 6 9 -8 10 16 -9 14 -13 -10 -5 -16 17 29 -18 20 21 22 23 24 25 -4 -26 -28 -25 -2
right_child=1 2 4 11 -6 -7 7 8 13 -11 -12 12 -14 -15 15 -17 18 -19 -20 -21 -22 -23 -24 28 26 -27 27 -29 -30 -31
leaf_value=-0.00017828498933293048 3.6636377375985448e-05 0.0016363049341895581 0.0015767935744591026 -0.00021259843751868002 0.0011072347930485211 -0.00028302198580414296 0.001493379410217272 0.00042521730162492884 0.00077968103529106234 0.00037454674120476099 0.0022370187662980666 0.00099393620331867955 6.3142337272911598e-05 -0.00068831335035106583 -0.0001244929859280442 2.4101313807789174e-05 0.00022027679027692814 0.0010462960791169371 -0.00083581038674499094 -0.00024011940551154758 0.0010054129287830049 0.00057505183146849619 -0.00050959679536118584 0.00013694785926283808 0.0014160316556464071 0.00046760530138046681 -0.00048093741918364897 0.000784046270107236 0.0020542503533241443 -6.0725233199444752e-05
leaf_weight=11458 8653 71 52 1767 181 1167 58 105 96 1362 40 43 156 221 4969 3962 48 41 451 450 41 67 243 3265 94 85 199 54 42 11649
leaf_count=11458 8653 71 52 1767 181 1167 58 105 96 1362 40 43 156 221 4969 3962 48 41 451 450 41 67 243 3265 94 85 199 54 42 11649
internal_value=-0.000516736 0.000173133 0.00139967 -0.00140349 0.00125393 -7.55527e-05 2.99231e-05 0.00384615 0.00149351 -5.94499e-05 0.00672414 -0.000865836 0.00404522 -0.000899055 -0.000957189 -0.000672378 -0.000187603 -0.000116257 -0.00309619 0.00104312 0.00134959 0.00124238 0.00111056 0.00138354 0.00471074 0.0099635 0.00263689 0.000138339 0.000896582 -0.000150725
internal_weight=51090 28735 4844 22355 4773 23891 22724 520 462 22204 145 10897 199 317 10698 8931 20842 20343 499 4592 4142 4101 4034 3791 484 137 347 253 3307 20302
internal_count=51090 28735 4844 22355 4773 23891 22724 520 462 22204 145 10897 199 317 10698 8931 20842 20343 499 4592 4142 4101 4034 3791 484 137 347 253 3307 20302
is_linear=0
shrinkage=0.05


Tree=37
num_leaves=31
num_cat=0
split_feature=4 4 4 9 3 13 11 4 2 3 0 14 1 13 13 12 15 15 16 12 8 9 15 8 11 8 11 11 3 8
split_gain=10.512 3.24995 2.25765 1.97573 1.79391 1.64275 1.56215 1.60205 1.86929 1.48148 1.51741 1.41155 1.86283 1.39134 3.25202 3.13041 2.39836 5.70772 3.75531 2.31711 1.74419 1.57839 1.69933 2.27383 2.30779 1.67478 1.60226 1.55188 2.39339 1.45878
threshold=0.026436888551743285 0.039044451832766981 0.015426887697213501 0.015450084324236337 -0.00050319740036791616 13.194999694824221 0.057592518437268987 0.08984422855346165 0.62505912859809498 -0.0096621740009890638 0.023085774742054092 0.16537685982304043 -0.0073034173473490718 16.125000000000004 16.285000801086429 -0.013469697209426477 -0.024982183517057607 -0.025970961947483325 -0.027221063177263912 0.021370265681364468 1.0000000180025095e-35 -0.13090948773279856 0.013544504625533473 -0.057198024940269925 0.0025776305361616685 -0.052286928219828048 -0.006088944680637364 -0.024572906939621272 0.0052228484335660194 -0.098590145389617898
decision_type=2 2 2 10 2 2 2 2 2 2 2 2 2 2 2 2 2 2 2 2 10 8 2 10 2 10 2 2 2 10
left_child=2 3 -1 4 5 -2 7 8 13 -4 -11 -5 -13 -3 19 -16 17 18 -17 -15 -20 22 23 -18 26 29 -25 28 -23 -24
right_child=1 6 9 11 -6 -7 -8 -9 -10 10 -12 12 -14 14 15 16 21 -19 20 -21 -22 27 25 24 -26 -27 -28 -29 -30 -31
leaf_value=-0.00024225136474628745 0.00041468819264718073 -3.7884230753080853e-05 3.0683540373911691e-05 1.0426259027880699e-05 -2.3896394271299971e-05 -0.00017997657333367018 -0.00090585911274086565 0.0011561468689534622 0.0010461781047794503 -0.00014342776281822157 3.0971343014488929e-05 7.5052168027816052e-05 0.00066753795526273746 0.0010952434380387536 -3.7170338694738893e-05 -0.00022333615226693035 -1.283270214632731e-05 0.0019489914038539093 0.00019266247324945082 0.00031414580614836404 0.0018841248174930919 0.00064421718115482648 0.00070743208122582806 0.0012878437762920568 0.0004598931438923361 0.00012386709650202927 0.0023629473006978605 9.2589664049776474e-05 -0.0001787719836253414 0.00072576039373265172
leaf_weight=2397 153 3032 1425 7860 4737 4205 181 392 170 16918 1179 84 59 78 3132 131 503 43 40 58 43 82 130 48 152 99 47 3610 53 58
leaf_count=2397 153 3032 1425 7860 4737 4205 181 392 170 16918 1179 84 59 78 3132 131 503 43 40 58 43 82 130 48 152 99 47 3610 53 58
internal_value=-0.00053416 8.73874e-05 -0.00136161 -0.000356183 -0.000860364 -0.00159247 0.000715112 0.000785227 0.000678164 -0.00118379 -0.00130602 0.000216793 0.00513986 0.00060014 0.000934753 0.000807122 0.00157869 0.00628405 0.00294392 0.00860294 0.0112651 0.0013258 0.00305207 0.0018 0.00572874 0.00632404 0.0118421 0.000847796 0.00611111 0.00909574
internal_weight=51099 29180 21919 17098 9095 4358 12082 11901 11509 19522 18097 8003 143 11339 8307 8171 5039 257 214 136 83 4782 1037 750 247 287 95 3745 135 188
internal_count=51099 29180 21919 17098 9095 4358 12082 11901 11509 19522 18097 8003 143 11339 8307 8171 5039 257 214 136 83 4782 1037 750 247 287 95 3745 135 188
is_linear=0
shrinkage=0.05


Tree=38
num_leaves=31
num_cat=0
split_feature=4 6 4 16 10 6 9 12 15 12 13 12 12 12 1 3 15 14 6 13 2 14 4 3 15 9 1 3 16 12
split_gain=9.53473 2.8836 2.75489 2.19255 4.40644 1.85808 1.7919 1.75822 2.36269 2.10594 1.68031 2.65912 2.74935 2.01654 3.5252 1.81584 1.92302 2.58359 2.50627 2.07884 1.99214 1.3951 1.52186 1.36344 1.32652 1.30738 1.30304 1.34428 1.30094 1.55262
threshold=0.026436888551743285 -0.10884014609065307 0.039044451832766981 -0.026166226050322813 0.010655373456526786 0.59807651809740292 0.015450084324236337 -0.036045900478668118 0.0014532466989143347 0.028818741117549677 15.905000209808351 -0.028754202463148134 -0.075828254732232245 -0.025840805569586341 0.048237011081741728 -0.030106728180438077 0.01347557108334785 -0.019219245464752229 -0.58125731026032568 23.694999694824222 0.017070543617098591 -0.11544121967691799 0.065948714310706938 -0.01027879353967842 0.03424436623808403 0.11344223405887123 -0.02670076310331165 -0.0039913693133210018 -0.049112700925670542 0.0033715078329863428
decision_type=2 2 2 2 2 2 10 2 2 2 2 2 2 2 2 2 2 2 2 2 2 2 2 2 2 8 2 2 2 2
left_child=1 3 6 4 7 10 -2 8 -1 -9 -4 12 -12 14 -13 -15 19 20 -19 28 -18 -7 26 -5 -3 -14 27 -23 29 -17
right_child=2 24 5 23 -6 21 -8 9 -10 -11 11 13 25 15 -16 16 17 18 -20 -21 -22 22 -24 -25 -26 -27 -28 -29 -30 -31
leaf_value=-0.00015594408362204195 -9.4429997615156838e-05 -8.2938837377005624e-05 -0.0001275788216757703 4.9173106076412999e-05 0.0012612516918495097 -0.00043968007247476297 2.2229975894787009e-05 -0.00018811425450202847 0.00031764307918689743 0.00022874232302224067 0.00028466155280030251 0.00011873333280580951 -0.00034229905735522881 0.00082545961378250416 0.0014300581814802459 0.0009519206470874859 0.00054330639515834736 0.0010400124304686413 0.00049035791911447005 -0.0003887699291005572 -0.00017374628599902043 -0.00021301182531783874 0.00097577559704933371 -0.00019042464332554238 0.00090950707985568569 9.6808812631120597e-05 0.00050285846000656541 0.00035864920750047487 8.8153162356807937e-05 1.123238249209587e-05
leaf_weight=128 9062 9445 2356 461 43 219 7965 843 91 114 372 142 1168 199 41 65 361 57 133 347 379 452 390 10809 72 494 1345 331 3205 60
leaf_count=128 9062 9445 2356 461 43 219 7965 843 91 114 372 142 1168 199 41 65 361 57 133 347 379 452 390 10809 72 494 1345 331 3205 60
internal_value=-0.000519953 -0.00130555 7.32583e-05 -0.00180519 0.000209187 0.000649553 -0.000336819 -0.000365647 0.0036758 -0.00129049 0.000315064 0.00070269 -0.000821043 0.00132391 0.00647541 0.00112776 0.000925764 0.00295699 0.00815789 0.000412019 0.00162162 0.00179576 0.00212867 -0.00202307 -0.000649891 -0.00169074 0.00160244 -1.91583e-05 0.000795795 0.0058
internal_weight=51149 22006 29143 12489 1219 12116 17027 1176 219 957 9379 7023 2034 4989 183 4806 4607 930 190 3677 740 2737 2518 11270 9517 1662 2128 783 3330 125
internal_count=51149 22006 29143 12489 1219 12116 17027 1176 219 957 9379 7023 2034 4989 183 4806 4607 930 190 3677 740 2737 2518 11270 9517 1662 2128 783 3330 125
is_linear=0
shrinkage=0.05


Tree=39
num_leaves=31
num_cat=0
split_feature=5 4 6 6 13 12 13 11 10 14 10 11 14 12 6 10 14 13 7 10 10 10 7 8 4 13 10 11 9 13
split_gain=8.94646 3.49906 2.45217 2.30499 2.01806 2.15759 2.24919 1.89272 4.82942 1.68677 2.63535 3.46079 2.02739 1.71139 1.90529 2.56589 7.03687 1.63166 1.51801 1.40365 3.34293 2.57351 2.0211 1.73615 1.91302 1.72585 1.48462 1.7853 1.56929 1.71251
threshold=0.014206901205356748 0.046939696276949348 -0.18417679314858151 -0.11857064287035839 49.655000686645515 -0.0078641558377195424 16.73499965667725 0.034590351886677258 0.01216187619022502 0.032246703719173715 -0.0080075865289204722 -0.0086028731968339472 0.10333272396106032 0.014344478951051955 -0.28359107186143701 -0.0029934050487852577 0.04320040155148664 16.425000190734867 0.17121005385517665 -0.002863706420939693 -0.005068200370119679 -0.0047916131499655115 0.086890052536076304 0.015033193261275503 0.049628597063434553 21.82499980926514 0.0056232321882017109 -0.010867332045388199 -0.35850413889109756 18.365000724792484
decision_type=2 2 2 2 2 2 2 2 2 2 2 2 2 2 2 2 2 2 2 2 2 2 2 10 2 2 2 2 10 2
left_child=3 2 9 -1 5 17 18 -5 -9 -2 -11 12 -12 14 15 -13 -17 -3 -7 20 23 -22 -23 -8 -25 26 27 -21 29 -28
right_child=1 4 -4 7 -6 6 19 8 -10 10 11 13 -14 -15 -16 16 -18 -19 -20 25 21 22 -24 24 -26 -27 28 -29 -30 -31
leaf_value=-0.00016999770627167029 -0.00010651354526935258 0.00085909865854136194 2.6891451084953509e-05 -0.00010503927153807036 0.0026182275186294249 -9.9514074731596382e-06 -0.00017035835503728273 -7.199854112639384e-05 0.0010883507191074575 -0.00014341061653003222 0.00036273876171515908 -7.0829405512367306e-05 -0.00047665909878458966 -8.1171153832534479e-05 0.00068226299962846138 0.0010343711323652575 -2.5517521075368211e-05 -3.0726418973602655e-05 0.0010110799887232114 0.00082373250843948461 0.0019068890805952407 0.00043548194879571906 0.0027451419451937848 0.0010359468575425691 0.00060032482569066055 0.0018817742856447489 0.0012569104391591216 -8.1025922728832067e-05 0.00032587059836001152 0.00035901906215758678
leaf_weight=8715 11467 92 13425 6989 41 1618 217 198 56 1326 397 319 52 1205 46 58 119 2651 200 65 41 75 43 42 200 63 48 723 587 70
leaf_count=8715 11467 92 13425 6989 41 1618 217 198 56 1326 397 319 52 1205 46 58 119 2651 200 65 41 75 43 42 200 63 48 723 587 70
internal_value=-0.000452414 -7.10548e-06 -0.000250582 -0.00143439 0.00101387 0.000946547 0.00168838 -0.000775232 0.00346457 -0.000690174 0.000266893 0.00132969 0.00524499 0.00032341 0.00265683 0.00175403 0.00658192 -0.000133067 0.000390538 0.00277369 0.00478964 0.0110377 0.00728813 0.00262527 0.00553719 0.00197301 0.00163094 0.000139593 0.00329787 0.00855932
internal_weight=51148 35190 28414 15958 6776 6735 3992 7243 254 14989 3522 2196 449 1747 542 496 177 2743 1818 2174 618 159 118 459 242 1556 1493 788 705 118
internal_count=51148 35190 28414 15958 6776 6735 3992 7243 254 14989 3522 2196 449 1747 542 496 177 2743 1818 2174 618 159 118 459 242 1556 1493 788 705 118
is_linear=0
shrinkage=0.05


Tree=40
num_leaves=31
num_cat=0
split_feature=4 4 11 15 12 8 8 11 12 12 14 12 13 13 15 15 10 13 11 11 12 10 10 10 10 13 14 14 10 10
split_gain=7.49443 2.21798 1.9329 2.81796 2.5863 2.05275 1.85212 2.06593 2.40785 5.06119 2.95351 3.7721 3.55339 2.1699 4.55821 6.44992 4.40598 2.42716 5.13151 2.56133 2.8948 3.34264 1.94621 1.94107 3.88059 3.06613 2.84233 5.1265 3.91107 2.5651
threshold=0.026436888551743285 0.069709672040587811 0.0015109645581827815 -0.024982183517057607 0.073733848686565309 0.059592101104445468 -0.012325196550308391 0.019998315354098021 -0.0013043729558080417 0.0062346335449628984 -0.068623004427642229 0.0037861814309102519 18.214999198913578 16.644999504089359 -0.00055492739148838 -0.0014198002034864208 -0.00056543180074630761 16.765000343322757 0.001067718638755544 0.017632918740663531 0.012058038657318472 -0.0052046497537361893 0.0019017774860140559 -0.0012648702969264012 0.0024545687123636033 15.775000095367433 -0.0081420083322292763 0.0091478412114857095 0.00044089291237869871 -0.00084885246484833743
decision_type=2 2 2 2 2 10 10 2 2 2 2 2 2 2 2 2 2 2 2 2 2 2 2 2 2 2 2 2 2 2
left_child=2 6 4 -4 -1 -6 -2 8 -8 10 -10 -12 -13 23 15 17 -17 18 -15 20 21 -19 -16 -11 25 26 29 28 -28 -25
right_child=1 -3 3 -5 5 -7 7 -9 9 13 11 12 -14 14 22 16 -18 19 -20 -21 -22 -23 -24 24 -26 -27 27 -29 -30 -31
leaf_value=-6.8122401548467772e-05 -5.6384899461572478e-05 0.00035608999112950049 0.00023770188077002256 -0.00016229223730515437 0.0011558707413334732 0.00012349611803701366 -9.6487066167485228e-05 -0.00013822272834762862 -0.00011226161575735494 -0.00018507549009807409 0.00054396365947039459 0.0020416046661022517 0.0015999493978127576 -0.00024899815781653296 -0.00026758794268665282 0.0023904519934024818 0.00092908663182797056 0.00081947981656549048 0.0019722904909667406 0.0014947244336596948 9.7624165794022363e-05 3.2213614621341728e-05 0.00020785116518325875 0.00093041153399375852 -5.8693266247088899e-05 -0.00030417843698414874 0.00036827322144579455 0.00022749297232054164 0.0014918199658882653 6.0095953221096972e-05
leaf_weight=8522 12061 1591 83 13245 40 55 2349 3084 178 1778 446 62 80 49 751 42 58 54 48 110 1038 59 1311 73 2373 219 134 378 163 629
leaf_count=8522 12061 1591 83 13245 40 55 2349 3084 178 1778 446 62 80 49 751 42 58 54 48 110 1038 59 1311 73 2373 219 134 378 163 629
internal_value=-0.000458552 6.73111e-05 -0.0011563 -0.00153361 -0.000572706 0.00763158 -3.76006e-05 0.000324582 0.000612985 0.000950363 0.0048564 0.00656462 0.013662 0.000627494 0.00160511 0.00374485 0.016 0.00284241 0.0104639 0.00225614 0.00155951 0.00915929 9.21424e-05 2.87094e-05 0.000643738 0.00255012 0.00342411 0.00574074 0.0106566 0.00119658
internal_weight=51063 29118 21945 13328 8617 95 27527 15466 12382 10033 766 588 142 9267 3520 1458 100 1358 97 1261 1151 113 2062 5747 3969 1596 1377 675 297 702
internal_count=51063 29118 21945 13328 8617 95 27527 15466 12382 10033 766 588 142 9267 3520 1458 100 1358 97 1261 1151 113 2062 5747 3969 1596 1377 675 297 702
is_linear=0
shrinkage=0.05


Tree=41
num_leaves=31
num_cat=0
split_feature=5 5 4 13 13 12 12 13 14 14 15 13 9 12 14 11 9 15 15 12 12 11 14 12 12 14 13 1 3 12
split_gain=8.23038 2.71148 1.96635 1.78797 2.67122 1.61343 3.39955 9.10209 2.80343 1.83837 1.83187 1.98628 3.19948 1.99844 4.03717 2.76922 1.95201 1.81372 1.65212 1.69101 1.97177 2.90831 2.04903 1.90802 1.83483 1.92642 1.63447 1.58462 2.09576 1.58049
threshold=0.017946193288834497 0.0099653740984975165 0.065948714310706938 25.960000038146976 26.85000038146973 0.10123019596275297 0.073733848686565309 21.82499980926514 -0.037511825146214865 1.0000000180025095e-35 -0.015049215839636363 19.329999923706058 -0.3806495596218839 -0.01880570925502428 -0.093449770795740669 0.010571722118832951 0.12725382024644741 -0.0083207046351039243 0.037814814954919125 0.020012431826022529 0.031326678595768549 0.035212880845506785 -0.086337752297859935 0.042111122308508782 0.030225182467667037 -0.0052640766517011986 19.055000305175785 0.049161799532029267 -0.0026522492113512093 -0.013469697209426477
decision_type=2 2 2 2 2 2 2 2 2 2 2 2 8 2 2 2 10 2 2 2 2 2 2 2 2 2 2 2 2 2
left_child=1 -1 5 -3 -5 6 9 8 -8 10 -2 12 -12 14 16 -16 -14 -7 19 -15 21 22 -21 -22 25 26 -24 -11 -29 -13
right_child=2 3 -4 4 -6 17 7 -9 -10 27 11 29 13 18 15 -17 -18 -19 -20 20 23 -23 24 -25 -26 -27 -28 28 -30 -31
leaf_value=-0.00021124295746940427 0.00098825642012175213 -8.4764278993845811e-05 0.00041964344815173657 0.0004297192333088235 -2.7088405428134233e-05 0.0015220469139732642 0.00062432020546788732 0.0022758491779454968 0.0001107002829296701 3.0786375588995553e-05 0.0013238172204681322 -0.00030444395523159152 0.0012149118526464636 -0.00019495269998634122 0.00044198691223193979 -0.00059319952728417301 0.00012755415562204031 -0.00042114135660994355 0.0011197789451896456 0.0006480310127702783 -0.00027493530182737041 0.0015164716422128239 -5.3114322504617108e-05 0.00011732538981062897 0.00072558518668332283 0.0016974755756285237 0.00086292208012427637 0.00057989085229897337 7.9825088160095708e-05 -2.3205904455764341e-05
leaf_weight=3211 89 24473 1999 114 242 48 166 45 839 6785 43 1662 78 2810 374 200 42 418 46 63 1466 60 1170 1468 74 60 62 671 1087 1268
leaf_count=3211 89 24473 1999 114 242 48 166 45 839 6785 43 1662 78 2810 374 200 42 418 46 63 1466 60 1170 1468 74 60 62 671 1087 1268
internal_value=-0.000394365 -0.000970044 0.000304637 -0.000793227 0.00272472 0.000162604 0.000228329 0.003 0.00201492 7.96801e-05 -0.000346626 -0.000404715 2.49382e-06 -7.08654e-05 0.00249279 0.000749128 0.0108333 -0.00274678 -0.000315292 -0.000375364 0.000234003 0.00171592 0.00126312 -0.000518065 0.000856514 0.000417955 -8.11808e-06 0.000630339 0.00196814 -0.00151877
internal_weight=51133 28040 23093 24829 356 21094 20628 1050 1005 19578 11035 10946 8016 7973 694 574 120 466 7279 7233 4423 1489 1429 2934 1366 1292 1232 8543 1758 2930
internal_count=51133 28040 23093 24829 356 21094 20628 1050 1005 19578 11035 10946 8016 7973 694 574 120 466 7279 7233 4423 1489 1429 2934 1366 1292 1232 8543 1758 2930
is_linear=0
shrinkage=0.05


Tree=42
num_leaves=31
num_cat=0
split_feature=5 6 6 5 5 11 16 16 3 11 1 11 11 16 16 9 15 11 14 15 10 7 16 15 11 11 16 15 15 1
split_gain=7.81377 3.07138 2.12941 1.82986 1.79834 1.66714 2.24527 2.90637 1.45597 1.94338 1.41239 1.36041 1.14241 3.24259 1.86079 1.77816 1.61673 1.40691 3.42851 1.93107 4.04371 2.80763 1.44613 1.3194 1.43088 2.68587 1.47173 1.38193 1.33284 1.28743
threshold=0.021001586597962422 -0.10884014609065307 -0.73825287305333842 0.0099653740984975165 0.013703276127991383 0.013370913918319573 0.032039212360379883 0.034526607676413919 0.056279634950531794 -0.0031311612165533238 -0.024270543815065545 -0.0071058242235014215 0.0023966928807116488 0.023066580964811737 -0.016683500535042469 0.040275261392350277 0.037814814954919125 0.001067718638755544 -0.027300254032733503 0.0023424232082785994 0.0012069749261046649 0.027643935419195746 0.010766729997964021 0.005961069168188283 0.025734816417073651 0.026483483019392965 0.034526607676413919 0.01347557108334785 0.0097601035575298773 0.035234246666458476
decision_type=2 2 2 2 2 2 2 2 2 2 2 2 2 2 2 8 2 2 2 2 2 2 2 2 2 2 2 2 2 2
left_child=1 4 -2 -3 5 6 -1 -8 -4 -10 11 -5 13 16 -14 -16 17 19 -19 20 22 -22 -12 -17 29 27 -27 -26 -28 -25
right_child=2 3 8 10 -6 -7 7 -9 9 -11 12 -13 14 -15 15 23 -18 18 -20 -21 21 -23 -24 24 25 26 28 -29 -30 -31
leaf_value=-0.0001217920312095959 -7.8514266986652852e-05 -0.00017341928714634431 0.00010877405928244301 -2.5032852685389714e-05 -8.5194395702819562e-05 -0.00026202361782630407 0.00055328474042126848 8.0307816732057479e-06 0.0013528858338132596 0.00032805770069851308 2.7177507436494869e-05 -0.00020520382524056961 0.00087470029931291425 0.0007029460204175422 7.9470208850931053e-05 -0.00016980171053815256 0.0010816183642084261 0.0011305855305944075 3.2972022623004133e-05 -0.0002297990583096113 0.0019514338507355565 0.00012220652467743776 0.00072448638231884573 -0.00024318651365249093 0.00011454268803837648 0.00068556594987428769 0.00056132048200009069 0.00083182215943199969 -0.00019030085328318499 7.7151682419718276e-05
leaf_weight=5478 3574 1468 12009 1964 11475 2218 40 96 82 176 1980 1779 70 40 1822 2934 47 66 192 1021 59 51 77 832 40 50 121 44 351 859
leaf_count=5478 3574 1468 12009 1964 11475 2218 40 96 82 176 1980 1779 70 40 1822 2934 47 66 192 1021 59 51 77 832 40 50 121 44 351 859
internal_value=-0.000455259 -0.000870531 0.000466825 -0.000355141 -0.00129409 -0.00187819 -0.00141967 0.00492647 0.000779733 0.00449612 -0.000183695 -0.00101924 0.000109796 0.00084489 -0.00025481 -0.000335319 0.000682793 0.000557167 0.00410853 0.00026976 0.00111444 0.0104545 0.000614972 -0.000803863 9.35992e-05 0.00217822 0.000842911 0.0104762 -2.11876e-05 -0.000653461
internal_weight=51015 35174 15841 15867 19307 7832 5614 136 12267 258 14399 3743 10656 3533 7123 7053 3493 3446 258 3188 2167 110 2057 5231 2297 606 522 84 472 1691
internal_count=51015 35174 15841 15867 19307 7832 5614 136 12267 258 14399 3743 10656 3533 7123 7053 3493 3446 258 3188 2167 110 2057 5231 2297 606 522 84 472 1691
is_linear=0
shrinkage=0.05


Tree=43
num_leaves=31
num_cat=0
split_feature=5 6 7 5 13 13 0 5 8 0 12 13 13 10 6 11 9 13 11 10 14 13 14 8 6 8 1 11 12 12
split_gain=7.40187 3.09832 2.84248 2.0185 1.96009 1.60834 1.64111 1.78099 1.53777 1.51969 1.50984 2.08587 1.52707 1.53511 1.49496 1.48038 1.45809 1.69805 2.0193 2.90072 2.6334 2.29675 2.39744 1.51821 1.30959 1.20011 1.19432 1.37052 1.17035 1.32846
threshold=0.013825635516915149 1.7819793802761918 -0.20128334917171334 0.025817211633229503 27.664999961853031 20.865000724792484 -0.045243392360561956 0.032571330117292949 -0.14056273760650986 0.075554379302479116 0.031326678595768549 21.409999847412113 13.554999828338625 -0.0074311122071506466 -1.2621651202765436 0.050492682028646547 -0.084397434993550277 17.945000648498539 0.0049014258376020034 -0.0072745157566194698 -0.048201737040391705 19.72500038146973 0.068989760976132977 -0.0011035218416355905 1.0902745447209099 0.53434162784045902 -0.029260336331364652 -0.0094173719733559019 0.10123019596275297 0.073733848686565309
decision_type=2 2 2 2 2 2 2 2 10 2 2 2 2 2 2 2 10 2 2 2 2 2 2 8 2 10 2 2 2 2
left_child=10 2 4 14 -2 6 -3 -8 -5 -9 16 12 13 -12 -4 25 17 -1 19 -19 -21 26 -23 -24 -18 -10 -22 -28 29 -16
right_child=1 5 3 8 -6 -7 7 9 15 -11 11 -13 -14 -15 28 -17 24 18 -20 20 21 22 23 -25 -26 -27 27 -29 -30 -31
leaf_value=-0.00023324898690933141 0.00026135984979844756 -0.00012013383402648798 -0.00020516303344329849 -0.00012271949860950918 0.0023006907692882522 -0.00016002912490658053 0.0005215853576681377 0.0065015212782248803 0.00012802032553494474 0.001657911685558661 0.0002329602211964039 0.00023054383822086069 -0.00025553693239684707 -0.00010913892174241648 -3.3305066265565233e-05 -0.00071677419399734281 -6.2197757441537023e-05 -0.00020107205371234024 -0.00034218687366380349 -0.00043773983084263138 0.00020419954269394389 -0.00028600463352628994 1.8546376830572387e-05 0.00070343054380515868 0.00014939261411491651 0.0014243631189203413 0.00040988959088560773 0.0002940709247792785 -0.00055673156205702308 0.00018673933252288195
leaf_weight=2175 107 414 1104 1181 55 424 1963 72 6404 71 53 83 3276 2217 22978 225 4873 241 345 126 52 114 43 48 847 144 55 87 359 844
leaf_count=2175 107 414 1104 1181 55 424 1963 72 6404 71 53 83 3276 2217 22978 225 4873 241 345 126 52 114 43 48 847 144 55 87 359 844
internal_value=-0.000432524 -5.02144e-05 -0.000187271 -0.000219472 0.00641975 0.00150475 0.00198413 0.00254986 0.000475231 0.00793706 -0.00138196 -0.00202434 -0.00214209 -0.00114538 -0.000438008 0.000765538 -0.000980459 -0.00181984 -0.000229524 0.00120104 0.00328571 0.00527569 0.00158536 0.00763736 -0.000498253 0.000902564 0.00917526 0.0115493 -0.000355859 -0.000313157
internal_weight=50980 36345 33401 33239 162 2944 2520 2106 7954 143 14635 5629 5546 2270 25285 6773 9006 3286 1111 766 525 399 205 91 5720 6548 194 142 24181 23822
internal_count=50980 36345 33401 33239 162 2944 2520 2106 7954 143 14635 5629 5546 2270 25285 6773 9006 3286 1111 766 525 399 205 91 5720 6548 194 142 24181 23822
is_linear=0
shrinkage=0.05


Tree=44
num_leaves=31
num_cat=0
split_feature=4 4 16 13 16 11 7 12 6 6 12 12 13 16 14 11 14 13 13 15 12 12 14 3 15 16 15 14 11 0
split_gain=5.086 2.39644 1.79922 4.47626 3.71486 7.94787 5.05051 2.28577 1.70168 1.60434 1.53767 1.91501 11.1783 1.75104 1.54217 1.84203 1.72856 1.99385 6.66477 1.71246 2.79041 2.99364 5.86999 4.50667 2.17454 2.17441 1.99011 1.75232 1.67431 1.52906
threshold=0.025051981854477167 0.046939696276949348 -0.026166226050322813 13.414999961853029 -0.027765974919875477 -0.0088251429249220897 0.021980468909587384 -0.020341500579073798 -0.2231160921783957 1.7819793802761918 0.10123019596275297 0.073733848686565309 21.82499980926514 0.081629345435274239 0.032869961540085708 0.041951569626952907 0.013234785210327617 20.500000000000004 20.375000000000004 0.0023424232082785994 -0.0067439083526363843 0.0065049647434682898 0.054359057666468209 -0.00073789070521390599 -0.0023274845357270642 0.025097495047379018 -0.024982183517057607 0.072256211824153885 -0.0016854647487856698 -0.021020286665287043
decision_type=2 2 2 2 2 2 2 2 2 2 2 2 2 2 2 2 2 2 2 2 2 2 2 2 2 2 2 2 2 2
left_child=2 9 3 -1 -5 7 -7 -6 29 10 11 14 13 -13 16 19 17 18 -2 20 24 22 23 -22 25 -16 -24 -28 -26 -4
right_child=1 -3 8 4 5 6 -8 -9 -10 -11 -12 12 -14 -15 15 -17 -18 -19 -20 -21 21 -23 26 -25 28 -27 27 -29 -30 -31
leaf_value=0.00058907911214115807 -2.737927585275958e-05 0.00013808690454942917 0.00014878886993391436 -7.591610085261853e-05 0.00038694844847801847 0.0013017266167847559 0.00024175093774741883 -0.00049016115675339122 -7.9404626580542213e-05 0.00022867534689230415 -0.00047322240883624148 0.00022748126922199905 0.0015000226778754647 -0.00064527216168739872 -0.00022407642499359685 0.00089566399115102605 -0.00024694195625066636 -0.00019537770646710627 0.0013833205385559381 -0.00029059933337180808 0.00029955745704529288 7.1026207505987173e-05 0.00077253277228779083 0.00095262748137658014 0.00044452270879996288 0.00036831075448586186 0.00034212276141299628 -8.6619700514008134e-05 -3.3642735313164775e-05 -0.00016439336485330556
leaf_weight=42 11750 6784 169 1897 40 55 44 156 8166 2109 428 631 42 170 1501 41 2346 1986 50 727 40 2278 147 60 62 58 127 368 58 8833
leaf_count=42 11750 6784 169 1897 40 55 44 156 8166 2109 428 631 42 170 1501 41 2346 1986 50 727 40 2278 147 60 62 58 127 368 58 8833
internal_value=-0.000437312 -4.76982e-05 -0.00107515 0.000259623 -5.01837e-05 0.00516949 0.0167172 -0.000663266 -0.00124884 -0.000274031 -0.000395716 -0.000339098 0.00199881 0.000680398 -0.000430345 0.000295408 -0.000676297 -0.00046279 -0.000216103 0.000215627 0.000565013 0.00147351 0.0042318 0.0155 -0.00106909 -0.00156831 0.00247663 0.000959595 0.00541667 -0.00172295
internal_weight=51165 31763 19402 2234 2192 295 99 196 17168 24979 22870 22442 843 801 21599 5467 16132 13786 11800 5426 4699 3020 742 100 1679 1559 642 495 120 9002
internal_count=51165 31763 19402 2234 2192 295 99 196 17168 24979 22870 22442 843 801 21599 5467 16132 13786 11800 5426 4699 3020 742 100 1679 1559 642 495 120 9002
is_linear=0
shrinkage=0.05


Tree=45
num_leaves=31
num_cat=0
split_feature=5 6 5 5 14 11 10 11 15 15 1 0 16 11 11 16 3 16 9 1 4 12 14 15 11 9 12 16 3 6
split_gain=5.52933 2.06683 1.95465 1.57311 1.49792 4.80819 1.72658 3.12667 3.14056 2.56003 2.01232 1.83492 1.75035 1.47975 3.30663 2.68839 2.19895 1.45064 1.30379 1.27631 1.25504 1.32089 1.25299 1.30306 1.31479 2.32521 2.19355 1.81147 2.09921 1.64825
threshold=0.013825635516915149 -0.21547996877279638 0.021844927716509102 0.0097619909836328452 0.032246703719173715 0.041951569626952907 -0.0080075865289204722 -0.0086028731968339472 0.00076578511564695539 -0.0099273284267771249 -0.0038293381911537745 -0.0020275096288372425 -0.013590146399885259 0.015830592814055747 0.0038135025222709733 -0.0011340296067420816 0.0013130129216480937 0.025097495047379018 -0.42553802625126236 -0.031791752915630737 0.069709672040587811 0.042111122308508782 -0.19490876951167976 0.037814814954919125 -0.016157926908067829 0.17027478405888 -0.02731436709478002 -0.046314945631433395 -0.01416857319892134 1.8371877626796886
decision_type=2 2 2 2 2 2 2 2 2 2 2 2 2 2 2 2 2 2 8 2 2 2 2 2 2 10 2 2 2 2
left_child=3 4 19 -1 20 6 17 8 9 -8 11 12 -11 14 -9 16 -16 -6 -4 -3 -2 -22 -20 24 25 -24 -27 -28 -29 -26
right_child=1 2 18 -5 5 -7 7 13 -10 10 -12 -13 -14 -15 15 -17 -18 -19 22 -21 21 -23 23 -25 29 26 27 28 -30 -31
leaf_value=-0.00020410412252682428 -8.9908036604428439e-05 -0.00011241033226495009 0.0018807820305065299 -9.1903474126103738e-05 -0.0001389969333482444 0.001311454657839905 9.1290280015576307e-05 -0.00020684261361684898 -0.00051000097238662763 -6.9986561036874202e-05 0.0014234703386620401 0.0004764485412911789 0.00071981965664187793 -0.00028024974349493949 0.00017278288330145914 0.00022844445864142395 0.00068230542424993273 0.00051346242296851732 -0.00053131540633599597 1.825331781730966e-05 0.00016793188855076152 0.0014263626700691846 0.00018702598087752033 0.00076790582992621894 2.1104196626967946e-05 5.3968801749433603e-05 0.0014240324192522245 0.0015152470913006959 0.00017265846862659856 0.00090472639497679629
leaf_weight=2807 13539 2740 71 11860 1749 51 149 713 118 80 55 80 64 463 42 695 43 54 106 8391 545 64 891 93 4463 102 60 42 84 894
leaf_count=2807 13539 2740 71 11860 1749 51 149 713 118 80 55 80 64 463 42 695 43 54 106 8391 545 64 891 93 4463 102 60 42 84 894
internal_value=-0.000443963 -0.000114021 0.000268438 -0.00126372 -0.000484761 0.000325986 0.000145179 0.000995203 0.00434066 0.00633177 0.0091577 0.00705357 0.00368055 6.13485e-05 0.000827192 0.00307692 0.0114706 -0.00103439 0.000935938 -0.000139701 -0.000734381 0.00148604 0.000864884 0.000951123 0.000867502 0.00237913 0.00628472 0.00951613 0.00611111 0.000534813
internal_weight=51108 36441 17937 14667 18504 4356 4305 2502 546 428 279 224 144 1956 1493 780 85 1803 6806 11131 14148 609 6735 6629 6536 1179 288 186 126 5357
internal_count=51108 36441 17937 14667 18504 4356 4305 2502 546 428 279 224 144 1956 1493 780 85 1803 6806 11131 14148 609 6735 6629 6536 1179 288 186 126 5357
is_linear=0
shrinkage=0.05


Tree=46
num_leaves=31
num_cat=0
split_feature=4 16 10 4 12 12 4 10 12 15 9 10 16 9 14 12 10 15 12 12 14 10 9 15 14 16 12 12 14 15
split_gain=5.2564 2.46252 10.7073 1.95848 1.94143 6.13221 1.84907 1.82686 2.33179 2.08539 4.58745 1.91985 5.25843 1.99736 2.15271 1.65154 2.17857 1.88721 1.62453 2.67619 3.95547 7.97396 2.58969 2.34447 1.69328 2.55737 2.88094 4.41709 7.51744 4.61314
threshold=0.025051981854477167 -0.026166226050322813 0.012020703086552011 0.065948714310706938 0.028818741117549677 0.053746463317020383 0.018174832016365969 0.014365364117936543 -0.051373886546093366 0.03424436623808403 0.77275676294917717 0.012020703086552011 -0.019819276664894411 0.4377579352869802 1.0000000180025095e-35 -0.042339714563459634 -0.0067260257632843481 -0.024982183517057607 0.10123019596275297 0.066825608086901869 -0.021590127132527389 0.0012069749261046649 0.3572323282038386 -0.0083207046351039243 0.034817373929807223 0.076557041371474802 -0.0067439083526363843 0.014344478951051955 0.039367313902779928 -0.024982183517057607
decision_type=2 2 2 2 2 2 2 2 2 2 8 2 2 8 2 2 2 2 2 2 2 2 8 2 2 2 2 2 2 2
left_child=1 2 4 7 15 -6 -3 9 -9 11 -11 18 -13 14 -14 16 -1 -17 19 24 21 -21 -23 -20 -2 26 -26 28 -28 -30
right_child=3 6 -4 -5 5 -7 -8 8 -10 10 -12 12 13 -15 -16 17 -18 -19 23 20 -22 22 -24 -25 25 -27 27 -29 29 -31
leaf_value=-0.00014478172414605941 -3.9495677543310181e-05 -0.0001669141509134384 0.0015436703894764776 0.00029758534943086044 0.00058960006798064674 -0.00037137756965960068 -7.8463342526876068e-05 0.0003398971170224561 -0.00034857346954588917 -0.00031672209900503526 0.0019272338170079409 0.0014031766638090614 0.00021680214027138667 -0.00017874207391854193 0.0017578235131397509 0.0002804002123798227 0.00029989961602603461 -0.00015245212700319658 0.0014616496355677698 0.0018322395893399124 5.8867810801819006e-05 -4.0634991388535953e-05 0.00066884595598170889 -0.00047506989104459109 -0.00010327669208168229 0.0010750982206729934 0.00090906010323003796 -8.719803166969102e-06 0.00077859833972844452 0.00014381545577989832
leaf_weight=118 18879 5822 58 2014 87 102 11248 114 1413 49 43 56 214 294 59 244 129 1451 54 52 729 194 108 478 2661 51 64 2618 275 1390
leaf_count=118 18879 5822 58 2014 87 102 11248 114 1413 49 43 56 214 294 59 244 129 1451 54 52 729 194 108 478 2661 51 64 2618 275 1390
internal_value=-0.000399273 -0.0010512 0.000527637 -4.55965e-06 -4.92738e-05 0.00478836 -0.00125366 -0.000106563 -0.00179109 -1.55665e-05 0.0075 -4.01062e-05 0.00270465 0.00126102 0.00434066 -0.000520084 0.00329959 -0.0010767 -0.000102168 -4.8297e-05 0.00238689 0.00672316 0.00360927 -0.00283835 -0.000149974 0.000510694 0.000429508 0.00122268 0.00318392 0.00253754
internal_weight=51068 19259 2189 31809 2131 189 17070 29795 1527 28268 92 28176 623 567 273 1942 247 1695 27553 27021 1083 354 302 532 25938 7059 7008 4347 1729 1665
internal_count=51068 19259 2189 31809 2131 189 17070 29795 1527 28268 92 28176 623 567 273 1942 247 1695 27553 27021 1083 354 302 532 25938 7059 7008 4347 1729 1665
is_linear=0
shrinkage=0.05


Tree=47
num_leaves=31
num_cat=0
split_feature=4 4 5 6 10 10 9 11 14 10 11 7 14 3 14 14 10 13 3 0 9 10 10 10 10 8 10 14 8 3
split_gain=5.06456 2.44679 2.15393 2.0949 1.7016 1.72641 2.9314 2.12066 1.61157 1.83266 4.89194 4.74498 2.59231 2.00404 1.81725 3.73322 3.889 2.62612 3.97804 2.30709 1.97533 1.93301 3.6354 7.65221 5.03654 3.25155 2.66398 2.14633 1.63159 1.6426
threshold=0.030192785234340991 0.08984422855346165 0.0099653740984975165 2.2935792146413703 0.014365364117936543 0.012020703086552011 0.1632139500066542 0.050492682028646547 0.049481808267930923 -0.0080075865289204722 -0.00993475231595836 0.01339094994537793 0.052093484772870687 -0.003552793292488476 -0.037511825146214865 -0.039568606403770572 0.0014914838547043232 13.554999828338625 -0.00034816350009408964 0.0074061283811366349 0.19501090869031593 0.0086193521775437282 0.013109315021302749 0.012020703086552011 0.01216187619022502 0.21165088364848242 0.0095076274836749537 -0.045428235490666539 0.11294732379569107 0.0030738267323435768
decision_type=2 2 2 2 2 2 8 2 2 2 2 2 2 2 2 2 2 2 2 2 8 2 2 2 2 8 2 2 8 2
left_child=2 4 -1 8 5 7 -7 -2 14 -10 11 -11 -12 -13 15 17 19 18 20 -17 -4 -19 23 25 -25 26 27 -23 29 -16
right_child=1 -3 3 -5 -6 6 -8 -9 9 10 12 13 -14 -15 28 16 -18 21 -20 -21 -22 22 -24 24 -26 -27 -28 -29 -30 -31
leaf_value=-0.00017077297262590085 3.4110544499926345e-05 0.0010580357904408668 0.0007081689429623303 0.00024929288096653044 -0.00018098212207330944 0.0010916053025658277 0.00011252473112429382 -0.00094195280218940737 -9.2392150804064812e-05 0.00017455187089487599 0.00055142356822002214 0.0017478040948711894 -3.5602819759096564e-05 0.00016010687685185686 -0.00011810717628709415 0.00063896264483544586 0.00014580707119416856 -0.00022145712928825311 -1.075568721714126e-05 0.00014253717263923023 0.0004089840653406986 7.0535471462751775e-05 -0.00029864686900139408 0.0013051626616886454 0.00028142634929569798 0.00070244641249335459 -0.00025719183337876247 0.00095060024635057559 -0.00025747545999490784 -7.1314801769473237e-06
leaf_weight=3199 20177 389 86 1349 1339 155 275 284 2166 325 40 47 1583 64 8033 99 314 2263 579 41 144 322 957 75 117 43 739 60 2225 3507
leaf_count=3199 20177 389 86 1349 1339 155 275 284 2166 325 40 47 1583 64 8033 99 314 2263 579 41 144 322 957 75 117 43 739 60 2225 3507
internal_value=-0.000363363 0.000194747 -0.000808226 -0.000652952 0.000125955 0.000236704 0.00337209 0.000170812 -0.000761468 0.000124259 0.00119233 0.00589449 -7.08576e-05 0.0148198 -0.000952358 -0.000213223 0.00414097 -0.000580317 0.00204573 0.0110714 0.00760869 -0.00104458 -2.81032e-05 0.00163717 0.0108854 0.000111683 -0.000405889 0.00298429 -0.00126589 -0.00102686
internal_weight=50996 22619 28377 25178 22230 20891 430 20461 23829 4225 2059 436 1623 111 19604 5839 454 5385 809 140 230 4576 2313 1356 192 1164 1121 382 13765 11540
internal_count=50996 22619 28377 25178 22230 20891 430 20461 23829 4225 2059 436 1623 111 19604 5839 454 5385 809 140 230 4576 2313 1356 192 1164 1121 382 13765 11540
is_linear=0
shrinkage=0.05


Tree=48
num_leaves=31
num_cat=0
split_feature=5 10 10 16 12 12 13 9 10 14 16 12 12 14 16 13 3 10 10 12 16 13 16 9 12 7 13 16 12 3
split_gain=4.39589 2.48144 2.34143 6.41431 1.8643 2.48077 16.063 2.60653 2.29499 2.2429 7.27616 2.77948 5.07107 8.11389 3.79019 2.56548 3.08307 2.34295 6.70745 2.82894 2.59178 2.42604 4.82391 3.12565 2.15993 2.09214 2.01963 1.98197 1.9456 2.05116
threshold=0.013825635516915149 0.014365364117936543 0.012020703086552011 -0.019819276664894411 0.10123019596275297 0.066825608086901869 21.82499980926514 0.36348673432345618 -0.003907886329562015 0.032246703719173715 0.076557041371474802 -0.0067439083526363843 0.0061046403867389696 0.042707148571172311 -0.045377920304347001 20.814999580383304 -0.017962406768955715 -0.0022466213089214477 -0.0021666666697506827 -0.037333173257957868 -0.049112700925670542 19.880000114440922 0.088128235511908751 -0.3806495596218839 -0.040334955259991249 0.01142224779782808 49.655000686645515 0.027316934479232228 0.018878595009899749 0.0045151360735636867
decision_type=2 2 2 2 2 2 2 8 2 2 2 2 2 2 2 2 2 2 2 2 2 2 2 8 2 2 2 2 2 2
left_child=-1 2 4 -4 5 9 7 -7 -9 17 11 26 13 -13 -15 25 -17 19 -19 27 -21 22 23 -20 -25 -14 -11 -2 29 -26
right_child=1 -3 3 -5 -6 6 -8 8 -10 10 -12 12 15 14 -16 16 -18 18 21 20 -22 -23 -24 24 28 -27 -28 -29 -30 -31
leaf_value=-9.7698551477706503e-05 0.00024116553025269841 -0.00019964158351164644 0.0013103258412779095 0.00017727247145143705 -0.00037884618894815309 -5.4832827215603246e-05 0.0019957523569396336 -0.00094405139027728998 0.00086723942164274319 -9.3236931547411217e-05 0.0012439398082707389 0.00087839696345011714 -0.00012273618289683857 0.00095767410371188711 0.00023165742044724621 0.00077923888350400609 0.00014239945506175464 0.0013652896410672631 0.0012143749932328064 0.00071772610699614059 -0.00025264349220052891 -0.00019345924327422224 0.00080427514262843653 0.0003600401881128808 -0.00020829597170289452 0.0001447317669141063 0.0012948302340665533 -0.0010541097561371873 3.1246627889500252e-05 3.0521459681763392e-05
leaf_weight=14757 505 1996 81 680 636 950 58 73 312 3251 62 77 2054 42 1061 47 102 85 92 49 3223 2957 56 219 3624 2235 60 122 9450 2197
leaf_count=14757 505 1996 81 680 636 950 58 73 312 3251 62 77 2054 42 1061 47 102 85 92 49 3223 2957 56 219 3624 2235 60 122 9450 2197
internal_value=-0.000450278 -0.000154859 -5.5298e-05 0.00268725 -0.000117415 -6.56809e-05 0.00199928 0.000880149 0.00435065 -0.000156796 0.000511065 0.00039254 0.00106977 0.00398305 0.00288758 0.000295177 0.00674497 -0.000422739 -0.000190044 -0.00153757 -0.00212714 -0.000254102 -5.7564e-06 -5.84019e-05 -0.000112977 7.1111e-05 -0.00075657 0.00153907 -0.000183683 -0.000902767
internal_weight=51113 36356 34360 761 33599 32963 1393 1335 385 31570 8991 8929 5618 1180 1103 4438 149 22579 18680 3899 3272 18595 15638 15582 15490 4289 3311 627 15271 5821
internal_count=51113 36356 34360 761 33599 32963 1393 1335 385 31570 8991 8929 5618 1180 1103 4438 149 22579 18680 3899 3272 18595 15638 15582 15490 4289 3311 627 15271 5821
is_linear=0
shrinkage=0.05


Tree=49
num_leaves=31
num_cat=0
split_feature=5 5 14 14 10 10 10 10 12 12 10 14 12 12 12 15 7 14 15 14 6 16 15 10 12 15 16 10 15 12
split_gain=4.16057 2.39925 1.80534 2.33975 2.20803 3.70811 2.0519 2.25286 1.8476 2.50715 7.23966 4.23113 4.08494 3.70147 3.53351 2.37766 2.36476 2.11022 1.75716 2.61651 1.74533 1.99181 3.71141 3.42635 4.38956 4.48275 2.2503 2.18961 3.79996 2.05268
threshold=0.020162638824662047 0.0097619909836328452 0.032246703719173715 0.013234785210327617 0.0066242939925211805 0.0067105018630921895 0.00069580976977412512 0.0002101400880069049 -0.0097422430740965443 0.012544091383750124 -0.00098150461997481542 0.069818776796141915 0.0065049647434682898 0.011040708270440904 0.0033715078329863428 -0.024982183517057607 0.0075696752329632586 0.057570789081387914 0.00052216297545348855 0.068989760976132977 -0.21547996877279638 0.0048345471215708322 0.0031555683717793275 0.00038115432096208496 -0.034828232656023965 -0.0047316895572758191 -0.0038527680554427675 -0.0012320349976599474 -0.0014701475384556459 0.041226484541621485
decision_type=2 2 2 2 2 2 2 2 2 2 2 2 2 2 2 2 2 2 2 2 2 2 2 2 2 2 2 2 2 2
left_child=1 -1 3 20 -5 -6 7 8 18 10 11 12 14 15 17 -13 -16 -10 -4 -20 21 22 23 26 -25 -26 -3 28 29 -28
right_child=-2 2 6 4 5 -7 -8 -9 9 -11 -12 13 -14 -15 16 -17 -18 -19 19 -21 -22 -23 -24 24 25 -27 27 -29 -30 -31
leaf_value=-0.00016688619368561425 3.3775061104391106e-05 -0.00016726804935181521 -0.00015335461210382986 -0.00022327041379978119 0.0010141894195341053 -0.00019349192084125715 -0.00025897535505986269 0.00058358431210030898 9.5652281731256934e-05 -9.9856961906282315e-06 0.00082123681440338873 0.00027837297488947588 -0.00018921930406929678 0.00039986071625935926 0.00064771961627501642 -0.0002019068527921943 0.0004272343276458959 0.00044966719394830355 -0.00053076165596796889 0.00034516660643893563 -1.5006753849863106e-05 -0.00016771450481889021 -0.00014662999806015769 0.00044043955872061468 0.00095823471174616686 8.5540468551938199e-05 0.00027282828735308395 -0.00027070764267456631 0.00086618272255191333 -0.00052025733377306679
leaf_weight=2891 17392 835 1628 3108 42 120 889 119 230 3174 50 257 164 41 82 780 48 129 61 96 9389 5668 2184 58 50 956 215 191 89 103
leaf_count=2891 17392 835 1628 3108 42 120 889 119 230 3174 50 257 164 41 82 780 48 129 61 96 9389 5668 2184 58 50 956 215 191 89 103
internal_value=-0.00039274 -0.000717301 -0.000587854 -0.000810154 -0.00204893 0.00364197 7.22755e-05 0.000365212 0.000244806 0.000741674 0.00224312 0.00170133 0.00487749 -0.000222636 0.00716769 -0.000805209 0.0142308 0.00461003 -0.00113445 0.0039172 -0.000604926 -0.00105276 -0.000289469 0.00102723 0.00317669 0.00240557 -0.000568738 0.00177257 0.00384521 0.00128931
internal_weight=51039 33647 30756 23008 3270 162 7748 6859 6740 4955 1781 1731 653 1078 489 1037 130 359 1785 157 19738 10349 4681 2497 1064 1006 1433 598 407 318
internal_count=51039 33647 30756 23008 3270 162 7748 6859 6740 4955 1781 1731 653 1078 489 1037 130 359 1785 157 19738 10349 4681 2497 1064 1006 1433 598 407 318
is_linear=0
shrinkage=0.05


Tree=50
num_leaves=31
num_cat=0
split_feature=5 6 5 13 11 13 14 13 13 11 9 0 5 8 11 13 11 1 14 14 14 9 11 5 14 6 8 5 14 14
split_gain=3.70383 3.27428 2.59398 2.4375 3.76973 3.27919 4.23483 2.28233 2.7622 3.60003 2.8292 3.81464 2.16081 1.85514 1.80719 1.80634 1.6173 1.88913 1.46864 1.61327 5.36267 3.49951 2.88948 2.5826 1.83384 1.71168 1.5398 1.51398 1.46124 2.23779
threshold=0.0097619909836328452 -0.63393317222924894 0.025981894705721553 13.444999694824221 0.034590351886677258 13.34500026702881 -0.028449828861296097 14.494999885559084 14.904999732971193 -0.0031311612165533238 -0.10286542779799106 0.010394335131245548 0.013703276127991383 0.031134142262597479 0.016901254843129102 14.72499990463257 0.015296140057879161 0.034572756820973834 0.032869961540085708 -0.037511825146214865 -0.039568606403770572 -0.0086701350155695672 0.025734816417073651 0.011174507563304221 -0.038683719112648444 0.61952850830042927 -0.093620695366642123 0.015219236812852142 -0.0241559957087869 -0.060408912479391223
decision_type=2 2 2 2 2 2 2 2 2 2 10 2 2 8 2 2 2 2 2 2 2 10 2 2 2 2 10 2 2 2
left_child=-1 14 3 4 5 28 -7 -5 9 10 -9 12 -12 15 16 -11 -2 -18 19 20 22 -22 -10 -24 -23 -21 -25 -26 29 -3
right_child=1 2 -4 7 -6 6 -8 8 18 13 11 -13 -14 -15 -16 -17 17 -19 -20 25 21 24 23 26 27 -27 -28 -29 -30 -31
leaf_value=-0.00017759269262494705 -7.3495178801053743e-05 -0.00036016545392233848 0.0001594405747918597 -0.0001740107788323222 0.00096650304606459762 0.0010764218507089631 5.9306259849029329e-05 -2.630467964530531e-05 -0.00010275492787697584 -7.2724883945558767e-06 0.00068922457503938059 0.0015247159952723908 -2.389010529416819e-05 -9.4064935269124313e-05 -0.00024976781820690872 0.00036514381836807904 5.3851361241900193e-05 0.00079168002733467815 1.6341577913466883e-05 -0.00014386544211607145 0.00023913023532465806 0.0021101538444554782 0.0012678268703597371 0.00060063521327793207 1.4044640028444271e-05 3.8994669307092467e-06 6.1420272142383368e-05 0.00075994113902732674 -2.6498513517477811e-05 0.00020297876328166761
leaf_weight=2771 9674 228 6152 3651 44 87 191 62 4634 262 51 45 50 636 2831 290 292 112 6497 5817 200 49 40 73 44 2344 537 65 2646 761
leaf_count=2771 9674 228 6152 3651 44 87 191 62 4634 262 51 45 50 636 2831 290 292 112 6497 5817 200 49 40 73 44 2344 537 65 2646 761
internal_value=-0.000407346 -0.000305491 -5.72553e-05 -0.000253209 0.000900934 0.000737285 0.00597122 -0.000433386 -0.000238755 0.00191261 0.00798077 0.0117808 0.00638614 0.000850167 -0.000987297 0.00297101 -0.000673746 0.00242574 -0.000386701 -0.000678477 -2.83599e-05 0.00589385 -0.0004296 0.00269231 0.0114557 -0.00112793 0.00188524 0.00784404 0.000337 0.00197674
internal_weight=51136 48365 35456 29304 3957 3913 278 25347 21696 1396 208 146 101 1188 12909 552 10078 404 20300 13803 5642 358 5284 650 158 8161 610 109 3635 989
internal_count=51136 48365 35456 29304 3957 3913 278 25347 21696 1396 208 146 101 1188 12909 552 10078 404 20300 13803 5642 358 5284 650 158 8161 610 109 3635 989
is_linear=0
shrinkage=0.05


Tree=51
num_leaves=31
num_cat=0
split_feature=5 13 15 16 12 15 12 13 14 4 9 13 13 13 11 16 3 12 9 12 12 12 15 16 11 15 9 16 14 15
split_gain=3.73148 2.56496 1.70607 4.66069 1.69415 2.1897 1.49845 9.355 2.82846 1.94015 1.7497 1.48477 3.50342 2.4847 4.13501 5.87544 4.88604 3.14627 3.03705 2.92778 4.38596 3.72299 3.32802 3.90862 2.40144 2.25219 2.23181 2.20082 6.84878 2.75474
threshold=0.013825635516915149 49.655000686645515 -0.024469936616280771 -0.0021006376853651694 0.10123019596275297 -0.0083207046351039243 0.073733848686565309 21.82499980926514 -0.037511825146214865 0.040532335081728349 0.48474903243408424 13.444999694824221 14.494999885559084 15.464999675750734 0.017632918740663531 0.028793496492619978 -0.0026522492113512093 0.0359090683716582 0.086321469103840212 0.025371474284221155 0.026873376718857592 0.0082902198416674473 0.015816192061499316 -0.013779813222093982 0.01562981784988882 -0.0043985032042600505 0.13592809177797918 -0.0202185570096266 0.0091478412114857095 0.0084858565175797169
decision_type=2 2 2 2 2 2 2 2 2 2 8 2 2 2 2 2 2 2 8 2 2 2 2 2 2 2 8 2 2 2
left_child=2 4 3 -1 6 -6 11 8 9 10 -8 27 -13 14 15 17 18 19 -17 21 26 22 23 -14 -23 -22 -21 28 -2 -29
right_child=1 -3 -4 -5 5 -7 7 -9 -10 -11 -12 12 13 -15 -16 16 -18 -19 -20 20 25 24 -24 -25 -26 -27 -28 29 -30 -31
leaf_value=1.7385724956124097e-05 0.0010089478612150943 0.0014585332052878775 -9.726341804354529e-05 0.00049180496580016465 0.0013820074049852363 -0.00045018709309738414 -0.00028032332483396313 0.0017462742617862623 -3.9694779178227856e-05 0.001021690719512704 0.00054921639363593932 -0.000219676879877457 -0.00010162589206465555 -2.8276269567894562e-05 -0.00031693467674731341 0.0012968428903479983 0.00043894045682709294 -0.00043719351250671117 0.00054643504846946115 0.00030571040016778178 -0.00046543836627343501 -0.00013560546517757597 -0.0011199836172863969 0.00081659759175428713 0.0012317924914211317 0.00029666028717651572 0.0015740637393691689 -5.9574821266035331e-05 -0.00034297710167147024 0.00031318340256095557
leaf_weight=400 126 69 14245 45 55 580 104 57 1170 75 49 3898 116 22801 1061 47 260 377 44 41 123 1160 74 273 44 317 44 2430 146 866
leaf_count=400 126 69 14245 45 55 580 104 57 1170 75 49 3898 116 22801 1061 47 260 377 44 41 123 1160 74 273 44 317 44 2430 146 866
internal_value=-0.000409712 -0.000138299 -0.00108237 0.00196629 -0.000156587 -0.00271654 -0.000111056 0.00146048 0.000650929 0.00574561 0.00251634 -0.000177822 -0.000290092 -8.62532e-05 0.00106631 0.00203767 0.00810541 0.00120864 0.0180769 0.00193431 0.00519047 0.000908817 0.00471922 0.00656812 -0.00055648 0.00318182 0.0155882 0.000787555 0.00511029 0.000430824
internal_weight=51097 36407 14690 445 36338 635 35703 1455 1398 228 153 34248 30680 26782 3981 2920 351 2569 91 2192 525 1667 463 389 1204 440 85 3568 272 3296
internal_count=51097 36407 14690 445 36338 635 35703 1455 1398 228 153 34248 30680 26782 3981 2920 351 2569 91 2192 525 1667 463 389 1204 440 85 3568 272 3296
is_linear=0
shrinkage=0.05


Tree=52
num_leaves=31
num_cat=0
split_feature=5 10 15 10 16 13 12 13 16 9 12 15 15 10 15 10 16 16 14 12 15 5 8 15 16 12 12 13 9 15
split_gain=3.50394 2.06677 6.40697 1.95012 4.39421 1.86203 1.76168 2.19404 2.3023 2.0566 1.74554 1.6932 9.36885 3.25056 1.74134 1.82335 4.28781 3.52629 1.83354 1.68425 1.71105 1.63522 1.47567 2.53965 1.52948 1.54157 1.5254 4.95249 3.54794 2.77484
threshold=0.013825635516915149 0.014365364117936543 0.037814814954919125 0.012020703086552011 -0.019819276664894411 17.445000648498539 0.031326678595768549 21.409999847412113 0.045115806410636401 -0.084397434993550277 -0.051373886546093366 0.014109823043623517 0.014389455614953863 0.0038486575209699674 0.0027123018439723094 0.00054085357346300722 -0.012944672968160984 -0.017717677111640181 -0.022738080424884784 0.10123019596275297 -0.0083207046351039243 0.049550437091151207 -0.008478415129920867 0.012685753313255612 -0.062749583771881765 -0.0063801320517133378 0.039147436974305568 21.82499980926514 -0.0065040242471569578 0.0082176087766024936
decision_type=2 2 2 2 2 2 2 2 2 10 2 2 2 2 2 2 2 2 2 2 2 2 10 2 2 2 2 2 10 2
left_child=6 2 3 19 -5 -6 9 8 -8 -1 -3 14 -13 -14 15 -11 17 18 -17 21 -21 22 24 26 25 -2 -24 29 -29 -28
right_child=1 10 -4 4 5 -7 7 -9 -10 11 -12 12 13 -15 -16 16 -18 -19 -20 20 -22 -23 23 -25 -26 -27 27 28 -30 -31
leaf_value=-0.00011531705234127249 0.00016822866735594839 0.00025745797203874111 0.002033102405223486 0.0013045510061632428 0.00055195570341086864 -0.00022611362980422338 -0.00016192554919574822 0.00034821610685616458 0.00013883764152037025 -1.4935449492554091e-05 -0.00029991940373992056 0.0013814756050912233 0.00054673589058072496 -1.8874162087891946e-06 -0.0001572703672511284 0.00040361466825127252 -2.3501029426669124e-05 0.0005629319519014662 -2.6924571043872797e-05 0.0011382321248565215 -0.00035495411939560353 0.00071835963315003632 1.5877498467904435e-05 -0.00019870852697722802 -6.4183387311183564e-05 0.0010452846626863904 3.0007818607581971e-05 0.0018525545738287902 0.00015207542720243065 0.00035335428120690949
leaf_weight=3327 490 190 40 77 319 334 5213 77 382 2754 1787 41 41 632 1678 61 364 55 88 64 583 515 11883 2665 13390 57 3131 42 43 852
leaf_count=3327 490 190 40 77 319 334 5213 77 382 2754 1787 41 41 632 1678 61 364 55 88 64 583 515 11883 2665 13390 57 3131 42 43 852
internal_value=-0.000352224 -8.94093e-05 7.23761e-07 -2.25008e-05 0.00253425 0.00120214 -0.00100354 -0.00169429 -0.00180965 -0.000570181 -0.00166161 5.24907e-06 0.00228291 0.000869241 -0.000320001 0.000343166 0.00292253 0.00872549 0.00473154 -7.78597e-05 -0.00260433 -2.84275e-05 -7.26519e-05 0.000218628 -0.000461722 0.0021298 0.000457337 0.00129302 0.0132353 0.00103816
internal_weight=51175 36462 34485 34445 730 653 14713 5672 5595 9041 1977 5714 714 673 5000 3322 568 204 149 33715 647 33068 32553 18616 13937 547 15951 4068 85 3983
internal_count=51175 36462 34485 34445 730 653 14713 5672 5595 9041 1977 5714 714 673 5000 3322 568 204 149 33715 647 33068 32553 18616 13937 547 15951 4068 85 3983
is_linear=0
shrinkage=0.05


Tree=53
num_leaves=31
num_cat=0
split_feature=6 9 5 10 11 14 11 15 1 10 1 6 2 6 11 16 4 15 14 14 9 7 16 10 9 11 14 14 14 14
split_gain=3.15292 2.48802 2.19448 1.96396 1.84091 2.13489 3.95971 2.31034 1.80731 1.88813 1.78031 1.63984 1.44437 1.42577 1.41679 1.37546 1.37483 1.35405 2.22733 3.89869 4.54898 3.49091 2.62642 2.36964 2.59085 1.87851 1.89025 2.78658 1.81366 3.36995
threshold=0.63880301623911562 -0.3806495596218839 0.013825635516915149 0.0052131672495069345 0.019998315354098021 0.054359057666468209 0.041951569626952907 0.0037384371506522522 -0.026073102823209179 -0.023232584216571036 -0.0077051370664553689 -0.047157564976000287 -0.027135805132041609 2.6884077121028542 -0.040606280288626444 0.054779551976547831 0.10200225379088555 0.0038720417272338774 -0.024601750905799354 -0.027300254032733503 -0.0041538361577668761 0.016927953603705474 0.025097495047379018 -0.015857529403489442 -0.18441607949964503 0.016424334506672137 -0.039568606403770572 -0.039055332959848192 -0.0052640766517011986 -0.0046275643275077152
decision_type=2 8 2 2 2 2 2 2 2 2 2 2 2 2 2 2 2 2 2 2 8 2 2 2 10 2 2 2 2 2
left_child=1 3 15 -1 16 7 -7 -6 9 14 11 -9 -10 -14 -2 -3 17 18 19 25 21 -21 28 -24 -25 26 -4 -28 -20 -30
right_child=8 2 4 -5 5 6 -8 10 12 -11 -12 -13 13 -15 -16 -17 -18 -19 22 20 -22 -23 23 24 -26 -27 27 -29 29 -31
leaf_value=0.00015747552790204469 0.0001316632078463019 -0.00010128715536893798 -0.00010286310861889249 0.001605853553795764 -0.00042999836919863912 5.6863525578243545e-06 0.0011785197162479583 0.00045902456178751098 0.00026978742894506134 -0.00013128784594612262 -0.00013870266314259594 -0.0001711105730770212 1.3951752638519556e-05 0.0006437755987906673 0.0010612856395003595 6.9759133452210336e-05 0.0013269924596179554 -8.9178152123674367e-05 -0.00021009849170210574 0.00060387525309593985 0.0003746296955319966 0.0017560254582845245 0.00065034080572870458 -0.00039561335884001663 0.00043937233574454262 0.00054048879256238388 0.00074765359431278034 5.8745103382717908e-05 0.00087561413482123646 -2.1590778943412049e-05
leaf_weight=158 105 11249 1015 78 1623 231 51 213 1110 2726 2803 89 5661 1279 43 292 111 8824 1965 48 161 40 43 281 833 147 68 668 133 8942
leaf_count=158 105 11249 1015 78 1623 231 51 213 1110 2726 2803 89 5661 1279 43 292 111 8824 1965 48 161 40 43 281 833 147 68 668 133 8942
internal_value=-0.000379487 -0.000584786 -0.000615115 0.0045339 -0.000378063 -0.00124751 0.00297872 -0.00149958 0.000373488 -0.000702854 -0.000700484 0.00294702 0.000757763 0.000489912 0.0047973 -0.00119617 -0.000190946 -0.000217543 8.22632e-05 0.0015673 0.0074498 0.0165909 -0.000179144 0.00208729 0.00164273 0.000795573 0.000339805 0.00226902 -0.000416668 -0.000118458
internal_weight=50990 40066 39830 236 28289 5010 282 4728 10924 2874 3105 302 8050 6940 148 11541 23279 23168 14344 2147 249 88 12197 1157 1114 1898 1751 736 11040 9075
internal_count=50990 40066 39830 236 28289 5010 282 4728 10924 2874 3105 302 8050 6940 148 11541 23279 23168 14344 2147 249 88 12197 1157 1114 1898 1751 736 11040 9075
is_linear=0
shrinkage=0.05


Tree=54
num_leaves=31
num_cat=0
split_feature=4 6 11 1 11 16 1 13 13 10 12 13 7 12 13 13 10 12 16 13 13 13 9 14 11 11 11 8 8 10
split_gain=4.11716 2.03761 1.59668 1.81865 3.04862 2.21139 1.55363 1.62663 2.00368 1.37444 1.36451 1.72065 1.56884 2.79114 1.41104 2.54873 2.93208 1.44547 2.25648 1.40532 3.34558 1.38655 1.37819 2.37235 2.14378 1.71334 2.02939 1.96186 1.43153 1.6926
threshold=0.039044451832766981 -0.20714070438751125 0.016901254843129102 0.032198187484184466 0.01613839302739695 0.021330113486280004 -0.033981287486358917 25.319999694824222 26.85000038146973 0.0023442699463880339 -0.080083523859072289 28.970000267028812 -0.20128334917171334 -0.087458765142185854 16.125000000000004 16.260000228881839 -0.0019995726929346587 -0.0078641558377195424 -0.062749583771881765 25.505000114440922 25.960000038146976 23.694999694824222 -0.22809651525350957 -0.081825770158787711 0.035212880845506785 0.028626445493023959 0.023193320881576888 0.070577118148258081 -0.10108609258401217 -0.0029081148412767872
decision_type=2 2 2 2 2 2 2 2 2 2 2 2 2 2 2 2 2 2 2 2 2 2 8 2 2 2 2 8 10 2
left_child=1 2 3 -1 -5 -6 7 -3 -9 -7 12 14 -2 -14 -12 16 -16 19 -19 -17 -21 22 23 -20 -25 26 28 -28 -24 -30
right_child=10 6 -4 4 5 9 -8 8 -10 -11 11 -13 13 -15 15 17 -18 18 21 20 -22 -23 25 24 -26 -27 27 -29 29 -31
leaf_value=-7.852449208383918e-05 0.001761938240080191 -0.00013477753935996529 -0.00019459853206314344 1.2863268642585562e-05 -0.00014209382827428204 0.00015870859694841949 -2.4244670708211023e-06 0.00052980204220014779 -1.4534924217300325e-05 0.00063275871453029938 -6.2078966221343601e-05 -0.00034175277955950101 -0.00032492371121961398 0.00039146335823394711 -0.0003493758501817957 -8.6401835871464534e-05 0.0015373141406011509 0.0011486437749715316 0.0011389854003646587 0.0015655935257025172 9.2852042365112569e-05 -0.00027393457577540054 -0.00012837336945818677 0.00019615269025888011 0.001111718805703654 -0.00022789891434678284 -0.00013258972332825893 0.0025852409089729728 0.00059565804852482163 0.00012062503362459988
leaf_weight=14184 43 3063 3993 1666 41 51 15840 82 192 65 3143 574 165 158 47 2599 76 42 57 44 502 131 552 397 57 509 40 81 780 1926
leaf_count=14184 43 3063 3993 1666 41 51 15840 82 192 65 3143 574 165 158 47 2599 76 42 57 44 502 131 552 397 57 509 40 81 780 1926
internal_value=-0.000349316 -0.000596908 -0.000950001 -0.000726871 0.000759736 0.00742038 -0.000228661 -0.00120917 0.00248175 0.0109483 0.000464228 0.000369039 0.00346994 0.00227554 0.000508512 0.000867346 0.00800813 0.00075353 0.00132108 -7.15433e-05 0.00223443 0.00121413 0.00136508 0.00380626 0.00259912 0.00104424 0.00145161 0.00780992 0.00121547 0.00168884
internal_weight=51100 39177 20000 16007 1823 157 19177 3337 274 116 11923 11557 366 323 10983 7840 123 7717 4572 3145 546 4530 4399 511 454 3888 3379 121 3258 2706
internal_count=51100 39177 20000 16007 1823 157 19177 3337 274 116 11923 11557 366 323 10983 7840 123 7717 4572 3145 546 4530 4399 511 454 3888 3379 121 3258 2706
is_linear=0
shrinkage=0.05


Tree=55
num_leaves=31
num_cat=0
split_feature=4 15 16 7 6 15 9 4 12 14 4 1 16 16 15 14 8 9 6 9 16 16 10 3 12 12 16 14 9 0
split_gain=2.77018 2.14833 3.53814 2.29085 1.66851 1.4149 3.60533 1.40349 2.31028 1.3527 1.28178 1.83961 1.65099 1.58438 2.14692 1.80954 1.41324 1.81167 1.38254 1.31948 1.28814 3.60752 4.94404 1.21076 1.1071 1.25836 1.07483 1.53201 1.57006 1.05513
threshold=0.031527819354478646 -0.024469936616280771 -0.0021006376853651694 0.0095003620353637536 1.8371877626796886 0.037814814954919125 0.28657990618450907 0.08984422855346165 -0.080083523859072289 0.065588142690931509 0.018425736345862066 -0.031791752915630737 0.058469781528559646 -0.0202185570096266 0.014109823043623517 0.15245074482965074 0.095465041127612352 0.1652484908176455 0.65909254499805914 0.15364983324260142 0.03327343370395653 0.032039212360379883 0.0035295421456860159 0.0058647057765227615 0.059758756541204668 0.052412040834153968 0.079611158282187469 -0.077913276979976895 -0.050343585853027832 -0.001370665272995508
decision_type=2 2 2 2 2 2 8 2 2 2 2 2 2 2 2 2 8 10 2 8 2 2 2 2 2 2 2 2 10 2
left_child=1 2 9 -4 7 10 -7 26 -9 -1 12 -12 13 14 23 -15 17 18 20 -20 21 -13 -23 -3 25 -19 -2 28 -28 -11
right_child=4 5 3 -5 -6 6 -8 8 -10 29 11 16 -14 15 -16 -17 -18 24 19 -21 -22 22 -24 -25 -26 -27 27 -29 -30 -31
leaf_value=-0.00051815051627040988 -1.144610356948591e-06 -4.9698629620028061e-05 0.00012519004862955892 0.00065818093111051992 0.00038740906872638202 -0.0003298466206627449 0.0011574701526870616 0.00183057287325352 0.00047272598450308909 5.7284929724561989e-05 -0.00013623427304719203 -3.5607144777516127e-05 0.00017195020043523366 -0.00015041317382324287 0.00097177742044030112 0.00019138670222658142 -0.00012299957103116733 0.00010482790232668627 0.00022891270582914904 -0.00015469296375207245 -0.00019214434996015216 0.00086533967256135829 -0.00023203617939044027 0.00027544504256619772 0.00051106624512068906 -0.00039467674393486277 -0.00039467595200463087 -0.00054846267316965207 0.00081455131684275521 0.00033853998788166054
leaf_weight=149 17981 700 43 56 1674 75 50 42 340 602 3382 8060 107 5529 62 65 4817 2001 1505 651 2042 49 66 93 79 84 44 548 45 96
leaf_count=149 17981 700 43 56 1674 75 50 42 340 602 3382 8060 107 5529 62 65 4817 2001 1505 651 2042 49 66 93 79 84 44 548 45 96
internal_value=-0.00032888 -0.000632844 0.00171247 0.0106566 0.000117538 -0.000708265 0.0046 -1.57907e-05 0.00298429 0.000667059 -0.000730917 -0.000553309 -0.00134686 -0.00144906 0.000555554 -0.00175545 -0.0003653 -0.000119352 -0.000352785 0.000797772 -0.000595577 -0.000314986 0.00847826 -0.00014502 0.00121534 0.000995203 -7.73457e-05 -0.00209576 0.00398876 0.00159026
internal_weight=51037 30363 946 99 20674 29417 125 19000 382 847 29292 22736 6556 6449 855 5594 19354 14537 12373 2156 10217 8175 115 793 2164 2085 18618 637 89 698
internal_count=51037 30363 946 99 20674 29417 125 19000 382 847 29292 22736 6556 6449 855 5594 19354 14537 12373 2156 10217 8175 115 793 2164 2085 18618 637 89 698
is_linear=0
shrinkage=0.05


Tree=56
num_leaves=31
num_cat=0
split_feature=6 5 11 14 14 10 10 10 15 14 14 10 15 9 13 14 13 8 14 13 13 11 9 11 15 13 14 3 14 15
split_gain=3.48223 2.92033 1.39152 1.33598 2.85927 2.477 1.93153 2.98469 2.1245 2.19981 4.26353 2.0064 1.99823 1.99283 1.82979 2.41816 4.38921 2.78261 2.58903 1.82595 3.03063 3.28254 2.31168 1.68683 3.63794 4.13442 2.18329 1.68434 2.67839 1.63147
threshold=-0.63393317222924894 0.021844927716509102 0.0076914861218517769 0.049481808267930923 0.052093484772870687 -0.012508695811735191 -0.0014016690125979168 -0.0012320349976599474 -0.0047316895572758191 -0.0052640766517011986 0.0017102699334086149 -0.00015912120521216486 0.014861054805156317 0.25399334993219919 20.980000495910648 -0.037855116903532098 20.375000000000004 -0.0056582036972468433 -0.038683719112648444 13.444999694824221 13.234999656677248 0.034590351886677258 0.23563840764360358 -0.0035220292380610525 0.0027123018439723094 15.050000190734865 -0.021590127132527389 0.0049144209330365127 -0.031797969764534688 -0.0076736614938927019
decision_type=2 2 2 2 2 2 2 2 2 2 2 2 2 8 2 2 2 10 2 2 2 2 10 2 2 2 2 2 2 2
left_child=2 3 -1 5 -5 -2 12 27 9 -9 -11 -12 13 29 15 16 18 -18 -10 20 21 -17 -22 24 25 -21 -27 28 -8 -7
right_child=1 -3 -4 4 -6 6 7 8 14 10 11 -13 -14 -15 -16 19 17 -19 -20 23 22 -23 -24 -25 -26 26 -28 -29 -30 -31
leaf_value=-4.7385402154023971e-05 0.00034432967196045 9.9407391482222892e-05 -0.00017526704240052981 0.00033501138321130874 1.4109763110948533e-05 3.7522112999026786e-05 0.0013573928416462863 -2.205776951022637e-06 6.1518803470922244e-06 0.00066919213612694022 0.0003057400415652535 -0.00023538992133833811 0.00045315841306052475 -0.0002282873693832557 -0.0002389978685669508 -6.159514118788889e-05 0.00019840069901499405 0.0013017360338157076 0.0003560514144981684 0.0011765439093390894 0.00017006207512147952 0.00078717941125411089 0.0010171232368529064 -0.00018526940458006081 -0.00028940344984595674 0.00034846767268767302 -6.4862892871050834e-05 0.0013827498778756868 9.9830262130913585e-06 -0.00016635097191846143
leaf_weight=7375 47 10139 6198 108 5224 1468 41 338 5484 62 73 104 41 2010 839 2098 46 46 154 74 285 63 55 5774 483 139 275 53 178 1813
leaf_count=7375 47 10139 6198 108 5224 1468 41 338 5484 62 73 104 41 2010 839 2098 46 46 154 74 285 63 55 5774 483 139 275 53 178 1813
internal_value=-0.000316814 -6.85089e-05 -0.0010031 -0.000336987 0.000373217 -0.000508779 -0.00053328 -0.000268244 -0.000354442 0.00262565 0.00629707 0.00234463 -0.00136159 -0.0014468 -0.000463169 -0.000335872 0.000471203 0.0113043 0.000294429 -0.000836038 0.000317872 -0.000372514 0.00470588 -0.0012639 0.000664262 0.00370902 0.00176328 0.00492647 0.00299087 -0.000687292
internal_weight=51087 37514 13573 27375 5332 22043 21996 16664 16392 577 239 177 5332 5291 15815 14976 5730 92 5638 9246 2501 2161 340 6745 971 488 414 272 219 3281
internal_count=51087 37514 13573 27375 5332 22043 21996 16664 16392 577 239 177 5332 5291 15815 14976 5730 92 5638 9246 2501 2161 340 6745 971 488 414 272 219 3281
is_linear=0
shrinkage=0.05


Tree=57
num_leaves=31
num_cat=0
split_feature=4 15 16 11 5 16 3 13 13 1 6 3 16 6 11 11 13 3 6 13 13 11 13 9 11 0 9 3 6 13
split_gain=2.43202 2.08599 3.77854 1.94575 1.76718 1.64268 1.9724 1.54034 1.66014 1.48127 1.40568 1.28033 2.19753 1.47551 1.31553 2.55255 1.31991 1.71734 1.26546 1.25909 1.86496 1.73913 1.34861 2.05583 3.90871 2.44993 1.17658 1.16604 1.16426 1.11761
threshold=0.030192785234340991 -0.024469936616280771 -0.0021006376853651694 0.057592518437268987 0.049550437091151207 -0.035587192829177543 -0.011622932861014233 17.615000724792484 18.154999732971195 0.0052585129357021207 1.058331998482708 -0.00050319740036791616 -0.045377920304347001 0.59807651809740292 -0.018044507294420583 -0.022310337551763478 21.724999427795414 0.0094316911468212989 -0.64103566039316384 13.444999694824221 14.494999885559084 0.034590351886677258 13.234999656677248 0.23226343202005198 0.012360960719592808 -0.011413423592616155 0.28248849232712386 -0.0073651782204863783 0.31768097953112356 12.325000286102297
decision_type=2 2 2 2 2 2 2 2 2 2 2 2 2 2 2 2 2 2 2 2 2 2 2 10 2 2 10 2 2 2
left_child=1 2 7 4 11 6 -6 -1 -9 -4 -7 26 14 -14 15 16 -13 -18 -3 21 -21 22 -20 25 -25 27 29 -24 -19 -2
right_child=3 18 9 -5 5 10 -8 8 -10 -11 -12 12 13 -15 -16 -17 17 28 19 20 -22 -23 23 24 -26 -27 -28 -29 -30 -31
leaf_value=-0.00031262803781665786 0.00058359537992264284 -0.00010227850571306227 0.00021730760172240012 -0.00083318280949856412 3.2325862363328899e-05 6.0902116437004211e-05 0.0018495576716321669 0.00064345228193047818 5.9506382432967946e-05 0.00075405946768527079 0.0020600592177925764 -0.00027882331520323578 -8.0140677924161779e-06 0.00024052248612616676 -0.00091304287126478436 0.0010340483120034451 0.00091437053285875762 -0.00014390221535198053 -1.6232265850214848e-05 -0.00018497065452202006 -4.0661105175277269e-05 0.00082094576219103068 6.7192121165618083e-05 0.00097908697190505264 -0.00033632722912114391 -3.5099511271063521e-05 0.000148059049827375 0.00051525071416704904 0.00066837194907351646 -9.2861434372564628e-05
leaf_weight=237 64 7338 41 208 40 404 44 95 435 46 94 132 8626 2664 54 85 131 113 2859 2966 13584 52 43 58 48 416 1736 40 71 8120
leaf_count=237 64 7338 41 208 40 404 44 95 435 46 94 132 8626 2664 54 85 131 113 2859 2966 13584 52 43 58 48 416 1736 40 71 8120
internal_value=-0.000332784 -0.000641943 0.00179157 5.40146e-05 9.87565e-05 0.00281787 0.00928571 0.000671446 0.00216981 0.0116667 0.00172691 2.61504e-05 0.000376388 0.000221434 0.00336177 0.00411654 0.00260626 0.00436508 -0.00071778 -0.000512311 -0.000694865 0.000346984 0.000210738 0.00235537 0.00867924 0.00101202 -0.000393146 0.00885542 0.00125 -0.000643941
internal_weight=50844 28258 854 22586 22378 582 84 767 530 87 498 21796 11876 11290 586 532 447 315 27404 20066 16550 3516 3464 605 106 499 9920 83 184 8184
internal_count=50844 28258 854 22586 22378 582 84 767 530 87 498 21796 11876 11290 586 532 447 315 27404 20066 16550 3516 3464 605 106 499 9920 83 184 8184
is_linear=0
shrinkage=0.05


Tree=58
num_leaves=31
num_cat=0
split_feature=5 13 6 12 12 15 13 13 13 14 14 14 10 10 12 15 11 9 10 14 11 12 11 3 14 15 11 13 13 10
split_gain=2.61653 1.70093 1.67226 2.3263 1.88431 2.44326 4.11497 1.7999 3.20727 2.83577 4.49457 2.43672 2.32751 3.52691 2.75819 4.26225 6.67131 3.70222 2.98286 2.27634 2.21198 2.14358 1.86747 1.89023 1.77939 1.75107 1.7388 2.94024 1.90421 1.65046
threshold=0.021095055330036038 49.655000686645515 0.65909254499805914 0.01493884956091618 0.0020578799164406862 0.013249946087636856 19.115000724792484 13.554999828338625 14.244999885559084 -0.054107623009077337 -0.060408912479391223 0.032246703719173715 0.00054085357346300722 -0.0072745157566194698 0.016981710951886612 -0.0047316895572758191 0.010282016734253887 0.075616377431364193 -0.0048549275429384245 0.00619378828642947 -0.010255122029667938 0.046695407011373098 0.0039566049461625683 0.0054240304998443021 -0.073050802278400592 0.0011157674893422789 -0.004779226382691181 20.814999580383304 15.944999694824221 0.0028223734540476779
decision_type=2 2 2 2 2 2 2 2 2 2 2 2 2 2 2 2 2 10 2 2 2 2 2 2 2 2 2 2 2 2
left_child=2 -2 7 4 -4 25 24 9 -9 10 -1 19 13 26 15 16 18 -18 -15 -10 -16 -12 -22 -24 -7 -6 -13 28 -28 -21
right_child=1 -3 3 -5 5 6 -8 8 11 -11 21 12 -14 14 20 -17 17 -19 -20 29 22 -23 23 -25 -26 -27 27 -29 -30 -31
leaf_value=-3.6016971040657695e-05 2.2333044764002056e-05 0.0015622409666900244 2.1973278043643181e-05 -7.7795875075794185e-05 0.0002830180229948506 -0.00018041291143361824 0.0020271954005397163 -0.00021671092614336781 -6.885997112608047e-05 -1.2534487504480539e-05 0.00029062916940801202 -0.00013838398503054648 -0.00030756637031962913 0.00046383110668006224 0.00025207730094022675 1.3109910828896713e-05 0.0010506920318989661 0.00048130436591474924 -0.00015984057489413115 -0.00022897416429874015 -0.00025176607702101766 0.00068422615397317136 3.584792269140202e-05 0.00051366352843319274 0.00094695779601446052 -0.0001425574062881505 0.00018470083201635839 0.00033343902161289571 -0.00010321633004860051 0.00010235624960461655
leaf_weight=245 15603 53 1935 4618 351 111 42 2654 11721 4638 102 1907 568 369 179 550 43 40 160 2332 606 88 330 64 161 311 158 136 627 329
leaf_count=245 15603 53 1935 4618 351 111 42 2654 11721 4638 102 1907 568 369 179 550 43 40 160 2332 606 88 330 64 161 311 158 136 627 329
internal_value=-0.000329311 0.000208864 -0.000567492 9.36367e-05 0.00120062 0.0029918 0.0066242 -0.000746248 -0.000935978 0.000105459 0.00396552 -0.000720464 0.000150774 0.000484619 0.00192012 0.00364888 0.00651961 0.0196988 0.00445179 -0.001068 0.000216284 0.00973684 -0.000700001 0.00197969 0.004375 0.00126888 -0.000703679 0.00108035 -9.55426e-05 -0.0023882
internal_weight=51031 15656 35375 7529 2911 976 314 27846 22773 5073 435 20119 5737 5169 2341 1162 612 83 529 14382 1179 190 1000 394 272 662 2828 921 785 2661
internal_count=51031 15656 35375 7529 2911 976 314 27846 22773 5073 435 20119 5737 5169 2341 1162 612 83 529 14382 1179 190 1000 394 272 662 2828 921 785 2661
is_linear=0
shrinkage=0.05


Tree=59
num_leaves=31
num_cat=0
split_feature=13 5 13 13 14 14 13 8 15 15 12 13 13 8 12 15 13 13 13 12 12 12 13 9 4 8 8 13 12 9
split_gain=2.4789 2.28944 1.58448 2.14761 1.70656 5.47904 4.38658 2.43297 2.28955 2.03386 1.97127 2.64749 3.56885 3.42397 3.00742 4.3126 2.09955 1.89765 2.70019 2.36675 2.45252 3.14498 1.89443 2.51715 2.25094 1.85967 2.04152 1.77539 3.69654 3.33126
threshold=49.655000686645515 0.021095055330036038 25.960000038146976 26.85000038146973 -0.037855116903532098 -0.039568606403770572 14.795000076293947 -0.061048507177641424 -0.0044912977033801363 -0.0073297806830554526 -0.0063801320517133378 14.244999885559084 15.684999942779543 0.04204354768765884 0.034736812074913422 -0.0054928065957944852 16.644999504089359 13.050000190734865 16.469999313354496 -0.02683756902577766 0.014344478951051955 0.0011335469917099774 21.724999427795414 -0.010886457279669191 0.016219439410387341 -0.012325196550308391 -0.0011035218416355905 13.554999828338625 0.058395912438342197 0.10536358204905107
decision_type=2 2 2 2 2 2 2 10 2 2 2 2 2 10 2 2 2 2 2 2 2 2 2 8 2 10 10 2 2 10
left_child=1 2 4 -4 5 27 -7 -6 9 17 -11 -12 13 14 15 -13 -14 -9 -19 -20 21 -21 23 -8 -25 -23 -27 28 -1 -30
right_child=-2 -3 3 -5 7 6 22 8 -10 10 11 12 16 -15 -16 -17 -18 18 19 20 -22 25 -24 24 -26 26 -28 -29 29 -31
leaf_value=5.4733065355105787e-05 0.0014262740900028547 2.0412895650164633e-05 0.00041737083016539348 3.6832816830137521e-06 -0.00017361591846031381 -0.00023767610644498451 -2.5217767252722862e-05 0.0002550141524438018 -9.0107255224678004e-05 -0.0004417802834383815 -0.0001840294395277246 0.0010860008186062825 -0.00026575928213842776 0.00010712592278238204 8.0194965173981128e-05 0.000568453469638705 0.00021525078360164356 -0.00017254099779375745 -0.00018713884911431987 3.5286829915787697e-05 -6.0114255966620398e-05 0.00010438310715068552 -0.00044169778819100358 2.2529172773858036e-05 0.00064550288575220644 0.0012202061752332038 0.00040474989667406305 -6.3279983102191453e-05 0.00062934201071275487 0.00040291242889766121
leaf_weight=1158 61 15610 158 399 3780 147 55 152 15133 141 305 57 230 179 71 75 537 2283 604 911 1132 156 45 43 224 48 358 6842 51 62
leaf_count=1158 61 15610 158 399 3780 147 55 152 15133 141 305 57 230 179 71 75 537 2283 604 911 1132 156 45 43 224 48 358 6842 51 62
internal_value=-0.000319271 -0.000331332 -0.00055411 0.00209156 -0.000596482 1.33291e-05 0.00501945 -0.000797646 -0.000599411 0.000131923 0.00170846 0.00225584 0.00335509 0.00730366 0.0117488 0.0162121 0.00138853 -0.000313609 -0.000466134 0.000468992 0.00112284 0.00246775 0.00794278 0.00928571 0.0112921 0.00540925 0.00719212 -0.000303835 0.00141227 0.0100442
internal_weight=51007 50946 35336 557 34779 8627 514 26152 22372 7239 1595 1454 1149 382 203 132 767 5644 5492 3209 2605 1473 367 322 267 562 406 8113 1271 113
internal_count=51007 50946 35336 557 34779 8627 514 26152 22372 7239 1595 1454 1149 382 203 132 767 5644 5492 3209 2605 1473 367 322 267 562 406 8113 1271 113
is_linear=0
shrinkage=0.05


Tree=60
num_leaves=31
num_cat=0
split_feature=4 9 13 10 6 8 14 15 15 11 11 14 12 15 10 11 12 9 12 13 13 3 12 7 13 10 13 12 11 14
split_gain=2.34561 1.53591 1.64041 2.30993 1.53303 1.47149 1.28884 3.74049 1.27644 1.95089 1.31628 1.25167 1.17533 1.48207 1.16453 1.43627 1.11331 1.09726 2.41242 2.06258 2.71547 1.805 1.53946 1.45198 1.76398 1.67904 1.39558 1.35168 1.32625 3.15164
threshold=0.029671911465500491 -0.3806495596218839 18.625000000000004 0.0052131672495069345 2.6884077121028542 -0.11882693123236891 -0.04850577018406687 0.018040555719837651 -0.024469936616280771 0.0090657460238019478 -0.022672230022230119 0.099229703636582692 0.10123019596275297 -0.0083207046351039243 0.00044089291237869871 0.0069843130840521192 0.032365057631658763 -0.070379268155895389 0.00075809453830288931 20.375000000000004 22.330000877380375 -0.002940412403305281 -0.05023266322533259 -0.069928718363728645 19.295000076293949 -0.0084264989475150136 16.775000572204593 -0.062212446145613214 0.012360960719592808 -0.068623004427642229
decision_type=2 8 2 2 2 10 2 2 2 2 2 2 2 2 2 2 2 8 2 2 2 2 2 2 2 2 2 2 2 2
left_child=4 2 3 -2 8 -3 -6 14 9 10 -1 -4 17 -14 -8 -16 -17 18 22 23 21 -21 27 -20 25 -25 -24 -7 -27 -30
right_child=1 5 11 -5 6 12 7 -9 -10 -11 -12 -13 13 -15 15 16 -18 -19 19 20 -22 -23 26 24 -26 28 -28 -29 29 -31
leaf_value=0.00035729705592939666 0.00067361908291443463 -0.0001128147890578311 -0.00039532996032374482 0.001994650081928328 -0.000279948373828443 9.191700987381522e-05 -9.3197225501973745e-06 0.0022607463582536738 -6.422690038230088e-05 0.00057018718855867507 -6.6703663051350466e-05 0.0012077625423675743 0.0012401155235494516 -0.00038139635197711146 0.0025700724897169559 0.0021267143053324477 -0.0001700376899491049 2.7942135945699844e-06 -0.0002790024839606131 0.00035644658978945421 -8.3203973809931791e-05 0.0016262045846340463 0.00053984593466015456 0.0011555173097667591 -0.00032956121588217235 0.00015642775029772317 -0.00021765286796282231 0.0003632163769661442 0.0010673325970535321 0.00034346763851718804
leaf_weight=213 74 3542 126 49 217 294 528 45 25703 51 548 55 54 350 88 84 102 15815 200 50 57 40 64 55 125 684 1177 85 60 572
leaf_count=213 74 3542 126 49 217 294 528 45 25703 51 548 55 54 350 88 84 102 15815 200 50 57 40 64 55 125 684 1177 85 60 572
internal_value=-0.000345062 2.16751e-05 0.00355263 0.00800813 -0.000657929 -2.45448e-05 0.00120301 0.00208382 -0.000732605 0.00121921 0.000584756 0.000524861 0.000144293 -0.00252475 0.00129676 0.0039416 0.00145161 0.000200227 0.00100635 0.00224362 0.00792517 0.0133333 -0.000401236 0.00175118 0.0022861 0.00280452 -0.00125302 0.00238786 0.00244681 0.0040981
internal_weight=51107 23528 304 123 27579 23224 1064 847 26515 812 761 181 19682 404 802 274 186 19278 3463 1843 147 90 1620 1696 1496 1371 1241 379 1316 632
internal_count=51107 23528 304 123 27579 23224 1064 847 26515 812 761 181 19682 404 802 274 186 19278 3463 1843 147 90 1620 1696 1496 1371 1241 379 1316 632
is_linear=0
shrinkage=0.05


Tree=61
num_leaves=31
num_cat=0
split_feature=4 16 16 8 11 16 11 11 16 12 11 9 10 0 16 15 15 16 9 16 9 12 10 11 10 12 16 7 14 10
split_gain=2.47207 2.13748 1.79788 1.62188 2.18012 5.28106 6.96141 3.73454 3.79692 2.50246 2.43562 2.42758 2.22142 2.50752 2.77448 1.83929 6.93455 3.99227 5.7318 2.78408 2.97257 2.493 2.47005 2.80366 1.97294 1.69567 1.8253 2.64798 1.60903 2.2623
threshold=0.018174832016365969 0.079611158282187469 0.058469781528559646 -0.011320633940985867 0.0015109645581827815 -0.016683500535042469 0.0060643551052425035 0.001067718638755544 0.0098484129365354906 0.051846047128185087 0.0013310073142193126 -0.25190727260494455 0.0086193521775437282 0.0014646565246235756 0.015216562276099467 0.0023424232082785994 0.0022156402093486132 -0.0021006376853651694 -0.091882719343473182 0.0051850371929950132 0.054968373575693071 0.010183685907573794 0.0011106399623194154 -0.016157926908067829 0.0014914838547043232 -0.0075921300584320664 -0.035275543581110617 0.0085427270123708005 -0.077913276979976895 0.0095885339556018873
decision_type=2 2 2 10 2 2 2 2 2 2 2 8 2 2 2 2 2 2 8 2 10 2 2 2 2 2 2 2 2 2
left_child=2 3 -1 -2 7 6 -6 8 11 10 -9 -5 13 14 -10 16 17 22 -19 20 21 -20 23 25 -24 -13 -27 -28 29 -3
right_child=1 28 -4 4 5 -7 -8 9 12 -11 -12 15 -14 -15 -16 -17 -18 18 19 -21 -22 -23 24 -25 -26 26 27 -29 -30 -31
leaf_value=-9.6917923873734196e-05 -5.1503115819363531e-05 0.00076271889183182401 0.00017580263899304172 0.0012624954810104587 0.00014847330552469437 -2.9746778815625587e-05 0.0014868254248819122 0.0010976173806752599 0.00078689477077279087 0.0013391253599679116 -0.00046051959287055885 -1.2603962044739151e-05 0.0010767047270942088 -2.401523920362547e-05 0.00059527260606917357 -8.8112264375462846e-05 0.0021900249628731823 0.0021592678174649736 0.00027696355401665154 -0.0002620702783636359 0.00010554778272551619 0.0010291596516395695 0.00083358921756854047 -0.0001111324737655662 0.00012808803383749251 7.4565409782938405e-05 7.1507998757315043e-05 0.00044074672777342404 -0.00051276709017893975 -0.00055616635562932999
leaf_weight=6385 17815 56 94 53 107 16725 41 83 46 78 84 699 73 165 55 2836 59 43 115 178 267 157 103 2904 218 406 221 204 801 66
leaf_count=6385 17815 56 94 53 107 16725 41 83 46 78 84 699 73 165 55 2836 59 43 115 178 267 157 103 2904 218 406 221 204 801 66
internal_value=-0.000313571 -0.000181156 -0.00122627 -0.000130903 0.000121527 -0.000214249 0.00918919 0.00074776 0.000578276 0.00683673 0.00338323 0.000370435 0.00576696 0.00364662 0.00985148 0.000303209 0.000830641 0.000648231 0.00401316 0.00294979 0.00474026 0.00841912 0.000110409 -0.000196212 0.00434579 0.00153595 0.00306257 0.00535294 -0.0025623 0.00278688
internal_weight=51137 44658 6479 43735 25920 16873 148 9047 8802 245 167 8463 339 266 101 8410 5574 5515 760 717 539 272 4755 4434 321 1530 831 425 923 122
internal_count=51137 44658 6479 43735 25920 16873 148 9047 8802 245 167 8463 339 266 101 8410 5574 5515 760 717 539 272 4755 4434 321 1530 831 425 923 122
is_linear=0
shrinkage=0.05


Tree=62
num_leaves=31
num_cat=0
split_feature=4 11 13 11 12 8 16 16 10 3 14 12 10 10 10 16 3 15 10 8 11 16 8 14 10 14 5 8 10 13
split_gain=2.21142 1.48084 1.46554 2.52626 2.33342 2.01346 2.49201 2.32531 2.40079 2.12785 2.3664 2.65945 2.4322 5.62064 1.84546 1.83613 1.69661 2.60197 4.06736 1.60301 1.54147 3.43184 4.65952 1.57959 1.48929 1.43146 1.40526 1.35585 1.35282 1.34366
threshold=0.030192785234340991 0.057592518437268987 13.554999828338625 0.034590351886677258 0.015576171273286367 -0.050061056063294411 0.034526607676413919 0.032039212360379883 0.0034432921805731547 0.0053166851295352044 0.15245074482965074 -0.0067439083526363843 0.012020703086552011 0.015021948045267798 -0.0077272822899705487 -0.034319742497221521 -0.00334137485942354 0.0084858565175797169 0.0056232321882017109 0.024043151020806012 -0.016802988211636779 -0.034319742497221521 -0.021435099483267047 0.16537685982304043 -0.0017364567283589814 -0.01262073301810107 0.049550437091151207 0.044592169947565659 0.0032283672299645576 15.355000019073488
decision_type=2 2 2 2 2 10 2 2 2 2 2 2 2 2 2 2 2 2 2 10 2 2 10 2 2 2 2 10 2 2
left_child=2 26 3 14 5 -4 7 9 19 10 12 -12 -7 -14 -1 -16 17 24 25 -9 21 -6 -23 -22 -17 -19 -2 -13 -26 -11
right_child=1 -3 4 -5 20 6 -8 8 -10 29 11 27 13 -15 15 16 -18 18 -20 -21 23 22 -24 -25 28 -27 -28 -29 -30 -31
leaf_value=0.00020724699126883941 6.6328933083372702e-06 -0.00072853538140586153 -8.5243923963877844e-05 0.00080213550770021373 -8.1179288160286556e-05 -4.9124315693303204e-05 -0.00022289644085988697 0.00077798937958721158 -0.00017441950546099176 0.00031689786412926371 -3.0656492268516154e-06 0.00050383080590609927 0.0009990065846143723 -0.00034599881053582371 0.00070876968612033973 -0.00023442324206279691 -4.965843098785021e-05 0.00079797544778046313 -0.00012417765846421658 0.00029707739970298309 -0.00012400423022464443 -0.0003387351207017175 0.00063546179101040597 0.00018802058320287746 0.00020105472452735339 0.00031015799528627736 0.00062752885667459717 0.00039100595431138842 -0.00036033957568643417 9.9270546100657144e-05
leaf_weight=47 21964 214 2581 58 369 4582 1157 53 84 204 206 94 67 86 58 294 4302 42 90 73 11673 47 66 66 553 51 584 58 122 1323
leaf_count=47 21964 214 2581 58 369 4582 1157 53 84 204 206 94 67 86 58 294 4302 42 90 73 11673 47 66 66 553 51 584 58 122 1323
internal_value=-0.000292958 7.42454e-05 -0.000587201 0.000136193 -0.000765502 -0.000221424 0.000170902 0.000534406 0.00571428 0.000370089 -0.000120755 0.00379888 -0.000417108 0.00578431 2.78815e-05 -5.62421e-05 -0.00015035 0.00155382 0.00702186 0.0100794 -0.00123599 0.00153527 0.00915929 -0.00134978 0.000521155 0.0143548 0.000113534 0.00881579 0.00181481 0.0020072
internal_weight=51168 22762 28406 5617 22789 10568 7987 6830 210 6620 5093 358 4735 153 5559 5512 5454 1152 183 126 12221 482 113 11739 969 93 22548 152 675 1527
internal_count=51168 22762 28406 5617 22789 10568 7987 6830 210 6620 5093 358 4735 153 5559 5512 5454 1152 183 126 12221 482 113 11739 969 93 22548 152 675 1527
is_linear=0
shrinkage=0.05


Tree=63
num_leaves=31
num_cat=0
split_feature=6 10 15 10 11 1 5 13 10 11 11 10 11 11 10 15 7 13 4 3 8 3 11 15 11 3 7 5 14 8
split_gain=2.42599 1.78338 5.94997 2.35912 6.62652 2.34058 1.9323 1.9053 1.8685 2.18738 1.60654 3.57195 3.21182 2.59389 1.61722 2.54127 2.05828 1.79867 1.48098 1.46188 1.36712 1.32284 2.48805 1.31637 2.53144 1.49975 1.1939 1.39868 1.16351 1.98802
threshold=-0.64103566039316384 0.013844787315234976 0.037814814954919125 0.012020703086552011 0.0023966928807116488 -0.011429154412230301 0.024182653436233551 12.434999942779543 0.017875641087257036 0.041951569626952907 -0.017638960680292966 0.0040309236924269696 -0.018660879963565243 -0.012158378238136978 -0.0069332481569183138 -0.016520049128507071 -0.041178759233252475 25.960000038146976 0.025051981854477167 -0.0092317373630014226 0.53434162784045902 0.0068479615724700302 0.0058629709615137813 -0.031305386439318843 -0.029337465505850421 -0.0019207744376911748 -0.01136461696074653 0.015274176615725858 -0.037511825146214865 -0.16713089900854314
decision_type=2 2 2 2 2 2 2 2 2 2 2 2 2 2 2 2 2 2 2 2 10 2 2 2 2 2 2 2 2 10
left_child=18 2 3 6 5 -5 10 -6 -3 -10 11 12 14 -12 23 -16 -17 -18 -1 -19 -8 -9 -23 24 -2 -26 27 -14 29 -15
right_child=1 8 -4 4 7 -7 20 21 9 -11 13 -13 26 28 15 16 17 19 -20 -21 -22 22 -24 -25 25 -27 -28 -29 -30 -31
leaf_value=-0.00011474768902184558 -5.4670699971941917e-05 -0.00034817916875055449 0.0008702030423758003 0.00049732516661891903 0.00079985337779665583 0.0013769746723808567 7.8572897487627733e-05 -0.00017338883280503832 -4.9227762338107451e-05 0.00061987908666125656 -0.00032701800563832303 -0.00038047152705699729 0.00023464160443470677 0.00037884524280166581 0.00069511669866080322 -5.7895403078398459e-05 0.00013504996215433365 0.00088561243762549393 -4.3973218394963796e-05 8.8581939378470922e-05 0.0014857023607313439 0.0010042438990560424 8.3829321490894602e-05 -8.4674664907084086e-05 0.00045448456048279522 0.0012081287575044298 0.00078717880521323054 -0.00014495665853411695 -5.7919689846300261e-05 9.0406801657056941e-06
leaf_weight=5103 230 1201 53 45 58 46 6783 351 880 64 1179 536 94 150 70 462 661 48 8238 43 169 55 230 1343 53 77 92 55 17916 4792
leaf_count=5103 230 1201 53 45 58 46 6783 351 880 64 1179 536 94 150 70 462 661 48 8238 43 169 55 230 1343 53 77 92 55 17916 4792
internal_value=-0.000331559 -0.000126671 -4.22872e-05 -6.72531e-05 0.00264331 0.0153297 -0.000128479 0.000979826 -0.00152681 0.000137711 -0.000314918 0.000645589 0.00127323 -0.000465325 0.000825242 0.00216511 0.00163097 0.00324468 -0.000911102 0.00983516 0.000617087 0.000188678 0.0027193 -0.000184969 0.0025 0.00807692 0.00682572 0.0040604 -0.000347363 0.000331848
internal_weight=51077 37736 35591 35538 785 91 34753 694 2145 944 27801 3764 3228 24037 2987 1284 1214 752 13341 91 6952 636 285 1703 360 130 241 149 22858 4942
internal_count=51077 37736 35591 35538 785 91 34753 694 2145 944 27801 3764 3228 24037 2987 1284 1214 752 13341 91 6952 636 285 1703 360 130 241 149 22858 4942
is_linear=0
shrinkage=0.05


Tree=64
num_leaves=31
num_cat=0
split_feature=5 6 4 13 12 12 12 14 10 11 9 4 11 11 11 13 16 0 1 9 10 4 11 9 15 11 11 15 12 12
split_gain=2.06306 2.02041 2.06728 1.88021 2.15051 3.38124 2.94252 2.24324 5.31413 4.41377 2.60252 2.20298 1.93444 2.50383 3.07646 2.51977 1.7716 3.64041 1.56013 2.09746 2.08207 1.82179 1.75754 1.64052 1.45575 1.74645 1.43073 1.45222 2.29341 3.40947
threshold=0.0097619909836328452 -0.21547996877279638 0.069709672040587811 49.655000686645515 -0.013469697209426477 0.0098181049461038023 0.0094949171636059555 -0.071225645536492452 0.0086193521775437282 -0.0019709862585252642 -0.089387356404733539 0.028236965557914859 -0.016802988211636779 -0.0044146840191625061 -0.0019709862585252642 14.870000362396242 -0.049112700925670542 -0.016496402330413325 -0.004234048940952472 0.036898909838241851 0.01216187619022502 0.058057722424803941 0.034061321951450181 0.031381784826719279 -0.024982183517057607 -0.025492128925019227 0.016901254843129102 0.0030727915793857812 0.049504484069908934 0.048426853318079395
decision_type=2 2 2 2 2 2 2 2 2 2 10 2 2 2 2 2 2 2 2 8 2 2 2 10 2 2 2 2 2 2
left_child=-1 2 26 4 -3 6 7 -6 10 -10 -9 -8 16 -14 -15 -16 17 -12 -7 20 21 23 -22 -20 25 -18 27 28 29 -2
right_child=1 3 -4 -5 5 18 11 8 9 -11 12 -13 13 14 15 -17 24 -19 19 -21 22 -23 -24 -25 -26 -27 -28 -29 -30 -31
leaf_value=-0.00011381530261413235 7.7619668123210491e-06 -8.7290728034490251e-05 0.00035049893665636703 0.0012537013959303062 -0.00014372992516347528 -7.6785882403823829e-05 0.00050044936633629152 -4.090054273716612e-05 0.0014644712357430034 0.00043730546150670029 0.00084885617824346593 0.00037702723145013477 -0.0001476701288428868 0.0014105532515205953 -0.00029514356771706356 0.00048818759716548542 -1.2654970055643161e-05 3.2173534382770021e-05 7.3174768733352325e-05 -7.0842970859976994e-06 6.9598569976973205e-05 0.0029445626237409508 0.0013628440224557016 0.00027082225806585904 9.5688834223364442e-05 0.00057881617161098888 -0.00012822263732518814 -8.900769644389299e-05 -0.00016046922387686152 0.00022793382044911261
leaf_weight=2812 9831 4483 837 56 689 4841 59 1385 83 237 49 41 530 103 275 624 76 53 1881 7585 106 61 65 92 299 155 4915 7529 1230 81
leaf_count=2812 9831 4483 837 56 689 4841 59 1385 83 237 49 41 530 103 275 624 76 53 1881 7585 106 61 65 92 299 155 4915 7529 1230 81
internal_value=-0.00026957 -0.000192847 -0.000512428 0.000134714 0.000113157 0.000342422 0.00151567 0.00132953 0.00179762 0.00796875 0.00124119 0.01 0.0023244 0.00136423 0.00283433 0.00189655 0.0046519 0.0106863 -3.10995e-05 0.00033197 0.00168934 0.00124385 0.0069883 0.000980739 0.00349056 0.00647186 -0.000599085 -0.000399284 -3.67989e-05 0.000215899
internal_weight=51063 48251 24423 23828 23772 19289 4658 4558 3869 320 3549 100 2164 1532 1002 899 632 102 14631 9790 2205 2034 171 1973 530 231 23586 18671 11142 9912
internal_count=51063 48251 24423 23828 23772 19289 4658 4558 3869 320 3549 100 2164 1532 1002 899 632 102 14631 9790 2205 2034 171 1973 530 231 23586 18671 11142 9912
is_linear=0
shrinkage=0.05


Tree=65
num_leaves=31
num_cat=0
split_feature=4 13 10 10 16 12 9 11 1 12 4 9 3 14 13 16 13 16 13 10 8 10 10 10 12 10 11 11 8 16
split_gain=2.47181 1.96599 1.79683 2.61392 8.2805 3.07237 2.61792 2.58109 2.54187 2.31131 2.10341 1.80618 1.37209 1.42159 1.56852 2.84043 2.61919 4.45942 3.0077 3.99145 2.74143 1.6104 1.7811 4.84834 2.05299 2.28803 1.78232 5.62485 1.75056 1.74854
threshold=0.01508540071235138 49.655000686645515 0.013844787315234976 0.012020703086552011 -0.02064014268341002 0.057873596393828615 -0.097082049620597896 0.050492682028646547 0.035846229834350714 -0.051373886546093366 0.038161483404937149 0.084493364290943909 0.0094316911468212989 0.032246703719173715 15.75500011444092 -0.045377920304347001 15.234999656677248 0.032436338531694815 15.355000019073488 0.0023442699463880339 0.005336032090379029 -0.0032212741424066378 0.0052131672495069345 0.004223429033710758 0.031890065816476361 0.004568837884475486 0.025024628746897374 0.024405039123864495 0.022278531105669023 0.042612845570457199
decision_type=2 2 2 2 2 2 8 2 2 2 2 10 2 2 2 2 2 2 2 2 10 2 2 2 2 2 2 2 10 2
left_child=-1 2 3 7 -5 6 -6 10 -8 -4 12 -10 13 14 15 -2 21 18 19 -18 -19 -17 23 26 -25 28 27 29 -26 -23
right_child=1 -3 9 4 5 -7 8 -9 11 -11 -12 -13 -14 -15 -16 16 17 20 -20 -21 -22 22 -24 24 25 -27 -28 -29 -30 -31
leaf_value=-0.00012919748444137686 0.0007202652390573272 0.0012223649785511898 0.00029259802802261698 0.0013425328214244649 0.0013722139948210603 -0.00035397400602607456 -4.3647419278958338e-05 -0.00069358503625669798 0.00074831795489812886 -0.000223419804346405 4.8808533827994583e-05 0.0001624324682783375 5.0443451358224272e-05 5.4726005811071211e-06 -0.00010311598069650318 -0.00024010815256006045 0.00082755926853063713 0.0010591753850950761 -9.6824414577327959e-05 8.3395830419234025e-05 0.00034703609403668187 -2.6095632453606776e-05 -0.00013273321448887718 -0.00069928750110122122 -0.00015789640182540109 0.00054298166190577455 -0.00024669838008320048 0.00052312335359882786 0.00033091739467355335 0.00035831661723682205
leaf_weight=2042 47 62 186 55 48 302 290 425 90 2353 11380 85 3929 8362 10780 895 49 51 834 188 90 4353 2632 42 77 71 750 88 207 253
leaf_count=2042 47 62 186 55 48 302 290 425 90 2353 11380 85 3929 8362 10780 895 49 51 834 188 90 4353 2632 42 77 71 750 88 207 253
internal_value=-0.000259332 -0.000188264 -0.000199543 -0.000128632 0.00258621 0.00131902 0.00367446 -0.000180539 0.00252688 -0.00149468 -0.000143974 0.00728571 -0.000342455 -0.000458364 -0.000674313 -0.00024325 -0.000297733 0.00188944 0.000788981 0.00575949 0.0102482 -0.000580701 -0.00036764 0.000118985 0.0054534 0.00669014 -0.000270023 9.16051e-05 0.0046831 -0.000147635
internal_weight=51016 48974 48912 46373 870 815 513 45503 465 2539 45078 175 33698 29769 21407 10627 10580 1212 1071 237 141 9368 8473 5841 397 355 5444 4694 284 4606
internal_count=51016 48974 48912 46373 870 815 513 45503 465 2539 45078 175 33698 29769 21407 10627 10580 1212 1071 237 141 9368 8473 5841 397 355 5444 4694 284 4606
is_linear=0
shrinkage=0.05


Tree=66
num_leaves=31
num_cat=0
split_feature=5 10 10 11 13 11 1 5 10 11 12 6 13 12 13 3 2 12 3 6 1 13 7 3 14 11 13 14 3 7
split_gain=2.2664 1.53997 3.15125 5.73826 3.47604 2.17717 2.06014 1.78072 1.75818 2.0001 1.66904 1.46393 1.41789 1.34004 1.33214 1.1153 1.87532 1.03646 0.962956 0.953691 0.930463 2.36517 1.50888 0.93873 1.38395 1.37304 2.93311 1.5793 2.43477 1.01558
threshold=0.0097619909836328452 0.013844787315234976 0.012020703086552011 0.0023966928807116488 12.434999942779543 0.050492682028646547 -0.017695607372642416 0.021001586597962422 0.017875641087257036 0.041951569626952907 0.043286843097797296 -0.1989335206388646 27.855000495910648 0.0020578799164406862 17.945000648498539 0.0068479615724700302 0.10008980488766818 0.10123019596275297 -0.010791640285582825 0.13895152458766385 -0.024270543815065545 25.319999694824222 -0.042105126484495485 -0.0018210790836651889 -0.028449828861296097 0.029305077851743303 15.194999694824221 -0.031797969764534688 0.0092415957461748927 -0.044171723735273609
decision_type=2 2 2 2 2 2 2 2 2 2 2 2 2 2 2 2 2 2 2 2 2 2 2 2 2 2 2 2 2 2
left_child=14 2 5 6 -5 7 -4 11 12 -10 13 17 18 -6 -1 -15 -17 -2 -3 -16 21 -13 -23 -22 25 27 -27 29 -29 -25
right_child=1 8 3 4 10 -7 -8 -9 9 -11 -12 20 -14 15 19 16 -18 -19 -20 -21 23 22 -24 24 -26 26 -28 28 -30 -31
leaf_value=-0.00013832432916151854 -5.1665670442924513e-05 0.0013501412550425047 0.00040905861009989553 0.0014909945226777781 -0.00012011263066244969 -0.00065519726477437272 0.0011540326195319708 3.9064572612018e-05 -1.9788173626146495e-05 0.00073211159003046559 -0.00023575957796621952 -8.8890729379270303e-05 0.00019005289499002777 0.00013133802555626248 -5.7971950052537879e-05 0.00060147365782615742 -2.8004441607055098e-05 -0.0004644345819801197 -0.00037794218917887757 0.00014795377381837679 7.6658977619243991e-05 0.00010333626437362763 0.00018523808513416415 0.00040218986087959743 -5.6852431941972753e-05 0.0020633738149669601 0.00019280439604102274 0.00024754623274414266 0.0017040749830710075 4.3931353172165664e-06
leaf_weight=2322 15396 52 49 50 126 428 70 14173 1029 61 347 3539 126 126 287 70 40 181 1257 212 3504 216 79 54 4959 41 117 81 40 1937
leaf_count=2322 15396 52 49 50 126 428 70 14173 1029 61 347 3539 126 126 287 70 40 181 1257 212 3504 216 79 54 4959 41 117 81 40 1937
internal_value=-0.00025496 -0.000174256 -0.000107732 0.00285877 0.00125823 -0.000165942 0.0130672 -0.000131666 -0.00137624 0.000137613 0.00035966 -0.000348993 -0.00252613 0.00273481 -0.0016324 0.00495763 0.00863636 -0.000685948 -0.00301375 0.000711422 1.13258e-05 -0.000657278 0.00364407 0.000250162 -7.5392e-05 0.000947135 0.00544304 0.000610794 0.00615702 0.000273731
internal_weight=50969 48148 45623 878 759 44745 119 44317 2525 1090 709 30144 1435 362 2821 236 110 15577 1309 499 14567 3834 295 10733 7229 2270 158 2112 121 1991
internal_count=50969 48148 45623 878 759 44745 119 44317 2525 1090 709 30144 1435 362 2821 236 110 15577 1309 499 14567 3834 295 10733 7229 2270 158 2112 121 1991
is_linear=0
shrinkage=0.05


Tree=67
num_leaves=31
num_cat=0
split_feature=5 8 13 7 12 15 12 12 14 14 10 16 8 15 13 16 13 3 13 16 13 15 15 14 14 15 10 10 15 15
split_gain=1.75201 1.67211 1.67745 2.16003 1.83606 1.25637 2.00762 2.53626 3.81941 7.47543 2.85267 2.79532 2.66375 1.9905 1.98029 3.13876 2.67497 2.74936 2.08785 1.87044 2.71596 2.24214 2.51507 3.90553 2.02359 1.91207 1.80253 3.56888 1.77182 3.84727
threshold=0.025817211633229503 0.33630588490029817 17.914999961853031 0.11772185251414626 -0.052281388412141021 -0.0035140668792823511 -0.0075921300584320664 0.014344478951051955 0.034817373929807223 0.036947105146079025 -0.00098150461997481542 -0.037953843014819293 -0.03768685419653816 -0.0030237587630782543 13.554999828338625 -0.022769625284648817 13.525000095367433 -0.0031436929719801938 13.795000076293947 0.027642500576490429 13.34500026702881 0.0083140359390915259 0.011575901740801699 -0.01262073301810107 0.035592479952137442 0.0025696320638911589 0.0054292570056242448 0.004223429033710758 -0.0073297806830554526 -0.0066183457842569062
decision_type=2 8 2 2 2 2 2 2 2 2 2 2 10 2 2 2 2 2 2 2 2 2 2 2 2 2 2 2 2 2
left_child=1 5 3 -3 -4 6 -1 8 -8 -10 11 12 -11 -7 15 -15 17 26 -16 21 -21 24 23 -23 -19 -26 27 -17 -9 -30
right_child=-2 2 4 -5 -6 13 7 28 9 10 -12 -13 -14 14 18 16 -18 19 -20 20 -22 22 -24 -25 25 -27 -28 -29 29 -31
leaf_value=-8.8820558794496454e-05 5.1579168338766628e-05 0.00052695541604404423 0.00013373311026847515 -0.00028143458043042942 -0.00027084137779200722 -0.00034628853123252535 -5.710267988318489e-05 -8.0092902656763495e-05 0.00063991664092632181 0.0011148133262923741 0.00078008900810301466 0.00012809006476396416 0.00027523235507845718 0.00063750598072201891 -0.00029123963091553178 0.0001714614033716076 0.00022555238178539319 -0.00029016746372298344 -4.9368305011420532e-05 0.00010289980090720898 -0.00044777431904185095 0.00038290365915614826 -0.00019050654943481243 -0.000229734747091119 0.00034144144151292062 -0.00058284924555226795 -0.00019129969177181653 0.00069003936968418977 0.00062242011052980389 -4.6729592104248125e-06
leaf_weight=3282 8806 68 50 88 1504 824 1022 3857 50 53 53 1772 102 114 1028 783 113 1659 20828 1418 190 326 546 152 103 59 224 63 382 1532
leaf_count=3282 8806 68 50 88 1504 824 1022 3857 50 53 53 1772 102 114 1028 783 113 1659 20828 1418 190 326 546 152 103 59 224 63 382 1532
internal_value=-0.000264541 -0.000398273 -0.00192983 0.00301282 -0.002426 -0.000333663 9.29356e-05 0.000485661 0.00165137 0.0029064 0.00242424 0.0021095 0.00854839 -0.000515302 -0.000443021 0.000382608 0.000216464 6.06542e-05 -0.000660232 -0.00048619 0.000876864 -0.00125659 0.000615233 0.0032636 -0.00230917 0.00302469 0.00233645 0.00339243 -0.000130828 0.00111285
internal_weight=51051 42245 1710 156 1554 40535 12105 8823 3052 2030 1980 1927 155 28430 27606 5750 5636 5523 21856 4453 1608 2845 1024 478 1821 162 1070 846 5771 1914
internal_count=51051 42245 1710 156 1554 40535 12105 8823 3052 2030 1980 1927 155 28430 27606 5750 5636 5523 21856 4453 1608 2845 1024 478 1821 162 1070 846 5771 1914
is_linear=0
shrinkage=0.05


Tree=68
num_leaves=31
num_cat=0
split_feature=6 9 8 8 12 12 14 8 14 12 9 0 11 11 11 11 16 3 8 11 0 16 10 10 12 12 14 16 14 6
split_gain=2.04187 1.52561 1.7034 1.42517 1.37812 6.49659 2.65783 2.70603 3.27364 2.73431 3.89136 1.66929 1.41202 8.38155 1.70723 1.39539 2.27112 1.32648 1.31297 1.73675 1.45922 1.26795 1.19842 1.7283 3.03107 1.94102 1.66159 2.6902 2.48477 2.89945
threshold=1.8371877626796886 0.28248849232712386 0.059592101104445468 0.057707239699031361 0.048519167358985434 0.048426853318079395 -0.041705576882284816 inf -0.054805799949304061 0.095724782910464948 0.043719767015235729 0.014173121291589543 -0.004105930210737129 -0.0044146840191625061 -0.01930721697732057 0.057592518437268987 0.088128235511908751 -0.01607982024865778 inf -0.033420149013226534 -0.0040989273414454566 0.023380015902766064 0.0018426326691356467 0.0056232321882017109 0.030501708894694394 0.031326678595768549 -0.010052360297814309 0.0051850371929950132 -0.016062326519559963 -0.32617306185229417
decision_type=2 10 10 10 2 2 2 8 2 2 8 2 2 2 2 2 2 2 8 2 2 2 2 2 2 2 2 2 2 2
left_child=1 4 3 -3 5 15 7 8 21 10 -10 -7 13 14 17 16 18 -8 22 20 -20 -6 -1 24 -24 -26 28 -28 -27 -30
right_child=-2 2 -4 -5 6 11 12 -9 9 -11 -12 -13 -14 -15 -16 -17 -18 -19 19 -21 -22 -23 23 -25 25 26 27 -29 29 -31
leaf_value=-7.7753659824958393e-06 0.00015505102252642586 0.00030292622863290148 -1.6095634151831816e-06 0.0011350490504982973 -0.00042769524885044401 0.00024920007791353309 0.00031855158798232004 0.00057203939536853044 0.00059116563353557583 -5.7004377656903829e-05 0.00025125420186176815 0.00096216118167939408 -0.00020286721430358125 0.0014043195147425041 -0.00046199009417746272 -0.00062369490952397127 0.00062228267195452733 -8.1926713786473234e-05 -4.5481190559443978e-05 -0.00024275066593809386 0.00032274582189819652 1.8900054501588117e-05 -0.00023262052506691687 -2.340685186118061e-05 0.00044164870889515487 1.5044465127083821e-05 0.00030178677908037515 -0.00026141037020520536 0.00051472067978458255 0.00010064252951246522
leaf_weight=19148 3992 985 5008 48 260 109 48 48 56 143 164 46 3957 64 267 226 59 59 105 1086 73 299 4023 8982 45 757 89 830 83 94
leaf_count=19148 3992 985 5008 48 260 109 48 48 56 143 164 46 3957 64 267 226 59 59 105 1086 73 299 4023 8982 45 757 89 830 83 94
internal_value=-0.00028669 -0.000378598 0.000363349 0.002212 -0.000487598 -0.000375473 -0.00123486 0.00113402 0.000531452 0.00422865 0.00772727 0.00983871 -0.00175768 0.000936072 -0.00192513 -0.000419945 -0.000394924 0.00341121 -0.0004113 -0.00199367 0.00258427 -0.00186941 -0.000352561 -0.000688789 -0.00135197 0.000295046 4.58704e-05 -0.00146355 0.00153105 0.00686441
internal_weight=51153 47161 6041 1033 41120 35755 5365 970 922 363 220 155 4395 438 374 35600 35374 107 35315 1264 178 559 34051 14903 5921 1898 1853 919 934 177
internal_count=51153 47161 6041 1033 41120 35755 5365 970 922 363 220 155 4395 438 374 35600 35374 107 35315 1264 178 559 34051 14903 5921 1898 1853 919 934 177
is_linear=0
shrinkage=0.05


Tree=69
num_leaves=31
num_cat=0
split_feature=6 9 3 11 11 15 1 11 11 15 7 6 11 11 8 16 16 11 8 16 14 3 8 2 12 6 8 1 3 9
split_gain=1.85998 1.967 1.50693 1.49699 2.30828 3.9983 2.90416 1.53917 3.62133 2.87182 1.75176 1.41843 1.2726 2.23987 2.4762 2.0968 1.91045 1.93205 2.01523 1.81588 1.61853 1.80349 1.84721 2.08177 1.45378 1.37324 1.49875 1.68106 1.61903 2.38718
threshold=1.8371877626796886 -0.42553802625126236 0.0058647057765227615 0.044463643697869822 0.041951569626952907 0.028465779121799154 0.070877846382687029 0.037714615631601174 0.034590351886677258 0.0037384371506522522 -0.0055416654569326864 0.7668641883235302 0.028003241711031971 0.026101750474282651 0.33630588490029817 0.030567516869383308 0.054779551976547831 0.016901254843129102 inf 0.043555100389504948 0.031451069873502109 -0.00073789070521390599 0.050043392601640042 0.018868593746026455 -0.052281388412141021 -0.81878488087132861 -0.098590145389617898 0.045777008768134737 -0.0012335792171433988 -0.33561249967207124
decision_type=2 8 2 2 2 2 2 2 2 2 2 2 2 2 8 2 2 2 8 2 2 2 10 2 2 2 10 2 2 10
left_child=1 2 -1 4 7 6 -6 8 12 -10 -11 -12 13 16 -15 -14 17 18 -3 20 21 22 -19 -24 -20 -18 -27 28 -28 -30
right_child=-2 3 -4 -5 5 -7 -8 -9 9 10 11 -13 15 14 -16 -17 25 19 24 -21 -22 -23 23 -25 -26 26 27 -29 29 -31
leaf_value=0.00016540504685541644 0.00016007477970865914 -1.8436938103722983e-05 0.0027896116892284478 -0.00027592562573478083 0.00055249198059314629 -0.00057736133479072973 0.0013125109136188748 -0.00041078564281227649 -5.4996428576179828e-05 0.0015464923859659797 0.00042317050159506036 0.0013334833720554896 0.00063043037232389618 9.8136280986651519e-05 0.00058620639088235896 -0.00018786123203270164 -0.00018545634242421447 -7.3700494723460266e-05 0.00014875850626671833 8.455663794417712e-05 -0.00054651229305511205 -0.00018939709939640344 0.00041122073442910706 9.8917496621847394e-05 -0.00025771722594931999 -0.00066156963557064037 0.00046893523049938626 0.00011777627608086012 0.00060365843421485166 0.00059846845358590734
leaf_weight=97 4010 35657 40 1211 62 57 41 523 228 48 198 43 60 462 48 1785 53 597 64 514 523 2630 40 398 1293 66 119 170 42 68
leaf_count=97 4010 35657 40 1211 62 57 41 523 228 48 198 43 60 462 48 1785 53 597 64 514 523 2630 40 398 1293 66 119 170 42 68
internal_value=-0.000310577 -0.00039852 0.00558394 -0.000415959 -0.000370068 0.005625 0.0115049 -0.00039109 -0.00035982 0.00380077 0.00711073 0.00537344 -0.000408061 -0.000352565 0.00294118 -0.00169377 -0.000392339 -0.000429812 -0.000308533 -0.00138452 -0.00172875 -0.00135744 0.000410627 0.00287671 -0.00219971 0.00262548 0.00349462 0.00464912 0.00744541 0.0118182
internal_weight=51147 47137 137 47000 45789 160 103 45629 45106 517 289 241 44589 42744 510 1845 42234 41716 37014 4702 4188 3665 1035 438 1357 518 465 399 229 110
internal_count=51147 47137 137 47000 45789 160 103 45629 45106 517 289 241 44589 42744 510 1845 42234 41716 37014 4702 4188 3665 1035 438 1357 518 465 399 229 110
is_linear=0
shrinkage=0.05


Tree=70
num_leaves=31
num_cat=0
split_feature=4 11 6 9 13 11 13 13 10 1 7 16 14 8 11 11 16 13 11 16 11 11 16 10 2 1 13 13 13 7
split_gain=1.68725 1.5288 1.38078 1.28137 1.25627 1.21738 1.1909 3.39633 2.2061 2.33285 1.71142 1.55299 3.23119 1.61 2.4439 2.13505 1.33713 3.06984 4.10928 2.7277 2.14693 1.4882 3.19536 5.3475 7.27817 1.65681 1.66899 1.32313 1.60355 1.65727
threshold=0.01508540071235138 0.057592518437268987 1.7819793802761918 -0.42553802625126236 20.865000724792484 0.047360899032742883 25.505000114440922 26.85000038146973 0.010363669081824291 0.052868635525742731 -0.20128334917171334 0.076557041371474802 -0.061929277885563232 -0.278929368744537 0.023061662230793093 0.028003241711031971 0.042612845570457199 12.994999885559084 0.01613839302739695 0.034526607676413919 0.026483483019392965 0.019998315354098021 0.032039212360379883 0.00054085357346300722 0.011928703548007348 0.038397109933354774 16.73499965667725 15.574999809265138 15.875000000000002 0.017449573062491289
decision_type=2 2 2 8 2 2 2 2 2 2 2 2 2 10 2 2 2 2 2 2 2 2 2 2 2 2 2 2 2 2
left_child=-1 2 3 -2 5 -4 11 8 9 -8 -9 13 -13 14 -5 -16 19 18 -18 20 21 22 -15 24 -24 -25 -27 -19 29 -29
right_child=1 -3 4 6 -6 -7 7 10 -10 -11 -12 12 -14 16 15 -17 17 27 -20 -21 -22 -23 23 25 -26 26 -28 28 -30 -31
leaf_value=-0.00010969540172189934 0.0010301814026239088 -0.00058341760078921528 0.00018402668259371804 -0.00022592699460918515 -0.00019899721849140923 0.0027209317730654413 0.00034147096913902833 0.0011461570176495098 -6.9035157261149041e-05 0.001270622129382064 -5.3404510409958892e-05 0.00052423287262665867 -0.00044572843071663992 -1.5414707083524461e-05 0.00037830149397521359 -0.00060905716779826398 -0.00072858628287366962 -0.00016779542009301061 0.00060307934692158788 -0.00017525567112972138 0.00032393276657725944 -0.00017427078815176434 0.0012589393200145207 -0.00020558087913160334 7.2083776428485532e-05 9.2472546042300898e-05 0.00062073564358679949 0.00092347065500339269 5.0873203027635589e-05 4.65498137621437e-05
leaf_weight=2052 135 239 3477 1501 512 41 234 45 122 40 1346 65 676 31669 107 44 107 1051 355 2840 200 1562 65 224 98 108 46 48 2012 57
leaf_count=2052 135 239 3477 1501 512 41 234 45 122 40 1346 65 676 31669 107 44 107 1051 355 2840 200 1562 65 224 98 108 46 48 2012 57
internal_value=-0.000232782 -0.000173991 -0.000154448 -0.000234266 0.000732009 0.00106879 -0.000248982 0.00101567 0.00510101 0.00759124 -0.000147377 -0.00030174 -0.00257085 -0.000261796 -0.00179177 0.00427152 -0.000199299 0.000716252 0.00452381 -0.000289581 -0.000165137 -0.000195725 -0.000122634 0.00368761 0.0112577 0.000423279 0.00441558 0.000160984 0.000880962 0.00690476
internal_weight=51078 49026 48787 44757 4030 3518 44622 1787 396 274 1391 42835 741 42094 1652 151 40442 3630 462 36812 33972 33772 32210 541 163 378 154 3168 2117 105
internal_count=51078 49026 48787 44757 4030 3518 44622 1787 396 274 1391 42835 741 42094 1652 151 40442 3630 462 36812 33972 33772 32210 541 163 378 154 3168 2117 105
is_linear=0
shrinkage=0.05


Tree=71
num_leaves=31
num_cat=0
split_feature=4 15 16 6 8 6 16 14 9 1 12 0 12 3 6 0 1 3 14 4 13 16 13 15 13 15 14 1 3 14
split_gain=1.78473 1.35183 2.53992 1.70647 1.31073 1.24172 1.42034 1.34847 1.17146 1.21657 1.2653 2.48605 2.29114 1.52226 1.39405 1.20649 1.17784 1.13871 1.55928 1.04768 1.07506 2.39149 1.80989 1.58051 2.79344 1.60329 3.33221 1.63903 1.37223 2.20323
threshold=0.030192785234340991 -0.023004677631700995 -0.0021006376853651694 0.26075851696655461 -0.11882693123236891 0.55950932834429745 0.079611158282187469 -0.061929277885563232 -0.13421252543943871 -0.0077051370664553689 0.036024205160495655 -0.001370665272995508 0.059758756541204668 -0.00019182271874224052 -0.46129797741739675 -0.0015408398933824949 -0.017214944116465344 0.0042299965840884033 0.13795776446892064 0.014667731131161153 13.444999694824221 -0.034319742497221521 14.494999885559084 0.0084858565175797169 13.414999961853029 0.011289461559118698 -0.035714459440522088 0.053888656335559622 0.013171669770339458 -0.036402596487612009
decision_type=2 2 2 2 10 2 2 2 8 2 2 2 2 2 2 2 2 2 2 2 2 2 2 2 2 2 2 2 2 2
left_child=1 2 17 -4 -2 6 8 -8 9 10 11 13 -12 16 -15 -14 -6 -1 -19 -3 21 -21 28 -23 25 26 -25 -28 -22 -30
right_child=4 19 3 -5 5 -7 7 -9 -10 -11 12 -13 15 14 -16 -17 -18 18 -20 20 22 23 -24 24 -26 -27 27 -29 29 -31
leaf_value=-5.7700695962461367e-05 -8.3938235966661231e-05 -0.00012474105368507886 0.00011021963495075347 0.00089505231029409849 3.9824092531650673e-05 0.00017133968056741721 0.00031436536410411593 -0.00066779767101962683 -4.0694374627539577e-06 5.2095546548026824e-06 0.001550418268685697 -0.00031896033629616607 -7.3338903161035293e-05 0.00068455880309829396 0.00017938956422569781 0.00065546349853939912 0.00048796937525571392 0.00063471703610348113 -0.00011600476092119535 0.00059851064558634069 -0.00014113220811616225 -4.2476439325127111e-05 -3.3887405121298666e-05 0.00056899463496573968 0.00043121984341334073 -2.5009537444917696e-05 -5.9160049306284393e-05 0.00045034316905626407 0.00028727437340824103 -0.00029564814310785269
leaf_weight=748 3733 1541 84 50 181 4425 78 395 12446 795 55 245 77 78 44 46 41 67 63 45 3597 3260 17575 81 41 735 209 53 104 139
leaf_count=748 3733 1541 84 50 181 4425 78 395 12446 795 55 245 77 78 44 46 41 67 63 45 3597 3260 17575 81 41 735 209 53 104 139
internal_value=-0.000255826 -0.000519866 0.0012747 0.00768657 7.53113e-05 0.000244366 2.03703e-05 -0.00267442 0.000111364 0.00140205 0.00282268 0.00170628 0.00651685 0.00444767 0.00893443 0.00272358 0.00198198 0.000296126 0.00461538 -0.000586195 -0.000510663 0.000198914 -0.000657251 8.10675e-05 0.00170241 0.00121521 0.0040379 0.00129771 -0.00164063 0.00199588
internal_weight=51031 28392 1012 134 22639 18906 14481 473 14008 1562 767 589 178 344 122 123 222 878 130 27380 25839 4424 21415 4379 1119 1078 343 262 3840 243
internal_count=51031 28392 1012 134 22639 18906 14481 473 14008 1562 767 589 178 344 122 123 222 878 130 27380 25839 4424 21415 4379 1119 1078 343 262 3840 243
is_linear=0
shrinkage=0.05


Tree=72
num_leaves=31
num_cat=0
split_feature=4 15 16 9 11 11 1 14 4 11 11 11 9 6 9 16 16 9 7 0 9 11 10 11 16 12 10 15 2 15
split_gain=1.50345 1.39179 2.21976 1.57279 1.1628 3.09789 2.66984 1.31672 1.37636 1.15405 2.78102 1.49974 1.40719 1.34075 1.56611 1.33875 1.31438 2.09028 3.83473 1.13212 1.06826 0.988649 1.18379 0.936434 3.30689 3.06827 2.99733 3.49607 2.72254 2.45573
threshold=0.030192785234340991 -0.023004677631700995 -0.0021006376853651694 0.11130383990466676 0.044463643697869822 0.041951569626952907 0.098374985643256765 -0.066405515647089006 0.058057722424803941 0.037714615631601174 0.034061321951450181 0.025024628746897374 0.31162001559150571 -0.14517838257263513 -0.010886457279669191 0.05143129860293983 0.042612845570457199 0.2651545732660569 0.048049506358396339 0.075554379302479116 -0.1615627202661172 -0.021243764887310997 -0.015449561797136633 0.0015109645581827815 0.0098484129365354906 0.092854757865130991 0.0086193521775437282 0.0022156402093486132 -0.015497447991353662 0.0031555683717793275
decision_type=2 2 2 8 2 2 2 2 2 2 2 2 8 2 10 2 2 10 2 2 8 2 2 2 2 2 2 2 2 2
left_child=1 2 21 -4 5 9 -7 8 -6 10 11 16 13 14 -12 -15 -2 -18 -19 23 -10 22 -1 24 25 29 27 28 -26 -3
right_child=4 19 3 -5 7 6 -8 -9 20 -11 12 -13 -14 15 -16 -17 17 18 -20 -21 -22 -23 -24 -25 26 -27 -28 -29 -30 -31
leaf_value=5.9789411143249227e-05 4.2028303717983777e-06 2.0409420976531678e-06 0.00073044085038427315 0.00017113087502874493 -0.00013838942925016874 0.00018983672135665462 0.0014219698328311098 -0.00059098497776131648 3.1663053532748972e-05 -0.00057279959043121133 0.00065167807743758818 -0.00021063677288609474 -0.00025042310858220421 0.0011767140062054634 0.0016975720361491994 -1.9144665200855714e-05 4.4029239268160523e-05 0.0027219394104455877 0.00063069992037342252 0.00057466158688010242 0.0012474017646746634 -0.00010826659225844224 0.00059490638752476952 -6.5743612116893086e-05 0.0005315660196464337 0.0006541365064406245 0.00056458495662434064 -0.00013614440115374406 5.1207545716568844e-05 -0.00015276404125418009
leaf_weight=289 18818 6781 42 98 71 72 40 660 47 371 73 1277 96 65 41 98 636 56 216 63 40 544 52 17061 98 60 97 277 93 2926
leaf_count=289 18818 6781 42 98 71 72 40 660 47 371 73 1277 96 65 41 98 636 56 216 63 40 544 52 17061 98 60 97 277 93 2926
internal_value=-0.000274445 -0.00051631 0.00129268 0.00714286 2.93237e-05 9.85852e-05 0.00839286 -0.00182152 0.00227848 5.58686e-05 0.000103854 2.7852e-05 0.00438338 0.00619133 0.0103509 0.00328221 0.000135353 0.00199339 0.00566176 -0.000583844 0.00649425 0.00036723 0.002478 -0.000599242 -0.000223578 -0.000438723 0.00349557 0.00183761 0.00704188 -0.000508397
internal_weight=51158 28481 1025 140 22677 21859 112 818 158 21747 21376 21003 373 277 114 163 19726 908 272 27456 87 885 341 27393 10332 9767 565 468 191 9707
internal_count=51158 28481 1025 140 22677 21859 112 818 158 21747 21376 21003 373 277 114 163 19726 908 272 27456 87 885 341 27393 10332 9767 565 468 191 9707
is_linear=0
shrinkage=0.05


Tree=73
num_leaves=31
num_cat=0
split_feature=6 4 11 16 1 6 9 5 13 3 16 3 2 11 3 3 13 11 11 8 13 13 2 11 3 5 15 7 11 13
split_gain=1.50351 1.35755 1.59485 1.15972 1.08597 1.71329 1.64561 1.33295 1.6999 1.29617 2.52253 1.33226 1.23526 1.49653 1.56443 1.41792 1.21748 1.20224 1.58229 1.17511 1.17101 1.17081 1.09669 1.38249 1.08935 1.03156 1.92 1.00962 0.926328 0.969084
threshold=-1.1893063817708638 0.018174832016365969 -0.022024013564940267 0.079611158282187469 -0.025488891511389718 2.2935792146413703 1.292106418500611 0.021734179610952632 25.319999694824222 -0.0039913693133210018 -0.04304369717818151 0.0067132716713614879 0.043511329672182859 -0.023324980459216712 -0.0086029856662172537 -0.018719337144795397 22.930000305175785 0.0015109645581827815 0.00023772449314352076 -0.10374899689695831 13.605000019073488 23.409999847412113 0.0046323076781775727 -0.023775986944761848 -0.027627194464328594 0.039354874812641764 0.0085864370873487434 0.010966618126164287 -0.013624952987961734 17.914999961853031
decision_type=2 2 2 2 2 2 10 2 2 2 2 2 2 2 2 2 2 2 2 10 2 2 2 2 2 2 2 2 2 2
left_child=-1 2 -2 4 6 12 7 8 -3 -9 11 21 19 14 15 -14 17 18 -7 25 -12 -11 23 -13 -21 -6 -27 28 -22 -30
right_child=1 3 -4 -5 5 16 -8 9 -10 10 20 22 13 -15 -16 -17 -18 -19 -20 24 27 -23 -24 -25 -26 26 -28 -29 29 -31
leaf_value=-0.00012754226988797302 0.00013839775827146735 -9.8463886675825341e-05 -7.4302232687640295e-05 -0.00019468937786180292 -0.00014679868146670751 0.0010912078370452043 0.00073838784442172207 -0.00010748125722424358 0.0001159112811573954 0.0004821727654934263 0.00067785943458566883 0.00019253405183222022 0.00029398184967983248 -4.2962429222841866e-05 4.1611927964044492e-05 0.00084535715553790193 -0.00037668483815065192 0.00028050133732359701 0.0039283685980005447 0.00048240018769206655 -0.00023304712268617693 0.00067268969456779442 -0.00032083540785411403 0.00066259580862919364 3.0986323528445182e-05 -0.00024557566632418918 0.0011208796473670376 -0.000310173812506745 -1.8134388167237823e-05 0.00049917522095235497
leaf_weight=2623 276 6596 5808 840 1532 418 47 1927 422 93 149 163 40 13252 159 41 118 1136 56 130 384 74 65 49 13184 100 50 302 573 428
leaf_count=2623 276 6596 5808 840 1532 418 47 1927 422 93 149 163 40 13252 159 41 118 1136 56 130 384 74 65 49 13184 100 50 302 573 428
internal_value=-0.000288529 -0.000225359 -0.000923736 -0.000124978 -8.77374e-05 6.85056e-05 -0.000506566 -0.000545658 -0.000967513 0.000158069 0.000964911 0.00434685 -2.42219e-05 -0.000371332 0.00354167 0.00919753 0.00159722 0.00195652 0.00407173 0.000288076 0.000147058 0.00787425 0.00222022 0.00396226 0.000445395 -0.000957195 0.003 -0.000228217 0.000342959 0.00114385
internal_weight=51035 48412 6084 42328 41488 30216 11272 11225 7018 4207 2280 444 28488 13492 240 81 1728 1610 474 14996 1836 167 277 212 13314 1682 150 1687 1385 1001
internal_count=51035 48412 6084 42328 41488 30216 11272 11225 7018 4207 2280 444 28488 13492 240 81 1728 1610 474 14996 1836 167 277 212 13314 1682 150 1687 1385 1001
is_linear=0
shrinkage=0.05


Tree=74
num_leaves=31
num_cat=0
split_feature=12 15 12 10 15 12 10 16 13 11 3 1 3 0 11 10 11 1 12 11 16 3 12 14 1 0 16 3 12 16
split_gain=1.70874 1.45388 1.29428 1.37717 4.28872 1.77888 1.68263 8.53603 2.06837 1.64803 2.89383 1.81629 3.22519 1.45904 1.35562 1.68117 2.12015 2.26958 1.33909 1.33342 1.36536 3.22295 1.72877 1.55768 1.50821 1.33049 1.48281 1.37779 1.30327 1.30108
threshold=0.10123019596275297 -0.0083207046351039243 -0.075828254732232245 0.014365364117936543 0.037814814954919125 -0.062212446145613214 0.012020703086552011 -0.02064014268341002 12.434999942779543 0.014319949991421945 0.0068479615724700302 -0.0055718072960883594 0.010391350125259604 -0.024285710917276767 -0.0044146840191625061 0.017875641087257036 0.041951569626952907 -0.064680959603313978 -0.051373886546093366 -0.030384462612199011 -0.04304369717818151 -0.0037773830814438743 -0.036045900478668118 0.26245601507157795 -0.091002544267687877 -0.068788924632018675 -0.038655516264954108 1.0000000180025095e-35 -0.043864369041982591 -0.075489551112610673
decision_type=2 2 2 2 2 2 2 2 2 2 2 2 2 2 2 2 2 2 2 2 2 2 2 2 2 2 2 2 2 2
left_child=2 -2 25 4 5 13 18 -8 -9 10 -10 -12 -13 -4 -5 28 17 -17 -7 -20 21 29 -23 -22 -24 -1 27 -27 -16 -21
right_child=1 -3 3 14 -6 6 7 8 9 -11 11 12 -14 -15 15 16 -18 -19 19 20 23 22 24 -25 -26 26 -28 -29 -30 -31
leaf_value=0.001033098997174281 0.0010976060836175808 -0.00034071480046796805 5.6278814907470719e-05 -0.0004418386901884575 0.0014222881815003949 0.00013157732094138541 0.0011665817482202606 0.0009074408570066124 -9.6088489655035518e-05 -0.00017852757098617272 -1.7416771006307739e-05 0.0011952988733369299 0.00059273481038402695 -0.00075606129850471458 0.00024163096699412361 0.00076505155878688795 0.00059906842914797477 -2.7016300868329847e-05 -0.00019119705463436609 0.00035517773473371823 -2.7738588889056935e-05 0.00047271417651647277 0.00074758329265764163 0.00050757249718932744 0.00017541592641950703 -0.00023229910361649282 0.0002848768049693873 0.00023241570642957931 -0.00031413457836390428 -0.0002354384730409004
leaf_weight=42 62 684 259 495 61 726 63 57 245 557 55 49 81 431 123 43 65 635 917 42 42011 71 129 127 784 199 243 255 934 590
leaf_count=42 62 684 259 495 61 726 63 57 245 557 55 49 81 431 123 43 65 635 917 42 42011 71 129 127 784 199 243 255 934 590
internal_value=-0.000278731 -0.00265416 -0.000243494 -0.000274471 -0.00021638 -0.000233505 -0.000196113 0.0017299 0.00065134 0.000116513 0.00244186 0.00716216 0.0103846 -0.00275362 -0.00147059 -0.000833335 0.000989232 0.000162241 -0.000243079 -0.000277698 -0.000238151 0.00118812 0.00297764 -0.000292849 0.00239321 0.00183356 0.00131277 -0.000374451 -0.00211448 -0.0015981
internal_weight=51035 746 50289 49550 47255 47194 46504 1107 1044 987 430 185 130 690 2295 1800 743 678 45397 44671 43754 1616 984 42138 913 739 697 454 1057 632
internal_count=51035 746 50289 49550 47255 47194 46504 1107 1044 987 430 185 130 690 2295 1800 743 678 45397 44671 43754 1616 984 42138 913 739 697 454 1057 632
is_linear=0
shrinkage=0.05


Tree=75
num_leaves=31
num_cat=0
split_feature=5 10 15 10 11 11 10 13 5 13 13 13 15 13 11 11 13 13 2 10 10 14 12 9 9 11 12 14 9 10
split_gain=1.52057 1.48051 3.34031 2.00464 8.99326 2.21042 2.15184 2.12087 1.39114 1.44783 1.90381 3.57083 1.98844 2.74959 2.13892 4.15711 1.95407 2.62929 1.93441 1.88713 1.87115 1.82807 2.82822 2.74842 1.9653 1.81587 1.78262 1.75175 2.4381 1.62779
threshold=0.0099653740984975165 0.014365364117936543 0.037814814954919125 0.012020703086552011 -0.0015054392328701092 0.050492682028646547 0.012396471332785432 12.434999942779543 0.025981894705721553 13.554999828338625 14.494999885559084 14.570000171661379 0.0028755796500525847 15.464999675750734 0.012210524759260101 0.012360960719592808 16.469999313354496 16.675000190734867 0.010963474466003766 -0.00010145225010271818 0.0043154223195999162 -0.040461984062780003 0.054230136510325939 0.043719767015235729 0.28248849232712386 0.011124085891359938 0.012875876838212565 -0.086337752297859935 -0.058926119757461697 0.0028970492937452357
decision_type=2 2 2 2 2 2 2 2 2 2 2 2 2 2 2 2 2 2 2 2 2 2 2 10 10 2 2 2 8 2
left_child=-1 2 3 5 6 8 -5 -6 9 21 -11 -12 13 18 -14 -16 -15 25 -13 -17 -20 22 24 -24 -2 26 -18 28 -21 -23
right_child=1 -3 -4 4 7 -7 -8 -9 -10 10 11 12 14 16 15 19 17 -19 20 27 -22 29 23 -25 -26 -27 -28 -29 -30 -31
leaf_value=-8.4032927983404947e-05 2.5985771621144776e-05 -0.00013548855130886779 0.0013194102474212441 0.0011573123806930209 0.0011883826005939556 -0.00056672615688869738 0.00080629430700080687 -3.5723703194065209e-05 7.0079816859252892e-05 -0.00012582832885060918 0.00077075730639124642 0.00023142226674927144 -0.0001355815686538286 -0.0001553994154511173 0.00047863996000389956 0.00064336795889701533 0.00034841995202329888 -7.5884007985109428e-06 -4.3312738207855319e-05 0.00062083644169447553 0.0002712914403589875 5.4016060666920746e-05 0.0008213130622319125 0.00022754375032282256 0.0011496261469905007 0.00065753296191085539 -1.3225079508224485e-05 -3.9557847454816196e-05 0.00010055836958202942 -0.00011968781331259289
leaf_weight=3271 730 2377 60 57 48 435 56 860 7638 4132 93 1085 7206 2342 52 91 316 10484 965 40 135 3036 52 92 96 53 304 3009 240 1782
leaf_count=3271 730 2377 60 57 48 435 56 860 7638 4132 93 1085 7206 2342 52 91 316 10484 965 40 135 3036 52 92 96 53 304 3009 240 1782
internal_value=-0.000257838 -0.000186564 -0.000122998 -0.000138569 0.00205191 -0.000188931 0.015354 0.000396475 -0.000153846 -0.000282786 -0.000420173 -0.000264056 -0.000298611 5.92949e-05 -0.000826284 0.000201048 -0.000207054 6.85656e-05 0.0017048 -1.47941e-05 0.000227272 0.000442293 0.00242268 0.00888889 0.0012954 0.00309807 0.00233871 -0.000211312 0.00357143 4.35854e-05
internal_weight=51137 47866 45489 45429 1021 44408 113 908 43973 36335 30547 26415 26322 15684 10638 3432 13499 11157 2185 3380 1100 5788 970 144 826 673 620 3289 280 4818
internal_count=51137 47866 45489 45429 1021 44408 113 908 43973 36335 30547 26415 26322 15684 10638 3432 13499 11157 2185 3380 1100 5788 970 144 826 673 620 3289 280 4818
is_linear=0
shrinkage=0.05


Tree=76
num_leaves=31
num_cat=0
split_feature=4 9 7 10 10 16 4 12 11 15 13 13 7 10 13 9 12 6 16 11 13 11 9 7 13 1 5 5 7 2
split_gain=1.52396 1.24608 1.46729 1.29725 2.24567 8.11169 2.1141 1.91027 1.85442 1.82744 1.57654 1.93258 1.98454 1.27196 2.65201 1.62976 1.45833 1.19626 1.19487 2.74783 2.38077 1.51955 1.45419 1.69926 1.14891 1.08167 0.950633 1.20085 0.943665 0.894771
threshold=0.014667731131161153 0.28248849232712386 -0.096290654733014333 0.014365364117936543 0.012020703086552011 -0.02064014268341002 0.050665862680409651 -0.051373886546093366 0.050492682028646547 0.037814814954919125 17.445000648498539 16.125000000000004 -0.010841050828770292 0.018838458170826636 18.94999980926514 0.0079155377646471532 0.045280709361418599 2.799261018911078 0.041810397896275393 0.028003241711031971 24.119999885559086 0.01613839302739695 0.32782376331858026 0.048049506358396339 49.655000686645515 0.035846229834350714 0.025153223924742011 0.015497487488728591 0.073488303882727327 0.011928703548007348
decision_type=2 10 2 2 2 2 2 2 2 2 2 2 2 2 2 8 2 2 2 2 2 2 10 2 2 2 2 2 2 2
left_child=-1 3 -3 4 8 -6 10 -5 9 24 11 25 -13 -9 15 16 -15 18 -4 21 -21 -20 -23 -24 -2 -7 27 -19 -12 -14
right_child=1 2 17 7 5 6 -8 13 -10 -11 28 12 29 14 -16 -17 -18 26 19 20 -22 22 23 -25 -26 -27 -28 -29 -30 -31
leaf_value=-0.00010848224395560644 -1.9488504733288016e-05 0.00072990455071522621 -2.6298091681822264e-06 0.00026044685031828758 0.0010697238007953344 -0.00015504556424578589 0.0027901342748060357 -0.00028014816983021622 -0.00054238492601983615 0.00068240704032563996 -0.00030264222993856151 -6.5413414323566211e-05 0.00094965929390780082 0.00089587589444562864 -0.00053704794381685586 3.1079324255126518e-05 0.00033676886498806196 -7.0110959507894353e-05 -2.6959443634610997e-06 -0.0002346636279720953 0.0011167193485159038 0.0013985973175803549 0.0023797139311416485 0.00038825842543273916 0.001077348713681218 0.00030958412459787386 -0.00016705926009268264 0.0023594808728450273 0.00012475971242825506 0.0010512907030750418
leaf_weight=1598 39241 66 5450 184 60 207 41 1310 404 59 292 47 40 56 384 240 40 44 101 405 41 44 55 173 60 121 106 144 75 45
leaf_count=1598 39241 66 5450 184 60 207 41 1310 404 59 292 47 40 56 384 240 40 44 101 405 41 44 55 173 60 121 106 144 75 45
internal_value=-0.000226176 -0.000177149 0.000460853 -0.00027572 -0.000211591 0.00221983 0.000990782 -0.00145438 -0.000268334 -0.000233741 0.000441353 0.0023913 0.0075 -0.00189655 -0.000208335 0.00303571 0.00854167 0.000386255 0.000240069 0.00202076 -0.000627804 0.00518767 0.00713235 0.00552631 -0.000246941 0.000335365 0.0035034 0.0056383 -0.00200273 0.0120588
internal_weight=51133 49535 6629 42906 40692 928 868 2214 39764 39360 827 460 132 2030 720 336 96 6563 6269 819 446 373 272 228 39301 328 294 188 367 85
internal_count=51133 49535 6629 42906 40692 928 868 2214 39764 39360 827 460 132 2030 720 336 96 6563 6269 819 446 373 272 228 39301 328 294 188 367 85
is_linear=0
shrinkage=0.05


Tree=77
num_leaves=31
num_cat=0
split_feature=12 15 4 10 10 11 10 12 10 11 1 12 13 14 9 10 4 3 12 12 9 12 12 3 13 15 15 15 12 15
split_gain=1.42388 1.79759 1.23924 1.30803 2.00887 5.88132 2.49478 2.01122 1.57757 1.49002 1.43162 1.42337 4.87202 3.63139 1.8457 2.90508 1.82946 2.55927 1.69195 3.50024 1.54676 1.47846 1.40329 1.62485 1.35157 1.3337 1.85055 2.07425 1.46313 2.37935
threshold=0.10123019596275297 -0.0083207046351039243 0.01508540071235138 0.013844787315234976 0.012020703086552011 0.0023966928807116488 0.012396471332785432 0.057873596393828615 0.017875641087257036 0.041951569626952907 0.035846229834350714 0.059758756541204668 21.82499980926514 -0.037511825146214865 0.034927565329519246 0.0022328849049373383 0.027643836670670763 0.0030738267323435768 0.048519167358985434 0.048426853318079395 -0.16534564142674898 0.060339670934961183 0.062788606761277746 0.012562850419691631 18.335000038146976 0.037814814954919125 0.020490120982647578 0.020109878744193569 0.04031241424141075 0.0049174591487116679
decision_type=2 2 2 2 2 2 2 2 2 2 2 2 2 2 10 2 2 2 2 2 8 2 2 2 2 2 2 2 2 2
left_child=2 -2 -1 4 11 6 -6 10 -5 -10 -7 18 13 16 -15 21 17 -13 19 25 -20 -16 -17 -24 -12 26 27 28 -4 -30
right_child=1 -3 3 8 5 7 -8 -9 9 -11 24 12 -14 14 15 22 -18 -19 20 -21 -22 -23 23 -25 -26 -27 -28 -29 29 -31
leaf_value=-8.3898220325176589e-05 0.0010604629901029283 -0.00030395445123666538 -2.5018095302648324e-05 -0.00022952267635263391 0.00095918414926571553 3.9960379652935537e-05 0.0002227279116238588 -0.00033211271012664105 -1.7059115296955316e-05 0.00063350637106788241 0.00071170241403871156 0.0006175908562878438 0.0013209487093733972 -0.00019132606439136305 0.0008905131681704615 0.00033847405672804561 0.00027694855593303702 8.5551134176957815e-05 0.0011842458475416805 0.00021804061671376412 -0.00013878709585048659 0.00016765173101753828 -0.0006123049078012087 0.00074217482287433341 -5.709979695740357e-05 0.00056503347824657575 -0.00041747495098249803 0.0006901001632859591 -2.2488887707457651e-05 0.00019685551910975492
leaf_weight=2001 68 679 35201 1468 61 279 59 306 1033 58 135 96 60 1137 56 74 245 73 49 109 2370 632 309 77 56 56 654 50 2232 1469
leaf_count=2001 68 679 35201 1468 61 279 59 306 1033 58 135 96 60 1137 56 74 245 73 49 109 2370 632 309 77 56 56 654 50 2232 1469
internal_value=-0.00028953 -0.00245649 -0.000257416 -0.000207009 -0.0001456 0.00219866 0.0125 0.000605669 -0.00130715 0.000132904 0.00265957 -0.00019233 0.000907936 0.000594663 -0.000185997 0.00122822 0.00490338 0.00890532 -0.000264282 -0.000186192 -0.00154816 0.00328488 -0.00184783 -0.003057 0.00599476 -0.000210782 -0.000221685 -0.000177399 -0.00019048 0.0007552
internal_weight=51152 747 50405 48404 45845 896 120 776 2559 1091 470 44949 2759 2699 2285 1148 414 169 42190 39771 2419 688 460 386 191 39662 39606 38952 38902 3701
internal_count=51152 747 50405 48404 45845 896 120 776 2559 1091 470 44949 2759 2699 2285 1148 414 169 42190 39771 2419 688 460 386 191 39662 39606 38952 38902 3701
is_linear=0
shrinkage=0.05


Tree=78
num_leaves=31
num_cat=0
split_feature=12 13 13 13 14 3 11 2 15 15 14 3 11 11 3 6 13 13 4 15 15 11 9 11 14 6 13 12 13 9
split_gain=1.17255 1.13212 3.12405 2.92652 3.34743 2.57436 3.58975 2.57432 2.12723 4.77085 3.64868 2.2883 2.1685 1.91988 1.73746 1.72527 1.61885 2.57017 1.73874 1.43708 1.81047 4.17754 2.05442 3.0488 1.71551 2.41431 2.33474 1.36918 2.62515 2.32628
threshold=0.10123019596275297 14.734999656677248 13.554999828338625 14.904999732971193 0.041398643260536445 0.013854466529352629 0.00023772449314352076 0.013755070552430195 0.0084858565175797169 0.011289461559118698 -0.01262073301810107 -0.0034417948689003937 -0.005167403024051608 0.034590351886677258 -0.0039913693133210018 -0.10088055557156571 14.920000076293947 14.960000038146974 0.030715198665099908 0.0041556883535484044 0.0015548319214788722 0.023061662230793093 -0.075034767116039167 0.024405039123864495 -0.0035273854570452286 1.0902745447209099 13.234999656677248 -0.011339314302442725 16.675000190734867 0.069908276051846033
decision_type=2 2 2 2 2 2 2 2 2 2 2 2 2 2 2 2 2 2 2 2 2 2 10 2 2 2 2 2 2 8
left_child=1 2 8 4 -3 -4 15 -6 12 10 11 -10 14 -12 -1 -7 -5 18 -18 20 22 24 23 -14 -22 26 -26 28 29 -19
right_child=-2 3 5 16 7 6 -8 -9 9 -11 13 -13 19 -15 -16 -17 17 27 -20 -21 21 -23 -24 -25 25 -27 -28 -29 -30 -31
leaf_value=5.5457504245258701e-05 -0.00026133974380242414 0.00010949719274795484 -0.00014853490843354854 -0.00055723191686330776 0.00072542035982865055 0.0001481961572308984 -8.4647022721701607e-06 4.8208244088151204e-05 0.00073185089072742415 -3.4370707078108959e-05 -0.00014928846365036617 0.00036407633880822384 2.7267660314038292e-05 0.00061726498202766781 0.00059996895118201096 0.00084618715612541 0.00015058050373917186 0.00040829807679310548 0.00068588691020743311 -0.00023524281452528019 4.8136287970102043e-06 -0.00049290945804250034 -0.00016328644985235058 0.00045768433703243763 0.00019467198808399057 0.0032811976912155514 0.00034279028716605395 2.2729548730841377e-06 -7.6531824507048536e-05 -1.1542854035218729e-06
leaf_weight=109 744 1053 6072 249 70 40 449 61 63 1332 177 373 402 65 72 76 128 354 59 1034 475 308 2224 78 561 55 116 24284 9227 634
leaf_count=109 744 1053 6072 249 70 40 449 61 63 1332 177 373 402 65 72 76 128 354 59 1034 475 308 2224 78 561 55 116 24284 9227 634
internal_value=-0.000274224 -0.000245021 -0.000625312 -9.67647e-05 0.00234797 -0.00141404 0.00181416 0.00988549 7.79139e-05 0.00146766 0.004882 0.00761468 -0.000436144 -4.13235e-05 0.00494475 0.00965517 -0.00017962 -0.000150782 0.00569519 -0.000621551 -0.000212137 0.00117162 -0.000987427 0.00197917 0.00249793 0.00401639 0.00319793 -0.00018247 -0.000668136 0.00178138
internal_weight=50944 50200 14081 36119 1184 6637 565 131 7444 2010 678 436 5434 242 181 116 34935 34686 187 5253 4219 1515 2704 480 1207 732 677 34499 10215 988
internal_count=50944 50200 14081 36119 1184 6637 565 131 7444 2010 678 436 5434 242 181 116 34935 34686 187 5253 4219 1515 2704 480 1207 732 677 34499 10215 988
is_linear=0
shrinkage=0.05


Tree=79
num_leaves=31
num_cat=0
split_feature=6 5 10 15 10 11 10 10 15 10 15 11 11 9 14 2 11 10 11 10 9 11 3 4 13 11 15 12 12 11
split_gain=1.30404 1.31072 1.67323 1.34044 1.23282 4.87639 1.54944 1.48007 4.64247 2.16322 1.73836 1.65191 2.93024 1.98295 1.81537 1.58384 1.56946 3.54026 3.08536 3.17411 2.85921 2.83202 1.97981 2.2915 1.88591 1.74579 3.09085 2.80662 3.82557 2.969
threshold=-1.1309963827625658 0.034158924279506404 0.013844787315234976 0.037814814954919125 0.012020703086552011 0.0023966928807116488 0.012396471332785432 0.0032283672299645576 0.018040555719837651 0.0028970492937452357 0.005961069168188283 0.0051016705998240272 0.003505922146060048 0.14878462817208551 -0.073802250117532039 0.090672664324957145 -0.017638960680292966 -0.0072745157566194698 -0.011292646731903553 -0.016935557307996004 0.12725382024644741 -0.028866681392767265 0.0047039842660504547 0.028236965557914859 22.270000457763675 -0.0081164362823131202 0.0025696320638911589 0.026646487764570907 0.016494758368500898 -0.0088251429249220897
decision_type=2 2 2 2 2 2 2 2 2 2 2 2 2 8 2 2 2 2 2 2 8 2 2 2 2 2 2 2 2 2
left_child=-1 2 3 4 7 6 -6 8 9 16 11 12 -9 -14 -13 -15 17 -2 -18 -20 -19 24 -23 -24 -22 26 27 28 29 -21
right_child=1 -3 -4 -5 5 -7 -8 10 -10 -11 -12 14 13 15 -16 -17 18 20 19 25 21 22 23 -25 -26 -27 -28 -29 -30 -31
leaf_value=-0.00010692071479035464 -5.6537412456172878e-05 0.00015200605074826466 -0.00015798724441414518 0.00088711389109837665 0.00069728476759868725 2.0725822865687158e-05 0.0003977595071186488 -0.00010031590650596687 0.00072351636516373758 0.0003036149235962552 -2.9785873654723432e-05 0.00030141386649262916 -5.2828731370449645e-05 0.00022998353101427249 -0.0002599634778070533 0.0016150304165371814 -0.00022168531074555527 2.7245218249780134e-05 0.00034680622267528084 5.1393772645489866e-05 -0.0004170169449699386 0.00025698022377462629 0.00068468314379256526 0.0002524133772852137 9.7308332909365708e-05 -2.6355650240584088e-05 -0.00026945780912262786 -0.00018363361314280833 0.0015693726563556889 0.0006747662090992707
leaf_weight=3220 2628 2841 2192 56 53 759 56 1093 108 420 9796 154 73 55 2869 44 1741 1083 62 757 116 520 104 87 154 19289 259 333 117 176
leaf_count=3220 2628 2841 2192 56 53 759 56 1093 108 420 9796 154 73 55 2869 44 1741 1083 62 757 116 520 104 87 154 19289 259 333 117 176
internal_value=-0.00029923 -0.00023388 -0.000299421 -0.00023067 -0.00024076 0.00162442 0.0115138 -0.000279272 -6.86855e-05 -0.000108814 -0.000697246 -0.00153685 -1.9764e-05 0.00604651 -0.00217168 0.0106566 -0.00016335 0.000669223 -0.000335182 -0.000167438 0.00221899 0.00417431 0.00582982 0.0101832 -0.000185186 -0.000200899 0.00136419 0.00230296 0.00357143 0.00250268
internal_weight=51215 47995 45154 42962 42906 868 109 42038 27954 27846 14084 4288 1265 172 3023 99 27426 4692 22734 20993 2064 981 711 191 270 20931 1642 1383 1050 933
internal_count=51215 47995 45154 42962 42906 868 109 42038 27954 27846 14084 4288 1265 172 3023 99 27426 4692 22734 20993 2064 981 711 191 270 20931 1642 1383 1050 933
is_linear=0
shrinkage=0.05


Tree=80
num_leaves=31
num_cat=0
split_feature=11 14 14 14 5 11 6 4 8 11 13 11 2 12 8 14 13 13 3 13 16 15 11 5 12 12 13 13 7 16
split_gain=1.77564 3.26263 1.93673 2.65468 1.69519 1.27305 1.25208 1.09204 1.35475 1.59891 2.39596 1.13844 1.18862 1.72465 1.97397 1.63503 1.76809 3.98838 1.57533 1.15355 1.34862 1.33547 1.95144 1.42186 1.15216 2.44489 2.34147 2.04249 1.97579 1.75869
threshold=0.037714615631601174 0.066380812843571571 -0.069744182185856193 -0.10816573528732347 0.02044807721509467 0.034061321951450181 2.9165468072852376 0.01508540071235138 -0.050061056063294411 -0.017638960680292966 13.414999961853029 -0.012951386775020666 0.037001064066150453 0.031326678595768549 0.019422354109732257 0.13367786858228273 15.355000019073488 15.194999694824221 0.015439364951836733 13.554999828338625 0.054779551976547831 -0.012284751707297035 0.00066759209085187632 0.0096601297979286953 0.03864981957839065 0.048519167358985434 12.119999885559084 17.744999885559086 0.013902357616511153 0.0051850371929950132
decision_type=2 2 2 2 2 2 2 2 10 2 2 2 2 2 10 2 2 2 2 2 2 2 2 2 2 2 2 2 2 2
left_child=4 2 3 -2 7 -6 -4 -1 -9 10 -10 -11 13 14 -13 16 17 18 -16 21 -21 22 -15 -23 -14 27 -27 29 -29 -26
right_child=1 -3 6 -5 5 -7 -8 8 9 11 -12 12 24 19 15 -17 -18 -19 -20 20 -22 23 -24 -25 25 26 -28 28 -30 -31
leaf_value=-9.1456286923791529e-05 -0.00038293536066111175 0.00090271506773719726 -0.00033373039904405682 0.00042424756513224752 1.5915241311956483e-05 0.00066442606745550654 0.0019051635893545208 -7.1392748303609747e-05 0.00060020946565363337 -0.000176468170048073 4.8283777036235342e-05 -1.534437222742472e-06 -9.6075099853535655e-05 -0.00022323541587301779 0.00014409587914139123 0.00025041695572897832 3.0021546252239218e-05 0.0010158474178163083 0.00030561723871839818 -0.00014766120258145727 0.00022502019886614088 0.00019341961751491031 0.0011580789211531378 -3.7388553359202456e-05 0.00017065844299592295 0.00020788083180737398 -0.00011865580330543309 0.00059763852171677465 0.0002228226875891041 -8.462534471399629e-05
leaf_weight=2015 183 56 1576 188 15515 303 42 6205 46 808 2159 5279 6374 42 1064 61 1292 73 60 2053 67 79 46 952 777 94 2445 48 174 1038
leaf_count=2015 183 56 1576 188 15515 303 42 6205 46 808 2159 5279 6374 42 1064 61 1292 73 60 2053 67 79 46 952 777 94 2445 48 174 1038
internal_value=-0.000280159 -0.00172372 -0.00205882 0.00119946 -0.000219998 0.000206093 -0.00280593 -0.000422695 -0.000349918 -0.000185971 0.00109977 -0.000310174 -0.00024253 0.000122876 0.000524331 0.00166667 0.00146846 0.00285296 0.00211744 -0.000847485 -0.00153302 0.000451295 0.00636364 -5.33475e-05 -0.000611873 -6.55714e-06 -0.00104175 0.00128375 0.00581081 0.000730026
internal_weight=51114 2045 1989 371 49069 15818 1618 33251 31236 25031 2205 22826 22018 11068 7829 2550 2489 1197 1124 3239 2120 1119 88 1031 10950 4576 2539 2037 222 1815
internal_count=51114 2045 1989 371 49069 15818 1618 33251 31236 25031 2205 22826 22018 11068 7829 2550 2489 1197 1124 3239 2120 1119 88 1031 10950 4576 2539 2037 222 1815
is_linear=0
shrinkage=0.05


Tree=81
num_leaves=31
num_cat=0
split_feature=11 10 12 3 11 9 8 14 11 10 14 16 15 15 10 10 5 8 3 1 9 16 12 12 16 16 3 11 11 12
split_gain=1.2642 1.06744 1.71894 1.29775 2.01037 1.74859 1.51246 1.49923 2.8274 2.67714 2.27522 2.1076 2.59247 1.90645 1.86598 4.44594 1.90406 1.83831 1.7776 1.63351 1.48847 1.38542 1.35342 2.98542 2.74894 5.19421 1.56714 1.99465 1.44258 1.62229
threshold=0.057592518437268987 0.013844787315234976 -0.051373886546093366 0.0054240304998443021 0.010138015592521145 -0.050343585853027832 0.25355497173965819 0.049481808267930923 0.041951569626952907 -0.012508695811735191 0.059032058254143822 -0.013590146399885259 0.00095514729091672479 0.0053153408561402724 -0.0049765527549362467 -0.0048549275429384245 0.017799924807101873 0.02494666820255587 -0.0058406563144275383 -0.022002019262577773 0.11724187103494633 0.016712287859912859 0.04031241424141075 0.041026522292009988 0.0033877881627464306 0.0048345471215708322 0.018699515158360772 0.0094831992446228214 0.0028224343190543792 0.048152428754814187
decision_type=2 2 2 2 2 8 10 2 2 2 2 2 2 2 2 2 2 10 2 2 8 2 2 2 2 2 2 2 2 2
left_child=1 3 -3 6 22 -6 7 9 10 -1 11 20 -13 -14 -11 16 -16 -12 19 -19 -9 -21 -5 -24 -25 -26 27 28 29 -27
right_child=-2 2 -4 4 5 -7 -8 8 -10 14 17 12 13 -15 15 -17 -18 18 -20 21 -22 -23 23 24 25 26 -28 -29 -30 -31
leaf_value=0.00032628427466113719 -0.00044799961812745453 0.00025691024773015589 -0.00016542641096989493 4.1207587530717688e-05 0.00015782400504160864 -0.00012715952265422256 0.00038538754844295918 0.00074708737642195167 0.00077255757777058745 -0.00016153465676547332 -6.3770725707980872e-05 5.3000201699868898e-06 0.00030919032741239872 -0.00012733222066589533 6.5200479913581083e-05 -4.2626881010393838e-05 0.0014771652571789985 -1.8549745388279343e-05 -2.5776184642109726e-05 0.00036268135840486623 0.00018723553180611684 -0.00016294202183644524 0.00071800296276578737 -7.0916244571856687e-05 0.0011273231291058466 3.900530206287454e-05 -0.00033516795990734462 0.00078411706679529171 1.9877380253975341e-05 0.00171970925772587
leaf_weight=117 252 193 2393 6320 755 3894 759 71 59 2497 4709 600 105 54 59 24525 95 361 1222 696 40 98 82 525 69 72 128 46 264 71
leaf_count=117 252 193 2393 6320 755 3894 759 71 59 2497 4709 600 105 54 59 24525 95 361 1222 696 40 98 82 525 69 72 128 46 264 71
internal_value=-0.000276839 -0.000259342 -0.00124903 -0.000206346 0.000238834 -0.000579696 -0.000357253 -0.000404725 0.000196505 -0.000581286 0.000115635 0.00252873 0.00158761 0.00726415 -0.000613778 -0.00048199 0.00798701 -0.000180639 0.000952881 0.00235931 0.00896396 0.0036272 0.000741057 0.00223946 0.00159574 0.00376923 0.00222891 0.00360927 0.00249386 0.00653846
internal_weight=51131 50879 2586 48293 12226 4649 36067 35308 8015 27293 7956 870 759 159 27176 24679 154 7086 2377 1155 111 794 7577 1257 1175 650 581 453 407 143
internal_count=51131 50879 2586 48293 12226 4649 36067 35308 8015 27293 7956 870 759 159 27176 24679 154 7086 2377 1155 111 794 7577 1257 1175 650 581 453 407 143
is_linear=0
shrinkage=0.05


Tree=82
num_leaves=31
num_cat=0
split_feature=5 4 11 11 12 12 6 7 12 12 16 11 16 11 9 11 0 12 12 10 0 10 12 10 10 2 8 16 16 8
split_gain=1.1687 1.08389 1.07845 1.81478 1.08715 2.39735 1.05231 1.0125 0.984372 2.03045 1.87211 3.60985 1.52606 1.83981 1.33601 1.2362 0.986913 0.976913 2.90209 1.81949 1.20007 1.17114 0.963912 0.945563 1.63395 1.40399 1.2942 1.0226 1.29093 1.17408
threshold=0.02638800940908578 0.033573752913303202 0.044463643697869822 0.041951569626952907 0.070121894171726221 0.076145599776237818 -0.77802127701975965 0.10133801616700057 0.048519167358985434 0.048426853318079395 -0.0046263797988450031 0.0025776305361616685 0.019270692363471124 0.037714615631601174 0.0098085068325826103 -0.021243764887310997 0.0016312453428424247 0.057873596393828615 0.060339670934961183 0.010510729988004066 0.00096727931254092525 -0.0035395020787354343 0.049504484069908934 0.011768378262121406 0.0099554586299021048 0.2503776720510375 0.13583346816351785 0.040062791760158818 0.034945737456002386 0.0035429252236667268
decision_type=2 2 2 2 2 2 2 2 2 2 2 2 2 2 8 2 2 2 2 2 2 2 2 2 2 2 8 2 2 8
left_child=8 -2 3 4 -3 7 -7 -6 9 -1 15 14 17 22 16 -10 -12 -13 19 20 -19 -20 -14 24 25 27 -26 28 -24 -29
right_child=1 2 -4 -5 5 6 -8 -9 10 -11 11 12 13 -15 -16 -17 -18 18 21 -21 -22 -23 23 -25 26 -27 -28 29 -30 -31
leaf_value=-2.157859870166877e-05 -0.00029875524598761694 4.7297844579784898e-05 -0.00028431849649919401 0.00086915940940900419 0.00062308273100105467 -0.00028699415037414922 0.00051233993510629654 0.0033016404353814542 0.0001249902318788184 0.00020458750162467363 0.00043982517119701731 -0.00042943155973478936 -0.0002961827579434017 -0.00030558340819689589 0.0002493421887966098 -0.00036928892936232609 0.0011829683353928955 6.4097844298465783e-05 0.00040358394372931968 -0.00038765163229758401 0.00097020144448872194 -0.00023757024995075854 6.0229056632257263e-05 -0.00023738312454223034 2.7227479635393179e-05 -0.00042388037711319973 0.00049013124539826897 -0.00015501461252887539 -0.00034341313861356229 0.00029436540395213606
leaf_weight=36993 190 6961 471 45 40 84 387 40 54 172 44 628 121 296 288 827 46 47 42 58 64 792 949 439 63 172 83 125 276 291
leaf_count=36993 190 6961 471 45 40 84 387 40 54 172 44 628 121 296 288 827 46 47 42 58 64 792 949 439 63 172 83 125 276 291
internal_value=-0.000234694 0.00031151 0.000399849 0.000544527 0.000484557 0.0026225 0.00126327 0.010625 -0.000339399 -0.000245528 -0.000950921 -0.000563849 -0.000962664 -0.00025755 0.00412698 -0.00307038 0.00944444 -0.00217965 -0.00121137 0.00476331 0.00851351 -0.00242206 0.000180626 0.000400332 0.000870341 0.000460561 0.0059589 0.000911029 0.000183672 0.00305288
internal_weight=51088 8218 8028 7557 7512 551 471 80 42870 37165 5705 4824 4446 2815 378 881 90 1631 1003 169 111 834 2519 2398 1959 1813 146 1641 1225 416
internal_count=51088 8218 8028 7557 7512 551 471 80 42870 37165 5705 4824 4446 2815 378 881 90 1631 1003 169 111 834 2519 2398 1959 1813 146 1641 1225 416
is_linear=0
shrinkage=0.05


Tree=83
num_leaves=31
num_cat=0
split_feature=5 11 11 13 9 11 11 9 6 13 0 14 10 8 11 13 15 15 8 11 12 8 5 10 9 3 12 10 10 10
split_gain=1.34046 1.60137 1.65982 2.52116 2.03213 1.23978 1.77721 1.56255 1.24191 1.88328 1.04484 1.01027 1.47072 0.988807 1.0892 1.6417 1.39493 1.4025 1.38781 1.07311 1.4406 1.90984 2.24775 1.68598 2.10642 1.73458 1.44796 1.38383 1.3498 1.39401
threshold=0.015556613989688358 0.044463643697869822 0.041951569626952907 15.654999732971193 -0.061240587602351342 0.037714615631601174 0.034590351886677258 -0.42553802625126236 -0.16123329929476846 16.285000801086429 -0.0063139313685349743 -0.077913276979976895 0.0095885339556018873 -0.11882693123236891 0.019998315354098021 24.119999885559086 0.0081647516386068614 0.0091019182870050192 0.0035429252236667268 0.015296140057879161 0.059758756541204668 0.036406660938971498 0.019136307556117789 0.0033239704024875531 0.08835352782918561 -0.0062627425498467107 0.027083039342927776 0.0018426326691356467 0.0021398765862171714 0.0023442699463880339
decision_type=2 2 2 2 8 2 2 10 2 2 2 2 2 10 2 2 2 2 10 2 2 10 2 2 8 2 2 2 2 2
left_child=-1 2 5 -4 -5 6 13 -8 10 -10 -9 12 -3 -2 19 16 -16 -18 -17 -15 23 -22 -23 24 25 -21 -25 -27 -26 -30
right_child=1 11 3 4 -6 -7 7 8 9 -11 -12 -13 -14 14 15 18 17 -19 -20 20 21 22 -24 26 28 27 -28 -29 29 -31
leaf_value=-3.7803005527294277e-05 -8.2981715335065295e-05 0.00050755306148431774 -0.00059599248871099707 0.00028786767377914654 0.00086327181367388281 -0.00048265057799368573 -0.00057249839261096919 0.0013495183618643138 0.0010099798820285622 -0.00010639488993217629 0.00033693036835474345 -0.00038128804556323843 -0.00019120783565461342 8.7301418874496649e-06 -0.00031859675110664301 0.00038359494226037358 0.00036843821472700279 -4.4212252346950738e-05 -5.2520253092050227e-06 0.00099451969785905063 -0.00074874877794783845 0.00063337926973400325 0.0010869599308902082 0.00015913264207513382 -6.4231935352412726e-05 0.00015020691646092834 -0.0003694524633676061 0.0010421533709374035 0.0012881913513499166 1.896555298499919e-05
leaf_weight=20552 3893 51 50 41 61 420 48 43 43 148 92 910 64 19542 1606 48 71 1415 45 55 84 43 186 332 468 129 474 50 60 66
leaf_count=20552 3893 51 50 41 61 420 48 43 43 148 92 910 64 19542 1606 48 71 1415 45 55 84 43 186 332 468 129 474 50 60 66
internal_value=-0.000291643 -8.15389e-05 -1.40628e-05 0.00519737 0.00970588 -4.1042e-05 -1.90161e-06 0.00342246 0.00466258 0.00206806 0.00833333 -0.00202439 0.0023913 -4.67334e-05 7.01131e-05 -0.00079278 -0.000989652 0.0001144 0.00575269 0.000198007 0.00131741 0.00442492 0.00679039 0.000722153 0.00230676 0.00632479 -0.000905708 0.00393855 0.000723905 0.00531746
internal_weight=51090 30538 29513 152 102 29361 28941 374 326 191 135 1025 115 28567 24674 3185 3092 1486 93 21489 1947 313 229 1634 828 234 806 179 594 126
internal_count=51090 30538 29513 152 102 29361 28941 374 326 191 135 1025 115 28567 24674 3185 3092 1486 93 21489 1947 313 229 1634 828 234 806 179 594 126
is_linear=0
shrinkage=0.05


Tree=84
num_leaves=31
num_cat=0
split_feature=6 5 9 13 13 15 1 15 6 1 7 4 9 11 8 10 11 10 11 14 11 9 15 10 11 15 12 15 14 14
split_gain=1.2678 1.2122 1.00246 0.951274 2.16477 4.56293 1.92342 0.999057 0.955852 0.984819 2.19541 1.38825 0.935449 2.14254 0.886997 1.08688 1.82806 3.47298 2.51504 2.22553 2.11245 3.45153 3.12805 1.80417 1.51665 1.4924 1.47412 1.4461 2.01735 2.1022
threshold=-1.1893063817708638 0.024182653436233551 0.68204200940231374 22.330000877380375 21.724999427795414 -0.0008206976726927161 -0.19228954063758294 0.03424436623808403 2.0514404477891173 0.015900590504478011 0.064386752786034687 0.062965488079723131 0.18964093792030182 0.021459813769517781 0.28783593740515995 0.0018426326691356467 -0.017638960680292966 0.00038115432096208496 -0.010713711714103289 -0.018046897283232773 -0.0092896539430100105 0.3226692645249552 -0.0072194200186154181 0.0017576081132453238 -0.018660879963565243 0.0057198691122390963 -0.02731436709478002 0.020490120982647578 -0.037511825146214865 -0.040461984062780003
decision_type=2 2 10 2 2 2 2 2 2 2 2 2 8 2 8 2 2 2 2 2 2 8 2 2 2 2 2 2 2 2
left_child=-1 2 14 4 7 -6 -5 8 -3 -10 -11 -12 -8 -14 15 16 17 24 -18 -19 21 23 -23 -20 -2 -17 -27 28 29 -28
right_child=1 3 -4 6 5 -7 12 -9 9 10 11 -13 13 -15 -16 25 18 19 20 -21 -22 22 -24 -25 -26 26 27 -29 -30 -31
leaf_value=-0.000110422354592247 1.9376751163671858e-05 3.3952813757425041e-05 0.00085346195674476264 0.0013439382880107106 0.0012389171187132063 -0.00043013547416938214 -9.09755378354298e-05 0.0012109476996824298 -6.4900984787117825e-05 0.0012644798868964441 0.0002715690845011392 0.0019396544290440653 -2.2939165258508042e-05 0.0010328281619916453 -0.00011759259603900165 -0.00010487623939311089 -0.00016137272485640806 0.00050974658824368645 -0.00014088343771113075 6.2314108546321481e-05 -1.0653587543472697e-05 7.3861974890450929e-06 0.001101204465972695 0.00047257522176943537 0.00026264400678998917 -0.00015309209423267008 6.8649693062452561e-05 -0.00015508887625106027 -3.732889900502125e-05 0.00060432113798577017
leaf_weight=2634 2916 6947 97 60 69 83 1919 82 210 47 242 45 485 65 1604 5278 1526 231 424 135 14306 119 179 40 155 1113 3616 1847 4348 234
leaf_count=2634 2916 6947 97 60 69 83 1919 82 210 47 242 45 485 65 1604 5278 1526 231 424 135 14306 119 179 40 155 1113 3616 1847 4348 234
internal_value=-0.000211142 -0.000153031 -0.000282699 0.000329626 0.000605177 0.00651316 -0.000512061 0.000486596 0.000426511 0.00244485 0.00413174 0.00249129 -0.000727016 0.00109091 -0.000295633 -0.000245017 2.24533e-06 0.00105179 -0.000215139 0.00565574 -1.92473e-05 0.00254593 0.00674497 -0.000150863 0.000503092 -0.000546363 -0.000218678 -2.7378e-05 0.000257379 0.00109091
internal_weight=51056 48422 38168 10254 7725 152 2529 7573 7491 544 334 287 2469 550 38071 36467 20031 3437 16594 366 15068 762 298 464 3071 16436 11158 10045 8198 3850
internal_count=51056 48422 38168 10254 7725 152 2529 7573 7491 544 334 287 2469 550 38071 36467 20031 3437 16594 366 15068 762 298 464 3071 16436 11158 10045 8198 3850
is_linear=0
shrinkage=0.05


Tree=85
num_leaves=31
num_cat=0
split_feature=11 13 13 10 10 16 13 3 15 15 15 10 0 16 13 11 6 13 3 16 16 8 15 15 14 1 11 10 9 9
split_gain=1.23963 1.16316 2.8365 1.45423 1.98006 2.55136 1.76676 1.57619 1.51372 1.44856 2.91871 2.21582 1.84826 1.95949 1.39459 2.96863 2.43249 2.24211 2.19972 2.52586 3.77713 3.14206 2.14772 3.80984 1.70722 1.66023 2.71995 2.25386 1.52614 1.33144
threshold=0.057592518437268987 14.494999885559084 13.554999828338625 -0.0077272822899705487 -0.0019060356907826257 -0.022769625284648817 13.525000095367433 -0.0020034534570097513 -0.0033677252785582197 0.0084858565175797169 0.0092656388334129165 0.0028970492937452357 0.0062024531344984099 0.024764037691146438 15.355000019073488 0.015830592814055747 0.82958200805433602 14.570000171661379 -0.0064057543086397098 -0.013590146399885259 -0.012944672968160984 0.0088185101163762453 -0.0054105855777618053 -0.0063584371598587311 -0.052571714153923192 0.04338144159222302 0.01314891866926249 -0.0024053740640374572 0.066101574729182336 0.1652484908176455
decision_type=2 2 2 2 2 2 2 2 2 2 2 2 2 2 2 2 2 2 2 2 2 8 2 2 2 2 2 2 10 10
left_child=1 2 3 -1 -5 29 7 9 -9 11 -11 12 -7 -14 15 17 -17 -3 22 -20 21 -21 23 -19 28 27 -27 -22 -18 -6
right_child=-2 14 -4 4 5 6 -8 8 -10 10 -12 -13 13 -15 -16 16 24 18 19 20 25 -23 -24 -25 -26 26 -28 -29 -30 -31
leaf_value=0.00017390446405443253 -0.00042942920546162986 0.00065132743883299972 -0.0001219316168889775 -0.00021931301621232912 0.00041031868669154457 6.8929635257183557e-05 0.00012923424187639182 0.0001686435221449326 -5.5855753340179436e-05 0.00051589454826863809 9.0910878168901375e-05 -0.00029467360013689294 0.0013419809751110184 -0.00035900716191329636 -1.4804903143745741e-05 -0.00018739302155017291 0.00032827487554769227 0.00013196414584673081 -0.0001914390328789287 0.00035586580626825346 0.00050270074253596232 0.0028978060678440769 0.00026860371308421691 0.0012648780220280535 0.00018995131359077829 0.00011357254563634991 0.0013974256684447896 -2.0377748375418522e-05 0.002295202514662547 0.00093802013458542497
leaf_weight=64 246 120 5468 1047 82 814 180 200 4359 84 279 329 78 58 33151 1282 56 99 466 69 129 54 280 63 228 252 113 1438 41 44
leaf_count=64 246 120 5468 1047 82 814 180 200 4359 84 279 329 78 58 33151 1282 56 99 466 69 129 54 280 63 228 252 113 1438 41 44
internal_value=-0.000239678 -0.000222575 -0.000628918 -5.25191e-06 -6.88389e-05 0.000255877 0.000116752 -2.49972e-05 -0.000503401 0.00130329 0.00409091 0.000512118 0.00173684 0.00713235 -8.2055e-05 0.000724946 -0.00101742 0.00163315 0.00136179 0.000791351 0.00154501 0.0100406 0.00461538 0.00919753 0.00284615 0.00100414 0.00404109 0.000296744 0.00840206 0.00730159
internal_weight=51173 50927 13086 7618 7554 6507 6381 6201 4559 1642 363 1279 950 136 37841 4690 1607 3083 2963 2521 2055 123 442 162 325 1932 365 1567 97 126
internal_count=51173 50927 13086 7618 7554 6507 6381 6201 4559 1642 363 1279 950 136 37841 4690 1607 3083 2963 2521 2055 123 442 162 325 1932 365 1567 97 126
is_linear=0
shrinkage=0.05


Tree=86
num_leaves=31
num_cat=0
split_feature=12 12 11 5 2 2 12 12 13 7 7 14 12 13 13 13 15 15 13 12 13 3 11 14 15 14 8 13 12 5
split_gain=1.2877 1.42869 1.05314 1.14336 0.975698 1.95037 0.935767 1.4329 3.08806 1.32391 1.60896 2.68904 1.2111 1.94847 1.64707 1.75056 2.26879 2.59476 2.3403 2.95534 2.39075 2.42037 1.60951 2.22184 3.32385 4.15216 2.28285 1.86887 2.33601 1.8653
threshold=-0.075828254732232245 -0.062212446145613214 0.057592518437268987 0.02638800940908578 -0.066433520294067058 -0.083008632408884661 -0.051373886546093366 -0.0097422430740965443 16.675000190734867 -0.071857226455665044 -0.018843558089826292 0.005094684764536229 0.048519167358985434 21.82499980926514 16.469999313354496 15.464999675750734 0.020490120982647578 0.020109878744193569 14.494999885559084 0.018300585025284647 14.570000171661379 0.013854466529352629 -0.0035220292380610525 -0.068623004427642229 0.014109823043623517 -0.05212825080923577 -0.20032853649179302 16.875000000000004 0.01493884956091618 0.01905387467882318
decision_type=2 2 2 2 2 2 2 2 2 2 2 2 2 2 2 2 2 2 2 2 2 2 2 2 2 2 10 2 2 2
left_child=4 -2 3 6 5 -1 9 8 -8 -3 11 -11 14 -14 15 16 17 18 19 -9 21 -20 23 -16 -25 -26 -27 28 -24 -28
right_child=1 2 -4 -5 -6 -7 7 12 -10 10 -12 -13 13 -15 22 -17 -18 -19 20 -21 -22 -23 27 24 25 26 29 -29 -30 -31
leaf_value=0.00010979381809295137 -0.00038993067347501233 -0.00017625409331629207 -0.00040611820059585049 4.0938500839644605e-05 -9.8779842204239329e-05 0.0009756060635452273 7.9369044245231914e-05 -0.00021897274163345777 -0.00011666036144784055 0.00028764770936388299 -3.6269430089227695e-05 7.9351396567045878e-05 -9.8232055506660307e-05 0.00026468396503000696 -0.00012444607959417539 -0.00013378213357478449 -0.00030786881999231124 0.00053813218393665093 2.8644889964798093e-05 -7.0601930361904735e-06 6.8375229252763889e-05 0.0010772029009153779 0.00044120840472777127 9.9527708641965011e-05 0.00099484700385544622 -0.0009296800543820967 0.00025378625033474017 -4.5962299637998514e-05 2.8757859960694529e-05 0.0010082207495605688
leaf_weight=517 757 104 245 7394 172 41 1159 1856 5463 86 202 209 5515 180 675 4298 617 58 68 7443 4019 42 322 3163 54 57 167 5133 924 51
leaf_count=517 757 104 245 7394 172 41 1159 1856 5463 86 202 209 5515 180 675 4298 617 58 68 7443 4019 42 322 3163 54 57 167 5133 924 51
internal_value=-0.000304074 -0.000334356 -0.000301391 -0.000285127 0.00178082 0.0027957 -0.000386362 -0.000414891 -0.0010888 0.00157238 0.00264587 0.005 -0.00028607 -0.000952591 -0.00015494 -0.000440466 -0.000171241 -3.55937e-05 -8.11749e-05 -0.000521025 0.00090942 0.00818182 0.000343257 0.00110751 0.00161512 0.00639818 0.00390909 -0.000155982 0.00158106 0.00623853
internal_weight=50991 50261 49504 49259 730 558 41865 41264 6622 601 497 295 34642 5695 28947 18401 14103 13486 13428 9299 4129 110 10546 4167 3492 329 275 6379 1246 218
internal_count=50991 50261 49504 49259 730 558 41865 41264 6622 601 497 295 34642 5695 28947 18401 14103 13486 13428 9299 4129 110 10546 4167 3492 329 275 6379 1246 218
is_linear=0
shrinkage=0.05


Tree=87
num_leaves=31
num_cat=0
split_feature=12 12 10 15 11 10 1 15 9 0 11 11 10 10 8 9 11 12 9 1 0 8 11 12 13 11 9 0 13 1
split_gain=1.56597 1.48169 1.06541 1.41854 1.21167 1.7598 1.47338 1.67347 1.49223 1.16422 1.11632 3.43805 1.3257 4.31951 2.00564 1.79347 1.32787 1.03975 1.53372 2.00272 0.989973 0.923869 0.900758 0.893182 1.80615 1.95899 1.98038 1.80045 1.68301 1.65125
threshold=-0.075828254732232245 -0.062212446145613214 0.013844787315234976 0.037814814954919125 -0.0044146840191625061 0.017875641087257036 -0.030486715958218721 0.030837406373151802 0.020901337441437965 0.0074061283811366349 0.044463643697869822 0.041951569626952907 0.012020703086552011 0.01216187619022502 -0.01415900097774647 -0.26130141554395286 0.034590351886677258 -0.019407610004685213 0.036898909838241851 0.02412092611399708 -0.068788924632018675 0.16240903201132764 0.037714615631601174 -0.011339314302442725 25.960000038146976 -0.022672230022230119 0.011818211007924352 -0.0055452600731264448 15.97499990463257 0.0076331689500246389
decision_type=2 2 2 2 2 2 2 2 8 2 2 2 2 2 10 10 2 2 8 2 2 10 2 2 2 2 10 2 2 2
left_child=20 -2 3 10 -4 9 8 17 -7 -6 11 12 22 14 -14 -16 21 -8 19 -19 -1 -15 23 24 28 26 27 -26 29 -3
right_child=1 2 4 -5 5 6 7 -9 -10 -11 -12 -13 13 16 15 -17 -18 18 -20 -21 -22 -23 -24 -25 25 -27 -28 -29 -30 -31
leaf_value=0.00092050946486032278 -0.00035387723390886141 0.00023753605574525213 -0.00038420884530886455 0.0011413244472610799 8.964337848783757e-05 5.7751146729887893e-05 -0.00041635195332513793 -0.00021694801065907487 0.00078216259383011733 -0.00028729083359921472 -0.00022006885607409304 0.00070871452906649519 6.5434757296887008e-05 -5.2939221399894324e-05 0.00045224584669288458 0.001004914491887898 0.00061549961391462469 0.00023998634939819991 6.531019101634579e-05 0.00063582508408491396 0.00010325225740684299 0.0010100099082750295 -0.00029435326373419227 -8.2599583733146475e-06 0.00036417748060709067 -9.1414405660322773e-05 -0.00021172399510735853 0.00063945783550668517 -8.8403349728734119e-05 -9.6720802163740769e-05
leaf_weight=46 756 297 495 66 266 54 58 313 42 928 1228 64 40 571 43 40 61 44 185 46 694 43 382 37062 116 298 82 111 6443 300
leaf_count=46 756 297 495 66 266 54 58 313 42 928 1228 64 40 571 43 40 61 44 185 46 694 43 382 37062 116 298 82 111 6443 300
internal_value=-0.000256381 -0.000289885 -0.000256453 -0.000203929 -0.00127725 -0.000712811 0.00119946 0.000340556 0.00697917 -0.00190117 -0.000214176 -0.000174419 -0.00019057 0.00182957 0.0104472 0.0148795 0.000259258 0.00280781 0.00409091 0.00944444 0.00202703 -0.000439741 -0.000226321 -0.000205664 -0.00069766 0.00191927 0.00470874 0.00711454 -0.000923297 0.00161641
internal_weight=51174 50434 49678 47247 2431 1936 742 646 96 1194 47181 45953 45889 798 123 83 675 333 275 90 740 614 45091 44709 7647 607 309 227 7040 597
internal_count=51174 50434 49678 47247 2431 1936 742 646 96 1194 47181 45953 45889 798 123 83 675 333 275 90 740 614 45091 44709 7647 607 309 227 7040 597
is_linear=0
shrinkage=0.05


Tree=88
num_leaves=31
num_cat=0
split_feature=5 13 13 13 13 9 5 8 15 15 15 14 13 12 12 15 12 14 11 15 12 12 16 13 13 11 11 4 0 3
split_gain=1.22848 1.02048 0.992826 0.999089 1.10165 1.25906 0.935976 0.958611 1.21907 2.67811 1.97756 2.31938 1.82806 1.74758 1.66201 1.59458 5.34693 2.78649 1.66327 1.61016 1.52973 2.4173 4.37718 2.97541 4.24617 2.0538 2.32726 2 1.69245 1.61355
threshold=0.025817211633229503 49.655000686645515 28.970000267028812 14.734999656677248 12.555000305175783 0.41287475892825226 0.0083471692724820263 0.41804097089632125 -0.00063847277220191445 -0.0014198002034864208 0.00095514729091672479 -0.043135883928100298 23.409999847412113 0.048152428754814187 -0.042339714563459634 0.0023424232082785994 -0.034828232656023965 0.026259504689798433 0.017946069561085468 0.0014532466989143347 0.027544140346580596 0.031326678595768549 -0.00076033019236748645 13.305000305175783 20.610000610351566 0.011995424510659937 0.0090657460238019478 0.020604416637001938 0.0050323014817801335 0.0024974618193577274
decision_type=2 2 2 2 2 8 2 8 2 2 2 2 2 2 2 2 2 2 2 2 2 2 2 2 2 2 2 2 2 2
left_child=6 2 3 4 5 -2 -1 8 9 13 11 -10 -11 20 -13 16 -12 18 19 -18 -8 22 -22 -24 27 26 29 -25 -29 -23
right_child=1 -3 -4 -5 -6 -7 7 -9 10 12 15 14 -14 -15 -16 -17 17 -19 -20 -21 21 25 23 24 -26 -27 -28 28 -30 -31
leaf_value=-0.00011258571228365226 0.00079199338774733538 0.0012044721338898103 -0.00019722236041625353 0.0001072728722410731 -0.00024529533474125373 -9.9977674881323537e-05 -1.2423548269169641e-05 -0.00011772006957000354 0.00015570517764721198 0.00024176231236163671 0.00056043990561385271 0.0003411485870911256 -0.0002174976008661268 -0.00015274942384699581 -0.00025217024668374539 -3.7815617180376429e-05 -0.00013324487996807595 0.00034135259604473544 -0.00023269821996128653 7.0484066716915898e-05 -0.00011036754779994809 -6.8236804874695784e-05 -0.00029094593524565672 0.00013756516986423233 -0.00048933170081312625 -0.00026484518311028918 0.00037834365381809879 0.00081452672212309471 0.00068122174242453654 0.00020342362781492217
leaf_weight=805 69 42 636 6935 1034 62 9755 1611 214 719 117 59 99 1478 2227 18999 537 346 517 1441 251 1093 99 104 59 641 318 180 54 419
leaf_count=805 69 42 636 6935 1034 62 9755 1611 214 719 117 59 99 1478 2227 18999 537 346 517 1441 251 1093 99 104 59 641 318 180 54 419
internal_value=-0.00021799 0.000320117 0.000282737 0.000432098 -0.000922748 0.00339695 -0.000330076 -0.000297193 -0.000248705 0.000101839 -0.000467556 -0.0018 0.00288508 -5.57067e-05 -0.00226597 -0.000315846 0.000764029 0.000332628 -0.000250502 0.000409503 0.000129884 0.0010752 0.0035676 0.00629032 0.00822418 0.000321731 0.00117486 0.0103846 0.0129487 0.000357142
internal_weight=50920 8778 8736 8100 1165 131 42142 41337 39726 15269 24457 2500 818 14451 2286 21957 2958 2841 2495 1978 12973 3218 747 496 397 2471 1830 338 234 1512
internal_count=50920 8778 8736 8100 1165 131 42142 41337 39726 15269 24457 2500 818 14451 2286 21957 2958 2841 2495 1978 12973 3218 747 496 397 2471 1830 338 234 1512
is_linear=0
shrinkage=0.05


Tree=89
num_leaves=31
num_cat=0
split_feature=5 13 7 13 13 15 3 12 14 16 14 8 6 16 16 12 13 5 12 7 12 6 2 14 9 16 15 16 13 6
split_gain=1.37948 0.98225 0.965801 1.15965 2.38765 5.36351 3.33169 1.89827 2.14531 2.13007 1.80975 2.11585 1.32821 1.29623 5.97979 5.36036 2.60429 2.86826 2.33059 1.91107 1.63919 2.08694 1.78074 1.58129 1.49616 1.42583 1.38498 2.02528 1.92211 2.16872
threshold=0.009181871471796537 19.72500038146973 -0.025859175907916251 22.330000877380375 21.82499980926514 -0.0008206976726927161 0.0058647057765227615 0.048519167358985434 0.16537685982304043 -0.0046263797988450031 -0.040461984062780003 -0.035717562660552753 0.44126124308593789 -0.0002568790362216799 -0.0021006376853651694 0.01743897700487718 15.085000038146974 0.011932347848277267 0.0037861814309102519 0.011891230472064753 0.04279380650356613 -0.27701212874446152 0.08375502262063407 0.13367786858228273 0.22038717764070961 0.011670042110842218 0.0079546058042078167 0.016896151919242101 13.444999694824221 1.0902745447209099
decision_type=2 2 2 2 2 2 2 2 2 2 2 8 2 2 2 2 2 2 2 2 2 2 2 2 8 2 2 2 2 2
left_child=1 -1 -2 4 7 6 -6 8 13 -9 11 -11 -12 14 20 18 17 19 -16 -17 -4 22 -22 25 -19 -15 -27 -28 -29 -30
right_child=2 -3 3 -5 5 -7 -8 9 -10 10 12 -13 -14 23 15 16 -18 24 -20 -21 21 -23 -24 -25 -26 26 27 28 29 -31
leaf_value=-9.4031018508540195e-05 -4.3616582499725033e-05 9.3771082255082283e-05 4.3196525398011308e-06 -9.4801894119441994e-05 0.00033123784147451297 -0.0002641885178955099 0.0011893105751253326 -0.00031517096240914644 0.00051554673970238016 0.00062385764196642589 -0.00011223908058407321 0.00012925344941526725 7.089892534063403e-05 -7.8927293230665876e-05 0.00064952468088220756 0.00021058443062339739 -0.00013686669202587717 0.00029800487483632143 0.0014373392110371397 0.00027061527472397207 8.9764301022732053e-05 -2.0300317240313167e-05 0.0010977618428128768 0.00025256694841145491 -0.00011100822682114224 -3.5391148361036761e-05 0.00024322385565294529 0.00018950603752296896 -3.6243249708317126e-05 0.00049991321443304646
leaf_weight=1711 12456 123 8637 2605 147 122 40 737 225 43 2856 785 1261 5543 45 41 250 144 102 54 108 195 70 144 142 7460 825 560 3218 609
leaf_count=1711 12456 123 8637 2605 147 122 40 737 225 43 2856 785 1261 5543 45 41 250 144 102 54 108 195 70 144 142 7460 825 560 3218 609
internal_value=-0.000245621 -0.00159215 -0.000195655 -6.73567e-05 9.74767e-06 0.00438511 0.00970588 -2.99536e-05 0.000137106 -0.000864134 -0.000490396 0.00164251 -0.00091936 9.82331e-05 0.000562933 0.00476864 0.00276545 0.00536745 0.0133673 0.0128947 0.000199777 0.00344504 0.00735955 -0.000149519 0.00286713 -0.000190778 0.000101798 0.000727167 0.000299748 -0.000100602
internal_weight=51258 1834 49424 36968 34363 309 187 34054 28372 5682 4945 828 4117 28147 9788 778 631 381 147 95 9010 373 178 18359 286 18215 12672 5212 4387 3827
internal_count=51258 1834 49424 36968 34363 309 187 34054 28372 5682 4945 828 4117 28147 9788 778 631 381 147 95 9010 373 178 18359 286 18215 12672 5212 4387 3827
is_linear=0
shrinkage=0.05


Tree=90
num_leaves=31
num_cat=0
split_feature=10 15 11 10 10 16 11 3 9 6 1 10 3 14 9 16 3 16 11 2 3 9 13 13 16 16 13 11 16 15
split_gain=1.02187 2.10851 1.47494 1.1269 1.01376 5.80279 1.1465 1.8253 1.35615 1.01587 1.29012 1.15156 1.02075 1.28957 1.44298 1.79578 0.978398 1.89769 2.67101 1.31051 1.07472 1.38029 0.980556 1.14085 0.973057 1.14226 2.46418 1.21072 1.11516 1.86008
threshold=0.013844787315234976 0.037814814954919125 0.050492682028646547 0.017875641087257036 0.012020703086552011 -0.02064014268341002 0.014319949991421945 0.0068479615724700302 -0.097082049620597896 -0.14517838257263513 -0.027323176111350263 0.010655373456526786 0.0096429494851378878 -0.093449770795740669 0.011818211007924352 0.01042273614057543 -0.0027471765151436674 -0.047561302748266469 -0.022024013564940267 -0.079309793446725882 0.00061999335848306203 -0.13421252543943871 19.98499965667725 18.365000724792484 0.079611158282187469 0.054779551976547831 25.505000114440922 0.025024628746897374 0.026496857374730069 0.003271892900665097
decision_type=2 2 2 2 2 2 2 2 10 2 2 2 2 2 8 2 2 2 2 2 2 10 2 2 2 2 2 2 2 2
left_child=1 2 4 -2 9 -6 7 -7 -9 11 16 12 13 14 15 -1 -11 18 19 -18 21 22 23 -19 25 27 -27 28 -15 -30
right_child=3 -3 -4 -5 5 6 -8 8 -10 10 -12 -13 -14 24 -16 -17 17 20 -20 -21 -22 -23 -24 -25 -26 26 -28 -29 29 -31
leaf_value=7.6712578188505639e-05 -0.00018862875723458183 0.0011640565981786046 -0.00033238181957807313 -1.1546271192715009e-06 0.00075329788382230115 -3.6373137042693266e-05 -7.0773025734027954e-05 0.00084871416048705114 0.00014361109672101445 -0.00011647052329070091 3.2863538989243957e-05 -0.00025458812987671722 4.4618057408120858e-05 -4.2981115008213477e-05 -8.2987909680511501e-06 0.00059351852914292351 0.00052704621348130466 0.00033117423330865478 0.00069205469324006203 -6.5973080520753639e-05 -9.1454693540636402e-05 -8.3994895792049868e-05 -0.00031033963186175744 0.0010652837976445676 -0.00038572766894741638 9.1868987962688434e-05 0.00059082939914451666 -0.00012926976531212373 0.00013565068975401773 -4.9568864903446955e-05
leaf_weight=168 1491 60 502 1113 57 193 444 65 109 2893 15633 587 2597 17150 304 78 155 173 70 167 1629 399 44 42 201 590 49 1411 1142 1563
leaf_count=168 1491 60 502 1113 57 193 444 65 109 2893 15633 587 2597 17150 304 78 155 173 70 167 1629 399 44 42 201 590 49 1411 1142 1563
internal_value=-0.000252453 -0.00020062 -0.000212229 -0.00121736 -0.00018398 0.00150922 0.0004254 0.00249319 0.0062069 -0.000215221 4.12627e-05 -0.000425698 -0.000374808 -0.000482434 0.00190909 0.0047561 -0.00061199 7.65199e-05 0.00329082 0.00136646 -0.000474422 0.001231 0.00407336 0.00546512 -0.000541936 -0.000510159 0.00157277 -0.000572746 -0.000472174 0.000471348
internal_weight=51079 48475 48415 2604 47913 868 811 367 174 47045 21205 25840 25253 22656 550 246 5572 2679 392 322 2287 658 259 215 22106 21905 639 21266 19855 2705
internal_count=51079 48475 48415 2604 47913 868 811 367 174 47045 21205 25840 25253 22656 550 246 5572 2679 392 322 2287 658 259 215 22106 21905 639 21266 19855 2705
is_linear=0
shrinkage=0.05


Tree=91
num_leaves=31
num_cat=0
split_feature=12 5 1 8 8 2 9 11 12 13 9 12 11 13 9 2 9 14 16 13 13 13 2 12 12 12 2 16 8 16
split_gain=1.1086 0.950939 1.27106 1.38775 1.01597 2.64561 0.950699 0.928864 1.3249 1.20648 2.27955 1.24871 1.16869 1.1568 1.12993 1.1589 1.12312 1.0657 1.04765 1.56081 1.72452 1.43555 2.29689 1.43111 1.87677 1.21614 1.69851 1.9637 1.21734 1.71842
threshold=0.10123019596275297 0.021734179610952632 -0.031791752915630737 -0.21902667978580079 0.056800020440145212 0.15415568732972787 0.11917930415773105 0.023858934510878397 -0.011339314302442725 16.425000190734867 0.20294254645190071 -0.075828254732232245 0.030023706466371539 16.510000228881839 0.25758725123550469 -0.014564369420253518 -0.28562101715422616 -0.10816573528732347 -0.025118475884653765 19.440000534057621 18.719999313354496 17.875000000000004 -0.0090782008738599079 0.028818741117549677 0.02953543879256915 0.016981710951886612 0.047540854242188686 0.036850188449187644 0.073767644509762823 0.0042161092676532572
decision_type=2 2 2 8 8 2 10 2 2 2 8 2 2 2 8 2 8 2 2 2 2 2 2 2 2 2 2 2 8 2
left_child=1 2 3 -1 5 6 -4 8 9 10 -3 -11 -9 16 -13 -16 -10 -17 19 20 21 22 -15 25 -25 26 27 28 -20 -30
right_child=-2 7 4 -5 -6 -7 -8 12 13 11 -12 14 -14 18 15 17 -18 -19 23 -21 -22 -23 -24 24 -26 -27 -28 -29 29 -31
leaf_value=0.0007053173430670186 -0.00023166833304138752 0.00078382696901230199 -8.2780540271866121e-06 -7.1180572536562071e-05 -3.93274988742801e-05 0.00053360296612598205 6.1929705290632859e-05 -0.00036613848431572968 0.0014303990443975127 0.00010854800263858941 -0.00016220228143191211 -0.00022640895264229436 -2.809898498279205e-05 0.0011209390293690489 0.00030298734398011176 0.00076719258974675348 -1.8503540372473597e-05 -0.00015828235347107813 9.5443138378234639e-05 2.0333854856467264e-05 0.00090094762682064577 -0.00019365291160315792 5.409778792815353e-05 0.0010367727262215246 0.00028504944610450246 -0.00036661269951545868 -0.00015655416392980036 0.00048055388143400119 0.00063186986726331809 0.00014685786364667362
leaf_weight=42 759 66 15209 6175 11558 43 3109 557 77 459 101 2032 1601 80 361 58 3856 474 902 291 85 126 81 74 1462 518 703 74 41 46
leaf_count=42 759 66 15209 6175 11558 43 3109 557 77 459 101 2032 1601 80 361 58 3856 474 902 291 85 126 81 74 1462 518 703 74 41 46
internal_value=-0.000204823 -0.000176182 -0.000312155 -0.000962684 -0.000176979 5.41898e-05 2.51107e-05 0.00017168 0.000343861 -0.000466067 0.00368263 -0.000670805 -0.000783134 0.000685598 -0.00105128 0.00043113 5.97496e-05 -0.00105263 0.00123466 0.00306938 0.00521505 0.00336237 0.00649068 0.000916229 0.00209635 0.000122591 0.000747451 0.00200847 0.00142063 0.00706896
internal_weight=51020 50261 36136 6217 29919 18361 18318 14125 11967 3551 167 3384 2158 8416 2925 893 3933 532 4483 663 372 287 161 3820 1536 2284 1766 1063 989 87
internal_count=51020 50261 36136 6217 29919 18361 18318 14125 11967 3551 167 3384 2158 8416 2925 893 3933 532 4483 663 372 287 161 3820 1536 2284 1766 1063 989 87
is_linear=0
shrinkage=0.05


Tree=92
num_leaves=31
num_cat=0
split_feature=4 12 16 12 13 10 10 14 6 3 13 13 12 8 16 12 10 6 12 13 10 3 11 12 16 11 13 11 9 14
split_gain=1.36944 1.02276 1.0269 1.06659 5.38253 1.38709 1.68021 2.11424 1.77704 2.50698 1.11909 1.92843 1.93585 2.13582 1.92608 2.51783 2.35189 1.99111 1.57059 1.52526 1.74064 1.41277 1.61391 1.59863 1.33478 3.29234 1.83472 1.58278 1.90719 1.54289
threshold=0.01508540071235138 0.10123019596275297 0.0943569582100965 0.073733848686565309 21.82499980926514 -0.003907886329562015 0.0012069749261046649 -0.037511825146214865 0.26075851696655461 0.0019250549437890287 13.444999694824221 14.494999885559084 0.058395912438342197 0.01764887411083527 0.0053365077246346768 0.018300585025284647 -0.0084264989475150136 0.22337436171798322 0.031500787286736449 14.570000171661379 0.012396471332785432 0.013497522746372949 0.013609054079026685 0.030878633072902176 0.027642500576490429 0.013370913918319573 13.305000305175783 0.0086648703507659092 -0.086866875379879124 -0.043135883928100298
decision_type=2 2 2 2 2 2 2 2 2 2 2 2 2 10 2 2 2 2 2 2 2 2 2 2 2 2 2 2 10 2
left_child=-1 2 3 10 5 -5 8 -8 -7 -10 24 12 14 -14 15 -12 17 -17 21 20 -13 23 -23 -16 25 27 -26 29 -29 -2
right_child=1 -3 -4 4 -6 6 7 -9 9 -11 11 19 13 -15 18 16 -18 -19 -20 -21 -22 22 -24 -25 26 -27 -28 28 -30 -31
leaf_value=-7.4467436649722717e-05 0.00025719548038787829 -0.00020951239386612997 -0.00040674891348646005 -0.00048900921242932781 0.0010615551884191781 5.914749627970118e-05 0.0005098583010763833 -0.00021172406690478097 0.0025877734582894388 0.00058118465608386139 -0.00022145291735541593 0.00057089271237113466 0.00065479861498187765 8.3990690934423472e-05 -0.00020418236683055196 0.00020957677407051927 1.8663482992912038e-06 0.00078999449792462777 -0.00045928453631177685 -1.5026067461328697e-05 -0.00014993674646686056 0.00042487757659452516 -5.3877612732466673e-05 0.00034975889537902177 9.3634427785268002e-05 -0.00030959890203372296 0.00049207343098059745 -0.0002356499963940249 0.0001828850808077029 -4.7272301422111979e-05
leaf_weight=2011 385 720 184 180 64 252 244 655 90 86 950 118 47 139 1266 112 1776 63 1217 34740 120 91 110 57 1781 903 50 162 783 1681
leaf_count=2011 385 720 184 180 64 252 244 655 90 86 950 118 47 139 1266 112 1776 63 1217 34740 120 91 110 57 1781 903 50 162 783 1681
internal_value=-0.000265201 -0.000212745 -0.000184864 -0.000170609 0.00111076 0.00050763 0.00106631 -0.000161292 0.00364486 0.0075 -0.000213853 -0.000305839 -0.00114791 0.00387097 -0.00131337 -0.000415375 0.000612505 0.00614286 -0.00226377 -0.000165534 0.00382353 -0.00119423 0.00271144 -0.00178761 0.000439511 -8.1759e-05 0.00155379 0.000712387 0.00240741 -6.29247e-05
internal_weight=51037 49026 48306 48122 1571 1507 1327 899 428 176 46551 40806 5828 186 5642 2901 1951 175 2741 34978 238 1524 201 1323 5745 3914 1831 3011 945 2066
internal_count=51037 49026 48306 48122 1571 1507 1327 899 428 176 46551 40806 5828 186 5642 2901 1951 175 2741 34978 238 1524 201 1323 5745 3914 1831 3011 945 2066
is_linear=0
shrinkage=0.05


Tree=93
num_leaves=31
num_cat=0
split_feature=16 16 11 6 13 13 3 11 6 10 13 11 16 13 3 9 13 1 3 4 13 10 8 16 6 6 13 13 12 13
split_gain=1.39475 2.33226 2.04171 1.65117 1.43869 1.71908 1.45381 1.40087 1.37504 1.53281 1.45971 1.3475 2.67708 2.99101 7.35996 1.08746 2.38445 1.02188 1.01371 1.0125 1.01233 1.22651 1.01484 1.60612 1.28314 1.2 1.00299 4.35732 1.43169 1.43194
threshold=0.034526607676413919 0.037841469375998978 0.026483483019392965 -0.58125731026032568 12.994999885559084 14.835000038146974 -0.013745111950904386 0.01613839302739695 -0.18417679314858151 -0.0029934050487852577 17.369999885559086 0.019998315354098021 0.032039212360379883 16.035000801086429 -0.0026522492113512093 -0.077533585755599307 13.554999828338625 0.028138159390982524 0.011653785476128499 0.022723913886300569 17.224999427795414 0.018838458170826636 -0.078871170714641045 0.050019224243354816 0.70138078674504978 0.061216372346973406 16.510000228881839 16.614999771118168 -0.025044088341744538 15.355000019073488
decision_type=2 2 2 2 2 2 2 2 2 2 2 2 2 2 2 10 2 2 2 2 2 2 10 2 2 2 2 2 2 2
left_child=2 -2 11 -4 7 -6 8 -3 10 -10 -7 12 17 14 -14 16 19 26 -15 -13 21 -8 23 24 25 -22 28 -28 -1 -30
right_child=1 4 3 -5 5 6 20 -9 9 -11 -12 15 13 18 -16 -17 -18 -19 -20 -21 22 -23 -24 -25 -26 -27 27 -29 29 -31
leaf_value=0.00019634034811980873 -0.00026246080628435922 -0.00049402783607113178 0.00059864330454957582 0.00020013375402113976 -0.00021263653003654378 -2.7951952501272846e-05 2.2578608760653547e-05 0.0002730434868453861 0.0029668851542113245 -0.00029078198788763345 0.0012762677561973885 0.0001068469598515911 0.0015400327472793538 -7.0332695349607121e-05 0.00012765347085591796 -0.000218724389332697 -8.0139801493683867e-05 3.7928730969523944e-05 0.00018595909356431631 0.00062090290538133793 0.00021642530075013925 0.00051202584568740882 -0.00014810025345451909 -0.0001177816144588715 -6.1078442539385115e-05 0.00045466261413179706 0.00033820936754901603 -8.2851405092788517e-06 -2.3229992381993259e-05 -0.00014166092449034823
leaf_weight=442 1467 118 40 203 1509 43 1787 608 54 179 81 40 68 322 176 1005 631 7971 50 40 105 60 2532 399 53 42 418 16804 9892 3950
leaf_count=442 1467 118 40 203 1509 43 1787 608 54 179 81 40 68 322 176 1005 631 7971 50 40 105 60 2532 399 53 42 418 16804 9892 3950
internal_value=-0.000225979 -0.000789533 -0.000104871 0.00446502 -0.000435932 -0.000660434 -0.000238989 0.00168044 0.00284314 0.000579398 0.00709677 -0.000131432 -7.27072e-05 0.00319805 0.0075 -0.0015035 -7.03354e-06 -0.000123744 0.000376343 0.008125 -0.000460025 0.000468326 -0.00100767 0.000843071 0.0045 0.00690476 -0.000251699 5.22468e-06 -0.000561469 -0.000650919
internal_weight=51089 9037 42052 243 7570 6844 5335 726 357 233 124 41809 40093 616 244 1716 711 39477 372 80 4978 1847 3131 599 200 147 31506 17222 14284 13842
internal_count=51089 9037 42052 243 7570 6844 5335 726 357 233 124 41809 40093 616 244 1716 711 39477 372 80 4978 1847 3131 599 200 147 31506 17222 14284 13842
is_linear=0
shrinkage=0.05


Tree=94
num_leaves=31
num_cat=0
split_feature=6 10 14 14 10 15 9 10 8 11 10 13 11 10 9 3 14 11 9 9 11 8 6 1 13 10 6 14 13 14
split_gain=1.04489 0.9221 1.11479 4.42642 2.84895 3.28056 1.98368 1.44838 1.26041 1.24472 2.11619 4.75273 1.88329 2.11492 1.77545 1.60689 1.31958 2.96877 1.58007 1.3768 1.5269 1.40057 1.50778 1.30116 1.24861 1.2328 1.67387 1.50605 2.95237 2.79798
threshold=-1.1893063817708638 0.013844787315234976 -0.037511825146214865 -0.039568606403770572 0.0014914838547043232 0.0075233355459652937 0.12926062922860118 -0.0017364567283589814 -0.025282489779000491 0.016424334506672137 0.012020703086552011 20.375000000000004 0.016901254843129102 0.0040309236924269696 0.036898909838241851 0.0075173487796379454 -0.05546753287916955 0.003505922146060048 -0.22809651525350957 -0.021253028866974496 -0.030384462612199011 -0.053418269551742552 2.6884077121028542 0.041861518212808597 18.94999980926514 0.0018426326691356467 3.3361115826315992 0.00619378828642947 17.250000000000004 0.01016731697942619
decision_type=2 2 2 2 2 2 8 2 10 2 2 2 2 2 8 2 2 2 8 8 2 10 2 2 2 2 2 2 2 2
left_child=-1 2 3 7 6 -6 -5 -2 -8 10 16 23 15 14 -14 -11 18 19 24 -18 -21 -22 -23 -12 -9 -4 27 28 -27 -29
right_child=1 -3 25 4 5 -7 8 9 -10 12 11 -13 13 -15 -16 -17 17 -19 -20 20 21 22 -24 -25 -26 26 -28 29 -30 -31
leaf_value=-9.3272183908206491e-05 -0.00030771178690955071 -9.1756450483499388e-05 -6.5179236795616819e-06 0.00022192105035912974 -0.0001950033697196576 0.00058014045526229177 0.00074252515437083118 0.00076787710622300764 0.00063119108909592044 0.00023972095890404741 -2.4622190059923223e-05 0.00072487138749464952 0.0014973083875595861 -4.0978534713977358e-06 0.00020238696273179092 0.00036645979443411487 -7.0392303991810362e-05 -0.00013476921800698678 -0.00010660516039101892 -0.0011189744034635612 0.00055228032422974293 0.00015384585793959765 0.0021480458478357208 0.00037774866442475904 -5.6747883530035542e-05 -0.00016125602123533229 0.0013280684826392983 0.00027141418520226063 3.7721153249215903e-05 -5.4747253289401663e-05
leaf_weight=2628 350 2526 24973 74 256 331 44 102 115 178 280 58 41 1450 198 56 205 1430 4089 54 149 719 45 93 125 5744 183 411 1938 2330
leaf_count=2628 350 2526 24973 74 256 331 44 102 115 178 280 58 41 1450 198 56 205 1430 4089 54 149 719 45 93 125 5744 183 411 1938 2330
internal_value=-0.000242796 -0.000190229 -0.000139177 0.000315073 0.00384146 0.00198467 0.00851931 1.45488e-05 0.0116667 0.000133735 -0.000162608 0.00323666 0.00126625 0.000683835 0.00504184 0.00547008 -0.000374387 0.000514987 -0.000910567 0.00238054 0.0031696 0.00365279 0.00278796 0.00116622 0.00314978 -0.000272493 -0.00072412 -0.00080735 -0.00116636 0.000198831
internal_weight=51175 48547 46021 10442 820 587 233 9622 159 9272 7349 431 1923 1689 239 234 6918 2602 4316 1172 967 913 764 373 227 35579 10606 10423 7682 2741
internal_count=51175 48547 46021 10442 820 587 233 9622 159 9272 7349 431 1923 1689 239 234 6918 2602 4316 1172 967 913 764 373 227 35579 10606 10423 7682 2741
is_linear=0
shrinkage=0.05


Tree=95
num_leaves=31
num_cat=0
split_feature=11 14 11 15 6 8 3 16 0 2 14 14 4 8 5 13 12 12 0 11 5 13 13 2 2 13 16 16 14 13
split_gain=1.18753 3.22478 1.18239 1.28442 1.0983 1.06324 1.18989 2.16849 1.40043 1.51966 1.0362 1.83914 1.19362 0.901112 1.2674 1.74619 1.62206 2.59834 1.57646 1.51896 1.20739 1.12277 1.86601 1.35192 1.08737 2.3468 1.29124 1.66014 1.1859 1.63703
threshold=0.037714615631601174 0.066380812843571571 0.034590351886677258 0.0037384371506522522 3.0481124421983843 0.14110223898656418 -1.0000000180025095e-35 0.059699500075510066 0.0091213063718855753 0.03148908096268322 -0.069744182185856193 -0.10816573528732347 0.058057722424803941 0.056800020440145212 0.012979820564976759 12.230000019073488 0.04031241424141075 0.040854121966551922 -0.0046295292236573906 0.010282016734253887 0.060263231944686017 12.644999980926515 12.84500026702881 0.1648292695265077 0.040785890364666295 16.935000419616703 0.026496857374730069 0.029229359819895277 -0.023857248245640224 16.550000190734867
decision_type=2 2 2 2 2 10 2 2 2 2 2 2 2 8 2 2 2 2 2 2 2 2 2 2 2 2 2 2 2 2
left_child=2 4 13 -4 10 6 7 -5 -8 -10 11 -2 -13 20 15 -15 24 18 -18 -20 -1 -19 23 -23 25 26 28 -28 -16 -30
right_child=1 -3 3 5 -6 -7 8 -9 9 -11 -12 12 -14 14 16 -17 17 21 19 -21 -22 22 -24 -25 -26 -27 27 -29 29 -31
leaf_value=-3.0897633886988833e-06 -0.00028718717929561758 0.00075272837986348716 -6.3625523968001258e-05 0.0019847679102938595 0.0017345816217784406 -0.00012310552609579015 -4.6779457812529525e-05 0.00025220103564131197 -1.3543408358487854e-05 0.0015729472399175699 -0.00026881008300078942 0.0001137806630118901 0.00105469479124133 0.00017591955448663322 0.0005310903529963829 -8.48327297775233e-05 -1.5650720414653037e-05 -0.00019234479807770006 0.0011451861665809412 0.0003196102111412036 0.0020212853929511775 0.00052981971605141776 3.9955215303952638e-05 0.00011251493027942345 -0.00011568632088727635 -0.00010034199013866487 0.00096528957065073753 0.00033641009835099362 -0.00010056754600875774 0.00099817460671740581
leaf_weight=30718 180 60 241 46 46 61 51 64 44 49 1578 128 47 70 219 3221 76 478 56 73 46 54 3865 49 7638 1210 41 206 418 43
leaf_count=30718 180 60 241 46 46 61 51 64 44 49 1578 128 47 70 219 3221 76 478 56 73 46 54 3865 49 7638 1210 41 206 418 43
internal_value=-0.00023749 -0.00141981 -0.000188328 0.00210432 -0.00176604 0.00420635 0.00562992 0.00954545 0.00263889 0.00629032 -0.00194775 0.000492957 0.00414286 -0.000214621 -0.000498675 -0.00138408 -0.000296688 0.00047194 0.00597561 0.00934108 -5.10349e-05 0.000218172 0.00049395 0.00713592 -0.000662405 0.00033458 0.00222761 0.00532389 0.00110294 -0.000336227
internal_weight=51076 2039 49037 556 1979 315 254 110 144 93 1933 355 175 48481 17717 3291 14426 4651 205 129 30764 4446 3968 103 9775 2137 927 247 680 461
internal_count=51076 2039 49037 556 1979 315 254 110 144 93 1933 355 175 48481 17717 3291 14426 4651 205 129 30764 4446 3968 103 9775 2137 927 247 680 461
is_linear=0
shrinkage=0.05


Tree=96
num_leaves=31
num_cat=0
split_feature=4 13 9 15 10 9 12 13 14 8 10 14 10 14 15 14 5 7 1 13 12 13 13 1 7 15 8 13 5 13
split_gain=0.85532 0.891153 0.879487 0.83395 3.16122 1.52649 1.37667 2.50984 1.31576 1.24805 1.22598 1.75718 1.38208 1.5857 1.14112 0.956836 0.897771 1.23795 1.32841 1.07324 1.17509 1.04824 1.98828 2.27652 1.27718 1.00902 1.05801 0.974677 0.970381 0.918459
threshold=0.01508540071235138 18.214999198913578 1.0000000180025095e-35 0.015717583502111058 0.002679663391510712 -0.10008684067335498 0.020883119146505761 17.32499980926514 -0.12635401997537379 -0.115565523810066 0.0077313618831305062 0.020125848996620292 0.0095076274836749537 -0.054107623009077337 0.019931461553697408 -0.093449770795740669 0.021001586597962422 0.052763389966190573 -0.031791752915630737 12.119999885559084 0.043286843097797296 27.365000724792484 25.505000114440922 0.092157742695746961 -0.083310795547055713 0.014109823043623517 -0.023474210614732923 21.724999427795414 0.024818610987153947 23.604999542236332
decision_type=2 2 10 2 2 8 2 2 2 10 2 2 2 2 2 2 2 2 2 2 2 2 2 2 2 2 10 2 2 2
left_child=1 -1 -3 9 -5 6 7 14 -9 15 11 -7 13 -12 -6 -2 17 18 25 20 -19 22 29 28 -23 -11 -27 -21 -24 -18
right_child=3 2 -4 4 5 10 -8 8 -10 16 12 -13 -14 -15 -16 -17 21 19 -20 27 -22 24 23 -25 -26 26 -28 -29 -30 -31
leaf_value=-9.4856094854378327e-05 0.00021881162705004146 0.00017725477755369575 -3.2132638571308776e-05 0.00080815105115175428 0.00082953336605114895 -0.0004324144864148794 -0.00012499433881993832 -0.00071147281904181472 0.00013047425280195718 -5.2335500009901734e-05 -0.00034079252541210908 0.00057541031633381813 -0.00011794580053305201 0.00030746096740186739 0.00028224074125473365 -0.00011060751263856236 6.3411605106394888e-05 -0.00025791275042722758 1.0643914463182344e-05 -0.00011313249476254648 0.00016042940826847449 0.00096945365113183508 0.00044373881139639094 0.00098296788573315865 -0.00024883983055916132 -2.8745628710020968e-05 0.00017943543466548666 0.00016661849639306077 0.00013056427139310328 -0.00011179892052931916
leaf_weight=1752 167 78 195 56 46 785 372 144 326 4316 243 49 3436 464 47 4166 9472 41 18839 4246 64 41 71 42 314 101 60 103 189 929
leaf_count=1752 167 78 195 56 46 785 372 144 326 4316 243 49 3436 464 47 4166 9472 41 18839 4246 64 41 71 42 314 101 60 103 189 929
internal_value=-0.000239865 -0.00124691 0.00141026 -0.000198357 -0.000752347 -0.000864345 0.000989304 0.00254884 0.00106383 -0.000121755 -0.00121258 -0.00296163 -0.000860489 0.00115276 0.0100538 -0.000926611 -3.19369e-05 -0.000183653 -3.77435e-05 -0.000947464 0.00404762 0.000349067 0.000437727 0.00443708 -0.00232394 -0.000811929 0.00307453 -0.00106806 0.00269231 0.000321602
internal_weight=51154 2025 273 49129 5968 5912 935 563 470 43161 4977 834 4143 707 93 4333 38828 27770 23316 4454 105 11058 10703 302 355 4477 161 4349 260 10401
internal_count=51154 2025 273 49129 5968 5912 935 563 470 43161 4977 834 4143 707 93 4333 38828 27770 23316 4454 105 11058 10703 302 355 4477 161 4349 260 10401
is_linear=0
shrinkage=0.05


Tree=97
num_leaves=31
num_cat=0
split_feature=16 16 15 4 12 7 12 0 8 15 4 9 12 9 12 12 9 9 5 3 10 15 10 10 15 7 7 15 15 12
split_gain=1.06896 2.11441 1.53506 1.35722 1.25908 1.52472 1.25448 1.92897 1.48921 1.07563 2.23732 1.07147 1.14563 1.06368 1.06249 2.87692 2.00582 1.08739 1.04351 1.16789 1.13691 1.61917 1.43846 1.46942 1.43183 1.17233 0.999581 0.978579 1.03129 0.965775
threshold=0.034526607676413919 0.037841469375998978 -0.009303301223026526 0.025351088976698518 0.026209959433217581 0.084851621068169139 0.034436805865122662 0.030790416863761719 -0.044229724815226516 0.014478509545612141 0.019009323191083446 0.18964093792030182 -0.020341500579073798 0.027565825344650467 0.014344478951051955 0.020883119146505761 -0.13421252543943871 -0.03324023577236556 0.020889386201565906 -0.00081947621907268997 -1.4919619365338919e-05 0.001363623949622639 -0.005068200370119679 -0.0048549275429384245 0.0023424232082785994 -0.0020429782191679342 -0.0040475821622761856 0.027981188941879512 -0.0011215042947892993 0.015576171273286367
decision_type=2 2 2 2 2 2 2 2 10 2 2 10 2 8 2 2 10 10 2 2 2 2 2 2 2 2 2 2 2 2
left_child=18 9 3 -3 11 6 7 8 -6 -2 -11 13 -13 14 -4 16 -16 -18 29 -20 22 -22 26 -24 25 -23 -21 28 -7 -1
right_child=1 2 4 -5 5 27 -8 -9 -10 10 -12 12 -14 -15 15 -17 17 -19 19 20 21 24 23 -25 -26 -27 -28 -29 -30 -31
leaf_value=7.1181306934214031e-06 -0.00035246797575787605 0.00060916087131878565 -0.00012559062663217751 0.0001660913630848176 -0.00032556279533738021 0.0028344279705357174 9.6891519249701238e-06 0.0010804741469187266 0.00018206679202227149 0.00042763767656782978 -9.8832638365242765e-05 0.00039240539304936115 -2.948203568329995e-06 -0.00018206274032718132 0.0011183254765948856 -0.00032391518226673657 -0.00021624372189834337 0.00095566323967778916 -3.0209045536425574e-05 0.00015962144952879186 -0.00046916334159006698 -9.9364514099013244e-05 0.00090937772490197379 0.00037786490272838797 3.4258314157203171e-05 0.0012838252355211921 -0.00016367198005582946 0.00049062112571700875 -0.00024416754486585875 -3.2651991327221798e-05
leaf_weight=12047 1097 60 1029 202 96 41 1681 50 655 46 321 73 543 1843 41 121 40 43 5808 609 456 56 54 1324 3635 100 541 102 1005 17257
leaf_count=12047 1097 60 1029 202 96 41 1681 50 655 46 321 73 543 1843 41 121 40 43 5808 609 456 56 54 1324 3635 100 541 102 1005 17257
internal_value=-0.000206569 -0.000698098 -0.000363936 0.00339695 -0.00049776 0.000165288 0.000862207 0.00249064 0.00185752 -0.00243853 -9.5369e-05 -0.00114251 0.000762986 -0.00151909 -0.000408164 0.00255102 0.00790322 0.00343373 -9.99129e-05 0.000280933 0.000726936 0.000227218 0.00156645 0.00265602 0.000565813 0.00525641 0.000260868 -0.00134146 -0.00179732 -0.000263446
internal_weight=50976 9089 7625 262 7363 3630 2482 801 751 1464 367 3733 616 3117 1274 245 124 83 41887 12583 6775 4247 2528 1378 3791 156 1150 1148 1046 29304
internal_count=50976 9089 7625 262 7363 3630 2482 801 751 1464 367 3733 616 3117 1274 245 124 83 41887 12583 6775 4247 2528 1378 3791 156 1150 1148 1046 29304
is_linear=0
shrinkage=0.05


Tree=98
num_leaves=31
num_cat=0
split_feature=16 8 14 4 9 4 9 16 16 12 13 10 9 10 7 6 10 15 13 7 13 13 14 2 3 8 14 16 16 16
split_gain=0.948517 0.945503 0.925965 0.923834 1.42942 0.857967 1.17457 0.758986 1.90665 2.24511 2.68306 1.99506 1.91694 3.33709 1.82437 1.99464 1.83637 1.76641 1.69083 1.66696 1.55535 1.94497 1.5978 1.64475 1.49254 1.43047 2.11466 1.99209 2.38416 2.56936
threshold=0.079611158282187469 0.53434162784045902 -0.061929277885563232 0.056218013470930139 -0.14485860913589918 0.014870625879107131 -0.052523325537126346 0.0048345471215708322 0.014266017300502478 -0.038043890036369758 19.010000228881839 0.013109315021302749 -0.03324023577236556 0.0093708689462960199 0.024525489446023733 1.7819793802761918 -0.00028771818975387159 0.019931461553697408 25.505000114440922 0.050305865146028979 18.015000343322757 17.695000648498539 -0.12096344977185801 0.060529238126230463 0.0013936933516184304 -0.015827813387241482 -0.013975625369978871 0.0024378973533676356 0.00049737032731700392 -0.0021006376853651694
decision_type=2 10 2 2 8 2 8 2 2 2 2 2 8 2 2 2 2 2 2 2 2 2 2 2 2 10 2 2 2 2
left_child=1 5 3 -2 -5 6 -1 25 -9 -10 12 18 13 14 -11 16 19 -15 -12 -16 21 22 23 -14 -23 26 -7 28 29 -27
right_child=2 -3 -4 4 -6 7 -8 8 9 10 11 -13 20 17 15 -17 -18 -19 -20 -21 -22 24 -24 -25 -26 27 -28 -29 -30 -31
leaf_value=9.9971936906413368e-05 -8.2209517473726939e-05 0.00098981296538580609 -0.00026863387779665188 -4.5356704268966269e-05 0.0011053070603040782 2.7233728942949474e-05 -8.1321438227768001e-05 -0.00012156355366151045 -0.00023308883420506134 -3.3163340650907914e-05 0.00016045219342622976 -0.00017591738520948894 0.00039392985492544197 0.00055281092931280579 0.00094861942556269938 0.0035243827344865948 2.9467562931613685e-05 8.5160907748030529e-05 0.0006460072411349424 0.00017012162475043495 -0.00024009214448754814 0.00036648994459011967 -4.3274139396052067e-05 3.5418983989639775e-06 -0.00010109546610721337 1.1867521940215045e-05 -8.0046086275700409e-05 0.00021381865632598345 -0.00021039646553530568 0.00022522571829989939
leaf_weight=69 92 177 730 56 42 4047 1746 6113 673 1870 1890 258 49 240 61 53 404 150 62 57 1060 485 10614 60 186 9740 6795 1094 1170 1005
leaf_count=69 92 177 730 56 42 4047 1746 6113 673 1870 1890 258 49 240 61 53 404 150 62 57 1060 485 10614 60 186 9740 6795 1094 1170 1005
internal_value=-0.000202556 -0.000173357 -0.00179348 0.00131579 0.00469388 -0.000186284 -0.00125344 -0.000146046 -0.000342805 -8.58475e-05 2.3143e-05 0.00165158 -0.000212245 0.000961198 0.000276072 0.00273913 0.00180077 0.00525641 0.00219774 0.00728813 -0.000479365 -0.000308936 -0.00047235 0.00555046 0.00230253 5.42942e-05 -0.000369859 0.000407793 0.000220309 0.000453698
internal_weight=51048 50128 920 190 98 49951 1815 48136 24285 18172 17499 2210 15289 2835 2445 575 522 390 1952 118 12454 11394 10723 109 671 23851 10842 13009 11915 10745
internal_count=51048 50128 920 190 98 49951 1815 48136 24285 18172 17499 2210 15289 2835 2445 575 522 390 1952 118 12454 11394 10723 109 671 23851 10842 13009 11915 10745
is_linear=0
shrinkage=0.05


Tree=99
num_leaves=31
num_cat=0
split_feature=11 10 10 11 16 3 12 16 16 3 10 9 8 1 12 14 10 12 0 9 2 11 13 14 14 10 11 4 2 14
split_gain=0.913567 2.82184 2.276 1.93885 1.96609 1.90245 1.87189 1.72551 5.77827 2.49472 1.70715 1.57733 1.5154 1.39761 2.19556 2.33476 1.86759 2.327 3.28337 2.5098 1.79281 1.35552 1.29924 1.28836 2.24102 1.17764 1.08015 1.24231 1.02386 1.02321
threshold=-0.017638960680292966 0.0041080553382388816 -0.0072745157566194698 -0.011576459803478654 -0.039814674149056255 0.0060952694327252041 0.017951110302837473 -0.027765974919875477 -0.026166226050322813 -0.00058710141236040226 -0.016935557307996004 -0.27114196136155932 0.023121129132928412 -0.031791752915630737 -0.05023266322533259 -0.043806838804765429 -0.0032212741424066378 -0.0087284048739240654 -0.016496402330413325 -0.03324023577236556 -0.050221070976964093 -0.016802988211636779 25.960000038146976 0.063107496547525913 0.057570789081387914 -0.012001982718326086 -0.028186613773187038 0.015426887697213501 0.017070543617098591 -0.19490876951167976
decision_type=2 2 2 2 2 2 2 2 2 2 2 10 10 2 2 2 2 2 2 10 2 2 2 2 2 2 2 2 2 2
left_child=1 2 25 11 6 -3 12 -6 9 -9 -10 -2 -5 16 20 -16 17 -4 19 -19 -15 -13 -7 24 28 -1 -17 -28 -23 -12
right_child=3 5 13 4 7 22 -8 8 10 -11 29 21 -14 14 15 26 -18 18 -20 -21 -22 23 -24 -25 -26 -27 27 -29 -30 -31
leaf_value=4.088926007613027e-05 -0.00045866926939088019 -0.00036660865072549523 -5.8388014000602398e-07 0.0013875902912209661 -0.00020998898896983187 -0.00016565161732086072 -3.542391946129336e-05 0.00021064813766765272 0.00029930314729050309 0.0004621838327984125 0.00017974518998772632 0.00046713613230132549 0.00030072634685120777 0.00087388521666839365 0.00067420950925698635 -0.00024055340198789548 -2.5451324069237127e-05 0.00076090101157161825 0.00018937055627384102 0.00090805969675769897 0.00022424643540795071 6.4112959420881458e-05 0.00024153469527869007 -0.00030157379721639839 0.00037722374723362289 -0.00013868402176080605 0.00028819400323694351 0.0001080135188162559 -0.00018095687605235037 -2.2433654709990602e-05
leaf_weight=2356 646 668 284 79 755 339 124 108 61 75 63 55 47 41 46 139 855 51 150 51 78 735 158 613 60 674 40 709 561 40536
leaf_count=2356 646 668 284 79 755 339 124 108 61 75 63 55 47 41 46 139 855 51 150 51 78 735 158 613 60 674 40 709 561 40536
internal_value=-0.000222551 0.000324596 0.000800145 -0.000304148 -0.0002208 -0.00190987 0.0042 -0.000247369 -0.000203586 0.0086612 -0.000243484 -0.00161049 0.00849206 0.00193535 0.00330959 0.00249465 0.000895038 0.00320895 0.00670635 0.0136274 0.00970588 -0.000923914 0.000432594 -0.00114017 -0.000280237 -0.000115513 0.00192567 0.0026769 -0.000717594 -0.000256042
internal_weight=51157 6639 5474 44518 41848 1165 250 41598 40843 183 40660 2670 126 2444 1053 934 1391 536 252 102 119 2024 497 1969 1356 3030 888 749 1296 40599
internal_count=51157 6639 5474 44518 41848 1165 250 41598 40843 183 40660 2670 126 2444 1053 934 1391 536 252 102 119 2024 497 1969 1356 3030 888 749 1296 40599
is_linear=0
shrinkage=0.05


Tree=100
num_leaves=31
num_cat=0
split_feature=5 16 11 16 11 16 12 11 16 3 14 11 14 12 11 14 12 13 4 14 13 13 1 8 5 8 0 3 3 4
split_gain=0.917456 0.956903 2.77113 3.12235 2.40475 2.04493 3.54611 3.14536 2.8711 2.34109 2.13099 2.73895 2.16142 2.02698 4.75448 1.66611 1.6014 1.53488 2.44192 1.56356 1.52011 1.70753 1.77826 1.50468 1.69798 1.48246 1.45481 1.45007 1.38674 1.36847
threshold=0.009533400457205304 0.0048345471215708322 0.003505922146060048 -0.014506801531080303 0.0021655828678432969 -0.0050256114682388766 0.016494758368500898 -0.00993475231595836 -0.0030765504541455098 -0.0064057543086397098 -0.017113211502094435 0.00023772449314352076 -0.039568606403770572 0.0098181049461038023 0.012589162192508276 -0.012079756674524154 0.04833072164899422 17.494999885559086 0.022624693812774547 0.15245074482965074 12.84500026702881 14.00500011444092 0.053888656335559622 0.08947165488411192 0.021509762520586038 -0.015827813387241482 0.028408243869517794 -0.018719337144795397 0.0029025040181343002 0.065948714310706938
decision_type=2 2 2 2 2 2 2 2 2 2 2 2 2 2 2 2 2 2 2 2 2 2 2 10 2 10 2 2 2 2
left_child=-1 2 4 25 5 16 8 -8 27 -9 12 -12 -11 14 -5 29 -2 18 -17 -19 -15 26 -23 24 -14 -4 -22 -7 -25 -10
right_child=1 -3 3 13 -6 6 7 9 15 10 11 -13 23 20 -16 17 -18 19 -20 -21 21 22 -24 28 -26 -27 -28 -29 -30 -31
leaf_value=-5.3533783378257395e-05 -1.228579342049821e-05 -3.1041058083518182e-05 0.00022881832368249844 0.00018152555942300006 -0.00024288103024556673 -0.00025968472208958619 0.0028544762842731101 -0.00016140892793683125 -0.00050664062767281947 4.2873624648447199e-05 -0.00033959605499161267 0.00036043800185849603 0.00034957491119967177 -0.00035887286519243445 0.00060257792845563472 0.00041159803808474261 -0.00020343627710781806 -0.00020833468609626432 0.00010056406284102964 0.00040002033192229337 8.6387155047062074e-05 -5.0730265632911755e-05 0.0006572957166773452 0.0028195635327125917 0.0012054700205051225 0.001907250898416717 0.001073763140128159 0.00021844156657726743 -0.00018914016263199548 0.00063892934269000256
leaf_weight=2433 14517 25071 57 482 1227 80 63 388 673 131 180 261 120 261 58 62 829 464 241 50 1162 1418 123 43 45 57 56 429 57 42
leaf_count=2433 14517 25071 57 482 1227 80 63 388 673 131 180 261 120 261 58 62 829 464 241 50 1162 1418 123 43 45 57 56 429 57 42
internal_value=-0.000209477 -0.000162087 6.6592e-05 0.00132825 -0.000166316 -2.54363e-05 0.00109793 0.00315217 -0.000198433 0.00259184 0.00408005 0.00168934 0.00674242 0.00106741 0.00388889 -0.00127937 -0.000269127 0.000263157 0.00308581 -0.00140078 0.000562913 0.000907936 -0.000197925 0.00933962 0.0122727 0.00947368 0.00230706 0.00305501 0.0045 -0.00304196
internal_weight=51080 48647 23576 3674 19902 18675 3329 1288 2041 1225 837 441 396 3560 540 1532 15346 817 303 514 3020 2759 1541 265 165 114 1218 509 100 715
internal_count=51080 48647 23576 3674 19902 18675 3329 1288 2041 1225 837 441 396 3560 540 1532 15346 817 303 514 3020 2759 1541 265 165 114 1218 509 100 715
is_linear=0
shrinkage=0.05


Tree=101
num_leaves=31
num_cat=0
split_feature=16 16 13 3 16 5 3 15 15 9 9 10 3 10 15 13 12 10 3 16 5 10 9 15 15 9 10 0 16 9
split_gain=1.09551 2.1534 3.85852 3.41751 1.68429 1.26717 1.20448 1.46522 6.25087 2.1673 1.19599 1.1748 1.14662 1.18026 1.64233 2.42326 2.14146 1.66799 1.53175 1.47252 1.55458 1.20024 1.18567 1.42785 1.16786 1.13878 1.0842 1.9724 1.0824 1.04846
threshold=0.033804528377567429 0.032039212360379883 14.734999656677248 -0.0026522492113512093 0.037513581356262933 0.044494973811500728 0.0054240304998443021 -0.00086218681380856299 -0.0016100226822915451 0.16058426527068839 -0.3806495596218839 0.0239914392111974 0.0057644953196313029 0.0034066550806218792 0.0037384371506522522 19.214999198913578 0.055910575939094771 0.0022948798930048091 -0.0032477779714344952 0.038586764240985179 0.015905247003289331 0.0098863943320696163 0.25758725123550469 0.011389905748556918 0.0043412526805569627 0.12725382024644741 0.00040263484850655567 -0.00071751482888005025 0.039167297954344267 0.20589442794233062
decision_type=2 2 2 2 2 2 2 2 2 8 8 2 2 2 2 2 2 2 2 2 2 2 8 2 2 8 2 2 2 10
left_child=1 6 -3 -4 5 -2 -1 8 -8 -10 -9 -12 13 14 16 17 -6 24 -18 20 21 -15 23 -19 -16 26 27 -17 -14 -30
right_child=4 2 3 -5 12 -7 7 10 9 -11 11 -13 28 19 15 25 18 22 -20 -21 -22 -23 -24 -25 -26 -27 -28 -29 29 -31
leaf_value=-2.1558159690934412e-05 -0.00022312874507306459 -0.00019849238643530691 0.0012251986359552646 0.0002252381858110332 -0.00011255936720903971 0.00043932418389294357 6.9819530142022434e-05 0.0022244454540513259 0.0010269699725093907 0.00067987782476747638 -1.1452331208672074e-05 0.00022972420709844589 -0.00048400912706003267 0.00017764869774937068 0.00041764387631453432 0.0011719858427389944 0.0004464772639150314 1.9026484077946541e-05 -9.8100773593806417e-05 -8.8283586065000574e-05 -4.2021873945662972e-05 0.0003554970344252248 0.0005799481744519254 0.00066558840470151031 -7.0227285272991268e-05 0.00071772856455549095 0.00011850413381173483 0.00064654211108388553 -0.00014846915061341443 0.00010809239209931155
leaf_weight=30025 1606 234 70 242 1149 52 2678 46 48 103 7833 164 247 70 63 44 168 204 127 2469 106 50 76 60 583 41 87 40 1529 616
leaf_count=30025 1606 234 70 242 1149 52 2678 46 48 103 7833 164 247 70 63 44 168 204 127 2469 106 50 76 60 583 41 87 40 1529 616
internal_value=-0.00017116 -6.0687e-05 0.00305861 0.00669872 -0.000658891 -0.00210495 -0.000102331 0.000348601 0.00132732 0.0112252 4.35042e-06 -4.18919e-05 -0.000348688 5.90207e-05 0.000809991 0.00217863 -0.000325486 0.0011359 0.00347458 -0.000677181 0.00318584 0.00708333 0.00397059 0.00238636 -0.000356038 0.0070283 0.00523392 0.00928571 -0.00125836 -0.000897437
internal_weight=50830 41443 546 312 9387 1658 40897 10872 2829 151 8043 7997 7729 5337 2642 1198 1444 986 295 2695 226 120 340 264 646 212 171 84 2392 2145
internal_count=50830 41443 546 312 9387 1658 40897 10872 2829 151 8043 7997 7729 5337 2642 1198 1444 986 295 2695 226 120 340 264 646 212 171 84 2392 2145
is_linear=0
shrinkage=0.05


Tree=102
num_leaves=31
num_cat=0
split_feature=5 10 11 12 12 15 13 10 9 8 8 10 9 0 10 11 7 9 7 9 12 11 15 3 12 12 11 3 5 7
split_gain=0.996314 1.22537 1.03521 1.02364 1.01044 0.986661 0.808771 1.4565 0.808678 1.52561 0.941851 0.714256 0.740562 0.740071 0.70919 2.97715 2.54262 0.785148 0.760587 1.06981 1.01889 0.710863 0.708036 0.94504 0.835001 1.2898 0.832886 0.797166 0.706834 1.10688
threshold=0.033602585874443522 0.014545922873123287 -0.043674056524097109 -0.051373886546093366 0.10123019596275297 0.037814814954919125 17.180000305175785 0.017875641087257036 0.051244604248716581 0.0079172818462885947 0.098436116369467488 -0.013788046856732237 -0.42553802625126236 0.052717038064683981 0.012020703086552011 -0.0015054392328701092 -0.01391410545048549 -0.16534564142674898 0.0019175466890090089 0.031381784826719279 0.012544091383750124 0.050492682028646547 0.019931461553697408 0.018699515158360772 -0.02814648891975435 -0.025840805569586341 -0.023324980459216712 -1.0000000180025095e-35 0.009533400457205304 0.029300311334733212
decision_type=2 2 2 2 2 2 2 2 10 10 10 2 8 2 2 2 2 8 2 8 2 2 2 2 2 2 2 2 2 2
left_child=1 4 -2 -3 5 14 7 -5 9 -9 -10 -4 -13 22 21 16 -16 -17 -19 -20 -21 28 24 27 -14 -26 -27 -24 29 -1
right_child=2 3 11 6 -6 -7 -8 8 10 -11 -12 12 13 -15 15 17 -18 18 19 20 -22 -23 23 -25 25 26 -28 -29 -30 -31
leaf_value=-3.4381573127493064e-05 0.00085031042230345084 0.00016846778217420304 -0.00038149725980955881 -0.00031649063755823082 -0.00021770910456829146 0.0009846612338019129 -0.00023780868164069124 8.2434231452247373e-05 -0.00012842150045084088 0.00040132689182343235 0.00023003239476753935 0.002314158161861543 -0.00025740516348898108 -0.00022356694289427261 3.0996098705213856e-06 0.0010601169316507839 0.00073149802700261664 -0.00012446630001798308 0.0002826442402058097 0.00011825235268756628 -7.0091493472598915e-05 -0.00027589282542195124 0.0013927867523249805 0.0010993524636051294 0.00086347982512118807 0.00062112687698615303 0.00013406475811368555 -0.00015614468016045898 -1.1857039981048962e-05 -0.00013129294186199167
leaf_weight=1872 68 110 252 296 611 57 1125 129 124 52 49 69 348 420 50 42 68 230 63 202 559 226 42 81 40 54 1736 96 41508 409
leaf_count=1872 68 110 252 296 611 57 1125 129 124 52 49 69 348 420 50 42 68 230 63 202 559 226 42 81 40 54 1736 96 41508 409
internal_value=-0.000192007 -0.000249258 0.000661259 -0.00149867 -0.000197944 -0.000170694 -0.00178873 -0.000384617 0.00177966 0.00411602 -0.000664741 0.000528998 0.000751905 0.000626552 -0.000178979 0.00101318 0.00855932 0.000200729 -6.64149e-05 0.000643203 0.000124835 -0.000211861 0.000965789 0.0036758 0.000693295 0.00112022 0.000921787 0.00115942 -0.000197425 -0.00105436
internal_weight=50988 47782 3206 1885 45897 45286 1775 650 354 181 173 3138 2886 2817 45229 1214 118 1096 1054 824 761 44015 2397 219 2178 1830 1790 138 43789 2281
internal_count=50988 47782 3206 1885 45897 45286 1775 650 354 181 173 3138 2886 2817 45229 1214 118 1096 1054 824 761 44015 2397 219 2178 1830 1790 138 43789 2281
is_linear=0
shrinkage=0.05


Tree=103
num_leaves=31
num_cat=0
split_feature=9 2 1 14 14 3 11 11 15 1 12 14 14 9 11 13 13 13 8 13 13 11 15 15 12 3 14 12 12 13
split_gain=1.02 1.64236 0.97222 0.888843 1.03217 1.08039 0.837161 1.29554 1.73896 1.00807 1.01659 0.984264 1.87948 1.31081 1.10239 0.920813 1.28659 1.50361 1.0571 1.05399 1.71683 3.327 1.45373 1.02892 1.01249 1.01002 0.824485 1.48116 2.50491 1.56187
threshold=0.1652484908176455 0.041637897559862476 0.028682037088451854 0.032246703719173715 0.052093484772870687 -0.0034417948689003937 0.037714615631601174 0.034590351886677258 0.0012438588386154417 -0.031791752915630737 -0.075828254732232245 -0.069744182185856193 -0.10816573528732347 0.029546287566557198 0.053184240737224282 28.970000267028812 26.284999847412113 27.070000648498539 -0.10108609258401217 22.270000457763675 21.82499980926514 -0.0044146840191625061 0.015116539152808752 0.014531985703019059 -0.067575667738432196 0.0036617615351670634 0.049481808267930923 0.016494758368500898 0.016981710951886612 16.579999923706058
decision_type=10 2 2 2 2 2 2 2 2 2 2 2 2 10 2 2 2 2 10 2 2 2 2 2 2 2 2 2 2 2
left_child=6 2 -2 -4 -5 -6 7 9 -9 -1 -11 12 -8 14 -14 16 19 18 -18 20 24 -22 23 -21 -12 -23 -26 29 -29 -28
right_child=1 -3 3 4 5 -7 11 8 -10 10 15 -13 13 -15 -16 -17 17 -19 -20 22 21 25 -24 -25 26 -27 27 28 -30 -31
leaf_value=-5.9136647268522279e-05 5.1172876087333475e-05 -2.0413013461639527e-05 0.00016941579886809694 0.00080984255506916627 0.00071843725571839713 -7.1437438094729507e-05 -0.00028609918555056173 -0.00036313302782002788 0.00062607173344400471 0.0002217144024056879 -0.00069424330258805855 -0.00019439289555515132 0.00089133139783131681 -0.00018041917695519249 0.00011182488227908516 -0.00065161606536781819 6.1664369408287865e-05 2.2518658776259982e-06 0.0011766613794814134 -5.3643353262549768e-05 -0.00019791825189709631 0.00026789213999439866 -0.00040474449359925247 0.00031962221275495589 -1.8344032189208668e-05 0.00093716202573480086 -0.00019521788052277681 0.0019935939972841538 9.1107347945157326e-05 3.6628691804829957e-05
leaf_weight=8419 3035 8580 801 43 50 69 160 103 301 257 163 1288 61 43 59 204 43 176 61 1196 96 69 350 54 21347 42 643 56 1838 1467
leaf_count=8419 3035 8580 801 43 50 69 160 103 301 257 163 1288 61 43 59 204 43 176 61 1196 96 69 350 54 21347 42 643 56 1838 1467
internal_value=-0.000187376 0.000203529 0.00104052 0.00242471 0.00580247 0.00340336 -0.000315099 -0.00026637 0.0025495 -0.000297553 -0.00015359 -0.00143079 0.00103715 0.00481595 0.0075 -0.000182522 -0.000157785 0.00321428 0.00798077 -0.000192344 -0.000114888 0.00442029 -0.0014375 -0.000640001 -0.000151683 0.0103153 -0.000126426 0.000531967 0.00154699 -0.000379148
internal_weight=51074 12578 3998 963 162 119 38496 36885 404 36481 28062 1611 323 163 120 27805 27601 280 104 27321 25721 207 1600 1250 25514 111 25351 4004 1894 2110
internal_count=51074 12578 3998 963 162 119 38496 36885 404 36481 28062 1611 323 163 120 27805 27601 280 104 27321 25721 207 1600 1250 25514 111 25351 4004 1894 2110
is_linear=0
shrinkage=0.05


Tree=104
num_leaves=31
num_cat=0
split_feature=11 13 13 13 13 15 15 14 4 14 7 9 9 9 3 4 16 16 11 7 10 10 11 10 10 10 10 15 11 11
split_gain=0.944835 0.963318 1.69321 1.4979 2.84593 2.35578 2.89308 1.95657 2.52011 3.70285 1.74716 1.60004 1.54191 1.51928 1.6557 1.3941 1.36386 2.27372 2.13944 1.25334 1.62953 3.68774 1.28531 1.24735 2.15798 3.10781 2.63263 2.12622 2.21262 4.56311
threshold=0.050492682028646547 14.444999694824221 13.554999828338625 15.355000019073488 15.295000076293947 0.0098873150151922457 0.0077365763653890482 0.041398643260536445 0.031527819354478646 0.057570789081387914 -0.035051562469968926 -0.025245514928048492 0.60547811543091001 0.06793576152481641 -0.0025587356055974393 0.018056694664780288 0.00049737032731700392 -0.0080667790075143447 0.0074288176278684013 -0.019523009842573377 0.0059228912076465532 -0.00022437714483986013 0.0015109645581827815 -0.00028771818975387159 -0.0053055981248319442 -0.0048549275429384245 -0.005759841654093655 -0.0091880702456266766 0.012589162192508276 0.014627059991814352
decision_type=2 2 2 2 2 2 2 2 2 2 2 10 10 10 2 2 2 2 2 2 2 2 2 2 2 2 2 2 2 2
left_child=1 2 -1 4 5 6 7 12 -9 -10 -11 -6 -3 -13 -15 -8 17 18 -4 -19 21 22 -21 24 26 -26 -5 -27 -29 -30
right_child=-2 3 16 23 11 -7 15 8 9 10 -12 13 -14 14 -16 -17 -18 19 -20 20 -22 -23 -24 -25 25 27 -28 28 29 -31
leaf_value=-9.9070416970515548e-06 -0.00019595429853748889 1.5295512030186483e-07 -0.00019135942755205802 -1.3295713026544628e-05 0.0012105339497385033 -0.0001264935566642813 -5.0375490480370557e-05 0.00015422047388281986 0.0014007450832189681 -0.00063718001929477096 0.00058753874579487906 -0.00016725059549775891 0.0015942453963187172 0.001039180925146278 0.00014535284699435978 0.00059090476367393437 -0.0001840445638666403 -0.00019580128961685112 0.00025796766706953422 0.00026239160550915042 -0.00018537334846235908 0.00035690464144825531 -0.00015170429543513372 -3.5339828716899982e-05 0.00043233744738904224 -0.00021567767746937563 -0.00046478413106174667 3.6803266580704932e-05 0.00059982543329719935 0.00024028481491058306
leaf_weight=7560 551 2637 1098 7559 50 1354 45 394 59 41 55 54 67 50 86 207 2685 194 62 288 260 147 219 17461 563 1166 669 4785 64 745
leaf_count=7560 551 2637 1098 7559 50 1354 45 394 59 41 55 54 67 50 86 207 2685 194 62 288 260 147 219 17461 563 1166 669 4785 64 745
internal_value=-0.00021837 -0.000195956 -0.000576602 -7.09781e-05 0.000726612 0.000464086 0.00114836 0.000748539 0.00346994 0.00887097 0.0028125 0.00604167 0.000196005 0.00394737 0.0067647 0.00630952 -0.00129518 -0.000392417 -0.00193966 0.00122744 0.00200219 0.00333333 0.00131164 -0.000194173 0.000131502 0.000755837 -0.000424163 0.000458579 0.000863424 0.00328183
internal_weight=51175 50624 12513 38111 5099 4859 3505 3253 549 155 96 240 2704 190 136 252 4953 2268 1160 1108 914 654 507 33012 15551 7323 8228 6760 5594 809
internal_count=51175 50624 12513 38111 5099 4859 3505 3253 549 155 96 240 2704 190 136 252 4953 2268 1160 1108 914 654 507 33012 15551 7323 8228 6760 5594 809
is_linear=0
shrinkage=0.05


Tree=105
num_leaves=31
num_cat=0
split_feature=8 9 16 15 1 13 12 1 12 12 12 13 10 0 8 16 16 15 12 15 13 10 16 4 7 6 9 12 10 13
split_gain=0.883997 0.902028 1.43706 1.8959 1.04876 0.807571 0.751485 0.974738 0.813859 3.31752 1.09847 1.75568 1.98885 2.55849 2.13305 1.10158 2.86909 3.89345 3.51783 3.13012 2.69277 2.47953 2.02368 1.92433 2.14603 1.5625 1.53135 1.52679 1.50517 1.41347
threshold=-0.115565523810066 -0.24371553779234076 -0.01939754137673155 -0.0097318238585066257 -0.0025249558683148039 12.804999828338625 0.10123019596275297 -0.036172906520388785 0.073733848686565309 0.076145599776237818 0.048519167358985434 12.434999942779543 0.0014013952122059472 0.0033946073938413428 0.018482496021187459 0.00049737032731700392 -0.0021006376853651694 0.0030182424824202196 0.01743897700487718 -0.0072194200186154181 15.085000038146974 -0.015857529403489442 -0.0002568790362216799 0.019009323191083446 0.010474230436652411 0.18565943235103002 0.16058426527068839 0.026209959433217581 0.0025358686375718258 14.920000076293947
decision_type=10 8 2 2 2 2 2 2 2 2 2 2 2 2 10 2 2 2 2 2 2 2 2 2 2 2 10 2 2 2
left_child=5 2 3 -2 -4 -1 8 -8 10 -10 15 12 -12 14 -14 16 -3 18 19 -18 22 -17 23 24 -20 -21 -19 -23 -28 -29
right_child=1 6 4 -5 -6 -7 7 -9 9 -11 11 -13 13 -15 -16 21 17 26 20 25 -22 27 -24 -25 -26 -27 28 29 -30 -31
leaf_value=0.00065556885127935087 0.0014167320851684263 3.8955478112317714e-08 0.00027148134196311458 -5.9956499336900333e-05 -0.00026457036183820301 -8.7065952336050101e-05 0.00017037233949864406 -0.0002147427255112695 0.00085076679097593295 1.2609305351653346e-05 -0.00032511190936082199 -0.00010086468586540569 6.3738989133667014e-05 -3.9362998961465272e-05 0.00057160778218264202 0.00031438587466492245 0.00051468847599386977 -0.00028820221237414175 0.00012424013042265243 0.0008879790167599785 -0.00045614153562104808 -5.6509410816112239e-05 1.8434257280335762e-05 0.00036685196669198006 0.0003321024968254223 2.439707679990555e-05 -0.00040277200603164423 -3.4347606375501597e-05 0.00030936823906496875 6.8866873904735199e-05
leaf_weight=40 58 15443 278 57 333 5124 43 633 171 1217 118 3631 46 110 77 56 58 307 42 144 172 12299 251 215 48 81 69 5284 82 4563
leaf_count=40 58 15443 278 57 333 5124 43 633 171 1217 118 3631 46 110 77 56 58 307 42 144 172 12299 251 215 48 81 69 5284 82 4563
internal_value=-0.000206661 -0.000136862 0.00161157 0.00673913 0.00064648 -0.00082688 -0.00016497 -0.00181953 -0.000139827 0.00105187 -0.000178208 -0.000969363 0.00240741 0.00508584 0.0100406 -9.76644e-05 0.000206361 0.0023179 0.00405044 0.00878092 0.00221154 -0.000329251 0.00390288 0.00663934 0.0127778 0.00611111 -0.00150655 -0.000355822 0.00261589 0.000108154
internal_weight=51050 45886 726 115 611 5164 45160 676 44484 1388 43096 3982 351 233 123 39114 16912 1469 1011 283 728 22202 556 305 90 225 458 22146 151 9847
internal_count=51050 45886 726 115 611 5164 45160 676 44484 1388 43096 3982 351 233 123 39114 16912 1469 1011 283 728 22202 556 305 90 225 458 22146 151 9847
is_linear=0
shrinkage=0.05


Tree=106
num_leaves=31
num_cat=0
split_feature=6 13 0 3 12 16 14 16 2 10 10 9 13 8 11 16 4 12 12 13 2 12 2 14 13 16 2 2 14 9
split_gain=0.801994 1.10358 0.985083 1.29143 1.2545 1.30837 1.18053 1.21504 1.49593 1.55124 1.37885 1.70536 1.14602 1.10999 1.62497 1.14048 1.32973 0.867691 1.82272 1.4885 1.72934 1.48142 1.90114 1.43634 1.36359 2.01256 1.39956 1.58877 1.44907 1.33692
threshold=2.1234114225731537 22.330000877380375 -0.010620801671157474 0.026887081859565457 0.086474155307740067 0.058469781528559646 -0.093449770795740669 -0.0002568790362216799 0.12755757595438458 -0.0045277768557969158 0.0033239704024875531 -0.035248891589776447 19.214999198913578 0.088071786114936726 0.0065559076404506653 -0.0084120306840546593 0.035969815281948328 0.048519167358985434 0.051085091732355654 12.119999885559084 0.14007654755378288 0.039147436974305568 0.044599970071097735 -0.056925165822572281 12.765000343322756 0.027813254847060768 -0.013668918528328964 -0.14007292681799974 -0.056340529311790281 0.12926062922860118
decision_type=2 2 2 2 2 2 2 2 2 2 2 10 2 10 2 2 2 2 2 2 2 2 2 2 2 2 2 2 2 10
left_child=17 2 12 4 5 6 -4 8 9 -8 11 -11 -2 -5 15 -15 -17 21 -19 20 -20 22 29 -23 25 -25 27 -26 -28 -1
right_child=1 -3 3 13 -6 -7 7 -9 -10 10 -12 -13 -14 14 -16 16 -18 18 19 -21 -22 23 -24 24 26 -27 28 -29 -30 -31
leaf_value=-1.5167987284422504e-05 -0.00021297770920533591 -0.00024064514053607065 -0.0005742675563894954 -0.00051295419726166147 0.0065187670688207485 0.0022340810842715886 -0.0001862230022018383 0.00018827943644111086 0.0040343753574052128 0.0013162699570347829 0.00079971213432938155 0.003689215007188584 0.00041581141291860738 -0.00026269580390668972 -0.00037879816132913003 0.00049433239044207201 0.0012454525409995969 -0.00026240525130011305 3.6016697180462811e-05 -4.6747423968907973e-05 0.00032565932683014764 -0.0002298332488224743 -7.7941140396964553e-05 -0.00023081652672205649 0.00084714873975421333 0.00048137160771829514 0.00061189920892924636 -0.00012327039445486231 0.00010031895800408356 5.9165304858215204e-05
leaf_weight=21360 769 300 145 205 41 55 129 874 40 42 97 50 162 47 167 40 42 700 86 5518 41 335 11017 499 46 112 49 549 2834 4671
leaf_count=21360 769 300 145 205 41 55 129 874 40 42 97 50 162 47 167 40 42 700 86 5518 41 335 11017 499 46 112 49 549 2834 4671
internal_value=-0.000211871 0.000553821 0.000851978 0.00148429 0.00223014 0.00198324 0.00168119 0.00218344 0.00463687 0.00349056 0.00637566 0.0107609 -0.000488723 -0.000708584 0.00125 0.00546512 0.00902439 -0.000263192 -0.000807724 -0.000509301 0.00484252 -0.000179882 -0.000283147 0.000684899 0.000942772 -0.00123568 0.00132547 -0.000882354 0.00178113 -5.01337e-05
internal_weight=51022 3205 2905 1974 1473 1432 1377 1232 358 318 189 92 931 501 296 129 82 47817 6345 5645 127 41472 37048 4424 4089 611 3478 595 2883 26031
internal_count=51022 3205 2905 1974 1473 1432 1377 1232 358 318 189 92 931 501 296 129 82 47817 6345 5645 127 41472 37048 4424 4089 611 3478 595 2883 26031
is_linear=0
shrinkage=0.05


Tree=107
num_leaves=31
num_cat=0
split_feature=4 11 10 10 10 11 10 10 14 12 8 7 9 14 12 15 12 2 10 15 11 10 11 16 3 8 14 3 1 4
split_gain=0.925481 0.728716 1.08591 0.793368 1.2443 1.13055 0.944943 1.72767 1.67044 1.65941 1.34128 1.67615 1.33377 2.24234 1.62691 1.89059 1.96717 1.13297 1.0579 2.77895 1.85744 2.92682 2.89112 1.99422 1.99738 1.82352 1.66958 1.88066 2.64987 1.74438
threshold=0.10200225379088555 0.050492682028646547 0.0095885339556018873 0.014545922873123287 0.017875641087257036 0.041951569626952907 0.0087442348777118113 0.0094657139240660344 -0.096084571305829466 0.04833072164899422 0.045517013237765698 0.043749527685779339 -0.031226633642878084 1.0000000180025095e-35 -0.027697499770916897 0.015977030689453778 0.0086975765073127338 -0.14007292681799974 0.0032283672299645576 0.018040555719837651 -0.016802988211636779 -0.0014592153640105574 -0.011292646731903553 -0.037151842402266481 -0.0031436929719801938 0.023121129132928412 -0.018046897283232773 0.0055380581824628914 -0.023161848867302656 0.036349794038297668
decision_type=2 2 2 2 2 2 2 2 2 2 10 2 8 2 2 2 2 2 2 2 2 2 2 2 2 10 2 2 2 2
left_child=1 3 -3 6 -5 -6 18 8 -8 10 -10 -12 13 14 -9 17 -17 -16 19 20 21 -1 -22 24 -24 -26 27 29 -29 -23
right_child=-2 2 -4 4 5 -7 7 12 9 -11 11 -13 -14 -15 15 16 -18 -19 -20 -21 22 26 23 -25 25 -27 -28 28 -30 -31
leaf_value=2.6029656861231038e-05 0.0010953143529264149 -0.00031720591140157718 7.9861475826486055e-05 -0.00019140066477474165 -2.4011720022528892e-05 0.00027053163606364941 -0.00011634495107898985 -0.00048708640899218741 0.00033666196546364808 6.0309531680668164e-06 0.00085391845289997854 0.00011858828544176233 -2.5234191323145622e-05 0.00088554627594839637 -9.766898690980098e-05 0.00048747474771389156 -0.00033780636072409882 0.00041089587880112528 -5.7503782108574405e-05 0.00053676761137417216 -0.00020631729751650354 3.7090300069711848e-05 -4.2928156424941108e-05 -1.5087959436641428e-05 0.0016456993961867486 0.00034569049614885768 1.9497264166968356e-05 0.00036510833737454557 0.00081690848682134916 0.0016989308254132978
leaf_weight=4731 195 380 178 1028 1052 60 183 104 296 236 77 60 3539 41 53 56 223 312 11809 126 1786 251 88 23796 48 49 246 83 48 50
leaf_count=4731 195 380 178 1028 1052 60 183 104 296 236 77 60 3539 41 53 56 223 312 11809 126 1786 251 88 23796 48 49 246 83 48 50
internal_value=-0.000232886 -0.000246035 -0.00204301 -0.000226152 -0.00116823 -8.994e-06 -0.000184404 0.000453667 0.00251174 0.00366966 0.00550808 0.00959854 4.85201e-05 0.00190748 0.00128342 0.0022205 -0.000878137 0.00458904 -0.000261071 -0.00010894 -0.00013889 0.000703456 -0.000315715 -0.000171178 0.005 0.00994845 0.00377581 0.00564815 0.0106489 0.00347176
internal_weight=51184 50989 558 50431 2140 1112 48291 5180 852 669 433 137 4328 789 748 644 279 365 43111 31302 31176 5409 25767 23981 185 97 678 432 131 301
internal_count=51184 50989 558 50431 2140 1112 48291 5180 852 669 433 137 4328 789 748 644 279 365 43111 31302 31176 5409 25767 23981 185 97 678 432 131 301
is_linear=0
shrinkage=0.05


Tree=108
num_leaves=31
num_cat=0
split_feature=13 13 11 3 1 10 3 13 11 9 0 9 13 10 14 10 9 5 16 16 9 1 9 3 14 10 9 12 12 4
split_gain=0.828323 2.01622 1.38071 1.88272 1.29428 1.18287 1.89997 1.91752 1.88952 2.80279 2.72016 1.64672 1.25658 1.41414 1.43083 1.23184 1.20273 1.19067 1.12021 1.26332 1.31449 2.7232 1.42135 1.11676 1.07761 1.42682 1.25023 1.1565 1.24465 1.41828
threshold=14.444999694824221 13.554999828338625 -0.005167403024051608 -0.0042255299714767927 -0.033981287486358917 -0.0019060356907826257 -0.0018210790836651889 13.13000011444092 0.012360960719592808 -0.029212383249283654 0.00096727931254092525 -0.077533585755599307 12.88000011444092 0.0057158340565321994 -0.044507707542247747 -0.0072745157566194698 -0.13421252543943871 0.014401271290146208 -0.0011340296067420816 0.0048345471215708322 0.06793576152481641 0.031039245098342331 0.0059517236307702346 0.013171669770339458 -0.01262073301810107 -0.0004674372383289826 0.22895523833295009 0.078665433833488688 0.034736812074913422 0.034213955422243245
decision_type=2 2 2 2 2 2 2 2 2 10 2 10 2 2 2 2 8 2 2 2 10 2 8 2 2 2 8 2 2 2
left_child=1 2 3 -1 -5 15 7 12 9 17 -11 -10 13 14 -7 -4 -8 -9 -18 20 21 22 -20 -3 25 26 -21 28 -27 -30
right_child=-2 23 5 4 -6 6 16 8 11 10 -12 -13 -14 -15 -16 -17 18 -19 19 24 -22 -23 -24 -25 -26 27 -28 -29 29 -31
leaf_value=-2.614797862195339e-05 -5.6553365540828272e-06 -0.0001202506944581652 0.0001386161591785163 0.00015443872486531815 0.00089493410398309037 0.00050636626661852561 0.00069120643513269396 0.00015176253935765527 0.00014998997418282648 0.00043076388017600724 0.0015727004703417564 -0.0003959719143919188 -0.00032392146087875065 -0.00022945442983290747 0.00014534770683465942 -0.00019744382339134149 -0.000203875575382346 -7.0347095909477933e-05 -0.00020536753788328059 3.9907113074594348e-05 7.1569152552861506e-06 0.00038533326640329593 0.00028940784703994295 9.0472035463612756e-05 -0.00011397518738716791 -5.8148189979106875e-05 0.00037207848414200516 -0.00044227575577571448 7.7953073833627448e-05 0.00068732583329598855
leaf_weight=106 38546 4557 117 45 40 62 121 53 126 71 43 142 257 188 698 917 582 83 58 52 423 42 109 404 1705 781 47 129 502 84
leaf_count=106 38546 4557 117 45 40 62 121 53 126 71 43 142 257 188 698 917 582 83 58 52 423 42 109 404 1705 781 47 129 502 84
internal_value=-0.000194756 -0.000547673 -3.49478e-05 0.0041623 0.00970588 -0.000143399 0.000111669 0.00152931 0.00407336 0.0072 0.0129825 0.00115672 0.000435683 0.00127637 0.00223684 -0.0017118 -0.000415319 0.00235294 -0.000547188 -0.000244152 0.0018038 0.00504785 0.00218563 -0.00133139 -0.000636365 0.000297804 0.00611111 -8.68996e-05 0.00034016 0.00208191
internal_weight=51090 12544 7583 191 85 7392 6358 1723 518 250 114 268 1205 948 760 1034 4635 136 4514 3932 632 209 167 4961 3300 1595 99 1496 1367 586
internal_count=51090 12544 7583 191 85 7392 6358 1723 518 250 114 268 1205 948 760 1034 4635 136 4514 3932 632 209 167 4961 3300 1595 99 1496 1367 586
is_linear=0
shrinkage=0.05


Tree=109
num_leaves=31
num_cat=0
split_feature=5 16 16 7 12 16 12 12 14 5 3 7 16 2 12 15 6 13 9 6 6 15 15 9 5 3 13 7 4 14
split_gain=0.72582 0.741513 1.79511 1.07449 1.45153 1.007 2.19696 2.17316 2.31625 1.81267 1.66659 1.34432 1.33417 1.33227 1.27061 1.24672 2.13077 1.7666 1.03479 0.978589 0.971029 0.959668 1.33662 1.65998 1.60095 0.922771 1.07052 0.887914 0.795129 0.792988
threshold=0.0085469221413485945 0.034526607676413919 0.037513581356262933 0.064386752786034687 0.012875876838212565 0.026496857374730069 -0.016321427242386496 0.016494758368500898 0.033484849976317961 0.0090613445659196382 -0.0082405793533447663 -0.025859175907916251 0.027199960789394798 0.096674454549955727 0.014776412045584443 -0.0008206976726927161 -0.028035985933095444 16.765000343322757 -0.20094074956593069 0.19801907119974935 -0.74629647358492535 0.010230266382960653 0.0047091317993352986 -0.14907060892605964 0.03008229913476481 0.0010693759238751268 21.409999847412113 0.016927953603705474 0.023226416958675302 -0.081825770158787711
decision_type=2 2 2 2 2 2 2 2 2 2 2 2 2 2 2 2 2 2 10 2 2 2 2 10 2 2 2 2 2 2
left_child=-1 5 25 4 21 -2 -7 10 9 -9 -8 -12 -10 14 19 16 18 28 -11 -13 -19 22 -4 -24 -25 -3 -27 -20 -17 -6
right_child=1 2 3 -5 29 6 7 8 12 15 11 13 -14 -15 -16 17 -18 20 27 -21 -22 -23 23 24 -26 26 -28 -29 -30 -31
leaf_value=-7.5434108845282041e-05 -1.2613269306542828e-05 -0.00036019719708283891 -0.00014534338205316591 -0.00012303015902077321 0.00031753216365183095 -0.00027021212004711253 0.0008099547850644105 0.00028717611717081937 0.00018284446839876865 0.00045177518632315484 -0.000151050860471031 0.00014453031668121912 -0.00042197032925749331 -0.00021669570952844678 0.00095324952093027286 -0.00010525299617464339 -0.00016391457220983819 -9.46542018746419e-05 0.00053048315790395607 0.0006949050953769932 0.00011967561755584124 -0.00022694231754767592 -8.5303206940629922e-05 0.00019412655564015875 0.00070643798796775424 -0.00022522630889472729 0.00017036477173693623 4.4197396045858168e-05 7.1343826935866338e-05 4.7447771891781668e-05
leaf_weight=1025 37626 567 875 2438 50 425 42 42 65 48 41 141 423 49 68 524 102 78 66 59 286 609 189 289 67 595 89 71 898 3131
leaf_count=1025 37626 567 875 2438 50 425 42 42 65 48 41 141 423 49 68 524 102 78 66 59 286 609 189 289 67 595 89 71 898 3131
internal_value=-0.000219508 -0.000192482 -0.000606249 -0.000319039 8.63712e-05 -0.000102793 0.000717618 0.00119381 0.000666537 0.00138298 0.004625 0.00351955 -0.00243853 0.00462145 0.00600746 0.00117462 0.00423345 0.00068309 0.00743243 0.004 0.00379121 -0.000958601 -0.00024648 0.00169725 0.00370786 -0.00236211 -0.00112573 0.00521898 -0.000112519 0.000752907
internal_weight=50978 49953 8899 7648 5210 41054 3428 3003 2603 2115 400 358 488 317 268 2073 287 1786 185 200 364 2029 1420 545 356 1251 684 137 1422 3181
internal_count=50978 49953 8899 7648 5210 41054 3428 3003 2603 2115 400 358 488 317 268 2073 287 1786 185 200 364 2029 1420 545 356 1251 684 137 1422 3181
is_linear=0
shrinkage=0.05


Tree=110
num_leaves=31
num_cat=0
split_feature=12 12 12 13 11 16 16 16 12 13 12 11 9 2 11 16 16 11 13 13 16 16 16 9 11 12 12 16 4 14
split_gain=0.879632 1.15699 2.02496 1.71192 1.5945 1.80657 1.75246 1.46547 1.4416 1.25243 1.18243 1.96402 1.48257 1.09681 1.32258 1.09357 1.10526 1.04875 1.06754 1.9662 2.52095 1.61723 3.49555 3.56344 2.81618 1.49678 1.46336 1.55722 1.51786 2.88415
threshold=-0.075828254732232245 -0.028754202463148134 -0.025840805569586341 15.355000019073488 0.0023966928807116488 -0.046314945631433395 -0.045377920304347001 -0.075489551112610673 -0.03157965321165878 38.065000534057624 -0.016321427242386496 0.00053834779161687784 0.066101574729182336 -0.041959111750191284 0.041951569626952907 -0.038655516264954108 -0.055360239142605343 0.048369816433799014 16.510000228881839 16.675000190734867 0.021704385924314677 -0.013590146399885259 -0.012944672968160984 0.18742278913999069 0.0060643551052425035 -0.0063801320517133378 0.0066896649330910893 0.054779551976547831 0.022816880311766364 -0.0014478944064891806
decision_type=2 2 2 2 2 2 2 2 2 2 2 2 8 2 2 2 2 2 2 2 2 2 2 8 2 2 2 2 2 2
left_child=15 3 13 -2 5 9 -7 -4 -8 -5 11 -9 -13 -3 -15 16 -1 18 21 20 -20 24 23 -23 -12 -24 -27 -28 29 -29
right_child=1 2 7 4 -6 6 8 10 -10 -11 17 12 -14 14 -16 -17 -18 -19 19 -21 -22 22 25 -25 -26 26 27 28 -30 -31
leaf_value=0.00029601279076378942 0.00015581060326660208 6.9794445990311803e-06 0.00058844298241803863 -0.00046451301930226633 -0.00017630204058847662 0.00039082944985909169 6.831971076033139e-06 -0.00026943745081467956 -0.00026693660964094299 0.00047877422337407331 -0.00012408679019989305 0.00026013446108096087 -0.00011836355731332744 0.00014983167858482083 0.00064904094892703204 0.00032017738595955787 -0.00026172362679888385 -0.00026286740714063237 0.00034647623146931417 3.8153107292796318e-06 -4.7805343019524921e-05 0.000319521153274795 0.00025045763939518257 0.001715371183382307 0.00094591601122273334 -0.00014943465495302716 -1.7173173835009121e-05 0.00071373946817817008 8.6602111322641869e-05 2.1752593590713754e-05
leaf_weight=300 60 432 65 437 1634 65 3153 1298 302 58 3437 324 528 452 44 236 175 503 553 16472 434 146 242 50 64 1714 17196 88 504 122
leaf_count=300 60 432 65 437 1634 65 3153 1298 302 58 3437 324 528 452 44 236 175 503 553 16472 434 146 242 50 64 1714 17196 88 504 122
internal_value=-0.000206312 -0.00023096 -0.000145295 -0.00090121 -0.000990442 -0.000454547 -5.68194e-05 -0.000194331 -0.000209842 -0.00328283 -0.000205496 -0.00134884 0.000516431 0.00216595 0.00377016 0.00154008 0.000157894 -0.000146299 -0.000118474 0.000177844 0.00234549 -0.000338031 -0.00016499 0.00647959 -0.00132962 -0.000230546 -0.000278742 -0.000145171 0.00214286 0.00571428
internal_weight=51088 50377 44668 5709 5649 4015 3520 43740 3455 495 43675 2150 852 928 496 711 475 41525 41022 17459 987 23563 20062 196 3501 19866 19624 17910 714 210
internal_count=51088 50377 44668 5709 5649 4015 3520 43740 3455 495 43675 2150 852 928 496 711 475 41525 41022 17459 987 23563 20062 196 3501 19866 19624 17910 714 210
is_linear=0
shrinkage=0.05


Tree=111
num_leaves=31
num_cat=0
split_feature=11 11 14 11 15 11 1 16 9 11 11 14 14 15 8 0 3 14 14 12 3 11 16 11 14 10 11 14 12 12
split_gain=1.1618 2.93729 3.80656 1.8714 1.71371 2.00427 1.60754 1.71286 1.96375 1.32885 1.4219 1.87645 1.65881 1.33168 1.75021 1.26735 1.25598 1.25377 1.56857 2.67594 1.77649 1.69192 1.30093 1.52519 2.09144 3.22984 2.95148 2.43802 2.08373 2.05024
threshold=0.013370913918319573 0.012589162192508276 0.015727597801877272 0.014774716524866062 -0.0020603060094984689 0.016901254843129102 0.038397109933354774 0.021087285923196978 0.0041424645123926416 0.011525540902406652 0.010672251689981873 -0.033000261342557839 -0.0030341669122401211 0.0043412526805569627 -0.019564299620027866 -0.0057341907978239451 0.0053166851295352044 0.040467463007027978 0.059032058254143822 0.0098181049461038023 -0.012940429885295921 0.010571722118832951 0.00084197427406007563 -0.0088251429249220897 0.015727597801877272 0.0044649128256998303 -0.0086028731968339472 0.012431899030548645 0.042111122308508782 0.029962761460985091
decision_type=2 2 2 2 2 2 2 2 8 2 2 2 2 2 10 2 2 2 2 2 2 2 2 2 2 2 2 2 2 2
left_child=1 9 -3 -2 -5 6 -6 -8 -9 10 16 -12 -13 14 -14 -4 17 22 19 20 -19 -22 23 -1 26 -26 -25 29 -29 -28
right_child=3 2 15 4 5 -7 7 8 -10 -11 11 12 13 -15 -16 -17 -18 18 -20 -21 21 -23 -24 24 25 -27 27 28 -30 -31
leaf_value=-5.9961686146538611e-05 -0.00020618944927330819 7.041522915830836e-05 0.00048395919884237925 -0.00018419327909159004 2.3219911441825136e-05 -2.9249669693054149e-05 -0.00011829829283818255 0.0011921009043933406 0.00028863435041742388 -0.00012143905064483426 0.00072722337754926023 -5.1323570300561946e-05 -0.00029037739645139334 0.00010249393941040173 0.00043303806895163114 0.00063355022676102844 2.9587459377246003e-05 -0.00012332752746498286 -1.5966442470801707e-05 -1.7294784253312571e-05 0.00028496810898263192 -0.0005714171663209472 -0.00011360302568383574 0.00075628504457820082 -0.00017885264196720548 0.00053136872898308836 0.00010256098560742572 -0.0002969042185789328 0.00053046636648123268 -6.2108602929656799e-05
leaf_weight=4146 1487 545 56 1962 1084 9291 147 73 321 2062 63 556 53 253 195 130 8625 106 6596 1009 581 50 6034 46 1358 83 2539 53 80 1541
leaf_count=4146 1487 545 56 1962 1084 9291 147 73 321 2062 63 556 53 253 195 130 8625 106 6596 1009 581 50 6034 46 1358 83 2539 53 80 1541
internal_value=-0.000215649 -6.66497e-05 0.00307113 -0.000596938 -0.000403014 -0.000158484 0.00146154 0.00368761 0.00540609 -0.000130313 -5.54962e-05 0.00169643 0.00119678 0.00328343 0.0058871 0.00924731 -0.000115232 -0.000299729 0.000196594 0.00152921 0.00381954 0.00482567 -0.000560455 -0.000206176 0.00032456 -0.001322 0.000881661 0.000744124 0.00740601 0.00052696
internal_weight=51125 36760 731 14365 12878 10916 1625 541 394 36029 33967 1120 1057 501 248 186 32847 24222 8342 1746 737 631 15880 9846 5700 1441 4259 4213 133 4080
internal_count=51125 36760 731 14365 12878 10916 1625 541 394 36029 33967 1120 1057 501 248 186 32847 24222 8342 1746 737 631 15880 9846 5700 1441 4259 4213 133 4080
is_linear=0
shrinkage=0.05


Tree=112
num_leaves=31
num_cat=0
split_feature=12 12 16 11 16 11 8 7 7 8 12 14 15 15 14 15 11 0 12 0 8 7 1 14 6 1 8 14 15 7
split_gain=0.798994 1.61536 1.26288 4.53591 1.40234 1.56775 1.22468 1.55491 1.37574 1.00905 0.98058 1.65499 1.60265 2.19724 1.5887 1.8482 1.43058 1.35421 1.41108 1.60613 1.7826 2.34416 1.06242 1.04698 1.03019 1.13897 1.07454 1.02463 1.30445 1.41964
threshold=0.048519167358985434 0.059758756541204668 -0.0038527680554427675 0.0025776305361616685 0.0091426061591495262 0.01955675936649726 0.10785990312286488 0.040265282781742469 0.002391104488893903 -0.17663657368529709 0.039147436974305568 -0.056925165822572281 0.0054120930582931557 -0.0043985032042600505 0.0080830591469587282 0.0016553279865119121 0.01160523990497442 -0.02638811610577679 0.041226484541621485 0.0091213063718855753 0.034692471616243899 0.022477510518037262 0.0036228365996002769 -0.0023991033821552095 1.3413532193316662 0.016773597760760154 0.10145117940582406 -0.054107623009077337 0.0089040322559191826 1.0000000180025095e-35
decision_type=2 2 2 2 2 2 10 2 2 10 2 2 2 2 2 2 2 2 2 2 10 2 2 2 2 2 10 2 2 2
left_child=10 -2 -3 6 -5 9 7 8 -4 -6 -1 -12 13 17 16 -16 -15 -13 19 20 -19 -22 -17 24 25 -18 -27 -14 29 -29
right_child=1 2 3 4 5 -7 -8 -9 -10 -11 11 12 27 14 15 22 23 18 -20 -21 21 -23 -24 -25 -26 26 -28 28 -30 -31
leaf_value=-1.8525437935149881e-05 -0.00012353110548670774 -0.00024298212289986592 0.00063273360415167044 -0.00021392384451042218 -0.00079710635103691406 -6.7064068733505277e-05 0.00014362751245906025 0.00089288735052393874 4.5093707814465524e-05 9.8914428652240515e-05 -0.00026386760492026079 -0.00013775650381160935 0.00048968442937184374 -0.00042644271655917898 -0.00010962237402123665 0.00042832535625571093 -6.4053077069878345e-06 -6.996206271774062e-05 9.6511565805392364e-05 0.00081560278714142898 0.00041445440553446075 4.4112300165965712e-05 1.7671027576897835e-05 -0.00035126896015102917 -0.00044658084028497173 0.00070384690932353416 4.8558907238959148e-05 -3.844842568149611e-05 9.2821216985926973e-05 0.00052621397930905018
leaf_weight=39390 2763 429 48 543 61 1368 67 68 64 1416 442 182 64 553 310 128 118 101 702 52 77 77 105 194 74 62 54 144 970 403
leaf_count=39390 2763 429 48 543 61 1368 67 68 64 1416 442 182 64 553 310 128 118 101 702 52 77 77 105 194 74 62 54 144 970 403
internal_value=-0.000234084 -0.000737514 -0.000103348 0.000199449 -0.000277451 0.000166958 0.00674089 0.00888889 0.00526786 0.00129655 -0.000156329 0.000517455 0.000812356 9.14294e-05 -0.00112015 0.00107735 -0.00225119 0.00171704 0.0024331 0.00526059 0.00362745 0.00701299 0.00444206 -0.000318726 0.00149351 0.00311966 0.00663793 0.00208412 0.00182268 0.00377514
internal_weight=51029 6827 4064 3635 3388 2845 247 180 112 1477 44202 4812 4370 2789 1598 543 1055 1191 1009 307 255 154 233 502 308 234 116 1581 1517 547
internal_count=51029 6827 4064 3635 3388 2845 247 180 112 1477 44202 4812 4370 2789 1598 543 1055 1191 1009 307 255 154 233 502 308 234 116 1581 1517 547
is_linear=0
shrinkage=0.05


Tree=113
num_leaves=31
num_cat=0
split_feature=6 3 14 14 10 8 6 1 3 14 9 16 16 14 14 8 9 2 1 8 4 15 10 10 10 1 0 16 15 15
split_gain=0.809781 1.72557 1.0557 1.28194 0.973775 0.843023 1.15775 0.752994 0.736394 1.73481 2.80226 1.01786 1.68579 0.818327 1.31448 1.46314 1.72881 1.59915 1.00207 0.954112 0.810252 0.737653 1.1604 0.742907 0.876618 0.94236 0.914337 0.814178 0.787671 0.696668
threshold=-0.48824748634933829 -0.037149442830758876 0.029438000999075457 0.030560716771395605 -0.012508695811735191 0.53434162784045902 0.33159016247326917 0.092157742695746961 -0.00065789057511123062 0.045982054922578681 0.33233641778545669 0.0031845898083867623 -0.013590146399885259 0.057570789081387914 0.060254427512154048 0.06255825998749355 0.3444042605413366 0.089167889720246488 -0.010984624726183776 0.023121129132928412 0.02578018451374595 0.0023424232082785994 0.0002101400880069049 -0.0019771611584644684 -0.0072745157566194698 0.00047549663905221978 -0.0096344036534528592 -0.0038527680554427675 -0.016520049128507071 0.020490120982647578
decision_type=2 2 2 2 2 10 2 2 2 2 10 2 2 2 2 10 10 2 2 10 2 2 2 2 2 2 2 2 2 2
left_child=1 -1 4 -4 -3 29 -7 8 13 10 11 12 -10 19 -15 -16 17 18 -17 -5 -19 22 23 24 28 26 -26 -28 -11 -2
right_child=5 2 3 7 -6 6 -8 -9 9 21 -12 -13 -14 14 15 16 -18 20 -20 -21 -22 -23 -24 -25 25 -27 27 -29 -30 -31
leaf_value=0.0011038009632094929 6.7873916280558025e-07 0.0003339628382571116 0.00027495383927614699 -1.4315610006040859e-05 -5.3017430006871199e-05 0.0028272804897442228 0.00049573508692817079 0.00045743560050362617 6.4320120204909551e-05 9.2597777496167662e-05 0.0011893473024014686 2.5124785738925938e-05 0.00035159485059325858 0.00014652121748374633 -8.7594675938231157e-05 0.00020316055776581127 -0.00018299013652102038 0.00013459050841462111 0.00041970510803232206 -0.00024439680507345676 -7.0415018991086545e-05 -0.00015932762638488481 0.00058673169671155006 -0.00038478469725260157 0.00038785255036681825 -3.8985516886222091e-05 0.00022260733061372172 -0.00016041935371773931 -0.00021787088000264812 -9.6097578187370308e-05
leaf_weight=51 30400 42 66 536 13704 46 133 55 101 232 40 222 46 116 1179 42 74 40 50 478 89 220 45 83 51 109 79 44 218 2611
leaf_count=51 30400 42 66 536 13704 46 133 55 101 232 40 222 46 116 1179 42 74 40 50 478 89 220 45 83 51 109 79 44 218 2611
internal_value=-0.000188666 -0.000458584 -0.000484662 0.000207591 -0.000696931 -4.21826e-05 0.00337989 9.76127e-05 1.95396e-05 0.000906039 0.00367971 0.00231707 0.00554422 -0.000487712 0.000220125 -0.000183176 0.0029661 0.00518099 0.0102174 -0.00159763 0.00158915 -0.000143387 0.00051684 8.57831e-05 0.00059345 0.00277385 0.00505747 0.00272358 -0.000777779 -6.07385e-05
internal_weight=51202 18012 17961 4215 13746 33190 179 4149 4094 1490 409 369 147 2604 1590 1474 295 221 92 1014 129 1081 861 816 733 283 174 123 450 33011
internal_count=51202 18012 17961 4215 13746 33190 179 4149 4094 1490 409 369 147 2604 1590 1474 295 221 92 1014 129 1081 861 816 733 283 174 123 450 33011
is_linear=0
shrinkage=0.05


Tree=114
num_leaves=31
num_cat=0
split_feature=16 7 1 7 9 6 10 13 11 11 4 1 15 11 10 13 10 13 3 13 15 11 3 10 6 9 11 10 9 13
split_gain=0.801761 1.03876 1.61775 0.924469 1.15258 1.31936 0.967867 0.83456 0.773375 0.739396 0.6586 0.62549 1.09975 0.973264 1.91653 1.92052 1.48877 1.34487 1.54349 1.2342 1.50692 2.84052 1.86648 1.13567 1.12293 1.0489 0.978676 1.23085 1.20504 1.0941
threshold=-0.062749583771881765 0.0070652527727289591 -0.032606198668989554 -0.20128334917171334 -0.0041538361577668761 0.45720434420416001 -0.0067260257632843481 31.844999313354496 0.050492682028646547 0.053184240737224282 0.10200225379088555 -0.041869656888133482 0.037814814954919125 -0.017638960680292966 0.0041080553382388816 27.070000648498539 0.0099554586299021048 23.604999542236332 -0.0045912925825251629 20.659999847412113 -0.0073297806830554526 -0.028866681392767265 0.0040469980933641745 -0.016935557307996004 0.39276093108676108 0.15592043785432144 -0.011803464465557354 -0.016935557307996004 -0.16534564142674898 19.010000228881839
decision_type=2 2 2 2 8 2 2 2 2 2 2 2 2 2 2 2 2 2 2 2 2 2 2 2 2 8 2 2 10 2
left_child=1 2 3 -1 -5 6 -6 8 10 -9 11 12 -2 14 15 17 -16 19 -19 20 23 -22 24 -13 -23 -24 28 -28 -15 -30
right_child=7 -3 -4 4 5 -7 -8 9 -10 -11 -12 13 -14 26 16 -17 -18 18 -20 -21 21 22 25 -25 -26 -27 27 -29 29 -31
leaf_value=0.00097218251651192604 -6.452007668378756e-05 -0.00029466856838788287 0.00043551352319575224 -9.5984588050249399e-05 -0.00016396994355247847 0.00043716126897779656 0.00063934995037516853 -0.00048798802093551571 -0.00022356073747602343 0.00011183569862729144 0.0011674882759164192 0.00058868896394472317 0.00057949382947385282 -0.00035307680374909508 -0.00035442427329171786 -0.0002812501555781422 6.8489406635107396e-05 0.00052194685604407853 0.00017162986207757542 -4.1465649445745253e-05 -0.00022576401039201403 8.31661830190365e-05 0.00042801651505046905 -2.9304249106485018e-05 0.0009150936363687362 0.00072588314804894461 0.00024856497686061378 -1.4502237149010186e-05 0.00010360539273940788 -0.00015493415891096424
leaf_weight=52 6899 97 80 340 55 61 53 238 491 55 141 70 52 565 407 222 279 202 234 657 115 277 77 616 45 93 58 37232 472 721
leaf_count=52 6899 97 80 340 55 61 53 238 491 55 141 70 52 565 407 222 279 202 234 657 115 277 77 616 45 93 58 37232 472 721
internal_value=-0.000267487 0.00136856 0.00209828 0.00114973 0.000500981 0.00387574 0.000555554 -0.00029153 -0.000275915 -0.00295222 -0.000256303 -0.000266063 -0.000705655 -0.000193899 0.00063145 0.00125 -0.00172012 0.00166387 0.00417431 0.00110256 0.00199923 0.00381384 0.00546748 0.000393585 0.00322981 0.00970588 -0.000263523 -0.000209173 -0.00141638 -0.000515508
internal_weight=50956 738 641 561 509 169 108 50218 49925 293 49434 49293 6951 42342 3294 2608 686 2386 436 1950 1293 607 492 686 322 170 39048 37290 1758 1193
internal_count=50956 738 641 561 509 169 108 50218 49925 293 49434 49293 6951 42342 3294 2608 686 2386 436 1950 1293 607 492 686 322 170 39048 37290 1758 1193
is_linear=0
shrinkage=0.05


Tree=115
num_leaves=31
num_cat=0
split_feature=8 13 13 10 13 13 16 16 9 15 10 11 12 8 4 10 13 11 9 11 4 6 16 11 10 9 15 15 12 14
split_gain=0.779891 1.00815 1.57372 2.63247 1.45499 1.33026 1.29363 2.39987 1.34674 1.22192 1.53311 1.6251 1.76321 1.18833 1.17658 1.16367 1.71887 2.45706 2.87112 3.15597 1.87746 1.87356 1.63424 1.82127 1.61197 1.57628 1.28979 1.21884 1.1606 1.15501
threshold=-0.115565523810066 14.734999656677248 14.904999732971193 0.0066242939925211805 14.920000076293947 13.554999828338625 0.00022483155718189265 -0.0013322872067790812 0.50252355653263137 0.0047091317993352986 0.0090796320143422555 0.013370913918319573 0.0359090683716582 0.090970404987629885 0.052598925502777623 -0.0040528698401939281 13.085000038146974 0.012360960719592808 -0.06790068580268975 0.025024628746897374 0.022185146919438559 0.82958200805433602 0.024204920507731712 0.011258246929470419 -0.0072745157566194698 -0.019251902678420026 -0.0025394675955743291 -0.003145827266998857 0.015576171273286367 0.041398643260536445
decision_type=10 2 2 2 2 2 2 2 8 2 2 2 2 10 2 2 2 2 10 2 2 2 2 2 2 8 2 2 2 2
left_child=-1 5 3 29 -4 15 7 13 -9 -8 11 12 -11 -7 28 24 22 21 19 20 -19 25 23 27 -2 -18 -24 -17 -15 -3
right_child=1 2 4 -5 -6 6 9 8 -10 10 -12 -13 -14 14 -16 16 17 18 -20 -21 -22 -23 26 -25 -26 -27 -28 -29 -30 -31
leaf_value=-8.1850471422713336e-05 8.9337036854829561e-05 4.0666325878424668e-05 -0.0004177332056532879 0.0015587093387909702 -3.4594831671244788e-06 -7.6215594039843901e-05 -0.00023975173585485989 0.0002834912861970329 -6.5772781520125721e-05 0.00038976362413987038 -0.00018586027427825103 -3.6694820081736336e-05 -0.0002979679743107967 0.00062853792925272607 -0.00053399009028327145 0.00032875864237322103 -7.0933923164603958e-05 9.8991903074108957e-05 -0.00019971481650826397 -4.6363960563489348e-05 0.001004370546316194 -0.00011620505086981327 -0.00035159188447043705 -0.00036166560308077266 -0.0005501968501374397 0.00024127630294791229 7.0315689114217614e-05 -8.0745354859135607e-05 0.00014136163136319247 0.00053165627687704433
leaf_weight=5163 183 956 240 54 30596 1983 2048 113 71 185 916 722 59 65 56 125 114 42 868 210 68 224 115 597 368 919 1911 1725 315 119
leaf_count=5163 183 956 240 54 30596 1983 2048 113 71 185 916 722 59 65 56 125 114 42 868 210 68 224 115 597 368 919 1911 1725 315 119
internal_value=-0.000233719 -0.000168274 -1.3297e-05 0.00182019 -8.04267e-05 -0.000522069 -0.00104317 -0.000178641 0.00532609 -0.00161578 -0.000696069 0.000693581 0.00422131 -0.000597355 0.00176605 -6.62751e-05 0.000109857 0.00117587 -0.000454547 0.00359375 0.0104545 0.00271678 -0.000472838 -0.00134246 -0.00227768 0.00361568 0.000577491 -0.000567569 0.00276316 0.00127907
internal_weight=51130 45967 31965 1129 30836 14002 6533 2603 184 3930 1882 966 244 2419 436 7469 6918 2445 1188 320 110 1257 4473 2447 551 1033 2026 1850 380 1075
internal_count=51130 45967 31965 1129 30836 14002 6533 2603 184 3930 1882 966 244 2419 436 7469 6918 2445 1188 320 110 1257 4473 2447 551 1033 2026 1850 380 1075
is_linear=0
shrinkage=0.05


Tree=116
num_leaves=31
num_cat=0
split_feature=6 11 11 6 15 6 15 16 12 14 14 12 13 12 9 1 12 9 0 15 13 8 15 3 12 11 15 6 11 11
split_gain=0.869799 1.19242 1.45989 0.929847 0.791165 0.769959 0.815 1.38163 1.26923 0.761254 3.05519 2.51887 1.97093 1.67338 2.38076 1.39123 1.20468 1.35993 1.18982 1.14383 1.11689 1.06234 1.15318 0.957511 0.942117 1.28017 1.51634 2.90795 1.12078 0.941097
threshold=-0.42820665021483412 0.044463643697869822 0.040036365268930958 -0.72238913225669854 0.020490120982647578 -0.40008105463446875 0.0016553279865119121 -0.016683500535042469 0.040854121966551922 -0.037511825146214865 -0.039568606403770572 0.027728982804785422 16.935000419616703 -0.0039943818994799254 0.066101574729182336 0.0028566857020880802 0.058395912438342197 0.18742278913999069 0.0058705078219495341 0.020109878744193569 23.409999847412113 -0.029076838755227815 0.0075233355459652937 0.0041470874488270812 0.048152428754814187 0.016655619165508066 0.0085864370873487434 0.39276093108676108 0.0094831992446228214 -0.016802988211636779
decision_type=2 2 2 2 2 2 2 2 2 2 2 2 2 2 8 2 2 10 2 2 2 8 2 2 2 2 2 2 2 2
left_child=1 2 -1 -4 5 6 -2 -8 -9 10 12 21 13 14 15 -7 19 -18 -16 24 -14 -12 -23 -24 25 28 27 -27 -15 -11
right_child=4 -3 3 -5 -6 9 7 8 -10 29 11 -13 20 16 18 -17 17 -19 -20 -21 -22 22 23 -25 -26 26 -28 -29 -30 -31
leaf_value=-3.2217962750982784e-05 -2.3401668484462164e-05 -0.00019324270163786924 0.00057820228642706847 -5.1519995126397869e-05 -9.6846984585474905e-05 0.00047504829512814658 0.00035409353645220182 2.2784464582215069e-05 0.00041629262388294738 6.6058480224842473e-05 0.0005319154928011342 0.00098198835699804836 -0.00013036246624287899 4.3261217147755673e-05 0.00048859666305656527 0.0021163513268478702 0.00039903845419528712 -0.00028006445511136147 -6.3676436395357586e-05 0.00025752586505254347 3.8441698751262607e-05 -0.00013240742568182415 0.0011921688708806367 -2.4957021132035258e-05 -0.00020603800606932296 8.3436238167950929e-06 6.7446420052702925e-05 0.0016055409820528708 -0.00027306717440744909 -2.4199958172770144e-05
leaf_weight=19020 377 589 63 49 2545 78 46 244 102 3643 115 146 1929 1393 68 53 115 44 176 57 495 132 40 67 250 96 380 74 491 18254
leaf_count=19020 377 589 63 49 2545 78 46 244 102 3643 115 146 1929 1393 68 53 115 44 176 57 495 132 40 67 250 96 380 74 491 18254
internal_value=-0.000231857 -0.000492116 -0.000423898 0.00526786 -6.84507e-05 6.06151e-06 0.00156697 0.00316326 0.00208092 -3.66612e-05 0.000452491 0.0042 0.000123705 0.000923663 0.00406667 0.00950382 0.00051724 0.00474843 0.00114754 0.000271797 -0.000957097 0.0019209 2.09193e-05 0.0038785 0.00012295 0.000423171 0.00254545 0.00647059 -0.000196392 -0.000175139
internal_weight=51131 19721 19132 112 31410 28865 769 392 346 28096 6199 500 5699 3275 375 131 2900 159 244 2741 2424 354 239 107 2684 2434 550 170 1884 21897
internal_count=51131 19721 19132 112 31410 28865 769 392 346 28096 6199 500 5699 3275 375 131 2900 159 244 2741 2424 354 239 107 2684 2434 550 170 1884 21897
is_linear=0
shrinkage=0.05


Tree=117
num_leaves=31
num_cat=0
split_feature=16 4 1 0 10 15 15 12 0 2 1 16 16 8 10 10 10 9 9 16 1 5 9 10 10 1 12 15 3 14
split_gain=0.780285 0.630616 0.605969 0.551113 0.548966 0.566363 2.70054 1.77257 2.02776 1.44339 2.66841 1.13953 2.87865 2.11466 1.79393 1.81439 2.04075 4.69744 1.7237 1.58249 1.65768 1.7493 1.56644 3.4585 3.37854 2.39496 1.62232 2.38045 1.82096 1.49051
threshold=0.0943569582100965 0.10200225379088555 -0.15477414440795714 0.035731881681910667 0.069033394894507452 0.0081647516386068614 0.0089040322559191826 0.028594674510006083 0.035731881681910667 0.054949329047977565 -0.004234048940952472 -0.0002568790362216799 -0.00076033019236748645 0.038148213505359692 -0.00022437714483986013 -0.0014016690125979168 -0.0012648702969264012 -0.089387356404733539 0.37742188979871144 0.027813254847060768 0.04338144159222302 0.019634099658518943 -0.021253028866974496 0.00090086264031330476 0.0012069749261046649 -0.030486715958218721 0.040552119316072284 0.0030727915793857812 -0.0044641119210134797 0.16537685982304043
decision_type=2 2 2 2 2 2 2 2 2 2 2 2 2 10 2 2 2 10 8 2 2 2 10 2 2 2 2 2 2 2
left_child=1 4 -3 -4 5 11 7 -7 9 -9 -11 12 22 -14 15 -13 17 -17 -15 -18 21 -21 -1 29 25 -25 27 28 -26 -24
right_child=-2 2 3 -5 -6 6 -8 8 -10 10 -12 14 13 18 -16 16 19 -19 -20 20 -22 -23 23 24 26 -27 -28 -29 -30 -31
leaf_value=-3.9705171957221879e-05 -0.00023254916525482623 0.0011139549157319546 -0.00027606842400947084 0.0014729161844290834 -0.0020676298993649745 1.9299676244631225e-05 -1.2431537401410502e-05 5.0573595310189021e-05 0.0027309851818327043 0.0006675772795709722 0.0002718945727589928 -2.5946953004720845e-05 6.288936272540913e-05 0.000155646460241415 -9.1631430403475939e-05 0.0009090450935042171 -1.5496166797427275e-05 8.7575450674021594e-05 0.0032084855324230575 0.00022632900729546083 -0.000130995409828806 0.0017710653693068477 -2.4127683386312994e-05 0.0010728914571967643 -7.8523939528791877e-06 0.00019978956584229646 -0.00040568862248675162 1.1922167580707241e-06 0.00037141780158427712 0.00015156513356693092
leaf_weight=8207 174 48 108 41 60 503 13450 265 43 42 235 7003 126 68 10332 43 1243 203 46 166 127 75 6067 67 150 174 154 753 439 526
leaf_count=8207 174 48 108 41 60 503 13450 265 43 42 235 7003 126 68 10332 43 1243 203 46 166 127 75 6067 67 150 174 154 753 439 526
internal_value=-0.000220662 -0.000209205 0.00261421 0.00104027 -0.000220204 -0.000214526 4.88363e-05 0.00244485 0.00431624 0.00348708 0.00601083 -0.000320972 -1.9969e-05 0.00541667 -0.000584099 -6.20779e-05 0.00132741 0.0055691 0.0103509 0.000679701 0.00355978 0.00599585 -9.88704e-05 0.000384152 0.00236903 0.00786307 0.00148396 0.00204173 0.00442275 -0.000138785
internal_weight=50938 50764 197 149 50567 50507 14538 1088 585 542 277 35969 16777 240 19192 8860 1857 246 114 1611 368 241 16537 8330 1737 241 1496 1342 589 6593
internal_count=50938 50764 197 149 50567 50507 14538 1088 585 542 277 35969 16777 240 19192 8860 1857 246 114 1611 368 241 16537 8330 1737 241 1496 1342 589 6593
is_linear=0
shrinkage=0.05


Tree=118
num_leaves=31
num_cat=0
split_feature=5 15 10 11 10 10 9 7 2 15 10 8 11 10 11 11 0 15 15 16 13 9 13 10 8 4 16 15 11 13
split_gain=0.936172 0.84701 1.30861 1.06507 1.05031 1.04333 1.688 1.41678 1.07745 0.988915 1.6297 1.18589 1.96205 2.51458 1.75591 1.85512 1.51857 1.43797 3.61152 2.16297 2.25071 1.97012 2.97005 2.01288 1.84064 1.78605 1.5702 1.79458 1.26104 2.25736
threshold=0.009533400457205304 0.015717583502111058 0.0078861998307097076 0.050492682028646547 0.002679663391510712 0.0095076274836749537 0.2651545732660569 0.056244801528191342 -0.095321668768031373 0.014861054805156317 0.0056625653487155656 -0.018591698484470173 0.0015109645581827815 0.012020703086552011 0.001067718638755544 0.0013310073142193126 0.0039982676953670424 0.0023424232082785994 0.0022156402093486132 -0.0035581923153395474 13.194999694824221 0.036898909838241851 15.355000019073488 -0.00015912120521216486 0.1063186132966696 0.026099654262723492 -0.04304369717818151 0.0072677656596600313 0.003505922146060048 12.88000011444092
decision_type=2 2 2 2 2 2 8 2 2 2 2 10 2 2 2 2 2 2 2 2 2 10 2 2 10 2 2 2 2 2
left_child=-1 3 4 9 -3 6 8 -8 -4 11 -11 -2 13 14 17 16 -16 18 19 20 24 23 -23 -21 25 -13 27 -19 29 -14
right_child=1 2 5 -5 -6 -7 7 -9 -10 10 -12 12 28 -15 15 -17 -18 26 -20 21 -22 22 -24 -25 -26 -27 -28 -29 -30 -31
leaf_value=-4.7897772064456535e-05 -3.3229142583856353e-05 0.00057553379888960067 0.00060224123255817421 -0.00022990597129740245 -0.00031506363313576059 -5.49357533337069e-05 0.0014041274691641702 0.00012150775059701532 -0.00012098051226505367 0.00042884643309205433 6.5524014448534076e-05 0.00012473844928063239 0.00040448569211868956 0.00070651145908216741 0.0013841948611565808 8.1332233390515071e-05 0.00056533847763340567 0.00045177734078620508 0.0010336061527576222 0.00054909877465212753 4.8020652993077116e-06 0.00042892862262683808 -0.00013006097491755872 -0.00049224710201268976 -0.00017398015354527687 0.00070397834961294836 -7.6958388527141955e-05 -0.00011372626642801706 -1.9533784253709676e-06 -0.0001958311187929337
leaf_weight=2446 14966 51 54 427 1096 4113 127 146 379 114 623 129 96 69 47 145 72 63 162 510 5277 183 401 57 57 86 2324 56 15380 1548
leaf_count=2446 14966 51 54 427 1096 4113 127 146 379 114 623 129 96 69 47 145 72 63 162 510 5277 183 401 57 57 86 2324 56 15380 1548
internal_value=-0.000182018 -0.000134133 -0.000692257 -5.63201e-05 -0.00221011 -0.000330983 0.00144476 0.00452381 -0.000496537 -3.1277e-05 0.00178426 -6.342e-05 0.000136523 0.000706577 0.000637997 0.00465909 0.00928571 0.000523911 0.000894782 0.000716417 0.000307261 0.00268896 0.000650684 0.00478836 0.00474265 0.00686046 -0.000517807 0.00508403 -0.000186209 -0.00150243
internal_weight=51204 48758 5966 42792 1147 4819 706 273 433 42365 737 41628 26662 9638 9569 264 119 9305 6862 6700 5549 1151 584 567 272 215 2443 119 17024 1644
internal_count=51204 48758 5966 42792 1147 4819 706 273 433 42365 737 41628 26662 9638 9569 264 119 9305 6862 6700 5549 1151 584 567 272 215 2443 119 17024 1644
is_linear=0
shrinkage=0.05


Tree=119
num_leaves=31
num_cat=0
split_feature=11 14 9 14 14 11 9 5 16 7 11 5 15 0 13 2 9 2 13 13 13 15 10 5 9 9 15 16 16 16
split_gain=0.660689 1.12431 2.34146 0.993861 1.36937 0.988245 1.30659 1.10469 0.912623 1.6251 0.837884 0.821742 1.1046 0.807282 1.70036 0.761905 0.800065 0.713079 0.671157 1.43293 2.23994 2.33503 2.97999 1.65899 1.48855 1.74329 1.29288 1.23391 1.72008 1.45466
threshold=0.037714615631601174 0.021941009830483863 0.077594312275781077 -0.069744182185856193 -0.10816573528732347 0.034061321951450181 inf 0.014467527374396988 0.051783874987830887 0.073488303882727327 0.032599070140324489 0.014206901205356748 0.001363623949622639 0.0036936576626228628 16.285000801086429 -0.031254820051413883 -0.091882719343473182 -0.011840710267118857 14.734999656677248 15.355000019073488 15.295000076293947 0.0098873150151922457 0.0063179142328150259 0.012866936079228486 -0.025245514928048492 0.21729225302319058 0.0015548319214788722 0.00022483155718189265 -0.0021006376853651694 0.027199960789394798
decision_type=2 2 10 2 2 2 8 2 2 2 2 2 2 2 2 2 8 2 2 2 2 2 2 2 10 10 2 2 2 2
left_child=5 3 -3 4 -2 10 7 -7 9 13 18 12 -5 14 -9 16 -6 -10 26 20 21 22 -20 -24 -22 -26 27 28 -1 -29
right_child=1 2 -4 11 15 6 -8 8 17 -11 -12 -13 -14 -15 -16 -17 -18 -19 19 -21 24 -23 23 -25 25 -27 -28 29 -30 -31
leaf_value=-4.2585702655750302e-05 -0.00021716832651562531 -9.0330765043913376e-05 0.0008756755579323851 0.00026942423547463934 0.00011910700884617662 -5.6280567280700946e-05 -0.00039088786381319347 -7.9356709323550177e-05 -0.00028716452651573137 -1.2514900874251766e-05 -0.00031831894319240731 -0.00025137153005855913 -6.3572146099478009e-05 0.0015673303096205233 0.0007666123204592845 3.3308740217315076e-05 0.00071565316163963713 0.00052739593935313721 5.4829646912325188e-05 -1.201019294519007e-05 0.001468834935265592 -0.00023322007057169472 1.598460070087379e-05 0.00046288706521734665 2.2218399841327402e-05 0.0015216020342037695 -7.1439109451520396e-06 -0.00018119870624852367 0.00028953052196025142 5.8023582692875192e-06
leaf_weight=2194 185 82 41 42 56 154 126 51 76 72 180 1309 203 56 47 75 44 165 1923 31344 53 615 56 124 134 66 7879 2545 260 897
leaf_count=2194 185 82 41 42 56 154 126 51 76 72 180 1309 203 56 47 75 44 165 1923 31344 53 615 56 124 134 66 7879 2545 260 897
internal_value=-0.000214872 -0.0010972 0.00353658 -0.00139499 0.000972221 -0.000178205 0.0016265 0.00256844 0.00377944 0.00606195 -0.000206133 -0.00194337 0.000714285 0.00896104 0.00622449 0.00414286 0.007 0.001639 -0.000193389 -7.50413e-05 0.000974418 0.000555554 0.00134807 0.0075 0.00547431 0.0035 -0.000488204 -0.00104817 -0.000191525 -0.00165892
internal_weight=51054 2037 123 1914 360 49017 747 621 467 226 48270 1554 245 154 98 175 100 241 48090 34315 2971 2718 2103 180 253 200 13775 5896 2454 3442
internal_count=51054 2037 123 1914 360 49017 747 621 467 226 48270 1554 245 154 98 175 100 241 48090 34315 2971 2718 2103 180 253 200 13775 5896 2454 3442
is_linear=0
shrinkage=0.05


end of trees

feature_importances:
vix_level=406
spy_ret_5d=381
spy_ret_20d=349
spy_ret_1d=315
sector_ret_5d=273
sector_ret_1d=263
vix_chg_1d=262
dist_ma200=221
dvol_z_20=199
atr_pct=196
parkinson_20=159
overnight_gap=145
dist_ma50=136
ret_5d=105
dist_ma20=70
ret_1d=67
ret_20d=53

parameters:
[boosting: gbdt]
[objective: quantile]
[metric: quantile]
[tree_learner: serial]
[device_type: cpu]
[data_sample_strategy: bagging]
[data: ]
[valid: ]
[num_iterations: 120]
[learning_rate: 0.05]
[num_leaves: 31]
[num_threads: -1]
[seed: 0]
[deterministic: 0]
[force_col_wise: 1]
[force_row_wise: 0]
[histogram_pool_size: -1]
[max_depth: -1]
[min_data_in_leaf: 40]
[min_sum_hessian_in_leaf: 0.001]
[bagging_fraction: 0.85]
[pos_bagging_fraction: 1]
[neg_bagging_fraction: 1]
[bagging_freq: 1]
[bagging_seed: 3]
[bagging_by_query: 0]
[feature_fraction: 0.85]
[feature_fraction_bynode: 1]
[feature_fraction_seed: 2]
[extra_trees: 0]
[extra_seed: 6]
[early_stopping_round: 0]
[early_stopping_min_delta: 0]
[first_metric_only: 0]
[max_delta_step: 0]
[lambda_l1: 0]
[lambda_l2: 0]
[linear_lambda: 0]
[min_gain_to_split: 0]
[drop_rate: 0.1]
[max_drop: 50]
[skip_drop: 0.5]
[xgboost_dart_mode: 0]
[uniform_drop: 0]
[drop_seed: 4]
[top_rate: 0.2]
[other_rate: 0.1]
[min_data_per_group: 100]
[max_cat_threshold: 32]
[cat_l2: 10]
[cat_smooth: 10]
[max_cat_to_onehot: 4]
[top_k: 20]
[monotone_constraints: ]
[monotone_constraints_method: basic]
[monotone_penalty: 0]
[feature_contri: ]
[forcedsplits_filename: ]
[refit_decay_rate: 0.9]
[cegb_tradeoff: 1]
[cegb_penalty_split: 0]
[cegb_penalty_feature_lazy: ]
[cegb_penalty_feature_coupled: ]
[path_smooth: 0]
[interaction_constraints: ]
[verbosity: -1]
[saved_feature_importance_type: 0]
[use_quantized_grad: 0]
[num_grad_quant_bins: 4]
[quant_train_renew_leaf: 0]
[stochastic_rounding: 1]
[linear_tree: 0]
[max_bin: 255]
[max_bin_by_feature: ]
[min_data_in_bin: 3]
[bin_construct_sample_cnt: 200000]
[data_random_seed: 1]
[is_enable_sparse: 1]
[enable_bundle: 1]
[use_missing: 1]
[zero_as_missing: 0]
[feature_pre_filter: 1]
[pre_partition: 0]
[two_round: 0]
[header: 0]
[label_column: ]
[weight_column: ]
[group_column: ]
[ignore_column: ]
[categorical_feature: ]
[forcedbins_filename: ]
[precise_float_parser: 0]
[parser_config_file: ]
[objective_seed: 5]
[num_class: 1]
[is_unbalance: 0]
[scale_pos_weight: 1]
[sigmoid: 1]
[boost_from_average: 1]
[reg_sqrt: 0]
[alpha: 0.9]
[fair_c: 1]
[poisson_max_delta_step: 0.7]
[tweedie_variance_power: 1.5]
[lambdarank_truncation_level: 30]
[lambdarank_norm: 1]
[label_gain: ]
[lambdarank_position_bias_regularization: 0]
[eval_at: ]
[multi_error_top_k: 1]
[auc_mu_weights: ]
[num_machines: 1]
[local_listen_port: 12400]
[time_out: 120]
[machine_list_filename: ]
[machines: ]
[gpu_platform_id: -1]
[gpu_device_id: -1]
[gpu_device_id_list: ]
[gpu_use_dp: 0]
[num_gpu: 1]

end of parameters

pandas_categorical:[]
