tree
version=v4
num_class=1
num_tree_per_iteration=1
label_index=0
max_feature_idx=16
objective=quantile
feature_names=ret_1d ret_5d ret_20d overnight_gap atr_pct parkinson_20 dvol_z_20 dist_ma20 dist_ma50 dist_ma200 spy_ret_1d spy_ret_5d spy_ret_20d vix_level vix_chg_1d sector_ret_1d sector_ret_5d
feature_infos=[-0.40658321743161796:0.27493744631586803] [-0.42683145262403721:0.39145841104065648] [-0.54474845542806705:0.64874770922419045] [-0.38803894297635599:0.2399806431745195] [0.010354812831070153:0.11546301467955603] [0.0065082282167763386:0.063664246101473837] [-3.0392526473085399:4.3372997683429935] [-0.41700788405744282:0.42573033618838574] [-0.45357259536084527:0.68600682593856654] [-0.6223279510368942:0.87315530256076168] [-0.058542947643003718:0.10501933612632941] [-0.11496158439845272:0.082843216242346029] [-0.12265592443394913:0.15756596870864792] [11.859999656677246:52.330001831054688] [-0.35753873962348437:0.74039073966007019] [-0.054845245580940394:0.043465182734245822] [-0.079035682487500813:0.068782287822878097]
tree_sizes=2951 3021 3015 3018 3014 3024 2999 3019 3010 3030 3033 3033 3048 3009 3009 3038 3015 3012 2996 3019 3022 3039 3055 3027 3042 3032 3036 3040 3039 3084 3029 3016 3022 3049 3017 3041 3020 3038 3049 3005 3050 3055 3044

Tree=0
num_leaves=31
num_cat=0
split_feature=4 10 12 6 15 13 5 5 5 5 13 13 13 10 10 15 16 14 16 16 5 6 6 10 5 10 10 3 3 16
split_gain=101.799 36.6061 23.4769 22.8366 21.1962 20.5647 15.2297 13.9265 9.31327 8.25173 6.19765 5.41313 10.9454 5.38808 4.66673 5.98476 4.13225 3.64699 3.70268 6.85356 3.42806 3.2293 3.20962 2.55634 2.34783 2.28121 2.13948 2.07508 2.85095 1.95811
threshold=0.032822352630170186 -0.029463617054616639 -0.049048441539310476 0.7556335947388314 0.027809298544112186 43.015001296997077 0.036348666647424414 0.013589097689562053 0.015038703522533789 0.021748291983630933 27.855000495910648 21.134999275207523 21.555000305175785 0.0069016161963192388 -0.017312021268647334 -0.0020061769611072751 -0.004951981032723706 0.23397195059943568 -0.026943830130190301 -0.025534419098128088 0.023020072181415462 0.66906767032617676 0.32695377754561789 -0.017312021268647334 0.011467505734843937 0.0022328849049373383 -0.01853412807423643 -0.010938555229869749 0.0030539982302310036 -0.0016867060551888355
decision_type=2 2 2 2 2 2 2 2 2 2 2 2 2 2 2 2 2 2 2 2 2 2 2 2 2 2 2 2 2 2
left_child=1 2 -1 7 5 6 9 -3 24 21 -10 20 16 27 15 26 -13 18 -11 -20 25 -2 23 -21 -5 29 -14 -8 -29 -9
right_child=4 3 -4 8 -6 -7 13 11 10 17 -12 12 14 -15 -16 -17 -18 -19 19 22 -22 -23 -24 -25 -26 -27 -28 28 -30 -31
leaf_value=-0.030863334996039365 -0.02859319283862034 -0.0280675845507358 -0.027999589266838921 -0.02822757583158144 -0.03211997842235384 -0.030381565952525148 -0.030930592712624178 -0.028461868033462737 -0.02884109571224 -0.028581511319133009 -0.029600323371115241 -0.028620574356500141 -0.028251289865465063 -0.028777194409743426 -0.028383687609319839 -0.029060892103009658 -0.029371809623868057 -0.030642249514571823 -0.029910808518795906 -0.029792539098199299 -0.028773517996412243 -0.029154798381276718 -0.029341112100586462 -0.028904429466295248 -0.028571691947284684 -0.028229688592993851 -0.029118573218040143 -0.029521744430585726 -0.030839708497760843 -0.028283746912937245
leaf_weight=79 2008 12807 45 1577 52 74 67 2919 2140 399 63 63 115 82 1594 46 120 52 56 62 211 566 818 2684 2742 5970 70 94 70 4427
leaf_count=79 2008 12807 45 1577 52 74 67 2919 2140 399 63 63 115 82 1594 46 120 52 56 62 211 566 818 2684 2742 5970 70 94 70 4427
internal_value=-0.0284752 -0.0273685 -0.054487 -0.0272721 -0.0339411 -0.0337059 -0.0334271 -0.0266582 -0.0299397 -0.0329194 -0.0325852 -0.0276645 -0.030087 -0.0442054 -0.028918 -0.0355598 -0.0417446 -0.0343204 -0.0341502 -0.0346541 -0.0273049 -0.0307036 -0.0343814 -0.0335624 -0.0285903 -0.0272047 -0.0315467 -0.0481139 -0.0450849 -0.0277947
internal_weight=42072 34988 124 34864 7084 7032 6958 28342 6522 6645 2203 15535 2008 313 1825 231 183 4071 4019 3620 13527 2574 3564 2746 4319 13316 185 231 164 7346
internal_count=42072 34988 124 34864 7084 7032 6958 28342 6522 6645 2203 15535 2008 313 1825 231 183 4071 4019 3620 13527 2574 3564 2746 4319 13316 185 231 164 7346
is_linear=0
shrinkage=1


Tree=1
num_leaves=31
num_cat=0
split_feature=5 12 13 5 10 10 12 4 16 10 10 5 3 14 10 11 11 13 3 12 8 3 12 5 12 14 16 3 5 1
split_gain=92.1678 34.5359 20.568 15.8616 14.7696 14.5796 13.6093 11.3826 9.95843 10.6816 7.09301 7.20666 5.19989 3.7822 3.17429 2.99065 3.30964 6.95896 3.51757 2.86837 2.84162 2.76074 2.55119 2.45344 2.41269 2.16595 2.12935 2.11572 2.07264 3.00457
threshold=0.019284137655512009 -0.087458765142185854 43.015001296997077 0.013589097689562053 0.031057644580603009 -0.017312021268647334 -0.030911518629535614 0.03460836644635578 -0.012735429866057744 -0.01853412807423643 0.0093970870418219627 0.033795988625838567 0.013522605556094637 0.18763840935801293 0.0082345792239612043 0.010813393583964605 -0.022310337551763478 27.365000724792484 -0.010580943447397849 0.12384637745116912 -0.039164545161465995 -0.0048398079445445821 0.10123019596275297 0.016553392370704498 0.039535429678634555 -0.043478201036805324 0.0051778374353466114 -0.0048398079445445821 0.0224270223168716 -0.11557806647397888
decision_type=2 2 2 2 2 2 2 2 2 2 2 2 2 2 2 2 2 2 2 2 10 2 2 2 2 2 2 2 2 2
left_child=1 -1 4 -3 7 6 8 13 -5 -10 11 12 14 27 15 16 25 18 -18 23 -13 -4 24 -7 28 -9 -25 -2 -20 -30
right_child=2 3 21 5 -6 19 -8 10 9 -11 -12 20 -14 -15 -16 -17 17 -19 22 -21 -22 -23 -24 26 -26 -27 -28 -29 29 -31
leaf_value=-0.0013132978633608775 -0.00036354799779855307 0.00031318771488901288 -0.0021720951743600071 -0.000627102128288047 -0.003157902702330591 0.00011646006369478055 0.0001494197181223883 -0.0011684494256499992 -0.002144099584915596 -0.00073669087912195841 -0.00021908759992559677 -0.0011090626287546873 -0.0011127522676480624 -0.0017218497362608413 -0.0013653002115317754 -0.00037397020923718064 -0.001298134203758145 -0.0011783020518032906 -0.00048437810008983631 -0.00057199987811546577 -0.0024790743604027957 -0.0014467523588149287 -0.0012332088265031437 -0.0001085179403388285 -7.0170612821217343e-05 -0.00022900379174699907 8.1006440894904031e-05 -6.639596519864409e-05 -0.001368164514404398 -0.00072384112003100957
leaf_weight=69 659 16024 43 106 72 10611 190 44 59 58 866 251 257 52 106 1161 289 56 424 106 142 42 51 3527 264 471 2851 2412 43 702
leaf_count=69 659 16024 43 106 72 10611 190 44 59 58 866 251 257 52 106 1161 289 56 424 106 142 42 51 3527 264 471 2851 2412 43 702
internal_value=3.54696e-05 0.00120696 -0.00464672 0.00127967 -0.00439678 0.000239319 -0.00904358 -0.0042 -0.0174215 -0.0274786 -0.0056495 -0.00648791 -0.00583247 -0.00182036 -0.00534339 -0.00508559 -0.00611348 -0.00711044 -0.00656232 0.000463586 -0.0129389 -0.0291176 -0.00557951 0.000514745 -0.00518842 -0.00257282 -0.000260269 -0.00159394 -0.00616339 -0.00775168
internal_weight=42008 33601 8407 33532 8322 17508 413 8250 223 117 5127 4261 3868 3123 3611 3505 2344 1829 1773 17095 393 85 1484 16989 1433 515 6378 3071 1169 745
internal_count=42008 33601 8407 33532 8322 17508 413 8250 223 117 5127 4261 3868 3123 3611 3505 2344 1829 1773 17095 393 85 1484 16989 1433 515 6378 3071 1169 745
is_linear=0
shrinkage=0.05


Tree=2
num_leaves=31
num_cat=0
split_feature=5 13 12 6 5 6 5 0 5 13 5 3 6 11 13 13 12 11 8 16 16 11 11 16 12 11 12 16 13 8
split_gain=79.2005 24.8313 23.8339 19.7532 14.1107 9.09723 8.55453 6.98923 6.27162 5.65424 5.11566 3.72234 3.58924 3.34342 3.02288 4.80939 3.01982 2.68726 2.70226 2.53333 4.30613 2.92227 3.04683 2.73372 2.51168 3.13525 3.99665 4.57982 4.50906 4.06514
threshold=0.018542999154209702 43.015001296997077 -0.087458765142185854 0.69139520713633884 0.022616475526798244 0.85516024954421621 0.013589097689562053 0.076600043157288758 0.013551213938829782 27.365000724792484 0.036348666647424414 -0.0048398079445445821 1.0720268795767052 -0.025492128925019227 21.134999275207523 21.295000076293949 -0.0060576129661007996 -0.0076795989548182333 0.067234123659109093 -0.006105647086478482 0.0066070285368610157 -0.022310337551763478 0.0070762605113673391 -0.0047892213610360992 -0.075828254732232245 0.0040071134155756924 0.078665433833488688 -0.026943830130190301 17.82499980926514 -0.017789171729646776
decision_type=2 2 2 2 2 2 2 2 2 2 2 2 2 2 2 2 2 2 8 2 2 2 2 2 2 2 2 2 2 8
left_child=2 4 -1 6 5 11 -4 10 -5 -10 12 16 24 -7 -8 -16 -2 -14 -19 -17 21 -21 23 -23 -6 -26 -27 -28 -29 -30
right_child=1 -3 3 8 7 13 14 -9 9 -11 -12 -13 17 -15 15 19 -18 18 -20 20 -22 22 -24 -25 25 26 27 28 29 -31
leaf_value=-0.0012385540304590608 -0.00058955615056511949 -0.0014867916737397254 0.00034941518141318358 7.5264983749664781e-05 0.00054187523392539862 -0.0018408281997876316 0.00015515377072608684 -0.0030882607109201494 -0.00029161625521281564 -0.00143269054548472 -0.0014038560833803627 -2.1143885176662675e-05 -0.002284011641633805 -0.00068268697387807752 -0.00059148768315665052 0.00010923778439531231 -0.00016668173661939269 -0.0011715483816268841 0.00017321084649022473 4.6806426634084071e-05 9.5860700824992705e-05 -0.0004932796706600131 2.3714173476324306e-05 -0.0010483048845098212 -0.00065012870595975325 -0.00023744084570087159 0.00010611661335292093 -0.00033216716876734203 -0.0018104277375372358 -0.0015491112128630568
leaf_weight=57 361 95 12626 3409 124 83 11270 73 3047 72 314 3653 106 797 57 1002 682 231 66 55 331 45 40 77 1485 1598 92 60 44 73
leaf_count=57 361 95 12626 3409 124 83 11270 73 3047 72 314 3653 106 797 57 1002 682 231 66 55 331 45 40 77 1485 1598 92 60 44 73
internal_value=0.00013028 -0.00377025 0.0013382 0.00139568 -0.00352469 -0.00186872 0.00202388 -0.00568917 -0.00105852 -0.00267874 -0.00542213 -0.000994463 -0.00492524 -0.00653409 0.00111711 -0.000911636 -0.00362895 -0.00939206 -0.00695286 -0.000387097 -0.00312044 -0.00859447 -0.0119753 -0.0159016 -0.00440736 -0.00466587 -0.00330209 -0.00894052 -0.0136441 -0.019359
internal_weight=42025 9937 32088 32031 9842 5576 25503 4266 6528 3119 4193 4696 3879 880 12877 1607 1043 403 297 1550 548 217 162 122 3476 3352 1867 269 177 117
internal_count=42025 9937 32088 32031 9842 5576 25503 4266 6528 3119 4193 4696 3879 880 12877 1607 1043 403 297 1550 548 217 162 122 3476 3352 1867 269 177 117
is_linear=0
shrinkage=0.05


Tree=3
num_leaves=31
num_cat=0
split_feature=13 13 6 10 13 16 10 2 12 3 3 2 10 11 9 6 12 3 16 1 1 0 11 10 0 10 16 10 12 14
split_gain=49.9224 21.7674 18.5912 16.6661 14.3141 16.9053 13.5239 10.7205 6.62651 6.56261 6.26331 5.48595 5.28085 6.90448 4.97895 4.36751 4.28666 3.48028 3.0435 3.00262 2.99878 2.97233 2.88138 2.86798 3.34767 2.68509 2.40193 2.34313 2.30427 2.27316
threshold=27.365000724792484 43.015001296997077 0.38827397569406091 0.031057644580603009 30.345000267028812 -0.013003546890756333 -0.029463617054616639 -0.15866372772898943 0.073733848686565309 0.013522605556094637 -0.0099456267992167318 -0.18175326219783919 -0.0018123893917819098 0.0096614740003820882 -0.068123478912810828 2.7807198972547549 0.027544140346580596 0.0073257920831077969 0.017240221468757259 -0.024662632080118981 0.036620185568641335 0.0083924538635680185 0.077393041140555022 0.0065693158084053635 -0.0092880724113718043 0.0062108240774265697 0.0047739167320181028 -0.0018123893917819098 0.10731206738905331 0.0017102699334086149
decision_type=2 2 2 2 2 2 2 2 2 2 2 2 2 2 8 2 2 2 2 2 2 2 2 2 2 2 2 2 2 2
left_child=2 3 7 4 5 -2 -7 -1 10 27 21 25 13 -10 28 -13 19 18 -17 -12 -21 -9 -8 -14 -25 29 -23 -3 -15 -4
right_child=1 9 11 -5 -6 6 22 8 12 -11 16 15 23 14 -16 17 -18 -19 -20 20 -22 26 -24 24 -26 -27 -28 -29 -30 -31
leaf_value=-0.00042439557337679916 -0.00020924713294931402 -0.0014110789012103553 -0.0019753916186269088 -0.0029511833945544755 0.0001870835862344332 -0.0024667042573249987 -0.0010670497698897251 -0.00016538909243429776 0.0004195561950662402 -0.00053481883099318198 -2.3079147721659978e-05 -0.00010668021940447403 0.00029290890569481437 -0.00030012217313784531 -0.00051976663894672361 -0.00030147824855971083 0.00026704990111394632 -0.00094853533072329079 -0.00074715255126870869 0.00018416052006870446 -3.6254944320241295e-05 -0.00085953737968664883 -0.00027368537616576533 -0.0010946404228696974 -0.00025903089697724535 3.9654441115565052e-05 -0.00012742075512069915 -0.0016939718400285474 -0.0012527362684940457 -0.0011624237856516857
leaf_weight=859 259 62 61 51 460 53 152 1214 102 42 3524 9278 580 40 166 806 10400 319 117 10731 2051 64 55 65 247 52 43 52 49 86
leaf_count=859 259 62 61 51 460 53 152 1214 102 42 3524 9278 580 40 166 806 10400 319 117 10731 2051 64 55 65 247 52 43 52 49 86
internal_value=0.000146289 -0.00996627 0.000439859 -0.0073301 -0.00587845 -0.0115703 -0.0205769 0.00107599 0.00123753 -0.0273718 0.00139633 -0.00134854 -0.00232586 -0.00746499 -0.0118627 -0.00119297 0.00156257 -0.00397746 -0.00242145 0.00105667 0.00141292 -0.00196442 -0.0148068 -0.000269058 -0.00413462 -0.00957286 -0.00995327 -0.0335965 -0.0214045 -0.0130272
internal_weight=42040 1186 40854 1030 979 519 260 30135 29276 156 28027 10719 1249 357 255 10520 26706 1242 923 16306 12782 1321 207 892 312 199 107 114 89 147
internal_count=42040 1186 40854 1030 979 519 260 30135 29276 156 28027 10719 1249 357 255 10520 26706 1242 923 16306 12782 1321 207 892 312 199 107 114 89 147
is_linear=0
shrinkage=0.05


Tree=4
num_leaves=31
num_cat=0
split_feature=5 13 13 15 6 5 6 5 14 14 5 16 5 2 15 14 16 13 3 13 6 13 16 1 6 5 9 15 14 15
split_gain=73.2061 21.214 20.249 17.7181 15.481 9.78686 9.23212 7.05166 6.87522 5.55945 4.98078 4.22262 3.88098 3.87301 3.69989 3.55787 5.32024 3.26792 3.15905 2.93024 2.33904 2.16553 2.15176 1.99932 2.09228 1.86668 1.79203 1.73242 2.56312 2.08032
threshold=0.018403965720902946 43.015001296997077 43.015001296997077 0.027809298544112186 0.69139520713633884 0.026264170193563145 0.85516024954421621 0.013589097689562053 0.23397195059943568 0.23397195059943568 0.013551213938829782 -0.018888303424631211 0.036348666647424414 -0.12850960563943944 -0.027735298513383463 0.23397195059943568 -0.012735429866057744 17.875000000000004 -0.010580943447397849 27.365000724792484 -0.46552378892645069 33.719999313354499 -0.00067693169366567208 -0.015261351523182474 2.9168668194448788 0.021748291983630933 -0.2840005254466243 0.0038949559993776144 -0.037983330078441173 0.0051257057995803832
decision_type=2 2 2 2 2 2 2 2 2 2 2 2 2 2 2 2 2 2 2 2 2 2 2 2 2 2 10 2 2 2
left_child=1 4 3 5 7 6 9 -1 10 14 -6 -11 21 -4 -2 22 -17 -14 -16 23 25 27 -9 -8 26 -20 -25 -7 -29 -30
right_child=2 -3 13 -5 8 12 19 15 -10 11 -12 -13 17 -15 18 16 -18 -19 20 -21 -22 -23 -24 24 -26 -27 -28 28 29 -31
leaf_value=0.0003161137968429269 -0.00074869843742093271 -0.0010714063429405976 -0.0017022169728656241 -0.0027751663586779228 0.00012590905347616621 -0.00066429106965534552 -0.0012444396237879345 3.9813955002861927e-05 -0.0013748512029945778 -7.8682908521544742e-05 -0.00027346366061408508 -0.0020450158582274989 -0.0021301961880724088 -0.0008730490810078186 -0.00045554637552921556 0.00013595116481411872 -0.00091248818772212575 -0.0010911505488055302 8.268627184448029e-05 -0.0013194979926171939 -0.00017812015332038062 0.00038708449112263897 0.0001919182142229549 -0.0010943884297971542 -0.00094862865187799329 -0.00020783559464114662 -0.00018254544263536754 -9.3826057063176578e-05 -0.00021793573732954518 -0.00077337545379980381
leaf_weight=12580 46 57 53 68 3357 1014 452 5616 93 41 3037 48 118 42 473 71 61 212 1806 55 3288 67 6829 71 105 1027 513 395 84 234
leaf_count=12580 46 57 53 68 3357 1014 452 5616 93 41 3037 48 118 42 473 71 61 212 1806 55 3288 67 6829 71 105 1027 513 395 84 234
internal_value=7.90926e-05 0.0012651 -0.00360262 -0.00338687 0.00132 -0.00321475 -0.00240694 0.00188158 -0.000857869 -0.00168747 -0.000661558 -0.0141011 -0.00622881 -0.0265789 -0.00152108 0.00104437 -0.00712121 -0.0112121 -0.00142251 -0.00645485 -0.00111828 -0.00531215 0.00113098 -0.00591148 -0.00421626 -6.53016e-05 -0.00304794 -0.00565431 -0.00376578 -0.00710692
internal_weight=41913 31701 10212 10117 31644 10049 7925 25157 6487 6729 6394 89 2124 95 6640 12577 132 330 6594 1196 6121 1794 12445 1141 689 2833 584 1727 713 318
internal_count=41913 31701 10212 10117 31644 10049 7925 25157 6487 6729 6394 89 2124 95 6640 12577 132 330 6594 1196 6121 1794 12445 1141 689 2833 584 1727 713 318
is_linear=0
shrinkage=0.05


Tree=5
num_leaves=31
num_cat=0
split_feature=4 10 11 15 6 5 11 5 5 3 6 10 3 5 10 11 4 16 16 10 16 1 16 5 8 8 12 15 15 15
split_gain=62.2534 31.8804 20.5252 17.2803 16.9829 10.9704 8.79194 6.87303 4.87468 4.77013 4.0034 4.1832 4.37331 3.30326 3.14217 3.05158 3.10825 2.52177 6.41611 5.22365 3.24639 3.0622 2.41711 2.81842 2.1125 2.10303 2.13842 1.95602 1.90726 2.23506
threshold=0.032822352630170186 -0.029463617054616639 -0.035697705395590577 0.027809298544112186 0.77931576531901914 0.013714736055158045 -0.055970636302615777 0.036348666647424414 0.013551213938829782 0.0025053107984172045 3.2207846638993005 0.0092344567550487495 0.019986400368651073 0.021748291983630933 -0.017312021268647334 -0.022672230022230119 0.025888516714503155 -0.026943830130190301 -0.024907824015754584 -0.017312021268647334 -0.013003546890756333 -0.11557806647397888 0.0053912761402163953 0.016826816050916543 -0.067808045637762146 -0.079484051377591222 -0.017915854452267062 -0.00085902104447360672 0.0077182860363514969 0.0066926279442526279
decision_type=2 2 2 2 2 2 2 2 2 2 2 2 2 2 2 2 2 2 2 2 2 2 2 2 8 10 2 2 2 2
left_child=1 2 -1 6 5 -3 9 10 -6 -2 11 12 13 -8 15 -7 -17 -15 -19 20 -20 27 23 -16 -14 -9 -27 -21 29 -25
right_child=3 4 -4 -5 8 14 7 25 -10 -11 -12 -13 24 17 22 16 -18 18 19 21 -22 -23 -24 28 -26 26 -28 -29 -30 -31
leaf_value=-0.0020371916668157145 -0.0019161324991634457 0.00030991806524858243 0.00040978681495980351 -0.0026404734513189036 1.4958515167902722e-05 0.00035817209218061159 -0.00021879650830447089 -0.00064382386257272285 -0.00030011698870446981 -0.00041447171057880556 -0.0012130760862177697 -2.7087146664534772e-05 -0.0011829265697932108 -7.8128130618973463e-05 0.00010030491285785313 -1.4553766247497831e-05 -0.00053439186885394512 -0.001077777158046724 -0.00074133014868494706 -0.00039944861068131471 -0.0020302801001179983 -0.00043524273977610931 0.00016437184833427291 -9.518429793240996e-05 -0.00051138232955509741 -0.0017935603499391072 -0.0022571502572506486 -0.0013707059119032088 0.00024025925798472521 -0.00084956058184472146
leaf_weight=82 53 13306 46 47 3109 114 2027 149 3260 46 173 1069 45 352 5046 76 101 73 65 62 46 2566 6579 2741 80 43 117 51 372 129
leaf_count=82 53 13306 46 47 3109 114 2027 149 3260 46 173 1069 45 352 5046 76 101 73 65 62 46 2566 6579 2741 80 43 117 51 372 129
internal_value=0.000136229 0.00100126 -0.0239062 -0.00414496 0.00109279 0.00161502 -0.00394257 -0.00373085 -0.00124117 -0.0187374 -0.00339007 -0.00318832 -0.00375722 -0.00353682 0.000695343 -0.00445017 -0.00855932 -0.00453344 -0.00502445 -0.00464158 -0.0152703 -0.00420119 0.000796059 0.000228041 -0.013 -0.0110194 -0.015 -0.0122566 -0.00092227 -0.00135888
internal_weight=42025 34961 128 7064 34833 28464 7017 6918 6369 99 6609 6436 5367 5242 15158 291 177 3215 2863 2790 111 2679 14867 8288 125 309 160 113 3242 2870
internal_count=42025 34961 128 7064 34833 28464 7017 6918 6369 99 6609 6436 5367 5242 15158 291 177 3215 2863 2790 111 2679 14867 8288 125 309 160 113 3242 2870
is_linear=0
shrinkage=0.05


Tree=6
num_leaves=31
num_cat=0
split_feature=4 10 11 13 15 4 6 6 4 10 13 14 13 16 13 10 10 10 15 14 6 6 14 8 4 3 9 11 12 14
split_gain=50.5464 24.4134 17.4259 15.2847 14.6199 13.2339 7.3534 5.57188 4.53933 3.86298 3.27373 3.15634 2.91909 2.57739 2.56803 2.94694 5.06693 2.79921 3.28125 3.75065 2.51832 2.49722 2.83624 2.94211 2.02695 1.63115 1.83154 1.67363 2.50372 2.44705
threshold=0.032822352630170186 -0.029463617054616639 -0.035697705395590577 43.015001296997077 0.027809298544112186 0.022760486583557487 0.77931576531901914 0.7556335947388314 0.055347933237115975 0.010927081535675788 20.980000495910648 0.23397195059943568 27.365000724792484 -0.018888303424631211 21.555000305175785 0.00054085357346300722 0.0093970870418219627 -0.017312021268647334 -0.010893419657015178 0.17323568959812755 3.2207846638993005 0.4415804482212376 -0.083456210331023115 -0.039164545161465995 0.035167244809986439 0.019986400368651073 0.029342073636892788 0.019998315354098021 0.12384637745116912 -0.024970108459849868
decision_type=2 2 2 2 2 2 2 2 2 2 2 2 2 2 2 2 2 2 2 2 2 2 2 10 2 2 8 2 2 2
left_child=1 2 -1 4 8 7 10 -3 11 21 -7 20 -8 -13 15 -12 -17 18 -16 -20 24 22 -10 -24 -2 27 -27 28 -26 -29
right_child=3 5 -4 -5 -6 6 12 -9 9 -11 14 13 -14 -15 17 16 -18 -19 19 -21 -22 -23 23 -25 25 26 -28 29 -30 -31
leaf_value=-0.0015569502720786683 -0.000103570401211798 0.00028004338547735707 0.00030746393164050542 -0.0014061623629960493 -0.0028240477235259749 8.8305728177617856e-05 -0.00025358912835485704 1.6520450433408489e-05 -0.00080877503075748615 0.00018966248528895992 0.00018886217054601701 -0.00011831183052311476 -0.00083369517588910468 -0.0019176549052787963 0.00045096279629074532 -0.0009533020353344777 6.7138204228599372e-06 5.7646367284128439e-06 -0.00047510513600766978 -0.00057050892118294064 -0.00091154904835221155 -0.0022606741511670895 -0.0004067621029120024 -0.0015254697145001437 -0.00036175747186102778 -0.00027833842871796525 -0.0011403821491850939 0.00022780027352581542 -0.00099061094753288294 -0.0003475137226333777
leaf_weight=73 1531 15017 45 76 47 11328 2978 3363 49 104 81 42 82 45 65 82 62 1564 110 44 168 112 298 81 3370 128 44 427 52 527
leaf_count=73 1531 15017 45 76 47 11328 2978 3363 49 104 81 42 82 45 65 82 62 1564 110 44 168 112 298 81 3370 128 44 427 52 527
internal_value=0.000226813 0.00100934 -0.0216949 -0.0036185 -0.00337722 0.00108638 5.36718e-05 0.00200762 -0.00319003 -0.00718944 0.000560888 -0.00278339 -0.00215686 -0.0122414 -0.0012998 -0.00633333 -0.010625 -0.00066461 -0.0059589 -0.00993506 -0.00265167 -0.00888889 -0.00714953 -0.00568602 -0.00248478 -0.00301451 -0.0077907 -0.00282678 -0.00334307 -0.000974843
internal_weight=41995 34894 118 7101 7025 34776 16396 18380 6978 644 13336 6334 3060 87 2008 225 144 1783 219 154 6247 540 428 379 6079 4548 172 4376 3422 954
internal_count=41995 34894 118 7101 7025 34776 16396 18380 6978 644 13336 6334 3060 87 2008 225 144 1783 219 154 6247 540 428 379 6079 4548 172 4376 3422 954
is_linear=0
shrinkage=0.05


Tree=7
num_leaves=31
num_cat=0
split_feature=5 10 3 10 11 5 12 5 1 10 12 12 15 11 3 11 14 1 5 11 15 12 2 15 9 15 2 11 12 12
split_gain=49.2837 14.0807 14.0626 16.711 10.9998 10.1456 8.12889 6.05606 5.05952 4.26733 4.34693 4.50883 3.05446 2.86161 2.84418 2.65838 3.50716 2.12987 1.83118 1.78828 2.575 2.96388 3.52958 2.12353 1.72024 1.70435 1.66114 1.65047 2.02666 1.99407
threshold=0.018542999154209702 -0.029463617054616639 -0.010938555229869749 0.031057644580603009 -0.035697705395590577 0.013589097689562053 -0.062212446145613214 0.022616475526798244 -0.06390704780809868 -0.017312021268647334 -0.0067439083526363843 -0.049048441539310476 0.0059232398957010943 -0.043674056524097109 -0.027098100669005361 -0.021243764887310997 0.10370151545599839 -0.060168085074561166 0.011176010723679283 0.026483483019392965 -0.020334648866664359 0.10731206738905331 0.055065108859221563 -0.0046059845572445903 -0.015943122640323545 0.001567325646434359 -0.061927752746256497 0.010968315958417631 0.12384637745116912 0.027464825873152136
decision_type=2 2 2 2 2 2 2 2 2 2 2 2 2 2 2 2 2 2 2 2 2 2 2 2 8 2 2 2 2 2
left_child=1 4 3 6 -1 18 8 13 -2 10 11 -7 15 -4 25 -8 -17 -9 -3 20 -19 -22 -23 24 -21 -11 -14 28 29 -16
right_child=2 5 7 -5 -6 9 12 17 -10 14 -12 -13 26 -15 27 16 -18 19 -20 23 21 22 -24 -25 -26 -27 -28 -29 -30 -31
leaf_value=-0.0018458048104413099 -0.0018924351205181701 0.00034381639246240826 -0.00099445137575764628 -0.00277265259213891 0.00029143344847432112 -0.0004793206353475609 0.00027491796694840222 -0.00089913475914865431 -0.0015396540845182235 -0.00017412490792514086 0.00043859204766098672 -0.00065223609280088866 -0.0013298443238922274 -0.00010055266487759838 -2.8911507339921744e-05 -0.00031681215042719162 -0.0011896226633449903 0.00052648887660176587 0.00018379651738855047 -0.00095517359913380856 -0.00047168913431870456 -0.0012665953327183354 -0.00084870768243902215 3.0647621314168042e-05 9.2820932734731434e-06 -0.00079935883652209943 -0.0013157575785801999 0.00014270122538065217 -0.00048999937468122796 0.0001336080797587047
leaf_weight=59 51 6490 54 40 44 129 137 563 68 120 147 66 65 5090 6717 518 124 108 9638 70 2202 47 44 567 50 47 81 5517 66 3107
leaf_count=59 51 6490 54 40 44 129 137 563 68 120 147 66 65 5090 6717 518 124 108 9638 70 2202 47 44 567 50 47 81 5517 66 3107
internal_value=0.000177985 0.00112717 -0.00291072 -0.00828413 -0.0173301 0.00118649 -0.00706897 -0.00224844 -0.0193697 0.000290902 -0.00523392 -0.0101282 -0.00548649 -0.00114308 0.000412226 -0.00424262 -0.0055919 -0.00380581 0.00207031 -0.00329016 -0.00393378 -0.00428914 -0.0131319 -0.00104076 -0.00708333 -0.00607784 -0.0121233 0.000482573 9.60568e-05 0.000154723
internal_weight=42026 32147 9879 1084 103 32044 1044 8795 119 15916 342 195 925 5144 15574 779 642 3651 16128 3088 2401 2293 91 687 120 167 146 15407 9890 9824
internal_count=42026 32147 9879 1084 103 32044 1044 8795 119 15916 342 195 925 5144 15574 779 642 3651 16128 3088 2401 2293 91 687 120 167 146 15407 9890 9824
is_linear=0
shrinkage=0.05


Tree=8
num_leaves=31
num_cat=0
split_feature=4 10 6 15 13 11 4 14 15 4 10 13 13 4 4 9 14 3 10 12 6 0 2 6 2 12 0 15 10 2
split_gain=40.9556 18.437 13.1065 13.0939 12.8434 10.5885 7.44392 6.03546 4.03152 3.9273 3.49792 3.11089 3.09841 2.95516 2.73661 4.14891 2.86993 2.35845 1.97737 4.50303 1.95748 1.91147 1.83393 1.81831 1.81667 1.79547 2.26274 2.15284 1.76317 1.7613
threshold=0.031532035587771463 -0.029463617054616639 0.7556335947388314 0.027809298544112186 43.015001296997077 -0.035697705395590577 0.021640593462248375 0.23397195059943568 -0.0081291174058793474 0.039961566523455831 0.0097813689892826145 20.980000495910648 21.555000305175785 0.018880329540286789 0.052817624409010784 -0.14277756706759517 -0.0015377949631008578 -0.0079869743773298123 0.00054085357346300722 -0.0018734111574215115 0.039628159875816048 0.0058880806840108111 0.1354284389330678 2.0136287402694832 0.16042628641137283 -0.017626690580154977 0.006466672654332096 -0.0020061769611072751 -0.017312021268647334 0.10712923926861563
decision_type=2 2 2 2 2 2 2 2 2 2 2 2 2 2 2 8 2 2 2 2 2 2 2 2 2 2 2 2 2 2
left_child=1 5 6 4 7 -1 -3 9 -9 28 14 -8 18 -4 22 16 21 -6 -13 -20 -14 -16 29 -15 -17 26 27 -22 -2 -11
right_child=3 2 13 -5 17 -7 11 8 -10 10 -12 12 20 23 15 24 -18 -19 19 -21 25 -23 -24 -25 -26 -27 -28 -29 -30 -31
leaf_value=-0.0017501774574011299 -0.00074342262333316827 0.00027165162387324596 0.00014152556461495685 -0.0024701768921218874 -0.0016765717311176915 0.00026953259766797008 0.00011223977080685928 -2.3481854487052815e-05 -0.0017593483429544641 -0.0003861862633379136 2.8105866437142281e-06 0.00010704812249334438 4.8516444550395005e-05 -9.7855707875097464e-05 -0.00042317147821423391 -0.00097270197945851253 -8.9662985617958136e-05 -0.00094093923409994051 -0.00089827323282158731 -9.7998999140759771e-05 -0.00026257321758150256 -0.0010903851875602782 8.9490927653369646e-05 -0.00040619290897936735 -0.0017675181828424643 0.00011310180288004271 5.9600319869957275e-05 -0.00058516078015361092 -0.00014675380761937883 -0.001171262120485217
leaf_weight=71 115 12826 1624 49 42 40 12600 43 70 1758 527 81 1411 3141 124 174 220 40 71 91 123 85 199 1564 47 128 81 67 4722 60
leaf_count=71 115 12826 1624 49 42 40 12600 43 70 1758 527 81 1411 3141 124 174 220 40 71 91 123 85 199 1564 47 128 81 67 4722 60
internal_value=0.00025051 0.00101993 0.00108673 -0.00290332 -0.00274982 -0.0193243 0.00155919 -0.00255157 -0.0140265 -0.00239011 -0.00375078 0.000789258 -0.00101559 -0.000964607 -0.00448631 -0.00730769 -0.00444056 -0.022439 -0.00631687 -0.00950617 -0.000303867 -0.00863636 -0.00357709 -0.00159936 -0.0128733 -0.00339599 -0.00570111 -0.00868421 -0.00149163 -0.00407591
internal_weight=42194 33919 33808 8275 8226 111 27479 8144 113 8031 3194 14653 2053 6329 2667 650 429 82 243 162 1810 209 2017 4705 221 399 271 190 4837 1818
internal_count=42194 33919 33808 8275 8226 111 27479 8144 113 8031 3194 14653 2053 6329 2667 650 429 82 243 162 1810 209 2017 4705 221 399 271 190 4837 1818
is_linear=0
shrinkage=0.05


Tree=9
num_leaves=31
num_cat=0
split_feature=5 11 5 14 6 10 16 6 10 5 16 16 10 4 14 5 3 16 16 10 6 12 15 8 13 11 0 14 10 11
split_gain=41.0721 12.8335 12.0284 11.0966 10.826 9.7204 5.47737 5.14359 4.88851 3.83967 3.44284 2.9185 3.04632 3.38306 3.23702 2.87274 2.5993 2.58886 2.71642 2.68054 2.55717 2.42822 2.32567 2.24834 2.18858 2.17483 2.16166 1.91458 1.89182 2.20254
threshold=0.016713060328811372 -0.043674056524097109 0.021748291983630933 -0.19490876951167976 0.69139520713633884 -0.029463617054616639 -0.029711514926268997 0.19383762552481568 -0.029463617054616639 0.011377529715937152 0.035596856299736197 -0.026943830130190301 0.0097813689892826145 0.052817624409010784 -0.091137781806863202 0.011973431159732475 -0.00083942709101569857 -0.014249383055903618 -0.01560295023301622 -0.017312021268647334 0.56190326296150761 0.10731206738905331 0.017332233467473483 -0.067808045637762146 13.894999980926515 -0.025492128925019227 -0.044918099465314325 -0.0049345356588886271 -0.017312021268647334 -0.022310337551763478
decision_type=2 2 2 2 2 2 2 2 2 2 2 2 2 2 2 2 2 2 2 2 2 2 2 8 2 2 2 2 2 2
left_child=4 5 7 -4 9 -2 16 28 -6 -1 11 -5 13 17 -15 -10 -7 18 -13 -19 23 22 -21 27 -11 -9 -27 -16 29 -3
right_child=1 2 3 10 8 6 -8 25 15 24 -12 12 -14 14 20 -17 -18 19 -20 21 -22 -23 -24 -25 -26 26 -28 -29 -30 -31
leaf_value=0.00033647802979696652 -0.0017381144260528393 8.0756944636267141e-05 -0.0023166037079309114 -3.2425928840721461e-05 -0.0011908688279561033 -0.0015879248334106485 0.00079308407542078626 -0.00087640164396880207 0.0001450793660522808 0.0002648999018426563 0.00019960884989573321 -0.00061009258766116497 -0.00018543056998080511 -0.00096971958386141534 -0.00077806243217817925 -0.00018043661505481423 -0.00034666590844544416 -0.0012176485706439767 -0.0012911250876956231 -0.00029934662954736999 -0.0013465808095041078 -0.0010972963621633171 -0.0011343028727461898 -0.0010517928439377421 0.00012164096485370309 -0.00081825349801692426 -0.00019199610183255576 4.9282670562520285e-05 1.879963002897879e-05 -0.00070889191074350341
leaf_weight=5526 66 78 52 501 42 45 74 195 2116 3423 224 412 719 51 125 3532 49 50 66 2333 91 80 55 121 12775 141 2537 141 6183 76
leaf_count=5526 66 78 52 501 42 45 74 195 2116 3423 224 412 719 51 125 3532 49 50 66 2333 91 80 55 121 12775 141 2537 141 6183 76
internal_value=0.000180162 -0.00197546 -0.00178448 -0.00375324 0.00131758 -0.0135897 -0.00720238 -0.000711183 -0.000623901 0.00182609 -0.00351278 -0.00379874 -0.00422479 -0.00482979 -0.00851607 -0.000497521 -0.0152128 -0.0041789 -0.0075523 -0.00353852 -0.00723849 -0.00330632 -0.00301926 -0.00546512 0.00143783 -0.00246606 -0.00209485 -0.00289474 8.4425e-05 -0.00538961
internal_weight=41879 14465 14231 5021 27414 234 168 9210 5690 21724 4969 4745 4244 3525 529 5648 94 2996 478 2518 478 2468 2388 387 16198 2873 2678 266 6337 154
internal_count=41879 14465 14231 5021 27414 234 168 9210 5690 21724 4969 4745 4244 3525 529 5648 94 2996 478 2518 478 2468 2388 387 16198 2873 2678 266 6337 154
is_linear=0
shrinkage=0.05


Tree=10
num_leaves=31
num_cat=0
split_feature=5 14 4 14 6 14 10 6 6 5 11 16 11 10 11 12 8 9 5 0 12 12 10 12 5 1 5 6 12 10
split_gain=34.2479 11.5022 10.0787 10.2866 9.97506 8.43904 6.11667 4.13603 3.83794 3.72048 3.70051 3.09294 2.74443 2.577 2.26568 3.26929 7.33723 2.16071 2.07576 2.00071 1.98614 2.82316 4.5688 2.01324 1.91394 1.88409 1.68195 1.6034 1.73571 3.15245
threshold=0.016603132724139259 0.38848161677544563 0.036706683402820774 -0.19490876951167976 0.7556335947388314 0.57916123255262542 -0.029463617054616639 0.77931576531901914 0.40390975584872196 0.011377529715937152 -0.040606280288626444 0.0027933615688318096 -0.024572906939621272 -0.012508695811735191 0.021985300450528603 0.082959712719514869 -0.0077424519510255188 -0.10545969377451157 0.036348666647424414 0.0038341870717375497 0.025155883078146649 0.023603390957717577 -0.0028568001746795964 0.12384637745116912 0.021908802344068574 -0.029881422322356906 0.011973431159732475 -0.31507309000635292 -0.013469697209426477 -0.017312021268647334
decision_type=2 2 2 2 2 2 2 2 2 2 2 2 2 2 2 2 8 8 2 2 2 2 2 2 2 2 2 2 2 2
left_child=4 2 7 -4 9 -3 -6 11 24 -1 -10 14 17 19 -2 -16 -17 -9 -12 -13 21 27 -23 -22 -5 -24 -8 -11 29 -29
right_child=1 5 3 8 6 -7 26 12 10 20 18 13 -14 -15 15 16 -18 -19 -20 -21 23 22 25 -25 -26 -27 -28 28 -30 -31
leaf_value=0.00030568208366305786 -6.810939210221545e-05 -0.001653402887331382 -0.0023480410138593043 3.0970711822797852e-05 -0.0012397602046341485 -3.5017742916771321e-05 0.00011298311044419135 -0.0014673452591936172 -0.0012989405240159393 0.00020154782486930613 -0.00067707307528997287 -0.00034147275943054449 -0.00029708734305241061 9.7647382753595781e-05 -7.1466816214546454e-05 -0.001236099358455114 -7.7179201649131232e-05 -0.00072057168047709918 -0.0022348122282347762 0.0002908031619804731 0.00020206330079862718 -0.0005074468504196538 -0.00057417069021647028 -0.00047569088167112767 -0.00032841103038495955 7.6370765333239467e-05 -0.0001694324050810855 -0.00049981638550815333 0.00011334138277411077 -4.6143129924943378e-05
leaf_weight=5612 3981 71 55 628 43 49 1945 42 41 4852 955 108 1543 4095 193 60 77 126 56 48 7306 55 41 70 2784 226 3271 69 2530 1106
leaf_count=5612 3981 71 55 628 43 49 1945 42 41 4852 955 108 1543 4095 193 60 77 126 56 48 7306 55 41 70 2784 226 3271 69 2530 1106
internal_value=0.000259052 -0.00166577 -0.0015407 -0.00350852 0.00131719 -0.0170833 -0.000637954 -0.00067507 -0.00324373 0.0017874 -0.00588403 -0.000226582 -0.00291935 0.000730417 -0.00117026 -0.00515151 -0.0110584 -0.00898809 -0.00528684 -0.00557692 0.00140418 0.000900439 -0.00369565 0.00201057 -0.00242966 -0.000992509 -0.000483129 0.00107339 0.000290149 -0.00129787
internal_weight=42038 14912 14792 4519 27126 120 5259 10273 4464 21867 1052 8562 1711 4251 4311 330 137 168 1011 156 16255 8879 322 7376 3412 267 5216 8557 3705 1175
internal_count=42038 14912 14792 4519 27126 120 5259 10273 4464 21867 1052 8562 1711 4251 4311 330 137 168 1011 156 16255 8879 322 7376 3412 267 5216 8557 3705 1175
is_linear=0
shrinkage=0.05


Tree=11
num_leaves=31
num_cat=0
split_feature=5 6 11 2 6 16 5 10 5 10 4 10 12 16 5 10 16 15 10 5 2 10 12 12 10 8 6 11 8 12
split_gain=33.1488 9.30765 9.10089 9.34039 8.8837 7.34882 5.35761 4.57625 3.3822 3.27932 2.80549 2.67615 3.09405 3.40693 2.18863 2.09635 1.97508 2.22082 1.8753 2.01005 1.87444 1.83633 1.81196 1.80204 1.51715 1.40521 1.38922 1.35464 1.9527 1.31352
threshold=0.016553392370704498 0.12436632480108302 -0.025492128925019227 -0.059722686894229597 0.69139520713633884 -0.03641095094009849 0.021748291983630933 -0.029463617054616639 0.011377529715937152 -0.0018123893917819098 0.036061402361462748 -0.017312021268647334 -0.030911518629535614 -0.012735429866057744 0.013551213938829782 0.014637781803213958 0.035596856299736197 -0.011128384238419662 -0.017312021268647334 0.027978829290343021 -0.097413737412523391 0.0022328849049373383 0.12384637745116912 0.10123019596275297 0.0091384979590398725 -0.20387516971763395 -0.45330739092637706 -0.025492128925019227 -0.024408070426928271 -0.036045900478668118
decision_type=2 2 2 2 2 2 2 2 2 2 2 2 2 2 2 2 2 2 2 2 2 2 2 2 2 10 2 2 10 2
left_child=4 6 3 5 8 9 11 -6 -1 -3 25 12 13 -2 -9 16 17 -8 20 -20 -19 22 26 -21 -12 -4 -10 28 -23 -28
right_child=1 2 10 -5 7 -7 15 14 21 -11 24 -13 -14 -15 -16 -17 -18 18 19 23 -22 27 -24 -25 -26 -27 29 -29 -30 -31
leaf_value=0.00028709319713525624 -0.00071002587625628236 -0.00088657027723661576 -0.00055996937553149349 -0.00050947320037881985 -0.0011756485553832551 -0.0012477627267150843 4.7514426067884064e-05 6.6715453705320385e-05 0.00015993169914858482 -0.0018464071499793824 -0.00074410507917684792 2.1126363507611314e-05 0.00034618330303801278 -0.0008620979117473066 -0.00022438715394785603 8.8767520737626697e-05 0.00030593772375221343 -0.0004825183001837383 -0.0002534986403215208 -0.0005184723620035135 -0.0017077951899558978 -0.00030787502738056563 -0.00044367473914823678 -0.0011595467051357538 -0.00016778684972649323 -0.0001794241025161443 -0.0001655057818658676 0.00021210952566159017 0.00020969018978524818 6.3604649032318527e-05
leaf_weight=5495 69 56 93 270 44 123 356 3411 4405 53 1189 6390 66 48 2124 315 174 41 1865 689 40 74 58 41 275 2876 432 6697 74 4252
leaf_count=5495 69 56 93 270 44 123 356 3411 4405 53 1189 6390 66 48 2124 315 174 41 1865 689 40 74 58 41 275 2876 432 6697 74 4252
internal_value=0.000202518 -0.00168042 -0.00345998 -0.00984064 0.00124806 -0.0171983 -0.000810382 -0.000529665 0.00170964 -0.0266514 -0.00273742 3.27098e-05 -0.00592896 -0.010812 -0.000401987 -0.00238427 -0.00276669 -0.00306398 -0.00355755 -0.0033237 -0.0110494 0.00134192 0.00087843 -0.00554794 -0.00452869 -0.00185416 0.000934646 0.00196129 -0.00277027 0.000335184
internal_weight=42095 15029 4935 502 27066 232 10094 5579 21487 109 4433 6573 183 117 5535 3521 3206 3032 2676 2595 81 15992 9147 730 1464 2969 9089 6845 148 4684
internal_count=42095 15029 4935 502 27066 232 10094 5579 21487 109 4433 6573 183 117 5535 3521 3206 3032 2676 2595 81 15992 9147 730 1464 2969 9089 6845 148 4684
is_linear=0
shrinkage=0.05


Tree=12
num_leaves=31
num_cat=0
split_feature=5 13 6 3 15 2 10 5 6 5 10 10 5 10 16 0 6 16 5 16 16 10 1 16 16 9 15 10 16 16
split_gain=29.2008 11.0408 9.26788 6.86467 9.60744 6.37261 4.3833 4.09754 4.21195 3.78531 2.31181 2.02037 1.80224 1.74215 1.71372 1.73218 1.60548 1.65609 1.53147 1.89023 1.49436 1.49073 1.99787 1.78316 2.42923 1.53612 1.53655 1.61245 1.47152 4.68864
threshold=0.016553392370704498 43.015001296997077 0.77931576531901914 -0.010219507164166862 0.017332233467473483 -0.097413737412523391 -0.029463617054616639 0.021748291983630933 -0.49281220295658473 0.012473217610958669 -0.029463617054616639 -0.017312021268647334 0.011228360598418008 0.0022328849049373383 -0.014228188588236821 0.0014368959132666783 0.87831556206813488 0.0053912761402163953 0.020367794587841676 -0.022256031118438265 0.035596856299736197 0.010212906219511321 0.097388810122438843 -0.026943830130190301 -0.024907824015754584 -0.22899897033524505 -0.0034720117915190691 -0.0050236559316604859 0.0064876026650514404 -0.0050942082066513508
decision_type=2 2 2 2 2 2 2 2 2 2 2 2 2 2 2 2 2 2 2 2 2 2 2 2 2 8 2 2 2 2
left_child=2 3 9 4 10 -3 -4 8 -5 -1 -2 14 -8 -11 -10 -16 17 -13 19 -12 21 23 -23 -9 -25 26 -26 -28 29 -20
right_child=1 5 6 7 -6 -7 12 20 11 13 18 16 -14 -15 15 -17 -18 -19 28 -21 -22 22 -24 24 25 -27 27 -29 -30 -31
leaf_value=0.00025640408698356744 -0.0015945011562104494 -0.00098747139160949566 -0.0011020006521458871 0.00010279443667946589 -0.0018444490634391458 -4.366548911386128e-05 0.00014842548312156217 4.9837000529279559e-05 -5.443633720975434e-05 6.2244720608503433e-05 -0.00068979283551433063 -0.00012109299855123544 -0.00015046770630834115 0.0001691687206848549 -0.00094005848413514833 -0.00036392880901592046 -0.00033762234075189527 5.6783048962367243e-05 -0.00038852448268720266 -1.3840461776458254e-05 0.00021343754543063341 3.0663821709871967e-05 -0.0006633424549027237 -0.00081969523812134941 -0.0001681428812763758 -0.00031911799125685297 -0.0023432191930635175 -0.000558826855225371 -0.00023133429046980357 -0.0012789310575529863
leaf_weight=9097 49 81 41 3391 68 43 1328 352 70 7211 113 2366 3765 5453 55 42 1253 1789 363 523 207 644 45 68 186 2463 48 331 225 179
leaf_count=9097 49 81 41 3391 68 43 1328 352 70 7211 113 2366 3765 5453 55 42 1253 1789 363 523 207 644 45 68 186 2463 48 331 225 179
internal_value=0.000257951 -0.00151331 0.0012428 -0.00138908 -0.00457237 -0.016371 -0.000668095 -0.00102554 -0.000414901 0.00169363 -0.00371212 -0.00126009 -0.000537011 0.00113471 -0.00667665 -0.0109794 -0.00109283 -0.000619735 -0.00333927 -0.00152516 -0.00228591 -0.00249335 -0.000370101 -0.00291763 -0.00330103 -0.00309115 -0.00544248 -0.00726913 -0.00484355 -0.00625461
internal_weight=41849 14954 26895 14830 1520 124 5134 13310 8966 21761 1452 5575 5093 12664 167 97 5408 4155 1403 636 4344 4137 689 3448 3096 3028 565 379 767 542
internal_count=41849 14954 26895 14830 1520 124 5134 13310 8966 21761 1452 5575 5093 12664 167 97 5408 4155 1403 636 4344 4137 689 3448 3096 3028 565 379 767 542
is_linear=0
shrinkage=0.05


Tree=13
num_leaves=31
num_cat=0
split_feature=5 6 6 13 1 5 13 3 0 4 12 16 3 5 15 3 6 6 12 14 12 15 14 12 14 14 3 6 15 1
split_gain=26.0231 8.61077 7.59107 5.37131 6.52371 5.09335 4.5843 3.36037 3.38483 2.82377 2.5565 4.34957 2.26142 2.23582 2.16958 2.24283 2.4027 1.8798 2.41216 4.84842 1.77392 1.69112 2.23952 1.65885 2.6585 5.09181 2.87292 1.60977 1.47106 1.45372
threshold=0.018403965720902946 0.69139520713633884 0.87831556206813488 27.365000724792484 -0.06390704780809868 0.012599150090877901 27.664999961853031 -0.010219507164166862 0.018152508140069749 0.035455309456545091 -0.057938720016513449 -0.01807387999690396 -0.012910944029376979 0.011973431159732475 0.013335989567982433 0.0054106147589623186 3.0662725249647429 -0.58010094098124931 -0.036853049265853803 0.15797637088179853 -0.080083523859072289 -0.0011443395469936111 -0.016284077904727075 0.078665433833488688 -0.031629138048926246 -1.0000000180025095e-35 -0.00057025767713642084 -0.49281220295658473 -0.0058696711239084034 -0.014942914954502727
decision_type=2 2 2 2 2 2 2 2 2 2 2 2 2 2 2 2 2 2 2 2 2 2 2 2 2 2 2 2 2 2
left_child=1 5 7 14 -5 -1 13 8 10 27 11 -2 -8 -3 15 29 -17 21 19 20 -19 22 28 -11 -25 -26 -27 -9 -7 -4
right_child=2 6 3 4 -6 17 12 9 -10 23 -12 -13 -14 -15 -16 16 -18 18 -20 -21 -22 -23 -24 24 25 26 -28 -29 -30 -31
leaf_value=0.00024651633864352268 0.00027744624345723 0.00012744673401053443 -0.00094426507384690311 -0.0016342496552983208 -0.00064227300635956355 8.7872093475215105e-05 -0.0010575188169684262 9.2525209547946065e-05 -0.0016450051241132071 -0.00019126441235987524 -0.00026672026899384149 -0.0015511923190891846 -0.00023685119884156423 -0.00014417792197764278 9.2712272721061977e-05 -0.00081811239656972819 -0.0012984052426019347 -0.00027659575605051986 6.9439227557274155e-05 -0.00056712661648187221 -1.4399467261640363e-05 0.0002298278445448525 0.00016850448828493439 0.00029547862882720185 -0.0012982330196535401 0.00029375016243743033 -0.0008839676000646677 -5.8038479896359754e-05 -0.00014180437742016542 -0.00018040103984139625
leaf_weight=9275 40 2093 427 69 90 291 46 1884 47 3483 742 43 80 4285 139 281 76 45 8916 75 652 3510 1879 79 65 64 55 2190 510 442
leaf_count=9275 40 2093 427 69 90 291 46 1884 47 3483 742 43 80 4285 139 281 76 45 8916 75 652 3510 1879 79 65 64 55 2190 510 442
internal_value=0.000278581 0.00098667 -0.00191562 -0.0051706 -0.0138679 0.001406 -0.000634994 -0.00134491 -0.00428899 -0.00101662 -0.00354545 -0.0118675 -0.0100794 -0.000448416 -0.00415751 -0.00482871 -0.00816527 0.000862199 0.000427333 -0.00225389 -0.000954089 0.00154281 0.000597015 -0.00200747 -0.0058365 -0.00913043 -0.00298319 -0.000105547 -0.00161673 -0.003458
internal_weight=41873 31657 10216 1524 159 25153 6504 8692 872 7820 825 83 126 6378 1365 1226 357 15878 9688 772 697 6190 2680 3746 263 184 119 4074 801 869
internal_count=41873 31657 10216 1524 159 25153 6504 8692 872 7820 825 83 126 6378 1365 1226 357 15878 9688 772 697 6190 2680 3746 263 184 119 4074 801 869
is_linear=0
shrinkage=0.05


Tree=14
num_leaves=31
num_cat=0
split_feature=4 13 6 6 13 2 4 4 14 12 1 16 13 13 12 16 1 5 12 4 16 14 2 11 0 16 16 11 11 5
split_gain=23.3199 9.22016 7.48476 7.1468 5.88724 5.07772 4.66184 4.42443 2.5388 2.79603 2.06098 1.88505 1.80936 2.25036 2.53352 2.58854 2.53739 1.64111 1.67451 1.62166 1.50807 1.49446 1.81494 2.02123 1.65579 1.65142 1.97254 1.49101 4.38074 1.4177
threshold=0.02761774619990439 43.015001296997077 1.2304098648518726 0.69139520713633884 27.855000495910648 -0.12473146727148553 0.021157874031590761 0.035455309456545091 0.23397195059943568 -0.0078641558377195424 -0.042321036763967694 0.01374562055883022 21.134999275207523 23.770000457763675 -0.031612309721525282 -0.0077630274563844073 0.0099780455603709645 0.026264170193563145 -0.075828254732232245 0.0158429676561424 0.0060808587390545074 -0.037983330078441173 -0.19267933691467634 -0.0094173719733559019 0.0034327807801409764 0.019599526227569556 0.030752587217881659 -0.013624952987961734 -0.010447904768034031 0.016553392370704498
decision_type=2 2 2 2 2 2 2 2 2 2 2 2 2 2 2 2 2 2 2 2 2 2 2 2 2 2 2 2 2 2
left_child=3 2 7 6 29 -3 -1 11 19 -10 -6 -2 -8 14 15 -14 -17 20 -19 -5 -9 22 -20 -24 -23 -26 -27 -16 -29 -4
right_child=1 5 4 8 10 -7 12 17 9 -11 -12 -13 13 -15 27 16 -18 18 21 -21 -22 24 23 -25 25 26 -28 28 -30 -31
leaf_value=0.0002200125459636947 -4.6870038054890758e-05 -0.0011155513118066768 3.7218604009562471e-06 0.00027870521075298399 -0.0018662113782427524 -0.00018848327211068601 0.00010157655208502593 -0.00027852224255739953 -0.00087383515668051828 0.0002313614443276014 -0.00065814569921664363 0.00011497693267178895 5.4910937193971003e-05 0.0001616667211815912 0.00018227909288076724 -0.00076634005244967981 -9.3287104817457898e-05 0.00078985667305648774 -0.00093860627057378043 -6.862010496063303e-05 4.1729148195565899e-05 -0.00045243723652144477 -0.00052768538072690818 6.7389196747028325e-05 -0.00062984070219951143 -0.0012062970253966746 -0.00042319768178948261 -0.0009003924667716043 -5.4349523171315797e-05 -0.00056199002926406031
leaf_weight=11729 5485 66 224 581 41 52 9789 1843 55 41 41 1704 61 613 238 70 43 70 77 5054 1004 696 67 417 312 45 53 46 201 1292
leaf_count=11729 5485 66 224 581 41 52 9789 1843 55 41 41 1704 61 613 238 70 43 70 77 5054 1004 696 67 417 312 45 53 46 201 1292
internal_value=0.000289217 -0.00142375 -0.00130095 0.00109937 -0.00451189 -0.015339 0.00149627 -0.000865115 -0.000478974 -0.00854167 -0.017561 -9.11112e-05 0.000759877 -0.00101415 -0.00304249 -0.00821839 -0.0126991 -0.00207897 -0.00329016 -0.000341615 -0.00134001 -0.00360828 -0.00150624 -0.000371901 -0.0046745 -0.00719512 -0.0128571 -0.00118557 -0.00390688 -0.00380607
internal_weight=42010 13489 13371 28521 1598 118 22790 11773 5731 96 82 7189 11061 1272 659 174 113 4584 1737 5635 2847 1667 561 484 1106 410 98 485 247 1516
internal_count=42010 13489 13371 28521 1598 118 22790 11773 5731 96 82 7189 11061 1272 659 174 113 4584 1737 5635 2847 1667 561 484 1106 410 98 485 247 1516
is_linear=0
shrinkage=0.05


Tree=15
num_leaves=31
num_cat=0
split_feature=5 11 10 4 14 2 4 13 10 12 10 15 10 11 1 11 12 5 12 10 15 13 9 9 15 14 16 3 13 14
split_gain=20.5853 9.14293 10.4242 5.65794 6.55976 5.29817 4.01329 3.41234 2.90307 2.56845 2.34639 4.07007 2.27136 2.09342 2.51799 1.94749 2.07556 2.04435 1.83881 3.16799 1.80581 1.94099 1.80303 1.74051 1.70318 1.53745 1.5621 1.84627 1.49399 2.71878
threshold=0.016553392370704498 -0.043674056524097109 -0.029463617054616639 0.038197062413037927 -0.19490876951167976 -0.097413737412523391 0.019294474821834894 13.894999980926515 -0.029463617054616639 -0.075828254732232245 -0.017312021268647334 -0.027735298513383463 0.0045002796512086949 -0.023324980459216712 -0.031129208704259389 0.019998315354098021 0.12384637745116912 0.030139978251673975 0.089699133089243169 -0.00018006943063253453 -0.010893419657015178 27.365000724792484 0.053807346854961698 0.11562358413984998 0.017332233467473483 -0.022450840204273455 -0.0066680277654283518 0.0088468161170411914 14.570000171661379 0.076607678117126224
decision_type=2 2 2 2 2 2 2 2 2 2 2 2 2 2 2 2 2 2 2 2 2 2 8 10 2 2 2 2 2 2
left_child=6 2 -2 10 -5 -4 24 -8 -9 -6 20 -12 18 14 -14 16 17 -11 23 -20 -3 22 -22 28 -1 -25 -27 -28 29 -10
right_child=1 3 5 4 9 -7 7 8 12 15 11 -13 13 -15 -16 -17 -18 -19 19 -21 21 -23 -24 25 -26 26 27 -29 -30 -31
leaf_value=0.00021135308712867071 -0.0014110292765076519 0.00027825657488594403 -0.00090547969210587928 -0.0020067690643960842 0.00065639600039048263 0.00017792557343248054 0.00021630227111443294 -0.00073691963961879136 -2.4811460216024595e-05 -0.00029324474969245342 -0.0011275214274611136 -2.3146601694555798e-05 -0.0010574524330710395 0.00017607402846422365 -1.1159047087488627e-05 -4.1408955256305e-05 -0.00096038697901198371 -0.0007771029692372677 -0.00046840205934384058 0.00010968606559996476 5.2889418895146639e-05 -0.00078191665004779176 -0.0008526058776521198 -0.00034705190796643573 -0.00031109579703488043 0.00015911594949926891 -0.00010828043127270292 -0.00045958638183200314 5.553594609501272e-05 -0.00059511885198949594
leaf_weight=9767 68 65 77 48 149 108 3377 61 598 2179 40 10587 43 4089 96 862 41 572 67 85 77 56 51 227 158 498 672 56 7177 115
leaf_count=9767 68 65 77 48 149 108 3377 61 598 2179 40 10587 43 4089 96 862 41 572 67 85 77 56 51 227 158 498 672 56 7177 115
internal_value=0.000299054 -0.00118825 -0.0106126 -0.00102635 -0.00267333 -0.00445946 0.00112161 0.000658761 0.00030978 -0.00244149 -0.000443177 -0.000330761 0.000358158 0.00132214 -0.00471223 -0.00270389 -0.00334527 -0.00317884 -7.10899e-05 -0.00552632 -0.00524096 -0.00777174 -0.004375 1.76605e-05 0.00192191 -0.00157261 -0.000872757 -0.0023489 0.00031052 -0.00187237
internal_weight=42066 14980 253 14727 3851 185 27086 17161 13784 3803 10876 10627 13723 4228 139 3654 2792 2751 9495 152 249 184 128 9343 9925 1453 1226 728 7890 713
internal_count=42066 14980 253 14727 3851 185 27086 17161 13784 3803 10876 10627 13723 4228 139 3654 2792 2751 9495 152 249 184 128 9343 9925 1453 1226 728 7890 713
is_linear=0
shrinkage=0.05


Tree=16
num_leaves=31
num_cat=0
split_feature=4 13 6 6 13 10 15 0 14 10 4 4 2 13 10 13 6 10 12 10 10 13 13 10 10 12 15 11 1 14
split_gain=19.3164 9.35929 6.45914 5.19393 6.04885 3.79274 8.37781 4.02846 3.72932 3.57227 3.28857 3.24093 3.1076 2.22166 2.11714 1.68905 1.66322 1.5562 1.49098 1.46595 1.43938 3.01171 2.58264 1.41708 2.16625 1.40133 3.74818 7.5858 4.13486 4.63545
threshold=0.02761774619990439 43.015001296997077 0.42316205284979491 1.5250832913014156 27.855000495910648 -0.017312021268647334 -0.010893419657015178 0.00066688787177704445 0.17323568959812755 -0.029463617054616639 0.039961566523455831 0.019294474821834894 -0.10922194635308612 13.894999980926515 -0.01853412807423643 13.934999942779543 2.1800120146759401 0.0090874919991018616 0.073733848686565309 0.0239914392111974 0.0070088316945141624 21.134999275207523 14.994999885559084 0.0010681409799049304 -0.0030883271740247405 0.082959712719514869 0.003937687934796986 0.010138015592521145 0.016127244213858475 1.0000000180025095e-35
decision_type=2 2 2 2 2 2 2 2 2 2 2 2 2 2 2 2 2 2 2 2 2 2 2 2 2 2 2 2 2 2
left_child=2 3 11 5 -5 6 -2 8 14 -4 19 -1 -3 -13 -8 -15 -11 18 20 25 -17 22 -22 24 -20 -7 27 -27 29 -29
right_child=1 12 9 4 -6 10 7 -9 -10 16 -12 13 -14 15 -16 17 -18 -19 23 -21 21 -23 -24 -25 -26 26 -28 28 -30 -31
leaf_value=0.00023029550099566985 0.00042060367680154501 -0.00099550232045153477 -0.00092410513598859272 -0.00051172525257939141 -0.001695791586174872 6.9772703971452401e-07 -0.0011347012570388487 -0.00014971049776804559 -0.0013696009362609632 2.7015761453442317e-05 -0.00025512221203822562 0.00021372571641985378 -0.00020442118224019932 -0.00019879223339025996 -0.0011460546412566577 7.334169101219999e-05 -0.00022826202432400919 0.00020747946102725042 -0.00019839440645472335 -0.00048075845160390159 -0.00040014947654207472 -0.00047448879897322771 5.6594075946195432e-05 0.00017850681280460226 -0.00069854486804463438 0.0002398296291976577 0.00048442373016216624 -0.0013383002456957519 -0.00048927756083879173 -0.0006464125206061158
leaf_weight=7460 185 67 56 1183 52 8291 63 78 80 5826 2811 2791 40 83 48 8395 1509 1558 114 91 44 69 438 115 47 175 152 49 95 66
leaf_count=7460 185 67 56 1183 52 8291 63 78 80 5826 2811 2791 40 83 48 8395 1509 1558 114 91 44 69 438 115 47 175 152 49 95 66
internal_value=0.000257072 -0.00129898 0.00099544 -0.00118153 -0.00427125 -0.000868352 -0.00535242 -0.0109851 -0.0148953 -0.000276688 -0.000694799 0.00144075 -0.016028 0.000982862 -0.00896396 0.000659579 -0.000180641 0.000714286 0.000467361 -0.000224801 0.00057903 -0.00189655 -0.000497925 -0.00315217 -0.00618012 -0.000159719 -0.00263501 -0.00525974 -0.0116667 -0.0180435
internal_weight=42031 13526 28505 13419 1235 12184 454 269 191 7391 11730 21114 107 13654 111 10863 7335 10780 9222 8919 8946 551 482 276 161 8828 537 385 210 115
internal_count=42031 13526 28505 13419 1235 12184 454 269 191 7391 11730 21114 107 13654 111 10863 7335 10780 9222 8919 8946 551 482 276 161 8828 537 385 210 115
is_linear=0
shrinkage=0.05


Tree=17
num_leaves=31
num_cat=0
split_feature=5 10 11 10 6 5 5 3 12 15 1 11 9 15 11 14 6 9 10 14 8 12 16 14 16 11 12 15 14 12
split_gain=18.5517 9.81546 8.44693 7.93918 7.61953 4.44022 3.67159 3.54103 3.58889 2.35871 2.19902 1.94275 2.44344 1.98711 1.77529 2.82993 1.64843 1.92677 1.64167 1.85472 1.92236 1.59947 1.6272 1.54696 1.45361 1.41499 2.37722 1.81502 3.44983 3.26597
threshold=0.020367794587841676 -0.029463617054616639 -0.035697705395590577 0.031057644580603009 0.19383762552481568 0.013669087631610021 0.011569367823612163 -0.010219507164166862 -0.062212446145613214 -0.010193806070227183 -0.050993957244660264 -0.028186613773187038 -0.12369249450743418 -0.0062502040344444279 -0.021243764887310997 0.10370151545599839 -0.42676004692872893 -0.31423403852766568 0.010000558479015599 0.042851800685698833 0.027674752095504965 0.061412556981192197 -0.024907824015754584 -0.024970108459849868 -0.015108235749168917 0.010968315958417631 0.12384637745116912 -0.0038174024536503644 -0.051474636784154308 0.082959712719514869
decision_type=2 2 2 2 2 2 2 2 2 2 2 2 8 2 2 2 2 8 2 2 10 2 2 2 2 2 2 2 2 2
left_child=1 2 -1 7 5 -3 -6 8 9 -2 18 12 13 -8 -10 -16 -12 -18 19 20 21 22 -9 -24 -14 26 -7 28 -27 -30
right_child=3 4 -4 -5 6 25 11 10 14 -11 16 -13 24 -15 15 -17 17 -19 -20 -21 -22 -23 23 -25 -26 27 -28 -29 29 -31
leaf_value=-0.001323987615800994 -0.00058039700136328022 0.00019481623307698043 0.00023355913932373955 -0.0016359234517237824 0.00014568592197084575 3.3834467996162604e-05 -8.4539041607182392e-05 -0.00087193532518231196 0.00012406081874534336 -0.0014129621970539741 -1.3459523547277818e-05 -6.368414340484515e-05 8.431998844539959e-05 -0.0013797086394669307 -0.00037496176914724198 -0.00140280029862003 -0.0011506440067650891 -0.00019133123549577622 0.00042295932611564977 -0.00014463855102400149 -0.0015152721205219835 -0.00097146061898894175 -0.00092621308347867683 -7.2617473554087558e-05 -0.00039105687044257027 -0.00078345773124936151 -0.00044494220935881288 0.00017447369365618254 8.6556055282712655e-05 -0.00062066566998161224
leaf_weight=77 47 10814 54 59 2750 8325 44 80 128 43 2229 8205 234 41 546 91 122 2361 114 267 52 66 136 261 222 44 52 3753 774 73
leaf_count=77 47 10814 54 59 2750 8325 44 80 128 43 2229 8205 234 41 546 91 122 2361 114 267 52 66 136 261 222 44 52 3753 774 73
internal_value=0.000269114 0.000722182 -0.0129389 -0.0021645 0.000772834 0.00128278 -0.000284447 -0.00199985 -0.005 -0.0144444 -0.00154887 -0.000785502 -0.00368762 -0.0114706 -0.00388889 -0.0049686 -0.00110144 -0.00198751 -0.00370902 -0.00445476 -0.0060084 -0.00512891 -0.0041195 -0.00280856 -0.00223684 0.000660856 0.000272771 0.0013609 -0.000667789 4.13225e-05
internal_weight=42064 35462 131 6602 35331 23835 11496 6543 855 90 5688 8746 541 85 765 637 4712 2483 976 862 595 543 477 397 456 13021 8377 4644 891 847
internal_count=42064 35462 131 6602 35331 23835 11496 6543 855 90 5688 8746 541 85 765 637 4712 2483 976 862 595 543 477 397 456 13021 8377 4644 891 847
is_linear=0
shrinkage=0.05


Tree=18
num_leaves=31
num_cat=0
split_feature=4 15 13 6 4 3 14 12 11 6 9 1 6 3 4 12 13 15 14 11 11 1 11 15 13 0 6 1 13 10
split_gain=17.7828 7.10854 6.89112 5.65835 4.22924 2.84091 2.78415 3.90165 2.68618 1.97325 2.25924 1.96168 1.83368 1.65884 1.71866 1.63264 2.55345 2.99884 4.85753 1.93594 2.34726 1.55419 1.97333 1.48819 1.86856 2.50662 1.47045 1.4526 1.55627 1.33631
threshold=0.030799259069407021 0.027809298544112186 43.015001296997077 0.35754071300938556 0.021640593462248375 1.0000000180025095e-35 0.23397195059943568 -0.0078641558377195424 -0.043674056524097109 1.0720268795767052 -0.31423403852766568 0.0295863719073759 2.0136287402694832 -0.0044681320894037748 0.035455309456545091 0.062788606761277746 17.605000495910648 -0.0029336575336513788 -0.040011250304013861 0.0039566049461625683 0.0015109645581827815 0.066955992923686494 0.010526791088557587 0.017332233467473483 16.285000801086429 0.014307921812938164 -0.038184352152721292 -0.05232202183539713 15.825000286102297 0.0012069749261046649
decision_type=2 2 2 2 2 2 2 2 2 2 10 2 2 2 2 2 2 2 2 2 2 2 2 2 2 2 2 2 2 2
left_child=3 2 6 4 23 -4 9 -8 -6 13 11 29 -5 21 -15 19 -17 -18 -19 20 27 -2 26 -1 25 -25 -23 28 -16 -11
right_child=1 -3 5 12 8 -7 7 -9 -10 10 -12 -13 -14 14 15 16 17 18 -20 -21 -22 22 -24 24 -26 -27 -28 -29 -30 -31
leaf_value=0.00017953918133857078 -0.00020855545461380363 -0.0014721734721295017 -0.0010795182952698533 2.030279253218459e-05 -0.00062511011532048332 -0.00037104008370931248 -0.0013303273116818154 6.166068210133409e-05 6.0081074681972882e-05 -0.00024546471849991194 -0.00040009731079620353 -0.0010775929349782121 -0.00021227790941123694 3.0957643519775182e-05 -0.0011863992179494919 2.4498746214356059e-05 -0.00022628728701766908 0.00010378293306757396 -0.0016432800788237227 7.0102584211627819e-05 -0.00065105187414031562 -0.00064755691779001378 -0.0001191270544059497 -0.0012344850568734411 0.00044966924256098099 0.00013289806561939073 -0.00071063107340923906 -3.9998426822126348e-05 -0.00030998234276671767 -0.0010816576369449844
leaf_weight=11327 1871 58 55 7007 55 44 65 57 12408 88 935 45 2054 2445 41 132 94 42 75 1459 157 42 86 42 44 45 46 851 356 75
leaf_count=11327 1871 58 55 7007 55 44 65 57 12408 88 935 45 2054 2445 41 132 94 42 75 1459 157 42 86 42 44 45 46 851 356 75
internal_value=0.000264958 -0.00168933 -0.00157764 0.000805288 0.00120835 -0.014697 -0.00143272 -0.00893443 0.00057089 -0.00132919 -0.00326772 -0.00798077 -0.000258801 -0.00104131 -0.000599787 -0.00136108 -0.00462099 -0.00803317 -0.0133761 -0.00097067 -0.00229537 -0.00226161 -0.00678161 0.00190173 -0.00339695 -0.00764368 -0.0120455 -0.00157051 -0.00406801 -0.00542945
internal_weight=42101 9119 9061 32982 23921 99 8962 122 12463 8840 1143 208 9061 7697 5652 3207 343 211 117 2864 1405 2045 174 11458 131 87 88 1248 397 163
internal_count=42101 9119 9061 32982 23921 99 8962 122 12463 8840 1143 208 9061 7697 5652 3207 343 211 117 2864 1405 2045 174 11458 131 87 88 1248 397 163
is_linear=0
shrinkage=0.05


Tree=19
num_leaves=31
num_cat=0
split_feature=5 10 2 5 11 2 10 12 13 14 16 3 10 15 8 12 16 12 16 13 15 16 5 12 14 16 15 3 15 10
split_gain=15.2827 5.77795 5.76351 4.94274 3.93299 5.86306 3.47728 4.42791 2.70475 3.82429 2.50659 2.32651 2.23776 2.99866 2.48354 2.11037 2.1016 2.69133 2.08146 3.18422 4.19721 1.84186 1.72006 1.71982 1.63598 2.57136 3.83615 1.63202 1.61654 1.95333
threshold=0.018542999154209702 0.031057644580603009 -0.014319130372381526 0.012561693916887712 -0.043674056524097109 -0.089666320518078754 -0.017312021268647334 -0.030911518629535614 31.844999313354496 0.23397195059943568 0.035023631652948202 -0.0076250447722204231 0.001595000535659419 0.012244016036323304 -0.18639688449938865 0.12384637745116912 -0.0016199184022475663 0.073733848686565309 -0.0051693739811931585 19.98499965667725 0.0019698702216173207 -0.01157890549201712 0.020255747406287487 0.024727587984372471 -0.026973540467474796 -0.0053493090438847526 -0.0026701845888018045 -0.0050211114987636076 0.0073269187290092583 0.0039792805730883849
decision_type=2 2 2 2 2 2 2 2 2 2 2 2 2 2 10 2 2 2 2 2 2 2 2 2 2 2 2 2 2 2
left_child=3 4 -3 23 5 11 7 8 9 -5 12 -2 13 15 28 24 17 18 -8 -20 -21 -19 -15 -1 25 26 -6 -22 29 -14
right_child=1 2 -4 6 10 -7 16 -9 -10 -11 -12 -13 14 22 -16 -17 -18 21 19 20 27 -23 -24 -25 -26 -27 -28 -29 -30 -31
leaf_value=9.7063830239499697e-05 -0.0010496035713244334 -0.0020126067849551873 -0.00012972206529656284 -0.00034836695373625134 -0.00039980164618120336 0.00015311492348077548 4.0975929563732283e-05 0.00016574923474674087 1.2640463794383359e-05 -0.0012265327298528915 0.00026474079728244473 -0.00057423784282143288 0.00011804785132929669 -0.00017906286746204321 -2.6488790499767896e-05 -0.00082055242094689084 8.9268435652714681e-05 -0.00020108380503645808 -4.5896661868620887e-05 6.7094190077238825e-05 -0.0011416617877704272 -0.00055763103644062466 -0.0013353924908416164 0.00021715820262422394 -0.00017895390519040712 -0.00028385507533415581 -0.00081034178419549989 -0.00042952513468018702 9.653809072410812e-05 -0.0010101009915153749
leaf_weight=6049 46 41 40 136 92 78 6748 240 60 57 493 45 63 40 4060 80 11245 293 1136 109 40 235 85 5712 4038 291 67 95 112 199
leaf_count=6049 46 41 40 136 92 78 6748 240 60 57 493 45 63 40 4060 80 11245 293 1136 109 40 235 85 5712 4038 291 67 95 112 199
internal_value=0.000267103 -0.0014539 -0.0147531 0.000795366 -0.00134386 -0.00890533 0.000324605 -0.00382353 -0.00843873 -0.0113212 -0.00121102 -0.0175275 -0.0013986 -0.0021596 -0.000593144 -0.00195053 0.000427366 -0.000158272 6.64372e-05 -0.0017029 -0.00688525 -0.00361742 -0.0098 0.00161168 -0.00180704 -0.00466667 -0.00977987 -0.0127778 -0.00449198 -0.00664122
internal_weight=42025 9870 81 32155 9789 169 20394 493 253 193 9620 91 9127 4693 4434 4568 19901 8656 8128 1380 244 528 125 11761 4488 450 159 135 374 262
internal_count=42025 9870 81 32155 9789 169 20394 493 253 193 9620 91 9127 4693 4434 4568 19901 8656 8128 1380 244 528 125 11761 4488 450 159 135 374 262
is_linear=0
shrinkage=0.05


Tree=20
num_leaves=31
num_cat=0
split_feature=5 3 13 13 9 5 2 13 4 16 16 12 15 15 14 16 12 11 13 11 15 15 15 12 15 12 9 11 15 16
split_gain=13.7703 5.73315 7.05309 5.03531 3.6037 3.60042 3.37404 2.18178 2.06519 1.77058 2.26644 1.95813 1.73756 1.72518 2.19265 1.97055 2.73126 2.65159 2.05585 1.69786 3.23919 2.18543 1.67946 1.50393 1.44173 2.7113 2.97925 4.00181 2.41471 1.87998
threshold=0.014694509952878342 -0.010938555229869749 27.855000495910648 33.719999313354499 -0.12369249450743418 0.0224270223168716 -0.10631273266355044 13.894999980926515 0.016740942891341041 0.0051778374353466114 0.0041995193036321607 0.024727587984372471 0.017332233467473483 -0.017797477055402296 0.11927434384443127 -0.0066246429094686801 -0.031612309721525282 -0.0066597094494468259 14.444999694824221 0.019179064165315788 -0.0038174024536503644 -0.0049725911177084794 0.0070380285463336198 0.073733848686565309 0.0093424456666318951 0.082959712719514869 -0.068123478912810828 0.010798800902990015 0.0089259359213769169 -0.024907824015754584
decision_type=2 2 2 2 10 2 2 2 2 2 2 2 2 2 2 2 2 2 2 2 2 2 2 2 2 2 8 2 2 2
left_child=7 2 13 4 -4 9 -5 12 -9 10 24 19 -1 14 -2 18 17 -17 -15 -11 21 -21 -18 -10 25 28 27 -27 29 -3
right_child=1 5 3 6 -6 -7 -8 8 23 11 -12 -13 -14 15 -16 16 22 -19 -20 20 -22 -23 -24 -25 -26 26 -28 -29 -30 -31
leaf_value=0.00020948982584038578 -7.0509194056846545e-05 -0.00020960837244108355 -0.0018750036152468516 -0.00048822095520209145 -0.00080196316348756305 -0.00025539061380629749 5.7229507493086729e-05 0.00019936427232815248 7.1414597509364961e-05 -8.5186995742058368e-05 -0.00043936652781815058 0.0001461053969616949 -0.00060278212341047526 -0.00079469642798304745 -0.00074287265423239688 -0.0015090142769023408 -6.6255001475203689e-05 -0.0006206665332274408 0.00015094294621578708 -1.9255062644979659e-06 0.00026985270524741711 -0.00091386844602005528 -0.00080884250943274593 -0.00030450301849157852 0.00020116886458536386 8.8236284564702938e-05 -0.00017971738372271083 -0.00097516846344153352 -0.00048679908250314516 7.6086025899204079e-07
leaf_weight=5224 51 1082 42 65 65 3841 80 3053 11894 2450 163 3461 77 44 40 70 653 53 538 68 964 57 110 305 755 40 220 75 53 6398
leaf_count=5224 51 1082 42 65 65 3841 80 3053 11894 2450 163 3461 77 44 40 70 653 53 538 68 964 57 110 305 755 40 220 75 53 6398
internal_value=0.000268034 -0.000618528 -0.00331033 -0.0110714 -0.0192991 -0.000370153 -0.005 0.00119277 0.000889064 -3.61078e-05 -0.000508764 0.000557143 0.00206659 -0.0020558 -0.00873626 -0.00164169 -0.00312641 -0.0100406 0.000618557 -0.00026985 0.00137282 -0.0062 -0.0020118 0.000598 -0.000398353 -0.000598627 -0.005 -0.0115217 -0.000402894 -0.00032754
internal_weight=41991 21438 1811 252 107 19627 145 20553 15252 15786 8786 7000 5301 1559 91 1468 886 123 582 3539 1089 125 763 12199 8623 7868 335 115 7533 7480
internal_count=41991 21438 1811 252 107 19627 145 20553 15252 15786 8786 7000 5301 1559 91 1468 886 123 582 3539 1089 125 763 12199 8623 7868 335 115 7533 7480
is_linear=0
shrinkage=0.05


Tree=21
num_leaves=31
num_cat=0
split_feature=4 15 6 10 13 10 4 12 15 3 6 6 4 0 4 10 12 15 3 12 14 10 12 13 2 8 16 10 13 12
split_gain=12.6332 8.00665 5.85408 3.87174 3.78453 3.71002 3.6488 3.34259 2.49921 2.39622 2.2076 2.20351 2.16701 1.6103 1.43622 1.41015 1.35578 1.33113 1.18703 1.17186 1.14986 1.97356 1.80236 2.02563 1.58681 1.08913 1.23615 1.21287 1.0688 1.07773
threshold=0.03436709253217702 0.027809298544112186 0.17169507465726216 -0.029463617054616639 43.015001296997077 -0.017312021268647334 0.021640593462248375 -0.0075921300584320664 0.017332233467473483 -0.0099456267992167318 1.2304098648518726 1.9388406332306178 0.026796654793495158 0.014307921812938164 0.016740942891341041 -0.0042544588401209329 -0.075828254732232245 -0.0019210493020116457 -0.0071083993106822443 -0.080083523859072289 -0.024970108459849868 -0.0056282491919848457 0.0011335469917099774 24.119999885559086 -0.065267163587517316 0.12069752157680382 -0.0051693739811931585 0.0028970492937452357 12.00999975204468 0.10731206738905331
decision_type=2 2 2 2 2 2 2 2 2 2 2 2 2 2 2 2 2 2 2 2 2 2 2 2 2 8 2 2 2 2
left_child=2 4 3 -1 10 7 8 9 -5 -4 16 14 -11 -10 -7 -13 -2 -9 20 -16 -8 -22 23 24 -23 27 -27 -21 -20 -30
right_child=1 -3 5 6 -6 11 18 17 13 12 -12 15 -14 -15 19 -17 -18 -19 28 25 21 22 -24 -25 -26 26 -28 -29 29 -31
leaf_value=-0.00072684513455505888 0.00042380512963122586 -0.0013705930184375998 -0.00097250761767870273 0.00016736381364321204 -0.00079429551833066342 0.00020223580545912577 0.00020595864477096428 0.00060786031285764235 -0.00097228112819798236 -5.8706742292031337e-06 -0.00073235171924648378 3.3212486980935882e-05 -0.00054471322276847549 0.00032969848932921497 -0.00028433025671001448 -0.00034543344363704406 -0.00016948096925300385 -0.00096654677912259401 -7.5505324581402801e-05 -2.5626399359483662e-05 0.00012941129425980111 -0.0010210914214538376 -0.00012102801822959724 0.0002268968704042486 -0.00055718817133439905 0.00015121615153522116 -0.00027106623501052459 0.00010894322729526779 7.6634796811781959e-05 -0.0002185110266154625
leaf_weight=42 205 42 58 10557 72 1213 280 100 63 82 634 742 49 51 64 1606 4965 47 53 4211 498 43 513 40 98 201 505 2930 11795 156
leaf_count=42 205 42 58 10557 72 1213 280 100 63 82 634 742 49 51 64 1606 4965 47 53 4211 498 43 513 40 98 201 505 2930 11795 156
internal_value=0.000322677 -0.00181818 0.00067464 0.00112014 -0.0016627 -0.000237974 0.00114652 -0.00541667 0.00183722 -0.00981481 -0.00152136 -8.62969e-05 -0.0060687 -0.00552632 0.000265235 -0.0014523 -0.00117988 0.000238095 0.000599585 1.95932e-05 -0.000740489 -0.00141779 -0.00314121 -0.00743094 -0.0102482 7.4551e-05 -0.00179887 0.000259768 0.000763912 0.000795331
internal_weight=41915 5918 35997 24189 5876 11808 24147 336 10671 189 5804 11472 131 114 9124 2348 5170 147 13476 7911 1472 1192 694 181 141 7847 706 7141 12004 11951
internal_count=41915 5918 35997 24189 5876 11808 24147 336 10671 189 5804 11472 131 114 9124 2348 5170 147 13476 7911 1472 1192 694 181 141 7847 706 7141 12004 11951
is_linear=0
shrinkage=0.05


Tree=22
num_leaves=31
num_cat=0
split_feature=4 11 0 10 4 10 10 15 9 13 15 13 10 1 11 11 13 13 13 13 4 16 13 10 10 15 10 15 13 13
split_gain=13.0213 4.66962 5.07504 4.35533 3.09485 2.71016 4.56506 3.61274 3.58472 2.68572 2.92636 2.38585 2.36971 3.3039 2.15916 2.14199 4.06693 6.97736 2.00927 5.39183 2.11172 2.10392 4.18106 1.98618 1.97007 1.84436 2.37407 2.15253 2.37681 2.22401
threshold=0.026599962224015197 -0.026323621770933166 0.036068483464598018 -0.029463617054616639 0.016740942891341041 -0.017312021268647334 -0.020247537407416468 -0.027735298513383463 0.024973688737039871 13.894999980926515 0.017332233467473483 46.145000457763679 0.0053129673957520449 -0.037568882400898222 -0.018044507294420583 -0.011292646731903553 23.694999694824222 25.19999980926514 21.555000305175785 20.980000495910648 0.040468251845445093 -0.03065063575242782 16.345000267028812 0.0044246157034957276 0.0062897918254353211 -0.011128384238419662 -0.023232584216571036 -0.0098777797777567216 20.659999847412113 16.894999504089359
decision_type=2 2 2 2 2 2 2 2 8 2 2 2 2 2 2 2 2 2 2 2 2 2 2 2 2 2 2 2 2 2
left_child=4 2 3 -2 -1 6 -3 -7 -8 10 -6 12 -5 -14 -9 16 -16 -18 19 20 21 22 -17 25 -21 -11 -27 28 -28 -29
right_child=1 5 -4 11 9 7 8 14 -10 23 -12 -13 13 -15 15 18 17 -19 -20 24 -22 -23 -24 -25 -26 26 27 29 -30 -31
leaf_value=0.00020720327358544153 -0.00091400587615775579 0.00049777080211517119 -0.00149088679528979 -5.9088066786689623e-05 0.00018683668613246927 -0.0010061003056860097 -0.00035172420706561236 0.00020355014558833258 -0.00070849482730714992 0.00017132116082782509 -0.0012432651456182348 -0.00067115473022271105 -0.0016394534968649848 -7.5263096896144416e-05 -0.000165310699293809 -0.0012781149967194564 -0.00092896498949480001 -0.00031020067430315867 0.00010324201018575598 -0.00053403214552607062 -0.00029261033693197836 -4.3987873290290348e-06 6.1431550234372295e-05 0.00012962999449777339 -0.0015049030798471976 -0.00059660763374375428 -0.00012206540497687825 -6.0980258550405988e-05 -0.00036479844704570422 7.2610428185655102e-05
leaf_weight=4620 69 110 58 855 4870 72 117 1079 68 1181 54 89 50 77 852 78 80 92 1279 78 1778 8283 96 5342 71 50 308 4950 111 5282
leaf_count=4620 69 110 58 855 4870 72 117 1079 68 1181 54 89 50 77 852 78 80 92 1279 78 1778 8283 96 5342 71 50 308 4950 111 5282
internal_value=0.000311053 -0.00085089 -0.00384808 -0.00311403 0.000976539 -0.00059683 -0.00533898 -0.000495736 -0.0101351 0.000730992 0.00176076 -0.0023296 -0.00161914 -0.00799213 -0.000437309 -0.000619926 -0.0028125 -0.00982558 -0.00042742 -0.000657742 -0.000520273 -0.000190966 -0.00563218 0.0004366 -0.0101007 7.65866e-05 -0.000130361 -7.93351e-05 -0.00359189 6.45037e-05
internal_weight=42099 15331 1198 1140 26768 14133 295 13838 185 22148 4924 1071 982 127 13766 12687 1024 172 11663 10384 10235 8457 174 17224 149 11882 10701 10651 419 10232
internal_count=42099 15331 1198 1140 26768 14133 295 13838 185 22148 4924 1071 982 127 13766 12687 1024 172 11663 10384 10235 8457 174 17224 149 11882 10701 10651 419 10232
is_linear=0
shrinkage=0.05


Tree=23
num_leaves=31
num_cat=0
split_feature=5 6 6 13 2 12 13 16 9 13 9 11 12 11 11 10 11 11 16 14 10 10 9 9 7 12 13 1 15 15
split_gain=10.405 4.91201 4.54255 4.603 3.41804 2.22891 2.1395 2.07479 2.88148 1.88504 1.83199 1.7855 3.36766 3.52489 3.56365 2.25102 3.26221 6.1072 3.33975 4.41059 5.77457 2.38156 2.27991 2.21129 2.06225 1.7258 1.679 1.62076 1.61404 1.76438
threshold=0.017615433128913224 0.19383762552481568 1.0376883840157272 27.855000495910648 -0.055583418298386027 0.027544140346580596 14.244999885559084 0.0062673508599438996 0.42554647188962819 14.315000057220461 -0.31423403852766568 0.017027249014991756 0.013959702571110679 0.0084051608350934632 0.011634039633228179 -0.013932246020769588 -0.0025925493959926822 0.0056453064529209404 0.0069453441066963393 -0.0056306847578752031 0.0010681409799049304 0.0053677371878491096 -0.042506932241417709 0.2580385585342691 -0.032015059041166131 0.018681832940772639 17.494999885559086 0.020472230718890486 0.0073786920563091449 0.0064332399492322842
decision_type=2 2 2 2 2 2 2 2 10 2 10 2 2 2 2 2 2 2 2 2 2 2 10 8 2 2 2 2 2 2
left_child=1 5 7 10 -5 11 -3 8 28 -8 -4 12 13 26 24 -14 -17 18 19 20 -18 -22 -20 -19 -15 -25 -1 -26 29 -2
right_child=2 6 3 4 -6 -7 9 -9 -10 -11 -12 -13 15 14 -16 16 17 23 22 -21 21 -23 -24 25 27 -27 -28 -29 -30 -31
leaf_value=0.00024782662506069687 -0.0001358985879390983 0.00012261858101225381 -0.00070123379199524705 -0.0011429970946901053 -0.000306627066064857 0.00016561778315077525 -0.00088863953506032015 3.2544694604905995e-05 -0.0012337147828374072 -5.5267959778091012e-05 -0.00033565277208508475 0.00018205376064997362 -0.00036532780134405012 -0.00080430774705504053 4.947254515800285e-05 0.0001596120159129172 -0.0008126107736612843 0.00017358280200046184 -0.00072693449102462357 0.00010659443669834132 -0.00032974655645041917 0.00019172202462252859 -0.00056658466126385777 -0.00070818769909277986 -6.3962966003838263e-05 -9.1821179216015401e-05 6.9336604382997711e-05 -0.00069373516009361427 9.1250752935652705e-05 -0.00064606061040182973
leaf_weight=2584 5028 2289 229 73 59 8426 44 4270 62 7478 1249 1983 81 63 576 863 49 967 41 294 148 102 128 70 183 133 3279 94 894 199
leaf_count=2584 5028 2289 229 73 59 8426 44 4270 62 7478 1249 1983 81 63 576 863 49 967 41 294 148 102 128 70 183 133 3279 94 894 199
internal_value=0.00023344 0.000733891 -0.00100597 -0.00347826 -0.0124242 0.00118222 -0.000182958 -0.000625179 -0.00121058 -0.000590268 -0.0026793 0.000733803 0.000453133 0.00106137 -0.00182314 -0.000980528 -0.000742397 -0.00188406 -0.00536745 -0.00360034 -0.00787625 -0.0048 -0.011568 0.000384616 -0.00588235 -0.00435961 0.00151202 -0.00402527 -0.00110194 -0.00143773
internal_weight=41938 29875 12063 1610 132 20064 9811 10453 6183 7522 1478 11638 9655 6779 916 2876 2795 1932 762 593 299 250 169 1170 340 203 5863 277 6121 5227
internal_count=41938 29875 12063 1610 132 20064 9811 10453 6183 7522 1478 11638 9655 6779 916 2876 2795 1932 762 593 299 250 169 1170 340 203 5863 277 6121 5227
is_linear=0
shrinkage=0.05


Tree=24
num_leaves=31
num_cat=0
split_feature=5 10 6 10 1 5 11 5 5 11 8 16 13 3 3 11 3 16 16 8 13 0 13 8 15 10 10 13 14 14
split_gain=9.37111 5.55748 4.82742 3.37862 2.88312 2.40326 2.27157 1.74876 1.6148 1.93062 2.04693 2.45974 1.59913 1.57099 1.52996 1.52052 1.34768 1.56312 2.52255 3.806 3.41349 1.66442 1.57706 2.96717 1.52144 1.39559 2.07072 1.28926 1.25762 5.47251
threshold=0.020508641747348056 0.031057644580603009 0.19383762552481568 -0.029463617054616639 -0.04968275290010276 0.010246293259756319 -0.043674056524097109 0.040741842083095205 0.011973431159732475 -0.028186613773187038 -0.058525283935545451 -0.017856491855205211 24.385000228881839 -0.0035471891111804594 -0.01659139211348681 -0.035697705395590577 -0.0071083993106822443 0.012697235172992151 0.01156400200548602 0.0040333816776242379 13.894999980926515 0.0029092974566244938 12.325000286102297 0.038770187861956192 0.011685943529370692 -0.010112214023305697 -0.01425655493307104 23.529999732971195 -0.035401414565419224 -0.026973540467474796
decision_type=2 2 2 2 2 2 2 2 2 2 8 2 2 2 2 2 2 2 2 10 2 2 2 8 2 2 2 2 2 2
left_child=2 4 3 -1 6 -5 -2 14 -4 10 13 -12 27 -10 -6 -13 24 18 22 -20 -21 -22 23 -18 -7 26 -19 -8 -24 -30
right_child=1 -3 8 5 7 16 12 -9 9 -11 11 15 -14 -15 -16 -17 17 25 19 20 21 -23 28 -25 -26 -27 -28 -29 29 -31
leaf_value=-0.00059068819193124024 -0.00057914944236558128 -0.0012263746813168436 0.00010283707059510392 0.0002267078986003595 -0.00051465334813940468 -1.4590758297297486e-05 -0.00048044448250307293 -0.00088313311466676505 -0.0011889415680474305 -4.067056842279765e-05 0.00025954012532131718 -0.00045526223909860789 0.00014402582997285915 -0.00021210327385856156 -4.4150244311727183e-05 -0.00024762301142273931 4.3648358201454148e-05 0.00026060114644505211 0.00010645659721761087 0.00040654902092692564 -0.00032131290939304094 -0.0007055699579982689 0.00014373464431362518 -0.00046194795353797453 -0.00085034815344358717 0.00017388989207461794 -0.0003728193422405454 -0.0012001641696108725 -0.00022456272629102459 7.9023627518616285e-05
leaf_weight=41 74 64 3269 2439 177 1877 979 108 92 7704 203 85 199 63 4747 175 237 88 156 43 44 67 3779 68 45 5288 108 48 570 9228
leaf_count=41 74 64 3269 2439 177 1877 979 108 92 7704 203 85 199 63 4747 175 237 88 156 43 44 67 3779 68 45 5288 108 48 570 9228
internal_value=0.000328658 -0.00143371 0.000644678 0.00104826 -0.00128553 0.00107272 -0.00338462 -0.000743243 -0.000193685 -0.000563566 -0.00325243 -0.00158747 -0.00287113 -0.00822581 -0.000605199 -0.00480769 0.000904714 0.00102816 0.000751128 -0.00370968 -0.00928571 -0.0139189 0.000850742 -0.00270492 -0.000359001 0.00174508 -0.00239796 -0.00366602 0.000930618 0.000631762
internal_weight=42065 6396 35669 24078 6332 24037 1300 5032 11591 8322 618 463 1226 155 4924 260 21598 19676 14192 310 154 111 13882 305 1922 5484 196 1027 13577 9798
internal_count=42065 6396 35669 24078 6332 24037 1300 5032 11591 8322 618 463 1226 155 4924 260 21598 19676 14192 310 154 111 13882 305 1922 5484 196 1027 13577 9798
is_linear=0
shrinkage=0.05


Tree=25
num_leaves=31
num_cat=0
split_feature=5 13 15 3 2 6 6 16 5 14 13 5 15 9 12 12 10 10 12 15 3 14 0 1 16 9 15 10 14 10
split_gain=8.3652 3.36843 3.59468 6.4223 3.72057 3.17886 2.69159 2.14642 2.07829 1.68572 1.54242 1.53779 1.45103 1.44687 1.30595 2.53689 1.89367 2.06284 1.61405 1.72043 2.32146 1.8165 2.91918 1.32446 1.68938 2.19117 1.2842 1.27631 1.57389 1.39039
threshold=0.016553392370704498 27.365000724792484 -0.011128384238419662 -0.0068274241004537264 -0.077451296103314957 0.081660025083180446 -0.27117493934024028 -0.017856491855205211 0.010506568779447919 0.035942894407802857 17.615000724792484 0.011973431159732475 0.010652471831619327 0.16304342993139445 0.019854414597249462 0.01773640557143186 -0.0054343681151217118 -0.001746991736331027 0.082959712719514869 0.0047664693787200516 0.0099604091313959548 0.018287022450050875 -0.0074671261852664586 -0.017977755340401521 0.010176084970714318 0.051073854130538672 0.01022066611722139 0.0023442699463880339 -0.036818887874406285 0.0022948798930048091
decision_type=2 2 2 2 2 2 2 2 2 2 2 2 2 10 2 2 2 2 2 2 2 2 2 2 2 8 2 2 2 2
left_child=5 6 -3 4 -4 8 -2 -6 -1 -5 11 -7 26 27 15 23 -17 -18 -16 20 21 22 -20 24 -8 -26 -12 28 -10 -30
right_child=1 2 3 9 7 10 14 -9 13 -11 12 -13 -14 -15 18 16 17 -19 19 -21 -22 -23 -24 -25 25 -27 -28 -29 29 -31
leaf_value=0.00020060466505618976 2.4898259039376393e-05 0.00016376103696730612 -0.0010318357957229038 -3.4937001461325765e-05 -6.1626830065182166e-05 0.00015472825557901783 -0.00024440493044592049 -0.0010726620048196146 0.00035049578986928688 -0.00060052725740418836 -9.7373173702228048e-05 -7.0855425917645796e-06 0.00023250781746611765 -4.3486308763466038e-05 3.5610456461155523e-06 -0.0013009637429777701 7.9013205586956893e-05 -0.00067054194884036758 -0.0011395570855245256 0.00028971411163175896 -0.0013156050390896483 0.00017224465982811993 -7.7379112635174766e-05 -5.751497303924816e-05 -0.00025578561400308478 -0.0010228864178204687 -0.00091699576453494662 0.00014015813908449184 5.3518183531992167e-05 -0.0003312804653598927
leaf_weight=2705 7082 211 85 375 65 2624 1116 44 679 152 3034 3983 291 1300 2748 42 82 118 73 140 62 164 94 2067 149 79 40 5480 6865 63
leaf_count=2705 7082 211 85 375 65 2624 1116 44 679 152 3034 3983 291 1300 2748 42 82 118 73 140 62 164 94 2067 149 79 40 5480 6865 63
internal_value=0.00027635 -0.000673 -0.00358369 -0.00526352 -0.0130412 0.000800695 -0.000479452 -0.00692661 0.0012146 -0.00240038 9.12557e-05 0.000535039 -0.000780089 0.000975534 -0.00117969 -0.00183 -0.00677686 -0.00475 -0.000455654 -0.00297373 -0.00466921 -0.00300604 -0.00667665 -0.00147904 -0.00270089 -0.00662281 -0.00109954 0.00113357 0.000714474 0.000489319
internal_weight=42012 14948 932 721 194 27064 14016 109 17092 527 9972 6607 3365 14387 6934 3653 242 200 3281 533 393 331 167 3411 1344 228 3074 13087 7607 6928
internal_count=42012 14948 932 721 194 27064 14016 109 17092 527 9972 6607 3365 14387 6934 3653 242 200 3281 533 393 331 167 3411 1344 228 3074 13087 7607 6928
is_linear=0
shrinkage=0.05


Tree=26
num_leaves=31
num_cat=0
split_feature=5 10 6 5 10 16 13 8 14 1 6 10 1 16 10 3 16 13 14 9 6 13 16 10 14 16 3 9 3 16
split_gain=8.39342 5.02805 4.34725 3.10901 2.44203 2.67196 3.89676 2.95401 2.70594 2.14967 1.90697 1.9235 1.53009 1.4349 1.41255 1.37482 1.2743 1.21082 1.24277 1.16566 1.52273 1.159 2.80332 8.08143 2.27452 4.16535 2.37797 2.36732 1.48283 1.4709
threshold=0.020508641747348056 0.031057644580603009 -0.49281220295658473 0.011331911350659503 -0.017312021268647334 -0.014228188588236821 23.265000343322757 0.063136223526020455 0.23397195059943568 -0.04968275290010276 1.2706907589134675 -0.0042544588401209329 0.13241492534772939 -0.04452279972347422 0.0023442699463880339 0.0042688393218032203 0.010176084970714318 17.250000000000004 0.015727597801877272 0.048108609784837116 3.0662725249647429 16.510000228881839 -0.028659295671555726 -0.0064885643523325811 0.043372068741787458 0.0070656518068725757 0.0011106998930832115 -0.14545457755667054 0.0032490608518516155 0.01444371195696126
decision_type=2 2 2 2 2 2 2 10 2 2 2 2 2 2 2 2 2 2 2 10 2 2 2 2 2 2 2 10 2 2
left_child=2 9 16 -4 5 -5 -7 8 -8 13 14 15 -11 -2 21 -12 -1 18 -16 20 -15 22 23 -6 29 27 -27 28 -26 -24
right_child=1 -3 3 4 10 6 7 -9 -10 12 11 -13 -14 19 17 -17 -18 -19 -20 -21 -22 -23 24 -25 25 26 -28 -29 -30 -31
leaf_value=0.00010135477468495181 -0.00063199922191280243 -0.0010912586195245975 0.00014091724922506201 4.1240055652219485e-05 0.00037537944659275492 -0.00018324637691868504 -0.00039393107730052918 -1.9173724244378233e-05 -0.00091750382768296954 -7.1311621073332326e-05 0.00021806000823596444 -0.00024500230049989057 -0.00063773612370364647 -0.00026616904705297503 0.00010324140251831303 -0.00043816672408050278 0.00017963590123864994 -1.6699997512434721e-05 0.00034268521227183473 -0.00045717385489864163 -0.0013519846615162876 3.6823035736024033e-05 -4.8605403227654269e-05 -0.00110782971331143 -0.00017284653701786395 -0.0010124519047784899 -0.00013388955767427489 8.7456591521783294e-05 -0.00051315849248005716 0.00019769045518043941
leaf_weight=8431 116 64 4710 228 71 147 57 42 52 4871 699 2305 186 969 3744 233 4098 2073 487 145 48 4537 1896 54 138 130 97 423 43 908
leaf_count=8431 116 64 4710 228 71 147 57 42 52 4871 699 2305 186 969 3744 233 4098 2073 487 145 48 4537 1896 54 138 130 97 423 43 908
internal_value=0.000299034 -0.00136818 0.000598686 0.000191558 -0.000102374 -0.00346008 -0.00657718 -0.0122185 -0.0165596 -0.00122731 -3.36342e-06 -0.00110133 -0.000764287 -0.00305947 0.000240052 0.000815451 0.00134847 0.000804251 0.00128929 -0.00253012 -0.00193215 -0.000188622 -0.000837766 -0.0082 -0.000584594 -0.00288207 -0.00865639 -0.00071192 -0.00549724 9.62912e-05
internal_weight=42002 6399 35603 23074 18364 526 298 151 109 6335 17838 3237 5057 1278 14601 932 12529 6304 4231 1162 1017 8297 3760 125 3635 831 227 604 181 2804
internal_count=42002 6399 35603 23074 18364 526 298 151 109 6335 17838 3237 5057 1278 14601 932 12529 6304 4231 1162 1017 8297 3760 125 3635 831 227 604 181 2804
is_linear=0
shrinkage=0.05


Tree=27
num_leaves=31
num_cat=0
split_feature=5 6 6 12 12 6 1 10 2 13 12 10 14 1 9 14 6 13 12 12 10 13 13 12 15 11 11 14 3 10
split_gain=6.64927 3.75025 2.46022 2.17054 6.19491 3.08545 2.28893 1.93255 4.05348 2.5773 2.27296 3.46803 2.04296 2.00386 1.81383 1.64636 1.69719 1.59184 1.57503 2.23815 5.24899 1.67888 3.84435 4.74218 1.50738 1.5888 1.52795 1.49614 1.43985 1.41492
threshold=0.014694509952878342 -0.41405639367826153 0.039628159875816048 -0.062212446145613214 -0.067575667738432196 0.80362696462728056 -0.096214521318989651 0.031057644580603009 -0.021082064548415599 24.695000648498539 -0.038043890036369758 -0.01521359351313417 -0.091137781806863202 -0.030508000606876636 -0.47857182474103632 -0.081825770158787711 1.0376883840157272 21.134999275207523 0.025155883078146649 0.023603390957717577 -0.0028568001746795964 15.144999980926515 14.904999732971193 0.00075809453830288931 0.00021014760718940376 0.0072949699106841246 0.045591132552592513 0.048234950984074383 0.017962011824247951 -0.001746991736331027
decision_type=2 2 2 2 2 2 2 2 2 2 2 2 2 2 8 2 2 2 2 2 2 2 2 2 2 2 2 2 2 2
left_child=2 24 18 4 6 -6 -3 9 -9 10 11 -5 -12 17 -14 -16 -17 -13 19 21 -21 22 27 -24 26 -26 -2 -1 -27 -29
right_child=1 3 -4 7 5 -7 -8 8 -10 -11 12 13 14 -15 15 16 -18 -19 -20 20 -22 -23 23 -25 25 28 -28 29 -30 -31
leaf_value=0.00019666081357883107 -5.7185524394711559e-06 -0.00054321887752545144 2.8183422661962132e-05 -0.00049751490549503324 -0.0010012686376845218 -0.00060205761757582124 -1.2701478007238457e-06 -0.0021789216145993587 0.00022505249577808471 0.00016900428407206605 0.00017763297423762972 -0.00012336956661944894 -0.0017186804764804373 -6.618273610532952e-05 -0.00029121074505316275 -4.6884957274544498e-05 -0.00026140712808522473 -0.0013320562258853793 0.0001608508599702485 -0.00053433492886107651 6.3971577710553632e-05 0.00013944646956780984 0.00043554539153377162 -0.00047210784483592771 4.8284511279382521e-07 0.00019672757827502902 -0.00029788089306363166 -5.1673130261567244e-05 -0.00039029146464812474 -0.00098839031002474135
leaf_weight=1224 4330 80 8051 47 47 44 401 40 58 669 690 42 48 264 131 7579 2261 49 5962 68 253 4582 80 188 1966 2485 96 124 40 42
leaf_count=1224 4330 80 8051 47 47 44 401 40 58 669 690 42 48 264 131 7579 2261 49 5962 68 253 4582 80 188 1966 2485 96 124 40 42
internal_value=0.000270738 -0.00034703 0.000912317 -0.00090763 -0.00391608 -0.0158791 -0.00165281 -0.000762754 -0.0077551 -0.000704584 -0.000886059 -0.00457711 -0.000747502 -0.00288732 -0.000928735 -0.000882058 -0.000807927 -0.00928571 0.00135071 0.000816187 -0.00325545 0.00102564 -0.000337756 -0.0058209 0.000435685 0.00108105 -0.000219159 0.000719425 0.00191089 -0.00373494
internal_weight=41941 21367 20574 12450 572 91 481 11878 98 11780 11111 402 10709 355 10019 9971 9840 91 12523 6561 321 6240 1658 268 8917 4491 4426 1390 2525 166
internal_count=41941 21367 20574 12450 572 91 481 11878 98 11780 11111 402 10709 355 10019 9971 9840 91 12523 6561 321 6240 1658 268 8917 4491 4426 1390 2525 166
is_linear=0
shrinkage=0.05


Tree=28
num_leaves=31
num_cat=0
split_feature=5 10 15 3 6 6 13 12 15 5 7 13 10 13 11 11 13 5 4 2 16 13 16 12 0 3 11 10 10 12
split_gain=5.86386 3.71163 5.26657 3.48395 3.26761 2.68355 2.20934 1.89899 1.70049 1.66796 2.55322 1.47021 1.39477 1.82619 1.31754 2.51913 1.85607 1.59231 1.25985 1.25042 1.21344 2.10066 1.91604 2.88366 2.54404 1.59412 1.58526 1.39903 2.87537 2.32594
threshold=0.016553392370704498 -0.017312021268647334 -0.013551849266931147 -0.0093695726436369125 1.196011357626978 -0.32201752222378116 13.869999885559084 -0.087458765142185854 0.017332233467473483 0.036348666647424414 0.051813403668841469 27.365000724792484 0.0083489150088474923 17.204999923706058 0.0021655828678432969 0.0015109645581827815 12.434999942779543 0.010859017194516698 0.016740942891341041 0.084584899749373457 -0.01560295023301622 14.465000152587892 -0.014249383055903618 0.00075809453830288931 -0.0012086473690243735 -0.0033202827036986622 -0.036898876616972491 0.00044089291237869871 0.0022328849049373383 0.016092642436075003
decision_type=2 2 2 2 2 2 2 2 2 2 2 2 2 2 2 2 2 2 2 2 2 2 2 2 2 2 2 2 2 2
left_child=4 2 -2 11 6 -3 8 -7 14 -9 -11 -4 18 -14 15 16 -1 -17 -8 20 21 25 23 -22 -25 -20 -24 -28 29 -29
right_child=1 5 3 -5 -6 7 12 9 -10 10 -12 -13 13 -15 -16 17 -18 -19 19 -21 22 -23 26 24 -26 -27 27 28 -30 -31
leaf_value=-0.00031221938374071447 0.0001379779368356326 3.5298672853895335e-05 -0.0013364412841720445 -0.00041053329271848122 -7.9455793901857521e-05 -0.00048757600354898964 0.000147205524564803 -8.7822893035747172e-05 -0.00070943138179877907 -0.00038990580023345135 -0.0020133001876520835 -0.0012629307927213135 0.00028362273080053627 3.9696611867921829e-05 0.00021396392545623458 -9.7444067678302514e-06 0.00018501466664794166 -0.001029074298214064 -0.00076247273030713685 0.00013990922225222462 0.00045284801735423654 0.00013383208963955006 -0.00051414243061068121 -0.00048274573055770675 -0.00016226436701120714 -4.5977987538859956e-05 6.4193677002419457e-05 -0.00032085696741720164 6.4961445864894954e-06 -0.00011215954003759936
leaf_weight=117 210 6870 45 246 3491 86 2352 7392 68 97 45 44 1545 1342 4276 40 965 52 56 1175 94 2441 56 90 92 133 4801 413 2926 491
leaf_count=117 210 6870 45 246 3491 86 2352 7392 68 97 45 44 1545 1342 4276 40 965 52 56 1175 94 2441 56 90 92 133 4801 413 2926 491
internal_value=0.000300944 -0.000490522 -0.00454128 -0.00843284 0.000741413 -0.000338164 0.000953241 -0.000984252 0.00182856 -0.00089992 -0.00626761 -0.0169101 0.000685012 0.00169207 0.00192661 0.00044293 0.0011183 -0.0075 0.000492725 0.000296836 0.000139308 0.00108365 -0.000137788 -0.00423913 -0.00791209 -0.00399471 -7.48226e-06 4.69241e-05 -0.000665796 -0.00313053
internal_weight=42051 15035 545 335 27016 14490 23525 7620 5518 7534 142 89 18007 2887 5450 1174 1082 92 15120 12768 11593 2630 8963 276 182 189 8687 8631 3830 904
internal_count=42051 15035 545 335 27016 14490 23525 7620 5518 7534 142 89 18007 2887 5450 1174 1082 92 15120 12768 11593 2630 8963 276 182 189 8687 8631 3830 904
is_linear=0
shrinkage=0.05


Tree=29
num_leaves=31
num_cat=0
split_feature=5 5 14 13 3 8 1 16 3 14 15 14 15 13 13 11 11 15 14 15 14 15 11 15 14 15 15 13 7 14
split_gain=6.91644 3.32936 2.17848 1.91762 1.56568 2.2008 1.50773 1.50099 1.36215 1.34592 1.3776 5.61132 1.87886 1.68288 1.70779 3.15377 1.45794 1.95197 2.61503 2.1486 2.5094 1.74401 2.68012 1.70167 8.5128 8.42144 2.21819 2.03946 3.08906 2.31079
threshold=0.020255747406287487 0.010190559667036104 -0.19490876951167976 13.84500026702881 -0.0068274241004537264 0.095766330705677652 -0.04968275290010276 0.034173017533079893 0.019986400368651073 -0.12096344977185801 -0.011128384238419662 0.38848161677544563 -0.010548572150273937 24.779999732971195 24.19999980926514 -0.012951386775020666 0.019179064165315788 -7.393249087833674e-05 -0.051474636784154308 -0.001465284881923101 -0.010446241084373918 -0.0050069855017573208 -0.029337465505850421 -0.0038174024536503644 -0.011298954547856009 -0.004105339383085326 -0.0032650461492966239 22.930000305175785 0.0088663340987575907 -0.031629138048926246
decision_type=2 2 2 2 2 10 2 2 2 2 2 2 2 2 2 2 2 2 2 2 2 2 2 2 2 2 2 2 2 2
left_child=1 -1 -2 4 5 -3 8 9 -4 -5 -11 12 -12 14 16 -16 21 18 -18 20 -20 22 -14 24 25 -23 -25 29 -29 -28
right_child=2 3 6 7 -6 -7 -8 -9 -10 10 11 -13 13 -15 15 -17 17 -19 19 -21 -22 23 -24 26 -26 -27 27 28 -30 -31
leaf_value=0.00018062620451247705 -0.00096746346155691118 -2.2439920074231568e-05 -0.00031887525849209832 0.00018098637794604293 0.00014369932882343252 -0.0011590709762570102 -9.1970974637588601e-05 0.00021464558970062759 -0.0013050969986720092 0.0001297597592359516 -0.00025896399571255616 -0.00092528485359047821 -0.00030675321195187824 0.00024402649199588779 0.00020788171927209142 -0.00066215712499001662 -0.00087468358205030012 0.00018258448341762184 0.00063280470540565765 -0.00049261201093156221 -9.7179074941149693e-05 -0.00028382049030721589 0.00010299888655233303 0.0003289743500458912 5.9223530758042177e-05 -0.0010342949709591751 4.5737089517817081e-05 -0.00051091638878201628 2.0390720517622928e-05 -6.5357000478290331e-05
leaf_weight=3619 61 373 1269 1012 5494 43 5376 994 47 1968 239 40 235 718 99 77 74 2069 249 65 590 220 3398 604 683 71 4061 127 120 7967
leaf_count=3619 61 373 1269 1012 5494 43 5376 994 47 1968 239 40 235 718 99 77 74 2069 249 65 590 220 3398 604 683 71 4061 127 120 7967
internal_value=0.000298127 0.000579255 -0.00116763 0.000414688 0.00122673 -0.00173077 -0.00108189 0.000227804 -0.00259878 0.000151098 7.47658e-05 -4.00809e-05 -5.53845e-06 4.36367e-05 -3.88718e-05 -0.00494318 3.16582e-06 0.00101247 -0.000828221 -8.84954e-05 0.000589988 -0.000172709 0.000802367 -0.000428427 -0.00244353 -0.00960481 -0.000276031 -0.000421588 -0.00491903 -0.000329232
internal_weight=41962 35209 6753 31590 5910 416 6692 25680 1316 24686 23674 21706 21666 21427 20709 176 20533 3047 978 904 839 17486 3633 13853 974 291 12879 12275 247 12028
internal_count=41962 35209 6753 31590 5910 416 6692 25680 1316 24686 23674 21706 21666 21427 20709 176 20533 3047 978 904 839 17486 3633 13853 974 291 12879 12275 247 12028
is_linear=0
shrinkage=0.05


Tree=30
num_leaves=31
num_cat=0
split_feature=4 6 5 0 11 0 13 5 1 16 12 15 16 16 11 11 8 13 8 15 16 16 12 8 11 16 11 3 12 12
split_gain=6.56936 4.33305 2.19985 2.12878 2.34698 1.79548 1.48424 1.26955 1.50265 1.5122 1.74605 2.93288 2.00586 1.33543 1.32911 1.37245 1.37722 1.4887 1.37273 1.26656 1.1668 2.63069 3.04801 4.47422 2.53645 2.37671 3.08437 2.18384 1.35109 1.66144
threshold=0.03436709253217702 0.039628159875816048 0.010506568779447919 0.058609931456231286 -0.0086028731968339472 -0.0406826449707463 14.175000190734865 0.020043285591485691 -0.04968275290010276 -0.026943830130190301 0.082959712719514869 0.003937687934796986 -0.0037365152862451896 -0.024364191249977126 0.01314891866926249 0.011915728697621366 -0.031933045255825125 27.365000724792484 -0.028858783370679649 -0.0029336575336513788 -0.0016199184022475663 -0.0066680277654283518 0.076145599776237818 -0.013742430718385599 0.016276968490692715 -0.0063205489107541193 0.00081107941047609 0.0001262190115519646 0.028818741117549677 0.014776412045584443
decision_type=2 2 2 2 2 2 2 2 2 2 2 2 2 2 2 2 8 2 10 2 2 2 2 8 2 2 2 2 2 2
left_child=1 2 -1 7 -5 -3 -7 13 -9 -10 14 12 -12 -2 15 16 -11 -18 -17 -14 21 -4 24 -24 25 26 -23 -28 29 -27
right_child=3 5 20 4 -6 6 -8 8 9 10 11 -13 19 -15 -16 18 17 -19 -20 -21 -22 22 23 -25 -26 28 27 -29 -30 -31
leaf_value=0.00018725706041877938 -0.00040390806039296311 -0.00039086418479699616 7.5022666514293912e-05 -0.00096072391959411128 -0.00041788140894888424 9.813871533409216e-05 -3.9727577395033716e-05 -0.00041618035166723731 0.00025782145746384142 -2.1760620052194357e-06 -0.0013881365810933871 0.00046001818644682724 0.00033439171206081192 0.00017632958742839599 5.5002724413436016e-05 -0.0014345462413219365 -0.00029147708182736124 -0.0013877541508373462 -0.00031798453311558195 -0.0007407579392210026 9.1819578768169996e-05 0.00018642873399936179 -0.00073562085466226065 0.00018965544019792008 0.00031920486346793638 -3.4760471968002867e-05 -0.00035435371716005743 -0.00059854389320503759 9.9377678500414375e-05 -0.00036254093374838396
leaf_weight=2591 125 357 6239 40 113 2876 10307 1248 287 915 51 54 41 784 1182 45 896 67 61 48 11433 67 43 41 349 855 42 43 482 354
leaf_count=2591 125 357 6239 40 113 2876 10307 1248 287 915 51 54 41 784 1182 45 896 67 61 48 11433 67 43 41 349 855 42 43 482 354
internal_value=0.000268342 0.000522326 0.000947025 -0.00126993 -0.0070915 -0.000184638 -8.98883e-05 -0.00111647 -0.00143514 -0.000922676 -0.00122024 -0.00582474 -0.00964286 0.00059956 -0.000938092 -0.00172883 -0.0014164 -0.00273624 -0.00726415 -0.00511236 0.000769 0.000325896 -0.00112917 -0.0104762 -0.000770985 -0.00151112 -0.0075 -0.0138235 -0.000972797 -0.00186518
internal_weight=42036 36079 22539 5957 153 13540 13183 5804 4895 3647 3360 194 140 909 3166 1984 1878 963 106 89 19948 8515 2276 84 2192 1843 152 85 1691 1209
internal_count=42036 36079 22539 5957 153 13540 13183 5804 4895 3647 3360 194 140 909 3166 1984 1878 963 106 89 19948 8515 2276 84 2192 1843 152 85 1691 1209
is_linear=0
shrinkage=0.05


Tree=31
num_leaves=31
num_cat=0
split_feature=4 10 15 12 3 0 7 6 6 6 10 10 13 6 9 3 15 13 13 10 15 13 14 10 15 13 0 12 10 12
split_gain=5.18476 3.87056 3.88186 3.88341 3.82009 2.74426 2.65874 2.59116 2.57149 2.49244 1.93742 1.70276 1.8622 1.60509 1.42289 1.43829 1.37511 1.57665 1.30529 1.26748 1.32445 1.23038 2.05514 2.31058 1.96603 1.36888 1.32034 1.29465 1.38368 1.34098
threshold=0.02477097837567559 -0.017312021268647334 -0.010893419657015178 0.0011335469917099774 -0.0093695726436369125 0.0035746673727712346 -0.03563600152496426 0.35754071300938556 -0.33635613178213042 -0.45918887673022907 0.0045002796512086949 0.0039792805730883849 15.574999809265138 2.7807198972547549 -0.31423403852766568 0.0059435601364583599 -0.012165735853255142 13.894999980926515 21.134999275207523 0.0075369410281178615 0.010401381671425127 16.285000801086429 0.072802606011034846 -0.0042544588401209329 -0.0098777797777567216 16.164999961853031 -0.0069529685204514071 0.073733848686565309 0.00048358737476139618 0.011595821830406862
decision_type=2 2 2 2 2 2 2 2 2 2 2 2 2 2 8 2 2 2 2 2 2 2 2 2 2 2 2 2 2 2
left_child=9 2 -2 4 -4 6 -6 -3 -8 -1 11 16 -13 18 15 -9 -11 -18 -12 -15 -21 22 25 26 -23 -19 -24 28 -26 -30
right_child=1 7 3 -5 5 -7 8 14 -10 10 13 12 -14 19 -16 -17 17 21 -20 20 -22 24 23 -25 27 -27 -28 -29 29 -31
leaf_value=0.00012958667916212647 8.1517209033326522e-05 1.6303044702942685e-05 -0.0011944266272168552 0.00082771628720762925 -0.00025107011245967698 9.6909564042493908e-05 -0.00078386605563384489 -0.00042392345458376753 -0.000757669926194768 0.00019909123866676924 0.00015512288272173408 7.7981743943438615e-05 -0.00052289638961347214 0.00076144206744777846 -0.00012795069923896073 -0.0017751059947580005 0.00011807727981813894 -5.5562413980404618e-05 -8.1611881308010445e-05 -0.0011710213111822078 0.00013558474969519252 -0.00023730896054233825 -0.00066440939161941032 -0.00027371721707282389 0.0001024187961994729 -0.00089800060713870068 -7.4590291300510707e-06 -0.00024436200012564405 -0.00029281996727868357 3.9132314502536063e-06
leaf_weight=8896 247 13279 68 62 79 78 56 110 44 633 3834 159 192 40 4863 59 2312 2076 278 65 42 302 98 54 3015 61 173 111 211 565
leaf_count=8896 247 13279 68 62 79 78 56 110 44 633 3834 159 192 40 4863 59 2312 2076 278 65 42 302 98 54 3015 61 173 111 211 565
internal_value=0.000305739 -0.000307469 -0.00414826 -0.0072739 -0.00946154 -0.00667315 -0.0100838 -0.000174485 -0.0155 0.00080828 0.000397652 1.60612e-05 -0.00340456 0.00129021 -0.0011407 -0.00565089 0.000140984 -1.78212e-05 0.00147374 -0.00384354 -0.00668224 -0.000408041 -0.00129569 -0.005 0.000111798 -0.000732335 -0.00311808 0.000412609 0.000568452 -0.00131443
internal_weight=42062 18945 634 387 325 257 179 18311 100 23117 14221 9962 351 4259 5032 169 9611 8978 4112 147 107 6666 2462 325 4204 2137 271 3902 3791 776
internal_count=42062 18945 634 387 325 257 179 18311 100 23117 14221 9962 351 4259 5032 169 9611 8978 4112 147 107 6666 2462 325 4204 2137 271 3902 3791 776
is_linear=0
shrinkage=0.05


Tree=32
num_leaves=31
num_cat=0
split_feature=4 10 15 12 3 6 9 4 12 13 13 15 10 10 4 2 8 6 13 9 9 6 12 10 4 10 10 15 13 13
split_gain=4.73165 2.68196 4.29005 2.90096 2.88235 2.53293 2.205 1.81264 1.75618 1.70239 3.23482 1.80619 2.26376 3.31768 1.61043 1.5197 1.38102 1.35741 1.28003 1.57591 1.25017 1.23839 1.45169 1.19867 1.14953 1.07838 1.41367 1.06778 1.06033 4.16529
threshold=0.02761774619990439 -0.017312021268647334 -0.010893419657015178 0.0011335469917099774 -0.0091160602771166426 -0.13616546609299532 -0.24511480289640472 0.050726434937231633 -0.087458765142185854 24.385000228881839 24.19999980926514 -0.014994368944820478 -0.0064885643523325811 -0.004697388100089738 0.017530607026097881 -0.089666320518078754 0.2065254335094521 1.0376883840157272 18.214999198913578 -0.13095227976036397 0.078588757178790561 1.2706907589134675 -0.0023464357994545377 0.010626560659037223 0.015274700907567013 0.0066461218839984912 -0.0045512787110520972 0.012157837632287173 21.664999961853031 20.980000495910648
decision_type=2 2 2 2 2 2 10 2 2 2 2 2 2 2 2 2 10 2 2 10 10 2 2 2 2 2 2 2 2 2
left_child=5 2 -2 4 -4 24 -6 8 -3 10 11 12 -10 -14 -7 -8 21 28 -15 -20 -16 23 -23 27 -1 26 -22 -9 29 -13
right_child=1 7 3 -5 6 14 15 16 9 -11 -12 17 13 18 20 -17 -18 -19 19 -21 25 22 -24 -25 -26 -27 -28 -29 -30 -31
leaf_value=0.0002034199781579955 0.00016624794690305044 -0.00053227205388548145 -0.0011328716579849271 0.00067374589715472769 -0.00056817991847150299 0.00011492615358333182 0.00020500327151547478 -0.00025456570659030178 0.00023783751021888897 0.00012303778353903009 -0.00070674645394494604 7.9297297131011012e-06 -0.0011909550971090747 7.4256034139024969e-05 2.0209383807335271e-05 -0.00071544210661350117 -0.0013292646853816871 -0.00023155756425711048 -0.0011712895924019257 -1.7597930339901357e-05 4.0150477627117165e-05 -0.0013708024208773386 -0.0012444208128334824 0.00021864517696933779 8.7225970515468831e-05 6.9149622305996513e-05 -0.00017650269053490133 -0.00073971243330199596 0.00019305226467388205 -0.00061381548371184464
leaf_weight=1293 227 74 59 45 40 2751 49 576 136 1156 68 7945 57 97 7338 111 52 1473 56 52 611 49 54 130 14438 567 1471 49 821 190
leaf_count=1293 227 74 59 45 40 2751 49 576 136 1156 68 7945 57 97 7338 111 52 1473 56 52 611 49 54 130 14438 567 1471 49 821 190
internal_value=0.000306293 -0.000462185 -0.00394539 -0.00782895 -0.00986486 0.000672486 -0.007 -0.000320291 -0.000158763 -0.000111609 -0.000305186 -0.000236908 -0.00354271 -0.00625954 0.000148375 -0.004375 -0.00247253 -0.000110749 -0.00329268 -0.00703704 -0.000146691 -0.00199301 -0.00713592 -0.00129139 0.00109688 -0.00107776 -0.00160423 -0.0022 0.00012059 -5.22432e-05
internal_weight=42035 13566 531 304 259 28469 200 13035 12125 12051 10895 10827 398 262 12738 160 910 10429 205 108 9987 858 103 755 15731 2649 2082 625 8956 8135
internal_count=42035 13566 531 304 259 28469 200 13035 12125 12051 10895 10827 398 262 12738 160 910 10429 205 108 9987 858 103 755 15731 2649 2082 625 8956 8135
is_linear=0
shrinkage=0.05


Tree=33
num_leaves=31
num_cat=0
split_feature=5 13 10 10 12 12 10 12 15 9 15 10 9 8 14 15 3 13 11 12 11 3 14 14 12 16 15 10 13 15
split_gain=5.32436 1.74719 1.7245 1.92271 3.83529 3.50597 4.95101 3.36804 2.39169 2.30538 3.11676 1.70014 1.9815 1.67709 1.44292 2.75272 2.13617 1.48657 1.40884 1.49349 3.36439 1.38237 1.37155 1.88684 5.49565 1.29612 1.42567 1.42633 1.27303 1.26999
threshold=0.016553392370704498 13.84500026702881 0.0044246157034957276 0.00063381300570131149 0.089699133089243169 0.023026608295052656 0.0018426326691356467 0.022559173972236727 -0.001465284881923101 0.13006060322389359 -0.0056835695471048045 0.0014013952122059472 0.084437413469201542 -0.14249342297981857 -0.054805799949304061 -0.0029922811154487468 0.0040368777206997173 17.494999885559086 0.01955675936649726 0.050860113583604989 0.017027249014991756 0.0018025198456127491 -0.037778052319122728 -0.026973540467474796 0.024521717099064925 0.030752587217881659 -0.0024448449808805446 0.0035295421456860159 21.295000076293949 0.017332233467473483
decision_type=2 2 2 2 2 2 2 2 2 10 2 2 8 10 2 2 2 2 2 2 2 2 2 2 2 2 2 2 2 2
left_child=1 -1 3 4 18 6 8 9 -5 -8 -11 12 -10 -2 15 16 -4 -17 19 22 28 -13 -3 24 -24 -15 27 -27 -21 -16
right_child=13 2 14 5 -6 -7 7 -9 11 10 -12 21 -14 25 29 17 -18 -19 -20 20 -22 -23 23 -25 -26 26 -28 -29 -30 -31
leaf_value=0.00014057230032765876 -0.00020373067388358308 0.00036651591695344859 -0.00015697843164145272 -8.7169745277735432e-05 -0.00038945153043703915 4.1176429957137697e-05 4.9386580340761108e-05 -0.00056581389282023557 -0.00064445394628325717 -0.00047166721680373853 -4.7610614302658817e-05 -0.0006549785546315118 -0.00023990898049608937 -3.9233454543573803e-05 0.00018468740169364775 0.00016274621666900323 -0.0005874779193034774 -4.7308233537928615e-05 0.00032698292216764571 5.0774668323031044e-05 -0.00042814228033175543 -7.5473262453320064e-05 6.2625174227993392e-05 5.4110669947003949e-05 -0.00089939981199935691 0.00018648810191623438 0.00021961916231153894 -0.00031183098212604447 -0.00081384001160695111 -0.00016149089715221363
leaf_weight=6130 1780 598 170 123 92 1883 1068 69 46 61 139 103 72 12346 3317 1621 70 1124 511 399 52 97 193 8959 78 93 728 51 65 80
leaf_count=6130 1780 598 170 123 92 1883 1068 69 46 61 139 103 72 12346 3317 1621 70 1124 511 399 52 97 193 8959 78 93 728 51 65 80
internal_value=0.000258559 0.000676623 0.000459743 0.000160186 0.000491916 -0.00083174 -0.00242407 -0.000908751 -0.00701814 -0.000323344 -0.00525 -0.00930818 -0.0140678 -0.000497399 0.00114541 0.000343384 -0.00479167 0.00079235 0.000578075 0.00045147 -0.00217054 -0.0065 0.000589133 0.000438787 -0.00367159 -0.000303374 0.00155963 -0.00298611 -0.000818965 0.00185016
internal_weight=42118 27120 20990 14608 10947 3661 1778 1337 441 1268 200 318 118 14998 6382 2985 240 2745 10855 10344 516 200 9828 9230 271 13218 872 144 464 3397
internal_count=42118 27120 20990 14608 10947 3661 1778 1337 441 1268 200 318 118 14998 6382 2985 240 2745 10855 10344 516 200 9828 9230 271 13218 872 144 464 3397
is_linear=0
shrinkage=0.05


Tree=34
num_leaves=31
num_cat=0
split_feature=6 5 12 5 1 15 13 10 2 10 14 15 13 7 12 15 15 12 11 12 14 15 16 7 13 13 12 6 14 14
split_gain=4.59459 2.68806 2.52309 2.50802 1.59482 1.84285 2.10436 1.5413 1.40609 1.16575 1.50179 1.15169 2.63853 1.7718 1.17303 1.40155 1.61269 3.17018 2.01039 1.72328 1.92126 1.6485 1.59633 1.55738 1.26687 2.34637 3.28982 1.25955 1.24362 2.54787
threshold=0.38827397569406091 0.021071171938315227 0.013329903509770149 0.014650782625115202 -0.023210468730636421 -0.0081291174058793474 27.664999961853031 -0.029463617054616639 0.15492128107402728 0.0062897918254353211 -0.0049345356588886271 0.017332233467473483 16.285000801086429 0.018350954163938619 0.025891227529327935 -0.011835228459077694 -0.0068441686975823637 0.016494758368500898 -0.0025925493959926822 -0.012168113641692622 0.031770832380203846 0.010401381671425127 0.028454147293691893 -0.0043589107663865026 14.904999732971193 15.194999694824221 0.0037861814309102519 -0.34387771117446048 -0.023978062109039463 -0.035401414565419224
decision_type=2 2 2 2 2 2 2 2 2 2 2 2 2 2 2 2 2 2 2 2 2 2 2 2 2 2 2 2 2 2
left_child=3 -2 4 11 5 -3 9 -5 -6 10 -7 14 13 -13 15 -1 17 19 22 20 23 24 -18 -17 28 26 -26 -27 29 -20
right_child=1 2 -4 7 8 6 -8 -9 -10 -11 -12 12 -14 -15 -16 16 18 -19 21 -21 -22 -23 -24 -25 25 27 -28 -29 -30 -31
leaf_value=0.00030159544101777443 -3.452036894431925e-05 -0.00015696446610414454 -0.00011150652917640574 -0.00047838757238472532 -0.00023478229380077898 -0.00073273858285812985 -0.00085320874679962468 1.6440245991632888e-05 -0.0014092683866819104 0.00029231798846276476 -0.0017316225441244408 -0.00078821675711750042 0.00027848082044124115 -2.5967042092188951e-05 0.00011771486478240822 -0.00032905136246003504 0.00018785399983528288 -0.00050308576146451797 6.427082740352309e-05 0.00018859140630433552 1.7985062318064271e-05 0.00029973735041337823 -0.0004373245131714095 -8.60528454096037e-05 0.0006369458025626114 5.4211472827807425e-05 -0.00037080590815288691 -0.0001529450478872168 0.00026718342243888633 -0.00047049615460370965
leaf_weight=551 9787 111 660 52 307 40 58 16035 44 41 72 55 77 60 6850 77 2744 170 357 363 241 240 63 58 62 1146 227 788 600 62
leaf_count=551 9787 111 660 52 307 40 58 16035 44 41 72 55 77 60 6850 77 2744 170 357 363 241 240 63 58 62 1146 227 788 600 62
internal_value=0.000250965 -0.000620503 -0.00272693 0.000564804 -0.00488113 -0.00742236 -0.0101659 0.000132716 -0.00254986 -0.0070915 -0.00973214 0.00103475 -0.0028125 -0.0076087 0.00108535 0.000663957 0.000477911 -0.00149065 0.000762443 -7.44247e-05 -0.00244681 -4.02066e-05 0.0017581 -0.00722222 -0.000336212 -0.0010054 -0.00520761 -0.000377456 0.00112365 -0.000966587
internal_weight=41998 11120 1333 30878 673 322 211 16087 351 153 112 14791 192 115 14599 7749 7198 909 6289 739 376 3482 2807 135 3242 2223 289 1934 1019 419
internal_count=41998 11120 1333 30878 673 322 211 16087 351 153 112 14791 192 115 14599 7749 7198 909 6289 739 376 3482 2807 135 3242 2223 289 1934 1019 419
is_linear=0
shrinkage=0.05


Tree=35
num_leaves=31
num_cat=0
split_feature=4 6 3 10 1 8 9 6 8 0 12 10 12 11 10 14 12 10 10 0 13 12 11 11 8 9 14 14 6 11
split_gain=3.96643 2.41074 1.76335 2.38609 1.74581 1.72409 1.63486 1.58477 1.44526 1.68685 1.44443 3.30738 1.3455 1.82746 3.0779 1.71344 1.65774 3.97442 1.5189 2.46213 1.96758 2.15077 1.44595 1.73677 1.57148 1.38064 1.28162 6.48698 2.93889 1.99523
threshold=0.023185112312469534 1.0376883840157272 -0.0071083993106822443 -0.029463617054616639 0.049158411797015862 -0.15566776738644481 0.19839655540013393 0.071438015056883145 0.064217005986514378 0.0022230397835589781 0.12384637745116912 0.0010681409799049304 0.027464825873152136 0.015047033906525955 -0.00032911889046416393 0.041854253665611248 0.027083039342927776 0.00054085357346300722 0.0059300727416714558 -0.00042134105888841361 17.445000648498539 0.076145599776237818 0.015980526956462796 0.01562981784988882 -0.22961686729304129 -0.080289920422213876 -0.026973540467474796 -0.02817624153510306 -0.62962857054339139 -0.030384462612199011
decision_type=2 2 2 2 2 8 10 2 10 2 2 2 2 2 2 2 2 2 2 2 2 2 2 2 10 8 2 2 2 2
left_child=6 2 3 -2 -5 -3 7 -1 9 -6 12 -12 16 -14 15 25 22 -18 -16 20 -20 -22 23 26 -24 -15 27 29 -29 -4
right_child=1 5 10 4 8 -7 -8 -9 -10 -11 11 -13 13 14 18 -17 17 -19 19 -21 21 -23 24 -25 -26 -27 -28 28 -30 -31
leaf_value=9.8813922178467084e-05 -0.00068499706822416039 -0.00097823721807021105 -0.00026762931416114146 -5.5296451743637845e-05 -0.00031669166888218008 -0.00018197788644135722 -8.8936778390778608e-05 2.4645731520272131e-05 2.7115801999160524e-06 -0.00079171062188396679 -0.00058440915575479256 6.2338682325186368e-05 0.00012603398621908343 -0.00043833682377855644 0.0002004286044621083 -0.00069579465338371412 -0.0011581577198017466 0.00021475462847874791 -0.00024695661207990754 5.7024744732875508e-05 -0.00010254553795510605 -0.002972353985605657 -0.00053983561189002293 -0.00045955660016417862 0.00010226325712078826 7.5016452637582595e-05 2.1961981219894316e-05 -0.00090028378914919606 -0.00032366185272227754 -2.216030573005296e-05
leaf_weight=11877 50 207 195 2403 94 3142 1047 6576 98 66 66 126 3737 49 885 110 48 52 198 716 43 44 65 42 2099 134 5198 48 72 2646
leaf_count=11877 50 207 195 2403 94 3142 1047 6576 98 66 66 126 3737 49 885 110 48 52 198 716 43 44 65 42 2099 134 5198 48 72 2646
internal_value=0.000238887 -0.000211417 3.63014e-06 -0.00117853 -0.000975197 -0.00144969 0.000761539 0.00087059 -0.00488372 -0.0078125 0.000197007 -0.00411458 0.000247543 0.000850237 -0.000300596 -0.00506826 -9.31675e-05 -0.0065 0.000440085 -0.000894106 -0.00482456 -0.011092 -3.13553e-05 -0.000334715 0.0011183 -0.00210382 -0.00028251 -0.0011128 -0.0125 -0.00063182
internal_weight=42133 22633 19284 2711 2661 3349 19500 18453 258 160 16573 192 16381 5916 2179 293 10465 100 1886 1001 285 87 10365 8201 2164 183 8159 2961 120 2841
internal_count=42133 22633 19284 2711 2661 3349 19500 18453 258 160 16573 192 16381 5916 2179 293 10465 100 1886 1001 285 87 10365 8201 2164 183 8159 2961 120 2841
is_linear=0
shrinkage=0.05


Tree=36
num_leaves=31
num_cat=0
split_feature=6 5 4 10 10 12 15 5 8 5 15 6 12 14 11 9 6 14 15 10 14 4 1 12 12 9 3 14 3 10
split_gain=3.25855 2.62406 2.03013 1.62099 1.37922 1.68506 2.44219 1.84584 1.77069 1.37834 1.2389 1.13887 1.6237 1.11387 1.08798 1.0573 1.05 1.04379 1.07632 1.06115 1.10919 1.03986 1.02838 1.00431 2.53435 1.29628 2.05464 0.988981 0.987841 1.93774
threshold=1.0376883840157272 0.012599150090877901 0.042686459123851515 -0.029463617054616639 0.0088263843423883621 0.05735486248043898 0.013910698331410789 0.020917867518681504 -0.0028969650891271788 0.030139978251673975 0.010925263783963303 -0.49281220295658473 -0.080083523859072289 -0.0070547548707520216 -0.043674056524097109 0.30513427698097201 2.7807198972547549 0.017639326626862298 0.017332233467473483 0.0034066550806218792 0.083142255535003332 0.038197062413037927 0.021293180486412603 0.014344478951051955 0.012875876838212565 -0.26154355431163701 0.010933263018980901 -0.0091057157714133346 -0.001946666059163382 0.012088687699085778
decision_type=2 2 2 2 2 2 2 2 10 2 2 2 2 2 2 10 2 2 2 2 2 2 2 2 2 10 2 2 2 2
left_child=1 17 10 -3 9 23 7 8 -7 11 -2 -5 21 16 -14 -11 -4 18 -1 20 -19 -13 -10 24 25 26 -6 -20 29 -27
right_child=2 3 13 4 5 6 -8 -9 22 15 -12 12 14 -15 -16 -17 -18 19 27 -21 -22 -23 -24 -25 -26 28 -28 -29 -30 -31
leaf_value=0.00011574559134509485 -0.00012006173987562832 -0.00032278064437041244 -0.00034172953911285243 5.2155714762183317e-05 1.5793765183131226e-05 4.549760605709252e-05 0.00018126585335175976 -0.0012077287200737284 -0.00061136636768032609 -0.00026059966954988448 0.00016576500177735334 -0.00050349692969642139 0.00064957264987716354 -0.00042865128565798067 -1.4176972054353411e-05 -0.00064256514458577412 -0.001419393292124636 -2.7100670876691969e-05 0.00016578514590355974 0.00032336158364729589 0.00013848254574624593 9.7235590276997298e-05 -9.135837855433549e-05 0.00022238873017682207 -0.00051180448400009622 0.0002887533413047864 -0.00062783663241411164 -0.0008250505714043491 0.00023120643637689932 -0.00046628847306592311
leaf_weight=6701 5040 110 120 9123 375 133 188 52 50 607 710 91 101 164 11791 74 48 2068 64 303 909 45 41 1351 64 146 76 41 1296 129
leaf_count=6701 5040 110 120 9123 375 133 188 52 50 607 710 91 101 164 11791 74 48 2068 64 303 909 45 41 1351 64 146 76 41 1296 129
internal_value=0.000233391 0.000414568 -0.000836896 0.000147622 0.000173513 0.00103948 -0.00178879 -0.00478261 -0.0028125 1.878e-05 -0.000617391 9.00668e-05 -0.000229464 -0.00463855 -0.000167339 -0.0021953 -0.0075 0.00109855 0.00145166 0.000365854 7.89387e-05 -0.00566176 -0.00818681 0.0014213 0.000733461 0.00104352 -0.00131929 -0.00357143 0.00172183 -0.001
internal_weight=42011 35929 6082 25843 25733 3901 464 276 224 21832 5750 21151 12028 332 11892 681 168 10086 6806 3280 2977 136 91 3437 2086 2022 451 105 1571 275
internal_count=42011 35929 6082 25843 25733 3901 464 276 224 21832 5750 21151 12028 332 11892 681 168 10086 6806 3280 2977 136 91 3437 2086 2022 451 105 1571 275
is_linear=0
shrinkage=0.05


Tree=37
num_leaves=31
num_cat=0
split_feature=4 3 9 15 12 12 2 15 13 16 1 15 3 16 16 12 14 9 13 13 1 1 8 16 12 15 15 11 16 12
split_gain=2.91984 2.26444 2.4808 2.12704 1.7778 5.58823 1.98158 1.52546 1.45533 4.68059 1.66332 1.47379 2.10374 1.56109 3.7405 4.52147 1.47653 1.34224 1.27136 2.73343 1.5125 1.32877 1.92107 1.26391 1.3803 1.93078 2.4676 1.83471 3.38308 3.5715
threshold=0.016740942891341041 -0.0068274241004537264 0.19839655540013393 0.017332233467473483 0.12384637745116912 0.12700675604743408 0.024475246413284361 0.020339584617824372 27.365000724792484 -0.012735429866057744 -0.084603878721923195 0.0027974486639651412 -0.027098100669005361 0.0041995193036321607 -0.0038361157346743498 0.0062346335449628984 0.0017102699334086149 -0.31423403852766568 23.965000152587894 23.694999694824222 -0.018766882452973973 0.032275538992609383 -0.041688707609626723 0.037643750793388782 0.027544140346580596 -0.011128384238419662 -0.010548572150273937 0.017027249014991756 0.0069453441066963393 0.027083039342927776
decision_type=2 2 10 2 2 2 2 2 2 2 2 2 2 2 2 2 2 8 2 2 2 2 8 2 2 2 2 2 2 2
left_child=-1 3 4 8 17 6 -6 -5 11 10 -10 18 -13 14 -14 -16 -17 -3 19 21 -21 -2 -23 24 25 -19 -27 28 29 -28
right_child=1 2 -4 7 5 -7 -8 -9 9 -11 -12 12 13 -15 15 16 -18 23 -20 20 -22 22 -24 -25 -26 26 27 -29 -30 -31
leaf_value=0.00013229164892779668 4.2828684374033102e-05 -0.00022623794682127458 -0.00012952492900153594 -0.0012409810558048249 -0.00044896018670283108 0.00017600286197752514 -0.00086674112281390605 -0.00060488407805355784 -0.00051019348249785703 -0.00078378801121693027 7.5028130489070071e-05 -0.00079399439567219793 6.1352322715688121e-05 4.721216245851819e-05 -0.0021562838892810994 -0.00054683949893440695 5.3709293116455455e-05 0.00018454684958682716 0.00039840210897955635 -0.00068010972284894859 -0.00014891259099693782 -0.00079799802670180186 -7.2416295722798591e-05 0.00023166323567126845 7.8953694952802757e-05 -0.00037217614044550104 2.6966629451868245e-05 9.8359579249140771e-05 -0.0001198625893834678 -0.00047430664352168355
leaf_weight=4634 2878 497 2029 46 50 159 41 75 74 68 183 95 257 509 45 72 69 1348 254 40 40 55 363 786 11421 180 9556 2856 3200 149
leaf_count=4634 2878 497 2029 46 50 159 41 75 74 68 183 95 257 509 45 72 69 1348 254 40 40 55 363 786 11421 180 9556 2856 3200 149
internal_value=0.000277071 0.000130365 0.000285387 -0.000846184 0.000398935 -0.0038 -0.0136813 -0.00739669 -0.000687725 -0.00392308 -0.000836576 -0.000462903 -0.00211557 -0.00140756 -0.00357788 -0.00897849 -0.00457447 0.000433935 1.37743e-05 -0.000242891 -0.009375 -2.12377e-05 -0.0026555 0.000477353 0.000423198 0.00014142 -1.22324e-05 5.4248e-05 -0.000199535 0.000265327
internal_weight=42029 37395 32272 5123 30243 250 91 121 5002 325 257 4677 1047 952 443 186 141 29993 3630 3376 80 3296 418 29496 28710 17289 15941 15761 12905 9705
internal_count=42029 37395 32272 5123 30243 250 91 121 5002 325 257 4677 1047 952 443 186 141 29993 3630 3376 80 3296 418 29496 28710 17289 15941 15761 12905 9705
is_linear=0
shrinkage=0.05


Tree=38
num_leaves=31
num_cat=0
split_feature=4 6 4 1 13 10 12 14 15 9 13 15 9 10 12 3 10 9 14 14 14 10 11 3 11 11 16 10 13 14
split_gain=2.96934 2.41571 2.30818 1.48231 1.46832 1.32691 1.90689 4.3277 1.92717 2.06368 1.63877 2.2324 1.85509 1.67132 2.02772 1.71188 1.63043 1.78667 1.61137 1.75003 2.81006 3.01571 1.61171 1.59056 1.76003 2.24141 1.53383 2.31265 3.89897 2.76617
threshold=0.01955863079911976 1.2304098648518726 0.048098706336345838 0.13241492534772939 43.015001296997077 0.0022328849049373383 0.10731206738905331 0.047142331582309634 0.0073269187290092583 0.42554647188962819 14.904999732971193 0.0096033897267845409 0.13614031738048141 0.010212906219511321 0.020704081019033652 0.00037553447954064017 0.001595000535659419 -0.052235881855758996 -0.0091057157714133346 -0.015974596701323503 -0.011513166785666882 0.0062897918254353211 0.035212880845506785 -0.0049396268432733694 -0.005167403024051608 0.00081107941047609 0.01374562055883022 -0.0012922335739780075 24.19999980926514 -0.035401414565419224
decision_type=2 2 2 2 2 2 2 2 2 10 2 2 10 2 2 2 2 10 2 2 2 2 2 2 2 2 2 2 2 2
left_child=-1 3 -3 4 5 6 8 16 9 26 -7 12 18 14 15 -14 17 -8 19 -12 21 -21 -22 24 -10 -26 27 -2 29 -29
right_child=1 2 -4 -5 -6 10 7 -9 23 -11 11 -13 13 -15 -16 -17 -18 -19 -20 20 22 -23 -24 -25 25 -27 -28 28 -30 -31
leaf_value=8.2006476809813828e-05 3.7624750500927725e-05 -0.00014081073021112212 -0.0013909084355044686 -0.00042639156296547505 -0.00033550262947378636 0.00013992047584551002 -0.00063246369707922918 0.00068860690396059304 0.00024145633928578165 -0.00083447484464677318 1.5096062784036612e-06 0.00013612237281219867 -0.00014491516963926871 0.00027361311558525005 1.3374630025971476e-05 -0.00044832102705340439 -5.0355791671465771e-05 -0.00055418645753992904 0.0001195106552118138 -3.8159762849203625e-05 9.7701064714015917e-05 -0.00081495969407782145 -0.00056000623418530943 -0.00011092183052175563 -0.0011373566335130733 -0.00022724902765260094 0.00013189468176423054 0.00032062776048460745 -0.00062088168165918287 -0.00013491930095255026
leaf_weight=10569 7683 3787 157 218 83 3248 71 86 57 45 4337 1962 234 162 269 192 46 67 1195 65 190 77 79 866 53 59 2699 627 92 2820
leaf_count=10569 7683 3787 157 218 83 3248 71 86 57 45 4337 1962 234 162 269 192 46 67 1195 65 190 77 79 866 53 59 2699 627 92 2820
internal_value=0.00023934 -3.8062e-06 -0.00116126 0.0001617 0.000194416 0.000214618 -9.46236e-05 -0.00425926 -1.96652e-05 0.000134613 0.000607827 0.000252226 -0.00017647 -0.00235122 -0.00341727 -0.00556338 -0.00858696 -0.0113043 0.000137136 -0.000275905 -0.00339416 -0.00908451 -0.000390334 -0.00210145 -0.00653846 -0.0101786 0.000169169 -8.82194e-05 -0.0011458 -0.000874673
internal_weight=42095 31526 3944 27582 27364 27281 15271 270 15001 13966 12010 8762 6800 857 695 426 184 138 5943 4748 411 142 269 1035 169 112 13921 11222 3539 3447
internal_count=42095 31526 3944 27582 27364 27281 15271 270 15001 13966 12010 8762 6800 857 695 426 184 138 5943 4748 411 142 269 1035 169 112 13921 11222 3539 3447
is_linear=0
shrinkage=0.05


Tree=39
num_leaves=31
num_cat=0
split_feature=5 6 6 11 12 12 12 11 3 12 12 6 9 12 0 10 13 12 14 10 4 11 13 13 8 0 6 13 6 3
split_gain=3.45503 1.88775 1.7014 1.1848 1.9035 2.37599 2.00085 1.91329 1.74807 1.36128 4.50956 1.79775 1.32885 1.76434 3.11138 2.4211 1.53816 1.26855 1.3906 1.93218 1.34056 1.26247 1.52676 4.31297 3.26528 3.15095 2.04545 1.94655 1.67423 2.23343
threshold=0.014821907373448585 0.87831556206813488 0.039628159875816048 0.018972552338111019 0.12384637745116912 0.027544140346580596 0.027083039342927776 0.0074730260687776448 -0.0014034811952972623 -0.067575667738432196 -0.062212446145613214 -0.75256883908962369 0.213591909783064 0.082959712719514869 -0.0037930581485196009 0.0065693158084053635 18.974999427795414 0.01493884956091618 -0.05546753287916955 0.0039792805730883849 0.02761774619990439 -0.018044507294420583 21.134999275207523 21.555000305175785 0.23519754615413005 0.0098249593968365873 -0.59394291134736876 20.500000000000004 -0.49281220295658473 -0.012910944029376979
decision_type=2 2 2 2 2 2 2 2 2 2 2 2 8 2 2 2 2 2 2 2 2 2 2 2 8 2 2 2 2 2
left_child=2 3 -1 4 5 6 9 8 -8 -2 11 -11 13 -5 15 -15 17 18 -14 -20 -21 -12 27 25 -25 26 -24 28 29 -23
right_child=1 -3 -4 12 -6 -7 7 -9 -10 10 21 -13 16 14 -16 -17 -18 -19 19 20 -22 22 23 24 -26 -27 -28 -29 -30 -31
leaf_value=8.6087175338994698e-05 0.0001504310774835927 -0.0001844603080994438 1.1085404884328489e-05 0.00011908345372440206 -0.00030149186889387772 6.7246083310146921e-05 -0.00027348943524309837 -3.9766753751817552e-06 -0.0011861941235219355 -0.00043177297138070241 4.0869732719607039e-05 -0.00059770848249784893 0.00017186520949055017 -0.00030680752256597929 0.00015122755880100255 -0.00079346404710268516 0.00049352737391094941 -2.2815065626892502e-05 -1.9821963151266298e-05 -0.0008742639535167184 -0.0007430376953453799 -0.00043027546823151322 -0.00084158128160379756 -6.476228872988316e-06 -0.00054182533874227307 -0.0012060312421815732 1.5089678884093431e-05 0.00028041322342621267 -0.00014177406450377082 3.9351917965442432e-05
leaf_weight=12884 683 3314 8196 2632 141 4685 48 95 43 40 1723 67 54 76 200 40 110 320 58 46 41 54 55 653 40 51 55 314 3104 2211
leaf_count=12884 683 3314 8196 2632 141 4685 48 95 43 40 1723 67 54 76 200 40 110 320 58 46 41 54 55 653 40 51 55 314 3104 2211
internal_value=0.000243024 -0.000211664 0.000694972 -5.95253e-06 -0.00021263 -0.000154084 -0.000619316 -0.00575269 -0.0109341 -0.000513812 -0.000689016 -0.0108879 0.000806542 0.0012517 -0.00227848 -0.0087931 -0.00127981 -0.00241811 -0.00555276 -0.00810345 -0.0128161 -0.000556901 -0.000874254 -0.00284543 -0.00113276 -0.0102174 -0.00545455 -0.00057804 -0.000801825 0.000231788
internal_weight=42033 20953 21080 17639 14062 13921 9236 186 91 9050 8367 107 3577 2948 316 116 629 519 199 145 87 8260 6537 854 693 161 110 5683 5369 2265
internal_count=42033 20953 21080 17639 14062 13921 9236 186 91 9050 8367 107 3577 2948 316 116 629 519 199 145 87 8260 6537 854 693 161 110 5683 5369 2265
is_linear=0
shrinkage=0.05


Tree=40
num_leaves=31
num_cat=0
split_feature=6 5 10 13 12 10 0 15 8 14 14 12 10 15 14 15 9 14 6 14 9 14 10 11 11 12 11 11 0 10
split_gain=2.79346 2.3301 1.41122 1.5918 1.54642 2.93718 2.48529 1.25141 1.83946 2.37693 1.78039 1.44201 3.16056 2.27386 1.92086 3.52987 2.61918 2.44804 2.14677 1.65897 1.80386 1.68862 1.51945 1.38415 1.5863 1.84171 4.74498 3.88656 2.87457 2.99428
threshold=1.0376883840157272 0.018622169665460469 0.0022328849049373383 20.865000724792484 0.089699133089243169 -0.0018123893917819098 -0.0063081104702409898 -0.011128384238419662 -0.079484051377591222 0.047546513885702975 0.29251442523831755 0.030225182467667037 0.0014013952122059472 -0.0098777797777567216 0.028010740507291913 0.0012944336004240278 0.071271200137814197 0.03011365738187333 -0.47245722211666713 -0.035401414565419224 0.099544582119555095 -0.024970108459849868 -0.011231004293396683 -0.014137437602101231 -0.011292646731903553 0.012875876838212565 0.0036681658206255689 0.00081107941047609 -0.0042043518942712623 -0.0028855785037933952
decision_type=2 2 2 2 2 2 2 2 8 2 2 2 2 2 2 2 8 2 2 2 8 2 2 2 2 2 2 2 2 2
left_child=1 2 4 -4 7 6 -6 8 9 -1 11 12 13 22 -13 17 18 -16 -17 -14 -21 -22 -9 -15 -25 -26 27 -27 29 -29
right_child=-2 -3 3 -5 5 -7 -8 10 -10 -11 -12 14 19 23 15 16 -18 -19 -20 20 21 -23 -24 24 25 26 -28 28 -30 -31
leaf_value=-0.00087779762874810494 -0.00010915380714144934 -2.5035002498652533e-05 9.1318612825701042e-05 -4.1880203626804775e-05 -0.00039975026991010548 4.1647969410289472e-05 -0.00021679801352801604 -0.00038001497344853421 0.00021188355427354512 0.00016020788744179916 -0.00069649439146931722 0.00015912067325134111 0.00021387757536138219 0.00014541380693613718 -0.00065011128416803544 -0.00066856494843041999 -2.2231273008984934e-05 0.0001264104101195396 -0.00020248344112300167 -0.0002479903749560995 -0.00067729924839123208 -0.00035084321845240183 -0.00014058169832047905 -0.00022310842238631494 0.00010335360262314072 -7.410163841897616e-05 0.00014506698167802078 -0.00068765381372537103 -0.00015591964405069653 -0.00042729225921668974
leaf_weight=58 6095 8391 10701 982 40 205 53 116 1323 89 44 3133 145 2184 66 44 109 939 80 261 65 154 262 320 2931 1109 1519 82 328 113
leaf_count=58 6095 8391 10701 982 40 205 53 116 1323 89 44 3133 145 2184 66 44 109 939 80 261 65 154 262 320 2931 1109 1519 82 328 113
internal_value=0.000263585 0.000431848 0.000654708 0.00107121 0.000346183 -0.00322148 -0.0105914 0.00041489 0.00180272 -0.0035034 0.000269209 0.00030086 -4.22357e-05 0.000197457 0.00105353 -0.000613893 -0.0061588 0.000671642 -0.011129 -0.00348 -0.00489583 -0.00824201 -0.00359788 0.000364547 -6.24786e-06 0.000174285 -0.000664868 -0.00253676 -0.00608987 -0.0108974
internal_weight=41941 35846 27455 11683 15772 298 93 15474 1470 147 14004 13960 9589 8964 4371 1238 233 1005 124 625 480 219 378 8586 6402 6082 3151 1632 523 195
internal_count=41941 35846 27455 11683 15772 298 93 15474 1470 147 14004 13960 9589 8964 4371 1238 233 1005 124 625 480 219 378 8586 6402 6082 3151 1632 523 195
is_linear=0
shrinkage=0.05


Tree=41
num_leaves=31
num_cat=0
split_feature=5 11 15 12 9 13 16 3 14 12 12 0 16 11 16 16 16 12 11 13 0 4 15 12 15 14 11 11 15 9
split_gain=2.74622 1.71582 2.52467 2.28171 2.19253 2.10119 3.67576 2.72659 2.30974 1.73453 1.93919 2.24611 1.92442 3.97063 2.01476 1.72473 3.71014 3.45294 3.37946 3.87348 1.86496 1.64545 1.63172 1.63897 2.83726 2.2814 1.69115 2.42431 5.06948 2.40111
threshold=0.014526123280807034 0.018972552338111019 -7.393249087833674e-05 0.082959712719514869 -0.068123478912810828 16.579999923706058 0.019599526227569556 0.0029227902098779572 0.0017102699334086149 0.12384637745116912 0.027544140346580596 0.076600043157288758 0.0056056108409484615 0.015830592814055747 0.0020982785745961023 -0.0051693739811931585 -0.0022393616691590008 0.027083039342927776 -0.017686145420045315 20.375000000000004 0.0090832520271387791 0.022896765873274647 0.0061414988933201639 0.01773640557143186 -0.012165735853255142 -0.023264351429904847 -0.011292646731903553 -0.012951386775020666 -0.0011443395469936111 0.026451300628728917
decision_type=2 2 2 2 8 2 2 2 2 2 2 2 2 2 2 2 2 2 2 2 2 2 2 2 2 2 2 2 2 8
left_child=-1 9 3 5 -5 6 8 -8 -3 10 11 15 13 14 -12 17 18 22 -17 -20 -21 -16 23 26 -25 -26 27 -2 29 -29
right_child=1 2 -4 4 -6 -7 7 -9 -10 -11 12 -13 -14 -15 21 16 -18 -19 19 20 -22 -23 -24 24 25 -27 -28 28 -30 -31
leaf_value=6.2678194251350613e-05 -1.360808725645528e-05 0.00028259520597077669 0.0001339247865829238 -0.00066710669980902431 -0.00015135475330336112 0.00015229533579033056 -0.00084723231126299222 -4.1858743268138448e-05 -0.00021192695062231617 -0.00027271186585867244 4.0986533240708896e-05 -0.00057151036442662734 0.00012388957935411014 -0.00057826826539344111 -0.00060424787010537255 7.1163359363783681e-05 -7.1587032720384905e-05 -0.00072531815689247077 -0.00037054582198832773 -0.00056303887693875813 -0.0013203243198171644 -0.00019598123454181589 0.00025765584542492465 -0.00171628853534034 -0.00030332824020268284 5.2775611357289969e-05 0.00012991046322886939 -0.00079642434605369872 0.00015537521394121795 -0.00032437308907976747
leaf_weight=19961 2084 324 2731 115 143 725 67 49 208 169 2393 73 3051 177 58 169 5083 68 363 81 64 249 633 72 279 470 1909 77 137 59
leaf_count=19961 2084 324 2731 115 143 725 67 49 208 169 2393 73 3051 177 58 169 5083 68 363 81 64 249 633 72 279 470 1909 77 137 59
internal_value=0.000289123 -9.51085e-05 0.000793214 -0.000763335 -0.00507752 4.73418e-05 -0.0020216 -0.0100862 -0.000263158 -0.000313805 -0.000265257 -0.00064065 0.000470648 -0.000457073 1.85187e-05 -0.000585383 -0.00119792 2.41882e-05 -0.00467504 -0.0067126 -0.0136207 -0.00379479 0.000157343 -0.000140554 -0.00218636 -0.00127503 0.000253165 -0.000642766 -0.00507326 -0.0119118
internal_weight=42041 22080 4362 1631 258 1373 648 116 532 17718 17549 11621 5928 2877 2700 11548 5760 5788 677 508 145 307 5720 5087 821 749 4266 2357 273 136
internal_count=42041 22080 4362 1631 258 1373 648 116 532 17718 17549 11621 5928 2877 2700 11548 5760 5788 677 508 145 307 5720 5087 821 749 4266 2357 273 136
is_linear=0
shrinkage=0.05


Tree=42
num_leaves=31
num_cat=0
split_feature=6 5 15 14 2 15 14 11 4 8 6 1 5 7 9 10 16 14 16 3 10 15 10 14 6 1 3 14 15 15
split_gain=2.59971 1.79559 1.38388 1.92586 2.60188 1.68483 1.99495 2.59075 1.78971 1.76568 1.367 1.36352 1.31332 1.88068 1.2233 1.15507 1.19618 1.99193 1.84716 1.33978 1.13812 1.29375 1.07555 1.06727 1.41271 1.33233 1.40488 1.03391 1.02538 1.0233
threshold=-0.49281220295658473 0.020255747406287487 -0.00071301365217529822 -0.02368562203831703 -0.012856739336217225 -0.0050069855017573208 -0.031629138048926246 -0.0042559728619938056 0.024463136386663201 -0.028858783370679649 2.4539946312519545 -0.017190057088276308 0.018950203508585856 -0.01069923467590572 0.18804199498009358 -0.013932246020769588 0.010007740812353562 -0.035401414565419224 -0.0065172087814021054 0.0088468161170411914 0.0078926496087117232 0.0093424456666318951 0.0034066550806218792 0.010891009150098998 -0.6146191581352235 0.023822913725724208 -0.0044681320894037748 0.23397195059943568 0.017332233467473483 -0.0059658546802756609
decision_type=2 2 2 2 2 2 2 2 2 8 2 2 2 2 10 2 2 2 2 2 2 2 2 2 2 2 2 2 2 2
left_child=2 10 3 4 5 8 7 -7 -1 -10 22 14 13 -9 -4 -13 17 -17 -19 20 21 23 -2 24 25 26 -20 -3 -18 -6
right_child=1 27 11 -5 29 6 -8 12 9 -11 -12 15 -14 -15 -16 16 28 18 19 -21 -22 -23 -24 -25 -26 -27 -28 -29 -30 -31
leaf_value=0.00028374376561984106 -1.9084524955078676e-06 -0.00012288329167484073 2.0363001654515864e-05 6.7124133283655911e-05 0.00025615408551021694 0.00033134887415337731 -0.00072149432376945898 -0.00013971091146325229 -4.6658102442587168e-05 -0.00074049177022186016 -0.00017907242313959374 -0.00042296927080871745 -7.9099042752698425e-06 -0.0006169942666082659 -0.00047590146488625453 0.00017781469636009772 0.00018435418320499001 0.00018644646663115364 -0.00060122921847220159 -0.00024583849292539621 0.00038530397917842436 0.00035171082175523307 5.9593530383482898e-05 -1.3098945020879676e-05 7.6216032009736851e-05 -0.00070997675027248853 -0.00016198724887444126 -0.00054962326100219301 -0.00012391981066990081 -5.771192030194027e-05
leaf_weight=117 13521 4086 1545 5214 256 89 75 108 159 51 1504 43 58 69 69 1319 3470 506 49 53 102 109 7723 402 102 83 267 71 114 606
leaf_count=117 13521 4086 1545 5214 256 89 75 108 159 51 1504 43 58 69 69 1319 3470 506 49 53 102 109 7723 402 102 83 267 71 114 606
internal_value=0.000259895 -3.438e-05 0.000786498 0.000258748 -0.00126574 -0.00347107 -0.00565163 -0.00395062 -0.000810397 -0.00357143 0.000140232 0.00122252 -0.00670213 -0.00884181 -8.0545e-05 0.00154026 0.00159367 0.000855615 -0.000289898 -0.00138389 -0.00101436 -0.00152174 0.000243363 -0.00214286 -0.00368263 -0.00502506 -0.0035443 -0.000989896 0.00220982 0.000591648
internal_weight=41940 26905 15035 6802 1588 726 399 324 327 210 22748 8233 235 177 1614 6619 6576 2992 1673 1167 1114 1012 21244 903 501 399 316 4157 3584 862
internal_count=41940 26905 15035 6802 1588 726 399 324 327 210 22748 8233 235 177 1614 6619 6576 2992 1673 1167 1114 1012 21244 903 501 399 316 4157 3584 862
is_linear=0
shrinkage=0.05


end of trees

feature_importances:
spy_ret_1d=155
spy_ret_20d=129
vix_level=124
sector_ret_1d=114
spy_ret_5d=96
vix_chg_1d=96
sector_ret_5d=95
parkinson_20=94
dvol_z_20=94
overnight_gap=63
atr_pct=53
dist_ma200=45
ret_5d=38
dist_ma50=31
ret_1d=29
ret_20d=27
dist_ma20=7

parameters:
[boosting: gbdt]
[objective: quantile]
[metric: quantile]
[tree_learner: serial]
[device_type: cpu]
[data_sample_strategy: bagging]
[data: ]
[valid: ]
[num_iterations: 120]
[learning_rate: 0.05]
[num_leaves: 31]
[num_threads: -1]
[seed: 0]
[deterministic: 0]
[force_col_wise: 1]
[force_row_wise: 0]
[histogram_pool_size: -1]
[max_depth: -1]
[min_data_in_leaf: 40]
[min_sum_hessian_in_leaf: 0.001]
[bagging_fraction: 0.85]
[pos_bagging_fraction: 1]
[neg_bagging_fraction: 1]
[bagging_freq: 1]
[bagging_seed: 3]
[bagging_by_query: 0]
[feature_fraction: 0.85]
[feature_fraction_bynode: 1]
[feature_fraction_seed: 2]
[extra_trees: 0]
[extra_seed: 6]
[early_stopping_round: 0]
[early_stopping_min_delta: 0]
[first_metric_only: 0]
[max_delta_step: 0]
[lambda_l1: 0]
[lambda_l2: 0]
[linear_lambda: 0]
[min_gain_to_split: 0]
[drop_rate: 0.1]
[max_drop: 50]
[skip_drop: 0.5]
[xgboost_dart_mode: 0]
[uniform_drop: 0]
[drop_seed: 4]
[top_rate: 0.2]
[other_rate: 0.1]
[min_data_per_group: 100]
[max_cat_threshold: 32]
[cat_l2: 10]
[cat_smooth: 10]
[max_cat_to_onehot: 4]
[top_k: 20]
[monotone_constraints: ]
[monotone_constraints_method: basic]
[monotone_penalty: 0]
[feature_contri: ]
[forcedsplits_filename: ]
[refit_decay_rate: 0.9]
[cegb_tradeoff: 1]
[cegb_penalty_split: 0]
[cegb_penalty_feature_lazy: ]
[cegb_penalty_feature_coupled: ]
[path_smooth: 0]
[interaction_constraints: ]
[verbosity: -1]
[saved_feature_importance_type: 0]
[use_quantized_grad: 0]
[num_grad_quant_bins: 4]
[quant_train_renew_leaf: 0]
[stochastic_rounding: 1]
[linear_tree: 0]
[max_bin: 255]
[max_bin_by_feature: ]
[min_data_in_bin: 3]
[bin_construct_sample_cnt: 200000]
[data_random_seed: 1]
[is_enable_sparse: 1]
[enable_bundle: 1]
[use_missing: 1]
[zero_as_missing: 0]
[feature_pre_filter: 1]
[pre_partition: 0]
[two_round: 0]
[header: 0]
[label_column: ]
[weight_column: ]
[group_column: ]
[ignore_column: ]
[categorical_feature: ]
[forcedbins_filename: ]
[precise_float_parser: 0]
[parser_config_file: ]
[objective_seed: 5]
[num_class: 1]
[is_unbalance: 0]
[scale_pos_weight: 1]
[sigmoid: 1]
[boost_from_average: 1]
[reg_sqrt: 0]
[alpha: 0.1]
[fair_c: 1]
[poisson_max_delta_step: 0.7]
[tweedie_variance_power: 1.5]
[lambdarank_truncation_level: 30]
[lambdarank_norm: 1]
[label_gain: ]
[lambdarank_position_bias_regularization: 0]
[eval_at: ]
[multi_error_top_k: 1]
[auc_mu_weights: ]
[num_machines: 1]
[local_listen_port: 12400]
[time_out: 120]
[machine_list_filename: ]
[machines: ]
[gpu_platform_id: -1]
[gpu_device_id: -1]
[gpu_device_id_list: ]
[gpu_use_dp: 0]
[num_gpu: 1]

end of parameters

pandas_categorical:[]
