tree
version=v4
num_class=1
num_tree_per_iteration=1
label_index=0
max_feature_idx=16
objective=quantile
feature_names=ret_1d ret_5d ret_20d overnight_gap atr_pct parkinson_20 dvol_z_20 dist_ma20 dist_ma50 dist_ma200 spy_ret_1d spy_ret_5d spy_ret_20d vix_level vix_chg_1d sector_ret_1d sector_ret_5d
feature_infos=[-0.40658321743161796:0.27493744631586803] [-0.42683145262403721:0.39145841104065648] [-0.54474845542806705:0.64874770922419045] [-0.38803894297635599:0.2399806431745195] [0.010354812831070153:0.11546301467955603] [0.0065082282167763386:0.063664246101473837] [-3.0392526473085399:4.3372997683429935] [-0.41700788405744282:0.42573033618838574] [-0.45357259536084527:0.68600682593856654] [-0.6223279510368942:0.87315530256076168] [-0.058542947643003718:0.10501933612632941] [-0.11496158439845272:0.082843216242346029] [-0.12265592443394913:0.15756596870864792] [11.859999656677246:52.330001831054688] [-0.35753873962348437:0.74039073966007019] [-0.054845245580940394:0.043465182734245822] [-0.079035682487500813:0.068782287822878097]
tree_sizes=3055 3038 3028 3058 3034 3072 3047 3083 3076 3060 3079 3050 3066 3035 3043 3063 3050 3074 3046 3044 3068 3047 3038 3062 3066 3059 3058 3023 3067 3070 3061 3071 3055 3058 3061 3042 3089 3068 3078 3059 3034 3074 3047 3049 3061 3062 3041 3058 3052 3062 3055 3070 3057 3077 3029 3084 3069 3033 3032

Tree=0
num_leaves=31
num_cat=0
split_feature=4 4 5 13 13 15 10 16 12 15 10 15 14 15 14 12 14 10 15 14 10 13 13 10 16 14 16 14 13 13
split_gain=165.066 35.1215 32.8187 14.9785 14.2298 11.1536 16.2706 9.79538 20.596 12.2121 9.39806 9.23741 16.3124 10.3423 9.69664 9.4752 8.75126 7.79006 7.76214 7.15949 12.2984 7.0819 9.07022 10.5273 8.57961 7.02105 7.46377 7.27732 6.78541 7.92366
threshold=0.024694003537474061 0.017363476512240825 0.021071171938315227 17.445000648498539 43.015001296997077 -0.0085631448750801958 0.0042130183700179744 -0.04452279972347422 -0.075828254732232245 -0.023335291911129871 0.016487850425620846 -0.0030865502767211668 -0.047825209867674183 -0.0022032215803441386 0.023268635347166725 0.033921054671782865 -0.035401414565419224 -0.029463617054616639 0.001567325646434359 -0.0059106162699663059 0.013997033957303675 15.375000000000002 12.84500026702881 0.0011106399623194154 0.028029126289282672 0.014555585659076444 0.0029923572113408352 0.017639326626862298 16.875000000000004 16.550000190734867
decision_type=2 2 2 2 2 2 2 2 2 2 2 2 2 2 2 2 2 2 2 2 2 2 2 2 2 2 2 2 2 2
left_child=1 -1 4 5 21 -3 -7 -4 -9 -10 17 12 -8 -13 15 16 -15 -5 -17 20 -19 22 -2 24 -24 26 -23 -27 29 -11
right_child=2 3 7 10 -6 6 11 8 9 28 -12 13 -14 14 -16 18 -18 19 -20 -21 -22 25 23 -25 -26 27 -28 -29 -30 -31
leaf_value=-0.0091397189185954634 -0.0093865294940769679 -0.0091021229047328241 -0.0099880801048129794 -0.010763995116576552 -0.010709745017811656 -0.0092450968455523256 -0.009744924679398536 -0.0089436358655802899 -0.0090561461402103305 -0.0094795566983520985 -0.0095046921167522662 -0.008976248232647777 -0.0091391269117593772 -0.0091666595777496699 -0.0090227190754376355 -0.0093838000437244766 -0.0090365826268680397 -0.0093187837861478332 -0.0091898027108982209 -0.0092195732984691851 -0.0090577862574718893 -0.0093941649422049529 -0.009351395373232662 -0.0091854432830587029 -0.0091229665908031162 -0.0089319189835805439 -0.0093048874055966738 -0.0093013445613905794 -0.0095701937098056078 -0.0091192195424810059
leaf_weight=5806 602 1033 157 62 84 6858 140 187 127 1686 143 213 193 1231 198 266 598 2271 922 2803 174 3337 1146 1825 128 104 2506 3742 3343 187
leaf_count=5806 602 1033 157 62 84 6858 140 187 127 1686 143 213 193 1231 198 266 598 2271 922 2803 174 3337 1146 1825 128 104 2506 3742 3343 187
internal_value=-0.00928468 -0.00642057 -0.0127093 -0.00756111 -0.011365 -0.00654893 -0.00703141 -0.0158945 -0.0155448 -0.0161157 -0.00972396 -0.00438853 -0.012339 -0.00361622 -0.00432312 -0.00502657 -0.00276829 -0.00938332 -0.00850333 -0.00917516 -0.0111525 -0.0112363 -0.00937574 -0.00828479 -0.0117727 -0.0119469 -0.0130389 -0.0102879 -0.0164887 -0.0140794
internal_weight=42072 22911 19161 17105 13474 11652 10619 5687 5530 5343 5453 3761 333 3428 3215 3017 1829 5310 1188 5248 2445 13390 3701 3099 1274 9689 5843 3846 5216 1873
internal_count=42072 22911 19161 17105 13474 11652 10619 5687 5530 5343 5453 3761 333 3428 3215 3017 1829 5310 1188 5248 2445 13390 3701 3099 1274 9689 5843 3846 5216 1873
is_linear=0
shrinkage=1


Tree=1
num_leaves=31
num_cat=0
split_feature=4 4 5 13 13 10 11 10 11 13 11 13 13 11 11 10 12 13 11 3 13 5 14 11 13 11 5 10 16 16
split_gain=153.362 31.5824 27.0871 13.3099 11.2065 10.5884 9.69525 9.58718 10.8302 12.2485 8.96837 12.2207 11.7461 17.5593 8.66628 8.50532 8.5022 20.3163 8.03359 10.75 10.0332 8.03036 7.78066 7.60364 7.33696 8.44773 6.95885 6.69194 6.69047 8.2827
threshold=0.024694003537474061 0.017363476512240825 0.021071171938315227 43.015001296997077 17.445000648498539 0.016487850425620846 0.025734816417073651 0.0042471847238270142 -0.0038431021214298529 16.510000228881839 0.0021655828678432969 14.404999732971193 15.375000000000002 0.011995424510659937 0.023858934510878397 0.00097855070405028521 -0.075828254732232245 43.015001296997077 0.018473539539137333 0.0047632821482161978 15.234999656677248 0.015845307576301756 0.017639326626862298 -0.0027616274394268721 16.469999313354496 0.030456421062291409 0.036348666647424414 -0.029463617054616639 0.0072125038588334309 0.0056056108409484615
decision_type=2 2 2 2 2 2 2 2 2 2 2 2 2 2 2 2 2 2 2 2 2 2 2 2 2 2 2 2 2 2
left_child=1 -1 3 6 7 27 21 8 9 -3 11 22 13 -12 28 23 17 -4 20 -20 -15 -2 -10 -13 25 -14 -18 -6 29 -9
right_child=2 4 16 -5 5 -7 -8 14 10 -11 12 15 24 18 -16 -17 26 -19 19 -21 -22 -23 -24 -25 -26 -27 -28 -29 -30 -31
leaf_value=0.00011680687137413773 -7.3397241067141294e-06 5.4250198882073181e-05 0.00031660984444897622 -0.00144169399747625 -0.0014799155411310495 -0.00025681937346234924 3.4655340714380164e-05 9.0594478824641578e-05 -5.4023780394345507e-05 0.00026854048599489038 0.00013717415975406769 -0.00016072349855676292 -0.00014444523723796009 -9.636300848796963e-05 0.00020320196606917309 -0.00031361257890239358 -0.00022322976146824658 -0.0016354151372797788 0.00011216731043532493 -0.00020952261285856367 0.00029820873052813115 -8.1246641930192692e-05 -0.0003445883677341044 0.00011751068057492377 3.9787015412002821e-05 0.00026953715831041337 -0.00068011622643098239 8.2699325866996895e-06 1.0500217613298439e-05 0.00025466689083259553
leaf_weight=5803 3143 1197 190 83 56 152 1507 1750 350 422 1228 118 947 771 734 137 5136 57 801 187 54 8746 223 487 792 54 319 5210 1136 218
leaf_count=5803 3143 1197 190 83 56 152 1507 1750 350 422 1228 118 947 771 734 137 5136 57 801 187 54 8746 223 487 792 54 319 5210 1136 218
internal_value=4.64197e-05 0.00281574 -0.00324931 -0.00202723 0.00172991 -0.000147656 -0.00190355 0.00260641 0.00159629 0.00523471 0.000638315 -0.00302281 0.00163426 0.0035268 0.00465086 0.00121294 -0.0061382 0.00293522 0.00039989 0.0034413 -0.00324242 -0.00238245 -0.00850785 0.00376033 -0.00157557 -0.00442058 -0.00654904 0.000227877 0.00349549 0.00525915
internal_weight=42008 22827 19181 13479 17024 5418 13396 11606 7768 1619 6149 1315 4834 3041 3838 742 5702 247 1813 988 825 11889 573 605 1793 1001 5455 5266 3104 1968
internal_count=42008 22827 19181 13479 17024 5418 13396 11606 7768 1619 6149 1315 4834 3041 3838 742 5702 247 1813 988 825 11889 573 605 1793 1001 5455 5266 3104 1968
is_linear=0
shrinkage=0.05


Tree=2
num_leaves=31
num_cat=0
split_feature=4 4 5 13 13 13 6 11 12 13 13 11 13 16 13 16 12 12 16 8 13 11 12 12 9 16 11 13 13 16
split_gain=151.8 27.6955 25.1607 15.8067 13.6862 9.01776 8.99644 8.43209 11.5395 13.8713 15.6836 7.94943 7.63663 7.41177 22.378 9.37871 10.6464 10.8493 9.37858 7.05837 6.24981 7.55417 6.41338 8.28271 6.13064 6.25015 6.0791 6.04117 6.08424 5.94521
threshold=0.024694003537474061 0.017363476512240825 0.021908802344068574 43.015001296997077 17.445000648498539 17.530000686645511 0.35754071300938556 0.015980526956462796 -0.067575667738432196 27.365000724792484 26.284999847412113 0.025734816417073651 16.98499965667725 -0.04452279972347422 33.719999313354499 -0.018619485662448084 0.051085091732355654 -0.080083523859072289 -0.02046066517714001 0.1280150989676562 16.469999313354496 -0.0042559728619938056 0.044456932771925313 0.048152428754814187 -0.1210336967866029 -0.0085792390290582148 -0.043674056524097109 16.404999732971195 12.434999942779543 0.0064876026650514404
decision_type=2 2 2 2 2 2 2 2 2 2 2 2 2 2 2 2 2 2 2 8 2 2 2 2 10 2 2 2 2 2
left_child=1 -1 3 7 6 -6 11 8 26 10 -10 20 -13 -4 15 16 17 -15 -19 -9 22 24 27 -24 25 -22 -2 28 -3 -30
right_child=2 4 13 -5 5 -7 -8 19 9 -11 -12 12 -14 14 -16 -17 -18 18 -20 -21 21 -23 23 -25 -26 -27 -28 -29 29 -31
leaf_value=0.00010877635978977195 0.00034649369277758532 -0.00010749895917251704 -0.00062567016662796971 -0.0012885175509145484 -0.00018175585765857258 1.2496440904214909e-06 6.9145272718743048e-06 2.1436678303871343e-05 -7.9332094523124413e-05 -0.00063956609962042416 0.00034578980380319999 0.00021246144374890725 -0.00011617678136099127 0.00066648270728182982 0.00054254925373243168 -0.00027087458845926449 0.00027061851025791836 -0.00040004951850278306 0.00032296637102263048 -0.00020429446862544861 0.00022177136264508597 6.5495250397361844e-05 0.00021288350305985663 4.7694368127849941e-05 0.00027013625943800442 -4.1051860956940747e-05 7.9567774038878273e-05 -0.00028421268600504844 7.1384429116733419e-05 2.1190623519942198e-06
leaf_weight=5847 73 236 134 92 161 5238 3005 2914 10153 191 172 691 78 57 97 3942 165 484 52 340 110 998 305 817 253 129 306 100 2981 1904
leaf_count=5847 73 236 134 92 161 5238 3005 2914 10153 191 172 691 78 57 97 3942 165 484 52 340 110 998 305 817 253 129 306 100 2981 1904
internal_value=4.69958e-05 0.00279941 -0.00323388 -0.00216804 0.00177878 -0.000300982 0.00274619 -0.00203371 -0.00270078 -0.0030097 -0.00276271 0.00356894 0.00842003 -0.00631211 -0.00598812 -0.00647872 -0.00138522 -0.00451096 -0.00671642 0.000199754 0.00309268 0.00600671 0.00240817 0.00583779 0.0110772 0.00533473 0.00587071 0.00167114 0.00190881 0.00228762
internal_weight=42025 22853 19172 14241 17006 5399 11607 14149 10895 10516 10325 8602 769 4931 4797 4700 758 593 536 3254 7833 1490 6343 1122 492 239 379 5221 5121 4885
internal_count=42025 22853 19172 14241 17006 5399 11607 14149 10895 10516 10325 8602 769 4931 4797 4700 758 593 536 3254 7833 1490 6343 1122 492 239 379 5221 5121 4885
is_linear=0
shrinkage=0.05


Tree=3
num_leaves=31
num_cat=0
split_feature=13 13 16 8 1 1 9 13 14 16 14 14 16 11 12 14 10 13 16 16 10 14 14 10 10 10 11 14 12 16
split_gain=54.0361 24.4825 22.2234 17.9344 17.6802 20.3948 14.7157 26.4782 30.4262 20.5671 17.8013 19.8123 21.9451 18.7655 18.797 18.263 20.7794 16.9666 16.9527 15.1321 14.4224 13.7285 14.4172 13.7462 18.8821 21.0352 16.6223 14.0683 13.5199 13.1879
threshold=17.394999504089359 39.645000457763679 -0.016651013185411342 -0.15566776738644481 0.069439541442441591 -0.039118041019104093 inf 18.94999980926514 -0.05546753287916955 0.020564180994133156 -0.16769008837329388 -0.0059106162699663059 0.019560981364953881 0.011525540902406652 0.089699133089243169 0.031770832380203846 -0.017312021268647334 20.714999198913578 -1.0000000180025095e-35 0.013588669575278602 0.00054085357346300722 -0.037374592254897913 -0.03897851358283843 0.0038763906562415689 0.010423717671389056 0.0083489150088474923 -0.0042559728619938056 -0.034475777702634207 0.048519167358985434 -0.021346404193649911
decision_type=2 2 2 10 2 2 8 2 2 2 2 2 2 2 2 2 2 2 2 2 2 2 2 2 2 2 2 2 2 2
left_child=4 2 29 -4 5 -1 9 -8 -9 10 -5 12 -12 15 -15 19 17 -17 -10 -13 -18 22 -7 26 25 27 -23 -25 -29 -2
right_child=1 -3 3 6 -6 21 7 8 18 -11 11 13 -14 14 -16 16 20 -19 -20 -21 -22 23 -24 24 -26 -27 -28 28 -30 -31
leaf_value=-5.5455626778712011e-05 -2.3273943933600035e-05 -0.0010318430413142777 -0.00026074005838599995 0.00032535303421464057 -0.00012355913508217778 8.3318020874867228e-05 -9.7864219808252624e-05 -0.00043911380879289933 -1.6274428348697289e-05 -0.00022682761178439249 -0.00013369900379620958 -0.00028966028334689316 0.00020895338991540493 0.00026935327696555765 -0.00025648368433321597 0.00034721326463040903 7.5558110252313759e-05 -0.00063977706611040037 0.00034153979957991391 0.00037128524889121759 -0.0010296699227590577 9.2759886035491976e-05 0.00024048561753734247 -0.00023590323449461717 -0.0001093609113057028 0.00025332482342237198 -4.5068181760143069e-06 0.00012320421899785294 -3.9588238287979058e-05 0.00010643803199636756
leaf_weight=2672 2846 208 1377 98 1250 5130 907 100 247 1184 3669 529 145 487 148 101 2040 386 660 47 47 2300 359 146 410 460 9747 2229 575 1536
leaf_count=2672 2846 208 1377 98 1250 5130 907 100 247 1184 3669 529 145 487 148 101 2040 386 660 47 47 2300 359 146 410 460 9747 2229 575 1536
internal_value=1.78402e-05 -0.00218351 -0.00196931 -0.00306852 0.00147757 0.00177917 -0.00238305 0.00159352 0.00717478 -0.00324006 -0.00229635 -0.00256942 -0.00511274 -6.60502e-06 0.00783465 -0.0015873 0.000213675 -0.00908624 0.0100606 -0.00963542 0.0023838 0.00229444 0.00444981 0.00154881 0.0041623 0.00538123 0.000720096 0.00383051 0.0046184 0.00108398
internal_weight=42040 16762 16554 12172 25278 24028 10795 1914 1007 8881 7697 7599 3814 3785 635 3150 2574 487 907 576 2087 21356 5489 15867 3820 3410 12047 2950 2804 4382
internal_count=42040 16762 16554 12172 25278 24028 10795 1914 1007 8881 7697 7599 3814 3785 635 3150 2574 487 907 576 2087 21356 5489 15867 3820 3410 12047 2950 2804 4382
is_linear=0
shrinkage=0.05


Tree=4
num_leaves=31
num_cat=0
split_feature=4 4 5 13 6 15 15 13 15 13 14 13 5 5 13 13 16 15 5 3 13 9 13 15 14 8 13 3 15 13
split_gain=126.94 28.976 23.1373 11.7986 9.88584 8.78886 12.7405 10.1561 7.32753 8.91964 8.87362 20.0874 7.22916 6.85549 6.24578 6.22861 6.01737 5.98384 5.88479 5.82857 5.52621 5.48906 5.04738 5.7599 5.11357 4.7562 4.6773 4.48549 4.41705 4.31845
threshold=0.024694003537474061 0.017363476512240825 0.021071171938315227 43.015001296997077 0.37242427293863856 -0.020334648866664359 -0.027735298513383463 24.385000228881839 0.00021014760718940376 27.855000495910648 -0.16769008837329388 26.494999885559086 0.012675130733821344 0.036348666647424414 17.945000648498539 26.85000038146973 -0.026943830130190301 -0.00027487857112634678 0.017179154202195377 -0.0030403352174478422 30.345000267028812 0.13396662196045375 14.675000190734865 0.0023259763005305527 0.035115678917499234 0.17423716943407844 18.105000495910648 -0.0014640799000785185 -0.010893419657015178 12.925000190734865
decision_type=2 2 2 2 2 2 2 2 2 2 2 2 2 2 2 2 2 2 2 2 2 8 2 2 2 8 2 2 2 2
left_child=1 17 3 18 12 6 -4 -8 9 -7 -10 13 -3 14 21 28 -16 29 20 -20 -2 -12 24 27 -19 -21 -18 -24 -6 -1
right_child=2 4 5 -5 15 8 7 -9 10 -11 11 -13 -14 -15 16 -17 26 22 19 25 -22 -23 23 -25 -26 -27 -28 -29 -30 -31
leaf_value=-3.3238438350381359e-05 -1.8825901925047153e-05 7.9898548058408768e-05 -0.00052829486659116808 -0.0011861085655569333 0.00011686916874052251 -0.00026655901936803277 -0.00026073820854875519 0.0003808551876353158 -0.00089342365741969839 -0.00076261479555905689 -3.6882251435600005e-06 0.00049048789663211204 2.8418021426296089e-05 -0.00065060476426078827 0.00016416881940691381 -0.00083395118439384556 -0.00082599439239933409 0.00017007821777764547 -0.00013181004612211828 -3.1588209907349589e-05 0.00026248107250721666 -0.0002324992310355447 3.4410344651405415e-05 7.8420176709769265e-05 -7.089062260580252e-05 -0.00025509947858488879 -0.00025494336109401048 0.00018180171241570856 -1.2566742460476183e-05 8.7872093812911732e-05
leaf_weight=286 6642 4671 84 85 301 2308 52 141 124 221 1147 146 7844 144 76 82 64 1276 2096 4287 50 277 93 1183 91 247 914 320 4154 2507
leaf_count=286 6642 4671 84 85 301 2308 52 141 124 221 1147 146 7844 144 76 82 64 1276 2096 4287 50 277 93 1183 91 247 914 320 4154 2507
internal_value=0.000147329 0.00266573 -0.0028592 -0.00172485 0.00163031 -0.00552826 0.00315884 0.0102332 -0.00597215 -0.00793792 -0.00425311 -0.00366691 0.00235517 -0.00467201 -0.00405569 -0.000369187 -0.00697343 0.00573315 -0.00160637 -0.00266214 -0.000560371 -0.00189607 0.00729835 0.00538847 0.00952816 -0.00165417 -0.00802658 0.0104722 -0.000117845 0.00407268
internal_weight=41913 22808 19105 13407 17052 5698 277 193 5421 2529 2892 2768 12515 2622 2478 4537 1054 5756 13322 6630 6692 1424 2963 1596 1367 4534 978 413 4455 2793
internal_count=41913 22808 19105 13407 17052 5698 277 193 5421 2529 2892 2768 12515 2622 2478 4537 1054 5756 13322 6630 6692 1424 2963 1596 1367 4534 978 413 4455 2793
is_linear=0
shrinkage=0.05


Tree=5
num_leaves=31
num_cat=0
split_feature=4 5 5 10 16 12 4 6 11 8 11 6 11 12 12 12 16 11 12 15 10 12 12 11 11 5 15 11 10 15
split_gain=103.031 33.2591 13.5311 11.5366 10.1934 13.1458 9.7856 9.1876 9.82797 9.06332 8.48452 7.03718 6.23392 5.65753 9.35223 6.17355 5.52731 7.33625 6.47483 5.57525 7.13307 6.48368 6.07995 5.76809 5.86082 5.72407 5.47866 5.28329 9.25057 5.82969
threshold=0.021157874031590761 0.018622169665460469 0.010375134452256076 -0.029463617054616639 -0.04452279972347422 -0.075828254732232245 0.038197062413037927 0.31285882910270524 0.025734816417073651 -0.098383876348270935 0.003505922146060048 0.37242427293863856 0.030023706466371539 -0.020341500579073798 0.0053623810378563572 0.019854414597249462 0.034173017533079893 0.02550883970860263 0.033921054671782865 -0.0083349149191794241 -0.0001525908648420948 0.026209959433217581 0.017951110302837473 -0.0065367451914458133 -0.016025837962929442 0.014215568381727368 -0.00027487857112634678 -0.023324980459216712 0.0041528827326416948 0.0020167440738476654
decision_type=2 2 2 2 2 2 2 2 2 10 2 2 2 2 2 2 2 2 2 2 2 2 2 2 2 2 2 2 2 2
left_child=2 3 26 -2 -3 -6 10 8 16 -4 -7 -11 -10 -14 -15 -16 17 19 -18 20 21 22 23 24 -5 -21 -1 28 -27 -29
right_child=1 4 9 7 5 6 -8 -9 12 11 -12 -13 13 14 15 -17 18 -19 -20 25 -22 -23 -24 -25 -26 27 -28 29 -30 -31
leaf_value=8.0613868035074154e-05 -0.0012796537637646281 -0.00054996547751613798 -7.8559500929252036e-05 9.663017264894187e-05 0.00023792267180776242 -0.0001624305509897513 -0.00024373815370530973 -5.1383617855082749e-05 0.00021284190451625364 7.1896092465076507e-05 -3.3572819421817234e-05 1.4139177720651729e-05 0.00022989613376883249 -0.00019751116097032172 0.00023693740046985481 7.9690738347635962e-06 0.00016459730203393437 -0.00020547125521673114 -0.00012035537799510347 2.5075891925380354e-05 -9.0036251451112471e-05 0.000208637907194965 -0.00017741053447515424 0.00021795105515492647 -0.00016062019693077851 0.00017537922958450506 0.00013095489124747745 -7.5132668494795271e-05 -0.00031853842888495093 -4.4849134993737126e-06
leaf_weight=2062 80 235 546 322 251 2416 3560 5296 359 7423 3218 2490 123 198 204 441 252 48 95 2645 331 266 120 239 136 367 2115 3314 79 2794
leaf_count=2062 80 235 546 322 251 2416 3560 5296 359 7423 3218 2490 123 198 204 441 252 48 95 2645 331 266 120 239 136 367 2115 3314 79 2794
internal_value=9.10173e-05 -0.00171876 0.00347773 -0.000430572 -0.00407541 -0.00381948 -0.00412769 -0.000344603 0.000403389 0.00251697 -0.00283103 0.0028624 0.0044717 0.00238095 0.000919336 0.00383721 -8.63009e-05 -0.000288434 0.00612392 -0.000200226 0.00272277 0.00468606 0.00247858 0.00426829 0.000982533 -0.000649527 0.00588341 -0.00144187 0.00381166 -0.00182547
internal_weight=42025 27389 14636 17709 9680 9445 9194 17629 12333 10459 5634 9913 1325 966 843 645 11008 10661 347 10613 1414 1083 817 697 458 9199 4177 6554 446 6108
internal_count=42025 27389 14636 17709 9680 9445 9194 17629 12333 10459 5634 9913 1325 966 843 645 11008 10661 347 10613 1414 1083 817 697 458 9199 4177 6554 446 6108
is_linear=0
shrinkage=0.05


Tree=6
num_leaves=31
num_cat=0
split_feature=4 4 4 13 13 11 10 13 11 13 12 12 15 14 15 15 10 12 12 8 12 14 13 12 10 9 11 10 11 11
split_gain=93.7964 27.9747 14.2702 13.2031 10.0787 9.09747 8.74787 8.72321 15.0734 14.6542 9.01299 8.58975 8.4415 9.77558 8.44587 8.27409 8.10468 8.64713 8.08501 7.25604 7.05318 10.2149 6.78987 6.62592 7.09302 7.64406 6.91263 8.65201 7.93146 9.45536
threshold=0.021431871668341335 0.030213331992622595 0.015944390131258649 43.015001296997077 33.719999313354499 0.019179064165315788 0.031057644580603009 15.375000000000002 0.00301412428072434 12.765000343322756 0.066825608086901869 0.050491890140625724 -0.0049725911177084794 0.17323568959812755 -0.010893419657015178 -0.0038174024536503644 0.0092344567550487495 0.0053623810378563572 0.043286843097797296 -0.098383876348270935 0.05549660890243658 0.009860755526874045 14.570000171661379 0.062788606761277746 -0.0015422325614574126 -0.053936428556117626 0.014627059991814352 0.011370358017654071 -0.0042559728619938056 -0.004779226382691181
decision_type=2 2 2 2 2 2 2 2 2 2 2 2 2 2 2 2 2 2 2 10 2 2 2 2 2 8 2 2 2 2
left_child=2 7 -1 4 6 19 -3 8 -2 -10 11 16 13 -9 -15 -14 17 -11 -7 -4 21 -20 -22 26 -25 -26 28 -28 29 -17
right_child=1 3 5 -5 -6 18 -8 12 9 10 -12 -13 15 14 -16 23 -18 -19 20 -21 22 -23 -24 24 25 -27 27 -29 -30 -31
leaf_value=0.00010834593377070054 -6.662478898018017e-05 -0.00011740015549300222 -7.3729498668137679e-05 -0.0014564668936030913 0.00024864545513601078 0.00014884496464872849 -0.0016940371491795552 4.1055825611985725e-05 -5.4206890258887709e-05 -0.00012776540997489388 0.00028429949131707677 -8.9353077341564925e-05 -0.00020018789864255658 3.384747051098352e-06 -0.00090843689247448048 -1.7728073856612117e-05 0.0002292652603063623 8.5573623769386826e-05 -0.00025579718980900488 4.3918397582235792e-05 0.00026206423865414078 0.00015669161695669952 -3.7753084786640998e-06 -0.00046783721703508828 -0.00027798703434158935 2.5401488262969318e-05 0.00010305322181152323 -0.00015245610945689714 -9.4454659682731862e-05 0.0002450520426443923
leaf_weight=3314 1611 9335 513 99 176 1422 78 3196 752 182 122 372 526 98 91 2596 410 2147 126 9539 91 106 180 150 106 250 1037 311 2948 111
leaf_count=3314 1611 9335 513 99 176 1422 78 3196 752 182 122 372 526 98 91 2596 410 2147 126 9539 91 106 180 150 106 250 1037 311 2948 111
internal_value=0.000129182 -0.00165893 0.00325191 -0.00380367 -0.00361612 0.00244844 -0.00383778 -0.000437823 0.00117941 0.00282936 0.00429168 0.00376888 -0.0012303 0.000864106 -0.0101852 -0.00211263 0.00473713 0.00359596 0.0055974 0.0018454 0.000149105 -0.00625 0.00562731 -0.00168797 -0.00721344 -0.00337079 -0.00128873 0.00192878 -0.0020557 -0.000101588
internal_weight=41995 26704 15291 9688 9589 11977 9413 17016 5596 3985 3233 3111 11420 3385 189 8035 2739 2329 1925 10052 503 232 271 7509 506 356 7003 1348 5655 2707
internal_count=41995 26704 15291 9688 9589 11977 9413 17016 5596 3985 3233 3111 11420 3385 189 8035 2739 2329 1925 10052 503 232 271 7509 506 356 7003 1348 5655 2707
is_linear=0
shrinkage=0.05


Tree=7
num_leaves=31
num_cat=0
split_feature=5 5 5 12 10 11 15 15 15 10 14 12 8 5 11 12 11 11 15 14 10 14 11 11 14 14 11 10 10 4
split_gain=93.7863 21.5925 15.0004 10.759 8.75613 8.48075 8.05108 14.1314 8.44941 10.7972 9.64666 7.22855 7.08969 6.95878 6.70439 7.49867 7.18479 6.22075 6.21047 5.82612 11.632 10.6929 8.46476 7.82168 7.22053 6.23344 6.83921 7.69191 5.67128 5.53682
threshold=0.014215568381727368 0.018622169665460469 0.010749101426315215 -0.087458765142185854 0.031057644580603009 0.025734816417073651 -0.027735298513383463 -0.020334648866664359 0.00021014760718940376 -0.002481321509367584 0.053057710402313336 0.038546138655022773 -0.10072338771148102 0.022806758126764352 0.021985300450528603 0.055910575939094771 -0.013761603129987752 0.021590263312926242 -0.0083349149191794241 -0.036136320679139293 0.010423717671389056 -0.039477048520880569 0.022655282977909755 0.015980526956462796 -0.021011062487688355 0.23397195059943568 -0.023324980459216712 0.0042130183700179744 0.00048358737476139618 0.021024129541945297
decision_type=2 2 2 2 2 2 2 2 2 2 2 2 10 2 2 2 2 2 2 2 2 2 2 2 2 2 2 2 2 2
left_child=2 3 11 -2 6 18 -3 -8 13 -10 -11 -1 -4 -9 16 -16 -13 -14 -5 21 22 23 24 -20 -21 26 28 29 -26 -28
right_child=1 4 12 5 -6 -7 7 8 9 10 -12 14 17 -15 15 -17 -18 -19 19 20 -22 -23 -24 -25 25 -27 27 -29 -30 -31
leaf_value=7.6932899456568174e-05 -0.0011199959412356234 -0.00063068303383494141 -4.2077852991317035e-05 3.309075847450641e-05 -0.0019722446177438068 6.0782612443416838e-05 0.00020249030602260905 -0.000115972129617544 -0.00027011000161140724 -5.8421656919979611e-05 0.00023771062411437121 -0.00013219864471899291 3.5948623664198297e-05 -0.00028678846638187236 -0.00019098078512674952 0.0002859271379614758 0.00015454217693762576 0.00011415507789353641 -3.4763262183788032e-05 -0.00015189902184876695 -0.00021007288463637089 0.00021604855114687929 -0.00019017974641293394 0.00014805378245761789 0.00017044612436761965 -0.00094624121422723817 4.888998094012241e-05 0.0001017667001544278 -0.00013329309649235364 -6.3927901584688416e-05
leaf_weight=3884 61 126 834 1645 82 1465 252 2687 813 3876 100 63 11045 1779 117 45 1048 1598 2372 1013 151 257 202 512 399 97 432 620 54 4397
leaf_count=3884 61 126 834 1645 82 1465 252 2687 813 3876 100 63 11045 1779 117 45 1048 1598 2372 1013 151 257 202 512 399 97 432 620 54 4397
internal_value=5.82972e-05 -0.00204985 0.00270473 -0.00076954 -0.00385229 -0.000675676 -0.0037138 -0.00354739 -0.00386548 -0.00240656 -0.001333 0.00499806 0.00182719 -0.00542991 0.00826787 -0.00123457 0.00965347 0.00212173 -0.00110896 -0.00155625 -0.00232519 0.000246737 -0.0020377 -0.000624133 -0.00174701 -0.00108768 -0.000881057 -0.00137181 0.00502208 -0.00204494
internal_weight=42026 23392 18634 13677 9715 13616 9633 9507 9255 4789 3976 5157 13477 4466 1273 162 1111 12643 12151 10506 7365 3141 7214 2884 7012 5999 5902 5449 453 4829
internal_count=42026 23392 18634 13677 9715 13616 9633 9507 9255 4789 3976 5157 13477 4466 1273 162 1111 12643 12151 10506 7365 3141 7214 2884 7012 5999 5902 5449 453 4829
is_linear=0
shrinkage=0.05


Tree=8
num_leaves=31
num_cat=0
split_feature=4 4 13 12 4 11 13 15 13 10 11 13 15 11 13 11 14 15 15 14 15 15 13 13 10 13 12 10 11 10
split_gain=82.0859 20.3079 13.3918 17.1475 16.0615 9.36753 8.76154 11.1658 8.45673 8.70636 13.8661 10.5175 8.15904 9.24385 10.7907 16.0319 8.11195 7.68457 7.18483 8.52322 7.13093 6.92593 14.5462 14.4094 8.28635 7.87269 6.75469 6.64624 6.30574 7.42701
threshold=0.024694003537474061 0.017363476512240825 43.015001296997077 -0.075828254732232245 0.039439681159480572 0.016536757711404618 27.664999961853031 -0.0053390503914900181 17.445000648498539 0.0042471847238270142 -0.0038431021214298529 16.510000228881839 -0.0085631448750801958 0.0019507680783907857 13.744999885559084 0.012360960719592808 0.020730184888119289 0.0021168394094917002 0.013335989567982433 -0.024483541073895273 -0.00027487857112634678 -0.012165735853255142 27.365000724792484 26.284999847412113 -0.0077272822899705487 24.19999980926514 -0.043864369041982591 0.016487850425620846 0.023488197271316905 0.0052221339375052587
decision_type=2 2 2 2 2 2 2 2 2 2 2 2 2 2 2 2 2 2 2 2 2 2 2 2 2 2 2 2 2 2
left_child=1 20 3 6 5 21 7 -2 9 10 11 -3 -12 -14 15 17 -17 -15 19 -7 -1 24 23 25 -5 -23 -27 -10 29 -11
right_child=2 8 -4 4 -6 18 -8 -9 27 28 12 -13 13 14 -16 16 -18 -19 -20 -21 -22 22 -24 -25 -26 26 -28 -29 -30 -31
leaf_value=5.4606674948889244e-05 -0.00048273248810141067 5.9573776345471945e-05 -0.0010982623329947418 0.00010131460631177571 -0.00022282274807012507 9.7007768084253279e-05 0.0004276943967057099 0.00019662423156246853 -1.6925057957112301e-06 0.00015920177296716573 0.00010422693603855679 0.00022852588046002269 -0.00011379578209336937 4.3063615419891132e-05 -2.8218046737180613e-05 1.7309439472235109e-05 -0.00028098216006233062 0.00024341171714662428 -0.00013267834970859079 -1.5675644634477459e-05 0.00011037597344466479 -6.3737960640065667e-05 -0.00071202596298804762 0.00038536326804929462 -0.00010026803642404492 -2.3261554237682082e-05 -0.00033340332482189466 -0.00023662526537425655 0.00016923423458849526 4.9193201643722534e-05
leaf_weight=2791 84 1202 135 514 3281 1242 194 119 5287 348 681 431 1089 322 2721 838 128 432 401 1996 3011 10255 223 157 315 124 219 135 718 2801
leaf_count=2791 84 1202 135 514 3281 1242 194 119 5287 348 681 431 1089 322 2721 838 128 432 401 1996 3011 10255 223 157 315 124 219 135 718 2801
internal_value=0.000136275 0.00215718 -0.00227037 -0.00215959 -0.00237758 -0.00170271 0.00812343 0.000862069 0.00129137 0.00204722 0.00109001 0.00518983 1.20754e-05 -0.00062387 0.000388426 0.00348837 -0.000776398 0.00895225 0.000515251 0.0012971 0.00471389 -0.0023863 -0.00271907 -0.002457 0.00202051 -0.00267975 -0.0101312 -0.000341203 0.00398888 0.00302477
internal_weight=42194 22935 19259 19124 18727 15446 397 203 17133 11711 7844 1633 6211 5530 4441 1720 966 754 3639 3238 5802 11807 10978 10755 829 10598 343 5422 3867 3149
internal_count=42194 22935 19259 19124 18727 15446 397 203 17133 11711 7844 1633 6211 5530 4441 1720 966 754 3639 3238 5802 11807 10978 10755 829 10598 343 5422 3867 3149
is_linear=0
shrinkage=0.05


Tree=9
num_leaves=31
num_cat=0
split_feature=5 5 5 10 11 6 10 12 16 13 15 10 13 11 10 14 16 16 12 14 16 15 13 10 14 8 12 10 13 11
split_gain=83.7402 19.7881 18.9034 12.6407 8.86161 8.83158 7.92224 9.97504 12.1094 8.44134 8.43911 8.32782 6.75503 11.029 12.3072 7.57542 15.1968 7.12299 12.6812 6.954 6.55599 6.33609 10.8625 7.60287 6.13817 6.07002 5.62572 5.25816 5.2358 10.4685
threshold=0.014215568381727368 0.022238872668234686 0.010446182841806307 -0.029463617054616639 0.026483483019392965 0.17169507465726216 0.0040754618174884136 -0.012168113641692622 0.025851771004299921 16.085000038146976 -0.0022786893069514087 0.0022328849049373383 17.795000076293949 -0.022310337551763478 0.00048358737476139618 -0.12096344977185801 0.0081168579467223462 0.035023631652948202 0.033921054671782865 0.23397195059943568 -0.038405864627948087 -0.020334648866664359 24.385000228881839 -0.029463617054616639 -0.098691693357393515 -0.069048764845221197 0.02953543879256915 0.011878976050790248 16.550000190734867 0.0036681658206255689
decision_type=2 2 2 2 2 2 2 2 2 2 2 2 2 2 2 2 2 2 2 2 2 2 2 2 2 10 2 2 2 2
left_child=2 3 26 -2 12 25 7 -6 11 -8 -11 -9 17 14 20 16 -15 28 -19 24 -14 22 -3 -24 -17 -4 -1 -12 -5 -30
right_child=1 21 5 4 6 -7 9 8 -10 10 27 -13 13 15 -16 19 -18 18 -20 -21 -22 -23 23 -25 -26 -27 -28 -29 29 -31
leaf_value=7.9412672327898925e-05 -0.0011328959053619144 -0.00052184173125664052 -1.4484221678010435e-05 -4.0916953752043623e-05 0.00043037495427706738 -1.0038366378855179e-06 8.4953018896159673e-05 5.1072230182541357e-05 -0.00022782513718727954 -0.00041384020003495638 7.3241804726347379e-05 0.00027537754458221763 -0.00022693113657940077 -0.00011368638504271984 -0.00013097299397438878 -0.00050155075112671575 0.00031640725171654967 0.00016563011654359473 -0.00011083105822818251 -0.00086332785536647394 0.00012341161075923391 -0.00020541408808779022 -0.00018341504741767949 0.00032685879340244587 -9.7576772171786841e-05 6.1292516745115389e-05 0.00012399397246609873 -0.00018784611908763952 0.00010147621103396317 -3.8909240621400229e-05
leaf_weight=2608 119 64 990 7057 112 4744 431 425 144 178 261 163 121 182 415 122 134 322 138 85 1099 4368 44 141 4509 8431 1707 248 1174 1343
leaf_count=2608 119 64 990 7057 112 4744 431 425 144 178 261 163 121 182 415 122 134 322 138 85 1099 4368 44 141 4509 8431 1707 248 1174 1343
internal_value=7.34258e-05 -0.00191354 0.00258929 -0.00119263 -0.00108905 0.00170667 0.0020897 0.00574645 0.00362022 -0.000670841 -0.00411208 0.00680272 -0.00146249 -0.00269612 0.00087156 -0.00385533 0.00363924 -0.000642814 0.00543478 -0.00435751 0.00340164 -0.00484622 0.00291165 0.00905405 -0.00409739 0.00259261 0.00548667 -0.000834971 -0.000934823 0.00102304
internal_weight=41879 23399 18480 18782 18663 14165 1962 844 732 1118 687 588 16701 6667 1635 5032 316 10034 460 4716 1220 4617 249 185 4631 9421 4315 509 9574 2517
internal_count=41879 23399 18480 18782 18663 14165 1962 844 732 1118 687 588 16701 6667 1635 5032 316 10034 460 4716 1220 4617 249 185 4631 9421 4315 509 9574 2517
is_linear=0
shrinkage=0.05


Tree=10
num_leaves=31
num_cat=0
split_feature=4 5 6 8 4 10 11 16 12 4 11 16 11 14 11 12 11 1 10 11 12 10 11 10 16 10 10 14 11 11
split_gain=72.5937 21.7846 9.09988 8.52326 6.97844 6.66268 6.58401 6.40197 10.5434 7.0813 7.92078 6.23932 6.20946 6.61342 6.21925 5.87932 6.12763 5.81481 6.48086 5.77404 13.3963 7.83837 7.55558 5.71122 5.41945 5.34904 10.9462 10.8016 9.21584 6.03449
threshold=0.021157874031590761 0.019109876302152523 0.31285882910270524 -0.086459680439527273 0.015944390131258649 0.031057644580603009 0.02550883970860263 -0.056551700594652858 -0.075828254732232245 0.039439681159480572 0.003505922146060048 0.02506134297151941 0.025734816417073651 -0.16769008837329388 0.032599070140324489 -0.0018734111574215115 0.0023966928807116488 0.033488526854886465 -0.010112214023305697 -0.022310337551763478 -0.038043890036369758 0.00048358737476139618 -0.014879345686955035 -0.029463617054616639 0.029246038475293726 0.0041528827326416948 0.0025358686375718258 0.0080830591469587282 0.014880689278647387 0.013973401641150464
decision_type=2 2 2 10 2 2 2 2 2 2 2 2 2 2 2 2 2 2 2 2 2 2 2 2 2 2 2 2 2 2
left_child=3 2 12 -1 -5 7 17 -3 -9 10 15 -8 13 -2 -14 -10 -17 -6 -19 21 22 -15 -21 -4 -13 26 29 -28 -29 -22
right_child=1 5 23 4 6 -7 11 8 9 -11 -12 24 14 19 -16 16 -18 18 -20 20 25 -23 -24 -25 -26 -27 27 28 -30 -31
leaf_value=-3.5263377582852623e-05 0.00028975632220804546 -0.00064292828344735301 -0.0012785831650921457 9.4961386027170395e-05 5.4093679436164948e-05 -0.0017296317784417248 0.00016059330407517107 0.00020997448598643613 -0.00021007418596525132 -0.00021530695799907513 -2.3989692613896876e-05 -0.00029390256126472943 0.00015396705728747034 0.0001261934447093536 5.6714020749392038e-06 -4.278636381883274e-05 -0.00032056921729043558 -0.00025363624752352773 2.9687322967196855e-07 -0.00046758623348779478 1.0972975228101942e-05 -8.2429000381785715e-05 -0.00010367019349925319 -4.5130973694574184e-05 0.00016982393553108719 3.0180879301429549e-05 -0.00022332730379610408 0.00018176946667058615 -0.00031784536292230145 -7.2742406870833238e-05
leaf_weight=734 82 125 60 3173 8586 75 731 234 967 3079 3020 60 607 878 776 1111 138 96 1063 154 4960 226 408 5563 93 3203 614 179 65 978
leaf_count=734 82 125 60 3173 8586 75 731 234 967 3079 3020 60 607 878 776 1111 138 96 1063 154 4960 226 408 5563 93 3203 614 179 65 978
internal_value=7.61216e-05 -0.00143444 -0.000473258 0.00293409 0.0032133 -0.00349469 0.00259902 -0.00336638 -0.00320213 -0.00349669 -0.00237777 0.00673077 0.000247525 -0.000125564 0.00341649 -0.00464801 -0.00238191 0.00222422 -0.00110009 -0.000225032 -0.000584698 0.00321558 -0.00809609 -0.00215632 -0.00245098 -0.000162516 -0.000956445 -0.00623543 0.00266393 -0.000193668
internal_weight=42038 27502 18753 14536 13802 8749 10629 8674 8549 8315 5236 884 13130 11747 1383 2216 1249 9745 1159 11665 10561 1104 562 5623 153 9999 6796 858 244 5938
internal_count=42038 27502 18753 14536 13802 8749 10629 8674 8549 8315 5236 884 13130 11747 1383 2216 1249 9745 1159 11665 10561 1104 562 5623 153 9999 6796 858 244 5938
is_linear=0
shrinkage=0.05


Tree=11
num_leaves=31
num_cat=0
split_feature=5 5 5 6 10 6 11 9 10 15 10 16 15 16 15 12 12 11 11 15 15 16 12 16 16 12 10 12 16 15
split_gain=66.9671 17.0044 9.8195 7.75464 7.39391 7.39056 6.55566 6.07739 6.18038 8.67864 5.8345 5.29235 7.81868 7.26359 9.43054 6.69384 7.29481 6.34045 9.98759 8.05606 14.2354 6.28367 5.51193 8.67317 7.48519 9.14672 6.90366 6.1344 5.80741 5.42089
threshold=0.014215568381727368 0.018622169665460469 0.011228360598418008 0.15885591208433417 0.031057644580603009 0.31285882910270524 0.026483483019392965 0.35552778583786254 0.0097813689892826145 0.00050520489011918201 -0.029463617054616639 0.035596856299736197 -0.0024448449808805446 0.020040538312360971 0.0062422299588372763 0.088558977923196683 -0.0087284048739240654 0.029305077851743303 0.048369816433799014 -0.020334648866664359 -0.027735298513383463 0.045466406835333213 -0.0033751709448106566 -0.018296413819206877 -0.021346404193649911 0.057873596393828615 -0.0026466516143627823 0.092854757865130991 -0.017856491855205211 0.0023259763005305527
decision_type=2 2 2 2 2 2 2 8 2 2 2 2 2 2 2 2 2 2 2 2 2 2 2 2 2 2 2 2 2 2
left_child=2 5 -1 -4 7 6 -2 8 11 -10 -7 13 -13 17 15 16 -15 19 -19 20 -3 -14 26 24 25 -24 -21 -27 -28 -25
right_child=1 4 3 -5 -6 10 -8 -9 9 -11 -12 12 21 14 -16 -17 -18 18 -20 22 -22 -23 23 29 -26 27 28 -29 -30 -31
leaf_value=7.1377343973609095e-05 -9.0928974016149095e-06 -0.00037730304684945471 4.6690650311636804e-05 -7.0652586643884119e-06 -0.0013274354066013197 -0.0012660397298919477 7.1309837809854998e-05 -0.00022404471822263153 -0.00037689961050250368 6.1078738808494594e-05 -5.1306061185145071e-05 -0.00025404086634932651 0.00022594028348089779 -0.00026378908361051771 -0.00046013815519860697 -0.00037379597088540149 1.4588550133898173e-05 0.0001139593838919509 -0.00053220671922740053 -0.00013245271385630463 0.00025198103759704996 -6.1742658219125654e-05 -0.00019022871484787051 -0.00016324285373323181 0.00033489008977151017 0.00055686777623832043 -0.00051584051476511047 3.8515340492960514e-05 -0.00028231510133207961 -2.5113389259275121e-05
leaf_weight=6610 8880 87 7968 4010 82 48 1028 1237 99 1010 3811 52 160 148 274 75 387 407 82 1001 187 156 322 1982 124 64 198 82 538 986
leaf_count=6610 8880 87 7968 4010 82 48 1028 1237 99 1010 3811 52 160 148 274 75 387 407 82 1001 187 156 322 1982 124 64 198 82 538 986
internal_value=3.02886e-05 -0.0017431 0.00227297 0.00141927 -0.00334189 -0.000611971 0.000111021 -0.00321495 -0.00273424 0.000743913 -0.00246826 -0.00326176 0.00258152 -0.00357143 -0.00780543 -0.00434426 -0.00238318 -0.0029538 0.00250511 -0.00343296 0.00492701 0.00553797 -0.0038654 -0.00273876 0.00278716 -0.000106838 -0.00617444 0.010274 -0.00985054 -0.00384097
internal_weight=42095 23507 18588 11978 9740 13767 9908 9658 8421 1109 3859 7312 368 6944 884 610 535 6060 489 5571 274 316 5297 3560 592 468 1737 146 736 2968
internal_count=42095 23507 18588 11978 9740 13767 9908 9658 8421 1109 3859 7312 368 6944 884 610 535 6060 489 5571 274 316 5297 3560 592 468 1737 146 736 2968
is_linear=0
shrinkage=0.05


Tree=12
num_leaves=31
num_cat=0
split_feature=5 13 5 13 5 11 15 15 15 8 11 13 13 10 6 15 10 15 11 15 10 10 15 15 3 15 15 11 0 15
split_gain=53.0701 13.9639 12.5131 10.9185 11.6842 8.27303 9.69669 12.083 8.79718 7.95187 7.76552 7.5245 9.81862 7.84832 7.05496 6.9409 6.93732 8.06779 8.48628 10.3149 7.97386 11.1317 8.10267 7.00422 5.37486 6.22449 5.35924 5.19121 7.09062 5.08776
threshold=0.015496451490898323 43.015001296997077 0.012473217610958669 33.719999313354499 0.023237471491315609 0.015980526956462796 0.00066045294153493927 0.01022066611722139 -0.001465284881923101 0.10156565201233737 0.036250351573326463 17.32499980926514 19.295000076293949 0.016487850425620846 0.31285882910270524 -0.023335291911129871 0.0042130183700179744 -0.0085631448750801958 0.011995424510659937 0.0053675086210057685 -0.005759841654093655 -0.0021138824674655772 0.0045831610319315716 0.015689988774666212 -0.0072744912133706477 0.010147256577635934 -0.0092095051474164174 0.029305077851743303 -0.01273263561014326 -0.00027487857112634678
decision_type=2 2 2 2 2 2 2 2 2 8 2 2 2 2 2 2 2 2 2 2 2 2 2 2 2 2 2 2 2 2
left_child=2 3 11 4 5 24 8 -8 9 10 27 16 29 -14 -4 -6 17 26 -19 20 -20 -22 -23 -18 25 -2 -1 28 -7 -13
right_child=1 -3 14 -5 15 6 7 -9 -10 -11 -12 12 13 -15 -16 -17 23 18 19 -21 21 22 -24 -25 -26 -27 -28 -29 -30 -31
leaf_value=0.00013444713331792064 -0.00010562667240002488 -0.001014757370203015 2.6991704255992885e-05 0.00022108505653054304 0.0001999449842018458 -0.00018490863993030063 0.00011712456940247214 -7.2643301361638215e-05 -0.00022176857177759444 -0.00021707401362948306 -0.00020838501833147038 -7.0830921225663662e-05 9.0778366528568744e-05 -0.00017892945746993008 -3.4101944801368053e-05 -0.00019022853155720114 0.00011613084548128626 6.2898753152868325e-05 -0.00027316863477511356 -0.00020502000478334374 0.00022685238318340779 -3.4169204687545252e-05 0.00017737373468623967 -9.7085182531562412e-05 -3.6164159447709452e-05 -0.00054476438354246828 0.00032218376339854493 0.00017875404363549771 0.00010517991083217318 2.7381426109151152e-05
leaf_weight=487 1567 138 8606 196 113 150 1396 550 300 224 187 974 1444 41 3431 3513 2577 3327 45 133 111 1076 95 111 9367 124 94 249 359 864
leaf_count=487 1567 138 8606 196 113 150 1396 550 300 224 187 974 1444 41 3431 3513 2577 3327 45 133 111 1076 95 111 9367 124 94 249 359 864
internal_value=9.85687e-05 -0.00190826 0.00167834 -0.00178874 -0.00191585 -0.00127997 0.000871157 0.00318602 -0.00219537 -0.000235244 0.00177249 0.00286712 0.000865182 0.00388889 0.00055454 -0.00445394 0.0036929 0.00265462 0.00197932 -0.00119863 0.000131876 0.000858034 -0.00057643 0.00576637 -0.00194429 -0.00453873 0.00821859 0.00402375 0.00112967 -0.0015778
internal_weight=41849 18433 23416 18295 18099 14473 3415 1946 1469 1169 945 11379 3323 1485 12037 3626 8056 5368 4787 1460 1327 1282 1171 2688 11058 1691 581 758 509 1838
internal_count=41849 18433 23416 18295 18099 14473 3415 1946 1469 1169 945 11379 3323 1485 12037 3626 8056 5368 4787 1460 1327 1282 1171 2688 11058 1691 581 758 509 1838
is_linear=0
shrinkage=0.05


Tree=13
num_leaves=31
num_cat=0
split_feature=5 13 5 12 4 6 13 15 13 15 6 13 15 12 12 13 13 13 13 15 14 16 16 13 13 14 12 14 16 16
split_gain=54.631 12.3585 11.8848 10.1228 12.8728 8.9826 8.58842 9.02146 7.87923 8.43243 7.74943 7.57644 6.44888 6.7976 8.21929 6.98403 6.27045 12.9102 7.24307 6.25144 5.97992 8.2418 8.10171 5.82193 5.70728 5.41331 5.08716 5.06209 5.08788 6.11328
threshold=0.015496451490898323 43.015001296997077 0.010446182841806307 -0.075828254732232245 0.038197062413037927 -0.39261991673113533 17.945000648498539 0.00021014760718940376 27.664999961853031 -0.0053390503914900181 -0.30071366383469006 18.105000495910648 -0.023335291911129871 -0.062212446145613214 -0.05023266322533259 23.694999694824222 16.550000190734867 16.675000190734867 16.164999961853031 -0.017797477055402296 0.03011365738187333 -0.0066246429094686801 -1.0000000180025095e-35 24.385000228881839 12.325000286102297 -0.19490876951167976 -0.067575667738432196 0.23397195059943568 0.011286369200188886 0.01374562055883022
decision_type=2 2 2 2 2 2 2 2 2 2 2 2 2 2 2 2 2 2 2 2 2 2 2 2 2 2 2 2 2 2
left_child=2 3 -1 8 6 24 7 16 9 -2 -9 -8 23 26 15 -15 18 -18 -5 -16 -21 -22 -23 -13 -4 -6 -14 28 -24 -30
right_child=1 -3 5 4 25 -7 11 10 -10 -11 -12 12 13 14 19 -17 17 -19 -20 20 21 22 27 -25 -26 -27 -28 -29 29 -31
leaf_value=7.308370028586107e-05 -0.00057045649650426435 -0.00089734291564806451 -0.00011773020821965746 -5.6853508427973706e-05 -0.0021133387561751019 2.869927035397367e-06 -0.00029542667077883059 5.9332435252254859e-05 0.00037856191870744559 0.00015740839002770202 -1.9729587624512431e-05 -0.00015221917956006721 -6.8195013295545756e-05 0.00032089535352398317 -0.00028464471817499026 1.8586226601639921e-06 0.0003103344491221982 -2.9654405700363462e-05 -0.00021717029618607104 -0.00010326399332893444 9.2118213399744207e-05 -0.0002520652052733434 0.00010442806713843776 0.00022191653642003508 4.8007197725946811e-05 -0.00016688439293196158 -0.0010692056789346266 -0.0010502193836718413 -0.0003016781059739682 3.0396220687237824e-05
leaf_weight=4267 71 140 210 2378 54 11283 236 2378 182 112 2366 59 148 86 92 158 180 884 470 2870 667 302 369 109 7639 3679 119 40 124 201
leaf_count=4267 71 140 210 2378 54 11283 236 2378 182 112 2366 59 148 86 92 158 180 884 470 2870 667 302 369 109 7639 3679 119 40 124 201
internal_value=4.59723e-05 -0.00198658 0.00165071 -0.00187357 -0.00204102 0.00111854 -0.00135572 -0.000369686 0.00636986 -0.000956284 0.00109612 -0.0028853 -0.00249813 -0.00281105 -0.00238847 0.00655738 -0.00214724 0.00112782 -0.00337079 -0.00285638 -0.00259676 -0.00024956 -0.00304054 0.00714286 0.00241751 -0.00465443 -0.0105805 -0.00020436 0.000792507 -0.00376923
internal_weight=41873 18474 23399 18334 17969 19132 14236 8656 365 183 4744 5580 5344 5176 4909 244 3912 1064 2848 4665 4573 1703 1036 168 7849 3733 267 734 694 325
internal_count=41873 18474 23399 18334 17969 19132 14236 8656 365 183 4744 5580 5344 5176 4909 244 3912 1064 2848 4665 4573 1703 1036 168 7849 3733 267 734 694 325
is_linear=0
shrinkage=0.05


Tree=14
num_leaves=31
num_cat=0
split_feature=4 13 5 8 12 3 13 16 13 6 11 12 16 16 12 13 16 14 6 14 12 13 11 12 12 13 13 14 13 13
split_gain=52.3407 15.7711 14.7988 8.5148 7.99267 7.82544 7.31278 8.52836 7.46637 7.99998 7.10884 8.49158 9.2336 8.15013 7.12576 7.05236 6.9355 7.76174 6.99676 7.17931 6.85561 6.71264 10.3324 6.21781 7.85235 6.70938 6.20822 6.01642 6.7548 10.4238
threshold=0.021087381987700719 43.015001296997077 0.021908802344068574 -0.086459680439527273 -0.075828254732232245 -0.0030403352174478422 25.010000228881839 -0.038405864627948087 17.164999961853031 0.029302475286767996 -0.022672230022230119 -0.034828232656023965 0.011476360326704961 0.017979046424714044 -0.032202147577946531 18.82499980926514 -0.016651013185411342 0.039671535485110161 -0.16979884825676889 -0.0059106162699663059 -0.046452019388258541 16.550000190734867 0.0044457206101340416 0.064838978376420955 0.048519167358985434 12.84500026702881 21.555000305175785 -0.066405515647089006 14.444999694824221 12.765000343322756
decision_type=2 2 2 10 2 2 2 2 2 2 2 2 2 2 2 2 2 2 2 2 2 2 2 2 2 2 2 2 2 2
left_child=3 2 5 -1 -4 -2 8 -8 9 21 15 12 -12 -14 -13 -10 -5 18 19 -18 -9 22 -7 24 27 -25 -17 -24 29 -29
right_child=1 -3 4 16 -6 6 7 20 10 -11 11 14 13 -15 -16 26 17 -19 -20 -21 -22 -23 23 25 -26 -27 -28 28 -30 -31
leaf_value=-4.1294592187253717e-05 -4.8988663220013962e-05 -0.00086295991537237821 0.00019110270776864359 9.9658282182620153e-05 -0.00014547207961653131 -4.9925360854055073e-05 -0.00020720916637594232 6.4946709042538453e-05 0.00023301735846738855 -2.3361939473127069e-05 -0.00026074735680160576 0.00048197253535173478 0.00018994727329053798 -0.00023896425998700245 -4.3541213998421396e-05 -0.00014007745832724457 4.9140910060621169e-05 -3.1015807773374788e-06 3.0090213125972577e-05 0.00010809019568240813 0.00026751052663686112 0.00012622069543991236 0.00019046562305392851 -3.1801860948506981e-05 -0.0001404554883411074 0.00030387558250273062 7.2963573696257491e-05 -4.3199422935220805e-05 -1.7821385718863864e-06 0.00014704472369796796
leaf_weight=710 6739 159 164 1734 4697 1638 49 342 231 3336 460 45 85 74 4384 302 3278 2362 4232 2137 268 893 285 53 323 95 444 346 1258 887
leaf_count=710 6739 159 164 1734 4697 1638 49 342 231 3336 460 45 85 74 4384 302 3278 2362 4232 2137 268 893 285 53 323 95 444 346 1258 887
internal_value=0.000155915 -0.00112222 -0.0010311 0.00259289 -0.00353322 -0.000491414 0.000117103 0.00527314 -0.000107339 0.000795479 -0.00147303 -0.00222861 -0.00771405 0.00267296 -0.00146196 0.00243091 0.00286873 0.00244192 0.0030709 0.00426131 0.00688525 0.00192108 0.00119243 0.00282569 0.00234753 0.0128378 6.70241e-05 0.00320605 0.00241871 0.00504866
internal_weight=42010 27557 27398 14453 4861 22537 15798 659 15139 9114 6025 5048 619 159 4429 977 13743 12009 9647 5415 610 5778 4885 3247 3099 148 746 2776 2491 1233
internal_count=42010 27557 27398 14453 4861 22537 15798 659 15139 9114 6025 5048 619 159 4429 977 13743 12009 9647 5415 610 5778 4885 3247 3099 148 746 2776 2491 1233
is_linear=0
shrinkage=0.05


Tree=15
num_leaves=31
num_cat=0
split_feature=5 13 5 12 5 11 10 15 10 11 3 15 14 12 14 14 14 11 16 11 13 13 16 14 10 16 12 14 12 16
split_gain=47.215 13.2184 10.0941 10.2118 7.95594 6.1837 7.15506 11.156 7.6832 6.0237 5.84987 5.78903 7.76573 7.97164 6.37786 7.10314 11.1015 9.2945 10.2789 9.17278 11.3477 8.4864 11.6635 10.7965 9.12163 8.00093 7.95159 7.0989 6.91839 11.3141
threshold=0.014215568381727368 43.015001296997077 0.022238872668234686 -0.080083523859072289 0.012561693916887712 0.025734816417073651 0.0031820502402425403 -0.002165726483894403 0.0055998861544829257 0.028626445493023959 0.0099604091313959548 -0.0083349149191794241 0.23397195059943568 -0.0078641558377195424 0.16071726291299396 -0.036136320679139293 -0.039477048520880569 -0.024572906939621272 -0.0077630274563844073 0.015980526956462796 13.934999942779543 15.025000095367433 0.037643750793388782 -0.0099321131423574776 0.0035295421456860159 0.015996721924504635 0.050860113583604989 -0.0080681674930397889 0.032469111342934183 -0.0057156934692457742
decision_type=2 2 2 2 2 2 2 2 2 2 2 2 2 2 2 2 2 2 2 2 2 2 2 2 2 2 2 2 2 2
left_child=4 2 5 -4 -1 11 -7 8 -8 -9 -11 -2 14 -14 15 16 19 18 -17 -13 -21 22 24 28 -19 26 -26 -25 29 -23
right_child=1 -3 3 -5 -6 6 7 9 -10 10 -12 12 13 -15 -16 17 -18 21 -20 20 -22 23 -24 27 25 -27 -28 -29 -30 -31
leaf_value=5.3867126471772533e-05 2.6054498915677358e-05 -0.00084185702641400716 0.00042316641975393901 -0.0001406708123367459 8.8871978263831839e-06 0.00011684161529301233 -0.00039667241559543446 0.00028883575234186853 -0.00011251712476693399 3.9970287260546362e-05 -0.00016229478756766107 -4.2598902310988758e-05 -0.0015704317236196561 -1.6937596967465377e-05 0.00015354300967356069 0.0002650840607467695 0.0002081439552466053 -6.2019667468287811e-05 -8.3335189863877361e-05 -0.0001342929646909078 0.00017580278118303522 -0.00025919149710024289 0.0003090311620255337 0.00013176967091451465 0.00014807637300821286 -0.00015017630858434538 -5.8059262682806043e-05 -7.1136295219957588e-05 -0.00025991752925961874 1.9850520674255394e-05
leaf_weight=11808 2355 152 116 4436 6779 814 143 139 176 733 142 3252 71 72 220 249 316 1955 252 109 612 512 75 239 572 207 179 4194 659 528
leaf_count=11808 2355 152 116 4436 6779 814 143 139 176 733 142 3252 71 72 220 249 316 1955 252 109 612 512 75 239 572 207 179 4194 659 528
internal_value=6.89393e-05 -0.00142148 -0.00132572 -0.00343805 0.00195163 -0.000813582 0.00171169 -0.000543886 -0.00869906 0.0020217 0.000485714 -0.00113964 -0.0015186 -0.0131119 -0.00140127 -0.00153487 0.000157379 -0.00228926 0.00434132 -0.00056003 0.0045423 -0.00265351 -0.000468541 -0.0037182 -0.000969791 0.00302714 0.0054261 -0.00241935 -0.00710712 -0.00456731
internal_weight=42066 23479 23327 4552 18587 18775 2147 1333 319 1014 875 16628 14273 143 14130 13910 4289 9621 501 3973 721 9120 2988 6132 2913 958 751 4433 1699 1040
internal_count=42066 23479 23327 4552 18587 18775 2147 1333 319 1014 875 16628 14273 143 14130 13910 4289 9621 501 3973 721 9120 2988 6132 2913 958 751 4433 1699 1040
is_linear=0
shrinkage=0.05


Tree=16
num_leaves=31
num_cat=0
split_feature=4 4 13 12 6 11 14 13 13 15 14 10 14 10 15 15 13 10 10 13 15 10 13 14 10 13 13 12 12 15
split_gain=41.6505 14.0266 11.0253 12.7048 8.44573 8.05396 9.913 9.71217 8.49671 8.02787 7.72403 7.26278 6.91999 6.6105 7.45705 6.42751 12.2258 6.48375 9.20079 5.85512 5.83948 5.62812 5.78912 5.52955 5.26531 10.8119 11.6913 6.76105 5.88035 9.23185
threshold=0.026062956991809914 0.017363476512240825 43.015001296997077 -0.075828254732232245 0.37242427293863856 0.016536757711404618 -0.025685626403374347 16.32499980926514 13.34500026702881 0.00014437628943619887 -0.014609583018452553 0.020281882129164822 -0.01759756320211869 0.031057644580603009 0.018574214366480993 -0.0083349149191794241 28.970000267028812 -0.00010102094958625017 0.0028223734540476779 27.855000495910648 0.00073155618973652647 0.020919709791490718 16.550000190734867 0.003286853869637119 -0.017312021268647334 26.284999847412113 23.694999694824222 -0.030911518629535614 -0.012168113641692622 0.0089603938644854404
decision_type=2 2 2 2 2 2 2 2 2 2 2 2 2 2 2 2 2 2 2 2 2 2 2 2 2 2 2 2 2 2
left_child=1 9 3 10 -3 13 7 8 -7 -1 11 -2 -8 14 15 17 24 23 -19 -6 -11 22 -9 -5 27 26 28 -17 29 -26
right_child=2 4 -4 5 19 6 12 21 -10 20 -12 -13 -14 -15 -16 16 -18 18 -20 -21 -22 -23 -24 -25 25 -27 -28 -29 -30 -31
leaf_value=3.5840403498159217e-05 -0.00056164598739466174 2.7769561734746234e-05 -0.0008565571638725043 0.00028170033148237146 -1.9525982017655399e-05 -0.0002480813225554712 -0.00022163668761908213 -0.00027784933457003893 0.00020941880192125377 0.00021376163545813612 0.00030231747212475203 0.00023554411776015657 -2.0451353671663331e-05 -0.0021866876629120591 0.00016350572226790972 -0.00090456123059215606 -0.00099649489438955754 -0.00060757749213939335 -1.3384242327489031e-05 -0.00072694978688158339 7.71253852111201e-05 -0.00034171927123981781 5.2498164031652977e-05 8.7526766766942567e-06 5.0479375261971951e-05 0.00024284136316835307 -0.00027559431200311485 2.9399067692912393e-05 -9.0208108199974467e-05 -0.0002588566453188214
leaf_weight=2940 74 14512 119 122 5292 48 336 86 598 224 201 88 1842 49 261 135 101 129 264 80 2646 124 808 1519 1214 230 403 77 7254 255
leaf_count=2940 74 14512 119 122 5292 48 336 86 598 224 201 88 1842 49 261 135 101 129 264 80 2646 124 808 1519 1214 230 403 77 7254 255
internal_value=0.000120744 0.00137581 -0.00185316 -0.00174189 0.000744317 -0.00195364 3.90422e-05 0.00294471 0.00773994 0.00353701 0.00750689 -0.000617284 -0.0021809 -0.00259094 -0.00251588 -0.0027023 -0.00323974 -0.000147493 -0.00591603 -0.000949367 0.00541812 -9.82318e-05 0.00128635 0.001234 -0.00305707 -0.0028805 -0.00315034 -0.0108491 -0.00276568 0.000119129
internal_weight=42031 25694 16337 16218 19884 15855 3842 1664 646 5810 363 162 2178 12013 11964 11703 9669 2034 393 5372 2870 1018 894 1641 9568 9356 9126 212 8723 1469
internal_count=42031 25694 16337 16218 19884 15855 3842 1664 646 5810 363 162 2178 12013 11964 11703 9669 2034 393 5372 2870 1018 894 1641 9568 9356 9126 212 8723 1469
is_linear=0
shrinkage=0.05


Tree=17
num_leaves=31
num_cat=0
split_feature=5 3 5 8 6 16 6 12 10 11 14 11 16 10 15 10 14 15 15 10 16 15 15 11 10 16 12 11 11 10
split_gain=38.0949 13.3232 9.4473 8.48961 8.20091 7.54376 6.41536 6.55256 7.30201 11.4131 10.2128 10.2394 8.70616 7.43596 6.2885 6.27002 6.92663 6.37953 6.26509 10.7094 7.38139 6.70794 6.2601 10.4628 10.2065 7.80959 7.12459 6.19495 7.39455 6.07522
threshold=0.014215568381727368 -0.010580943447397849 0.023020072181415462 -0.098383876348270935 -0.32201752222378116 -0.03641095094009849 0.37242427293863856 0.038546138655022773 0.0048014709282474541 -0.0042559728619938056 -0.035401414565419224 -0.0038431021214298529 0.028029126289282672 0.0030905766742578282 0.0093424456666318951 -0.0069332481569183138 0.012431899030548645 -0.011835228459077694 0.0035716927373066203 0.0060856675253907486 0.0027933615688318096 0.0050068039883711677 0.0033962388837618378 0.0090657460238019478 0.010706297735196714 -0.017856491855205211 0.044320359090521573 0.023858934510878397 0.023061662230793093 0.0025358686375718258
decision_type=2 2 2 10 2 2 2 2 2 2 2 2 2 2 2 2 2 2 2 2 2 2 2 2 2 2 2 2 2 2
left_child=3 5 4 14 22 -2 7 8 9 13 -10 -12 -11 15 -1 17 -17 -5 19 -9 -20 -22 29 25 -25 -24 -27 28 -23 -3
right_child=1 2 -4 6 -6 -7 -8 18 10 12 11 -13 -14 -15 -16 16 -18 -19 20 -21 21 27 23 24 -26 26 -28 -29 -30 -31
leaf_value=-7.1885935159135723e-05 -0.00065783036697422042 1.6066551307414476e-05 -0.00012868842140763376 0.00019812171278181298 -3.9472535478135307e-05 -0.00014958149994371978 1.2115285229975879e-05 8.5645919159687677e-05 4.306587034341551e-05 -1.666425506580381e-05 -6.9000773460648106e-05 0.00016745017012723113 0.00016026919430511241 -5.9376112398892584e-05 0.00017493727438916537 7.6216888032401781e-05 0.00018581865949334592 -1.3682212638748771e-05 0.00023646820088154099 -7.4456265655346645e-05 0.00018325377458947145 4.3433661369367708e-05 0.00018111171868596807 0.00014249268290578477 -8.1353401405700161e-05 -5.7472799113829356e-05 0.00015833525733433934 0.00019547012736776211 -0.00026740594269636191 -5.5030092811612142e-05
leaf_weight=903 214 4049 3383 195 9324 1825 5033 1575 1755 4244 141 735 232 113 94 856 510 728 280 344 200 483 135 1216 285 1172 131 101 52 1756
leaf_count=903 214 4049 3383 195 9324 1825 5033 1575 1755 4244 141 735 232 113 94 856 510 728 280 344 200 483 135 1216 285 1172 131 101 52 1756
internal_value=6.29992e-05 -0.00127501 -0.000907883 0.00175514 -0.000453841 -0.00513732 0.00200973 0.0026148 0.00196919 0.00111224 0.00420943 0.00861872 -0.000379803 0.00389259 -0.0027332 0.0045107 0.00666179 0.00132719 0.00463756 0.00290516 0.00761649 0.00526316 0.000646157 0.00252637 0.00544637 -0.000521558 -0.0017076 0.00275157 0.000607477 -0.000305771
internal_weight=42064 23490 21451 18574 18068 2039 17577 12544 9509 6878 2631 876 4476 2402 997 2289 1366 923 3035 1919 1116 836 8744 2939 1501 1438 1303 636 535 5805
internal_count=42064 23490 21451 18574 18068 2039 17577 12544 9509 6878 2631 876 4476 2402 997 2289 1366 923 3035 1919 1116 836 8744 2939 1501 1438 1303 636 535 5805
is_linear=0
shrinkage=0.05


Tree=18
num_leaves=31
num_cat=0
split_feature=4 4 13 13 4 8 12 11 13 13 13 9 13 10 15 9 12 11 15 15 11 10 15 12 12 15 10 11 15 13
split_gain=34.1162 10.3774 9.48588 11.7996 8.83669 8.28042 6.35983 6.28399 6.23704 6.99952 10.3936 8.81335 8.81482 6.99284 5.74442 9.40717 7.36736 5.45105 5.32159 6.64934 5.44854 5.48711 5.16948 6.63581 11.7042 7.29344 9.004 9.83652 8.4189 8.0152
threshold=0.024694003537474061 0.015944390131258649 43.015001296997077 33.719999313354499 0.039961566523455831 0.1280150989676562 -0.075828254732232245 0.020793273633493151 12.555000305175783 16.085000038146976 16.550000190734867 -0.14277756706759517 16.675000190734867 0.003468828367197863 -0.001465284881923101 -0.099431738288777202 0.0086975765073127338 -0.043674056524097109 0.0093424456666318951 0.0082884561328477897 0.0079258183849449954 0.0063311843979831925 -0.012165735853255142 0.038546138655022773 0.037528562351318968 0.0030433154720247439 -0.0040208164286187889 0.00036207217257600016 0.012244016036323304 15.825000286102297
decision_type=2 2 2 2 2 8 2 2 2 2 2 10 2 2 2 10 2 2 2 2 2 2 2 2 2 2 2 2 2 2
left_child=1 -1 3 4 -2 7 -6 17 -9 13 -11 -12 -13 14 -10 -16 -17 -3 19 20 21 -7 -19 24 -24 26 29 -28 -27 -25
right_child=2 5 -4 -5 6 18 -8 8 9 10 11 12 -14 -15 15 16 -18 22 -20 -21 -22 -23 23 25 -26 28 27 -29 -30 -31
leaf_value=6.949131356802276e-05 -2.4924145053785952e-05 -0.0010217484316454718 -0.00070855612736500672 0.00021692273336003698 0.00030996689629697306 -1.5065795261253769e-05 -0.00017482396328349746 -0.00011729379659468605 0.00012170572263671661 -0.00019317737592129412 0.00021282834383768088 0.00022069429169836307 -4.5445222532696042e-05 0.00016850529169822574 -0.00023598188048731209 -0.00011908530498547844 0.00020853171502369786 0.00012116703538203956 0.00015225501872066116 -0.00028959941250813039 -0.00017511697774885782 0.00021791826163046653 6.7906840677858017e-06 1.983172604290255e-05 -0.00017590759478420756 0.00013852899859577236 -0.00032017048434227678 9.8861820909176144e-07 -2.0161586961300621e-05 0.00026110645853502683
leaf_weight=3336 15711 49 147 207 100 505 3060 140 239 216 283 81 480 816 119 96 144 705 131 101 361 41 11186 277 265 1122 148 1412 373 250
leaf_count=3336 15711 49 147 207 100 505 3060 140 239 216 283 81 480 816 119 96 144 705 131 101 361 41 11186 277 265 1122 148 1412 373 250
internal_value=8.96653e-05 0.00139447 -0.00146294 -0.00136545 -0.00149568 0.000954452 -0.00390823 0.00121053 0.00348125 0.00406225 0.000990566 0.00349526 -0.00013369 0.00636492 0.00225753 -0.00174095 0.00395833 0.000834547 -0.00318262 -0.00441468 -0.00305954 9.15751e-05 0.00088639 0.000690148 0.000102611 0.0025684 0.00065884 -0.00125 0.00523411 0.0063093
internal_weight=42101 22876 19225 19078 18871 19540 3160 18401 2614 2474 1060 844 561 1414 598 359 240 15787 1139 1008 907 546 15738 15033 11451 3582 2087 1560 1495 527
internal_count=42101 22876 19225 19078 18871 19540 3160 18401 2614 2474 1060 844 561 1414 598 359 240 15787 1139 1008 907 546 15738 15033 11451 3582 2087 1560 1495 527
is_linear=0
shrinkage=0.05


Tree=19
num_leaves=31
num_cat=0
split_feature=5 10 16 8 16 15 14 10 13 14 10 12 14 15 16 11 12 10 15 10 13 13 13 12 13 3 11 11 16 10
split_gain=32.5053 9.39901 7.88642 12.9301 10.5146 9.51502 10.3882 8.82077 11.712 16.7407 13.1526 12.0825 9.59134 15.0553 10.0121 11.0314 10.3462 10.3626 9.0577 9.04395 9.01902 8.99246 9.09221 9.15622 9.11176 8.38206 8.22377 13.6269 8.10541 14.0616
threshold=0.015541260311436232 -0.029463617054616639 -0.016651013185411342 0.2065254335094521 -0.020985079024226135 0.0093424456666318951 0.052213768787031663 0.0045002796512086949 13.605000019073488 0.013234785210327617 0.0031820502402425403 0.076145599776237818 -0.054107623009077337 -0.0028065944759136925 0.02232092583496326 0.00053834779161687784 0.019647548518162531 0.0052221339375052587 0.00183894835203291 0.0038763906562415689 13.659999847412111 12.434999942779543 20.980000495910648 0.059758756541204668 23.409999847412113 0.010537131107519306 0.022655282977909755 0.023488197271316905 0.02232092583496326 -0.010112214023305697
decision_type=2 2 2 8 2 2 2 2 2 2 2 2 2 2 2 2 2 2 2 2 2 2 2 2 2 2 2 2 2 2
left_child=2 -2 4 7 -1 6 -5 8 9 19 11 20 13 -9 15 18 17 -17 -14 -4 -10 -15 23 25 -24 -23 -18 -28 -22 -30
right_child=1 -3 3 5 -6 -7 -8 12 10 -11 -12 -13 14 21 -16 16 26 -19 -20 -21 28 22 24 -25 -26 -27 27 -29 29 -31
leaf_value=2.771630655678155e-05 -0.00068168196983738624 -3.8460391006266225e-05 7.860718028595789e-05 -0.00028031860005150197 0.00013159970429165192 0.00016887759613289078 7.1795178256600696e-05 -0.00029379509173496925 -0.00033983675370732544 -7.2034797148884657e-05 -0.00013780290391351632 -0.00041278824549469194 0.00010100864133673199 -0.00035862701409081817 -4.3365968687408921e-05 -9.0058242292374692e-05 0.00011334034687446776 0.00026819074961336359 -0.00015405874628205866 0.00023554376764725891 -2.4915777642558342e-06 0.00011193557469646897 -0.00028664196209592064 -0.00016041695934659102 0.00013635102272487954 -0.00012917280826798993 -0.00027165495650655904 7.9316938682678581e-05 -0.00029435857752940916 0.00012115461850386116
leaf_weight=2252 147 18150 2302 396 1419 64 120 262 92 764 1003 130 243 45 478 75 1623 594 226 149 7510 1811 132 134 47 145 99 426 76 1111
leaf_count=2252 147 18150 2302 396 1419 64 120 262 92 764 1003 130 243 45 478 75 1623 594 226 149 7510 1811 132 134 47 145 99 426 76 1111
internal_value=6.00833e-05 -0.00152347 0.00128119 0.00089121 0.00341188 -0.00646552 -0.00872093 0.00111028 0.000371089 0.00299378 -0.000478734 0.000131741 0.00264196 0.000291149 0.0042508 0.00523433 0.0064164 0.011846 -0.00186567 0.00500816 0.000355558 0.00157736 0.00201631 0.00294258 -0.00879888 0.00380879 0.00472533 -0.000714286 0.000520294 0.00435973
internal_weight=42025 18297 23728 20057 3671 580 516 19477 13137 3215 9922 8919 6340 2576 3764 3286 2817 669 469 2451 8789 2314 2269 2090 179 1956 2148 525 8697 1187
internal_count=42025 18297 23728 20057 3671 580 516 19477 13137 3215 9922 8919 6340 2576 3764 3286 2817 669 469 2451 8789 2314 2269 2090 179 1956 2148 525 8697 1187
is_linear=0
shrinkage=0.05


Tree=20
num_leaves=31
num_cat=0
split_feature=5 3 5 11 9 15 16 15 16 11 15 14 15 4 16 3 13 12 12 15 14 13 16 14 14 11 15 15 14 15
split_gain=28.1253 10.0499 9.24284 7.87174 7.45479 6.43264 6.32721 7.70518 5.92645 7.68695 6.97336 6.19285 5.99355 5.92898 5.78004 5.75754 5.65795 7.24431 5.87254 5.74557 6.22299 11.5641 5.632 5.59087 15.7206 12.7943 10.2404 9.977 9.86559 8.29543
threshold=0.016770753015580512 -0.010938555229869749 0.012473217610958669 0.016536757711404618 0.35552778583786254 0.0096033897267845409 0.035596856299736197 -0.0024448449808805446 0.026587056482518915 0.026483483019392965 -0.023335291911129871 0.020730184888119289 -0.027735298513383463 0.045301954044829694 0.045466406835333213 0.010933263018980901 17.32499980926514 -0.036853049265853803 0.060736863464118891 -0.012165735853255142 0.035115678917499234 16.095000267028812 -0.0024337325470176747 -0.035621573523768706 -0.027760594315615391 0.022655282977909755 -0.0048572546631678306 -0.0022786893069514087 -0.039477048520880569 -0.0030865502767211668
decision_type=2 2 2 2 8 2 2 2 2 2 2 2 2 2 2 2 2 2 2 2 2 2 2 2 2 2 2 2 2 2
left_child=2 3 16 5 6 -2 8 -8 9 10 12 13 -3 -10 -9 -4 17 -1 19 -19 -21 -22 -23 27 -25 26 -26 -12 -29 -28
right_child=1 4 15 -5 -6 -7 7 14 11 -11 23 -13 -14 -15 -16 -17 -18 18 -20 20 21 22 -24 24 25 -27 29 28 -30 -31
leaf_value=0.00022801378081532852 -0.00022996143522252077 -0.00012616180909753497 8.9698386990239371e-06 6.1741310666797548e-05 -0.00014294347201505744 -0.0009796590157998661 -0.00016139887826308814 0.00021979840408171665 -9.760330236739494e-06 5.9021023747671096e-05 -0.00018932552560012991 -0.00049840132180635922 0.00028261525782221909 -0.00049231660177622989 4.0456212242685409e-05 -8.6972143189240338e-05 6.599526897619257e-06 0.00019136169483754766 0.00016530995369418719 5.2048589843989522e-05 -7.2556643117599812e-05 0.00023275849527346293 -1.6402611067028527e-05 -0.00030805648463017808 5.9514346101073765e-05 -0.00032765252294057555 -0.00024397831780547091 2.7123112964518115e-05 0.0002936546739804864 -4.4264773564819861e-05
leaf_weight=123 1103 45 15471 196 1648 115 77 246 375 1206 574 141 91 91 200 760 3257 224 236 6303 963 188 130 543 1703 258 505 2079 111 3029
leaf_count=123 1103 45 15471 196 1648 115 77 246 375 1206 574 141 91 91 200 760 3257 224 236 6303 963 188 130 543 1703 258 505 2079 111 3029
internal_value=7.08485e-05 -0.00172642 0.00100253 -0.00572843 -0.0012885 -0.00722496 -0.000829342 0.00454111 -0.0010906 -0.000803431 -0.00130902 -0.00588962 0.00992647 -0.00311159 0.00706278 0.00023566 0.00209209 0.00279478 0.00261064 0.00237577 0.00214267 -0.00103435 0.0072327 -0.00148262 -0.00233521 -0.00153321 -0.000997709 0.000379884 0.00191781 -0.00253254
internal_weight=41991 14336 27655 1414 12922 1218 11274 523 10751 10144 8938 607 136 466 446 16231 11424 8167 8044 7808 7584 1281 318 8802 6038 5495 5237 2764 2190 3534
internal_count=41991 14336 27655 1414 12922 1218 11274 523 10751 10144 8938 607 136 466 446 16231 11424 8167 8044 7808 7584 1281 318 8802 6038 5495 5237 2764 2190 3534
is_linear=0
shrinkage=0.05


Tree=21
num_leaves=31
num_cat=0
split_feature=4 4 13 12 4 6 13 15 13 15 16 13 16 12 16 12 12 13 10 13 12 14 15 14 14 14 15 10 10 14
split_gain=28.9232 8.69024 8.57557 10.2433 6.63795 6.52141 6.04571 6.9894 5.62883 5.42487 5.29146 6.0398 4.65298 8.54893 7.50696 6.08645 5.82587 6.82585 6.07625 6.93186 7.9733 10.035 10.7781 6.29069 5.7263 5.2402 6.14577 4.93931 5.84183 5.5113
threshold=0.026147032247384978 0.017363476512240825 43.015001296997077 -0.075828254732232245 0.039961566523455831 0.37242427293863856 27.664999961853031 -0.0053390503914900181 27.664999961853031 -7.393249087833674e-05 0.035023631652948202 16.285000801086429 -0.01678767226450156 0.027728982804785422 -0.02046066517714001 0.022857146969946566 -0.038043890036369758 25.010000228881839 0.0044246157034957276 19.159999847412113 0.033921054671782865 -0.035401414565419224 -0.0028065944759136925 0.027028120883943799 -0.037983330078441173 -0.13532199000438486 0.010147256577635934 0.0039444096736985798 0.0041528827326416948 -0.036818887874406285
decision_type=2 2 2 2 2 2 2 2 2 2 2 2 2 2 2 2 2 2 2 2 2 2 2 2 2 2 2 2 2 2
left_child=1 9 3 6 10 12 7 -2 -7 -1 -5 -12 13 14 15 -3 -14 18 27 20 21 22 -20 -22 25 -24 -27 29 -29 -18
right_child=2 5 -4 4 -6 8 -8 -9 -10 -11 11 -13 16 -15 -16 -17 17 -19 19 -21 23 -23 24 -25 -26 26 -28 28 -30 -31
leaf_value=2.3704742293154266e-05 -0.00034120480343229423 1.9115989286816633e-06 -0.00075394124071779178 -3.3034628468813465e-05 -0.00014219667039073512 -1.635193008322714e-05 0.00037640742344297235 0.00015175495701407436 -0.00065405861153049845 6.9278541381622878e-05 0.00020701880819776338 -8.556290344344503e-06 -9.0020034866724913e-05 0.00017180128284906152 0.00013088352454417016 -0.00047483191988227441 9.1020303268774018e-05 0.00031013910766383306 -0.0002359101977995497 -6.3132333146087233e-05 -1.2145094202844001e-05 0.0001843190123324949 -5.2274817266214239e-05 0.00014453802124543295 -0.00023380599439211435 0.00013798966760704694 -3.4219187852045645e-05 -0.00039639368837822848 -1.3435587171154157e-06 4.192464240808207e-07
leaf_weight=2844 69 1025 128 12016 3117 5274 175 106 84 2953 176 322 559 469 484 64 696 55 175 483 1325 683 99 134 43 878 205 129 168 6977
leaf_count=2844 69 1025 128 12016 3117 5274 175 106 84 2953 176 322 559 469 484 64 696 55 175 483 1325 683 99 134 43 878 205 129 168 6977
internal_value=9.96063e-05 0.00113733 -0.00156279 -0.00145955 -0.00164897 0.00064346 0.007 0.000428571 -0.000849197 0.00284199 -0.00113473 0.00391566 0.00118934 0.00340353 0.001637 -0.000665748 0.000830756 0.00106224 0.000981659 0.00256522 0.00333145 0.00531685 0.00289286 0.000496916 0.00455102 0.00520305 0.0062096 0.000181932 -0.00614478 0.000426821
internal_weight=41915 25806 16109 15981 15631 20009 350 175 5358 5797 12514 498 14651 2042 1573 1089 12609 12050 11995 4025 3542 2083 1400 1459 1225 1182 1083 7970 297 7673
internal_count=41915 25806 16109 15981 15631 20009 350 175 5358 5797 12514 498 14651 2042 1573 1089 12609 12050 11995 4025 3542 2083 1400 1459 1225 1182 1083 7970 297 7673
is_linear=0
shrinkage=0.05


Tree=22
num_leaves=31
num_cat=0
split_feature=4 1 4 8 15 15 16 11 14 13 14 15 14 16 10 12 14 14 10 12 12 16 11 15 12 13 11 13 11 12
split_gain=23.6095 8.12592 7.63531 6.13347 9 6.60975 6.05948 5.6979 10.7671 7.94931 7.65532 7.3475 7.6068 7.15021 7.01201 9.96776 6.454 6.42931 8.69393 11.8116 7.92033 6.23693 10.439 7.77325 7.16251 6.60179 6.54322 6.14925 6.02371 5.89385
threshold=0.026062956991809914 -0.096214521318989651 0.015629690682688373 -0.16372205568254453 0.0093424456666318951 -0.0068441686975823637 -0.018619485662448084 0.016536757711404618 -0.025685626403374347 16.32499980926514 -0.091137781806863202 -0.0083349149191794241 -0.031629138048926246 0.037643750793388782 -0.017312021268647334 -0.030911518629535614 -0.034475777702634207 0.0066946732173895915 -0.0067260257632843481 -0.0033751709448106566 0.017951110302837473 -0.039230171200677504 -0.012951386775020666 -0.0009221055136943156 -0.018483579206587993 28.970000267028812 -0.024572906939621272 16.355000495910648 0.023061662230793093 -0.057938720016513449
decision_type=2 2 2 10 2 2 2 2 2 2 2 2 2 2 2 2 2 2 2 2 2 2 2 2 2 2 2 2 2 2
left_child=2 -2 -1 4 5 -4 -7 11 9 10 -9 12 -3 -10 15 -13 28 -14 -19 -20 -21 -16 23 -23 -25 29 -26 -11 -12 -24
right_child=1 7 3 -5 -6 6 -8 8 13 27 16 14 17 -15 21 -17 -18 18 19 20 -22 22 25 24 26 -27 -28 -29 -30 -31
leaf_value=6.5621114411716552e-05 -0.0002454231929898153 -0.00025427812439320654 5.431053620153421e-05 1.9004934922358958e-05 0.0001995326995204282 5.1773000613328501e-05 -0.00023173752090079213 0.00040646769131456596 -5.8721723741490169e-05 -0.00046630034763380532 -0.00018006272419560299 -0.0010255075958375129 0.0001952243094684397 0.00026159414249982268 -0.00025326490037155043 7.1115135527993504e-05 0.00027998146339800232 7.4217569796013064e-05 -0.00082717027592994383 0.00035339644334319209 -0.0001914254402151869 0.00012379085933203289 0.00017248359167546957 8.2897087930210601e-05 -0.00049445536426673579 -0.00091364320546986335 -3.1350999941891702e-05 3.4611868112613409e-05 0.00015090631100479117 -7.7007456223543959e-05
leaf_weight=2811 825 256 244 22077 90 121 433 130 2046 42 109 154 288 99 154 76 94 1152 103 84 189 685 169 525 165 53 452 963 295 7215
leaf_count=2811 825 256 244 22077 90 121 433 130 2046 42 109 154 288 99 154 76 94 1152 103 84 189 685 169 525 165 53 452 963 295 7215
internal_value=0.000111048 -0.00137689 0.00105331 0.000752232 -0.00332207 -0.00501253 -0.00803249 -0.0011195 0.000569084 0.00362829 0.0080414 -0.00166382 0.00103764 -0.00175991 -0.00224399 -0.0108696 0.00522088 0.00217511 0.000883508 -0.00571809 -0.000274725 -0.00203334 -0.00186744 0.00151888 -0.00100701 -0.00269934 -0.00465964 0.000870647 0.00247525 -0.00257313
internal_weight=42099 16323 25776 22965 888 798 554 15498 3778 1633 628 11720 2072 2145 9648 230 498 1816 1528 376 273 9418 9264 1827 1142 7437 617 1005 404 7384
internal_count=42099 16323 25776 22965 888 798 554 15498 3778 1633 628 11720 2072 2145 9648 230 498 1816 1528 376 273 9418 9264 1827 1142 7437 617 1005 404 7384
is_linear=0
shrinkage=0.05


Tree=23
num_leaves=31
num_cat=0
split_feature=5 6 5 13 13 13 16 16 10 13 10 11 16 13 11 16 14 10 12 15 13 13 14 10 13 13 13 16 16 12
split_gain=23.3249 10.2931 8.86513 8.17699 11.6839 13.4394 16.8654 10.5017 11.1742 15.4297 14.58 10.8422 9.18679 9.14632 8.73872 9.95548 7.76314 7.70925 8.45086 9.5479 11.7761 10.16 8.0395 9.01592 8.76042 7.85801 7.80006 8.21316 10.0184 9.54933
threshold=0.014215568381727368 2.3512580378888779 0.036348666647424414 17.164999961853031 16.550000190734867 16.285000801086429 0.037643750793388782 -0.015229601518026546 -0.0056282491919848457 23.694999694824222 -0.0084264989475150136 -0.020756034341227022 -0.014249383055903618 16.644999504089359 0.022371671990612522 0.024675088745806709 -0.0026760061162229838 -0.023232584216571036 0.042111122308508782 -0.001465284881923101 24.779999732971195 27.365000724792484 0.049298283120689408 -0.00071796458931633323 18.82499980926514 25.505000114440922 24.385000228881839 -0.0016199184022475663 -0.004951981032723706 0.027728982804785422
decision_type=2 2 2 2 2 2 2 2 2 2 2 2 2 2 2 2 2 2 2 2 2 2 2 2 2 2 2 2 2 2
left_child=-1 2 3 4 5 6 14 8 10 -10 -5 -11 -9 -6 -2 16 -16 -14 19 21 26 25 23 -20 -24 -19 27 28 -21 -29
right_child=1 -3 -4 7 13 -7 -8 12 9 11 -12 -13 17 -15 15 -17 -18 18 22 20 -22 -23 24 -25 -26 -27 -28 29 -30 -31
leaf_value=2.6788574071208005e-05 -2.2430575407650107e-05 -0.00021020734046588147 -0.00047048729245355878 3.3822108349964176e-05 0.00025453335682156241 -0.00016416664161777008 0.00029107762093661158 -0.00032649058812314581 3.7240828461307561e-05 -7.9144877696245462e-05 0.00029200117222767858 -0.00042942505804079438 -0.0014381072354861402 5.8027931404850421e-05 0.00019562797560183673 -6.1322875605225851e-05 -1.1879254188047837e-05 3.9200429639541565e-05 -0.00041481414213379622 -9.0625694317649335e-05 0.00012012740407534389 -0.00034230129300587508 0.00022232610843635875 -0.00011696400886189399 -0.00013120334857355575 0.00034952567416428581 -0.00043041597238016967 -8.5205776155619994e-05 -0.0006320946034098344 0.00010596512612931231
leaf_weight=18530 6694 1048 315 839 336 900 209 275 1338 290 261 256 64 1406 713 287 369 2133 322 512 444 172 192 938 192 60 124 2063 258 398
leaf_count=18530 6694 1048 315 839 336 900 209 275 1338 290 261 256 64 1406 713 287 369 2133 322 512 444 172 192 938 192 60 124 2063 258 398
internal_value=2.38447e-05 -0.00102529 -0.000798301 -0.000679292 0.000293201 -0.000419756 0.000211557 -0.00163283 0.000904826 -0.00143312 0.00490909 -0.00851648 -0.00256229 0.00404707 -0.000151929 0.00348795 0.00568392 -0.00224848 -0.00210681 -0.0012573 -0.00280995 0.00123679 -0.00529197 -0.00722222 0.00104167 0.00215458 -0.00382265 -0.00335036 -0.00785714 -0.00194027
internal_weight=41938 23408 22360 22045 10914 9172 8272 11131 2984 1884 1100 546 8147 1742 8063 1369 1082 7872 7808 6164 3799 2365 1644 1260 384 2193 3355 3231 770 2461
internal_count=41938 23408 22360 22045 10914 9172 8272 11131 2984 1884 1100 546 8147 1742 8063 1369 1082 7872 7808 6164 3799 2365 1644 1260 384 2193 3355 3231 770 2461
is_linear=0
shrinkage=0.05


Tree=24
num_leaves=31
num_cat=0
split_feature=5 5 11 10 3 15 10 15 15 16 6 15 16 16 13 14 14 16 10 11 14 15 15 16 13 16 11 16 14 11
split_gain=19.6341 8.44599 6.55447 6.26962 5.912 10.1954 5.53977 9.07044 7.44775 6.69975 6.66924 5.51183 5.16981 5.80857 6.27584 5.91928 5.26414 6.05417 5.95274 6.16435 5.39011 5.15878 7.48851 8.62585 8.46876 8.86192 8.29241 7.77625 7.34922 7.12374
threshold=0.018542999154209702 0.012675130733821344 0.025734816417073651 -0.029463617054616639 -0.0044681320894037748 0.016565698961578893 0.0028223734540476779 0.00021014760718940376 -0.0078558872994958766 0.023644137421943715 -0.63565705069250333 0.0069118255587473651 -0.01807387999690396 0.035596856299736197 16.285000801086429 -0.036136320679139293 -0.041031725575055404 0.024675088745806709 0.0053677371878491096 0.015980526956462796 -0.098691693357393515 -0.0085631448750801958 0.0027056046776593461 0.022761986354727596 13.554999828338625 0.015557550292844448 0.00066759209085187632 -0.026943830130190301 0.093015395411206861 0.0089565578309193112
decision_type=2 2 2 2 2 2 2 2 2 2 2 2 2 2 2 2 2 2 2 2 2 2 2 2 2 2 2 2 2 2
left_child=1 -1 3 -3 5 -2 8 -8 -4 11 -9 -10 -6 15 -15 16 18 -18 19 -14 -20 -5 23 28 25 -24 -25 -26 -23 -29
right_child=4 2 6 21 12 -7 7 10 9 -11 -12 -13 13 14 -16 -17 17 -19 20 -21 -22 22 24 26 27 -27 -28 29 -30 -31
leaf_value=3.34935240317752e-05 -0.00012353500890321489 -0.00087132952153215503 -5.4456967571631362e-06 4.5474985889863927e-05 6.6868415512599382e-05 -0.0013080451894807261 -0.00018101197843353067 0.00014142399892741724 0.00028086695515814366 -1.0647253461916474e-05 9.7883706187004921e-06 -9.0787253220938829e-05 -0.00035849682462011994 0.00032246255633305398 -1.9907712729781007e-06 -9.0697787587680975e-05 0.00032354915042406618 -0.00018291781301059325 -0.0001318568440802903 0.00021169602071291423 5.5153814879752846e-05 -4.9154423338820465e-05 0.00018516561767958632 0.00033535071184801011 0.00028324690490273924 -8.9172867373054229e-06 2.2424079241470821e-05 -3.311152875722077e-05 4.9882181875511363e-05 4.4708227355433816e-05
leaf_weight=12284 2600 82 262 2176 1113 100 321 294 295 107 708 48 287 110 217 3718 147 54 474 49 982 7873 558 141 121 393 431 3642 748 1730
leaf_count=12284 2600 82 262 2176 1113 100 321 294 295 107 708 48 287 110 217 3718 147 54 474 49 982 7873 558 141 121 393 431 3642 748 1730
internal_value=0.000113515 0.000710871 7.52634e-05 -0.000230511 -0.00183991 -0.00383333 0.00276413 0.00085034 0.00632022 0.0102222 0.00319361 0.0136297 -0.00108726 -0.00166446 0.00481651 -0.00203555 0.000163071 0.00783582 -0.000697545 -0.00669643 0.000686813 -0.000167013 -0.000484428 -0.00140052 0.000822471 0.00517876 0.00454545 6.82687e-05 -0.00179504 -0.000214073
internal_weight=42065 32214 19930 17895 9851 2700 2035 1323 712 450 1002 343 7151 6038 327 5711 1993 201 1792 336 1456 17813 15637 9193 6444 951 572 5493 8621 5372
internal_count=42065 32214 19930 17895 9851 2700 2035 1323 712 450 1002 343 7151 6038 327 5711 1993 201 1792 336 1456 17813 15637 9193 6444 951 572 5493 8621 5372
is_linear=0
shrinkage=0.05


Tree=25
num_leaves=31
num_cat=0
split_feature=5 6 13 3 6 3 16 3 14 13 12 10 10 12 15 14 15 14 13 3 15 14 15 10 14 12 14 14 9 12
split_gain=18.0067 10.5566 9.19025 6.13939 5.26673 5.19571 5.24895 5.08695 6.64615 5.38904 5.49886 6.20653 7.47859 6.94288 6.93349 7.28664 11.5885 7.61186 7.55977 6.11969 5.93586 5.73563 5.66727 5.57702 5.56785 5.37278 5.11783 5.10843 5.61106 5.04527
threshold=0.014215568381727368 0.31285882910270524 27.855000495910648 -0.010580943447397849 1.4337060297251438 -0.0046448854629494987 -0.0053493090438847526 0.0088468161170411914 -0.051474636784154308 25.19999980926514 0.038546138655022773 0.0058263400923302964 0.00063381300570131149 -0.01880570925502428 0.015689988774666212 -0.048867405145294966 -0.0011443395469936111 -0.06426442822534599 17.615000724792484 -0.00083942709101569857 0.0062422299588372763 -0.031629138048926246 -0.011835228459077694 1.0000000180025095e-35 0.049298283120689408 0.025521140781716415 -0.0099321131423574776 -0.0056306847578752031 0.12313480149631319 -0.0067439083526363843
decision_type=2 2 2 2 2 2 2 2 2 2 2 2 2 2 2 2 2 2 2 2 2 2 2 2 2 2 2 2 10 2
left_child=5 3 -3 -2 -4 6 -1 9 -9 10 11 12 19 -14 15 16 17 18 -13 21 27 -7 -23 -21 -15 29 -22 28 -17 -18
right_child=1 2 4 -5 -6 7 -8 8 -10 -11 -12 14 13 24 -16 20 25 -19 -20 23 26 22 -24 -25 -26 -27 -28 -29 -30 -31
leaf_value=4.5239766167540786e-05 -0.00014009991720405107 -5.6459035084457891e-05 -0.00025915028063103342 2.070155254454715e-06 -0.0010051054242902417 0.00011701678719893073 -4.7475800274533526e-05 -0.00015285498942429226 1.6365940013143107e-05 0.00023848617744503002 6.4300317016889984e-05 0.00018316484141630594 -0.00019609115860335486 -2.0458510359507652e-05 -0.00015452489109527023 0.0001502770619262838 0.00010696742620094408 -0.00029792156744650844 -0.00027109455377342094 4.6572557501717385e-05 0.00010341127127518743 0.00015448556995459729 -3.896968642236199e-05 0.00014925258052792009 0.00018443975531084807 0.00015934007269714865 -0.00014033218879076908 0.00019881233820098177 -9.3069894441346563e-05 -2.2841421246460183e-05
leaf_weight=1236 1068 6044 197 15967 145 162 1651 266 655 163 3622 55 308 2518 118 418 431 125 52 3319 303 162 1587 303 102 217 81 176 49 512
leaf_count=1236 1068 6044 197 15967 145 162 1651 266 655 163 3622 55 308 2518 118 418 431 125 52 3319 303 162 1587 303 102 217 81 176 49 512
internal_value=0.000103542 -0.00081871 -0.00255246 -0.00016877 -0.0105263 0.0012654 -0.000684101 0.00162379 -0.00198154 0.00184841 0.00174761 0.00119113 0.000540716 -0.00150273 0.00336027 0.00393758 0.00158046 -0.00862069 0.00116822 0.00162209 0.00713242 -0.00066719 -0.00150086 0.00282993 -0.000667939 0.00362069 0.00221354 0.01007 0.00733405 0.00198834
internal_weight=42012 23421 6386 17035 342 18591 2887 15704 921 14783 14620 10998 8461 2928 2537 2419 1392 232 107 5533 1027 1911 1749 3622 2620 1160 384 643 467 943
internal_count=42012 23421 6386 17035 342 18591 2887 15704 921 14783 14620 10998 8461 2928 2537 2419 1392 232 107 5533 1027 1911 1749 3622 2620 1160 384 643 467 943
is_linear=0
shrinkage=0.05


Tree=26
num_leaves=31
num_cat=0
split_feature=5 6 13 5 13 11 8 3 14 11 11 10 10 10 10 10 13 16 14 11 14 11 3 16 1 10 14 10 14 11
split_gain=19.0869 10.9051 8.09078 6.69075 6.94616 6.40376 6.15843 6.00224 4.75442 4.75417 4.74294 9.4988 5.48133 6.77435 6.03662 5.8983 18.6266 9.29302 8.86656 6.03713 6.03462 5.94713 5.52469 5.3646 4.78978 4.69495 7.8307 7.14076 5.88594 5.76359
threshold=0.012720930422106829 0.31285882910270524 27.855000495910648 0.019554500934420887 31.844999313354496 0.026483483019392965 0.1280150989676562 0.0055198807724441421 -0.16769008837329388 0.031328767211223359 -0.022310337551763478 0.00048358737476139618 0.016487850425620846 0.0044246157034957276 0.018049187231064859 0.0025358686375718258 15.375000000000002 -0.0031211623964382258 0.049298283120689408 0.017946069561085468 -0.035401414565419224 0.00301412428072434 -0.00045935570686317368 -0.028016976163731552 -0.06390704780809868 0.010423717671389056 -0.041031725575055404 0.0090874919991018616 -0.10344834121785244 0.0028224343190543792
decision_type=2 2 2 2 2 2 8 2 2 2 2 2 2 2 2 2 2 2 2 2 2 2 2 2 2 2 2 2 2 2
left_child=6 3 7 5 -5 8 -1 -3 -2 -7 11 24 13 15 -14 20 17 -17 -18 21 -12 -19 -22 -24 -10 27 28 -15 29 -27
right_child=1 2 -4 4 -6 9 -8 -9 10 -11 12 -13 14 25 -16 16 18 19 -20 -21 22 -23 23 -25 -26 26 -28 -29 -30 -31
leaf_value=4.1260812817594198e-05 0.00024423781392212801 -2.9147717262634297e-05 -0.00048520611503589662 -5.8420926520689773e-05 0.00024364120071172299 0.00013757494990738217 -5.9200440071272015e-05 -0.00011945798017202878 -9.1802083612080136e-05 2.3711659756255664e-05 8.8829927177905198e-05 -7.6821402104361542e-05 -0.00051378686567494396 2.8631695186934119e-05 -2.329511108752568e-05 0.00026854431603169735 -0.00023756714549078202 -0.00010433626908057164 0.00013722192191287596 -0.00025888789252529788 -4.5836745852465611e-05 0.00011605868176257171 0.0002157184181696977 7.046438422252718e-06 0.00014044639798175014 5.1726471610100574e-06 -0.00014199795363595416 0.00019923418761736631 0.00010897697611877813 -0.00030756878624973441
leaf_weight=11990 82 5930 366 5605 172 463 492 1898 101 1065 618 267 75 2311 102 112 649 71 54 85 3682 221 140 3165 815 106 230 529 514 92
leaf_count=11990 82 5930 366 5605 172 463 492 1898 101 1065 618 267 75 2311 102 112 649 71 54 85 3682 221 140 3165 815 106 230 529 514 92
internal_value=8.33294e-05 -0.000609756 -0.00216012 -1.40673e-05 -0.00146702 0.000525757 0.00172248 -0.00182039 0.000190785 0.00359948 0.000120166 0.00314877 -0.000160709 -3.77613e-05 -0.00889831 -0.000798568 -0.00406879 0.00342536 -0.00928165 -0.000331565 -0.000285996 0.00308219 -0.00070488 0.000779123 0.00556769 0.00173189 -0.00132696 0.00274648 0.00126404 -0.00606061
internal_weight=42002 29520 8194 21326 5777 15549 12482 7828 14021 1528 13939 1183 12756 12579 177 8797 1192 489 703 377 7605 292 6987 3305 916 3782 942 2840 712 198
internal_count=42002 29520 8194 21326 5777 15549 12482 7828 14021 1528 13939 1183 12756 12579 177 8797 1192 489 703 377 7605 292 6987 3305 916 3782 942 2840 712 198
is_linear=0
shrinkage=0.05


Tree=27
num_leaves=31
num_cat=0
split_feature=5 6 5 13 14 10 11 11 14 13 15 11 11 12 11 13 10 3 12 13 13 13 9 10 14 10 12 10 13 11
split_gain=16.3185 8.13184 6.74369 5.5844 10.6226 12.1139 9.42547 15.6439 8.9846 11.4387 10.3144 7.03131 10.9079 7.56622 11.3439 7.09599 11.7804 6.98502 7.05273 6.98071 15.7675 7.9112 7.46712 7.96949 8.50705 6.80485 6.57654 6.36525 7.41859 8.32132
threshold=0.014215568381727368 2.6594860464935004 0.036348666647424414 13.744999885559084 0.015727597801877272 0.0038763906562415689 0.010391716466534475 0.001067718638755544 0.052213768787031663 13.085000038146974 -0.0085631448750801958 0.021459813769517781 0.0023966928807116488 0.03864981957839065 -0.0018136375803269875 20.375000000000004 0.013014637430332267 0.0051986509091130903 0.023603390957717577 18.719999313354496 19.23499965667725 15.875000000000002 0.30513427698097201 0.0065693158084053635 -0.003811601511204465 -0.0041029098949924561 0.032816284988903439 -0.0051935654073162465 15.375000000000002 -0.0025925493959926822
decision_type=2 2 2 2 2 2 2 2 2 2 2 2 2 2 2 2 2 2 2 2 2 2 8 2 2 2 2 2 2 2
left_child=3 2 -2 4 6 8 7 -1 10 -10 -6 12 13 19 25 -14 -17 18 -8 21 -21 22 27 24 -24 -15 -11 -5 29 -29
right_child=1 -3 -4 11 5 -7 17 -9 9 26 -12 -13 15 14 -16 16 -18 -19 -20 20 -22 -23 23 -25 -26 -27 -28 28 -30 -31
leaf_value=-5.3042485284746525e-06 -1.4002480855029257e-05 -0.00021926413689665687 -0.00042842428889325887 4.8325678425504382e-05 0.00015610541902748355 0.00012127307544090761 0.00016256447805791912 0.00015825444613799182 -0.00020458580176238033 8.0670644554826323e-06 -0.00026879280462518902 6.6189607193723347e-05 -3.0072935807956797e-05 0.00014114483094851456 0.00023908331587975883 0.00017790508627714026 -0.00029914927185207944 -0.00012451191299831668 2.2922726141045691e-05 -0.00019704834309530801 2.5113284981940263e-05 7.5265943990586022e-05 0.00024312651884503519 -0.00020118573350534109 4.1053134415186414e-05 -0.00012313500725469304 0.00038419883425038956 6.0205848342993405e-05 -0.0003678961176898591 -0.00015380595307080589
leaf_weight=496 22199 819 319 462 61 200 284 1028 70 86 426 1448 5396 201 230 324 58 286 1317 445 1819 2263 171 68 382 208 66 303 147 359
leaf_count=496 22199 819 319 462 61 200 284 1028 70 86 426 1448 5396 201 230 324 58 286 1317 445 1819 2263 171 68 382 208 66 303 147 359
internal_value=5.36468e-06 -0.00087522 -0.00069722 0.00110998 0.00268519 -0.00211771 0.00396511 0.00688976 -0.00518336 0.00315315 -0.00898357 0.000633576 0.000260985 0.00157977 0.00676839 -0.00134995 0.0052356 0.00160307 0.00288882 0.00106325 -0.00117049 0.00228039 -0.000105708 0.00438808 0.00637432 0.00177262 0.0108553 -0.00230134 -0.00497528 -0.00271903
internal_weight=41941 23337 22518 18604 4320 909 3411 1524 709 222 487 14284 12836 7058 639 5778 382 1887 1601 6419 2264 4155 1892 621 553 409 152 1271 809 662
internal_count=41941 23337 22518 18604 4320 909 3411 1524 709 222 487 14284 12836 7058 639 5778 382 1887 1601 6419 2264 4155 1892 621 553 409 152 1271 809 662
is_linear=0
shrinkage=0.05


Tree=28
num_leaves=31
num_cat=0
split_feature=5 16 16 12 16 10 12 12 15 11 3 13 3 10 13 10 10 13 12 15 13 11 11 13 15 15 11 15 15 15
split_gain=15.2628 7.49944 13.0567 9.93178 9.82171 9.79281 9.62126 9.02711 8.54253 7.48856 7.13307 10.0401 8.95817 7.76003 7.3554 10.6053 8.70833 8.69365 8.3428 7.43166 8.37517 7.6453 14.4894 10.073 9.62917 8.61448 10.1676 7.33634 7.31675 7.25661
threshold=0.01846976006596842 -0.016651013185411342 -0.020985079024226135 0.029255274233742638 -0.014249383055903618 -0.023232584216571036 0.022857146969946566 0.00075809453830288931 -0.0036596048861975978 0.001067718638755544 -0.0046448854629494987 24.855000495910648 0.0073257920831077969 0.010289395182288665 16.644999504089359 0.0088263843423883621 0.010706297735196714 16.510000228881839 0.060736863464118891 -0.00052762247802679008 12.119999885559084 0.0019507680783907857 0.010813393583964605 13.59500026702881 0.014896255541842819 0.0016761412430685854 0.0015109645581827815 0.014576378738065167 0.0073269187290092583 -0.00054581478466825251
decision_type=2 2 2 2 2 2 2 2 2 2 2 2 2 2 2 2 2 2 2 2 2 2 2 2 2 2 2 2 2 2
left_child=1 2 3 6 7 -6 -1 8 -3 -9 -7 12 14 -14 15 17 27 18 19 20 -12 25 23 -23 -24 26 -21 -17 -15 -22
right_child=-2 4 -4 -5 5 10 -8 9 -10 -11 11 -13 13 28 -16 16 -18 -19 -20 21 29 22 24 -25 -26 -27 -28 -29 -30 -31
leaf_value=-9.5380819305646708e-07 -4.9432178929002728e-05 -0.00020721175297246715 0.0001156948043855674 0.00012560169694425904 -0.0010914615643553009 -2.3887775315755821e-05 -0.00052451174199687515 -0.00030355730168460691 0.00015527714384409779 -7.8985365052931802e-05 -0.0002967974936217675 0.00020516582843342808 -1.5532827089922812e-05 -4.2512368402776359e-05 -1.1562272788499589e-06 0.00017692198109139752 3.5999044082277229e-05 0.00017006585991994691 0.00014348305104461658 0.00015513992089195912 -5.4242959273358588e-06 0.00016112668727882905 2.8936704548719193e-05 8.393857440888143e-05 -0.00015751734953166878 -7.2995078714566035e-05 -0.00023589887448500474 -0.00012165038863804563 -0.00023974469819452017 -0.00033762307053888962
leaf_weight=2601 10072 69 1772 576 62 4305 117 310 172 388 92 305 1815 266 7136 693 842 376 402 372 4036 516 2202 1010 152 965 46 63 257 61
leaf_count=2601 10072 69 1772 576 62 4305 117 310 172 388 92 305 1815 266 7136 693 842 376 402 372 4036 516 2202 1010 152 965 46 63 257 61
internal_value=0.000108796 0.000643391 0.00240821 0.000546448 0.000311188 0.0004928 -0.000717439 -0.00471246 0.00363071 -0.00759312 0.00054029 0.000910585 0.000781617 -0.00213858 0.00114164 0.00190649 0.00569462 0.00131476 0.00103004 0.000730004 -0.00084149 0.00198081 0.00311856 0.0069135 0.000658454 -0.00121114 0.00478469 0.00958995 -0.00750478 -0.000506468
internal_weight=42051 31979 5066 3294 26913 25974 2718 939 241 698 25912 21607 21302 2338 18964 11828 1598 10230 9854 9452 4189 5263 3880 1526 2354 1383 418 756 523 4097
internal_count=42051 31979 5066 3294 26913 25974 2718 939 241 698 25912 21607 21302 2338 18964 11828 1598 10230 9854 9452 4189 5263 3880 1526 2354 1383 418 756 523 4097
is_linear=0
shrinkage=0.05


Tree=29
num_leaves=31
num_cat=0
split_feature=13 15 15 11 11 15 11 15 13 14 13 14 13 15 15 14 15 15 3 15 1 15 13 11 16 15 16 11 13 13
split_gain=15.747 9.05112 14.3042 11.9043 11.5028 10.3265 11.7594 9.84221 12.8428 9.83538 9.663 8.88011 9.90077 12.0449 9.85239 12.432 12.08 15.7342 11.9628 11.8241 9.77909 9.71322 13.6285 13.3585 8.58996 10.1032 13.7628 11.0834 10.4867 10.3144
threshold=17.394999504089359 0.00014437628943619887 -0.0085631448750801958 -0.0035220292380610525 0.00301412428072434 -0.010311830367491169 0.0033857375272920991 -0.00063375659914460803 15.105000019073488 0.11108526702174228 14.404999732971193 -0.0091057157714133346 43.015001296997077 -0.023335291911129871 0.0038949559993776144 -0.02817624153510306 0.0089259359213769169 0.0099727778482578983 -0.0076250447722204231 0.0061414988933201639 0.032275538992609383 0.00058706524160023765 24.19999980926514 0.023488197271316905 -0.028659295671555726 -0.0039704733643111658 0.017020398390840467 0.029305077851743303 12.434999942779543 17.195000648498539
decision_type=2 2 2 2 2 2 2 2 2 2 2 2 2 2 2 2 2 2 2 2 2 2 2 2 2 2 2 2 2 2
left_child=1 2 5 10 -5 6 -1 24 -9 -3 -4 14 13 -13 21 16 19 -18 -19 -16 -15 22 -2 -23 -6 26 27 -26 -27 -30
right_child=11 9 3 4 7 -7 -8 8 -10 -11 -12 12 -14 20 15 -17 17 18 -20 -21 -22 23 -24 -25 25 28 -28 -29 29 -31
leaf_value=8.8583127056781873e-05 -3.6326540887071573e-05 3.8749633173465344e-05 -4.6671210547476976e-05 -0.00014057513259061938 0.00049057575303784187 0.00016129688932603115 -0.00011183403680885374 -0.00028567258293237739 1.9010315345227808e-05 -0.0001994973271227155 0.00010288544315299503 0.00018823848775506276 -0.00059468029100153059 1.667385308957714e-05 2.1114109020790864e-05 -0.0001728067761252389 -0.00050268021464305 -0.00061429332459530649 1.0391950286730515e-05 0.00023292884535209966 -9.6056996265578461e-05 -0.00021111985838793667 -0.00028368520541959533 0.00034604245946832202 -4.6309035767193047e-05 -0.00011626363826601366 -0.00032942581657119125 0.00050008980647196929 5.7645227451019093e-05 -0.00048509235355814387
leaf_weight=984 2657 13334 698 1809 55 707 654 251 248 147 1262 258 156 7329 920 618 106 129 1298 516 1467 907 354 47 1649 298 343 50 2661 50
leaf_count=984 2657 13334 698 1809 55 707 654 251 248 147 1262 258 156 7329 920 618 106 129 1298 516 1467 907 354 47 1649 298 343 50 2661 50
internal_value=0.000134646 0.000924603 -9.17314e-05 -0.000965436 -0.00188158 0.00340085 0.001221 -0.000762712 -0.00746493 0.0018081 0.0025 -0.00105298 -1.08578e-05 0.00020433 -0.00232389 -0.000425146 0.000917817 -0.00216895 -0.000788367 0.00421309 -0.000108004 -0.00404161 -0.00264862 -0.00843816 -0.000107716 -0.000321718 -0.00303624 -0.00119188 0.00152044 0.00249908
internal_weight=41962 25200 11719 9374 7414 2345 1638 5605 499 13481 1960 16762 9210 9054 7552 3587 2969 1533 1427 1436 8796 3965 3011 954 5106 5051 2042 1699 3009 2711
internal_count=41962 25200 11719 9374 7414 2345 1638 5605 499 13481 1960 16762 9210 9054 7552 3587 2969 1533 1427 1436 8796 3965 3011 954 5106 5051 2042 1699 3009 2711
is_linear=0
shrinkage=0.05


Tree=30
num_leaves=31
num_cat=0
split_feature=4 5 16 13 16 11 12 8 5 3 16 16 12 12 15 15 12 13 11 15 12 16 16 12 15 15 16 16 16 15
split_gain=13.2957 8.25804 7.27076 8.30478 7.67077 8.39164 7.3726 6.48471 6.46314 6.81255 6.78474 7.72239 7.46175 8.25936 7.21186 6.21623 5.97035 6.44577 5.96231 5.793 5.60469 6.76093 7.28352 6.12686 5.47398 6.96216 5.57645 5.2451 10.5466 5.53238
threshold=0.024694003537474061 0.036348666647424414 0.035023631652948202 16.285000801086429 0.026587056482518915 0.026483483019392965 -0.042339714563459634 0.1280150989676562 0.015845307576301756 -0.0071083993106822443 -0.01678767226450156 -0.014249383055903618 0.048152428754814187 0.04572357186415122 0.0061414988933201639 -0.014009057219614316 -0.038043890036369758 23.409999847412113 0.048369816433799014 0.014262630005765777 0.051085091732355654 -0.02046066517714001 -0.018888303424631211 -0.052281388412141021 0.0069118255587473651 0.0010131845497712846 0.010769062900641059 0.017979046424714044 0.011476360326704961 0.00040864197037682187
decision_type=2 2 2 2 2 2 2 8 2 2 2 2 2 2 2 2 2 2 2 2 2 2 2 2 2 2 2 2 2 2
left_child=7 2 4 -4 5 8 -7 -1 -2 19 14 -12 13 16 15 -11 27 -18 24 -10 21 23 -23 -17 25 26 -8 28 29 -13
right_child=1 -3 3 -5 -6 6 18 -9 9 10 11 12 -14 -15 -16 20 17 -19 -20 -21 -22 22 -24 -25 -26 -27 -28 -29 -30 -31
leaf_value=2.2969384324124462e-05 1.6326433638974829e-05 -0.00047132436083912569 0.00020110928600640737 7.364587097925596e-06 -0.00016900803447818296 0.00035610759396075887 6.7699650033560673e-05 -4.7793996168189748e-05 -0.00012793923792047478 0.00011870550124340285 -0.00023170789261061148 -0.00043489230754187384 -0.00012733960237579873 0.00032544524065563919 0.00022956347935108054 9.1817165245675113e-05 -2.0191116146285864e-05 0.00017802655919437984 -0.00023490796761609369 -0.0011779279868932135 0.0003110146568436774 0.00034846031573627082 -7.1953312671072665e-07 -0.00018216363070071179 -3.5219014566026732e-05 0.00022588238350283773 -0.00022639533968154841 -0.00041138664309907987 0.00019451886058467814 -6.3238016351682656e-05
leaf_weight=21629 3088 318 260 516 682 95 464 1195 2272 306 374 208 1195 119 288 167 5323 228 153 75 154 93 298 838 536 450 176 49 111 376
leaf_count=21629 3088 318 260 516 682 95 464 1195 2272 306 374 208 1195 119 288 167 5323 228 153 75 154 93 298 838 536 450 176 49 111 376
internal_value=0.000154629 -0.000814595 -0.00068011 0.00405928 -0.0008831 -0.000679628 0.00248132 0.00097047 -0.00106028 -0.00156726 -0.00100474 -0.00167544 -0.00133066 -0.000654818 0.00149254 0.000350216 -0.000901509 -0.000337777 0.0017566 -0.00399446 -0.000935484 -0.0019341 0.0036445 -0.00410448 0.00264453 0.0046789 0.00132813 -0.00510753 -0.00399281 -0.00667808
internal_weight=42036 19212 18894 776 18118 17436 1874 22824 15562 12474 10127 7983 7609 6414 2144 1856 6295 5551 1779 2347 1550 1396 391 1005 1626 1090 640 744 695 584
internal_count=42036 19212 18894 776 18118 17436 1874 22824 15562 12474 10127 7983 7609 6414 2144 1856 6295 5551 1779 2347 1550 1396 391 1005 1626 1090 640 744 695 584
is_linear=0
shrinkage=0.05


Tree=31
num_leaves=31
num_cat=0
split_feature=13 14 15 15 13 15 14 13 4 13 13 10 15 15 15 10 13 12 12 10 15 14 14 8 15 15 13 13 10 15
split_gain=11.3823 8.94318 9.3829 10.3098 9.74904 9.27703 9.08449 13.6796 7.8028 7.3894 12.5206 7.21498 6.74555 8.16269 7.17493 7.36574 7.45657 7.12877 7.76034 6.39941 6.28986 7.32645 6.23117 6.13075 7.47537 9.93393 6.45082 12.2774 10.5186 6.02112
threshold=17.394999504089359 -0.066405515647089006 0.0073786920563091449 0.0065531604316210199 16.935000419616703 0.0085334648309531875 -0.061929277885563232 14.824999809265138 0.020161606939823537 43.015001296997077 33.719999313354499 0.0052221339375052587 0.0030433154720247439 -0.0090192546156499503 -0.010311830367491169 -0.00010102094958625017 14.00500011444092 0.046695407011373098 0.048519167358985434 0.00057746953586101945 0.0089603938644854404 -0.073050802278400592 -0.0026760061162229838 -0.15566776738644481 0.0093424456666318951 0.010147256577635934 17.530000686645511 17.605000495910648 -0.0030276506534414045 0.0082884561328477897
decision_type=2 2 2 2 2 2 2 2 2 2 2 2 2 2 2 2 2 2 2 2 2 2 2 10 2 2 2 2 2 2
left_child=1 2 3 4 11 -4 7 -3 -8 10 23 -1 13 14 15 16 -10 22 -19 -20 -7 -22 -14 24 29 -26 28 -28 -25 -2
right_child=9 6 5 -5 -6 20 8 -9 12 -11 -12 -13 17 -15 -16 -17 -18 18 19 -21 21 -23 -24 26 25 -27 27 -29 -30 -31
leaf_value=0.00027249410319176299 -7.5672725717101068e-05 -0.00032490712965623582 -0.00020915315378525662 0.00024846611352980115 0.00022846203340276384 0.00020258515446951072 3.5574545239566802e-05 3.5105385850745659e-05 0.00035244206510568306 -0.00056922329181072109 0.00024424000526506817 1.3189240679969658e-05 -2.423606054601257e-05 -3.3258930359234347e-05 0.00017376000328856689 -0.00014657233872413544 2.8446750762901918e-05 0.00029086246571453889 0.00040437272949733218 1.3949030405661099e-05 -5.8322319164475036e-05 0.00014628330304990498 6.9388452209455991e-05 0.00022441028516459937 0.00029562083843593252 -0.00016621529855152068 0.00022822880634722561 -1.0757441090056101e-05 -0.00015629970299305539 -0.00027193916953617943
leaf_weight=155 1693 197 103 206 316 149 7945 245 104 149 197 880 2050 8251 311 326 736 259 72 580 507 253 1683 46 105 136 144 13553 554 157
leaf_count=155 1693 197 103 206 316 149 7945 245 104 149 197 880 2050 8251 311 326 736 259 72 580 507 253 1683 46 105 136 144 13553 554 157
internal_value=0.000184252 0.000852811 0.00364928 0.00608542 0.00449667 -9.88142e-05 0.00053715 -0.00656109 0.000677734 -0.000827656 -0.000728068 0.00214976 -1.73949e-05 -0.000765831 0.00265741 0.000857633 0.00333333 0.00155039 0.00551592 0.00260736 0.00151265 -0.000328947 0.000582641 -0.000878692 -0.00340746 0.00487552 -0.000508848 -0.000286559 -0.00558333 -0.00448649
internal_weight=42062 25328 2569 1557 1351 1012 22759 442 22317 16734 16585 1035 14372 9728 1477 1166 840 4644 911 652 909 760 3733 16388 2091 241 14297 13697 600 1850
internal_count=42062 25328 2569 1557 1351 1012 22759 442 22317 16734 16585 1035 14372 9728 1477 1166 840 4644 911 652 909 760 3733 16388 2091 241 14297 13697 600 1850
is_linear=0
shrinkage=0.05


Tree=32
num_leaves=31
num_cat=0
split_feature=8 4 15 15 6 16 15 13 4 13 13 11 11 11 12 10 10 11 12 16 13 13 16 11 13 10 10 13 15 16
split_gain=11.0954 8.68355 8.63406 7.90723 7.60738 6.51753 10.7051 5.89331 5.57008 5.51397 6.58147 7.30717 5.85221 5.46896 12.939 18.3397 12.3689 8.87983 11.7688 10.4335 9.68095 9.29453 7.36318 6.37036 17.1864 15.2156 11.1843 9.12217 9.30909 11.3981
threshold=-0.15566776738644481 0.021157874031590761 0.0089603938644854404 0.010147256577635934 2.6594860464935004 -0.01560295023301622 0.0061414988933201639 20.865000724792484 0.055347933237115975 12.765000343322756 13.050000190734865 0.00301412428072434 0.012360960719592808 0.010282016734253887 0.036024205160495655 -0.00032911889046416393 0.0055385495162042506 0.0084051608350934632 0.051085091732355654 -0.016651013185411342 19.159999847412113 14.904999732971193 0.018500467002703139 -0.012951386775020666 21.134999275207523 0.0093970870418219627 -0.008698781123315567 20.500000000000004 -0.0090192546156499503 -0.024364191249977126
decision_type=10 2 2 2 2 2 2 2 2 2 2 2 2 2 2 2 2 2 2 2 2 2 2 2 2 2 2 2 2 2
left_child=2 -2 5 -4 8 6 -1 -7 9 -3 11 -11 -13 17 -15 -16 22 18 23 -20 -21 -19 -17 -12 27 26 -26 28 29 -25
right_child=1 4 3 -5 -6 7 -8 -9 -10 10 13 12 -14 14 15 16 -18 21 19 20 -22 -23 -24 24 25 -27 -28 -29 -30 -31
leaf_value=-3.306117925179824e-05 2.5860021860001862e-05 -6.7341997808568861e-05 0.00031496447323834688 -3.3440297041136254e-05 -0.00014819785777004537 -0.00012779995795846028 0.0004413221947120211 -0.00039549010468298946 -0.00026177271533295196 -7.1824083994251328e-05 2.6119785119758325e-05 0.00021473467953024399 0.00010491154753124732 4.7113691460437709e-05 -0.00033770985079908358 0.00015976936195008937 -6.5596517031499049e-05 0.00032111753219853236 0.00031821726968403024 0.00015192789735483849 -0.00021729734414315373 -0.00018724841474821678 -5.1915432620506903e-05 -0.00012087516047777714 4.9571483485445944e-05 0.00022769603892432573 -0.0004203183682162132 0.00016353987687068428 -4.0381190315296785e-05 0.00016854088967184464
leaf_weight=710 14077 1110 114 175 901 1311 66 234 307 155 4076 227 223 5581 453 618 1232 56 298 335 148 820 286 300 111 99 567 310 6628 507
leaf_count=710 14077 1110 114 175 901 1311 66 234 307 155 4076 227 223 5581 453 618 1232 56 298 335 148 820 286 300 111 99 567 310 6628 507
internal_value=0.000111217 0.000320228 -0.00304598 0.00510381 -0.00023276 -0.00406075 -0.000322165 -0.00593851 -6.64703e-05 1.86413e-05 0.000184542 0.00533058 0.00855556 4.57079e-05 0.00107711 -0.00184434 9.3633e-05 -0.000545423 -0.000226101 0.00572983 0.00119048 -0.00542237 0.0045354 -0.000595333 -0.00137292 -0.00846203 -0.0111357 -0.000661717 -0.0010121 0.00405824
internal_weight=42035 39425 2610 289 25348 2321 776 1545 24447 24140 23030 605 450 22425 8170 2589 2136 14255 13379 781 483 876 904 12598 8522 777 678 7745 7435 807
internal_count=42035 39425 2610 289 25348 2321 776 1545 24447 24140 23030 605 450 22425 8170 2589 2136 14255 13379 781 483 876 904 12598 8522 777 678 7745 7435 807
is_linear=0
shrinkage=0.05


Tree=33
num_leaves=31
num_cat=0
split_feature=8 5 5 10 11 15 15 15 15 10 13 13 11 14 11 14 14 12 11 11 13 16 16 12 12 10 14 11 13 15
split_gain=10.5387 7.77396 6.80418 6.78716 8.43791 6.68695 8.09271 6.05739 7.9227 6.39423 6.01412 5.49449 5.23569 10.2313 11.5515 12.1078 9.04905 8.62962 8.15726 9.59114 9.07557 8.60499 8.64926 8.35505 6.23079 16.4782 10.4641 9.4093 11.7273 20.6311
threshold=-0.15566776738644481 0.012639134494074949 0.036348666647424414 -0.029463617054616639 -0.035697705395590577 0.0089603938644854404 0.0099727778482578983 0.0082884561328477897 0.0061414988933201639 0.00040263484850655567 17.994999885559086 24.385000228881839 0.016424334506672137 -0.025685626403374347 0.017632918740663531 -0.030119880421319408 -0.035621573523768706 0.12384637745116912 0.026483483019392965 0.022655282977909755 18.105000495910648 0.025851771004299921 0.01749526236770094 0.048519167358985434 0.027464825873152136 -0.0066717235087906937 0.14228104891203866 -0.012951386775020666 21.134999275207523 0.013335989567982433
decision_type=10 2 2 2 2 2 2 2 2 2 2 2 2 2 2 2 2 2 2 2 2 2 2 2 2 2 2 2 2 2
left_child=5 -2 3 4 -3 7 -7 8 9 -1 -11 -4 17 14 -14 16 -16 24 19 20 23 22 -20 -15 27 26 -26 -5 -29 -30
right_child=1 2 11 12 -6 6 -8 -9 -10 10 -12 -13 13 18 15 -17 -18 -19 21 -21 -22 -23 -24 -25 25 -27 -28 28 29 -31
leaf_value=-3.1249511500779353e-05 2.6937243794702691e-05 -0.0011542452133868717 -0.00066771042022459141 2.7502573106531411e-05 2.4500108618162945e-05 0.0002719037266767189 -5.2143863599699204e-05 -0.00023878422519016778 0.00018376036855172293 -7.6655860231192747e-05 -0.00033329320858234754 0.00012161282129678339 0.0002255476039379746 1.0447849680006016e-05 4.32317646460346e-05 0.00022628698765061154 -0.00019446398044447476 -0.00049715641671552993 1.5121145997625507e-05 -0.0001439851430375884 0.00037372753083986026 -8.6208641231592251e-05 0.00016273052850415093 -0.00028542049370929582 0.0002495582459611986 4.2140658067698402e-06 -6.3450146697432384e-05 -3.0514875650301681e-05 -0.00025907822706603176 0.00033598245514061278
leaf_weight=1263 11712 76 163 4081 74 112 185 161 186 276 451 67 416 949 1833 182 179 179 963 559 84 411 544 221 440 6756 128 8560 824 83
leaf_count=1263 11712 76 163 4081 74 112 185 161 186 276 451 67 416 949 1833 182 179 179 963 559 84 411 544 221 440 6756 128 8560 824 83
internal_value=0.000119901 0.000324182 -0.000131427 -5.99085e-05 -0.0106667 -0.00294229 0.00412458 -0.00384039 -0.00314798 -0.00407035 -0.00780605 -0.00869565 -1.82535e-06 0.00125769 0.003659 0.00221057 0.00109344 -0.000381217 -0.000422139 -0.00282681 -0.000398724 0.00185089 0.00359987 -0.00153846 -0.000287466 0.000887493 0.0090669 -0.000922645 -0.00178779 -0.00719405
internal_weight=42118 39484 27772 27542 150 2634 297 2337 2176 1990 727 230 27392 6341 2610 2194 2012 21051 3731 1813 1254 1918 1507 1170 20872 7324 568 13548 9467 907
internal_count=42118 39484 27772 27542 150 2634 297 2337 2176 1990 727 230 27392 6341 2610 2194 2012 21051 3731 1813 1254 1918 1507 1170 20872 7324 568 13548 9467 907
is_linear=0
shrinkage=0.05


Tree=34
num_leaves=31
num_cat=0
split_feature=5 9 14 16 16 8 12 15 15 10 12 11 10 14 11 16 15 11 13 14 12 12 11 11 16 16 12 13 11 12
split_gain=10.2595 6.41095 6.80835 5.88887 9.15409 8.84539 7.38189 6.7452 6.736 6.66324 11.4104 14.2509 13.0047 14.5658 12.0193 12.8546 10.4183 11.4263 8.79485 8.75864 7.53746 11.717 12.114 13.0418 10.7331 10.2493 9.24601 10.5136 9.13383 8.73928
threshold=0.017233602012521391 -0.41205751472835717 0.23397195059943568 -0.016651013185411342 -0.020985079024226135 -0.26900396931428933 0.095724782910464948 0.0093424456666318951 -0.0054674796489663216 0.0045002796512086949 0.038546138655022773 -0.01567982752768082 0.00063381300570131149 0.052213768787031663 0.027231937128701426 0.0056056108409484615 0.002533535243315455 0.030023706466371539 13.744999885559084 0.013406221047230662 0.033921054671782865 0.025521140781716415 0.021590263312926242 0.030456421062291409 0.010176084970714318 0.0072125038588334309 0.0020578799164406862 17.204999923706058 0.040036365268930958 -0.00022028284513159188
decision_type=2 10 2 2 2 10 2 2 2 2 2 2 2 2 2 2 2 2 2 2 2 2 2 2 2 2 2 2 2 2
left_child=3 -2 -3 4 -1 7 9 8 -5 10 12 -12 14 -14 -7 -16 17 -13 -18 20 21 22 24 -24 26 -23 27 -11 -25 -29
right_child=1 2 -4 5 -6 6 -8 -9 -10 19 11 16 13 -15 15 -17 18 -19 -20 -21 -22 25 23 28 -26 -27 -28 29 -30 -31
leaf_value=1.5800625551240512e-05 -0.0001207012259118634 -1.0944146173106143e-05 -0.00051161320842307931 2.3075068874457359e-06 9.9460677975649891e-05 -2.720735043758825e-07 -0.00016472540514497291 0.00014421452136174863 -0.00030544837639904935 0.00018690767373497733 -0.00030151074071489215 2.922164349739142e-05 -8.110613157042203e-05 0.0002862559620631684 -3.9686555408464702e-05 0.00029727091958631669 0.00017051955399240864 -0.0005384606085418463 5.7925378886345297e-05 0.00011604275836217113 -1.5658383498742736e-05 0.00018121618501038038 0.00021189256331472411 -0.00019197352385445714 -9.0135164845041443e-05 3.3718225901119328e-05 -2.7170630701599426e-05 -7.6470798341470546e-05 0.00015713818456541295 0.00036472066553387434
leaf_weight=2943 1710 11031 182 219 1655 8450 217 77 398 491 126 2121 3528 79 122 248 481 76 577 545 2521 570 343 193 795 631 1076 365 172 56
leaf_count=2943 1710 11031 182 219 1655 8450 217 77 398 491 126 2121 3528 79 122 248 481 76 577 545 2521 570 343 193 795 631 1076 365 172 56
internal_value=0.000164294 -0.00100789 -0.000572996 0.000685297 0.0023271 0.000376884 0.000539251 -0.00518732 -0.00692869 0.00062378 3.47925e-05 0.00261017 -0.000665889 -0.00319518 0.000368481 0.00918919 0.00324885 0.00128584 0.00732514 0.00182392 0.00136212 0.00254689 0.00108135 0.0069209 -0.00040424 0.00680683 0.00155936 0.00526316 0.000342466 -0.000534442
internal_weight=41998 12923 11213 29075 4598 24477 23783 694 617 23566 15808 3381 12427 3607 8820 370 3255 2197 1058 7758 7213 4692 3491 708 2783 1201 1988 912 365 421
internal_count=41998 12923 11213 29075 4598 24477 23783 694 617 23566 15808 3381 12427 3607 8820 370 3255 2197 1058 7758 7213 4692 3491 708 2783 1201 1988 912 365 421
is_linear=0
shrinkage=0.05


Tree=35
num_leaves=31
num_cat=0
split_feature=4 6 12 12 4 9 12 13 12 13 13 12 11 11 14 13 14 13 11 13 14 10 10 13 10 13 10 9 11 13
split_gain=11.3516 7.79854 6.10779 5.53603 5.47644 5.04826 4.47754 7.9411 5.96779 5.90541 8.0081 6.98142 5.97398 10.3279 5.23516 8.69378 8.20088 6.52019 8.89418 5.69711 5.38112 4.96449 8.2208 6.48376 6.35751 6.06825 9.94094 5.24748 5.16161 9.84519
threshold=0.036061402361462748 -0.46552378892645069 -0.080083523859072289 -0.075828254732232245 0.014199142783841835 -0.41205751472835717 0.025155883078146649 20.375000000000004 0.023603390957717577 20.865000724792484 21.555000305175785 -0.0080789894590868033 0.014627059991814352 -0.022310337551763478 -0.037374592254897913 12.325000286102297 -0.0059106162699663059 13.174999713897707 0.016276968490692715 18.214999198913578 -0.0043060965648996632 0.0058263400923302964 0.00063381300570131149 13.554999828338625 0.0063853776107930535 13.934999942779543 -0.0001525908648420948 0.19839655540013393 0.0025776305361616685 15.944999694824221
decision_type=2 2 2 2 2 10 2 2 2 2 2 2 2 2 2 2 2 2 2 2 2 2 2 2 2 2 2 8 2 2
left_child=1 6 -3 -4 -5 -2 8 14 9 21 11 -11 13 -12 15 -8 19 18 -17 -16 -18 22 23 -1 -23 26 -25 -24 -27 -30
right_child=5 2 3 4 -6 -7 7 -9 -10 10 12 -13 -14 -15 16 17 20 -19 -20 -21 -22 24 27 25 -26 28 -28 -29 29 -31
leaf_value=0.000276674472920907 -0.00021279419780141545 -0.00040333926232672768 0.00029131173840554384 7.7609551847989609e-05 -5.3801424930473867e-06 -4.8937219635019315e-05 -0.0003603852506896939 0.00015279937826662249 -0.00011442904910707406 -8.2378332579534458e-05 7.2783901322601608e-05 -0.00043147902879021725 0.00016408700075238496 -0.00012217037000785406 -7.5256972833019979e-06 0.00019617050707796736 0.00014823069210196209 6.8350632899073354e-05 -0.00011303411139287302 -0.00016251525087303492 4.109410321158046e-05 0.00021177220745154188 -2.5194380206061167e-06 -0.00036000489888574283 5.2953979489185146e-05 7.5936902555845666e-05 0.0001006363213761383 -0.00015591622820121745 7.512813209754749e-05 -7.3169356431189959e-05
leaf_weight=57 702 164 77 692 22284 4262 57 349 287 125 410 97 197 579 1505 189 175 1049 63 295 2633 121 945 90 1257 1907 53 492 337 683
leaf_count=57 702 164 77 692 22284 4262 57 349 287 125 410 97 197 579 1505 189 175 1049 63 295 2633 121 945 90 1257 1907 53 492 337 683
internal_value=0.000120452 0.000420377 -0.00014106 -7.26587e-05 -0.000117514 -0.0021253 0.00135464 0.00233967 0.000540134 0.000816327 -0.00209517 -0.0108108 -0.000463744 -0.00204752 0.00191083 0.00463918 0.00110677 0.00547656 0.0126984 -0.00152778 0.00279558 0.00150623 0.000712095 0.00215062 0.00413643 0.00184039 -0.00821678 -0.00241823 0.00233174 -0.000539216
internal_weight=42133 37169 23217 23053 22976 4964 13952 6315 7637 7350 1408 222 1186 989 5966 1358 4608 1301 252 1800 2808 5942 4564 3127 1378 3070 143 1437 2927 1020
internal_count=42133 37169 23217 23053 22976 4964 13952 6315 7637 7350 1408 222 1186 989 5966 1358 4608 1301 252 1800 2808 5942 4564 3127 1378 3070 143 1437 2927 1020
is_linear=0
shrinkage=0.05


Tree=36
num_leaves=31
num_cat=0
split_feature=5 3 14 14 15 15 10 11 12 12 15 10 12 14 14 10 11 15 12 11 12 15 10 10 10 10 13 14 15 14
split_gain=9.23122 5.17674 6.81295 6.48734 14.4726 8.20864 6.37983 5.70354 5.97919 7.11666 5.91843 7.11742 6.5843 13.056 14.5285 7.13717 8.79901 8.29296 8.06801 8.06287 11.9897 8.77876 10.4617 9.36346 8.32179 13.7019 9.45903 9.83738 9.52684 7.94936
threshold=0.018542999154209702 0.0073257920831077969 -0.047825209867674183 -0.083456210331023115 0.0089603938644854404 0.0096033897267845409 0.010000558479015599 0.026483483019392965 -0.025840805569586341 -0.011339314302442725 -0.012165735853255142 -0.023232584216571036 0.038546138655022773 -0.056925165822572281 -0.042370343814534299 0.0057448348094064636 -0.012951386775020666 0.017332233467473483 0.031890065816476361 -0.006088944680637364 -0.016321427242386496 -0.010311830367491169 -0.01425655493307104 -0.013327773622425541 -0.001746991736331027 -0.0018713980649029403 17.195000648498539 -0.01909405816599757 0.013086320307654333 0.17323568959812755
decision_type=2 2 2 2 2 2 2 2 2 2 2 2 2 2 2 2 2 2 2 2 2 2 2 2 2 2 2 2 2 2
left_child=1 3 -3 4 6 -6 -1 10 -9 -10 -5 -12 15 -14 -15 19 -17 18 -18 20 29 -22 -23 -24 25 -21 28 -28 -26 -13
right_child=-2 2 -4 7 5 -7 -8 8 9 -11 11 12 13 14 -16 16 17 -19 -20 24 21 22 23 -25 26 -27 27 -29 -30 -31
leaf_value=0.00017697356587845805 -3.4508096003329007e-05 -8.9000336197523483e-05 7.3583202379604294e-06 7.2544081762252149e-05 -0.00025277888241823689 1.3158430845032487e-06 5.1720149572693274e-05 0.00029324568490586681 -0.00030884292740086507 6.3510550308303396e-05 -0.00084677928987328746 -2.8238342691013722e-05 -0.00022038045679154865 0.00014525299059385384 2.1693997904972821e-05 -0.00011341032777274306 9.4482030498572452e-05 -0.0002398470902978231 -5.5131001656992643e-05 -2.0394399899486756e-06 -0.00025861091536531414 0.00031264383881533591 -0.00028439881475297163 6.175200857552297e-05 -2.7429166143964727e-05 0.00038151775390367218 -1.1139403080269842e-05 -0.00024769010505425588 -0.00021939897686408245 -0.00079830832551793657
leaf_weight=575 9915 1002 2040 1412 128 483 543 61 116 2125 52 2097 253 643 4864 235 2307 102 444 3519 91 244 85 2607 4759 81 392 651 122 63
leaf_count=575 9915 1002 2040 1412 128 483 543 61 116 2125 52 2097 253 643 4864 235 2307 102 444 3519 91 244 85 2607 4759 81 392 651 122 63
internal_value=0.000186261 0.000598205 -0.00136423 0.000803676 0.00377386 -0.00241408 0.00715564 0.000615737 0.00299739 0.00257697 0.000396635 0.000208589 0.000249374 0.00171875 0.00222898 -0.000226136 0.0019592 0.0027252 0.00324427 -0.000684862 0.000901292 0.00293195 0.00340599 0.00250743 -0.00154872 0.000347222 -0.00270088 -0.00702301 -0.0017773 -0.00194444
internal_weight=42011 32096 3042 29054 1729 611 1118 27325 2302 2241 25023 23611 23559 5760 5507 17799 3088 2853 2751 14711 5187 3027 2936 2692 9524 3600 5924 1043 4881 2160
internal_count=42011 32096 3042 29054 1729 611 1118 27325 2302 2241 25023 23611 23559 5760 5507 17799 3088 2853 2751 14711 5187 3027 2936 2692 9524 3600 5924 1043 4881 2160
is_linear=0
shrinkage=0.05


Tree=37
num_leaves=31
num_cat=0
split_feature=8 1 13 14 13 14 11 11 12 3 13 11 11 13 11 12 16 12 16 15 14 11 15 13 13 15 16 9 12 16
split_gain=9.29327 8.74837 6.74097 7.36469 7.10555 11.9183 15.9552 13.9502 11.5079 10.8551 9.99827 9.63684 8.93772 11.2582 10.0219 11.0981 15.5855 18.6812 18.3199 10.4944 16.5061 10.0868 10.1392 13.622 9.64437 9.44954 9.4251 9.31219 8.96247 8.68233
threshold=-0.15566776738644481 0.069439541442441591 12.325000286102297 -0.044386160859696593 13.744999885559084 0.010891009150098998 0.013609054079026685 0.0013310073142193126 0.024727587984372471 0.0058462373454420966 13.659999847412111 0.019179064165315788 0.015980526956462796 13.934999942779543 0.014880689278647387 0.027464825873152136 -0.016651013185411342 0.076145599776237818 0.0056056108409484615 0.0052324628975625185 0.070306169308441371 -0.016802988211636779 0.00073155618973652647 17.795000076293949 17.195000648498539 0.00021014760718940376 0.0013972470715886145 0.13006060322389359 0.027083039342927776 0.0027933615688318096
decision_type=10 2 2 2 2 2 2 2 2 2 2 2 2 2 2 2 2 2 2 2 2 2 2 2 2 2 2 8 2 2
left_child=-1 2 3 -2 5 6 7 -4 -7 -8 11 -10 13 27 15 28 -17 18 19 20 24 -20 -23 -24 25 -18 -16 -6 -15 -21
right_child=1 -3 4 -5 12 8 9 -9 10 -11 -12 -13 -14 14 26 16 17 -19 21 29 -22 22 23 -25 -26 -27 -28 -29 -30 -31
leaf_value=-6.1929547794487095e-05 -0.00028940152853230538 -8.36494098460941e-05 -4.4258550412643998e-06 -4.5959155881473811e-05 -0.00025209706237132193 -0.00042688314510612294 1.9631460838734265e-05 0.00013245620893051374 -6.7745791428307339e-05 -0.00017165237692006211 0.00042622647486942458 0.00015867255758742228 3.6808601999306548e-05 -8.0815108398732838e-06 9.2387967402972774e-05 0.00014312551433547221 -0.00015542919570677596 -0.00025268713992459858 -0.00041628959940546328 0.0001256304774294667 0.0001412643774446417 0.00018720604104882876 9.2397736658544769e-05 -0.00010421950131728944 -0.00030115234740746706 3.9826360846979136e-05 -0.00027633748219282189 -3.2208527816778024e-05 -0.00038334631950715474 -0.00021754266887730815
leaf_weight=2602 96 1894 696 649 289 104 1592 2020 1084 227 48 273 6093 17069 146 1067 521 314 49 490 298 857 1086 464 437 431 361 480 195 97
leaf_count=2602 96 1894 696 649 289 104 1592 2020 1084 227 48 273 6093 17069 146 1067 521 314 49 490 298 857 1086 464 437 431 361 480 195 97
internal_value=8.86293e-05 0.000279631 0.00044694 -0.00426174 0.000542296 0.00210953 0.0033903 0.00581738 -0.00173956 -0.000233645 -0.000551601 -0.00134488 0.000234192 -0.000189647 2.09363e-06 0.000152941 0.00198413 0.00082276 0.00160677 -0.00162709 -0.00363071 0.00460098 0.00505816 0.00264516 -0.00592153 -0.00309874 -0.00695266 -0.00614434 -0.00049525 0.00413118
internal_weight=42029 39427 37533 745 36788 6044 4535 2716 1509 1819 1405 1357 30744 24651 23882 23375 6111 5044 4730 2274 1687 2456 2407 1550 1389 952 507 769 17264 587
internal_count=42029 39427 37533 745 36788 6044 4535 2716 1509 1819 1405 1357 30744 24651 23882 23375 6111 5044 4730 2274 1687 2456 2407 1550 1389 952 507 769 17264 587
is_linear=0
shrinkage=0.05


Tree=38
num_leaves=31
num_cat=0
split_feature=3 13 3 6 11 15 14 11 16 11 14 14 11 11 12 13 10 12 15 11 16 15 16 15 14 16 11 16 16 12
split_gain=8.82958 8.39856 7.20678 8.49762 7.37635 9.36903 11.0671 10.6727 9.06594 8.92959 8.90368 8.75294 9.33589 8.26865 8.03404 7.75463 7.81205 7.21191 6.86016 9.72249 6.81755 6.76728 13.3887 18.9212 10.7623 8.27351 8.02574 7.66634 7.20048 9.93449
threshold=-0.0049396268432733694 27.855000495910648 0.0043518761079132115 2.0136287402694832 0.025734816417073651 -0.012165735853255142 -0.037374592254897913 0.021590263312926242 0.025851771004299921 0.048369816433799014 -0.03897851358283843 -0.026973540467474796 0.022655282977909755 0.015980526956462796 0.032469111342934183 16.085000038146976 -0.00071796458931633323 0.028594674510006083 -0.0081291174058793474 -0.055970636302615777 -0.0053493090438847526 0.0037540582515737113 0.0035345377241721159 0.0054628517339444524 -0.04841526643133464 0.011286369200188886 0.0056453064529209404 -0.0086633007114009768 0.013588669575278602 0.021751379698535137
decision_type=2 2 2 2 2 2 2 2 2 2 2 2 2 2 2 2 2 2 2 2 2 2 2 2 2 2 2 2 2 2
left_child=1 20 4 21 5 -2 7 10 9 15 -7 13 -13 -8 -15 17 -17 -6 19 -3 -1 24 -23 -24 26 -25 -4 -28 -27 -30
right_child=2 18 3 -5 8 6 11 -9 -10 -11 -12 12 -14 14 -16 16 -18 -19 -20 -21 -22 22 23 25 -26 28 27 -29 29 -31
leaf_value=2.0735168065847332e-05 0.00010510376090016594 -0.00076615236934920333 -0.00040949307498284868 -0.00013367235990329346 0.00020175418947969903 2.8102061023686267e-05 -0.00015243137092593132 0.00017082294629802328 -4.5057441905511572e-05 -0.00013201096098954465 0.00019895771631446942 6.9241008459001562e-06 -0.00011418288368611166 0.00018714593772762978 -8.9661294178497095e-05 -0.00023274793592409395 6.6004101726088165e-05 9.365696514282353e-05 -0.00088196571768405722 9.7763876237356306e-05 -5.432341701856708e-05 0.00010187954475860756 0.0001183665849168025 -0.00023242887853863942 -1.4420494316422141e-05 0.00021918448127472673 0.00015749913990405041 -0.00012043837816908145 -0.00018821511179204265 3.9417599874670566e-05
leaf_weight=3082 1027 42 269 792 428 4887 1125 281 519 165 261 14102 408 149 196 56 968 432 206 141 4464 1430 629 456 3591 171 70 486 640 622
leaf_count=3082 1027 42 269 792 428 4887 1125 281 519 165 261 14102 408 149 196 56 968 432 206 141 4464 1430 629 456 3591 171 70 486 640 622
internal_value=0.000119373 -0.00138311 0.000468384 -0.000731761 0.000907855 0.000617311 0.000393526 0.00234389 0.00344626 0.00494143 0.00182595 -0.000269086 0.000103377 -0.00394558 0.00282609 0.00591826 0.00297852 0.0094186 -0.00854756 -0.00150273 -0.00101378 -0.000263032 0.00124113 -0.000953137 -0.00160779 -0.00345421 -0.00675758 -0.00332734 -0.00158758 -0.00289223
internal_weight=42095 7935 34160 9156 25004 22436 21409 5429 2568 2049 5148 15980 14510 1470 345 1884 1024 860 389 183 7546 8364 3948 2518 4416 1889 825 556 1433 1262
internal_count=42095 7935 34160 9156 25004 22436 21409 5429 2568 2049 5148 15980 14510 1470 345 1884 1024 860 389 183 7546 8364 3948 2518 4416 1889 825 556 1433 1262
is_linear=0
shrinkage=0.05


Tree=39
num_leaves=31
num_cat=0
split_feature=5 14 12 14 3 3 13 14 10 10 12 0 14 14 5 3 9 12 10 8 14 13 14 11 13 3 14 4 14 14
split_gain=9.86636 7.35411 11.5746 12.1693 5.52079 7.50813 7.33413 6.45047 7.68295 5.94414 6.0298 5.05985 4.05214 9.42309 4.48097 4.3605 5.18573 3.96711 4.13958 3.93235 4.05759 4.47069 5.80665 4.98576 7.73382 4.42012 4.1527 4.14016 4.13424 7.66866
threshold=0.013198379039039228 0.23397195059943568 -0.0075921300584320664 0.57916123255262542 -0.0018185444328610021 0.012890503808817179 25.010000228881839 -0.014609583018452553 0.015271930990194861 0.017342720778944835 0.0011335469917099774 -0.050425571838444143 -0.067583665573298909 -0.061929277885563232 0.022806758126764352 0.0039611102572697518 -0.37556058035632039 -0.0067439083526363843 0.015549884952093642 0.2065254335094521 0.16071726291299396 19.159999847412113 -0.052571714153923192 -0.018044507294420583 19.085000038146976 0.0042688393218032203 0.11068884178819839 0.03436709253217702 0.049298283120689408 0.048234950984074383
decision_type=2 2 2 2 2 2 2 2 2 2 2 2 2 2 2 2 10 2 2 8 2 2 2 2 2 2 2 2 2 2
left_child=-1 4 3 -3 9 6 11 8 -8 -2 -11 -6 15 -14 19 -13 -17 18 -18 20 21 23 -23 -15 26 27 28 -24 29 -25
right_child=1 2 -4 -5 5 -7 7 -9 -10 10 -12 12 13 14 -16 16 17 -19 -20 -21 -22 22 25 24 -26 -27 -28 -29 -30 -31
leaf_value=2.120858787564282e-05 -2.8718137555082361e-05 -0.00093411970528946189 9.5796022654960633e-05 0.00017959510353322686 -0.00075786527603039552 -8.7849467083949906e-05 -0.00012122546661747919 0.00022273133034966791 0.00020595012352827657 -0.0005926333498101694 8.2664487369947317e-05 9.5688837455252087e-05 -0.00020649996550600277 0.00014424880215258573 -9.3712744838808049e-05 -0.00027795800533725871 0.0002545009184257763 -1.9160015618020169e-05 -3.3899876505733183e-05 -6.8996922737501806e-05 0.00020555462978228136 0.00015697918036466194 -4.4500829966159571e-05 8.3909750195473518e-06 0.00033129516038840558 -0.00013178433823359328 -0.00034841694993320463 0.00016990244014769025 7.5417424526162812e-05 -0.00059984132858138025
leaf_weight=14448 9842 196 137 45 49 1459 207 435 172 120 50 1119 319 434 1369 107 190 575 103 428 129 110 898 7427 106 374 93 107 928 57
leaf_count=14448 9842 196 137 45 49 1459 207 435 172 120 50 1119 319 434 1369 107 190 575 103 428 129 110 898 7427 106 374 93 107 928 57
internal_value=7.31568e-05 -0.00048124 -0.00740741 -0.0140041 -0.000385011 0.000158476 0.000476614 0.00509828 0.000329815 -0.00131842 -0.0105882 0.000224501 0.000277348 -5.67337e-05 0.000160514 0.00231614 -0.000128205 0.00115207 0.00588737 0.000493643 0.000682266 0.000574331 -0.00196441 0.000992261 0.000728719 -0.00284627 0.000561434 -0.0011194 0.000677603 0.00028728
internal_weight=42033 27585 378 241 27207 17195 15736 814 379 10012 170 14922 14873 12779 12460 2094 975 868 293 11091 10663 10534 1489 9045 8611 1379 8505 1005 8412 7484
internal_count=42033 27585 378 241 27207 17195 15736 814 379 10012 170 14922 14873 12779 12460 2094 975 868 293 11091 10663 10534 1489 9045 8611 1379 8505 1005 8412 7484
is_linear=0
shrinkage=0.05


Tree=40
num_leaves=31
num_cat=0
split_feature=6 13 4 13 12 11 13 13 15 12 12 12 10 11 13 14 12 13 11 9 9 12 10 11 10 12 12 10 12 11
split_gain=10.2187 6.38826 6.01473 6.7131 5.70981 7.98947 4.85718 7.06121 8.9447 8.779 13.5904 12.2898 9.31635 12.1585 11.6317 10.2876 8.06762 7.21415 10.0715 6.89775 6.66522 6.62326 6.00816 5.91934 5.47227 5.19601 10.5428 9.85757 8.42615 10.7675
threshold=0.38827397569406091 27.855000495910648 0.036061402361462748 33.719999313354499 -0.043864369041982591 0.0019507680783907857 12.325000286102297 13.744999885559084 0.014896255541842819 0.049504484069908934 0.04572357186415122 0.060736863464118891 -0.004697388100089738 0.0025776305361616685 12.765000343322756 0.017639326626862298 0.10123019596275297 13.934999942779543 0.020527349767636042 0.18411658475302964 0.19122252758096739 0.048426853318079395 0.002679663391510712 0.0013310073142193126 -0.00045044795983173452 0.024727587984372471 0.023603390957717577 0.0024545687123636033 0.033921054671782865 0.0025776305361616685
decision_type=2 2 2 2 2 2 2 2 2 2 2 2 2 2 2 2 2 2 2 8 8 2 2 2 2 2 2 2 2 2
left_child=2 4 6 -4 5 -2 21 8 9 10 12 -11 -8 15 -15 23 -13 18 19 -9 -16 -1 24 -14 -21 26 -19 -28 -27 -30
right_child=1 -3 3 -5 -6 -7 7 17 -10 11 -12 16 13 14 20 -17 -18 25 -20 22 -22 -23 -24 -25 -26 28 27 -29 29 -31
leaf_value=-0.00011956442670962775 1.0661552961329508e-05 -0.00032908015056574253 -5.1617424485146934e-05 0.00026316976839485529 -2.9141134451674814e-05 0.00031625451888780005 0.00017622680039203377 -0.00021168434510859224 -0.00022085141980372408 -0.00010466534364677446 0.00015678717654055629 0.00017624259770631994 -4.9800124540414674e-05 -3.3653361034464502e-05 0.00012438877197801319 -0.0003318691879391639 -9.852883249604049e-05 7.7939968711196718e-06 0.00014218282925563099 -6.4187691864009321e-05 4.3972569792630225e-05 8.2928185024953112e-05 -0.00019838982053906911 0.0002707205436463577 0.00019503324312321638 7.2628639969630427e-05 -0.00038093963724476787 0.00013763938583503507 9.5485904647080186e-05 -1.5432674463617325e-05
leaf_weight=420 371 366 3551 122 10304 118 163 348 70 515 470 278 458 758 1039 120 89 13309 83 91 650 182 159 46 102 2916 212 60 1151 3420
leaf_count=420 371 366 3551 122 10304 118 163 348 70 515 470 278 458 758 1039 120 89 13309 83 91 650 182 159 46 102 2916 212 60 1151 3420
internal_value=0.000142462 -0.00115378 0.000612371 -0.00128641 -0.000933475 0.0043456 0.000869637 0.000970498 0.0027384 0.00300916 0.00407667 -0.00147392 0.00292208 0.00230381 0.00389252 -0.00392628 0.00551771 0.000593794 -0.00411877 -0.00607143 0.00620189 -0.00357143 -0.00113636 -0.000793651 0.00479275 0.000768939 0.000185922 -0.00955882 0.0018265 0.000486764
internal_weight=41941 11159 30782 3673 10793 489 27109 26507 4656 4586 3704 882 3234 3071 2447 624 367 21851 783 700 1689 602 352 504 193 21068 13581 272 7487 4571
internal_count=41941 11159 30782 3673 10793 489 27109 26507 4656 4586 3704 882 3234 3071 2447 624 367 21851 783 700 1689 602 352 504 193 21068 13581 272 7487 4571
is_linear=0
shrinkage=0.05


Tree=41
num_leaves=31
num_cat=0
split_feature=5 16 16 12 11 16 11 16 16 11 16 14 13 15 15 14 14 14 14 15 13 14 11 16 13 13 14 14 13 15
split_gain=8.23913 6.5014 12.3344 12.1021 12.0896 9.63043 8.242 11.3457 7.38853 16.2236 13.5166 12.3067 13.3528 11.5906 9.46127 9.23 8.72057 14.0889 8.7514 8.54827 10.0094 13.4136 17.9333 12.4764 9.1837 8.18317 8.0397 8.71076 7.80685 7.05525
threshold=0.023237471491315609 -0.016651013185411342 -0.021346404193649911 0.057873596393828615 -0.036898876616972491 -0.014249383055903618 -0.026323621770933166 0.0022037814494736412 -0.0016199184022475663 0.017027249014991756 -0.0070776957908923457 0.070306169308441371 17.394999504089359 -0.00063375659914460803 -0.0039704733643111658 0.031250907350716124 0.049298283120689408 0.048234950984074383 0.23397195059943568 -0.0054674796489663216 16.875000000000004 -0.056340529311790281 -0.00050211682631745569 -0.0057156934692457742 16.095000267028812 12.694999694824221 -0.0078563959177023728 0.090336443973437111 13.194999694824221 -0.0036060599963981805
decision_type=2 2 2 2 2 2 2 2 2 2 2 2 2 2 2 2 2 2 2 2 2 2 2 2 2 2 2 2 2 2
left_child=1 2 3 -1 -3 -6 7 -7 9 10 11 12 13 -8 -11 -10 17 -17 28 26 21 -21 24 -24 -23 -16 -12 -28 -18 -25
right_child=-2 4 -4 -5 5 6 8 -9 15 14 19 -13 -14 -15 25 16 18 -19 -20 20 -22 22 23 29 -26 -27 27 -29 -30 -31
leaf_value=-1.4653905801312708e-05 -7.469704317122081e-05 -0.00041019383164629387 9.3038290993171859e-05 0.00018255099384409539 -8.6387936183552228e-05 0.00019790874285972664 -5.0584261135232472e-05 -9.215836237256893e-05 2.3050216817992621e-05 -2.6793254863435436e-05 0.0002729449221932591 0.00012342483354078944 -9.3165897101122561e-05 8.7513418876182004e-05 -9.8526992032001777e-05 -6.0324338461834379e-05 0.0003090524916593701 -0.00047973840955034335 -0.00065125618740008971 9.8711116541438688e-05 -0.00022884980587547295 -4.1594858742546008e-05 -0.00044927585234632352 0.00010661335620953038 0.00014913487740151672 0.00017435247545158141 -0.00013541587272791959 0.00018071328444459685 8.2071552873070639e-06 -0.00012486891142674141
leaf_weight=3660 3755 191 2280 385 1122 423 1268 172 16627 493 94 609 1111 1269 100 1366 48 142 90 388 1019 443 340 96 196 660 346 141 2664 543
leaf_count=3660 3755 191 2280 385 1122 423 1268 172 16627 493 94 609 1111 1269 100 1366 48 142 90 388 1019 443 340 96 196 660 346 141 2664 543
internal_value=0.000177803 0.000397012 0.00186166 0.000203956 0.000107162 0.000182562 0.000349126 0.00617647 0.000233754 -0.000954366 -0.00179639 0.000111581 -0.000986842 0.00101498 0.00432961 0.000751063 -0.0013109 -0.00437666 0.000339044 -0.00404881 -0.0051157 -0.0030658 -0.00506799 -0.00932074 0.00144757 0.00782895 0.00150602 -0.00107803 0.000848083 -0.00520344
internal_weight=42041 38286 6325 4045 31961 31770 30648 595 30053 9116 7863 4257 3648 2537 1253 20937 4310 1508 2802 3606 3025 2006 1618 979 639 760 581 487 2712 639
internal_count=42041 38286 6325 4045 31961 31770 30648 595 30053 9116 7863 4257 3648 2537 1253 20937 4310 1508 2802 3606 3025 2006 1618 979 639 760 581 487 2712 639
is_linear=0
shrinkage=0.05


Tree=42
num_leaves=31
num_cat=0
split_feature=3 16 16 15 15 16 9 10 10 8 14 14 11 3 15 10 8 10 14 14 14 15 11 10 11 15 14 6 14 4
split_gain=8.66739 7.53839 10.4007 7.83201 11.633 15.3645 11.9749 7.80263 8.02182 7.43929 7.23419 6.34827 6.00708 11.125 5.90675 5.68427 6.16094 5.72727 5.62028 15.9969 10.1336 10.9152 8.75216 8.23806 6.75803 6.62334 6.23518 5.47639 7.04233 5.60337
threshold=-0.010580943447397849 -0.016651013185411342 -0.014249383055903618 0.0053505664873754197 -0.002094149835842551 -0.020985079024226135 0.17343815454054926 0.0025358686375718258 0.0033239704024875531 0.2065254335094521 -0.0026760061162229838 0.23397195059943568 -0.006088944680637364 0.007503478011194332 0.0078577240995332271 -0.0023625284956628185 0.10387919516574086 -0.0084264989475150136 0.018846539562811352 0.0250539094836888 0.014555585659076444 -0.0074372728687578374 -0.0094173719733559019 0.00069580976977412512 -0.055970636302615777 -0.011835228459077694 -0.041613677684134036 0.52720838978172335 0.16071726291299396 0.014399513538331967
decision_type=2 2 2 2 2 2 8 2 2 8 2 2 2 2 2 2 8 2 2 2 2 2 2 2 2 2 2 2 2 2
left_child=14 3 15 4 7 -6 10 18 -9 11 -7 27 13 -11 -1 17 -17 -3 20 -20 21 25 -23 24 -21 -2 -24 28 29 -4
right_child=1 2 9 -5 5 6 -8 8 -10 12 -12 -13 -14 -15 -16 16 -18 -19 19 23 -22 22 26 -25 -26 -27 -28 -29 -30 -31
leaf_value=-5.9367671893510639e-05 -3.5995213541202248e-05 -3.0767334623812199e-05 6.2002536372422233e-05 0.00012617222763194741 -0.00017747873986726894 5.5661545850410398e-05 -0.0001192883274125573 -0.00054418199437611175 -1.8608886798687687e-05 0.00014855713433350304 0.0004019184423045449 -0.00054417010013412665 -0.00013166068645486997 -0.00046878193550727016 -0.00032660751882646066 -9.776418166204324e-07 -0.0003257552840892125 -0.0004436711888133877 -0.00020504373934633553 -0.00049745818040514665 0.00030170745168142329 0.00019905556007247341 0.0001651041551458483 -0.00024742566344861398 8.4901958052611154e-05 0.00026354262036186693 -7.6070580057782238e-05 -2.4420406238422848e-05 0.00024461260651742099 9.7402237137848339e-06
leaf_weight=2310 88 187 925 909 611 212 179 53 637 179 121 127 853 59 255 615 79 289 342 69 197 241 99 54 1634 348 612 6427 193 23036
leaf_count=2310 88 187 925 909 611 212 179 53 637 179 121 127 853 59 255 615 79 289 342 69 197 241 99 54 1634 348 612 6427 193 23036
internal_value=0.000135908 0.000319365 1.44075e-05 0.00188885 0.00117792 -0.00336153 0.00302734 0.00234339 -0.00253623 0.000184754 0.00863363 0.000328905 -0.00387259 0.00315126 -0.00268031 -0.00461538 -0.00172911 -0.00882353 0.00325733 0.00156027 0.00550473 0.00399856 0.000997899 0.00348606 0.00409571 0.0105505 -0.00179325 0.000375233 0.000720378 0.000643754
internal_weight=41940 39375 32969 6406 5497 1123 512 4374 690 31799 333 30708 1091 238 2565 1170 694 476 3684 2099 1585 1388 952 1757 1703 436 711 30581 24154 23961
internal_count=41940 39375 32969 6406 5497 1123 512 4374 690 31799 333 30708 1091 238 2565 1170 694 476 3684 2099 1585 1388 952 1757 1703 436 711 30581 24154 23961
is_linear=0
shrinkage=0.05


Tree=43
num_leaves=31
num_cat=0
split_feature=13 13 5 14 6 13 13 10 13 11 14 11 11 11 13 3 12 14 14 12 11 11 11 11 11 13 14 14 14 14
split_gain=8.54941 8.04794 8.35081 6.68203 5.92626 6.13052 6.35927 9.95592 7.12914 10.207 7.062 11.3208 12.0606 8.669 7.41732 6.2605 5.92543 5.77671 5.74075 5.16098 5.13385 10.0833 10.0852 8.12777 9.09334 7.36748 6.98158 14.1972 7.22216 12.2666
threshold=43.015001296997077 33.719999313354499 0.021071171938315227 -0.19490876951167976 0.38827397569406091 12.325000286102297 13.744999885559084 -0.0077272822899705487 13.934999942779543 0.020527349767636042 0.01016731697942619 0.013609054079026685 0.0013310073142193126 0.0077476291069551459 12.88000011444092 0.0064350242520948573 0.025521140781716415 -0.04841526643133464 -0.044386160859696593 -0.075828254732232245 0.017027249014991756 0.017946069561085468 0.018473539539137333 0.014880689278647387 0.015296140057879161 14.994999885559084 -0.0066427814256201914 -0.0049345356588886271 -0.037778052319122728 -0.041031725575055404
decision_type=2 2 2 2 2 2 2 2 2 2 2 2 2 2 2 2 2 2 2 2 2 2 2 2 2 2 2 2 2 2
left_child=1 2 4 -4 5 18 7 -7 9 -8 11 12 17 14 -12 16 -13 -9 -1 -5 23 -22 -23 26 -25 -26 28 -28 29 -10
right_child=-2 -3 3 19 -6 6 8 10 20 -11 13 15 -14 -15 -16 -17 -18 -19 -20 -21 21 22 -24 24 25 -27 27 -29 -30 -31
leaf_value=-0.000295548656526908 -0.00041347123655013207 0.00020244082738494432 -0.0014562354349151889 0.00015927295977723611 -1.4881719105762359e-05 0.00028028362799275956 -0.00012165706126174136 0.00014948392685545838 1.4822512913177049e-06 0.00013015532064537488 0.00010154198237752742 9.6985421579785276e-05 0.00012483868832996261 2.7554723667687594e-05 -0.00024032866923067339 -0.00020797710223892938 -1.6294788929332941e-05 -5.3801140747739095e-05 -4.5154870359772611e-05 -6.1031714721357726e-05 0.00017799877264241905 -0.00033964889640614556 3.3819927380219793e-05 -0.00037474336227180031 -0.00027278746776180138 1.1857380808768733e-05 0.00015950913970902097 2.505063350956953e-05 -4.4681188439851459e-05 0.00022401923939203256
leaf_weight=82 156 212 63 150 9706 77 677 110 3781 76 43 275 1440 806 267 133 946 409 525 5339 282 105 3231 108 170 515 274 8419 3269 289
leaf_count=82 156 212 63 150 9706 77 677 110 3781 76 43 275 1440 806 267 133 946 409 525 5339 282 105 3231 108 170 515 274 8419 3269 289
internal_value=0.000144867 0.000188492 0.000138932 -0.00166607 0.000417187 0.000806758 0.000924053 0.00262983 0.000561427 -0.00421647 0.00231994 0.00347872 0.00590863 -0.00112007 -0.00822581 -3.69276e-05 0.00108518 -0.000626204 -0.0041598 -0.00148023 0.000737416 0.0024461 0.00167866 0.000369985 -0.00457125 -0.00244526 0.000614396 0.0015731 -0.000521188 0.000884521
internal_weight=41935 41779 41567 5552 36015 26309 25702 4506 21196 753 4429 3313 1959 1116 310 1354 1221 519 607 5489 20443 3618 3336 16825 793 685 16032 8693 7339 4070
internal_count=41935 41779 41567 5552 36015 26309 25702 4506 21196 753 4429 3313 1959 1116 310 1354 1221 519 607 5489 20443 3618 3336 16825 793 685 16032 8693 7339 4070
is_linear=0
shrinkage=0.05


Tree=44
num_leaves=31
num_cat=0
split_feature=13 14 11 14 13 11 12 12 13 12 13 11 11 11 11 11 16 13 15 15 11 11 14 16 13 16 14 14 11 14
split_gain=7.85237 8.46162 11.7495 10.4217 8.19108 13.3141 16.0185 12.1562 8.67452 7.8546 10.2942 12.1373 14.9503 10.3525 15.1654 12.1759 13.0498 22.9667 12.0757 9.64077 9.17215 14.3905 17.5666 12.9473 8.57118 8.51974 11.2952 9.74834 13.1165 11.2322
threshold=17.394999504089359 -0.086337752297859935 0.023193320881576888 -0.098691693357393515 16.550000190734867 -0.0037226818138522129 0.011040708270440904 0.060736863464118891 16.579999923706058 0.049504484069908934 15.375000000000002 0.029305077851743303 0.020527349767636042 0.0025776305361616685 0.011995424510659937 -0.001015473404730127 -0.0065172087814021054 14.444999694824221 -0.0037160721901087208 -0.004105339383085326 0.01723808414084094 0.014107159275651539 -0.0059106162699663059 0.0024216582938610958 16.260000228881839 0.017240221468757259 0.048234950984074383 -0.0091057157714133346 0.0038135025222709733 -0.001390218635627771
decision_type=2 2 2 2 2 2 2 2 2 2 2 2 2 2 2 2 2 2 2 2 2 2 2 2 2 2 2 2 2 2
left_child=1 2 3 -1 7 6 -6 9 -7 10 13 12 25 15 18 -3 17 -17 19 -15 21 22 -16 -24 -13 27 -27 28 -12 -29
right_child=-2 4 -4 -5 5 8 -8 -9 -10 -11 11 24 -14 14 20 16 -18 -19 -20 -21 -22 -23 23 -25 -26 26 -28 29 -30 -31
leaf_value=-1.6073144459314086e-05 -1.361643538205881e-05 1.2491339148528337e-05 0.00026682258498436547 0.00014395442886696951 4.1574088066358953e-05 0.0002580602774162207 0.00027913164845386521 0.00010722647605715483 6.5556969557366288e-06 -6.871494324118414e-05 -0.00026290209470466417 0.00037101129268541445 -0.00037193523600688688 -1.8396786039302609e-06 -0.00011144890701821303 -0.00012889096006502349 -0.00020496901267379907 0.00027897474956187972 9.6828887717942451e-05 -0.00056902050896466148 3.4835178716305976e-05 -0.00013904311276958476 -8.73372412918694e-05 0.00016393625014312179 -5.0928194381603698e-06 -7.9888715757955175e-05 -0.00047242075623502483 0.00025602171171502464 -1.5821962784389604e-05 3.6067793916276127e-06
leaf_weight=706 16742 2544 154 559 656 105 454 704 3139 1461 566 151 245 399 461 462 661 158 2592 52 3311 1036 147 467 156 762 104 257 1069 1830
leaf_count=706 16742 2544 154 559 656 105 454 704 3139 1461 566 151 245 399 461 462 661 158 2592 52 3311 1036 147 467 156 762 104 257 1069 1830
internal_value=0.000186417 0.000741091 0.0044926 0.00290514 0.000518811 0.00248048 0.00720721 8.29293e-05 0.000863132 -0.000157482 0.000137694 -0.00174125 -0.00235361 0.000923515 0.001899 -0.00123529 -0.00521077 0 0.00472396 -0.00282705 0.000313537 -0.00226196 0.0017907 0.00732899 0.00789902 -0.00171099 -0.00617783 -0.000671682 -0.00356269 0.0015932
internal_weight=42110 25368 1419 1265 23949 4354 1110 19595 3244 18891 17430 5140 4833 12290 8465 3825 1281 620 3043 451 5422 2111 1075 614 307 4588 866 3722 1635 2087
internal_count=42110 25368 1419 1265 23949 4354 1110 19595 3244 18891 17430 5140 4833 12290 8465 3825 1281 620 3043 451 5422 2111 1075 614 307 4588 866 3722 1635 2087
is_linear=0
shrinkage=0.05


Tree=45
num_leaves=31
num_cat=0
split_feature=4 15 10 16 11 16 10 16 12 3 15 12 12 12 4 12 2 16 11 16 15 11 11 9 12 12 10 16 3 10
split_gain=9.18381 5.27982 5.52549 6.18929 7.21156 5.27341 10.6335 9.14199 8.60972 6.69973 7.52491 8.49426 8.4555 5.89066 5.19999 5.12068 4.53995 4.4719 8.18734 9.23468 10.9986 11.6943 10.7889 9.23431 8.65672 7.97347 7.86992 10.0637 7.41306 7.34405
threshold=0.032208893520612396 0.027809298544112186 0.0097813689892826145 -0.0096175143317834815 0.041951569626952907 -0.016651013185411342 -0.023232584216571036 -0.021346404193649911 0.057873596393828615 -0.010219507164166862 -0.012165735853255142 -0.040334955259991249 -0.029694361346674355 0.095724782910464948 0.015274700907567013 0.032816284988903439 -0.013576904619978512 -0.0016199184022475663 0.017027249014991756 -0.0074467456274150958 0.0078577240995332271 -0.00050211682631745569 -0.005167403024051608 0.24467793246534045 0.034736812074913422 0.0062346335449628984 -0.010112214023305697 0.017979046424714044 0.0080357745785930596 -0.01521359351313417
decision_type=2 2 2 2 2 2 2 2 2 2 2 2 2 2 2 2 2 2 2 2 2 2 2 8 2 2 2 2 2 2
left_child=5 2 -2 -4 -5 7 -7 8 9 -1 15 -12 -13 14 -8 -11 -6 18 19 29 21 22 28 -22 -20 -24 27 -19 -21 -16
right_child=1 -3 3 4 16 6 13 -9 -10 10 11 12 -14 -15 17 -17 -18 26 24 20 23 -23 25 -25 -26 -27 -28 -29 -30 -31
leaf_value=-0.00027081844958480486 -6.1379702810594047e-05 -0.0016297701996643898 0.00021600701379274605 -8.3013957064132819e-05 0.00061932300081787275 -0.0010903544720177595 4.2349818242663225e-05 8.3356423157153001e-05 0.00014211474471543414 6.3397763667635493e-05 0.00015709864162343309 -0.00019118016304078123 -2.3197823608827729e-05 -0.00014781786004336743 0.0002033822130619133 0.0004088436510715138 -6.2663657485030966e-07 -2.7796946840089043e-05 0.00011814313722168353 -0.0001242911824643631 0.00016057703177170567 -0.00017920044124251 0.00021923804920722674 -9.8287597511848284e-05 -7.785998639758983e-05 3.5096607820688919e-05 1.4830380635939921e-05 -0.00023747865098163614 0.00023815018483775999 -5.7708963407097221e-06
leaf_weight=254 6461 52 313 671 63 73 2026 2045 308 494 257 99 1881 321 191 45 45 923 662 953 300 1430 84 175 405 466 16563 237 83 4103
leaf_count=254 6461 52 313 671 63 73 2026 2045 308 494 257 99 1881 321 191 45 45 923 662 953 300 1430 84 175 405 466 16563 237 83 4103
internal_value=0.00014232 -0.00142998 -0.00132067 0.00196886 -0.000417202 0.000490139 0.000223314 0.00192736 0.00031456 -0.00049505 0.000216138 -0.00106169 -0.00217172 0.00027142 0.000347016 0.00551948 0.0115741 0.000160865 -0.000756891 -0.00131985 -0.00322973 -0.0043435 -0.00138714 0.00384211 0.00335052 0.00427273 0.000619252 -0.00336207 -0.00439189 0.000232883
internal_weight=41983 7605 7553 1092 779 34378 28995 5383 3338 3030 2776 2237 1980 28922 28601 539 108 26575 8852 7785 3491 3016 1586 475 1067 550 17723 1160 1036 4294
internal_count=41983 7605 7553 1092 779 34378 28995 5383 3338 3030 2776 2237 1980 28922 28601 539 108 26575 8852 7785 3491 3016 1586 475 1067 550 17723 1160 1036 4294
is_linear=0
shrinkage=0.05


Tree=46
num_leaves=31
num_cat=0
split_feature=4 16 16 10 16 12 15 10 14 8 6 15 10 9 10 14 15 7 0 10 12 16 10 16 16 9 10 14 12 14
split_gain=8.05957 4.93154 6.84465 5.98973 5.51509 5.42383 6.10546 5.20533 4.5739 4.31032 4.23316 3.89336 4.5227 6.29742 10.5133 5.98234 5.94432 7.56663 5.70666 5.59295 4.84277 4.05451 4.22178 4.14558 3.99315 3.90735 3.88891 3.70094 9.35838 12.1143
threshold=0.024694003537474061 0.035023631652948202 0.026587056482518915 -0.0015422325614574126 0.028844617333709247 0.033921054671782865 -0.0024448449808805446 -0.0054343681151217118 0.0071322940265206034 0.11443170141987137 3.3887971663947476 0.027809298544112186 0.0092344567550487495 -0.47857182474103632 0.0097813689892826145 -0.10344834121785244 -0.00071301365217529822 -0.053937119361772305 0.0087583376485850257 0.010212906219511321 0.047608041860818802 -0.0093028369597443188 0.010524414254028504 -0.010166253858879369 0.021150194118954028 0.35552778583786254 0.00097855070405028521 0.23397195059943568 -0.0067439083526363843 0.57916123255262542
decision_type=2 2 2 2 2 2 2 2 2 8 2 2 2 10 2 2 2 2 2 2 2 2 2 2 2 10 2 2 2 2
left_child=9 2 10 8 -5 6 -3 -8 -4 -1 11 12 25 14 -14 -16 18 -18 19 -15 21 23 -23 -19 -24 27 -6 -2 29 -29
right_child=1 5 3 4 26 -7 7 -9 -10 -11 -12 -13 13 16 15 -17 17 20 -20 -21 -22 22 24 -25 -26 -27 -28 28 -30 -31
leaf_value=1.8508640653452275e-05 -1.1871550770684026e-05 -0.00013493718964307543 0.00016685050562394033 -0.00051409495636735357 -0.00032181203800008251 -9.1949435494360053e-05 -0.00021570079507764731 0.00015563679077647957 -0.00011824412926532499 -2.9808882145496932e-05 -0.00022774425632987821 -0.0014038099651869807 0.00038336268239921932 0.00040566584361471735 -0.0003905727837998107 -4.8725733060280432e-05 0.00029522299090456152 0.00015914337880294601 -0.00035142427604464399 -0.00012712157221494888 -4.5666614488100011e-05 0.00020215175107555044 -2.9287143432018062e-05 0.00039162009027411416 0.00016049677556154038 -0.00032715874311840365 -4.3472324553657515e-05 -0.00082229025391997211 0.00025647973866235421 8.2017037524222591e-05
leaf_weight=21399 14196 122 58 133 116 125 65 466 126 1469 345 51 55 56 104 311 312 237 74 124 306 218 681 45 118 158 267 147 71 70
leaf_count=21399 14196 122 58 133 116 125 65 466 126 1469 345 51 55 56 104 311 312 237 74 124 306 218 681 45 118 158 267 147 71 70
internal_value=0.000199286 -0.000557238 -0.000722292 -0.00557143 -0.00833333 0.0033419 0.00516845 0.00748588 0.00217391 0.000833042 -0.00053029 -0.000421138 -0.000380432 0.00152404 -0.0037234 -0.00644578 0.00266006 0.00361242 -0.00452756 0.000277778 0.00222741 0.00356043 0.00208948 0.00886525 0.000406758 -0.000723945 -0.00528721 -0.000638636 -0.00625 -0.0114055
internal_weight=42025 19157 18379 700 516 778 653 531 184 22868 17679 17334 17283 2641 470 415 2171 1917 254 180 1605 1299 1017 282 799 14642 383 14484 288 217
internal_count=42025 19157 18379 700 516 778 653 531 184 22868 17679 17334 17283 2641 470 415 2171 1917 254 180 1605 1299 1017 282 799 14642 383 14484 288 217
is_linear=0
shrinkage=0.05


Tree=47
num_leaves=31
num_cat=0
split_feature=13 13 4 16 10 16 16 9 16 10 16 13 16 13 13 13 11 14 9 11 8 14 10 14 11 10 10 10 10 11
split_gain=6.57396 7.58485 6.88252 6.46927 12.9438 9.01186 9.67039 9.52279 9.12757 16.345 8.70131 10.2555 7.55521 8.09004 10.0971 15.4749 9.19055 8.79422 9.45291 8.45039 8.25825 8.06905 8.19651 10.9489 8.28937 6.36328 6.18609 6.05171 10.1842 6.01699
threshold=43.015001296997077 33.719999313354499 0.036061402361462748 -0.016651013185411342 -0.023232584216571036 -0.021346404193649911 -0.023441307794077156 -0.31423403852766568 -0.024364191249977126 -0.0037293651666452927 -0.026943830130190301 16.125000000000004 -0.014249383055903618 24.779999732971195 20.980000495910648 20.375000000000004 0.014627059991814352 -0.081825770158787711 0.32478397682945886 -0.016802988211636779 0.2065254335094521 0.23397195059943568 -0.0084264989475150136 0.004407866869301503 0.0079258183849449954 -0.0023625284956628185 0.014637781803213958 -0.016935557307996004 -0.013932246020769588 -0.011292646731903553
decision_type=2 2 2 2 2 2 2 10 2 2 2 2 2 2 2 2 2 2 8 2 8 2 2 2 2 2 2 2 2 2
left_child=1 2 3 5 -5 6 8 -8 10 -10 11 -1 25 14 15 20 26 19 21 -16 27 22 -19 24 -24 -6 -17 -14 -29 -12
right_child=-2 -3 -4 4 12 -7 7 -9 9 -11 29 -13 13 -15 17 16 -18 18 -20 -21 -22 -23 23 -25 -26 -27 -28 28 -30 -31
leaf_value=-9.5258560612245579e-05 -0.00037127065581081742 0.00017417394912985177 -5.2025445074726542e-05 -0.00098734581597671885 -0.00017693308771970676 8.4956957739141742e-05 6.5028152088343792e-05 -0.00022647062887649558 0.00029796997429760606 -2.2211294202426243e-05 -0.00025153941668258693 7.8019902917573919e-05 0.00026643414962763501 0.0001436732142236258 7.0793222791854651e-05 6.3534833658534029e-05 0.00029174339446513852 4.2551193059810373e-05 0.00025667411638519562 -0.00038183998503107117 -0.00010077671732870251 -0.0009111865778849244 -0.00010139793518275992 -0.000307510918163295 0.00012112107281722703 -2.0348869559049226e-05 0.00057120530185570957 -0.00015956251869880353 9.3516519298061672e-06 -1.3236580914594877e-05
leaf_weight=518 149 200 4757 86 430 2178 140 353 172 165 276 1628 133 523 72 698 131 449 141 218 851 41 300 320 182 619 41 465 25398 352
leaf_count=518 149 200 4757 86 430 2178 140 353 172 165 276 1628 133 523 72 698 131 449 141 218 851 41 300 320 182 619 41 465 25398 352
internal_value=0.000248892 0.00028623 0.000239571 0.000470445 0.000184899 0.00200623 0.000471698 -0.00603448 0.00150273 0.009273 0.00055876 0.00207363 0.000238617 0.000384641 0.000275136 0.000506007 0.00706897 -0.00343877 -0.00183182 -0.0113793 0.000293329 -0.00317337 -0.00245803 -0.00548628 -0.000726141 -0.00393232 0.00490528 0.000451993 0.000397286 -0.00461783
internal_weight=41986 41837 41637 36880 31098 5782 3604 493 3111 337 2774 2146 31012 29963 29440 27717 870 1723 1433 290 26847 1292 1251 802 482 1049 739 25996 25863 628
internal_count=41986 41837 41637 36880 31098 5782 3604 493 3111 337 2774 2146 31012 29963 29440 27717 870 1723 1433 290 26847 1292 1251 802 482 1049 739 25996 25863 628
is_linear=0
shrinkage=0.05


Tree=48
num_leaves=31
num_cat=0
split_feature=16 10 12 10 16 12 12 12 13 14 16 9 16 10 14 12 9 9 13 14 8 10 10 10 14 13 10 9 13 14
split_gain=6.504 11.6206 11.5804 10.0525 9.39058 10.246 11.9421 9.74607 16.6039 10.4105 8.80389 11.2926 8.73725 7.81266 11.3487 6.79353 6.45203 6.4297 6.35933 6.11783 5.83046 5.69078 11.0114 10.2425 8.97387 7.64062 7.00482 13.5975 10.3371 7.05989
threshold=-0.016651013185411342 -0.029463617054616639 0.027728982804785422 -0.0043670108035313007 -0.021346404193649911 0.018300585025284647 0.012875876838212565 -0.052281388412141021 43.015001296997077 0.12307845124318741 -0.026943830130190301 0.20181388229039068 -0.014249383055903618 0.012431899101191137 -0.043478201036805324 0.00075809453830288931 -0.27244438101967794 -0.058152289862468114 18.94999980926514 0.082777995482000835 0.16206514849795364 0.0044246157034957276 0.0039444096736985798 0.0041528827326416948 -0.093449770795740669 14.920000076293947 0.0046996532784961973 0.32478397682945886 12.119999885559084 0.013406221047230662
decision_type=2 2 2 2 2 2 2 2 2 2 2 8 2 2 2 2 10 8 2 2 8 2 2 2 2 2 2 8 2 2
left_child=2 -2 4 -4 5 6 7 8 -1 10 13 18 15 14 -9 -3 -17 -6 -12 -5 21 22 24 -24 -14 -25 27 -23 -28 -30
right_child=1 12 3 19 17 -7 -8 9 -10 -11 11 -13 20 -15 -16 16 -18 -19 -20 -21 -22 26 23 25 -26 -27 28 -29 29 -31
leaf_value=0.00019459419527600397 -0.0016474581643072146 4.2908356200680161e-05 0.00019825685242930982 7.5216653780462147e-05 0.00021925194170196728 -0.00020849063853831752 0.00020248116286749422 0.00026255504105914131 -0.00039211834317452179 7.1534950058171291e-05 -9.0060387539171735e-05 2.8346543634993199e-06 0.00033365697232451197 -0.00050115701530964267 -3.4422998792547553e-05 -0.00034985359971895713 -9.9004365884808673e-05 3.5367172595892001e-05 -0.00040571611319675023 -0.000222541646570114 -7.3632685693903e-05 0.00019884184822455448 -0.00034303060164900918 0.00010637356831874846 -2.9772837597680843e-06 -0.00012185254946737203 -0.00029979307895447617 -0.00017843513270827011 1.2181625271337352e-05 9.7307302337545538e-05
leaf_weight=460 51 297 460 1020 391 471 251 152 148 454 175 314 102 106 806 179 739 1510 417 51 1627 245 359 132 19996 339 98 96 9939 654
leaf_count=460 51 297 460 1020 391 471 251 152 148 454 175 314 102 106 806 179 739 1510 417 51 1627 245 359 132 19996 339 98 96 9939 654
internal_value=0.000112396 -0.00017 0.00148205 0.00533965 0.000437666 -0.00101225 -2.2845e-05 -0.000890501 0.00476974 -0.00231023 -0.00388325 -0.00750552 -0.00013505 -0.000798872 0.000626305 -0.00430041 -0.00642702 0.00330089 -0.0115709 0.00268441 1.5631e-05 0.000164268 -0.000320145 -0.00596386 -8.70733e-05 -0.00111465 0.00108321 0.00813783 0.000858198 0.00100774
internal_weight=42039 34853 7186 1531 5655 3754 3283 3032 608 2424 1970 906 34802 1064 958 1215 918 1901 592 1071 33587 31960 20928 830 20098 471 11032 341 10691 10593
internal_count=42039 34853 7186 1531 5655 3754 3283 3032 608 2424 1970 906 34802 1064 958 1215 918 1901 592 1071 33587 31960 20928 830 20098 471 11032 341 10691 10593
is_linear=0
shrinkage=0.05


Tree=49
num_leaves=31
num_cat=0
split_feature=5 14 12 14 14 14 15 14 12 12 10 16 16 10 14 6 12 15 16 12 15 16 8 15 14 12 16 16 12 12
split_gain=7.08468 7.93383 8.38969 10.3261 5.73757 13.1055 11.5522 9.51931 8.16206 8.43904 7.0939 6.40924 6.23113 6.05419 6.09021 5.11641 5.055 5.92936 5.00316 6.10411 8.18467 4.87644 4.7014 4.44488 9.27032 8.14143 6.66171 9.00352 9.30079 9.10752
threshold=0.013198379039039228 0.23397195059943568 -0.0075921300584320664 0.57916123255262542 0.083812216488613714 0.076607678117126224 -0.0034002231748159746 0.066707247335420675 0.032816284988903439 0.014344478951051955 -0.01853412807423643 0.013399254298304132 -0.01157890549201712 -0.01425655493307104 0.099742575354610077 3.0662725249647429 -0.0026365785957633832 -0.016734153112314628 0.035023631652948202 0.033921054671782865 -0.0024448449808805446 0.030752587217881659 0.124429810807014 0.0037540582515737113 0.059971774713864064 0.12384637745116912 0.0029923572113408352 -0.017199617793921259 0.029962761460985091 0.057873596393828615
decision_type=2 2 2 2 2 2 2 2 2 2 2 2 2 2 2 2 2 2 2 2 2 2 8 2 2 2 2 2 2 2
left_child=-1 4 3 -3 5 7 10 15 9 13 -7 -8 -9 22 -15 18 17 -16 21 20 -20 23 -6 25 -25 26 27 29 -29 -2
right_child=1 2 -4 -5 8 6 11 12 -10 -11 -12 -13 -14 14 16 -17 -18 -19 19 -21 -22 -23 -24 24 -26 -27 -28 28 -30 -31
leaf_value=1.6792853197097002e-05 -1.3379023808366081e-05 -0.0006589121426884934 7.0240018441343916e-05 0.00010412810255548741 0.00014245066938610071 0.00011155082517811666 -0.0001720767561428699 0.00026371389512459169 0.00019621598202127421 -0.00018018047268720096 -0.0004567958379690549 0.00026038251821921182 3.1271050225275666e-05 9.922480098944198e-05 -0.00075106398213503991 -0.00013842663560867708 5.4468669692865888e-05 -9.0275985535989445e-05 -0.00015745882922223924 -7.7741001769161044e-05 0.00012667281207996801 -0.00015428826882656969 -6.8611592576472806e-05 1.89465574706422e-05 -0.00057321986601849772 -0.00057665367506025726 1.1302298701724089e-05 -3.027519950325325e-05 -0.00013914655314279756 0.00016308235926293399
leaf_weight=14424 2256 193 133 45 836 54 202 211 341 277 328 79 353 215 49 551 379 493 147 216 663 321 113 7740 106 138 5406 3427 1834 438
leaf_count=14424 2256 193 133 45 836 54 202 211 341 277 328 79 353 215 49 551 379 493 147 216 663 321 113 7740 106 138 5406 3427 1834 438
internal_value=0.000117947 -0.000352164 -0.00761456 -0.0132353 -0.000253009 -0.000494483 -0.00742836 -0.000301382 0.00193304 0.000889077 -0.013089 0.000266904 0.00611702 0.00197842 -0.000484155 -0.000457127 -0.00225299 -0.00535055 -0.00034153 0.00307018 0.00506173 -0.000503092 0.00492624 -0.000411103 0.000535305 -0.000961182 -0.000836389 -0.00175676 -0.00296046 0.000593912
internal_weight=41968 27544 371 238 27173 24470 663 23807 2703 2362 382 281 564 2085 1136 23243 921 542 22692 1026 810 21666 949 21345 7846 13499 13361 7955 5261 2694
internal_count=41968 27544 371 238 27173 24470 663 23807 2703 2362 382 281 564 2085 1136 23243 921 542 22692 1026 810 21666 949 21345 7846 13499 13361 7955 5261 2694
is_linear=0
shrinkage=0.05


Tree=50
num_leaves=31
num_cat=0
split_feature=3 4 13 13 3 14 14 15 13 15 15 11 15 1 13 11 11 13 11 14 11 15 5 11 15 14 3 15 13 15
split_gain=7.08653 5.67017 4.95624 5.59295 5.56149 5.84643 6.57905 7.36341 9.76685 9.02428 7.13644 7.19678 6.74731 9.51685 6.20498 6.12387 6.07954 6.04223 5.621 8.07902 6.42742 5.62859 6.9167 5.57038 7.60611 5.43456 5.12403 5.01378 6.50235 4.95088
threshold=-0.0079869743773298123 0.036061402361462748 25.010000228881839 26.85000038146973 0.007503478011194332 -0.037374592254897913 -0.03897851358283843 0.00014437628943619887 17.180000305175785 0.0094582507451584936 -0.0057538108540455815 -0.0023578954464546493 0.003937687934796986 -0.0074123251871708864 18.444999694824222 0.030456421062291409 0.0025776305361616685 14.675000190734865 0.026483483019392965 -0.026973540467474796 0.022655282977909755 0.0066926279442526279 0.013198379039039228 0.015980526956462796 -0.0050069855017573208 -0.03286597934359297 0.00062680373150347812 -0.012165735853255142 14.244999885559084 0.0085334648309531875
decision_type=2 2 2 2 2 2 2 2 2 2 2 2 2 2 2 2 2 2 2 2 2 2 2 2 2 2 2 2 2 2
left_child=29 2 4 -4 5 6 7 10 9 -9 -2 -12 13 -10 -14 -8 -15 -11 19 23 27 22 -22 24 -7 -26 -25 28 -21 -1
right_child=1 -3 3 -5 -6 18 15 8 12 17 11 -13 14 16 -16 -17 -18 -19 -20 20 21 -23 -24 26 25 -27 -28 -29 -30 -31
leaf_value=-3.2668211173145573e-05 5.644387124578636e-05 -4.1680561805717284e-05 0.00015699559042054814 2.7413976990821323e-05 -3.0906014515039248e-05 6.9067556372991523e-05 0.00017105091551740913 8.9632377834977632e-05 -0.00028468661358752799 0.000128026126868606 9.3398309103090877e-05 -0.00011637120269929088 -3.7868856082940754e-05 -0.00037226923225188249 7.6298739204769871e-05 -0.00012435490369985762 7.0596517755237473e-05 -5.2970361641898173e-05 5.208282510225475e-05 0.0002835935862278286 5.5036842628009251e-05 -0.00021581675612297017 -0.00011104230190016139 0.00010556278771534775 -5.8433632582808199e-05 -0.00025505785616292625 -6.8682350185594014e-05 8.584261669595996e-06 5.1745236208222605e-05 -0.00021865183674720987
leaf_weight=3876 573 3892 422 527 3392 221 401 2276 185 190 299 1136 611 57 926 61 158 508 2023 45 224 108 339 195 559 532 215 16914 861 378
leaf_count=3876 573 3892 422 527 3392 221 401 2276 185 190 299 1136 611 57 926 61 158 508 2023 45 224 108 339 195 559 532 215 16914 861 378
internal_value=0.000254133 0.000471598 0.00067878 0.00424131 0.000576358 0.000795996 0.00201531 0.00162957 0.00267257 0.00447209 -0.000921315 -0.00280488 -9.03459e-05 -0.005875 0.00141509 0.00779221 0.00127907 -0.000501433 0.000391257 0.000139762 0.000444811 -0.00435917 -0.00235346 -0.00313589 -0.00472561 -0.00643905 0.00195122 0.000625701 0.00424945 -0.00168077
internal_weight=42104 37850 33958 949 33009 29617 7381 6919 4911 2974 2008 1435 1937 400 1537 462 215 698 22236 20213 18491 671 563 1722 1312 1091 410 17820 906 4254
internal_count=42104 37850 33958 949 33009 29617 7381 6919 4911 2974 2008 1435 1937 400 1537 462 215 698 22236 20213 18491 671 563 1722 1312 1091 410 17820 906 4254
is_linear=0
shrinkage=0.05


Tree=51
num_leaves=31
num_cat=0
split_feature=3 12 16 13 16 15 12 14 10 11 11 13 12 3 10 10 14 14 15 13 15 16 15 14 14 12 11 16 10 16
split_gain=6.37867 7.5739 11.8329 11.1356 8.19897 5.77439 7.45041 7.46267 6.95486 6.5196 6.0105 9.58303 5.80245 5.59347 8.00539 7.18071 6.15938 5.72908 5.50889 7.06565 5.46432 11.9602 10.974 8.66798 7.55828 7.18761 7.12159 9.45896 6.39921 5.55496
threshold=-0.0030403352174478422 -0.0018734111574215115 0.019366013425729526 21.724999427795414 0.023397377542890511 0.0099727778482578983 -0.0097422430740965443 0.23397195059943568 0.0014914838547043232 0.021459813769517781 -0.011803464465557354 21.134999275207523 -0.067575667738432196 0.0043518761079132115 0.0083489150088474923 0.0082345792239612043 -0.10344834121785244 -0.098691693357393515 -0.011128384238419662 27.365000724792484 0.0037540582515737113 0.0035345377241721159 0.0054628517339444524 -0.04841526643133464 -0.10344834121785244 0.073733848686565309 0.0056453064529209404 -0.0077630274563844073 0.0019017774860140559 0.010397404480391727
decision_type=2 2 2 2 2 2 2 2 2 2 2 2 2 2 2 2 2 2 2 2 2 2 2 2 2 2 2 2 2 2
left_child=1 2 5 -3 -4 6 7 9 -7 18 -8 -12 -9 14 15 16 -2 -18 -1 -20 23 24 28 26 -22 -25 -15 -28 -23 -24
right_child=13 3 4 -5 -6 8 10 12 -10 -11 11 -13 -14 20 -16 -17 17 -19 19 -21 21 22 29 25 -26 -27 27 -29 -30 -31
leaf_value=8.7631381177878583e-05 0.00019325226061403533 -5.1043356343161329e-06 -0.00038119805436888664 0.00025141044037029452 -6.3425489796974582e-05 0.00020161591090184558 5.0568458640750784e-06 -9.7315103266714189e-05 -0.00033290704101486708 0.00022969836985844177 -0.00010623883648185079 -0.00073654717349797829 -0.0015886497244057551 -0.00035986298411536777 5.1984009990146835e-05 -0.00039413224371521853 -0.00061026853751204298 1.2335729268904547e-05 1.5270069753145488e-06 -0.00035891726660278606 -3.5678349473899743e-05 -3.8572039141096833e-05 -0.00020190192604231758 -2.5214636819092219e-06 0.00010757772030813386 -0.00023859252842218221 0.00014706052936554629 -0.00011636037199917976 0.00014624712797859908 -3.0260165463902442e-05
leaf_weight=359 184 7762 204 202 168 51 276 81 242 124 305 100 53 272 2934 88 42 17986 1547 152 341 206 479 3647 1220 282 72 524 462 1620
leaf_count=359 184 7762 204 202 168 51 276 81 242 124 305 100 53 272 2934 88 42 17986 1547 152 341 206 479 3647 1220 282 72 524 462 1620
internal_value=0.000174467 -0.000821435 -0.00270344 4.39478e-05 -0.0111559 -0.00174772 -0.00109276 0.000259067 -0.0084471 0.00096242 -0.00569016 -0.0095679 -0.011194 0.000555848 0.00100075 0.000612022 0.00068087 0.000587974 0.000291545 -0.000897587 -0.000479452 0.000808688 -0.00116552 -0.00164165 0.00430814 -0.000642657 -0.00616359 -0.00310403 0.00441617 -0.00294188
internal_weight=41985 11626 3662 7964 372 3290 2997 2316 293 2182 681 405 134 30359 21234 18300 18212 18028 2058 1699 9125 4328 2767 4797 1561 3929 868 596 668 2099
internal_count=41985 11626 3662 7964 372 3290 2997 2316 293 2182 681 405 134 30359 21234 18300 18212 18028 2058 1699 9125 4328 2767 4797 1561 3929 868 596 668 2099
is_linear=0
shrinkage=0.05


Tree=52
num_leaves=31
num_cat=0
split_feature=5 15 15 15 15 16 12 14 14 14 12 16 10 10 16 9 13 13 0 15 12 12 12 13 13 10 9 10 14 12
split_gain=6.72003 5.3051 13.4514 9.48633 14.1006 11.1028 10.908 11.8401 13.6046 11.7633 10.0047 9.2848 10.9455 8.33481 8.37424 8.21641 7.733 9.4976 7.61429 6.85054 6.8103 6.46471 7.97434 7.38493 6.9157 6.74255 6.24025 6.22961 6.20193 11.3412
threshold=0.036348666647424414 0.010147256577635934 0.010401381671425127 0.0037540582515737113 0.0042929333782234522 -0.0074467456274150958 0.022857146969946566 -0.14858037571203178 -0.10344834121785244 -0.037983330078441173 0.12384637745116912 -0.0035140826456706016 0.0084307108774345236 0.015549884952093642 0.0012421910731806875 0.057937510079771888 12.555000305175783 14.920000076293947 0.025514111077661442 0.004828264691475904 0.066825608086901869 0.01773640557143186 -0.0067439083526363843 19.010000228881839 14.465000152587892 -0.0042544588401209329 -0.053936428556117626 0.00038115432096208496 -0.042837654521053752 0.060736863464118891
decision_type=2 2 2 2 2 2 2 2 2 2 2 2 2 2 2 10 2 2 2 2 2 2 2 2 2 2 10 2 2 2
left_child=1 3 -3 10 26 15 7 -7 -9 -10 18 12 -8 14 19 -6 -16 20 28 -13 -18 22 27 25 -23 -24 -5 -11 29 -1
right_child=-2 2 -4 4 5 6 11 8 9 21 -12 13 -14 -15 16 -17 17 -19 -20 -21 -22 24 23 -25 -26 -27 -28 -29 -30 -31
leaf_value=-4.6037377424318571e-05 -0.00035361802725438054 -0.00023656602080603272 -1.1655414587775395e-05 3.1953009711491435e-05 0.00013022246481334327 0.00031894386480756456 -0.00038912660549656895 -0.00020316599393731469 7.0357101323687441e-05 -6.8451509889286242e-05 -0.00054907868886384882 -0.00012883998245948879 0.00013174255394854631 0.00045631166849612319 -0.00015822847628698753 -1.9396421087578735e-05 5.178190448609124e-05 -3.1818833483076779e-05 -0.00013941769457271417 0.00019096343870499691 0.00020144886350958289 4.8755236601837972e-05 0.00011473475766851268 0.00032316042077889476 -0.00048353306458786345 -7.0542112525940676e-05 0.00016618690300177052 -0.00034749868129433764 8.5777934778740086e-06 0.00019948078972784175
leaf_weight=3664 323 316 4017 437 1111 54 210 404 941 306 155 51 147 55 151 376 1302 1003 844 400 149 53 296 47 165 710 779 289 23198 102
leaf_count=3664 323 316 4017 437 1111 54 210 404 941 306 155 51 147 55 151 376 1302 1003 844 400 149 53 296 47 165 710 779 289 23198 102
internal_value=0.000140887 0.000196492 -0.00145973 0.000388379 0.00175922 0.00101582 0.000152235 -0.0019219 -0.00231236 -0.00107766 -7.42052e-05 0.00210496 -0.00553221 0.00298136 0.00263416 0.00492603 0.00154511 0.00222086 -3.59609e-06 0.00892461 0.00480703 -0.00337621 -0.00230583 0.000308642 -0.0114679 -0.000596421 0.00678454 -0.00693277 0.000142783 -0.00173925
internal_weight=42055 41732 4333 37399 9436 8220 6733 3265 3211 2807 27963 3468 357 3111 3056 1487 2605 2454 27808 451 1451 1866 1648 1053 218 1006 1216 595 26964 3766
internal_count=42055 41732 4333 37399 9436 8220 6733 3265 3211 2807 27963 3468 357 3111 3056 1487 2605 2454 27808 451 1451 1866 1648 1053 218 1006 1216 595 26964 3766
is_linear=0
shrinkage=0.05


Tree=53
num_leaves=31
num_cat=0
split_feature=6 10 3 15 3 1 16 10 10 10 11 10 6 3 16 16 10 14 14 10 3 14 14 14 11 14 11 15 10 14
split_gain=6.24346 4.9619 4.86947 5.20033 4.13354 3.9842 4.94326 3.95913 6.10395 3.94813 9.37698 5.49337 3.71782 3.40096 3.36553 3.78487 3.28869 4.61034 11.9432 7.95971 6.42225 5.33013 4.87583 7.57868 9.16423 8.30753 7.89674 7.8838 7.8567 7.84309
threshold=0.69139520713633884 0.020919709791490718 -0.0030403352174478422 0.016565698961578893 0.0056260798940919185 0.081838732114467364 0.037643750793388782 0.010212906219511321 0.0092344567550487495 0.0038763906562415689 0.011258246929470419 0.0069016161963192388 2.9168668194448788 -0.0079869743773298123 0.019560981364953881 -0.0090851979491817763 0.025743620792394565 -0.098691693357393515 -0.093449770795740669 0.014457964096994848 0.0065617648559278549 -0.081825770158787711 -0.0059106162699663059 -0.037374592254897913 0.026101750474282651 -0.03897851358283843 0.030456421062291409 -0.00071301365217529822 0.00097855070405028521 -0.026973540467474796
decision_type=2 2 2 2 2 2 2 2 2 2 2 2 2 2 2 2 2 2 2 2 2 2 2 2 2 2 2 2 2 2
left_child=2 4 3 7 13 6 16 8 -1 10 -8 -11 -6 -2 15 -9 17 20 -19 22 -4 -21 23 25 28 27 -27 -20 29 -25
right_child=1 -3 5 -5 12 -7 9 14 -10 11 -12 -13 -14 -15 -16 -17 -18 18 19 21 -22 -23 -24 24 -26 26 -28 -29 -30 -31
leaf_value=-6.2628132413540755e-06 -6.998451014054992e-05 -0.00040378579477675226 1.1744460092554324e-05 -0.00031894339991496911 -4.7764743097384291e-05 -7.4635107169389322e-05 1.7759520944216372e-06 8.4556544398250012e-05 0.00022243741535482952 -0.00016251023777874479 0.00021078302928100425 0.0001189691464867764 -0.00028177881993607205 3.7504734270258584e-06 0.00027430048839879444 -0.00012909916130749512 0.00020342695229066742 0.00016221756747104583 -5.6740323200807442e-05 -0.00027480984165760769 -0.00019961804130241986 0.00013657129086584393 2.6110819040244917e-05 -0.00018658870494362833 6.1248364129063999e-05 0.00017261429894030708 -0.00016038627879040221 3.5795634362002521e-05 -6.570783045252581e-05 4.420422956745974e-05
leaf_weight=8128 1320 133 783 131 1437 571 232 82 121 76 246 62 323 5096 47 375 114 214 1271 44 437 540 10874 326 819 342 74 3071 3254 1391
leaf_count=8128 1320 133 783 131 1437 571 232 82 121 76 246 62 323 5096 47 375 114 214 1271 44 437 540 10874 326 819 342 74 3071 3254 1391
internal_value=9.30033e-05 -0.00113431 0.000396283 -0.000607834 -0.000978474 0.000756841 0.000854365 -0.000459842 -0.000196994 0.00527597 0.00742678 -0.00217391 -0.003125 -0.000389651 -0.0047619 -0.00607221 0.000738728 0.000697526 0.000861836 0.000747523 -0.00229508 0.00650685 0.000590514 -0.000175389 -0.00139033 0.00130307 0.00805288 0.00065638 -0.00219775 0.00053873
internal_weight=41934 8309 33625 8884 8176 24741 24170 8753 8249 616 478 138 1760 6416 504 457 23554 23440 22220 22006 1220 584 21422 10548 5790 4758 416 4342 4971 1717
internal_count=41934 8309 33625 8884 8176 24741 24170 8753 8249 616 478 138 1760 6416 504 457 23554 23440 22220 22006 1220 584 21422 10548 5790 4758 416 4342 4971 1717
is_linear=0
shrinkage=0.05


Tree=54
num_leaves=31
num_cat=0
split_feature=4 6 3 6 13 14 12 13 16 16 14 12 11 8 13 16 12 13 16 16 13 13 14 12 13 1 13 12 10 15
split_gain=6.71993 5.0668 4.77396 5.20861 4.59798 6.11614 4.12932 9.54956 7.49854 9.97812 5.96569 7.47355 4.58326 4.5241 4.59252 6.81173 5.71117 5.45664 5.31892 5.00213 3.91784 3.88006 3.88002 6.43689 4.98401 4.25935 4.09113 8.12909 6.95071 7.02058
threshold=0.033921444378327427 0.4584670099599622 -0.0030403352174478422 3.2207846638993005 30.345000267028812 -0.098691693357393515 -0.0039943818994799254 21.724999427795414 0.019366013425729526 0.023397377542890511 -0.075454415356713087 0.043947964103387645 0.021459813769517781 0.2065254335094521 20.659999847412113 -0.026943830130190301 -0.067575667738432196 28.970000267028812 0.015996721924504635 0.0072125038588334309 28.970000267028812 19.23499965667725 0.23397195059943568 -0.0075921300584320664 24.855000495910648 -0.0080530676316982169 17.180000305175785 -0.036853049265853803 0.019174566984400902 -0.0090192546156499503
decision_type=2 2 2 2 2 2 2 2 2 2 2 2 2 8 2 2 2 2 2 2 2 2 2 2 2 2 2 2 2 2
left_child=2 4 6 22 20 -6 8 10 12 -10 11 -8 13 14 18 17 -17 -16 21 -18 -2 -1 24 -24 26 -25 27 -4 29 -29
right_child=1 -3 3 -5 5 -7 7 -9 9 -11 -12 -13 -14 -15 15 16 19 -19 -20 -21 -22 -23 23 25 -26 -27 -28 28 -30 -31
leaf_value=-1.2234770224230953e-05 -2.0434852482673768e-05 -0.00016163259147975738 0.0002019970126009397 -0.00011292033573445057 -0.00028024858117869586 0.00023737533463300396 0.00016179004459211506 0.0002145383373482704 -0.00034957799937235739 3.3593388391814039e-05 -1.114160098747213e-05 -0.00047627237778377857 0.00016508619993127572 8.6105204503723109e-05 0.00013512098080425156 0.00017417854774025984 -0.00024741740643921095 -0.00022935561154057289 -0.00025877558145112725 1.4064028137627302e-05 -0.0003339334878455236 9.0769047406024864e-05 -0.00059204719316387916 0.0001492814988546675 9.6407506492070819e-05 -0.00020457226843237955 -1.7611183825051378e-06 7.9586662775649189e-05 0.00015905871255331939 1.1307767654278779e-05
leaf_weight=795 4358 1501 184 416 47 254 234 183 162 92 6489 43 91 205 160 49 528 104 73 99 104 210 72 62 606 40 8541 1044 154 15108
leaf_count=795 4358 1501 184 416 47 254 234 183 162 92 6489 43 91 205 160 49 528 104 73 99 104 210 72 62 606 40 8541 1044 154 15108
internal_value=0.000129737 -0.00138091 0.000394472 0.000742555 -0.000582616 0.00539867 -0.000564779 6.83552e-05 -0.00227804 -0.0104331 -0.000236477 0.00694946 -0.00138289 -0.00183311 -0.00255203 -0.00510638 -0.00776627 0.00170455 -0.000324675 -0.00905104 -0.000986105 0.000621891 0.00083201 -0.0066092 0.000882514 0.00147059 0.00077404 0.00123408 0.00111615 0.00101535
internal_weight=42008 6264 35744 26227 4763 301 9517 6949 2568 254 6766 277 2314 2223 2018 940 676 264 1078 627 4462 1005 25811 174 25637 102 25031 16490 16306 16152
internal_count=42008 6264 35744 26227 4763 301 9517 6949 2568 254 6766 277 2314 2223 2018 940 676 264 1078 627 4462 1005 25811 174 25637 102 25031 16490 16306 16152
is_linear=0
shrinkage=0.05


Tree=55
num_leaves=31
num_cat=0
split_feature=6 16 16 12 12 14 9 3 14 12 16 15 14 12 10 12 15 16 14 12 12 10 15 15 12 12 12 9 14 1
split_gain=6.79857 4.72834 9.50094 9.85569 7.55657 9.51353 10.5626 8.90976 7.54743 7.47836 6.99547 6.87331 6.77416 6.34105 9.98491 8.39567 12.4263 6.42907 7.10822 5.98795 5.95587 5.91516 5.27456 6.72218 5.82986 7.74177 6.21053 7.2815 5.14292 5.36893
threshold=0.69139520713633884 -0.01807387999690396 -0.021346404193649911 0.057873596393828615 -0.038043890036369758 0.23397195059943568 -0.20252424115145892 0.00072231287807544853 0.16071726291299396 -0.052281388412141021 -0.032859713310808274 -0.0035418166103749478 -0.0092544987085180757 -0.0060576129661007996 -0.0064885643523325811 0.018300585025284647 -0.0031826634998994292 -0.026943830130190301 -0.043478201036805324 -0.023427977904983906 0.10123019596275297 -0.0018123893917819098 -0.023335291911129871 -0.016734153112314628 -0.025840805569586341 -0.025044088341744538 -0.023427977904983906 0.12843439051505637 0.13936216153879713 -0.013846820466818619
decision_type=2 2 2 2 2 2 10 2 2 2 2 2 2 2 2 2 2 2 2 2 2 2 2 2 2 2 2 8 2 2
left_child=1 2 3 9 5 6 -3 -8 20 10 -1 12 -4 17 -15 16 -16 18 -11 -19 22 -22 -6 -24 -25 -26 27 -27 29 -28
right_child=-2 4 11 -5 8 -7 7 -9 -10 13 -12 -13 -14 14 15 -17 -18 19 -20 -21 21 -23 23 24 25 26 28 -29 -30 -31
leaf_value=-4.3630950475253855e-05 -2.6503285593848253e-05 -0.00016692641403424728 0.0001520869823959294 0.00014917485115033713 0.0005429888824115967 -0.0010191377517720698 -7.5454460714195634e-05 0.00010415618250030875 0.00019083911645591961 0.00021139286042727085 0.00019706165389896877 0.00022763630845217916 -3.9622099875714369e-05 0.00015223142162580777 0.00011243493822713701 -0.00015371777622308461 -0.00014346051279049828 -3.8653565951703427e-05 -5.5161718616249808e-05 -0.00039957029848596649 -0.00058171548127146453 -5.6696788760945629e-06 -0.00013300709899333421 7.0962381499390431e-05 -0.0002785983320703755 0.00020741410347588753 -1.7686540328087313e-05 -0.00010745449416917465 -0.00020004218434628226 1.3563146096236441e-05
leaf_weight=144 8404 663 220 397 46 51 643 652 281 110 263 496 402 284 539 537 245 251 492 261 127 195 249 1685 119 136 6109 73 159 17791
leaf_count=144 8404 663 220 397 46 51 643 652 281 110 263 496 402 284 539 537 245 251 492 261 127 195 249 1685 119 136 6109 73 159 17791
internal_value=0.00017728 0.000495241 0.00197694 0.000702526 0.000257945 -0.00270035 -0.00214505 0.000482625 0.000478309 -0.000239923 0.00608108 0.00599284 0.00249196 -0.0011861 0.000825545 -0.00100303 0.00229592 -0.00408438 -0.000581395 -0.00820313 0.000392484 -0.00636646 0.000475026 0.000445462 0.00052355 0.000327018 0.000389402 0.00897129 0.000314851 0.000374477
internal_weight=42024 33620 4641 3523 28979 2009 1958 1295 26970 3126 407 1118 622 2719 1605 1321 784 1114 602 512 26689 322 26367 26321 26072 24387 24268 209 24059 23900
internal_count=42024 33620 4641 3523 28979 2009 1958 1295 26970 3126 407 1118 622 2719 1605 1321 784 1114 602 512 26689 322 26367 26321 26072 24387 24268 209 24059 23900
is_linear=0
shrinkage=0.05


Tree=56
num_leaves=31
num_cat=0
split_feature=15 10 11 5 4 13 13 10 14 11 11 11 3 6 6 15 8 14 11 10 10 10 13 13 13 13 10 14 14 11
split_gain=7.95128 6.81199 8.66753 5.06662 4.28083 4.50707 5.48002 7.75795 7.15272 13.8567 7.99929 8.42893 6.53404 5.51159 5.36185 5.10467 4.97588 4.73106 4.54281 14.0852 8.90271 13.9094 8.93154 8.58884 15.8337 8.36597 8.20312 10.9462 10.1435 11.0666
threshold=0.027809298544112186 -0.029463617054616639 -0.035697705395590577 0.036348666647424414 0.015629690682688373 12.555000305175783 13.744999885559084 -0.0077272822899705487 0.010891009150098998 0.021590263312926242 0.013609054079026685 0.0013310073142193126 0.0058462373454420966 -0.10048877020416436 -0.40696565700257942 0.003983922033995225 0.0054487181159365025 0.023650626144740231 -0.022310337551763478 0.00048358737476139618 0.0044246157034957276 0.0031820502402425403 13.894999980926515 27.365000724792484 25.505000114440922 21.295000076293949 -0.005759841654093655 0.23397195059943568 0.020730184888119289 -0.0076795989548182333
decision_type=2 2 2 2 2 2 2 2 2 2 2 2 2 2 2 2 8 2 2 2 2 2 2 2 2 2 2 2 2 2
left_child=1 2 -1 4 -3 17 7 -7 10 14 11 -9 16 15 -10 -13 -12 -6 19 -8 21 23 -22 24 25 -20 27 -27 29 -28
right_child=-2 3 -4 -5 5 6 18 8 9 -11 12 13 -14 -15 -16 -17 -18 -19 20 -21 22 -23 -24 -25 -26 26 28 -29 -30 -31
leaf_value=-0.00087453189446259178 -0.0005095069428452453 3.2155634271870824e-05 3.2402930754072033e-05 -0.00032629769723709973 -3.4149987904883625e-05 0.00028638796021368106 7.12124198965916e-05 -2.1119348682731667e-05 -0.00020484580798567337 0.00022283359377988062 6.1855341289268842e-05 9.444545256050343e-05 -0.00018989713579206148 6.1419503098878762e-05 -3.6935491213982519e-05 0.00018156318788153827 -3.1942755463972582e-05 -0.000227553216144671 -2.7802187108913815e-06 -8.4920735165443638e-05 -0.00015020837023393982 -0.00013004139309704191 2.3827852940192614e-05 -0.00030926185572841572 0.00036878169420563795 2.3296279934971401e-05 -0.00027852207679761033 -0.0007658993296375087 -0.00050114291501402028 9.5795095102107531e-05
leaf_weight=103 100 2805 93 327 1388 88 2526 556 355 177 538 581 200 661 597 360 618 134 15659 666 219 1769 9707 200 199 626 198 46 226 248
leaf_count=103 100 2805 93 327 1388 88 2526 556 355 177 538 581 200 661 597 360 618 134 15659 666 219 1769 9707 200 199 626 198 46 226 248
internal_value=8.22016e-05 0.000115835 -0.00918367 0.000159572 0.0002086 7.13507e-05 0.000180983 0.00177024 0.00149149 -0.00197077 0.00260387 0.0044949 -0.000405605 0.00633583 -0.00435924 0.00879384 0.00103806 -0.00259527 -5.18753e-05 0.00173872 -0.000248307 -0.000877628 0.000967157 -0.000448224 -0.00032845 -0.00049256 -0.00427827 -0.000372024 -0.00818452 -0.00381166
internal_weight=41970 41870 196 41674 41347 38542 37020 4731 4643 1129 3514 2158 1356 1602 952 941 1156 1522 32289 3192 29097 19171 9926 17402 17202 17003 1344 672 672 446
internal_count=41970 41870 196 41674 41347 38542 37020 4731 4643 1129 3514 2158 1356 1602 952 941 1156 1522 32289 3192 29097 19171 9926 17402 17202 17003 1344 672 672 446
is_linear=0
shrinkage=0.05


Tree=57
num_leaves=31
num_cat=0
split_feature=3 16 15 16 10 10 13 11 13 13 16 1 11 15 15 11 13 0 3 15 13 11 11 1 11 15 9 10 13 13
split_gain=6.04134 6.01264 11.3752 9.51329 8.51666 8.35264 6.79115 7.02019 5.2333 5.71647 5.30774 5.15787 4.7808 4.59597 5.24521 5.45957 4.49295 5.92539 5.97274 4.43546 4.38593 5.18952 6.31027 4.13054 4.01391 3.78656 4.05918 4.00357 3.64576 3.89729
threshold=-0.0079869743773298123 -0.01807387999690396 0.0053505664873754197 -0.018296413819206877 -0.0056282491919848457 -0.023232584216571036 22.330000877380375 -0.020756034341227022 14.244999885559084 22.625000000000004 -0.032859713310808274 -0.015261351523182474 -0.030384462612199011 -0.0078558872994958766 -0.0062502040344444279 1.0000000180025095e-35 16.164999961853031 0.0050392097653270138 -0.00040160887317552957 0.016565698961578893 22.429999351501468 -0.025492128925019227 -0.0076795989548182333 0.069439541442441591 0.0033857375272920991 -0.027735298513383463 0.046762123421381536 0.0075908918086284869 15.400000095367433 15.144999980926515
decision_type=2 2 2 2 2 2 2 2 2 2 2 2 2 2 2 2 2 2 2 2 2 2 2 2 2 2 8 2 2 2
left_child=19 2 3 4 8 -3 16 12 -2 20 -11 13 -8 -7 15 -15 24 18 25 -1 21 -10 -23 -13 28 -18 27 -27 29 -6
right_child=1 5 -4 -5 6 11 7 -9 9 10 -12 23 -14 14 -16 -17 17 -19 -20 -21 -22 22 -24 -25 -26 26 -28 -29 -30 -31
leaf_value=-3.3498171365073556e-05 0.00032018011142560354 -0.00080002615429813776 0.00012399531381405857 0.00018581378075912679 -0.00013183080660307943 3.6944244805898925e-05 -0.00014131217130911421 -0.00025351268204303111 -7.4573799544021789e-05 2.7593970484900167e-05 0.00019336878807810245 1.062909096862096e-05 0.00022098573113612532 -0.00037350955917588512 -2.5209362005077646e-05 -2.5303552512966068e-05 -0.00065290809758896057 -8.934262694571408e-05 0.00012641483763464617 -0.00069804180696849164 -0.00051500834598502303 0.00012199534158572265 -0.00011530412018479417 -4.1544490108309189e-05 4.0712951700227522e-05 2.7770490752802857e-05 -4.481789859649855e-05 0.0003311070259411072 -0.00040478622927144338 0.00021420256186351338
leaf_weight=4107 52 51 735 183 280 1118 48 239 207 308 296 22838 66 129 6505 155 44 333 680 111 53 319 185 1701 258 270 324 48 135 51
leaf_count=4107 52 51 735 183 280 1118 48 239 207 308 296 22838 66 129 6505 155 44 333 680 111 53 319 185 1701 258 270 324 48 135 51
internal_value=0.000170336 0.000371567 0.00196519 0.000999087 0.000512393 0.00012078 -0.0010987 -0.0075779 0.00366197 0.00307018 0.0067053 0.000152561 0.00263158 -0.000958012 -0.00144719 -0.00809859 -0.000154767 0.00125074 0.00270864 -0.00162399 0.000196335 0.00123066 0.00396825 0.000510412 -0.00345304 -0.00058309 0.000389408 0.00440252 -0.00622318 -0.00339879
internal_weight=41829 37611 5114 4379 4196 32497 2776 353 1420 1368 604 32446 114 7907 6789 284 2423 1699 1366 4218 764 711 504 24539 724 686 642 318 466 331
internal_count=41829 37611 5114 4379 4196 32497 2776 353 1420 1368 604 32446 114 7907 6789 284 2423 1699 1366 4218 764 711 504 24539 724 686 642 318 466 331
is_linear=0
shrinkage=0.05


Tree=58
num_leaves=31
num_cat=0
split_feature=15 5 14 9 10 12 12 10 11 12 15 13 15 10 7 15 10 10 11 1 12 14 14 12 13 13 15 11 11 12
split_gain=5.78979 4.58387 5.08296 4.5931 5.00984 5.03086 5.29075 4.82409 7.52114 6.78906 6.60585 5.82742 5.24079 5.18436 4.74796 4.96375 4.61602 4.17672 5.5138 3.85248 3.75799 6.98915 10.7929 6.09405 4.4411 6.11589 9.83987 5.97292 13.5049 4.70517
threshold=0.027809298544112186 0.017179154202195377 0.23397195059943568 0.25081224727960733 0.0097813689892826145 0.12951747904648439 0.12384637745116912 0.0059300727416714558 -0.0046605807327330098 0.04833072164899422 0.003937687934796986 18.94999980926514 -0.014009057219614316 0.0056730021895266 0.012395633064945956 0.00050520489011918201 0.0057448348094064636 -0.029463617054616639 -0.021243764887310997 0.072320401524333958 0.038546138655022773 -0.056925165822572281 -0.037374592254897913 0.037030604996718515 12.84500026702881 13.795000076293947 0.0081357429733047732 0.0036681658206255689 0.0015109645581827815 0.032816284988903439
decision_type=2 2 2 8 2 2 2 2 2 2 2 2 2 2 2 2 2 2 2 2 2 2 2 2 2 2 2 2 2 2
left_child=1 20 3 4 5 6 7 13 11 12 -11 -9 -10 -3 15 -6 -15 -4 -19 -5 23 -22 -23 24 -1 26 27 28 29 -26
right_child=-2 2 17 19 14 -7 -8 8 9 10 -12 -13 -14 16 -16 -17 -18 18 -20 -21 21 22 -24 -25 25 -27 -28 -29 -30 -31
leaf_value=-4.7940710991613381e-05 -0.0002897476767216037 -2.9033695430059383e-06 -0.00080210551586104193 -4.8663101109278683e-05 -0.00024909130402285442 0.00021120718718254462 -0.00046329025614187983 2.608931500632807e-05 0.0003890402627680211 -0.00046999637873021329 9.7650321441696355e-05 -0.00060290033352452361 -2.1836978838481094e-05 0.00035489431052375641 -1.5964245419111677e-05 0.00016584387572625886 5.4391362433036092e-05 0.00020301161628989299 -0.00038409848862381809 -0.00025568328932158317 -6.3300442096782177e-05 0.00010103853311707089 1.934585480698149e-05 -7.5566499106878752e-05 2.2263713189093669e-05 3.9963763533712449e-06 -0.00012542623291083907 0.0001022124580728928 -0.00029564262305729005 0.00026908045584613248
leaf_weight=963 107 7489 69 1887 80 78 108 66 78 204 89 151 927 60 585 800 92 57 69 230 647 866 5257 700 274 18377 213 1322 88 40
leaf_count=963 107 7489 69 1887 80 78 108 66 78 204 89 151 927 60 585 800 92 57 69 230 647 866 5257 700 274 18377 213 1322 88 40
internal_value=0.000167369 0.000197057 -0.000577407 -0.000456515 -3.93264e-05 -0.000465639 -0.000572107 -0.000442333 -0.0030198 -0.00157935 -0.00827645 -0.0116359 0.000373134 6.87083e-05 0.00267918 0.005 0.00921053 -0.00858974 -0.0031746 -0.00258621 0.000550492 0.0015805 0.00210273 0.000233198 0.000384218 0.000541498 0.00321373 0.00446636 -0.000870647 0.00398089
internal_weight=41973 41866 13119 12924 10807 9342 9264 9156 1515 1298 293 217 1005 7641 1465 880 152 195 126 2117 28747 6770 6123 21977 21277 20314 1937 1724 402 314
internal_count=41973 41866 13119 12924 10807 9342 9264 9156 1515 1298 293 217 1005 7641 1465 880 152 195 126 2117 28747 6770 6123 21977 21277 20314 1937 1724 402 314
is_linear=0
shrinkage=0.05


end of trees

feature_importances:
vix_level=264
spy_ret_5d=218
sector_ret_1d=216
vix_chg_1d=211
spy_ret_1d=203
spy_ret_20d=198
sector_ret_5d=177
parkinson_20=62
overnight_gap=49
atr_pct=49
dvol_z_20=38
dist_ma200=33
dist_ma50=30
ret_5d=14
ret_1d=5
dist_ma20=2
ret_20d=1

parameters:
[boosting: gbdt]
[objective: quantile]
[metric: quantile]
[tree_learner: serial]
[device_type: cpu]
[data_sample_strategy: bagging]
[data: ]
[valid: ]
[num_iterations: 120]
[learning_rate: 0.05]
[num_leaves: 31]
[num_threads: -1]
[seed: 0]
[deterministic: 0]
[force_col_wise: 1]
[force_row_wise: 0]
[histogram_pool_size: -1]
[max_depth: -1]
[min_data_in_leaf: 40]
[min_sum_hessian_in_leaf: 0.001]
[bagging_fraction: 0.85]
[pos_bagging_fraction: 1]
[neg_bagging_fraction: 1]
[bagging_freq: 1]
[bagging_seed: 3]
[bagging_by_query: 0]
[feature_fraction: 0.85]
[feature_fraction_bynode: 1]
[feature_fraction_seed: 2]
[extra_trees: 0]
[extra_seed: 6]
[early_stopping_round: 0]
[early_stopping_min_delta: 0]
[first_metric_only: 0]
[max_delta_step: 0]
[lambda_l1: 0]
[lambda_l2: 0]
[linear_lambda: 0]
[min_gain_to_split: 0]
[drop_rate: 0.1]
[max_drop: 50]
[skip_drop: 0.5]
[xgboost_dart_mode: 0]
[uniform_drop: 0]
[drop_seed: 4]
[top_rate: 0.2]
[other_rate: 0.1]
[min_data_per_group: 100]
[max_cat_threshold: 32]
[cat_l2: 10]
[cat_smooth: 10]
[max_cat_to_onehot: 4]
[top_k: 20]
[monotone_constraints: ]
[monotone_constraints_method: basic]
[monotone_penalty: 0]
[feature_contri: ]
[forcedsplits_filename: ]
[refit_decay_rate: 0.9]
[cegb_tradeoff: 1]
[cegb_penalty_split: 0]
[cegb_penalty_feature_lazy: ]
[cegb_penalty_feature_coupled: ]
[path_smooth: 0]
[interaction_constraints: ]
[verbosity: -1]
[saved_feature_importance_type: 0]
[use_quantized_grad: 0]
[num_grad_quant_bins: 4]
[quant_train_renew_leaf: 0]
[stochastic_rounding: 1]
[linear_tree: 0]
[max_bin: 255]
[max_bin_by_feature: ]
[min_data_in_bin: 3]
[bin_construct_sample_cnt: 200000]
[data_random_seed: 1]
[is_enable_sparse: 1]
[enable_bundle: 1]
[use_missing: 1]
[zero_as_missing: 0]
[feature_pre_filter: 1]
[pre_partition: 0]
[two_round: 0]
[header: 0]
[label_column: ]
[weight_column: ]
[group_column: ]
[ignore_column: ]
[categorical_feature: ]
[forcedbins_filename: ]
[precise_float_parser: 0]
[parser_config_file: ]
[objective_seed: 5]
[num_class: 1]
[is_unbalance: 0]
[scale_pos_weight: 1]
[sigmoid: 1]
[boost_from_average: 1]
[reg_sqrt: 0]
[alpha: 0.5]
[fair_c: 1]
[poisson_max_delta_step: 0.7]
[tweedie_variance_power: 1.5]
[lambdarank_truncation_level: 30]
[lambdarank_norm: 1]
[label_gain: ]
[lambdarank_position_bias_regularization: 0]
[eval_at: ]
[multi_error_top_k: 1]
[auc_mu_weights: ]
[num_machines: 1]
[local_listen_port: 12400]
[time_out: 120]
[machine_list_filename: ]
[machines: ]
[gpu_platform_id: -1]
[gpu_device_id: -1]
[gpu_device_id_list: ]
[gpu_use_dp: 0]
[num_gpu: 1]

end of parameters

pandas_categorical:[]
